symbol,exp,entry_time,exit_time,entry,exit,notional,pnl,r_mult,exit_side,bars_held,regime
ATOMUSDT,rnd310051,2024-01-03T12:00:00+00:00,2024-01-03T12:00:00+00:00,10.9211791,10.2881442457,20.0,-1.1593,,stop,0,صاعد
ATOMUSDT,rnd310051,2024-01-03T20:00:00+00:00,2024-01-08T00:00:00+00:00,9.9749506,9.26337051429,20.0,-1.4267,,stop,25,صاعد
ATOMUSDT,rnd310051,2024-01-08T08:00:00+00:00,2024-01-12T20:00:00+00:00,9.3190991,9.7283367,20.0,0.8783,,stop,27,صاعد
ATOMUSDT,rnd310051,2024-01-13T00:00:00+00:00,2024-01-23T08:00:00+00:00,9.9769532,8.90536116084,20.0,-2.1481,,stop,62,عرضي
ATOMUSDT,rnd310051,2024-01-23T16:00:00+00:00,2024-02-21T08:00:00+00:00,9.1058222,9.80894605714,20.0,1.5443,,stop,172,عرضي
ATOMUSDT,rnd310051,2024-02-21T12:00:00+00:00,2024-02-28T16:00:00+00:00,9.882831,10.6779577286,20.0,1.6091,,stop,43,صاعد
ATOMUSDT,rnd310051,2024-02-29T04:00:00+00:00,2024-03-05T16:00:00+00:00,11.4358473,11.3896028143,20.0,-0.0809,,stop,33,صاعد
ATOMUSDT,rnd310051,2024-03-05T20:00:00+00:00,2024-03-15T00:00:00+00:00,11.4408538,12.5121416143,20.0,1.8727,,stop,55,صاعد
ATOMUSDT,rnd310051,2024-03-15T04:00:00+00:00,2024-03-17T04:00:00+00:00,12.8727128,11.5400126841,20.0,-2.0706,,stop,12,صاعد
ATOMUSDT,rnd310051,2024-03-17T12:00:00+00:00,2024-03-19T04:00:00+00:00,12.1327521,10.8418536294,20.0,-2.128,,stop,10,صاعد
ATOMUSDT,rnd310051,2024-03-19T16:00:00+00:00,2024-04-02T00:00:00+00:00,11.4408538,11.3403811714,20.0,-0.1756,,stop,80,صاعد
ATOMUSDT,rnd310051,2024-04-02T12:00:00+00:00,2024-04-12T16:00:00+00:00,11.0143,10.3101650529,20.0,-1.2786,,stop,61,صاعد
ATOMUSDT,rnd310051,2024-04-13T04:00:00+00:00,2024-04-13T16:00:00+00:00,9.1759132,8.34237542355,20.0,-1.8168,,stop,3,عرضي
ATOMUSDT,rnd310051,2024-04-14T04:00:00+00:00,2024-06-07T16:00:00+00:00,8.0174091,7.66131304286,20.0,-0.8883,,stop,327,عرضي
ATOMUSDT,rnd310051,2024-06-08T00:00:00+00:00,2024-06-11T00:00:00+00:00,8.1125326,7.60495471833,20.0,-1.2513,,stop,18,هابط
ATOMUSDT,rnd310051,2024-06-11T08:00:00+00:00,2024-06-14T12:00:00+00:00,7.6649515,7.25550706305,20.0,-1.0684,,stop,19,هابط
ATOMUSDT,rnd310051,2024-06-14T20:00:00+00:00,2024-06-18T00:00:00+00:00,7.0321299,6.59301211327,20.0,-1.2489,,stop,19,هابط
ATOMUSDT,rnd310051,2024-06-18T04:00:00+00:00,2024-06-24T08:00:00+00:00,6.5444968,6.36500044286,20.0,-0.5485,,stop,37,هابط
ATOMUSDT,rnd310051,2024-06-24T12:00:00+00:00,2024-06-29T12:00:00+00:00,6.6536385,6.711264,20.0,0.1732,,stop,30,هابط
ATOMUSDT,rnd310051,2024-06-29T16:00:00+00:00,2024-07-03T12:00:00+00:00,6.7477607,6.46529845714,20.0,-0.8372,,stop,23,هابط
ATOMUSDT,rnd310051,2024-07-04T04:00:00+00:00,2024-07-04T12:00:00+00:00,6.3172017,5.99992735565,20.0,-1.0045,,stop,2,هابط
ATOMUSDT,rnd310051,2024-07-04T20:00:00+00:00,2024-07-05T00:00:00+00:00,6.1870327,5.82569943249,20.0,-1.168,,stop,1,هابط
ATOMUSDT,rnd310051,2024-07-05T16:00:00+00:00,2024-07-25T00:00:00+00:00,5.5942631,5.80458707143,20.0,0.7519,,stop,116,هابط
ATOMUSDT,rnd310051,2024-07-25T08:00:00+00:00,2024-07-31T16:00:00+00:00,5.857605,5.87107195714,20.0,0.046,,stop,38,هابط
ATOMUSDT,rnd310051,2024-07-31T20:00:00+00:00,2024-08-01T16:00:00+00:00,5.8746271,5.58913747763,20.0,-0.9719,,stop,5,هابط
ATOMUSDT,rnd310051,2024-08-01T20:00:00+00:00,2024-08-02T12:00:00+00:00,5.6583463,5.35374535714,20.0,-1.0766,,stop,4,هابط
ATOMUSDT,rnd310051,2024-08-02T20:00:00+00:00,2024-08-03T16:00:00+00:00,5.3909992,5.00733832961,20.0,-1.4233,,stop,5,هابط
ATOMUSDT,rnd310051,2024-08-04T08:00:00+00:00,2024-08-05T00:00:00+00:00,5.1316625,4.75939580304,20.0,-1.4509,,stop,4,هابط
ATOMUSDT,rnd310051,2024-08-05T08:00:00+00:00,2024-08-27T20:00:00+00:00,4.5338864,4.56748311429,20.0,0.1482,,stop,135,هابط
ATOMUSDT,rnd310051,2024-08-28T16:00:00+00:00,2024-09-03T16:00:00+00:00,4.5999722,4.22572161114,20.0,-1.6272,,stop,36,هابط
ATOMUSDT,rnd310051,2024-09-04T12:00:00+00:00,2024-09-06T16:00:00+00:00,4.0172156,3.75179620186,20.0,-1.3214,,stop,13,هابط
ATOMUSDT,rnd310051,2024-09-08T00:00:00+00:00,2024-09-30T12:00:00+00:00,3.6757723,4.80959652857,20.0,6.1692,,stop,135,هابط
ATOMUSDT,rnd310051,2024-09-30T16:00:00+00:00,2024-10-01T12:00:00+00:00,4.80624,4.510368888,20.0,-1.2312,,stop,5,عرضي
ATOMUSDT,rnd310051,2024-10-01T16:00:00+00:00,2024-10-09T16:00:00+00:00,4.5709345,4.24690041429,20.0,-1.4178,,stop,48,عرضي
ATOMUSDT,rnd310051,2024-10-09T20:00:00+00:00,2024-10-22T08:00:00+00:00,4.2575276,4.79704144286,20.0,2.5344,,stop,75,هابط
ATOMUSDT,rnd310051,2024-10-22T12:00:00+00:00,2024-10-25T20:00:00+00:00,4.8002322,4.493668541,20.0,-1.2773,,stop,20,هابط
ATOMUSDT,rnd310051,2024-10-26T00:00:00+00:00,2024-11-01T20:00:00+00:00,4.4197382,4.10437165714,20.0,-1.4271,,stop,41,هابط
ATOMUSDT,rnd310051,2024-11-02T04:00:00+00:00,2024-11-03T00:00:00+00:00,4.1914418,3.96610058637,20.0,-1.0752,,stop,5,هابط
ATOMUSDT,rnd310051,2024-11-03T12:00:00+00:00,2024-11-10T20:00:00+00:00,4.0021961,5.20279898571,20.0,5.9997,,stop,44,هابط
ATOMUSDT,rnd310051,2024-11-11T00:00:00+00:00,2024-11-13T00:00:00+00:00,5.2758497,5.09322732857,20.0,-0.6923,,stop,12,هابط
ATOMUSDT,rnd310051,2024-11-13T12:00:00+00:00,2024-11-17T20:00:00+00:00,4.9904792,5.60655912857,20.0,2.469,,stop,26,عرضي
ATOMUSDT,rnd310051,2024-11-18T04:00:00+00:00,2024-11-24T12:00:00+00:00,6.0959144,8.51748428571,20.0,7.9449,,stop,38,عرضي
ATOMUSDT,rnd310051,2024-11-24T20:00:00+00:00,2024-12-09T20:00:00+00:00,8.3077861,8.18791328571,20.0,-0.2886,,stop,90,عرضي
ATOMUSDT,rnd310051,2024-12-10T00:00:00+00:00,2024-12-10T16:00:00+00:00,8.4039109,7.29031401226,20.0,-2.6502,,stop,4,صاعد
ATOMUSDT,rnd310051,2024-12-11T16:00:00+00:00,2024-12-19T12:00:00+00:00,8.5641189,7.17370950972,20.0,-3.2471,,stop,47,صاعد
ATOMUSDT,rnd310051,2024-12-19T20:00:00+00:00,2024-12-20T08:00:00+00:00,6.8268634,5.85673972758,20.0,-2.8421,,stop,3,صاعد
ATOMUSDT,rnd310051,2024-12-20T12:00:00+00:00,2025-01-13T08:00:00+00:00,5.8646141,6.05825687143,20.0,0.6604,,stop,143,صاعد
ATOMUSDT,rnd310051,2025-01-14T04:00:00+00:00,2025-01-19T08:00:00+00:00,6.2511159,6.3597216,20.0,0.3475,,stop,31,عرضي
ATOMUSDT,rnd310051,2025-01-19T16:00:00+00:00,2025-01-19T20:00:00+00:00,6.4643928,5.85980085722,20.0,-1.8705,,stop,1,عرضي
ATOMUSDT,rnd310051,2025-01-20T00:00:00+00:00,2025-02-02T16:00:00+00:00,5.9016622,5.42379702857,20.0,-1.6194,,stop,82,عرضي
ATOMUSDT,rnd310051,2025-02-02T20:00:00+00:00,2025-02-03T00:00:00+00:00,5.1576963,4.6143683841,20.0,-2.1069,,stop,1,عرضي
ATOMUSDT,rnd310051,2025-02-04T00:00:00+00:00,2025-03-04T00:00:00+00:00,4.9324038,3.97847505006,20.0,-3.868,,stop,168,هابط
ATOMUSDT,rnd310051,2025-03-04T04:00:00+00:00,2025-03-10T16:00:00+00:00,4.0893092,3.6971874,20.0,-1.9178,,stop,39,هابط
ATOMUSDT,rnd310051,2025-03-11T16:00:00+00:00,2025-03-29T08:00:00+00:00,3.7468646,4.38571971429,20.0,3.4101,,stop,106,هابط
ATOMUSDT,rnd310051,2025-03-29T16:00:00+00:00,2025-04-06T16:00:00+00:00,4.3606615,4.62654908571,20.0,1.2195,,stop,48,هابط
ATOMUSDT,rnd310051,2025-04-07T08:00:00+00:00,2025-04-15T20:00:00+00:00,4.0572676,3.97639538571,20.0,-0.3987,,stop,51,هابط
ATOMUSDT,rnd310051,2025-04-16T00:00:00+00:00,2025-04-30T12:00:00+00:00,3.985174,4.27500668571,20.0,1.4546,,stop,87,هابط
ATOMUSDT,rnd310051,2025-05-01T04:00:00+00:00,2025-05-03T16:00:00+00:00,4.3276186,4.1695725,20.0,-0.7304,,stop,15,هابط
ATOMUSDT,rnd310051,2025-05-04T04:00:00+00:00,2025-05-06T00:00:00+00:00,4.2134704,4.03821388848,20.0,-0.8319,,stop,11,هابط
ATOMUSDT,rnd310051,2025-05-07T08:00:00+00:00,2025-05-11T04:00:00+00:00,4.1373716,5.11163194286,20.0,4.7096,,stop,23,هابط
ATOMUSDT,rnd310051,2025-05-11T08:00:00+00:00,2025-05-15T12:00:00+00:00,5.1847314,4.78905184286,20.0,-1.5263,,stop,25,عرضي
ATOMUSDT,rnd310051,2025-05-16T00:00:00+00:00,2025-05-23T20:00:00+00:00,4.8723258,4.78149025714,20.0,-0.3729,,stop,47,عرضي
ATOMUSDT,rnd310051,2025-05-24T00:00:00+00:00,2025-05-30T00:00:00+00:00,4.7992309,4.42026279269,20.0,-1.5793,,stop,36,عرضي
ATOMUSDT,rnd310051,2025-05-30T08:00:00+00:00,2025-06-05T16:00:00+00:00,4.4577876,4.13419186898,20.0,-1.4518,,stop,38,عرضي
ATOMUSDT,rnd310051,2025-06-06T04:00:00+00:00,2025-06-12T20:00:00+00:00,4.1614028,4.2534633,20.0,0.4424,,stop,40,هابط
ATOMUSDT,rnd310051,2025-06-13T16:00:00+00:00,2025-06-20T16:00:00+00:00,4.1233534,3.87452798571,20.0,-1.2069,,stop,42,هابط
ATOMUSDT,rnd310051,2025-06-21T04:00:00+00:00,2025-06-21T20:00:00+00:00,3.9681519,3.78554571324,20.0,-0.9204,,stop,4,هابط
ATOMUSDT,rnd310051,2025-06-22T08:00:00+00:00,2025-06-22T20:00:00+00:00,3.7819101,3.57636192044,20.0,-1.087,,stop,3,هابط
ATOMUSDT,rnd310051,2025-06-23T00:00:00+00:00,2025-07-15T00:00:00+00:00,3.724836,4.46390365714,20.0,3.9683,,stop,132,هابط
ATOMUSDT,rnd310051,2025-07-15T04:00:00+00:00,2025-07-23T12:00:00+00:00,4.4788149,4.87836415714,20.0,1.7842,,stop,50,عرضي
ATOMUSDT,rnd310051,2025-07-24T16:00:00+00:00,2025-07-30T16:00:00+00:00,4.7531711,4.33253147757,20.0,-1.7699,,stop,36,عرضي
ATOMUSDT,rnd310051,2025-07-30T20:00:00+00:00,2025-08-01T20:00:00+00:00,4.4107265,4.06293780555,20.0,-1.577,,stop,12,عرضي
ATOMUSDT,rnd310051,2025-08-02T00:00:00+00:00,2025-08-15T12:00:00+00:00,4.145382,4.40854714286,20.0,1.2697,,stop,81,عرضي
ATOMUSDT,rnd310051,2025-08-16T20:00:00+00:00,2025-08-19T16:00:00+00:00,4.5629241,4.30610905714,20.0,-1.1257,,stop,17,عرضي
ATOMUSDT,rnd310051,2025-08-19T20:00:00+00:00,2025-08-25T04:00:00+00:00,4.3176056,4.5450837,20.0,1.0537,,stop,32,عرضي
ATOMUSDT,rnd310051,2025-08-25T08:00:00+00:00,2025-09-21T00:00:00+00:00,4.5569163,4.3533333,20.0,-0.8935,,stop,160,عرضي
ATOMUSDT,rnd310051,2025-09-21T04:00:00+00:00,2025-09-22T00:00:00+00:00,4.4818188,4.2844560427,20.0,-0.8807,,stop,5,عرضي
ATOMUSDT,rnd310051,2025-09-22T04:00:00+00:00,2025-09-22T04:00:00+00:00,4.3176056,4.13739855201,20.0,-0.8348,,stop,0,عرضي
ATOMUSDT,rnd310051,2025-09-22T16:00:00+00:00,2025-10-09T12:00:00+00:00,4.1293612,3.99522801429,20.0,-0.6497,,stop,101,عرضي
ATOMUSDT,rnd310051,2025-10-09T20:00:00+00:00,2025-10-10T16:00:00+00:00,4.0422481,3.86439831429,20.0,-0.88,,stop,5,هابط
ATOMUSDT,rnd310051,2025-10-10T20:00:00+00:00,2025-10-10T20:00:00+00:00,3.9200895,3.68083390151,20.0,-1.2207,,stop,0,هابط
ATOMUSDT,rnd310051,2025-10-11T20:00:00+00:00,2025-12-01T12:00:00+00:00,3.1520924,2.15072139417,20.0,-6.3537,,stop,304,هابط
ATOMUSDT,rnd310051,2025-12-01T20:00:00+00:00,2025-12-05T16:00:00+00:00,2.2158769,2.22624497143,20.0,0.0936,,stop,23,هابط
ATOMUSDT,rnd310051,2025-12-05T20:00:00+00:00,2025-12-11T00:00:00+00:00,2.1858379,2.2181127,20.0,0.2953,,stop,31,هابط
ATOMUSDT,rnd310051,2025-12-11T08:00:00+00:00,2025-12-15T16:00:00+00:00,2.1938483,2.03316602935,20.0,-1.4648,,stop,26,هابط
ATOMUSDT,rnd310051,2025-12-16T20:00:00+00:00,2025-12-18T00:00:00+00:00,2.0316377,1.91699949956,20.0,-1.1285,,stop,7,هابط
ATOMUSDT,rnd310051,2025-12-18T16:00:00+00:00,2025-12-18T16:00:00+00:00,1.962548,1.83551586617,20.0,-1.2946,,stop,0,هابط
ATOMUSDT,rnd310051,2025-12-19T08:00:00+00:00,2026-01-15T12:00:00+00:00,1.8834453,2.46436358571,20.0,6.1687,,stop,163,هابط
ATOMUSDT,rnd310051,2026-01-15T20:00:00+00:00,2026-01-19T00:00:00+00:00,2.483224,2.34651698571,20.0,-1.101,,stop,19,عرضي
ATOMUSDT,rnd310051,2026-01-19T04:00:00+00:00,2026-01-20T16:00:00+00:00,2.3891018,2.31227584286,20.0,-0.6431,,stop,9,عرضي
ATOMUSDT,rnd310051,2026-01-21T12:00:00+00:00,2026-01-27T08:00:00+00:00,2.3800901,2.19473323287,20.0,-1.5576,,stop,35,عرضي
ATOMUSDT,rnd310051,2026-01-27T16:00:00+00:00,2026-01-29T12:00:00+00:00,2.2158769,2.13507792857,20.0,-0.7293,,stop,11,هابط
ATOMUSDT,rnd310051,2026-01-29T16:00:00+00:00,2026-01-31T12:00:00+00:00,2.1067352,1.99164269424,20.0,-1.0926,,stop,11,هابط
ATOMUSDT,rnd310051,2026-01-31T20:00:00+00:00,2026-02-05T20:00:00+00:00,1.9164882,1.82904771429,20.0,-0.9125,,stop,30,هابط
ATOMUSDT,rnd310051,2026-02-06T00:00:00+00:00,2026-02-23T00:00:00+00:00,1.8213647,2.18144614286,20.0,3.954,,stop,102,هابط
ATOMUSDT,rnd310051,2026-02-24T12:00:00+00:00,2026-02-26T08:00:00+00:00,2.0376455,1.9155066,20.0,-1.1988,,stop,11,عرضي
ATOMUSDT,rnd310051,2026-02-26T16:00:00+00:00,2026-03-08T20:00:00+00:00,1.8744336,1.71862505061,20.0,-1.6625,,stop,61,عرضي
ATOMUSDT,rnd310051,2026-03-09T08:00:00+00:00,2026-03-18T12:00:00+00:00,1.7382568,1.91707598571,20.0,2.0575,,stop,55,هابط
ATOMUSDT,rnd310051,2026-03-18T20:00:00+00:00,2026-03-22T00:00:00+00:00,1.8804414,1.77991021904,20.0,-1.0692,,stop,19,هابط
ATOMUSDT,rnd310051,2026-03-22T08:00:00+00:00,2026-03-26T04:00:00+00:00,1.7813127,1.7227575,20.0,-0.6574,,stop,23,هابط
ATOMUSDT,rnd310051,2026-03-26T20:00:00+00:00,2026-03-29T16:00:00+00:00,1.6831853,1.6348719,20.0,-0.5741,,stop,17,هابط
ATOMUSDT,rnd310051,2026-03-30T00:00:00+00:00,2026-04-02T00:00:00+00:00,1.6491411,1.6588407,20.0,0.1176,,stop,18,هابط
ATOMUSDT,rnd310051,2026-04-02T04:00:00+00:00,2026-04-12T12:00:00+00:00,1.6371255,1.71847735714,20.0,0.9938,,stop,62,هابط
ATOMUSDT,rnd310051,2026-04-12T20:00:00+00:00,2026-04-18T16:00:00+00:00,1.7412607,1.77354852857,20.0,0.3709,,stop,35,هابط
ATOMUSDT,rnd310051,2026-04-19T04:00:00+00:00,2026-04-27T04:00:00+00:00,1.7753049,1.94404088571,20.0,1.9009,,stop,48,هابط
ATOMUSDT,rnd310051,2026-04-28T04:00:00+00:00,2026-04-29T12:00:00+00:00,1.9865792,1.9233612899,20.0,-0.6364,,stop,8,عرضي
ATOMUSDT,rnd310051,2026-04-30T04:00:00+00:00,2026-05-03T00:00:00+00:00,1.9184908,1.85393469053,20.0,-0.673,,stop,17,عرضي
ATOMUSDT,rnd310051,2026-05-04T12:00:00+00:00,2026-05-07T00:00:00+00:00,1.8794401,1.87969607143,20.0,0.0027,,stop,15,عرضي
ATOMUSDT,rnd310051,2026-05-07T08:00:00+00:00,2026-05-13T12:00:00+00:00,1.9435233,2.08485758571,20.0,1.4544,,stop,37,عرضي
ATOMUSDT,rnd310051,2026-05-13T20:00:00+00:00,2026-05-28T12:00:00+00:00,2.072691,2.00681631429,20.0,-0.6356,,stop,88,عرضي
ATOMUSDT,rnd310051,2026-05-29T04:00:00+00:00,2026-06-01T12:00:00+00:00,2.052665,1.9189171605,20.0,-1.3032,,stop,20,عرضي
ATOMUSDT,rnd310051,2026-06-01T20:00:00+00:00,2026-06-02T12:00:00+00:00,1.9234973,1.8312920928,20.0,-0.9587,,stop,4,عرضي
ATOMUSDT,rnd310051,2026-06-03T04:00:00+00:00,2026-06-04T08:00:00+00:00,1.822366,1.73459922857,20.0,-0.9632,,stop,7,عرضي
ATOMUSDT,rnd310051,2026-06-04T12:00:00+00:00,2026-06-05T16:00:00+00:00,1.7702984,1.61997540494,20.0,-1.6983,,stop,7,عرضي
ATOMUSDT,rnd310051,2026-06-06T04:00:00+00:00,2026-06-23T08:00:00+00:00,1.6281138,1.74187547143,20.0,1.3975,,stop,103,هابط
ATOMUSDT,rnd310051,2026-06-24T00:00:00+00:00,2026-06-24T12:00:00+00:00,1.7212347,1.63624766632,20.0,-0.9875,,stop,3,هابط
ATOMUSDT,rnd310051,2026-06-25T00:00:00+00:00,2026-06-25T12:00:00+00:00,1.6531463,1.56361095981,20.0,-1.0832,,stop,3,هابط
ATOMUSDT,rnd310051,2026-06-25T16:00:00+00:00,2026-06-29T12:00:00+00:00,1.6291151,1.5280189468,20.0,-1.2411,,stop,23,هابط
ATOMUSDT,rnd310051,2026-06-29T20:00:00+00:00,2026-07-14T00:00:00+00:00,1.5399994,1.5200214,20.0,-0.2595,,stop,85,هابط
ATOMUSDT,rnd310051,2026-07-14T12:00:00+00:00,2026-07-17T04:00:00+00:00,1.5349929,1.49519657143,20.0,-0.5185,,stop,16,هابط
ATOMUSDT,rnd310051,2026-07-17T12:00:00+00:00,2026-07-23T12:00:00+00:00,1.50195,1.44221553643,20.0,-0.7954,,stop,36,هابط
ATOMUSDT,rnd310051,2026-07-24T00:00:00+00:00,2026-07-24T12:00:00+00:00,1.4228473,1.37783949137,20.0,-0.6326,,stop,3,هابط
ATOMUSDT,rnd310051,2026-07-24T16:00:00+00:00,2026-07-27T12:00:00+00:00,1.3988161,1.3479543355,20.0,-0.7272,,stop,17,هابط
ATOMUSDT,rnd310051,2026-07-27T16:00:00+00:00,2026-07-27T20:00:00+00:00,1.3437446,1.30472482131,20.0,-0.5808,,stop,1,هابط
ATOMUSDT,rnd310051,2026-07-28T04:00:00+00:00,2026-07-31T00:00:00+00:00,1.3006887,1.25102453683,20.0,-0.7637,,stop,17,هابط
ATOMUSDT,rnd310051,2026-08-01T04:00:00+00:00,2026-08-14T16:00:00+00:00,1.2356042,1.4970513,20.0,4.2319,,stop,81,هابط
ATOMUSDT,rnd310051,2026-08-14T20:00:00+00:00,2026-08-17T20:00:00+00:00,1.491937,1.39957946404,20.0,-1.2381,,stop,18,هابط
ATOMUSDT,rnd310051,2026-08-18T00:00:00+00:00,2026-08-22T04:00:00+00:00,1.4168395,1.56667495714,20.0,2.1151,,stop,25,هابط
ATOMUSDT,rnd310051,2026-08-22T20:00:00+00:00,2026-08-28T16:00:00+00:00,1.6030813,1.45796918717,20.0,-1.8104,,stop,35,هابط
ATOMUSDT,rnd310051,2026-08-28T20:00:00+00:00,2026-08-30T20:00:00+00:00,1.4789201,1.4561046,20.0,-0.3085,,stop,12,عرضي
BTCUSDT,rnd310051,2024-01-22T20:00:00+00:00,2024-01-23T08:00:00+00:00,39872.076403,38727.334976,20.0,-0.5742,,stop,3,صاعد
BTCUSDT,rnd310051,2024-01-26T08:00:00+00:00,2024-02-13T16:00:00+00:00,40021.961,48295.7409536,20.0,4.1346,,stop,110,عرضي
BTCUSDT,rnd310051,2024-02-14T00:00:00+00:00,2024-02-28T20:00:00+00:00,49764.20948,60606.3919894,20.0,4.3574,,stop,89,صاعد
BTCUSDT,rnd310051,2024-03-04T00:00:00+00:00,2024-03-05T04:00:00+00:00,63196.018161,65944.2779906,20.0,0.8698,,stop,7,صاعد
BTCUSDT,rnd310051,2024-03-06T04:00:00+00:00,2024-03-17T04:00:00+00:00,63345.462186,64604.2109169,20.0,0.3974,,stop,66,صاعد
BTCUSDT,rnd310051,2024-03-17T16:00:00+00:00,2024-03-19T08:00:00+00:00,68053.865163,63270.9843876,20.0,-1.4056,,stop,10,صاعد
BTCUSDT,rnd310051,2024-03-22T20:00:00+00:00,2024-04-02T12:00:00+00:00,63949.967022,64561.2639634,20.0,0.1912,,stop,64,صاعد
BTCUSDT,rnd310051,2024-04-07T16:00:00+00:00,2024-04-09T12:00:00+00:00,69634.136849,69104.277501,20.0,-0.1522,,stop,11,صاعد
BTCUSDT,rnd310051,2024-04-10T12:00:00+00:00,2024-04-12T16:00:00+00:00,69132.7559,66543.7961739,20.0,-0.749,,stop,13,صاعد
BTCUSDT,rnd310051,2024-04-15T08:00:00+00:00,2024-04-16T08:00:00+00:00,66349.982992,61554.8075791,20.0,-1.4454,,stop,6,صاعد
BTCUSDT,rnd310051,2024-04-16T16:00:00+00:00,2024-04-30T16:00:00+00:00,61842.480847,60233.4075004,20.0,-0.5204,,stop,84,صاعد
BTCUSDT,rnd310051,2024-05-05T00:00:00+00:00,2024-05-08T20:00:00+00:00,63975.089639,61214.573178,20.0,-0.863,,stop,23,عرضي
BTCUSDT,rnd310051,2024-05-09T08:00:00+00:00,2024-05-23T12:00:00+00:00,61332.789108,68129.3394274,20.0,2.2163,,stop,85,عرضي
BTCUSDT,rnd310051,2024-05-25T00:00:00+00:00,2024-06-11T04:00:00+00:00,68639.104987,67348.7069991,20.0,-0.376,,stop,103,صاعد
BTCUSDT,rnd310051,2024-06-13T12:00:00+00:00,2024-06-18T00:00:00+00:00,67828.062,64931.3271123,20.0,-0.8541,,stop,27,صاعد
BTCUSDT,rnd310051,2024-06-21T08:00:00+00:00,2024-06-24T04:00:00+00:00,64285.092119,62470.6602621,20.0,-0.5645,,stop,17,عرضي
BTCUSDT,rnd310051,2024-07-04T16:00:00+00:00,2024-07-05T00:00:00+00:00,58215.582,55300.5156073,20.0,-1.0015,,stop,2,عرضي
BTCUSDT,rnd310051,2024-07-07T08:00:00+00:00,2024-07-08T00:00:00+00:00,57444.570987,54544.4298567,20.0,-1.0097,,stop,4,عرضي
BTCUSDT,rnd310051,2024-07-10T08:00:00+00:00,2024-07-25T12:00:00+00:00,59054.661387,63381.8977067,20.0,1.4655,,stop,91,عرضي
BTCUSDT,rnd310051,2024-07-29T20:00:00+00:00,2024-08-01T00:00:00+00:00,67390.543965,64383.559602,20.0,-0.8924,,stop,13,صاعد
BTCUSDT,rnd310051,2024-08-01T16:00:00+00:00,2024-08-02T20:00:00+00:00,62989.219672,61470.4101609,20.0,-0.4822,,stop,7,صاعد
BTCUSDT,rnd310051,2024-08-04T16:00:00+00:00,2024-08-05T00:00:00+00:00,59162.821813,55886.9509905,20.0,-1.1074,,stop,2,صاعد
BTCUSDT,rnd310051,2024-08-05T08:00:00+00:00,2024-09-01T12:00:00+00:00,52742.67646,57382.2630986,20.0,1.7593,,stop,163,صاعد
BTCUSDT,rnd310051,2024-09-03T12:00:00+00:00,2024-09-04T00:00:00+00:00,59148.803613,57070.6687401,20.0,-0.7027,,stop,3,عرضي
BTCUSDT,rnd310051,2024-09-06T04:00:00+00:00,2024-09-06T12:00:00+00:00,56661.574413,54003.0754595,20.0,-0.9384,,stop,2,عرضي
BTCUSDT,rnd310051,2024-09-12T00:00:00+00:00,2024-10-01T12:00:00+00:00,57412.5394,62473.4844669,20.0,1.763,,stop,117,عرضي
BTCUSDT,rnd310051,2024-10-09T12:00:00+00:00,2024-10-10T16:00:00+00:00,62280.849987,60199.4941322,20.0,-0.6684,,stop,7,صاعد
BTCUSDT,rnd310051,2024-10-12T04:00:00+00:00,2024-10-23T12:00:00+00:00,62649.3384,66063.4428746,20.0,1.0899,,stop,68,صاعد
BTCUSDT,rnd310051,2024-10-24T00:00:00+00:00,2024-10-25T20:00:00+00:00,66755.319245,65605.1451514,20.0,-0.3446,,stop,11,صاعد
BTCUSDT,rnd310051,2024-10-30T08:00:00+00:00,2024-10-31T20:00:00+00:00,72321.886387,69840.9499672,20.0,-0.6861,,stop,9,صاعد
BTCUSDT,rnd310051,2024-11-01T16:00:00+00:00,2024-11-04T20:00:00+00:00,69477.984114,66784.1980729,20.0,-0.7754,,stop,19,صاعد
BTCUSDT,rnd310051,2024-11-10T04:00:00+00:00,2024-11-12T08:00:00+00:00,77306.337761,86757.1032411,20.0,2.445,,stop,13,صاعد
BTCUSDT,rnd310051,2024-11-17T12:00:00+00:00,2024-11-25T20:00:00+00:00,90802.079447,93917.218689,20.0,0.6861,,stop,50,صاعد
BTCUSDT,rnd310051,2024-11-30T08:00:00+00:00,2024-12-03T12:00:00+00:00,96909.198394,93713.9723614,20.0,-0.6594,,stop,19,صاعد
BTCUSDT,rnd310051,2024-12-06T16:00:00+00:00,2024-12-19T16:00:00+00:00,99439.103,97464.2258631,20.0,-0.3972,,stop,78,صاعد
BTCUSDT,rnd310051,2024-12-23T16:00:00+00:00,2024-12-29T20:00:00+00:00,93371.605494,93155.260524,20.0,-0.0463,,stop,37,صاعد
BTCUSDT,rnd310051,2025-01-07T16:00:00+00:00,2025-01-08T08:00:00+00:00,98079.597938,94542.960675,20.0,-0.7212,,stop,4,صاعد
BTCUSDT,rnd310051,2025-01-12T12:00:00+00:00,2025-01-13T08:00:00+00:00,94377.63163,91756.7637934,20.0,-0.5554,,stop,5,صاعد
BTCUSDT,rnd310051,2025-01-18T00:00:00+00:00,2025-01-19T20:00:00+00:00,104212.770711,100318.640291,20.0,-0.7473,,stop,11,صاعد
BTCUSDT,rnd310051,2025-01-20T04:00:00+00:00,2025-01-20T16:00:00+00:00,102024.399522,101397.634347,20.0,-0.1229,,stop,3,صاعد
BTCUSDT,rnd310051,2025-01-30T04:00:00+00:00,2025-02-01T20:00:00+00:00,105332.7548,101267.100491,20.0,-0.772,,stop,16,صاعد
BTCUSDT,rnd310051,2025-02-06T16:00:00+00:00,2025-02-18T16:00:00+00:00,97459.623017,93421.2528553,20.0,-0.8287,,stop,72,صاعد
BTCUSDT,rnd310051,2025-02-21T08:00:00+00:00,2025-02-21T16:00:00+00:00,98307.403701,95993.503278,20.0,-0.4707,,stop,2,عرضي
BTCUSDT,rnd310051,2025-02-22T08:00:00+00:00,2025-02-24T20:00:00+00:00,96413.264517,93520.1443603,20.0,-0.6001,,stop,15,عرضي
BTCUSDT,rnd310051,2025-03-01T00:00:00+00:00,2025-03-04T00:00:00+00:00,84459.604935,84528.5641131,20.0,0.0163,,stop,18,عرضي
BTCUSDT,rnd310051,2025-03-11T12:00:00+00:00,2025-04-06T16:00:00+00:00,81826.566429,79838.764503,20.0,-0.4859,,stop,157,عرضي
BTCUSDT,rnd310051,2025-04-08T12:00:00+00:00,2025-04-09T00:00:00+00:00,80085.9766,74541.6802049,20.0,-1.3846,,stop,3,عرضي
BTCUSDT,rnd310051,2025-04-20T20:00:00+00:00,2025-04-21T16:00:00+00:00,84761.657093,86436.935715,20.0,0.3953,,stop,5,عرضي
BTCUSDT,rnd310051,2025-04-23T08:00:00+00:00,2025-05-29T16:00:00+00:00,94256.193966,105877.206181,20.0,2.4658,,stop,218,صاعد
BTCUSDT,rnd310051,2025-06-03T12:00:00+00:00,2025-06-05T16:00:00+00:00,105424.113412,102884.983474,20.0,-0.4817,,stop,13,صاعد
BTCUSDT,rnd310051,2025-06-16T08:00:00+00:00,2025-06-17T08:00:00+00:00,107200.98034,105565.312171,20.0,-0.3052,,stop,6,صاعد
BTCUSDT,rnd310051,2025-06-17T20:00:00+00:00,2025-06-21T20:00:00+00:00,104822.211956,101338.824998,20.0,-0.6646,,stop,24,صاعد
BTCUSDT,rnd310051,2025-06-23T16:00:00+00:00,2025-07-15T00:00:00+00:00,101552.556923,117006.527801,20.0,3.0435,,stop,128,صاعد
BTCUSDT,rnd310051,2025-07-15T04:00:00+00:00,2025-07-25T04:00:00+00:00,117300.752998,115115.821776,20.0,-0.3725,,stop,60,صاعد
BTCUSDT,rnd310051,2025-07-27T16:00:00+00:00,2025-07-30T16:00:00+00:00,118739.911475,116603.169325,20.0,-0.3599,,stop,18,صاعد
BTCUSDT,rnd310051,2025-07-31T00:00:00+00:00,2025-08-01T00:00:00+00:00,117993.482377,114964.708712,20.0,-0.5134,,stop,6,صاعد
BTCUSDT,rnd310051,2025-08-09T08:00:00+00:00,2025-08-11T16:00:00+00:00,116907.7828,118513.22369,20.0,0.2747,,stop,14,صاعد
BTCUSDT,rnd310051,2025-08-16T04:00:00+00:00,2025-08-19T12:00:00+00:00,117582.288519,113986.329474,20.0,-0.6116,,stop,20,صاعد
BTCUSDT,rnd310051,2025-08-28T12:00:00+00:00,2025-08-29T04:00:00+00:00,113055.961934,109944.685295,20.0,-0.5504,,stop,4,عرضي
BTCUSDT,rnd310051,2025-08-30T00:00:00+00:00,2025-09-22T04:00:00+00:00,108518.29062,112515.44809,20.0,0.7367,,stop,139,عرضي
BTCUSDT,rnd310051,2025-09-25T00:00:00+00:00,2025-09-25T12:00:00+00:00,113454.309113,110858.08458,20.0,-0.4577,,stop,3,صاعد
BTCUSDT,rnd310051,2025-09-25T16:00:00+00:00,2025-09-25T16:00:00+00:00,111725.825001,109136.273879,20.0,-0.4636,,stop,0,صاعد
BTCUSDT,rnd310051,2025-10-01T00:00:00+00:00,2025-10-07T12:00:00+00:00,114197.203622,122067.695433,20.0,1.3784,,stop,39,عرضي
BTCUSDT,rnd310051,2025-10-12T00:00:00+00:00,2025-10-17T08:00:00+00:00,110788.23772,104505.190694,20.0,-1.1342,,stop,32,صاعد
BTCUSDT,rnd310051,2025-10-19T16:00:00+00:00,2025-10-21T20:00:00+00:00,108627.742723,108958.994641,20.0,0.061,,stop,13,عرضي
BTCUSDT,rnd310051,2025-10-28T16:00:00+00:00,2025-10-29T12:00:00+00:00,114790.413794,111734.723148,20.0,-0.5324,,stop,5,عرضي
BTCUSDT,rnd310051,2025-11-02T08:00:00+00:00,2025-11-03T00:00:00+00:00,111039.694189,108541.486939,20.0,-0.45,,stop,4,عرضي
BTCUSDT,rnd310051,2025-11-03T20:00:00+00:00,2025-11-04T08:00:00+00:00,107229.217,103995.864252,20.0,-0.6031,,stop,3,عرضي
BTCUSDT,rnd310051,2025-11-07T08:00:00+00:00,2025-11-12T16:00:00+00:00,102142.602987,101377.857234,20.0,-0.1497,,stop,32,عرضي
BTCUSDT,rnd310051,2025-11-18T04:00:00+00:00,2025-11-20T16:00:00+00:00,90960.815536,87593.1792133,20.0,-0.7405,,stop,15,هابط
BTCUSDT,rnd310051,2025-11-24T04:00:00+00:00,2025-12-01T00:00:00+00:00,87573.728039,87900.8658429,20.0,0.0747,,stop,41,هابط
BTCUSDT,rnd310051,2025-12-03T04:00:00+00:00,2025-12-05T16:00:00+00:00,92749.327583,87961.2023862,20.0,-1.0325,,stop,15,هابط
BTCUSDT,rnd310051,2025-12-10T00:00:00+00:00,2025-12-14T08:00:00+00:00,92799.292453,88685.715235,20.0,-0.8866,,stop,26,هابط
BTCUSDT,rnd310051,2025-12-18T16:00:00+00:00,2025-12-18T16:00:00+00:00,88628.497459,85057.7801957,20.0,-0.8058,,stop,0,هابط
BTCUSDT,rnd310051,2025-12-20T04:00:00+00:00,2026-01-19T00:00:00+00:00,88329.659474,91835.6767873,20.0,0.7938,,stop,179,هابط
BTCUSDT,rnd310051,2026-01-22T00:00:00+00:00,2026-01-29T12:00:00+00:00,89571.021149,85951.0821529,20.0,-0.8083,,stop,45,عرضي
BTCUSDT,rnd310051,2026-02-04T00:00:00+00:00,2026-02-05T04:00:00+00:00,75868.711273,70935.805046,20.0,-1.3004,,stop,7,هابط
BTCUSDT,rnd310051,2026-02-06T08:00:00+00:00,2026-03-27T12:00:00+00:00,64940.3128,65739.1906654,20.0,0.246,,stop,295,هابط
BTCUSDT,rnd310051,2026-03-28T08:00:00+00:00,2026-04-19T20:00:00+00:00,66648.019937,74444.5446883,20.0,2.3396,,stop,135,هابط
BTCUSDT,rnd310051,2026-04-22T12:00:00+00:00,2026-04-28T12:00:00+00:00,78401.79,75631.9351428,20.0,-0.7066,,stop,36,عرضي
BTCUSDT,rnd310051,2026-05-03T04:00:00+00:00,2026-05-04T08:00:00+00:00,78304.733991,78111.3787419,20.0,-0.0494,,stop,7,عرضي
BTCUSDT,rnd310051,2026-05-06T12:00:00+00:00,2026-05-07T12:00:00+00:00,82630.159744,79898.9505462,20.0,-0.6611,,stop,6,عرضي
BTCUSDT,rnd310051,2026-05-22T08:00:00+00:00,2026-05-22T16:00:00+00:00,77508.700491,75740.8164039,20.0,-0.4562,,stop,2,عرضي
BTCUSDT,rnd310051,2026-05-23T12:00:00+00:00,2026-05-27T12:00:00+00:00,74887.216987,74908.39233,20.0,0.0057,,stop,24,عرضي
BTCUSDT,rnd310051,2026-05-28T16:00:00+00:00,2026-06-01T16:00:00+00:00,73023.537349,70745.571042,20.0,-0.6239,,stop,24,هابط
BTCUSDT,rnd310051,2026-06-03T08:00:00+00:00,2026-06-04T00:00:00+00:00,67307.416039,63803.549171,20.0,-1.0412,,stop,4,هابط
BTCUSDT,rnd310051,2026-06-04T20:00:00+00:00,2026-06-05T16:00:00+00:00,63712.098194,59401.7860667,20.0,-1.3531,,stop,5,هابط
BTCUSDT,rnd310051,2026-06-08T12:00:00+00:00,2026-06-18T12:00:00+00:00,63562.143506,62673.2002127,20.0,-0.2797,,stop,60,هابط
BTCUSDT,rnd310051,2026-06-25T00:00:00+00:00,2026-06-25T12:00:00+00:00,61157.4014,58523.2703298,20.0,-0.8614,,stop,3,هابط
BTCUSDT,rnd310051,2026-06-30T16:00:00+00:00,2026-07-27T20:00:00+00:00,58457.8966,63605.0500881,20.0,1.761,,stop,163,هابط
BTCUSDT,rnd310051,2026-08-15T20:00:00+00:00,2026-08-19T16:00:00+00:00,63208.133891,68049.62034,20.0,1.5319,,stop,23,هابط
BTCUSDT,rnd310051,2026-08-28T16:00:00+00:00,2026-08-30T20:00:00+00:00,78432.960469,77581.0134,20.0,-0.2172,,stop,13,عرضي
DOGEUSDT,rnd310051,2024-01-04T00:00:00+00:00,2024-01-08T00:00:00+00:00,0.0821066,0.0757918708843,20.0,-1.5382,,stop,24,صاعد
DOGEUSDT,rnd310051,2024-01-09T00:00:00+00:00,2024-01-09T12:00:00+00:00,0.08140569,0.0764222831387,20.0,-1.2243,,stop,3,عرضي
DOGEUSDT,rnd310051,2024-01-09T16:00:00+00:00,2024-01-12T20:00:00+00:00,0.078371751,0.0789543685714,20.0,0.1487,,stop,19,عرضي
DOGEUSDT,rnd310051,2024-01-13T08:00:00+00:00,2024-01-22T16:00:00+00:00,0.08090504,0.0806493051429,20.0,-0.0632,,stop,56,عرضي
DOGEUSDT,rnd310051,2024-01-23T04:00:00+00:00,2024-02-28T20:00:00+00:00,0.08100517,0.111519122143,20.0,7.5338,,stop,220,عرضي
DOGEUSDT,rnd310051,2024-03-01T08:00:00+00:00,2024-03-05T04:00:00+00:00,0.118463803,0.170473809857,20.0,8.7807,,stop,23,صاعد
DOGEUSDT,rnd310051,2024-03-07T00:00:00+00:00,2024-04-13T16:00:00+00:00,0.158045192,0.150084636,20.0,-1.0074,,stop,226,صاعد
DOGEUSDT,rnd310051,2024-04-13T20:00:00+00:00,2024-04-30T16:00:00+00:00,0.151366521,0.131057974286,20.0,-2.6834,,stop,101,صاعد
DOGEUSDT,rnd310051,2024-04-30T20:00:00+00:00,2024-05-01T12:00:00+00:00,0.131030118,0.120549984739,20.0,-1.5997,,stop,4,عرضي
DOGEUSDT,rnd310051,2024-05-02T08:00:00+00:00,2024-05-08T08:00:00+00:00,0.127084996,0.146398006286,20.0,3.0394,,stop,36,عرضي
DOGEUSDT,rnd310051,2024-05-09T00:00:00+00:00,2024-05-13T00:00:00+00:00,0.143416199,0.137422546714,20.0,-0.8358,,stop,24,عرضي
DOGEUSDT,rnd310051,2024-05-14T00:00:00+00:00,2024-05-23T20:00:00+00:00,0.148823219,0.155564645571,20.0,0.906,,stop,59,عرضي
DOGEUSDT,rnd310051,2024-05-25T12:00:00+00:00,2024-06-07T16:00:00+00:00,0.167106957,0.150739312242,20.0,-1.9589,,stop,79,صاعد
DOGEUSDT,rnd310051,2024-06-11T00:00:00+00:00,2024-06-11T04:00:00+00:00,0.144968214,0.139465244608,20.0,-0.7592,,stop,1,عرضي
DOGEUSDT,rnd310051,2024-06-12T08:00:00+00:00,2024-06-14T16:00:00+00:00,0.140192013,0.13831995,20.0,-0.2671,,stop,14,عرضي
DOGEUSDT,rnd310051,2024-06-16T04:00:00+00:00,2024-06-17T12:00:00+00:00,0.135485903,0.129162416148,20.0,-0.9335,,stop,8,عرضي
DOGEUSDT,rnd310051,2024-06-17T16:00:00+00:00,2024-06-18T00:00:00+00:00,0.129748454,0.124940223429,20.0,-0.7412,,stop,2,عرضي
DOGEUSDT,rnd310051,2024-06-18T16:00:00+00:00,2024-07-04T00:00:00+00:00,0.11955522,0.111820158857,20.0,-1.294,,stop,92,عرضي
DOGEUSDT,rnd310051,2024-07-04T20:00:00+00:00,2024-07-05T00:00:00+00:00,0.10784001,0.0997637197727,20.0,-1.4978,,stop,1,عرضي
DOGEUSDT,rnd310051,2024-07-06T20:00:00+00:00,2024-07-08T00:00:00+00:00,0.112776419,0.100197778048,20.0,-2.2307,,stop,7,عرضي
DOGEUSDT,rnd310051,2024-07-08T08:00:00+00:00,2024-07-23T16:00:00+00:00,0.104395538,0.129150457286,20.0,4.7425,,stop,92,عرضي
DOGEUSDT,rnd310051,2024-07-24T00:00:00+00:00,2024-08-01T04:00:00+00:00,0.13046939,0.118631292857,20.0,-1.8147,,stop,49,هابط
DOGEUSDT,rnd310051,2024-08-03T00:00:00+00:00,2024-08-04T16:00:00+00:00,0.111685002,0.101686565962,20.0,-1.7905,,stop,10,هابط
DOGEUSDT,rnd310051,2024-08-05T08:00:00+00:00,2024-09-01T20:00:00+00:00,0.088925453,0.0951704031429,20.0,1.4045,,stop,165,هابط
DOGEUSDT,rnd310051,2024-09-02T04:00:00+00:00,2024-09-04T00:00:00+00:00,0.095333773,0.0930602927143,20.0,-0.477,,stop,11,هابط
DOGEUSDT,rnd310051,2024-09-04T16:00:00+00:00,2024-09-06T12:00:00+00:00,0.098658089,0.0924609475914,20.0,-1.2563,,stop,11,هابط
DOGEUSDT,rnd310051,2024-09-07T12:00:00+00:00,2024-09-16T12:00:00+00:00,0.09462285,0.0994862138571,20.0,1.0279,,stop,54,هابط
DOGEUSDT,rnd310051,2024-09-17T16:00:00+00:00,2024-09-28T08:00:00+00:00,0.102412964,0.120670067571,20.0,3.5654,,stop,64,هابط
DOGEUSDT,rnd310051,2024-09-29T04:00:00+00:00,2024-09-30T12:00:00+00:00,0.129598259,0.118586752692,20.0,-1.6993,,stop,8,عرضي
DOGEUSDT,rnd310051,2024-10-01T08:00:00+00:00,2024-10-01T12:00:00+00:00,0.11875418,0.110173268316,20.0,-1.4452,,stop,1,عرضي
DOGEUSDT,rnd310051,2024-10-03T00:00:00+00:00,2024-10-25T16:00:00+00:00,0.104756006,0.132914129571,20.0,5.3759,,stop,136,عرضي
DOGEUSDT,rnd310051,2024-10-28T12:00:00+00:00,2024-10-30T12:00:00+00:00,0.145839345,0.166514677714,20.0,2.8354,,stop,12,صاعد
DOGEUSDT,rnd310051,2024-10-31T16:00:00+00:00,2024-11-03T00:00:00+00:00,0.166285891,0.150618403627,20.0,-1.8844,,stop,14,صاعد
DOGEUSDT,rnd310051,2024-11-04T12:00:00+00:00,2024-11-06T04:00:00+00:00,0.157224126,0.197191888286,20.0,5.0842,,stop,10,صاعد
DOGEUSDT,rnd310051,2024-11-07T04:00:00+00:00,2024-11-12T08:00:00+00:00,0.1962548,0.366471538286,20.0,17.3465,,stop,31,صاعد
DOGEUSDT,rnd310051,2024-11-15T04:00:00+00:00,2024-12-18T20:00:00+00:00,0.371512339,0.355876758,20.0,-0.8417,,stop,202,صاعد
DOGEUSDT,rnd310051,2024-12-20T20:00:00+00:00,2025-01-21T04:00:00+00:00,0.317832646,0.336681744,20.0,1.1861,,stop,188,صاعد
DOGEUSDT,rnd310051,2025-01-23T04:00:00+00:00,2025-01-27T04:00:00+00:00,0.35235747,0.308536207968,20.0,-2.4873,,stop,24,صاعد
DOGEUSDT,rnd310051,2025-01-27T08:00:00+00:00,2025-02-01T20:00:00+00:00,0.315579721,0.305988839571,20.0,-0.6078,,stop,33,صاعد
DOGEUSDT,rnd310051,2025-02-03T08:00:00+00:00,2025-02-24T16:00:00+00:00,0.256282735,0.218542667571,20.0,-2.9452,,stop,128,عرضي
DOGEUSDT,rnd310051,2025-02-27T20:00:00+00:00,2025-02-28T04:00:00+00:00,0.205336591,0.185174122717,20.0,-1.9638,,stop,2,عرضي
DOGEUSDT,rnd310051,2025-03-01T20:00:00+00:00,2025-03-03T12:00:00+00:00,0.204525538,0.212163828,20.0,0.7469,,stop,10,عرضي
DOGEUSDT,rnd310051,2025-03-07T08:00:00+00:00,2025-03-09T12:00:00+00:00,0.201081066,0.182661154543,20.0,-1.8321,,stop,13,عرضي
DOGEUSDT,rnd310051,2025-03-10T00:00:00+00:00,2025-03-10T16:00:00+00:00,0.16831853,0.155002520143,20.0,-1.5822,,stop,4,عرضي
DOGEUSDT,rnd310051,2025-03-11T04:00:00+00:00,2025-03-29T08:00:00+00:00,0.15460072,0.170445275571,20.0,2.0497,,stop,109,هابط
DOGEUSDT,rnd310051,2025-04-02T12:00:00+00:00,2025-04-03T08:00:00+00:00,0.17152269,0.160713657429,20.0,-1.2604,,stop,5,هابط
DOGEUSDT,rnd310051,2025-04-04T04:00:00+00:00,2025-04-06T20:00:00+00:00,0.162861445,0.149765052,20.0,-1.6083,,stop,16,هابط
DOGEUSDT,rnd310051,2025-04-07T04:00:00+00:00,2025-04-07T04:00:00+00:00,0.142294743,0.131029540013,20.0,-1.5834,,stop,0,هابط
DOGEUSDT,rnd310051,2025-04-09T04:00:00+00:00,2025-05-11T12:00:00+00:00,0.13898044,0.226479479143,20.0,12.5916,,stop,194,هابط
DOGEUSDT,rnd310051,2025-05-12T12:00:00+00:00,2025-05-30T00:00:00+00:00,0.242574938,0.210370742902,20.0,-2.6552,,stop,105,عرضي
DOGEUSDT,rnd310051,2025-06-01T00:00:00+00:00,2025-06-05T16:00:00+00:00,0.192760263,0.175460438944,20.0,-1.795,,stop,28,عرضي
DOGEUSDT,rnd310051,2025-06-06T12:00:00+00:00,2025-06-12T08:00:00+00:00,0.177840893,0.187344706286,20.0,1.0688,,stop,35,هابط
DOGEUSDT,rnd310051,2025-06-13T04:00:00+00:00,2025-06-20T16:00:00+00:00,0.174586668,0.159329270332,20.0,-1.7478,,stop,45,هابط
DOGEUSDT,rnd310051,2025-06-23T08:00:00+00:00,2025-07-12T12:00:00+00:00,0.154039992,0.195108885429,20.0,5.3322,,stop,115,هابط
DOGEUSDT,rnd310051,2025-07-13T08:00:00+00:00,2025-07-22T04:00:00+00:00,0.199639194,0.258300914571,20.0,5.8768,,stop,53,هابط
DOGEUSDT,rnd310051,2025-07-26T16:00:00+00:00,2025-07-29T16:00:00+00:00,0.239000297,0.219008073042,20.0,-1.673,,stop,18,عرضي
DOGEUSDT,rnd310051,2025-07-30T08:00:00+00:00,2025-08-01T00:00:00+00:00,0.222238535,0.204852237583,20.0,-1.5647,,stop,10,عرضي
DOGEUSDT,rnd310051,2025-08-03T04:00:00+00:00,2025-08-14T12:00:00+00:00,0.19605454,0.227184276,20.0,3.1756,,stop,68,عرضي
DOGEUSDT,rnd310051,2025-08-17T16:00:00+00:00,2025-08-18T00:00:00+00:00,0.24191408,0.226257062946,20.0,-1.2944,,stop,2,صاعد
DOGEUSDT,rnd310051,2025-08-18T08:00:00+00:00,2025-08-25T08:00:00+00:00,0.222048288,0.218487025714,20.0,-0.3208,,stop,42,صاعد
DOGEUSDT,rnd310051,2025-08-27T08:00:00+00:00,2025-09-13T16:00:00+00:00,0.219114479,0.282680608286,20.0,5.8021,,stop,104,صاعد
DOGEUSDT,rnd310051,2025-09-21T00:00:00+00:00,2025-09-22T00:00:00+00:00,0.267927854,0.254298621183,20.0,-1.0174,,stop,6,صاعد
DOGEUSDT,rnd310051,2025-09-22T16:00:00+00:00,2025-09-25T12:00:00+00:00,0.239841389,0.226900359857,20.0,-1.0791,,stop,17,صاعد
DOGEUSDT,rnd310051,2025-09-25T20:00:00+00:00,2025-10-08T00:00:00+00:00,0.226764411,0.244127934857,20.0,1.5314,,stop,73,صاعد
DOGEUSDT,rnd310051,2025-10-08T08:00:00+00:00,2025-10-10T16:00:00+00:00,0.246960632,0.233935488,20.0,-1.0548,,stop,14,صاعد
DOGEUSDT,rnd310051,2025-10-11T12:00:00+00:00,2025-11-17T20:00:00+00:00,0.194172096,0.150543991204,20.0,-4.4938,,stop,224,صاعد
DOGEUSDT,rnd310051,2025-11-18T04:00:00+00:00,2025-11-21T00:00:00+00:00,0.154790967,0.145519150286,20.0,-1.198,,stop,17,هابط
DOGEUSDT,rnd310051,2025-11-21T16:00:00+00:00,2025-12-01T12:00:00+00:00,0.138159374,0.131884041857,20.0,-0.9084,,stop,59,هابط
DOGEUSDT,rnd310051,2025-12-02T08:00:00+00:00,2025-12-05T12:00:00+00:00,0.135786293,0.142172078571,20.0,0.9406,,stop,19,هابط
DOGEUSDT,rnd310051,2025-12-06T00:00:00+00:00,2025-12-11T00:00:00+00:00,0.139741428,0.141751197857,20.0,0.2876,,stop,30,هابط
DOGEUSDT,rnd310051,2025-12-13T00:00:00+00:00,2025-12-15T16:00:00+00:00,0.137097996,0.128268529855,20.0,-1.2881,,stop,16,هابط
DOGEUSDT,rnd310051,2025-12-17T16:00:00+00:00,2025-12-18T16:00:00+00:00,0.130108922,0.122215905937,20.0,-1.2133,,stop,6,هابط
DOGEUSDT,rnd310051,2025-12-19T16:00:00+00:00,2025-12-31T16:00:00+00:00,0.129778493,0.119754752031,20.0,-1.5447,,stop,72,هابط
DOGEUSDT,rnd310051,2026-01-02T00:00:00+00:00,2026-01-06T16:00:00+00:00,0.126984866,0.147225500571,20.0,3.1879,,stop,28,هابط
DOGEUSDT,rnd310051,2026-01-10T16:00:00+00:00,2026-01-15T16:00:00+00:00,0.140151961,0.139548351,20.0,-0.0861,,stop,30,هابط
DOGEUSDT,rnd310051,2026-01-17T00:00:00+00:00,2026-01-19T00:00:00+00:00,0.138309569,0.130965877453,20.0,-1.0619,,stop,12,هابط
DOGEUSDT,rnd310051,2026-01-20T12:00:00+00:00,2026-01-25T16:00:00+00:00,0.125432851,0.118603465794,20.0,-1.0889,,stop,31,هابط
DOGEUSDT,rnd310051,2026-01-26T16:00:00+00:00,2026-01-29T12:00:00+00:00,0.122418938,0.120125062714,20.0,-0.3748,,stop,17,هابط
DOGEUSDT,rnd310051,2026-01-31T20:00:00+00:00,2026-02-05T12:00:00+00:00,0.101982405,0.0927078942857,20.0,-1.8188,,stop,28,هابط
DOGEUSDT,rnd310051,2026-02-06T08:00:00+00:00,2026-02-16T12:00:00+00:00,0.090837936,0.0985788235714,20.0,1.7043,,stop,61,هابط
DOGEUSDT,rnd310051,2026-02-18T00:00:00+00:00,2026-02-22T20:00:00+00:00,0.100800871,0.0944529223677,20.0,-1.2595,,stop,29,هابط
DOGEUSDT,rnd310051,2026-02-23T04:00:00+00:00,2026-02-24T00:00:00+00:00,0.092870575,0.0917291682857,20.0,-0.2458,,stop,5,هابط
DOGEUSDT,rnd310051,2026-02-24T12:00:00+00:00,2026-02-26T12:00:00+00:00,0.09141869,0.0980780468571,20.0,1.4569,,stop,12,هابط
DOGEUSDT,rnd310051,2026-02-26T20:00:00+00:00,2026-02-28T04:00:00+00:00,0.097466542,0.0896230946025,20.0,-1.6095,,stop,8,هابط
DOGEUSDT,rnd310051,2026-02-28T16:00:00+00:00,2026-03-03T20:00:00+00:00,0.09091804,0.0885076474286,20.0,-0.5302,,stop,19,هابط
DOGEUSDT,rnd310051,2026-03-04T04:00:00+00:00,2026-03-05T16:00:00+00:00,0.089506207,0.0935553625714,20.0,0.9048,,stop,9,هابط
DOGEUSDT,rnd310051,2026-03-06T04:00:00+00:00,2026-03-19T16:00:00+00:00,0.094032083,0.0916535524286,20.0,-0.5059,,stop,81,هابط
DOGEUSDT,rnd310051,2026-03-20T12:00:00+00:00,2026-03-22T20:00:00+00:00,0.094202304,0.0891451929691,20.0,-1.0737,,stop,14,هابط
DOGEUSDT,rnd310051,2026-03-23T12:00:00+00:00,2026-03-26T12:00:00+00:00,0.092670315,0.0904679528571,20.0,-0.4753,,stop,18,هابط
DOGEUSDT,rnd310051,2026-03-27T04:00:00+00:00,2026-03-29T20:00:00+00:00,0.092079548,0.0885204878571,20.0,-0.773,,stop,16,هابط
DOGEUSDT,rnd310051,2026-03-30T04:00:00+00:00,2026-04-18T16:00:00+00:00,0.092580198,0.0951903771429,20.0,0.5639,,stop,117,هابط
DOGEUSDT,rnd310051,2026-04-19T08:00:00+00:00,2026-04-29T12:00:00+00:00,0.094252369,0.104600984571,20.0,2.1959,,stop,61,هابط
DOGEUSDT,rnd310051,2026-04-29T20:00:00+00:00,2026-05-08T00:00:00+00:00,0.101581885,0.106070500286,20.0,0.8837,,stop,49,عرضي
DOGEUSDT,rnd310051,2026-05-08T20:00:00+00:00,2026-05-16T04:00:00+00:00,0.109111661,0.109807065,20.0,0.1275,,stop,44,عرضي
DOGEUSDT,rnd310051,2026-05-16T08:00:00+00:00,2026-05-18T12:00:00+00:00,0.110263156,0.103285852469,20.0,-1.2656,,stop,13,عرضي
DOGEUSDT,rnd310051,2026-05-18T20:00:00+00:00,2026-05-23T04:00:00+00:00,0.104916214,0.0988018900647,20.0,-1.1656,,stop,26,عرضي
DOGEUSDT,rnd310051,2026-05-23T16:00:00+00:00,2026-05-28T12:00:00+00:00,0.101221417,0.0967255217143,20.0,-0.8883,,stop,29,عرضي
DOGEUSDT,rnd310051,2026-05-30T20:00:00+00:00,2026-06-02T12:00:00+00:00,0.101551846,0.0973929275288,20.0,-0.8191,,stop,16,هابط
DOGEUSDT,rnd310051,2026-06-02T20:00:00+00:00,2026-06-04T00:00:00+00:00,0.094212317,0.0886558429522,20.0,-1.1796,,stop,7,هابط
DOGEUSDT,rnd310051,2026-06-04T12:00:00+00:00,2026-06-05T16:00:00+00:00,0.088054322,0.08071711031,20.0,-1.6665,,stop,7,هابط
DOGEUSDT,rnd310051,2026-06-06T00:00:00+00:00,2026-06-23T04:00:00+00:00,0.081595937,0.0797975567143,20.0,-0.4408,,stop,103,هابط
DOGEUSDT,rnd310051,2026-06-23T20:00:00+00:00,2026-06-24T12:00:00+00:00,0.078561998,0.075046453474,20.0,-0.895,,stop,4,هابط
DOGEUSDT,rnd310051,2026-06-26T00:00:00+00:00,2026-06-30T12:00:00+00:00,0.07499737,0.0698296875261,20.0,-1.3781,,stop,27,هابط
DOGEUSDT,rnd310051,2026-07-04T16:00:00+00:00,2026-07-05T08:00:00+00:00,0.078672141,0.0753561932881,20.0,-0.843,,stop,4,هابط
DOGEUSDT,rnd310051,2026-07-07T00:00:00+00:00,2026-07-08T00:00:00+00:00,0.076759658,0.073196521516,20.0,-0.9284,,stop,6,هابط
DOGEUSDT,rnd310051,2026-07-08T16:00:00+00:00,2026-07-23T12:00:00+00:00,0.071963431,0.069529494,20.0,-0.6764,,stop,89,هابط
DOGEUSDT,rnd310051,2026-07-23T16:00:00+00:00,2026-07-28T00:00:00+00:00,0.069860701,0.0697863025714,20.0,-0.0213,,stop,26,هابط
DOGEUSDT,rnd310051,2026-07-28T04:00:00+00:00,2026-08-22T04:00:00+00:00,0.070341325,0.0922584792857,20.0,6.2317,,stop,150,هابط
DOGEUSDT,rnd310051,2026-08-22T08:00:00+00:00,2026-08-30T20:00:00+00:00,0.093180978,0.0818084171929,20.0,-2.441,,stop,51,هابط
ETHUSDT,rnd310051,2024-01-05T08:00:00+00:00,2024-01-12T20:00:00+00:00,2255.678575,2495.70849857,20.0,2.1282,,stop,45,صاعد
ETHUSDT,rnd310051,2024-01-13T00:00:00+00:00,2024-01-22T16:00:00+00:00,2525.829315,2306.01687653,20.0,-1.7405,,stop,58,صاعد
ETHUSDT,rnd310051,2024-01-24T08:00:00+00:00,2024-02-28T20:00:00+00:00,2237.40485,3265.56352714,20.0,9.1906,,stop,213,صاعد
ETHUSDT,rnd310051,2024-02-29T16:00:00+00:00,2024-03-05T16:00:00+00:00,3472.928946,3454.83429771,20.0,-0.1042,,stop,30,صاعد
ETHUSDT,rnd310051,2024-03-06T04:00:00+00:00,2024-03-15T08:00:00+00:00,3542.609413,3568.74031286,20.0,0.1475,,stop,55,صاعد
ETHUSDT,rnd310051,2024-03-15T16:00:00+00:00,2024-03-17T04:00:00+00:00,3693.685557,3407.95302256,20.0,-1.5471,,stop,9,صاعد
ETHUSDT,rnd310051,2024-03-20T04:00:00+00:00,2024-04-02T12:00:00+00:00,3165.129326,3234.93767829,20.0,0.4411,,stop,80,صاعد
ETHUSDT,rnd310051,2024-04-03T16:00:00+00:00,2024-04-12T16:00:00+00:00,3333.537973,3395.56715957,20.0,0.3722,,stop,54,صاعد
ETHUSDT,rnd310051,2024-04-13T00:00:00+00:00,2024-04-13T16:00:00+00:00,3241.628646,3032.58294215,20.0,-1.2898,,stop,4,صاعد
ETHUSDT,rnd310051,2024-04-14T04:00:00+00:00,2024-04-30T16:00:00+00:00,2974.722118,2918.79205971,20.0,-0.376,,stop,99,صاعد
ETHUSDT,rnd310051,2024-05-01T08:00:00+00:00,2024-05-10T16:00:00+00:00,2873.43061,2886.24014657,20.0,0.0892,,stop,56,عرضي
ETHUSDT,rnd310051,2024-05-15T16:00:00+00:00,2024-05-22T12:00:00+00:00,2980.66984,3666.07932171,20.0,4.599,,stop,41,عرضي
ETHUSDT,rnd310051,2024-05-25T04:00:00+00:00,2024-06-11T12:00:00+00:00,3750.128838,3495.869454,20.0,-1.356,,stop,104,صاعد
ETHUSDT,rnd310051,2024-06-13T04:00:00+00:00,2024-06-18T00:00:00+00:00,3507.543887,3368.98176557,20.0,-0.7901,,stop,29,صاعد
ETHUSDT,rnd310051,2024-06-20T16:00:00+00:00,2024-06-24T08:00:00+00:00,3511.168593,3343.01701383,20.0,-0.9578,,stop,22,صاعد
ETHUSDT,rnd310051,2024-06-26T16:00:00+00:00,2024-07-03T08:00:00+00:00,3366.050184,3278.10719914,20.0,-0.5225,,stop,40,عرضي
ETHUSDT,rnd310051,2024-07-03T12:00:00+00:00,2024-07-04T00:00:00+00:00,3311.809763,3209.29474906,20.0,-0.6191,,stop,3,عرضي
ETHUSDT,rnd310051,2024-07-04T08:00:00+00:00,2024-07-05T00:00:00+00:00,3186.346873,3041.52345992,20.0,-0.909,,stop,4,عرضي
ETHUSDT,rnd310051,2024-07-07T00:00:00+00:00,2024-07-08T00:00:00+00:00,3070.816879,2877.36607688,20.0,-1.2599,,stop,6,عرضي
ETHUSDT,rnd310051,2024-07-08T16:00:00+00:00,2024-07-25T00:00:00+00:00,2973.069973,3274.497612,20.0,2.0277,,stop,98,عرضي
ETHUSDT,rnd310051,2024-07-25T16:00:00+00:00,2024-08-01T12:00:00+00:00,3146.364964,3100.20591471,20.0,-0.2934,,stop,41,صاعد
ETHUSDT,rnd310051,2024-08-01T16:00:00+00:00,2024-08-02T12:00:00+00:00,3121.232334,2985.49095257,20.0,-0.8698,,stop,5,عرضي
ETHUSDT,rnd310051,2024-08-02T16:00:00+00:00,2024-08-03T20:00:00+00:00,3042.9507,2863.42875427,20.0,-1.1799,,stop,7,عرضي
ETHUSDT,rnd310051,2024-08-06T00:00:00+00:00,2024-09-06T20:00:00+00:00,2422.905688,2204.14802057,20.0,-1.8057,,stop,191,عرضي
ETHUSDT,rnd310051,2024-09-07T12:00:00+00:00,2024-10-01T12:00:00+00:00,2286.66881,2499.99720171,20.0,1.8658,,stop,144,هابط
ETHUSDT,rnd310051,2024-10-04T00:00:00+00:00,2024-10-23T12:00:00+00:00,2352.85474,2545.78331657,20.0,1.64,,stop,117,هابط
ETHUSDT,rnd310051,2024-10-26T00:00:00+00:00,2024-10-31T16:00:00+00:00,2443.802819,2505.74686029,20.0,0.5069,,stop,34,عرضي
ETHUSDT,rnd310051,2024-11-03T12:00:00+00:00,2024-11-04T20:00:00+00:00,2457.660811,2366.88521212,20.0,-0.7387,,stop,8,هابط
ETHUSDT,rnd310051,2024-11-05T08:00:00+00:00,2024-11-10T20:00:00+00:00,2446.586433,3075.56798571,20.0,5.1417,,stop,33,هابط
ETHUSDT,rnd310051,2024-11-13T20:00:00+00:00,2024-12-09T20:00:00+00:00,3162.90644,3617.88919329,20.0,2.877,,stop,156,عرضي
ETHUSDT,rnd310051,2024-12-13T08:00:00+00:00,2024-12-18T16:00:00+00:00,3890.691332,3785.19569743,20.0,-0.5423,,stop,32,صاعد
ETHUSDT,rnd310051,2024-12-24T16:00:00+00:00,2025-01-07T16:00:00+00:00,3497.610991,3369.98617243,20.0,-0.7298,,stop,84,صاعد
ETHUSDT,rnd310051,2025-01-10T12:00:00+00:00,2025-01-13T08:00:00+00:00,3315.945132,3123.79855065,20.0,-1.1589,,stop,17,صاعد
ETHUSDT,rnd310051,2025-01-13T12:00:00+00:00,2025-01-13T12:00:00+00:00,3061.124295,2924.9205202,20.0,-0.8899,,stop,0,عرضي
ETHUSDT,rnd310051,2025-01-16T12:00:00+00:00,2025-01-18T08:00:00+00:00,3355.616638,3237.37450629,20.0,-0.7047,,stop,11,عرضي
ETHUSDT,rnd310051,2025-01-19T20:00:00+00:00,2025-01-19T20:00:00+00:00,3423.374609,3170.52078112,20.0,-1.4772,,stop,0,عرضي
ETHUSDT,rnd310051,2025-01-22T20:00:00+00:00,2025-01-27T04:00:00+00:00,3266.2406,3115.84698343,20.0,-0.9209,,stop,26,عرضي
ETHUSDT,rnd310051,2025-01-28T08:00:00+00:00,2025-02-01T20:00:00+00:00,3200.375086,3131.553681,20.0,-0.4301,,stop,27,عرضي
ETHUSDT,rnd310051,2025-02-03T08:00:00+00:00,2025-02-25T04:00:00+00:00,2625.759055,2342.88171771,20.0,-2.1546,,stop,131,عرضي
ETHUSDT,rnd310051,2025-02-25T20:00:00+00:00,2025-02-27T20:00:00+00:00,2475.11347,2249.8830291,20.0,-1.82,,stop,12,هابط
ETHUSDT,rnd310051,2025-02-28T16:00:00+00:00,2025-03-03T16:00:00+00:00,2225.8899,2182.97558057,20.0,-0.3856,,stop,18,هابط
ETHUSDT,rnd310051,2025-03-04T12:00:00+00:00,2025-03-10T16:00:00+00:00,2104.111794,1888.69721186,20.0,-2.0476,,stop,37,هابط
ETHUSDT,rnd310051,2025-03-13T08:00:00+00:00,2025-03-29T16:00:00+00:00,1874.663899,1829.85951471,20.0,-0.478,,stop,98,هابط
ETHUSDT,rnd310051,2025-03-30T04:00:00+00:00,2025-04-03T00:00:00+00:00,1836.774707,1792.876227,20.0,-0.478,,stop,23,هابط
ETHUSDT,rnd310051,2025-04-05T16:00:00+00:00,2025-04-06T16:00:00+00:00,1784.326613,1689.04763572,20.0,-1.068,,stop,6,هابط
ETHUSDT,rnd310051,2025-04-08T16:00:00+00:00,2025-05-18T16:00:00+00:00,1533.751288,2418.21793886,20.0,11.5334,,stop,240,هابط
ETHUSDT,rnd310051,2025-05-20T00:00:00+00:00,2025-06-01T12:00:00+00:00,2531.426582,2470.79521371,20.0,-0.479,,stop,75,عرضي
ETHUSDT,rnd310051,2025-06-01T16:00:00+00:00,2025-06-05T16:00:00+00:00,2526.510199,2505.72117943,20.0,-0.1646,,stop,24,عرضي
ETHUSDT,rnd310051,2025-06-06T04:00:00+00:00,2025-06-12T20:00:00+00:00,2458.89241,2647.63930286,20.0,1.5352,,stop,40,عرضي
ETHUSDT,rnd310051,2025-06-15T08:00:00+00:00,2025-06-17T16:00:00+00:00,2531.897193,2464.10107029,20.0,-0.5355,,stop,14,عرضي
ETHUSDT,rnd310051,2025-06-20T08:00:00+00:00,2025-06-20T16:00:00+00:00,2552.954532,2448.97564807,20.0,-0.8146,,stop,2,عرضي
ETHUSDT,rnd310051,2025-06-21T16:00:00+00:00,2025-06-21T20:00:00+00:00,2426.740667,2317.71657056,20.0,-0.8985,,stop,1,عرضي
ETHUSDT,rnd310051,2025-06-22T08:00:00+00:00,2025-06-22T20:00:00+00:00,2273.641897,2128.38389628,20.0,-1.2778,,stop,3,عرضي
ETHUSDT,rnd310051,2025-06-23T00:00:00+00:00,2025-07-23T12:00:00+00:00,2230.59601,3574.95793371,20.0,12.0538,,stop,183,عرضي
ETHUSDT,rnd310051,2025-07-27T04:00:00+00:00,2025-08-01T00:00:00+00:00,3778.936239,3648.96731057,20.0,-0.6879,,stop,29,صاعد
ETHUSDT,rnd310051,2025-08-03T00:00:00+00:00,2025-08-15T12:00:00+00:00,3398.352122,4439.940564,20.0,6.13,,stop,75,صاعد
ETHUSDT,rnd310051,2025-08-17T00:00:00+00:00,2025-08-19T04:00:00+00:00,4427.7486,4189.54935343,20.0,-1.0759,,stop,13,صاعد
ETHUSDT,rnd310051,2025-08-19T20:00:00+00:00,2025-08-25T08:00:00+00:00,4147.3846,4520.11049314,20.0,1.7974,,stop,33,صاعد
ETHUSDT,rnd310051,2025-08-27T00:00:00+00:00,2025-08-29T12:00:00+00:00,4606.610819,4287.07144297,20.0,-1.3873,,stop,15,صاعد
ETHUSDT,rnd310051,2025-08-30T20:00:00+00:00,2025-09-22T00:00:00+00:00,4360.291019,4403.58503057,20.0,0.1986,,stop,133,صاعد
ETHUSDT,rnd310051,2025-09-26T00:00:00+00:00,2025-10-08T04:00:00+00:00,3879.386655,4419.37019743,20.0,2.7839,,stop,73,صاعد
ETHUSDT,rnd310051,2025-10-09T04:00:00+00:00,2025-10-10T12:00:00+00:00,4456.58604,4232.05934422,20.0,-1.0076,,stop,8,صاعد
ETHUSDT,rnd310051,2025-10-13T04:00:00+00:00,2025-10-17T08:00:00+00:00,4145.171727,3693.75645018,20.0,-2.178,,stop,25,صاعد
ETHUSDT,rnd310051,2025-10-25T20:00:00+00:00,2025-10-28T20:00:00+00:00,3962.584672,4012.87932343,20.0,0.2538,,stop,18,عرضي
ETHUSDT,rnd310051,2025-10-31T04:00:00+00:00,2025-11-03T12:00:00+00:00,3834.137908,3603.19408693,20.0,-1.2047,,stop,20,عرضي
ETHUSDT,rnd310051,2025-11-03T16:00:00+00:00,2025-11-04T16:00:00+00:00,3593.555557,3422.87681067,20.0,-0.9499,,stop,6,عرضي
ETHUSDT,rnd310051,2025-11-05T00:00:00+00:00,2025-11-14T04:00:00+00:00,3291.323165,3141.57349543,20.0,-0.91,,stop,55,عرضي
ETHUSDT,rnd310051,2025-11-15T00:00:00+00:00,2025-11-20T16:00:00+00:00,3116.44612,2825.04199915,20.0,-1.8701,,stop,34,عرضي
ETHUSDT,rnd310051,2025-11-21T04:00:00+00:00,2025-12-01T12:00:00+00:00,2812.821921,2719.879554,20.0,-0.6608,,stop,62,عرضي
ETHUSDT,rnd310051,2025-12-06T20:00:00+00:00,2025-12-11T00:00:00+00:00,3034.389585,3198.756204,20.0,1.0834,,stop,25,هابط
ETHUSDT,rnd310051,2025-12-11T04:00:00+00:00,2025-12-15T12:00:00+00:00,3195.568846,2988.24335864,20.0,-1.2976,,stop,26,هابط
ETHUSDT,rnd310051,2025-12-16T08:00:00+00:00,2026-01-20T04:00:00+00:00,2927.90133,3134.72669357,20.0,1.4128,,stop,209,هابط
ETHUSDT,rnd310051,2026-01-23T08:00:00+00:00,2026-01-29T16:00:00+00:00,2952.413154,2782.73374833,20.0,-1.1494,,stop,38,عرضي
ETHUSDT,rnd310051,2026-01-29T20:00:00+00:00,2026-01-30T16:00:00+00:00,2801.166789,2649.75334003,20.0,-1.0811,,stop,5,هابط
ETHUSDT,rnd310051,2026-01-31T12:00:00+00:00,2026-01-31T16:00:00+00:00,2644.152936,2452.89751843,20.0,-1.4466,,stop,1,هابط
ETHUSDT,rnd310051,2026-01-31T20:00:00+00:00,2026-02-03T16:00:00+00:00,2385.927679,2130.5347357,20.0,-2.1408,,stop,17,هابط
ETHUSDT,rnd310051,2026-02-05T20:00:00+00:00,2026-03-27T12:00:00+00:00,1931.287414,1971.22264629,20.0,0.4136,,stop,298,هابط
ETHUSDT,rnd310051,2026-03-27T20:00:00+00:00,2026-04-19T04:00:00+00:00,1994.28921,2304.57586586,20.0,3.1118,,stop,134,هابط
ETHUSDT,rnd310051,2026-04-21T04:00:00+00:00,2026-04-27T12:00:00+00:00,2314.625106,2269.68414129,20.0,-0.3883,,stop,38,عرضي
ETHUSDT,rnd310051,2026-04-29T08:00:00+00:00,2026-04-29T16:00:00+00:00,2326.760862,2237.35565645,20.0,-0.7685,,stop,2,عرضي
ETHUSDT,rnd310051,2026-05-05T16:00:00+00:00,2026-05-07T12:00:00+00:00,2384.39569,2290.14319989,20.0,-0.7906,,stop,11,عرضي
ETHUSDT,rnd310051,2026-05-09T04:00:00+00:00,2026-05-12T12:00:00+00:00,2318.339929,2272.192305,20.0,-0.3981,,stop,20,عرضي
ETHUSDT,rnd310051,2026-05-13T00:00:00+00:00,2026-05-16T04:00:00+00:00,2277.927461,2200.19031514,20.0,-0.6825,,stop,19,عرضي
ETHUSDT,rnd310051,2026-05-17T04:00:00+00:00,2026-05-17T20:00:00+00:00,2184.546223,2121.91985077,20.0,-0.5734,,stop,4,عرضي
ETHUSDT,rnd310051,2026-05-18T08:00:00+00:00,2026-05-22T16:00:00+00:00,2123.577066,2057.80022921,20.0,-0.6195,,stop,26,هابط
ETHUSDT,rnd310051,2026-05-23T08:00:00+00:00,2026-05-27T20:00:00+00:00,2031.217154,2026.74037929,20.0,-0.0441,,stop,27,هابط
ETHUSDT,rnd310051,2026-05-29T20:00:00+00:00,2026-06-02T12:00:00+00:00,2019.582048,1929.10665919,20.0,-0.896,,stop,22,هابط
ETHUSDT,rnd310051,2026-06-04T00:00:00+00:00,2026-06-05T04:00:00+00:00,1815.406965,1684.37157452,20.0,-1.4436,,stop,7,هابط
ETHUSDT,rnd310051,2026-06-07T00:00:00+00:00,2026-06-24T12:00:00+00:00,1571.720584,1630.86283286,20.0,0.7526,,stop,105,هابط
ETHUSDT,rnd310051,2026-06-25T12:00:00+00:00,2026-06-25T12:00:00+00:00,1635.403264,1539.10517994,20.0,-1.1777,,stop,0,هابط
ETHUSDT,rnd310051,2026-06-25T16:00:00+00:00,2026-08-23T04:00:00+00:00,1572.051013,2373.74725457,20.0,10.1994,,stop,351,هابط
ETHUSDT,rnd310051,2026-08-25T20:00:00+00:00,2026-08-30T20:00:00+00:00,2466.622446,2413.738056,20.0,-0.4288,,stop,30,عرضي
FILUSDT,rnd310051,2024-01-05T04:00:00+00:00,2024-01-08T00:00:00+00:00,6.3051861,5.30096444736,20.0,-3.1854,,stop,17,صاعد
FILUSDT,rnd310051,2024-01-13T00:00:00+00:00,2024-01-19T16:00:00+00:00,5.9817662,5.14756565394,20.0,-2.7891,,stop,40,صاعد
FILUSDT,rnd310051,2024-01-23T04:00:00+00:00,2024-01-23T08:00:00+00:00,5.1046274,4.79035611652,20.0,-1.2313,,stop,1,صاعد
FILUSDT,rnd310051,2024-01-24T08:00:00+00:00,2024-02-20T12:00:00+00:00,4.8673193,7.20091234286,20.0,9.5888,,stop,163,عرضي
FILUSDT,rnd310051,2024-02-21T04:00:00+00:00,2024-03-05T16:00:00+00:00,7.5137552,9.0412311,20.0,4.0658,,stop,81,صاعد
FILUSDT,rnd310051,2024-03-07T00:00:00+00:00,2024-03-15T08:00:00+00:00,10.0660689,9.16749531429,20.0,-1.7854,,stop,50,صاعد
FILUSDT,rnd310051,2024-03-16T20:00:00+00:00,2024-04-05T08:00:00+00:00,8.9155752,8.17378881429,20.0,-1.664,,stop,117,صاعد
FILUSDT,rnd310051,2024-04-06T00:00:00+00:00,2024-04-10T12:00:00+00:00,8.400907,8.28264711429,20.0,-0.2815,,stop,27,صاعد
FILUSDT,rnd310051,2024-04-12T00:00:00+00:00,2024-04-12T16:00:00+00:00,8.0624676,7.46739021355,20.0,-1.4762,,stop,4,عرضي
FILUSDT,rnd310051,2024-04-13T16:00:00+00:00,2024-04-13T16:00:00+00:00,6.6055761,5.66427438678,20.0,-2.85,,stop,0,عرضي
FILUSDT,rnd310051,2024-04-15T08:00:00+00:00,2024-05-01T04:00:00+00:00,6.4213369,5.40947400132,20.0,-3.1516,,stop,95,عرضي
FILUSDT,rnd310051,2024-05-02T04:00:00+00:00,2024-05-10T20:00:00+00:00,5.6523385,5.57902354286,20.0,-0.2594,,stop,52,عرضي
FILUSDT,rnd310051,2024-05-12T12:00:00+00:00,2024-05-13T00:00:00+00:00,5.6553424,5.41811111559,20.0,-0.839,,stop,3,عرضي
FILUSDT,rnd310051,2024-05-15T08:00:00+00:00,2024-05-23T12:00:00+00:00,5.4110252,5.8264158,20.0,1.5353,,stop,49,عرضي
FILUSDT,rnd310051,2024-05-24T16:00:00+00:00,2024-06-07T16:00:00+00:00,5.7785023,5.97779018571,20.0,0.6898,,stop,84,عرضي
FILUSDT,rnd310051,2024-06-08T12:00:00+00:00,2024-06-11T12:00:00+00:00,6.1339638,5.42154946849,20.0,-2.3229,,stop,18,هابط
FILUSDT,rnd310051,2024-06-14T12:00:00+00:00,2024-06-14T16:00:00+00:00,5.417033,5.02780976781,20.0,-1.437,,stop,1,هابط
FILUSDT,rnd310051,2024-06-15T20:00:00+00:00,2024-06-17T16:00:00+00:00,5.2177743,4.86572633627,20.0,-1.3494,,stop,11,هابط
FILUSDT,rnd310051,2024-06-19T04:00:00+00:00,2024-07-04T00:00:00+00:00,4.4377616,3.91784034921,20.0,-2.3432,,stop,89,هابط
FILUSDT,rnd310051,2024-07-06T00:00:00+00:00,2024-07-25T00:00:00+00:00,3.5486072,4.16928715714,20.0,3.4982,,stop,114,هابط
FILUSDT,rnd310051,2024-07-28T08:00:00+00:00,2024-07-30T16:00:00+00:00,4.5569163,4.28990359452,20.0,-1.1719,,stop,14,هابط
FILUSDT,rnd310051,2024-08-03T00:00:00+00:00,2024-08-04T16:00:00+00:00,3.8760323,3.48952572587,20.0,-1.9943,,stop,10,هابط
FILUSDT,rnd310051,2024-08-06T08:00:00+00:00,2024-08-30T12:00:00+00:00,3.4654993,3.51727872857,20.0,0.2988,,stop,145,هابط
FILUSDT,rnd310051,2024-09-02T08:00:00+00:00,2024-09-04T00:00:00+00:00,3.3373329,3.2387841,20.0,-0.5906,,stop,10,هابط
FILUSDT,rnd310051,2024-09-05T08:00:00+00:00,2024-09-06T20:00:00+00:00,3.3894005,3.17758569006,20.0,-1.2499,,stop,9,هابط
FILUSDT,rnd310051,2024-09-07T08:00:00+00:00,2024-09-15T20:00:00+00:00,3.3433407,3.4594968,20.0,0.6949,,stop,51,هابط
FILUSDT,rnd310051,2024-09-18T20:00:00+00:00,2024-09-30T00:00:00+00:00,3.494537,3.99251725714,20.0,2.85,,stop,67,هابط
FILUSDT,rnd310051,2024-10-02T16:00:00+00:00,2024-10-25T20:00:00+00:00,3.6227034,3.51456797143,20.0,-0.597,,stop,139,عرضي
FILUSDT,rnd310051,2024-10-26T04:00:00+00:00,2024-11-02T12:00:00+00:00,3.4795175,3.4185501,20.0,-0.3504,,stop,44,عرضي
FILUSDT,rnd310051,2024-11-03T00:00:00+00:00,2024-11-03T12:00:00+00:00,3.4354603,3.2601451659,20.0,-1.0206,,stop,3,هابط
FILUSDT,rnd310051,2024-11-03T20:00:00+00:00,2024-11-10T20:00:00+00:00,3.3333277,4.12577237143,20.0,4.7547,,stop,42,هابط
FILUSDT,rnd310051,2024-11-11T20:00:00+00:00,2024-11-13T00:00:00+00:00,4.245512,4.04459232857,20.0,-0.9465,,stop,7,هابط
FILUSDT,rnd310051,2024-11-14T04:00:00+00:00,2024-11-24T12:00:00+00:00,4.0933144,5.23875218571,20.0,5.5966,,stop,62,عرضي
FILUSDT,rnd310051,2024-11-28T12:00:00+00:00,2024-12-03T12:00:00+00:00,5.6553424,6.69400075714,20.0,3.6732,,stop,30,عرضي
FILUSDT,rnd310051,2024-12-04T04:00:00+00:00,2024-12-09T20:00:00+00:00,7.7480594,6.67987628571,20.0,-2.7573,,stop,34,صاعد
FILUSDT,rnd310051,2024-12-10T20:00:00+00:00,2024-12-19T00:00:00+00:00,6.0828975,5.44205897143,20.0,-2.107,,stop,49,صاعد
FILUSDT,rnd310051,2024-12-20T04:00:00+00:00,2024-12-20T08:00:00+00:00,5.2458107,4.55809175323,20.0,-2.622,,stop,1,صاعد
FILUSDT,rnd310051,2024-12-22T20:00:00+00:00,2025-01-08T04:00:00+00:00,4.766188,5.29054191429,20.0,2.2003,,stop,98,صاعد
FILUSDT,rnd310051,2025-01-08T12:00:00+00:00,2025-01-13T08:00:00+00:00,5.2177743,4.71467296127,20.0,-1.9284,,stop,29,عرضي
FILUSDT,rnd310051,2025-01-14T04:00:00+00:00,2025-01-19T08:00:00+00:00,4.9844714,5.31465338571,20.0,1.3248,,stop,31,عرضي
FILUSDT,rnd310051,2025-01-21T16:00:00+00:00,2025-01-27T04:00:00+00:00,5.1416755,4.42413092899,20.0,-2.7911,,stop,33,عرضي
FILUSDT,rnd310051,2025-02-05T16:00:00+00:00,2025-02-24T20:00:00+00:00,3.3333277,2.9721312,20.0,-2.1672,,stop,115,عرضي
FILUSDT,rnd310051,2025-02-27T16:00:00+00:00,2025-02-28T04:00:00+00:00,3.2922744,3.00300826471,20.0,-1.7572,,stop,3,هابط
FILUSDT,rnd310051,2025-03-03T16:00:00+00:00,2025-03-03T16:00:00+00:00,3.294277,3.00393822561,20.0,-1.7627,,stop,0,هابط
FILUSDT,rnd310051,2025-03-17T08:00:00+00:00,2025-03-18T08:00:00+00:00,2.913783,2.84914842857,20.0,-0.4436,,stop,6,هابط
FILUSDT,rnd310051,2025-03-21T04:00:00+00:00,2025-03-28T04:00:00+00:00,3.0299338,2.93646334286,20.0,-0.617,,stop,42,هابط
FILUSDT,rnd310051,2025-03-30T20:00:00+00:00,2025-04-02T20:00:00+00:00,2.773601,2.69805938571,20.0,-0.5447,,stop,18,هابط
FILUSDT,rnd310051,2025-04-09T12:00:00+00:00,2025-05-06T20:00:00+00:00,2.3049926,2.51358522857,20.0,1.8099,,stop,164,هابط
FILUSDT,rnd310051,2025-05-08T00:00:00+00:00,2025-05-11T12:00:00+00:00,2.5893618,3.09154718571,20.0,3.8788,,stop,21,هابط
FILUSDT,rnd310051,2025-05-12T16:00:00+00:00,2025-05-16T20:00:00+00:00,3.1390755,2.84751177328,20.0,-1.8576,,stop,25,عرضي
FILUSDT,rnd310051,2025-05-17T12:00:00+00:00,2025-05-24T20:00:00+00:00,2.7996348,2.81747537143,20.0,0.1274,,stop,44,عرضي
FILUSDT,rnd310051,2025-05-25T16:00:00+00:00,2025-05-30T00:00:00+00:00,2.7615854,2.66182084286,20.0,-0.7225,,stop,26,عرضي
FILUSDT,rnd310051,2025-05-30T20:00:00+00:00,2025-06-05T16:00:00+00:00,2.5913644,2.37648523342,20.0,-1.6584,,stop,35,هابط
FILUSDT,rnd310051,2025-06-06T12:00:00+00:00,2025-06-12T20:00:00+00:00,2.4061239,2.53355922857,20.0,1.0593,,stop,38,هابط
FILUSDT,rnd310051,2025-06-15T04:00:00+00:00,2025-06-17T16:00:00+00:00,2.4261499,2.34437691429,20.0,-0.6741,,stop,15,هابط
FILUSDT,rnd310051,2025-06-19T08:00:00+00:00,2025-06-20T16:00:00+00:00,2.3710784,2.22461121237,20.0,-1.2354,,stop,8,هابط
FILUSDT,rnd310051,2025-06-21T12:00:00+00:00,2025-06-21T20:00:00+00:00,2.2919757,2.18234923873,20.0,-0.9566,,stop,2,هابط
FILUSDT,rnd310051,2025-06-24T00:00:00+00:00,2025-07-23T12:00:00+00:00,2.2579315,2.70690501429,20.0,3.9769,,stop,177,هابط
FILUSDT,rnd310051,2025-07-24T20:00:00+00:00,2025-07-30T16:00:00+00:00,2.6294138,2.39031711429,20.0,-1.8186,,stop,35,عرضي
FILUSDT,rnd310051,2025-08-04T00:00:00+00:00,2025-08-11T20:00:00+00:00,2.3460459,2.47406524286,20.0,1.0914,,stop,47,هابط
FILUSDT,rnd310051,2025-08-13T04:00:00+00:00,2025-08-14T12:00:00+00:00,2.6564489,2.47948675714,20.0,-1.3323,,stop,8,هابط
FILUSDT,rnd310051,2025-08-17T00:00:00+00:00,2025-08-19T00:00:00+00:00,2.5352916,2.4108618,20.0,-0.9816,,stop,12,عرضي
FILUSDT,rnd310051,2025-08-19T20:00:00+00:00,2025-08-25T04:00:00+00:00,2.373081,2.36049878571,20.0,-0.106,,stop,32,عرضي
FILUSDT,rnd310051,2025-08-25T08:00:00+00:00,2025-08-25T20:00:00+00:00,2.3049926,2.14006403819,20.0,-1.4311,,stop,3,هابط
FILUSDT,rnd310051,2025-08-27T00:00:00+00:00,2025-09-02T12:00:00+00:00,2.3270212,2.22096612857,20.0,-0.9115,,stop,39,هابط
FILUSDT,rnd310051,2025-09-07T04:00:00+00:00,2025-09-14T12:00:00+00:00,2.3610654,2.50359822857,20.0,1.2074,,stop,44,هابط
FILUSDT,rnd310051,2025-09-18T16:00:00+00:00,2025-09-21T16:00:00+00:00,2.5613254,2.39963039127,20.0,-1.2626,,stop,18,عرضي
FILUSDT,rnd310051,2025-09-27T20:00:00+00:00,2025-10-08T00:00:00+00:00,2.1878405,2.26134214286,20.0,0.6719,,stop,61,هابط
FILUSDT,rnd310051,2025-10-10T00:00:00+00:00,2025-10-10T16:00:00+00:00,2.2999861,2.23352121429,20.0,-0.578,,stop,4,هابط
FILUSDT,rnd310051,2025-10-11T00:00:00+00:00,2025-11-08T00:00:00+00:00,1.6871905,3.03932944286,20.0,16.0283,,stop,168,هابط
FILUSDT,rnd310051,2025-11-08T04:00:00+00:00,2025-11-12T00:00:00+00:00,3.1400768,2.19150984302,20.0,-6.0417,,stop,23,هابط
FILUSDT,rnd310051,2025-11-17T04:00:00+00:00,2025-11-19T04:00:00+00:00,1.9895831,1.80536425714,20.0,-1.8518,,stop,12,عرضي
FILUSDT,rnd310051,2025-11-21T08:00:00+00:00,2025-12-11T00:00:00+00:00,1.6511437,1.41055758819,20.0,-2.9142,,stop,118,عرضي
FILUSDT,rnd310051,2025-12-13T00:00:00+00:00,2025-12-15T16:00:00+00:00,1.3477498,1.23096888597,20.0,-1.733,,stop,16,هابط
FILUSDT,rnd310051,2025-12-17T20:00:00+00:00,2025-12-25T20:00:00+00:00,1.2235886,1.22654627143,20.0,0.0483,,stop,48,هابط
FILUSDT,rnd310051,2025-12-26T12:00:00+00:00,2026-01-02T08:00:00+00:00,1.2456172,1.43099442857,20.0,2.9765,,stop,41,هابط
FILUSDT,rnd310051,2026-01-05T16:00:00+00:00,2026-01-06T00:00:00+00:00,1.6531463,1.5413185491,20.0,-1.3529,,stop,2,هابط
FILUSDT,rnd310051,2026-01-06T16:00:00+00:00,2026-01-08T12:00:00+00:00,1.5930683,1.45028761478,20.0,-1.7925,,stop,11,هابط
FILUSDT,rnd310051,2026-01-10T16:00:00+00:00,2026-01-15T04:00:00+00:00,1.4929383,1.547985,20.0,0.7374,,stop,27,هابط
FILUSDT,rnd310051,2026-01-17T04:00:00+00:00,2026-01-19T00:00:00+00:00,1.5089591,1.38077408571,20.0,-1.699,,stop,11,عرضي
FILUSDT,rnd310051,2026-01-21T00:00:00+00:00,2026-01-29T12:00:00+00:00,1.3127043,1.18651696298,20.0,-1.9226,,stop,51,هابط
FILUSDT,rnd310051,2026-01-30T08:00:00+00:00,2026-01-31T12:00:00+00:00,1.1685171,1.08193018848,20.0,-1.482,,stop,7,هابط
FILUSDT,rnd310051,2026-02-02T04:00:00+00:00,2026-02-05T12:00:00+00:00,1.0453572,0.931109467783,20.0,-2.1858,,stop,20,هابط
FILUSDT,rnd310051,2026-02-05T16:00:00+00:00,2026-02-06T00:00:00+00:00,0.9562415,0.847994814621,20.0,-2.264,,stop,2,هابط
FILUSDT,rnd310051,2026-02-08T16:00:00+00:00,2026-02-11T04:00:00+00:00,0.9482311,0.871560881713,20.0,-1.6171,,stop,15,هابط
FILUSDT,rnd310051,2026-02-11T08:00:00+00:00,2026-02-17T12:00:00+00:00,0.8731336,0.938207314286,20.0,1.4906,,stop,37,هابط
FILUSDT,rnd310051,2026-02-19T20:00:00+00:00,2026-02-22T12:00:00+00:00,0.9141869,0.933213814286,20.0,0.4163,,stop,16,هابط
FILUSDT,rnd310051,2026-02-22T20:00:00+00:00,2026-02-24T12:00:00+00:00,0.9252012,0.863719759869,20.0,-1.329,,stop,10,هابط
FILUSDT,rnd310051,2026-02-25T20:00:00+00:00,2026-02-26T00:00:00+00:00,1.1034326,1.02228047691,20.0,-1.4709,,stop,1,هابط
FILUSDT,rnd310051,2026-02-27T12:00:00+00:00,2026-03-10T16:00:00+00:00,0.9952922,0.884854677283,20.0,-2.2192,,stop,67,هابط
FILUSDT,rnd310051,2026-03-11T20:00:00+00:00,2026-03-19T12:00:00+00:00,0.8881531,0.893265814286,20.0,0.1151,,stop,46,هابط
FILUSDT,rnd310051,2026-03-21T08:00:00+00:00,2026-03-21T20:00:00+00:00,0.9061765,0.905963571429,20.0,-0.0047,,stop,3,هابط
FILUSDT,rnd310051,2026-03-23T04:00:00+00:00,2026-03-27T08:00:00+00:00,0.8601167,0.841333414286,20.0,-0.4368,,stop,25,هابط
FILUSDT,rnd310051,2026-03-27T16:00:00+00:00,2026-03-29T20:00:00+00:00,0.8340829,0.784133627944,20.0,-1.1977,,stop,13,هابط
FILUSDT,rnd310051,2026-03-30T12:00:00+00:00,2026-04-18T20:00:00+00:00,0.8470998,0.9397767,20.0,2.1881,,stop,116,هابط
FILUSDT,rnd310051,2026-04-21T04:00:00+00:00,2026-04-29T12:00:00+00:00,0.9231986,0.917519957143,20.0,-0.123,,stop,50,هابط
FILUSDT,rnd310051,2026-05-05T20:00:00+00:00,2026-05-06T08:00:00+00:00,0.9592454,1.068609,20.0,2.2802,,stop,3,هابط
FILUSDT,rnd310051,2026-05-06T20:00:00+00:00,2026-05-10T20:00:00+00:00,1.0683871,1.1544972,20.0,1.612,,stop,24,عرضي
FILUSDT,rnd310051,2026-05-11T00:00:00+00:00,2026-05-13T12:00:00+00:00,1.1494924,1.02993745274,20.0,-2.0801,,stop,15,عرضي
FILUSDT,rnd310051,2026-05-18T00:00:00+00:00,2026-05-22T20:00:00+00:00,0.9432246,0.9537585,20.0,0.2234,,stop,29,عرضي
FILUSDT,rnd310051,2026-05-25T20:00:00+00:00,2026-05-28T00:00:00+00:00,0.9972948,1.0106844,20.0,0.2685,,stop,13,هابط
FILUSDT,rnd310051,2026-05-28T12:00:00+00:00,2026-06-04T00:00:00+00:00,0.9462285,0.828350314286,20.0,-2.4915,,stop,39,هابط
FILUSDT,rnd310051,2026-06-07T04:00:00+00:00,2026-07-29T16:00:00+00:00,0.7499737,0.663564814286,20.0,-2.3043,,stop,315,هابط
FILUSDT,rnd310051,2026-08-02T20:00:00+00:00,2026-08-06T08:00:00+00:00,0.72303873,0.694884204651,20.0,-0.7788,,stop,21,هابط
FILUSDT,rnd310051,2026-08-17T12:00:00+00:00,2026-08-18T00:00:00+00:00,0.66946918,0.645379095066,20.0,-0.7197,,stop,3,هابط
FILUSDT,rnd310051,2026-08-18T04:00:00+00:00,2026-08-22T04:00:00+00:00,0.61690093,0.806435982857,20.0,6.1447,,stop,24,هابط
FILUSDT,rnd310051,2026-08-25T08:00:00+00:00,2026-08-28T16:00:00+00:00,0.74246395,0.682700284365,20.0,-1.6099,,stop,20,هابط
FILUSDT,rnd310051,2026-08-29T20:00:00+00:00,2026-08-30T20:00:00+00:00,0.68168504,0.659142,20.0,-0.6614,,stop,6,عرضي
GRAMUSDT,rnd310051,2024-08-11T12:00:00+00:00,2024-08-15T08:00:00+00:00,6.4834175,6.51166667143,20.0,0.0871,,stop,23,عرضي
GRAMUSDT,rnd310051,2024-08-15T20:00:00+00:00,2024-08-24T20:00:00+00:00,6.4914279,6.21105797143,20.0,-0.8638,,stop,54,عرضي
GRAMUSDT,rnd310051,2024-08-28T04:00:00+00:00,2024-09-03T12:00:00+00:00,5.346942,4.99407068571,20.0,-1.3199,,stop,38,عرضي
GRAMUSDT,rnd310051,2024-09-03T16:00:00+00:00,2024-09-04T08:00:00+00:00,4.886344,4.56968139566,20.0,-1.2961,,stop,4,هابط
GRAMUSDT,rnd310051,2024-09-04T20:00:00+00:00,2024-10-01T12:00:00+00:00,4.60598,5.49770082857,20.0,3.872,,stop,160,هابط
GRAMUSDT,rnd310051,2024-10-02T00:00:00+00:00,2024-10-10T16:00:00+00:00,5.3849914,4.99331307189,20.0,-1.4547,,stop,52,عرضي
GRAMUSDT,rnd310051,2024-10-11T12:00:00+00:00,2024-10-23T16:00:00+00:00,5.2297899,5.09593808571,20.0,-0.5119,,stop,73,هابط
GRAMUSDT,rnd310051,2024-10-24T20:00:00+00:00,2024-10-25T12:00:00+00:00,5.1707132,5.01168952284,20.0,-0.6151,,stop,4,هابط
GRAMUSDT,rnd310051,2024-10-25T20:00:00+00:00,2024-10-25T20:00:00+00:00,4.9444194,4.77177944049,20.0,-0.6983,,stop,0,هابط
GRAMUSDT,rnd310051,2024-10-26T20:00:00+00:00,2024-11-03T00:00:00+00:00,4.9384116,4.74197027143,20.0,-0.7956,,stop,43,هابط
GRAMUSDT,rnd310051,2024-11-03T04:00:00+00:00,2024-11-05T04:00:00+00:00,4.7942244,4.61242461429,20.0,-0.7584,,stop,12,هابط
GRAMUSDT,rnd310051,2024-11-06T08:00:00+00:00,2024-11-07T04:00:00+00:00,4.7721958,4.85739145714,20.0,0.3571,,stop,5,هابط
GRAMUSDT,rnd310051,2024-11-08T04:00:00+00:00,2024-11-13T20:00:00+00:00,4.8773323,5.12047757143,20.0,0.997,,stop,34,هابط
GRAMUSDT,rnd310051,2024-11-14T04:00:00+00:00,2024-11-26T08:00:00+00:00,5.4010122,5.6895939,20.0,1.0686,,stop,73,هابط
GRAMUSDT,rnd310051,2024-11-27T12:00:00+00:00,2024-12-09T20:00:00+00:00,6.2401016,6.25642748571,20.0,0.0523,,stop,74,عرضي
GRAMUSDT,rnd310051,2024-12-10T12:00:00+00:00,2024-12-18T20:00:00+00:00,5.9026635,5.52323901429,20.0,-1.2856,,stop,50,صاعد
GRAMUSDT,rnd310051,2024-12-19T04:00:00+00:00,2024-12-20T08:00:00+00:00,5.4680993,5.00319382448,20.0,-1.7004,,stop,7,صاعد
GRAMUSDT,rnd310051,2024-12-21T12:00:00+00:00,2025-01-08T04:00:00+00:00,5.4981383,5.20094425714,20.0,-1.0811,,stop,106,صاعد
GRAMUSDT,rnd310051,2025-01-09T08:00:00+00:00,2025-01-19T08:00:00+00:00,5.2077613,5.09408335714,20.0,-0.4366,,stop,60,هابط
GRAMUSDT,rnd310051,2025-01-21T00:00:00+00:00,2025-02-01T20:00:00+00:00,5.0375403,4.5810369,20.0,-1.8124,,stop,71,هابط
GRAMUSDT,rnd310051,2025-02-03T04:00:00+00:00,2025-03-04T00:00:00+00:00,3.5065526,2.96242954286,20.0,-3.1035,,stop,173,هابط
GRAMUSDT,rnd310051,2025-03-05T00:00:00+00:00,2025-03-09T16:00:00+00:00,3.124056,2.7280049772,20.0,-2.5355,,stop,28,هابط
GRAMUSDT,rnd310051,2025-03-10T04:00:00+00:00,2025-03-10T16:00:00+00:00,2.6744723,2.53084847143,20.0,-1.074,,stop,3,هابط
GRAMUSDT,rnd310051,2025-03-11T20:00:00+00:00,2025-04-03T08:00:00+00:00,2.7165269,3.72186955714,20.0,7.4017,,stop,135,هابط
GRAMUSDT,rnd310051,2025-04-06T04:00:00+00:00,2025-04-06T20:00:00+00:00,3.2452133,3.01967546914,20.0,-1.39,,stop,4,عرضي
GRAMUSDT,rnd310051,2025-04-07T00:00:00+00:00,2025-04-12T00:00:00+00:00,2.9207921,2.846295,20.0,-0.5101,,stop,30,هابط
GRAMUSDT,rnd310051,2025-04-13T04:00:00+00:00,2025-05-03T16:00:00+00:00,2.9197908,3.06786372857,20.0,1.0143,,stop,123,هابط
GRAMUSDT,rnd310051,2025-05-05T16:00:00+00:00,2025-05-11T04:00:00+00:00,2.9648493,3.3805995,20.0,2.8045,,stop,33,هابط
GRAMUSDT,rnd310051,2025-05-11T08:00:00+00:00,2025-05-15T04:00:00+00:00,3.3483472,3.17672202857,20.0,-1.0251,,stop,23,هابط
GRAMUSDT,rnd310051,2025-05-16T16:00:00+00:00,2025-05-19T12:00:00+00:00,3.1460846,2.93494277931,20.0,-1.3423,,stop,17,هابط
GRAMUSDT,rnd310051,2025-05-20T16:00:00+00:00,2025-05-28T16:00:00+00:00,3.0509611,3.37903011429,20.0,2.1506,,stop,48,هابط
GRAMUSDT,rnd310051,2025-05-29T20:00:00+00:00,2025-05-31T00:00:00+00:00,3.3934057,3.04034096902,20.0,-2.0809,,stop,7,هابط
GRAMUSDT,rnd310051,2025-05-31T08:00:00+00:00,2025-06-13T00:00:00+00:00,3.0860066,2.93974478571,20.0,-0.9479,,stop,76,هابط
GRAMUSDT,rnd310051,2025-06-13T04:00:00+00:00,2025-06-21T20:00:00+00:00,2.9708571,2.78027375363,20.0,-1.283,,stop,52,عرضي
GRAMUSDT,rnd310051,2025-06-22T12:00:00+00:00,2025-06-22T12:00:00+00:00,2.8256686,2.67611369511,20.0,-1.0585,,stop,0,هابط
GRAMUSDT,rnd310051,2025-06-25T04:00:00+00:00,2025-07-01T12:00:00+00:00,2.9017674,2.75122187024,20.0,-1.0376,,stop,38,هابط
GRAMUSDT,rnd310051,2025-07-02T04:00:00+00:00,2025-07-04T16:00:00+00:00,2.7846153,2.756412,20.0,-0.2026,,stop,15,هابط
GRAMUSDT,rnd310051,2025-07-06T20:00:00+00:00,2025-07-07T20:00:00+00:00,2.9097778,2.73782114243,20.0,-1.1819,,stop,6,هابط
GRAMUSDT,rnd310051,2025-07-08T00:00:00+00:00,2025-07-23T00:00:00+00:00,2.7395568,3.29856342857,20.0,4.081,,stop,90,هابط
GRAMUSDT,rnd310051,2025-07-23T20:00:00+00:00,2025-08-05T08:00:00+00:00,3.1701158,3.28986047143,20.0,0.7555,,stop,75,عرضي
GRAMUSDT,rnd310051,2025-08-05T16:00:00+00:00,2025-08-19T00:00:00+00:00,3.2732497,3.21510064286,20.0,-0.3553,,stop,80,عرضي
GRAMUSDT,rnd310051,2025-08-19T12:00:00+00:00,2025-08-25T16:00:00+00:00,3.2882692,3.16302557143,20.0,-0.7618,,stop,37,عرضي
GRAMUSDT,rnd310051,2025-08-26T00:00:00+00:00,2025-08-29T08:00:00+00:00,3.1190495,3.04318157143,20.0,-0.4865,,stop,20,عرضي
GRAMUSDT,rnd310051,2025-08-30T12:00:00+00:00,2025-09-22T00:00:00+00:00,3.0900118,3.03890142857,20.0,-0.3308,,stop,135,هابط
GRAMUSDT,rnd310051,2025-09-22T16:00:00+00:00,2025-09-25T16:00:00+00:00,2.8296738,2.67155340263,20.0,-1.1176,,stop,18,هابط
GRAMUSDT,rnd310051,2025-09-27T12:00:00+00:00,2025-10-09T12:00:00+00:00,2.713523,2.68493361429,20.0,-0.2107,,stop,72,هابط
GRAMUSDT,rnd310051,2025-10-10T20:00:00+00:00,2025-10-10T20:00:00+00:00,2.6744723,2.53545762887,20.0,-1.0396,,stop,0,هابط
GRAMUSDT,rnd310051,2025-10-11T16:00:00+00:00,2025-11-20T16:00:00+00:00,2.1938483,1.63011924364,20.0,-5.1392,,stop,240,هابط
GRAMUSDT,rnd310051,2025-11-20T20:00:00+00:00,2025-11-21T04:00:00+00:00,1.6211047,1.51948394246,20.0,-1.2537,,stop,2,هابط
GRAMUSDT,rnd310051,2025-11-24T00:00:00+00:00,2025-12-01T00:00:00+00:00,1.4709097,1.52530024286,20.0,0.7395,,stop,42,هابط
GRAMUSDT,rnd310051,2025-12-01T04:00:00+00:00,2025-12-05T16:00:00+00:00,1.4859292,1.54684362857,20.0,0.8199,,stop,27,هابط
GRAMUSDT,rnd310051,2025-12-07T16:00:00+00:00,2025-12-11T00:00:00+00:00,1.5890631,1.59435321429,20.0,0.0666,,stop,20,هابط
GRAMUSDT,rnd310051,2025-12-11T12:00:00+00:00,2025-12-15T12:00:00+00:00,1.6000774,1.53114977143,20.0,-0.8616,,stop,24,هابط
GRAMUSDT,rnd310051,2025-12-18T00:00:00+00:00,2026-01-09T04:00:00+00:00,1.4739136,1.79994274286,20.0,4.424,,stop,133,هابط
GRAMUSDT,rnd310051,2026-01-09T20:00:00+00:00,2026-01-19T00:00:00+00:00,1.7372555,1.63330251429,20.0,-1.1967,,stop,55,عرضي
GRAMUSDT,rnd310051,2026-01-22T16:00:00+00:00,2026-01-29T12:00:00+00:00,1.5460072,1.45696781921,20.0,-1.1519,,stop,41,هابط
GRAMUSDT,rnd310051,2026-01-29T20:00:00+00:00,2026-01-31T12:00:00+00:00,1.4508837,1.38087194405,20.0,-0.9651,,stop,10,هابط
GRAMUSDT,rnd310051,2026-02-02T04:00:00+00:00,2026-02-06T00:00:00+00:00,1.3357342,1.2493737,20.0,-1.2931,,stop,23,هابط
GRAMUSDT,rnd310051,2026-02-06T04:00:00+00:00,2026-02-23T00:00:00+00:00,1.241612,1.30544357143,20.0,1.0282,,stop,101,هابط
GRAMUSDT,rnd310051,2026-02-24T16:00:00+00:00,2026-02-28T04:00:00+00:00,1.3207147,1.2514071816,20.0,-1.0495,,stop,21,هابط
GRAMUSDT,rnd310051,2026-03-02T16:00:00+00:00,2026-03-19T04:00:00+00:00,1.2446159,1.26606625714,20.0,0.3447,,stop,99,هابط
GRAMUSDT,rnd310051,2026-03-19T16:00:00+00:00,2026-03-27T00:00:00+00:00,1.2436146,1.25579391429,20.0,0.1959,,stop,44,هابط
GRAMUSDT,rnd310051,2026-03-29T00:00:00+00:00,2026-04-09T20:00:00+00:00,1.2396094,1.24423752857,20.0,0.0747,,stop,71,هابط
GRAMUSDT,rnd310051,2026-04-11T16:00:00+00:00,2026-04-18T16:00:00+00:00,1.3978148,1.3502424,20.0,-0.6807,,stop,42,هابط
GRAMUSDT,rnd310051,2026-04-19T16:00:00+00:00,2026-05-05T04:00:00+00:00,1.30169,1.7347419,20.0,6.6537,,stop,93,عرضي
GRAMUSDT,rnd310051,2026-05-05T08:00:00+00:00,2026-05-06T16:00:00+00:00,1.8133543,2.2980087,20.0,5.3454,,stop,8,عرضي
GRAMUSDT,rnd310051,2026-05-07T04:00:00+00:00,2026-05-13T12:00:00+00:00,2.673471,2.15709170199,20.0,-3.863,,stop,38,عرضي
GRAMUSDT,rnd310051,2026-05-15T00:00:00+00:00,2026-05-15T20:00:00+00:00,2.132769,1.94684195387,20.0,-1.7435,,stop,5,عرضي
GRAMUSDT,rnd310051,2026-05-16T00:00:00+00:00,2026-05-22T20:00:00+00:00,1.9565402,1.82519558571,20.0,-1.3426,,stop,41,عرضي
GRAMUSDT,rnd310051,2026-05-25T08:00:00+00:00,2026-05-25T20:00:00+00:00,1.8213647,1.97885271429,20.0,1.7293,,stop,3,عرضي
GRAMUSDT,rnd310051,2026-05-27T04:00:00+00:00,2026-06-03T20:00:00+00:00,1.9315077,1.89867137143,20.0,-0.34,,stop,46,صاعد
GRAMUSDT,rnd310051,2026-06-04T00:00:00+00:00,2026-06-04T20:00:00+00:00,1.9074765,1.63766619126,20.0,-2.829,,stop,5,صاعد
GRAMUSDT,rnd310051,2026-06-05T12:00:00+00:00,2026-07-17T04:00:00+00:00,1.5299864,1.45139644286,20.0,-1.0273,,stop,237,صاعد
GRAMUSDT,rnd310051,2026-07-17T20:00:00+00:00,2026-07-29T00:00:00+00:00,1.4989461,1.4161566,20.0,-1.1046,,stop,67,هابط
GRAMUSDT,rnd310051,2026-07-30T12:00:00+00:00,2026-08-04T00:00:00+00:00,1.4358642,1.36480193368,20.0,-0.9898,,stop,27,هابط
GRAMUSDT,rnd310051,2026-08-06T00:00:00+00:00,2026-08-07T00:00:00+00:00,1.4048239,1.3409355575,20.0,-0.9096,,stop,6,هابط
GRAMUSDT,rnd310051,2026-08-07T20:00:00+00:00,2026-08-18T12:00:00+00:00,1.3537576,1.29510748298,20.0,-0.8665,,stop,64,هابط
GRAMUSDT,rnd310051,2026-08-20T04:00:00+00:00,2026-08-22T04:00:00+00:00,1.351755,1.46480755714,20.0,1.6727,,stop,12,هابط
GRAMUSDT,rnd310051,2026-08-22T08:00:00+00:00,2026-08-28T16:00:00+00:00,1.4739136,1.35537857143,20.0,-1.6084,,stop,38,هابط
GRAMUSDT,rnd310051,2026-08-29T16:00:00+00:00,2026-08-30T20:00:00+00:00,1.3627693,1.3342632,20.0,-0.4184,,stop,7,هابط
IMXUSDT,rnd310051,2024-01-03T12:00:00+00:00,2024-01-03T12:00:00+00:00,2.20456221,2.02292897913,20.0,-1.6478,,stop,0,صاعد
IMXUSDT,rnd310051,2024-01-03T20:00:00+00:00,2024-01-08T00:00:00+00:00,2.06698359,1.82729285571,20.0,-2.3192,,stop,25,صاعد
IMXUSDT,rnd310051,2024-01-09T08:00:00+00:00,2024-01-14T20:00:00+00:00,1.96364943,2.00068144286,20.0,0.3772,,stop,33,صاعد
IMXUSDT,rnd310051,2024-01-16T04:00:00+00:00,2024-01-18T12:00:00+00:00,2.08941271,1.95460056455,20.0,-1.2904,,stop,14,صاعد
IMXUSDT,rnd310051,2024-01-20T04:00:00+00:00,2024-01-22T16:00:00+00:00,1.90186922,1.76432261501,20.0,-1.4464,,stop,15,صاعد
IMXUSDT,rnd310051,2024-01-24T20:00:00+00:00,2024-02-13T08:00:00+00:00,1.84078992,2.89126503429,20.0,11.4133,,stop,117,صاعد
IMXUSDT,rnd310051,2024-02-16T12:00:00+00:00,2024-02-21T16:00:00+00:00,3.18823933,3.18776479714,20.0,-0.003,,stop,31,صاعد
IMXUSDT,rnd310051,2024-02-22T08:00:00+00:00,2024-02-23T16:00:00+00:00,3.49764103,3.08202204309,20.0,-2.3766,,stop,8,صاعد
IMXUSDT,rnd310051,2024-02-24T04:00:00+00:00,2024-02-28T16:00:00+00:00,3.00650338,3.04238261143,20.0,0.2387,,stop,27,صاعد
IMXUSDT,rnd310051,2024-02-28T20:00:00+00:00,2024-03-05T16:00:00+00:00,3.24601434,2.9541546,20.0,-1.7983,,stop,35,صاعد
IMXUSDT,rnd310051,2024-03-08T00:00:00+00:00,2024-03-15T00:00:00+00:00,3.34464239,3.05683522714,20.0,-1.721,,stop,42,صاعد
IMXUSDT,rnd310051,2024-03-16T20:00:00+00:00,2024-04-03T00:00:00+00:00,2.83197679,2.60141376,20.0,-1.6283,,stop,103,صاعد
IMXUSDT,rnd310051,2024-04-03T04:00:00+00:00,2024-04-12T12:00:00+00:00,2.72734094,2.50023118286,20.0,-1.6654,,stop,56,صاعد
IMXUSDT,rnd310051,2024-04-13T12:00:00+00:00,2024-04-13T16:00:00+00:00,2.1517937,1.87399718962,20.0,-2.582,,stop,1,عرضي
IMXUSDT,rnd310051,2024-04-14T20:00:00+00:00,2024-06-07T16:00:00+00:00,2.07229048,1.92764793857,20.0,-1.396,,stop,323,عرضي
IMXUSDT,rnd310051,2024-06-08T12:00:00+00:00,2024-06-11T12:00:00+00:00,2.03023588,1.8540367805,20.0,-1.7358,,stop,18,عرضي
IMXUSDT,rnd310051,2024-06-12T00:00:00+00:00,2024-06-13T12:00:00+00:00,1.83087705,1.80015675,20.0,-0.3356,,stop,9,عرضي
IMXUSDT,rnd310051,2024-06-14T00:00:00+00:00,2024-06-17T00:00:00+00:00,1.79803441,1.65297203491,20.0,-1.6136,,stop,18,عرضي
IMXUSDT,rnd310051,2024-06-19T04:00:00+00:00,2024-07-04T12:00:00+00:00,1.54770941,1.35487922143,20.0,-2.4918,,stop,92,هابط
IMXUSDT,rnd310051,2024-07-05T08:00:00+00:00,2024-07-25T16:00:00+00:00,1.22148587,1.39875068571,20.0,2.9024,,stop,122,هابط
IMXUSDT,rnd310051,2024-07-26T00:00:00+00:00,2024-07-30T20:00:00+00:00,1.4588941,1.4101644,20.0,-0.668,,stop,29,هابط
IMXUSDT,rnd310051,2024-07-31T12:00:00+00:00,2024-08-01T12:00:00+00:00,1.4308577,1.32128065642,20.0,-1.5316,,stop,6,هابط
IMXUSDT,rnd310051,2024-08-01T20:00:00+00:00,2024-08-03T00:00:00+00:00,1.3227173,1.24224012857,20.0,-1.2168,,stop,7,هابط
IMXUSDT,rnd310051,2024-08-03T16:00:00+00:00,2024-08-04T16:00:00+00:00,1.2326003,1.10277197318,20.0,-2.1066,,stop,6,هابط
IMXUSDT,rnd310051,2024-08-05T00:00:00+00:00,2024-08-05T00:00:00+00:00,1.1024313,0.991854496453,20.0,-2.0061,,stop,0,هابط
IMXUSDT,rnd310051,2024-08-05T16:00:00+00:00,2024-09-01T20:00:00+00:00,1.0533676,1.25690675143,20.0,3.8645,,stop,163,هابط
IMXUSDT,rnd310051,2024-09-03T12:00:00+00:00,2024-09-04T00:00:00+00:00,1.2265925,1.12031276904,20.0,-1.7329,,stop,3,عرضي
IMXUSDT,rnd310051,2024-09-05T04:00:00+00:00,2024-09-18T12:00:00+00:00,1.1905457,1.3192827,20.0,2.1627,,stop,80,هابط
IMXUSDT,rnd310051,2024-09-19T08:00:00+00:00,2024-10-01T12:00:00+00:00,1.4578928,1.62916504286,20.0,2.3496,,stop,73,هابط
IMXUSDT,rnd310051,2024-10-05T04:00:00+00:00,2024-10-08T12:00:00+00:00,1.5490111,1.42073317128,20.0,-1.6563,,stop,20,عرضي
IMXUSDT,rnd310051,2024-10-09T00:00:00+00:00,2024-10-17T16:00:00+00:00,1.4298564,1.46380885714,20.0,0.4749,,stop,52,عرضي
IMXUSDT,rnd310051,2024-10-18T20:00:00+00:00,2024-10-21T16:00:00+00:00,1.5430033,1.5260136,20.0,-0.2202,,stop,17,عرضي
IMXUSDT,rnd310051,2024-10-22T12:00:00+00:00,2024-10-25T16:00:00+00:00,1.5129643,1.39079676784,20.0,-1.6149,,stop,19,عرضي
IMXUSDT,rnd310051,2024-10-26T08:00:00+00:00,2024-10-31T20:00:00+00:00,1.3457472,1.27976271429,20.0,-0.9806,,stop,33,عرضي
IMXUSDT,rnd310051,2024-11-01T00:00:00+00:00,2024-11-01T20:00:00+00:00,1.2045639,1.1084781455,20.0,-1.5954,,stop,5,هابط
IMXUSDT,rnd310051,2024-11-03T08:00:00+00:00,2024-11-03T12:00:00+00:00,1.1434846,1.04961832002,20.0,-1.6418,,stop,1,هابط
IMXUSDT,rnd310051,2024-11-06T00:00:00+00:00,2024-11-09T12:00:00+00:00,1.081404,1.26107275714,20.0,3.3229,,stop,21,هابط
IMXUSDT,rnd310051,2024-11-09T16:00:00+00:00,2024-11-12T08:00:00+00:00,1.2506237,1.32299215714,20.0,1.1573,,stop,16,هابط
IMXUSDT,rnd310051,2024-11-12T16:00:00+00:00,2024-12-09T04:00:00+00:00,1.2846679,1.9334832,20.0,10.1009,,stop,159,هابط
IMXUSDT,rnd310051,2024-12-09T12:00:00+00:00,2024-12-09T20:00:00+00:00,1.8854479,1.72944669273,20.0,-1.6548,,stop,2,صاعد
IMXUSDT,rnd310051,2024-12-11T20:00:00+00:00,2024-12-18T20:00:00+00:00,1.8854479,1.60336081773,20.0,-2.9923,,stop,42,صاعد
IMXUSDT,rnd310051,2024-12-19T20:00:00+00:00,2024-12-20T08:00:00+00:00,1.4088291,1.23115508646,20.0,-2.5223,,stop,3,صاعد
IMXUSDT,rnd310051,2024-12-21T08:00:00+00:00,2024-12-22T04:00:00+00:00,1.5229773,1.29058307237,20.0,-3.0518,,stop,5,صاعد
IMXUSDT,rnd310051,2024-12-23T20:00:00+00:00,2025-01-08T00:00:00+00:00,1.3707797,1.27919202857,20.0,-1.3363,,stop,91,عرضي
IMXUSDT,rnd310051,2025-01-10T12:00:00+00:00,2025-01-13T08:00:00+00:00,1.2626393,1.15310260105,20.0,-1.735,,stop,17,هابط
IMXUSDT,rnd310051,2025-01-15T08:00:00+00:00,2025-01-19T08:00:00+00:00,1.2165795,1.26820632857,20.0,0.8487,,stop,24,هابط
IMXUSDT,rnd310051,2025-01-20T04:00:00+00:00,2025-02-01T20:00:00+00:00,1.1394794,1.02509421429,20.0,-2.0077,,stop,76,هابط
IMXUSDT,rnd310051,2025-02-02T16:00:00+00:00,2025-02-02T16:00:00+00:00,0.9882831,0.898007028399,20.0,-1.8269,,stop,0,هابط
IMXUSDT,rnd310051,2025-02-03T08:00:00+00:00,2025-02-24T16:00:00+00:00,0.7770088,0.656431242857,20.0,-3.1036,,stop,128,هابط
IMXUSDT,rnd310051,2025-02-25T16:00:00+00:00,2025-03-04T00:00:00+00:00,0.6568528,0.627326271429,20.0,-0.899,,stop,38,هابط
IMXUSDT,rnd310051,2025-03-04T12:00:00+00:00,2025-03-09T08:00:00+00:00,0.5977761,0.553707814286,20.0,-1.4744,,stop,29,هابط
IMXUSDT,rnd310051,2025-03-09T16:00:00+00:00,2025-03-10T16:00:00+00:00,0.5437059,0.50305108233,20.0,-1.4955,,stop,6,هابط
IMXUSDT,rnd310051,2025-03-11T20:00:00+00:00,2025-03-26T12:00:00+00:00,0.5326916,0.649012328571,20.0,4.3673,,stop,88,هابط
IMXUSDT,rnd310051,2025-03-26T16:00:00+00:00,2025-03-28T04:00:00+00:00,0.6568528,0.602358771429,20.0,-1.6592,,stop,9,هابط
IMXUSDT,rnd310051,2025-03-29T04:00:00+00:00,2025-03-30T20:00:00+00:00,0.580754,0.5250705198,20.0,-1.9176,,stop,10,هابط
IMXUSDT,rnd310051,2025-03-31T08:00:00+00:00,2025-04-02T20:00:00+00:00,0.5296877,0.489586123847,20.0,-1.5142,,stop,15,هابط
IMXUSDT,rnd310051,2025-04-03T00:00:00+00:00,2025-04-05T12:00:00+00:00,0.4766188,0.427669249131,20.0,-2.054,,stop,15,هابط
IMXUSDT,rnd310051,2025-04-07T08:00:00+00:00,2025-04-22T16:00:00+00:00,0.3634719,0.5402967,20.0,9.7298,,stop,92,هابط
IMXUSDT,rnd310051,2025-04-23T12:00:00+00:00,2025-04-24T08:00:00+00:00,0.6628606,0.553746934791,20.0,-3.2922,,stop,5,هابط
IMXUSDT,rnd310051,2025-04-24T12:00:00+00:00,2025-05-19T12:00:00+00:00,0.5717423,0.6072096,20.0,1.2407,,stop,150,هابط
IMXUSDT,rnd310051,2025-05-20T20:00:00+00:00,2025-05-25T00:00:00+00:00,0.6448372,0.624615514286,20.0,-0.6272,,stop,25,عرضي
IMXUSDT,rnd310051,2025-05-26T04:00:00+00:00,2025-05-30T00:00:00+00:00,0.6438359,0.60055416333,20.0,-1.3445,,stop,23,عرضي
IMXUSDT,rnd310051,2025-05-31T04:00:00+00:00,2025-06-05T20:00:00+00:00,0.5286864,0.510050357143,20.0,-0.705,,stop,34,عرضي
IMXUSDT,rnd310051,2025-06-06T12:00:00+00:00,2025-06-11T20:00:00+00:00,0.5086604,0.525744214286,20.0,0.6717,,stop,32,هابط
IMXUSDT,rnd310051,2025-06-12T16:00:00+00:00,2025-06-13T00:00:00+00:00,0.4966448,0.445707483189,20.0,-2.0513,,stop,2,هابط
IMXUSDT,rnd310051,2025-06-13T16:00:00+00:00,2025-06-17T16:00:00+00:00,0.4646032,0.410854108697,20.0,-2.3138,,stop,24,هابط
IMXUSDT,rnd310051,2025-06-17T20:00:00+00:00,2025-06-20T16:00:00+00:00,0.4175421,0.380439741699,20.0,-1.7772,,stop,17,هابط
IMXUSDT,rnd310051,2025-06-21T20:00:00+00:00,2025-06-22T16:00:00+00:00,0.3724836,0.345426817749,20.0,-1.4528,,stop,5,هابط
IMXUSDT,rnd310051,2025-06-23T08:00:00+00:00,2025-06-30T04:00:00+00:00,0.3734849,0.451555071429,20.0,4.1806,,stop,41,هابط
IMXUSDT,rnd310051,2025-07-02T04:00:00+00:00,2025-07-19T00:00:00+00:00,0.4265538,0.565121528571,20.0,6.4971,,stop,101,هابط
IMXUSDT,rnd310051,2025-07-19T12:00:00+00:00,2025-07-23T20:00:00+00:00,0.580754,0.557845285714,20.0,-0.7889,,stop,26,عرضي
IMXUSDT,rnd310051,2025-07-24T00:00:00+00:00,2025-07-30T08:00:00+00:00,0.5727436,0.543007457143,20.0,-1.0384,,stop,38,عرضي
IMXUSDT,rnd310051,2025-07-31T04:00:00+00:00,2025-08-01T00:00:00+00:00,0.5637319,0.509497262816,20.0,-1.9241,,stop,5,عرضي
IMXUSDT,rnd310051,2025-08-01T04:00:00+00:00,2025-08-11T20:00:00+00:00,0.5166708,0.553850485714,20.0,1.4392,,stop,64,عرضي
IMXUSDT,rnd310051,2025-08-12T00:00:00+00:00,2025-08-14T16:00:00+00:00,0.5577241,0.559272,20.0,0.0555,,stop,16,عرضي
IMXUSDT,rnd310051,2025-08-14T20:00:00+00:00,2025-08-22T12:00:00+00:00,0.5647332,0.519466671429,20.0,-1.6031,,stop,46,عرضي
IMXUSDT,rnd310051,2025-08-22T16:00:00+00:00,2025-08-25T04:00:00+00:00,0.5727436,0.553137128571,20.0,-0.6847,,stop,15,عرضي
IMXUSDT,rnd310051,2025-08-26T08:00:00+00:00,2025-09-01T20:00:00+00:00,0.5316903,0.494641842857,20.0,-1.3936,,stop,39,عرضي
IMXUSDT,rnd310051,2025-09-02T16:00:00+00:00,2025-09-15T08:00:00+00:00,0.5076591,0.627040928571,20.0,4.7032,,stop,76,هابط
IMXUSDT,rnd310051,2025-09-15T16:00:00+00:00,2025-09-19T04:00:00+00:00,0.6178021,0.875574557143,20.0,8.3448,,stop,21,عرضي
IMXUSDT,rnd310051,2025-09-19T12:00:00+00:00,2025-09-22T04:00:00+00:00,0.8470998,0.724727855974,20.0,-2.8892,,stop,16,عرضي
IMXUSDT,rnd310051,2025-09-23T08:00:00+00:00,2025-09-30T00:00:00+00:00,0.6838879,0.726768257143,20.0,1.254,,stop,40,عرضي
IMXUSDT,rnd310051,2025-10-01T00:00:00+00:00,2025-10-07T12:00:00+00:00,0.6858905,0.713642485714,20.0,0.8092,,stop,39,عرضي
IMXUSDT,rnd310051,2025-10-08T00:00:00+00:00,2025-10-10T12:00:00+00:00,0.7079191,0.64832518017,20.0,-1.6836,,stop,15,عرضي
IMXUSDT,rnd310051,2025-10-11T04:00:00+00:00,2025-11-04T04:00:00+00:00,0.5046552,0.422164757143,20.0,-3.2692,,stop,144,عرضي
IMXUSDT,rnd310051,2025-11-04T08:00:00+00:00,2025-11-12T16:00:00+00:00,0.4245512,0.418740642857,20.0,-0.2737,,stop,50,هابط
IMXUSDT,rnd310051,2025-11-13T16:00:00+00:00,2025-11-14T04:00:00+00:00,0.4255525,0.387013013893,20.0,-1.8113,,stop,3,هابط
IMXUSDT,rnd310051,2025-11-15T20:00:00+00:00,2025-11-19T16:00:00+00:00,0.3885044,0.347159647851,20.0,-2.1284,,stop,23,هابط
IMXUSDT,rnd310051,2025-11-22T08:00:00+00:00,2025-12-12T12:00:00+00:00,0.3084004,0.267338122337,20.0,-2.6629,,stop,121,هابط
IMXUSDT,rnd310051,2025-12-12T16:00:00+00:00,2025-12-17T16:00:00+00:00,0.2673471,0.24078367377,20.0,-1.9872,,stop,30,هابط
IMXUSDT,rnd310051,2025-12-19T04:00:00+00:00,2026-01-08T08:00:00+00:00,0.2222886,0.266795571429,20.0,4.0044,,stop,121,هابط
IMXUSDT,rnd310051,2026-01-09T00:00:00+00:00,2026-01-15T12:00:00+00:00,0.2743562,0.266224885714,20.0,-0.5928,,stop,39,هابط
IMXUSDT,rnd310051,2026-01-17T16:00:00+00:00,2026-01-18T20:00:00+00:00,0.3084004,0.282140283051,20.0,-1.703,,stop,7,هابط
IMXUSDT,rnd310051,2026-01-19T04:00:00+00:00,2026-01-25T16:00:00+00:00,0.2613393,0.230681880339,20.0,-2.3462,,stop,39,هابط
IMXUSDT,rnd310051,2026-01-26T20:00:00+00:00,2026-01-29T12:00:00+00:00,0.2383094,0.219095633494,20.0,-1.6125,,stop,16,هابط
IMXUSDT,rnd310051,2026-01-30T04:00:00+00:00,2026-01-31T12:00:00+00:00,0.20316377,0.185511576742,20.0,-1.7377,,stop,8,هابط
IMXUSDT,rnd310051,2026-01-31T16:00:00+00:00,2026-01-31T16:00:00+00:00,0.18864492,0.16922820839,20.0,-2.0585,,stop,0,هابط
IMXUSDT,rnd310051,2026-02-01T16:00:00+00:00,2026-02-05T12:00:00+00:00,0.17943296,0.158779848938,20.0,-2.302,,stop,23,هابط
IMXUSDT,rnd310051,2026-02-06T08:00:00+00:00,2026-03-08T20:00:00+00:00,0.14969435,0.14660916,20.0,-0.4122,,stop,183,هابط
IMXUSDT,rnd310051,2026-03-09T08:00:00+00:00,2026-03-17T12:00:00+00:00,0.15359942,0.18006561,20.0,3.4461,,stop,49,هابط
IMXUSDT,rnd310051,2026-03-18T12:00:00+00:00,2026-03-19T12:00:00+00:00,0.17542776,0.160629384269,20.0,-1.6871,,stop,6,هابط
IMXUSDT,rnd310051,2026-03-19T16:00:00+00:00,2026-03-26T00:00:00+00:00,0.16140956,0.148877635714,20.0,-1.5528,,stop,38,هابط
IMXUSDT,rnd310051,2026-03-26T16:00:00+00:00,2026-03-28T00:00:00+00:00,0.14699084,0.142485955714,20.0,-0.6129,,stop,8,هابط
IMXUSDT,rnd310051,2026-03-28T04:00:00+00:00,2026-04-02T00:00:00+00:00,0.14348629,0.134667561429,20.0,-1.2292,,stop,29,هابط
IMXUSDT,rnd310051,2026-04-02T08:00:00+00:00,2026-04-12T20:00:00+00:00,0.13687771,0.137349784286,20.0,0.069,,stop,63,هابط
IMXUSDT,rnd310051,2026-04-13T04:00:00+00:00,2026-04-19T00:00:00+00:00,0.14338616,0.160334151429,20.0,2.364,,stop,35,هابط
IMXUSDT,rnd310051,2026-04-19T08:00:00+00:00,2026-04-25T16:00:00+00:00,0.15840566,0.18286197,20.0,3.0878,,stop,38,هابط
IMXUSDT,rnd310051,2026-04-27T04:00:00+00:00,2026-04-29T12:00:00+00:00,0.17763062,0.163114723408,20.0,-1.6344,,stop,14,عرضي
IMXUSDT,rnd310051,2026-04-30T08:00:00+00:00,2026-05-12T08:00:00+00:00,0.16611567,0.185843802857,20.0,2.3752,,stop,72,عرضي
IMXUSDT,rnd310051,2026-05-13T04:00:00+00:00,2026-05-15T04:00:00+00:00,0.19114817,0.19604481,20.0,0.5123,,stop,12,عرضي
IMXUSDT,rnd310051,2026-05-15T12:00:00+00:00,2026-05-16T04:00:00+00:00,0.20236273,0.181501470951,20.0,-2.0618,,stop,4,عرضي
IMXUSDT,rnd310051,2026-05-17T08:00:00+00:00,2026-05-23T04:00:00+00:00,0.17763062,0.16035046448,20.0,-1.9456,,stop,35,عرضي
IMXUSDT,rnd310051,2026-05-24T04:00:00+00:00,2026-05-28T04:00:00+00:00,0.16881918,0.156526145423,20.0,-1.4564,,stop,24,عرضي
IMXUSDT,rnd310051,2026-05-29T04:00:00+00:00,2026-06-02T16:00:00+00:00,0.15890631,0.149434054286,20.0,-1.1922,,stop,27,هابط
IMXUSDT,rnd310051,2026-06-04T00:00:00+00:00,2026-06-04T08:00:00+00:00,0.15269825,0.137822419061,20.0,-1.9484,,stop,2,هابط
IMXUSDT,rnd310051,2026-06-04T20:00:00+00:00,2026-06-05T16:00:00+00:00,0.14468785,0.127450520081,20.0,-2.3827,,stop,5,هابط
IMXUSDT,rnd310051,2026-06-06T16:00:00+00:00,2026-06-24T16:00:00+00:00,0.12706497,0.128418552857,20.0,0.2131,,stop,108,هابط
IMXUSDT,rnd310051,2026-06-26T04:00:00+00:00,2026-06-30T20:00:00+00:00,0.12576328,0.115220441307,20.0,-1.6766,,stop,28,هابط
IMXUSDT,rnd310051,2026-07-01T12:00:00+00:00,2026-07-05T08:00:00+00:00,0.11555002,0.132042407143,20.0,2.8546,,stop,23,هابط
IMXUSDT,rnd310051,2026-07-06T16:00:00+00:00,2026-07-19T20:00:00+00:00,0.1431859,0.123007924401,20.0,-2.8184,,stop,79,هابط
IMXUSDT,rnd310051,2026-07-21T04:00:00+00:00,2026-07-24T12:00:00+00:00,0.12476198,0.124281081429,20.0,-0.0771,,stop,20,هابط
IMXUSDT,rnd310051,2026-07-25T04:00:00+00:00,2026-07-27T16:00:00+00:00,0.12406107,0.12144192,20.0,-0.4222,,stop,15,هابط
IMXUSDT,rnd310051,2026-07-28T00:00:00+00:00,2026-07-29T00:00:00+00:00,0.11825353,0.112731787911,20.0,-0.9339,,stop,6,هابط
IMXUSDT,rnd310051,2026-07-29T12:00:00+00:00,2026-07-31T08:00:00+00:00,0.11224573,0.105679596265,20.0,-1.17,,stop,11,هابط
IMXUSDT,rnd310051,2026-07-31T12:00:00+00:00,2026-08-16T20:00:00+00:00,0.10583741,0.106119008571,20.0,0.0532,,stop,98,هابط
IMXUSDT,rnd310051,2026-08-17T00:00:00+00:00,2026-08-18T00:00:00+00:00,0.10773988,0.104247039585,20.0,-0.6484,,stop,6,هابط
IMXUSDT,rnd310051,2026-08-18T04:00:00+00:00,2026-08-19T00:00:00+00:00,0.10013,0.0953630095714,20.0,-0.9522,,stop,5,هابط
IMXUSDT,rnd310051,2026-08-19T12:00:00+00:00,2026-08-21T16:00:00+00:00,0.09652532,0.11814621,20.0,4.4798,,stop,13,هابط
IMXUSDT,rnd310051,2026-08-22T04:00:00+00:00,2026-08-22T04:00:00+00:00,0.13167095,0.117339638479,20.0,-2.1768,,stop,0,هابط
IMXUSDT,rnd310051,2026-08-22T16:00:00+00:00,2026-08-30T20:00:00+00:00,0.12075678,0.12244062,20.0,0.2789,,stop,49,هابط
LINKUSDT,rnd310051,2024-01-04T04:00:00+00:00,2024-01-08T00:00:00+00:00,14.3306056,12.9280629556,20.0,-1.9574,,stop,23,صاعد
LINKUSDT,rnd310051,2024-01-11T16:00:00+00:00,2024-01-12T20:00:00+00:00,15.0525429,13.5980567014,20.0,-1.9325,,stop,7,عرضي
LINKUSDT,rnd310051,2024-01-17T00:00:00+00:00,2024-01-18T16:00:00+00:00,15.2868471,14.5514870143,20.0,-0.9621,,stop,10,صاعد
LINKUSDT,rnd310051,2024-01-24T12:00:00+00:00,2024-02-20T12:00:00+00:00,14.2865484,18.8585947714,20.0,6.4005,,stop,162,صاعد
LINKUSDT,rnd310051,2024-02-22T16:00:00+00:00,2024-02-28T16:00:00+00:00,18.5250513,18.6885304286,20.0,0.1765,,stop,36,صاعد
LINKUSDT,rnd310051,2024-03-01T16:00:00+00:00,2024-03-05T16:00:00+00:00,19.7105905,18.5119032,20.0,-1.2163,,stop,24,صاعد
LINKUSDT,rnd310051,2024-03-13T20:00:00+00:00,2024-03-15T00:00:00+00:00,20.4455447,19.7915232429,20.0,-0.6398,,stop,7,صاعد
LINKUSDT,rnd310051,2024-03-21T12:00:00+00:00,2024-04-01T16:00:00+00:00,18.2617094,17.8785847286,20.0,-0.4196,,stop,67,صاعد
LINKUSDT,rnd310051,2024-04-04T00:00:00+00:00,2024-04-12T16:00:00+00:00,17.7059879,16.5939711857,20.0,-1.2561,,stop,52,صاعد
LINKUSDT,rnd310051,2024-04-15T08:00:00+00:00,2024-04-30T16:00:00+00:00,14.4337395,12.9704022429,20.0,-2.0277,,stop,92,عرضي
LINKUSDT,rnd310051,2024-05-01T12:00:00+00:00,2024-05-08T12:00:00+00:00,12.9598259,13.6743430714,20.0,1.1027,,stop,42,عرضي
LINKUSDT,rnd310051,2024-05-08T16:00:00+00:00,2024-05-13T00:00:00+00:00,14.0222052,13.1219102261,20.0,-1.2841,,stop,26,عرضي
LINKUSDT,rnd310051,2024-06-14T08:00:00+00:00,2024-06-17T08:00:00+00:00,15.3609433,14.2836004487,20.0,-1.4027,,stop,18,عرضي
LINKUSDT,rnd310051,2024-06-20T08:00:00+00:00,2024-06-22T08:00:00+00:00,14.7561581,13.6466087016,20.0,-1.5038,,stop,12,عرضي
LINKUSDT,rnd310051,2024-07-02T04:00:00+00:00,2024-07-03T16:00:00+00:00,14.4717889,13.8646342709,20.0,-0.8391,,stop,9,هابط
LINKUSDT,rnd310051,2024-07-05T20:00:00+00:00,2024-07-25T00:00:00+00:00,12.386081,12.8355777429,20.0,0.7258,,stop,115,هابط
LINKUSDT,rnd310051,2024-07-27T08:00:00+00:00,2024-07-31T16:00:00+00:00,13.667745,12.9080855029,20.0,-1.1116,,stop,26,هابط
LINKUSDT,rnd310051,2024-08-04T04:00:00+00:00,2024-08-04T16:00:00+00:00,11.755262,10.7885400701,20.0,-1.6447,,stop,3,هابط
LINKUSDT,rnd310051,2024-08-06T16:00:00+00:00,2024-09-06T12:00:00+00:00,10.393494,9.61890771429,20.0,-1.4905,,stop,185,هابط
LINKUSDT,rnd310051,2024-09-07T04:00:00+00:00,2024-09-16T00:00:00+00:00,9.672558,10.6290214286,20.0,1.9777,,stop,53,هابط
LINKUSDT,rnd310051,2024-09-18T20:00:00+00:00,2024-09-22T20:00:00+00:00,10.573728,10.8401751429,20.0,0.504,,stop,24,هابط
LINKUSDT,rnd310051,2024-09-28T12:00:00+00:00,2024-09-30T08:00:00+00:00,12.71651,12.050823537,20.0,-1.047,,stop,11,عرضي
LINKUSDT,rnd310051,2024-09-30T12:00:00+00:00,2024-10-01T12:00:00+00:00,12.095704,11.4326079777,20.0,-1.0964,,stop,6,عرضي
LINKUSDT,rnd310051,2024-10-03T04:00:00+00:00,2024-10-10T16:00:00+00:00,10.864105,10.3294114286,20.0,-0.9843,,stop,45,عرضي
LINKUSDT,rnd310051,2024-10-13T16:00:00+00:00,2024-10-15T12:00:00+00:00,10.693884,10.9229245714,20.0,0.4284,,stop,11,هابط
LINKUSDT,rnd310051,2024-10-19T20:00:00+00:00,2024-10-23T04:00:00+00:00,11.364755,11.6491221429,20.0,0.5004,,stop,20,هابط
LINKUSDT,rnd310051,2024-10-28T08:00:00+00:00,2024-10-31T16:00:00+00:00,10.994274,11.4978904286,20.0,0.9161,,stop,20,عرضي
LINKUSDT,rnd310051,2024-11-04T04:00:00+00:00,2024-11-04T16:00:00+00:00,10.81404,10.2417797837,20.0,-1.0584,,stop,3,هابط
LINKUSDT,rnd310051,2024-11-05T16:00:00+00:00,2024-11-10T20:00:00+00:00,10.804027,13.812021,20.0,5.5683,,stop,31,هابط
LINKUSDT,rnd310051,2024-11-14T00:00:00+00:00,2024-11-26T08:00:00+00:00,13.507537,16.2959305714,20.0,4.1286,,stop,74,عرضي
LINKUSDT,rnd310051,2024-11-26T20:00:00+00:00,2024-12-03T12:00:00+00:00,17.102204,23.2212017143,20.0,7.1558,,stop,40,صاعد
LINKUSDT,rnd310051,2024-12-04T00:00:00+00:00,2024-12-09T20:00:00+00:00,24.13133,20.5946207143,20.0,-2.9312,,stop,35,صاعد
LINKUSDT,rnd310051,2024-12-10T12:00:00+00:00,2024-12-19T00:00:00+00:00,23.220147,24.248436,20.0,0.8857,,stop,51,صاعد
LINKUSDT,rnd310051,2024-12-20T08:00:00+00:00,2024-12-30T12:00:00+00:00,22.659419,20.4348287143,20.0,-1.9635,,stop,61,صاعد
LINKUSDT,rnd310051,2024-12-31T16:00:00+00:00,2025-01-07T12:00:00+00:00,20.847066,22.1454591429,20.0,1.2456,,stop,41,صاعد
LINKUSDT,rnd310051,2025-01-22T04:00:00+00:00,2025-01-27T04:00:00+00:00,26.344203,22.3240725004,20.0,-3.052,,stop,30,صاعد
LINKUSDT,rnd310051,2025-01-27T16:00:00+00:00,2025-02-01T20:00:00+00:00,23.720797,22.7846271429,20.0,-0.7893,,stop,31,صاعد
LINKUSDT,rnd310051,2025-02-05T08:00:00+00:00,2025-02-24T20:00:00+00:00,19.655519,15.688668611,20.0,-4.0364,,stop,117,صاعد
LINKUSDT,rnd310051,2025-02-26T00:00:00+00:00,2025-02-28T04:00:00+00:00,15.329903,13.6318014475,20.0,-2.2154,,stop,13,عرضي
LINKUSDT,rnd310051,2025-03-02T20:00:00+00:00,2025-03-03T16:00:00+00:00,16.972035,15.4733220688,20.0,-1.7661,,stop,5,عرضي
LINKUSDT,rnd310051,2025-03-04T16:00:00+00:00,2025-03-09T16:00:00+00:00,13.857992,14.1002172857,20.0,0.3496,,stop,30,عرضي
LINKUSDT,rnd310051,2025-03-12T12:00:00+00:00,2025-03-30T20:00:00+00:00,13.387381,13.2056674286,20.0,-0.2715,,stop,110,عرضي
LINKUSDT,rnd310051,2025-04-03T00:00:00+00:00,2025-04-06T16:00:00+00:00,12.91677,11.6872710561,20.0,-1.9037,,stop,22,هابط
LINKUSDT,rnd310051,2025-04-07T16:00:00+00:00,2025-05-06T08:00:00+00:00,11.294664,13.2199345714,20.0,3.4092,,stop,172,هابط
LINKUSDT,rnd310051,2025-05-07T00:00:00+00:00,2025-05-12T12:00:00+00:00,13.837966,16.6697297143,20.0,4.0927,,stop,33,عرضي
LINKUSDT,rnd310051,2025-05-14T20:00:00+00:00,2025-05-16T20:00:00+00:00,17.042126,15.6039573076,20.0,-1.6878,,stop,12,عرضي
LINKUSDT,rnd310051,2025-05-20T16:00:00+00:00,2025-05-30T00:00:00+00:00,15.550189,14.8178545714,20.0,-0.9419,,stop,56,عرضي
LINKUSDT,rnd310051,2025-05-30T16:00:00+00:00,2025-06-05T16:00:00+00:00,14.268525,13.1567560961,20.0,-1.5584,,stop,36,عرضي
LINKUSDT,rnd310051,2025-06-08T20:00:00+00:00,2025-06-12T00:00:00+00:00,13.928083,14.7493722857,20.0,1.1793,,stop,19,هابط
LINKUSDT,rnd310051,2025-06-14T08:00:00+00:00,2025-06-20T16:00:00+00:00,13.227173,12.4766164286,20.0,-1.1349,,stop,38,هابط
LINKUSDT,rnd310051,2025-06-20T20:00:00+00:00,2025-06-21T20:00:00+00:00,12.586341,11.842354471,20.0,-1.1822,,stop,6,هابط
LINKUSDT,rnd310051,2025-07-01T04:00:00+00:00,2025-07-04T16:00:00+00:00,13.337316,13.0144877143,20.0,-0.4841,,stop,21,هابط
LINKUSDT,rnd310051,2025-07-07T04:00:00+00:00,2025-07-11T20:00:00+00:00,13.577628,15.1089042857,20.0,2.2556,,stop,28,هابط
LINKUSDT,rnd310051,2025-07-15T08:00:00+00:00,2025-07-18T20:00:00+00:00,15.430033,17.4415821429,20.0,2.6073,,stop,21,عرضي
LINKUSDT,rnd310051,2025-07-21T20:00:00+00:00,2025-07-23T16:00:00+00:00,19.275025,17.7358669318,20.0,-1.597,,stop,11,عرضي
LINKUSDT,rnd310051,2025-07-24T04:00:00+00:00,2025-07-30T16:00:00+00:00,18.253699,16.8209614286,20.0,-1.5698,,stop,39,عرضي
LINKUSDT,rnd310051,2025-07-30T20:00:00+00:00,2025-08-01T12:00:00+00:00,17.492711,16.14312619,20.0,-1.543,,stop,10,صاعد
LINKUSDT,rnd310051,2025-08-03T12:00:00+00:00,2025-08-11T20:00:00+00:00,16.191021,20.9869671429,20.0,5.9242,,stop,50,صاعد
LINKUSDT,rnd310051,2025-08-13T00:00:00+00:00,2025-08-15T12:00:00+00:00,23.63068,21.4384879731,20.0,-1.8554,,stop,15,صاعد
LINKUSDT,rnd310051,2025-08-18T00:00:00+00:00,2025-08-19T16:00:00+00:00,25.673332,23.5801379184,20.0,-1.6306,,stop,10,صاعد
LINKUSDT,rnd310051,2025-08-20T20:00:00+00:00,2025-08-25T20:00:00+00:00,26.194008,23.2797763253,20.0,-2.2251,,stop,30,صاعد
LINKUSDT,rnd310051,2025-08-27T00:00:00+00:00,2025-09-01T20:00:00+00:00,24.401681,22.4350821429,20.0,-1.6119,,stop,35,صاعد
LINKUSDT,rnd310051,2025-09-04T00:00:00+00:00,2025-09-04T12:00:00+00:00,23.720797,22.5040037139,20.0,-1.0259,,stop,3,صاعد
LINKUSDT,rnd310051,2025-09-05T20:00:00+00:00,2025-09-15T08:00:00+00:00,22.499211,23.6663365714,20.0,1.0375,,stop,57,صاعد
LINKUSDT,rnd310051,2025-09-21T04:00:00+00:00,2025-09-22T00:00:00+00:00,23.410394,22.3224085235,20.0,-0.9295,,stop,5,صاعد
LINKUSDT,rnd310051,2025-09-23T00:00:00+00:00,2025-09-25T12:00:00+00:00,21.688158,20.4543898232,20.0,-1.1377,,stop,15,صاعد
LINKUSDT,rnd310051,2025-09-27T04:00:00+00:00,2025-10-09T08:00:00+00:00,21.107404,21.5762001429,20.0,0.4442,,stop,73,صاعد
LINKUSDT,rnd310051,2025-10-15T00:00:00+00:00,2025-10-16T16:00:00+00:00,19.12483,17.3468925424,20.0,-1.8593,,stop,10,عرضي
LINKUSDT,rnd310051,2025-10-20T16:00:00+00:00,2025-10-21T20:00:00+00:00,18.794401,17.5964957787,20.0,-1.2747,,stop,7,عرضي
LINKUSDT,rnd310051,2025-10-26T00:00:00+00:00,2025-10-28T20:00:00+00:00,18.043426,17.8510491429,20.0,-0.2132,,stop,17,عرضي
LINKUSDT,rnd310051,2025-10-29T04:00:00+00:00,2025-10-30T16:00:00+00:00,17.82314,16.6996907143,20.0,-1.2607,,stop,9,عرضي
LINKUSDT,rnd310051,2025-10-30T20:00:00+00:00,2025-11-03T12:00:00+00:00,16.411307,15.1574125714,20.0,-1.5281,,stop,22,عرضي
LINKUSDT,rnd310051,2025-11-20T20:00:00+00:00,2025-11-21T04:00:00+00:00,13.0169,11.9281589229,20.0,-1.6728,,stop,2,هابط
LINKUSDT,rnd310051,2025-11-21T20:00:00+00:00,2025-12-15T12:00:00+00:00,12.135756,12.7448387143,20.0,1.0038,,stop,142,هابط
LINKUSDT,rnd310051,2025-12-19T20:00:00+00:00,2026-01-19T00:00:00+00:00,12.636406,12.8118942857,20.0,0.2778,,stop,181,هابط
LINKUSDT,rnd310051,2026-01-24T16:00:00+00:00,2026-01-25T16:00:00+00:00,12.165795,11.7629832165,20.0,-0.6622,,stop,6,هابط
LINKUSDT,rnd310051,2026-01-29T08:00:00+00:00,2026-01-29T12:00:00+00:00,11.635106,11.1491646479,20.0,-0.8353,,stop,1,هابط
LINKUSDT,rnd310051,2026-01-29T20:00:00+00:00,2026-01-31T12:00:00+00:00,10.964235,10.3186604231,20.0,-1.1776,,stop,10,هابط
LINKUSDT,rnd310051,2026-02-01T08:00:00+00:00,2026-02-05T04:00:00+00:00,9.952922,8.98230123711,20.0,-1.9504,,stop,23,هابط
LINKUSDT,rnd310051,2026-02-09T20:00:00+00:00,2026-02-11T04:00:00+00:00,8.981661,8.39929912641,20.0,-1.2968,,stop,8,هابط
LINKUSDT,rnd310051,2026-02-11T16:00:00+00:00,2026-02-23T00:00:00+00:00,8.250712,8.299197,20.0,0.1175,,stop,68,هابط
LINKUSDT,rnd310051,2026-02-24T12:00:00+00:00,2026-02-27T08:00:00+00:00,8.180621,8.83564157143,20.0,1.6014,,stop,17,هابط
LINKUSDT,rnd310051,2026-03-02T04:00:00+00:00,2026-03-08T00:00:00+00:00,8.841479,8.57740628571,20.0,-0.5973,,stop,35,هابط
LINKUSDT,rnd310051,2026-03-27T00:00:00+00:00,2026-03-27T16:00:00+00:00,8.931596,8.49375403234,20.0,-0.9804,,stop,4,هابط
LINKUSDT,rnd310051,2026-04-01T20:00:00+00:00,2026-04-02T00:00:00+00:00,9.031726,8.52241814906,20.0,-1.1278,,stop,1,هابط
LINKUSDT,rnd310051,2026-04-04T12:00:00+00:00,2026-04-06T20:00:00+00:00,8.671258,8.72721128571,20.0,0.1291,,stop,14,هابط
LINKUSDT,rnd310051,2026-04-11T12:00:00+00:00,2026-04-12T12:00:00+00:00,9.021713,8.71437085714,20.0,-0.6813,,stop,6,هابط
LINKUSDT,rnd310051,2026-04-15T12:00:00+00:00,2026-04-19T04:00:00+00:00,9.161895,9.13239814286,20.0,-0.0644,,stop,22,هابط
LINKUSDT,rnd310051,2026-04-20T04:00:00+00:00,2026-04-29T16:00:00+00:00,9.21196,8.968326,20.0,-0.529,,stop,57,عرضي
LINKUSDT,rnd310051,2026-05-01T00:00:00+00:00,2026-05-12T08:00:00+00:00,9.121843,10.3536655714,20.0,2.7008,,stop,68,عرضي
LINKUSDT,rnd310051,2026-05-15T12:00:00+00:00,2026-05-16T08:00:00+00:00,10.31339,9.70967955729,20.0,-1.1707,,stop,5,عرضي
LINKUSDT,rnd310051,2026-05-16T20:00:00+00:00,2026-05-23T04:00:00+00:00,9.762675,9.24885012964,20.0,-1.0526,,stop,38,عرضي
LINKUSDT,rnd310051,2026-05-25T16:00:00+00:00,2026-05-27T20:00:00+00:00,9.6154839,9.19226839593,20.0,-0.8803,,stop,13,عرضي
LINKUSDT,rnd310051,2026-05-28T08:00:00+00:00,2026-06-02T12:00:00+00:00,8.9155752,8.59096007143,20.0,-0.7282,,stop,31,هابط
LINKUSDT,rnd310051,2026-06-07T00:00:00+00:00,2026-06-23T08:00:00+00:00,7.4046135,7.50109302857,20.0,0.2606,,stop,98,هابط
LINKUSDT,rnd310051,2026-06-25T12:00:00+00:00,2026-06-25T12:00:00+00:00,7.4506733,7.00851465685,20.0,-1.1869,,stop,0,هابط
LINKUSDT,rnd310051,2026-07-04T00:00:00+00:00,2026-07-08T08:00:00+00:00,7.9853675,7.61777293296,20.0,-0.9207,,stop,26,هابط
LINKUSDT,rnd310051,2026-07-15T04:00:00+00:00,2026-07-17T12:00:00+00:00,8.330816,8.03397081429,20.0,-0.7126,,stop,14,هابط
LINKUSDT,rnd310051,2026-07-18T08:00:00+00:00,2026-07-24T12:00:00+00:00,8.2617263,8.29477418571,20.0,0.08,,stop,37,هابط
LINKUSDT,rnd310051,2026-07-27T08:00:00+00:00,2026-07-27T12:00:00+00:00,8.8234556,8.56641191129,20.0,-0.5826,,stop,1,عرضي
LINKUSDT,rnd310051,2026-07-29T00:00:00+00:00,2026-07-31T12:00:00+00:00,8.4579811,8.07354326028,20.0,-0.9091,,stop,15,عرضي
LINKUSDT,rnd310051,2026-08-03T04:00:00+00:00,2026-08-15T08:00:00+00:00,8.2617263,9.267936,20.0,2.4358,,stop,73,عرضي
LINKUSDT,rnd310051,2026-08-16T20:00:00+00:00,2026-08-22T04:00:00+00:00,9.4773045,11.6760870429,20.0,4.6401,,stop,32,عرضي
LINKUSDT,rnd310051,2026-08-22T08:00:00+00:00,2026-08-30T20:00:00+00:00,11.7642737,11.1295128,20.0,-1.0791,,stop,51,عرضي
PEPEUSDT,rnd310051,2024-01-03T16:00:00+00:00,2024-01-08T00:00:00+00:00,1.261638e-06,1.08700876346e-06,20.0,-2.7683,,stop,26,عرضي
PEPEUSDT,rnd310051,2024-01-10T08:00:00+00:00,2024-01-12T20:00:00+00:00,1.171521e-06,1.24409485714e-06,20.0,1.239,,stop,15,هابط
PEPEUSDT,rnd310051,2024-01-15T16:00:00+00:00,2024-01-19T00:00:00+00:00,1.211573e-06,1.11426385714e-06,20.0,-1.6063,,stop,20,هابط
PEPEUSDT,rnd310051,2024-01-19T12:00:00+00:00,2024-01-22T16:00:00+00:00,1.141482e-06,1.0401280734e-06,20.0,-1.7758,,stop,19,هابط
PEPEUSDT,rnd310051,2024-01-26T00:00:00+00:00,2024-01-31T00:00:00+00:00,1.031339e-06,9.81579428571e-07,20.0,-0.965,,stop,30,هابط
PEPEUSDT,rnd310051,2024-02-02T00:00:00+00:00,2024-02-16T12:00:00+00:00,9.21196e-07,1.148505e-06,20.0,4.9351,,stop,87,هابط
PEPEUSDT,rnd310051,2024-02-18T12:00:00+00:00,2024-02-23T12:00:00+00:00,1.211573e-06,1.21128042857e-06,20.0,-0.0048,,stop,30,هابط
PEPEUSDT,rnd310051,2024-02-24T00:00:00+00:00,2024-02-27T04:00:00+00:00,1.191547e-06,2.00168014286e-06,20.0,13.598,,stop,19,عرضي
PEPEUSDT,rnd310051,2024-02-27T20:00:00+00:00,2024-02-29T20:00:00+00:00,2.663458e-06,2.68792971429e-06,20.0,0.1838,,stop,12,عرضي
PEPEUSDT,rnd310051,2024-03-02T04:00:00+00:00,2024-03-05T04:00:00+00:00,4.155395e-06,7.23344142857e-06,20.0,14.8147,,stop,18,صاعد
PEPEUSDT,rnd310051,2024-03-06T12:00:00+00:00,2024-03-19T00:00:00+00:00,8.070478e-06,6.29181e-06,20.0,-4.4078,,stop,75,صاعد
PEPEUSDT,rnd310051,2024-03-19T04:00:00+00:00,2024-04-03T12:00:00+00:00,6.378281e-06,6.85964228571e-06,20.0,1.5094,,stop,92,صاعد
PEPEUSDT,rnd310051,2024-04-03T16:00:00+00:00,2024-04-12T16:00:00+00:00,6.999087e-06,6.49440342857e-06,20.0,-1.4421,,stop,54,صاعد
PEPEUSDT,rnd310051,2024-04-13T16:00:00+00:00,2024-04-13T16:00:00+00:00,5.797527e-06,4.63613503633e-06,20.0,-4.0065,,stop,0,صاعد
PEPEUSDT,rnd310051,2024-04-14T08:00:00+00:00,2024-05-18T12:00:00+00:00,5.437059e-06,9.27506957143e-06,20.0,14.118,,stop,205,صاعد
PEPEUSDT,rnd310051,2024-05-18T16:00:00+00:00,2024-05-22T12:00:00+00:00,9.442259e-06,1.26078741429e-05,20.0,6.7052,,stop,23,صاعد
PEPEUSDT,rnd310051,2024-05-23T16:00:00+00:00,2024-05-30T04:00:00+00:00,1.3707797e-05,1.33697395714e-05,20.0,-0.4932,,stop,39,صاعد
PEPEUSDT,rnd310051,2024-05-30T08:00:00+00:00,2024-06-07T16:00:00+00:00,1.3307277e-05,1.25579391429e-05,20.0,-1.1262,,stop,50,صاعد
PEPEUSDT,rnd310051,2024-06-10T00:00:00+00:00,2024-06-14T12:00:00+00:00,1.2776588e-05,1.14194211429e-05,20.0,-2.1245,,stop,27,صاعد
PEPEUSDT,rnd310051,2024-06-19T12:00:00+00:00,2024-06-30T04:00:00+00:00,1.1394794e-05,1.09200711429e-05,20.0,-0.8332,,stop,64,صاعد
PEPEUSDT,rnd310051,2024-07-03T08:00:00+00:00,2024-07-04T00:00:00+00:00,1.081404e-05,9.91006871229e-06,20.0,-1.6718,,stop,4,صاعد
PEPEUSDT,rnd310051,2024-07-10T04:00:00+00:00,2024-07-25T20:00:00+00:00,9.101817e-06,1.10584624286e-05,20.0,4.2995,,stop,94,عرضي
PEPEUSDT,rnd310051,2024-07-26T08:00:00+00:00,2024-08-01T12:00:00+00:00,1.1795314e-05,1.03514824132e-05,20.0,-2.4481,,stop,37,صاعد
PEPEUSDT,rnd310051,2024-08-06T20:00:00+00:00,2024-09-06T16:00:00+00:00,7.890244e-06,6.78259971429e-06,20.0,-2.8076,,stop,185,عرضي
PEPEUSDT,rnd310051,2024-09-07T04:00:00+00:00,2024-09-16T00:00:00+00:00,6.678671e-06,7.15925228571e-06,20.0,1.4392,,stop,53,عرضي
PEPEUSDT,rnd310051,2024-09-16T12:00:00+00:00,2024-09-22T20:00:00+00:00,7.239399e-06,7.81411414286e-06,20.0,1.5877,,stop,38,عرضي
PEPEUSDT,rnd310051,2024-09-23T16:00:00+00:00,2024-09-28T08:00:00+00:00,8.170608e-06,1.06147542857e-05,20.0,5.9828,,stop,28,هابط
PEPEUSDT,rnd310051,2024-09-28T16:00:00+00:00,2024-10-01T16:00:00+00:00,1.10143e-05,1.00026938571e-05,20.0,-1.8369,,stop,18,صاعد
PEPEUSDT,rnd310051,2024-10-02T20:00:00+00:00,2024-10-25T20:00:00+00:00,9.262025e-06,8.46469585714e-06,20.0,-1.7217,,stop,138,صاعد
PEPEUSDT,rnd310051,2024-10-26T00:00:00+00:00,2024-11-01T20:00:00+00:00,8.801427e-06,8.79997371429e-06,20.0,-0.0033,,stop,41,صاعد
PEPEUSDT,rnd310051,2024-11-02T00:00:00+00:00,2024-11-03T00:00:00+00:00,8.901557e-06,8.19624515447e-06,20.0,-1.5847,,stop,6,عرضي
PEPEUSDT,rnd310051,2024-11-03T04:00:00+00:00,2024-11-08T16:00:00+00:00,8.360855e-06,1.0416441e-05,20.0,4.9172,,stop,33,عرضي
PEPEUSDT,rnd310051,2024-11-10T00:00:00+00:00,2024-11-12T08:00:00+00:00,1.1204547e-05,1.25393918571e-05,20.0,2.3827,,stop,14,صاعد
PEPEUSDT,rnd310051,2024-11-13T20:00:00+00:00,2024-11-20T16:00:00+00:00,1.8203634e-05,1.83889204286e-05,20.0,0.2036,,stop,41,صاعد
PEPEUSDT,rnd310051,2024-11-20T20:00:00+00:00,2024-11-26T08:00:00+00:00,1.8534063e-05,1.7836782e-05,20.0,-0.7524,,stop,33,صاعد
PEPEUSDT,rnd310051,2024-11-27T00:00:00+00:00,2024-12-02T08:00:00+00:00,1.8313777e-05,1.97100578571e-05,20.0,1.5248,,stop,32,صاعد
PEPEUSDT,rnd310051,2024-12-03T00:00:00+00:00,2024-12-09T20:00:00+00:00,2.0456559e-05,2.44510294286e-05,20.0,3.9053,,stop,41,صاعد
PEPEUSDT,rnd310051,2024-12-12T12:00:00+00:00,2024-12-18T20:00:00+00:00,2.4501811e-05,2.05054763243e-05,20.0,-3.2621,,stop,38,صاعد
PEPEUSDT,rnd310051,2024-12-19T20:00:00+00:00,2025-01-08T16:00:00+00:00,1.7072165e-05,1.74829568571e-05,20.0,0.4812,,stop,119,صاعد
PEPEUSDT,rnd310051,2025-01-11T04:00:00+00:00,2025-01-13T08:00:00+00:00,1.7612867e-05,1.60562524158e-05,20.0,-1.7676,,stop,13,صاعد
PEPEUSDT,rnd310051,2025-01-14T04:00:00+00:00,2025-01-18T08:00:00+00:00,1.7062152e-05,1.84288684286e-05,20.0,1.602,,stop,25,عرضي
PEPEUSDT,rnd310051,2025-01-21T16:00:00+00:00,2025-01-27T04:00:00+00:00,1.5630293e-05,1.23588484405e-05,20.0,-4.186,,stop,33,عرضي
PEPEUSDT,rnd310051,2025-01-29T12:00:00+00:00,2025-02-01T20:00:00+00:00,1.2756562e-05,1.20928302857e-05,20.0,-1.0406,,stop,20,عرضي
PEPEUSDT,rnd310051,2025-02-05T00:00:00+00:00,2025-02-25T04:00:00+00:00,1.0173208e-05,7.5758465796e-06,20.0,-5.1063,,stop,121,عرضي
PEPEUSDT,rnd310051,2025-02-26T12:00:00+00:00,2025-03-03T16:00:00+00:00,8.21066e-06,7.260549e-06,20.0,-2.3143,,stop,31,هابط
PEPEUSDT,rnd310051,2025-03-05T12:00:00+00:00,2025-03-09T16:00:00+00:00,7.099217e-06,5.99498480361e-06,20.0,-3.1109,,stop,25,هابط
PEPEUSDT,rnd310051,2025-03-12T08:00:00+00:00,2025-03-28T08:00:00+00:00,6.378281e-06,7.75561885714e-06,20.0,4.3188,,stop,96,هابط
PEPEUSDT,rnd310051,2025-03-30T12:00:00+00:00,2025-04-02T20:00:00+00:00,7.059165e-06,6.92669785714e-06,20.0,-0.3753,,stop,20,هابط
PEPEUSDT,rnd310051,2025-04-03T00:00:00+00:00,2025-04-07T00:00:00+00:00,7.069178e-06,6.09160574717e-06,20.0,-2.7657,,stop,24,هابط
PEPEUSDT,rnd310051,2025-04-09T00:00:00+00:00,2025-05-03T08:00:00+00:00,6.057865e-06,8.35626557143e-06,20.0,7.5882,,stop,146,هابط
PEPEUSDT,rnd310051,2025-05-03T16:00:00+00:00,2025-05-05T12:00:00+00:00,8.440959e-06,7.87535057473e-06,20.0,-1.3402,,stop,11,عرضي
PEPEUSDT,rnd310051,2025-05-06T04:00:00+00:00,2025-05-09T00:00:00+00:00,7.920283e-06,1.09200711429e-05,20.0,7.575,,stop,17,عرضي
PEPEUSDT,rnd310051,2025-05-09T20:00:00+00:00,2025-05-17T00:00:00+00:00,1.2356042e-05,1.23767464286e-05,20.0,0.0335,,stop,43,عرضي
PEPEUSDT,rnd310051,2025-05-18T08:00:00+00:00,2025-05-23T12:00:00+00:00,1.291677e-05,1.44183745714e-05,20.0,2.325,,stop,31,عرضي
PEPEUSDT,rnd310051,2025-05-27T16:00:00+00:00,2025-05-30T00:00:00+00:00,1.4028213e-05,1.28147477143e-05,20.0,-1.73,,stop,14,صاعد
PEPEUSDT,rnd310051,2025-05-31T20:00:00+00:00,2025-06-05T20:00:00+00:00,1.1785301e-05,1.04749362857e-05,20.0,-2.2237,,stop,30,صاعد
PEPEUSDT,rnd310051,2025-06-08T16:00:00+00:00,2025-06-10T12:00:00+00:00,1.1585041e-05,1.24894568571e-05,20.0,1.5614,,stop,11,صاعد
PEPEUSDT,rnd310051,2025-06-11T08:00:00+00:00,2025-06-12T20:00:00+00:00,1.2936796e-05,1.16091844152e-05,20.0,-2.0525,,stop,9,صاعد
PEPEUSDT,rnd310051,2025-06-13T12:00:00+00:00,2025-06-20T16:00:00+00:00,1.0824053e-05,9.45460315967e-06,20.0,-2.5304,,stop,43,صاعد
PEPEUSDT,rnd310051,2025-06-22T04:00:00+00:00,2025-06-22T20:00:00+00:00,9.201947e-06,8.33752268319e-06,20.0,-1.8788,,stop,4,عرضي
PEPEUSDT,rnd310051,2025-06-23T20:00:00+00:00,2025-07-15T00:00:00+00:00,9.31209e-06,1.16919235714e-05,20.0,5.1113,,stop,127,عرضي
PEPEUSDT,rnd310051,2025-07-15T12:00:00+00:00,2025-07-23T12:00:00+00:00,1.221586e-05,1.2873243e-05,20.0,1.0763,,stop,48,عرضي
PEPEUSDT,rnd310051,2025-07-29T12:00:00+00:00,2025-07-30T16:00:00+00:00,1.1825353e-05,1.0887965934e-05,20.0,-1.5854,,stop,7,صاعد
PEPEUSDT,rnd310051,2025-08-01T04:00:00+00:00,2025-08-11T20:00:00+00:00,1.0773988e-05,1.11511988571e-05,20.0,0.7002,,stop,64,صاعد
PEPEUSDT,rnd310051,2025-08-12T20:00:00+00:00,2025-08-14T12:00:00+00:00,1.2175808e-05,1.11844635567e-05,20.0,-1.6284,,stop,10,عرضي
PEPEUSDT,rnd310051,2025-08-17T04:00:00+00:00,2025-08-18T08:00:00+00:00,1.1174508e-05,1.05534055714e-05,20.0,-1.1116,,stop,7,صاعد
PEPEUSDT,rnd310051,2025-08-20T16:00:00+00:00,2025-08-25T00:00:00+00:00,1.0423533e-05,1.0526298e-05,20.0,0.1972,,stop,26,عرضي
PEPEUSDT,rnd310051,2025-08-25T08:00:00+00:00,2025-09-01T20:00:00+00:00,1.0323403e-05,9.34695043324e-06,20.0,-1.8917,,stop,45,عرضي
PEPEUSDT,rnd310051,2025-09-03T04:00:00+00:00,2025-09-14T00:00:00+00:00,9.842779e-06,1.16362817143e-05,20.0,3.6443,,stop,65,هابط
PEPEUSDT,rnd310051,2025-09-14T08:00:00+00:00,2025-09-15T12:00:00+00:00,1.1675158e-05,1.06238290446e-05,20.0,-1.801,,stop,7,هابط
PEPEUSDT,rnd310051,2025-09-18T12:00:00+00:00,2025-09-20T08:00:00+00:00,1.1294664e-05,1.06022916511e-05,20.0,-1.226,,stop,11,عرضي
PEPEUSDT,rnd310051,2025-09-21T12:00:00+00:00,2025-09-22T00:00:00+00:00,1.0573728e-05,1.00588487607e-05,20.0,-0.9739,,stop,3,عرضي
PEPEUSDT,rnd310051,2025-09-22T20:00:00+00:00,2025-09-25T16:00:00+00:00,9.502337e-06,8.85866289047e-06,20.0,-1.3548,,stop,17,عرضي
PEPEUSDT,rnd310051,2025-09-26T12:00:00+00:00,2025-10-07T20:00:00+00:00,9.141869e-06,9.43058142857e-06,20.0,0.6316,,stop,68,هابط
PEPEUSDT,rnd310051,2025-10-09T00:00:00+00:00,2025-10-10T12:00:00+00:00,9.582441e-06,8.95292989813e-06,20.0,-1.3139,,stop,9,هابط
PEPEUSDT,rnd310051,2025-10-12T08:00:00+00:00,2025-11-14T20:00:00+00:00,6.818853e-06,4.99920685714e-06,20.0,-5.3371,,stop,201,هابط
PEPEUSDT,rnd310051,2025-11-15T08:00:00+00:00,2025-11-19T16:00:00+00:00,5.076591e-06,4.50287250313e-06,20.0,-2.2603,,stop,26,هابط
PEPEUSDT,rnd310051,2025-11-20T00:00:00+00:00,2025-11-21T04:00:00+00:00,4.766188e-06,4.34446141989e-06,20.0,-1.7697,,stop,7,هابط
PEPEUSDT,rnd310051,2025-11-21T20:00:00+00:00,2025-12-01T12:00:00+00:00,4.175421e-06,3.98909314286e-06,20.0,-0.8925,,stop,58,هابط
PEPEUSDT,rnd310051,2025-12-02T04:00:00+00:00,2025-12-05T16:00:00+00:00,4.055265e-06,4.44564171429e-06,20.0,1.9253,,stop,21,هابط
PEPEUSDT,rnd310051,2025-12-07T00:00:00+00:00,2025-12-09T04:00:00+00:00,4.515863e-06,4.55692542857e-06,20.0,0.1819,,stop,13,هابط
PEPEUSDT,rnd310051,2025-12-10T00:00:00+00:00,2025-12-11T00:00:00+00:00,4.946422e-06,4.48522647283e-06,20.0,-1.8648,,stop,6,هابط
PEPEUSDT,rnd310051,2025-12-11T12:00:00+00:00,2025-12-15T16:00:00+00:00,4.465798e-06,4.03376156974e-06,20.0,-1.9349,,stop,25,هابط
PEPEUSDT,rnd310051,2025-12-15T20:00:00+00:00,2025-12-18T16:00:00+00:00,4.025226e-06,3.79791342857e-06,20.0,-1.1294,,stop,17,هابط
PEPEUSDT,rnd310051,2025-12-24T12:00:00+00:00,2026-01-03T04:00:00+00:00,3.915083e-06,5.89233e-06,20.0,10.1007,,stop,58,هابط
PEPEUSDT,rnd310051,2026-01-06T04:00:00+00:00,2026-01-08T08:00:00+00:00,7.059165e-06,6.23141076407e-06,20.0,-2.3452,,stop,13,عرضي
PEPEUSDT,rnd310051,2026-01-15T04:00:00+00:00,2026-01-18T20:00:00+00:00,6.057865e-06,5.45790334693e-06,20.0,-1.9808,,stop,22,عرضي
PEPEUSDT,rnd310051,2026-01-21T08:00:00+00:00,2026-01-25T16:00:00+00:00,5.086604e-06,4.71814414286e-06,20.0,-1.4487,,stop,26,عرضي
PEPEUSDT,rnd310051,2026-01-25T20:00:00+00:00,2026-01-29T12:00:00+00:00,4.636019e-06,4.70245028571e-06,20.0,0.2866,,stop,22,هابط
PEPEUSDT,rnd310051,2026-01-30T16:00:00+00:00,2026-01-31T12:00:00+00:00,4.626006e-06,4.22942915649e-06,20.0,-1.7146,,stop,5,هابط
PEPEUSDT,rnd310051,2026-02-03T08:00:00+00:00,2026-02-05T08:00:00+00:00,4.245512e-06,3.83694604869e-06,20.0,-1.9247,,stop,12,هابط
PEPEUSDT,rnd310051,2026-02-06T12:00:00+00:00,2026-02-19T08:00:00+00:00,3.684784e-06,4.16172557143e-06,20.0,2.5887,,stop,77,هابط
PEPEUSDT,rnd310051,2026-02-20T20:00:00+00:00,2026-02-23T00:00:00+00:00,4.225486e-06,3.94343828571e-06,20.0,-1.335,,stop,13,هابط
PEPEUSDT,rnd310051,2026-02-24T20:00:00+00:00,2026-02-26T08:00:00+00:00,3.935109e-06,3.96769242857e-06,20.0,0.1656,,stop,9,هابط
PEPEUSDT,rnd310051,2026-02-26T20:00:00+00:00,2026-02-28T04:00:00+00:00,3.865018e-06,3.43732936946e-06,20.0,-2.2131,,stop,8,هابط
PEPEUSDT,rnd310051,2026-03-01T00:00:00+00:00,2026-03-01T20:00:00+00:00,3.664758e-06,3.36751738603e-06,20.0,-1.6222,,stop,5,هابط
PEPEUSDT,rnd310051,2026-03-02T04:00:00+00:00,2026-03-07T12:00:00+00:00,3.484524e-06,3.27716271429e-06,20.0,-1.1902,,stop,32,هابط
PEPEUSDT,rnd310051,2026-03-08T00:00:00+00:00,2026-03-13T20:00:00+00:00,3.254225e-06,3.34707171429e-06,20.0,0.5706,,stop,35,هابط
PEPEUSDT,rnd310051,2026-03-14T20:00:00+00:00,2026-03-17T08:00:00+00:00,3.324316e-06,3.715164e-06,20.0,2.3514,,stop,15,هابط
PEPEUSDT,rnd310051,2026-03-17T16:00:00+00:00,2026-03-22T00:00:00+00:00,3.654745e-06,3.25586401007e-06,20.0,-2.1828,,stop,26,هابط
PEPEUSDT,rnd310051,2026-03-22T08:00:00+00:00,2026-03-27T08:00:00+00:00,3.324316e-06,3.32709771429e-06,20.0,0.0167,,stop,30,هابط
PEPEUSDT,rnd310051,2026-03-28T12:00:00+00:00,2026-04-06T20:00:00+00:00,3.334329e-06,3.355632e-06,20.0,0.1278,,stop,56,هابط
PEPEUSDT,rnd310051,2026-04-07T16:00:00+00:00,2026-04-12T00:00:00+00:00,3.364368e-06,3.49116985714e-06,20.0,0.7538,,stop,26,هابط
PEPEUSDT,rnd310051,2026-04-16T08:00:00+00:00,2026-05-12T12:00:00+00:00,3.875031e-06,4.06756242857e-06,20.0,0.9937,,stop,157,هابط
PEPEUSDT,rnd310051,2026-05-14T00:00:00+00:00,2026-05-15T12:00:00+00:00,4.065278e-06,3.82359428571e-06,20.0,-1.189,,stop,9,عرضي
PEPEUSDT,rnd310051,2026-05-19T12:00:00+00:00,2026-05-23T04:00:00+00:00,3.654745e-06,3.49545e-06,20.0,-0.8717,,stop,22,عرضي
PEPEUSDT,rnd310051,2026-05-25T20:00:00+00:00,2026-05-27T04:00:00+00:00,3.624706e-06,3.43808781077e-06,20.0,-1.0297,,stop,8,هابط
PEPEUSDT,rnd310051,2026-05-31T00:00:00+00:00,2026-06-02T12:00:00+00:00,3.414433e-06,3.23165495139e-06,20.0,-1.0706,,stop,15,هابط
PEPEUSDT,rnd310051,2026-06-02T16:00:00+00:00,2026-06-04T00:00:00+00:00,3.194147e-06,2.97420407319e-06,20.0,-1.3772,,stop,8,هابط
PEPEUSDT,rnd310051,2026-06-07T08:00:00+00:00,2026-06-24T04:00:00+00:00,2.763588e-06,2.636568e-06,20.0,-0.9192,,stop,101,هابط
PEPEUSDT,rnd310051,2026-06-27T12:00:00+00:00,2026-07-08T08:00:00+00:00,2.413133e-06,2.55239185714e-06,20.0,1.1542,,stop,65,هابط
PEPEUSDT,rnd310051,2026-07-11T20:00:00+00:00,2026-07-17T12:00:00+00:00,2.80364e-06,2.67794271429e-06,20.0,-0.8967,,stop,34,هابط
PEPEUSDT,rnd310051,2026-07-18T00:00:00+00:00,2026-07-24T12:00:00+00:00,2.753575e-06,2.70790371429e-06,20.0,-0.3317,,stop,39,هابط
PEPEUSDT,rnd310051,2026-07-26T12:00:00+00:00,2026-07-27T20:00:00+00:00,3.013913e-06,2.81382169881e-06,20.0,-1.3278,,stop,8,هابط
PEPEUSDT,rnd310051,2026-07-28T12:00:00+00:00,2026-08-16T00:00:00+00:00,2.823666e-06,2.58948642857e-06,20.0,-1.6587,,stop,111,هابط
PEPEUSDT,rnd310051,2026-08-19T16:00:00+00:00,2026-08-21T12:00:00+00:00,2.693497e-06,3.51114385714e-06,20.0,6.0713,,stop,11,هابط
PEPEUSDT,rnd310051,2026-08-25T20:00:00+00:00,2026-08-30T20:00:00+00:00,3.945122e-06,3.52981298426e-06,20.0,-2.1054,,stop,30,عرضي
RENDERUSDT,rnd310051,2024-07-28T20:00:00+00:00,2024-07-31T04:00:00+00:00,6.3051861,5.85181131429,20.0,-1.4381,,stop,14,عرضي
RENDERUSDT,rnd310051,2024-08-01T00:00:00+00:00,2024-08-01T12:00:00+00:00,5.7494646,5.24228361745,20.0,-1.7643,,stop,3,عرضي
RENDERUSDT,rnd310051,2024-08-02T08:00:00+00:00,2024-08-04T12:00:00+00:00,5.3930018,4.72149871909,20.0,-2.4903,,stop,13,عرضي
RENDERUSDT,rnd310051,2024-08-04T20:00:00+00:00,2024-08-05T00:00:00+00:00,4.7071113,3.98406812674,20.0,-3.0721,,stop,1,عرضي
RENDERUSDT,rnd310051,2024-08-05T08:00:00+00:00,2024-08-30T00:00:00+00:00,4.1333664,5.15700145714,20.0,4.953,,stop,148,عرضي
RENDERUSDT,rnd310051,2024-08-30T04:00:00+00:00,2024-10-02T16:00:00+00:00,5.1747184,5.4578955,20.0,1.0945,,stop,201,هابط
RENDERUSDT,rnd310051,2024-10-03T00:00:00+00:00,2024-10-25T20:00:00+00:00,5.4400629,4.6368842468,20.0,-2.9528,,stop,137,عرضي
RENDERUSDT,rnd310051,2024-10-26T12:00:00+00:00,2024-11-03T00:00:00+00:00,4.8472933,4.51041454286,20.0,-1.39,,stop,45,هابط
RENDERUSDT,rnd310051,2024-11-03T12:00:00+00:00,2024-11-04T20:00:00+00:00,4.4427681,4.15057960861,20.0,-1.3153,,stop,8,هابط
RENDERUSDT,rnd310051,2024-11-05T00:00:00+00:00,2024-11-10T20:00:00+00:00,4.2274886,5.44377102857,20.0,5.7542,,stop,35,هابط
RENDERUSDT,rnd310051,2024-11-11T04:00:00+00:00,2024-11-12T08:00:00+00:00,6.0188143,6.49996761429,20.0,1.5988,,stop,7,هابط
RENDERUSDT,rnd310051,2024-11-12T12:00:00+00:00,2024-12-05T04:00:00+00:00,6.928996,10.0566236571,20.0,9.0277,,stop,136,هابط
RENDERUSDT,rnd310051,2024-12-05T12:00:00+00:00,2024-12-09T20:00:00+00:00,10.133156,8.14327025434,20.0,-3.9275,,stop,26,صاعد
RENDERUSDT,rnd310051,2024-12-11T04:00:00+00:00,2024-12-18T20:00:00+00:00,8.7343399,7.92197374286,20.0,-1.8602,,stop,46,صاعد
RENDERUSDT,rnd310051,2024-12-19T00:00:00+00:00,2024-12-19T16:00:00+00:00,7.7740932,7.01389184313,20.0,-1.9557,,stop,4,صاعد
RENDERUSDT,rnd310051,2024-12-20T00:00:00+00:00,2024-12-20T08:00:00+00:00,7.2474094,6.29332457135,20.0,-2.6329,,stop,2,صاعد
RENDERUSDT,rnd310051,2024-12-21T08:00:00+00:00,2025-01-13T04:00:00+00:00,7.9363038,6.871056,20.0,-2.6845,,stop,137,صاعد
RENDERUSDT,rnd310051,2025-01-13T08:00:00+00:00,2025-01-18T08:00:00+00:00,6.8408816,7.37582751429,20.0,1.564,,stop,30,صاعد
RENDERUSDT,rnd310051,2025-01-19T00:00:00+00:00,2025-01-19T20:00:00+00:00,7.4857188,6.85572332985,20.0,-1.6832,,stop,5,عرضي
RENDERUSDT,rnd310051,2025-01-22T20:00:00+00:00,2025-01-27T00:00:00+00:00,7.1873314,6.46213397632,20.0,-2.018,,stop,25,عرضي
RENDERUSDT,rnd310051,2025-01-27T08:00:00+00:00,2025-01-28T20:00:00+00:00,6.0738858,5.55183758775,20.0,-1.719,,stop,9,عرضي
RENDERUSDT,rnd310051,2025-01-29T16:00:00+00:00,2025-02-02T16:00:00+00:00,5.5161617,5.06925852857,20.0,-1.6203,,stop,24,عرضي
RENDERUSDT,rnd310051,2025-02-03T08:00:00+00:00,2025-02-24T20:00:00+00:00,4.415733,3.70703172857,20.0,-3.2099,,stop,129,عرضي
RENDERUSDT,rnd310051,2025-02-25T04:00:00+00:00,2025-03-03T16:00:00+00:00,3.6317151,3.93102587143,20.0,1.6483,,stop,39,هابط
RENDERUSDT,rnd310051,2025-03-04T08:00:00+00:00,2025-03-09T08:00:00+00:00,3.5275799,3.33637135714,20.0,-1.0841,,stop,30,هابط
RENDERUSDT,rnd310051,2025-03-11T00:00:00+00:00,2025-03-28T16:00:00+00:00,2.7375542,3.6162927,20.0,6.4199,,stop,106,هابط
RENDERUSDT,rnd310051,2025-03-29T08:00:00+00:00,2025-03-31T08:00:00+00:00,3.6367216,3.33559396906,20.0,-1.656,,stop,12,هابط
RENDERUSDT,rnd310051,2025-04-01T00:00:00+00:00,2025-04-02T20:00:00+00:00,3.4074239,3.30812241429,20.0,-0.5829,,stop,11,هابط
RENDERUSDT,rnd310051,2025-04-03T20:00:00+00:00,2025-04-06T16:00:00+00:00,3.2301938,2.7635607802,20.0,-2.8892,,stop,17,هابط
RENDERUSDT,rnd310051,2025-04-07T00:00:00+00:00,2025-04-07T04:00:00+00:00,2.7876192,2.56321125933,20.0,-1.61,,stop,1,هابط
RENDERUSDT,rnd310051,2025-04-07T08:00:00+00:00,2025-04-09T00:00:00+00:00,2.5643293,2.7414315,20.0,1.3813,,stop,10,هابط
RENDERUSDT,rnd310051,2025-04-09T08:00:00+00:00,2025-05-06T08:00:00+00:00,3.0008961,4.17171257143,20.0,7.8031,,stop,162,هابط
RENDERUSDT,rnd310051,2025-05-07T04:00:00+00:00,2025-05-12T16:00:00+00:00,4.3286199,4.92986854286,20.0,2.778,,stop,33,عرضي
RENDERUSDT,rnd310051,2025-05-13T20:00:00+00:00,2025-05-15T04:00:00+00:00,5.3649654,4.76073267712,20.0,-2.2525,,stop,8,عرضي
RENDERUSDT,rnd310051,2025-05-15T12:00:00+00:00,2025-05-28T00:00:00+00:00,4.8492959,4.44079088571,20.0,-1.6848,,stop,75,عرضي
RENDERUSDT,rnd310051,2025-05-29T16:00:00+00:00,2025-05-30T00:00:00+00:00,4.345642,3.9954411654,20.0,-1.6117,,stop,2,عرضي
RENDERUSDT,rnd310051,2025-05-30T16:00:00+00:00,2025-05-31T00:00:00+00:00,4.0092052,3.66015509038,20.0,-1.7412,,stop,2,عرضي
RENDERUSDT,rnd310051,2025-05-31T12:00:00+00:00,2025-06-05T16:00:00+00:00,3.744862,3.57306325714,20.0,-0.9175,,stop,31,عرضي
RENDERUSDT,rnd310051,2025-06-07T16:00:00+00:00,2025-06-12T04:00:00+00:00,3.8740297,3.7621029,20.0,-0.5778,,stop,27,هابط
RENDERUSDT,rnd310051,2025-06-12T16:00:00+00:00,2025-06-13T00:00:00+00:00,3.7288412,3.41796349215,20.0,-1.6674,,stop,2,هابط
RENDERUSDT,rnd310051,2025-06-13T04:00:00+00:00,2025-06-18T12:00:00+00:00,3.4224434,3.09040581429,20.0,-1.9404,,stop,32,هابط
RENDERUSDT,rnd310051,2025-06-19T00:00:00+00:00,2025-06-20T16:00:00+00:00,3.2652393,2.96851806034,20.0,-1.8175,,stop,10,هابط
RENDERUSDT,rnd310051,2025-06-20T20:00:00+00:00,2025-06-21T20:00:00+00:00,3.0579702,2.82322380303,20.0,-1.5353,,stop,6,هابط
RENDERUSDT,rnd310051,2025-06-22T00:00:00+00:00,2025-06-22T12:00:00+00:00,2.9558376,2.73245935041,20.0,-1.5114,,stop,3,هابط
RENDERUSDT,rnd310051,2025-06-24T12:00:00+00:00,2025-06-26T16:00:00+00:00,3.284264,2.94774836751,20.0,-2.0493,,stop,13,هابط
RENDERUSDT,rnd310051,2025-06-27T20:00:00+00:00,2025-07-12T12:00:00+00:00,3.1410781,3.48403628571,20.0,2.1837,,stop,88,هابط
RENDERUSDT,rnd310051,2025-07-12T16:00:00+00:00,2025-07-23T16:00:00+00:00,3.4955383,4.09952082857,20.0,3.4557,,stop,66,هابط
RENDERUSDT,rnd310051,2025-07-24T00:00:00+00:00,2025-07-30T16:00:00+00:00,4.1614028,3.6873173335,20.0,-2.2785,,stop,40,عرضي
RENDERUSDT,rnd310051,2025-07-31T00:00:00+00:00,2025-08-01T12:00:00+00:00,3.8820401,3.51496469787,20.0,-1.8911,,stop,9,عرضي
RENDERUSDT,rnd310051,2025-08-04T04:00:00+00:00,2025-08-11T20:00:00+00:00,3.6116891,3.69747274286,20.0,0.475,,stop,46,عرضي
RENDERUSDT,rnd310051,2025-08-12T08:00:00+00:00,2025-08-14T12:00:00+00:00,3.7869166,3.78193422857,20.0,-0.0263,,stop,13,هابط
RENDERUSDT,rnd310051,2025-08-14T20:00:00+00:00,2025-08-19T12:00:00+00:00,3.8119491,3.58347827143,20.0,-1.1987,,stop,28,عرضي
RENDERUSDT,rnd310051,2025-08-20T00:00:00+00:00,2025-08-25T16:00:00+00:00,3.5496085,3.50386761429,20.0,-0.2577,,stop,34,عرضي
RENDERUSDT,rnd310051,2025-08-25T20:00:00+00:00,2025-09-01T20:00:00+00:00,3.4514811,3.26760372857,20.0,-1.0655,,stop,42,هابط
RENDERUSDT,rnd310051,2025-09-03T04:00:00+00:00,2025-09-15T08:00:00+00:00,3.4624954,3.78364628571,20.0,1.855,,stop,73,هابط
RENDERUSDT,rnd310051,2025-09-15T16:00:00+00:00,2025-09-22T04:00:00+00:00,3.7258373,3.79349061429,20.0,0.3632,,stop,39,عرضي
RENDERUSDT,rnd310051,2025-09-22T12:00:00+00:00,2025-09-25T08:00:00+00:00,3.6837827,3.4478660682,20.0,-1.2808,,stop,17,عرضي
RENDERUSDT,rnd310051,2025-09-26T08:00:00+00:00,2025-10-07T16:00:00+00:00,3.3853953,3.3666177,20.0,-0.1109,,stop,68,عرضي
RENDERUSDT,rnd310051,2025-10-07T20:00:00+00:00,2025-10-09T16:00:00+00:00,3.3894005,3.18578929721,20.0,-1.2015,,stop,11,هابط
RENDERUSDT,rnd310051,2025-10-10T16:00:00+00:00,2025-10-10T20:00:00+00:00,3.1050313,2.8877009736,20.0,-1.3999,,stop,1,هابط
RENDERUSDT,rnd310051,2025-10-11T12:00:00+00:00,2025-11-04T20:00:00+00:00,2.5803501,1.80422288571,20.0,-6.0157,,stop,146,هابط
RENDERUSDT,rnd310051,2025-11-05T00:00:00+00:00,2025-11-07T20:00:00+00:00,1.8644206,2.51501194286,20.0,6.979,,stop,17,هابط
RENDERUSDT,rnd310051,2025-11-08T00:00:00+00:00,2025-11-14T04:00:00+00:00,2.4441733,2.16575228571,20.0,-2.2782,,stop,37,هابط
RENDERUSDT,rnd310051,2025-11-15T12:00:00+00:00,2025-11-21T04:00:00+00:00,2.1507924,1.85230983417,20.0,-2.7756,,stop,34,هابط
RENDERUSDT,rnd310051,2025-11-21T08:00:00+00:00,2025-12-01T12:00:00+00:00,1.772301,1.54386279441,20.0,-2.5779,,stop,61,هابط
RENDERUSDT,rnd310051,2025-12-02T00:00:00+00:00,2025-12-05T16:00:00+00:00,1.5670345,1.5939252,20.0,0.3432,,stop,22,هابط
RENDERUSDT,rnd310051,2025-12-06T00:00:00+00:00,2025-12-11T00:00:00+00:00,1.6070865,1.59421054286,20.0,-0.1602,,stop,30,هابط
RENDERUSDT,rnd310051,2025-12-11T12:00:00+00:00,2025-12-15T12:00:00+00:00,1.5790501,1.4518031563,20.0,-1.6117,,stop,24,هابط
RENDERUSDT,rnd310051,2025-12-17T16:00:00+00:00,2025-12-18T16:00:00+00:00,1.3607667,1.24807066758,20.0,-1.6564,,stop,6,هابط
RENDERUSDT,rnd310051,2025-12-19T16:00:00+00:00,2026-01-06T12:00:00+00:00,1.2766575,2.38132881429,20.0,17.3057,,stop,107,هابط
RENDERUSDT,rnd310051,2026-01-06T20:00:00+00:00,2026-01-18T20:00:00+00:00,2.3921057,2.09470191429,20.0,-2.4865,,stop,72,هابط
RENDERUSDT,rnd310051,2026-01-19T00:00:00+00:00,2026-01-19T00:00:00+00:00,2.0786988,1.92636983085,20.0,-1.4656,,stop,0,عرضي
RENDERUSDT,rnd310051,2026-01-20T08:00:00+00:00,2026-01-25T16:00:00+00:00,2.0005974,1.83446922857,20.0,-1.6608,,stop,32,عرضي
RENDERUSDT,rnd310051,2026-01-25T20:00:00+00:00,2026-01-29T08:00:00+00:00,1.8443946,1.79252382857,20.0,-0.5625,,stop,21,عرضي
RENDERUSDT,rnd310051,2026-01-30T08:00:00+00:00,2026-01-31T16:00:00+00:00,1.7042126,1.50707228433,20.0,-2.3136,,stop,8,هابط
RENDERUSDT,rnd310051,2026-01-31T20:00:00+00:00,2026-02-05T12:00:00+00:00,1.4899344,1.32784298571,20.0,-2.1758,,stop,28,هابط
RENDERUSDT,rnd310051,2026-02-05T16:00:00+00:00,2026-02-06T00:00:00+00:00,1.3607667,1.18600859615,20.0,-2.5685,,stop,2,هابط
RENDERUSDT,rnd310051,2026-02-07T00:00:00+00:00,2026-03-19T12:00:00+00:00,1.4338616,1.637868,20.0,2.8456,,stop,243,هابط
RENDERUSDT,rnd310051,2026-03-20T00:00:00+00:00,2026-03-22T20:00:00+00:00,1.6801814,1.6119018,20.0,-0.8128,,stop,17,عرضي
RENDERUSDT,rnd310051,2026-03-23T00:00:00+00:00,2026-03-26T04:00:00+00:00,1.6130943,1.75528658571,20.0,1.763,,stop,19,عرضي
RENDERUSDT,rnd310051,2026-03-26T20:00:00+00:00,2026-03-28T04:00:00+00:00,1.7602854,1.61532560041,20.0,-1.647,,stop,8,عرضي
RENDERUSDT,rnd310051,2026-03-28T16:00:00+00:00,2026-04-12T04:00:00+00:00,1.7242386,1.91664797143,20.0,2.2318,,stop,87,عرضي
RENDERUSDT,rnd310051,2026-04-12T20:00:00+00:00,2026-04-18T16:00:00+00:00,1.8974635,1.77497445816,20.0,-1.2911,,stop,35,عرضي
RENDERUSDT,rnd310051,2026-04-19T00:00:00+00:00,2026-04-29T16:00:00+00:00,1.7773075,1.66640228571,20.0,-1.248,,stop,64,عرضي
RENDERUSDT,rnd310051,2026-04-29T20:00:00+00:00,2026-05-11T00:00:00+00:00,1.6781788,1.94161547143,20.0,3.1396,,stop,67,عرضي
RENDERUSDT,rnd310051,2026-05-11T16:00:00+00:00,2026-05-13T12:00:00+00:00,1.9635493,1.84614618591,20.0,-1.1958,,stop,11,عرضي
RENDERUSDT,rnd310051,2026-05-13T16:00:00+00:00,2026-05-17T20:00:00+00:00,1.832379,1.7667003,20.0,-0.7169,,stop,25,عرضي
RENDERUSDT,rnd310051,2026-05-18T00:00:00+00:00,2026-05-22T16:00:00+00:00,1.7943296,1.9125105,20.0,1.3173,,stop,28,عرضي
RENDERUSDT,rnd310051,2026-05-23T16:00:00+00:00,2026-05-27T16:00:00+00:00,1.8804414,2.15704932857,20.0,2.9419,,stop,24,عرضي
RENDERUSDT,rnd310051,2026-05-28T04:00:00+00:00,2026-06-04T08:00:00+00:00,2.0166182,1.82505291429,20.0,-1.8999,,stop,43,عرضي
RENDERUSDT,rnd310051,2026-06-04T16:00:00+00:00,2026-06-05T12:00:00+00:00,1.992587,1.61084731547,20.0,-3.8316,,stop,5,عرضي
RENDERUSDT,rnd310051,2026-06-05T16:00:00+00:00,2026-08-01T16:00:00+00:00,1.6301164,1.33997005714,20.0,-3.5598,,stop,342,عرضي
RENDERUSDT,rnd310051,2026-08-02T04:00:00+00:00,2026-08-05T20:00:00+00:00,1.3697784,1.31841936665,20.0,-0.7499,,stop,22,هابط
RENDERUSDT,rnd310051,2026-08-06T04:00:00+00:00,2026-08-10T00:00:00+00:00,1.3207147,1.27548257143,20.0,-0.685,,stop,23,هابط
RENDERUSDT,rnd310051,2026-08-11T08:00:00+00:00,2026-08-22T04:00:00+00:00,1.2636406,1.50974905714,20.0,3.8952,,stop,65,هابط
RENDERUSDT,rnd310051,2026-08-23T00:00:00+00:00,2026-08-30T20:00:00+00:00,1.4628993,1.3971813,20.0,-0.8985,,stop,47,هابط
SHIBUSDT,rnd310051,2024-01-03T12:00:00+00:00,2024-01-03T12:00:00+00:00,1.0333416e-05,9.86878416634e-06,20.0,-0.8993,,stop,0,صاعد
SHIBUSDT,rnd310051,2024-01-06T12:00:00+00:00,2024-01-07T20:00:00+00:00,9.602467e-06,8.92299486433e-06,20.0,-1.4152,,stop,8,صاعد
SHIBUSDT,rnd310051,2024-01-12T08:00:00+00:00,2024-01-18T12:00:00+00:00,1.0133156e-05,9.2835716472e-06,20.0,-1.6768,,stop,37,صاعد
SHIBUSDT,rnd310051,2024-01-18T16:00:00+00:00,2024-01-18T16:00:00+00:00,9.41222e-06,9.03082179257e-06,20.0,-0.8104,,stop,0,صاعد
SHIBUSDT,rnd310051,2024-01-19T04:00:00+00:00,2024-01-22T00:00:00+00:00,9.141869e-06,9.16521257143e-06,20.0,0.0511,,stop,17,عرضي
SHIBUSDT,rnd310051,2024-01-24T04:00:00+00:00,2024-02-28T16:00:00+00:00,8.791414e-06,1.05377117143e-05,20.0,3.9727,,stop,213,عرضي
SHIBUSDT,rnd310051,2024-03-01T04:00:00+00:00,2024-03-03T04:00:00+00:00,1.2666445e-05,1.96030542857e-05,20.0,10.9527,,stop,12,صاعد
SHIBUSDT,rnd310051,2024-03-03T16:00:00+00:00,2024-03-05T04:00:00+00:00,2.1868392e-05,3.53925012857e-05,20.0,12.3686,,stop,9,صاعد
SHIBUSDT,rnd310051,2024-03-05T16:00:00+00:00,2024-04-13T16:00:00+00:00,3.3233147e-05,2.10896233732e-05,20.0,-7.3081,,stop,234,صاعد
SHIBUSDT,rnd310051,2024-04-14T12:00:00+00:00,2024-05-01T04:00:00+00:00,2.1748236e-05,2.14292485714e-05,20.0,-0.2933,,stop,100,صاعد
SHIBUSDT,rnd310051,2024-05-02T08:00:00+00:00,2024-05-13T00:00:00+00:00,2.1958509e-05,2.19714e-05,20.0,0.0117,,stop,64,صاعد
SHIBUSDT,rnd310051,2024-05-14T04:00:00+00:00,2024-05-23T12:00:00+00:00,2.333029e-05,2.42341688571e-05,20.0,0.7749,,stop,56,عرضي
SHIBUSDT,rnd310051,2024-05-24T16:00:00+00:00,2024-05-30T04:00:00+00:00,2.4541863e-05,2.61730735714e-05,20.0,1.3293,,stop,33,صاعد
SHIBUSDT,rnd310051,2024-05-30T16:00:00+00:00,2024-06-04T04:00:00+00:00,2.6594528e-05,2.31501079707e-05,20.0,-2.5903,,stop,27,صاعد
SHIBUSDT,rnd310051,2024-06-05T00:00:00+00:00,2024-06-07T16:00:00+00:00,2.463198e-05,2.37933141429e-05,20.0,-0.681,,stop,16,صاعد
SHIBUSDT,rnd310051,2024-06-08T04:00:00+00:00,2024-06-11T04:00:00+00:00,2.3941083e-05,2.21854186992e-05,20.0,-1.4667,,stop,18,صاعد
SHIBUSDT,rnd310051,2024-06-12T00:00:00+00:00,2024-06-13T12:00:00+00:00,2.1658119e-05,2.09869671429e-05,20.0,-0.6198,,stop,9,عرضي
SHIBUSDT,rnd310051,2024-06-15T08:00:00+00:00,2024-06-17T12:00:00+00:00,2.0696871e-05,1.91255468534e-05,20.0,-1.5184,,stop,13,عرضي
SHIBUSDT,rnd310051,2024-06-19T20:00:00+00:00,2024-07-03T16:00:00+00:00,1.8203634e-05,1.62128869544e-05,20.0,-2.1872,,stop,83,عرضي
SHIBUSDT,rnd310051,2024-07-03T20:00:00+00:00,2024-07-04T08:00:00+00:00,1.6191021e-05,1.53745794584e-05,20.0,-1.0085,,stop,3,عرضي
SHIBUSDT,rnd310051,2024-07-07T20:00:00+00:00,2024-07-18T08:00:00+00:00,1.6000774e-05,1.72504024286e-05,20.0,1.562,,stop,63,عرضي
SHIBUSDT,rnd310051,2024-07-20T12:00:00+00:00,2024-07-25T00:00:00+00:00,1.7632893e-05,1.60495014891e-05,20.0,-1.796,,stop,27,هابط
SHIBUSDT,rnd310051,2024-07-28T00:00:00+00:00,2024-07-30T20:00:00+00:00,1.7032113e-05,1.60790401817e-05,20.0,-1.1191,,stop,17,هابط
SHIBUSDT,rnd310051,2024-08-01T12:00:00+00:00,2024-08-01T16:00:00+00:00,1.5930683e-05,1.5075345255e-05,20.0,-1.0738,,stop,1,هابط
SHIBUSDT,rnd310051,2024-08-02T16:00:00+00:00,2024-08-03T16:00:00+00:00,1.5069565e-05,1.38212168869e-05,20.0,-1.6568,,stop,6,هابط
SHIBUSDT,rnd310051,2024-08-04T12:00:00+00:00,2024-08-05T00:00:00+00:00,1.4078278e-05,1.29275217743e-05,20.0,-1.6348,,stop,3,هابط
SHIBUSDT,rnd310051,2024-08-06T20:00:00+00:00,2024-09-30T16:00:00+00:00,1.3607667e-05,1.76926838571e-05,20.0,6.004,,stop,329,هابط
SHIBUSDT,rnd310051,2024-10-01T12:00:00+00:00,2024-10-01T12:00:00+00:00,1.8463972e-05,1.68188647293e-05,20.0,-1.782,,stop,0,عرضي
SHIBUSDT,rnd310051,2024-10-01T16:00:00+00:00,2024-10-25T20:00:00+00:00,1.7052139e-05,1.65398987143e-05,20.0,-0.6008,,stop,145,عرضي
SHIBUSDT,rnd310051,2024-10-26T08:00:00+00:00,2024-10-31T16:00:00+00:00,1.6911957e-05,1.79238115714e-05,20.0,1.1966,,stop,32,عرضي
SHIBUSDT,rnd310051,2024-11-02T16:00:00+00:00,2024-11-03T12:00:00+00:00,1.742262e-05,1.61908302369e-05,20.0,-1.414,,stop,5,صاعد
SHIBUSDT,rnd310051,2024-11-04T12:00:00+00:00,2024-11-06T08:00:00+00:00,1.7092191e-05,1.82248482857e-05,20.0,1.3254,,stop,11,صاعد
SHIBUSDT,rnd310051,2024-11-07T08:00:00+00:00,2024-11-10T20:00:00+00:00,1.8754349e-05,2.48733368571e-05,20.0,6.5254,,stop,21,صاعد
SHIBUSDT,rnd310051,2024-11-12T00:00:00+00:00,2024-12-09T20:00:00+00:00,2.7926257e-05,2.4697851e-05,20.0,-2.3121,,stop,167,صاعد
SHIBUSDT,rnd310051,2024-12-14T00:00:00+00:00,2024-12-17T12:00:00+00:00,2.8577102e-05,2.6472999446e-05,20.0,-1.4726,,stop,21,صاعد
SHIBUSDT,rnd310051,2024-12-18T12:00:00+00:00,2024-12-18T20:00:00+00:00,2.6083865e-05,2.43200649041e-05,20.0,-1.3524,,stop,2,صاعد
SHIBUSDT,rnd310051,2024-12-23T16:00:00+00:00,2025-01-08T16:00:00+00:00,2.1277625e-05,2.11453324286e-05,20.0,-0.1243,,stop,96,عرضي
SHIBUSDT,rnd310051,2025-01-10T08:00:00+00:00,2025-01-13T08:00:00+00:00,2.1708184e-05,2.00710165714e-05,20.0,-1.5083,,stop,18,عرضي
SHIBUSDT,rnd310051,2025-01-14T08:00:00+00:00,2025-01-18T08:00:00+00:00,2.1287638e-05,2.24864438571e-05,20.0,1.1263,,stop,24,عرضي
SHIBUSDT,rnd310051,2025-01-21T16:00:00+00:00,2025-01-27T04:00:00+00:00,2.0807014e-05,1.80620741675e-05,20.0,-2.6385,,stop,33,عرضي
SHIBUSDT,rnd310051,2025-01-27T12:00:00+00:00,2025-02-01T20:00:00+00:00,1.7843166e-05,1.79594794286e-05,20.0,0.1304,,stop,32,عرضي
SHIBUSDT,rnd310051,2025-02-02T20:00:00+00:00,2025-02-03T00:00:00+00:00,1.5940696e-05,1.42578509523e-05,20.0,-2.1114,,stop,1,عرضي
SHIBUSDT,rnd310051,2025-02-04T16:00:00+00:00,2025-03-04T00:00:00+00:00,1.5730423e-05,1.25194836287e-05,20.0,-4.0825,,stop,164,عرضي
SHIBUSDT,rnd310051,2025-03-04T04:00:00+00:00,2025-03-09T16:00:00+00:00,1.2566315e-05,1.15578124286e-05,20.0,-1.6051,,stop,33,هابط
SHIBUSDT,rnd310051,2025-03-10T16:00:00+00:00,2025-03-11T00:00:00+00:00,1.2396094e-05,1.14098133635e-05,20.0,-1.5913,,stop,2,هابط
SHIBUSDT,rnd310051,2025-03-12T12:00:00+00:00,2025-03-28T04:00:00+00:00,1.231599e-05,1.35837467143e-05,20.0,2.0587,,stop,94,هابط
SHIBUSDT,rnd310051,2025-03-29T16:00:00+00:00,2025-04-03T12:00:00+00:00,1.2736536e-05,1.18478993961e-05,20.0,-1.3954,,stop,29,هابط
SHIBUSDT,rnd310051,2025-04-04T04:00:00+00:00,2025-04-06T20:00:00+00:00,1.2135756e-05,1.11177127315e-05,20.0,-1.6778,,stop,16,هابط
SHIBUSDT,rnd310051,2025-04-10T04:00:00+00:00,2025-04-27T12:00:00+00:00,1.1775288e-05,1.35509322857e-05,20.0,3.0159,,stop,104,هابط
SHIBUSDT,rnd310051,2025-04-27T16:00:00+00:00,2025-05-04T16:00:00+00:00,1.3557602e-05,1.26649427143e-05,20.0,-1.3168,,stop,42,هابط
SHIBUSDT,rnd310051,2025-05-04T20:00:00+00:00,2025-05-11T04:00:00+00:00,1.2766575e-05,1.6328745e-05,20.0,5.5805,,stop,38,عرضي
SHIBUSDT,rnd310051,2025-05-12T00:00:00+00:00,2025-05-12T16:00:00+00:00,1.592067e-05,1.50275815714e-05,20.0,-1.1219,,stop,4,عرضي
SHIBUSDT,rnd310051,2025-05-13T12:00:00+00:00,2025-05-30T00:00:00+00:00,1.5650319e-05,1.37966457282e-05,20.0,-2.3689,,stop,99,عرضي
SHIBUSDT,rnd310051,2025-05-30T20:00:00+00:00,2025-06-05T16:00:00+00:00,1.3187121e-05,1.22033788141e-05,20.0,-1.492,,stop,35,عرضي
SHIBUSDT,rnd310051,2025-06-07T00:00:00+00:00,2025-06-12T08:00:00+00:00,1.2436146e-05,1.25379651429e-05,20.0,0.1637,,stop,32,هابط
SHIBUSDT,rnd310051,2025-06-13T08:00:00+00:00,2025-06-21T20:00:00+00:00,1.1775288e-05,1.08587224286e-05,20.0,-1.5568,,stop,51,هابط
SHIBUSDT,rnd310051,2025-06-22T08:00:00+00:00,2025-06-22T16:00:00+00:00,1.0894144e-05,1.02504439342e-05,20.0,-1.1817,,stop,2,هابط
SHIBUSDT,rnd310051,2025-06-23T08:00:00+00:00,2025-07-15T00:00:00+00:00,1.0824053e-05,1.30116342857e-05,20.0,4.0421,,stop,130,هابط
SHIBUSDT,rnd310051,2025-07-15T04:00:00+00:00,2025-07-18T20:00:00+00:00,1.2896744e-05,1.4441202e-05,20.0,2.3951,,stop,22,عرضي
SHIBUSDT,rnd310051,2025-07-19T12:00:00+00:00,2025-07-23T20:00:00+00:00,1.481924e-05,1.35466521429e-05,20.0,-1.7175,,stop,26,عرضي
SHIBUSDT,rnd310051,2025-07-24T04:00:00+00:00,2025-07-30T12:00:00+00:00,1.3898044e-05,1.26262513642e-05,20.0,-1.8302,,stop,38,عرضي
SHIBUSDT,rnd310051,2025-07-31T16:00:00+00:00,2025-08-01T08:00:00+00:00,1.2846679e-05,1.19935670673e-05,20.0,-1.3281,,stop,4,عرضي
SHIBUSDT,rnd310051,2025-08-02T04:00:00+00:00,2025-08-12T08:00:00+00:00,1.221586e-05,1.2723438e-05,20.0,0.831,,stop,61,عرضي
SHIBUSDT,rnd310051,2025-08-12T20:00:00+00:00,2025-08-14T16:00:00+00:00,1.3647719e-05,1.27257967867e-05,20.0,-1.351,,stop,11,هابط
SHIBUSDT,rnd310051,2025-08-15T08:00:00+00:00,2025-08-19T16:00:00+00:00,1.3076978e-05,1.21789818572e-05,20.0,-1.3734,,stop,26,عرضي
SHIBUSDT,rnd310051,2025-08-20T20:00:00+00:00,2025-08-25T04:00:00+00:00,1.2626393e-05,1.24395218571e-05,20.0,-0.296,,stop,26,هابط
SHIBUSDT,rnd310051,2025-08-26T12:00:00+00:00,2025-09-15T04:00:00+00:00,1.2195834e-05,1.34881568571e-05,20.0,2.1193,,stop,118,هابط
SHIBUSDT,rnd310051,2025-09-17T00:00:00+00:00,2025-09-22T00:00:00+00:00,1.3177108e-05,1.26991838571e-05,20.0,-0.7254,,stop,30,عرضي
SHIBUSDT,rnd310051,2025-09-22T12:00:00+00:00,2025-09-25T16:00:00+00:00,1.2095704e-05,1.15663624419e-05,20.0,-0.8753,,stop,19,عرضي
SHIBUSDT,rnd310051,2025-09-26T08:00:00+00:00,2025-10-08T00:00:00+00:00,1.1725223e-05,1.20828432857e-05,20.0,0.61,,stop,70,هابط
SHIBUSDT,rnd310051,2025-10-08T20:00:00+00:00,2025-10-09T16:00:00+00:00,1.2386081e-05,1.17743258804e-05,20.0,-0.9878,,stop,5,هابط
SHIBUSDT,rnd310051,2025-10-12T00:00:00+00:00,2025-11-04T20:00:00+00:00,9.972948e-06,8.558859e-06,20.0,-2.8358,,stop,143,هابط
SHIBUSDT,rnd310051,2025-11-05T16:00:00+00:00,2025-11-16T12:00:00+00:00,9.141869e-06,8.82993471429e-06,20.0,-0.6824,,stop,65,هابط
SHIBUSDT,rnd310051,2025-11-17T04:00:00+00:00,2025-11-17T20:00:00+00:00,8.991674e-06,8.46636768094e-06,20.0,-1.1684,,stop,4,هابط
SHIBUSDT,rnd310051,2025-11-19T00:00:00+00:00,2025-11-19T16:00:00+00:00,8.881531e-06,8.31178304541e-06,20.0,-1.283,,stop,4,هابط
SHIBUSDT,rnd310051,2025-11-19T20:00:00+00:00,2025-11-21T04:00:00+00:00,8.300777e-06,7.909704e-06,20.0,-0.9423,,stop,8,هابط
SHIBUSDT,rnd310051,2025-11-21T12:00:00+00:00,2025-12-01T00:00:00+00:00,7.720023e-06,8.019561e-06,20.0,0.776,,stop,57,هابط
SHIBUSDT,rnd310051,2025-12-02T00:00:00+00:00,2025-12-03T20:00:00+00:00,7.980361e-06,8.908404e-06,20.0,2.3258,,stop,11,هابط
SHIBUSDT,rnd310051,2025-12-04T04:00:00+00:00,2025-12-05T12:00:00+00:00,8.91157e-06,8.313248709e-06,20.0,-1.3428,,stop,8,هابط
SHIBUSDT,rnd310051,2025-12-07T08:00:00+00:00,2025-12-11T00:00:00+00:00,8.460985e-06,8.45613557143e-06,20.0,-0.0115,,stop,22,هابط
SHIBUSDT,rnd310051,2025-12-11T12:00:00+00:00,2025-12-15T16:00:00+00:00,8.260725e-06,7.769886e-06,20.0,-1.1884,,stop,25,هابط
SHIBUSDT,rnd310051,2025-12-15T20:00:00+00:00,2025-12-17T16:00:00+00:00,7.840179e-06,7.47152480301e-06,20.0,-0.9404,,stop,11,هابط
SHIBUSDT,rnd310051,2025-12-18T08:00:00+00:00,2025-12-18T16:00:00+00:00,7.459685e-06,7.05229080236e-06,20.0,-1.0923,,stop,2,هابط
SHIBUSDT,rnd310051,2025-12-30T00:00:00+00:00,2025-12-31T16:00:00+00:00,7.199347e-06,6.88324427747e-06,20.0,-0.8781,,stop,10,هابط
SHIBUSDT,rnd310051,2026-01-01T16:00:00+00:00,2026-01-03T04:00:00+00:00,7.189334e-06,7.86262242857e-06,20.0,1.873,,stop,9,هابط
SHIBUSDT,rnd310051,2026-01-04T12:00:00+00:00,2026-01-06T16:00:00+00:00,8.821453e-06,9.098157e-06,20.0,0.6273,,stop,13,هابط
SHIBUSDT,rnd310051,2026-01-08T00:00:00+00:00,2026-01-19T00:00:00+00:00,8.801427e-06,7.88402157347e-06,20.0,-2.0847,,stop,66,هابط
SHIBUSDT,rnd310051,2026-01-19T12:00:00+00:00,2026-01-25T16:00:00+00:00,7.880231e-06,7.51165071429e-06,20.0,-0.9355,,stop,37,عرضي
SHIBUSDT,rnd310051,2026-01-26T16:00:00+00:00,2026-01-29T12:00:00+00:00,7.720023e-06,7.3978932201e-06,20.0,-0.8345,,stop,17,هابط
SHIBUSDT,rnd310051,2026-01-29T16:00:00+00:00,2026-01-31T12:00:00+00:00,7.30949e-06,6.95222605586e-06,20.0,-0.9775,,stop,11,هابط
SHIBUSDT,rnd310051,2026-02-04T00:00:00+00:00,2026-02-05T12:00:00+00:00,6.70871e-06,6.10433546271e-06,20.0,-1.8018,,stop,9,هابط
SHIBUSDT,rnd310051,2026-02-06T16:00:00+00:00,2026-02-23T00:00:00+00:00,6.188034e-06,6.00789385714e-06,20.0,-0.5822,,stop,98,هابط
SHIBUSDT,rnd310051,2026-02-23T12:00:00+00:00,2026-02-26T08:00:00+00:00,6.147982e-06,6.06353571429e-06,20.0,-0.2747,,stop,17,هابط
SHIBUSDT,rnd310051,2026-02-27T00:00:00+00:00,2026-02-28T04:00:00+00:00,5.977761e-06,5.5455424107e-06,20.0,-1.4461,,stop,7,هابط
SHIBUSDT,rnd310051,2026-03-03T08:00:00+00:00,2026-03-18T12:00:00+00:00,5.427046e-06,5.75536542857e-06,20.0,1.2099,,stop,91,هابط
SHIBUSDT,rnd310051,2026-03-18T20:00:00+00:00,2026-03-22T20:00:00+00:00,5.777501e-06,5.65834885714e-06,20.0,-0.4125,,stop,24,هابط
SHIBUSDT,rnd310051,2026-03-23T04:00:00+00:00,2026-03-26T16:00:00+00:00,5.817553e-06,5.85523542857e-06,20.0,0.1295,,stop,21,هابط
SHIBUSDT,rnd310051,2026-03-26T20:00:00+00:00,2026-04-19T00:00:00+00:00,5.867618e-06,6.02073428571e-06,20.0,0.5219,,stop,139,هابط
SHIBUSDT,rnd310051,2026-04-21T00:00:00+00:00,2026-04-29T12:00:00+00:00,6.017813e-06,6.15341871429e-06,20.0,0.4507,,stop,51,هابط
SHIBUSDT,rnd310051,2026-04-30T04:00:00+00:00,2026-05-15T12:00:00+00:00,6.238099e-06,6.16625914286e-06,20.0,-0.2303,,stop,92,عرضي
SHIBUSDT,rnd310051,2026-05-15T20:00:00+00:00,2026-05-17T00:00:00+00:00,6.137969e-06,5.82502946173e-06,20.0,-1.0197,,stop,7,عرضي
SHIBUSDT,rnd310051,2026-05-19T00:00:00+00:00,2026-05-23T04:00:00+00:00,5.767488e-06,5.51923222989e-06,20.0,-0.8609,,stop,25,عرضي
SHIBUSDT,rnd310051,2026-05-23T16:00:00+00:00,2026-05-28T00:00:00+00:00,5.60728e-06,5.37015257143e-06,20.0,-0.8458,,stop,26,هابط
SHIBUSDT,rnd310051,2026-05-28T04:00:00+00:00,2026-06-02T16:00:00+00:00,5.30689e-06,5.20180028571e-06,20.0,-0.3961,,stop,33,هابط
SHIBUSDT,rnd310051,2026-06-06T04:00:00+00:00,2026-06-24T12:00:00+00:00,4.50585e-06,4.45705542857e-06,20.0,-0.2166,,stop,110,هابط
SHIBUSDT,rnd310051,2026-06-26T16:00:00+00:00,2026-07-26T12:00:00+00:00,4.245512e-06,5.223201e-06,20.0,4.6058,,stop,179,هابط
SHIBUSDT,rnd310051,2026-07-27T00:00:00+00:00,2026-07-28T12:00:00+00:00,5.316903e-06,4.57166638324e-06,20.0,-2.8033,,stop,9,هابط
SHIBUSDT,rnd310051,2026-07-29T04:00:00+00:00,2026-08-10T20:00:00+00:00,4.585954e-06,4.48701642857e-06,20.0,-0.4315,,stop,76,هابط
SHIBUSDT,rnd310051,2026-08-11T04:00:00+00:00,2026-08-16T20:00:00+00:00,4.50585e-06,4.38857314286e-06,20.0,-0.5206,,stop,34,عرضي
SHIBUSDT,rnd310051,2026-08-17T20:00:00+00:00,2026-08-22T00:00:00+00:00,4.475811e-06,5.89233e-06,20.0,6.3297,,stop,25,هابط
SHIBUSDT,rnd310051,2026-08-22T20:00:00+00:00,2026-08-30T20:00:00+00:00,5.527176e-06,4.953552e-06,20.0,-2.0756,,stop,48,عرضي
SOLUSDT,rnd310051,2024-01-04T00:00:00+00:00,2024-01-08T00:00:00+00:00,98.648076,86.7114141429,20.0,-2.42,,stop,24,صاعد
SOLUSDT,rnd310051,2024-01-08T04:00:00+00:00,2024-01-12T20:00:00+00:00,87.353412,91.5379885714,20.0,0.9581,,stop,28,صاعد
SOLUSDT,rnd310051,2024-01-14T08:00:00+00:00,2024-01-19T16:00:00+00:00,98.407764,90.3381218571,20.0,-1.64,,stop,32,صاعد
SOLUSDT,rnd310051,2024-01-20T20:00:00+00:00,2024-01-22T16:00:00+00:00,92.139626,84.5492118076,20.0,-1.6476,,stop,11,صاعد
SOLUSDT,rnd310051,2024-01-24T20:00:00+00:00,2024-02-20T12:00:00+00:00,86.472268,104.576730429,20.0,4.1873,,stop,160,صاعد
SOLUSDT,rnd310051,2024-02-24T12:00:00+00:00,2024-02-29T20:00:00+00:00,102.272782,125.018692714,20.0,4.4481,,stop,32,صاعد
SOLUSDT,rnd310051,2024-03-04T04:00:00+00:00,2024-03-05T16:00:00+00:00,129.137661,128.347217143,20.0,-0.1224,,stop,9,صاعد
SOLUSDT,rnd310051,2024-03-06T20:00:00+00:00,2024-03-19T08:00:00+00:00,130.990066,175.500124286,20.0,6.7959,,stop,75,صاعد
SOLUSDT,rnd310051,2024-03-19T16:00:00+00:00,2024-04-12T16:00:00+00:00,183.217874,159.957498857,20.0,-2.5391,,stop,144,صاعد
SOLUSDT,rnd310051,2024-04-16T08:00:00+00:00,2024-04-30T16:00:00+00:00,138.039218,125.416746,20.0,-1.8288,,stop,86,صاعد
SOLUSDT,rnd310051,2024-05-02T16:00:00+00:00,2024-05-24T08:00:00+00:00,139.28083,162.877983,20.0,3.3884,,stop,130,عرضي
SOLUSDT,rnd310051,2024-05-25T20:00:00+00:00,2024-06-07T16:00:00+00:00,167.447399,155.831441143,20.0,-1.3874,,stop,77,صاعد
SOLUSDT,rnd310051,2024-06-07T20:00:00+00:00,2024-06-11T04:00:00+00:00,162.230626,153.143779936,20.0,-1.1202,,stop,20,صاعد
SOLUSDT,rnd310051,2024-06-13T00:00:00+00:00,2024-06-14T12:00:00+00:00,155.411773,143.965445731,20.0,-1.473,,stop,9,صاعد
SOLUSDT,rnd310051,2024-06-17T04:00:00+00:00,2024-06-17T12:00:00+00:00,147.551568,141.381818104,20.0,-0.8363,,stop,2,عرضي
SOLUSDT,rnd310051,2024-06-18T16:00:00+00:00,2024-06-24T04:00:00+00:00,136.186813,124.267911572,20.0,-1.7504,,stop,33,عرضي
SOLUSDT,rnd310051,2024-06-26T04:00:00+00:00,2024-07-04T00:00:00+00:00,138.639998,137.857694571,20.0,-0.1129,,stop,47,عرضي
SOLUSDT,rnd310051,2024-07-04T12:00:00+00:00,2024-07-05T00:00:00+00:00,132.902549,121.674523365,20.0,-1.6897,,stop,3,عرضي
SOLUSDT,rnd310051,2024-07-07T12:00:00+00:00,2024-07-08T00:00:00+00:00,140.061844,129.398763781,20.0,-1.5226,,stop,3,عرضي
SOLUSDT,rnd310051,2024-07-08T16:00:00+00:00,2024-07-25T12:00:00+00:00,137.618672,166.441915286,20.0,4.1889,,stop,101,عرضي
SOLUSDT,rnd310051,2024-07-26T12:00:00+00:00,2024-07-31T20:00:00+00:00,179.03244,172.623868286,20.0,-0.7159,,stop,32,صاعد
SOLUSDT,rnd310051,2024-08-01T00:00:00+00:00,2024-08-01T16:00:00+00:00,171.92321,160.070205006,20.0,-1.3789,,stop,4,صاعد
SOLUSDT,rnd310051,2024-08-02T20:00:00+00:00,2024-08-04T12:00:00+00:00,151.486677,134.943165391,20.0,-2.1842,,stop,10,صاعد
SOLUSDT,rnd310051,2024-08-05T00:00:00+00:00,2024-08-05T00:00:00+00:00,138.499816,123.087807846,20.0,-2.2256,,stop,0,صاعد
SOLUSDT,rnd310051,2024-08-07T20:00:00+00:00,2024-09-01T08:00:00+00:00,143.346108,130.281841714,20.0,-1.8228,,stop,147,صاعد
SOLUSDT,rnd310051,2024-09-01T12:00:00+00:00,2024-09-04T00:00:00+00:00,132.081483,126.331269857,20.0,-0.8707,,stop,15,عرضي
SOLUSDT,rnd310051,2024-09-04T12:00:00+00:00,2024-09-06T20:00:00+00:00,128.596959,120.297695143,20.0,-1.2907,,stop,14,عرضي
SOLUSDT,rnd310051,2024-09-09T00:00:00+00:00,2024-09-18T08:00:00+00:00,130.319195,128.318682857,20.0,-0.307,,stop,56,عرضي
SOLUSDT,rnd310051,2024-09-20T16:00:00+00:00,2024-10-01T12:00:00+00:00,148.072244,146.643401143,20.0,-0.193,,stop,65,عرضي
SOLUSDT,rnd310051,2024-10-03T08:00:00+00:00,2024-10-25T20:00:00+00:00,140.091883,160.382659714,20.0,2.8968,,stop,135,صاعد
SOLUSDT,rnd310051,2024-10-26T04:00:00+00:00,2024-11-01T00:00:00+00:00,165.855332,165.441788571,20.0,-0.0499,,stop,35,صاعد
SOLUSDT,rnd310051,2024-11-02T08:00:00+00:00,2024-11-03T12:00:00+00:00,167.847919,158.391741705,20.0,-1.1268,,stop,7,صاعد
SOLUSDT,rnd310051,2024-11-04T00:00:00+00:00,2024-11-10T20:00:00+00:00,162.731276,201.636103286,20.0,4.7815,,stop,41,صاعد
SOLUSDT,rnd310051,2024-11-13T08:00:00+00:00,2024-11-25T20:00:00+00:00,205.486786,232.199176714,20.0,2.5999,,stop,75,صاعد
SOLUSDT,rnd310051,2024-11-26T04:00:00+00:00,2024-12-03T12:00:00+00:00,237.748672,219.083136048,20.0,-1.5702,,stop,44,صاعد
SOLUSDT,rnd310051,2024-12-03T20:00:00+00:00,2024-12-09T20:00:00+00:00,228.456608,220.247591143,20.0,-0.7186,,stop,36,صاعد
SOLUSDT,rnd310051,2024-12-11T00:00:00+00:00,2024-12-19T00:00:00+00:00,213.87768,202.372287857,20.0,-1.0759,,stop,48,صاعد
SOLUSDT,rnd310051,2024-12-19T16:00:00+00:00,2024-12-19T16:00:00+00:00,205.707072,187.873233164,20.0,-1.7339,,stop,0,صاعد
SOLUSDT,rnd310051,2024-12-21T12:00:00+00:00,2025-01-09T12:00:00+00:00,193.180809,186.617082,20.0,-0.6795,,stop,114,صاعد
SOLUSDT,rnd310051,2025-01-10T20:00:00+00:00,2025-01-13T08:00:00+00:00,190.467286,175.606557457,20.0,-1.5604,,stop,15,عرضي
SOLUSDT,rnd310051,2025-01-15T16:00:00+00:00,2025-01-18T20:00:00+00:00,196.775476,249.228438429,20.0,5.3312,,stop,19,عرضي
SOLUSDT,rnd310051,2025-01-19T04:00:00+00:00,2025-01-19T20:00:00+00:00,255.93228,249.411057857,20.0,-0.5096,,stop,4,عرضي
SOLUSDT,rnd310051,2025-01-21T04:00:00+00:00,2025-02-03T00:00:00+00:00,238.179231,189.489057857,20.0,-4.0885,,stop,77,صاعد
SOLUSDT,rnd310051,2025-02-03T08:00:00+00:00,2025-02-17T08:00:00+00:00,199.348817,180.355233,20.0,-1.9056,,stop,84,صاعد
SOLUSDT,rnd310051,2025-02-19T16:00:00+00:00,2025-02-24T12:00:00+00:00,169.960662,154.487476286,20.0,-1.8208,,stop,29,عرضي
SOLUSDT,rnd310051,2025-02-25T20:00:00+00:00,2025-02-28T00:00:00+00:00,145.609046,127.781998883,20.0,-2.4486,,stop,13,عرضي
SOLUSDT,rnd310051,2025-02-28T08:00:00+00:00,2025-03-03T08:00:00+00:00,128.707102,157.981499571,20.0,4.549,,stop,18,عرضي
SOLUSDT,rnd310051,2025-03-04T00:00:00+00:00,2025-03-10T16:00:00+00:00,142.344808,117.825364214,20.0,-3.4451,,stop,40,عرضي
SOLUSDT,rnd310051,2025-03-12T00:00:00+00:00,2025-03-29T08:00:00+00:00,125.512955,124.968757714,20.0,-0.0867,,stop,104,هابط
SOLUSDT,rnd310051,2025-03-29T20:00:00+00:00,2025-04-02T20:00:00+00:00,125.46289,119.491601571,20.0,-0.9519,,stop,24,هابط
SOLUSDT,rnd310051,2025-04-05T08:00:00+00:00,2025-04-06T16:00:00+00:00,121.227391,111.764051463,20.0,-1.5613,,stop,8,هابط
SOLUSDT,rnd310051,2025-04-07T00:00:00+00:00,2025-04-07T04:00:00+00:00,106.03767,97.9958238861,20.0,-1.5168,,stop,1,هابط
SOLUSDT,rnd310051,2025-04-09T04:00:00+00:00,2025-05-19T04:00:00+00:00,103.274082,162.214560857,20.0,11.4144,,stop,240,هابط
SOLUSDT,rnd310051,2025-05-20T20:00:00+00:00,2025-05-30T00:00:00+00:00,168.378608,165.448922143,20.0,-0.348,,stop,55,عرضي
SOLUSDT,rnd310051,2025-06-01T04:00:00+00:00,2025-06-05T16:00:00+00:00,154.921136,148.033020857,20.0,-0.8892,,stop,27,عرضي
SOLUSDT,rnd310051,2025-06-09T00:00:00+00:00,2025-06-12T04:00:00+00:00,152.648185,158.973066,20.0,0.8287,,stop,19,هابط
SOLUSDT,rnd310051,2025-06-13T12:00:00+00:00,2025-06-20T16:00:00+00:00,145.639085,141.764038286,20.0,-0.5321,,stop,43,هابط
SOLUSDT,rnd310051,2025-06-21T20:00:00+00:00,2025-06-22T12:00:00+00:00,137.468477,129.408954944,20.0,-1.1726,,stop,4,هابط
SOLUSDT,rnd310051,2025-06-23T20:00:00+00:00,2025-07-23T12:00:00+00:00,139.971727,188.220708857,20.0,6.8941,,stop,178,هابط
SOLUSDT,rnd310051,2025-07-25T12:00:00+00:00,2025-07-30T16:00:00+00:00,181.355456,170.401047429,20.0,-1.2081,,stop,31,صاعد
SOLUSDT,rnd310051,2025-07-31T12:00:00+00:00,2025-08-01T00:00:00+00:00,180.984975,170.682441854,20.0,-1.1385,,stop,3,صاعد
SOLUSDT,rnd310051,2025-08-02T04:00:00+00:00,2025-08-14T12:00:00+00:00,164.583681,193.257010286,20.0,3.4843,,stop,74,صاعد
SOLUSDT,rnd310051,2025-08-15T08:00:00+00:00,2025-08-18T04:00:00+00:00,197.206035,180.328445726,20.0,-1.7117,,stop,17,صاعد
SOLUSDT,rnd310051,2025-08-18T16:00:00+00:00,2025-08-25T04:00:00+00:00,183.33803,198.669964286,20.0,1.6725,,stop,39,صاعد
SOLUSDT,rnd310051,2025-08-26T00:00:00+00:00,2025-09-22T04:00:00+00:00,187.433347,227.299839857,20.0,4.2539,,stop,163,صاعد
SOLUSDT,rnd310051,2025-09-23T00:00:00+00:00,2025-09-24T00:00:00+00:00,220.676507,209.116801291,20.0,-1.0477,,stop,6,صاعد
SOLUSDT,rnd310051,2025-09-24T12:00:00+00:00,2025-09-25T12:00:00+00:00,212.636068,196.781704504,20.0,-1.4912,,stop,6,صاعد
SOLUSDT,rnd310051,2025-09-27T04:00:00+00:00,2025-10-10T12:00:00+00:00,204.145044,215.369655,20.0,1.0997,,stop,80,صاعد
SOLUSDT,rnd310051,2025-10-12T12:00:00+00:00,2025-10-17T08:00:00+00:00,181.195248,173.997794143,20.0,-0.7944,,stop,29,صاعد
SOLUSDT,rnd310051,2025-10-17T16:00:00+00:00,2025-11-03T00:00:00+00:00,182.947523,177.658743,20.0,-0.5782,,stop,98,عرضي
SOLUSDT,rnd310051,2025-11-03T12:00:00+00:00,2025-11-03T12:00:00+00:00,175.547916,166.290385673,20.0,-1.0547,,stop,0,عرضي
SOLUSDT,rnd310051,2025-11-05T00:00:00+00:00,2025-11-13T16:00:00+00:00,155.241552,143.775705429,20.0,-1.4772,,stop,52,عرضي
SOLUSDT,rnd310051,2025-11-22T00:00:00+00:00,2025-12-15T16:00:00+00:00,128.857297,123.686141571,20.0,-0.8026,,stop,142,هابط
SOLUSDT,rnd310051,2025-12-17T08:00:00+00:00,2025-12-18T16:00:00+00:00,128.426738,120.955410429,20.0,-1.1635,,stop,8,هابط
SOLUSDT,rnd310051,2025-12-18T20:00:00+00:00,2026-01-19T00:00:00+00:00,117.702815,134.062634571,20.0,2.7799,,stop,187,هابط
SOLUSDT,rnd310051,2026-01-20T16:00:00+00:00,2026-01-25T16:00:00+00:00,128.026218,122.325056143,20.0,-0.8906,,stop,30,عرضي
SOLUSDT,rnd310051,2026-01-27T12:00:00+00:00,2026-01-29T12:00:00+00:00,124.281356,118.805352,20.0,-0.8812,,stop,12,هابط
SOLUSDT,rnd310051,2026-01-30T08:00:00+00:00,2026-01-31T12:00:00+00:00,115.930514,108.903041475,20.0,-1.2124,,stop,7,هابط
SOLUSDT,rnd310051,2026-01-31T16:00:00+00:00,2026-01-31T16:00:00+00:00,108.791245,99.7310687029,20.0,-1.6656,,stop,0,هابط
SOLUSDT,rnd310051,2026-02-03T00:00:00+00:00,2026-02-04T12:00:00+00:00,104.675902,93.2134952917,20.0,-2.1901,,stop,9,هابط
SOLUSDT,rnd310051,2026-02-04T20:00:00+00:00,2026-02-05T12:00:00+00:00,94.502694,85.8480890692,20.0,-1.8316,,stop,4,هابط
SOLUSDT,rnd310051,2026-02-07T08:00:00+00:00,2026-04-02T12:00:00+00:00,85.400877,77.8272642857,20.0,-1.7737,,stop,325,هابط
SOLUSDT,rnd310051,2026-04-03T08:00:00+00:00,2026-04-19T20:00:00+00:00,80.063948,83.4699192857,20.0,0.8508,,stop,99,هابط
SOLUSDT,rnd310051,2026-04-22T04:00:00+00:00,2026-04-27T12:00:00+00:00,87.363425,83.7044675475,20.0,-0.8376,,stop,32,هابط
SOLUSDT,rnd310051,2026-04-28T04:00:00+00:00,2026-04-29T16:00:00+00:00,84.289434,81.5564868429,20.0,-0.6485,,stop,9,هابط
SOLUSDT,rnd310051,2026-05-01T16:00:00+00:00,2026-05-12T12:00:00+00:00,84.569798,93.5938838571,20.0,2.1341,,stop,65,هابط
SOLUSDT,rnd310051,2026-05-15T04:00:00+00:00,2026-05-16T04:00:00+00:00,92.169665,88.1549144355,20.0,-0.8712,,stop,6,عرضي
SOLUSDT,rnd310051,2026-05-16T12:00:00+00:00,2026-05-23T04:00:00+00:00,86.231956,82.3675958858,20.0,-0.8963,,stop,40,عرضي
SOLUSDT,rnd310051,2026-05-25T20:00:00+00:00,2026-05-27T20:00:00+00:00,85.751332,82.3530622327,20.0,-0.7926,,stop,12,هابط
SOLUSDT,rnd310051,2026-05-31T08:00:00+00:00,2026-06-01T12:00:00+00:00,82.777471,80.0839406448,20.0,-0.6508,,stop,7,هابط
SOLUSDT,rnd310051,2026-06-04T00:00:00+00:00,2026-06-05T04:00:00+00:00,71.703093,65.944039872,20.0,-1.6064,,stop,7,هابط
SOLUSDT,rnd310051,2026-06-05T12:00:00+00:00,2026-06-24T16:00:00+00:00,66.165904,66.323667,20.0,0.0477,,stop,115,هابط
SOLUSDT,rnd310051,2026-06-25T12:00:00+00:00,2026-07-08T08:00:00+00:00,68.268634,76.8314177143,20.0,2.5086,,stop,77,هابط
SOLUSDT,rnd310051,2026-07-09T04:00:00+00:00,2026-07-17T12:00:00+00:00,77.490607,73.5823254609,20.0,-1.0087,,stop,50,عرضي
SOLUSDT,rnd310051,2026-07-20T08:00:00+00:00,2026-07-23T16:00:00+00:00,76.319086,75.6244174286,20.0,-0.182,,stop,20,هابط
SOLUSDT,rnd310051,2026-07-24T16:00:00+00:00,2026-07-28T00:00:00+00:00,74.136252,73.024944,20.0,-0.2998,,stop,20,عرضي
SOLUSDT,rnd310051,2026-07-28T16:00:00+00:00,2026-08-01T16:00:00+00:00,74.446655,71.3858754199,20.0,-0.8223,,stop,24,هابط
SOLUSDT,rnd310051,2026-08-01T20:00:00+00:00,2026-08-11T12:00:00+00:00,71.352638,74.622864,20.0,0.9166,,stop,58,هابط
SOLUSDT,rnd310051,2026-08-13T04:00:00+00:00,2026-08-16T20:00:00+00:00,76.359138,74.1340668349,20.0,-0.5828,,stop,22,هابط
SOLUSDT,rnd310051,2026-08-18T20:00:00+00:00,2026-08-20T00:00:00+00:00,77.280334,83.9350281429,20.0,1.7222,,stop,7,عرضي
SOLUSDT,rnd310051,2026-08-21T00:00:00+00:00,2026-08-22T04:00:00+00:00,87.763945,90.6805332857,20.0,0.6646,,stop,7,عرضي
SOLUSDT,rnd310051,2026-08-22T12:00:00+00:00,2026-08-30T20:00:00+00:00,93.411277,101.617725,20.0,1.7571,,stop,50,عرضي
TONUSDT,rnd310051,2024-08-14T04:00:00+00:00,2024-08-15T08:00:00+00:00,6.638619,6.54362507143,20.0,-0.2862,,stop,7,عرضي
TONUSDT,rnd310051,2024-08-15T12:00:00+00:00,2024-08-24T20:00:00+00:00,6.5915579,6.26213434286,20.0,-0.9995,,stop,56,عرضي
TONUSDT,rnd310051,2024-08-26T20:00:00+00:00,2024-09-05T00:00:00+00:00,5.3609602,4.52696442857,20.0,-3.1114,,stop,55,صاعد
TONUSDT,rnd310051,2024-09-07T12:00:00+00:00,2024-10-01T12:00:00+00:00,4.626006,5.58587177143,20.0,4.1499,,stop,144,هابط
TONUSDT,rnd310051,2024-10-02T04:00:00+00:00,2024-10-09T20:00:00+00:00,5.4540811,5.055892741,20.0,-1.4601,,stop,46,عرضي
TONUSDT,rnd310051,2024-10-10T08:00:00+00:00,2024-10-23T16:00:00+00:00,5.0856027,5.06426502857,20.0,-0.0839,,stop,80,هابط
TONUSDT,rnd310051,2024-10-23T20:00:00+00:00,2024-10-25T16:00:00+00:00,5.1236521,4.9318751737,20.0,-0.7486,,stop,11,هابط
TONUSDT,rnd310051,2024-10-25T20:00:00+00:00,2024-10-25T20:00:00+00:00,4.9444194,4.77177944049,20.0,-0.6983,,stop,0,هابط
TONUSDT,rnd310051,2024-10-26T20:00:00+00:00,2024-11-03T00:00:00+00:00,4.9384116,4.74197027143,20.0,-0.7956,,stop,43,هابط
TONUSDT,rnd310051,2024-11-03T16:00:00+00:00,2024-11-05T04:00:00+00:00,4.7311425,4.60871515714,20.0,-0.5175,,stop,9,هابط
TONUSDT,rnd310051,2024-11-06T00:00:00+00:00,2024-11-07T04:00:00+00:00,4.6740684,4.89505671429,20.0,0.9456,,stop,7,هابط
TONUSDT,rnd310051,2024-11-07T08:00:00+00:00,2024-11-12T12:00:00+00:00,4.8292699,5.14159294286,20.0,1.2935,,stop,31,هابط
TONUSDT,rnd310051,2024-11-12T20:00:00+00:00,2024-11-26T08:00:00+00:00,5.4130278,5.71099461429,20.0,1.1009,,stop,81,هابط
TONUSDT,rnd310051,2024-11-27T20:00:00+00:00,2024-12-09T20:00:00+00:00,6.4033135,6.20620714286,20.0,-0.6156,,stop,72,عرضي
TONUSDT,rnd310051,2024-12-10T12:00:00+00:00,2024-12-18T20:00:00+00:00,5.9026635,5.52323901429,20.0,-1.2856,,stop,50,صاعد
TONUSDT,rnd310051,2024-12-21T08:00:00+00:00,2025-01-08T04:00:00+00:00,5.6152904,5.16755914286,20.0,-1.5947,,stop,107,صاعد
TONUSDT,rnd310051,2025-01-09T04:00:00+00:00,2025-01-19T08:00:00+00:00,5.30689,5.10692378571,20.0,-0.7536,,stop,61,هابط
TONUSDT,rnd310051,2025-01-20T04:00:00+00:00,2025-01-27T04:00:00+00:00,4.9424168,4.70173692857,20.0,-0.9739,,stop,42,هابط
TONUSDT,rnd310051,2025-01-27T20:00:00+00:00,2025-02-01T20:00:00+00:00,4.9384116,4.70567911135,20.0,-0.9425,,stop,30,هابط
TONUSDT,rnd310051,2025-02-02T12:00:00+00:00,2025-02-02T16:00:00+00:00,4.5348877,4.2728971317,20.0,-1.1554,,stop,1,هابط
TONUSDT,rnd310051,2025-02-03T08:00:00+00:00,2025-03-03T20:00:00+00:00,3.8720271,3.06107823263,20.0,-4.1888,,stop,171,هابط
TONUSDT,rnd310051,2025-03-06T00:00:00+00:00,2025-03-09T16:00:00+00:00,3.0359416,2.67264121521,20.0,-2.3933,,stop,22,هابط
TONUSDT,rnd310051,2025-03-10T08:00:00+00:00,2025-03-10T16:00:00+00:00,2.70351,2.54340355714,20.0,-1.1844,,stop,2,هابط
TONUSDT,rnd310051,2025-03-12T12:00:00+00:00,2025-03-30T00:00:00+00:00,2.6965009,3.63940547143,20.0,6.9935,,stop,105,هابط
TONUSDT,rnd310051,2025-03-31T20:00:00+00:00,2025-04-02T20:00:00+00:00,4.1013248,3.81011520276,20.0,-1.4201,,stop,12,عرضي
TONUSDT,rnd310051,2025-04-04T00:00:00+00:00,2025-04-04T12:00:00+00:00,3.5976709,3.34635069569,20.0,-1.3971,,stop,3,عرضي
TONUSDT,rnd310051,2025-04-04T16:00:00+00:00,2025-04-06T16:00:00+00:00,3.4134317,3.12579145308,20.0,-1.6853,,stop,12,عرضي
TONUSDT,rnd310051,2025-04-09T04:00:00+00:00,2025-05-15T12:00:00+00:00,2.9378142,3.02991312857,20.0,0.627,,stop,218,هابط
TONUSDT,rnd310051,2025-05-16T04:00:00+00:00,2025-05-19T12:00:00+00:00,3.1130417,2.89587929936,20.0,-1.3952,,stop,20,هابط
TONUSDT,rnd310051,2025-05-20T00:00:00+00:00,2025-05-28T16:00:00+00:00,3.033939,3.38017148571,20.0,2.2824,,stop,52,هابط
TONUSDT,rnd310051,2025-06-01T12:00:00+00:00,2025-06-13T00:00:00+00:00,3.1230547,3.05331124286,20.0,-0.4466,,stop,69,هابط
TONUSDT,rnd310051,2025-06-16T04:00:00+00:00,2025-06-18T08:00:00+00:00,2.9958896,2.89337331852,20.0,-0.6844,,stop,13,هابط
TONUSDT,rnd310051,2025-06-18T16:00:00+00:00,2025-06-21T20:00:00+00:00,2.9067739,2.7703938,20.0,-0.9384,,stop,19,هابط
TONUSDT,rnd310051,2025-06-22T20:00:00+00:00,2025-07-07T04:00:00+00:00,2.6804801,2.81176851429,20.0,0.9796,,stop,86,هابط
TONUSDT,rnd310051,2025-07-08T00:00:00+00:00,2025-07-23T00:00:00+00:00,2.7395568,3.29856342857,20.0,4.081,,stop,90,هابط
TONUSDT,rnd310051,2025-07-23T12:00:00+00:00,2025-07-24T04:00:00+00:00,3.2972809,3.04064434554,20.0,-1.5567,,stop,4,عرضي
TONUSDT,rnd310051,2025-07-25T16:00:00+00:00,2025-08-04T12:00:00+00:00,3.124056,3.32809641429,20.0,1.3063,,stop,59,عرضي
TONUSDT,rnd310051,2025-08-04T16:00:00+00:00,2025-08-25T16:00:00+00:00,3.384394,3.15860275714,20.0,-1.3343,,stop,126,عرضي
TONUSDT,rnd310051,2025-08-26T12:00:00+00:00,2025-08-29T12:00:00+00:00,3.1300638,3.0280584,20.0,-0.6518,,stop,18,عرضي
TONUSDT,rnd310051,2025-09-01T00:00:00+00:00,2025-09-01T20:00:00+00:00,3.1691145,3.08456363329,20.0,-0.5336,,stop,5,هابط
TONUSDT,rnd310051,2025-09-02T16:00:00+00:00,2025-09-06T12:00:00+00:00,3.1190495,3.03019847143,20.0,-0.5697,,stop,23,هابط
TONUSDT,rnd310051,2025-09-08T20:00:00+00:00,2025-09-14T12:00:00+00:00,3.0980222,3.1678764,20.0,0.451,,stop,34,هابط
TONUSDT,rnd310051,2025-09-14T20:00:00+00:00,2025-09-17T16:00:00+00:00,3.184134,3.07709285794,20.0,-0.6723,,stop,17,هابط
TONUSDT,rnd310051,2025-09-21T16:00:00+00:00,2025-09-22T00:00:00+00:00,3.0659806,2.99886271808,20.0,-0.4378,,stop,2,هابط
TONUSDT,rnd310051,2025-09-25T16:00:00+00:00,2025-09-25T16:00:00+00:00,2.7655906,2.66818886793,20.0,-0.7044,,stop,0,هابط
TONUSDT,rnd310051,2025-09-27T20:00:00+00:00,2025-10-09T12:00:00+00:00,2.7065139,2.69406458571,20.0,-0.092,,stop,70,هابط
TONUSDT,rnd310051,2025-10-11T08:00:00+00:00,2025-11-20T20:00:00+00:00,2.1287638,1.58759010349,20.0,-5.0844,,stop,243,هابط
TONUSDT,rnd310051,2025-11-22T12:00:00+00:00,2025-12-01T12:00:00+00:00,1.5139656,1.43798532857,20.0,-1.0037,,stop,54,هابط
TONUSDT,rnd310051,2025-12-01T16:00:00+00:00,2025-12-14T20:00:00+00:00,1.4679058,1.55583192857,20.0,1.198,,stop,79,هابط
TONUSDT,rnd310051,2025-12-15T08:00:00+00:00,2025-12-15T12:00:00+00:00,1.5650319,1.50111362639,20.0,-0.8168,,stop,1,هابط
TONUSDT,rnd310051,2025-12-17T08:00:00+00:00,2025-12-18T16:00:00+00:00,1.5369955,1.44190429871,20.0,-1.2374,,stop,8,هابط
TONUSDT,rnd310051,2025-12-21T04:00:00+00:00,2025-12-25T12:00:00+00:00,1.4839266,1.47479455714,20.0,-0.1231,,stop,26,هابط
TONUSDT,rnd310051,2025-12-26T08:00:00+00:00,2025-12-29T20:00:00+00:00,1.5149669,1.57038441429,20.0,0.7316,,stop,21,هابط
TONUSDT,rnd310051,2025-12-30T08:00:00+00:00,2026-01-09T08:00:00+00:00,1.5900644,1.77597394286,20.0,2.3384,,stop,60,هابط
TONUSDT,rnd310051,2026-01-09T16:00:00+00:00,2026-01-18T20:00:00+00:00,1.7733023,1.66042664987,20.0,-1.2731,,stop,55,عرضي
TONUSDT,rnd310051,2026-01-20T12:00:00+00:00,2026-01-29T12:00:00+00:00,1.5730423,1.47326741644,20.0,-1.2686,,stop,54,هابط
TONUSDT,rnd310051,2026-01-29T16:00:00+00:00,2026-01-31T12:00:00+00:00,1.4468785,1.38311382581,20.0,-0.8814,,stop,11,هابط
TONUSDT,rnd310051,2026-02-03T20:00:00+00:00,2026-02-05T20:00:00+00:00,1.3978148,1.2980893729,20.0,-1.4269,,stop,12,هابط
TONUSDT,rnd310051,2026-02-10T04:00:00+00:00,2026-02-19T08:00:00+00:00,1.3567615,1.39903602857,20.0,0.6232,,stop,55,هابط
TONUSDT,rnd310051,2026-02-20T20:00:00+00:00,2026-02-24T20:00:00+00:00,1.3537576,1.28797391155,20.0,-0.9719,,stop,24,هابط
TONUSDT,rnd310051,2026-02-25T16:00:00+00:00,2026-02-28T04:00:00+00:00,1.3237186,1.24798696225,20.0,-1.1442,,stop,15,هابط
TONUSDT,rnd310051,2026-03-02T08:00:00+00:00,2026-03-19T04:00:00+00:00,1.2195834,1.26578091429,20.0,0.7576,,stop,101,هابط
TONUSDT,rnd310051,2026-03-20T12:00:00+00:00,2026-03-27T00:00:00+00:00,1.2466185,1.24495088571,20.0,-0.0268,,stop,39,هابط
TONUSDT,rnd310051,2026-03-27T16:00:00+00:00,2026-04-09T16:00:00+00:00,1.2185821,1.24295348571,20.0,0.4,,stop,78,هابط
TONUSDT,rnd310051,2026-04-10T04:00:00+00:00,2026-04-14T16:00:00+00:00,1.2546289,1.38762231429,20.0,2.12,,stop,27,هابط
TONUSDT,rnd310051,2026-04-16T12:00:00+00:00,2026-04-18T12:00:00+00:00,1.3998174,1.35580658571,20.0,-0.6288,,stop,12,عرضي
TONUSDT,rnd310051,2026-04-19T08:00:00+00:00,2026-05-05T04:00:00+00:00,1.291677,1.73302984286,20.0,6.8338,,stop,95,عرضي
TONUSDT,rnd310051,2026-05-09T00:00:00+00:00,2026-05-15T12:00:00+00:00,2.5212734,1.98369124458,20.0,-4.2644,,stop,39,عرضي
TONUSDT,rnd310051,2026-05-16T12:00:00+00:00,2026-05-22T20:00:00+00:00,1.9194921,1.8266223,20.0,-0.9676,,stop,38,عرضي
TONUSDT,rnd310051,2026-05-25T04:00:00+00:00,2026-05-25T20:00:00+00:00,1.7883218,1.96658297143,20.0,1.9936,,stop,4,عرضي
TONUSDT,rnd310051,2026-05-29T20:00:00+00:00,2026-06-02T00:00:00+00:00,1.7592841,2.05190048571,20.0,3.3265,,stop,19,صاعد
TONUSDT,rnd310051,2026-06-03T16:00:00+00:00,2026-06-04T00:00:00+00:00,2.0346416,1.74112519092,20.0,-2.8852,,stop,2,صاعد
TONUSDT,rnd310051,2026-06-06T08:00:00+00:00,2026-06-30T00:00:00+00:00,1.5269825,1.59792,20.0,0.9291,,stop,142,صاعد
VETUSDT,rnd310051,2024-01-04T04:00:00+00:00,2024-01-06T04:00:00+00:00,0.032171769,0.0292765171289,20.0,-1.7999,,stop,12,صاعد
VETUSDT,rnd310051,2024-01-08T12:00:00+00:00,2024-01-18T12:00:00+00:00,0.030409481,0.02916204,20.0,-0.8204,,stop,60,صاعد
VETUSDT,rnd310051,2024-01-20T00:00:00+00:00,2024-01-22T08:00:00+00:00,0.028627167,0.0267298729329,20.0,-1.3255,,stop,14,صاعد
VETUSDT,rnd310051,2024-01-22T16:00:00+00:00,2024-01-23T00:00:00+00:00,0.027025087,0.0258378826012,20.0,-0.8786,,stop,2,عرضي
VETUSDT,rnd310051,2024-01-23T16:00:00+00:00,2024-02-15T12:00:00+00:00,0.025843553,0.0449372198571,20.0,14.7763,,stop,137,عرضي
VETUSDT,rnd310051,2024-02-16T04:00:00+00:00,2024-02-28T16:00:00+00:00,0.046179956,0.0442481168571,20.0,-0.8367,,stop,75,صاعد
VETUSDT,rnd310051,2024-03-01T04:00:00+00:00,2024-03-05T16:00:00+00:00,0.048072413,0.043023996,20.0,-2.1003,,stop,27,صاعد
VETUSDT,rnd310051,2024-03-06T04:00:00+00:00,2024-03-16T16:00:00+00:00,0.043526511,0.0406456632857,20.0,-1.3237,,stop,63,صاعد
VETUSDT,rnd310051,2024-03-17T08:00:00+00:00,2024-04-05T12:00:00+00:00,0.039411168,0.0389122054286,20.0,-0.2532,,stop,115,صاعد
VETUSDT,rnd310051,2024-04-05T16:00:00+00:00,2024-04-10T12:00:00+00:00,0.040943157,0.0424789911429,20.0,0.7502,,stop,29,صاعد
VETUSDT,rnd310051,2024-04-11T04:00:00+00:00,2024-04-12T16:00:00+00:00,0.04756175,0.044631903,20.0,-1.232,,stop,9,صاعد
VETUSDT,rnd310051,2024-04-12T20:00:00+00:00,2024-04-13T20:00:00+00:00,0.042314938,0.0363113052857,20.0,-2.8376,,stop,6,صاعد
VETUSDT,rnd310051,2024-04-14T12:00:00+00:00,2024-05-01T08:00:00+00:00,0.039831714,0.0333052182857,20.0,-3.277,,stop,101,صاعد
VETUSDT,rnd310051,2024-05-01T12:00:00+00:00,2024-05-13T00:00:00+00:00,0.034574889,0.0332695504286,20.0,-0.7551,,stop,69,عرضي
VETUSDT,rnd310051,2024-05-13T04:00:00+00:00,2024-05-19T12:00:00+00:00,0.033062926,0.0341912078571,20.0,0.6825,,stop,38,عرضي
VETUSDT,rnd310051,2024-05-19T20:00:00+00:00,2024-05-22T12:00:00+00:00,0.034364616,0.0353282991429,20.0,0.5609,,stop,16,عرضي
VETUSDT,rnd310051,2024-05-26T00:00:00+00:00,2024-05-30T04:00:00+00:00,0.035626254,0.0344893911429,20.0,-0.6382,,stop,25,عرضي
VETUSDT,rnd310051,2024-05-30T08:00:00+00:00,2024-06-07T16:00:00+00:00,0.03434459,0.0337018448571,20.0,-0.3743,,stop,50,عرضي
VETUSDT,rnd310051,2024-06-08T12:00:00+00:00,2024-06-11T12:00:00+00:00,0.032001548,0.0291689361662,20.0,-1.7703,,stop,18,عرضي
VETUSDT,rnd310051,2024-06-16T16:00:00+00:00,2024-06-17T08:00:00+00:00,0.029398168,0.0279154021673,20.0,-1.0087,,stop,4,عرضي
VETUSDT,rnd310051,2024-06-17T12:00:00+00:00,2024-06-18T00:00:00+00:00,0.027846153,0.0263850221082,20.0,-1.0494,,stop,3,هابط
VETUSDT,rnd310051,2024-06-18T04:00:00+00:00,2024-06-24T08:00:00+00:00,0.025282825,0.023838969,20.0,-1.1422,,stop,37,هابط
VETUSDT,rnd310051,2024-06-26T20:00:00+00:00,2024-07-03T16:00:00+00:00,0.026153956,0.0250730768571,20.0,-0.8266,,stop,41,هابط
VETUSDT,rnd310051,2024-07-05T00:00:00+00:00,2024-07-05T00:00:00+00:00,0.02272951,0.0210949080656,20.0,-1.4383,,stop,0,هابط
VETUSDT,rnd310051,2024-07-06T12:00:00+00:00,2024-07-19T00:00:00+00:00,0.024061239,0.0297641134286,20.0,4.7403,,stop,75,هابط
VETUSDT,rnd310051,2024-07-19T12:00:00+00:00,2024-07-23T04:00:00+00:00,0.030369429,0.0286569831429,20.0,-1.1277,,stop,22,عرضي
VETUSDT,rnd310051,2024-07-23T16:00:00+00:00,2024-07-25T00:00:00+00:00,0.029328077,0.027453055857,20.0,-1.2787,,stop,8,عرضي
VETUSDT,rnd310051,2024-07-26T16:00:00+00:00,2024-07-31T20:00:00+00:00,0.02793627,0.0261129932061,20.0,-1.3053,,stop,31,عرضي
VETUSDT,rnd310051,2024-08-01T08:00:00+00:00,2024-08-02T12:00:00+00:00,0.026163969,0.0246871910189,20.0,-1.1289,,stop,7,هابط
VETUSDT,rnd310051,2024-08-04T00:00:00+00:00,2024-08-05T00:00:00+00:00,0.023720797,0.0216551087139,20.0,-1.7417,,stop,6,هابط
VETUSDT,rnd310051,2024-08-06T08:00:00+00:00,2024-09-01T12:00:00+00:00,0.022809614,0.0209555794286,20.0,-1.6257,,stop,157,هابط
VETUSDT,rnd310051,2024-09-05T04:00:00+00:00,2024-09-06T20:00:00+00:00,0.020897131,0.0194022324083,20.0,-1.4307,,stop,10,هابط
VETUSDT,rnd310051,2024-09-07T12:00:00+00:00,2024-09-16T12:00:00+00:00,0.020276325,0.0209455924286,20.0,0.6601,,stop,54,هابط
VETUSDT,rnd310051,2024-09-17T16:00:00+00:00,2024-09-29T04:00:00+00:00,0.021598041,0.025287084,20.0,3.4161,,stop,69,هابط
VETUSDT,rnd310051,2024-09-29T12:00:00+00:00,2024-09-30T20:00:00+00:00,0.025503111,0.02416808017,20.0,-1.047,,stop,8,عرضي
VETUSDT,rnd310051,2024-10-01T00:00:00+00:00,2024-10-01T16:00:00+00:00,0.024321577,0.0227687248428,20.0,-1.2769,,stop,4,عرضي
VETUSDT,rnd310051,2024-10-02T00:00:00+00:00,2024-10-25T20:00:00+00:00,0.022699471,0.0214178348571,20.0,-1.1292,,stop,143,عرضي
VETUSDT,rnd310051,2024-10-27T04:00:00+00:00,2024-11-01T00:00:00+00:00,0.022098691,0.0207716527017,20.0,-1.201,,stop,29,هابط
VETUSDT,rnd310051,2024-11-01T04:00:00+00:00,2024-11-03T00:00:00+00:00,0.021017287,0.0199448963126,20.0,-1.0205,,stop,11,هابط
VETUSDT,rnd310051,2024-11-03T08:00:00+00:00,2024-11-04T20:00:00+00:00,0.020046026,0.0190819015233,20.0,-0.9619,,stop,9,هابط
VETUSDT,rnd310051,2024-11-05T00:00:00+00:00,2024-11-10T20:00:00+00:00,0.019415207,0.0249047245714,20.0,5.6549,,stop,35,هابط
VETUSDT,rnd310051,2024-11-12T00:00:00+00:00,2024-11-13T04:00:00+00:00,0.028466959,0.0252430289176,20.0,-2.265,,stop,7,هابط
VETUSDT,rnd310051,2024-11-13T20:00:00+00:00,2024-11-23T20:00:00+00:00,0.025503111,0.0410051952857,20.0,12.157,,stop,60,عرضي
VETUSDT,rnd310051,2024-11-26T12:00:00+00:00,2024-12-03T12:00:00+00:00,0.038610128,0.0619236801429,20.0,12.0764,,stop,42,صاعد
VETUSDT,rnd310051,2024-12-03T16:00:00+00:00,2024-12-09T20:00:00+00:00,0.062821562,0.0582784251429,20.0,-1.4464,,stop,37,صاعد
VETUSDT,rnd310051,2024-12-12T20:00:00+00:00,2024-12-18T20:00:00+00:00,0.059537298,0.0514078807626,20.0,-2.7309,,stop,36,صاعد
VETUSDT,rnd310051,2024-12-20T12:00:00+00:00,2025-01-13T08:00:00+00:00,0.038479959,0.0415915748571,20.0,1.6173,,stop,143,صاعد
VETUSDT,rnd310051,2025-01-15T00:00:00+00:00,2025-01-18T16:00:00+00:00,0.04525876,0.050723973,20.0,2.4151,,stop,22,عرضي
VETUSDT,rnd310051,2025-01-20T12:00:00+00:00,2025-01-27T04:00:00+00:00,0.049954857,0.0423836151502,20.0,-3.0312,,stop,40,صاعد
VETUSDT,rnd310051,2025-01-27T16:00:00+00:00,2025-02-01T20:00:00+00:00,0.044167343,0.0435490268571,20.0,-0.28,,stop,31,صاعد
VETUSDT,rnd310051,2025-02-02T00:00:00+00:00,2025-02-02T16:00:00+00:00,0.043476446,0.0393359569773,20.0,-1.9047,,stop,4,عرضي
VETUSDT,rnd310051,2025-02-03T00:00:00+00:00,2025-02-03T00:00:00+00:00,0.037789062,0.0323433894337,20.0,-2.8821,,stop,0,عرضي
VETUSDT,rnd310051,2025-02-04T20:00:00+00:00,2025-02-25T00:00:00+00:00,0.03654745,0.027723862065,20.0,-4.8286,,stop,121,عرضي
VETUSDT,rnd310051,2025-03-02T00:00:00+00:00,2025-03-03T08:00:00+00:00,0.028507011,0.029391741,20.0,0.6207,,stop,8,هابط
VETUSDT,rnd310051,2025-03-04T20:00:00+00:00,2025-03-10T16:00:00+00:00,0.027315464,0.0228131614286,20.0,-3.2965,,stop,35,هابط
VETUSDT,rnd310051,2025-03-11T00:00:00+00:00,2025-03-29T00:00:00+00:00,0.022659419,0.0236378022857,20.0,0.8636,,stop,108,هابط
VETUSDT,rnd310051,2025-03-29T20:00:00+00:00,2025-04-03T00:00:00+00:00,0.022819627,0.0214649164286,20.0,-1.1873,,stop,25,هابط
VETUSDT,rnd310051,2025-04-03T12:00:00+00:00,2025-04-06T20:00:00+00:00,0.021407794,0.0193094447607,20.0,-1.9604,,stop,20,هابط
VETUSDT,rnd310051,2025-04-10T12:00:00+00:00,2025-05-04T20:00:00+00:00,0.021598041,0.0249418191429,20.0,3.0964,,stop,146,هابط
VETUSDT,rnd310051,2025-05-05T12:00:00+00:00,2025-05-11T04:00:00+00:00,0.024982435,0.0304489362857,20.0,4.3763,,stop,34,عرضي
VETUSDT,rnd310051,2025-05-18T08:00:00+00:00,2025-05-23T12:00:00+00:00,0.028426907,0.0285442727143,20.0,0.0826,,stop,31,عرضي
VETUSDT,rnd310051,2025-05-24T20:00:00+00:00,2025-05-30T00:00:00+00:00,0.027675932,0.0255676507884,20.0,-1.5235,,stop,31,عرضي
VETUSDT,rnd310051,2025-06-02T16:00:00+00:00,2025-06-05T12:00:00+00:00,0.024261499,0.0234851438571,20.0,-0.64,,stop,17,هابط
VETUSDT,rnd310051,2025-06-06T16:00:00+00:00,2025-06-12T08:00:00+00:00,0.023891018,0.0240544028571,20.0,0.1368,,stop,34,هابط
VETUSDT,rnd310051,2025-06-13T20:00:00+00:00,2025-06-21T16:00:00+00:00,0.022288938,0.0204783529163,20.0,-1.6246,,stop,47,هابط
VETUSDT,rnd310051,2025-06-22T08:00:00+00:00,2025-06-22T20:00:00+00:00,0.019865792,0.0185256059347,20.0,-1.3492,,stop,3,هابط
VETUSDT,rnd310051,2025-06-25T16:00:00+00:00,2025-07-07T20:00:00+00:00,0.021087378,0.0202921572857,20.0,-0.7542,,stop,73,هابط
VETUSDT,rnd310051,2025-07-11T00:00:00+00:00,2025-07-12T12:00:00+00:00,0.024091278,0.0236249618571,20.0,-0.3871,,stop,9,هابط
VETUSDT,rnd310051,2025-07-12T20:00:00+00:00,2025-07-23T12:00:00+00:00,0.023700771,0.0261445392857,20.0,2.0622,,stop,64,هابط
VETUSDT,rnd310051,2025-07-24T04:00:00+00:00,2025-07-31T20:00:00+00:00,0.025473072,0.0231768314707,20.0,-1.8029,,stop,46,عرضي
VETUSDT,rnd310051,2025-08-01T04:00:00+00:00,2025-08-15T12:00:00+00:00,0.023079965,0.0238817704286,20.0,0.6948,,stop,86,عرضي
VETUSDT,rnd310051,2025-08-17T20:00:00+00:00,2025-08-18T04:00:00+00:00,0.024902331,0.0235716479697,20.0,-1.0687,,stop,2,عرضي
VETUSDT,rnd310051,2025-08-18T20:00:00+00:00,2025-08-25T16:00:00+00:00,0.023951096,0.0251030378571,20.0,0.9619,,stop,41,عرضي
VETUSDT,rnd310051,2025-08-25T20:00:00+00:00,2025-09-22T04:00:00+00:00,0.024672032,0.0230314487143,20.0,-1.3299,,stop,164,عرضي
VETUSDT,rnd310051,2025-09-22T08:00:00+00:00,2025-09-25T12:00:00+00:00,0.023019887,0.0217415861469,20.0,-1.1106,,stop,19,عرضي
VETUSDT,rnd310051,2025-09-26T04:00:00+00:00,2025-10-08T00:00:00+00:00,0.02182834,0.0223537594286,20.0,0.4814,,stop,71,هابط
VETUSDT,rnd310051,2025-10-08T08:00:00+00:00,2025-10-10T12:00:00+00:00,0.022589328,0.0214096734807,20.0,-1.0444,,stop,13,هابط
VETUSDT,rnd310051,2025-10-12T16:00:00+00:00,2025-11-03T12:00:00+00:00,0.018774375,0.0145215438482,20.0,-4.5305,,stop,131,هابط
VETUSDT,rnd310051,2025-11-03T16:00:00+00:00,2025-11-04T20:00:00+00:00,0.014548889,0.0134528061586,20.0,-1.5068,,stop,7,هابط
VETUSDT,rnd310051,2025-11-07T08:00:00+00:00,2025-11-12T16:00:00+00:00,0.015900644,0.0164614294286,20.0,0.7054,,stop,32,هابط
VETUSDT,rnd310051,2025-11-13T00:00:00+00:00,2025-11-16T16:00:00+00:00,0.016461372,0.0148688031093,20.0,-1.9349,,stop,22,هابط
VETUSDT,rnd310051,2025-11-17T08:00:00+00:00,2025-11-17T16:00:00+00:00,0.015369955,0.0142835051299,20.0,-1.4137,,stop,2,هابط
VETUSDT,rnd310051,2025-11-18T12:00:00+00:00,2025-11-20T16:00:00+00:00,0.014428733,0.0132670161429,20.0,-1.6103,,stop,13,هابط
VETUSDT,rnd310051,2025-11-21T08:00:00+00:00,2025-12-01T00:00:00+00:00,0.012846679,0.012214101,20.0,-0.9848,,stop,58,هابط
VETUSDT,rnd310051,2025-12-01T20:00:00+00:00,2025-12-05T12:00:00+00:00,0.012125743,0.0127105975714,20.0,0.9646,,stop,22,هابط
VETUSDT,rnd310051,2025-12-05T20:00:00+00:00,2025-12-11T00:00:00+00:00,0.01251625,0.0121013905714,20.0,-0.6629,,stop,31,هابط
VETUSDT,rnd310051,2025-12-12T20:00:00+00:00,2025-12-15T16:00:00+00:00,0.011544989,0.0105776487286,20.0,-1.6758,,stop,17,هابط
VETUSDT,rnd310051,2025-12-15T20:00:00+00:00,2025-12-18T00:00:00+00:00,0.010543689,0.0101253912857,20.0,-0.7935,,stop,13,هابط
VETUSDT,rnd310051,2025-12-18T04:00:00+00:00,2025-12-31T16:00:00+00:00,0.010163195,0.0103650792857,20.0,0.3973,,stop,81,هابط
VETUSDT,rnd310051,2026-01-01T04:00:00+00:00,2026-01-06T16:00:00+00:00,0.010403507,0.0124109875714,20.0,3.8592,,stop,33,هابط
VETUSDT,rnd310051,2026-01-07T16:00:00+00:00,2026-01-18T20:00:00+00:00,0.012145769,0.0111277127146,20.0,-1.6764,,stop,67,هابط
VETUSDT,rnd310051,2026-01-19T00:00:00+00:00,2026-01-19T00:00:00+00:00,0.011044339,0.0102738227879,20.0,-1.3953,,stop,0,هابط
VETUSDT,rnd310051,2026-01-20T00:00:00+00:00,2026-01-20T16:00:00+00:00,0.010854092,0.0100624223947,20.0,-1.4587,,stop,4,هابط
VETUSDT,rnd310051,2026-01-20T20:00:00+00:00,2026-01-29T12:00:00+00:00,0.010143169,0.00937208614286,20.0,-1.5204,,stop,52,هابط
VETUSDT,rnd310051,2026-01-30T20:00:00+00:00,2026-01-31T12:00:00+00:00,0.009352142,0.00861235992969,20.0,-1.5821,,stop,4,هابط
VETUSDT,rnd310051,2026-01-31T16:00:00+00:00,2026-01-31T16:00:00+00:00,0.008430946,0.00762280916306,20.0,-1.9171,,stop,0,هابط
VETUSDT,rnd310051,2026-02-01T20:00:00+00:00,2026-02-05T12:00:00+00:00,0.008240699,0.007520211,20.0,-1.7486,,stop,22,هابط
VETUSDT,rnd310051,2026-02-05T16:00:00+00:00,2026-02-23T00:00:00+00:00,0.007529776,0.00739751357143,20.0,-0.3513,,stop,104,هابط
VETUSDT,rnd310051,2026-02-26T00:00:00+00:00,2026-02-27T20:00:00+00:00,0.007840179,0.00728248516016,20.0,-1.4227,,stop,11,هابط
VETUSDT,rnd310051,2026-03-01T08:00:00+00:00,2026-03-08T00:00:00+00:00,0.007369568,0.00683210327589,20.0,-1.4586,,stop,40,هابط
VETUSDT,rnd310051,2026-03-08T04:00:00+00:00,2026-03-14T12:00:00+00:00,0.0068559011,0.00709348075714,20.0,0.6931,,stop,38,هابط
VETUSDT,rnd310051,2026-03-15T20:00:00+00:00,2026-03-18T12:00:00+00:00,0.0073104913,0.00735428412857,20.0,0.1198,,stop,16,هابط
VETUSDT,rnd310051,2026-03-19T16:00:00+00:00,2026-03-22T20:00:00+00:00,0.0071863301,0.006861069,20.0,-0.9052,,stop,19,هابط
VETUSDT,rnd310051,2026-03-23T04:00:00+00:00,2026-03-26T08:00:00+00:00,0.0069340025,0.00680171768571,20.0,-0.3816,,stop,19,هابط
VETUSDT,rnd310051,2026-03-29T20:00:00+00:00,2026-04-02T12:00:00+00:00,0.0065805436,0.00663322272857,20.0,0.1601,,stop,22,هابط
VETUSDT,rnd310051,2026-04-03T00:00:00+00:00,2026-04-06T20:00:00+00:00,0.0067517659,0.00726868127143,20.0,1.5312,,stop,23,هابط
VETUSDT,rnd310051,2026-04-08T20:00:00+00:00,2026-04-12T00:00:00+00:00,0.0073084887,0.00692855258571,20.0,-1.0397,,stop,19,هابط
VETUSDT,rnd310051,2026-04-12T08:00:00+00:00,2026-04-29T16:00:00+00:00,0.0068468894,0.00691086132857,20.0,0.1869,,stop,104,هابط
VETUSDT,rnd310051,2026-04-30T00:00:00+00:00,2026-05-07T20:00:00+00:00,0.0070060961,0.00757799292857,20.0,1.6326,,stop,47,هابط
VETUSDT,rnd310051,2026-05-09T04:00:00+00:00,2026-05-09T12:00:00+00:00,0.0080234169,0.00756820827946,20.0,-1.1347,,stop,2,عرضي
VETUSDT,rnd310051,2026-05-14T00:00:00+00:00,2026-05-15T12:00:00+00:00,0.0073034822,0.00692714376243,20.0,-1.0306,,stop,9,عرضي
VETUSDT,rnd310051,2026-05-16T00:00:00+00:00,2026-05-17T20:00:00+00:00,0.007039139,0.00666867272644,20.0,-1.0526,,stop,11,عرضي
VETUSDT,rnd310051,2026-05-18T12:00:00+00:00,2026-05-19T16:00:00+00:00,0.0067147178,0.00640067180972,20.0,-0.9354,,stop,7,عرضي
VETUSDT,rnd310051,2026-05-21T00:00:00+00:00,2026-05-26T12:00:00+00:00,0.0066266034,0.00649112198571,20.0,-0.4089,,stop,33,هابط
VETUSDT,rnd310051,2026-05-27T16:00:00+00:00,2026-05-28T00:00:00+00:00,0.0062651341,0.00592117655067,20.0,-1.098,,stop,2,هابط
VETUSDT,rnd310051,2026-05-31T08:00:00+00:00,2026-06-02T12:00:00+00:00,0.0061149391,0.00569003242917,20.0,-1.3897,,stop,13,هابط
VETUSDT,rnd310051,2026-06-02T16:00:00+00:00,2026-06-04T00:00:00+00:00,0.0055702319,0.00533477005714,20.0,-0.8454,,stop,8,هابط
VETUSDT,rnd310051,2026-06-04T16:00:00+00:00,2026-06-05T04:00:00+00:00,0.0054630928,0.00489654044007,20.0,-2.0741,,stop,3,هابط
VETUSDT,rnd310051,2026-06-05T12:00:00+00:00,2026-06-23T08:00:00+00:00,0.0050075013,0.00461656208571,20.0,-1.5614,,stop,107,هابط
VETUSDT,rnd310051,2026-06-24T04:00:00+00:00,2026-06-24T16:00:00+00:00,0.0046750697,0.0044066550201,20.0,-1.1483,,stop,3,هابط
VETUSDT,rnd310051,2026-06-25T08:00:00+00:00,2026-06-25T12:00:00+00:00,0.0045969683,0.00430547104478,20.0,-1.2682,,stop,1,هابط
VETUSDT,rnd310051,2026-06-26T00:00:00+00:00,2026-07-20T04:00:00+00:00,0.0044627941,0.00460357898571,20.0,0.6309,,stop,145,هابط
VETUSDT,rnd310051,2026-07-22T08:00:00+00:00,2026-07-25T08:00:00+00:00,0.0048573063,0.00462610596252,20.0,-0.952,,stop,18,هابط
VETUSDT,rnd310051,2026-07-26T20:00:00+00:00,2026-07-27T16:00:00+00:00,0.0046880866,0.00453004701599,20.0,-0.6742,,stop,5,هابط
VETUSDT,rnd310051,2026-07-31T12:00:00+00:00,2026-08-12T20:00:00+00:00,0.0047101152,0.00448230827143,20.0,-0.9673,,stop,74,هابط
VETUSDT,rnd310051,2026-08-14T08:00:00+00:00,2026-08-22T04:00:00+00:00,0.004465798,0.0057445224,20.0,5.7267,,stop,47,هابط
VETUSDT,rnd310051,2026-08-23T12:00:00+00:00,2026-08-30T20:00:00+00:00,0.0057004009,0.0067102653,20.0,3.5431,,stop,44,عرضي
XLMUSDT,rnd310051,2024-01-03T12:00:00+00:00,2024-01-03T12:00:00+00:00,0.1281664,0.122364262251,20.0,-0.9054,,stop,0,صاعد
XLMUSDT,rnd310051,2024-01-04T00:00:00+00:00,2024-01-19T16:00:00+00:00,0.12055652,0.11165466,20.0,-1.4768,,stop,94,صاعد
XLMUSDT,rnd310051,2024-01-20T04:00:00+00:00,2024-01-23T08:00:00+00:00,0.1141482,0.109113310911,20.0,-0.8822,,stop,19,عرضي
XLMUSDT,rnd310051,2024-01-23T20:00:00+00:00,2024-01-31T12:00:00+00:00,0.10974248,0.109129375714,20.0,-0.1117,,stop,46,عرضي
XLMUSDT,rnd310051,2024-02-01T00:00:00+00:00,2024-02-20T12:00:00+00:00,0.11004287,0.113908868571,20.0,0.7026,,stop,117,عرضي
XLMUSDT,rnd310051,2024-02-20T20:00:00+00:00,2024-03-03T04:00:00+00:00,0.11655132,0.129788198571,20.0,2.2714,,stop,68,هابط
XLMUSDT,rnd310051,2024-03-03T20:00:00+00:00,2024-03-05T04:00:00+00:00,0.1341742,0.142999572857,20.0,1.3155,,stop,8,صاعد
XLMUSDT,rnd310051,2024-03-05T12:00:00+00:00,2024-03-05T16:00:00+00:00,0.150195,0.133342857214,20.0,-2.244,,stop,1,صاعد
XLMUSDT,rnd310051,2024-03-05T20:00:00+00:00,2024-03-15T00:00:00+00:00,0.12756562,0.13033035,20.0,0.4335,,stop,55,صاعد
XLMUSDT,rnd310051,2024-03-15T04:00:00+00:00,2024-03-19T04:00:00+00:00,0.13637706,0.123823023393,20.0,-1.8411,,stop,24,صاعد
XLMUSDT,rnd310051,2024-03-20T00:00:00+00:00,2024-04-03T20:00:00+00:00,0.12085691,0.125094308571,20.0,0.7012,,stop,89,صاعد
XLMUSDT,rnd310051,2024-04-04T12:00:00+00:00,2024-04-10T12:00:00+00:00,0.12796614,0.12613581,20.0,-0.2861,,stop,36,صاعد
XLMUSDT,rnd310051,2024-04-10T16:00:00+00:00,2024-04-12T16:00:00+00:00,0.12846679,0.121166211744,20.0,-1.1366,,stop,12,صاعد
XLMUSDT,rnd310051,2024-04-12T20:00:00+00:00,2024-04-13T16:00:00+00:00,0.11334716,0.104425515835,20.0,-1.5742,,stop,5,عرضي
XLMUSDT,rnd310051,2024-04-14T00:00:00+00:00,2024-06-07T16:00:00+00:00,0.10533676,0.0990425057143,20.0,-1.1951,,stop,328,عرضي
XLMUSDT,rnd310051,2024-06-08T00:00:00+00:00,2024-06-14T16:00:00+00:00,0.10023013,0.0950706629739,20.0,-1.0295,,stop,40,هابط
XLMUSDT,rnd310051,2024-06-14T20:00:00+00:00,2024-06-18T00:00:00+00:00,0.09532376,0.0924082842857,20.0,-0.6117,,stop,19,هابط
XLMUSDT,rnd310051,2024-06-18T08:00:00+00:00,2024-06-24T08:00:00+00:00,0.09241999,0.0867178243701,20.0,-1.234,,stop,36,هابط
XLMUSDT,rnd310051,2024-06-24T12:00:00+00:00,2024-07-03T16:00:00+00:00,0.0871131,0.0894407185714,20.0,0.5344,,stop,55,هابط
XLMUSDT,rnd310051,2024-07-03T20:00:00+00:00,2024-07-04T12:00:00+00:00,0.08991674,0.0865719071666,20.0,-0.744,,stop,4,هابط
XLMUSDT,rnd310051,2024-07-05T00:00:00+00:00,2024-07-05T00:00:00+00:00,0.0871131,0.0824700351129,20.0,-1.066,,stop,0,هابط
XLMUSDT,rnd310051,2024-07-05T12:00:00+00:00,2024-07-23T16:00:00+00:00,0.0821066,0.100654692857,20.0,4.5181,,stop,109,هابط
XLMUSDT,rnd310051,2024-07-23T20:00:00+00:00,2024-08-01T12:00:00+00:00,0.10143169,0.0971592428571,20.0,-0.8424,,stop,52,عرضي
XLMUSDT,rnd310051,2024-08-03T04:00:00+00:00,2024-08-04T12:00:00+00:00,0.09502337,0.0889789753333,20.0,-1.2722,,stop,8,عرضي
XLMUSDT,rnd310051,2024-08-05T00:00:00+00:00,2024-08-05T00:00:00+00:00,0.08831466,0.0833846902277,20.0,-1.1165,,stop,0,هابط
XLMUSDT,rnd310051,2024-08-05T12:00:00+00:00,2024-08-28T12:00:00+00:00,0.07820153,0.0917234614286,20.0,3.4582,,stop,138,هابط
XLMUSDT,rnd310051,2024-08-28T16:00:00+00:00,2024-09-06T12:00:00+00:00,0.09241999,0.0880197011559,20.0,-0.9522,,stop,53,هابط
XLMUSDT,rnd310051,2024-09-06T16:00:00+00:00,2024-09-30T20:00:00+00:00,0.08841479,0.09807234,20.0,2.1846,,stop,145,هابط
XLMUSDT,rnd310051,2024-10-01T08:00:00+00:00,2024-10-01T12:00:00+00:00,0.10043039,0.0951101572787,20.0,-1.0595,,stop,1,عرضي
XLMUSDT,rnd310051,2024-10-01T20:00:00+00:00,2024-11-12T12:00:00+00:00,0.0941222,0.119844,20.0,5.4656,,stop,250,عرضي
XLMUSDT,rnd310051,2024-11-14T16:00:00+00:00,2024-11-17T00:00:00+00:00,0.12326003,0.208813902857,20.0,13.8819,,stop,14,عرضي
XLMUSDT,rnd310051,2024-11-17T04:00:00+00:00,2024-11-23T20:00:00+00:00,0.20046026,0.476308564286,20.0,27.5215,,stop,40,صاعد
XLMUSDT,rnd310051,2024-11-24T00:00:00+00:00,2024-11-24T12:00:00+00:00,0.5226786,0.453438334286,20.0,-2.6494,,stop,3,صاعد
XLMUSDT,rnd310051,2024-11-24T16:00:00+00:00,2024-12-20T08:00:00+00:00,0.45699332,0.338402361429,20.0,-5.1901,,stop,154,صاعد
XLMUSDT,rnd310051,2024-12-20T12:00:00+00:00,2025-01-09T20:00:00+00:00,0.3134069,0.386553968571,20.0,4.6679,,stop,122,صاعد
XLMUSDT,rnd310051,2025-01-10T00:00:00+00:00,2025-01-19T20:00:00+00:00,0.39170856,0.435575871429,20.0,2.2398,,stop,59,صاعد
XLMUSDT,rnd310051,2025-01-20T04:00:00+00:00,2025-01-27T00:00:00+00:00,0.44868253,0.395703160568,20.0,-2.3616,,stop,41,صاعد
XLMUSDT,rnd310051,2025-01-27T04:00:00+00:00,2025-01-27T04:00:00+00:00,0.39991922,0.377303087514,20.0,-1.131,,stop,0,صاعد
XLMUSDT,rnd310051,2025-01-27T08:00:00+00:00,2025-02-01T16:00:00+00:00,0.37939257,0.400207624286,20.0,1.0973,,stop,32,صاعد
XLMUSDT,rnd310051,2025-02-01T20:00:00+00:00,2025-02-02T16:00:00+00:00,0.39931844,0.367019265314,20.0,-1.6177,,stop,5,صاعد
XLMUSDT,rnd310051,2025-02-02T20:00:00+00:00,2025-02-03T00:00:00+00:00,0.36467346,0.332633330931,20.0,-1.7572,,stop,1,صاعد
XLMUSDT,rnd310051,2025-02-03T08:00:00+00:00,2025-02-25T04:00:00+00:00,0.33713771,0.286584098571,20.0,-2.999,,stop,131,عرضي
XLMUSDT,rnd310051,2025-02-25T08:00:00+00:00,2025-02-28T04:00:00+00:00,0.28406881,0.259547862857,20.0,-1.7264,,stop,17,عرضي
XLMUSDT,rnd310051,2025-02-28T16:00:00+00:00,2025-03-03T08:00:00+00:00,0.28086465,0.327131318571,20.0,3.2946,,stop,16,عرضي
XLMUSDT,rnd310051,2025-03-03T16:00:00+00:00,2025-03-04T00:00:00+00:00,0.32021574,0.277996730967,20.0,-2.6369,,stop,2,عرضي
XLMUSDT,rnd310051,2025-03-04T08:00:00+00:00,2025-03-11T00:00:00+00:00,0.28346803,0.238621703704,20.0,-3.1641,,stop,40,عرضي
XLMUSDT,rnd310051,2025-03-11T04:00:00+00:00,2025-04-02T20:00:00+00:00,0.24411694,0.257778737143,20.0,1.1193,,stop,136,عرضي
XLMUSDT,rnd310051,2025-04-03T04:00:00+00:00,2025-04-06T12:00:00+00:00,0.26544463,0.245678403767,20.0,-1.4893,,stop,20,عرضي
XLMUSDT,rnd310051,2025-04-07T08:00:00+00:00,2025-05-04T12:00:00+00:00,0.20506624,0.264983644286,20.0,5.8437,,stop,163,عرضي
XLMUSDT,rnd310051,2025-05-04T20:00:00+00:00,2025-05-06T08:00:00+00:00,0.26714684,0.253923452679,20.0,-0.99,,stop,9,عرضي
XLMUSDT,rnd310051,2025-05-06T12:00:00+00:00,2025-05-11T04:00:00+00:00,0.25473072,0.30270597,20.0,3.7667,,stop,28,عرضي
XLMUSDT,rnd310051,2025-05-11T08:00:00+00:00,2025-05-15T04:00:00+00:00,0.30409481,0.296028947143,20.0,-0.5305,,stop,23,عرضي
XLMUSDT,rnd310051,2025-05-15T12:00:00+00:00,2025-05-25T12:00:00+00:00,0.29798688,0.277952477143,20.0,-1.3446,,stop,60,صاعد
XLMUSDT,rnd310051,2025-05-26T00:00:00+00:00,2025-05-30T00:00:00+00:00,0.28817414,0.276189626118,20.0,-0.8318,,stop,24,صاعد
XLMUSDT,rnd310051,2025-05-30T20:00:00+00:00,2025-06-05T20:00:00+00:00,0.27245373,0.256833697294,20.0,-1.1466,,stop,36,صاعد
XLMUSDT,rnd310051,2025-06-06T00:00:00+00:00,2025-06-12T20:00:00+00:00,0.2573341,0.268436292857,20.0,0.8629,,stop,41,عرضي
XLMUSDT,rnd310051,2025-06-13T12:00:00+00:00,2025-06-17T16:00:00+00:00,0.260338,0.250901974286,20.0,-0.7249,,stop,25,هابط
XLMUSDT,rnd310051,2025-06-18T00:00:00+00:00,2025-06-20T16:00:00+00:00,0.25222747,0.240592863575,20.0,-0.9225,,stop,16,هابط
XLMUSDT,rnd310051,2025-06-21T12:00:00+00:00,2025-06-21T20:00:00+00:00,0.24471772,0.236623994107,20.0,-0.6615,,stop,2,هابط
XLMUSDT,rnd310051,2025-06-22T16:00:00+00:00,2025-07-01T12:00:00+00:00,0.22248886,0.230557028571,20.0,0.7253,,stop,53,هابط
XLMUSDT,rnd310051,2025-07-01T16:00:00+00:00,2025-07-11T16:00:00+00:00,0.23120017,0.36702225,20.0,11.7493,,stop,60,هابط
XLMUSDT,rnd310051,2025-07-11T20:00:00+00:00,2025-07-14T08:00:00+00:00,0.38469946,0.449243794286,20.0,3.3556,,stop,15,هابط
XLMUSDT,rnd310051,2025-07-14T20:00:00+00:00,2025-08-01T20:00:00+00:00,0.44868253,0.381075385714,20.0,-3.0136,,stop,108,صاعد
XLMUSDT,rnd310051,2025-08-02T00:00:00+00:00,2025-08-14T12:00:00+00:00,0.38259673,0.417142722857,20.0,1.8059,,stop,75,صاعد
XLMUSDT,rnd310051,2025-08-14T20:00:00+00:00,2025-08-19T20:00:00+00:00,0.42365003,0.389946011747,20.0,-1.5911,,stop,30,صاعد
XLMUSDT,rnd310051,2025-08-20T00:00:00+00:00,2025-08-25T08:00:00+00:00,0.39140817,0.390563035714,20.0,-0.0432,,stop,32,صاعد
XLMUSDT,rnd310051,2025-08-25T20:00:00+00:00,2025-08-29T04:00:00+00:00,0.38640167,0.366351694286,20.0,-1.0378,,stop,20,صاعد
XLMUSDT,rnd310051,2025-08-30T00:00:00+00:00,2025-09-15T08:00:00+00:00,0.36176969,0.381460598571,20.0,1.0886,,stop,98,صاعد
XLMUSDT,rnd310051,2025-09-16T00:00:00+00:00,2025-09-22T00:00:00+00:00,0.38109478,0.376923647143,20.0,-0.2189,,stop,36,عرضي
XLMUSDT,rnd310051,2025-09-22T04:00:00+00:00,2025-09-22T04:00:00+00:00,0.36978009,0.354568550883,20.0,-0.8227,,stop,0,صاعد
XLMUSDT,rnd310051,2025-09-22T08:00:00+00:00,2025-09-25T16:00:00+00:00,0.35736397,0.351399728571,20.0,-0.3338,,stop,20,صاعد
XLMUSDT,rnd310051,2025-09-25T20:00:00+00:00,2025-10-08T00:00:00+00:00,0.35425994,0.380747241429,20.0,1.4954,,stop,73,عرضي
XLMUSDT,rnd310051,2025-10-08T12:00:00+00:00,2025-10-10T12:00:00+00:00,0.38479959,0.366287082676,20.0,-0.9622,,stop,12,صاعد
XLMUSDT,rnd310051,2025-10-10T20:00:00+00:00,2025-10-10T20:00:00+00:00,0.35966696,0.337798678666,20.0,-1.216,,stop,0,صاعد
XLMUSDT,rnd310051,2025-10-12T00:00:00+00:00,2025-11-04T20:00:00+00:00,0.3234199,0.25945716663,20.0,-3.9554,,stop,143,عرضي
XLMUSDT,rnd310051,2025-11-05T16:00:00+00:00,2025-11-13T16:00:00+00:00,0.28096478,0.266182084286,20.0,-1.0523,,stop,48,هابط
XLMUSDT,rnd310051,2025-11-14T00:00:00+00:00,2025-11-17T16:00:00+00:00,0.26884905,0.244477244449,20.0,-1.813,,stop,22,هابط
XLMUSDT,rnd310051,2025-11-18T08:00:00+00:00,2025-11-21T00:00:00+00:00,0.24792188,0.233139381429,20.0,-1.1925,,stop,16,هابط
XLMUSDT,rnd310051,2025-11-21T04:00:00+00:00,2025-11-21T12:00:00+00:00,0.23560589,0.218054193414,20.0,-1.4899,,stop,2,هابط
XLMUSDT,rnd310051,2025-11-22T00:00:00+00:00,2025-12-01T12:00:00+00:00,0.23200121,0.226847571429,20.0,-0.4443,,stop,57,هابط
XLMUSDT,rnd310051,2025-12-01T16:00:00+00:00,2025-12-05T16:00:00+00:00,0.23270212,0.241842338571,20.0,0.7856,,stop,24,هابط
XLMUSDT,rnd310051,2025-12-06T04:00:00+00:00,2025-12-11T00:00:00+00:00,0.24201421,0.249675,20.0,0.6331,,stop,29,هابط
XLMUSDT,rnd310051,2025-12-11T04:00:00+00:00,2025-12-15T16:00:00+00:00,0.24011174,0.217846028667,20.0,-1.8546,,stop,27,هابط
XLMUSDT,rnd310051,2025-12-16T00:00:00+00:00,2025-12-17T16:00:00+00:00,0.22088678,0.209917103972,20.0,-0.9932,,stop,10,هابط
XLMUSDT,rnd310051,2025-12-18T00:00:00+00:00,2025-12-31T04:00:00+00:00,0.21097391,0.207344387143,20.0,-0.3441,,stop,79,هابط
XLMUSDT,rnd310051,2025-12-31T12:00:00+00:00,2025-12-31T16:00:00+00:00,0.20837053,0.201055246525,20.0,-0.7021,,stop,1,هابط
XLMUSDT,rnd310051,2025-12-31T20:00:00+00:00,2026-01-06T16:00:00+00:00,0.19915857,0.243925341429,20.0,4.4956,,stop,35,هابط
XLMUSDT,rnd310051,2026-01-06T20:00:00+00:00,2026-01-12T08:00:00+00:00,0.23850966,0.221043358156,20.0,-1.4646,,stop,33,هابط
XLMUSDT,rnd310051,2026-01-12T16:00:00+00:00,2026-01-15T00:00:00+00:00,0.22389068,0.231612797143,20.0,0.6898,,stop,14,هابط
XLMUSDT,rnd310051,2026-01-15T08:00:00+00:00,2026-01-18T20:00:00+00:00,0.23220147,0.218185317018,20.0,-1.2072,,stop,21,هابط
XLMUSDT,rnd310051,2026-01-19T00:00:00+00:00,2026-01-19T00:00:00+00:00,0.21838353,0.207345772482,20.0,-1.0109,,stop,0,هابط
XLMUSDT,rnd310051,2026-01-19T08:00:00+00:00,2026-01-25T16:00:00+00:00,0.21387768,0.20068787473,20.0,-1.2334,,stop,38,هابط
XLMUSDT,rnd310051,2026-01-26T08:00:00+00:00,2026-01-29T12:00:00+00:00,0.20786988,0.201409255714,20.0,-0.6216,,stop,19,هابط
XLMUSDT,rnd310051,2026-01-29T20:00:00+00:00,2026-01-31T08:00:00+00:00,0.19755649,0.18659930942,20.0,-1.1093,,stop,9,هابط
XLMUSDT,rnd310051,2026-02-01T04:00:00+00:00,2026-02-05T00:00:00+00:00,0.18103504,0.165284176591,20.0,-1.7401,,stop,23,هابط
XLMUSDT,rnd310051,2026-02-06T00:00:00+00:00,2026-02-22T00:00:00+00:00,0.14729123,0.156624694286,20.0,1.2673,,stop,96,هابط
XLMUSDT,rnd310051,2026-02-22T08:00:00+00:00,2026-02-24T04:00:00+00:00,0.15600254,0.148505659912,20.0,-0.9611,,stop,11,هابط
XLMUSDT,rnd310051,2026-02-24T08:00:00+00:00,2026-02-28T04:00:00+00:00,0.14949409,0.1557972,20.0,0.8433,,stop,23,هابط
XLMUSDT,rnd310051,2026-02-28T12:00:00+00:00,2026-03-03T08:00:00+00:00,0.14859292,0.149462588571,20.0,0.1171,,stop,17,هابط
XLMUSDT,rnd310051,2026-03-03T16:00:00+00:00,2026-03-08T04:00:00+00:00,0.15109617,0.147850401429,20.0,-0.4296,,stop,27,هابط
XLMUSDT,rnd310051,2026-03-08T08:00:00+00:00,2026-03-11T00:00:00+00:00,0.150195,0.157437921429,20.0,0.9645,,stop,16,هابط
XLMUSDT,rnd310051,2026-03-11T08:00:00+00:00,2026-03-19T12:00:00+00:00,0.15630293,0.164899637143,20.0,1.1,,stop,49,هابط
XLMUSDT,rnd310051,2026-03-19T16:00:00+00:00,2026-03-22T20:00:00+00:00,0.16501424,0.155793587559,20.0,-1.1176,,stop,19,هابط
XLMUSDT,rnd310051,2026-03-23T00:00:00+00:00,2026-03-26T08:00:00+00:00,0.1562028,0.172632428571,20.0,2.1036,,stop,20,هابط
XLMUSDT,rnd310051,2026-03-27T00:00:00+00:00,2026-03-29T20:00:00+00:00,0.17402594,0.163349024135,20.0,-1.227,,stop,17,هابط
XLMUSDT,rnd310051,2026-03-30T16:00:00+00:00,2026-04-02T04:00:00+00:00,0.17102204,0.163148955991,20.0,-0.9207,,stop,15,هابط
XLMUSDT,rnd310051,2026-04-02T20:00:00+00:00,2026-04-06T20:00:00+00:00,0.16481398,0.15568275754,20.0,-1.1081,,stop,24,هابط
XLMUSDT,rnd310051,2026-04-07T00:00:00+00:00,2026-04-09T00:00:00+00:00,0.15580228,0.15569733,20.0,-0.0135,,stop,12,هابط
XLMUSDT,rnd310051,2026-04-10T08:00:00+00:00,2026-04-24T00:00:00+00:00,0.15530163,0.172989107143,20.0,2.2778,,stop,82,هابط
XLMUSDT,rnd310051,2026-04-24T04:00:00+00:00,2026-04-27T08:00:00+00:00,0.17492711,0.167031115471,20.0,-0.9028,,stop,19,عرضي
XLMUSDT,rnd310051,2026-04-28T12:00:00+00:00,2026-05-12T12:00:00+00:00,0.16201034,0.163173312857,20.0,0.1436,,stop,84,عرضي
XLMUSDT,rnd310051,2026-05-12T16:00:00+00:00,2026-05-15T12:00:00+00:00,0.16241086,0.153628594286,20.0,-1.0815,,stop,17,هابط
XLMUSDT,rnd310051,2026-05-16T08:00:00+00:00,2026-05-19T12:00:00+00:00,0.1521976,0.143849637763,20.0,-1.097,,stop,19,هابط
XLMUSDT,rnd310051,2026-05-19T16:00:00+00:00,2026-05-23T04:00:00+00:00,0.14508837,0.139846534286,20.0,-0.7226,,stop,21,هابط
XLMUSDT,rnd310051,2026-05-23T08:00:00+00:00,2026-05-28T04:00:00+00:00,0.14098304,0.16628355,20.0,3.5892,,stop,29,هابط
XLMUSDT,rnd310051,2026-05-29T00:00:00+00:00,2026-05-30T04:00:00+00:00,0.20406494,0.256580297143,20.0,5.1469,,stop,7,هابط
XLMUSDT,rnd310051,2026-05-31T00:00:00+00:00,2026-06-10T08:00:00+00:00,0.22989848,0.182933305714,20.0,-4.0857,,stop,62,عرضي
XLMUSDT,rnd310051,2026-06-10T12:00:00+00:00,2026-06-15T12:00:00+00:00,0.18504024,0.175043575714,20.0,-1.0805,,stop,30,عرضي
XLMUSDT,rnd310051,2026-06-15T16:00:00+00:00,2026-06-19T04:00:00+00:00,0.22499211,0.216946174286,20.0,-0.7152,,stop,21,عرضي
XLMUSDT,rnd310051,2026-06-19T20:00:00+00:00,2026-06-24T04:00:00+00:00,0.21888418,0.190315019852,20.0,-2.6104,,stop,26,عرضي
XLMUSDT,rnd310051,2026-06-25T00:00:00+00:00,2026-06-26T00:00:00+00:00,0.18584128,0.173454780979,20.0,-1.333,,stop,6,عرضي
XLMUSDT,rnd310051,2026-06-26T08:00:00+00:00,2026-07-07T12:00:00+00:00,0.17933283,0.192192681429,20.0,1.4342,,stop,67,عرضي
XLMUSDT,rnd310051,2026-07-07T16:00:00+00:00,2026-07-08T08:00:00+00:00,0.19295051,0.181696140408,20.0,-1.1666,,stop,4,عرضي
XLMUSDT,rnd310051,2026-07-08T20:00:00+00:00,2026-07-24T12:00:00+00:00,0.18163582,0.179024108571,20.0,-0.2876,,stop,94,عرضي
XLMUSDT,rnd310051,2026-07-25T12:00:00+00:00,2026-07-27T20:00:00+00:00,0.17793101,0.173117511429,20.0,-0.5411,,stop,14,هابط
XLMUSDT,rnd310051,2026-07-28T00:00:00+00:00,2026-08-05T00:00:00+00:00,0.1722236,0.165441788571,20.0,-0.7876,,stop,48,هابط
XLMUSDT,rnd310051,2026-08-05T04:00:00+00:00,2026-08-06T00:00:00+00:00,0.1672171,0.161703040984,20.0,-0.6595,,stop,5,هابط
XLMUSDT,rnd310051,2026-08-06T04:00:00+00:00,2026-08-14T20:00:00+00:00,0.16211047,0.157523524286,20.0,-0.5659,,stop,52,هابط
XLMUSDT,rnd310051,2026-08-15T00:00:00+00:00,2026-08-18T04:00:00+00:00,0.15840566,0.153509409428,20.0,-0.6182,,stop,19,هابط
XLMUSDT,rnd310051,2026-08-18T08:00:00+00:00,2026-08-20T20:00:00+00:00,0.1542002,0.17786847,20.0,3.0698,,stop,15,هابط
XLMUSDT,rnd310051,2026-08-21T00:00:00+00:00,2026-08-22T04:00:00+00:00,0.18183608,0.19464663,20.0,1.409,,stop,7,هابط
XLMUSDT,rnd310051,2026-08-22T12:00:00+00:00,2026-08-30T20:00:00+00:00,0.19945896,0.17437302,20.0,-2.5154,,stop,50,هابط
