book,slices,peak_raw,avg_dep_raw,f_peak,f_mean,net115_raw,net115_peak,net130_peak,net115_mean,net130_mean,ret_pct_peak,dd_peak,dd_mean,underwater_days,overlap_violations,placement_failures,coin_ATOMUSDT,coinm_ATOMUSDT,coin_BNBUSDT,coinm_BNBUSDT,coin_BTCUSDT,coinm_BTCUSDT,coin_DOGEUSDT,coinm_DOGEUSDT,coin_ETHUSDT,coinm_ETHUSDT,coin_FILUSDT,coinm_FILUSDT,coin_GRAMUSDT,coinm_GRAMUSDT,coin_HNTUSDT,coinm_HNTUSDT,coin_IMXUSDT,coinm_IMXUSDT,coin_LINKUSDT,coinm_LINKUSDT,coin_PEPEUSDT,coinm_PEPEUSDT,coin_RENDERUSDT,coinm_RENDERUSDT,coin_SHIBUSDT,coinm_SHIBUSDT,coin_SOLUSDT,coinm_SOLUSDT,coin_VETUSDT,coinm_VETUSDT,coin_XLMUSDT,coinm_XLMUSDT
1,638,3500.0,855.26,2.0,1.653418,-63.87,-127.75,-319.08,-105.61,-263.79,-1.825,-2710.08,-2240.44,634.5,0,0,3.48,2.87,208.96,172.75,253.86,209.87,1075.53,889.15,-198.06,-163.73,-348.21,-287.87,-260.41,-215.28,0.0,0.0,-353.22,-292.01,-117.55,-97.18,37.64,31.12,671.85,555.43,-379.87,-314.04,81.34,67.24,-375.87,-310.74,-427.23,-353.2
2,638,3000.0,855.26,2.333333,1.653418,856.1,1997.57,1773.7,1415.49,1256.86,28.537,-2429.15,-1721.31,404.0,0,0,-50.29,-35.63,471.29,333.96,-343.7,-243.55,-122.99,-87.15,896.64,635.37,-12.91,-9.14,-536.82,-380.39,0.0,0.0,-623.11,-441.54,566.79,401.63,2474.67,1753.57,-1144.05,-810.68,0.14,0.1,629.03,445.73,-866.16,-613.77,659.03,466.99
3,638,4000.0,855.26,1.75,1.653418,-1044.85,-1828.49,-1995.39,-1727.57,-1885.26,-26.121,-3339.0,-3154.72,900.0,0,0,-2.58,-2.44,324.32,306.42,39.77,37.58,568.19,536.84,324.67,306.75,-77.36,-73.09,-74.79,-70.66,0.0,0.0,-440.39,-416.09,-289.37,-273.4,-1094.36,-1033.96,-520.83,-492.09,-459.55,-434.18,228.09,215.5,-521.98,-493.17,167.67,158.42
4,638,3000.0,855.26,2.333333,1.653418,-607.69,-1417.95,-1640.8,-1004.77,-1162.68,-20.256,-4007.87,-2840.0,474.2,0,0,-523.85,-371.2,77.08,54.62,241.0,170.77,668.29,473.56,-670.34,-475.01,-500.05,-354.34,-518.08,-367.11,0.0,0.0,-191.17,-135.46,-405.2,-287.13,130.0,92.12,-299.5,-212.23,-117.23,-83.07,-720.06,-510.24,737.85,522.85,673.29,477.1
5,638,3500.0,855.26,2.0,1.653418,-357.79,-715.59,-906.74,-591.58,-749.61,-10.223,-3379.11,-2793.54,502.5,0,0,-255.13,-210.91,-413.63,-341.95,305.47,252.53,132.43,109.48,436.66,360.99,-853.83,-705.87,-1018.57,-842.06,0.0,0.0,-750.97,-620.84,-41.27,-34.12,578.15,477.96,755.6,624.66,1104.87,913.41,-214.96,-177.71,-920.04,-760.61,439.64,363.45
6,638,3500.0,855.26,2.0,1.653418,-1323.99,-2647.98,-2838.55,-2189.11,-2346.66,-37.828,-5380.81,-4448.36,631.2,0,0,-1237.69,-1023.21,165.14,136.52,101.95,84.28,204.64,169.17,545.18,450.7,-892.57,-737.9,-729.43,-603.03,0.0,0.0,-268.62,-222.07,-107.96,-89.25,852.36,704.66,-549.89,-454.6,131.11,108.39,316.22,261.42,-602.51,-498.1,-575.9,-476.1
7,638,3500.0,855.26,2.0,1.653418,-1783.42,-3566.85,-3757.15,-2948.74,-3106.07,-50.955,-5927.86,-4900.62,902.0,0,0,-93.92,-77.64,290.18,239.89,-58.44,-48.31,-195.46,-161.58,-60.25,-49.81,-208.77,-172.59,-468.84,-387.59,0.0,0.0,-377.86,-312.38,-125.23,-103.53,-238.16,-196.89,-323.39,-267.35,-377.76,-312.3,-70.53,-58.31,-728.74,-602.45,-529.69,-437.9
8,638,3500.0,855.26,2.0,1.653418,-462.49,-924.98,-1116.08,-764.69,-922.67,-13.214,-3164.27,-2615.93,904.8,0,0,224.08,185.25,518.41,428.57,334.78,276.76,-1070.9,-885.32,-283.11,-234.05,-988.87,-817.5,465.19,384.58,0.0,0.0,-178.6,-147.65,652.73,539.62,375.35,310.3,-254.26,-210.2,-922.2,-762.39,-233.64,-193.15,-794.98,-657.21,1231.03,1017.7
9,638,3000.0,855.26,2.333333,1.653418,-515.88,-1203.71,-1426.62,-852.96,-1010.91,-17.196,-4841.34,-3430.61,874.5,0,0,-428.74,-303.81,295.1,209.11,269.04,190.64,1294.38,917.21,-139.15,-98.6,-357.22,-253.13,-87.98,-62.34,0.0,0.0,-1301.63,-922.34,-419.31,-297.13,252.89,179.2,360.96,255.78,-840.34,-595.47,352.72,249.94,-375.44,-266.04,-79.0,-55.98
10,638,4500.0,855.26,1.555556,1.653418,-2851.49,-4435.65,-4583.16,-4714.7,-4871.49,-63.366,-5733.78,-6094.5,908.8,0,0,-677.47,-720.09,-294.94,-313.49,-230.14,-244.62,-474.35,-504.19,-371.97,-395.37,-748.02,-795.08,-661.01,-702.59,0.0,0.0,-452.24,-480.69,125.0,132.87,530.85,564.25,-246.55,-262.06,481.02,511.28,-241.34,-256.52,-951.04,-1010.87,-223.46,-237.51
11,638,3000.0,855.26,2.333333,1.653418,1223.99,2855.97,2631.84,2023.76,1864.94,40.8,-1682.38,-1192.15,265.2,0,0,-14.52,-10.29,108.06,76.58,258.11,182.9,-250.33,-177.39,472.59,334.88,550.1,389.8,-500.86,-354.91,0.0,0.0,-14.36,-10.18,344.49,244.11,943.15,668.32,-69.17,-49.02,601.8,426.44,341.51,242.0,-773.25,-547.93,858.66,608.45
12,638,4000.0,855.26,1.75,1.653418,-1846.27,-3230.98,-3397.46,-3052.66,-3209.95,-46.157,-4544.61,-4293.79,633.5,0,0,-411.32,-388.62,-96.47,-91.15,300.04,283.48,-265.26,-250.62,146.41,138.33,-434.7,-410.71,-385.65,-364.36,0.0,0.0,-394.58,-372.8,-116.11,-109.71,-200.08,-189.04,94.95,89.71,-414.63,-391.75,-276.99,-261.7,-512.9,-484.59,-263.69,-249.13
13,638,3500.0,855.26,2.0,1.653418,-85.13,-170.27,-361.59,-140.76,-298.93,-2.432,-3642.91,-3011.63,630.0,0,0,97.89,80.93,-306.7,-253.55,-234.11,-193.54,-327.52,-270.76,324.47,268.24,-468.75,-387.52,-464.33,-383.87,0.0,0.0,228.1,188.57,820.41,678.24,623.84,515.74,353.0,291.83,-389.23,-321.78,-186.72,-154.36,-337.7,-279.18,97.07,80.25
14,638,3500.0,855.26,2.0,1.653418,-206.29,-412.57,-603.82,-341.08,-499.18,-5.894,-2393.24,-1978.51,555.5,0,0,184.07,152.17,297.05,245.57,-58.28,-48.18,419.04,346.43,186.81,154.44,-711.76,-588.42,-502.41,-415.35,0.0,0.0,-406.14,-335.76,-247.73,-204.8,-3.77,-3.11,678.12,560.61,54.04,44.67,-221.86,-183.41,-1187.28,-981.54,1107.53,915.6
15,638,3000.0,855.26,2.333333,1.653418,-1940.79,-4528.52,-4750.42,-3208.94,-3366.19,-64.693,-6763.71,-4792.82,899.7,0,0,-441.64,-312.95,-64.54,-45.73,-343.82,-243.64,-642.83,-455.52,-450.31,-319.09,-368.88,-261.39,-1603.41,-1136.19,0.0,0.0,-556.93,-394.64,-276.45,-195.9,-672.55,-476.57,-458.69,-325.03,310.37,219.93,56.63,40.13,470.12,333.13,514.42,364.52
16,638,3500.0,855.26,2.0,1.653418,311.3,622.6,431.04,514.71,356.35,8.894,-1974.33,-1632.19,338.0,0,0,-518.54,-428.68,225.11,186.1,-191.72,-158.5,-124.11,-102.61,880.36,727.8,1460.88,1207.72,260.13,215.05,0.0,0.0,-748.61,-618.88,35.78,29.58,252.37,208.63,-359.46,-297.17,-332.11,-274.56,-948.45,-784.09,71.16,58.83,659.82,545.48
17,638,3000.0,855.26,2.333333,1.653418,-704.98,-1644.95,-1867.72,-1165.63,-1323.48,-23.499,-3893.84,-2759.2,576.3,0,0,519.73,368.28,-253.56,-179.68,-257.25,-182.29,514.27,364.42,-72.56,-51.42,-64.18,-45.48,-203.9,-144.48,0.0,0.0,-1560.77,-1105.97,77.46,54.89,-219.98,-155.88,154.69,109.62,-125.45,-88.9,54.3,38.48,-487.65,-345.55,279.89,198.33
18,638,3000.0,855.26,2.333333,1.653418,-2822.7,-6586.29,-6807.58,-4667.1,-4823.91,-94.09,-8126.56,-5758.54,882.2,0,0,-736.25,-521.71,36.66,25.97,387.7,274.72,1536.26,1088.6,-658.25,-466.44,-1381.21,-978.73,-294.22,-208.48,0.0,0.0,-1219.73,-864.31,-716.82,-507.95,-1791.9,-1269.75,174.15,123.41,-980.14,-694.53,166.48,117.97,-577.44,-409.18,-531.58,-376.68
19,638,4000.0,855.26,1.75,1.653418,-60.3,-105.52,-272.94,-99.7,-257.88,-1.507,-3545.1,-3349.45,601.3,0,0,212.32,200.6,-327.22,-309.16,6.28,5.93,827.17,781.52,-5.23,-4.94,288.44,272.53,-318.7,-301.11,0.0,0.0,44.04,41.61,-327.37,-309.31,347.53,328.35,-710.32,-671.12,-402.75,-380.52,430.48,406.72,-625.26,-590.75,455.08,429.96
20,638,3000.0,855.26,2.333333,1.653418,-736.24,-1717.9,-1940.65,-1217.32,-1375.16,-24.541,-5337.87,-3782.45,589.0,0,0,-49.48,-35.06,-23.03,-16.32,139.08,98.55,-247.71,-175.53,-278.45,-197.31,-994.6,-704.78,-590.52,-418.45,0.0,0.0,936.66,663.73,330.44,234.16,1090.05,772.42,-436.83,-309.54,-1004.21,-711.59,361.43,256.11,-792.04,-561.25,-158.69,-112.45
21,638,3500.0,855.26,2.0,1.653418,-149.74,-299.47,-490.75,-247.58,-405.71,-4.278,-4010.57,-3315.57,634.0,0,0,-229.8,-189.97,-183.46,-151.67,-463.68,-383.33,535.18,442.44,-565.68,-467.66,-1144.79,-946.41,-232.06,-191.84,0.0,0.0,110.17,91.08,-595.07,-491.95,1081.41,894.01,101.22,83.68,924.24,764.08,-530.34,-438.44,375.68,310.58,517.5,427.82
22,638,3000.0,855.26,2.333333,1.653418,-272.36,-635.5,-858.58,-450.32,-608.4,-9.079,-4152.53,-2942.51,631.2,0,0,78.54,55.65,1154.48,818.08,2.0,1.41,-5.05,-3.58,671.8,476.04,-79.61,-56.41,-53.2,-37.7,0.0,0.0,-1520.8,-1077.65,927.05,656.91,308.9,218.89,-807.7,-572.35,-1671.28,-1184.28,-100.12,-70.95,-371.03,-262.92,830.54,588.53
23,638,3000.0,855.26,2.333333,1.653418,-1566.26,-3654.61,-3876.78,-2589.69,-2747.12,-52.209,-6024.62,-4269.09,900.0,0,0,-814.39,-577.08,962.32,681.91,-18.43,-13.06,427.82,303.15,16.69,11.83,-292.34,-207.15,-424.67,-300.93,0.0,0.0,-1297.46,-919.39,-398.62,-282.46,-1136.09,-805.04,-60.74,-43.04,-59.51,-42.17,-453.94,-321.66,-543.89,-385.41,438.64,310.82
24,638,3500.0,855.26,2.0,1.653418,-1493.82,-2987.63,-3178.11,-2469.9,-2627.37,-42.68,-5261.39,-4349.64,626.3,0,0,-465.96,-385.22,-142.92,-118.15,11.49,9.5,59.85,49.48,296.31,244.96,-122.3,-101.11,-806.71,-666.92,0.0,0.0,-42.38,-35.03,-39.81,-32.91,-433.89,-358.7,152.25,125.87,-725.91,-600.11,534.59,441.95,-1187.84,-982.0,-74.4,-61.51
25,638,4000.0,855.26,1.75,1.653418,-735.4,-1286.95,-1454.02,-1215.93,-1373.77,-18.385,-3181.86,-3006.25,601.3,0,0,31.94,30.18,672.24,635.14,205.75,194.4,-287.43,-271.57,-207.05,-195.62,-596.7,-563.77,-534.28,-504.79,0.0,0.0,245.32,231.78,64.11,60.57,-645.24,-609.63,3.69,3.48,268.63,253.81,-225.59,-213.14,-579.97,-547.96,297.61,281.19
26,638,3500.0,856.37,2.0,1.651268,-1525.72,-3051.44,-3241.9,-2519.38,-2676.62,-43.592,-4515.21,-3727.91,885.0,0,0,-65.68,-54.23,-102.74,-84.83,236.62,195.36,443.19,365.91,-381.51,-314.99,-434.65,-358.86,-453.87,-374.73,0.0,0.0,-1145.25,-945.56,-350.28,-289.2,296.68,244.95,-428.02,-353.39,-318.17,-262.69,-38.17,-31.52,93.81,77.46,-403.4,-333.06
27,638,3000.0,856.37,2.333333,1.651268,224.86,524.68,301.26,371.31,213.2,7.495,-3526.08,-2495.36,586.2,0,0,217.54,153.95,485.42,343.53,-9.8,-6.93,172.48,122.06,820.7,580.8,-1170.5,-828.34,-50.48,-35.72,0.0,0.0,484.49,342.87,205.25,145.25,-524.13,-370.92,580.03,410.48,-766.01,-542.1,526.29,372.45,-76.58,-54.19,-370.03,-261.87
28,638,3500.0,855.26,2.0,1.653418,-408.13,-816.26,-1007.38,-674.81,-832.81,-11.661,-2300.08,-1901.5,631.8,0,0,-91.24,-75.43,643.81,532.24,-134.54,-111.23,-587.19,-485.44,9.59,7.93,-25.11,-20.76,-107.66,-89.0,0.0,0.0,654.35,540.96,35.62,29.44,-580.54,-479.93,-60.43,-49.96,509.15,420.92,-259.65,-214.65,-409.42,-338.47,-412.98,-341.41
29,638,3000.0,855.26,2.333333,1.653418,609.08,1421.18,1197.49,1007.06,848.55,20.303,-3812.54,-2701.6,626.3,0,0,849.4,601.89,336.27,238.28,-83.69,-59.3,-46.49,-32.95,187.98,133.21,-1324.69,-938.68,-890.04,-630.69,0.0,0.0,-621.67,-440.52,-473.46,-335.5,2420.43,1715.13,399.98,283.43,1329.49,942.09,-186.57,-132.2,-551.21,-390.59,75.44,53.46
30,638,4000.0,855.26,1.75,1.653418,-204.41,-357.72,-525.06,-337.97,-496.08,-5.11,-2922.1,-2760.83,626.7,0,0,42.36,40.02,672.72,635.6,61.03,57.66,-162.52,-153.55,46.43,43.87,93.8,88.62,-448.95,-424.17,0.0,0.0,-665.98,-629.23,101.73,96.12,24.07,22.74,-178.2,-168.37,214.97,203.11,136.95,129.39,-10.31,-9.74,-285.8,-270.03
31,638,4000.0,855.26,1.75,1.653418,-1756.2,-3073.35,-3239.88,-2903.74,-3061.07,-43.905,-5201.68,-4914.6,874.5,0,0,160.84,151.97,-50.41,-47.63,158.86,150.1,-400.51,-378.41,-5.3,-5.01,-428.15,-404.52,-178.02,-168.2,0.0,0.0,-1017.99,-961.81,-450.73,-425.86,444.13,419.62,-615.0,-581.06,275.09,259.9,-68.16,-64.4,-905.39,-855.42,7.4,6.99
32,638,3000.0,855.26,2.333333,1.653418,540.83,1261.94,1038.3,894.22,735.75,18.028,-3993.17,-2829.59,621.5,0,0,-60.02,-42.53,440.27,311.98,513.54,363.9,1904.14,1349.29,397.92,281.97,-564.65,-400.11,-994.98,-705.05,0.0,0.0,-455.29,-322.62,165.66,117.39,642.44,455.24,7.16,5.07,748.76,530.58,-729.82,-517.16,-369.5,-261.83,-383.7,-271.89
33,638,3500.0,855.26,2.0,1.653418,-1211.08,-2422.16,-2612.8,-2002.42,-2160.03,-34.602,-3809.79,-3149.59,635.0,0,0,-471.42,-389.73,-266.3,-220.15,-2.98,-2.47,444.38,367.37,637.03,526.64,-232.46,-192.18,-11.96,-9.88,0.0,0.0,-878.77,-726.49,-75.65,-62.54,-731.03,-604.35,198.85,164.39,74.05,61.22,-13.96,-11.54,-741.57,-613.07,-350.36,-289.64
34,638,3000.0,856.37,2.333333,1.651268,1044.44,2437.04,2213.04,1724.66,1566.14,34.815,-3014.21,-2133.12,327.5,0,0,-572.99,-405.5,51.16,36.2,-96.59,-68.36,869.49,615.33,151.91,107.5,-283.71,-200.78,206.2,145.92,0.0,0.0,-643.06,-455.09,-410.11,-290.23,2461.87,1742.23,-511.07,-361.68,233.3,165.1,-360.23,-254.93,425.89,301.4,915.0,647.53
35,638,3500.0,855.26,2.0,1.653418,-2386.7,-4773.4,-4963.34,-3946.22,-4103.24,-68.191,-6565.26,-5427.56,638.2,0,0,-716.19,-592.08,-47.25,-39.07,109.48,90.51,-586.05,-484.49,-492.78,-407.39,-285.66,-236.16,-396.27,-327.6,0.0,0.0,474.51,392.28,-136.07,-112.49,506.92,419.07,-473.95,-391.81,-619.98,-512.54,-418.56,-346.03,-1113.25,-920.34,-578.3,-478.09
36,638,4500.0,855.26,1.555556,1.653418,31.93,49.66,-99.2,52.79,-105.44,0.709,-2993.41,-3181.73,631.2,0,0,127.9,135.95,137.97,146.65,-20.18,-21.45,408.79,434.51,37.9,40.29,-258.11,-274.35,-422.35,-448.92,0.0,0.0,-571.85,-607.82,216.73,230.36,247.37,262.93,-571.09,-607.01,-199.59,-212.15,-22.08,-23.47,582.49,619.14,355.75,378.13
37,638,3000.0,855.26,2.333333,1.653418,-1930.85,-4505.32,-4727.23,-3192.5,-3349.75,-64.362,-5787.64,-4101.17,774.3,0,0,-249.43,-176.75,2.48,1.76,-112.41,-79.65,1005.78,712.7,-6.91,-4.89,-854.9,-605.79,-424.16,-300.56,0.0,0.0,-1222.27,-866.11,57.89,41.02,-504.88,-357.76,88.85,62.96,-832.53,-589.94,-1285.95,-911.23,-739.27,-523.85,572.39,405.6
38,638,3500.0,855.26,2.0,1.653418,-1348.32,-2696.64,-2887.2,-2229.34,-2386.88,-38.523,-5177.15,-4280.0,770.0,0,0,249.99,206.67,-198.43,-164.05,308.32,254.89,621.22,513.57,-395.4,-326.88,-1025.99,-848.19,-145.56,-120.34,0.0,0.0,-418.03,-345.59,-961.41,-794.81,-111.9,-92.5,-248.33,-205.3,-730.53,-603.94,198.64,164.22,-433.11,-358.05,593.88,490.97
39,638,3000.0,855.26,2.333333,1.653418,837.85,1954.98,1731.13,1385.31,1226.69,27.928,-2395.3,-1697.33,296.0,0,0,-1351.81,-957.91,984.83,697.86,-176.68,-125.2,-69.67,-49.37,490.23,347.38,-420.33,-297.85,-24.06,-17.05,0.0,0.0,4.76,3.37,-756.31,-535.92,1917.61,1358.83,-186.48,-132.14,646.44,458.07,-232.91,-165.04,-12.34,-8.75,1141.72,809.03
40,638,4000.0,856.37,1.75,1.651268,614.35,1075.11,907.33,1014.45,856.14,15.359,-2959.97,-2792.98,625.0,0,0,102.07,96.31,675.33,637.23,380.18,358.73,122.74,115.82,-250.63,-236.49,-133.93,-126.38,-231.56,-218.5,0.0,0.0,112.86,106.49,-215.69,-203.52,-358.79,-338.55,632.0,596.34,70.67,66.68,-405.8,-382.91,198.27,187.09,377.4,356.11
41,638,3000.0,855.26,2.333333,1.653418,-517.04,-1206.42,-1429.33,-854.88,-1012.83,-17.235,-4526.25,-3207.33,346.8,0,0,-1166.6,-826.66,-218.75,-155.01,173.6,123.01,-597.53,-423.41,195.39,138.46,-411.77,-291.78,377.76,267.69,0.0,0.0,167.19,118.47,-98.37,-69.71,129.4,91.69,-173.9,-123.23,518.42,367.36,37.84,26.81,-331.18,-234.68,192.09,136.12
42,638,3000.0,855.26,2.333333,1.653418,-1027.95,-2398.56,-2621.11,-1699.64,-1857.34,-34.265,-5941.23,-4210.0,625.8,0,0,-840.58,-595.64,442.75,313.73,166.85,118.23,778.61,551.73,-284.37,-201.51,-515.27,-365.13,-326.37,-231.27,0.0,0.0,-111.86,-79.27,-185.84,-131.69,150.48,106.63,29.64,21.0,340.28,241.13,-386.1,-273.59,-424.88,-301.07,-1231.88,-872.92
43,638,3000.0,856.37,2.333333,1.651268,-858.51,-2003.2,-2225.87,-1417.64,-1575.22,-28.617,-4456.67,-3153.92,631.8,0,0,-464.72,-328.88,506.88,358.71,129.85,91.89,-869.26,-615.16,-601.07,-425.37,-549.01,-388.53,-75.0,-53.08,0.0,0.0,-902.85,-638.93,-179.74,-127.2,-239.6,-169.56,-46.99,-33.26,134.77,95.38,506.46,358.42,191.33,135.4,455.74,322.52
44,638,3500.0,855.26,2.0,1.653418,-1153.59,-2307.19,-2497.87,-1907.37,-2065.01,-32.96,-3546.89,-2932.24,637.3,0,0,-184.41,-152.45,95.0,78.54,-161.96,-133.89,-500.69,-413.93,-143.92,-118.98,1384.0,1144.17,-155.65,-128.67,0.0,0.0,427.7,353.59,-121.29,-100.27,379.53,313.76,-687.29,-568.19,-470.61,-389.05,-455.98,-376.96,-963.37,-796.43,-748.26,-618.6
45,638,4000.0,855.26,1.75,1.653418,-113.55,-198.71,-366.1,-187.74,-345.9,-2.839,-4004.99,-3783.96,351.5,0,0,-403.1,-380.85,-248.47,-234.76,285.19,269.46,-187.27,-176.93,-219.9,-207.76,39.31,37.14,-315.97,-298.53,0.0,0.0,391.19,369.6,129.75,122.59,-174.31,-164.69,76.4,72.19,-80.49,-76.05,-145.2,-137.19,217.43,205.43,436.72,412.61
46,638,3500.0,855.26,2.0,1.653418,896.75,1793.49,1601.58,1482.7,1324.04,25.621,-2383.83,-1970.73,338.7,0,0,-488.82,-404.11,218.96,181.02,197.05,162.9,889.23,735.13,-48.65,-40.22,-471.06,-389.43,-346.58,-286.52,0.0,0.0,557.75,461.1,400.28,330.92,464.57,384.07,-239.22,-197.76,-496.86,-410.76,620.06,512.61,370.18,306.03,166.58,137.71
47,638,3500.0,855.26,2.0,1.653418,-2297.71,-4595.42,-4785.41,-3799.07,-3956.14,-65.649,-5879.16,-4860.35,884.5,0,0,-689.75,-570.23,-710.69,-587.54,105.32,87.07,526.46,435.23,404.88,334.72,-461.34,-381.39,-434.17,-358.93,0.0,0.0,-307.86,-254.51,-560.15,-463.08,-559.5,-462.55,-220.83,-182.56,210.01,173.61,-459.11,-379.55,-776.38,-641.84,-662.3,-547.53
48,638,3500.0,855.26,2.0,1.653418,-777.6,-1555.2,-1746.11,-1285.7,-1443.52,-22.217,-3589.23,-2967.25,586.0,0,0,145.71,120.46,375.75,310.64,226.1,186.92,191.58,158.38,224.17,185.32,-721.87,-596.78,-778.22,-643.36,0.0,0.0,-588.6,-486.6,-721.66,-596.6,293.46,242.6,-419.03,-346.41,596.31,492.98,134.79,111.43,-49.56,-40.97,-464.14,-383.71
49,638,3000.0,856.37,2.333333,1.651268,307.28,716.98,493.5,507.4,349.24,10.243,-3356.57,-2375.4,329.7,0,0,104.05,73.64,410.37,290.41,221.39,156.67,-207.91,-147.14,-210.35,-148.86,1182.72,836.99,135.58,95.95,0.0,0.0,-279.86,-198.05,-353.11,-249.89,912.16,645.52,-792.8,-561.05,-435.34,-308.08,-287.96,-203.79,939.07,664.57,-621.03,-439.49
50,638,3500.0,855.26,2.0,1.653418,107.47,214.95,23.51,177.7,19.44,3.071,-2199.11,-1818.03,626.3,0,0,-915.79,-757.1,-148.5,-122.77,-103.67,-85.71,575.89,476.09,403.09,333.24,566.07,467.97,-313.17,-258.9,0.0,0.0,-530.55,-438.61,659.88,545.53,-778.15,-643.3,218.62,180.74,594.05,491.1,-246.38,-203.69,-283.49,-234.37,517.07,427.46
51,638,4000.0,855.26,1.75,1.653418,100.55,175.96,8.45,166.24,7.99,2.514,-2587.93,-2445.1,398.7,0,0,-247.33,-233.68,314.8,297.43,153.35,144.89,348.19,328.98,143.03,135.14,-676.29,-638.97,53.53,50.58,0.0,0.0,-321.42,-303.68,-262.37,-247.89,-802.38,-758.1,-120.71,-114.05,213.72,201.92,323.91,306.04,199.81,188.78,856.11,808.86
52,638,3500.0,855.26,2.0,1.653418,-1913.97,-3827.94,-4018.16,-3164.59,-3321.85,-54.685,-5327.13,-4403.99,634.5,0,0,-1006.28,-831.9,-46.95,-38.82,-146.6,-121.19,333.21,275.47,-459.8,-380.12,-110.7,-91.52,700.99,579.52,0.0,0.0,140.18,115.89,-580.64,-480.02,-1046.13,-864.84,-468.79,-387.56,145.9,120.62,-216.25,-178.77,-182.77,-151.09,-883.32,-730.25
53,638,3500.0,855.26,2.0,1.653418,-1253.82,-2507.64,-2698.26,-2073.09,-2230.68,-35.823,-3637.92,-3007.5,908.5,0,0,-485.23,-401.14,-480.99,-397.64,-1.72,-1.42,-434.39,-359.12,603.09,498.58,-872.83,-721.57,-236.75,-195.73,0.0,0.0,59.05,48.81,46.11,38.12,60.14,49.72,39.42,32.59,-97.45,-80.56,234.58,193.93,-374.86,-309.9,-565.81,-467.76
54,638,3000.0,855.26,2.333333,1.653418,-1499.17,-3498.07,-3720.28,-2478.76,-2636.22,-49.972,-6505.28,-4609.69,908.8,0,0,-1388.61,-983.98,45.31,32.11,-453.78,-321.55,1122.66,795.53,-347.76,-246.42,-228.13,-161.66,-698.61,-495.04,0.0,0.0,-191.78,-135.9,-1230.82,-872.17,245.78,174.16,-465.74,-330.03,424.42,300.75,-611.99,-433.66,-137.78,-97.64,418.76,296.74
55,638,3500.0,856.37,2.0,1.651268,-542.91,-1085.81,-1276.86,-896.49,-1054.22,-15.512,-3095.27,-2555.56,535.5,0,0,-464.62,-383.61,366.92,302.94,44.05,36.37,392.79,324.3,-3.87,-3.2,-308.52,-254.73,375.99,310.43,0.0,0.0,-0.91,-0.75,-270.32,-223.19,627.68,518.23,-481.1,-397.21,-619.88,-511.79,-184.45,-152.29,-432.98,-357.48,-126.57,-104.5
56,638,3500.0,855.26,2.0,1.653418,-1099.67,-2199.34,-2390.05,-1818.21,-1975.87,-31.419,-4636.3,-3832.87,643.5,0,0,335.22,277.13,420.8,347.88,19.81,16.38,548.92,453.79,97.65,80.73,-393.26,-325.11,-803.78,-664.49,0.0,0.0,-481.71,-398.24,29.68,24.54,-620.75,-513.18,-501.72,-414.77,-338.17,-279.57,172.35,142.49,-39.22,-32.42,-645.16,-533.36
57,638,3500.0,855.26,2.0,1.653418,217.39,434.77,243.27,359.43,201.11,6.211,-3454.55,-2855.91,632.2,0,0,303.87,251.22,341.41,282.25,-140.67,-116.29,63.86,52.79,282.55,233.59,-110.71,-91.53,124.7,103.09,0.0,0.0,-642.81,-531.42,364.78,301.57,-149.66,-123.73,-372.3,-307.79,-36.74,-30.37,-153.2,-126.65,-497.07,-410.93,1056.77,873.64
58,638,4000.0,855.26,1.75,1.653418,-658.09,-1151.65,-1318.76,-1088.09,-1245.98,-16.452,-3448.29,-3257.98,624.3,0,0,-212.37,-200.65,467.31,441.52,0.9,0.85,32.63,30.83,649.06,613.24,-1204.14,-1137.68,-297.88,-281.44,0.0,0.0,-630.82,-596.0,-522.36,-493.53,49.03,46.33,-710.61,-671.39,602.6,569.35,391.32,369.72,-466.55,-440.8,700.23,661.58
59,638,3500.0,856.37,2.0,1.651268,-564.59,-1129.18,-1320.21,-932.29,-1090.01,-16.131,-4132.88,-3412.25,632.0,0,0,118.29,97.66,562.97,464.81,269.74,222.71,269.62,222.61,-727.33,-600.51,-568.92,-469.72,-436.23,-360.17,0.0,0.0,-314.86,-259.96,381.37,314.87,-1285.52,-1061.37,290.07,239.49,237.9,196.42,-35.1,-28.98,548.74,453.06,-439.93,-363.22
60,638,3000.0,855.26,2.333333,1.653418,-1112.61,-2596.08,-2818.57,-1839.6,-1997.26,-37.087,-4218.52,-2989.28,900.0,0,0,268.36,190.16,340.76,241.46,-317.78,-225.18,-403.13,-285.66,-40.01,-28.35,-96.21,-68.17,437.56,310.06,0.0,0.0,-545.74,-386.72,352.44,249.74,-1214.06,-860.29,25.6,18.14,-708.16,-501.81,424.13,300.54,-751.47,-532.5,-368.36,-261.02
61,638,3500.0,855.26,2.0,1.653418,-185.97,-371.94,-563.2,-307.48,-465.6,-5.313,-3159.21,-2611.74,590.2,0,0,400.4,331.01,-160.56,-132.74,734.16,606.93,589.6,487.43,-279.12,-230.75,-271.08,-224.11,-1017.76,-841.39,0.0,0.0,70.68,58.43,-273.33,-225.96,-149.55,-123.64,154.18,127.46,-504.09,-416.73,-54.1,-44.72,80.86,66.85,307.78,254.44
62,638,3500.0,855.26,2.0,1.653418,-684.81,-1369.62,-1560.58,-1132.28,-1290.14,-19.566,-3725.24,-3079.69,589.8,0,0,143.03,118.25,433.55,358.42,-103.13,-85.26,305.23,252.33,-355.51,-293.9,-734.6,-607.3,-446.79,-369.37,0.0,0.0,167.79,138.72,483.28,399.53,-300.75,-248.63,-966.1,-798.68,-359.51,-297.21,412.41,340.95,86.22,71.28,-134.74,-111.39
63,638,3500.0,855.26,2.0,1.653418,-718.5,-1437.0,-1627.94,-1187.98,-1345.83,-20.529,-3784.14,-3128.38,634.5,0,0,-469.11,-387.82,57.37,47.43,-21.3,-17.61,-709.88,-586.86,472.61,390.71,-807.27,-667.38,-475.02,-392.7,0.0,0.0,394.54,326.17,-300.55,-248.47,193.31,159.81,27.93,23.09,-471.39,-389.7,515.28,425.98,-77.21,-63.83,233.7,193.2
64,638,3000.0,855.26,2.333333,1.653418,-1380.3,-3220.71,-3443.01,-2282.22,-2439.74,-46.01,-7241.88,-5131.65,589.0,0,0,-570.94,-404.57,-6.9,-4.89,239.17,169.48,135.01,95.67,326.96,231.68,-1080.75,-765.83,584.26,414.01,0.0,0.0,-398.84,-282.62,353.73,250.65,-425.12,-301.24,-775.83,-549.76,-436.67,-309.43,81.26,57.58,-590.69,-418.57,-655.36,-464.39
65,638,3500.0,856.37,2.0,1.651268,-398.07,-796.14,-987.28,-657.32,-815.13,-11.373,-3875.15,-3199.45,825.0,0,0,-523.01,-431.82,-199.49,-164.71,-349.1,-288.23,329.58,272.12,-884.92,-730.62,226.33,186.86,5.54,4.57,0.0,0.0,14.55,12.02,887.36,732.63,1310.31,1081.84,-121.7,-100.48,-522.77,-431.62,-162.47,-134.14,-954.9,-788.4,148.54,122.64
66,638,3000.0,855.26,2.333333,1.653418,893.87,2085.69,1861.79,1477.93,1319.28,29.796,-2520.75,-1786.23,332.3,0,0,98.7,69.94,569.87,403.81,-122.35,-86.7,1044.53,740.16,470.98,333.74,336.53,238.47,-335.65,-237.84,0.0,0.0,594.69,421.4,814.89,577.44,-496.17,-351.59,-221.3,-156.82,-212.31,-150.44,-530.43,-375.87,385.36,273.07,-311.64,-220.83
67,638,3500.0,855.26,2.0,1.653418,-201.1,-402.21,-593.46,-332.51,-490.62,-5.746,-2181.18,-1803.2,475.7,0,0,-399.7,-330.44,268.95,222.35,249.86,206.56,1210.82,1000.99,444.01,367.06,-462.68,-382.5,136.96,113.23,0.0,0.0,-901.25,-745.07,-434.55,-359.25,-412.57,-341.08,40.72,33.66,326.46,269.89,-107.88,-89.18,-329.89,-272.72,-31.47,-26.02
68,638,3500.0,855.26,2.0,1.653418,-1095.79,-2191.57,-2382.28,-1811.79,-1969.46,-31.308,-3715.79,-3071.87,493.0,0,0,298.84,247.05,538.4,445.1,-74.62,-61.69,277.55,229.45,-814.52,-673.37,-407.01,-336.48,-424.37,-350.83,0.0,0.0,-104.93,-86.75,-279.25,-230.86,492.38,407.06,-856.62,-708.17,-615.19,-508.58,517.22,427.59,-1212.38,-1002.29,472.95,390.99
69,638,3500.0,855.26,2.0,1.653418,-2432.12,-4864.24,-5054.15,-4021.31,-4178.31,-69.489,-8057.89,-6661.53,633.5,0,0,270.23,223.4,-14.31,-11.83,-565.22,-467.27,-436.29,-360.69,-635.24,-525.16,-711.41,-588.13,-902.77,-746.33,0.0,0.0,416.96,344.7,-1256.85,-1039.05,-699.39,-578.2,-190.36,-157.38,-367.31,-303.66,-594.6,-491.56,237.39,196.26,584.95,483.58
70,638,3500.0,856.37,2.0,1.651268,-647.19,-1294.38,-1485.37,-1068.69,-1226.37,-18.491,-4319.17,-3566.05,645.7,0,0,-36.71,-30.31,242.97,200.61,-217.29,-179.4,-160.21,-132.27,274.95,227.01,-719.1,-593.71,63.58,52.5,0.0,0.0,-103.01,-85.05,-226.24,-186.79,-535.94,-442.49,-594.54,-490.87,614.37,507.25,104.7,86.44,-166.19,-137.21,164.28,135.63
71,638,4000.0,856.37,1.75,1.651268,-1153.58,-2018.77,-2185.61,-1904.87,-2062.3,-28.84,-4231.02,-3992.32,900.5,0,0,-275.99,-260.42,646.31,609.84,-112.71,-106.36,-636.85,-600.92,109.65,103.46,-267.78,-252.67,-265.33,-250.36,0.0,0.0,-324.74,-306.42,96.8,91.34,-341.29,-322.03,-471.69,-445.08,-841.53,-794.05,501.99,473.67,179.47,169.34,-15.07,-14.22
72,638,3500.0,855.26,2.0,1.653418,718.75,1437.49,1245.69,1188.39,1029.82,20.536,-1773.81,-1466.42,381.8,0,0,303.45,250.87,508.34,420.25,51.99,42.98,488.57,403.9,33.53,27.72,-291.15,-240.7,46.38,38.34,0.0,0.0,90.59,74.89,-426.77,-352.82,-319.84,-264.41,-93.14,-77.0,139.36,115.21,364.94,301.7,152.67,126.21,388.59,321.25
73,638,3500.0,855.26,2.0,1.653418,-641.91,-1283.82,-1474.81,-1061.35,-1219.24,-18.34,-5114.37,-4228.1,632.0,0,0,-875.19,-723.53,258.83,213.98,18.61,15.38,-116.02,-95.91,-245.81,-203.21,-223.36,-184.65,-621.88,-514.11,0.0,0.0,242.16,200.19,926.9,766.28,598.05,494.41,-834.47,-689.86,130.09,107.54,601.64,497.38,-715.63,-591.62,-427.73,-353.61
74,638,3500.0,855.26,2.0,1.653418,-63.03,-126.06,-317.39,-104.21,-262.39,-1.801,-3867.02,-3196.9,635.0,0,0,-123.09,-101.76,629.13,520.11,-96.52,-79.79,-312.9,-258.68,522.71,432.13,-606.96,-501.78,-597.44,-493.91,0.0,0.0,-532.54,-440.26,-30.6,-25.3,-40.47,-33.46,-449.83,-371.87,222.71,184.12,624.58,516.35,-16.3,-13.47,681.46,563.37
75,638,4000.0,855.26,1.75,1.653418,-2156.96,-3774.69,-3941.0,-3566.36,-3723.5,-53.924,-5036.46,-4758.5,911.7,0,0,-264.2,-249.62,-287.99,-272.09,-14.35,-13.56,24.05,22.72,-433.91,-409.96,-1043.32,-985.74,-108.5,-102.51,0.0,0.0,-663.69,-627.06,-28.94,-27.34,-322.1,-304.32,105.21,99.41,116.4,109.98,-179.87,-169.95,-542.7,-512.74,-130.78,-123.57
76,638,3500.0,855.26,2.0,1.653418,-2220.41,-4440.82,-4630.86,-3671.26,-3828.37,-63.44,-5472.31,-4524.01,909.3,0,0,171.45,141.74,-283.49,-234.36,15.0,12.4,-739.08,-611.0,108.32,89.55,-227.24,-187.86,-338.39,-279.75,0.0,0.0,-731.97,-605.12,-486.93,-402.55,-403.6,-333.66,-320.38,-264.86,-159.11,-131.54,-620.55,-513.01,-410.12,-339.05,-14.75,-12.19
77,638,3000.0,855.26,2.333333,1.653418,-138.4,-322.94,-546.11,-228.84,-386.98,-4.613,-3954.27,-2802.03,326.2,0,0,-398.75,-282.56,-146.37,-103.72,-361.02,-255.82,1013.61,718.25,-161.82,-114.67,-580.56,-411.39,-466.63,-330.66,0.0,0.0,206.84,146.57,-239.83,-169.94,-67.33,-47.71,562.6,398.66,177.72,125.94,319.26,226.23,396.57,281.01,-577.26,-409.05
78,638,3500.0,855.26,2.0,1.653418,580.75,1161.51,969.79,960.23,801.73,16.593,-2379.68,-1967.3,631.2,0,0,-127.46,-105.37,456.96,377.77,-95.42,-78.88,791.83,654.61,-85.32,-70.54,-307.37,-254.11,115.32,95.33,0.0,0.0,-386.92,-319.87,438.34,362.38,207.58,171.61,-41.46,-34.28,115.46,95.45,85.39,70.59,27.51,22.74,-32.93,-27.22
79,638,3500.0,855.26,2.0,1.653418,-708.72,-1417.43,-1608.38,-1171.8,-1329.66,-20.249,-4174.44,-3451.05,902.0,0,0,244.08,201.78,-126.05,-104.2,133.27,110.17,-798.82,-660.39,295.22,244.06,-332.45,-274.84,-670.63,-554.42,0.0,0.0,-441.91,-365.33,46.44,38.39,462.2,382.11,-21.71,-17.95,-427.43,-353.36,555.55,459.28,-374.47,-309.58,39.27,32.46
80,638,3500.0,855.26,2.0,1.653418,439.05,878.09,686.46,725.93,567.5,12.544,-3475.78,-2873.46,816.7,0,0,-476.4,-393.84,97.82,80.87,-149.49,-123.58,744.96,615.87,278.05,229.87,-411.72,-340.37,627.78,519.0,0.0,0.0,-525.88,-434.75,713.18,589.59,288.53,238.53,-743.29,-614.48,1146.71,948.0,-115.86,-95.78,-712.66,-589.16,116.34,96.18
81,638,3500.0,855.26,2.0,1.653418,-145.23,-290.47,-481.75,-240.13,-398.27,-4.15,-3749.83,-3100.02,601.3,0,0,-838.44,-693.15,255.61,211.31,125.31,103.6,275.92,228.11,406.75,336.26,-434.56,-359.26,-208.34,-172.24,0.0,0.0,-483.66,-399.85,-193.85,-160.25,-788.62,-651.96,526.47,435.23,687.71,568.54,316.86,261.95,-167.56,-138.53,229.95,190.1
82,638,3500.0,855.26,2.0,1.653418,-547.1,-1094.19,-1285.24,-904.58,-1062.52,-15.631,-3303.77,-2731.26,634.3,0,0,-537.34,-444.22,-324.49,-268.26,-79.84,-66.0,-258.77,-213.93,-459.6,-379.95,604.26,499.55,-381.85,-315.68,0.0,0.0,97.67,80.74,-43.31,-35.81,172.66,142.74,-38.93,-32.18,-39.73,-32.85,449.92,371.96,-949.31,-784.8,694.46,574.11
83,638,3000.0,855.26,2.333333,1.653418,553.93,1292.51,1068.85,915.88,757.4,18.464,-2711.8,-1921.6,635.0,0,0,-73.92,-52.38,471.95,334.43,275.14,194.97,-1037.73,-735.34,248.72,176.24,-802.22,-568.46,-341.55,-242.02,0.0,0.0,358.06,253.72,687.82,487.39,78.4,55.55,260.32,184.46,-41.95,-29.73,895.51,634.56,223.97,158.71,90.0,63.77
84,638,4000.0,855.26,1.75,1.653418,-589.07,-1030.87,-1198.01,-973.97,-1131.89,-14.727,-2829.95,-2673.76,645.3,0,0,-559.92,-529.02,69.94,66.08,103.96,98.22,326.65,308.62,88.02,83.17,-253.2,-239.23,-289.94,-273.93,0.0,0.0,-99.51,-94.01,748.42,707.11,-119.98,-113.35,-661.15,-624.66,737.44,696.74,-209.54,-197.98,-505.63,-477.73,-406.43,-384.0
85,638,3000.0,855.26,2.333333,1.653418,-1663.02,-3880.38,-4102.48,-2749.67,-2907.05,-55.434,-5494.48,-3893.43,634.5,0,0,-348.38,-246.87,288.07,204.13,-520.27,-368.67,-991.26,-702.41,-321.85,-228.06,503.52,356.8,-533.47,-378.02,0.0,0.0,-1383.24,-980.17,339.4,240.5,-268.87,-190.52,91.01,64.49,-32.95,-23.35,-298.83,-211.75,331.21,234.7,-734.48,-520.46
86,638,3000.0,855.26,2.333333,1.653418,-1807.02,-4216.37,-4438.38,-2987.75,-3145.07,-60.234,-5964.13,-4226.23,900.7,0,0,-836.59,-592.81,355.5,251.91,130.03,92.14,664.07,470.57,-646.96,-458.44,-1194.11,-846.16,-770.45,-545.95,0.0,0.0,-795.56,-563.74,-270.92,-191.98,536.31,380.03,-48.76,-34.55,-798.87,-566.08,-586.59,-415.66,183.34,129.92,-136.83,-96.96
87,638,4000.0,855.26,1.75,1.653418,-779.13,-1363.48,-1530.52,-1288.23,-1446.05,-19.478,-3614.69,-3415.2,884.0,0,0,-438.0,-413.82,-17.58,-16.61,200.35,189.29,113.13,106.88,-15.73,-14.86,-946.29,-894.06,68.0,64.25,0.0,0.0,-488.98,-461.99,-641.61,-606.2,-251.57,-237.68,285.56,269.8,97.39,92.02,-240.77,-227.48,587.03,554.63,325.57,307.61
88,638,3000.0,855.26,2.333333,1.653418,551.89,1287.73,1064.08,912.5,754.01,18.396,-4553.62,-3226.73,630.8,0,0,54.57,38.67,1213.28,859.74,206.15,146.08,462.17,327.5,-564.09,-399.72,-21.47,-15.22,-577.71,-409.37,0.0,0.0,-805.57,-570.83,-439.25,-311.26,1639.02,1161.42,-619.37,-438.89,-231.66,-164.16,-59.2,-41.95,1156.12,819.24,-125.25,-88.75
89,638,3500.0,855.26,2.0,1.653418,-406.71,-813.43,-1004.55,-672.47,-830.47,-11.62,-5445.11,-4501.52,632.2,0,0,-475.06,-392.73,-256.93,-212.41,322.89,266.93,-562.82,-465.29,994.36,822.04,-385.18,-318.44,-593.82,-490.92,0.0,0.0,-262.94,-217.37,-296.24,-244.9,431.66,356.86,-682.91,-564.57,-374.68,-309.75,-29.39,-24.3,-124.13,-102.62,1481.77,1224.99
90,638,3000.0,855.26,2.333333,1.653418,355.45,829.39,605.87,587.71,429.33,11.848,-3210.23,-2274.8,633.5,0,0,-360.75,-255.63,-166.57,-118.03,129.96,92.09,-501.45,-355.33,-64.61,-45.78,1420.86,1006.83,-405.27,-287.18,0.0,0.0,-471.53,-334.13,868.19,615.2,-129.49,-91.76,-1243.96,-881.48,-321.83,-228.05,194.01,137.48,457.73,324.35,1424.09,1009.12
91,638,3500.0,855.26,2.0,1.653418,-150.32,-300.65,-491.93,-248.55,-406.68,-4.295,-3417.61,-2825.37,637.3,0,0,-1261.93,-1043.25,-380.19,-314.31,151.68,125.4,500.4,413.68,-375.5,-310.43,-438.35,-362.39,473.91,391.79,0.0,0.0,177.17,146.47,436.64,360.97,996.2,823.57,-959.28,-793.04,16.49,13.63,-309.79,-256.1,-1166.45,-964.32,1838.36,1519.79
92,638,3500.0,856.37,2.0,1.651268,1671.88,3343.75,3151.38,2760.72,2601.89,47.768,-2712.88,-2239.85,405.5,0,0,306.03,252.67,-276.83,-228.56,469.25,387.43,139.23,114.96,-208.48,-172.13,543.83,449.01,-304.2,-251.16,0.0,0.0,-202.73,-167.38,60.23,49.73,101.17,83.53,196.02,161.84,2007.14,1657.17,-291.46,-240.64,-650.64,-537.19,1455.17,1201.44
93,638,3500.0,855.26,2.0,1.653418,-585.37,-1170.74,-1361.76,-967.86,-1125.78,-16.725,-3207.2,-2651.42,903.7,0,0,157.89,130.53,-234.63,-193.97,265.16,219.21,324.63,268.37,-142.03,-117.42,-455.15,-376.27,-32.21,-26.62,0.0,0.0,-738.17,-610.25,-179.73,-148.58,-135.3,-111.85,-182.83,-151.15,569.51,470.82,-323.48,-267.42,48.18,39.83,-112.6,-93.09
94,638,3000.0,855.26,2.333333,1.653418,-1983.49,-4628.14,-4850.02,-3279.54,-3436.76,-66.116,-7659.03,-5427.24,632.2,0,0,-180.92,-128.2,515.07,364.98,-43.32,-30.7,-576.79,-408.72,31.99,22.67,-951.95,-674.56,-816.93,-578.88,0.0,0.0,-208.82,-147.97,-553.21,-392.01,1600.11,1133.85,-1130.06,-800.77,-1155.28,-818.64,-1033.53,-732.37,22.83,16.18,-147.34,-104.41
95,638,3000.0,855.26,2.333333,1.653418,770.12,1796.95,1573.15,1273.33,1114.74,25.671,-3609.02,-2557.38,633.5,0,0,-567.66,-402.25,-233.54,-165.49,101.0,71.57,1575.66,1116.53,-578.49,-409.92,1258.05,891.46,-698.71,-495.11,0.0,0.0,238.58,169.06,1019.07,722.12,-29.22,-20.7,-276.47,-195.91,-708.21,-501.84,177.97,126.11,-498.35,-353.14,1017.28,720.85
96,638,3500.0,855.26,2.0,1.653418,-85.16,-170.32,-361.64,-140.8,-298.97,-2.433,-2487.34,-2056.31,589.0,0,0,99.37,82.15,590.55,488.21,33.44,27.64,-368.17,-304.37,12.56,10.39,624.09,515.94,-527.37,-435.98,0.0,0.0,-257.12,-212.56,-134.23,-110.97,115.85,95.78,-285.61,-236.12,-333.4,-275.63,-40.37,-33.38,-439.59,-363.41,739.68,611.5
97,638,3500.0,855.26,2.0,1.653418,-1407.25,-2814.5,-3005.02,-2326.77,-2484.28,-40.207,-4843.4,-4004.08,644.8,0,0,-456.72,-377.58,11.75,9.71,-189.63,-156.77,-100.3,-82.92,174.19,144.01,-1289.88,-1066.35,272.92,225.63,0.0,0.0,-920.46,-760.95,-548.63,-453.56,-14.83,-12.26,-190.75,-157.69,-51.43,-42.52,49.39,40.83,120.54,99.66,319.35,264.01
98,638,3500.0,855.26,2.0,1.653418,-288.85,-577.69,-768.89,-477.58,-635.65,-8.253,-2995.38,-2476.31,464.8,0,0,14.68,12.14,234.93,194.22,-132.71,-109.71,244.93,202.49,66.19,54.72,131.67,108.85,102.5,84.74,0.0,0.0,251.24,207.7,-431.19,-356.47,633.44,523.67,-476.79,-394.17,-627.02,-518.36,-99.49,-82.25,-422.35,-349.16,-67.72,-55.99
99,638,3500.0,855.26,2.0,1.653418,-1561.76,-3123.52,-3313.96,-2582.25,-2739.68,-44.622,-5074.61,-4195.23,904.0,0,0,-1024.29,-846.79,181.56,150.1,42.67,35.27,-320.77,-265.19,-72.09,-59.6,-360.18,-297.76,-530.34,-438.44,0.0,0.0,-353.25,-292.03,199.53,164.95,-103.84,-85.85,-253.16,-209.29,843.53,697.35,-330.19,-272.97,-1048.71,-866.98,6.0,4.96
100,638,3500.0,855.26,2.0,1.653418,832.14,1664.28,1472.41,1375.87,1217.25,23.775,-2127.22,-1758.59,623.0,0,0,-599.8,-495.86,145.57,120.34,-9.1,-7.52,483.21,399.48,287.22,237.44,-509.89,-421.53,821.11,678.81,0.0,0.0,12.27,10.14,205.55,169.93,-807.48,-667.55,844.18,697.89,-374.17,-309.33,-48.64,-40.21,1203.83,995.22,10.41,8.6
101,638,3000.0,855.26,2.333333,1.653418,331.96,774.58,551.08,548.87,390.5,11.065,-3874.71,-2745.65,633.8,0,0,-294.14,-208.43,808.83,573.14,529.49,375.2,207.2,146.82,979.37,693.99,-501.68,-355.49,-590.57,-418.48,0.0,0.0,-353.97,-250.83,224.01,158.73,633.92,449.2,-321.58,-227.87,-640.63,-453.96,-357.55,-253.36,645.94,457.72,-194.06,-137.51
102,638,3000.0,856.37,2.333333,1.651268,338.07,788.82,565.32,558.24,400.07,11.269,-3076.73,-2177.36,468.5,0,0,-97.19,-68.78,469.97,332.59,-338.69,-239.68,348.12,246.36,129.1,91.36,-1022.82,-723.84,637.81,451.37,0.0,0.0,819.9,580.23,876.43,620.23,-220.42,-155.99,-134.96,-95.51,-546.77,-386.94,-232.33,-164.42,-273.22,-193.35,373.91,264.61
103,638,3500.0,855.26,2.0,1.653418,-2591.27,-5182.54,-5372.35,-4284.45,-4441.37,-74.036,-5870.3,-4853.03,909.5,0,0,-961.66,-795.01,520.15,430.01,-131.84,-108.99,90.69,74.97,-938.27,-775.68,-1301.06,-1075.59,-347.2,-287.03,0.0,0.0,-520.5,-430.3,610.9,505.04,-309.91,-256.2,-728.25,-602.05,-523.93,-433.14,42.04,34.76,-433.66,-358.51,-250.06,-206.72
104,638,3500.0,855.26,2.0,1.653418,-1246.84,-2493.69,-2684.31,-2061.56,-2219.15,-35.624,-6994.88,-5782.73,635.0,0,0,165.63,136.93,220.85,182.58,118.58,98.03,-192.44,-159.09,583.82,482.65,-571.77,-472.69,-903.37,-746.82,0.0,0.0,-1506.31,-1245.28,-47.21,-39.03,-346.49,-286.44,-274.84,-227.21,202.8,167.66,531.88,439.71,59.57,49.25,-534.4,-441.79
105,638,4000.0,855.26,1.75,1.653418,-1494.89,-2616.06,-2782.73,-2471.68,-2629.15,-37.372,-5011.87,-4735.27,625.0,0,0,69.41,65.58,186.51,176.21,343.43,324.48,-594.46,-561.65,86.78,81.99,-64.0,-60.46,-427.73,-404.12,0.0,0.0,-416.09,-393.13,8.17,7.72,-637.22,-602.06,433.91,409.96,113.69,107.42,-194.34,-183.62,-708.14,-669.06,-815.98,-770.95
106,638,3500.0,856.37,2.0,1.651268,-1936.83,-3873.66,-4063.87,-3198.23,-3355.27,-55.338,-5605.19,-4627.84,908.8,0,0,-559.87,-462.25,-147.38,-121.68,240.82,198.83,-517.25,-427.06,-577.33,-476.67,-661.78,-546.39,-61.46,-50.74,0.0,0.0,-586.4,-484.15,252.47,208.45,-21.61,-17.84,121.77,100.53,-1211.57,-1000.31,216.41,178.68,-203.96,-168.4,-156.52,-129.23
107,638,3000.0,855.26,2.333333,1.653418,-1384.14,-3229.67,-3451.96,-2288.57,-2446.09,-46.138,-4335.84,-3072.41,639.0,0,0,-345.13,-244.56,620.14,439.43,183.25,129.85,198.26,140.49,-116.67,-82.67,-110.49,-78.3,-392.23,-277.94,0.0,0.0,-605.37,-428.97,6.81,4.83,-453.17,-321.12,-333.04,-235.99,-1075.74,-762.27,161.58,114.5,-432.58,-306.53,-535.28,-379.3
108,638,3500.0,855.26,2.0,1.653418,420.57,841.13,649.51,695.37,536.96,12.016,-2640.24,-2182.71,469.3,0,0,-128.75,-106.44,53.62,44.33,-48.52,-40.11,-213.39,-176.41,456.42,377.32,-127.42,-105.34,-515.06,-425.8,0.0,0.0,-128.64,-106.35,-419.96,-347.19,203.7,168.4,735.46,608.01,-364.44,-301.29,707.4,584.81,-129.62,-107.16,760.36,628.6
109,638,3000.0,856.37,2.333333,1.651268,-1777.09,-4146.54,-4368.56,-2934.45,-3091.57,-59.236,-6112.49,-4325.73,899.5,0,0,-474.42,-335.74,-147.78,-104.58,354.99,251.22,-683.3,-483.56,-1410.75,-998.37,-628.87,-445.04,-1068.1,-755.88,0.0,0.0,-229.4,-162.34,-51.57,-36.49,-361.4,-255.76,-69.87,-49.44,592.14,419.05,-25.49,-18.04,-607.89,-430.2,665.18,470.74
110,638,3000.0,855.26,2.333333,1.653418,-1057.43,-2467.33,-2689.86,-1748.37,-1906.05,-35.248,-6396.98,-4532.95,908.8,0,0,-626.87,-444.21,98.04,69.47,-47.43,-33.61,-77.57,-54.97,242.18,171.61,-476.47,-337.63,847.6,600.62,0.0,0.0,-624.73,-442.69,-224.79,-159.29,1296.16,918.47,185.46,131.42,-434.27,-307.73,-534.02,-378.41,-1542.33,-1092.9,-548.31,-388.53
111,638,3000.0,855.26,2.333333,1.653418,-267.31,-623.72,-846.8,-441.97,-600.05,-8.91,-2991.65,-2119.9,901.8,0,0,-198.98,-141.0,370.84,262.78,266.15,188.6,-74.84,-53.03,-186.27,-132.0,-51.74,-36.66,-179.97,-127.53,0.0,0.0,-435.99,-308.94,-62.04,-43.96,1230.71,872.09,-168.23,-119.21,-638.01,-452.1,224.46,159.05,50.43,35.73,-770.22,-545.79
112,638,3500.0,855.26,2.0,1.653418,1068.65,2137.29,1945.28,1766.92,1608.18,30.533,-1300.15,-1074.84,464.8,0,0,-104.88,-86.7,516.3,426.83,36.9,30.5,-538.8,-445.43,93.64,77.41,336.89,278.51,535.79,442.94,0.0,0.0,76.54,63.28,975.97,806.84,-448.05,-370.41,182.34,150.74,-715.14,-591.21,796.04,658.09,457.66,378.35,-63.89,-52.82
113,638,3500.0,855.26,2.0,1.653418,70.22,140.43,-50.98,116.1,-42.15,2.006,-3231.11,-2671.19,589.8,0,0,-5.69,-4.71,-38.62,-31.93,269.39,222.71,72.22,59.71,1008.0,833.32,-487.9,-403.35,67.07,55.45,0.0,0.0,-1214.78,-1004.27,-42.89,-35.45,359.55,297.24,-875.78,-724.02,684.25,565.68,229.76,189.94,160.65,132.81,-44.82,-37.05
114,638,3000.0,855.26,2.333333,1.653418,-1524.45,-3557.06,-3779.26,-2520.56,-2678.01,-50.815,-6345.74,-4496.64,621.2,0,0,-1115.38,-790.36,30.56,21.65,56.61,40.12,808.14,572.66,122.31,86.67,-265.03,-187.8,385.26,273.0,0.0,0.0,-144.18,-102.17,52.8,37.41,-889.89,-630.58,-874.25,-619.5,300.37,212.84,-653.51,-463.09,-662.82,-469.68,-708.05,-501.73
115,638,4000.0,855.26,1.75,1.653418,-807.04,-1412.32,-1579.34,-1334.37,-1492.18,-20.176,-3282.17,-3101.02,904.8,0,0,314.68,297.31,80.89,76.43,95.52,90.25,-578.63,-546.7,96.5,91.18,-115.6,-109.22,-198.71,-187.74,0.0,0.0,-366.05,-345.84,-447.31,-422.62,-114.7,-108.37,-601.73,-568.52,443.9,419.4,228.5,215.89,112.5,106.3,-362.08,-342.1
116,638,3500.0,855.26,2.0,1.653418,-68.86,-137.71,-329.04,-113.85,-272.02,-1.967,-2291.56,-1894.45,634.3,0,0,508.71,420.55,567.63,469.27,-97.11,-80.28,977.75,808.31,-160.85,-132.98,-270.58,-223.69,190.07,157.14,0.0,0.0,-863.64,-713.98,669.84,553.76,-569.91,-471.15,-493.32,-407.83,6.84,5.66,-357.7,-295.72,-85.94,-71.05,-159.51,-131.87
117,638,3000.0,855.26,2.333333,1.653418,-1429.75,-3336.08,-3558.35,-2363.97,-2521.47,-47.658,-4861.7,-3445.04,635.0,0,0,-492.95,-349.31,246.79,174.87,139.85,99.1,-889.02,-629.96,-352.68,-249.91,384.26,272.29,-169.28,-119.95,0.0,0.0,-455.8,-322.99,-231.83,-164.28,-691.43,-489.95,-341.46,-241.96,-129.68,-91.89,-628.95,-445.68,679.43,481.45,-403.33,-285.81
118,638,3500.0,855.26,2.0,1.653418,-1979.15,-3958.29,-4148.48,-3272.36,-3429.58,-56.547,-5887.26,-4867.05,882.2,0,0,275.73,227.95,514.85,425.63,-232.92,-192.55,356.43,294.67,181.77,150.27,-828.08,-684.58,-380.4,-314.48,0.0,0.0,-471.3,-389.63,-864.27,-714.5,-778.83,-643.87,349.4,288.85,20.9,17.28,-555.0,-458.82,-1011.01,-835.81,-535.57,-442.76
119,638,3500.0,855.26,2.0,1.653418,-1867.6,-3735.19,-3925.45,-3087.92,-3245.2,-53.36,-5249.21,-4339.57,590.2,0,0,-319.77,-264.36,-169.07,-139.77,-15.14,-12.51,-195.52,-161.64,107.11,88.55,-470.24,-388.76,-671.27,-554.95,0.0,0.0,-1186.23,-980.67,-397.54,-328.65,-626.89,-518.26,-592.27,-489.63,-383.62,-317.14,692.92,572.84,-28.37,-23.45,520.71,430.47
120,638,4000.0,855.26,1.75,1.653418,-1185.95,-2075.42,-2242.25,-1960.88,-2118.5,-29.649,-3680.06,-3476.96,588.2,0,0,-354.4,-334.84,519.13,490.48,-372.54,-351.98,-138.5,-130.86,-134.0,-126.61,-1380.79,-1304.58,-280.98,-265.47,0.0,0.0,53.41,50.47,325.01,307.07,195.42,184.64,-600.69,-567.53,-382.92,-361.79,-176.3,-166.57,11.23,10.61,641.49,606.09
121,638,3500.0,855.26,2.0,1.653418,-960.5,-1921.0,-2111.79,-1588.11,-1745.84,-27.443,-4393.85,-3632.43,630.5,0,0,-362.65,-299.8,-459.87,-380.18,-244.57,-202.19,-123.56,-102.15,556.08,459.72,-511.22,-422.63,-302.97,-250.47,0.0,0.0,-353.91,-292.58,-140.8,-116.4,1078.36,891.49,-201.63,-166.69,-204.6,-169.14,-28.82,-23.83,-702.22,-580.53,81.4,67.29
122,638,3500.0,855.26,2.0,1.653418,-1265.04,-2530.09,-2720.7,-2091.65,-2249.23,-36.144,-4620.27,-3819.62,614.3,0,0,182.19,150.61,516.19,426.74,-81.37,-67.27,188.11,155.51,88.05,72.79,-577.8,-477.67,-333.95,-276.08,0.0,0.0,-727.97,-601.82,249.82,206.53,-1108.45,-916.37,-370.08,-305.94,211.87,175.15,-674.96,-558.0,-627.03,-518.37,535.29,442.53
123,638,3000.0,855.26,2.333333,1.653418,-2000.98,-4668.95,-4890.82,-3308.45,-3465.67,-66.699,-7568.89,-5363.37,633.8,0,0,-230.46,-163.31,602.34,426.82,-107.1,-75.89,128.79,91.26,-26.25,-18.6,-1203.38,-852.72,-91.57,-64.89,0.0,0.0,-1810.44,-1282.89,-432.1,-306.19,76.79,54.42,-1301.34,-922.14,511.88,362.72,-416.7,-295.28,69.36,49.15,-438.75,-310.9
124,638,3500.0,855.26,2.0,1.653418,90.89,181.78,-9.64,150.28,-7.97,2.597,-2588.53,-2139.96,405.2,0,0,221.87,183.42,35.49,29.34,383.69,317.2,419.5,346.8,-719.15,-594.53,-713.98,-590.26,71.32,58.96,0.0,0.0,-220.35,-182.16,452.32,373.94,626.58,518.0,-738.43,-610.47,-268.99,-222.38,-2.5,-2.06,630.24,521.03,4.18,3.46
125,638,3500.0,855.26,2.0,1.653418,-269.77,-539.55,-730.76,-446.05,-604.12,-7.708,-2268.55,-1875.43,458.8,0,0,-271.79,-224.69,-69.4,-57.37,251.06,207.56,-1141.99,-944.09,250.53,207.11,484.66,400.67,554.37,458.3,0.0,0.0,-155.93,-128.91,-11.26,-9.31,-591.19,-488.74,-298.11,-246.45,482.77,399.11,382.89,316.54,-32.74,-27.07,-373.43,-308.72
126,638,3000.0,855.26,2.333333,1.653418,-1004.69,-2344.28,-2566.84,-1661.17,-1818.88,-33.49,-4713.79,-3340.23,626.3,0,0,184.55,130.78,857.76,607.81,205.15,145.37,516.98,366.34,-439.48,-311.42,-579.39,-410.56,-371.49,-263.24,0.0,0.0,56.81,40.26,36.5,25.87,-353.19,-250.27,-229.28,-162.47,-1083.16,-767.53,-317.52,-225.0,-1047.87,-742.53,219.34,155.42
127,638,4000.0,855.26,1.75,1.653418,-2486.31,-4351.05,-4517.19,-4110.91,-4267.89,-62.158,-5931.64,-5604.28,816.7,0,0,-137.92,-130.31,-72.62,-68.61,133.47,126.1,-526.42,-497.37,113.9,107.61,-1048.25,-990.4,-474.96,-448.75,0.0,0.0,-513.62,-485.28,-255.3,-241.21,-401.02,-378.89,-427.7,-404.1,-256.65,-242.49,-515.86,-487.39,-70.79,-66.88,102.71,97.04
128,638,3000.0,855.26,2.333333,1.653418,-973.32,-2271.09,-2493.67,-1609.31,-1767.04,-32.444,-3781.74,-2679.77,633.5,0,0,-35.38,-25.07,219.13,155.28,164.94,116.88,-740.05,-524.4,273.76,193.99,-273.45,-193.77,-285.57,-202.36,0.0,0.0,-593.56,-420.6,-1627.98,-1153.6,-355.01,-251.56,687.76,487.35,-81.93,-58.06,-138.45,-98.1,-247.9,-175.67,762.6,540.39
129,638,3000.0,855.26,2.333333,1.653418,4.0,9.33,-213.94,6.61,-151.6,0.133,-5052.97,-3580.57,590.0,0,0,-614.74,-435.61,453.04,321.03,47.78,33.86,-179.03,-126.86,102.08,72.34,-1034.64,-733.15,-324.16,-229.7,0.0,0.0,533.6,378.11,-294.45,-208.65,1354.33,959.69,174.13,123.39,-497.9,-352.81,-27.22,-19.29,121.28,85.94,195.24,138.35
130,638,3000.0,855.26,2.333333,1.653418,-1290.15,-3010.34,-3232.7,-2133.15,-2290.72,-43.005,-6336.97,-4490.42,884.0,0,0,-342.45,-242.66,33.95,24.06,-31.86,-22.57,-556.06,-394.03,701.62,497.17,-943.21,-668.37,73.65,52.19,0.0,0.0,-603.03,-427.31,151.99,107.7,-320.53,-227.13,-561.06,-397.57,360.63,255.54,-257.97,-182.8,-140.56,-99.6,-575.44,-407.76
131,638,3500.0,855.26,2.0,1.653418,-188.78,-377.57,-568.83,-312.14,-470.25,-5.394,-3352.45,-2771.5,832.0,0,0,-440.49,-364.16,227.92,188.42,122.47,101.25,-533.4,-440.97,-108.74,-89.9,-507.79,-419.79,-105.75,-87.42,0.0,0.0,142.89,118.13,115.78,95.71,281.59,232.8,-643.59,-532.06,-219.46,-181.43,904.25,747.55,12.74,10.53,374.01,309.2
132,638,3500.0,855.26,2.0,1.653418,-481.86,-963.72,-1154.8,-796.71,-954.68,-13.767,-2698.0,-2230.46,585.8,0,0,334.86,276.84,281.8,232.97,82.84,68.49,315.6,260.91,-399.84,-330.55,170.58,141.02,-325.55,-269.14,0.0,0.0,-618.38,-511.22,4.67,3.86,-44.85,-37.08,-60.91,-50.35,-426.43,-352.54,63.91,52.84,-431.68,-356.88,89.64,74.11
133,638,3000.0,855.26,2.333333,1.653418,632.88,1476.71,1253.0,1046.41,887.89,21.096,-4235.06,-3001.0,617.7,0,0,-89.97,-63.75,155.03,109.85,-75.86,-53.75,770.07,545.68,-91.49,-64.83,243.07,172.24,-562.48,-398.58,0.0,0.0,-931.66,-660.18,575.07,407.5,346.87,245.8,175.4,124.29,29.38,20.82,-573.32,-406.26,796.28,564.25,710.32,503.34
134,638,3000.0,855.26,2.333333,1.653418,-1446.42,-3374.98,-3597.24,-2391.54,-2549.03,-48.214,-5582.04,-3955.47,882.2,0,0,-935.99,-663.25,372.88,264.23,308.48,218.59,-547.02,-387.62,586.25,415.42,-437.28,-309.86,-592.66,-419.96,0.0,0.0,-606.84,-430.01,-505.27,-358.04,669.75,474.59,-68.45,-48.51,-613.88,-435.0,-349.72,-247.82,-493.37,-349.61,-161.86,-114.69
135,638,3500.0,855.26,2.0,1.653418,41.64,83.28,-108.12,68.85,-89.38,1.19,-3695.52,-3055.12,630.0,0,0,-172.93,-142.97,60.23,49.79,-237.78,-196.58,314.56,260.05,16.02,13.25,274.64,227.04,-15.06,-12.45,0.0,0.0,-1040.83,-860.47,-170.12,-140.64,1091.45,902.31,-1098.14,-907.84,1236.44,1022.18,-5.36,-4.43,-36.46,-30.14,-133.37,-110.26
136,638,3500.0,855.26,2.0,1.653418,-1378.2,-2756.41,-2946.95,-2278.75,-2436.27,-39.377,-4748.24,-3925.41,635.0,0,0,-237.7,-196.51,994.67,822.31,-206.8,-170.96,109.49,90.52,-115.3,-95.32,168.85,139.59,-631.19,-521.81,0.0,0.0,-186.79,-154.42,526.11,434.94,-663.18,-548.26,-936.19,-773.95,-1054.02,-871.37,568.5,469.99,-679.15,-561.46,-413.7,-342.01
137,638,3500.0,855.26,2.0,1.653418,-56.3,-112.61,-303.95,-93.1,-251.28,-1.609,-2095.87,-1732.67,338.0,0,0,-421.3,-348.3,381.2,315.14,-70.29,-58.11,-474.59,-392.34,20.21,16.71,1032.94,853.94,-291.74,-241.19,0.0,0.0,-57.92,-47.89,-251.15,-207.62,-94.5,-78.13,222.47,183.92,27.17,22.46,-166.63,-137.76,-604.11,-499.42,635.62,525.48
138,638,3500.0,855.26,2.0,1.653418,503.11,1006.21,814.54,831.84,673.39,14.374,-2400.01,-1984.11,632.0,0,0,39.6,32.74,348.0,287.69,-0.58,-0.48,124.92,103.27,256.78,212.28,-192.66,-159.27,-192.66,-159.27,0.0,0.0,-665.47,-550.15,-220.32,-182.14,517.2,427.58,348.51,288.11,492.35,407.03,652.98,539.83,-414.97,-343.06,-87.47,-72.32
139,638,3500.0,855.26,2.0,1.653418,6.72,13.45,-177.93,11.12,-147.1,0.192,-2138.99,-1768.33,307.8,0,0,-590.78,-488.4,-94.64,-78.24,284.52,235.22,42.76,35.35,-358.13,-296.07,-340.19,-281.24,247.25,204.41,0.0,0.0,141.5,116.98,988.06,816.84,302.12,249.77,207.94,171.91,-253.26,-209.37,34.93,28.88,-229.53,-189.75,-369.12,-305.15
140,638,3500.0,855.26,2.0,1.653418,-1940.6,-3881.2,-4071.4,-3208.62,-3365.87,-55.446,-6065.31,-5014.25,644.8,0,0,-490.8,-405.75,-184.83,-152.8,121.63,100.55,-757.47,-626.21,232.41,192.14,-686.39,-567.45,-1151.69,-952.12,0.0,0.0,-356.4,-294.64,-26.51,-21.92,211.17,174.58,-605.66,-500.7,85.06,70.32,-115.21,-95.24,-429.86,-355.37,273.36,225.99
141,638,3500.0,855.26,2.0,1.653418,629.53,1259.06,1067.31,1040.87,882.35,17.987,-2740.85,-2265.88,631.2,0,0,108.26,89.5,-15.73,-13.0,88.26,72.96,130.33,107.74,331.79,274.29,605.05,500.2,67.83,56.08,0.0,0.0,301.53,249.28,641.22,530.1,292.75,242.02,-417.03,-344.76,-505.99,-418.31,-303.36,-250.79,69.38,57.36,-135.24,-111.81
142,638,4000.0,855.26,1.75,1.653418,-248.27,-434.47,-601.79,-410.5,-568.58,-6.207,-3552.48,-3356.42,588.7,0,0,-685.49,-647.66,126.29,119.32,-390.24,-368.7,188.54,178.13,84.7,80.03,276.64,261.37,-430.19,-406.44,0.0,0.0,345.73,326.65,252.13,238.22,11.79,11.14,-126.67,-119.68,268.43,253.62,-195.58,-184.79,-339.66,-320.91,179.09,169.21
143,638,3000.0,855.26,2.333333,1.653418,-850.46,-1984.4,-2207.07,-1406.16,-1563.95,-28.349,-3767.04,-2669.35,633.5,0,0,-1006.86,-713.47,-48.49,-34.36,-49.24,-34.89,-33.39,-23.66,528.83,374.73,-61.83,-43.81,119.07,84.38,0.0,0.0,-1446.05,-1024.68,-72.45,-51.34,370.05,262.22,13.22,9.37,-402.55,-285.25,348.29,246.8,-785.08,-556.31,542.08,384.12
144,638,3000.0,855.26,2.333333,1.653418,-1085.59,-2533.05,-2755.56,-1794.94,-1952.61,-36.186,-4911.66,-3480.44,634.5,0,0,-333.47,-236.3,-61.75,-43.76,12.37,8.77,282.14,199.92,194.67,137.95,-1216.63,-862.11,12.09,8.57,0.0,0.0,1.17,0.83,23.9,16.94,1068.69,757.29,-777.76,-551.13,352.05,249.46,-1135.6,-804.7,-520.43,-368.78,-434.49,-307.89
145,638,3000.0,856.37,2.333333,1.651268,-97.49,-227.47,-450.67,-160.98,-318.93,-3.25,-3891.27,-2753.8,908.8,0,0,246.74,174.61,-260.11,-184.07,187.71,132.84,-371.95,-263.22,166.02,117.49,-334.9,-237.0,-525.94,-372.2,0.0,0.0,-20.16,-14.26,-724.17,-512.48,1343.98,951.12,-335.57,-237.48,202.63,143.4,579.55,410.14,-99.35,-70.31,-281.96,-199.54
146,638,3500.0,855.26,2.0,1.653418,179.66,359.31,167.83,297.05,138.75,5.133,-2576.89,-2130.34,634.5,0,0,-634.12,-524.23,716.2,592.09,241.55,199.69,58.6,48.44,489.74,404.87,-410.53,-339.39,182.37,150.77,0.0,0.0,89.66,74.12,-132.5,-109.54,191.6,158.4,-126.58,-104.65,-342.3,-282.98,-503.65,-416.37,522.41,431.88,16.84,13.93
147,638,3500.0,855.26,2.0,1.653418,683.22,1366.43,1174.65,1129.64,971.1,19.52,-3852.77,-3185.12,590.5,0,0,18.85,15.58,384.67,318.01,74.25,61.38,-1219.03,-1007.78,-156.18,-129.12,286.55,236.89,-158.67,-131.17,0.0,0.0,524.84,433.89,-938.06,-775.5,585.4,483.95,896.51,741.15,902.1,745.77,-412.37,-340.91,35.44,29.3,542.14,448.19
148,638,3500.0,855.26,2.0,1.653418,-825.94,-1651.87,-1842.75,-1365.62,-1523.41,-23.598,-3458.27,-2858.98,884.5,0,0,-614.12,-507.7,179.69,148.55,465.06,384.47,-386.66,-319.65,-55.42,-45.82,233.53,193.06,-220.62,-182.39,0.0,0.0,394.53,326.16,-337.95,-279.38,-88.31,-73.0,-798.97,-660.52,-348.73,-288.29,-665.78,-550.41,270.2,223.38,321.68,265.93
149,638,3500.0,855.26,2.0,1.653418,-46.27,-92.53,-283.88,-76.5,-234.68,-1.322,-4434.83,-3666.31,590.0,0,0,122.49,101.26,116.49,96.31,18.74,15.49,1185.01,979.66,-197.97,-163.67,-356.75,-294.93,-658.9,-544.72,0.0,0.0,-505.31,-417.74,542.22,448.26,1099.03,908.58,-565.58,-467.57,770.82,637.24,-322.27,-266.43,-410.57,-339.42,-929.97,-768.81
150,638,3500.0,855.26,2.0,1.653418,-96.83,-193.66,-384.97,-160.1,-318.26,-2.767,-2838.93,-2346.97,652.0,0,0,-278.49,-230.23,247.14,204.31,159.67,132.0,435.89,360.35,-354.32,-292.92,603.18,498.65,-148.23,-122.55,0.0,0.0,-799.84,-661.24,-54.16,-44.78,723.29,597.95,231.17,191.11,710.75,587.58,-1238.09,-1023.54,-413.09,-341.51,-18.52,-15.31
151,638,3500.0,855.26,2.0,1.653418,-268.08,-536.16,-727.37,-443.25,-601.32,-7.659,-4852.21,-4011.37,634.7,0,0,-284.27,-235.01,58.93,48.71,56.62,46.81,-765.4,-632.77,314.4,259.92,-345.13,-285.32,-897.64,-742.08,0.0,0.0,-132.91,-109.87,914.59,756.1,468.68,387.46,-124.15,-102.63,-636.02,-525.8,946.68,782.63,-345.24,-285.41,234.7,194.03
152,638,3000.0,855.26,2.333333,1.653418,-434.77,-1014.46,-1237.43,-718.86,-876.85,-14.492,-3127.72,-2216.32,425.2,0,0,-764.0,-541.38,161.73,114.61,7.14,5.06,-975.66,-691.36,380.94,269.93,-249.79,-177.0,143.5,101.68,0.0,0.0,-604.13,-428.09,-364.97,-258.62,504.12,357.23,883.39,625.98,260.99,184.94,1047.46,742.24,-441.36,-312.75,-1003.82,-711.31
153,638,4000.0,855.26,1.75,1.653418,-1371.74,-2400.54,-2567.27,-2268.06,-2425.59,-34.293,-4257.53,-4022.56,858.5,0,0,-351.41,-332.02,622.7,588.33,-48.12,-45.47,-306.28,-289.38,-379.35,-358.42,-443.62,-419.13,-501.41,-473.74,0.0,0.0,-294.64,-278.38,136.64,129.1,126.56,119.57,-225.32,-212.88,-111.37,-105.23,394.92,373.13,-874.94,-826.66,-144.89,-136.9
154,638,3500.0,855.26,2.0,1.653418,-977.8,-1955.6,-2146.39,-1616.72,-1774.44,-27.937,-4285.17,-3542.59,631.2,0,0,-244.64,-202.24,213.3,176.34,109.29,90.35,-336.77,-278.41,523.82,433.05,-476.07,-393.57,-709.03,-586.16,0.0,0.0,-1196.57,-989.21,469.01,387.73,-83.8,-69.27,152.11,125.75,-636.05,-525.83,897.64,742.09,-338.48,-279.82,-299.38,-247.5
155,638,3000.0,856.37,2.333333,1.651268,-485.67,-1133.24,-1356.16,-801.98,-959.74,-16.189,-3955.28,-2799.1,585.8,0,0,1444.91,1022.54,-75.88,-53.7,330.33,233.77,666.3,471.53,-427.92,-302.83,-342.93,-242.69,-463.62,-328.1,0.0,0.0,-473.19,-334.87,-169.95,-120.27,-659.54,-466.75,-148.96,-105.41,-787.21,-557.1,-244.63,-173.12,-426.85,-302.08,645.9,457.1
156,638,4000.0,855.26,1.75,1.653418,-650.89,-1139.05,-1306.16,-1076.19,-1234.07,-16.272,-2744.7,-2593.22,477.0,0,0,-465.21,-439.54,492.85,465.65,-148.3,-140.12,-231.2,-218.44,312.47,295.22,-22.1,-20.88,-173.41,-163.84,0.0,0.0,-141.26,-133.46,83.89,79.26,1.88,1.77,275.01,259.83,-250.25,-236.44,-364.57,-344.45,-185.91,-175.65,-322.95,-305.13
157,638,3500.0,855.26,2.0,1.653418,131.87,263.73,72.28,218.03,59.75,3.768,-2911.34,-2406.83,614.3,0,0,-453.39,-374.82,-141.64,-117.09,-371.03,-306.74,1322.61,1093.42,-463.23,-382.96,-488.6,-403.93,-357.62,-295.65,0.0,0.0,-1201.37,-993.18,205.88,170.2,819.18,677.23,77.63,64.18,76.3,63.08,567.99,469.56,-391.56,-323.7,1062.57,878.44
158,638,4000.0,855.26,1.75,1.653418,-900.23,-1575.4,-1742.37,-1488.45,-1646.21,-22.506,-2465.94,-2329.85,635.0,0,0,-129.3,-122.16,265.83,251.16,-206.8,-195.38,-315.67,-298.25,20.31,19.19,416.09,393.13,-101.97,-96.35,0.0,0.0,-885.88,-836.99,-484.24,-457.51,711.4,672.14,-133.57,-126.2,-369.17,-348.8,-371.8,-351.28,-55.09,-52.05,64.45,60.9
159,638,4000.0,855.26,1.75,1.653418,-782.34,-1369.09,-1536.13,-1293.53,-1451.35,-19.558,-3449.65,-3259.27,900.0,0,0,-204.11,-192.85,153.95,145.45,1.29,1.21,-412.08,-389.34,127.13,120.11,-172.91,-163.37,65.74,62.11,0.0,0.0,-285.12,-269.38,239.92,226.68,-560.43,-529.5,-130.29,-123.1,206.74,195.33,223.41,211.08,-32.55,-30.76,-589.77,-557.22
160,638,3000.0,855.26,2.333333,1.653418,-402.37,-938.86,-1161.84,-665.28,-823.29,-13.412,-3971.39,-2814.16,631.2,0,0,-873.87,-619.23,113.83,80.66,341.56,242.03,26.01,18.43,-91.36,-64.74,-98.25,-69.62,264.9,187.71,0.0,0.0,-992.8,-703.5,291.19,206.34,-337.74,-239.32,268.59,190.32,847.23,600.35,624.66,442.64,-1215.21,-861.11,-107.6,-76.24
161,638,4000.0,855.26,1.75,1.653418,-889.58,-1556.77,-1723.76,-1470.85,-1628.62,-22.24,-3516.91,-3322.82,630.5,0,0,167.97,158.7,-128.81,-121.7,-43.22,-40.84,-522.83,-493.98,127.11,120.09,1427.34,1348.57,50.77,47.97,0.0,0.0,-456.2,-431.02,-39.81,-37.61,-574.51,-542.8,-702.67,-663.89,-272.96,-257.9,29.96,28.31,-586.02,-553.68,-32.89,-31.08
162,638,3500.0,856.37,2.0,1.651268,-1314.67,-2629.34,-2819.92,-2170.87,-2328.22,-37.562,-3416.96,-2821.15,634.3,0,0,-175.72,-145.08,-7.52,-6.21,317.85,262.43,-272.82,-225.25,-78.57,-64.87,-145.35,-120.0,-300.15,-247.81,0.0,0.0,-61.74,-50.98,12.82,10.58,-969.34,-800.32,-81.69,-67.45,-379.53,-313.35,-155.52,-128.4,-583.76,-481.97,251.71,207.82
163,638,3500.0,855.26,2.0,1.653418,-1162.78,-2325.56,-2516.24,-1922.56,-2080.2,-33.222,-4891.85,-4044.13,601.3,0,0,-400.65,-331.22,285.78,236.26,-72.94,-60.3,325.63,269.2,30.17,24.94,-881.98,-729.14,-431.46,-356.69,0.0,0.0,-1017.65,-841.3,102.36,84.62,543.99,449.72,-568.13,-469.68,-429.76,-355.29,-363.57,-300.57,294.66,243.59,258.0,213.29
164,638,3500.0,855.26,2.0,1.653418,-442.54,-885.08,-1076.19,-731.71,-889.7,-12.644,-4697.37,-3883.36,586.2,0,0,-549.54,-454.31,2.3,1.9,84.67,69.99,661.24,546.66,514.29,425.17,-820.59,-678.39,-586.66,-485.0,0.0,0.0,-630.44,-521.19,659.92,545.56,155.47,128.53,-470.47,-388.94,1141.86,943.99,-882.98,-729.97,-722.1,-596.97,557.95,461.26
165,638,3500.0,855.26,2.0,1.653418,459.65,919.29,727.65,759.99,601.55,13.133,-4102.53,-3391.6,634.5,0,0,-83.65,-69.15,471.04,389.41,5.16,4.26,637.51,527.03,347.4,287.2,-382.09,-315.88,-533.97,-441.44,0.0,0.0,-1432.57,-1184.32,614.67,508.16,661.11,546.55,925.07,764.76,-123.5,-102.1,-129.64,-107.18,-23.87,-19.73,-33.38,-27.6
166,638,4500.0,855.26,1.555556,1.653418,-1603.33,-2494.06,-2642.16,-2650.97,-2808.38,-35.629,-4322.95,-4594.91,630.5,0,0,-448.63,-476.86,133.91,142.34,-26.38,-28.04,71.18,75.66,-44.19,-46.97,-64.8,-68.88,-207.33,-220.37,0.0,0.0,-290.16,-308.42,-383.95,-408.1,258.59,274.85,-666.64,-708.58,-93.15,-99.02,88.8,94.39,-169.37,-180.02,-651.94,-692.96
167,638,3000.0,855.26,2.333333,1.653418,-197.77,-461.46,-684.58,-326.99,-485.1,-6.592,-5039.56,-3571.07,633.8,0,0,-352.88,-250.05,762.4,540.24,-338.39,-239.79,-475.27,-336.78,-59.89,-42.44,-24.47,-17.34,241.18,170.9,0.0,0.0,-261.09,-185.01,-37.7,-26.71,-410.13,-290.62,310.64,220.12,-964.61,-683.53,486.16,344.5,-411.06,-291.28,1073.64,760.79
168,638,3000.0,855.26,2.333333,1.653418,-1918.11,-4475.59,-4697.51,-3171.44,-3328.69,-63.937,-7422.82,-5259.87,621.5,0,0,-432.54,-306.5,-120.58,-85.44,30.13,21.35,-335.15,-237.49,-104.99,-74.4,-566.92,-401.73,-632.74,-448.36,0.0,0.0,-248.24,-175.9,-357.93,-253.63,609.68,432.02,-401.52,-284.52,-366.39,-259.63,-349.74,-247.83,-690.83,-489.53,-507.83,-359.85
169,638,3500.0,855.26,2.0,1.653418,-1340.2,-2680.41,-2870.97,-2215.91,-2373.46,-38.292,-4508.97,-3727.61,899.7,0,0,-575.6,-475.85,329.96,272.78,292.24,241.59,-148.46,-122.73,371.66,307.25,-874.51,-722.97,-382.1,-315.89,0.0,0.0,-1202.29,-993.94,-582.58,-481.62,-26.9,-22.24,-546.65,-451.92,14.9,12.32,266.34,220.18,389.23,321.78,-5.64,-4.66
170,638,3000.0,855.26,2.333333,1.653418,-151.47,-353.43,-576.59,-250.44,-408.58,-5.049,-3474.46,-2462.03,899.7,0,0,729.78,517.13,651.33,461.54,141.27,100.1,562.26,398.42,-31.89,-22.6,-1512.71,-1071.92,-162.3,-115.01,0.0,0.0,-216.81,-153.63,825.09,584.67,288.59,204.49,-25.95,-18.38,233.97,165.79,-972.43,-689.07,-375.58,-266.14,-488.05,-345.84
171,638,3000.0,855.26,2.333333,1.653418,-393.39,-917.92,-1140.91,-650.44,-808.46,-13.113,-4187.05,-2966.97,614.3,0,0,-768.85,-544.81,246.92,174.97,-6.28,-4.45,-513.0,-363.51,449.74,318.69,729.81,517.15,106.33,75.35,0.0,0.0,-87.1,-61.72,-506.39,-358.83,-492.07,-348.69,-195.79,-138.74,-10.29,-7.29,422.14,299.13,-796.22,-564.21,503.12,356.51
172,638,4000.0,855.26,1.75,1.653418,773.1,1352.92,1185.06,1278.25,1119.66,19.327,-2329.12,-2200.58,398.8,0,0,-247.9,-234.21,92.24,87.15,-64.99,-61.4,2.18,2.06,-143.95,-136.0,-447.83,-423.11,-80.56,-76.11,0.0,0.0,69.07,65.25,397.87,375.91,1283.38,1212.55,-225.14,-212.71,-654.27,-618.16,-182.26,-172.21,716.02,676.5,839.05,792.74
173,638,3500.0,855.26,2.0,1.653418,-1464.75,-2929.51,-3120.0,-2421.85,-2579.33,-41.85,-4275.83,-3534.87,477.0,0,0,-533.75,-441.26,144.45,119.42,359.76,297.42,-468.15,-387.02,-327.65,-270.87,27.93,23.09,-1085.43,-897.33,0.0,0.0,-365.28,-301.98,-294.74,-243.67,-580.43,-479.84,450.35,372.3,-80.18,-66.29,35.53,29.37,-9.09,-7.51,-202.82,-167.68
174,638,3000.0,855.26,2.333333,1.653418,121.43,283.33,59.98,200.77,42.5,4.048,-3791.68,-2686.81,373.0,0,0,-330.91,-234.48,187.2,132.65,234.28,166.01,428.79,303.84,724.54,513.42,-165.61,-117.35,347.45,246.21,0.0,0.0,-297.28,-210.65,-187.65,-132.97,31.1,22.04,-877.56,-621.84,353.7,250.63,80.43,57.0,-414.34,-293.61,169.18,119.88
175,638,3500.0,855.26,2.0,1.653418,-1043.32,-2086.64,-2277.39,-1725.05,-1882.74,-29.809,-3992.47,-3300.61,587.7,0,0,-394.36,-326.02,107.79,89.11,215.29,177.98,-235.02,-194.29,13.67,11.3,-292.05,-241.44,-157.93,-130.56,0.0,0.0,-363.76,-300.72,534.54,441.91,-936.3,-774.05,683.95,565.42,-456.62,-377.49,-136.39,-112.75,-402.74,-332.95,-266.71,-220.49
176,638,3500.0,855.26,2.0,1.653418,-1638.14,-3276.28,-3466.67,-2708.53,-2865.93,-46.804,-3886.77,-3213.23,970.8,0,0,-30.06,-24.85,264.45,218.62,9.43,7.8,-318.54,-263.34,-123.24,-101.88,-1204.91,-996.11,-296.26,-244.92,0.0,0.0,-606.43,-501.34,-449.57,-371.66,14.45,11.95,426.78,352.83,-939.84,-776.98,-377.81,-312.34,-640.36,-529.39,995.63,823.1
177,638,3500.0,855.26,2.0,1.653418,307.65,615.3,423.75,508.68,350.31,8.79,-2426.64,-2006.12,293.5,0,0,777.42,642.7,304.21,251.49,68.45,56.59,-19.62,-16.22,-139.96,-115.71,1992.36,1647.1,205.49,169.88,0.0,0.0,-815.55,-674.22,-342.39,-283.06,-199.77,-165.15,-413.68,-341.99,206.74,170.91,-180.85,-149.51,-369.14,-305.17,-458.41,-378.97
178,638,4000.0,856.37,1.75,1.651268,-1849.52,-3236.66,-3403.14,-3054.06,-3211.14,-46.238,-4844.22,-4570.91,590.3,0,0,-178.27,-168.21,135.29,127.66,-157.62,-148.72,-997.51,-941.24,3.07,2.89,-772.46,-728.88,20.01,18.88,0.0,0.0,-87.69,-82.74,-146.81,-138.53,-251.65,-237.45,47.27,44.6,257.43,242.91,141.87,133.87,-816.17,-770.12,-433.41,-408.96
179,638,3000.0,855.26,2.333333,1.653418,67.67,157.9,-65.41,111.89,-46.35,2.256,-3999.93,-2834.38,346.2,0,0,-632.65,-448.3,270.48,191.66,40.52,28.72,183.99,130.38,-47.75,-33.84,151.36,107.26,-1084.38,-768.4,0.0,0.0,296.26,209.93,-147.08,-104.22,738.43,523.26,-674.18,-477.73,236.15,167.34,1399.77,991.89,-373.24,-264.48,-199.78,-141.57
180,638,3500.0,855.26,2.0,1.653418,69.91,139.82,-51.6,115.59,-42.66,1.997,-2897.93,-2395.75,637.3,0,0,-485.61,-401.46,446.48,369.11,38.17,31.55,-240.79,-199.06,30.27,25.02,-321.57,-265.85,-425.3,-351.6,0.0,0.0,-271.54,-224.48,450.5,372.43,267.8,221.39,482.17,398.61,73.0,60.35,585.97,484.42,-301.28,-249.07,-188.44,-155.79
181,638,4000.0,855.26,1.75,1.653418,735.49,1287.11,1119.28,1216.08,1057.5,18.387,-1893.86,-1789.34,601.3,0,0,-543.24,-513.25,-275.17,-259.98,86.12,81.37,1114.53,1053.02,8.79,8.31,-534.3,-504.81,-480.78,-454.24,0.0,0.0,-451.0,-426.1,-472.62,-446.53,1128.6,1066.31,575.91,544.13,455.1,429.98,215.45,203.56,266.01,251.33,193.69,183.0
182,638,3000.0,855.26,2.333333,1.653418,-243.15,-567.35,-790.44,-402.03,-560.11,-8.105,-3280.83,-2324.82,633.5,0,0,-314.48,-222.84,419.17,297.03,-247.78,-175.58,-265.53,-188.15,350.56,248.41,1253.75,888.42,-1056.96,-748.97,0.0,0.0,-512.14,-362.91,502.23,355.89,-116.48,-82.54,173.88,123.22,1347.95,955.16,-421.01,-298.33,-919.67,-651.69,-760.84,-539.14
183,638,3500.0,856.37,2.0,1.651268,644.34,1288.67,1096.91,1063.97,905.65,18.41,-3022.22,-2495.25,327.5,0,0,-717.54,-592.43,339.97,280.69,-301.32,-248.78,230.13,190.0,467.17,385.71,475.38,392.49,-432.61,-357.18,0.0,0.0,-145.69,-120.28,276.05,227.91,665.1,549.13,291.8,240.92,-372.26,-307.35,482.01,397.97,-116.3,-96.02,146.76,121.17
184,638,3000.0,855.26,2.333333,1.653418,-755.27,-1762.29,-1985.03,-1248.78,-1406.61,-25.176,-4622.69,-3275.67,902.0,0,0,-1062.47,-752.88,22.39,15.87,235.96,167.21,722.64,512.07,43.43,30.77,37.81,26.79,54.31,38.48,0.0,0.0,-981.46,-695.47,-488.99,-346.51,-6.3,-4.46,-63.44,-44.95,-318.64,-225.79,-480.56,-340.53,358.34,253.92,164.68,116.69
185,638,3500.0,856.37,2.0,1.651268,-909.17,-1818.33,-2009.16,-1501.28,-1658.83,-25.976,-3552.21,-2932.83,588.2,0,0,484.72,400.2,365.42,301.7,38.98,32.19,-842.81,-695.85,41.0,33.85,111.99,92.47,-217.8,-179.82,0.0,0.0,120.58,99.55,-640.94,-529.18,536.63,443.06,-591.33,-488.23,-1012.11,-835.63,315.44,260.44,-416.18,-343.61,-111.94,-92.42
186,638,4000.0,856.37,1.75,1.651268,-857.25,-1500.2,-1667.2,-1415.56,-1573.14,-21.431,-3442.03,-3247.83,633.8,0,0,499.03,470.87,-84.82,-80.03,242.78,229.08,-175.43,-165.53,-168.86,-159.33,-209.78,-197.94,-204.85,-193.29,0.0,0.0,-48.47,-45.74,473.51,446.8,-804.7,-759.3,-705.04,-665.26,-299.97,-283.05,305.46,288.23,-55.99,-52.83,-263.07,-248.23
187,638,3000.0,855.26,2.333333,1.653418,-1199.47,-2798.77,-3021.19,-1983.23,-2140.84,-39.982,-5857.7,-4150.81,645.3,0,0,-994.73,-704.88,499.65,354.06,-161.59,-114.51,130.43,92.42,244.41,173.19,-303.77,-215.25,-743.28,-526.69,0.0,0.0,-484.87,-343.58,807.7,572.34,751.67,532.64,-561.11,-397.6,172.09,121.94,-980.43,-694.74,-1697.2,-1202.65,522.26,370.08
188,638,3500.0,855.26,2.0,1.653418,-156.69,-313.39,-504.67,-259.08,-417.21,-4.477,-5401.28,-4465.29,634.5,0,0,446.15,368.84,121.09,100.1,8.63,7.14,-39.86,-32.95,-256.25,-211.84,-952.29,-787.27,-429.57,-355.13,0.0,0.0,-709.07,-586.19,-794.06,-656.45,951.84,786.89,-565.23,-467.28,-556.25,-459.86,195.7,161.79,814.02,672.96,1451.75,1200.17
189,638,3000.0,855.26,2.333333,1.653418,-1272.05,-2968.12,-3190.49,-2103.23,-2260.81,-42.402,-5024.18,-3560.17,874.5,0,0,770.22,545.79,250.85,177.75,6.21,4.4,27.57,19.54,41.34,29.3,-25.46,-18.04,-752.65,-533.34,0.0,0.0,185.05,131.13,-855.73,-606.38,-895.33,-634.44,176.53,125.09,-241.83,-171.36,-562.25,-398.42,-571.84,-405.21,-520.8,-369.04
190,638,3000.0,855.26,2.333333,1.653418,-552.87,-1290.04,-1512.92,-914.13,-1072.07,-18.429,-3285.4,-2328.06,635.8,0,0,-159.54,-113.05,375.23,265.89,-47.08,-33.36,-907.11,-642.78,-70.23,-49.76,-221.13,-156.69,-202.99,-143.84,0.0,0.0,5.17,3.66,-508.19,-360.11,112.61,79.8,447.51,317.11,-397.55,-281.71,250.24,177.33,837.12,593.19,-804.11,-569.8
191,638,3500.0,855.26,2.0,1.653418,-1182.05,-2364.11,-2554.77,-1954.43,-2112.05,-33.773,-5463.64,-4516.84,903.0,0,0,-534.45,-441.83,140.92,116.5,357.07,295.19,1063.08,878.86,190.23,157.27,-836.67,-691.68,216.48,178.97,0.0,0.0,-268.53,-222.0,-1612.54,-1333.1,862.26,712.84,-335.97,-277.75,-542.01,-448.08,-421.7,-348.62,-639.45,-528.64,-2.85,-2.36
192,638,3500.0,855.26,2.0,1.653418,688.31,1376.62,1184.83,1138.06,979.51,19.666,-2654.1,-2194.17,334.3,0,0,535.87,443.01,-20.65,-17.07,352.65,291.54,690.24,570.63,-233.35,-192.91,818.76,676.87,-313.68,-259.33,0.0,0.0,5.86,4.85,251.68,208.06,244.89,202.45,517.75,428.03,-750.32,-620.3,174.07,143.91,-1050.34,-868.32,153.18,126.63
193,638,3500.0,855.26,2.0,1.653418,310.21,620.41,428.85,512.9,354.54,8.863,-2203.24,-1821.44,408.5,0,0,492.98,407.55,371.22,306.89,151.19,124.99,873.04,721.75,-309.82,-256.13,-811.44,-670.82,-299.78,-247.83,0.0,0.0,-460.67,-380.84,-445.2,-368.05,-11.9,-9.84,78.92,65.24,671.27,554.94,611.75,505.74,-506.63,-418.83,215.48,178.14
194,638,3500.0,855.26,2.0,1.653418,-502.07,-1004.13,-1195.2,-830.13,-988.09,-14.345,-4679.23,-3868.36,630.8,0,0,-854.42,-706.36,484.39,400.45,231.05,191.01,778.42,643.52,180.12,148.91,588.68,486.67,-587.63,-485.8,0.0,0.0,-888.86,-734.83,-380.27,-314.37,-321.5,-265.79,87.34,72.21,356.73,294.92,-483.51,-399.72,38.12,31.51,-232.81,-192.47
195,638,3500.0,855.26,2.0,1.653418,-1482.11,-2964.22,-3154.71,-2450.55,-2608.02,-42.346,-4767.25,-3941.13,903.7,0,0,-105.15,-86.93,-215.64,-178.27,-80.13,-66.25,-43.04,-35.58,-44.41,-36.72,-914.98,-756.42,-379.05,-313.36,0.0,0.0,-676.08,-558.92,-55.23,-45.66,-457.25,-378.01,-18.52,-15.31,606.54,501.43,124.44,102.87,-392.31,-324.33,-313.41,-259.1
196,638,3500.0,855.26,2.0,1.653418,-688.95,-1377.89,-1568.85,-1139.11,-1296.98,-19.684,-3712.12,-3068.84,370.8,0,0,-115.43,-95.43,189.01,156.26,-399.52,-330.29,-883.27,-730.21,722.99,597.7,-231.17,-191.11,68.29,56.45,0.0,0.0,195.67,161.76,-78.08,-64.55,29.68,24.53,-357.49,-295.54,-208.35,-172.25,204.22,168.83,-350.88,-290.08,-163.53,-135.19
197,638,3000.0,855.26,2.333333,1.653418,-737.76,-1721.44,-1944.19,-1219.82,-1377.67,-24.592,-5893.97,-4176.51,633.5,0,0,-489.92,-347.16,-126.42,-89.58,-428.87,-303.9,32.05,22.71,346.35,245.43,-158.04,-111.99,296.19,209.88,0.0,0.0,-359.1,-254.46,382.06,270.73,-483.64,-342.71,-410.77,-291.07,-730.09,-517.34,188.09,133.28,116.67,82.67,104.0,73.69
198,638,3500.0,855.26,2.0,1.653418,-912.4,-1824.79,-2015.62,-1508.57,-1666.33,-26.068,-4783.19,-3954.31,635.0,0,0,-203.13,-167.93,-36.51,-30.18,355.11,293.57,515.15,425.88,187.77,155.23,-689.68,-570.16,920.56,761.04,0.0,0.0,-1202.94,-994.48,-194.13,-160.49,-787.88,-651.35,374.08,309.25,-350.33,-289.62,458.77,379.27,-488.8,-404.09,-682.83,-564.5
199,638,3500.0,855.26,2.0,1.653418,-1375.75,-2751.51,-2942.05,-2274.7,-2432.22,-39.307,-4977.35,-4114.82,645.3,0,0,-56.13,-46.4,123.8,102.34,97.24,80.39,-162.74,-134.54,113.09,93.49,23.29,19.26,-978.14,-808.63,0.0,0.0,-567.52,-469.18,-293.51,-242.65,538.86,445.48,-281.16,-232.44,-880.92,-728.27,-47.35,-39.14,-299.81,-247.86,-80.49,-66.54
200,638,4000.0,855.26,1.75,1.653418,-761.82,-1333.19,-1500.24,-1259.61,-1417.44,-19.046,-3157.68,-2983.41,634.3,0,0,-207.03,-195.61,-300.22,-283.65,165.84,156.68,-199.34,-188.34,2.81,2.65,188.29,177.9,-366.74,-346.5,0.0,0.0,-1083.49,-1023.7,157.15,148.48,-517.6,-489.03,527.54,498.43,-114.71,-108.38,149.69,141.43,-684.97,-647.17,949.6,897.19
201,638,3500.0,855.26,2.0,1.653418,1362.4,2724.79,2532.61,2252.61,2093.73,38.926,-2417.73,-1998.76,645.3,0,0,207.98,171.94,-368.48,-304.63,-179.31,-148.24,-217.5,-179.81,482.06,398.53,1599.61,1322.41,560.91,463.71,0.0,0.0,709.54,586.58,113.64,93.95,595.65,492.43,-578.6,-478.34,-16.38,-13.55,-128.82,-106.5,-149.3,-123.43,93.82,77.56
202,638,3500.0,855.26,2.0,1.653418,-430.85,-861.7,-1052.81,-712.37,-870.37,-12.31,-3390.16,-2802.68,603.8,0,0,-87.29,-72.17,254.65,210.52,-137.78,-113.91,770.11,636.66,-466.45,-385.62,433.71,358.55,-475.19,-392.84,0.0,0.0,-922.02,-762.24,274.45,226.89,480.22,397.0,31.42,25.98,-741.64,-613.12,-365.94,-302.53,111.16,91.9,-21.1,-17.44
203,638,3500.0,855.26,2.0,1.653418,-1178.43,-2356.87,-2547.53,-1948.44,-2106.07,-33.67,-4859.42,-4017.33,630.5,0,0,-747.15,-617.67,371.96,307.5,-190.65,-157.62,1217.52,1006.53,230.42,190.49,-461.18,-381.26,-622.52,-514.64,0.0,0.0,-136.39,-112.75,241.45,199.61,384.33,317.73,71.21,58.87,-1090.4,-901.44,-18.08,-14.95,-759.27,-627.69,-848.12,-701.15
204,638,3500.0,855.26,2.0,1.653418,1562.81,3125.62,2933.31,2583.98,2425.0,44.652,-2207.36,-1824.84,328.2,0,0,-332.62,-274.98,-62.83,-51.94,263.5,217.84,593.7,490.82,243.22,201.08,-260.52,-215.37,1539.8,1272.96,0.0,0.0,68.52,56.64,261.48,216.17,1339.16,1107.1,40.02,33.09,-313.16,-258.9,184.83,152.8,-380.41,-314.49,-59.09,-48.85
205,638,3000.0,856.37,2.333333,1.651268,430.79,1005.17,781.6,711.34,553.13,14.36,-3668.89,-2596.42,630.0,0,0,218.88,154.9,-635.54,-449.76,-145.01,-102.62,317.57,224.74,435.45,308.16,-683.14,-483.45,504.71,357.17,0.0,0.0,103.59,73.31,-55.02,-38.94,390.19,276.13,243.85,172.57,-10.04,-7.11,443.58,313.92,-34.84,-24.66,-89.07,-63.04
206,638,3000.0,855.26,2.333333,1.653418,975.96,2277.24,2053.29,1613.67,1454.98,32.532,-2441.72,-1730.22,296.0,0,0,1185.86,840.31,190.33,134.87,-388.38,-275.21,-258.07,-182.87,980.33,694.67,1396.6,989.64,-456.59,-323.54,0.0,0.0,-475.95,-337.26,692.64,490.81,15.04,10.66,583.07,413.17,-231.13,-163.78,-144.82,-102.62,-263.06,-186.4,-548.65,-388.78
207,638,3500.0,855.26,2.0,1.653418,-2067.14,-4134.27,-4324.4,-3417.84,-3575.02,-59.061,-6303.31,-5211.01,633.5,0,0,-261.28,-216.01,-29.3,-24.22,-227.41,-188.0,-841.95,-696.04,-204.04,-168.68,-1207.24,-998.04,-323.44,-267.39,0.0,0.0,13.54,11.19,93.23,77.08,-250.57,-207.15,161.05,133.14,38.67,31.97,-821.28,-678.96,-918.37,-759.23,644.12,532.5
208,638,3500.0,855.26,2.0,1.653418,-807.72,-1615.45,-1806.33,-1335.5,-1493.31,-23.078,-3325.12,-2748.9,331.2,0,0,624.67,516.42,4.56,3.77,-110.73,-91.54,1343.56,1110.73,-633.19,-523.47,-1087.09,-898.7,-327.69,-270.9,0.0,0.0,348.05,287.74,-316.89,-261.97,-820.65,-678.44,-697.21,-576.39,-399.15,-329.98,-373.56,-308.82,812.18,671.44,17.69,14.62
209,638,3000.0,855.26,2.333333,1.653418,-772.59,-1802.72,-2025.45,-1277.42,-1435.25,-25.753,-3638.86,-2578.52,434.5,0,0,20.68,14.65,127.46,90.32,371.23,263.06,-174.18,-123.42,-351.79,-249.28,-404.49,-286.62,-787.97,-558.36,0.0,0.0,575.42,407.74,-297.78,-211.01,471.31,333.98,276.39,195.85,45.0,31.89,59.4,42.09,-1410.23,-999.3,-323.16,-229.0
210,638,3500.0,855.26,2.0,1.653418,-312.5,-625.0,-816.18,-516.69,-674.75,-8.929,-5007.92,-4140.09,632.2,0,0,-367.21,-303.58,-141.92,-117.33,172.36,142.49,590.44,488.12,422.46,349.25,-16.24,-13.42,-580.55,-479.95,0.0,0.0,-499.79,-413.18,358.03,295.99,127.3,105.24,106.91,88.38,-620.86,-513.27,272.21,225.04,-589.92,-487.69,141.79,117.22
211,638,3000.0,856.37,2.333333,1.651268,-1564.64,-3650.82,-3872.99,-2583.64,-2740.87,-52.155,-6478.91,-4585.04,882.2,0,0,182.26,128.99,107.86,76.33,201.05,142.28,151.23,107.02,-175.76,-124.38,-1063.77,-752.81,-1054.8,-746.47,0.0,0.0,23.75,16.81,148.5,105.09,490.67,347.24,-677.39,-479.38,292.33,206.88,-1140.59,-807.18,-980.04,-693.56,-156.14,-110.5
212,638,3500.0,855.26,2.0,1.653418,1128.0,2256.0,2063.95,1865.05,1706.29,32.229,-2547.51,-2106.05,396.5,0,0,-301.79,-249.49,413.26,341.65,39.22,32.42,461.74,381.72,264.41,218.59,427.95,353.79,552.19,456.5,0.0,0.0,-130.65,-108.01,395.56,327.01,584.74,483.41,39.66,32.79,130.24,107.67,-432.91,-357.89,-275.46,-227.72,87.83,72.61
213,638,3000.0,855.26,2.333333,1.653418,-752.43,-1755.67,-1978.41,-1244.08,-1401.91,-25.081,-5409.76,-3833.39,348.0,0,0,730.89,517.92,-300.06,-212.62,172.29,122.09,-418.8,-296.77,1533.16,1086.41,-1421.27,-1007.12,-184.86,-131.0,0.0,0.0,92.84,65.79,149.11,105.66,-565.97,-401.05,-793.65,-562.39,-992.59,-703.36,-193.34,-137.0,-806.99,-571.84,1243.57,881.21
214,638,3500.0,855.26,2.0,1.653418,-507.04,-1014.08,-1205.14,-838.35,-996.3,-14.487,-4081.34,-3374.08,590.0,0,0,20.19,16.69,399.31,330.11,-94.67,-78.26,-311.64,-257.64,-451.92,-373.6,610.22,504.47,-231.04,-191.0,0.0,0.0,-666.19,-550.74,71.5,59.11,891.83,737.29,-806.13,-666.43,110.03,90.96,322.16,266.33,-313.18,-258.91,-564.55,-466.72
215,638,4000.0,855.26,1.75,1.653418,-1701.58,-2977.77,-3144.33,-2813.43,-2970.79,-42.54,-4983.55,-4708.51,902.7,0,0,-860.51,-813.02,-438.89,-414.66,274.34,259.2,407.9,385.39,-578.11,-546.21,-896.24,-846.78,-326.04,-308.05,0.0,0.0,23.12,21.85,270.17,255.26,-96.18,-90.87,-148.71,-140.51,-307.97,-290.97,-256.21,-242.07,-153.21,-144.75,108.77,102.77
216,638,3000.0,855.26,2.333333,1.653418,-633.78,-1478.82,-1701.65,-1047.91,-1205.8,-21.126,-4378.11,-3102.37,633.8,0,0,-507.68,-359.74,-240.5,-170.42,275.22,195.02,-86.91,-61.59,988.45,700.42,-173.02,-122.6,-894.08,-633.55,0.0,0.0,-439.89,-311.71,502.61,356.15,-101.49,-71.92,-828.35,-586.98,-274.73,-194.67,421.41,298.62,-355.12,-251.64,235.25,166.7
217,638,3500.0,855.26,2.0,1.653418,-1587.12,-3174.25,-3364.67,-2624.18,-2781.6,-45.346,-4569.39,-3777.56,905.2,0,0,-360.78,-298.26,2.45,2.02,393.07,324.95,410.92,339.71,420.32,347.49,100.58,83.15,-425.27,-351.57,0.0,0.0,-827.55,-684.15,-668.48,-552.64,-570.98,-472.03,-838.0,-692.78,-285.71,-236.2,236.95,195.89,-313.81,-259.43,-447.95,-370.33
218,638,3500.0,855.26,2.0,1.653418,-1302.16,-2604.33,-2794.92,-2153.02,-2310.58,-37.205,-4486.94,-3709.39,590.0,0,0,-528.8,-437.16,-115.55,-95.53,72.63,60.04,506.29,418.56,-425.34,-351.63,-201.35,-166.46,32.1,26.54,0.0,0.0,-128.28,-106.05,-578.57,-478.31,-390.34,-322.7,364.37,301.23,-681.11,-563.08,-187.43,-154.95,-131.49,-108.7,-211.46,-174.81
219,638,3500.0,855.26,2.0,1.653418,-903.17,-1806.33,-1997.16,-1493.31,-1651.07,-25.805,-5273.45,-4359.61,590.0,0,0,-609.61,-503.97,389.36,321.89,74.29,61.41,417.79,345.39,-215.93,-178.51,-529.05,-437.37,-981.54,-811.44,0.0,0.0,-596.56,-493.18,556.46,460.03,-62.02,-51.28,34.38,28.42,109.85,90.81,-1073.09,-887.14,540.44,446.79,138.9,114.83
220,638,3500.0,855.26,2.0,1.653418,-1557.29,-3114.59,-3305.02,-2574.86,-2732.29,-44.494,-5182.47,-4284.39,656.7,0,0,157.22,129.98,308.24,254.83,-246.51,-203.8,-531.11,-439.07,-310.62,-256.8,1245.82,1029.93,191.26,158.12,0.0,0.0,-540.2,-446.59,-25.65,-21.21,-1197.61,-990.08,-747.57,-618.02,-642.33,-531.02,-215.7,-178.32,-307.02,-253.81,-252.81,-209.0
221,638,3000.0,855.26,2.333333,1.653418,-56.04,-130.76,-353.99,-92.66,-250.84,-1.868,-2593.2,-1837.56,588.8,0,0,-324.73,-230.11,169.58,120.17,-162.45,-115.11,-454.96,-322.39,114.62,81.22,-44.49,-31.53,-72.95,-51.69,0.0,0.0,-979.31,-693.95,447.51,317.11,188.38,133.49,738.48,523.29,-80.63,-57.14,637.77,451.93,284.11,201.32,-591.69,-419.28
222,638,3000.0,855.26,2.333333,1.653418,379.03,884.4,660.86,626.69,468.29,12.634,-3806.64,-2697.42,633.5,0,0,230.18,163.11,-99.04,-70.18,-92.01,-65.2,606.0,429.42,314.21,222.65,-993.1,-703.72,-120.21,-85.18,0.0,0.0,-106.16,-75.23,-114.18,-80.91,-400.29,-283.65,756.69,536.2,518.37,367.32,-444.34,-314.86,-1268.2,-898.65,2096.46,1485.56
223,638,4000.0,855.26,1.75,1.653418,2218.26,3881.95,3713.34,3667.71,3508.4,55.456,-1599.84,-1511.55,590.0,0,0,-735.06,-694.49,355.78,336.15,7.84,7.4,382.64,361.52,329.81,311.61,-384.91,-363.67,-114.13,-107.84,0.0,0.0,-403.64,-381.37,685.83,647.98,380.44,359.44,-101.21,-95.62,481.71,455.13,978.97,924.94,551.75,521.3,1466.15,1385.23
224,638,4000.0,855.26,1.75,1.653418,1845.08,3228.89,3060.47,3050.69,2891.57,46.127,-2048.95,-1935.87,329.5,0,0,74.48,70.37,42.28,39.95,284.54,268.84,840.87,794.46,-288.65,-272.72,11.02,10.41,-85.8,-81.07,0.0,0.0,188.55,178.14,524.26,495.32,-227.26,-214.72,198.13,187.2,-137.71,-130.11,776.48,733.63,444.34,419.81,583.38,551.18
225,638,3500.0,855.26,2.0,1.653418,-316.24,-632.47,-823.65,-522.87,-680.92,-9.035,-3669.77,-3033.83,635.0,0,0,-793.19,-655.73,90.72,75.0,372.98,308.34,29.43,24.33,-718.2,-593.74,1173.34,970.01,-448.58,-370.85,0.0,0.0,-780.72,-645.43,745.16,616.03,180.63,149.33,-174.4,-144.18,118.96,98.35,12.17,10.06,-17.84,-14.75,-422.93,-349.64
226,638,4000.0,855.26,1.75,1.653418,1263.55,2211.22,2043.11,2089.18,1930.35,31.589,-1798.87,-1699.59,587.5,0,0,169.2,159.86,198.69,187.73,219.05,206.96,218.33,206.28,469.99,444.05,280.36,264.89,-388.42,-366.98,0.0,0.0,-531.9,-502.54,669.04,632.11,233.63,220.74,74.62,70.5,325.51,307.54,449.69,424.87,-391.52,-369.91,214.93,203.07
227,638,3000.0,855.26,2.333333,1.653418,386.99,902.98,679.44,639.86,481.46,12.9,-3565.13,-2526.28,635.0,0,0,300.82,213.17,285.67,202.43,-60.36,-42.77,-1052.68,-745.93,-167.29,-118.55,387.63,274.68,443.1,313.98,0.0,0.0,192.81,136.63,-85.66,-60.7,247.26,175.21,-847.98,-600.88,257.34,182.35,633.77,449.09,-15.36,-10.88,383.9,272.04
228,638,3500.0,855.26,2.0,1.653418,-230.14,-460.28,-651.51,-380.52,-538.61,-6.575,-3544.02,-2929.88,588.5,0,0,-837.01,-691.97,442.04,365.44,175.64,145.2,587.88,486.0,91.42,75.58,190.58,157.56,52.98,43.8,0.0,0.0,-496.49,-410.45,517.56,427.87,-443.34,-366.51,-241.37,-199.54,-769.97,-636.54,166.22,137.41,-552.3,-456.59,655.9,542.24
229,638,3500.0,855.26,2.0,1.653418,-1376.18,-2752.36,-2942.9,-2275.4,-2432.92,-39.319,-5022.32,-4152.0,601.3,0,0,277.18,229.15,818.35,676.54,123.98,102.5,-707.47,-584.87,-98.65,-81.56,-806.22,-666.51,-339.66,-280.8,0.0,0.0,-798.33,-659.99,291.02,240.59,-414.29,-342.5,-896.42,-741.08,-265.05,-219.12,-342.56,-283.2,487.83,403.29,-82.07,-67.85
230,638,4000.0,855.26,1.75,1.653418,-608.73,-1065.27,-1232.4,-1006.48,-1164.39,-15.218,-3032.15,-2864.81,351.0,0,0,236.44,223.39,375.43,354.71,-67.31,-63.6,-347.8,-328.61,578.41,546.49,159.39,150.59,-164.41,-155.34,0.0,0.0,-452.61,-427.63,-297.94,-281.5,-119.06,-112.49,70.41,66.53,442.28,417.87,-939.04,-887.22,-848.77,-801.93,309.31,292.24
231,638,3000.0,855.26,2.333333,1.653418,715.04,1668.43,1444.66,1182.26,1023.7,23.835,-2710.99,-1921.03,634.5,0,0,-730.33,-517.52,592.07,419.55,-110.57,-78.35,575.0,407.45,166.04,117.66,-316.29,-224.13,-743.29,-526.7,0.0,0.0,193.28,136.96,326.67,231.48,667.4,472.92,365.99,259.34,84.12,59.61,755.43,535.31,-904.04,-640.61,746.95,529.29
232,638,3500.0,855.26,2.0,1.653418,-1496.22,-2992.43,-3182.9,-2473.87,-2631.34,-42.749,-4372.81,-3615.04,908.8,0,0,-477.57,-394.81,-101.28,-83.73,-430.01,-355.49,-916.38,-757.58,-51.73,-42.77,-542.77,-448.71,-140.89,-116.48,0.0,0.0,382.69,316.38,-214.83,-177.6,-473.29,-391.27,184.15,152.24,57.43,47.48,-247.82,-204.87,-330.06,-272.87,309.94,256.23
233,638,3500.0,855.26,2.0,1.653418,-465.52,-931.03,-1122.13,-769.69,-927.67,-13.3,-3222.16,-2663.79,909.3,0,0,-343.81,-284.23,-261.74,-216.38,-24.87,-20.56,257.9,213.21,294.03,243.07,273.65,226.23,-157.58,-130.28,0.0,0.0,36.0,29.76,69.83,57.73,-948.65,-784.25,-290.73,-240.35,-107.79,-89.11,-159.0,-131.45,163.67,135.3,268.06,221.61
234,638,4000.0,855.26,1.75,1.653418,-714.82,-1250.94,-1418.01,-1181.9,-1339.75,-17.871,-3248.42,-3069.14,823.8,0,0,-880.9,-832.29,114.0,107.71,24.54,23.19,-855.79,-808.56,243.1,229.69,-366.52,-346.29,-97.4,-92.02,0.0,0.0,-140.64,-132.88,629.97,595.21,708.56,669.45,-496.45,-469.05,-182.8,-172.71,614.3,580.39,-90.83,-85.82,-474.07,-447.9
235,638,3500.0,855.26,2.0,1.653418,-26.32,-52.64,-243.99,-43.52,-201.71,-0.752,-2298.88,-1900.5,587.7,0,0,339.09,280.33,164.27,135.8,296.23,244.9,437.55,361.73,-861.89,-712.53,638.65,527.98,-287.03,-237.29,0.0,0.0,-135.26,-111.82,239.0,197.58,-904.53,-747.78,-51.84,-42.86,-681.06,-563.03,228.2,188.65,107.21,88.63,418.76,346.19
236,638,4000.0,855.26,1.75,1.653418,-82.96,-145.17,-312.58,-137.16,-295.33,-2.074,-1915.51,-1809.79,900.0,0,0,-111.65,-105.49,379.54,358.59,-5.33,-5.03,-88.55,-83.66,-56.67,-53.54,285.84,270.06,-608.16,-574.6,0.0,0.0,201.1,190.0,-220.24,-208.08,-215.1,-203.23,-371.18,-350.69,-76.75,-72.51,716.36,676.83,76.07,71.87,-50.47,-47.68
237,638,3000.0,855.26,2.333333,1.653418,-868.21,-2025.82,-2248.48,-1435.51,-1593.29,-28.94,-4658.97,-3301.38,630.0,0,0,-411.93,-291.9,161.44,114.4,256.12,181.49,1130.05,800.76,-41.01,-29.06,362.67,256.99,-503.61,-356.86,0.0,0.0,-939.03,-665.4,-315.46,-223.54,199.77,141.56,-477.12,-338.09,692.71,490.86,-634.68,-449.74,-1083.58,-767.83,-422.15,-299.14
238,638,3500.0,855.26,2.0,1.653418,-1286.97,-2573.95,-2764.55,-2127.91,-2285.48,-36.771,-6238.74,-5157.62,635.0,0,0,-336.7,-278.35,174.9,144.59,-142.15,-117.51,544.26,449.94,-600.01,-496.04,-95.51,-78.96,-1072.18,-886.38,0.0,0.0,-1093.88,-904.32,-241.19,-199.39,531.56,439.45,0.89,0.74,95.66,79.08,-235.82,-194.95,-225.18,-186.16,121.4,100.36
239,638,3500.0,855.26,2.0,1.653418,806.7,1613.39,1421.54,1333.81,1175.2,23.048,-3028.3,-2503.52,630.8,0,0,587.29,485.51,18.25,15.09,351.22,290.36,-579.93,-479.43,242.86,200.78,54.44,45.01,28.77,23.79,0.0,0.0,-69.92,-57.8,-485.47,-401.35,994.02,821.77,485.98,401.77,919.0,759.75,-69.08,-57.11,-669.45,-553.44,-194.6,-160.87
240,638,3500.0,855.26,2.0,1.653418,-472.86,-945.73,-1136.82,-781.84,-939.82,-13.51,-2919.95,-2413.95,634.5,0,0,-198.13,-163.79,256.19,211.8,-57.61,-47.62,-218.12,-180.32,-348.79,-288.35,93.67,77.43,-444.27,-367.28,0.0,0.0,189.85,156.95,-651.45,-538.56,688.89,569.51,-35.92,-29.69,-272.74,-225.47,-616.04,-509.28,-527.0,-435.67,1195.73,988.52
241,638,3500.0,855.26,2.0,1.653418,591.53,1183.07,991.34,978.05,819.55,16.901,-3477.84,-2875.16,617.7,0,0,68.17,56.35,127.98,105.81,208.02,171.97,19.51,16.13,-144.78,-119.69,-141.06,-116.61,695.17,574.7,0.0,0.0,-982.04,-811.86,575.21,475.53,386.29,319.35,-232.39,-192.12,112.98,93.4,-40.8,-33.73,-662.27,-547.51,1193.07,986.32
242,638,4000.0,855.26,1.75,1.653418,-2029.22,-3551.13,-3717.52,-3355.15,-3512.35,-50.73,-4549.43,-4298.35,909.5,0,0,-597.91,-564.91,-452.67,-427.68,-188.91,-178.48,-704.18,-665.31,284.92,269.19,-1042.9,-985.34,-314.78,-297.4,0.0,0.0,-190.27,-179.77,90.76,85.75,-108.7,-102.7,511.62,483.38,-227.07,-214.54,330.48,312.24,-371.2,-350.71,-570.35,-538.87
243,638,3000.0,855.26,2.333333,1.653418,-1518.8,-3543.88,-3766.08,-2511.22,-2668.67,-50.627,-4510.85,-3196.42,971.5,0,0,-157.94,-111.92,443.21,314.06,-9.13,-6.47,58.99,41.8,-596.84,-422.93,-635.82,-450.55,368.18,260.9,0.0,0.0,-874.78,-619.87,-155.52,-110.21,-777.56,-550.99,-374.69,-265.51,-92.78,-65.74,271.9,192.67,-775.93,-549.83,-235.16,-166.64
244,638,3000.0,856.37,2.333333,1.651268,-380.65,-888.19,-1111.19,-628.56,-786.37,-12.688,-3618.94,-2561.08,632.2,0,0,-428.74,-303.41,319.94,226.42,128.95,91.26,1188.32,840.96,-212.09,-150.1,380.4,269.2,-181.24,-128.26,0.0,0.0,-1106.62,-783.14,1100.31,778.67,-1224.94,-866.87,-218.0,-154.27,-420.25,-297.4,148.01,104.74,-148.39,-105.01,-213.85,-151.34
245,638,4500.0,855.26,1.555556,1.653418,-2914.67,-4533.93,-4681.41,-4819.16,-4975.93,-64.77,-5086.94,-5406.96,908.8,0,0,-330.58,-351.38,178.5,189.73,-207.7,-220.77,-129.24,-137.37,-222.95,-236.98,-1164.12,-1237.35,-798.71,-848.96,0.0,0.0,262.24,278.74,-733.87,-780.04,-745.65,-792.56,-894.2,-950.45,-83.2,-88.44,235.14,249.94,-281.24,-298.94,381.66,405.67
246,638,3500.0,855.26,2.0,1.653418,-300.84,-601.69,-792.88,-497.42,-655.48,-8.596,-3400.96,-2811.6,351.5,0,0,83.05,68.66,150.27,124.23,271.01,224.05,-552.07,-456.4,-243.95,-201.67,-301.49,-249.25,105.89,87.54,0.0,0.0,-308.68,-255.19,77.45,64.03,178.14,147.27,-511.55,-422.91,-444.67,-367.61,729.66,603.21,-786.08,-649.86,951.34,786.48
247,638,3500.0,855.26,2.0,1.653418,-2155.7,-4311.4,-4501.48,-3564.27,-3721.41,-61.591,-5395.51,-4460.52,891.7,0,0,-191.81,-158.57,-38.2,-31.58,-172.7,-142.78,158.53,131.06,465.39,384.74,-988.91,-817.54,-734.84,-607.5,0.0,0.0,-260.58,-215.43,-455.59,-376.64,-217.9,-180.14,-992.01,-820.11,-624.87,-516.58,911.99,753.95,-841.9,-696.01,-327.99,-271.16
248,638,3500.0,855.26,2.0,1.653418,-1522.05,-3044.1,-3234.56,-2516.58,-2674.04,-43.487,-4988.9,-4124.37,774.5,0,0,-983.14,-812.77,-468.84,-387.6,64.57,53.38,713.04,589.48,-693.45,-573.28,-16.82,-13.91,-551.12,-455.61,0.0,0.0,-66.58,-55.04,34.12,28.21,-102.18,-84.47,-497.37,-411.18,100.35,82.96,-155.58,-128.62,-182.94,-151.24,-238.16,-196.89
249,638,3000.0,855.26,2.333333,1.653418,-663.9,-1549.1,-1771.9,-1097.7,-1255.58,-22.13,-4436.42,-3143.68,631.2,0,0,-295.26,-209.22,583.32,413.34,177.56,125.82,-130.43,-92.42,-185.75,-131.63,-79.26,-56.16,-609.66,-432.01,0.0,0.0,-142.64,-101.08,-126.83,-89.87,-364.86,-258.54,-845.96,-599.46,-208.11,-147.47,400.57,283.84,305.17,216.24,-26.96,-19.1
250,638,3500.0,855.26,2.0,1.653418,-638.9,-1277.8,-1468.79,-1056.37,-1214.26,-18.254,-3445.26,-2848.22,398.7,0,0,-457.85,-378.51,-30.85,-25.51,55.99,46.29,1194.49,987.5,-640.19,-529.25,-231.76,-191.6,-323.34,-267.31,0.0,0.0,-177.71,-146.92,451.85,373.55,-226.28,-187.07,-157.39,-130.12,246.93,204.14,-489.66,-404.81,-931.41,-770.0,439.37,363.23
251,638,3500.0,855.26,2.0,1.653418,-2856.79,-5713.59,-5903.24,-4723.47,-4880.26,-81.623,-6817.82,-5636.35,902.0,0,0,-94.04,-77.75,330.91,273.56,-309.54,-255.9,1.09,0.9,-611.27,-505.34,-1032.04,-853.2,-407.39,-336.8,0.0,0.0,-481.15,-397.77,83.43,68.97,-977.91,-808.44,-293.69,-242.79,-464.47,-383.98,-42.55,-35.18,-676.27,-559.08,-738.7,-610.69
252,638,3500.0,855.26,2.0,1.653418,-354.19,-708.38,-899.54,-585.63,-743.66,-10.12,-3761.51,-3109.67,590.0,0,0,-822.04,-679.59,-0.35,-0.29,-162.94,-134.71,352.73,291.6,105.65,87.34,865.44,715.47,-167.77,-138.69,0.0,0.0,-338.73,-280.03,-425.57,-351.82,273.5,226.1,-175.44,-145.04,-8.85,-7.31,-340.45,-281.46,-211.15,-174.56,347.61,287.37
253,638,3500.0,855.26,2.0,1.653418,-263.8,-527.61,-718.82,-436.18,-594.25,-7.537,-3000.43,-2480.48,573.0,0,0,-777.9,-643.1,-640.81,-529.76,-225.71,-186.59,-122.22,-101.04,585.56,484.08,566.53,468.36,-62.05,-51.3,0.0,0.0,-812.3,-671.53,-552.99,-457.16,-365.37,-302.06,-131.34,-108.58,653.56,540.3,774.65,640.41,426.83,352.87,155.95,128.93
254,638,3500.0,855.26,2.0,1.653418,-577.94,-1155.88,-1346.91,-955.58,-1113.5,-16.513,-3329.08,-2752.18,626.8,0,0,-971.37,-803.04,87.84,72.61,-135.13,-111.72,1246.74,1030.69,146.78,121.34,-653.38,-540.15,118.03,97.58,0.0,0.0,-570.02,-471.24,9.48,7.84,840.91,695.19,-185.71,-153.53,177.48,146.73,-109.59,-90.6,-882.98,-729.97,-274.95,-227.31
255,638,3500.0,855.26,2.0,1.653418,-1524.42,-3048.84,-3239.3,-2520.51,-2677.96,-43.555,-6073.01,-5020.61,630.5,0,0,-440.8,-364.41,293.09,242.3,27.62,22.84,-201.23,-166.36,-229.88,-190.05,397.25,328.41,-827.84,-684.38,0.0,0.0,-984.26,-813.69,-957.59,-791.64,332.84,275.16,-318.4,-263.23,-294.64,-243.58,235.19,194.43,-353.31,-292.08,273.1,225.78
256,638,3500.0,855.26,2.0,1.653418,324.17,648.33,456.76,535.98,377.61,9.262,-2802.64,-2316.97,339.7,0,0,860.83,711.65,104.38,86.3,54.85,45.34,-14.13,-11.68,125.82,104.02,1049.4,867.55,-416.03,-343.94,0.0,0.0,-513.43,-424.46,10.26,8.48,-963.99,-796.94,1051.12,868.97,-707.93,-585.25,116.88,96.63,-498.25,-411.91,388.56,321.22
257,638,3500.0,855.26,2.0,1.653418,85.06,170.11,-21.31,140.63,-17.62,2.43,-2493.29,-2061.22,900.0,0,0,-545.9,-451.3,220.78,182.52,222.2,183.69,490.88,405.82,100.84,83.36,-35.58,-29.42,-589.71,-487.52,0.0,0.0,230.93,190.91,684.9,566.22,81.77,67.6,-147.05,-121.56,-69.86,-57.75,-164.74,-136.19,-499.17,-412.67,189.81,156.92
258,638,3000.0,855.26,2.333333,1.653418,-890.45,-2077.71,-2300.36,-1472.28,-1630.05,-29.682,-4309.86,-3054.0,633.5,0,0,299.94,212.54,422.27,299.23,-100.87,-71.48,566.38,401.34,-55.81,-39.55,985.04,698.01,-332.11,-235.33,0.0,0.0,-1150.87,-815.51,-160.51,-113.74,232.65,164.86,-334.62,-237.11,-544.54,-385.87,-570.68,-404.39,-593.18,-420.33,-740.81,-524.94
259,638,3500.0,855.26,2.0,1.653418,-1934.57,-3869.14,-4059.35,-3198.65,-3355.9,-55.273,-6020.55,-4977.25,846.5,0,0,-565.66,-467.64,-192.28,-158.96,-28.63,-23.67,32.71,27.04,-80.62,-66.65,-955.07,-789.57,-228.38,-188.81,0.0,0.0,-407.5,-336.88,-971.6,-803.23,118.46,97.93,-444.96,-367.86,199.03,164.54,-248.3,-205.27,-650.3,-537.61,553.98,457.98
260,638,3000.0,855.26,2.333333,1.653418,-15.01,-35.03,-258.29,-24.82,-183.02,-0.5,-4507.41,-3193.98,621.5,0,0,94.57,67.01,255.49,181.04,-12.54,-8.89,317.28,224.83,-125.76,-89.12,326.68,231.49,-136.88,-96.99,0.0,0.0,1477.84,1047.21,1594.84,1130.11,-708.59,-502.11,-217.44,-154.08,-599.92,-425.11,72.8,51.58,-1344.4,-952.65,-1028.99,-729.15
261,638,3500.0,855.26,2.0,1.653418,280.83,561.65,370.11,464.32,305.98,8.024,-1830.63,-1513.4,464.8,0,0,476.07,393.57,-361.03,-298.47,173.75,143.64,182.85,151.16,297.73,246.14,-240.79,-199.06,120.92,99.96,0.0,0.0,78.27,64.71,-464.91,-384.35,-463.36,-383.06,179.07,148.04,183.35,151.58,223.76,184.99,-923.01,-763.06,1098.97,908.53
262,638,3500.0,855.26,2.0,1.653418,-363.04,-726.07,-917.23,-600.25,-758.28,-10.372,-3485.47,-2881.47,634.3,0,0,-243.68,-201.45,122.8,101.52,-73.92,-61.11,-601.16,-496.99,1067.26,882.32,-113.78,-94.06,-224.56,-185.64,0.0,0.0,-442.78,-366.05,-313.59,-259.25,75.59,62.49,141.51,116.99,-155.58,-128.62,217.09,179.47,-506.67,-418.86,325.42,269.03
263,638,4000.0,855.26,1.75,1.653418,-1143.38,-2000.92,-2167.77,-1890.49,-2048.13,-28.585,-2822.43,-2666.66,881.8,0,0,-363.92,-343.84,130.17,122.99,-41.64,-39.35,-130.82,-123.6,514.22,485.84,726.7,686.6,-227.78,-215.21,0.0,0.0,-888.63,-839.58,58.69,55.45,-255.47,-241.37,-556.31,-525.6,-674.59,-637.36,593.25,560.51,-787.0,-743.56,-97.8,-92.41
264,638,3000.0,855.26,2.333333,1.653418,83.15,194.02,-29.31,137.48,-20.77,2.772,-2532.54,-1794.58,612.5,0,0,-624.9,-442.81,-226.68,-160.62,-334.5,-237.03,361.52,256.18,861.7,610.61,-43.87,-31.09,-421.68,-298.8,0.0,0.0,-1082.95,-767.39,1144.7,811.14,-16.5,-11.69,148.78,105.43,1075.46,762.08,-68.9,-48.83,-632.65,-448.3,54.49,38.61
265,638,3500.0,856.37,2.0,1.651268,1399.88,2799.75,2607.54,2311.57,2152.88,39.996,-1985.48,-1639.28,626.7,0,0,-312.7,-258.17,406.53,335.64,79.71,65.81,438.8,362.29,-114.58,-94.6,619.36,511.37,-193.96,-160.14,0.0,0.0,295.13,243.67,447.41,369.39,849.65,701.5,-90.8,-74.97,-311.56,-257.23,209.93,173.32,600.55,495.84,-123.72,-102.14
266,638,4000.0,855.26,1.75,1.653418,252.16,441.29,273.7,416.93,258.6,6.304,-2274.33,-2148.81,590.0,0,0,-228.53,-215.92,381.57,360.51,-151.88,-143.49,638.5,603.26,447.97,423.25,55.28,52.23,-191.1,-180.56,0.0,0.0,-23.98,-22.66,-518.52,-489.9,428.91,405.24,-764.45,-722.26,-280.09,-264.64,398.39,376.4,185.06,174.84,64.15,60.61
267,638,3500.0,855.26,2.0,1.653418,-871.88,-1743.76,-1934.61,-1441.58,-1599.36,-24.911,-3284.78,-2715.56,567.8,0,0,-129.93,-107.42,180.27,149.03,24.5,20.25,566.96,468.71,-58.82,-48.63,-521.25,-430.92,-621.58,-513.87,0.0,0.0,-154.49,-127.72,759.75,628.09,-801.03,-662.22,193.82,160.23,-437.04,-361.3,-451.84,-373.54,-1110.77,-918.28,817.69,675.99
268,638,3000.0,855.26,2.333333,1.653418,-738.8,-1723.86,-1946.61,-1221.54,-1379.38,-24.627,-5871.62,-4160.67,633.8,0,0,107.01,75.83,-147.93,-104.82,225.51,159.8,178.28,126.33,-90.85,-64.38,-449.71,-318.67,-1149.43,-814.49,0.0,0.0,281.48,199.46,-240.9,-170.7,138.82,98.37,-674.15,-477.71,617.25,437.39,-516.05,-365.67,-461.58,-327.08,458.37,324.8
269,638,3500.0,855.26,2.0,1.653418,186.21,372.43,180.95,307.89,149.59,5.32,-2505.54,-2071.35,328.2,0,0,400.02,330.7,-378.52,-312.93,92.27,76.28,778.52,643.61,-379.59,-313.81,-165.23,-136.59,-442.24,-365.61,0.0,0.0,782.86,647.2,438.37,362.4,-669.48,-553.46,-138.21,-114.26,231.63,191.49,0.6,0.5,-587.55,-485.73,408.98,338.11
270,638,4000.0,855.26,1.75,1.653418,151.94,265.9,98.37,251.23,92.94,3.799,-2701.06,-2551.99,331.3,0,0,-1042.83,-985.28,138.21,130.58,235.15,222.17,4.84,4.57,-300.78,-284.18,233.25,220.38,-220.68,-208.5,0.0,0.0,924.71,873.68,-167.08,-157.86,-29.28,-27.66,-437.26,-413.13,331.27,312.99,-56.21,-53.1,365.74,345.55,286.85,271.02
271,638,4000.0,855.26,1.75,1.653418,-1629.14,-2851.0,-3017.59,-2693.65,-2851.05,-40.729,-4095.64,-3869.6,637.3,0,0,-551.56,-521.12,-126.93,-119.92,45.63,43.11,513.74,485.38,394.49,372.71,-320.09,-302.43,-180.65,-170.68,0.0,0.0,-1102.4,-1041.56,32.53,30.73,132.09,124.8,-333.49,-315.08,-348.61,-329.37,-673.23,-636.07,-674.98,-637.73,342.46,323.56
272,638,3500.0,855.26,2.0,1.653418,1243.22,2486.44,2294.32,2055.56,1896.74,35.521,-1681.66,-1390.24,321.2,0,0,20.76,17.17,428.21,354.0,511.14,422.56,215.28,177.97,359.71,297.38,-309.79,-256.1,282.55,233.59,0.0,0.0,-318.23,-263.08,129.57,107.12,732.19,605.31,-786.38,-650.11,288.66,238.64,403.08,333.23,-41.07,-33.95,570.77,471.86
273,638,3000.0,856.37,2.333333,1.651268,-35.27,-82.31,-305.55,-58.25,-216.23,-1.176,-3271.82,-2315.42,636.8,0,0,314.42,222.51,-413.24,-292.44,-309.35,-218.92,-54.81,-38.79,98.0,69.35,-595.62,-421.51,139.21,98.52,0.0,0.0,-93.75,-66.34,492.15,348.29,417.65,295.57,-375.44,-265.69,415.45,294.01,93.41,66.1,-46.88,-33.18,-163.52,-115.72
274,638,3500.0,855.26,2.0,1.653418,225.31,450.61,259.11,372.53,214.21,6.437,-3064.3,-2533.28,634.5,0,0,81.93,67.73,78.94,65.26,-208.31,-172.21,536.21,443.29,82.01,67.8,52.76,43.62,-260.1,-215.03,0.0,0.0,144.53,119.48,352.46,291.39,-509.47,-421.18,-424.63,-351.04,40.64,33.6,201.77,166.8,224.61,185.69,57.26,47.34
275,638,3500.0,855.26,2.0,1.653418,673.47,1346.95,1155.17,1113.53,954.99,19.242,-2859.37,-2363.87,633.5,0,0,786.71,650.38,804.96,665.47,347.51,287.29,-51.84,-42.86,255.25,211.02,-265.62,-219.59,-181.82,-150.31,0.0,0.0,-169.97,-140.52,128.67,106.37,301.48,249.24,-289.42,-239.26,-220.84,-182.57,21.82,18.04,-556.95,-460.44,437.01,361.28
276,638,3500.0,855.26,2.0,1.653418,-804.71,-1609.43,-1800.32,-1330.53,-1488.34,-22.992,-3605.63,-2980.81,700.8,0,0,-418.47,-345.95,232.83,192.49,78.02,64.5,-404.32,-334.25,-55.65,-46.01,-547.03,-452.24,-307.51,-254.22,0.0,0.0,-246.04,-203.41,-73.71,-60.94,561.08,463.85,683.29,564.88,-556.99,-460.47,-14.67,-12.13,-1089.81,-900.96,549.56,454.33
277,638,3000.0,855.26,2.333333,1.653418,-1594.42,-3720.32,-3942.47,-2636.25,-2793.66,-53.147,-6275.3,-4446.73,899.0,0,0,-698.85,-495.21,-257.02,-182.13,44.83,31.77,-21.16,-14.99,-459.87,-325.87,-664.88,-471.14,-502.97,-356.41,0.0,0.0,-271.78,-192.58,-12.75,-9.03,458.93,325.2,-660.13,-467.77,-557.12,-394.78,582.74,412.93,-378.69,-268.34,-321.61,-227.89
278,638,3000.0,855.26,2.333333,1.653418,-942.73,-2199.71,-2422.32,-1558.73,-1716.47,-31.424,-5117.66,-3626.41,601.3,0,0,-791.01,-560.52,399.52,283.11,461.22,326.82,-451.59,-320.0,468.65,332.09,-807.62,-572.28,-242.45,-171.8,0.0,0.0,-145.81,-103.32,49.35,34.97,-1187.82,-841.7,-314.23,-222.66,-416.85,-295.39,331.56,234.94,537.39,380.8,-90.03,-63.79
279,638,3500.0,855.26,2.0,1.653418,-1548.62,-3097.24,-3287.68,-2560.51,-2717.95,-44.246,-4621.18,-3820.37,885.2,0,0,-312.01,-257.94,-393.61,-325.4,-36.03,-29.78,615.83,509.11,292.49,241.81,-840.04,-694.47,59.11,48.87,0.0,0.0,-106.55,-88.08,8.65,7.15,-421.53,-348.48,-439.62,-363.43,-343.95,-284.35,110.45,91.31,-249.43,-206.21,-1041.01,-860.61
280,638,4000.0,855.26,1.75,1.653418,-1755.11,-3071.44,-3237.97,-2901.93,-3059.26,-43.878,-4219.57,-3986.69,908.8,0,0,-773.93,-731.22,103.72,97.99,329.63,311.44,-278.2,-262.84,126.66,119.67,-279.73,-264.29,-270.81,-255.86,0.0,0.0,-354.1,-334.56,-979.79,-925.71,-717.13,-677.55,36.71,34.69,81.52,77.02,-331.08,-312.81,-152.76,-144.33,387.84,366.43
281,638,3000.0,855.26,2.333333,1.653418,-721.03,-1682.41,-1905.17,-1192.17,-1350.02,-24.034,-4599.55,-3259.27,626.7,0,0,-152.58,-108.12,-449.08,-318.22,-32.5,-23.03,601.13,425.96,389.09,275.71,-612.48,-434.01,157.15,111.36,0.0,0.0,-415.94,-294.74,-908.49,-643.76,-375.31,-265.95,-101.91,-72.21,302.76,214.54,-366.9,-259.99,224.29,158.93,58.35,41.35
282,638,3000.0,855.26,2.333333,1.653418,-120.18,-280.42,-503.6,-198.7,-356.85,-4.006,-2273.12,-1610.75,634.5,0,0,288.35,204.32,468.42,331.92,-278.91,-197.64,-190.29,-134.84,587.53,416.33,1210.68,857.9,-687.27,-487.01,0.0,0.0,-308.82,-218.83,883.45,626.02,147.22,104.32,-147.09,-104.23,-649.88,-460.51,-85.14,-60.33,-724.73,-513.55,-793.94,-562.59
283,638,4500.0,856.37,1.555556,1.651268,-797.47,-1240.51,-1388.99,-1316.84,-1474.45,-17.722,-3893.06,-4132.59,585.8,0,0,-254.56,-270.22,164.41,174.53,-77.15,-81.9,-1141.75,-1212.0,-467.99,-496.78,-350.78,-372.36,-169.2,-179.61,0.0,0.0,427.47,453.78,-50.25,-53.34,-468.43,-497.25,-471.94,-500.98,727.69,772.46,580.67,616.4,-302.51,-321.12,613.79,651.56
284,638,3500.0,855.26,2.0,1.653418,-1911.06,-3822.13,-4012.35,-3159.79,-3317.05,-54.602,-5415.57,-4477.1,908.8,0,0,-594.01,-491.08,-392.95,-324.85,326.14,269.62,-23.42,-19.36,305.08,252.22,-734.49,-607.21,-438.06,-362.15,0.0,0.0,-492.63,-407.26,-412.97,-341.4,51.27,42.38,-1060.75,-876.93,-172.9,-142.94,29.55,24.43,-475.06,-392.74,263.07,217.48
285,638,3000.0,855.26,2.333333,1.653418,-1298.25,-3029.24,-3251.6,-2146.54,-2304.11,-43.275,-5917.16,-4192.95,832.0,0,0,-1291.4,-915.1,373.17,264.43,549.78,389.58,422.93,299.69,-823.65,-583.64,-250.8,-177.72,-887.55,-628.92,0.0,0.0,-923.23,-654.21,-22.53,-15.96,104.54,74.08,-306.46,-217.16,622.13,440.84,894.92,634.15,-1053.38,-746.44,-437.71,-310.17
286,638,3000.0,855.26,2.333333,1.653418,331.13,772.63,549.13,547.49,389.12,11.038,-3141.98,-2226.43,604.0,0,0,-510.35,-361.64,232.59,164.82,314.46,222.83,205.24,145.43,-552.41,-391.44,-326.94,-231.68,504.52,357.51,0.0,0.0,79.75,56.51,37.65,26.68,-258.23,-182.98,93.58,66.31,-417.94,-296.16,-309.96,-219.64,1008.95,714.95,671.72,475.98
287,638,3000.0,855.26,2.333333,1.653418,-91.18,-212.75,-435.95,-150.76,-308.92,-3.039,-4361.73,-3090.75,635.0,0,0,-1478.66,-1047.79,-137.5,-97.43,129.73,91.93,-310.45,-219.99,6.65,4.71,121.07,85.79,-445.04,-315.36,0.0,0.0,-147.38,-104.43,385.98,273.5,1037.88,735.45,108.71,77.03,-69.52,-49.27,-208.16,-147.51,1375.25,974.51,-581.3,-411.91
288,638,4000.0,855.26,1.75,1.653418,-1568.79,-2745.39,-2912.01,-2593.87,-2751.3,-39.22,-4452.0,-4206.29,909.5,0,0,-327.79,-309.7,39.97,37.76,-267.84,-253.06,555.98,525.29,199.66,188.64,-719.22,-679.52,229.61,216.94,0.0,0.0,-714.67,-675.23,-532.47,-503.08,-327.55,-309.48,-598.67,-565.63,53.02,50.09,-240.22,-226.96,210.3,198.7,-305.48,-288.62
289,638,3500.0,855.26,2.0,1.653418,-1881.69,-3763.39,-3953.63,-3111.22,-3268.5,-53.763,-6054.64,-5005.42,899.7,0,0,-284.35,-235.07,255.11,210.9,-68.96,-57.01,-256.64,-212.17,-320.72,-265.14,-372.67,-308.09,-916.32,-757.53,0.0,0.0,-426.19,-352.34,124.62,103.03,-936.8,-774.46,-740.73,-612.37,-871.28,-720.3,793.31,655.84,-319.47,-264.11,577.71,477.6
290,638,3500.0,855.26,2.0,1.653418,-42.64,-85.28,-276.63,-70.5,-228.69,-1.218,-2567.39,-2122.48,408.5,0,0,463.4,383.09,517.27,427.63,160.01,132.29,137.35,113.55,398.05,329.07,-321.64,-265.9,-378.19,-312.66,0.0,0.0,-840.11,-694.53,244.09,201.8,669.58,553.55,-431.27,-356.54,-377.98,-312.48,-448.66,-370.91,194.88,161.11,-72.06,-59.57
291,638,4000.0,855.26,1.75,1.653418,-883.18,-1545.57,-1712.55,-1460.27,-1618.04,-22.08,-2996.7,-2831.31,902.0,0,0,-152.72,-144.29,238.75,225.58,-176.75,-167.0,-824.46,-778.96,-478.88,-452.45,-93.5,-88.34,-70.84,-66.93,0.0,0.0,-395.95,-374.1,-363.24,-343.19,14.42,13.62,477.71,451.35,-44.6,-42.14,-129.83,-122.66,-232.06,-219.25,686.37,648.49
292,638,4500.0,855.26,1.555556,1.653418,-2404.03,-3739.6,-3887.32,-3974.86,-4131.88,-53.423,-4844.25,-5149.01,885.7,0,0,-924.89,-983.08,99.45,105.71,14.81,15.74,301.5,320.47,-335.34,-356.44,-834.95,-887.48,314.29,334.06,0.0,0.0,-340.96,-362.41,148.1,157.42,-566.42,-602.06,51.51,54.76,-639.62,-679.86,-503.74,-535.43,-124.09,-131.9,-399.23,-424.35
293,638,3500.0,855.26,2.0,1.653418,-1297.94,-2595.87,-2786.47,-2146.03,-2303.6,-37.084,-4004.85,-3310.84,630.5,0,0,-576.16,-476.32,-146.31,-120.96,150.65,124.54,32.83,27.14,290.35,240.03,-872.06,-720.94,100.95,83.45,0.0,0.0,-699.45,-578.24,-580.1,-479.57,-147.21,-121.7,43.24,35.75,-241.7,-199.81,761.85,629.82,-584.36,-483.09,-128.38,-106.14
294,638,3500.0,855.26,2.0,1.653418,-1001.28,-2002.55,-2193.33,-1655.53,-1813.24,-28.608,-4577.06,-3783.9,588.2,0,0,65.11,53.82,-12.41,-10.26,-44.43,-36.73,500.15,413.48,30.95,25.59,-1638.14,-1354.27,-281.39,-232.62,0.0,0.0,-155.02,-128.16,-270.77,-223.85,244.65,202.26,-990.55,-818.9,163.26,134.97,988.78,817.43,-636.9,-526.53,34.16,28.24
295,638,3000.0,855.26,2.333333,1.653418,-910.28,-2123.98,-2346.61,-1505.07,-1662.83,-30.343,-3193.84,-2263.18,607.8,0,0,-568.26,-402.68,-801.82,-568.18,16.55,11.73,-181.14,-128.36,349.0,247.3,412.99,292.65,-305.92,-216.78,0.0,0.0,367.59,260.48,669.23,474.22,-4.22,-2.99,-478.25,-338.89,-1337.44,-947.72,112.36,79.62,-549.42,-389.32,174.76,123.84
296,638,3500.0,855.26,2.0,1.653418,-932.8,-1865.61,-2056.42,-1542.32,-1700.06,-26.652,-5095.91,-4212.84,656.7,0,0,-773.96,-639.84,297.91,246.28,-116.31,-96.16,857.42,708.84,-124.89,-103.25,-758.79,-627.3,322.69,266.77,0.0,0.0,-502.41,-415.35,-871.29,-720.3,-379.45,-313.7,-365.2,-301.91,-549.33,-454.14,38.96,32.2,518.77,428.88,540.28,446.66
297,638,3000.0,855.26,2.333333,1.653418,-1945.77,-4540.12,-4762.03,-3217.16,-3374.41,-64.859,-5267.36,-3732.49,911.7,0,0,-175.86,-124.61,119.73,84.84,-590.85,-418.68,-802.29,-568.51,-127.53,-90.37,77.81,55.14,254.62,180.42,0.0,0.0,-1417.62,-1004.54,-136.08,-96.43,141.27,100.1,-243.27,-172.38,374.55,265.41,-372.33,-263.84,-1417.73,-1004.61,-224.54,-159.11
298,638,3500.0,855.26,2.0,1.653418,-97.48,-194.96,-386.27,-161.17,-319.33,-2.785,-2314.27,-1913.23,590.2,0,0,-453.15,-374.62,-206.61,-170.81,-87.91,-72.68,790.24,653.3,270.9,223.95,46.11,38.12,-100.43,-83.02,0.0,0.0,-462.83,-382.62,-417.24,-344.94,-48.57,-40.15,61.2,50.59,-21.07,-17.42,-106.11,-87.72,32.11,26.55,508.4,420.3
299,638,3000.0,855.26,2.333333,1.653418,-563.09,-1313.87,-1536.74,-931.02,-1088.95,-18.77,-4684.49,-3319.47,630.0,0,0,-658.53,-466.64,42.02,29.78,-103.16,-73.1,-309.49,-219.31,173.51,122.95,-34.61,-24.53,50.65,35.89,0.0,0.0,506.82,359.14,-364.89,-258.56,414.51,293.72,-676.26,-479.2,342.08,242.4,-232.09,-164.46,-501.06,-355.05,36.63,25.96
300,638,3500.0,855.26,2.0,1.653418,-284.07,-568.14,-759.34,-469.69,-627.75,-8.116,-2765.11,-2285.94,331.0,0,0,310.85,256.99,468.2,387.07,-204.34,-168.93,66.57,55.04,513.18,424.25,367.16,303.53,228.0,188.49,0.0,0.0,-693.54,-573.36,-531.15,-439.1,-184.13,-152.22,-218.18,-180.37,-390.25,-322.62,197.35,163.15,-1051.06,-868.92,553.17,457.31
301,638,3500.0,855.26,2.0,1.653418,251.99,503.98,312.46,416.65,258.31,7.2,-2518.97,-2082.46,477.0,0,0,-796.67,-658.61,438.24,362.29,-115.34,-95.35,-694.95,-574.52,262.96,217.39,407.68,337.03,-571.96,-472.84,0.0,0.0,-141.33,-116.84,416.64,344.44,887.99,734.11,-24.88,-20.57,22.4,18.52,237.99,196.75,-0.01,-0.0,175.23,144.86
302,638,3500.0,855.26,2.0,1.653418,-1175.5,-2351.0,-2541.67,-1943.6,-2101.22,-33.586,-4264.52,-3525.52,907.7,0,0,-219.54,-181.49,232.03,191.82,269.19,222.54,-217.28,-179.63,42.28,34.95,-468.15,-387.02,-417.43,-345.1,0.0,0.0,-956.87,-791.06,-366.75,-303.2,-539.85,-446.3,590.99,488.57,739.96,611.73,-189.34,-156.53,-633.07,-523.36,-217.15,-179.52
303,638,3500.0,855.26,2.0,1.653418,1036.43,2072.85,1880.86,1713.64,1554.92,29.612,-1729.6,-1429.88,296.0,0,0,377.85,312.37,197.22,163.04,173.94,143.8,723.25,597.92,310.8,256.94,558.21,461.47,-291.3,-240.82,0.0,0.0,179.85,148.68,-274.83,-227.21,-0.5,-0.42,-238.72,-197.35,-651.79,-538.84,-229.62,-189.83,160.35,132.56,1078.16,891.32
304,638,3000.0,856.37,2.333333,1.651268,431.29,1006.35,782.78,712.18,553.96,14.376,-2967.91,-2100.35,626.7,0,0,55.42,39.22,18.93,13.4,-194.49,-137.64,786.37,556.5,70.86,50.15,581.05,411.2,-516.44,-365.48,0.0,0.0,-275.9,-195.25,-228.41,-161.65,-655.37,-463.8,508.15,359.61,694.47,491.46,677.97,479.79,-532.08,-376.55,15.83,11.2
305,638,3500.0,855.26,2.0,1.653418,393.07,786.15,594.54,649.92,491.51,11.231,-2166.82,-1791.33,328.2,0,0,-489.46,-404.64,709.07,586.19,-86.3,-71.34,1306.51,1080.1,-59.66,-49.32,709.95,586.92,-56.85,-47.0,0.0,0.0,-245.92,-203.3,313.49,259.17,-73.84,-61.05,156.14,129.08,-413.3,-341.68,-331.32,-273.91,-74.17,-61.32,-578.18,-477.99
306,638,3000.0,855.26,2.333333,1.653418,-562.46,-1312.4,-1535.27,-929.98,-1087.91,-18.749,-4837.18,-3427.66,816.0,0,0,-345.71,-244.97,368.1,260.84,223.74,158.55,-441.41,-312.79,-541.58,-383.77,886.76,628.37,-181.36,-128.51,0.0,0.0,-980.1,-694.51,-452.0,-320.29,137.7,97.58,-241.33,-171.01,1222.82,866.5,-230.23,-163.14,-98.39,-69.72,-639.41,-453.09
307,638,3000.0,855.26,2.333333,1.653418,-1609.09,-3754.55,-3976.69,-2660.51,-2817.92,-53.636,-4577.29,-3243.5,600.7,0,0,-1027.58,-728.15,115.03,81.51,-408.74,-289.64,90.98,64.47,-365.79,-259.2,-546.75,-387.43,-536.42,-380.11,0.0,0.0,-336.05,-238.13,-231.93,-164.35,-457.37,-324.1,492.08,348.69,43.19,30.61,443.46,314.24,-1107.08,-784.49,78.42,55.57
308,638,3000.0,855.26,2.333333,1.653418,-1177.95,-2748.55,-2970.99,-1947.65,-2105.27,-39.265,-4909.99,-3479.26,634.2,0,0,611.3,433.17,-737.52,-522.61,-282.3,-200.04,-163.21,-115.65,491.9,348.56,459.59,325.67,-933.11,-661.21,0.0,0.0,381.63,270.43,47.05,33.34,-289.93,-205.45,-685.62,-485.83,-811.85,-575.29,211.38,149.78,-438.22,-310.52,-609.64,-431.99
309,638,3000.0,856.37,2.333333,1.651268,114.91,268.13,44.78,189.75,31.69,3.83,-4610.4,-3262.72,590.0,0,0,-446.39,-315.91,373.71,264.47,-138.54,-98.04,1083.64,766.88,942.91,667.29,-625.29,-442.51,-771.53,-546.0,0.0,0.0,83.33,58.97,-192.61,-136.31,166.7,117.97,-633.27,-448.15,95.8,67.79,761.6,538.97,284.65,201.45,-716.6,-507.13
310,638,3500.0,855.26,2.0,1.653418,-1165.43,-2330.86,-2521.53,-1926.94,-2084.57,-33.298,-3928.21,-3247.49,631.2,0,0,-44.76,-37.01,402.83,333.02,16.25,13.43,331.52,274.07,237.23,196.12,-592.5,-489.82,-619.55,-512.19,0.0,0.0,-283.32,-234.22,-981.79,-811.65,464.24,383.79,13.82,11.42,-1312.45,-1085.01,462.88,382.67,-554.23,-458.19,128.97,106.62
311,638,2500.0,855.26,2.8,1.653418,302.95,848.25,580.07,500.9,342.54,12.118,-2780.26,-1641.76,583.3,0,0,-618.09,-364.98,180.63,106.66,-91.98,-54.32,96.17,56.79,124.4,73.46,-512.85,-302.84,-319.67,-188.77,0.0,0.0,203.11,119.94,917.36,541.71,509.72,300.99,318.77,188.24,-604.9,-357.2,323.28,190.9,319.77,188.83,2.53,1.49
312,638,3500.0,855.26,2.0,1.653418,-1514.64,-3029.29,-3219.75,-2504.34,-2661.8,-43.276,-5461.32,-4514.92,870.5,0,0,-185.34,-153.22,331.39,273.97,253.38,209.47,-220.08,-181.94,-33.28,-27.51,-450.75,-372.64,-977.67,-808.25,0.0,0.0,255.47,211.2,-839.1,-693.69,-310.55,-256.73,-11.0,-9.1,-365.9,-302.49,-239.99,-198.4,-553.43,-457.53,317.57,262.54
313,638,3500.0,855.26,2.0,1.653418,-2272.74,-4545.47,-4735.48,-3757.78,-3914.87,-64.935,-5183.05,-4284.87,904.2,0,0,263.02,217.45,433.73,358.56,345.97,286.02,-789.68,-652.84,293.61,242.73,-400.93,-331.45,-423.89,-350.43,0.0,0.0,-1036.24,-856.67,-246.18,-203.52,-865.75,-715.73,-770.35,-636.85,-123.42,-102.03,-376.25,-311.05,-947.15,-783.02,98.03,81.04
314,638,3500.0,855.26,2.0,1.653418,-1643.34,-3286.69,-3477.07,-2717.13,-2874.53,-46.953,-4714.15,-3897.23,913.5,0,0,-119.04,-98.41,315.79,261.06,40.24,33.27,-308.11,-254.72,342.05,282.78,-484.42,-400.47,420.05,347.26,0.0,0.0,-296.24,-244.91,-313.21,-258.93,-505.55,-417.94,-84.01,-69.45,-411.77,-340.41,-685.18,-566.44,-424.05,-350.57,-773.24,-639.25
315,638,3500.0,855.26,2.0,1.653418,483.88,967.76,776.1,800.06,641.61,13.825,-2267.99,-1874.97,327.5,0,0,157.88,130.52,467.92,386.84,248.38,205.34,-567.29,-468.98,-204.38,-168.97,394.41,326.07,-537.79,-444.59,0.0,0.0,173.57,143.49,246.42,203.72,-854.27,-706.23,-432.53,-357.58,395.04,326.58,519.35,429.35,-242.17,-200.21,1203.23,994.72
316,638,3000.0,855.26,2.333333,1.653418,-1479.25,-3451.59,-3673.82,-2445.82,-2603.3,-49.308,-5239.11,-3712.47,622.7,0,0,210.61,149.24,391.75,277.59,323.01,228.89,-509.28,-360.88,-417.46,-295.82,-416.78,-295.33,-331.34,-234.79,0.0,0.0,-1213.22,-859.7,-995.01,-705.07,411.95,291.91,-198.13,-140.39,-923.87,-654.66,-76.34,-54.1,463.24,328.26,-170.72,-120.98
317,638,3000.0,855.26,2.333333,1.653418,-928.17,-2165.72,-2388.34,-1534.65,-1692.4,-30.939,-5315.49,-3766.6,634.5,0,0,-135.97,-96.35,80.15,56.79,522.96,370.57,-845.64,-599.23,-64.3,-45.56,-28.81,-20.41,-911.29,-645.75,0.0,0.0,-567.5,-402.14,-154.11,-109.21,971.1,688.13,64.94,46.02,-1198.28,-849.11,435.95,308.92,-235.76,-167.06,-99.15,-70.26
318,638,3500.0,855.26,2.0,1.653418,-304.19,-608.39,-799.57,-502.96,-661.02,-8.691,-3025.83,-2501.48,902.0,0,0,-340.8,-281.74,312.73,258.54,199.0,164.51,548.09,453.11,289.37,239.23,-313.71,-259.35,-827.81,-684.36,0.0,0.0,-373.35,-308.65,138.36,114.39,-83.44,-68.98,611.73,505.73,-156.1,-129.05,229.89,190.05,-502.95,-415.79,-339.41,-280.59
319,638,3500.0,855.26,2.0,1.653418,-970.58,-1941.17,-2131.95,-1604.78,-1762.51,-27.731,-3782.86,-3127.32,904.0,0,0,-727.12,-601.12,61.14,50.54,475.45,393.06,-44.31,-36.63,12.96,10.71,252.82,209.01,-495.95,-410.01,0.0,0.0,488.77,404.07,-696.85,-576.09,250.09,206.75,-874.12,-722.64,-428.54,-354.28,435.94,360.4,-524.73,-433.8,-126.73,-104.77
320,638,3000.0,856.37,2.333333,1.651268,-482.31,-1125.38,-1348.31,-796.42,-954.18,-16.077,-5179.16,-3665.22,635.0,0,0,-93.73,-66.33,-518.06,-366.63,-300.41,-212.59,877.92,621.29,-156.64,-110.85,-463.92,-328.31,-448.53,-317.42,0.0,0.0,470.28,332.81,23.63,16.72,-622.79,-440.74,294.34,208.3,758.43,536.73,55.56,39.32,-565.98,-400.54,-435.49,-308.19
321,638,3500.0,855.26,2.0,1.653418,-279.87,-559.74,-750.94,-462.74,-620.81,-7.996,-2960.72,-2447.65,474.2,0,0,-712.61,-589.12,-175.85,-145.38,247.47,204.58,-876.4,-724.53,-306.13,-253.08,-595.39,-492.21,111.78,92.41,0.0,0.0,543.1,448.99,-483.71,-399.88,-84.64,-69.97,0.34,0.28,664.33,549.21,-288.32,-238.35,-215.92,-178.5,1612.21,1332.83
322,638,3500.0,856.37,2.0,1.651268,-2.16,-4.32,-195.69,-3.56,-161.57,-0.062,-3211.28,-2651.34,626.8,0,0,-13.67,-11.28,13.07,10.79,-51.85,-42.81,882.95,728.99,697.97,576.27,228.54,188.69,-291.81,-240.93,0.0,0.0,-1345.06,-1110.53,-489.1,-403.82,188.44,155.58,112.3,92.72,-73.75,-60.89,-271.49,-224.15,-61.69,-50.93,470.84,388.75
323,638,3500.0,856.37,2.0,1.651268,-1989.51,-3979.03,-4169.21,-3285.22,-3442.24,-56.843,-6937.04,-5727.46,635.0,0,0,-542.51,-447.91,-163.29,-134.82,205.88,169.98,-59.11,-48.8,364.45,300.9,-812.85,-671.12,-511.18,-422.05,0.0,0.0,36.08,29.78,-297.24,-245.41,-924.02,-762.9,-984.76,-813.05,-337.83,-278.92,454.91,375.59,-392.94,-324.42,-14.62,-12.07
324,638,4000.0,855.26,1.75,1.653418,-2391.22,-4184.64,-4350.83,-3953.69,-4110.71,-59.781,-4971.31,-4696.95,900.0,0,0,-840.22,-793.85,431.76,407.93,-542.52,-512.58,-69.22,-65.4,119.7,113.1,-94.73,-89.5,-165.33,-156.2,0.0,0.0,-205.42,-194.09,57.75,54.56,-900.38,-850.69,-867.26,-819.4,9.52,9.0,-39.68,-37.49,-783.2,-739.97,-295.41,-279.11
325,638,3500.0,856.37,2.0,1.651268,-523.72,-1047.45,-1238.51,-864.81,-1022.55,-14.964,-3239.98,-2675.04,630.5,0,0,-143.54,-118.51,797.16,658.16,51.13,42.22,443.32,366.02,140.85,116.29,-294.56,-243.2,-879.86,-726.44,0.0,0.0,266.34,219.9,405.06,334.43,-541.24,-446.86,12.54,10.35,-837.8,-691.72,-372.19,-307.29,-781.66,-645.36,686.98,567.2
326,638,3500.0,855.26,2.0,1.653418,103.75,207.5,16.07,171.54,13.28,2.964,-2580.59,-2133.4,556.8,0,0,-287.72,-237.86,210.54,174.05,-43.14,-35.66,488.03,403.46,-26.18,-21.64,-196.92,-162.8,-265.63,-219.6,0.0,0.0,-410.62,-339.46,695.75,575.18,312.18,258.08,306.63,253.49,-305.56,-252.61,-501.6,-414.68,266.74,220.52,-35.01,-28.94
327,638,3500.0,855.26,2.0,1.653418,421.59,843.18,651.55,697.06,538.64,12.045,-4247.21,-3511.21,621.5,0,0,266.11,220.0,680.84,562.86,-140.59,-116.23,-84.57,-69.92,-206.36,-170.6,340.52,281.51,-556.64,-460.18,0.0,0.0,280.68,232.04,62.46,51.64,104.87,86.7,-302.03,-249.69,-444.64,-367.59,246.17,203.51,-857.71,-709.08,1454.06,1202.08
328,638,4000.0,855.26,1.75,1.653418,-420.35,-735.61,-902.84,-695.01,-853.01,-10.509,-4416.3,-4172.56,634.5,0,0,-614.76,-580.83,190.13,179.64,182.86,172.77,-46.12,-43.57,142.46,134.6,-252.27,-238.34,-500.61,-472.98,0.0,0.0,-186.92,-176.6,50.48,47.69,782.48,739.3,262.5,248.01,-95.77,-90.49,-567.34,-536.02,215.31,203.43,-298.06,-281.61
329,638,4000.0,855.26,1.75,1.653418,1221.94,2138.39,1970.3,2020.37,1861.56,30.548,-2159.84,-2040.64,293.7,0,0,-103.54,-97.82,17.98,16.99,223.96,211.6,519.41,490.75,-130.2,-123.01,-357.94,-338.19,200.69,189.61,0.0,0.0,358.41,338.63,354.61,335.04,509.4,481.29,118.49,111.95,299.58,283.05,-607.44,-573.92,-28.8,-27.21,763.78,721.63
330,638,3500.0,855.26,2.0,1.653418,-98.94,-197.88,-389.2,-163.59,-321.75,-2.827,-4123.75,-3409.14,614.0,0,0,-214.04,-176.95,602.5,498.09,66.34,54.84,536.21,443.29,-104.08,-86.04,-531.61,-439.49,-274.59,-227.01,0.0,0.0,-175.03,-144.7,-353.95,-292.62,393.25,325.1,-425.67,-351.9,325.81,269.35,263.07,217.48,484.01,400.13,-790.09,-653.18
331,638,3500.0,855.26,2.0,1.653418,-41.98,-83.97,-275.31,-69.42,-227.6,-1.2,-2240.99,-1852.65,896.2,0,0,-658.71,-544.56,574.55,474.99,331.55,274.1,165.15,136.53,517.22,427.59,1136.4,939.47,-745.77,-616.54,0.0,0.0,81.36,67.26,577.88,477.74,-963.93,-796.89,93.19,77.04,272.95,225.65,-1076.31,-889.8,-38.01,-31.42,-351.48,-290.58
332,638,3000.0,855.26,2.333333,1.653418,-949.3,-2215.04,-2437.64,-1569.59,-1727.33,-31.643,-3492.4,-2474.74,891.7,0,0,-46.7,-33.09,1013.96,718.5,519.86,368.38,183.74,130.2,-73.25,-51.9,457.57,324.24,-1014.65,-718.99,0.0,0.0,-610.17,-432.37,-804.66,-570.19,-1169.09,-828.42,-147.21,-104.32,398.26,282.21,-607.41,-430.41,-118.24,-83.79,-197.07,-139.64
333,638,3500.0,855.26,2.0,1.653418,691.05,1382.09,1190.31,1142.59,984.04,19.744,-2393.43,-1978.67,631.2,0,0,-244.35,-202.0,66.63,55.08,-177.36,-146.62,-135.81,-112.27,95.39,78.86,255.29,211.05,280.81,232.14,0.0,0.0,-978.93,-809.29,162.24,134.13,1375.16,1136.86,660.6,546.13,-360.3,-297.86,-681.65,-563.53,-587.82,-485.95,1652.18,1365.87
334,638,3500.0,855.26,2.0,1.653418,-1008.23,-2016.46,-2207.23,-1667.03,-1824.74,-28.807,-3653.72,-3020.57,908.5,0,0,-553.27,-457.4,-72.83,-60.21,124.93,103.28,659.44,545.17,157.67,130.35,55.48,45.87,-296.27,-244.93,0.0,0.0,-621.41,-513.73,118.19,97.71,-292.31,-241.65,304.6,251.81,-816.96,-675.39,-77.01,-63.66,-372.03,-307.56,-334.7,-276.7
335,638,4000.0,855.26,1.75,1.653418,-409.77,-717.09,-884.32,-677.51,-835.52,-10.244,-2731.36,-2580.62,631.8,0,0,274.7,259.54,46.74,44.16,-251.14,-237.28,89.17,84.25,-10.55,-9.97,-523.44,-494.55,85.47,80.75,0.0,0.0,69.47,65.64,356.68,336.99,-122.66,-115.89,-479.32,-452.87,-278.1,-262.75,-242.07,-228.71,29.0,27.4,238.97,225.78
336,638,3500.0,856.37,2.0,1.651268,-1464.98,-2929.97,-3120.46,-2419.08,-2576.36,-41.857,-4864.27,-4016.11,902.2,0,0,501.11,413.74,275.15,227.18,419.54,346.38,-73.37,-60.58,-202.58,-167.25,-1236.94,-1021.26,303.51,250.59,0.0,0.0,309.85,255.83,-648.16,-535.15,-394.5,-325.72,-260.13,-214.77,-379.41,-313.25,-1488.18,-1228.69,88.89,73.39,-144.76,-119.52
337,638,3500.0,855.26,2.0,1.653418,-687.11,-1374.21,-1565.17,-1136.07,-1293.94,-19.632,-5501.38,-4548.04,626.3,0,0,-166.05,-137.28,459.14,379.57,207.75,171.75,-26.9,-22.24,427.67,353.56,-386.93,-319.88,-602.41,-498.02,0.0,0.0,-540.43,-446.78,353.69,292.4,-643.84,-532.27,-1092.47,-903.16,555.38,459.14,441.52,365.01,-949.31,-784.81,588.99,486.93
338,638,3500.0,855.26,2.0,1.653418,-1382.51,-2765.01,-2955.56,-2285.86,-2443.38,-39.5,-4348.58,-3595.01,900.0,0,0,-345.62,-285.72,410.47,339.34,547.19,452.36,-115.93,-95.84,283.86,234.67,247.34,204.48,-166.3,-137.48,0.0,0.0,-328.74,-271.77,11.79,9.75,-232.3,-192.04,-517.81,-428.08,-943.22,-779.77,-809.62,-669.32,-1047.46,-865.95,241.31,199.49
339,638,3500.0,855.26,2.0,1.653418,-335.46,-670.92,-862.09,-554.65,-712.69,-9.585,-3109.04,-2570.27,631.2,0,0,-66.82,-55.24,97.48,80.59,-254.66,-210.53,339.8,280.92,-92.66,-76.61,-56.74,-46.91,-379.78,-313.96,0.0,0.0,-901.84,-745.56,-469.8,-388.39,297.94,246.31,73.99,61.17,1226.06,1013.59,194.62,160.89,-1144.9,-946.5,466.41,385.59
340,638,3000.0,855.26,2.333333,1.653418,-683.09,-1593.87,-1816.66,-1129.43,-1287.3,-22.77,-5411.23,-3834.44,631.3,0,0,353.35,250.39,135.89,96.29,76.72,54.37,798.06,565.51,-1023.59,-725.32,-709.6,-502.83,-364.76,-258.47,0.0,0.0,-94.25,-66.79,-512.24,-362.98,181.47,128.59,-570.29,-404.11,442.12,313.29,-68.53,-48.56,-388.38,-275.21,150.17,106.41
341,638,3500.0,855.26,2.0,1.653418,399.06,798.12,606.51,659.81,501.4,11.402,-3188.44,-2635.91,634.0,0,0,-220.32,-182.14,560.62,463.47,361.87,299.16,-65.03,-53.76,392.08,324.13,-302.92,-250.43,35.15,29.05,0.0,0.0,-582.8,-481.8,-672.07,-555.6,233.63,193.14,113.7,93.99,850.83,703.39,85.25,70.48,-966.62,-799.11,974.76,805.84
342,638,3500.0,855.26,2.0,1.653418,175.99,351.98,160.5,290.98,132.69,5.028,-3301.25,-2729.17,633.5,0,0,-1407.8,-1163.84,551.22,455.7,540.49,446.83,-533.83,-441.32,457.48,378.2,-331.91,-274.4,-422.75,-349.49,0.0,0.0,-233.53,-193.06,499.51,412.95,797.68,659.45,-272.62,-225.37,439.08,362.99,-121.3,-100.28,3.37,2.79,386.87,319.83
343,638,3500.0,855.26,2.0,1.653418,193.92,387.84,196.35,320.63,162.32,5.541,-1822.09,-1506.33,292.8,0,0,-61.02,-50.45,86.71,71.68,114.19,94.41,-479.66,-396.54,98.38,81.33,2261.65,1869.73,142.84,118.09,0.0,0.0,-1014.86,-839.0,-681.06,-563.03,-49.84,-41.21,487.28,402.84,-29.6,-24.47,198.23,163.88,-215.86,-178.45,-469.55,-388.18
344,638,4000.0,855.26,1.75,1.653418,-755.37,-1321.9,-1488.96,-1248.95,-1406.78,-18.884,-3114.67,-2942.77,590.0,0,0,-460.58,-435.16,-90.49,-85.49,87.37,82.54,-432.83,-408.94,-140.89,-133.11,-308.33,-291.31,68.89,65.09,0.0,0.0,-539.76,-509.97,-92.43,-87.33,875.55,827.23,-11.75,-11.1,-355.88,-336.24,294.08,277.85,-359.43,-339.6,144.58,136.6
345,638,3000.0,855.26,2.333333,1.653418,-1512.75,-3529.75,-3751.96,-2501.21,-2658.67,-50.425,-4535.1,-3213.61,635.2,0,0,98.15,69.55,376.75,266.97,-239.26,-169.54,384.65,272.57,-1008.73,-714.79,250.43,177.45,-1018.98,-722.06,0.0,0.0,-374.78,-265.57,-639.48,-453.14,-550.73,-390.25,-772.41,-547.34,-724.02,-513.04,23.38,16.57,404.55,286.66,260.72,184.75
346,638,3500.0,855.26,2.0,1.653418,-927.76,-1855.53,-2046.34,-1533.98,-1691.73,-26.508,-4135.86,-3419.16,626.7,0,0,-664.58,-549.42,74.36,61.47,139.12,115.01,-249.25,-206.06,501.95,414.97,-600.19,-496.18,-766.5,-633.67,0.0,0.0,-472.29,-390.45,-121.43,-100.39,66.75,55.18,307.88,254.53,159.05,131.49,923.94,763.83,40.83,33.76,-1195.16,-988.05
347,638,3500.0,855.26,2.0,1.653418,982.61,1965.22,1773.26,1624.66,1465.97,28.075,-3323.71,-2747.74,590.0,0,0,534.04,441.5,112.17,92.73,-97.0,-80.19,-41.77,-34.53,645.17,533.37,324.11,267.94,-789.06,-652.33,0.0,0.0,-630.4,-521.16,378.5,312.91,-443.53,-366.67,220.18,182.02,1322.7,1093.49,-373.78,-309.01,-127.14,-105.11,931.03,769.69
348,638,3000.0,855.26,2.333333,1.653418,559.38,1305.22,1081.56,924.89,766.4,18.646,-2195.25,-1555.57,590.0,0,0,644.09,456.41,154.16,109.24,-309.58,-219.37,-387.01,-274.24,-101.82,-72.15,261.72,185.45,-579.86,-410.89,0.0,0.0,268.51,190.27,8.77,6.22,592.8,420.06,-364.37,-258.19,-592.14,-419.59,546.22,387.06,671.55,475.87,492.18,348.76
349,638,3500.0,855.26,2.0,1.653418,441.27,882.54,690.9,729.6,571.18,12.608,-2177.36,-1800.04,292.8,0,0,-282.5,-233.54,967.47,799.81,-249.55,-206.3,-219.55,-181.5,-159.93,-132.22,1353.05,1118.58,-389.45,-321.96,0.0,0.0,428.31,354.09,-325.63,-269.2,720.15,595.36,-49.03,-40.53,-498.05,-411.74,-722.15,-597.01,-272.58,-225.34,581.97,481.12
350,638,3000.0,855.26,2.333333,1.653418,-578.03,-1348.74,-1571.6,-955.73,-1113.65,-19.268,-4384.97,-3107.23,633.5,0,0,141.63,100.36,395.69,280.39,65.67,46.53,190.16,134.75,25.01,17.72,-374.24,-265.19,-991.0,-702.23,0.0,0.0,-697.49,-494.25,549.9,389.66,-843.59,-597.77,124.96,88.55,-65.03,-46.08,-600.13,-425.26,113.92,80.72,615.8,436.36
351,638,3500.0,856.37,2.0,1.651268,-301.19,-602.38,-793.57,-497.35,-655.2,-8.605,-2463.82,-2034.21,887.5,0,0,-496.18,-409.66,208.51,172.15,113.39,93.62,123.05,101.59,121.74,100.51,-632.17,-521.94,-319.58,-263.85,0.0,0.0,490.56,405.02,-328.81,-271.48,-514.61,-424.88,-611.33,-504.74,-144.59,-119.38,536.82,443.22,-104.83,-86.55,955.64,789.01
352,638,3000.0,855.26,2.333333,1.653418,-1024.64,-2390.83,-2613.38,-1694.16,-1851.86,-34.155,-5271.04,-3735.1,644.8,0,0,-375.78,-266.28,267.33,189.43,-557.95,-395.37,-122.1,-86.52,-130.48,-92.46,179.82,127.42,-457.57,-324.23,0.0,0.0,-985.76,-698.52,84.27,59.71,-119.64,-84.78,-594.33,-421.14,-850.79,-602.88,597.5,423.39,1303.11,923.39,-628.46,-445.33
353,638,3500.0,855.26,2.0,1.653418,-155.62,-311.24,-502.52,-257.31,-415.44,-4.446,-2780.72,-2298.85,909.7,0,0,371.77,307.35,282.3,233.38,159.07,131.5,-448.08,-370.43,-789.51,-652.69,-175.57,-145.15,-467.74,-386.68,0.0,0.0,521.44,431.08,308.52,255.06,1745.21,1442.78,-130.46,-107.86,-44.79,-37.02,-1211.05,-1001.19,-306.07,-253.03,-126.29,-104.4
354,638,3500.0,855.26,2.0,1.653418,98.78,197.56,6.13,163.32,5.06,2.822,-3517.59,-2908.02,326.2,0,0,-378.94,-313.27,-110.4,-91.27,268.98,222.37,-77.86,-64.37,-102.12,-84.43,-145.71,-120.46,-417.89,-345.47,0.0,0.0,-845.27,-698.79,1088.75,900.08,239.14,197.7,-490.59,-405.58,191.02,157.92,222.73,184.13,606.49,501.39,149.23,123.37
355,638,3000.0,855.26,2.333333,1.653418,-577.47,-1347.44,-1570.3,-954.8,-1112.73,-19.249,-4190.51,-2969.43,634.5,0,0,1.24,0.88,58.24,41.27,175.67,124.48,231.88,164.31,37.58,26.63,-44.63,-31.62,-509.39,-360.96,0.0,0.0,472.17,334.58,-627.46,-444.63,-493.86,-349.95,-269.38,-190.88,-32.36,-22.93,-221.85,-157.2,-18.43,-13.06,-106.86,-75.72
356,638,3500.0,855.26,2.0,1.653418,-856.26,-1712.52,-1903.38,-1415.76,-1573.54,-24.465,-3591.51,-2969.14,631.2,0,0,-570.21,-471.4,23.57,19.49,144.12,119.15,629.89,520.74,-487.14,-402.72,-1147.21,-948.41,-477.84,-395.03,0.0,0.0,-409.57,-338.59,887.58,733.77,924.98,764.69,-215.82,-178.42,-306.97,-253.78,-215.93,-178.51,-613.02,-506.79,121.04,100.06
357,638,3000.0,855.26,2.333333,1.653418,-1593.84,-3718.96,-3941.12,-2635.29,-2792.7,-53.128,-4369.27,-3096.1,883.8,0,0,190.28,134.84,363.1,257.3,32.07,22.72,-478.02,-338.73,13.48,9.55,-409.22,-289.98,-236.86,-167.84,0.0,0.0,-355.33,-251.79,-461.05,-326.71,-730.21,-517.43,-740.25,-524.55,-249.58,-176.85,148.11,104.95,-1099.54,-779.15,294.07,208.38
358,638,3500.0,855.26,2.0,1.653418,-822.26,-1644.53,-1835.4,-1359.54,-1517.35,-23.493,-3969.9,-3281.95,626.7,0,0,-760.62,-628.81,103.88,85.87,125.32,103.6,-765.05,-632.48,-27.62,-22.83,-34.74,-28.72,468.63,387.42,0.0,0.0,-531.07,-439.04,-9.25,-7.65,-382.17,-315.94,-449.07,-371.25,437.37,361.58,309.71,256.04,213.18,176.24,-343.03,-283.58
359,638,3500.0,855.26,2.0,1.653418,1173.04,2346.09,2154.01,1939.53,1780.74,33.516,-2237.82,-1850.02,477.0,0,0,596.53,493.15,138.23,114.28,167.47,138.45,-74.6,-61.67,300.41,248.35,168.52,139.32,-407.06,-336.52,0.0,0.0,-105.5,-87.22,318.94,263.67,-656.73,-542.92,-268.72,-222.15,642.67,531.3,864.2,714.44,451.81,373.52,209.9,173.53
360,638,3500.0,855.26,2.0,1.653418,-584.8,-1169.61,-1360.63,-966.93,-1124.84,-16.709,-3231.38,-2671.41,772.2,0,0,-218.6,-180.72,165.75,137.02,-68.47,-56.61,691.72,571.85,768.5,635.33,-180.02,-148.83,495.52,409.65,0.0,0.0,-612.73,-506.55,-369.42,-305.41,-224.54,-185.63,375.63,310.54,-686.38,-567.44,-819.57,-677.54,-203.16,-167.95,-283.84,-234.65
361,638,3500.0,855.26,2.0,1.653418,407.06,814.12,622.5,673.04,514.63,11.63,-2888.02,-2387.55,634.0,0,0,-288.48,-238.49,79.66,65.86,84.61,69.95,-506.22,-418.5,63.68,52.65,18.86,15.6,-216.2,-178.74,0.0,0.0,-634.86,-524.84,450.53,372.45,626.86,518.23,2.54,2.1,247.58,204.68,395.66,327.1,-337.62,-279.12,827.51,684.11
362,638,3500.0,855.26,2.0,1.653418,-2008.21,-4016.43,-4206.6,-3320.42,-3477.63,-57.378,-5483.17,-4532.99,590.2,0,0,-23.17,-19.15,-278.81,-230.5,127.61,105.49,259.92,214.88,-201.74,-166.78,-18.61,-15.39,-20.89,-17.27,0.0,0.0,-579.92,-479.43,-305.14,-252.27,-1013.68,-838.02,-516.75,-427.2,-170.08,-140.6,-397.87,-328.93,-4.44,-3.67,-872.86,-721.6
363,638,3500.0,856.37,2.0,1.651268,-1064.31,-2128.62,-2319.35,-1757.46,-1914.94,-30.409,-4394.32,-3628.1,887.5,0,0,-29.86,-24.65,343.95,283.98,228.31,188.5,-519.71,-429.09,-58.33,-48.16,93.2,76.95,319.47,263.76,0.0,0.0,-221.55,-182.92,-869.31,-717.73,-477.01,-393.83,-486.74,-401.87,-134.7,-111.21,-112.75,-93.09,-207.28,-171.14,3.67,3.03
364,638,3500.0,855.26,2.0,1.653418,-1081.71,-2163.41,-2354.14,-1788.51,-1946.19,-30.906,-4600.39,-3803.19,899.8,0,0,-146.96,-121.49,187.38,154.91,-113.65,-93.95,-94.09,-77.78,-428.56,-354.3,-377.93,-312.44,-382.91,-316.56,0.0,0.0,-962.88,-796.02,585.65,484.16,359.37,297.09,-239.78,-198.23,598.55,494.83,-701.16,-579.66,-235.09,-194.35,-211.34,-174.72
365,638,3500.0,856.37,2.0,1.651268,-1409.1,-2818.19,-3008.72,-2326.8,-2484.1,-40.26,-5215.83,-4306.36,626.7,0,0,-489.7,-404.32,390.57,322.47,-79.87,-65.94,170.51,140.78,-48.02,-39.65,-1010.14,-834.0,-195.63,-161.52,0.0,0.0,-1370.26,-1131.33,759.62,627.17,-368.21,-304.0,133.21,109.98,-595.39,-491.57,452.47,373.58,-129.41,-106.84,-437.95,-361.59
366,638,3500.0,855.26,2.0,1.653418,-732.81,-1465.61,-1656.54,-1211.63,-1369.48,-20.937,-4502.12,-3721.94,576.3,0,0,-97.35,-80.48,-169.31,-139.97,122.47,101.24,-476.06,-393.57,-288.67,-238.65,170.01,140.55,-287.36,-237.56,0.0,0.0,-1127.79,-932.35,707.34,584.76,473.35,391.32,-621.86,-514.1,-72.61,-60.03,502.05,415.05,-336.95,-278.56,37.14,30.71
367,638,3000.0,855.26,2.333333,1.653418,-26.31,-61.38,-284.63,-43.49,-201.69,-0.877,-2260.69,-1601.95,622.2,0,0,-505.32,-358.08,547.34,387.85,-36.28,-25.71,157.01,111.26,261.93,185.6,-134.65,-95.41,-306.22,-216.99,0.0,0.0,-115.19,-81.62,418.75,296.73,-98.34,-69.68,49.95,35.39,-898.53,-636.71,-188.66,-133.68,910.6,645.26,-123.77,-87.7
368,638,3500.0,855.26,2.0,1.653418,-1378.15,-2756.29,-2946.84,-2278.65,-2436.18,-39.376,-4999.69,-4133.29,590.0,0,0,407.97,337.27,-446.59,-369.2,75.42,62.35,-285.59,-236.1,304.01,251.33,-461.13,-381.22,-524.25,-433.4,0.0,0.0,-581.96,-481.12,-188.13,-155.53,312.71,258.52,-11.6,-9.59,-481.27,-397.87,557.92,461.24,-787.63,-651.14,-646.16,-534.18
369,638,3500.0,855.26,2.0,1.653418,857.16,1714.33,1522.44,1417.25,1258.62,24.49,-2605.98,-2154.39,327.5,0,0,-772.9,-638.96,765.49,632.83,415.81,343.76,-271.15,-224.16,-195.3,-161.45,-183.07,-151.34,642.88,531.47,0.0,0.0,-420.08,-347.28,347.5,287.28,1264.61,1045.46,269.91,223.14,-322.39,-266.52,590.71,488.34,-226.71,-187.43,-190.99,-157.89
370,638,3000.0,855.26,2.333333,1.653418,-2133.43,-4978.0,-5199.77,-3527.45,-3684.6,-71.114,-6519.26,-4619.6,832.0,0,0,59.85,42.41,122.7,86.95,-312.53,-221.46,-1622.55,-1149.75,456.99,323.82,156.54,110.92,-508.92,-360.63,0.0,0.0,282.78,200.38,-314.46,-222.83,-762.03,-539.98,-281.64,-199.57,10.56,7.48,-778.48,-551.64,-1385.17,-981.54,-101.64,-72.02
371,638,3500.0,855.26,2.0,1.653418,-278.86,-557.73,-748.93,-461.08,-619.15,-7.968,-3744.74,-3095.81,373.0,0,0,-83.84,-69.31,152.49,126.06,29.1,24.06,879.11,726.77,-134.27,-111.0,-547.45,-452.59,-653.59,-540.33,0.0,0.0,527.24,435.87,-320.25,-264.76,394.59,326.21,-928.56,-767.64,-221.61,-183.2,179.52,148.41,-411.83,-340.46,581.62,480.83
372,638,3500.0,855.26,2.0,1.653418,-451.46,-902.92,-1094.02,-746.45,-904.44,-12.899,-3756.21,-3105.29,630.0,0,0,-318.79,-263.54,71.83,59.38,-67.81,-56.06,-863.98,-714.26,16.05,13.27,470.17,388.69,246.83,204.06,0.0,0.0,-444.43,-367.42,258.57,213.77,474.84,392.56,125.88,104.06,1051.67,869.42,-491.16,-406.05,-1364.34,-1127.91,-68.25,-56.43
373,638,3500.0,855.26,2.0,1.653418,263.26,526.51,334.98,435.27,276.93,7.522,-3788.54,-3132.02,644.8,0,0,63.62,52.59,401.65,332.05,-117.12,-96.83,110.1,91.02,70.42,58.22,94.0,77.71,-147.99,-122.34,0.0,0.0,-1334.36,-1103.13,225.94,186.79,-373.19,-308.52,529.6,437.82,886.28,732.7,273.71,226.27,-263.01,-217.43,106.86,88.34
374,638,3000.0,856.37,2.333333,1.651268,258.99,604.3,380.85,427.65,269.52,8.633,-3499.99,-2476.89,527.3,0,0,-197.02,-139.43,214.12,151.53,-141.99,-100.49,474.15,335.55,-276.81,-195.89,-308.63,-218.42,152.68,108.05,0.0,0.0,521.94,369.37,-33.8,-23.92,165.7,117.27,435.89,308.47,-420.66,-297.69,-188.18,-133.17,-232.77,-164.73,439.67,311.15
375,638,3500.0,855.26,2.0,1.653418,1530.21,3060.43,2868.14,2530.08,2371.11,43.72,-2183.13,-1804.81,345.8,0,0,7.79,6.44,724.52,598.97,317.7,262.65,1346.3,1113.0,137.85,113.96,-92.88,-76.79,-335.88,-277.67,0.0,0.0,-452.7,-374.25,182.28,150.69,1367.71,1130.7,217.31,179.65,-826.59,-683.35,434.16,358.93,5.68,4.69,27.17,22.46
376,638,3500.0,855.26,2.0,1.653418,93.6,187.21,-4.22,154.77,-3.49,2.674,-3192.89,-2639.59,542.7,0,0,298.01,246.37,302.12,249.77,58.63,48.47,501.68,414.74,-65.77,-54.37,-48.59,-40.17,-379.9,-314.07,0.0,0.0,-771.09,-637.47,-111.27,-91.99,165.2,136.57,53.5,44.23,-182.61,-150.96,564.68,466.82,316.49,261.65,-513.88,-424.83
377,638,3000.0,856.37,2.333333,1.651268,-1357.3,-3167.04,-3389.36,-2241.27,-2398.6,-45.243,-6082.66,-4304.61,908.8,0,0,-138.71,-98.17,180.8,127.95,595.36,421.33,40.53,28.68,190.56,134.86,186.12,131.71,303.72,214.94,0.0,0.0,-1742.62,-1233.23,-451.12,-319.25,-304.31,-215.35,-885.76,-626.84,-0.9,-0.63,475.95,336.83,-584.0,-413.29,-1032.65,-730.79
378,638,4000.0,855.26,1.75,1.653418,-1129.15,-1976.01,-2142.87,-1866.95,-2024.6,-28.229,-3188.96,-3012.96,590.0,0,0,219.78,207.65,260.31,245.94,-230.51,-217.79,14.16,13.38,-108.58,-102.59,-246.43,-232.83,-353.86,-334.33,0.0,0.0,-209.57,-198.0,73.38,69.33,-250.39,-236.57,-309.93,-292.83,-299.11,-282.6,50.89,48.08,-795.85,-751.93,209.71,198.14
379,638,3500.0,855.26,2.0,1.653418,-749.2,-1498.4,-1689.32,-1238.74,-1396.58,-21.406,-4018.99,-3322.54,631.8,0,0,-400.52,-331.12,-566.02,-467.93,148.24,122.55,784.81,648.81,-281.6,-232.8,-433.83,-358.65,466.68,385.81,0.0,0.0,-181.11,-149.73,136.77,113.07,-7.32,-6.05,-301.96,-249.63,-656.12,-542.42,-168.97,-139.69,-106.17,-87.77,68.73,56.82
380,638,3500.0,855.26,2.0,1.653418,-1987.97,-3975.94,-4166.12,-3286.94,-3444.17,-56.799,-5445.08,-4501.49,899.7,0,0,-25.27,-20.89,268.87,222.28,-241.92,-200.0,-39.55,-32.7,-124.04,-102.54,-725.49,-599.77,-502.81,-415.68,0.0,0.0,-591.43,-488.94,-333.37,-275.6,106.24,87.83,27.71,22.9,-734.05,-606.85,-763.31,-631.03,129.68,107.21,-427.2,-353.17
381,638,4000.0,855.26,1.75,1.653418,-2040.9,-3571.58,-3737.96,-3374.46,-3531.66,-51.023,-4583.79,-4330.81,632.2,0,0,-938.76,-886.95,123.31,116.51,244.01,230.54,750.99,709.54,-401.85,-379.67,-752.54,-711.0,-108.11,-102.14,0.0,0.0,-822.13,-776.76,127.67,120.62,-279.33,-263.92,-705.51,-666.57,-337.39,-318.77,-548.64,-518.36,-476.94,-450.62,553.64,523.09
382,638,3500.0,855.26,2.0,1.653418,-432.1,-864.2,-1055.31,-714.44,-872.43,-12.346,-4593.63,-3797.6,883.3,0,0,128.64,106.35,-103.49,-85.55,-2.78,-2.3,111.6,92.26,-141.23,-116.75,-551.46,-455.9,342.14,282.85,0.0,0.0,-912.32,-754.23,-230.99,-190.96,44.99,37.19,661.71,547.04,226.7,187.42,-186.65,-154.3,224.22,185.36,-475.28,-392.91
383,638,3000.0,855.26,2.333333,1.653418,-657.56,-1534.3,-1757.11,-1087.22,-1245.1,-21.919,-4600.16,-3259.71,635.0,0,0,-662.87,-469.72,-100.42,-71.15,-63.37,-44.91,-782.72,-554.64,-192.87,-136.67,-742.31,-526.0,450.37,319.13,0.0,0.0,-916.92,-649.74,-714.05,-505.98,-97.26,-68.92,215.39,152.62,1170.95,829.75,388.63,275.39,-56.5,-40.03,569.63,403.65
384,638,3000.0,855.26,2.333333,1.653418,-1385.88,-3233.73,-3456.03,-2291.44,-2448.97,-46.196,-5797.74,-4108.33,645.3,0,0,-726.46,-514.77,228.03,161.59,-126.51,-89.65,198.51,140.67,-511.99,-362.8,-205.71,-145.77,-439.87,-311.7,0.0,0.0,-524.92,-371.96,-569.76,-403.73,378.91,268.5,-774.94,-549.13,-920.9,-652.55,428.99,303.98,282.19,199.96,50.69,35.92
385,638,3500.0,855.26,2.0,1.653418,-274.26,-548.53,-739.74,-453.47,-611.55,-7.836,-3463.55,-2863.35,493.7,0,0,-128.23,-106.01,225.81,186.68,6.09,5.03,738.02,610.13,-138.77,-114.72,-310.16,-256.41,-441.42,-364.92,0.0,0.0,-864.52,-714.71,-287.07,-237.32,-107.03,-88.48,544.19,449.89,179.35,148.27,-39.23,-32.44,696.12,575.49,-621.68,-513.95
386,638,3500.0,855.26,2.0,1.653418,-490.87,-981.74,-1172.82,-811.61,-969.58,-14.025,-3568.87,-2950.42,882.0,0,0,-600.75,-496.65,105.46,87.19,257.25,212.67,-101.49,-83.91,555.51,459.24,641.21,530.09,24.47,20.23,0.0,0.0,57.93,47.89,502.24,415.21,-316.57,-261.71,-90.75,-75.02,-436.56,-360.91,-88.46,-73.13,-959.51,-793.23,-531.72,-439.57
387,638,3500.0,855.26,2.0,1.653418,-425.5,-850.99,-1042.11,-703.52,-861.52,-12.157,-2935.92,-2427.15,902.0,0,0,-562.43,-464.97,522.67,432.1,-202.96,-167.79,-1204.86,-996.07,271.08,224.1,599.07,495.26,495.96,410.01,0.0,0.0,-219.21,-181.23,-266.74,-220.52,-326.3,-269.75,-153.71,-127.08,-142.09,-117.47,-188.14,-155.54,480.22,397.0,46.46,38.41
388,638,3500.0,856.37,2.0,1.651268,-76.75,-153.49,-344.82,-126.73,-284.69,-2.193,-4697.05,-3878.05,408.7,0,0,74.43,61.45,268.6,221.76,52.53,43.37,802.62,662.67,471.21,389.05,-245.12,-202.38,-652.39,-538.64,0.0,0.0,-654.63,-540.49,595.84,491.94,642.29,530.29,-442.37,-365.24,-106.26,-87.73,288.07,237.84,-815.38,-673.21,-432.92,-357.43
389,638,3500.0,855.26,2.0,1.653418,1036.07,2072.13,1880.14,1713.05,1554.33,29.602,-2428.55,-2007.7,902.2,0,0,-1038.33,-858.4,77.84,64.35,-241.21,-199.41,871.89,720.8,11.36,9.39,1223.61,1011.57,216.58,179.05,0.0,0.0,-247.49,-204.6,-866.12,-716.03,46.46,38.41,14.2,11.74,653.75,540.46,1272.46,1051.95,136.14,112.55,-59.0,-48.77
390,638,3000.0,855.26,2.333333,1.653418,-1885.27,-4398.97,-4620.92,-3117.15,-3274.42,-62.842,-6890.48,-4882.65,644.8,0,0,800.89,567.52,126.7,89.78,98.02,69.45,-877.04,-621.47,-664.42,-470.81,217.0,153.77,241.12,170.86,0.0,0.0,-490.97,-347.91,-483.28,-342.45,-857.96,-607.96,-382.66,-271.16,-1017.84,-721.25,361.49,256.15,-822.7,-582.97,-647.33,-458.7
391,638,3500.0,855.26,2.0,1.653418,29.13,58.25,-133.14,48.16,-110.06,0.832,-3299.91,-2728.07,626.7,0,0,-171.89,-142.11,51.93,42.93,30.68,25.37,-183.97,-152.09,225.62,186.53,-1104.74,-913.3,-334.0,-276.12,0.0,0.0,-265.58,-219.56,849.17,702.02,-247.27,-204.42,-69.82,-57.72,726.67,600.75,378.26,312.71,345.23,285.4,-172.03,-142.22
392,638,3500.0,855.26,2.0,1.653418,1254.25,2508.51,2316.38,2073.81,1914.98,35.836,-2847.92,-2354.4,590.0,0,0,199.29,164.75,342.12,282.84,128.04,105.85,-30.4,-25.13,427.49,353.41,-653.27,-540.07,421.11,348.13,0.0,0.0,-450.56,-372.48,80.55,66.6,-228.12,-188.59,311.04,257.14,857.62,709.0,589.87,487.65,361.38,298.75,152.34,125.94
393,638,3500.0,855.26,2.0,1.653418,-317.43,-634.87,-826.05,-524.85,-682.9,-9.07,-3249.74,-2686.59,644.8,0,0,80.62,66.65,168.44,139.25,-187.25,-154.8,440.21,363.93,-137.46,-113.64,-594.1,-491.15,339.84,280.94,0.0,0.0,-1119.1,-925.17,361.05,298.48,220.82,182.56,-250.3,-206.93,-225.28,-186.24,-156.93,-129.74,-323.0,-267.03,747.57,618.02
394,638,4000.0,855.26,1.75,1.653418,-2688.55,-4704.97,-4871.01,-4445.3,-4602.18,-67.214,-5553.62,-5247.12,908.5,0,0,-633.26,-598.31,-246.69,-233.08,366.96,346.7,-448.5,-423.75,138.02,130.4,68.79,64.99,-669.94,-632.97,0.0,0.0,-264.69,-250.08,-611.54,-577.79,-763.05,-720.93,70.38,66.5,-838.85,-792.55,-293.1,-276.93,-614.56,-580.64,35.09,33.15
395,638,3500.0,855.26,2.0,1.653418,531.69,1063.37,871.68,879.1,720.63,15.191,-3377.65,-2792.34,633.5,0,0,-92.9,-76.81,543.92,449.67,537.98,444.75,-340.36,-281.38,133.82,110.63,-505.69,-418.06,-247.87,-204.91,0.0,0.0,1155.72,955.44,-132.74,-109.74,613.88,507.5,-96.42,-79.71,74.06,61.22,-475.48,-393.08,-326.22,-269.69,221.69,183.27
396,638,3500.0,855.26,2.0,1.653418,828.73,1657.46,1465.59,1370.24,1211.62,23.678,-2510.9,-2075.78,371.8,0,0,-211.67,-174.99,680.66,562.71,521.97,431.52,170.0,140.54,173.92,143.78,31.03,25.66,243.47,201.28,0.0,0.0,464.35,383.89,-567.51,-469.17,-391.01,-323.25,-218.54,-180.67,400.88,331.41,471.43,389.73,179.29,148.22,-290.8,-240.41
397,638,3500.0,856.37,2.0,1.651268,-1457.75,-2915.5,-3105.99,-2407.13,-2564.42,-41.65,-4468.03,-3688.96,635.0,0,0,-134.72,-111.23,-112.96,-93.26,-156.84,-129.5,-253.5,-209.3,-391.65,-323.36,-407.67,-336.59,-681.35,-562.54,0.0,0.0,-102.35,-84.5,-639.86,-528.29,-512.41,-423.07,138.44,114.3,78.5,64.81,696.04,574.67,98.59,81.4,-533.75,-440.68
398,638,3500.0,855.26,2.0,1.653418,-239.06,-478.11,-669.34,-395.26,-553.35,-6.83,-3163.45,-2615.26,908.8,0,0,-611.08,-505.19,676.8,559.52,-177.13,-146.44,-593.43,-490.6,-304.57,-251.79,-154.05,-127.35,-133.64,-110.48,0.0,0.0,755.44,624.53,718.03,593.6,182.09,150.54,-144.33,-119.32,52.98,43.8,-139.6,-115.41,-372.75,-308.16,-232.86,-192.51
399,638,3500.0,855.26,2.0,1.653418,-262.98,-525.96,-717.18,-434.82,-592.9,-7.514,-2220.67,-1835.84,590.0,0,0,-529.42,-437.68,516.38,426.9,120.36,99.5,413.87,342.15,-2.12,-1.75,-396.69,-327.95,-15.24,-12.6,0.0,0.0,-225.17,-186.15,371.78,307.36,58.96,48.74,78.04,64.51,-491.88,-406.64,-163.58,-135.24,-147.18,-121.68,-114.05,-94.29
400,638,3500.0,855.26,2.0,1.653418,-912.04,-1824.08,-2014.9,-1507.98,-1665.74,-26.058,-2735.81,-2261.72,476.3,0,0,-39.2,-32.4,-50.39,-41.66,355.25,293.69,-99.23,-82.03,-605.07,-500.22,72.62,60.04,-254.85,-210.69,0.0,0.0,108.08,89.35,232.97,192.6,-263.51,-217.84,-1038.58,-858.61,-289.69,-239.49,-140.41,-116.07,67.21,55.56,120.72,99.8
401,638,3000.0,855.26,2.333333,1.653418,-1612.39,-3762.24,-3984.38,-2665.95,-2823.36,-53.746,-6380.5,-4521.27,634.7,0,0,-196.59,-139.31,628.29,445.21,578.99,410.28,163.47,115.84,-71.29,-50.51,-1127.37,-798.86,-723.85,-512.93,0.0,0.0,-636.14,-450.78,-431.74,-305.93,-145.37,-103.01,-329.4,-233.41,-591.31,-419.01,-480.38,-340.4,-660.36,-467.94,260.81,184.81
402,638,4000.0,855.26,1.75,1.653418,-396.17,-693.29,-860.54,-655.03,-813.04,-9.904,-2504.85,-2366.61,604.0,0,0,39.14,36.98,-87.81,-82.97,52.94,50.02,-599.17,-566.1,729.87,689.59,-574.36,-542.66,335.71,317.18,0.0,0.0,-1091.97,-1031.71,-403.69,-381.41,-871.59,-823.49,342.17,323.29,-315.6,-298.18,921.93,871.05,-58.89,-55.64,888.04,839.03
403,638,4000.0,855.26,1.75,1.653418,-674.72,-1180.76,-1347.86,-1115.6,-1273.47,-16.868,-4345.45,-4105.63,644.7,0,0,-249.94,-236.15,104.8,99.02,183.81,173.66,-80.53,-76.08,-86.25,-81.49,-457.28,-432.05,-135.34,-127.87,0.0,0.0,-496.94,-469.52,457.88,432.61,349.42,330.13,-446.16,-421.54,-137.07,-129.51,-261.61,-247.17,88.12,83.26,-13.66,-12.91
404,638,3500.0,855.26,2.0,1.653418,41.2,82.39,-109.0,68.12,-90.11,1.177,-2366.7,-1956.57,491.0,0,0,-180.43,-149.17,255.89,211.55,405.81,335.49,10.26,8.48,-59.64,-49.3,-13.07,-10.8,147.2,121.69,0.0,0.0,-555.95,-459.61,520.25,430.1,-323.81,-267.69,-727.57,-601.49,112.49,93.0,258.99,214.11,-407.52,-336.9,639.49,528.67
405,638,4000.0,855.26,1.75,1.653418,-1050.03,-1837.56,-2004.46,-1736.14,-1893.83,-26.251,-3589.01,-3390.93,637.0,0,0,-179.42,-169.52,532.99,503.57,-83.74,-79.12,138.02,130.4,-104.92,-99.13,-444.28,-419.76,89.27,84.35,0.0,0.0,-202.83,-191.64,-425.41,-401.93,-63.04,-59.56,-535.73,-506.16,-540.66,-510.82,260.58,246.2,166.01,156.84,-444.4,-419.88
406,638,4000.0,855.26,1.75,1.653418,-720.79,-1261.38,-1428.45,-1191.77,-1349.62,-18.02,-2895.56,-2735.75,906.2,0,0,-134.51,-127.09,21.7,20.5,89.33,84.4,-166.5,-157.31,124.25,117.39,-460.99,-435.55,69.36,65.53,0.0,0.0,-1042.53,-984.99,-169.07,-159.74,-511.14,-482.93,-198.02,-187.09,-270.92,-255.97,581.44,549.35,766.52,724.21,39.71,37.52
407,638,3000.0,855.26,2.333333,1.653418,-1017.02,-2373.04,-2595.6,-1681.56,-1839.26,-33.901,-4855.22,-3440.45,632.8,0,0,303.48,215.05,-528.96,-374.82,51.22,36.29,512.15,362.91,-609.91,-432.19,-3.01,-2.14,-362.49,-256.86,0.0,0.0,-627.15,-444.4,357.5,253.33,-216.42,-153.36,-228.96,-162.24,-741.04,-525.11,-474.24,-336.05,485.18,343.8,-290.38,-205.77
408,638,3500.0,855.26,2.0,1.653418,-33.26,-66.53,-257.88,-55.0,-213.19,-0.95,-3485.55,-2881.54,398.7,0,0,-473.06,-391.09,-376.69,-311.41,-54.45,-45.01,489.62,404.77,557.0,460.47,-479.33,-396.27,55.35,45.76,0.0,0.0,68.44,56.58,-185.46,-153.32,147.27,121.75,-22.52,-18.62,-336.21,-277.95,-47.32,-39.12,957.06,791.21,-366.22,-302.76
409,638,3500.0,855.26,2.0,1.653418,134.61,269.22,77.77,222.57,64.29,3.846,-3385.44,-2798.77,381.8,0,0,-123.91,-102.43,274.74,227.13,175.28,144.91,65.37,54.04,-374.89,-309.92,-540.36,-446.72,352.07,291.06,0.0,0.0,-8.15,-6.74,-438.16,-362.23,496.52,410.48,346.5,286.46,1061.08,877.21,235.06,194.32,-597.89,-494.28,-654.04,-540.7
410,638,3000.0,855.26,2.333333,1.653418,-389.8,-909.53,-1132.52,-644.5,-802.51,-12.993,-4501.52,-3189.81,588.2,0,0,-721.09,-510.97,624.8,442.74,177.71,125.93,-89.25,-63.24,22.22,15.74,246.8,174.88,-802.91,-568.95,0.0,0.0,967.18,685.35,-175.76,-124.54,657.39,465.83,-613.02,-434.39,261.42,185.24,114.59,81.2,-857.96,-607.95,-721.65,-511.36
411,638,4000.0,856.37,1.75,1.651268,-1267.94,-2218.9,-2385.68,-2093.71,-2251.09,-31.699,-3050.31,-2878.22,903.0,0,0,-508.63,-479.94,141.91,133.9,-65.72,-62.01,-193.17,-182.27,104.85,98.93,-476.84,-449.94,-91.58,-86.41,0.0,0.0,148.37,140.0,23.14,21.83,-86.95,-82.04,-581.87,-549.04,-541.34,-510.8,331.29,312.6,-114.02,-107.59,-308.33,-290.93
412,638,3000.0,855.26,2.333333,1.653418,397.01,926.36,702.81,656.43,498.02,13.234,-3216.77,-2279.43,373.0,0,0,169.58,120.17,177.29,125.63,-39.78,-28.19,-521.24,-369.36,785.88,556.88,-961.28,-681.17,342.03,242.37,0.0,0.0,144.98,102.74,390.64,276.81,778.06,551.34,-153.98,-109.11,-383.86,-272.01,384.63,272.55,264.8,187.64,-451.41,-319.87
413,638,3500.0,855.26,2.0,1.653418,478.19,956.39,764.73,790.66,632.21,13.663,-3125.46,-2583.85,635.0,0,0,-279.58,-231.13,110.54,91.38,201.3,166.41,274.52,226.95,-197.47,-163.25,-462.07,-382.0,436.01,360.45,0.0,0.0,-729.39,-602.99,97.02,80.21,1588.3,1313.06,136.24,112.63,263.44,217.78,573.49,474.11,-777.2,-642.52,-278.76,-230.46
414,638,3500.0,856.37,2.0,1.651268,733.53,1467.07,1275.26,1211.26,1052.9,20.958,-2601.39,-2147.8,321.0,0,0,-505.58,-417.42,-373.13,-308.07,-160.44,-132.46,869.06,717.53,297.7,245.79,-160.55,-132.56,327.49,270.38,0.0,0.0,-396.32,-327.22,305.71,252.41,587.21,484.82,2.43,2.0,-165.62,-136.75,1225.55,1011.86,68.16,56.27,-454.61,-375.34
415,638,3000.0,855.26,2.333333,1.653418,-619.26,-1444.94,-1667.78,-1023.9,-1181.8,-20.642,-4751.62,-3367.04,645.3,0,0,-554.89,-393.2,-282.11,-199.9,444.99,315.32,242.83,172.07,939.63,665.83,-530.84,-376.16,32.46,23.0,0.0,0.0,-651.74,-461.83,218.68,154.96,-121.29,-85.94,-474.18,-336.01,766.34,543.04,-488.28,-346.0,-1104.43,-782.61,117.88,83.53
416,638,4000.0,856.37,1.75,1.651268,-1687.8,-2953.66,-3120.22,-2787.02,-2944.19,-42.195,-3575.18,-3373.47,631.0,0,0,-291.53,-275.09,279.15,263.4,-158.42,-149.48,-575.44,-542.97,519.84,490.51,35.26,33.27,-406.5,-383.57,0.0,0.0,59.59,56.23,-683.23,-644.69,-450.77,-425.33,-851.11,-803.09,-88.22,-83.24,-500.3,-472.08,-642.69,-606.43,800.72,755.54
417,638,3500.0,855.26,2.0,1.653418,-1181.7,-2363.4,-2554.06,-1953.84,-2111.46,-33.763,-4824.29,-3988.28,633.5,0,0,-404.25,-334.19,-12.3,-10.17,226.49,187.24,170.41,140.88,-70.92,-58.63,-649.21,-536.71,-746.11,-616.82,0.0,0.0,-512.44,-423.64,-370.85,-306.58,-423.8,-350.36,598.95,495.16,264.48,218.65,-290.3,-240.0,362.26,299.49,-505.81,-418.16
418,638,3500.0,856.37,2.0,1.651268,-1341.44,-2682.87,-2873.44,-2215.07,-2372.41,-38.327,-4221.02,-3485.02,899.7,0,0,-393.96,-325.26,623.83,515.06,-132.05,-109.03,51.54,42.55,-48.82,-40.31,-1408.34,-1162.77,51.4,42.43,0.0,0.0,-620.7,-512.48,404.96,334.35,-469.94,-388.0,-33.19,-27.4,-457.74,-377.92,-243.93,-201.39,243.32,200.89,-249.26,-205.8
419,638,3000.0,855.26,2.333333,1.653418,61.67,143.9,-79.41,101.97,-56.27,2.056,-3336.84,-2364.51,626.3,0,0,228.83,162.15,507.71,359.77,512.08,362.86,322.38,228.44,96.94,68.7,-715.22,-506.81,103.69,73.47,0.0,0.0,-887.87,-629.15,-445.9,-315.97,874.57,619.73,105.58,74.81,745.7,528.41,-48.22,-34.17,-814.19,-576.94,-442.17,-313.33
420,638,3000.0,855.26,2.333333,1.653418,800.01,1866.68,1642.86,1322.75,1164.14,26.667,-2795.78,-1981.11,631.2,0,0,-536.7,-380.31,600.2,425.31,345.42,244.76,321.97,228.15,329.36,233.39,80.84,57.29,-516.39,-365.92,0.0,0.0,-323.18,-229.01,405.09,287.05,1177.83,834.62,425.36,301.41,-303.79,-215.27,327.9,232.35,-334.01,-236.68,-133.21,-94.39
421,638,3000.0,855.26,2.333333,1.653418,2464.35,5750.16,5525.17,4074.61,3915.18,82.145,-2173.25,-1539.98,338.7,0,0,398.24,282.19,544.3,385.7,478.96,339.39,474.26,336.06,599.19,424.59,728.97,516.55,-475.6,-337.01,0.0,0.0,222.1,157.38,250.43,177.46,2164.89,1534.06,8.58,6.08,-884.99,-627.11,908.58,643.83,-90.68,-64.26,422.93,299.69
422,638,3500.0,855.26,2.0,1.653418,-1613.63,-3227.26,-3417.66,-2668.0,-2825.41,-46.104,-5163.88,-4269.02,626.8,0,0,-452.64,-374.2,275.32,227.61,-280.93,-232.25,-458.67,-379.19,190.03,157.1,-34.14,-28.22,-769.65,-636.28,0.0,0.0,-545.83,-451.24,-329.01,-271.99,-39.95,-33.03,-467.71,-386.66,-685.24,-566.5,150.52,124.44,-232.46,-192.17,453.09,374.57
423,638,3500.0,855.26,2.0,1.653418,259.67,519.35,327.82,429.35,271.01,7.419,-3888.68,-3214.81,588.3,0,0,422.29,349.11,-529.79,-437.98,-18.91,-15.63,1121.51,927.17,447.1,369.62,135.94,112.38,-237.98,-196.74,0.0,0.0,-400.1,-330.77,-976.29,-807.11,1366.33,1129.55,-193.46,-159.94,-672.13,-555.66,-146.1,-120.79,-354.86,-293.36,555.8,459.49
424,638,3000.0,855.26,2.333333,1.653418,-957.0,-2232.99,-2455.59,-1582.31,-1740.05,-31.9,-4830.62,-3423.02,635.7,0,0,-501.21,-355.16,302.17,214.12,-245.25,-173.78,-289.93,-205.45,-208.91,-148.03,-103.31,-73.2,-540.26,-382.83,0.0,0.0,-860.24,-609.57,-473.6,-335.6,830.74,588.67,-378.18,-267.98,-388.75,-275.47,568.3,402.71,-155.06,-109.87,210.49,149.16
425,638,4500.0,856.37,1.555556,1.651268,639.48,994.74,845.6,1055.95,897.63,14.211,-2279.71,-2419.98,346.2,0,0,-193.14,-205.02,395.91,420.27,78.66,83.5,149.3,158.49,84.12,89.29,85.15,90.39,-174.82,-185.58,0.0,0.0,-225.86,-239.75,-97.39,-103.39,54.54,57.9,545.79,579.37,155.69,165.27,277.92,295.02,0.48,0.51,-141.61,-150.32
426,638,3500.0,855.26,2.0,1.653418,-579.29,-1158.59,-1349.61,-957.81,-1115.73,-16.551,-4365.91,-3609.34,870.5,0,0,-330.09,-272.88,-236.62,-195.62,-256.4,-211.97,1232.51,1018.93,34.21,28.28,-924.61,-764.38,-647.59,-535.37,0.0,0.0,-199.68,-165.08,132.11,109.22,189.74,156.86,-101.04,-83.53,124.08,102.58,958.99,792.81,-381.66,-315.52,-752.55,-622.14
427,638,3500.0,856.37,2.0,1.651268,-2509.05,-5018.1,-5207.96,-4143.11,-4299.87,-71.687,-7047.2,-5818.41,900.0,0,0,-661.89,-546.48,730.58,603.19,299.74,247.47,-39.44,-32.56,420.22,346.95,-425.59,-351.38,-666.13,-549.98,0.0,0.0,-713.36,-588.97,-289.96,-239.4,-491.77,-406.02,-854.42,-705.44,-593.16,-489.74,-667.67,-551.25,-426.16,-351.85,-639.07,-527.64
428,638,3000.0,855.26,2.333333,1.653418,-476.13,-1110.97,-1333.91,-787.24,-945.22,-15.871,-3528.77,-2500.51,381.8,0,0,-481.64,-341.29,172.28,122.08,-228.51,-161.92,-603.14,-427.39,-279.66,-198.17,-99.28,-70.35,601.35,426.12,0.0,0.0,-803.84,-569.61,-225.14,-159.54,-82.22,-58.26,735.24,521.0,-275.68,-195.35,820.18,581.19,-51.51,-36.5,-309.4,-219.25
429,638,3500.0,855.26,2.0,1.653418,-1254.64,-2509.28,-2699.9,-2074.45,-2232.03,-35.847,-5226.9,-4321.12,631.8,0,0,102.08,84.39,152.18,125.81,30.77,25.44,518.54,428.68,-472.01,-390.22,-390.44,-322.78,35.7,29.52,0.0,0.0,-712.05,-588.66,108.1,89.37,-361.89,-299.18,-191.36,-158.2,-749.55,-619.66,598.79,495.02,-1206.34,-997.29,28.19,23.3
430,638,3500.0,855.26,2.0,1.653418,-473.12,-946.24,-1137.32,-782.26,-940.24,-13.518,-3773.83,-3119.86,626.7,0,0,-525.11,-434.11,-62.49,-51.66,-51.02,-42.18,465.3,384.67,401.36,331.8,-491.04,-405.95,-481.33,-397.92,0.0,0.0,-120.33,-99.48,-196.67,-162.59,289.73,239.52,-8.88,-7.34,366.61,303.08,-256.03,-211.66,-193.87,-160.27,-82.46,-68.17
431,638,3000.0,856.37,2.333333,1.651268,-1373.84,-3205.63,-3427.93,-2268.58,-2425.9,-45.795,-6084.34,-4305.8,899.5,0,0,80.22,56.77,464.38,328.64,501.02,354.57,-792.21,-560.64,-100.48,-71.11,-149.33,-105.68,-57.61,-40.77,0.0,0.0,-84.11,-59.52,-168.37,-119.15,-889.42,-629.43,-405.68,-287.09,-751.28,-531.67,498.94,353.09,-1076.15,-761.58,-275.56,-195.01
432,638,4000.0,855.26,1.75,1.653418,316.0,553.0,385.38,522.48,364.11,7.9,-2132.11,-2014.43,334.8,0,0,59.24,55.97,340.68,321.87,274.92,259.75,219.56,207.45,-205.24,-193.92,-173.17,-163.61,21.5,20.32,0.0,0.0,-315.42,-298.02,-326.06,-308.07,-394.05,-372.3,213.31,201.54,196.88,186.02,-130.21,-123.03,241.92,228.57,529.13,499.93
433,638,3500.0,855.26,2.0,1.653418,-776.38,-1552.77,-1743.67,-1283.69,-1441.51,-22.182,-3348.5,-2768.24,899.7,0,0,-400.25,-330.89,373.84,309.06,255.77,211.45,221.21,182.88,308.32,254.89,-1085.84,-897.67,-371.46,-307.09,0.0,0.0,-1067.97,-882.9,-654.93,-541.44,337.02,278.62,174.29,144.09,263.5,217.83,-85.5,-70.69,-151.39,-125.16,330.62,273.33
434,638,3000.0,855.26,2.333333,1.653418,-1988.22,-4639.17,-4861.04,-3287.35,-3444.57,-66.274,-5928.06,-4200.67,883.8,0,0,-1564.76,-1108.8,224.66,159.19,-243.72,-172.7,-593.14,-420.3,2.4,1.7,-190.17,-134.76,-539.66,-382.41,0.0,0.0,-299.57,-212.28,-843.87,-597.97,815.42,577.81,-60.81,-43.09,545.23,386.35,-163.79,-116.06,-1075.37,-762.02,-652.01,-462.02
435,638,3500.0,855.26,2.0,1.653418,1052.13,2104.26,1912.26,1739.61,1580.88,30.061,-1907.14,-1576.65,631.2,0,0,212.07,175.32,-224.29,-185.42,460.14,380.4,229.65,189.85,318.3,263.14,745.63,616.42,108.9,90.03,0.0,0.0,458.04,378.67,446.92,369.47,168.48,139.28,145.93,120.64,-678.96,-561.3,-265.63,-219.6,200.63,165.86,-221.55,-183.16
436,638,3500.0,855.26,2.0,1.653418,-1594.28,-3188.57,-3378.98,-2636.02,-2793.44,-45.551,-4343.31,-3590.65,603.8,0,0,-99.58,-82.32,108.86,90.0,-267.64,-221.26,888.82,734.79,-363.97,-300.9,-399.52,-330.29,44.24,36.57,0.0,0.0,-68.63,-56.74,-70.49,-58.28,72.06,59.57,-515.25,-425.96,-649.71,-537.12,-413.92,-342.2,-844.78,-698.39,-609.04,-503.5
437,638,3500.0,855.26,2.0,1.653418,0.55,1.09,-190.28,0.9,-157.31,0.016,-3557.67,-2941.16,604.0,0,0,567.81,469.41,632.93,523.25,663.0,548.11,-344.85,-285.09,-405.49,-335.22,20.3,16.79,103.19,85.31,0.0,0.0,-586.06,-484.5,528.13,436.61,-223.35,-184.64,-688.61,-569.28,-571.26,-472.27,-45.48,-37.6,416.14,344.03,-65.33,-54.01
438,638,3000.0,855.26,2.333333,1.653418,-465.04,-1085.08,-1308.03,-768.9,-926.88,-15.501,-3420.08,-2423.5,882.0,0,0,288.89,204.71,457.32,324.06,35.57,25.21,-505.47,-358.18,-20.3,-14.39,330.3,234.05,698.24,494.78,0.0,0.0,-1033.24,-732.16,-441.34,-312.74,-390.03,-276.38,-30.78,-21.81,-408.33,-289.34,734.18,520.25,255.28,180.9,-1055.37,-747.84
439,638,3500.0,855.26,2.0,1.653418,-1158.54,-2317.08,-2507.75,-1915.55,-2073.18,-33.101,-4700.55,-3885.98,634.3,0,0,358.87,296.68,-170.35,-140.83,515.16,425.89,1090.55,901.57,-283.12,-234.06,-45.21,-37.37,-710.86,-587.67,0.0,0.0,-883.73,-730.59,308.58,255.11,-231.97,-191.77,-615.25,-508.63,-1119.23,-925.28,-105.95,-87.59,-399.08,-329.93,-25.5,-21.08
440,638,3000.0,855.26,2.333333,1.653418,201.14,469.33,245.93,332.57,174.27,6.705,-4058.71,-2876.03,328.2,0,0,112.36,79.62,498.27,353.08,-215.44,-152.66,524.7,371.8,544.97,386.17,-299.08,-211.93,-534.0,-378.4,0.0,0.0,-72.81,-51.59,403.63,286.02,72.82,51.6,467.8,331.48,-741.37,-525.34,-304.86,-216.03,80.75,57.22,-68.4,-48.47
441,638,3500.0,855.26,2.0,1.653418,99.06,198.12,6.69,163.79,5.53,2.83,-2027.42,-1676.08,832.0,0,0,70.35,58.16,-7.29,-6.02,-98.8,-81.68,144.71,119.64,59.44,49.14,45.43,37.56,1058.81,875.33,0.0,0.0,-291.28,-240.8,201.01,166.18,-471.64,-389.91,-59.57,-49.25,116.17,96.04,174.73,144.45,-574.24,-474.73,-169.72,-140.31
442,638,3000.0,855.26,2.333333,1.653418,405.47,946.1,722.55,670.41,512.0,13.516,-3238.43,-2294.78,381.8,0,0,247.49,175.38,-400.54,-283.83,134.67,95.43,278.58,197.4,198.42,140.6,-172.38,-122.15,41.17,29.17,0.0,0.0,382.78,271.24,410.38,290.8,1591.04,1127.42,84.98,60.21,-151.57,-107.41,-691.86,-490.26,-457.03,-323.85,-550.03,-389.76
443,638,3500.0,856.37,2.0,1.651268,-1031.65,-2063.29,-2254.05,-1703.53,-1861.02,-29.476,-4533.37,-3742.91,635.8,0,0,-650.04,-536.7,359.41,296.74,105.78,87.33,227.19,187.58,-210.73,-173.99,-842.91,-695.94,-127.67,-105.41,0.0,0.0,343.93,283.96,-129.26,-106.72,73.32,60.53,-282.39,-233.15,460.37,380.1,-94.02,-77.62,-819.09,-676.27,-477.17,-393.97
444,638,3500.0,855.26,2.0,1.653418,-593.72,-1187.44,-1378.45,-981.67,-1139.58,-16.963,-3319.29,-2744.09,631.3,0,0,354.71,293.24,369.98,305.87,23.44,19.38,246.75,203.99,544.16,449.86,-272.25,-225.07,-617.89,-510.81,0.0,0.0,-585.85,-484.32,-411.27,-340.0,-256.99,-212.46,-319.19,-263.88,-582.56,-481.61,65.58,54.22,-132.0,-109.12,385.95,319.06
445,638,3500.0,855.26,2.0,1.653418,467.97,935.94,744.29,773.75,615.31,13.371,-2636.67,-2179.76,351.3,0,0,70.74,58.48,49.59,41.0,444.47,367.45,370.77,306.52,-654.54,-541.11,-255.59,-211.3,-973.9,-805.13,0.0,0.0,481.91,398.4,714.03,590.3,751.6,621.35,-317.6,-262.56,-292.3,-241.64,180.77,149.44,-261.99,-216.59,627.97,519.15
446,638,3000.0,855.26,2.333333,1.653418,-210.42,-490.98,-714.1,-347.91,-506.02,-7.014,-3396.01,-2406.44,324.5,0,0,-910.42,-645.13,591.24,418.95,-121.95,-86.42,496.43,351.77,33.68,23.87,-689.17,-488.35,-122.12,-86.54,0.0,0.0,-488.11,-345.88,563.7,399.44,254.69,180.48,-226.28,-160.35,-654.15,-463.54,-251.7,-178.36,667.25,472.82,365.95,259.31
447,638,4000.0,856.37,1.75,1.651268,-997.02,-1744.79,-1911.72,-1646.35,-1803.86,-24.926,-3178.85,-2999.5,614.3,0,0,-802.15,-756.89,280.1,264.3,15.73,14.84,65.31,61.63,-46.84,-44.2,-257.82,-243.27,415.91,392.44,0.0,0.0,123.85,116.86,-180.06,-169.9,986.51,930.85,16.53,15.6,-683.94,-645.35,-428.87,-404.67,-582.3,-549.44,-666.78,-629.16
448,638,3500.0,855.26,2.0,1.653418,-1072.01,-2144.02,-2334.75,-1772.48,-1930.16,-30.629,-4010.5,-3315.52,882.0,0,0,-924.09,-763.96,563.16,465.57,626.64,518.05,9.62,7.95,-453.83,-375.19,90.18,74.55,-418.86,-346.27,0.0,0.0,-419.39,-346.71,-919.1,-759.83,162.09,134.0,86.83,71.78,-452.12,-373.77,119.75,99.0,550.73,455.29,-765.63,-632.95
449,638,3500.0,855.26,2.0,1.653418,847.25,1694.5,1502.62,1400.86,1242.23,24.207,-2695.14,-2228.09,464.8,0,0,-471.36,-389.68,104.88,86.7,-12.75,-10.54,232.33,192.07,7.27,6.01,-843.4,-697.24,-139.67,-115.46,0.0,0.0,26.25,21.7,440.7,364.33,871.39,720.39,-181.26,-149.85,389.28,321.82,613.81,507.44,-507.03,-419.16,1164.07,962.34
450,638,3500.0,855.26,2.0,1.653418,-330.73,-661.47,-852.64,-546.84,-704.89,-9.45,-3051.62,-2522.81,887.8,0,0,-369.54,-305.51,370.0,305.88,17.06,14.1,133.8,110.62,-153.66,-127.03,304.5,251.73,-483.32,-399.56,0.0,0.0,-645.58,-533.7,70.76,58.5,38.48,31.81,-116.46,-96.28,-632.13,-522.59,112.95,93.38,-910.64,-752.84,1602.32,1324.65
451,638,3000.0,855.26,2.333333,1.653418,238.49,556.47,333.04,394.32,235.99,7.95,-3760.61,-2664.8,633.5,0,0,1101.37,780.44,-504.2,-357.28,284.82,201.82,-445.23,-315.49,674.5,477.96,-840.23,-595.39,68.12,48.27,0.0,0.0,-183.5,-130.03,-53.42,-37.85,728.01,515.87,406.21,287.85,-540.13,-382.74,242.98,172.18,-815.9,-578.15,433.06,306.87
452,638,3000.0,855.26,2.333333,1.653418,-442.98,-1033.61,-1256.57,-732.42,-890.41,-14.766,-5681.91,-4026.24,601.3,0,0,-282.19,-199.96,444.16,314.73,373.28,264.51,-114.56,-81.18,198.3,140.52,-13.35,-9.46,-392.97,-278.46,0.0,0.0,-1302.48,-922.95,1560.06,1105.47,893.57,633.19,-974.01,-690.19,-288.42,-204.38,-612.41,-433.96,-340.78,-241.48,-181.8,-128.82
453,638,3000.0,855.26,2.333333,1.653418,-1573.13,-3670.63,-3892.79,-2601.03,-2758.46,-52.438,-4926.31,-3490.82,634.5,0,0,-1082.64,-767.17,232.18,164.52,310.24,219.84,-836.25,-592.57,-605.07,-428.76,-266.3,-188.7,-759.09,-537.9,0.0,0.0,-221.46,-156.93,-521.51,-369.54,-181.45,-128.58,-51.82,-36.72,-455.58,-322.83,242.14,171.58,81.38,57.67,444.61,315.05
454,638,3000.0,855.26,2.333333,1.653418,-768.87,-1794.03,-2016.76,-1271.27,-1429.09,-25.629,-3685.39,-2611.5,902.3,0,0,-715.79,-507.22,91.43,64.78,471.46,334.08,-669.22,-474.22,996.05,705.81,-346.13,-245.27,-154.59,-109.55,0.0,0.0,-56.9,-40.32,92.71,65.69,-257.81,-182.69,787.86,558.28,-803.67,-569.48,-216.08,-153.12,-368.98,-261.46,-644.36,-456.6
455,638,3500.0,855.26,2.0,1.653418,-1364.83,-2729.65,-2920.21,-2256.63,-2414.16,-38.995,-3987.25,-3296.29,899.0,0,0,-211.23,-174.62,-219.18,-181.19,66.58,55.05,-647.12,-534.98,-94.19,-77.86,-986.7,-815.72,234.31,193.71,0.0,0.0,-1258.16,-1040.14,-259.66,-214.66,-370.7,-306.46,-158.6,-131.11,-25.25,-20.87,591.88,489.31,-131.72,-108.9,740.07,611.83
456,638,3500.0,855.26,2.0,1.653418,903.15,1806.31,1614.4,1493.29,1334.64,25.804,-4606.01,-3807.83,625.8,0,0,-60.44,-49.96,564.92,467.02,-185.76,-153.57,-628.14,-519.29,507.88,419.87,-473.67,-391.59,-425.31,-351.61,0.0,0.0,85.28,70.5,-240.08,-198.48,34.49,28.52,-626.66,-518.06,239.59,198.07,1100.18,909.53,29.32,24.24,1884.7,1558.1
457,638,3500.0,856.37,2.0,1.651268,-1171.87,-2343.74,-2534.41,-1935.07,-2092.5,-33.482,-4276.95,-3531.19,902.0,0,0,-557.67,-460.43,144.41,119.23,367.01,303.02,-810.89,-669.5,-111.09,-91.72,-134.94,-111.41,-342.52,-282.79,0.0,0.0,-592.67,-489.33,163.59,135.07,-1214.25,-1002.52,-184.71,-152.5,68.32,56.41,561.8,463.84,69.78,57.61,230.07,189.96
458,638,3000.0,855.26,2.333333,1.653418,435.47,1016.11,792.53,720.02,561.6,14.516,-2698.24,-1912.0,626.3,0,0,439.27,311.27,107.66,76.29,60.03,42.54,12.2,8.65,-141.81,-100.49,627.08,444.36,-191.32,-135.57,0.0,0.0,-374.6,-265.44,-41.73,-29.57,-194.19,-137.6,-4.72,-3.35,-432.14,-306.22,492.43,348.94,262.47,185.99,395.48,280.24
459,638,3500.0,855.26,2.0,1.653418,-27.73,-55.46,-246.82,-45.85,-204.05,-0.792,-2898.68,-2396.37,588.7,0,0,-402.07,-332.39,458.81,379.3,-32.86,-27.17,-465.79,-385.07,239.19,197.74,94.39,78.03,690.1,570.51,0.0,0.0,-324.59,-268.34,-87.39,-72.24,146.41,121.04,-0.25,-0.2,-26.29,-21.74,617.08,510.15,-683.74,-565.26,-278.48,-230.22
460,638,3500.0,856.37,2.0,1.651268,-344.38,-688.76,-879.92,-568.66,-726.49,-9.839,-2938.47,-2426.1,590.0,0,0,-462.3,-381.69,-27.97,-23.1,-301.9,-249.26,1364.94,1126.94,69.28,57.2,-109.17,-90.13,-185.6,-153.24,0.0,0.0,-448.35,-370.17,256.94,212.14,125.14,103.32,-238.47,-196.89,386.14,318.81,95.17,78.58,-379.99,-313.73,-832.61,-687.43
461,638,3000.0,855.26,2.333333,1.653418,-1726.86,-4029.35,-4251.4,-2855.23,-3012.58,-57.562,-5273.27,-3736.68,899.7,0,0,-232.92,-165.05,414.71,293.87,458.64,325.0,-778.38,-551.56,-276.62,-196.02,-660.23,-467.84,-202.97,-143.83,0.0,0.0,-874.68,-619.8,392.31,277.99,123.13,87.25,52.77,37.39,-196.74,-139.41,-230.3,-163.19,-1031.64,-731.03,-986.43,-698.99
462,638,3500.0,856.37,2.0,1.651268,204.28,408.55,217.06,337.31,179.21,5.836,-2928.28,-2417.69,601.3,0,0,-424.51,-350.49,248.1,204.84,-162.52,-134.18,438.89,362.36,-308.58,-254.77,-645.01,-532.54,-392.04,-323.68,0.0,0.0,-350.44,-289.34,836.83,690.91,1819.3,1502.07,-551.54,-455.37,-131.85,-108.86,-109.86,-90.7,-440.56,-363.75,582.34,480.8
463,638,3500.0,855.26,2.0,1.653418,1034.43,2068.86,1876.86,1710.34,1551.62,29.555,-2344.16,-1937.94,590.2,0,0,-785.02,-648.98,744.65,615.61,433.21,358.14,378.03,312.52,125.26,103.55,246.5,203.78,367.32,303.67,0.0,0.0,87.71,72.51,-459.75,-380.08,150.54,124.45,480.94,397.6,558.42,461.65,192.31,158.98,-234.98,-194.26,-216.29,-178.81
464,638,4000.0,855.26,1.75,1.653418,-1522.04,-2663.57,-2830.22,-2516.57,-2674.02,-38.051,-4586.77,-4333.63,601.3,0,0,-250.78,-236.94,261.09,246.68,-349.2,-329.93,266.18,251.49,-32.29,-30.51,-455.24,-430.11,-17.62,-16.65,0.0,0.0,-119.28,-112.69,-73.49,-69.43,154.88,146.33,-1217.65,-1150.45,-581.7,-549.6,-188.68,-178.26,-250.42,-236.6,190.63,180.11
465,638,3500.0,855.26,2.0,1.653418,-456.4,-912.79,-1103.89,-754.61,-912.59,-13.04,-3589.46,-2967.44,881.8,0,0,-278.01,-229.83,-145.66,-120.42,-210.63,-174.13,860.69,711.54,207.55,171.58,-157.53,-130.23,139.09,114.98,0.0,0.0,-313.91,-259.52,247.22,204.38,-195.27,-161.43,-227.6,-188.16,-116.0,-95.9,-464.93,-384.36,-241.15,-199.36,-16.65,-13.76
466,638,3500.0,855.26,2.0,1.653418,717.9,1435.8,1244.0,1186.99,1028.42,20.511,-2872.04,-2374.34,626.8,0,0,-165.71,-136.99,68.64,56.74,57.38,47.43,-55.85,-46.17,148.36,122.65,-448.22,-370.54,310.57,256.75,0.0,0.0,-627.11,-518.43,215.87,178.46,858.37,709.62,574.36,474.83,874.67,723.1,10.34,8.55,28.88,23.87,-414.76,-342.88
467,638,3000.0,855.26,2.333333,1.653418,-821.62,-1917.11,-2139.8,-1358.48,-1516.28,-27.387,-5118.65,-3627.12,899.5,0,0,-762.94,-540.62,414.33,293.6,440.7,312.28,1084.84,768.73,854.39,605.43,-501.18,-355.14,-1214.6,-860.68,0.0,0.0,-873.02,-618.63,-744.36,-527.46,-564.86,-400.26,-131.44,-93.14,715.31,506.87,-476.57,-337.7,306.67,217.31,-464.38,-329.06
468,638,3000.0,855.26,2.333333,1.653418,-611.44,-1426.7,-1649.53,-1010.97,-1168.87,-20.381,-4089.19,-2897.63,644.8,0,0,-611.12,-433.04,306.11,216.91,33.62,23.83,-648.61,-459.61,37.32,26.45,-375.07,-265.77,262.02,185.67,0.0,0.0,412.26,292.13,-837.86,-593.72,189.2,134.07,-629.76,-446.25,-262.44,-185.97,252.68,179.05,-78.02,-55.28,522.95,370.57
469,638,3000.0,855.26,2.333333,1.653418,-230.26,-537.28,-760.39,-380.72,-538.82,-7.675,-3013.41,-2135.32,590.0,0,0,-177.81,-125.99,619.49,438.97,224.81,159.3,177.19,125.56,-167.84,-118.93,46.17,32.72,-515.38,-365.2,0.0,0.0,-1154.83,-818.32,47.03,33.33,964.52,683.47,562.29,398.45,-429.86,-304.6,167.02,118.35,-318.75,-225.87,-581.34,-411.94
470,638,3500.0,855.26,2.0,1.653418,-277.94,-555.88,-747.08,-459.55,-617.62,-7.941,-4201.64,-3473.53,633.5,0,0,-1012.1,-836.71,803.01,663.85,-161.51,-133.52,901.4,745.19,-403.47,-333.55,-479.04,-396.02,-122.35,-101.15,0.0,0.0,-745.36,-616.2,132.09,109.2,1643.55,1358.74,-225.66,-186.55,-626.38,-517.83,-42.09,-34.79,310.39,256.6,-528.35,-436.8
471,638,3500.0,855.26,2.0,1.653418,-270.92,-541.84,-733.05,-447.94,-606.02,-7.741,-3013.44,-2491.24,858.5,0,0,-30.84,-25.49,492.39,407.07,-113.47,-93.8,62.63,51.77,-463.98,-383.58,-555.25,-459.03,-177.41,-146.67,0.0,0.0,-352.9,-291.75,267.45,221.1,-1122.81,-928.23,-846.8,-700.06,-29.45,-24.35,977.82,808.38,754.66,623.89,596.12,492.82
472,638,3500.0,855.26,2.0,1.653418,-396.31,-792.62,-983.76,-655.27,-813.28,-11.323,-4568.66,-3776.95,464.8,0,0,-64.96,-53.7,-394.56,-326.19,177.88,147.05,318.18,263.04,-220.32,-182.14,200.62,165.85,-366.08,-302.64,0.0,0.0,-1160.38,-959.3,-5.29,-4.37,801.13,662.3,178.09,147.23,305.78,252.79,-130.51,-107.9,-46.25,-38.24,-385.91,-319.03
473,638,3000.0,855.26,2.333333,1.653418,-390.38,-910.89,-1133.88,-645.46,-803.48,-13.013,-3322.23,-2354.15,630.0,0,0,-378.08,-267.91,371.87,263.51,-162.66,-115.26,706.88,500.9,-57.71,-40.89,-585.57,-414.94,81.01,57.4,0.0,0.0,-230.69,-163.47,-539.21,-382.09,-93.01,-65.91,150.95,106.96,-73.16,-51.84,-656.37,-465.11,965.49,684.15,-410.63,-290.97
474,638,4000.0,855.26,1.75,1.653418,-642.05,-1123.59,-1290.71,-1061.58,-1219.47,-16.051,-2989.15,-2824.18,588.2,0,0,27.46,25.95,71.37,67.43,223.36,211.03,-187.48,-177.13,-286.12,-270.33,-469.68,-443.76,-537.44,-507.78,0.0,0.0,72.16,68.18,-44.86,-42.39,467.24,441.46,-119.86,-113.25,-552.35,-521.86,777.36,734.45,-123.54,-116.72,-441.21,-416.86
475,638,3000.0,856.37,2.333333,1.651268,-218.89,-510.75,-733.86,-361.45,-519.34,-7.296,-4672.69,-3306.8,378.3,0,0,-582.26,-412.06,-42.97,-30.41,539.53,381.82,141.87,100.4,518.64,367.04,200.34,141.78,-372.26,-263.44,0.0,0.0,-1804.86,-1277.28,-853.65,-604.12,597.45,422.81,212.91,150.67,-578.31,-409.26,254.08,179.81,670.43,474.45,588.32,416.35
476,638,3000.0,855.26,2.333333,1.653418,-739.89,-1726.4,-1949.15,-1223.34,-1381.18,-24.663,-5523.8,-3914.21,631.2,0,0,-694.82,-492.36,225.89,160.07,493.65,349.8,-33.34,-23.62,-364.41,-258.22,-296.15,-209.85,162.74,115.32,0.0,0.0,-125.32,-88.8,-440.71,-312.29,54.16,38.38,-1095.61,-776.36,576.62,408.6,728.19,516.0,-770.54,-546.01,-146.75,-103.98
477,638,3500.0,855.26,2.0,1.653418,-247.04,-494.07,-685.29,-408.45,-566.54,-7.058,-4187.88,-3462.16,601.3,0,0,-265.99,-219.89,355.63,294.0,596.88,493.45,719.21,594.58,-763.53,-631.22,153.99,127.3,-66.7,-55.14,0.0,0.0,15.43,12.76,-516.67,-427.13,-280.65,-232.02,-379.31,-313.58,369.72,305.65,-156.83,-129.65,379.93,314.09,-655.19,-541.65
478,638,4000.0,855.26,1.75,1.653418,554.86,971.01,803.27,917.42,758.94,13.872,-1820.27,-1719.81,331.2,0,0,-263.25,-248.73,309.39,292.31,170.8,161.38,546.61,516.44,364.5,344.38,-178.54,-168.69,108.16,102.19,0.0,0.0,-318.31,-300.75,90.03,85.06,517.4,488.85,-363.22,-343.17,381.19,360.15,373.43,352.82,-750.55,-709.12,-16.63,-15.71
479,638,3500.0,856.37,2.0,1.651268,335.02,670.03,478.46,553.2,395.03,9.572,-3379.97,-2790.62,434.2,0,0,-792.98,-654.71,438.25,361.84,25.33,20.91,710.16,586.33,550.01,454.11,335.47,276.98,-515.79,-425.86,0.0,0.0,-450.57,-372.0,-665.69,-549.61,-114.27,-94.34,691.29,570.76,369.12,304.76,333.93,275.71,-163.01,-134.59,-81.24,-67.07
480,638,3000.0,856.37,2.333333,1.651268,-1073.08,-2503.85,-2726.36,-1771.94,-1929.41,-35.769,-5586.06,-3953.18,631.2,0,0,-145.18,-102.74,-288.0,-203.81,277.69,196.52,366.46,259.34,-262.83,-186.0,-621.82,-440.05,347.38,245.84,0.0,0.0,-745.64,-527.68,195.94,138.67,-871.48,-616.73,56.49,39.97,-60.3,-42.67,567.73,401.77,-1038.66,-735.04,-281.65,-199.32
481,638,4500.0,855.26,1.555556,1.653418,-908.99,-1413.98,-1562.4,-1502.93,-1660.69,-20.2,-3489.12,-3708.63,623.0,0,0,-957.72,-1017.97,-327.22,-347.81,61.73,65.61,489.94,520.76,418.87,445.22,-24.97,-26.54,193.01,205.15,0.0,0.0,130.41,138.61,385.6,409.86,-896.13,-952.51,-115.21,-122.45,-175.85,-186.91,-135.31,-143.82,-257.95,-274.18,-203.19,-215.97
482,638,3500.0,856.37,2.0,1.651268,-266.98,-533.96,-725.17,-440.86,-598.73,-7.628,-3445.27,-2844.53,634.3,0,0,395.77,326.76,163.35,134.87,102.12,84.32,211.8,174.87,243.67,201.18,-510.45,-421.45,-57.5,-47.47,0.0,0.0,-62.78,-51.84,735.71,607.43,-519.92,-429.26,-628.67,-519.05,81.65,67.41,-363.59,-300.19,-382.0,-315.4,56.89,46.97
483,638,3500.0,855.26,2.0,1.653418,-876.94,-1753.88,-1944.72,-1449.95,-1607.72,-25.055,-2835.38,-2344.04,576.3,0,0,-728.29,-602.08,974.52,805.65,-256.14,-211.75,36.9,30.5,-748.49,-618.78,1102.04,911.07,-502.74,-415.62,0.0,0.0,-603.43,-498.86,175.24,144.87,-1036.82,-857.15,-515.26,-425.97,-572.38,-473.19,122.78,101.51,322.97,267.0,475.23,392.87
484,638,3500.0,855.26,2.0,1.653418,-335.61,-671.22,-862.39,-554.9,-712.94,-9.589,-3680.83,-3042.98,625.8,0,0,-751.7,-621.43,-427.89,-353.74,574.05,474.57,213.02,176.11,599.24,495.4,40.75,33.69,-571.13,-472.15,0.0,0.0,-144.17,-119.18,97.83,80.88,586.39,484.78,302.07,249.72,-409.2,-338.29,83.92,69.38,-606.86,-501.69,-257.56,-212.93
485,638,3500.0,855.26,2.0,1.653418,1094.2,2188.41,1996.38,1809.18,1650.43,31.263,-3572.09,-2953.08,635.0,0,0,686.21,567.3,242.33,200.33,261.74,216.38,-169.74,-140.33,371.36,307.01,-388.06,-320.81,-473.37,-391.34,0.0,0.0,-879.44,-727.04,478.61,395.67,682.71,564.4,191.55,158.36,-490.15,-405.21,384.96,318.25,606.43,501.34,683.26,564.86
486,638,3000.0,855.26,2.333333,1.653418,-72.66,-169.55,-392.77,-120.15,-278.32,-2.422,-3980.1,-2820.33,632.2,0,0,-81.75,-57.93,-260.41,-184.53,-407.44,-288.71,-1014.71,-719.03,16.45,11.66,-341.68,-242.11,221.45,156.92,0.0,0.0,1086.43,769.85,-410.36,-290.79,-1628.64,-1154.07,828.18,586.85,81.43,57.71,-133.53,-94.62,-141.25,-100.09,2016.26,1428.74
487,638,3000.0,855.26,2.333333,1.653418,-552.5,-1289.16,-1512.04,-913.51,-1071.44,-18.417,-4261.88,-3020.0,631.2,0,0,-1131.77,-801.98,-298.26,-211.35,-406.45,-288.02,337.03,238.82,430.59,305.12,743.83,527.08,-378.35,-268.11,0.0,0.0,675.9,478.95,334.23,236.84,202.71,143.64,-335.9,-238.02,-611.4,-433.25,-536.45,-380.13,-88.4,-62.64,-226.45,-160.47
488,638,3500.0,855.26,2.0,1.653418,127.92,255.84,64.39,211.5,53.23,3.655,-2119.87,-1752.51,631.2,0,0,-127.03,-105.02,227.84,188.36,31.89,26.36,-225.37,-186.31,-95.92,-79.3,643.57,532.05,-191.4,-158.23,0.0,0.0,589.75,487.55,473.0,391.03,-160.96,-133.06,-634.27,-524.36,596.46,493.1,158.08,130.69,-799.01,-660.55,-230.79,-190.8
489,638,3500.0,855.26,2.0,1.653418,-1101.37,-2202.74,-2393.45,-1821.02,-1978.69,-31.468,-3716.29,-3072.29,522.5,0,0,-494.88,-409.12,-145.51,-120.29,53.01,43.82,-325.2,-268.84,431.16,356.45,-1048.53,-866.83,-205.06,-169.52,0.0,0.0,10.72,8.86,-266.64,-220.43,88.28,72.98,688.25,568.98,-1035.37,-855.95,870.24,719.43,-642.86,-531.46,-180.35,-149.1
490,638,3000.0,855.26,2.333333,1.653418,-899.25,-2098.25,-2320.89,-1486.83,-1644.6,-29.975,-5471.74,-3877.32,634.5,0,0,-407.12,-288.49,796.33,564.29,-173.14,-122.69,67.38,47.75,-320.84,-227.35,-658.33,-466.5,-623.83,-442.05,0.0,0.0,-115.02,-81.5,335.79,237.94,707.68,501.47,-252.45,-178.89,-228.79,-162.12,-723.04,-512.35,-34.21,-24.24,-468.67,-332.1
491,638,3500.0,855.26,2.0,1.653418,-936.58,-1873.16,-2063.97,-1548.56,-1706.3,-26.759,-3905.29,-3228.54,398.8,0,0,-438.51,-362.52,440.03,363.78,200.81,166.01,310.13,256.39,-134.02,-110.8,-948.51,-784.14,-530.38,-438.47,0.0,0.0,44.8,37.04,-80.12,-66.24,31.01,25.64,73.08,60.42,-623.98,-515.85,-116.75,-96.52,-215.06,-177.79,114.3,94.49
492,638,3500.0,855.26,2.0,1.653418,-900.0,-1800.0,-1990.83,-1488.08,-1645.84,-25.714,-3244.63,-2682.37,524.7,0,0,-448.04,-370.4,595.91,492.65,291.87,241.29,-288.83,-238.78,141.0,116.57,-258.77,-213.93,-598.76,-495.0,0.0,0.0,-74.89,-61.91,342.01,282.74,-394.36,-326.02,261.26,215.98,-772.3,-638.47,46.66,38.57,-196.08,-162.1,-446.69,-369.28
493,638,3500.0,855.26,2.0,1.653418,-346.1,-692.2,-883.36,-572.25,-730.28,-9.889,-3731.15,-3084.57,591.2,0,0,-76.66,-63.38,389.56,322.05,335.97,277.75,434.01,358.8,-615.31,-508.69,-485.83,-401.64,-115.53,-95.51,0.0,0.0,-877.11,-725.11,-131.01,-108.31,226.76,187.46,199.34,164.8,347.2,287.04,-100.87,-83.39,237.96,196.72,-460.67,-380.84
494,638,3000.0,855.26,2.333333,1.653418,-1500.85,-3501.98,-3724.2,-2481.53,-2638.99,-50.028,-6399.9,-4535.02,815.0,0,0,-614.24,-435.26,-24.54,-17.39,-180.6,-127.98,151.65,107.46,437.32,309.89,-113.86,-80.68,-785.22,-556.41,0.0,0.0,162.16,114.91,-334.4,-236.96,-33.44,-23.7,-136.87,-96.99,-547.36,-387.87,-375.88,-266.35,-1239.41,-878.25,132.71,94.04
495,638,3500.0,855.26,2.0,1.653418,-2057.17,-4114.35,-4304.49,-3401.37,-3558.56,-58.776,-5820.31,-4811.71,908.8,0,0,-199.22,-164.7,-498.34,-411.98,-45.88,-37.93,410.11,339.04,-903.31,-746.77,-739.75,-611.56,-420.39,-347.54,0.0,0.0,-352.44,-291.37,659.86,545.51,-615.13,-508.53,-227.8,-188.32,-194.26,-160.6,861.44,712.16,-292.97,-242.2,-1556.27,-1286.58
496,638,3500.0,855.26,2.0,1.653418,-252.58,-505.16,-696.38,-417.62,-575.7,-7.217,-2012.26,-1663.55,634.5,0,0,-266.32,-220.17,563.86,466.15,-31.2,-25.8,81.88,67.69,791.42,654.27,-459.81,-380.13,-205.07,-169.53,0.0,0.0,-274.45,-226.89,-956.55,-790.79,-99.58,-82.32,68.17,56.36,-858.46,-709.7,1359.87,1124.22,145.68,120.44,-364.6,-301.42
497,638,3500.0,856.37,2.0,1.651268,-618.91,-1237.81,-1428.81,-1021.98,-1179.68,-17.683,-3294.33,-2719.91,899.8,0,0,-128.33,-105.96,571.13,471.54,117.01,96.61,310.71,256.53,-469.64,-387.75,-775.95,-640.65,-179.73,-148.39,0.0,0.0,-284.09,-234.55,733.73,605.79,0.5,0.41,-441.02,-364.12,-281.43,-232.35,-185.24,-152.94,-124.66,-102.92,-100.8,-83.22
498,638,3000.0,855.26,2.333333,1.653418,-1473.11,-3437.25,-3659.49,-2435.66,-2593.14,-49.104,-6090.52,-4315.79,601.3,0,0,-12.49,-8.85,-58.12,-41.18,-404.18,-286.41,109.11,77.31,223.97,158.71,-757.49,-536.76,-563.4,-399.23,0.0,0.0,-905.3,-641.5,233.57,165.51,-211.54,-149.9,-54.85,-38.86,710.24,503.28,-764.79,-541.94,-1177.14,-834.13,195.13,138.27
499,638,3000.0,855.26,2.333333,1.653418,1778.89,4150.75,3926.24,2941.26,2782.17,59.296,-2079.27,-1473.38,351.5,0,0,-247.14,-175.13,448.89,318.09,-353.6,-250.56,799.65,566.64,-30.76,-21.8,272.77,193.29,-403.3,-285.78,0.0,0.0,378.2,267.99,-285.69,-202.44,-865.55,-613.34,651.37,461.57,1629.72,1154.83,-134.68,-95.44,510.56,361.79,1780.33,1261.56
500,638,3500.0,856.37,2.0,1.651268,1232.66,2465.31,2273.2,2035.44,1876.83,35.219,-2716.62,-2242.93,328.2,0,0,29.78,24.59,159.09,131.35,46.83,38.66,7.39,6.1,112.89,93.2,614.06,506.99,-26.1,-21.55,0.0,0.0,656.6,542.11,-465.73,-384.53,702.34,579.88,-203.72,-168.19,-298.35,-246.33,642.35,530.34,359.49,296.81,128.4,106.01
501,638,3500.0,855.26,2.0,1.653418,765.77,1531.54,1339.71,1266.14,1107.55,21.879,-2103.54,-1739.02,307.5,0,0,-874.75,-723.16,681.27,563.21,-23.67,-19.57,739.21,611.11,-306.31,-253.23,661.05,546.49,-834.71,-690.06,0.0,0.0,628.21,519.35,229.27,189.54,359.46,297.17,1025.12,847.48,-567.55,-469.2,-366.86,-303.29,-90.65,-74.94,272.45,225.24
502,638,3500.0,856.37,2.0,1.651268,294.88,589.77,398.22,486.93,328.78,8.425,-2966.67,-2449.38,630.5,0,0,-174.14,-143.78,341.88,282.26,-77.8,-64.23,-28.79,-23.77,98.29,81.15,249.33,205.85,1012.41,835.88,0.0,0.0,56.6,46.73,-210.17,-173.52,-1064.97,-879.28,-445.26,-367.62,-326.24,-269.36,631.49,521.38,-864.68,-713.91,1391.82,1149.14
503,638,3500.0,855.26,2.0,1.653418,623.03,1246.06,1054.31,1030.13,871.61,17.801,-2930.88,-2422.98,345.8,0,0,288.67,238.64,-47.83,-39.54,241.24,199.44,1247.19,1031.06,-345.3,-285.46,-214.0,-176.92,-257.64,-212.99,0.0,0.0,663.46,548.49,-738.94,-610.89,979.69,809.92,-88.9,-73.49,656.7,542.9,203.81,168.49,-582.05,-481.18,-760.04,-628.33
504,638,3500.0,855.26,2.0,1.653418,-1262.1,-2524.21,-2714.82,-2086.78,-2244.37,-36.06,-4789.35,-3959.39,898.0,0,0,-429.86,-355.37,364.13,301.03,-259.89,-214.85,-336.16,-277.9,231.18,191.12,1003.79,829.85,-779.8,-644.67,0.0,0.0,-1974.13,-1632.03,101.53,83.94,-366.54,-303.02,-138.75,-114.7,214.07,176.97,775.94,641.47,-297.64,-246.06,-632.08,-522.54
505,638,3000.0,855.26,2.333333,1.653418,960.24,2240.55,2016.61,1587.67,1428.99,32.008,-2934.45,-2079.37,373.0,0,0,-409.66,-290.29,-332.56,-235.65,35.46,25.12,280.2,198.55,719.54,509.87,-92.74,-65.72,487.13,345.18,0.0,0.0,-297.88,-211.08,369.43,261.78,700.44,496.34,-293.23,-207.79,-20.21,-14.32,372.47,263.94,274.53,194.54,447.63,317.2
506,638,3500.0,855.26,2.0,1.653418,-1327.51,-2655.01,-2845.59,-2194.92,-2352.47,-37.929,-4447.87,-3677.09,630.5,0,0,-8.67,-7.17,79.78,65.95,73.98,61.16,-527.92,-436.44,-331.09,-273.71,-1219.46,-1008.14,-964.22,-797.13,0.0,0.0,-135.74,-112.22,-629.14,-520.12,262.99,217.42,-30.57,-25.27,-502.45,-415.38,-45.02,-37.22,554.47,458.39,768.03,634.94
507,638,3500.0,855.26,2.0,1.653418,700.52,1401.03,1209.24,1158.25,999.69,20.015,-2763.82,-2284.87,280.2,0,0,896.95,741.52,361.8,299.1,-270.43,-223.57,401.02,331.53,-109.15,-90.23,-21.22,-17.54,-641.06,-529.97,0.0,0.0,60.49,50.01,-86.23,-71.29,-24.53,-20.28,282.58,233.61,499.48,412.92,-139.6,-115.41,601.63,497.37,-410.71,-339.54
508,638,3000.0,855.26,2.333333,1.653418,-1633.15,-3810.69,-4032.82,-2700.29,-2857.69,-54.438,-6241.38,-4422.69,904.8,0,0,-51.79,-36.7,620.91,439.98,284.95,201.91,-744.76,-527.74,-372.85,-264.2,-805.47,-570.76,245.85,174.21,0.0,0.0,-352.83,-250.02,-1436.92,-1018.21,1320.56,935.76,-285.12,-202.04,-842.91,-597.29,-736.77,-522.08,-174.13,-123.39,-479.42,-339.72
509,638,3500.0,855.26,2.0,1.653418,-415.08,-830.17,-1021.29,-686.31,-844.31,-11.86,-4499.31,-3719.62,626.7,0,0,-311.35,-257.4,20.57,17.0,180.59,149.29,624.59,516.35,99.84,82.54,-791.74,-654.54,-550.73,-455.29,0.0,0.0,-634.17,-524.28,-575.85,-476.06,-414.96,-343.05,494.06,408.44,916.46,757.64,-36.4,-30.09,322.98,267.01,-174.06,-143.9
510,638,3500.0,855.26,2.0,1.653418,-380.52,-761.05,-952.19,-629.16,-787.18,-10.872,-3039.56,-2512.83,556.7,0,0,-618.64,-511.43,49.54,40.96,-83.06,-68.66,392.59,324.56,-266.11,-219.99,70.33,58.14,-763.38,-631.09,0.0,0.0,717.21,592.92,299.7,247.77,-764.1,-631.69,-299.63,-247.7,929.58,768.5,-368.9,-304.97,-561.11,-463.88,504.91,417.42
511,638,3500.0,855.26,2.0,1.653418,420.17,840.34,648.71,694.72,536.3,12.005,-3266.29,-2700.27,630.5,0,0,124.96,103.3,172.21,142.37,-330.69,-273.39,-72.87,-60.24,34.73,28.71,-542.86,-448.78,-59.2,-48.94,0.0,0.0,-33.67,-27.84,-430.57,-355.96,638.11,527.53,-289.28,-239.15,1633.69,1350.59,718.24,593.78,169.05,139.76,-891.52,-737.03
512,638,3500.0,855.26,2.0,1.653418,132.86,265.71,74.26,219.67,61.39,3.796,-3235.97,-2675.21,601.3,0,0,-251.65,-208.04,311.54,257.55,-58.32,-48.21,-86.84,-71.79,250.78,207.32,89.39,73.9,-233.98,-193.44,0.0,0.0,-897.81,-742.23,1196.94,989.52,638.09,527.52,-579.47,-479.06,-805.85,-666.21,9.07,7.5,19.17,15.85,664.66,549.48
513,638,3000.0,855.26,2.333333,1.653418,-358.69,-836.94,-1059.96,-593.06,-751.09,-11.956,-3940.26,-2792.1,632.0,0,0,30.13,21.35,-25.87,-18.33,298.37,211.43,34.61,24.53,264.63,187.52,-524.06,-371.35,-418.54,-296.58,0.0,0.0,-1967.57,-1394.24,385.02,272.83,70.26,49.79,-163.49,-115.85,1189.52,842.9,344.97,244.45,108.82,77.11,-463.73,-328.6
514,638,4000.0,855.26,1.75,1.653418,-1416.43,-2478.76,-2645.47,-2341.96,-2499.46,-35.411,-3463.51,-3272.36,882.2,0,0,-227.56,-215.0,212.9,201.15,344.48,325.47,17.7,16.72,78.7,74.36,751.84,710.34,-537.19,-507.54,0.0,0.0,-933.83,-882.29,366.89,346.64,-773.85,-731.14,-1188.7,-1123.1,283.85,268.18,-520.58,-491.85,-317.38,-299.86,-36.03,-34.04
515,638,3500.0,855.26,2.0,1.653418,-1706.08,-3412.15,-3602.5,-2820.86,-2978.22,-48.745,-4707.07,-3891.38,860.0,0,0,183.74,151.9,-528.56,-436.97,-54.3,-44.89,-612.59,-506.43,-98.73,-81.62,-243.13,-200.99,-82.41,-68.13,0.0,0.0,175.61,145.18,-18.54,-15.32,-1077.06,-890.42,-369.5,-305.47,-260.66,-215.49,-510.51,-422.04,468.65,387.44,-384.16,-317.59
516,638,3500.0,855.26,2.0,1.653418,-1177.42,-2354.84,-2545.51,-1946.77,-2104.4,-33.641,-4404.31,-3641.08,874.3,0,0,-536.25,-443.32,138.76,114.71,204.41,168.99,-631.54,-522.1,329.95,272.78,-670.32,-554.16,2.48,2.05,0.0,0.0,-353.29,-292.06,371.34,306.99,-715.82,-591.77,581.13,480.42,-625.79,-517.35,-549.82,-454.54,199.02,164.53,-99.11,-81.94
517,638,4000.0,855.26,1.75,1.653418,-471.87,-825.78,-992.98,-780.2,-938.18,-11.797,-3436.97,-3247.29,899.7,0,0,-335.87,-317.34,-155.8,-147.2,-280.38,-264.91,-37.66,-35.58,-181.95,-171.9,154.95,146.4,-490.58,-463.51,0.0,0.0,-129.07,-121.95,277.43,262.12,30.89,29.19,-61.97,-58.55,-277.14,-261.85,854.89,807.71,-285.88,-270.1,92.37,87.27
518,638,3500.0,856.37,2.0,1.651268,1317.2,2634.41,2442.25,2175.06,2016.4,37.634,-2227.53,-1839.12,268.8,0,0,-358.3,-295.83,97.82,80.77,-222.59,-183.78,466.75,385.36,962.88,794.99,636.46,525.48,157.33,129.89,0.0,0.0,95.49,78.84,4.11,3.4,971.51,802.11,-374.34,-309.07,11.69,9.65,-835.1,-689.49,-14.21,-11.73,1034.92,854.47
519,638,3000.0,855.26,2.333333,1.653418,-1481.82,-3457.59,-3679.81,-2450.07,-2607.55,-49.394,-5318.7,-3768.87,882.2,0,0,-228.8,-162.13,403.49,285.92,116.23,82.36,-1024.65,-726.07,-20.56,-14.57,-1620.48,-1148.29,-516.89,-366.27,0.0,0.0,-940.54,-666.47,-342.0,-242.34,-140.42,-99.5,-595.25,-421.8,348.73,247.12,959.03,679.57,549.37,389.29,-404.86,-286.88
520,638,3000.0,855.26,2.333333,1.653418,-773.03,-1803.74,-2026.47,-1278.14,-1435.97,-25.768,-3356.22,-2378.25,587.5,0,0,-678.75,-480.97,-368.1,-260.84,58.93,41.76,382.4,270.97,368.08,260.83,-788.46,-558.71,-103.64,-73.44,0.0,0.0,-701.5,-497.09,1008.48,714.62,132.96,94.22,-1105.21,-783.16,-4.66,-3.3,18.48,13.1,-325.83,-230.89,303.08,214.76
521,638,3500.0,855.26,2.0,1.653418,-251.99,-503.98,-695.2,-416.64,-574.73,-7.2,-3224.28,-2665.54,381.8,0,0,-257.35,-212.76,346.36,286.34,371.66,307.26,805.38,665.82,154.0,127.32,-170.88,-141.27,-722.82,-597.57,0.0,0.0,-925.36,-765.0,-13.67,-11.3,37.76,31.21,326.36,269.81,388.34,321.05,583.91,482.72,-1261.47,-1042.87,-166.2,-137.4
522,638,3500.0,855.26,2.0,1.653418,30.6,61.2,-130.19,50.59,-107.63,0.874,-3325.88,-2749.53,587.7,0,0,-419.82,-347.07,94.2,77.88,-350.57,-289.82,907.69,750.39,383.84,317.32,-550.54,-455.14,10.88,8.99,0.0,0.0,-478.27,-395.39,166.05,137.27,-738.23,-610.3,-676.31,-559.11,-832.05,-687.87,-94.34,-77.99,-48.8,-40.35,2687.48,2221.76
523,638,3500.0,855.26,2.0,1.653418,577.65,1155.3,963.59,955.1,796.61,16.504,-3103.6,-2565.77,398.7,0,0,-241.76,-199.87,248.97,205.83,120.02,99.22,-639.6,-528.76,64.14,53.03,-977.01,-807.71,72.55,59.98,0.0,0.0,149.41,123.52,405.35,335.1,1315.51,1087.55,425.54,351.79,-377.71,-312.25,195.13,161.31,646.46,534.44,-251.7,-208.08
524,638,3500.0,855.26,2.0,1.653418,277.08,554.16,362.62,458.13,299.78,7.917,-2915.25,-2410.06,576.3,0,0,240.56,198.87,746.43,617.08,-122.78,-101.5,-107.58,-88.94,187.59,155.08,-827.32,-683.95,-130.7,-108.05,0.0,0.0,-1138.28,-941.03,571.84,472.74,591.62,489.1,27.04,22.35,267.56,221.19,521.66,431.26,-174.48,-144.24,-98.98,-81.83
525,638,3500.0,855.26,2.0,1.653418,-2407.99,-4815.98,-5005.9,-3981.41,-4138.43,-68.8,-5694.41,-4707.62,874.5,0,0,276.25,228.38,295.26,244.09,-150.08,-124.07,-455.17,-376.29,-50.51,-41.76,-1144.88,-946.48,-400.85,-331.39,0.0,0.0,-46.72,-38.62,-326.12,-269.61,-814.02,-672.96,-1040.37,-860.08,-195.39,-161.53,-144.14,-119.16,-87.02,-71.94,-532.23,-440.0
526,638,3000.0,855.26,2.333333,1.653418,260.41,607.63,384.18,430.57,272.23,8.68,-3317.34,-2350.69,617.7,0,0,-127.41,-90.28,566.77,401.62,-236.08,-167.29,-1112.79,-788.53,-184.32,-130.61,-665.68,-471.7,-538.0,-381.23,0.0,0.0,-103.86,-73.6,756.27,535.9,-101.59,-71.99,500.2,354.45,119.69,84.81,434.41,307.83,763.98,541.36,536.02,379.83
527,638,4500.0,856.37,1.555556,1.651268,-693.45,-1078.7,-1227.23,-1145.08,-1302.74,-15.41,-2937.91,-3118.68,832.0,0,0,-165.41,-175.59,93.15,98.88,434.69,461.44,-89.68,-95.2,31.33,33.25,-419.96,-445.8,-53.19,-56.46,0.0,0.0,-175.03,-185.8,650.17,690.18,-24.4,-25.9,-647.92,-687.78,122.0,129.51,-131.85,-139.96,-108.48,-115.16,-594.12,-630.67
528,638,3500.0,855.26,2.0,1.653418,-491.01,-982.03,-1173.11,-811.85,-969.82,-14.029,-3822.15,-3159.81,621.5,0,0,555.69,459.4,9.53,7.88,165.59,136.9,-73.08,-60.41,-27.26,-22.54,-573.3,-473.95,-41.42,-34.24,0.0,0.0,60.37,49.91,-274.77,-227.15,670.47,554.28,-23.25,-19.22,-439.77,-363.56,-315.66,-260.96,-854.77,-706.64,179.59,148.47
529,638,3500.0,855.26,2.0,1.653418,-66.86,-133.72,-325.06,-110.55,-268.73,-1.91,-2516.96,-2080.79,902.0,0,0,197.68,163.42,-39.17,-32.38,29.54,24.42,156.97,129.77,107.44,88.82,-351.74,-290.79,-275.09,-227.42,0.0,0.0,-471.3,-389.63,275.88,228.07,-284.25,-234.99,-676.65,-559.39,-89.75,-74.2,1098.0,907.73,863.96,714.24,-675.24,-558.23
530,638,3500.0,855.26,2.0,1.653418,-1906.82,-3813.64,-4003.87,-3152.77,-3310.04,-54.481,-5613.07,-4640.37,908.8,0,0,-435.94,-360.4,112.46,92.97,202.93,167.76,-656.31,-542.58,238.03,196.78,-591.69,-489.16,-530.27,-438.38,0.0,0.0,-786.03,-649.82,253.69,209.73,-601.46,-497.23,-359.5,-297.21,109.87,90.83,-112.7,-93.17,-2.48,-2.05,-654.23,-540.86
531,638,3500.0,855.26,2.0,1.653418,-1050.73,-2101.45,-2292.19,-1737.29,-1894.98,-30.021,-4440.13,-3670.69,816.7,0,0,-618.15,-511.03,239.93,198.35,405.73,335.42,159.42,131.79,7.53,6.22,-766.73,-633.86,1074.8,888.55,0.0,0.0,-954.78,-789.33,-379.21,-313.49,77.55,64.11,-415.4,-343.42,-641.73,-530.53,-486.81,-402.45,-661.55,-546.91,857.97,709.29
532,638,3000.0,855.26,2.333333,1.653418,-444.56,-1037.31,-1260.27,-735.05,-893.04,-14.819,-4093.53,-2900.7,587.5,0,0,-32.35,-22.93,713.14,505.34,-223.67,-158.49,-335.04,-237.41,171.31,121.39,-571.03,-404.64,-821.01,-581.77,0.0,0.0,-280.61,-198.84,492.53,349.01,287.31,203.59,8.02,5.69,-545.53,-386.57,1002.56,710.42,-48.68,-34.49,-854.26,-605.33
533,638,4000.0,855.26,1.75,1.653418,-2177.26,-3810.21,-3976.51,-3599.92,-3757.05,-54.432,-5483.14,-5180.53,637.3,0,0,-343.0,-324.07,156.54,147.9,299.82,283.27,-267.83,-253.04,-565.12,-533.93,-85.54,-80.82,-537.82,-508.14,0.0,0.0,-604.42,-571.06,-200.96,-189.87,-384.79,-363.55,-677.63,-640.24,221.08,208.88,-657.53,-621.24,-727.51,-687.36,564.51,533.35
534,638,3500.0,855.26,2.0,1.653418,493.45,986.9,795.23,815.88,657.42,14.099,-3078.23,-2544.8,420.8,0,0,23.93,19.78,-53.27,-44.04,142.51,117.82,142.17,117.54,-147.32,-121.79,-29.79,-24.62,5.25,4.34,0.0,0.0,-429.51,-355.08,69.78,57.68,1236.84,1022.5,-729.66,-603.21,-572.59,-473.36,353.79,292.48,213.35,176.38,761.4,629.46
535,638,3000.0,855.26,2.333333,1.653418,-855.67,-1996.57,-2219.24,-1414.79,-1572.57,-28.522,-5085.24,-3603.44,904.3,0,0,-860.04,-609.43,304.26,215.6,-268.94,-190.57,449.24,318.33,333.42,236.26,64.42,45.65,51.9,36.78,0.0,0.0,458.15,324.65,-474.21,-336.03,679.72,481.66,-202.25,-143.31,-749.71,-531.25,-91.3,-64.7,-421.26,-298.51,-1269.96,-899.9
536,638,3000.0,855.26,2.333333,1.653418,-826.46,-1928.4,-2151.09,-1366.48,-1524.28,-27.549,-5526.57,-3916.17,635.5,0,0,-314.48,-222.84,735.78,521.38,-210.8,-149.37,822.16,582.59,-200.68,-142.2,-1.91,-1.35,-405.81,-287.56,0.0,0.0,-276.97,-196.26,-395.86,-280.51,-1228.44,-870.48,574.49,407.09,-361.85,-256.41,642.2,455.07,-809.91,-573.91,-496.33,-351.71
537,638,3000.0,855.26,2.333333,1.653418,981.17,2289.41,2065.45,1622.29,1463.6,32.706,-2864.35,-2029.7,626.8,0,0,114.29,80.98,501.24,355.18,533.3,377.9,344.28,243.96,451.15,319.69,-1128.35,-799.56,-882.63,-625.44,0.0,0.0,-243.07,-172.24,134.93,95.61,819.2,580.49,613.9,435.01,161.6,114.51,900.53,638.12,-454.41,-322.0,423.46,300.07
538,638,3500.0,855.26,2.0,1.653418,-527.45,-1054.89,-1245.95,-872.09,-1030.04,-15.07,-4318.75,-3570.35,635.0,0,0,-392.56,-324.54,409.33,338.39,-154.08,-127.38,-311.29,-257.35,-286.9,-237.18,-124.14,-102.63,-851.22,-703.71,0.0,0.0,357.41,295.48,136.6,112.93,114.98,95.06,-242.14,-200.18,-930.64,-769.37,443.0,366.23,186.21,153.94,590.55,488.21
539,638,3500.0,855.26,2.0,1.653418,-110.89,-221.78,-413.08,-183.35,-341.5,-3.168,-3635.5,-3005.5,644.8,0,0,59.18,48.92,108.87,90.0,-141.24,-116.77,391.79,323.89,-364.37,-301.23,-192.12,-158.83,229.31,189.58,0.0,0.0,-497.59,-411.36,1113.03,920.15,656.21,542.49,-501.33,-414.45,-126.95,-104.95,-23.58,-19.5,-1096.53,-906.51,163.54,135.2
540,638,3500.0,856.37,2.0,1.651268,-19.07,-38.13,-229.49,-31.49,-189.48,-0.545,-3742.79,-3090.17,899.7,0,0,-806.05,-665.51,275.32,227.31,-289.26,-238.82,817.32,674.8,772.86,638.1,167.8,138.54,984.26,812.64,0.0,0.0,-867.71,-716.41,-70.94,-58.57,-590.04,-487.16,8.02,6.62,-39.95,-32.99,-244.47,-201.84,-293.52,-242.34,138.24,114.13
541,638,3000.0,855.26,2.333333,1.653418,-496.18,-1157.74,-1380.66,-820.39,-978.35,-16.539,-3409.07,-2415.7,908.8,0,0,-903.81,-640.45,356.64,252.71,-46.48,-32.94,-376.68,-266.92,-612.32,-433.89,-16.98,-12.03,-640.79,-454.07,0.0,0.0,144.7,102.54,-384.19,-272.24,183.23,129.83,9.26,6.56,-303.5,-215.06,433.99,307.53,76.68,54.34,922.52,653.7
542,638,3500.0,856.37,2.0,1.651268,-2824.98,-5649.97,-5839.65,-4664.81,-4821.41,-80.714,-7060.62,-5829.49,908.8,0,0,-463.52,-382.7,323.4,267.01,90.37,74.61,797.19,658.19,-403.34,-333.01,-1069.07,-882.66,-253.09,-208.96,0.0,0.0,-611.52,-504.89,-84.02,-69.37,-1023.83,-845.3,-487.2,-402.25,-282.87,-233.55,-724.66,-598.3,-574.82,-474.59,-882.98,-729.02
543,638,3500.0,855.26,2.0,1.653418,-1655.19,-3310.39,-3500.77,-2736.73,-2894.11,-47.291,-4546.48,-3758.62,631.2,0,0,-891.32,-736.86,-30.46,-25.18,-41.36,-34.19,-288.1,-238.17,-353.47,-292.22,-353.43,-292.18,-774.41,-640.21,0.0,0.0,47.91,39.61,346.96,286.83,-328.66,-271.71,516.61,427.09,15.54,12.85,-320.35,-264.83,-852.34,-704.64,-3.51,-2.9
544,638,3000.0,855.26,2.333333,1.653418,2243.34,5234.47,5009.63,3709.18,3549.86,74.778,-2013.83,-1427.02,296.0,0,0,141.79,100.47,60.43,42.82,391.54,277.44,315.99,223.92,-386.96,-274.2,903.47,640.21,-9.53,-6.75,0.0,0.0,526.26,372.91,-44.73,-31.7,47.99,34.0,608.05,430.87,-735.58,-521.24,1059.05,750.45,1279.3,906.52,1077.39,763.45
545,638,3000.0,855.26,2.333333,1.653418,142.01,331.37,108.0,234.81,76.53,4.734,-2291.48,-1623.76,626.7,0,0,407.76,288.94,667.27,472.83,-420.96,-298.29,270.17,191.44,282.74,200.35,-666.7,-472.43,-344.79,-244.32,0.0,0.0,-118.24,-83.78,-286.05,-202.7,540.14,382.75,105.03,74.43,-308.53,-218.62,971.82,688.64,-424.28,-300.65,-344.01,-243.77
546,638,3500.0,855.26,2.0,1.653418,-373.86,-747.73,-938.88,-618.15,-776.18,-10.682,-3919.91,-3240.62,626.8,0,0,609.32,503.73,203.96,168.62,450.49,372.42,-478.78,-395.82,769.74,636.35,-465.1,-384.5,-475.32,-392.95,0.0,0.0,-317.85,-262.77,-132.25,-109.33,-29.72,-24.57,-1075.69,-889.28,441.28,364.81,-41.3,-34.14,-458.15,-378.75,251.62,208.02
547,638,3500.0,855.26,2.0,1.653418,-1606.81,-3213.61,-3404.02,-2656.72,-2814.13,-45.909,-6453.75,-5335.37,625.8,0,0,-435.62,-360.13,42.92,35.49,-324.9,-268.6,411.63,340.3,-328.34,-271.44,-1680.53,-1389.31,-80.08,-66.21,0.0,0.0,-1055.25,-872.39,-117.68,-97.29,-249.47,-206.24,-367.84,-304.1,20.03,16.56,37.42,30.94,-79.61,-65.81,993.71,821.5
548,638,3500.0,855.26,2.0,1.653418,391.61,783.23,591.62,647.5,489.1,11.189,-2915.02,-2409.87,345.8,0,0,-88.67,-73.31,-573.83,-474.39,362.5,299.68,896.81,741.4,767.44,634.45,-53.09,-43.89,-169.17,-139.85,0.0,0.0,-1545.57,-1277.74,-277.79,-229.65,340.64,281.61,572.69,473.45,243.63,201.41,111.03,91.79,-828.86,-685.22,1025.46,847.76
549,638,3000.0,856.37,2.333333,1.651268,-1163.17,-2714.07,-2936.53,-1920.71,-2078.14,-38.772,-5257.08,-3720.37,635.0,0,0,-643.62,-455.48,366.35,259.26,-53.19,-37.64,-1973.05,-1396.3,-176.8,-125.12,-386.41,-273.46,-396.96,-280.92,0.0,0.0,-969.36,-686.0,381.69,270.11,717.14,507.51,-529.0,-374.37,-434.41,-307.43,602.1,426.1,693.1,490.5,88.34,62.52
550,638,3500.0,855.26,2.0,1.653418,-908.23,-1816.47,-2007.29,-1501.69,-1659.45,-25.95,-4144.68,-3426.44,900.0,0,0,-98.67,-81.57,-227.7,-188.25,-253.76,-209.79,-370.56,-306.35,111.62,92.28,-990.69,-819.01,-490.94,-405.87,0.0,0.0,835.36,690.6,-91.3,-75.47,444.95,367.85,207.36,171.42,-685.41,-566.64,247.49,204.6,-549.05,-453.9,94.83,78.39
551,638,3000.0,855.26,2.333333,1.653418,-255.29,-595.68,-818.77,-422.1,-580.19,-8.51,-4546.92,-3221.98,625.8,0,0,-340.22,-241.08,443.19,314.05,-229.63,-162.72,9.6,6.8,23.22,16.45,-342.03,-242.37,-422.0,-299.03,0.0,0.0,-449.01,-318.17,-147.02,-104.18,370.49,262.53,413.31,292.88,137.23,97.24,588.94,417.33,-200.33,-141.96,-451.41,-319.87
552,638,3500.0,855.26,2.0,1.653418,-849.19,-1698.39,-1889.25,-1404.07,-1561.86,-24.263,-4599.51,-3802.45,770.0,0,0,101.49,83.9,-8.98,-7.42,-419.6,-346.89,-413.69,-342.0,-80.15,-66.26,579.61,479.17,-302.15,-249.79,0.0,0.0,-305.49,-252.55,-948.99,-784.54,86.82,71.78,-691.75,-571.88,325.16,268.81,101.32,83.76,506.39,418.63,-228.39,-188.81
553,638,3000.0,856.37,2.333333,1.651268,-932.64,-2176.15,-2398.76,-1540.03,-1697.57,-31.088,-4719.62,-3340.01,634.5,0,0,-716.99,-507.4,325.05,230.03,325.38,230.26,-321.27,-227.36,323.82,229.16,-362.73,-256.7,-119.96,-84.89,0.0,0.0,43.81,31.0,-889.43,-629.44,-393.23,-278.29,-897.65,-635.25,662.99,469.19,-714.94,-505.95,-256.42,-181.47,815.43,577.07
554,638,3500.0,855.26,2.0,1.653418,-91.54,-183.09,-374.4,-151.36,-309.52,-2.616,-4318.02,-3569.74,701.8,0,0,-555.48,-459.22,493.38,407.88,384.53,317.89,-332.54,-274.92,-59.29,-49.02,-463.5,-383.18,682.71,564.4,0.0,0.0,-886.61,-732.97,-208.71,-172.54,1231.11,1017.77,-673.68,-556.93,191.09,157.98,-5.25,-4.34,119.88,99.1,-100.72,-83.27
555,638,3500.0,855.26,2.0,1.653418,-685.21,-1370.42,-1561.38,-1132.94,-1290.8,-19.577,-3841.51,-3175.81,635.0,0,0,160.95,133.06,52.64,43.52,357.49,295.54,54.96,45.43,55.99,46.29,-170.5,-140.96,-413.91,-342.18,0.0,0.0,-641.24,-530.12,-127.23,-105.18,-112.11,-92.68,335.8,277.61,-486.85,-402.48,46.8,38.69,-110.85,-91.64,-372.38,-307.85
556,638,3500.0,855.26,2.0,1.653418,-830.51,-1661.02,-1851.9,-1373.18,-1530.98,-23.729,-3919.8,-3240.54,631.5,0,0,178.65,147.69,891.35,736.88,-244.56,-202.18,-170.98,-141.35,-162.03,-133.95,-536.46,-443.49,-11.99,-9.91,0.0,0.0,-654.16,-540.8,-555.19,-458.98,-98.84,-81.71,414.27,342.48,-723.25,-597.92,807.32,667.42,-803.9,-664.59,8.74,7.23
557,638,3000.0,855.26,2.333333,1.653418,-248.92,-580.81,-803.91,-411.57,-569.65,-8.297,-2384.86,-1689.93,477.0,0,0,-22.55,-15.98,-521.42,-369.48,235.42,166.82,-30.19,-21.39,531.7,376.77,-618.37,-438.18,-153.32,-108.65,0.0,0.0,466.59,330.63,670.06,474.81,435.01,308.25,359.56,254.79,-794.52,-563.0,-348.22,-246.75,-456.6,-323.55,-333.95,-236.64
558,638,3500.0,856.37,2.0,1.651268,-1025.43,-2050.86,-2241.62,-1693.26,-1850.76,-29.298,-3711.36,-3064.22,900.7,0,0,-220.21,-181.82,3.6,2.98,238.5,196.91,25.8,21.3,456.24,376.69,-561.23,-463.37,257.79,212.84,0.0,0.0,-1147.18,-947.15,716.51,591.58,-158.48,-130.85,-218.71,-180.57,-784.54,-647.74,-663.22,-547.58,558.84,461.4,-554.58,-457.88
559,638,3500.0,855.26,2.0,1.653418,-1665.18,-3330.35,-3520.72,-2753.23,-2910.61,-47.576,-5151.03,-4258.4,622.3,0,0,-165.87,-137.13,-276.99,-228.99,113.51,93.84,-191.56,-158.36,-31.36,-25.92,-493.84,-408.26,-262.91,-217.35,0.0,0.0,-466.01,-385.25,150.31,124.26,-1336.25,-1104.69,171.91,142.12,-388.48,-321.16,76.54,63.28,-528.26,-436.72,298.9,247.1
560,638,3500.0,855.26,2.0,1.653418,-990.21,-1980.42,-2171.19,-1637.23,-1794.94,-28.292,-3869.98,-3199.34,590.0,0,0,-205.09,-169.55,354.97,293.46,-163.93,-135.52,-187.91,-155.35,-578.03,-477.86,-339.69,-280.83,-784.97,-648.94,0.0,0.0,505.73,418.09,81.66,67.51,415.0,343.09,-424.02,-350.54,-615.28,-508.66,205.99,170.3,-174.93,-144.61,-69.93,-57.81
561,638,4000.0,855.26,1.75,1.653418,-789.1,-1380.92,-1547.96,-1304.71,-1462.53,-19.727,-3233.1,-3054.66,631.2,0,0,249.35,235.59,378.65,357.75,-130.01,-122.83,-588.84,-556.34,-209.87,-198.29,-337.19,-318.58,-273.2,-258.12,0.0,0.0,-431.43,-407.62,-49.54,-46.81,872.26,824.12,-363.57,-343.51,178.78,168.91,157.2,148.52,-463.29,-437.72,-370.2,-349.77
562,638,3500.0,855.26,2.0,1.653418,-543.83,-1087.67,-1278.71,-899.19,-1057.12,-15.538,-4294.81,-3550.56,644.8,0,0,-790.57,-653.57,285.9,236.35,-66.82,-55.24,977.32,807.96,148.1,122.44,-234.14,-193.57,714.77,590.9,0.0,0.0,-435.43,-359.97,32.93,27.22,340.56,281.54,-399.12,-329.95,-312.51,-258.36,-415.2,-343.25,-761.29,-629.37,-172.16,-142.33
563,638,4000.0,855.26,1.75,1.653418,-310.34,-543.1,-710.39,-513.13,-671.18,-7.759,-3202.1,-3025.38,634.3,0,0,81.19,76.71,73.21,69.17,73.24,69.2,921.48,870.62,389.91,368.39,-85.95,-81.21,-594.19,-561.4,0.0,0.0,-481.92,-455.32,-214.46,-202.62,363.46,343.4,-425.71,-402.21,-486.59,-459.73,223.17,210.86,-145.35,-137.32,-234.6,-221.65
564,638,3500.0,855.26,2.0,1.653418,-2263.11,-4526.22,-4716.23,-3741.87,-3898.95,-64.66,-5998.95,-4959.39,830.3,0,0,-664.2,-549.1,137.16,113.39,244.87,202.44,440.26,363.97,-570.45,-471.6,-360.87,-298.33,-521.88,-431.44,0.0,0.0,-724.45,-598.91,-468.77,-387.53,-635.14,-525.08,9.82,8.12,-183.63,-151.81,175.84,145.37,-1053.58,-871.0,-351.2,-290.34
565,638,3000.0,855.26,2.333333,1.653418,531.82,1240.91,1017.27,879.32,720.85,17.727,-3173.66,-2248.88,630.8,0,0,-461.38,-326.94,225.23,159.6,-40.45,-28.66,27.17,19.25,-261.45,-185.26,-854.18,-605.28,129.59,91.83,0.0,0.0,-1075.55,-762.14,-555.91,-393.93,1534.7,1087.5,-73.57,-52.13,805.87,571.05,-379.89,-269.19,1625.61,1151.92,595.12,421.71
566,638,3000.0,855.26,2.333333,1.653418,-1590.26,-3710.62,-3932.77,-2629.37,-2786.79,-53.009,-6269.05,-4442.3,445.3,0,0,-192.96,-136.73,143.66,101.8,646.28,457.96,-339.71,-240.72,-300.86,-213.19,-1117.17,-791.64,-543.92,-385.42,0.0,0.0,-467.23,-331.08,667.52,473.01,-636.05,-450.71,-581.04,-411.73,195.44,138.49,279.09,197.77,-939.21,-665.53,-524.48,-371.65
567,638,3500.0,856.37,2.0,1.651268,-523.65,-1047.29,-1238.35,-864.68,-1022.42,-14.961,-3204.9,-2646.08,631.2,0,0,-408.81,-337.53,-241.11,-199.07,-261.57,-215.96,260.26,214.88,10.01,8.26,285.55,235.76,-501.29,-413.88,0.0,0.0,205.04,169.29,-182.63,-150.79,-376.46,-310.82,-697.98,-576.28,-113.42,-93.64,1048.12,865.36,-57.51,-47.48,-15.49,-12.79
568,638,3500.0,855.26,2.0,1.653418,-1527.71,-3055.42,-3245.88,-2525.95,-2683.4,-43.649,-4451.86,-3680.39,635.0,0,0,-144.99,-119.87,178.29,147.4,49.47,40.9,-423.45,-350.07,-598.32,-494.64,-860.15,-711.09,-319.02,-263.74,0.0,0.0,478.38,395.48,-362.79,-299.92,757.02,625.84,-248.56,-205.49,-772.62,-638.74,0.99,0.82,-863.25,-713.66,73.58,60.83
569,638,3500.0,855.26,2.0,1.653418,854.04,1708.08,1516.2,1412.09,1253.46,24.401,-3533.55,-2921.22,633.5,0,0,-61.57,-50.9,-124.95,-103.3,3.28,2.71,-182.45,-150.83,167.73,138.66,-539.33,-445.87,-275.46,-227.72,0.0,0.0,-923.88,-763.78,68.03,56.24,881.41,728.67,-62.07,-51.31,227.58,188.15,-337.03,-278.62,1146.3,947.66,1720.49,1422.34
570,638,4000.0,855.26,1.75,1.653418,-125.01,-218.77,-386.15,-206.7,-364.84,-3.125,-2942.57,-2780.17,621.5,0,0,-292.25,-276.12,627.15,592.54,57.06,53.91,-250.05,-236.25,241.0,227.7,-233.55,-220.67,-444.08,-419.57,0.0,0.0,650.65,614.74,438.26,414.07,-415.97,-393.01,-259.59,-245.26,176.31,166.57,-209.65,-198.08,-396.6,-374.71,92.57,87.46
571,638,3000.0,855.26,2.333333,1.653418,417.79,974.84,751.28,690.78,532.36,13.926,-4230.02,-2997.42,477.0,0,0,-1775.89,-1258.41,167.85,118.94,129.68,91.89,-76.55,-54.25,405.03,287.01,-435.56,-308.64,-657.58,-465.97,0.0,0.0,-363.09,-257.29,-446.02,-316.06,430.14,304.8,424.97,301.14,1810.75,1283.11,795.2,563.48,220.09,155.95,345.84,245.07
572,638,3000.0,855.26,2.333333,1.653418,529.28,1234.98,1011.35,875.12,716.65,17.643,-3533.81,-2504.08,633.5,0,0,346.19,245.32,-24.46,-17.33,76.78,54.41,390.9,276.99,-168.53,-119.42,313.2,221.93,-352.4,-249.72,0.0,0.0,614.27,435.28,-833.36,-590.53,1302.01,922.61,-600.39,-425.44,887.8,629.1,-380.08,-269.32,-220.21,-156.04,-116.74,-82.73
573,638,3500.0,855.26,2.0,1.653418,1086.07,2172.14,1980.11,1795.73,1636.98,31.031,-2401.25,-1985.13,373.0,0,0,-275.01,-227.35,36.3,30.01,-81.46,-67.34,-254.16,-210.12,952.35,787.31,-298.84,-247.05,-62.15,-51.38,0.0,0.0,-336.14,-277.89,980.29,810.42,-174.13,-143.96,614.34,507.88,127.77,105.63,-102.63,-84.85,608.04,502.67,437.58,361.75
574,638,3500.0,855.26,2.0,1.653418,-68.21,-136.41,-327.75,-112.78,-270.95,-1.949,-3694.03,-3053.89,636.0,0,0,-172.56,-142.66,38.27,31.64,-84.42,-69.79,113.36,93.71,78.88,65.21,297.12,245.63,154.21,127.48,0.0,0.0,1272.31,1051.83,75.54,62.45,64.53,53.35,-974.55,-805.67,-79.49,-65.71,-405.4,-335.14,-441.99,-365.4,-72.23,-59.72
575,638,3000.0,856.37,2.333333,1.651268,-648.04,-1512.09,-1734.91,-1070.09,-1227.77,-21.601,-4266.76,-3019.53,630.0,0,0,-971.63,-687.61,238.58,168.84,205.71,145.58,-962.42,-681.09,611.72,432.91,-1288.5,-911.85,-118.25,-83.69,0.0,0.0,806.15,570.5,319.51,226.12,1021.94,723.21,834.39,590.48,-721.48,-510.58,-693.25,-490.61,-526.04,-372.27,-268.5,-190.01
576,638,3000.0,855.26,2.333333,1.653418,-1243.03,-2900.39,-3122.79,-2055.24,-2212.83,-41.434,-5068.62,-3591.66,631.2,0,0,-467.59,-331.33,155.59,110.25,431.46,305.73,1715.48,1215.6,-463.66,-328.55,-798.27,-565.66,-701.51,-497.09,0.0,0.0,-1062.27,-752.73,-3.78,-2.68,-792.54,-561.6,341.17,241.75,-897.66,-636.09,-696.95,-493.87,168.52,119.42,171.61,121.6
577,638,3500.0,855.26,2.0,1.653418,-1077.94,-2155.89,-2346.61,-1782.29,-1939.97,-30.798,-4765.64,-3939.8,590.0,0,0,-1018.8,-842.25,389.19,321.74,356.73,294.91,-38.0,-31.42,442.21,365.58,-1052.13,-869.8,850.35,703.0,0.0,0.0,-755.09,-624.24,-1148.44,-949.43,514.52,425.36,-411.63,-340.3,-163.36,-135.05,785.46,649.35,-753.03,-622.53,-153.87,-127.2
578,638,3000.0,856.37,2.333333,1.651268,-427.27,-996.97,-1219.94,-705.54,-863.33,-14.242,-4206.73,-2977.05,590.0,0,0,42.15,29.83,466.66,330.25,-172.71,-122.23,293.4,207.63,-191.1,-135.24,691.15,489.12,-92.73,-65.63,0.0,0.0,-1542.83,-1091.84,167.64,118.64,-655.23,-463.7,100.71,71.27,-5.21,-3.69,-819.78,-580.15,-141.92,-100.44,862.84,610.62
579,638,3500.0,855.26,2.0,1.653418,-2247.21,-4494.42,-4684.44,-3715.58,-3872.67,-64.206,-5611.8,-4639.32,632.8,0,0,-1151.86,-952.25,324.06,267.91,-32.84,-27.15,-329.43,-272.34,16.79,13.88,-573.12,-473.81,-8.88,-7.34,0.0,0.0,-1220.38,-1008.9,62.49,51.66,602.37,497.99,-31.16,-25.76,-643.93,-532.35,-612.81,-506.61,-166.02,-137.25,-729.72,-603.27
580,638,3500.0,855.26,2.0,1.653418,825.93,1651.86,1459.99,1365.61,1206.99,23.598,-2264.49,-1872.07,590.0,0,0,-452.33,-373.94,453.99,375.31,96.51,79.78,1146.98,948.22,485.94,401.73,-67.47,-55.77,-362.94,-300.04,0.0,0.0,194.74,160.99,518.39,428.56,591.54,489.03,307.49,254.21,-693.16,-573.04,230.14,190.26,-612.7,-506.53,-185.26,-153.16
581,638,3000.0,855.26,2.333333,1.653418,-1747.1,-4076.56,-4298.61,-2888.68,-3046.03,-58.237,-5940.38,-4209.4,623.0,0,0,-972.99,-689.46,-232.37,-164.66,34.3,24.3,90.54,64.16,328.33,232.66,-33.1,-23.46,-196.38,-139.15,0.0,0.0,-1723.14,-1221.03,550.49,390.08,-750.57,-531.86,406.37,287.96,-158.33,-112.2,-264.15,-187.18,-887.11,-628.61,-268.44,-190.22
582,638,3000.0,855.26,2.333333,1.653418,-548.12,-1278.94,-1501.82,-906.27,-1064.2,-18.271,-5229.76,-3705.85,644.8,0,0,254.9,180.62,-20.85,-14.77,737.22,522.4,109.34,77.48,950.72,673.69,-44.84,-31.77,-535.92,-379.76,0.0,0.0,-502.55,-356.11,-816.32,-578.45,-788.23,-558.55,-262.21,-185.8,-200.71,-142.22,-149.67,-106.06,-201.58,-142.84,191.75,135.88
583,638,3000.0,856.37,2.333333,1.651268,-2094.01,-4886.02,-5107.82,-3457.77,-3614.74,-69.8,-6732.14,-4764.24,590.0,0,0,-935.96,-662.36,-67.72,-47.92,0.49,0.35,-190.63,-134.91,-415.36,-293.94,-1634.39,-1156.63,-284.72,-201.49,0.0,0.0,235.86,166.91,-193.36,-136.84,-825.0,-583.84,-398.94,-282.33,434.06,307.18,284.26,201.17,-1007.23,-712.8,112.61,79.69
584,638,3000.0,855.26,2.333333,1.653418,1066.78,2489.16,2265.15,1763.84,1605.1,35.559,-2783.94,-1972.72,601.2,0,0,284.07,201.3,503.58,356.84,-228.58,-161.97,218.6,154.9,21.94,15.55,724.61,513.46,-337.75,-239.33,0.0,0.0,-608.25,-431.01,1107.93,785.09,563.65,399.41,-671.64,-475.93,-646.98,-458.45,545.09,386.25,-157.9,-111.89,1170.78,829.62
585,638,3500.0,856.37,2.0,1.651268,1.06,2.12,-189.25,1.75,-156.25,0.03,-3962.01,-3271.17,637.3,0,0,-658.06,-543.32,-49.73,-41.06,-164.85,-136.11,556.78,459.69,-510.25,-421.28,-445.42,-367.76,129.5,106.92,0.0,0.0,127.02,104.87,124.88,103.11,949.45,783.9,-34.91,-28.82,-775.47,-640.25,154.61,127.65,-167.93,-138.65,766.5,632.85
586,638,3500.0,855.26,2.0,1.653418,163.15,326.3,134.83,269.75,111.46,4.661,-3336.49,-2758.3,644.8,0,0,-451.81,-373.51,230.98,190.95,-312.63,-258.45,-207.51,-171.55,-149.59,-123.67,-419.93,-347.16,-26.93,-22.26,0.0,0.0,-107.29,-88.69,203.98,168.63,1128.17,932.67,-100.02,-82.69,-196.46,-162.41,203.93,168.59,-186.38,-154.09,717.79,593.4
587,638,3500.0,855.26,2.0,1.653418,-491.57,-983.14,-1174.21,-812.77,-970.73,-14.045,-3729.05,-3082.84,626.7,0,0,50.2,41.5,42.34,35.01,-136.36,-112.73,-333.91,-276.05,-90.21,-74.58,121.2,100.2,-651.72,-538.79,0.0,0.0,905.22,748.35,-410.88,-339.68,-564.6,-466.76,-97.93,-80.96,29.96,24.77,190.27,157.29,152.4,125.99,-189.1,-156.33
588,638,3500.0,856.37,2.0,1.651268,-1467.33,-2934.67,-3125.16,-2422.96,-2580.24,-41.924,-4808.03,-3969.67,899.7,0,0,-424.62,-350.58,-100.5,-82.98,664.79,548.87,-44.92,-37.09,-37.86,-31.26,-1266.29,-1045.49,-163.11,-134.67,0.0,0.0,-17.98,-14.85,-290.42,-239.78,-73.05,-60.31,479.4,395.81,-195.04,-161.03,-872.71,-720.54,445.56,367.87,-1037.91,-856.94
589,638,3000.0,856.37,2.333333,1.651268,383.35,894.47,670.94,633.01,474.81,12.778,-3830.79,-2711.0,635.0,0,0,175.24,124.02,589.93,417.49,199.5,141.18,-139.14,-98.47,234.88,166.22,-443.05,-313.54,-253.24,-179.22,0.0,0.0,560.4,396.59,125.95,89.13,-946.6,-669.9,377.71,267.3,-456.58,-323.11,-776.21,-549.31,1399.0,990.05,246.68,174.57
590,638,3500.0,855.26,2.0,1.653418,-1884.99,-3769.97,-3960.21,-3116.67,-3273.94,-53.857,-6142.44,-5078.01,874.5,0,0,402.13,332.45,102.8,84.98,14.78,12.22,-242.71,-200.65,-364.19,-301.08,-498.02,-411.72,-192.79,-159.38,0.0,0.0,-84.76,-70.07,-1112.16,-919.44,-74.97,-61.97,-640.77,-529.73,-44.61,-36.88,-404.8,-334.66,33.83,27.97,-663.72,-548.7
591,638,3500.0,855.26,2.0,1.653418,-1683.48,-3366.96,-3557.32,-2783.5,-2940.87,-48.099,-4918.2,-4065.92,634.5,0,0,378.69,313.06,371.02,306.73,369.12,305.16,-1778.26,-1470.1,-850.55,-703.16,-9.93,-8.21,-331.14,-273.76,0.0,0.0,-426.36,-352.48,112.83,93.28,617.22,510.26,-232.38,-192.11,-509.21,-420.97,-452.87,-374.39,-1062.08,-878.03,436.94,361.22
592,638,3500.0,855.26,2.0,1.653418,-1402.96,-2805.92,-2996.45,-2319.68,-2477.19,-40.085,-3389.97,-2802.52,970.7,0,0,-739.21,-611.11,-221.9,-183.44,88.4,73.08,-577.22,-477.19,-29.42,-24.32,-400.27,-330.9,41.12,33.99,0.0,0.0,503.13,415.94,-402.1,-332.42,-470.48,-388.95,605.23,500.35,-667.24,-551.62,-457.69,-378.38,88.32,73.01,-166.58,-137.71
593,638,3500.0,855.26,2.0,1.653418,891.04,1782.07,1590.17,1473.25,1314.6,25.458,-3094.65,-2558.38,635.0,0,0,402.16,332.47,-260.12,-215.04,53.25,44.02,151.87,125.55,605.23,500.35,438.09,362.17,-111.98,-92.58,0.0,0.0,-437.49,-361.68,117.98,97.54,577.9,477.76,19.32,15.98,-717.16,-592.88,150.83,124.69,54.43,45.0,737.75,609.91
594,638,4000.0,855.26,1.75,1.653418,-406.45,-711.28,-878.52,-672.03,-830.03,-10.161,-2951.39,-2788.51,293.5,0,0,-527.18,-498.09,-47.4,-44.78,503.6,475.81,726.5,686.41,638.84,603.58,1057.68,999.31,-37.7,-35.62,0.0,0.0,-447.49,-422.79,-956.68,-903.88,-424.25,-400.83,-407.05,-384.59,-197.83,-186.91,-834.96,-788.88,-109.5,-103.46,352.13,332.69
595,638,3500.0,855.26,2.0,1.653418,530.69,1061.39,869.7,877.46,718.98,15.163,-2862.55,-2366.5,604.0,0,0,-245.18,-202.69,543.83,449.59,220.89,182.61,-186.8,-154.43,-341.83,-282.6,21.3,17.61,-198.33,-163.96,0.0,0.0,86.42,71.45,-39.59,-32.73,-31.67,-26.18,327.16,270.47,-268.72,-222.15,955.01,789.52,186.41,154.1,32.47,26.84
596,638,3500.0,855.26,2.0,1.653418,1745.22,3490.44,3298.02,2885.58,2726.5,49.863,-2335.12,-1930.46,328.2,0,0,561.13,463.89,-95.05,-78.58,607.29,502.05,570.57,471.7,-197.35,-163.15,-997.4,-824.56,-326.23,-269.69,0.0,0.0,415.49,343.49,-160.62,-132.78,933.26,771.53,-278.37,-230.13,394.65,326.26,255.12,210.91,1029.27,850.91,778.67,643.74
597,638,3500.0,855.26,2.0,1.653418,-1275.86,-2551.73,-2742.34,-2109.54,-2267.11,-36.453,-3771.2,-3117.68,629.3,0,0,-81.86,-67.67,37.8,31.25,78.15,64.61,-697.54,-576.66,261.98,216.58,-1022.56,-845.36,-394.12,-325.82,0.0,0.0,-644.02,-532.42,-421.74,-348.66,-33.83,-27.97,-315.58,-260.89,-117.56,-97.19,756.42,625.34,526.91,435.6,-484.19,-400.28
598,638,3500.0,855.26,2.0,1.653418,-1657.73,-3315.46,-3505.83,-2740.92,-2898.3,-47.364,-5438.89,-4496.38,636.8,0,0,305.31,252.4,159.89,132.18,174.23,144.04,-486.8,-402.44,828.71,685.1,-41.02,-33.92,-536.88,-443.84,0.0,0.0,-1028.77,-850.5,-144.71,-119.64,-1634.52,-1351.27,68.97,57.02,92.04,76.09,-370.64,-306.41,55.44,45.84,-756.71,-625.58
599,638,3500.0,855.26,2.0,1.653418,-986.7,-1973.4,-2164.18,-1631.43,-1789.15,-28.191,-3474.67,-2872.54,644.8,0,0,-339.37,-280.56,360.41,297.95,-100.13,-82.78,-5.09,-4.21,-224.68,-185.75,-843.78,-697.56,-748.19,-618.54,0.0,0.0,-213.55,-176.54,-488.52,-403.86,571.38,472.37,-40.76,-33.7,-91.33,-75.5,-404.8,-334.65,-549.59,-454.35,1144.61,946.26
600,638,3000.0,856.37,2.333333,1.651268,-230.86,-538.68,-761.79,-381.22,-539.11,-7.695,-4104.58,-2904.76,329.7,0,0,884.6,626.02,600.64,425.07,527.49,373.29,-210.41,-148.9,-514.46,-364.08,303.71,214.93,771.28,545.83,0.0,0.0,-1739.56,-1231.06,-67.58,-47.82,-632.12,-447.34,-388.55,-274.97,402.85,285.09,-25.41,-17.98,-361.44,-255.79,-89.72,-63.49
601,638,3500.0,855.26,2.0,1.653418,25.61,51.22,-140.16,42.35,-115.87,0.732,-5060.03,-4183.17,630.0,0,0,-597.66,-494.09,-79.61,-65.81,6.24,5.16,1558.83,1288.7,-673.21,-556.55,-252.87,-209.05,-806.66,-666.88,0.0,0.0,267.08,220.8,-275.11,-227.44,1194.79,987.74,178.05,147.19,-85.43,-70.63,-330.16,-272.94,408.91,338.05,-461.97,-381.91
602,638,4000.0,855.26,1.75,1.653418,-225.1,-393.92,-561.25,-372.18,-530.28,-5.627,-2656.87,-2510.24,624.3,0,0,-222.32,-210.05,-230.86,-218.11,200.95,189.86,629.82,595.06,-246.35,-232.76,355.22,335.62,-78.86,-74.51,0.0,0.0,-465.67,-439.97,394.5,372.73,268.54,253.72,-261.48,-247.05,-579.99,-547.98,-47.22,-44.62,-269.78,-254.89,159.57,150.77
603,638,4000.0,855.26,1.75,1.653418,-632.43,-1106.76,-1273.88,-1045.68,-1203.57,-15.811,-3247.43,-3068.2,477.0,0,0,-649.46,-613.62,47.1,44.5,-240.84,-227.55,-438.48,-414.28,45.57,43.05,159.47,150.67,432.05,408.2,0.0,0.0,-350.31,-330.98,572.75,541.14,-307.45,-290.48,-17.92,-16.93,-133.93,-126.54,-19.02,-17.97,-221.87,-209.62,15.58,14.72
604,638,3500.0,855.26,2.0,1.653418,549.4,1098.8,907.1,908.39,749.91,15.697,-3346.06,-2766.22,588.2,0,0,-424.54,-350.97,531.9,439.72,318.01,262.9,-681.99,-563.81,356.59,294.8,-19.17,-15.85,-145.88,-120.6,0.0,0.0,-63.85,-52.78,285.68,236.17,-105.17,-86.95,96.83,80.05,334.22,276.3,-54.01,-44.65,1004.5,830.43,-334.33,-276.4
605,638,3000.0,855.26,2.333333,1.653418,-444.42,-1036.97,-1259.93,-734.81,-892.8,-14.814,-4757.15,-3370.95,464.8,0,0,-609.94,-432.21,-364.99,-258.64,-173.22,-122.75,485.89,344.31,147.36,104.42,-152.65,-108.17,335.08,237.44,0.0,0.0,-477.77,-338.55,397.24,281.49,-583.16,-413.23,465.5,329.85,641.18,454.35,-204.01,-144.56,-402.12,-284.94,-541.36,-383.61
606,638,4000.0,856.37,1.75,1.651268,71.2,124.6,-42.88,117.57,-40.46,1.78,-3362.26,-3172.57,633.8,0,0,-211.36,-199.43,296.46,279.73,245.44,231.59,-9.65,-9.11,179.5,169.37,-531.99,-501.98,141.4,133.42,0.0,0.0,-91.44,-86.28,85.58,80.75,-396.62,-374.25,114.65,108.18,-130.49,-123.13,186.53,176.01,-713.5,-673.25,960.11,905.94
607,638,3500.0,855.26,2.0,1.653418,-1287.14,-2574.27,-2764.87,-2128.18,-2285.75,-36.775,-4146.83,-3428.22,904.8,0,0,-555.79,-459.48,-352.96,-291.8,82.27,68.02,-1462.34,-1208.93,428.22,354.01,-1022.36,-845.2,-279.45,-231.02,0.0,0.0,156.79,129.62,391.67,323.8,-165.3,-136.66,537.39,444.27,-101.38,-83.81,188.37,155.72,4.92,4.07,-424.33,-350.8
608,638,3500.0,855.26,2.0,1.653418,-1873.18,-3746.35,-3936.6,-3097.14,-3254.42,-53.519,-5022.92,-4152.49,601.3,0,0,-227.87,-188.38,280.39,231.8,171.8,142.02,-380.01,-314.16,492.42,407.09,-635.17,-525.1,-106.11,-87.72,0.0,0.0,-646.16,-534.19,-826.45,-683.23,92.45,76.43,-748.73,-618.98,-755.86,-624.87,-446.43,-369.06,426.91,352.93,-437.53,-361.71
609,638,3000.0,856.37,2.333333,1.651268,-2460.25,-5740.58,-5962.13,-4062.53,-4219.32,-82.008,-6269.99,-4437.19,971.5,0,0,-1241.42,-878.54,-86.34,-61.1,-227.51,-161.0,-1057.23,-748.19,378.42,267.81,489.04,346.09,-1034.37,-732.01,0.0,0.0,-433.68,-306.91,-792.18,-560.61,529.46,374.7,127.17,90.0,-628.31,-444.64,-65.75,-46.53,-1969.73,-1393.95,271.83,192.37
610,638,3000.0,855.26,2.333333,1.653418,-2081.01,-4855.69,-5077.5,-3440.78,-3597.96,-69.367,-6088.17,-4314.13,908.8,0,0,-635.78,-450.52,892.16,632.19,40.44,28.66,-330.56,-234.24,772.17,547.17,118.31,83.83,-438.35,-310.62,0.0,0.0,-1335.27,-946.18,411.1,291.31,-1227.19,-869.59,-19.8,-14.03,-661.77,-468.93,-308.69,-218.74,-1336.73,-947.21,-795.74,-563.87
611,638,3500.0,855.26,2.0,1.653418,-1801.85,-3603.7,-3793.99,-2979.21,-3136.53,-51.481,-4537.58,-3751.26,970.5,0,0,-17.91,-14.81,88.07,72.8,76.48,63.23,-449.9,-371.94,-36.17,-29.9,-739.98,-611.75,-557.97,-461.28,0.0,0.0,6.51,5.38,-282.96,-233.93,-126.16,-104.3,218.82,180.9,-463.43,-383.12,41.53,34.34,-530.54,-438.6,-830.08,-686.23
612,638,3500.0,855.26,2.0,1.653418,-268.0,-535.99,-727.2,-443.11,-601.18,-7.657,-3597.61,-2974.18,634.5,0,0,-1036.06,-856.52,112.5,93.0,-58.77,-48.58,492.06,406.79,724.96,599.33,-758.1,-626.72,1107.48,915.57,0.0,0.0,-513.47,-424.49,265.4,219.41,-166.81,-137.9,54.3,44.89,252.81,209.0,-415.42,-343.43,-403.49,-333.57,-193.38,-159.87
613,638,3000.0,856.37,2.333333,1.651268,-1337.42,-3120.65,-3342.98,-2208.44,-2365.78,-44.581,-5355.89,-3790.29,831.8,0,0,-562.61,-398.15,81.36,57.58,-166.33,-117.71,-675.22,-477.84,490.64,347.22,-924.27,-654.1,-164.02,-116.07,0.0,0.0,-442.78,-313.35,104.25,73.77,-515.07,-364.51,-27.91,-19.75,597.24,422.66,1351.24,956.25,-1268.48,-897.69,-998.68,-706.75
614,638,3000.0,855.26,2.333333,1.653418,597.01,1393.03,1169.35,987.11,828.61,19.9,-3182.09,-2254.85,270.7,0,0,-541.99,-384.06,542.88,384.69,607.79,430.69,855.33,606.09,696.28,493.39,-603.57,-427.69,-468.06,-331.67,0.0,0.0,-659.89,-467.61,739.51,524.02,333.48,236.31,150.36,106.55,-86.85,-61.54,476.24,337.47,-949.49,-672.82,301.02,213.3
615,638,4000.0,855.26,1.75,1.653418,-296.31,-518.54,-685.83,-489.92,-647.98,-7.408,-2286.98,-2160.77,626.7,0,0,-129.5,-122.36,57.73,54.55,219.24,207.14,-456.73,-431.52,49.36,46.64,-479.82,-453.34,176.26,166.54,0.0,0.0,-430.73,-406.95,-117.04,-110.58,49.42,46.69,264.9,250.28,-834.5,-788.44,312.27,295.04,-67.42,-63.7,868.02,820.11
616,638,3500.0,855.26,2.0,1.653418,-918.04,-1836.08,-2026.9,-1517.9,-1675.66,-26.23,-3563.73,-2946.17,899.5,0,0,-661.87,-547.17,270.76,223.84,160.22,132.45,134.13,110.89,-127.5,-105.41,-312.83,-258.62,-713.48,-589.84,0.0,0.0,579.56,479.13,1.34,1.1,-406.44,-336.01,51.45,42.53,11.93,9.86,-80.94,-66.91,-304.72,-251.91,-437.69,-361.84
617,638,3000.0,855.26,2.333333,1.653418,-213.49,-498.14,-721.26,-352.98,-511.09,-7.116,-3705.44,-2625.71,645.3,0,0,-308.56,-218.65,-86.08,-60.99,951.21,674.04,1148.0,813.48,-340.09,-240.99,-953.06,-675.34,-221.94,-157.27,0.0,0.0,-166.64,-118.09,205.1,145.34,573.96,406.71,-668.99,-474.05,-319.76,-226.58,201.64,142.89,-206.65,-146.43,-306.29,-217.04
618,638,3500.0,855.26,2.0,1.653418,-986.01,-1972.01,-2162.79,-1630.28,-1788.0,-28.172,-4644.22,-3839.42,885.2,0,0,341.17,282.05,-295.0,-243.88,403.1,333.25,60.43,49.96,-338.62,-279.94,-507.27,-419.36,399.86,330.56,0.0,0.0,-1386.74,-1146.43,99.99,82.66,542.54,448.52,-142.27,-117.62,-776.27,-641.75,-289.09,-238.99,-333.75,-275.91,249.91,206.61
619,638,3000.0,855.26,2.333333,1.653418,-613.1,-1430.57,-1653.41,-1013.71,-1171.62,-20.437,-3473.96,-2461.67,630.5,0,0,-727.05,-515.19,289.73,205.31,-168.48,-119.38,-124.23,-88.03,231.15,163.8,17.78,12.6,339.61,240.65,0.0,0.0,-109.55,-77.63,93.85,66.5,-1031.95,-731.25,-145.0,-102.75,-706.09,-500.34,-98.11,-69.52,214.79,152.2,492.97,349.32
620,638,3000.0,855.26,2.333333,1.653418,-1086.24,-2534.56,-2757.07,-1796.01,-1953.68,-36.208,-6507.44,-4611.22,637.0,0,0,216.4,153.35,5.4,3.83,-32.55,-23.06,-1161.17,-822.81,-9.85,-6.98,-766.43,-543.09,-534.78,-378.95,0.0,0.0,186.39,132.08,481.92,341.49,-114.12,-80.87,594.04,420.94,-283.63,-200.98,-154.48,-109.47,-776.38,-550.15,-185.34,-131.33
621,638,3500.0,855.26,2.0,1.653418,307.85,615.7,424.14,509.01,350.64,8.796,-4118.94,-3405.17,632.8,0,0,-16.28,-13.46,-116.11,-95.99,-235.45,-194.65,1063.24,878.99,200.24,165.54,-1225.66,-1013.26,-619.32,-512.0,0.0,0.0,312.64,258.47,247.34,204.48,174.32,144.11,108.16,89.42,561.37,464.09,-31.35,-25.91,535.26,442.51,-342.72,-283.33
622,638,3500.0,855.26,2.0,1.653418,-1327.41,-2654.82,-2845.4,-2194.77,-2352.32,-37.926,-4712.5,-3895.86,634.5,0,0,-217.89,-180.13,201.04,166.2,231.19,191.13,-477.43,-394.7,-231.39,-191.3,19.93,16.47,-498.95,-412.49,0.0,0.0,-235.82,-194.95,-226.88,-187.57,-772.62,-638.73,115.66,95.62,-352.93,-291.77,-978.83,-809.21,430.41,355.82,339.69,280.83
623,638,3000.0,855.26,2.333333,1.653418,870.88,2032.06,1808.18,1439.93,1281.29,29.029,-2314.65,-1640.18,328.2,0,0,549.87,389.64,525.76,372.56,945.49,669.98,-110.3,-78.16,246.76,174.86,-390.44,-276.67,-146.77,-104.0,0.0,0.0,-956.62,-677.87,263.73,186.88,647.75,459.0,-93.66,-66.37,443.91,314.56,-121.96,-86.42,430.16,304.81,-201.61,-142.86
624,638,3000.0,855.26,2.333333,1.653418,121.57,283.67,60.32,201.01,42.74,4.052,-4572.77,-3240.3,626.8,0,0,708.11,501.77,853.06,604.48,376.03,266.46,-623.22,-441.62,223.27,158.21,134.45,95.27,-618.98,-438.61,0.0,0.0,-903.95,-640.55,-642.05,-454.96,-604.2,-428.14,260.19,184.38,104.24,73.86,978.99,693.72,-345.44,-244.78,383.17,271.52
625,638,3500.0,856.37,2.0,1.651268,-629.46,-1258.93,-1449.92,-1039.41,-1197.1,-17.985,-4470.57,-3691.05,590.0,0,0,268.13,221.38,-19.5,-16.1,439.76,363.08,-54.63,-45.11,-392.23,-323.83,-557.13,-459.99,-584.31,-482.42,0.0,0.0,398.87,329.32,314.78,259.89,497.3,410.59,367.52,303.43,-764.67,-631.34,270.68,223.48,-684.69,-565.3,-758.8,-626.5
626,638,4500.0,855.26,1.555556,1.653418,352.79,548.79,399.78,583.31,424.93,7.84,-2291.28,-2435.43,633.5,0,0,28.68,30.49,-134.79,-143.27,-30.53,-32.45,226.15,240.37,116.33,123.64,135.26,143.77,146.57,155.79,0.0,0.0,-50.29,-53.46,168.66,179.27,520.24,552.97,199.72,212.28,-27.92,-29.67,-358.38,-380.93,-97.58,-103.72,-293.32,-311.77
627,638,3500.0,855.26,2.0,1.653418,307.55,615.09,423.54,508.5,350.14,8.787,-2660.9,-2199.79,634.5,0,0,-535.99,-443.11,476.47,393.91,179.18,148.13,511.08,422.52,-241.0,-199.24,-303.6,-250.99,1147.51,948.66,0.0,0.0,-273.69,-226.26,-39.28,-32.47,-349.96,-289.31,321.18,265.53,95.45,78.91,163.49,135.16,-663.34,-548.39,127.6,105.49
628,638,3500.0,856.37,2.0,1.651268,-1693.13,-3386.26,-3576.61,-2795.81,-2952.97,-48.375,-5018.45,-4143.4,643.5,0,0,-808.78,-667.76,-49.17,-40.6,5.06,4.18,297.69,245.78,-426.45,-352.09,-957.14,-790.25,-402.41,-332.24,0.0,0.0,-727.74,-600.84,991.24,818.4,-170.07,-140.41,-258.98,-213.83,-223.56,-184.58,211.45,174.58,-1118.95,-923.84,251.55,207.68
629,638,3000.0,855.26,2.333333,1.653418,-1572.57,-3669.33,-3891.5,-2600.12,-2757.55,-52.419,-6110.68,-4330.08,632.8,0,0,-23.81,-16.87,65.52,46.43,48.45,34.33,-356.72,-252.77,-175.13,-124.1,-684.21,-484.83,155.48,110.17,0.0,0.0,-370.64,-262.64,-795.15,-563.45,-1372.25,-972.39,71.14,50.41,-7.1,-5.03,738.71,523.46,-869.62,-616.22,-94.0,-66.61
630,638,3500.0,856.37,2.0,1.651268,-430.59,-861.17,-1052.29,-711.01,-868.8,-12.302,-3269.12,-2699.1,908.8,0,0,-196.7,-162.4,410.86,339.22,226.31,186.85,-1245.02,-1027.93,33.92,28.0,-706.16,-583.03,177.03,146.16,0.0,0.0,42.98,35.48,249.22,205.77,-130.71,-107.92,854.44,705.45,-824.81,-680.99,639.36,527.88,-549.81,-453.94,157.92,130.38
631,638,3000.0,855.26,2.333333,1.653418,266.0,620.67,397.22,439.81,281.47,8.867,-5028.42,-3563.18,634.3,0,0,-730.96,-517.96,543.16,384.89,1.89,1.34,561.83,398.12,-303.88,-215.33,-1249.12,-885.14,103.27,73.18,0.0,0.0,-439.3,-311.29,125.83,89.16,255.13,180.79,-326.32,-231.23,195.4,138.46,1168.62,828.09,1155.54,818.83,-440.41,-312.08
632,638,3000.0,855.26,2.333333,1.653418,-1157.62,-2701.11,-2923.57,-1914.03,-2071.66,-38.587,-5308.5,-3761.64,908.8,0,0,-1093.02,-774.52,757.9,537.05,-481.5,-341.19,-180.92,-128.2,18.41,13.04,52.36,37.1,213.38,151.2,0.0,0.0,-525.54,-372.4,-730.81,-517.86,-237.78,-168.49,-53.17,-37.68,-43.5,-30.82,-815.66,-577.99,181.19,128.39,237.55,168.33
633,638,3500.0,855.26,2.0,1.653418,312.43,624.87,433.31,516.58,358.22,8.927,-2392.59,-1977.98,461.3,0,0,-373.24,-308.56,773.16,639.18,486.3,402.03,125.13,103.44,423.89,350.43,-1159.08,-958.22,-317.06,-262.11,0.0,0.0,1297.63,1072.76,819.54,677.52,-1208.18,-998.81,160.96,133.06,178.23,147.34,53.22,44.0,-391.91,-323.99,-243.72,-201.48
634,638,4000.0,855.26,1.75,1.653418,-1271.5,-2225.13,-2391.91,-2102.33,-2259.9,-31.788,-3765.74,-3557.91,874.5,0,0,-694.37,-656.05,-112.49,-106.28,363.23,343.18,-594.05,-561.26,15.12,14.29,-177.8,-167.98,-649.26,-613.43,0.0,0.0,-214.18,-202.36,239.57,226.35,436.32,412.24,118.58,112.04,-537.61,-507.94,263.29,248.76,-428.39,-404.74,-253.09,-239.13
635,638,3500.0,855.26,2.0,1.653418,-216.42,-432.84,-624.09,-357.84,-515.94,-6.183,-3198.67,-2644.37,601.3,0,0,-48.31,-39.94,292.24,241.6,-46.49,-38.43,-897.76,-742.19,-253.02,-209.18,112.7,93.17,-112.81,-93.27,0.0,0.0,-170.07,-140.59,-50.63,-41.86,713.47,589.83,-153.14,-126.6,-660.45,-546.0,799.52,660.97,-330.79,-273.47,372.7,308.11
636,638,4000.0,855.26,1.75,1.653418,-97.41,-170.46,-337.86,-161.05,-319.21,-2.435,-2234.27,-2110.96,373.0,0,0,-18.13,-17.13,-86.77,-81.98,-146.17,-138.1,-124.41,-117.54,112.52,106.31,515.01,486.58,88.78,83.88,0.0,0.0,-554.8,-524.18,730.57,690.25,-552.7,-522.2,-572.68,-541.08,-448.95,-424.17,349.97,330.66,261.85,247.4,275.45,260.25
637,638,3500.0,855.26,2.0,1.653418,-321.71,-643.42,-834.6,-531.92,-689.97,-9.192,-3778.24,-3123.51,626.7,0,0,-690.6,-570.93,134.39,111.1,-71.88,-59.43,-962.92,-796.05,285.91,236.37,-612.44,-506.31,241.86,199.94,0.0,0.0,636.1,525.87,-89.81,-74.25,355.34,293.76,-264.2,-218.42,396.22,327.56,55.85,46.17,133.77,110.59,-191.0,-157.9
638,638,4000.0,855.26,1.75,1.653418,-344.92,-603.62,-770.89,-570.3,-728.34,-8.623,-3567.01,-3370.15,644.8,0,0,147.02,138.91,40.11,37.89,107.41,101.48,360.85,340.94,99.38,93.89,-836.58,-790.41,33.8,31.94,0.0,0.0,6.96,6.58,22.05,20.83,934.97,883.37,-230.49,-217.77,-727.97,-687.79,-279.89,-264.44,-268.0,-253.21,-13.26,-12.53
639,638,3500.0,855.26,2.0,1.653418,-54.33,-108.66,-300.0,-89.83,-248.02,-1.552,-2859.1,-2363.65,631.2,0,0,-546.32,-451.65,638.99,528.26,260.3,215.19,24.93,20.61,169.39,140.04,657.28,543.38,148.24,122.55,0.0,0.0,-801.43,-662.55,657.61,543.66,-312.67,-258.49,72.4,59.85,-872.74,-721.5,217.03,179.42,-223.96,-185.15,-197.72,-163.45
640,638,3500.0,855.26,2.0,1.653418,-216.99,-433.99,-625.23,-358.78,-516.88,-6.2,-3323.93,-2747.92,633.5,0,0,-229.34,-189.59,512.94,424.05,-199.65,-165.05,-209.56,-173.25,455.55,376.61,526.87,435.57,-33.8,-27.94,0.0,0.0,-402.97,-333.14,-610.9,-505.04,137.14,113.37,-493.94,-408.34,494.25,408.6,-112.78,-93.24,-242.59,-200.55,-25.21,-20.84
641,638,3000.0,855.26,2.333333,1.653418,-47.74,-111.39,-334.62,-78.93,-237.12,-1.591,-2321.44,-1644.99,604.7,0,0,-423.69,-300.23,302.84,214.59,121.63,86.18,-221.61,-157.03,739.08,523.72,614.47,435.42,-667.41,-472.93,0.0,0.0,-2315.85,-1641.03,-187.52,-132.88,759.37,538.1,-459.2,-325.39,81.16,57.51,47.87,33.92,807.69,572.34,689.79,488.79
642,638,3000.0,855.26,2.333333,1.653418,-160.86,-375.34,-598.5,-265.97,-424.1,-5.362,-3856.73,-2732.91,624.3,0,0,-361.91,-256.45,514.26,364.41,19.46,13.79,377.71,267.65,-231.79,-164.25,33.0,23.39,-152.18,-107.84,0.0,0.0,-652.98,-462.71,156.7,111.04,-790.93,-560.46,-1049.11,-743.41,630.65,446.89,51.3,36.35,490.19,347.35,590.29,418.29
643,638,3000.0,855.26,2.333333,1.653418,148.02,345.38,122.01,244.74,86.46,4.934,-3363.17,-2383.17,633.8,0,0,93.53,66.27,864.73,612.76,183.96,130.35,-49.6,-35.15,114.49,81.13,-572.63,-405.77,17.31,12.26,0.0,0.0,-273.85,-194.05,58.2,41.24,94.22,66.76,17.44,12.36,-771.1,-546.4,-64.88,-45.98,163.89,116.14,469.68,332.82
644,638,3000.0,855.26,2.333333,1.653418,-354.77,-827.8,-1050.82,-586.59,-744.62,-11.826,-3095.21,-2193.29,633.8,0,0,-132.09,-93.6,-199.1,-141.08,100.06,70.9,-980.73,-694.95,250.48,177.49,85.83,60.82,-327.7,-232.21,0.0,0.0,840.04,595.26,299.69,212.37,1202.37,852.01,78.67,55.74,-506.58,-358.96,314.56,222.9,-1507.98,-1068.56,-345.33,-244.71
645,638,3000.0,855.26,2.333333,1.653418,570.64,1331.5,1107.83,943.51,785.02,19.021,-2050.71,-1453.15,373.0,0,0,-552.03,-391.17,589.87,417.98,13.93,9.87,1338.66,948.59,-195.48,-138.52,-1196.25,-847.67,635.41,450.25,0.0,0.0,673.47,477.22,-503.76,-356.97,391.94,277.73,-380.19,-269.41,-901.7,-638.95,614.47,435.42,646.46,458.09,156.69,111.03
646,638,3500.0,855.26,2.0,1.653418,-485.56,-971.11,-1162.19,-802.83,-960.79,-13.873,-4135.13,-3418.55,586.2,0,0,-573.66,-474.25,67.23,55.58,162.99,134.75,637.78,527.26,-76.44,-63.19,-821.24,-678.93,-518.04,-428.27,0.0,0.0,-571.28,-472.28,-388.74,-321.38,977.35,807.99,-285.72,-236.21,452.22,373.86,-285.3,-235.86,342.48,283.13,-90.74,-75.02
647,638,4000.0,855.26,1.75,1.653418,-1554.63,-2720.6,-2887.23,-2570.45,-2727.89,-38.866,-4677.98,-4419.8,887.5,0,0,-435.71,-411.66,778.01,735.08,253.92,239.91,-379.82,-358.85,322.63,304.82,-363.15,-343.11,33.7,31.84,0.0,0.0,-1444.92,-1365.18,12.0,11.34,-740.13,-699.28,-241.82,-228.47,-382.11,-361.02,94.61,89.39,-51.66,-48.81,-176.16,-166.44
648,638,4000.0,855.26,1.75,1.653418,762.09,1333.67,1165.82,1260.06,1101.47,19.052,-2947.43,-2784.76,464.8,0,0,273.11,258.03,-105.18,-99.37,-48.13,-45.47,-487.85,-460.93,680.44,642.88,-664.73,-628.05,-753.14,-711.57,0.0,0.0,98.35,92.92,270.1,255.2,838.47,792.19,468.85,442.97,-547.83,-517.6,-42.95,-40.58,-312.92,-295.65,1667.07,1575.07
649,638,3500.0,856.37,2.0,1.651268,1191.11,2382.22,2190.13,1966.84,1808.25,34.032,-2483.64,-2050.58,296.0,0,0,-635.15,-524.4,203.34,167.88,-242.04,-199.84,451.44,372.72,-492.18,-406.36,1381.16,1140.33,626.48,517.24,0.0,0.0,-79.96,-66.02,-197.04,-162.68,1713.89,1415.05,400.88,330.98,-248.72,-205.35,-375.8,-310.27,-144.01,-118.9,19.94,16.47
650,638,3500.0,855.26,2.0,1.653418,-1865.71,-3731.41,-3921.66,-3084.79,-3242.08,-53.306,-5672.82,-4689.77,625.8,0,0,-381.36,-315.27,127.23,105.18,-365.01,-301.76,-1323.93,-1094.51,-258.33,-213.56,-239.48,-197.98,-596.69,-493.29,0.0,0.0,-360.48,-298.02,2.31,1.91,-616.22,-509.44,-82.55,-68.24,-294.49,-243.46,-176.91,-146.26,706.06,583.71,128.46,106.2
651,638,3000.0,855.26,2.333333,1.653418,421.97,984.6,761.04,697.7,539.28,14.066,-2974.65,-2107.86,405.5,0,0,749.22,530.9,70.44,49.91,454.68,322.19,197.04,139.62,603.99,427.99,-283.67,-201.01,681.99,483.26,0.0,0.0,-638.48,-452.43,738.56,523.35,-743.34,-526.73,98.67,69.92,-513.73,-364.03,-631.7,-447.63,461.3,326.88,-260.36,-184.49
652,638,3500.0,855.26,2.0,1.653418,-1658.56,-3317.12,-3507.49,-2742.29,-2899.68,-47.387,-6365.57,-5262.47,626.7,0,0,291.78,241.22,162.66,134.47,761.02,629.14,-113.64,-93.94,-198.75,-164.31,-639.5,-528.68,-365.88,-302.47,0.0,0.0,-1214.24,-1003.82,-441.7,-365.16,-261.69,-216.34,-172.28,-142.42,478.89,395.91,-534.63,-441.98,-963.13,-796.23,-106.03,-87.65
653,638,3500.0,855.26,2.0,1.653418,-1040.93,-2081.87,-2272.61,-1721.1,-1878.79,-29.741,-4883.2,-4036.99,874.5,0,0,-293.22,-242.41,-124.8,-103.17,-9.31,-7.7,-693.55,-573.37,98.27,81.24,-284.18,-234.93,-772.55,-638.67,0.0,0.0,-970.09,-801.99,284.89,235.52,-373.12,-308.46,-50.69,-41.91,970.19,802.07,785.23,649.16,-983.57,-813.12,334.63,276.64
654,638,3500.0,855.26,2.0,1.653418,-1094.49,-2188.98,-2379.7,-1809.65,-1967.32,-31.271,-3056.94,-2527.2,621.2,0,0,528.44,436.86,83.41,68.96,100.99,83.49,-412.85,-341.31,450.76,372.64,-1135.39,-938.64,-563.17,-465.58,0.0,0.0,-954.98,-789.49,1104.0,912.69,412.3,340.85,-288.39,-238.41,-430.44,-355.85,-315.2,-260.58,-566.75,-468.54,-201.69,-166.74
655,638,3500.0,855.26,2.0,1.653418,-69.17,-138.34,-329.67,-114.37,-272.54,-1.976,-4389.71,-3629.01,589.0,0,0,-14.63,-12.1,131.5,108.71,-507.2,-419.31,39.12,32.34,541.28,447.48,-524.08,-433.26,-460.21,-380.46,0.0,0.0,172.99,143.01,-570.79,-471.87,489.26,404.47,-367.52,-303.83,-721.5,-596.47,455.92,376.91,-137.71,-113.85,1335.24,1103.86
656,638,3000.0,855.26,2.333333,1.653418,1039.1,2424.57,2200.58,1718.07,1559.35,34.637,-3246.17,-2300.26,378.3,0,0,-870.59,-616.91,199.4,141.29,141.49,100.26,1224.03,867.36,-402.38,-285.13,466.4,330.5,525.49,372.36,0.0,0.0,463.24,328.25,633.22,448.71,-667.92,-473.3,-539.96,-382.62,841.97,596.62,443.82,314.5,-626.21,-443.73,592.58,419.91
657,638,3500.0,855.26,2.0,1.653418,158.96,317.92,126.45,262.83,104.54,4.542,-3254.41,-2690.45,601.3,0,0,971.13,802.84,-55.23,-45.66,-116.72,-96.49,816.41,674.94,-302.84,-250.36,575.23,475.54,-931.67,-770.22,0.0,0.0,-861.37,-712.1,414.48,342.66,747.89,618.29,-344.5,-284.8,-400.43,-331.04,286.4,236.77,-531.38,-439.3,50.51,41.76
658,638,4000.0,855.26,1.75,1.653418,-136.93,-239.64,-407.01,-226.41,-384.55,-3.423,-2327.96,-2199.48,899.7,0,0,244.27,230.79,248.04,234.35,-113.19,-106.94,-174.57,-164.94,322.0,304.23,-74.77,-70.65,-237.35,-224.25,0.0,0.0,98.41,92.98,-115.27,-108.91,-834.64,-788.58,832.32,786.38,214.99,203.12,397.53,375.59,-351.33,-331.94,-696.06,-657.64
659,638,3000.0,855.26,2.333333,1.653418,-1099.29,-2565.0,-2787.5,-1817.58,-1975.25,-36.643,-4197.03,-2974.05,899.5,0,0,-70.54,-49.98,0.68,0.48,-114.53,-81.16,817.3,579.15,24.59,17.43,-230.47,-163.31,-726.19,-514.58,0.0,0.0,-1384.57,-981.11,-509.02,-360.7,-426.02,-301.88,-210.91,-149.45,-1.97,-1.4,144.05,102.07,-654.0,-463.43,776.58,550.29
660,638,3500.0,855.26,2.0,1.653418,-1395.61,-2791.22,-2981.76,-2307.53,-2465.04,-39.875,-4291.68,-3547.97,631.8,0,0,-578.82,-478.52,615.61,508.93,-144.31,-119.3,147.9,122.27,328.04,271.2,-675.62,-558.54,-573.92,-474.47,0.0,0.0,-198.84,-164.39,382.14,315.92,-378.41,-312.83,-618.29,-511.15,-512.07,-423.33,-696.48,-575.78,-194.16,-160.51,306.01,252.98
661,638,3500.0,855.26,2.0,1.653418,-342.62,-685.25,-876.41,-566.5,-724.54,-9.789,-3921.47,-3241.91,603.8,0,0,-341.43,-282.27,193.12,159.65,555.32,459.09,298.38,246.67,-427.03,-353.03,273.45,226.07,-27.55,-22.77,0.0,0.0,67.67,55.94,297.33,245.8,-425.68,-351.91,97.87,80.91,-763.28,-631.01,-558.03,-461.33,228.54,188.94,-153.93,-127.26
662,638,3500.0,856.37,2.0,1.651268,168.54,337.08,145.6,278.3,120.22,4.815,-2147.75,-1773.26,633.5,0,0,190.8,157.53,1110.93,917.22,270.96,223.71,-177.57,-146.61,-50.88,-42.0,-218.25,-180.2,-244.82,-202.13,0.0,0.0,-246.58,-203.58,700.5,578.36,564.09,465.73,-730.62,-603.22,-146.06,-120.6,-443.65,-366.29,-851.75,-703.23,609.96,503.6
663,638,3500.0,855.26,2.0,1.653418,3.54,7.09,-184.28,5.86,-152.35,0.101,-3403.6,-2813.79,637.3,0,0,110.96,91.73,-290.56,-240.21,446.57,369.18,643.85,532.27,645.35,533.51,-408.66,-337.84,500.1,413.44,0.0,0.0,314.91,260.34,220.12,181.98,106.51,88.05,-1350.65,-1116.59,-905.54,-748.62,-846.09,-699.47,1041.91,861.35,-221.69,-183.27
664,638,3500.0,855.26,2.0,1.653418,-108.1,-216.21,-407.52,-178.74,-336.9,-3.089,-2344.32,-1938.07,328.2,0,0,-62.32,-51.52,37.22,30.77,180.34,149.09,-73.48,-60.75,83.5,69.03,159.66,131.99,354.42,293.0,0.0,0.0,-465.04,-384.45,-139.83,-115.6,-90.95,-75.19,-360.07,-297.67,111.23,91.95,-236.93,-195.87,222.29,183.77,63.76,52.71
665,638,4000.0,855.26,1.75,1.653418,-971.77,-1700.59,-1867.53,-1606.73,-1764.46,-24.294,-3803.19,-3593.29,587.7,0,0,-669.43,-632.48,-44.74,-42.27,383.32,362.16,722.44,682.57,357.6,337.86,41.12,38.85,-264.82,-250.21,0.0,0.0,-128.14,-121.07,-136.81,-129.26,-26.13,-24.68,-626.59,-592.01,481.82,455.22,-173.27,-163.71,-1018.83,-962.6,-598.11,-565.1
666,638,3500.0,855.26,2.0,1.653418,190.06,380.11,188.63,314.24,155.94,5.43,-3071.16,-2538.95,629.8,0,0,58.81,48.62,-177.86,-147.04,131.4,108.63,-58.95,-48.74,215.33,178.01,67.45,55.76,134.68,111.34,0.0,0.0,-823.99,-681.2,-65.99,-54.55,-55.55,-45.92,772.56,638.68,-818.24,-676.44,-283.58,-234.43,-122.57,-101.33,1406.6,1162.85
667,638,3000.0,855.26,2.333333,1.653418,-214.01,-499.36,-722.48,-353.85,-511.95,-7.134,-5205.1,-3688.37,405.5,0,0,-677.52,-480.1,-252.05,-178.6,474.05,335.92,224.36,158.98,434.43,307.84,38.09,26.99,-1229.9,-871.52,0.0,0.0,-821.82,-582.35,25.58,18.13,-48.79,-34.57,245.55,174.0,-1177.6,-834.45,502.47,356.06,317.07,224.68,1446.71,1025.15
668,638,3500.0,855.26,2.0,1.653418,-1058.83,-2117.66,-2308.39,-1750.69,-1908.37,-30.252,-4969.25,-4108.13,635.0,0,0,375.59,310.51,-202.93,-167.77,110.39,91.26,-947.83,-783.58,-408.6,-337.79,-113.89,-94.15,91.1,75.31,0.0,0.0,-943.48,-779.99,-309.13,-255.56,328.86,271.87,356.0,294.31,-584.92,-483.56,165.34,136.69,331.81,274.31,-365.96,-302.54
669,638,4000.0,855.26,1.75,1.653418,-466.17,-815.8,-983.01,-770.78,-928.75,-11.654,-3668.15,-3465.7,635.0,0,0,-398.18,-376.2,-138.4,-130.76,7.57,7.15,106.52,100.64,276.43,261.18,-337.46,-318.83,-189.46,-179.0,0.0,0.0,-84.55,-79.89,363.26,343.21,-821.48,-776.14,-682.78,-645.1,375.15,354.44,762.57,720.48,354.43,334.87,-409.43,-386.83
670,638,3500.0,855.26,2.0,1.653418,-1883.17,-3766.34,-3956.59,-3113.67,-3270.95,-53.805,-4657.64,-3850.51,899.7,0,0,-922.35,-762.51,506.48,418.71,-7.32,-6.05,71.86,59.41,182.53,150.9,697.53,576.66,-385.89,-319.02,0.0,0.0,-750.16,-620.16,-1186.82,-981.16,-1117.81,-924.1,-181.21,-149.81,-982.48,-812.23,684.96,566.26,-1104.13,-912.79,728.47,602.24
671,638,3500.0,855.26,2.0,1.653418,1191.65,2383.29,2191.21,1970.29,1811.49,34.047,-1783.36,-1474.32,291.5,0,0,-405.07,-334.88,104.29,86.22,-97.43,-80.54,1022.82,845.58,-239.78,-198.23,1322.65,1093.44,679.46,561.71,0.0,0.0,-601.49,-497.26,104.18,86.13,48.54,40.13,502.01,415.01,-371.9,-307.45,-294.83,-243.74,-769.2,-635.9,1379.05,1140.07
672,638,4000.0,855.26,1.75,1.653418,-128.69,-225.2,-392.59,-212.77,-370.92,-3.217,-2415.69,-2282.37,637.3,0,0,-494.45,-467.16,312.27,295.04,79.19,74.82,-303.91,-287.14,230.61,217.89,1128.28,1066.01,116.22,109.81,0.0,0.0,-275.95,-260.72,-186.71,-176.4,-355.03,-335.43,-179.18,-169.29,-851.38,-804.39,642.53,607.07,-219.27,-207.17,131.56,124.3
673,638,3500.0,855.26,2.0,1.653418,-972.58,-1945.16,-2135.95,-1608.08,-1765.81,-27.788,-4286.71,-3543.86,634.5,0,0,136.49,112.84,977.36,807.99,71.11,58.79,-258.96,-214.08,248.69,205.6,-317.16,-262.2,-648.51,-536.13,0.0,0.0,-173.04,-143.05,-429.23,-354.85,12.94,10.69,-232.13,-191.9,-492.68,-407.31,111.97,92.57,-1107.28,-915.4,155.27,128.36
674,638,3000.0,855.26,2.333333,1.653418,-183.72,-428.67,-651.81,-303.76,-461.88,-6.124,-2955.58,-2094.35,631.3,0,0,-345.43,-244.78,213.0,150.94,-201.61,-142.86,475.02,336.6,26.16,18.53,-86.53,-61.32,165.01,116.93,0.0,0.0,553.86,392.47,424.15,300.56,-1145.15,-811.46,-757.91,-537.06,430.16,304.82,461.55,327.06,219.8,155.75,-860.75,-609.93
675,638,3500.0,855.26,2.0,1.653418,119.47,238.94,47.5,197.53,39.27,3.413,-3446.85,-2849.54,626.3,0,0,-388.57,-321.23,575.32,475.63,45.74,37.81,35.76,29.56,-22.91,-18.94,-450.97,-372.82,-22.66,-18.74,0.0,0.0,-342.44,-283.1,-211.15,-174.56,-103.55,-85.6,646.71,534.64,-428.42,-354.18,232.72,192.4,-28.66,-23.69,702.01,580.36
676,638,3500.0,855.26,2.0,1.653418,-30.87,-61.74,-253.09,-51.04,-209.23,-0.882,-4565.34,-3774.21,633.5,0,0,-31.03,-25.65,219.81,181.72,186.06,153.82,396.31,327.63,247.35,204.48,-510.8,-422.29,-690.48,-570.83,0.0,0.0,165.96,137.2,-452.6,-374.17,158.29,130.86,133.32,110.21,367.57,303.87,-443.58,-366.72,153.62,127.0,38.49,31.82
677,638,4000.0,855.26,1.75,1.653418,114.92,201.11,33.6,190.01,31.75,2.873,-2205.55,-2083.83,378.3,0,0,123.41,116.6,413.48,390.66,-443.69,-419.2,122.8,116.03,-101.68,-96.07,222.53,210.25,-674.4,-637.18,0.0,0.0,-307.05,-290.1,-222.02,-209.77,515.58,487.12,218.63,206.56,-352.28,-332.83,165.62,156.48,198.82,187.85,321.36,303.62
678,638,3500.0,855.26,2.0,1.653418,-179.2,-358.4,-549.66,-296.29,-454.41,-5.12,-2370.96,-1960.1,637.3,0,0,-284.38,-235.1,-97.31,-80.45,-417.22,-344.92,158.11,130.71,142.65,117.93,622.29,514.45,80.32,66.4,0.0,0.0,-294.55,-243.51,901.32,745.13,231.26,191.19,-182.33,-150.74,-349.03,-288.55,-485.87,-401.68,-76.36,-63.12,-307.3,-254.05
679,638,3500.0,855.26,2.0,1.653418,1421.12,2842.24,2650.01,2349.7,2190.79,40.603,-3114.0,-2574.37,328.2,0,0,-148.98,-123.17,223.28,184.59,244.77,202.35,351.7,290.75,435.37,359.92,-437.27,-361.49,-50.24,-41.53,0.0,0.0,-358.56,-296.43,344.37,284.69,1139.24,941.82,-275.87,-228.06,173.88,143.74,242.26,200.27,894.76,739.71,63.55,52.54
680,638,3500.0,855.26,2.0,1.653418,536.61,1073.22,881.53,887.24,728.77,15.332,-3292.21,-2721.7,630.0,0,0,-518.17,-428.38,340.61,281.59,217.58,179.88,171.2,141.54,167.28,138.29,-211.53,-174.88,-360.77,-298.25,0.0,0.0,-846.08,-699.46,-244.09,-201.79,974.95,806.0,448.79,371.02,-164.11,-135.67,-116.37,-96.2,137.74,113.87,1076.19,889.7
681,638,3500.0,855.26,2.0,1.653418,-1412.08,-2824.16,-3014.68,-2334.76,-2492.27,-40.345,-5063.74,-4186.24,623.0,0,0,-817.18,-675.57,34.88,28.83,102.31,84.58,-588.88,-486.83,-246.32,-203.64,-446.4,-369.04,-60.49,-50.01,0.0,0.0,-304.63,-251.84,-46.78,-38.68,-406.92,-336.41,-193.58,-160.04,-836.9,-691.87,840.06,694.48,51.64,42.69,95.05,78.58
682,638,3500.0,855.26,2.0,1.653418,44.86,89.73,-101.67,74.18,-84.05,1.282,-2734.71,-2260.81,644.8,0,0,-670.63,-554.42,829.65,685.88,-88.85,-73.45,384.81,318.13,-418.21,-345.74,-200.69,-165.92,-406.58,-336.12,0.0,0.0,517.64,427.94,609.8,504.13,-289.17,-239.06,150.7,124.59,264.09,218.32,12.19,10.08,-439.96,-363.72,-165.06,-136.46
683,638,3000.0,855.26,2.333333,1.653418,-33.79,-78.85,-302.09,-55.87,-214.07,-1.126,-4131.32,-2927.48,626.3,0,0,-299.55,-212.26,174.44,123.61,-103.47,-73.32,355.58,251.97,195.37,138.44,-149.97,-106.27,-170.6,-120.89,0.0,0.0,-859.72,-609.2,-154.14,-109.22,1328.82,941.61,-627.03,-444.32,-536.99,-380.52,945.29,669.84,-684.87,-485.3,508.0,359.97
684,638,3500.0,855.26,2.0,1.653418,-2251.5,-4503.0,-4693.02,-3722.67,-3879.76,-64.329,-6193.12,-5119.91,644.8,0,0,-333.8,-275.95,2.28,1.88,5.34,4.42,-718.4,-593.91,-45.34,-37.48,-397.33,-328.48,-549.79,-454.52,0.0,0.0,-67.54,-55.84,-392.39,-324.39,-765.4,-632.76,-264.13,-218.36,-113.04,-93.45,73.32,60.61,-747.6,-618.05,-189.18,-156.4
685,638,3500.0,855.26,2.0,1.653418,-601.13,-1202.26,-1393.27,-993.92,-1151.83,-17.175,-3072.39,-2539.97,631.0,0,0,306.14,253.09,-32.79,-27.11,123.63,102.21,429.84,355.35,-292.41,-241.73,-757.63,-626.34,-466.54,-385.7,0.0,0.0,1452.67,1200.93,54.6,45.14,-1198.83,-991.08,-232.61,-192.3,-1157.01,-956.51,-42.37,-35.03,383.18,316.77,227.87,188.38
686,638,3500.0,855.26,2.0,1.653418,176.93,353.85,162.38,292.53,134.24,5.055,-2833.46,-2342.44,345.8,0,0,-78.6,-64.98,211.53,174.88,-33.76,-27.91,369.95,305.84,911.71,753.72,-471.1,-389.47,-594.89,-491.8,0.0,0.0,-181.0,-149.63,301.89,249.57,-719.28,-594.64,-319.74,-264.33,48.85,40.38,439.86,363.63,362.29,299.51,106.15,87.76
687,638,3000.0,855.26,2.333333,1.653418,-1141.71,-2663.99,-2886.45,-1887.72,-2045.36,-38.057,-5689.25,-4031.44,650.0,0,0,-478.59,-339.13,751.46,532.49,7.96,5.64,579.45,410.6,235.76,167.06,-1227.15,-869.57,-78.98,-55.96,0.0,0.0,-645.65,-457.51,-362.03,-256.53,-670.54,-475.15,-697.46,-494.23,828.49,587.07,-805.8,-570.99,-706.81,-500.85,605.9,429.34
688,638,3000.0,855.26,2.333333,1.653418,-1929.79,-4502.85,-4724.77,-3190.76,-3348.01,-64.326,-6033.81,-4275.6,631.2,0,0,10.85,7.69,212.27,150.42,137.06,97.12,-542.46,-384.39,-441.87,-313.11,-1141.82,-809.11,-254.15,-180.09,0.0,0.0,-2102.96,-1490.17,742.73,526.3,-1015.08,-719.29,-425.76,-301.7,-191.13,-135.43,263.51,186.72,-11.6,-8.22,257.56,182.51
689,638,3500.0,855.26,2.0,1.653418,-778.83,-1557.65,-1748.56,-1287.72,-1445.55,-22.252,-4952.39,-4094.18,633.8,0,0,-532.21,-439.99,-13.59,-11.23,119.98,99.19,83.68,69.18,55.18,45.62,101.61,84.0,-327.17,-270.48,0.0,0.0,184.28,152.34,-110.36,-91.24,476.2,393.68,-451.52,-373.28,-860.01,-710.98,98.14,81.13,-4.74,-3.92,-377.11,-311.76
690,638,3500.0,856.37,2.0,1.651268,937.25,1874.49,1682.56,1547.65,1389.18,26.778,-2026.42,-1673.08,321.2,0,0,-636.52,-525.54,9.79,8.08,1.48,1.22,-79.65,-65.76,373.0,307.96,-377.98,-312.07,-97.07,-80.14,0.0,0.0,232.76,192.18,688.33,568.31,1422.79,1174.71,529.13,436.86,654.71,540.55,-318.8,-263.21,-250.95,-207.19,-276.53,-228.31
691,638,3500.0,855.26,2.0,1.653418,251.33,502.66,311.14,415.56,257.22,7.181,-2811.53,-2324.31,346.3,0,0,-127.83,-105.68,128.42,106.17,399.19,330.01,554.03,458.02,608.08,502.71,-965.68,-798.34,-116.49,-96.31,0.0,0.0,299.99,248.0,398.28,329.26,121.29,100.27,-767.08,-634.15,-622.7,-514.79,498.93,412.47,-40.21,-33.24,134.47,111.17
692,638,3500.0,855.26,2.0,1.653418,-921.91,-1843.81,-2034.63,-1524.3,-1682.05,-26.34,-4347.7,-3594.28,896.2,0,0,-423.2,-349.87,679.12,561.44,345.87,285.94,185.52,153.37,38.9,32.16,-284.6,-235.28,98.4,81.35,0.0,0.0,-1205.93,-996.95,71.7,59.27,187.94,155.37,-758.83,-627.33,-619.53,-512.17,919.74,760.36,-579.55,-479.12,-499.37,-412.83
693,638,2500.0,855.26,2.8,1.653418,-367.61,-1029.32,-1296.93,-607.82,-765.84,-14.705,-4503.29,-2659.22,296.0,0,0,1218.56,719.56,492.24,290.67,-61.6,-36.38,-428.84,-253.23,317.4,187.43,763.6,450.91,-408.81,-241.41,0.0,0.0,-604.75,-357.11,-546.35,-322.62,1095.62,646.97,-933.94,-551.5,-1257.85,-742.77,-1305.08,-770.66,-772.22,-456.0,1402.71,828.31
694,638,3000.0,855.26,2.333333,1.653418,-1627.99,-3798.65,-4020.78,-2691.75,-2849.15,-54.266,-5397.38,-3824.63,814.5,0,0,5.16,3.66,-102.33,-72.51,-187.65,-132.97,-713.41,-505.53,-237.23,-168.1,-364.1,-258.01,-347.96,-246.57,0.0,0.0,-762.65,-540.42,-651.2,-461.44,528.13,374.24,590.21,418.23,-659.64,-467.43,147.01,104.17,-296.5,-210.1,-746.5,-528.98
695,638,3500.0,855.26,2.0,1.653418,-1393.03,-2786.06,-2976.6,-2303.26,-2460.78,-39.801,-4798.78,-3967.19,886.8,0,0,267.4,221.06,181.78,150.28,401.46,331.89,-7.29,-6.02,-215.95,-178.53,-614.51,-508.02,-199.71,-165.1,0.0,0.0,-484.16,-400.26,-464.07,-383.65,-1579.04,-1305.4,-666.33,-550.86,683.57,565.11,387.98,320.75,-432.75,-357.76,-44.43,-36.73
696,638,3000.0,855.26,2.333333,1.653418,641.18,1496.08,1272.37,1060.14,901.61,21.373,-2335.68,-1655.08,424.2,0,0,377.32,267.37,454.01,321.72,-224.84,-159.33,313.15,221.9,196.76,139.43,-554.33,-392.8,-184.44,-130.69,0.0,0.0,-784.55,-555.94,-211.74,-150.04,151.29,107.21,-294.17,-208.45,503.27,356.62,476.91,337.94,600.29,425.37,677.13,479.82
697,638,3000.0,855.26,2.333333,1.653418,-1094.76,-2554.44,-2776.94,-1810.1,-1967.76,-36.492,-5651.84,-4004.94,629.8,0,0,1000.36,708.86,-169.24,-119.93,-0.22,-0.16,-540.88,-383.27,-156.4,-110.83,-1250.15,-885.87,-622.43,-441.06,0.0,0.0,370.26,262.37,56.87,40.3,264.53,187.45,-741.21,-525.22,-59.93,-42.47,32.94,23.34,-269.99,-191.32,-468.92,-332.28
698,638,3500.0,855.26,2.0,1.653418,1131.8,2263.59,2071.54,1871.33,1712.56,32.337,-2717.78,-2246.82,626.8,0,0,-563.51,-465.86,592.6,489.91,-82.94,-68.57,886.88,733.19,303.47,250.88,478.96,395.96,-773.83,-639.73,0.0,0.0,76.58,63.31,-152.66,-126.2,-408.33,-337.57,244.82,202.4,-17.36,-14.35,250.26,206.89,1136.87,939.86,291.78,241.22
699,638,3000.0,856.37,2.333333,1.651268,-282.98,-660.3,-883.36,-467.28,-625.14,-9.433,-4721.71,-3341.49,881.8,0,0,-502.31,-355.48,-29.86,-21.13,-56.64,-40.08,-407.65,-288.49,291.98,206.63,-35.39,-25.05,1075.22,760.92,0.0,0.0,-151.27,-107.05,-3.61,-2.56,-367.57,-260.12,311.15,220.2,-921.19,-651.91,-28.8,-20.38,-31.3,-22.15,196.95,139.38
700,638,3500.0,855.26,2.0,1.653418,-1544.45,-3088.91,-3279.35,-2553.63,-2711.07,-44.127,-4010.7,-3315.68,902.2,0,0,-672.85,-556.25,350.45,289.72,-67.31,-55.64,12.4,10.25,-148.08,-122.42,-254.1,-210.07,145.94,120.65,0.0,0.0,-586.79,-485.1,148.57,122.82,-620.82,-513.23,-486.62,-402.3,-238.86,-197.47,-41.08,-33.96,-123.36,-101.98,-506.41,-418.65
701,638,3500.0,855.26,2.0,1.653418,-860.3,-1720.59,-1911.45,-1422.43,-1580.21,-24.58,-4847.59,-4007.55,626.3,0,0,-449.37,-371.5,123.63,102.21,-220.14,-181.99,1162.34,960.92,-803.25,-664.06,1637.9,1354.06,-99.17,-81.98,0.0,0.0,-1448.04,-1197.1,118.07,97.61,-375.92,-310.77,-1216.05,-1005.32,137.83,113.95,-591.32,-488.85,-183.26,-151.5,486.16,401.91
702,638,3500.0,855.26,2.0,1.653418,-2438.35,-4876.7,-5066.61,-4031.61,-4188.61,-69.667,-6647.73,-5495.73,904.0,0,0,-81.55,-67.42,-201.36,-166.47,11.71,9.68,-267.41,-221.07,-182.68,-151.03,-1224.17,-1012.03,-116.6,-96.4,0.0,0.0,39.04,32.28,-735.21,-607.81,-432.62,-357.65,-840.32,-694.7,-696.29,-575.63,-159.78,-132.09,-237.14,-196.05,247.68,204.76
703,638,3500.0,855.26,2.0,1.653418,37.31,74.63,-116.77,61.69,-96.53,1.066,-2875.86,-2377.5,633.5,0,0,81.59,67.45,-101.22,-83.68,77.89,64.39,1375.72,1137.32,724.79,599.19,-210.49,-174.01,-322.24,-266.4,0.0,0.0,-117.6,-97.22,580.08,479.56,-911.5,-753.54,-585.15,-483.75,-316.39,-261.57,-138.79,-114.74,280.69,232.05,-342.76,-283.36
704,638,4000.0,856.37,1.75,1.651268,-1884.72,-3298.25,-3464.72,-3112.17,-3269.24,-47.118,-5112.39,-4823.96,908.8,0,0,-695.37,-656.14,-98.64,-93.08,-271.69,-256.36,486.38,458.94,-33.81,-31.9,-1137.21,-1073.05,281.35,265.48,0.0,0.0,-656.04,-619.03,236.41,223.07,801.36,756.15,-811.82,-766.02,-692.97,-653.88,-165.28,-155.95,40.18,37.92,-581.11,-548.33
705,638,3500.0,855.26,2.0,1.653418,-1089.75,-2179.49,-2370.21,-1801.8,-1959.47,-31.136,-4534.25,-3748.5,635.0,0,0,-594.75,-491.69,580.03,479.51,144.74,119.66,760.62,628.81,-236.78,-195.75,-62.57,-51.73,-484.18,-400.28,0.0,0.0,-938.34,-775.73,-136.53,-112.87,-67.53,-55.83,55.38,45.79,-795.05,-657.27,93.99,77.7,-517.25,-427.62,18.73,15.49
706,638,3500.0,855.26,2.0,1.653418,-884.55,-1769.1,-1959.94,-1462.53,-1620.3,-25.273,-3095.36,-2558.96,576.3,0,0,-385.01,-318.3,94.0,77.71,475.07,392.75,-291.16,-240.7,-64.77,-53.54,-379.35,-313.61,-785.38,-649.28,0.0,0.0,-79.4,-65.64,14.96,12.37,-662.21,-547.45,479.73,396.6,-313.51,-259.19,-491.8,-406.57,-162.76,-134.55,782.49,646.89
707,638,3000.0,855.26,2.333333,1.653418,-5.02,-11.72,-234.99,-8.31,-166.51,-0.167,-4108.07,-2911.01,635.0,0,0,432.44,306.43,892.67,632.55,-218.5,-154.83,228.83,162.15,102.07,72.33,-120.51,-85.4,-345.44,-244.78,0.0,0.0,-695.23,-492.65,-519.75,-368.3,-321.01,-227.47,37.2,26.36,374.46,265.35,-607.84,-430.72,588.14,416.76,160.75,113.91
708,638,3500.0,855.26,2.0,1.653418,-2148.17,-4296.33,-4486.42,-3551.82,-3708.96,-61.376,-4621.84,-3820.91,899.7,0,0,-316.76,-261.87,370.9,306.63,-32.84,-27.15,-504.96,-417.45,-261.06,-215.82,-65.22,-53.92,-919.1,-759.83,0.0,0.0,-1205.51,-996.6,-345.83,-285.9,-500.63,-413.87,172.55,142.65,-150.34,-124.29,-624.82,-516.54,567.73,469.34,-480.46,-397.2
709,638,3000.0,856.37,2.333333,1.651268,-327.48,-764.12,-987.15,-540.76,-698.6,-10.916,-3423.06,-2422.45,634.5,0,0,429.76,304.13,494.77,350.14,-161.79,-114.5,1929.59,1365.54,-149.66,-105.91,-328.73,-232.64,-512.93,-362.99,0.0,0.0,-1004.56,-710.91,859.6,608.33,-1272.45,-900.49,-1.94,-1.37,-436.4,-308.83,-138.84,-98.25,-784.96,-555.51,314.4,222.5
710,638,3500.0,855.26,2.0,1.653418,500.97,1001.94,810.27,828.31,669.86,14.313,-4095.72,-3385.97,636.0,0,0,96.14,79.48,230.06,190.19,-69.36,-57.34,617.85,510.78,-298.12,-246.46,57.4,47.45,-35.94,-29.71,0.0,0.0,-178.94,-147.93,-754.2,-623.5,342.48,283.13,959.83,793.5,662.46,547.66,-212.93,-176.03,-452.56,-374.13,37.78,31.24
711,638,3500.0,855.26,2.0,1.653418,-377.09,-754.18,-945.33,-623.49,-781.51,-10.774,-3962.62,-3275.93,630.0,0,0,-80.7,-66.71,-82.19,-67.95,102.13,84.44,617.85,510.78,172.29,142.43,-434.0,-358.79,-197.02,-162.88,0.0,0.0,-630.19,-520.99,23.58,19.49,1396.59,1154.57,-31.8,-26.29,110.75,91.56,-231.2,-191.13,-997.94,-825.01,-492.33,-407.01
712,638,3500.0,855.26,2.0,1.653418,-1790.03,-3580.06,-3770.36,-2959.67,-3116.99,-51.144,-5047.47,-4172.79,814.5,0,0,-765.33,-632.7,47.21,39.03,-198.41,-164.03,737.49,609.69,21.21,17.54,-688.87,-569.49,-426.03,-352.21,0.0,0.0,-352.16,-291.14,62.44,51.62,-24.3,-20.09,-712.72,-589.21,-63.65,-52.62,-385.74,-318.89,-744.22,-615.25,-86.99,-71.92
713,638,4000.0,855.26,1.75,1.653418,354.6,620.55,452.91,586.3,427.92,8.865,-4540.12,-4289.55,635.0,0,0,-604.96,-571.57,477.0,450.68,-181.91,-171.87,107.3,101.38,274.71,259.55,-253.39,-239.4,128.38,121.29,0.0,0.0,-397.91,-375.95,-246.27,-232.68,1192.69,1126.86,-486.74,-459.88,158.93,150.15,184.93,174.72,541.4,511.52,-273.61,-258.51
714,638,3500.0,855.26,2.0,1.653418,1651.96,3303.91,3111.55,2731.37,2572.35,47.199,-2596.43,-2146.5,634.3,0,0,328.99,271.98,444.06,367.11,-129.17,-106.79,-135.78,-112.25,416.73,344.52,1129.39,933.67,-143.54,-118.67,0.0,0.0,-596.95,-493.5,-361.65,-298.98,667.89,552.15,-377.95,-312.46,660.53,546.07,392.22,324.25,550.9,455.44,458.24,378.83
715,638,3500.0,855.26,2.0,1.653418,-1769.31,-3538.61,-3728.92,-2925.4,-3082.73,-50.552,-5434.26,-4492.55,614.3,0,0,-719.98,-595.22,-453.49,-374.91,186.25,153.98,-528.95,-437.29,-52.16,-43.12,-561.01,-463.79,-159.07,-131.51,0.0,0.0,-194.76,-161.01,-230.19,-190.3,-408.18,-337.45,-452.05,-373.71,592.81,490.08,-230.28,-190.37,-260.68,-215.51,-66.87,-55.28
716,638,4000.0,855.26,1.75,1.653418,-631.34,-1104.84,-1271.96,-1043.86,-1201.76,-15.783,-2905.78,-2745.41,633.8,0,0,102.66,96.99,481.72,455.13,32.76,30.95,-271.92,-256.92,-268.32,-253.52,-775.67,-732.86,-240.67,-227.39,0.0,0.0,347.9,328.7,624.2,589.75,-140.24,-132.5,-3.51,-3.32,-857.0,-809.71,22.99,21.72,-834.82,-788.75,675.1,637.84
717,638,4000.0,855.26,1.75,1.653418,-1674.96,-2931.18,-3097.75,-2769.41,-2926.79,-41.874,-5274.62,-4983.52,900.0,0,0,-125.91,-118.96,-234.43,-221.49,67.92,64.18,-507.87,-479.84,162.76,153.78,-527.57,-498.45,222.41,210.14,0.0,0.0,-660.36,-623.91,-144.8,-136.81,-346.53,-327.4,-429.31,-405.61,-700.31,-661.66,-38.54,-36.42,288.36,272.44,42.98,40.61
718,638,3500.0,855.26,2.0,1.653418,-736.28,-1472.55,-1663.48,-1217.37,-1375.22,-21.036,-3204.62,-2649.29,621.5,0,0,-154.54,-127.76,-184.51,-152.54,144.03,119.07,-162.77,-134.56,15.17,12.54,493.04,407.6,-447.32,-369.8,0.0,0.0,-536.42,-443.47,-510.74,-422.23,166.97,138.04,-163.01,-134.76,-88.8,-73.41,-424.58,-351.01,-14.87,-12.29,395.8,327.21
719,638,3000.0,855.26,2.333333,1.653418,504.79,1177.85,954.23,834.63,676.18,16.826,-3009.52,-2132.57,328.3,0,0,852.0,603.74,120.64,85.48,197.17,139.71,785.64,556.71,319.22,226.2,-1352.3,-958.25,-362.96,-257.2,0.0,0.0,306.95,217.51,268.98,190.6,28.64,20.29,-246.22,-174.47,-477.27,-338.2,-512.39,-363.08,74.92,53.09,1174.83,832.5
720,638,3500.0,855.26,2.0,1.653418,-478.87,-957.74,-1148.83,-791.77,-949.75,-13.682,-2709.02,-2239.58,590.0,0,0,-305.03,-252.18,465.67,384.97,85.74,70.88,-206.46,-170.68,-98.28,-81.25,-465.69,-384.99,-83.77,-69.25,0.0,0.0,-1.18,-0.97,-175.3,-144.93,-243.87,-201.61,271.14,224.16,371.18,306.86,141.19,116.72,-109.16,-90.24,-603.93,-499.27
721,638,3500.0,856.37,2.0,1.651268,96.06,192.11,0.68,158.61,0.56,2.744,-3868.23,-3193.74,590.5,0,0,-262.27,-216.54,400.57,330.73,164.36,135.7,-381.07,-314.62,470.85,388.75,-275.25,-227.26,727.36,600.53,0.0,0.0,-544.69,-449.72,-246.85,-203.81,-394.41,-325.64,744.89,615.01,-41.4,-34.18,-76.57,-63.22,-235.23,-194.21,141.82,117.09
722,638,3000.0,855.26,2.333333,1.653418,-2003.58,-4675.01,-4896.87,-3312.75,-3469.96,-66.786,-6198.11,-4392.03,624.8,0,0,-641.39,-454.49,149.44,105.89,313.73,222.31,1053.75,746.69,-362.49,-256.86,-983.88,-697.18,-200.09,-141.79,0.0,0.0,192.39,136.33,-782.19,-554.27,-325.32,-230.53,-613.31,-434.6,-260.89,-184.87,79.35,56.23,-992.31,-703.16,-1301.8,-922.46
723,638,3500.0,855.26,2.0,1.653418,-2731.8,-5463.61,-5653.34,-4516.81,-4673.67,-78.052,-6283.76,-5194.84,893.0,0,0,-651.37,-538.49,36.63,30.28,-61.53,-50.87,-658.03,-544.0,424.3,350.77,-649.29,-536.77,-377.47,-312.06,0.0,0.0,-1375.34,-1137.01,-235.99,-195.09,-884.6,-731.31,409.81,338.79,236.82,195.78,-563.12,-465.54,-752.28,-621.92,-362.14,-299.39
724,638,3500.0,855.26,2.0,1.653418,1357.41,2714.81,2522.63,2244.36,2085.48,38.783,-3859.9,-3191.01,625.8,0,0,-429.24,-354.86,243.63,201.41,55.42,45.82,1157.68,957.06,326.02,269.52,-229.26,-189.53,-369.82,-305.73,0.0,0.0,-364.11,-301.02,-121.95,-100.81,1485.31,1227.92,317.24,262.27,970.75,802.53,-393.31,-325.15,-1338.86,-1106.84,1405.31,1161.79
725,638,3500.0,855.26,2.0,1.653418,739.78,1479.56,1287.74,1223.16,1064.59,21.137,-2666.73,-2204.61,588.2,0,0,-296.57,-245.17,57.41,47.46,103.38,85.47,-550.53,-455.13,-90.28,-74.64,944.45,780.79,127.84,105.69,0.0,0.0,-378.54,-312.94,187.18,154.75,655.8,542.16,54.47,45.03,-494.93,-409.16,988.11,816.88,-605.05,-500.2,776.82,642.2
726,638,3500.0,855.26,2.0,1.653418,-1153.88,-2307.77,-2498.45,-1907.85,-2065.49,-32.968,-5065.74,-4187.89,630.5,0,0,-500.5,-413.77,42.9,35.47,261.15,215.89,1003.64,829.71,-718.61,-594.08,-989.71,-818.2,156.6,129.46,0.0,0.0,559.83,462.82,-599.27,-495.42,-478.68,-395.73,-2.91,-2.41,-539.06,-445.65,-312.0,-257.93,-343.51,-283.98,152.36,125.96
727,638,3000.0,855.26,2.333333,1.653418,-504.59,-1177.39,-1400.3,-834.3,-992.26,-16.82,-3629.13,-2571.63,590.5,0,0,-654.87,-464.04,347.9,246.53,21.12,14.97,-28.85,-20.45,115.5,81.84,194.74,137.99,7.33,5.2,0.0,0.0,710.42,503.41,-375.94,-266.39,-147.37,-104.43,-1034.84,-733.29,-755.57,-535.41,-699.64,-495.77,800.48,567.23,322.2,228.32
728,638,3000.0,856.37,2.333333,1.651268,-2179.52,-5085.55,-5307.29,-3598.97,-3755.9,-72.651,-7015.33,-4964.65,902.0,0,0,-789.01,-558.37,-30.83,-21.82,-688.47,-487.22,-452.17,-320.0,-826.0,-584.55,-747.28,-528.84,43.41,30.72,0.0,0.0,-535.0,-378.61,-91.2,-64.54,381.52,270.0,-431.2,-305.16,-193.08,-136.64,-191.36,-135.42,-512.01,-362.34,-22.85,-16.17
729,638,3000.0,855.26,2.333333,1.653418,-1164.77,-2717.8,-2940.25,-1925.85,-2083.48,-38.826,-5110.51,-3621.35,902.0,0,0,143.9,101.97,-78.7,-55.77,65.63,46.51,1281.98,908.42,-335.6,-237.81,90.66,64.24,-607.33,-430.36,0.0,0.0,-861.98,-610.8,244.23,173.06,-1096.02,-776.65,-615.71,-436.3,-729.35,-516.82,202.18,143.27,-406.49,-288.04,-15.2,-10.77
730,638,3000.0,855.26,2.333333,1.653418,152.15,355.02,131.65,251.57,93.29,5.072,-3639.52,-2578.99,632.8,0,0,-701.14,-496.84,321.48,227.8,314.4,222.79,424.98,301.15,1090.77,772.93,-556.16,-394.1,-491.11,-348.0,0.0,0.0,-217.81,-154.34,-746.34,-528.86,82.08,58.17,64.23,45.52,-138.14,-97.88,97.2,68.88,846.56,599.88,-36.0,-25.51
731,638,3500.0,855.26,2.0,1.653418,-2832.52,-5665.05,-5854.72,-4683.34,-4840.15,-80.929,-7776.0,-6428.49,908.8,0,0,-445.68,-368.45,49.26,40.72,-121.22,-100.22,-797.36,-659.19,-364.11,-301.01,-672.2,-555.71,-16.73,-13.83,0.0,0.0,-1326.24,-1096.42,-665.18,-549.91,-240.94,-199.19,-220.28,-182.11,-622.27,-514.44,-12.34,-10.2,-160.29,-132.51,-49.46,-40.89
732,638,3500.0,855.26,2.0,1.653418,-326.58,-653.15,-844.33,-539.97,-698.01,-9.331,-3109.72,-2570.84,902.7,0,0,-548.99,-453.86,193.52,159.98,-77.28,-63.89,303.14,250.61,318.68,263.45,13.9,11.49,128.98,106.63,0.0,0.0,36.76,30.39,437.33,361.55,214.29,177.15,208.91,172.71,-671.25,-554.93,-189.73,-156.85,-892.73,-738.03,-128.68,-106.38
733,638,4000.0,855.26,1.75,1.653418,-2006.72,-3511.76,-3678.15,-3317.94,-3475.16,-50.168,-5531.14,-5225.88,887.5,0,0,-177.2,-167.42,154.76,146.21,18.01,17.02,108.16,102.19,-66.91,-63.22,-768.54,-726.13,-370.16,-349.73,0.0,0.0,-1135.6,-1072.93,-56.47,-53.35,-5.13,-4.85,-787.09,-743.65,664.24,627.58,198.75,187.78,-828.69,-782.96,-459.88,-434.5
734,638,3000.0,855.26,2.333333,1.653418,-25.6,-59.74,-282.99,-42.33,-200.53,-0.853,-3736.33,-2647.59,631.2,0,0,-566.68,-401.55,-377.13,-267.24,-18.7,-13.25,367.63,260.5,173.62,123.03,246.6,174.75,-512.25,-362.98,0.0,0.0,335.74,237.91,-19.01,-13.47,-487.47,-345.43,-707.7,-501.48,634.21,449.4,953.36,675.56,-467.55,-331.31,385.59,273.23
735,638,3000.0,855.26,2.333333,1.653418,538.0,1255.33,1031.68,889.53,731.06,17.933,-3496.56,-2477.69,633.5,0,0,-814.72,-577.32,187.56,132.91,518.74,367.58,1145.86,811.97,-166.82,-118.21,-267.12,-189.28,-311.77,-220.92,0.0,0.0,84.04,59.55,208.55,147.78,-142.65,-101.08,573.02,406.05,-1322.17,-936.9,291.22,206.36,231.94,164.35,1039.64,736.69
736,638,3000.0,855.26,2.333333,1.653418,-121.78,-284.16,-507.35,-201.36,-359.51,-4.059,-3526.56,-2498.95,626.8,0,0,55.37,39.24,326.74,231.53,723.31,512.54,870.01,616.5,891.38,631.64,-565.04,-400.39,253.23,179.44,0.0,0.0,-477.67,-338.48,154.54,109.51,-61.01,-43.24,126.38,89.55,-487.43,-345.4,-268.67,-190.38,-1567.37,-1110.65,-257.93,-182.77
737,638,3000.0,855.26,2.333333,1.653418,35.5,82.83,-140.46,58.69,-99.53,1.183,-4367.33,-3094.72,398.7,0,0,116.16,82.31,422.42,299.33,-233.85,-165.71,124.92,88.52,372.44,263.92,-990.22,-701.68,-537.62,-380.96,0.0,0.0,-317.97,-225.31,-182.84,-129.56,220.05,155.93,-467.67,-331.4,101.08,71.63,1258.49,891.77,241.37,171.04,-43.93,-31.13
738,638,3000.0,855.26,2.333333,1.653418,-1774.93,-4141.51,-4363.54,-2934.71,-3092.04,-59.164,-6225.08,-4411.14,617.7,0,0,-710.13,-503.2,-320.79,-227.32,103.35,73.23,336.94,238.76,408.21,289.26,-91.84,-65.08,-662.38,-469.36,0.0,0.0,-1777.59,-1259.61,130.89,92.75,-88.51,-62.72,-427.09,-302.64,-524.77,-371.85,111.04,78.68,-551.0,-390.45,-77.84,-55.16
739,638,3500.0,855.26,2.0,1.653418,-54.17,-108.34,-299.68,-89.56,-247.75,-1.548,-2441.68,-2018.56,526.7,0,0,-329.34,-272.27,229.01,189.32,-209.08,-172.85,752.87,622.4,98.97,81.82,-304.58,-251.8,-443.53,-366.67,0.0,0.0,-136.92,-113.19,-229.61,-189.82,-675.76,-558.65,411.28,340.01,253.92,209.92,-24.79,-20.49,-499.12,-412.63,998.35,825.34
740,638,3500.0,855.26,2.0,1.653418,-2812.55,-5625.1,-5814.78,-4650.32,-4807.13,-80.359,-6593.59,-5450.98,634.5,0,0,-1028.03,-849.88,154.01,127.32,216.94,179.35,-151.44,-125.2,155.71,128.72,-930.17,-768.98,-555.53,-459.26,0.0,0.0,-284.77,-235.42,-667.94,-552.19,-1038.49,-858.53,7.13,5.9,-233.42,-192.97,-968.08,-800.32,-72.81,-60.19,-228.21,-188.66
741,638,3500.0,856.37,2.0,1.651268,143.29,286.58,95.12,236.61,78.53,4.094,-3861.67,-3188.32,909.3,0,0,93.3,77.03,212.25,175.24,166.38,137.37,-411.34,-339.62,26.54,21.91,299.42,247.21,1188.2,981.02,0.0,0.0,-1378.53,-1138.16,120.57,99.55,-88.3,-72.91,-244.02,-201.47,60.26,49.75,-97.55,-80.54,469.01,387.23,-129.61,-107.01
742,638,3500.0,855.26,2.0,1.653418,683.44,1366.88,1175.09,1130.01,971.46,19.527,-2402.19,-1985.91,294.2,0,0,-169.28,-139.95,17.41,14.4,238.29,197.0,241.58,199.72,-107.58,-88.94,743.31,614.5,-392.41,-324.41,0.0,0.0,-563.72,-466.04,-99.85,-82.55,874.71,723.13,-659.69,-545.37,559.42,462.48,570.12,471.32,461.75,381.73,-347.19,-287.02
743,638,3000.0,855.26,2.333333,1.653418,-33.0,-77.0,-300.25,-54.56,-212.76,-1.1,-2715.25,-1924.05,630.5,0,0,-783.92,-555.49,225.45,159.75,-5.1,-3.61,63.21,44.79,113.32,80.3,-437.32,-309.89,-46.32,-32.82,0.0,0.0,234.84,166.41,-69.65,-49.36,692.97,491.04,320.83,227.34,-183.68,-130.16,-586.36,-415.5,199.28,141.21,185.47,131.42
744,638,3000.0,855.26,2.333333,1.653418,-1900.68,-4434.92,-4656.86,-3142.62,-3299.88,-63.356,-6129.53,-4343.43,887.0,0,0,-430.76,-305.24,236.28,167.43,53.44,37.87,142.31,100.84,488.84,346.4,-618.69,-438.41,-662.64,-469.55,0.0,0.0,-1047.55,-742.3,-451.28,-319.78,-808.68,-573.04,185.25,131.27,-645.98,-457.75,-146.58,-103.86,-843.09,-597.42,114.21,80.93
745,638,3500.0,855.26,2.0,1.653418,-53.15,-106.29,-297.63,-87.87,-246.05,-1.518,-3773.09,-3119.24,631.2,0,0,-278.28,-230.06,-46.63,-38.55,28.31,23.41,3.12,2.58,-106.13,-87.74,-123.6,-102.18,130.15,107.6,0.0,0.0,-964.41,-797.29,-179.88,-148.71,1642.34,1357.74,85.41,70.61,-56.49,-46.7,664.7,549.52,-1119.41,-925.43,214.5,177.33
746,638,3000.0,855.26,2.333333,1.653418,962.16,2245.03,2021.09,1590.84,1432.16,32.072,-2856.52,-2024.15,644.8,0,0,-635.33,-450.2,725.16,513.86,-138.31,-98.01,225.62,159.88,-112.55,-79.75,-132.76,-94.08,20.96,14.85,0.0,0.0,267.18,189.33,-955.04,-676.75,501.4,355.3,-76.87,-54.47,390.62,276.8,934.82,662.42,317.96,225.31,912.15,646.36
747,638,3500.0,856.37,2.0,1.651268,-1071.64,-2143.28,-2334.01,-1769.56,-1927.04,-30.618,-4167.89,-3441.15,601.3,0,0,-692.44,-571.7,112.17,92.61,-130.27,-107.55,-185.3,-152.99,194.05,160.21,-481.65,-397.67,-433.31,-357.75,0.0,0.0,-334.46,-276.14,527.78,435.75,139.97,115.57,-1330.3,-1098.34,-86.01,-71.01,732.31,604.62,-315.15,-260.19,139.34,115.04
748,638,3500.0,855.26,2.0,1.653418,-2236.01,-4472.02,-4662.05,-3697.06,-3854.16,-63.886,-5923.31,-4896.86,909.3,0,0,-594.48,-491.46,363.6,300.59,250.33,206.95,-948.87,-784.44,-627.31,-518.6,-554.53,-458.43,-591.86,-489.3,0.0,0.0,98.27,81.24,-8.3,-6.86,-91.46,-75.61,-402.78,-332.98,-345.75,-285.83,26.07,21.55,-645.07,-533.29,-399.87,-330.58
749,638,3500.0,855.26,2.0,1.653418,-647.26,-1294.52,-1485.5,-1070.19,-1228.08,-18.493,-4793.94,-3963.2,590.0,0,0,-481.07,-397.71,-20.89,-17.27,46.54,38.47,1931.7,1596.95,122.52,101.29,-440.18,-363.9,-453.16,-374.63,0.0,0.0,-942.02,-778.78,75.42,62.35,328.87,271.88,56.91,47.05,-1070.89,-885.32,-319.23,-263.91,325.68,269.24,-454.72,-375.92
750,638,3000.0,855.26,2.333333,1.653418,-306.04,-714.09,-937.14,-506.01,-664.06,-10.201,-4461.92,-3161.75,346.3,0,0,-328.49,-232.77,425.79,301.72,569.13,403.29,-1049.47,-743.66,-183.74,-130.2,2.66,1.88,-873.25,-618.79,0.0,0.0,-706.3,-500.49,1067.56,756.48,652.42,462.31,-309.55,-219.35,-1008.49,-714.63,657.57,465.96,138.85,98.39,231.24,163.86
751,638,4000.0,855.26,1.75,1.653418,537.51,940.65,772.92,888.74,730.26,13.438,-2679.91,-2532.01,590.0,0,0,140.18,132.45,708.55,669.44,31.5,29.76,199.81,188.79,-313.75,-296.43,-669.37,-632.43,-638.27,-603.04,0.0,0.0,33.4,31.55,-24.32,-22.98,174.97,165.31,49.14,46.42,1631.22,1541.19,-72.95,-68.92,187.13,176.8,-496.6,-469.19
752,638,3000.0,855.26,2.333333,1.653418,88.54,206.6,-16.73,146.4,-11.85,2.951,-3769.6,-2671.17,644.8,0,0,-275.4,-195.15,-158.63,-112.41,249.88,177.07,-1296.23,-918.52,-289.99,-205.49,-181.94,-128.93,-103.05,-73.02,0.0,0.0,-305.96,-216.81,462.29,327.58,1242.54,880.48,960.83,680.85,126.16,89.39,476.04,337.32,-646.78,-458.31,-53.16,-37.67
753,638,3500.0,856.37,2.0,1.651268,-997.83,-1995.66,-2186.43,-1647.69,-1805.19,-28.509,-3445.77,-2844.95,637.0,0,0,640.88,529.13,-284.45,-234.85,-58.82,-48.56,-633.42,-522.97,-119.76,-98.88,601.31,496.47,-64.28,-53.08,0.0,0.0,-70.27,-58.02,205.1,169.33,-666.47,-550.26,130.69,107.9,-722.88,-596.83,132.84,109.68,-898.78,-742.06,-187.35,-154.68
754,638,3000.0,856.37,2.333333,1.651268,-692.19,-1615.11,-1837.89,-1142.99,-1300.65,-23.073,-3885.13,-2749.45,629.8,0,0,-435.35,-308.09,299.33,211.83,49.93,35.34,-938.04,-663.84,106.34,75.25,960.59,679.8,-671.38,-475.13,0.0,0.0,-667.76,-472.56,648.74,459.1,1046.92,740.89,-232.48,-164.52,-330.23,-233.7,-521.88,-369.33,-326.72,-231.22,-603.13,-426.83
755,638,3500.0,855.26,2.0,1.653418,-1006.86,-2013.71,-2204.48,-1664.75,-1822.46,-28.767,-2911.47,-2406.94,882.0,0,0,-351.9,-290.92,142.52,117.82,-155.95,-128.92,-359.38,-297.1,-787.06,-650.67,212.3,175.51,-190.85,-157.78,0.0,0.0,-259.51,-214.54,-372.87,-308.26,-820.85,-678.6,638.83,528.13,273.48,226.09,757.41,626.16,-1039.93,-859.72,300.05,248.05
756,638,4000.0,855.26,1.75,1.653418,-530.37,-928.14,-1095.31,-876.92,-1034.86,-13.259,-4038.34,-3815.46,752.0,0,0,-154.51,-145.98,562.04,531.02,34.02,32.14,116.41,109.99,5.06,4.78,-563.31,-532.22,-526.62,-497.56,0.0,0.0,-566.63,-535.36,-198.03,-187.1,1023.57,967.08,-114.32,-108.01,635.99,600.89,-25.04,-23.66,-797.02,-753.03,-359.75,-339.89
757,638,4000.0,855.26,1.75,1.653418,-1305.17,-2284.04,-2450.81,-2157.99,-2315.55,-32.629,-4516.54,-4267.27,900.0,0,0,243.98,230.51,60.75,57.4,-139.08,-131.41,527.76,498.63,0.29,0.27,119.83,113.22,-358.05,-338.29,0.0,0.0,201.07,189.97,-390.94,-369.37,-824.33,-778.83,-730.67,-690.34,396.8,374.9,-801.22,-757.0,231.2,218.44,-821.42,-776.09
758,638,3000.0,855.26,2.333333,1.653418,-1139.07,-2657.83,-2880.3,-1883.36,-2041.0,-37.969,-5336.22,-3781.29,634.5,0,0,-141.68,-100.4,-82.45,-58.43,-291.28,-206.4,87.75,62.18,398.63,282.47,-617.56,-437.61,-659.56,-467.37,0.0,0.0,150.24,106.46,870.87,617.1,847.49,600.54,-846.88,-600.11,-1113.38,-788.95,162.17,114.92,-906.22,-642.16,-515.97,-365.62
759,638,3000.0,855.26,2.333333,1.653418,-2016.7,-4705.63,-4927.49,-3334.45,-3491.65,-67.223,-6377.28,-4518.99,909.0,0,0,374.55,265.41,135.15,95.77,106.15,75.22,-975.95,-691.56,-783.77,-555.39,-1305.41,-925.03,-845.53,-599.15,0.0,0.0,-591.81,-419.36,-137.77,-97.62,517.67,366.83,-250.98,-177.84,-136.81,-96.94,189.47,134.26,-545.34,-386.43,-455.26,-322.6
760,638,3000.0,855.26,2.333333,1.653418,-641.9,-1497.76,-1720.58,-1061.33,-1219.22,-21.397,-3213.74,-2277.28,630.5,0,0,-811.47,-575.02,403.43,285.88,-190.27,-134.82,10.07,7.14,-197.15,-139.7,-102.35,-72.52,790.36,560.06,0.0,0.0,-63.45,-44.96,-98.98,-70.14,-342.51,-242.71,78.29,55.48,-210.98,-149.5,-520.78,-369.03,-915.63,-648.82,673.65,477.35
761,638,3500.0,855.26,2.0,1.653418,-1470.3,-2940.59,-3131.08,-2431.01,-2588.49,-42.008,-3878.07,-3206.03,902.0,0,0,-617.85,-510.78,358.81,296.63,250.2,206.84,-129.22,-106.83,679.52,561.76,-479.24,-396.2,-158.81,-131.29,0.0,0.0,-196.34,-162.32,-764.73,-632.21,-912.42,-754.31,-490.56,-405.55,-411.56,-340.24,429.65,355.19,-556.92,-460.41,58.9,48.69
762,638,3500.0,855.26,2.0,1.653418,673.27,1346.54,1154.76,1113.19,954.65,19.236,-2434.67,-2012.76,351.5,0,0,-200.03,-165.37,260.84,215.64,89.26,73.79,1173.05,969.77,-40.06,-33.12,-464.81,-384.26,-48.32,-39.94,0.0,0.0,467.62,386.58,-485.5,-401.37,-153.37,-126.79,215.74,178.35,-252.04,-208.36,688.91,569.53,-371.05,-306.75,466.3,385.49
763,638,3500.0,855.26,2.0,1.653418,2584.76,5169.53,4976.6,4273.69,4114.2,73.85,-2517.62,-2081.34,295.5,0,0,951.26,786.41,-228.74,-189.1,306.22,253.16,-42.57,-35.19,-120.81,-99.87,1936.32,1600.77,-72.71,-60.11,0.0,0.0,-378.03,-312.52,-154.28,-127.54,1243.04,1027.63,796.98,658.87,-864.04,-714.31,752.22,621.87,-376.5,-311.26,1421.16,1174.89
764,638,3500.0,855.26,2.0,1.653418,-1694.13,-3388.26,-3578.61,-2801.1,-2958.47,-48.404,-4654.73,-3848.1,631.3,0,0,103.81,85.82,833.59,689.14,-444.76,-367.69,-340.84,-281.78,210.85,174.31,-404.58,-334.47,-507.42,-419.49,0.0,0.0,-471.92,-390.14,-223.38,-184.67,-409.09,-338.2,-38.26,-31.63,-278.38,-230.14,273.13,225.8,-927.7,-766.94,-763.3,-631.02
765,638,3500.0,856.37,2.0,1.651268,-652.32,-1304.64,-1495.62,-1077.16,-1234.84,-18.638,-3003.74,-2479.99,902.0,0,0,-330.58,-272.94,144.54,119.34,-541.49,-447.08,-74.56,-61.56,-133.64,-110.34,-282.29,-233.07,-580.4,-479.2,0.0,0.0,-140.78,-116.23,-68.87,-56.86,290.51,239.85,-720.22,-594.64,449.91,371.46,946.2,781.22,-443.13,-365.87,180.16,148.74
766,638,3500.0,855.26,2.0,1.653418,1280.87,2561.73,2369.59,2117.81,1958.96,36.596,-3467.36,-2866.5,601.3,0,0,-175.55,-145.13,290.32,240.01,450.46,372.4,847.34,700.5,253.57,209.63,222.48,183.93,-402.96,-333.13,0.0,0.0,-246.27,-203.59,264.65,218.79,635.69,525.53,-245.79,-203.2,-346.61,-286.54,954.36,788.98,-116.19,-96.05,176.24,145.7
767,638,3500.0,855.26,2.0,1.653418,528.0,1055.99,864.3,873.0,714.53,15.086,-2231.07,-1844.45,327.5,0,0,-101.08,-83.56,239.56,198.05,-77.85,-64.36,1109.64,917.35,-255.87,-211.53,124.2,102.68,360.12,297.72,0.0,0.0,-500.95,-414.14,-443.51,-366.66,-760.74,-628.91,416.57,344.39,242.84,200.76,-4.92,-4.07,41.16,34.03,666.8,551.25
768,638,3500.0,855.26,2.0,1.653418,-1983.24,-3966.47,-4156.65,-3279.12,-3436.34,-56.664,-5409.27,-4471.89,633.8,0,0,-137.39,-113.59,18.68,15.44,35.07,28.99,-1100.92,-910.14,-277.66,-229.54,-1333.25,-1102.21,-42.37,-35.03,0.0,0.0,-163.43,-135.11,340.91,281.83,-1806.18,-1493.18,205.71,170.06,-196.59,-162.52,891.92,737.36,-1093.53,-904.03,692.56,572.55
769,638,3500.0,855.26,2.0,1.653418,-735.93,-1471.87,-1662.8,-1216.8,-1374.65,-21.027,-3126.23,-2584.49,882.0,0,0,75.82,62.68,-697.19,-576.37,54.96,45.44,-698.21,-577.22,-1018.34,-841.87,62.37,51.56,-572.7,-473.45,0.0,0.0,-290.21,-239.92,347.81,287.54,446.93,369.48,358.59,296.45,905.0,748.17,-127.16,-105.12,-373.98,-309.18,54.43,45.0
770,638,3500.0,855.26,2.0,1.653418,877.85,1755.7,1563.8,1451.45,1292.81,25.081,-2113.08,-1746.9,330.5,0,0,166.02,137.25,560.56,463.42,301.51,249.26,-133.85,-110.66,-57.39,-47.44,1864.6,1541.48,330.09,272.89,0.0,0.0,-598.02,-494.39,294.94,243.83,-381.97,-315.78,509.64,421.32,-589.51,-487.35,-492.45,-407.11,-164.91,-136.33,146.43,121.05
771,638,4000.0,855.26,1.75,1.653418,-833.97,-1459.45,-1626.46,-1378.91,-1536.7,-20.849,-3146.16,-2972.52,489.0,0,0,-243.12,-229.7,-26.78,-25.3,48.01,45.36,186.73,176.42,311.06,293.89,-219.67,-207.55,-109.42,-103.38,0.0,0.0,-443.32,-418.86,248.08,234.39,-776.5,-733.64,263.95,249.38,-299.11,-282.6,229.84,217.16,-666.44,-629.66,37.23,35.18
772,638,3000.0,855.26,2.333333,1.653418,-124.43,-290.34,-513.52,-205.74,-363.88,-4.148,-2622.86,-1858.58,634.5,0,0,321.77,228.01,397.19,281.45,352.6,249.86,-298.88,-211.79,84.92,60.17,615.1,435.87,-1227.84,-870.06,0.0,0.0,-974.73,-690.7,183.04,129.7,-26.23,-18.59,-318.14,-225.44,399.18,282.86,-127.14,-90.09,321.81,228.04,7.02,4.98
773,638,3500.0,855.26,2.0,1.653418,969.13,1938.27,1746.31,1602.38,1443.69,27.69,-2529.0,-2090.75,477.0,0,0,780.01,644.85,674.2,557.37,649.95,537.32,-439.44,-363.29,405.12,334.92,-394.33,-326.0,394.18,325.87,0.0,0.0,-790.86,-653.81,34.85,28.81,849.72,702.47,418.99,346.38,-371.85,-307.41,-673.49,-556.78,-536.03,-443.14,937.25,774.83
774,638,3000.0,855.26,2.333333,1.653418,-1343.88,-3135.73,-3358.06,-2222.0,-2379.54,-44.796,-4683.4,-3318.7,346.3,0,0,-240.6,-170.49,328.09,232.49,85.08,60.29,-502.65,-356.18,491.88,348.55,-296.25,-209.92,-721.42,-511.2,0.0,0.0,-1138.06,-806.44,-260.51,-184.6,-33.48,-23.73,-354.67,-251.32,-373.51,-264.67,-478.65,-339.17,190.09,134.7,168.93,119.71
775,638,3000.0,855.26,2.333333,1.653418,-1167.93,-2725.16,-2947.61,-1931.07,-2088.7,-38.931,-6310.28,-4471.51,644.8,0,0,-1116.91,-791.45,630.46,446.75,-111.22,-78.81,-942.63,-667.96,-77.75,-55.09,-162.06,-114.84,50.84,36.02,0.0,0.0,-183.76,-130.22,10.6,7.51,116.61,82.63,-60.48,-42.86,1192.99,845.36,-475.22,-336.74,-1287.7,-912.47,-308.94,-218.91
776,638,3500.0,856.37,2.0,1.651268,-253.12,-506.24,-697.46,-417.97,-575.84,-7.232,-3884.87,-3207.49,634.2,0,0,21.69,17.91,58.23,48.08,153.06,126.37,-283.25,-233.86,-43.96,-36.3,-354.45,-292.65,-510.3,-421.32,0.0,0.0,-953.32,-787.1,786.17,649.09,943.83,779.26,-8.07,-6.66,82.3,67.95,287.78,237.6,-957.28,-790.36,271.36,224.04
777,638,3500.0,855.26,2.0,1.653418,-651.25,-1302.49,-1493.47,-1076.78,-1234.67,-18.607,-4771.04,-3944.26,634.0,0,0,-664.06,-548.98,-429.23,-354.85,-19.34,-15.99,1418.49,1172.68,129.22,106.83,-141.12,-116.67,-570.43,-471.58,0.0,0.0,-198.32,-163.95,109.99,90.93,-151.22,-125.02,286.33,236.71,215.37,178.05,-575.7,-475.93,-735.84,-608.32,23.38,19.33
778,638,3500.0,855.26,2.0,1.653418,571.35,1142.69,950.98,944.67,786.18,16.324,-2305.9,-1906.31,345.8,0,0,521.51,431.14,350.42,289.7,99.23,82.03,50.79,41.99,74.41,61.52,-386.17,-319.25,225.44,186.37,0.0,0.0,151.75,125.45,632.03,522.51,309.15,255.58,-97.29,-80.43,-51.09,-42.24,-74.65,-61.71,-106.95,-88.42,-555.88,-459.55
779,638,3500.0,855.26,2.0,1.653418,-707.94,-1415.88,-1606.82,-1170.52,-1328.38,-20.227,-5189.96,-4290.59,638.2,0,0,286.08,236.5,441.88,365.3,-197.15,-162.98,488.39,403.75,-313.3,-259.01,682.6,564.31,-741.77,-613.23,0.0,0.0,-326.92,-270.27,-326.36,-269.8,-873.19,-721.87,-535.78,-442.94,280.05,231.52,-148.66,-122.9,-317.8,-262.73,186.06,153.81
780,638,3000.0,855.26,2.333333,1.653418,-210.67,-491.56,-714.68,-348.32,-506.43,-7.022,-3607.21,-2556.1,635.0,0,0,157.13,111.35,333.76,236.5,410.09,290.59,97.15,68.84,616.87,437.12,3.95,2.8,-294.21,-208.48,0.0,0.0,209.69,148.59,-924.77,-655.3,-763.22,-540.82,-734.68,-520.6,264.22,187.23,897.36,635.88,-719.31,-509.71,-45.6,-32.31
781,638,3000.0,855.26,2.333333,1.653418,-1875.2,-4375.46,-4597.41,-3100.48,-3257.76,-62.507,-5807.75,-4115.41,633.5,0,0,-594.22,-421.07,667.11,472.72,-34.69,-24.58,-1032.31,-731.5,-1070.03,-758.23,182.88,129.59,-73.23,-51.89,0.0,0.0,-967.67,-685.7,507.79,359.82,-237.4,-168.22,202.22,143.29,-4.35,-3.08,-569.56,-403.59,-920.92,-652.57,-431.07,-305.46
782,638,3500.0,856.37,2.0,1.651268,-1200.13,-2400.26,-2590.91,-1981.74,-2139.15,-34.289,-5217.98,-4308.14,629.3,0,0,13.81,11.4,357.62,295.27,-66.69,-55.06,-329.54,-272.08,-634.89,-524.18,380.31,314.0,-213.3,-176.11,0.0,0.0,399.06,329.47,-275.96,-227.85,505.4,417.28,-1192.99,-984.97,-599.63,-495.07,252.1,208.14,-379.07,-312.98,-616.49,-509.0
783,638,4000.0,855.26,1.75,1.653418,-563.8,-986.65,-1153.8,-932.19,-1090.12,-14.095,-3107.31,-2935.82,586.2,0,0,-330.44,-312.2,259.43,245.11,-182.24,-172.18,-268.51,-253.69,-710.52,-671.31,-464.49,-438.86,-524.47,-495.52,0.0,0.0,255.31,241.22,387.24,365.87,62.3,58.86,-312.0,-294.78,92.07,86.99,598.79,565.75,268.7,253.87,-117.82,-111.31
784,638,3500.0,855.26,2.0,1.653418,-1087.85,-2175.71,-2366.43,-1798.68,-1956.35,-31.082,-4576.27,-3783.25,632.2,0,0,-957.26,-791.37,-230.81,-190.81,148.76,122.98,34.34,28.39,151.14,124.95,-30.05,-24.84,-599.28,-495.43,0.0,0.0,-668.25,-552.45,643.61,532.08,402.58,332.82,-40.72,-33.66,-62.37,-51.56,308.85,255.33,-735.79,-608.29,-540.47,-446.81
785,638,3500.0,856.37,2.0,1.651268,-1260.69,-2521.37,-2711.99,-2081.73,-2239.11,-36.02,-5349.84,-4417.01,625.0,0,0,514.22,424.55,245.98,203.09,-107.88,-89.07,-538.84,-444.88,-199.19,-164.45,-434.23,-358.52,-191.82,-158.37,0.0,0.0,-509.99,-421.06,718.41,593.14,-348.28,-287.55,-454.04,-374.87,77.67,64.13,-491.2,-405.55,-934.93,-771.91,132.73,109.59
786,638,3000.0,855.26,2.333333,1.653418,557.84,1301.62,1077.96,922.34,763.85,18.595,-3863.21,-2737.5,625.8,0,0,-689.67,-488.7,565.14,400.46,53.52,37.92,549.19,389.16,193.69,137.25,-816.6,-578.65,-762.08,-540.02,0.0,0.0,-761.0,-539.25,138.96,98.47,974.43,690.49,622.83,441.34,1026.66,727.5,642.93,455.59,463.25,328.27,-899.64,-637.49
787,638,3500.0,855.26,2.0,1.653418,-1579.19,-3158.37,-3348.79,-2611.05,-2768.48,-45.12,-5324.13,-4401.51,884.0,0,0,86.06,71.15,481.35,397.94,42.92,35.48,-453.89,-375.24,447.99,370.36,-526.74,-435.46,342.61,283.24,0.0,0.0,250.39,207.0,-856.03,-707.68,-1119.37,-925.39,-173.76,-143.65,-493.78,-408.21,105.49,87.21,-711.01,-587.79,-580.6,-479.99
788,638,3500.0,855.26,2.0,1.653418,503.3,1006.59,814.92,832.16,673.7,14.38,-3728.11,-3082.06,631.3,0,0,157.14,129.91,419.48,346.79,357.18,295.28,1289.5,1066.04,-225.49,-186.41,-514.43,-425.28,243.44,201.26,0.0,0.0,-722.75,-597.51,148.17,122.49,798.3,659.96,17.67,14.61,-668.54,-552.69,170.39,140.86,-97.98,-81.0,-365.48,-302.15
789,638,4000.0,855.26,1.75,1.653418,-979.8,-1714.65,-1881.59,-1620.02,-1777.74,-24.495,-2953.86,-2790.83,328.2,0,0,-336.1,-317.55,528.81,499.62,-22.9,-21.63,-449.66,-424.84,102.46,96.81,-660.32,-623.87,529.09,499.89,0.0,0.0,613.08,579.25,-539.56,-509.78,-591.75,-559.1,205.17,193.85,-570.07,-538.61,-605.36,-571.95,-318.72,-301.13,401.18,379.03
790,638,3000.0,855.26,2.333333,1.653418,1176.49,2745.14,2521.05,1945.23,1786.43,39.216,-2403.38,-1703.06,355.7,0,0,-413.33,-292.89,219.29,155.39,-32.57,-23.08,22.45,15.91,332.73,235.78,-1067.46,-756.41,-921.33,-652.86,0.0,0.0,-189.33,-134.16,919.64,651.66,49.3,34.94,633.98,449.24,731.08,518.05,1436.0,1017.56,6.96,4.93,1017.74,721.18
791,638,3500.0,856.37,2.0,1.651268,-779.28,-1558.55,-1749.46,-1286.8,-1444.41,-22.265,-3689.77,-3046.4,633.8,0,0,-468.28,-386.63,43.59,35.99,-85.56,-70.64,112.37,92.77,286.45,236.5,-948.14,-782.81,-446.98,-369.04,0.0,0.0,-74.05,-61.14,344.81,284.69,-15.46,-12.76,527.59,435.59,634.65,523.99,-687.82,-567.89,-1054.82,-870.89,273.08,225.46
792,638,3000.0,855.26,2.333333,1.653418,-50.26,-117.26,-340.5,-83.09,-241.28,-1.675,-3397.94,-2407.8,874.2,0,0,-1291.35,-915.06,830.77,588.69,-197.74,-140.12,284.68,201.72,453.44,321.31,-70.59,-50.02,-620.18,-439.47,0.0,0.0,-312.32,-221.31,20.4,14.46,1765.12,1250.78,219.61,155.62,-746.96,-529.3,895.71,634.71,-1146.17,-812.18,-201.68,-142.91
793,638,4000.0,855.26,1.75,1.653418,-10.58,-18.52,-185.96,-17.5,-175.7,-0.265,-3675.94,-3473.06,630.5,0,0,-778.71,-735.74,-428.53,-404.88,-75.72,-71.54,-400.43,-378.33,-200.5,-189.44,-231.97,-219.17,-521.3,-492.53,0.0,0.0,-527.31,-498.21,-294.0,-277.77,122.42,115.67,640.79,605.42,1061.71,1003.11,117.49,111.01,1418.68,1340.38,78.86,74.51
794,638,3000.0,855.26,2.333333,1.653418,-407.52,-950.87,-1173.85,-673.8,-831.8,-13.584,-4039.35,-2862.31,601.3,0,0,78.48,55.61,-191.27,-135.53,251.81,178.44,868.23,615.24,-360.84,-255.69,252.62,179.01,-163.98,-116.2,0.0,0.0,-904.23,-640.74,-254.79,-180.54,274.37,194.42,-41.56,-29.45,-862.0,-610.82,499.81,354.17,216.81,153.63,-614.34,-435.32
795,638,3500.0,855.26,2.0,1.653418,347.19,694.38,502.8,574.05,415.67,9.92,-3036.3,-2510.14,565.7,0,0,-55.72,-46.07,234.98,194.26,-239.76,-198.21,-167.91,-138.81,415.77,343.72,-181.8,-150.3,-248.47,-205.41,0.0,0.0,-460.62,-380.8,1104.63,913.2,-670.2,-554.06,190.06,157.12,-72.73,-60.12,296.23,244.9,-116.33,-96.17,666.25,550.79
796,638,4000.0,855.26,1.75,1.653418,-1478.61,-2587.58,-2754.25,-2444.77,-2602.24,-36.965,-4171.72,-3941.48,635.0,0,0,42.32,39.99,52.47,49.57,-110.13,-104.05,412.88,390.09,-249.17,-235.42,-491.01,-463.91,108.67,102.67,0.0,0.0,-466.83,-441.06,-186.97,-176.65,-148.85,-140.63,-324.13,-306.25,-682.08,-644.44,-860.12,-812.65,309.17,292.1,6.2,5.86
797,638,3000.0,855.26,2.333333,1.653418,-599.32,-1398.42,-1621.27,-990.93,-1148.84,-19.977,-5412.41,-3835.28,633.8,0,0,-471.86,-334.36,-35.07,-24.85,362.62,256.95,-161.46,-114.41,-552.09,-391.21,-474.85,-336.48,-748.43,-530.34,0.0,0.0,-1441.65,-1021.57,-886.15,-627.93,1421.18,1007.06,529.84,375.45,551.11,390.52,375.6,266.16,-175.76,-124.54,308.54,218.63
798,638,3500.0,855.26,2.0,1.653418,-1222.82,-2445.63,-2636.27,-2021.83,-2179.43,-34.938,-4839.47,-4000.83,631.3,0,0,-335.49,-277.35,-113.01,-93.43,276.35,228.47,-444.96,-367.85,330.14,272.93,-454.59,-375.81,-403.87,-333.88,0.0,0.0,-587.42,-485.63,-233.62,-193.14,575.09,475.43,-824.77,-681.84,47.28,39.09,267.35,221.02,-986.39,-815.46,442.28,365.64
799,638,4000.0,855.26,1.75,1.653418,-603.89,-1056.81,-1223.94,-998.49,-1156.4,-15.097,-4319.81,-4081.4,630.8,0,0,180.9,170.92,89.34,84.41,149.49,141.24,363.51,343.45,-622.08,-587.74,-320.23,-302.56,-337.09,-318.48,0.0,0.0,-85.28,-80.58,611.76,578.0,-792.37,-748.64,94.62,89.4,-32.23,-30.45,208.22,196.73,-440.64,-416.32,-124.73,-117.85
800,638,3500.0,856.37,2.0,1.651268,88.19,176.38,-15.04,145.63,-12.42,2.52,-3623.04,-2991.3,631.2,0,0,-254.99,-210.53,217.43,179.52,-440.89,-364.01,-237.98,-196.48,143.93,118.84,-258.17,-213.16,-421.44,-347.96,0.0,0.0,-880.28,-726.79,350.8,289.63,134.05,110.68,534.32,441.15,7.06,5.83,-245.11,-202.37,-55.55,-45.86,1583.2,1307.14
801,638,3000.0,855.26,2.333333,1.653418,-1094.22,-2553.17,-2775.67,-1809.2,-1966.86,-36.474,-4699.82,-3330.33,644.7,0,0,-290.35,-205.74,-502.1,-355.79,343.05,243.09,478.96,339.4,-491.23,-348.09,2.18,1.54,129.81,91.98,0.0,0.0,-684.39,-484.96,117.13,83.0,-103.97,-73.67,-279.03,-197.73,-603.42,-427.59,644.47,456.67,-645.85,-457.65,-668.43,-473.65
802,638,3500.0,855.26,2.0,1.653418,-384.55,-769.09,-960.23,-635.82,-793.83,-10.987,-5323.58,-4401.05,908.8,0,0,-533.09,-440.71,-30.09,-24.88,266.02,219.92,6.94,5.74,179.19,148.14,-575.6,-475.85,-355.75,-294.1,0.0,0.0,-629.64,-520.53,-489.71,-404.85,1035.91,856.39,-409.46,-338.5,726.05,600.23,66.66,55.11,149.19,123.33,-175.72,-145.27
803,638,3000.0,855.26,2.333333,1.653418,484.35,1130.16,906.56,800.84,642.39,16.145,-3511.24,-2488.09,477.0,0,0,-225.92,-160.09,94.4,66.89,40.9,28.98,-1614.41,-1143.98,466.21,330.36,-735.81,-521.4,-225.32,-159.66,0.0,0.0,491.28,348.13,545.41,386.48,140.99,99.9,-417.86,-296.1,927.06,656.92,884.9,627.05,397.92,281.97,360.41,255.39
804,638,3500.0,855.26,2.0,1.653418,1126.99,2253.99,2061.94,1863.39,1704.62,32.2,-2248.68,-1859.0,236.8,0,0,422.89,349.61,834.8,690.14,-47.45,-39.23,669.56,553.53,245.9,203.29,-473.62,-391.55,-64.04,-52.94,0.0,0.0,354.29,292.9,320.84,265.24,3.84,3.17,128.28,106.05,-215.39,-178.06,-388.76,-321.39,324.81,268.53,138.03,114.11
805,638,3000.0,855.26,2.333333,1.653418,-1090.5,-2544.51,-2767.01,-1803.06,-1960.72,-36.35,-5746.0,-4071.66,656.7,0,0,-256.06,-181.44,-179.85,-127.44,-164.44,-116.53,-399.85,-283.33,-58.95,-41.77,73.94,52.4,-370.54,-262.57,0.0,0.0,-900.31,-637.96,91.36,64.74,-522.08,-369.95,438.16,310.48,-2.31,-1.64,-53.79,-38.12,70.23,49.76,-310.01,-219.68
806,638,3000.0,855.26,2.333333,1.653418,-2181.06,-5089.14,-5310.88,-3606.2,-3763.33,-72.702,-8253.27,-5848.33,592.0,0,0,24.35,17.25,588.71,417.16,21.89,15.51,-678.51,-480.8,-633.91,-449.19,-433.56,-307.22,-341.14,-241.73,0.0,0.0,-1253.53,-888.26,-366.96,-260.03,-258.51,-183.18,7.53,5.34,-991.37,-702.49,496.26,351.66,-353.21,-250.29,-917.19,-649.93
807,638,3500.0,855.26,2.0,1.653418,-347.82,-695.63,-886.8,-575.09,-733.12,-9.938,-3290.07,-2719.93,613.8,0,0,-326.99,-270.33,22.92,18.95,-94.86,-78.42,-641.67,-530.47,-380.54,-314.59,-1099.98,-909.36,188.62,155.93,0.0,0.0,-301.45,-249.21,100.65,83.2,634.32,524.4,-187.54,-155.04,561.44,464.14,306.18,253.12,574.26,474.75,-51.01,-42.17
808,638,4500.0,855.26,1.555556,1.653418,-1726.91,-2686.31,-2834.35,-2855.31,-3012.66,-38.376,-4522.36,-4806.87,874.0,0,0,-412.04,-437.96,-47.28,-50.25,262.95,279.49,92.17,97.97,-331.71,-352.57,-656.09,-697.37,-394.88,-419.72,0.0,0.0,51.11,54.33,563.83,599.31,-604.59,-642.63,-241.77,-256.98,270.96,288.01,-724.66,-770.25,-579.35,-615.8,65.03,69.12
809,638,3500.0,855.26,2.0,1.653418,-1436.39,-2872.78,-3063.29,-2374.95,-2532.45,-41.04,-4131.18,-3415.28,902.0,0,0,209.35,173.07,205.28,169.71,42.1,34.81,168.96,139.68,85.34,70.55,-372.63,-308.06,-834.28,-689.71,0.0,0.0,-708.49,-585.72,9.41,7.78,-657.31,-543.41,-134.3,-111.03,-711.05,-587.83,-391.34,-323.52,-156.03,-128.99,372.2,307.7
810,638,3000.0,856.37,2.333333,1.651268,-688.62,-1606.77,-1829.56,-1137.09,-1294.75,-22.954,-3364.02,-2380.67,601.3,0,0,-789.79,-558.92,521.55,369.1,112.57,79.66,-45.49,-32.19,230.47,163.1,-388.56,-274.98,21.14,14.96,0.0,0.0,-279.11,-197.52,498.11,352.51,-464.11,-328.44,-630.52,-446.21,-373.2,-264.11,347.29,245.78,-1158.58,-819.91,791.44,560.09
811,638,3500.0,855.26,2.0,1.653418,-816.6,-1633.2,-1824.08,-1350.18,-1507.98,-23.331,-3121.98,-2580.97,630.5,0,0,-300.37,-248.32,489.77,404.89,6.54,5.41,-279.89,-231.39,237.8,196.59,558.9,462.05,-427.01,-353.02,0.0,0.0,-296.86,-245.41,-664.27,-549.15,-319.33,-263.99,-542.49,-448.48,-506.88,-419.05,-927.41,-766.7,-122.81,-101.53,1461.12,1207.92
812,638,3500.0,855.26,2.0,1.653418,-1770.76,-3541.53,-3731.84,-2927.81,-3085.14,-50.593,-5082.56,-4201.8,630.8,0,0,-982.73,-812.43,332.77,275.1,-254.54,-210.43,-166.87,-137.96,-255.8,-211.47,-383.28,-316.86,-311.11,-257.2,0.0,0.0,-1587.73,-1312.59,-468.15,-387.03,-209.3,-173.03,107.06,88.51,-693.31,-573.16,655.95,542.28,676.93,559.63,-1.42,-1.17
813,638,4000.0,856.37,1.75,1.651268,548.34,959.59,791.85,905.45,747.17,13.708,-2923.66,-2758.71,546.0,0,0,-23.17,-21.86,243.98,230.22,145.84,137.61,471.7,445.09,-136.95,-129.22,223.65,211.03,925.67,873.45,0.0,0.0,-521.95,-492.51,-180.28,-170.11,-27.71,-26.14,-596.43,-562.78,-280.63,-264.8,397.52,375.09,433.27,408.83,-114.93,-108.44
814,638,3500.0,855.26,2.0,1.653418,352.71,705.41,513.83,583.17,424.79,10.077,-2877.07,-2378.5,626.8,0,0,-202.86,-167.7,619.0,511.73,-101.41,-83.83,349.99,289.34,-480.85,-397.53,-147.3,-121.77,-168.85,-139.59,0.0,0.0,-234.15,-193.57,-476.76,-394.14,-35.17,-29.07,867.4,717.09,-531.03,-439.01,314.25,259.79,862.78,713.27,70.36,58.17
815,638,3500.0,855.26,2.0,1.653418,-938.72,-1877.44,-2068.25,-1552.09,-1709.84,-26.821,-3817.42,-3155.89,590.0,0,0,-578.23,-478.03,370.62,306.39,-35.9,-29.68,1318.99,1090.42,379.93,314.09,-246.24,-203.57,-428.4,-354.16,0.0,0.0,-645.84,-533.92,-86.15,-71.22,-669.05,-553.11,-252.47,-208.72,-67.94,-56.17,-126.83,-104.85,-426.43,-352.53,-383.5,-317.04
816,638,4000.0,855.26,1.75,1.653418,25.63,44.85,-122.62,42.37,-115.85,0.641,-2624.41,-2479.57,332.2,0,0,-1006.9,-951.33,469.44,443.53,-111.78,-105.61,1008.01,952.38,332.85,314.48,-278.4,-263.04,-811.06,-766.3,0.0,0.0,-531.87,-502.52,464.33,438.7,397.1,375.18,-210.67,-199.04,-126.35,-119.37,647.72,611.98,-504.65,-476.8,307.07,290.12
817,638,4000.0,855.26,1.75,1.653418,-1792.28,-3136.49,-3302.99,-2963.38,-3120.7,-44.807,-5277.53,-4986.26,633.5,0,0,-456.37,-431.19,237.27,224.17,-4.24,-4.0,419.83,396.66,-157.1,-148.43,-886.67,-837.73,-78.74,-74.39,0.0,0.0,-430.63,-406.86,244.09,230.61,-995.65,-940.7,-542.0,-512.09,-797.46,-753.45,508.15,480.1,-195.34,-184.56,-1.62,-1.53
818,638,3500.0,856.37,2.0,1.651268,-107.08,-214.15,-405.46,-176.81,-334.76,-3.059,-3721.47,-3072.57,634.5,0,0,-166.33,-137.33,183.51,151.52,187.8,155.06,-580.86,-479.58,471.06,388.92,-923.31,-762.31,-340.89,-281.45,0.0,0.0,747.9,617.49,-420.22,-346.95,456.69,377.06,-22.84,-18.86,551.3,455.17,-390.53,-322.43,-269.69,-222.66,302.25,249.54
819,638,3500.0,855.26,2.0,1.653418,1412.89,2825.78,2633.56,2336.1,2177.19,40.368,-3099.34,-2562.25,590.2,0,0,641.54,530.37,-39.45,-32.61,82.7,68.37,865.05,715.15,-357.72,-295.73,-395.6,-327.05,679.33,561.61,0.0,0.0,-138.24,-114.28,506.74,418.92,409.12,338.22,257.93,213.24,908.8,751.31,-99.14,-81.96,-92.56,-76.52,-402.72,-332.93
820,638,3000.0,855.26,2.333333,1.653418,-857.7,-2001.3,-2223.97,-1418.14,-1575.92,-28.59,-3736.53,-2647.74,895.7,0,0,52.78,37.4,649.34,460.13,219.6,155.61,84.24,59.69,-161.35,-114.34,-529.0,-374.85,-291.02,-206.22,0.0,0.0,-1002.74,-710.55,402.57,285.26,474.5,336.24,-254.55,-180.37,-450.41,-319.16,32.76,23.21,-491.2,-348.07,-736.81,-522.11
821,638,4000.0,856.37,1.75,1.651268,-716.17,-1253.29,-1420.37,-1182.58,-1340.23,-17.904,-2312.91,-2182.42,585.2,0,0,-145.03,-136.85,162.91,153.72,-127.18,-120.01,-299.37,-282.48,-352.86,-332.95,-471.53,-444.92,894.21,843.76,0.0,0.0,-220.1,-207.68,130.15,122.8,261.79,247.02,-341.77,-322.49,30.53,28.81,206.11,194.48,-742.05,-700.18,-239.09,-225.6
822,638,4500.0,855.26,1.555556,1.653418,-997.76,-1552.07,-1700.45,-1649.72,-1807.43,-22.172,-3500.46,-3720.68,617.7,0,0,559.47,594.67,455.95,484.64,51.6,54.84,188.34,200.19,-168.79,-179.41,-737.45,-783.84,-217.18,-230.85,0.0,0.0,-1284.44,-1365.25,-2.59,-2.75,158.12,168.07,-50.73,-53.92,-56.15,-59.68,104.76,111.35,-460.02,-488.96,-92.97,-98.82
823,638,3500.0,855.26,2.0,1.653418,-2122.44,-4244.87,-4434.97,-3509.27,-3666.43,-60.641,-6221.8,-5143.62,899.7,0,0,-470.38,-388.87,194.09,160.46,-234.17,-193.59,-378.43,-312.85,-361.31,-298.7,-498.09,-411.77,-146.46,-121.08,0.0,0.0,-237.98,-196.74,272.65,225.4,-558.05,-461.35,-49.53,-40.95,-1160.32,-959.25,416.75,344.53,26.53,21.93,-1060.15,-876.44
824,638,3500.0,855.26,2.0,1.653418,1720.12,3440.23,3247.83,2844.07,2685.01,49.146,-1678.08,-1387.28,390.0,0,0,-153.43,-126.84,862.38,712.93,683.79,565.29,-337.07,-278.66,467.62,386.58,1033.22,854.17,-616.55,-509.71,0.0,0.0,-547.52,-452.64,354.13,292.76,44.81,37.05,369.89,305.79,280.35,231.76,560.79,463.61,-655.98,-542.31,1093.83,904.28
825,638,3500.0,855.26,2.0,1.653418,905.38,1810.75,1618.84,1496.97,1338.31,25.868,-3626.15,-2997.77,381.8,0,0,133.13,110.06,401.32,331.78,447.27,369.76,-58.15,-48.07,600.86,496.73,-425.83,-352.04,-384.98,-318.27,0.0,0.0,-21.34,-17.64,-947.8,-783.56,1045.43,864.27,-148.41,-122.69,-533.98,-441.44,819.43,677.43,-334.74,-276.73,1218.54,1007.37
826,638,3500.0,855.26,2.0,1.653418,-220.81,-441.61,-632.85,-365.09,-523.19,-6.309,-2497.63,-2064.81,626.7,0,0,-717.09,-592.83,-263.37,-217.73,-325.38,-269.0,102.54,84.77,-393.59,-325.38,-826.98,-683.67,-50.18,-41.48,0.0,0.0,107.64,88.98,639.64,528.8,615.94,509.2,-266.86,-220.62,-320.37,-264.85,521.0,430.72,-245.45,-202.92,980.9,810.92
827,638,3000.0,855.26,2.333333,1.653418,-1379.01,-3217.7,-3440.0,-2280.09,-2437.61,-45.967,-5014.68,-3553.44,887.5,0,0,-95.82,-67.9,164.47,116.55,-692.43,-490.66,256.7,181.9,1328.24,941.2,-1219.55,-864.18,611.69,433.45,0.0,0.0,-186.34,-132.04,-461.63,-327.11,-727.42,-515.46,194.35,137.72,-111.56,-79.05,-844.95,-598.74,-817.76,-579.47,-615.72,-436.3
828,638,3000.0,856.37,2.333333,1.651268,-445.3,-1039.04,-1262.0,-735.31,-893.1,-14.843,-3762.49,-2662.67,583.5,0,0,249.62,176.66,-88.48,-62.62,-5.39,-3.81,-662.45,-468.81,244.27,172.87,-410.94,-290.82,-184.41,-130.51,0.0,0.0,-628.93,-445.08,826.41,584.84,413.28,292.47,-57.02,-40.35,-644.64,-456.2,491.0,347.48,-579.28,-409.95,-2.1,-1.48
829,638,4000.0,855.26,1.75,1.653418,-498.41,-872.22,-1039.41,-824.08,-982.04,-12.46,-2775.37,-2622.2,626.7,0,0,-66.19,-62.54,308.88,291.83,154.22,145.71,46.77,44.19,-528.15,-499.01,352.56,333.1,193.7,183.01,0.0,0.0,-399.35,-377.31,271.84,256.83,559.08,528.22,-320.24,-302.57,-1035.82,-978.65,299.46,282.93,-711.82,-672.53,2.87,2.71
830,638,3500.0,855.26,2.0,1.653418,-230.67,-461.34,-652.57,-381.39,-539.48,-6.591,-2413.9,-1995.59,590.0,0,0,-90.82,-75.08,313.26,258.98,91.33,75.5,920.27,760.79,-28.92,-23.91,-401.23,-331.7,-275.41,-227.68,0.0,0.0,-411.13,-339.88,-6.47,-5.35,319.02,263.74,134.54,111.23,-78.85,-65.19,-71.31,-58.95,-623.74,-515.65,-251.87,-208.22
831,638,3500.0,855.26,2.0,1.653418,105.77,211.53,20.1,174.88,16.61,3.022,-3170.2,-2620.83,631.2,0,0,-192.85,-159.43,-545.77,-451.19,9.66,7.99,590.41,488.09,53.99,44.64,-75.52,-62.43,-29.88,-24.7,0.0,0.0,-475.84,-393.38,-434.51,-359.22,996.34,823.69,171.07,141.42,630.7,521.4,-525.58,-434.5,128.89,106.55,-89.57,-74.05
832,638,3000.0,855.26,2.333333,1.653418,-498.15,-1162.35,-1385.27,-823.65,-981.61,-16.605,-3568.93,-2528.97,905.2,0,0,-227.52,-161.22,167.8,118.9,243.87,172.81,128.47,91.03,-111.84,-79.25,785.45,556.57,35.16,24.92,0.0,0.0,-16.56,-11.73,176.73,125.23,-95.91,-67.96,-120.5,-85.39,-721.33,-511.14,-592.52,-419.87,-1033.61,-732.43,219.96,155.86
833,638,3500.0,855.26,2.0,1.653418,87.3,174.6,-16.83,144.34,-13.91,2.494,-2523.05,-2085.82,590.5,0,0,-794.62,-656.92,-236.94,-195.88,247.06,204.24,72.63,60.04,-622.82,-514.89,186.72,154.36,326.3,269.75,0.0,0.0,136.61,112.94,139.45,115.29,544.22,449.91,-107.13,-88.56,499.78,413.17,451.83,373.54,-592.38,-489.73,-76.1,-62.91
834,638,3500.0,855.26,2.0,1.653418,122.46,244.92,53.48,202.48,44.21,3.499,-3308.46,-2735.13,635.0,0,0,166.77,137.87,363.06,300.14,-442.86,-366.11,-873.83,-722.4,184.66,152.66,119.18,98.53,10.54,8.71,0.0,0.0,-420.53,-347.65,263.1,217.51,405.63,335.34,285.19,235.77,-816.87,-675.31,518.22,428.42,1011.62,836.31,-528.96,-437.3
835,638,4000.0,855.26,1.75,1.653418,818.41,1432.21,1264.33,1353.17,1194.55,20.46,-2518.03,-2379.06,625.8,0,0,-585.77,-553.44,742.18,701.22,32.97,31.15,78.87,74.51,52.54,49.64,419.25,396.11,-616.86,-582.81,0.0,0.0,-270.36,-255.44,603.58,570.27,648.24,612.46,-442.51,-418.09,318.71,301.12,-467.49,-441.69,-327.61,-309.53,1246.49,1177.69
836,638,4000.0,856.37,1.75,1.651268,657.24,1150.18,982.38,1085.29,926.96,16.431,-2134.26,-2013.85,633.5,0,0,91.73,86.55,214.14,202.05,187.93,177.33,-227.08,-214.27,-255.54,-241.13,-206.65,-194.99,598.28,564.52,0.0,0.0,558.53,527.02,-87.94,-82.98,-85.29,-80.47,-939.25,-886.26,-485.93,-458.51,1000.82,944.35,49.65,46.85,736.78,695.22
837,638,4000.0,855.26,1.75,1.653418,135.02,236.29,68.77,223.25,64.97,3.376,-2353.02,-2223.16,637.3,0,0,-113.88,-107.59,65.39,61.78,133.71,126.33,64.64,61.07,457.47,432.23,381.11,360.08,-141.66,-133.84,0.0,0.0,597.39,564.42,-602.72,-569.46,74.32,70.22,-90.28,-85.29,-183.48,-173.35,164.64,155.55,-49.17,-46.46,-521.2,-492.43
838,638,3500.0,855.26,2.0,1.653418,323.35,646.7,455.14,534.63,376.27,9.239,-2267.77,-1874.79,635.7,0,0,-12.18,-10.07,551.66,456.06,320.68,265.11,-760.46,-628.68,786.41,650.13,236.63,195.63,-186.84,-154.46,0.0,0.0,571.64,472.58,-607.35,-502.1,-44.74,-36.99,-384.09,-317.53,-243.69,-201.46,78.77,65.12,364.27,301.15,-24.0,-19.84
839,638,3000.0,855.26,2.333333,1.653418,222.54,519.25,295.83,367.95,209.63,7.418,-2432.76,-1723.88,483.5,0,0,75.29,53.35,273.0,193.45,32.13,22.76,-151.89,-107.63,96.38,68.3,-204.63,-145.0,-149.13,-105.67,0.0,0.0,-351.12,-248.81,-254.99,-180.69,660.92,468.34,-147.02,-104.18,-662.35,-469.35,521.56,369.58,-160.83,-113.97,941.93,667.46
840,638,3000.0,855.26,2.333333,1.653418,255.43,596.01,372.56,422.34,264.0,8.514,-3519.62,-2494.03,626.8,0,0,-519.93,-368.43,3.11,2.2,177.2,125.57,772.33,547.28,-452.24,-320.46,286.63,203.11,-555.07,-393.33,0.0,0.0,-547.09,-387.67,696.64,493.64,-60.14,-42.61,-429.24,-304.16,1091.83,773.68,161.31,114.31,-135.17,-95.78,105.83,74.99
841,638,4000.0,855.26,1.75,1.653418,-849.44,-1486.53,-1653.53,-1404.49,-1562.27,-21.236,-5076.41,-4796.24,633.3,0,0,-310.59,-293.45,117.75,111.25,243.84,230.38,-705.56,-666.62,-80.93,-76.47,97.89,92.49,-556.02,-525.34,0.0,0.0,-73.12,-69.08,-104.26,-98.5,985.36,930.98,239.03,225.84,-448.77,-424.0,54.38,51.38,-856.83,-809.54,-88.7,-83.81
842,638,3000.0,855.26,2.333333,1.653418,-165.23,-385.54,-608.69,-273.2,-431.33,-5.508,-3493.3,-2475.38,614.3,0,0,-205.81,-145.84,469.65,332.8,-44.67,-31.66,-1114.57,-789.79,-96.19,-68.16,-293.36,-207.88,-200.37,-141.98,0.0,0.0,-113.97,-80.76,179.94,127.5,244.32,173.13,-707.85,-501.58,251.53,178.23,768.36,544.46,51.35,36.38,426.1,301.94
843,638,3000.0,855.26,2.333333,1.653418,-1525.17,-3558.72,-3780.92,-2521.74,-2679.19,-50.839,-5190.03,-3677.7,884.5,0,0,-497.3,-352.39,558.94,396.07,-436.59,-309.37,126.86,89.9,-707.27,-501.17,517.37,366.61,7.07,5.01,0.0,0.0,-628.17,-445.12,49.33,34.96,-590.32,-418.3,-1232.82,-873.58,-121.22,-85.9,1124.9,797.11,-1219.01,-863.8,-510.5,-361.75
844,638,3000.0,855.26,2.333333,1.653418,-1793.62,-4185.12,-4407.13,-2965.61,-3122.93,-59.787,-5203.26,-3687.07,870.5,0,0,188.3,133.43,189.89,134.56,-101.05,-71.61,-322.04,-228.2,426.64,302.32,-338.68,-239.99,-491.59,-348.35,0.0,0.0,-1167.51,-827.3,13.8,9.78,-108.85,-77.13,-1345.84,-953.67,49.33,34.95,119.16,84.44,-1006.6,-713.28,-290.09,-205.56
845,638,3000.0,855.26,2.333333,1.653418,-1665.77,-3886.79,-4108.89,-2754.21,-2911.59,-55.526,-4922.78,-3488.32,909.5,0,0,-387.59,-274.65,-226.01,-160.15,117.02,82.92,-660.24,-467.85,50.48,35.77,210.42,149.1,-695.13,-492.57,0.0,0.0,-1045.27,-740.69,-305.25,-216.3,1387.69,983.33,-782.38,-554.4,-1474.72,-1045.0,-138.47,-98.12,77.77,55.11,-15.1,-10.7
846,638,3500.0,855.26,2.0,1.653418,-474.21,-948.42,-1139.51,-784.07,-942.04,-13.549,-3677.68,-3040.37,626.8,0,0,603.25,498.71,204.78,169.29,507.67,419.7,-447.45,-369.91,-394.55,-326.17,-228.11,-188.58,33.14,27.4,0.0,0.0,-780.51,-645.25,-320.68,-265.11,162.94,134.7,-198.11,-163.78,-158.86,-131.33,694.06,573.79,-724.13,-598.65,98.14,81.13
847,638,3500.0,855.26,2.0,1.653418,-727.66,-1455.32,-1646.26,-1203.13,-1360.98,-20.79,-3404.38,-2814.43,858.5,0,0,141.42,116.91,127.38,105.31,359.05,296.83,-291.67,-241.12,-162.73,-134.53,237.13,196.04,-195.62,-161.72,0.0,0.0,31.8,26.29,-30.76,-25.43,-451.75,-373.47,31.99,26.45,-223.37,-184.66,-328.49,-271.57,-588.07,-486.16,-111.65,-92.31
848,638,3000.0,856.37,2.333333,1.651268,1046.81,2442.57,2218.57,1728.57,1570.05,34.894,-2938.73,-2079.7,630.8,0,0,-556.98,-394.17,160.72,113.74,175.35,124.09,456.04,322.73,569.61,403.11,434.6,307.56,-204.23,-144.53,0.0,0.0,-18.07,-12.79,1002.62,709.54,1498.17,1060.24,27.82,19.69,826.69,585.04,-162.54,-115.03,-1004.78,-711.07,-762.46,-539.58
849,638,3500.0,855.26,2.0,1.653418,135.73,271.45,80.0,224.41,66.14,3.878,-2486.48,-2055.59,351.5,0,0,-703.53,-581.62,41.11,33.99,268.25,221.77,1560.49,1290.07,9.9,8.19,-114.2,-94.41,-414.22,-342.44,0.0,0.0,608.6,503.13,598.5,494.79,-378.13,-312.61,89.54,74.03,-517.97,-428.21,-256.94,-212.41,-926.63,-766.05,406.67,336.2
850,638,3500.0,855.26,2.0,1.653418,-1006.5,-2013.01,-2203.77,-1664.17,-1821.88,-28.757,-4864.53,-4021.55,631.2,0,0,224.49,185.59,-159.4,-131.78,-152.14,-125.78,-877.1,-725.1,242.3,200.31,-304.16,-251.45,-236.46,-195.48,0.0,0.0,-922.51,-762.65,-607.82,-502.49,143.32,118.48,-749.33,-619.48,-420.67,-347.77,300.75,248.64,1150.55,951.17,355.17,293.63
851,638,3000.0,855.26,2.333333,1.653418,-1295.94,-3023.85,-3246.21,-2142.72,-2300.29,-43.198,-4564.75,-3234.62,902.0,0,0,84.04,59.55,-196.98,-139.58,440.46,312.11,-1072.72,-760.14,607.93,430.78,610.81,432.82,-690.95,-489.61,0.0,0.0,-340.98,-241.62,-635.06,-450.01,-148.67,-105.35,-891.8,-631.94,-258.95,-183.49,-479.65,-339.88,-316.96,-224.6,265.63,188.23
852,638,3000.0,855.26,2.333333,1.653418,883.89,2062.41,1838.52,1461.44,1302.79,29.463,-2792.43,-1978.73,634.5,0,0,314.25,222.68,569.66,403.66,231.97,164.38,-160.98,-114.07,-140.35,-99.45,449.31,318.38,288.3,204.29,0.0,0.0,-109.42,-77.54,173.2,122.73,-864.34,-612.47,-777.63,-551.03,612.71,434.17,205.06,145.3,418.42,296.49,852.25,603.91
853,638,4000.0,855.26,1.75,1.653418,-29.03,-50.81,-218.24,-48.0,-206.2,-0.726,-2408.55,-2275.62,600.8,0,0,-140.37,-132.63,4.19,3.96,133.74,126.36,409.2,386.62,-198.47,-187.51,1250.84,1181.81,-18.03,-17.04,0.0,0.0,-106.98,-101.08,-353.49,-333.98,-493.16,-465.94,-185.4,-175.17,-37.95,-35.85,-225.28,-212.85,-467.58,-441.78,377.93,357.07
854,638,3500.0,855.26,2.0,1.653418,224.23,448.47,256.96,370.75,212.43,6.407,-2669.4,-2206.81,405.7,0,0,-47.37,-39.16,357.29,295.37,126.13,104.27,909.22,751.66,256.32,211.9,-111.49,-92.17,-310.72,-256.88,0.0,0.0,-832.17,-687.96,267.04,220.77,-318.07,-262.95,-400.27,-330.91,643.53,532.01,-297.03,-245.55,247.21,204.37,-41.15,-34.02
855,638,3000.0,855.26,2.333333,1.653418,-717.91,-1675.11,-1897.88,-1187.0,-1344.85,-23.93,-3399.61,-2408.99,902.0,0,0,-160.85,-113.98,409.64,290.27,-358.35,-253.93,-108.52,-76.9,745.93,528.57,-711.41,-504.11,-424.24,-300.62,0.0,0.0,-541.46,-383.68,760.34,538.79,288.81,204.65,-899.9,-637.67,203.27,144.04,-709.72,-502.91,1.96,1.39,-170.63,-120.91
856,638,3500.0,855.26,2.0,1.653418,-985.47,-1970.95,-2161.73,-1629.4,-1787.12,-28.156,-4058.43,-3355.14,631.2,0,0,-11.6,-9.59,-128.82,-106.5,204.07,168.7,208.14,172.07,-57.02,-47.14,-595.44,-492.26,-267.42,-221.08,0.0,0.0,-447.82,-370.21,-197.8,-163.52,-552.16,-456.47,-406.44,-336.01,518.25,428.45,248.3,205.27,95.77,79.17,-580.95,-480.28
857,638,3000.0,855.26,2.333333,1.653418,-194.01,-452.69,-675.82,-320.78,-478.89,-6.467,-4129.51,-2926.2,405.3,0,0,-655.91,-464.78,278.91,197.64,182.3,129.18,-420.83,-298.2,747.58,529.74,-386.71,-274.03,-690.73,-489.46,0.0,0.0,1143.8,810.51,343.56,243.45,-692.61,-490.79,85.06,60.28,-561.33,-397.77,447.88,317.37,-106.62,-75.55,-167.05,-118.37
858,638,3500.0,855.26,2.0,1.653418,-1409.67,-2819.34,-3009.86,-2330.77,-2488.28,-40.276,-4211.34,-3481.55,874.2,0,0,-307.18,-253.95,399.93,330.63,-211.24,-174.63,-73.4,-60.68,24.99,20.66,-776.01,-641.54,-654.07,-540.73,0.0,0.0,-1.11,-0.92,-155.21,-128.31,-966.88,-799.33,218.24,180.42,376.87,311.56,-55.79,-46.13,-128.29,-106.06,-510.19,-421.77
859,638,3500.0,855.26,2.0,1.653418,-210.18,-420.36,-611.61,-347.52,-505.62,-6.005,-3061.04,-2530.59,883.3,0,0,596.16,492.85,316.25,261.45,48.96,40.48,481.63,398.17,-346.07,-286.1,-382.71,-316.39,214.68,177.48,0.0,0.0,-605.54,-500.6,728.38,602.16,177.9,147.07,-157.94,-130.57,-670.12,-553.99,-494.92,-409.16,-1299.08,-1073.96,972.04,803.6
860,638,3500.0,855.26,2.0,1.653418,-105.67,-211.34,-402.65,-174.72,-332.87,-3.019,-2188.04,-1808.87,631.2,0,0,504.22,416.84,322.0,266.2,66.78,55.2,-269.64,-222.91,-192.08,-158.79,-84.27,-69.67,-310.26,-256.5,0.0,0.0,218.48,180.62,-156.09,-129.04,-123.01,-101.7,-475.29,-392.93,-446.72,-369.31,393.33,325.17,136.47,112.82,204.74,169.26
861,638,3500.0,855.26,2.0,1.653418,-85.9,-171.8,-363.12,-142.03,-300.19,-2.454,-3034.16,-2508.37,633.7,0,0,-724.25,-598.75,372.89,308.27,9.1,7.53,-220.69,-182.44,863.99,714.27,-350.85,-290.05,552.86,457.06,0.0,0.0,-687.13,-568.05,-52.41,-43.33,-33.68,-27.85,-29.73,-24.58,480.0,396.82,-239.61,-198.09,-57.74,-47.73,-54.56,-45.11
862,638,3500.0,855.26,2.0,1.653418,-1210.97,-2421.94,-2612.59,-2002.24,-2159.85,-34.599,-3493.3,-2887.94,345.8,0,0,-130.92,-108.23,182.97,151.26,-120.09,-99.28,407.18,336.62,-55.77,-46.1,-954.85,-789.38,-646.16,-534.18,0.0,0.0,-418.27,-345.79,-77.64,-64.18,949.36,784.84,-639.56,-528.73,-164.97,-136.38,58.87,48.67,-491.49,-406.32,-320.61,-265.05
863,638,3000.0,855.26,2.333333,1.653418,1104.46,2577.07,2353.03,1826.13,1667.38,36.815,-3227.62,-2287.11,351.5,0,0,67.95,48.15,707.11,501.06,-245.23,-173.77,61.38,43.5,-119.23,-84.49,106.52,75.48,-526.46,-373.05,0.0,0.0,-380.07,-269.32,565.1,400.44,2003.0,1419.34,-178.97,-126.82,98.5,69.8,12.65,8.96,-16.75,-11.87,421.58,298.74
864,638,3500.0,855.26,2.0,1.653418,-2122.45,-4244.9,-4435.0,-3509.3,-3666.46,-60.641,-5667.03,-4684.98,899.7,0,0,-675.18,-558.18,177.12,146.43,-279.77,-231.29,16.03,13.25,-121.34,-100.31,-986.6,-815.63,-173.61,-143.53,0.0,0.0,-1598.73,-1321.69,-364.85,-301.62,84.72,70.04,198.24,163.89,-21.68,-17.93,63.78,52.73,-98.65,-81.55,-464.38,-383.91
865,638,4000.0,855.26,1.75,1.653418,-22.14,-38.75,-206.19,-36.61,-194.81,-0.554,-2634.02,-2488.65,633.5,0,0,-362.1,-342.11,93.39,88.24,-16.31,-15.41,727.4,687.25,-367.63,-347.34,-389.01,-367.54,-141.26,-133.46,0.0,0.0,-323.7,-305.83,486.64,459.78,49.67,46.93,-64.92,-61.33,-264.44,-249.85,180.43,170.47,465.88,440.17,-112.81,-106.58
866,638,3500.0,855.26,2.0,1.653418,-594.68,-1189.36,-1380.37,-983.25,-1141.17,-16.991,-3722.42,-3077.36,893.0,0,0,-781.21,-645.83,-372.37,-307.84,121.92,100.79,-11.45,-9.46,-61.81,-51.1,772.98,639.03,-62.68,-51.82,0.0,0.0,-823.84,-681.07,-153.77,-127.12,305.0,252.15,127.97,105.8,-248.81,-205.69,-122.8,-101.52,481.56,398.11,-360.07,-297.67
867,638,3000.0,855.26,2.333333,1.653418,-1923.87,-4489.03,-4710.95,-3180.96,-3338.21,-64.129,-5671.8,-4019.08,634.3,0,0,-495.14,-350.86,-26.93,-19.08,409.51,290.18,-449.58,-318.57,-369.66,-261.94,-828.38,-587.0,-641.8,-454.78,0.0,0.0,-361.49,-256.16,429.75,304.52,771.44,546.65,244.54,173.29,-450.12,-318.96,-1748.08,-1238.7,-1062.2,-752.69,89.13,63.16
868,638,3500.0,855.26,2.0,1.653418,-462.35,-924.7,-1115.8,-764.46,-922.44,-13.21,-3373.55,-2788.95,590.0,0,0,-1207.43,-998.19,125.03,103.36,393.15,325.02,-259.38,-214.43,73.31,60.6,-463.05,-382.81,716.88,592.65,0.0,0.0,-53.55,-44.27,158.96,131.41,-415.85,-343.79,40.4,33.4,429.06,354.71,-336.36,-278.08,-144.02,-119.06,18.15,15.01
869,638,3500.0,855.26,2.0,1.653418,-316.1,-632.21,-823.39,-522.65,-680.7,-9.032,-3283.87,-2714.8,899.7,0,0,-255.2,-210.98,147.42,121.88,-161.34,-133.38,-258.08,-213.35,-65.58,-54.22,-224.69,-185.76,-508.51,-420.39,0.0,0.0,-1137.67,-940.52,436.27,360.67,-162.24,-134.12,-42.55,-35.17,189.92,157.01,537.71,444.53,-54.45,-45.02,926.79,766.18
870,638,3000.0,855.26,2.333333,1.653418,-1389.98,-3243.29,-3465.58,-2298.22,-2455.74,-46.333,-4990.83,-3536.54,899.7,0,0,219.09,155.25,627.78,444.85,-103.63,-73.43,-172.56,-122.28,-99.9,-70.79,502.35,355.97,-867.82,-614.94,0.0,0.0,-663.2,-469.95,-709.8,-502.97,-624.89,-442.8,-255.82,-181.28,-631.7,-447.62,735.95,521.5,-1434.69,-1016.63,235.57,166.92
871,638,3500.0,855.26,2.0,1.653418,-428.19,-856.38,-1047.49,-707.97,-865.97,-12.234,-3536.23,-2923.43,626.7,0,0,-133.87,-110.67,188.52,155.86,-122.66,-101.41,255.02,210.83,-944.64,-780.94,-391.46,-323.62,-201.72,-166.76,0.0,0.0,1020.48,843.64,835.77,690.94,-435.44,-359.98,-172.56,-142.66,290.51,240.17,-366.3,-302.82,-852.87,-705.07,174.82,144.52
872,638,4500.0,855.26,1.555556,1.653418,-941.25,-1464.16,-1612.57,-1556.28,-1714.02,-20.917,-1974.47,-2098.69,404.8,0,0,-299.95,-318.82,-127.13,-135.13,254.1,270.08,-534.36,-567.98,-533.99,-567.59,1073.81,1141.37,-330.04,-350.8,0.0,0.0,-444.0,-471.93,-631.76,-671.51,153.99,163.68,448.29,476.5,-352.17,-374.32,-162.95,-173.2,-183.94,-195.51,205.92,218.87
873,638,3000.0,855.26,2.333333,1.653418,579.48,1352.11,1128.44,958.12,799.62,19.316,-3906.23,-2767.98,634.5,0,0,-496.81,-352.04,527.03,373.46,264.81,187.65,990.52,701.89,-86.67,-61.41,-851.47,-603.36,-234.99,-166.52,0.0,0.0,276.35,195.82,-99.13,-70.25,-150.71,-106.8,234.61,166.24,342.4,242.63,550.06,389.78,-170.24,-120.64,256.36,181.66
874,638,3500.0,856.37,2.0,1.651268,-1112.34,-2224.68,-2415.38,-1836.77,-1994.22,-31.781,-4675.52,-3860.27,645.3,0,0,-734.26,-606.23,216.43,178.69,462.32,381.71,1044.01,861.97,-328.78,-271.45,-840.59,-694.02,-326.14,-269.27,0.0,0.0,-729.07,-601.94,-579.48,-478.44,-182.31,-150.52,-448.3,-370.13,-836.93,-690.99,470.4,388.38,-423.88,-349.97,1011.89,835.45
875,638,3000.0,855.26,2.333333,1.653418,-389.17,-908.06,-1131.06,-643.46,-801.48,-12.972,-5579.17,-3953.44,633.5,0,0,-149.58,-105.99,473.39,335.45,-208.98,-148.09,261.16,185.06,748.44,530.35,-115.95,-82.16,-914.68,-648.15,0.0,0.0,-328.4,-232.71,-764.55,-541.77,-916.06,-649.13,-489.0,-346.51,1225.69,868.53,166.34,117.87,-1174.29,-832.11,1278.41,905.89
876,638,3500.0,855.26,2.0,1.653418,-1448.89,-2897.77,-3088.27,-2395.61,-2553.1,-41.397,-4117.3,-3403.81,900.0,0,0,-144.39,-119.37,379.85,314.02,78.23,64.68,376.18,310.99,-217.91,-180.15,-1158.35,-957.62,-354.18,-292.81,0.0,0.0,-443.67,-366.79,-934.75,-772.77,192.84,159.43,-126.72,-104.76,-796.13,-658.16,764.88,632.33,-701.0,-579.53,187.34,154.88
877,638,4000.0,855.26,1.75,1.653418,-316.0,-553.0,-720.29,-522.48,-680.54,-7.9,-3590.53,-3392.36,632.2,0,0,-337.06,-318.46,81.49,77.0,29.73,28.09,917.9,867.24,88.4,83.52,-708.84,-669.72,-139.77,-132.06,0.0,0.0,-283.01,-267.39,97.53,92.15,454.73,429.63,-213.03,-201.27,-195.32,-184.54,-38.15,-36.05,-390.95,-369.38,83.36,78.76
878,638,3500.0,855.26,2.0,1.653418,-2238.04,-4476.07,-4666.1,-3700.41,-3857.51,-63.944,-5447.98,-4503.9,913.5,0,0,291.49,240.98,-34.73,-28.71,-73.55,-60.81,532.19,439.97,376.8,311.5,-322.76,-266.83,-108.96,-90.08,0.0,0.0,-652.27,-539.24,-611.19,-505.27,-908.69,-751.22,-77.16,-63.79,-912.61,-754.46,-979.08,-809.42,-732.0,-605.15,-263.55,-217.88
879,638,3000.0,856.37,2.333333,1.651268,167.54,390.92,167.53,276.65,118.56,5.585,-4541.59,-3214.02,634.3,0,0,-167.91,-118.83,942.09,666.71,746.63,528.38,-39.6,-28.03,-75.42,-53.38,-312.26,-220.98,-823.42,-582.73,0.0,0.0,665.65,471.07,288.47,204.15,406.25,287.5,-57.01,-40.34,-991.75,-701.85,139.31,98.59,-577.32,-408.56,247.2,174.94
880,638,3500.0,855.26,2.0,1.653418,179.35,358.7,167.22,296.54,138.24,5.124,-3626.62,-2998.16,630.0,0,0,-205.54,-169.92,76.15,62.95,-107.64,-88.99,-503.9,-416.58,214.3,177.17,-104.97,-86.78,-256.73,-212.24,0.0,0.0,-322.31,-266.46,48.11,39.78,-9.51,-7.86,-385.5,-318.7,725.82,600.04,322.84,266.9,955.67,790.06,-88.09,-72.83
881,638,3000.0,855.26,2.333333,1.653418,-1435.35,-3349.15,-3571.41,-2373.23,-2530.73,-47.845,-6807.31,-4823.71,644.0,0,0,-733.22,-519.57,530.37,375.83,158.26,112.14,-605.85,-429.31,484.99,343.67,-45.08,-31.95,-36.64,-25.96,0.0,0.0,-780.55,-553.1,-467.3,-331.13,98.98,70.14,-1113.75,-789.21,670.51,475.13,-577.62,-409.3,-87.7,-62.15,-844.55,-598.46
882,638,3000.0,856.37,2.333333,1.651268,-1195.38,-2789.22,-3011.65,-1973.89,-2131.3,-39.846,-4488.08,-3176.15,908.8,0,0,-214.03,-151.47,353.62,250.25,-460.89,-326.16,-420.14,-297.33,163.61,115.78,-1348.77,-954.5,-178.71,-126.47,0.0,0.0,-254.2,-179.89,-557.83,-394.77,-249.71,-176.71,285.71,202.19,-401.94,-284.45,256.27,181.36,-167.64,-118.63,405.42,286.91
883,638,3500.0,856.37,2.0,1.651268,-1324.9,-2649.81,-2840.39,-2187.77,-2345.12,-37.854,-4322.68,-3568.95,830.8,0,0,-540.49,-446.24,35.21,29.07,209.39,172.88,-28.29,-23.36,-127.69,-105.43,-1025.4,-846.6,208.1,171.81,0.0,0.0,-272.01,-224.58,-8.44,-6.97,235.79,194.68,5.71,4.72,21.96,18.13,-344.46,-284.4,-652.77,-538.95,-366.4,-302.51
884,638,3500.0,855.26,2.0,1.653418,-30.82,-61.65,-253.0,-50.97,-209.16,-0.881,-3048.15,-2519.93,586.2,0,0,-333.19,-275.45,190.69,157.64,137.15,113.38,-278.23,-230.02,379.26,313.54,70.37,58.18,-367.03,-303.43,0.0,0.0,-1118.43,-924.62,440.12,363.85,564.49,466.67,-116.46,-96.27,-108.36,-89.58,603.91,499.26,-119.92,-99.14,-6.03,-4.98
885,638,3500.0,855.26,2.0,1.653418,-2128.73,-4257.46,-4447.55,-3519.68,-3676.83,-60.821,-6732.38,-5565.72,911.0,0,0,-491.89,-406.65,360.9,298.36,63.54,52.53,-1171.55,-968.53,356.54,294.75,-1022.41,-845.24,-379.03,-313.35,0.0,0.0,-31.21,-25.8,-789.98,-653.09,711.61,588.29,-874.82,-723.22,-170.71,-141.13,135.24,111.8,-1215.48,-1004.85,261.81,216.44
886,638,3500.0,855.26,2.0,1.653418,-363.44,-726.87,-918.03,-600.91,-758.94,-10.384,-3131.07,-2588.49,634.3,0,0,-771.77,-638.03,-46.46,-38.41,-76.53,-63.26,651.08,538.25,-127.65,-105.53,-234.4,-193.78,-256.0,-211.64,0.0,0.0,-486.69,-402.35,320.18,264.69,131.79,108.95,-197.1,-162.94,553.82,457.85,353.84,292.52,-260.27,-215.17,-280.71,-232.06
887,638,3500.0,855.26,2.0,1.653418,-1271.65,-2543.29,-2733.9,-2102.56,-2260.14,-36.333,-3210.07,-2653.8,561.3,0,0,328.01,271.17,-249.09,-205.93,-244.3,-201.96,-277.68,-229.56,532.17,439.95,-893.29,-738.49,46.98,38.84,0.0,0.0,-37.41,-30.93,107.83,89.15,-443.62,-366.75,-551.49,-455.92,-395.56,-327.01,-654.39,-540.99,-90.41,-74.74,278.95,230.61
888,638,3500.0,855.26,2.0,1.653418,-424.02,-848.05,-1039.17,-701.09,-859.09,-12.115,-3494.74,-2889.13,588.8,0,0,-485.89,-401.69,129.36,106.94,-216.12,-178.67,371.04,306.74,-44.92,-37.14,-1648.17,-1362.55,-212.81,-175.93,0.0,0.0,-505.07,-417.55,-257.78,-213.11,723.41,598.05,129.94,107.42,432.54,357.59,597.41,493.89,518.25,428.44,-379.26,-313.54
889,638,3500.0,855.26,2.0,1.653418,-879.99,-1759.97,-1950.82,-1454.99,-1612.76,-25.142,-4087.09,-3378.83,835.3,0,0,-533.71,-441.22,214.71,177.5,-207.52,-171.56,-82.03,-67.82,149.29,123.42,-788.77,-652.09,-269.58,-222.87,0.0,0.0,-384.52,-317.89,41.87,34.61,-578.02,-477.85,-91.05,-75.28,55.69,46.04,92.39,76.38,864.82,714.95,-243.52,-201.32
890,638,3500.0,855.26,2.0,1.653418,-1992.24,-3984.48,-4174.66,-3294.0,-3451.23,-56.921,-4384.72,-3624.89,884.0,0,0,-1183.09,-978.07,62.43,51.61,231.26,191.18,113.9,94.16,-244.71,-202.3,-705.72,-583.42,-598.35,-494.66,0.0,0.0,-203.14,-167.94,-591.3,-488.83,-517.58,-427.89,-228.55,-188.94,-267.58,-221.21,370.39,306.21,-478.14,-395.28,255.7,211.39
891,638,3500.0,855.26,2.0,1.653418,425.7,851.4,659.77,703.86,545.44,12.163,-2632.04,-2175.93,321.2,0,0,-159.89,-132.18,47.03,38.88,483.36,399.59,750.44,620.4,-596.37,-493.02,92.83,76.74,-40.17,-33.21,0.0,0.0,-314.38,-259.9,552.09,456.42,-34.17,-28.25,179.64,148.51,-27.94,-23.1,339.86,280.97,286.86,237.15,-707.8,-585.14
892,638,3500.0,855.26,2.0,1.653418,-497.93,-995.87,-1186.94,-823.29,-981.25,-14.227,-2669.89,-2207.22,858.5,0,0,-514.31,-425.18,-578.48,-478.23,-68.79,-56.87,82.87,68.51,471.45,389.75,-248.78,-205.66,-29.2,-24.14,0.0,0.0,-336.54,-278.22,396.23,327.56,659.68,545.37,-428.08,-353.9,576.93,476.95,-99.96,-82.64,-403.72,-333.76,-475.18,-392.83
893,638,3500.0,855.26,2.0,1.653418,-1677.45,-3354.9,-3545.27,-2773.53,-2930.9,-47.927,-4727.66,-3908.4,911.0,0,0,314.35,259.88,436.87,361.17,88.58,73.23,-1027.13,-849.14,393.34,325.18,-749.91,-619.96,-218.1,-180.3,0.0,0.0,-519.4,-429.39,-1020.56,-843.7,-365.17,-301.89,-383.44,-317.0,-82.12,-67.89,-109.72,-90.71,-771.15,-637.51,658.64,544.51
894,638,3000.0,855.26,2.333333,1.653418,-856.38,-1998.22,-2220.88,-1415.95,-1573.74,-28.546,-5796.45,-4107.41,625.8,0,0,-202.45,-143.46,176.63,125.16,450.51,319.24,369.47,261.81,146.55,103.85,-234.12,-165.9,-726.6,-514.87,0.0,0.0,-594.33,-421.15,379.71,269.07,-618.25,-438.1,-550.46,-390.06,386.56,273.92,145.26,102.93,38.2,27.07,-1164.89,-825.45
895,638,3000.0,856.37,2.333333,1.651268,-813.43,-1898.01,-2120.71,-1343.2,-1500.8,-27.114,-4742.86,-3356.45,637.0,0,0,-406.5,-287.67,236.52,167.38,520.49,368.34,-106.01,-75.03,512.2,362.48,-160.6,-113.66,-77.51,-54.85,0.0,0.0,-1565.3,-1107.74,-362.75,-256.71,409.52,289.81,-61.49,-43.51,-18.36,-12.99,-563.5,-398.78,-146.03,-103.34,-108.69,-76.92
896,638,3000.0,855.26,2.333333,1.653418,-18.09,-42.21,-265.46,-29.91,-188.11,-0.603,-3880.5,-2749.75,899.7,0,0,47.41,33.59,750.12,531.54,-212.52,-150.59,-159.78,-113.22,193.07,136.81,-174.55,-123.69,-648.57,-459.58,0.0,0.0,-485.58,-344.09,1167.44,827.25,-386.92,-274.18,-503.57,-356.83,-118.6,-84.04,-415.75,-294.61,716.07,507.41,189.54,134.31
897,638,3000.0,855.26,2.333333,1.653418,608.3,1419.38,1195.69,1005.78,847.27,20.277,-3202.08,-2269.02,630.0,0,0,-558.93,-396.06,923.39,654.32,-296.37,-210.01,1347.53,954.87,-217.71,-154.27,-636.68,-451.15,104.72,74.21,0.0,0.0,-287.96,-204.05,-861.34,-610.35,-358.95,-254.35,-47.93,-33.96,401.45,284.47,911.34,645.78,712.84,505.12,283.98,201.23
898,638,3000.0,855.26,2.333333,1.653418,-1114.4,-2600.27,-2822.76,-1842.57,-2000.23,-37.147,-6490.54,-4599.25,634.3,0,0,50.41,35.72,893.3,633.0,436.33,309.19,144.67,102.51,552.56,391.55,30.81,21.83,-879.49,-623.22,0.0,0.0,-613.91,-435.02,-354.88,-251.47,-1068.14,-756.89,201.2,142.57,-391.21,-277.21,256.74,181.93,-1466.94,-1039.49,-391.72,-277.57
899,638,3500.0,855.26,2.0,1.653418,-46.89,-93.78,-285.13,-77.53,-235.72,-1.34,-2547.44,-2106.0,902.0,0,0,-484.74,-400.74,861.55,712.25,59.99,49.59,180.72,149.4,-57.75,-47.74,147.77,122.16,-404.55,-334.44,0.0,0.0,-252.64,-208.86,-410.24,-339.15,-216.59,-179.06,593.7,490.82,184.51,152.53,8.86,7.32,-402.42,-332.69,98.05,81.06
900,638,3500.0,855.26,2.0,1.653418,1337.23,2674.47,2482.29,2211.01,2052.13,38.207,-3131.78,-2589.07,601.3,0,0,163.51,135.18,374.44,309.55,-232.72,-192.39,388.49,321.17,332.44,274.83,-159.86,-132.16,776.79,642.18,0.0,0.0,-674.39,-557.52,452.43,374.02,1095.77,905.88,-523.74,-432.98,-92.42,-76.4,668.47,552.63,-374.12,-309.29,479.37,396.3
901,638,3000.0,855.26,2.333333,1.653418,-844.31,-1970.05,-2192.73,-1395.99,-1553.78,-28.144,-4279.46,-3032.46,634.0,0,0,206.33,146.2,671.9,476.11,338.9,240.15,306.92,217.49,-405.7,-287.48,-507.2,-359.4,-896.57,-635.32,0.0,0.0,-334.86,-237.29,332.86,235.87,-637.2,-451.52,-336.44,-238.41,-1248.78,-884.89,48.42,34.31,-314.33,-222.73,805.7,570.93
902,638,4000.0,855.26,1.75,1.653418,-485.06,-848.86,-1016.05,-802.01,-959.98,-12.127,-3180.98,-3005.42,494.5,0,0,-342.79,-323.87,388.56,367.12,-174.93,-165.28,-119.34,-112.75,75.02,70.88,49.1,46.39,98.68,93.23,0.0,0.0,-831.42,-785.53,-451.86,-426.92,-539.69,-509.9,473.89,447.74,443.82,419.33,163.16,154.16,325.39,307.44,-406.47,-384.04
903,638,3500.0,855.26,2.0,1.653418,-342.74,-685.49,-876.65,-566.7,-724.74,-9.793,-4095.16,-3385.5,832.0,0,0,100.26,82.89,229.58,189.79,-248.01,-205.03,-28.46,-23.53,49.06,40.56,85.41,70.61,128.38,106.13,0.0,0.0,-636.71,-526.37,489.47,404.65,937.13,774.74,-152.14,-125.78,-820.68,-678.47,-389.41,-321.93,-137.01,-113.26,-292.36,-241.7
904,638,3000.0,855.26,2.333333,1.653418,-526.64,-1228.83,-1451.73,-870.76,-1028.7,-17.555,-3115.36,-2207.56,630.8,0,0,-150.73,-106.81,137.83,97.67,154.03,109.14,-568.03,-402.51,-517.44,-366.67,-31.35,-22.22,-564.31,-399.87,0.0,0.0,280.53,198.79,-152.49,-108.06,984.04,697.3,-420.85,-298.22,-309.49,-219.31,-40.71,-28.85,-74.8,-53.0,44.95,31.86
905,638,4000.0,855.26,1.75,1.653418,-1406.89,-2462.07,-2628.78,-2326.19,-2483.7,-35.172,-3078.79,-2908.87,879.8,0,0,-543.42,-513.43,41.06,38.79,19.53,18.45,-714.89,-675.43,145.2,137.19,349.83,330.52,3.82,3.6,0.0,0.0,-125.46,-118.53,-61.52,-58.12,30.99,29.28,-106.21,-100.35,-1002.38,-947.06,-626.6,-592.02,19.71,18.62,108.27,102.3
906,638,3000.0,856.37,2.333333,1.651268,-726.56,-1695.3,-1918.06,-1199.74,-1357.39,-24.219,-3809.76,-2696.11,632.2,0,0,-1704.32,-1206.13,179.27,126.87,147.98,104.72,192.28,136.08,-176.96,-125.23,-765.34,-541.62,97.55,69.03,0.0,0.0,-591.65,-418.7,551.77,390.48,859.31,608.12,182.52,129.17,-164.78,-116.61,577.15,408.44,314.79,222.77,-1394.87,-987.13
907,638,3000.0,855.26,2.333333,1.653418,606.64,1415.49,1191.8,1003.03,844.52,20.221,-3870.31,-2742.53,633.5,0,0,-669.63,-474.51,108.75,77.06,-152.88,-108.33,-309.2,-219.1,-453.91,-321.64,626.99,444.29,-783.21,-554.99,0.0,0.0,-308.85,-218.85,811.8,575.25,641.32,454.45,-17.49,-12.4,1016.28,720.14,-30.19,-21.39,1481.43,1049.75,-545.71,-386.7
908,638,4000.0,855.26,1.75,1.653418,-1647.29,-2882.76,-3049.34,-2723.66,-2881.05,-41.182,-4798.71,-4533.87,626.7,0,0,-46.47,-43.91,301.6,284.95,99.65,94.15,-690.52,-652.41,162.13,153.18,-577.96,-546.06,-321.62,-303.87,0.0,0.0,-83.74,-79.12,395.43,373.61,323.72,305.85,-281.5,-265.97,-562.33,-531.3,-59.35,-56.08,-1349.1,-1274.64,-192.68,-182.05
909,638,3000.0,856.37,2.333333,1.651268,-1289.7,-3009.3,-3231.66,-2129.64,-2287.0,-42.99,-6545.55,-4632.2,630.0,0,0,-510.62,-361.36,277.09,196.09,459.75,325.36,28.13,19.91,293.05,207.39,-1037.88,-734.49,-807.61,-571.53,0.0,0.0,-1492.66,-1056.33,-157.7,-111.6,172.34,121.96,-207.73,-147.01,96.32,68.17,-279.08,-197.5,-941.12,-666.02,1098.42,777.34
910,638,3000.0,855.26,2.333333,1.653418,43.45,101.39,-121.91,71.84,-86.39,1.448,-2543.26,-1802.17,328.2,0,0,86.56,61.34,585.79,415.1,75.29,53.35,840.93,595.89,-477.68,-338.49,-1538.58,-1090.25,254.38,180.26,0.0,0.0,112.91,80.01,-185.24,-131.26,709.51,502.76,-36.81,-26.08,-543.65,-385.24,374.64,265.48,-201.28,-142.63,44.61,31.61
911,638,3500.0,855.26,2.0,1.653418,1896.37,3792.73,3600.22,3135.48,2976.34,54.182,-2161.28,-1786.75,338.7,0,0,-42.07,-34.78,467.57,386.54,35.79,29.59,46.71,38.62,539.05,445.64,1277.29,1055.94,164.97,136.38,0.0,0.0,279.02,230.67,107.6,88.96,488.04,403.47,-89.14,-73.69,-527.66,-436.22,213.61,176.59,543.08,448.97,288.86,238.81
912,638,3500.0,855.26,2.0,1.653418,-366.46,-732.93,-924.08,-605.92,-763.95,-10.47,-3862.46,-3193.13,631.3,0,0,-281.82,-232.98,-179.86,-148.69,392.34,324.35,485.59,401.44,53.01,43.82,-752.18,-621.84,287.45,237.63,0.0,0.0,318.63,263.42,203.07,167.88,-253.57,-209.63,-298.32,-246.63,-32.9,-27.2,-245.24,-202.74,-107.25,-88.66,-321.87,-266.1
913,638,3500.0,855.26,2.0,1.653418,-989.67,-1979.34,-2170.11,-1636.33,-1794.05,-28.276,-2886.59,-2386.37,590.0,0,0,-48.57,-40.15,32.67,27.0,-459.28,-379.69,-802.08,-663.09,362.84,299.96,148.78,123.0,166.7,137.81,0.0,0.0,-541.92,-448.01,137.62,113.77,-400.73,-331.28,-557.94,-461.26,267.62,221.25,125.54,103.79,-25.82,-21.35,-384.76,-318.09
914,638,3500.0,855.26,2.0,1.653418,-1075.37,-2150.74,-2341.47,-1778.04,-1935.71,-30.725,-5077.65,-4197.74,825.3,0,0,-654.64,-541.2,441.75,365.2,218.47,180.61,-127.59,-105.48,-431.31,-356.56,261.58,216.25,-219.34,-181.33,0.0,0.0,-174.83,-144.53,-290.06,-239.8,-851.43,-703.89,220.21,182.05,211.54,174.88,-340.92,-281.84,-59.18,-48.92,-355.0,-293.49
915,638,3500.0,855.26,2.0,1.653418,-1299.97,-2599.94,-2790.53,-2149.39,-2306.96,-37.142,-5183.02,-4284.85,588.5,0,0,-115.01,-95.08,459.43,379.82,41.66,34.44,248.53,205.46,-469.7,-388.3,-612.4,-506.28,-684.67,-566.03,0.0,0.0,-411.88,-340.5,291.37,240.87,-569.42,-470.75,-226.23,-187.03,362.83,299.96,30.84,25.49,-53.3,-44.06,-891.98,-737.41
916,638,3500.0,855.26,2.0,1.653418,-169.49,-338.98,-530.25,-280.24,-438.36,-4.843,-3261.56,-2696.36,637.3,0,0,-858.81,-709.99,39.18,32.39,-95.09,-78.61,1366.55,1129.74,371.58,307.19,250.38,206.99,-205.9,-170.22,0.0,0.0,-284.4,-235.11,0.47,0.39,685.04,566.33,-109.52,-90.54,-814.2,-673.11,-467.32,-386.33,-195.52,-161.64,-21.43,-17.72
917,638,3000.0,856.37,2.333333,1.651268,430.63,1004.8,781.24,711.09,552.87,14.354,-2660.63,-1882.89,346.3,0,0,492.93,348.84,-118.15,-83.61,66.83,47.3,1264.12,894.6,276.5,195.67,1022.12,723.34,88.69,62.77,0.0,0.0,7.79,5.51,-326.38,-230.97,223.49,158.16,-1020.04,-721.87,-72.93,-51.61,-558.0,-394.89,194.07,137.34,-536.24,-379.49
918,638,3000.0,855.26,2.333333,1.653418,360.2,840.47,616.95,595.56,437.17,12.007,-2973.77,-2107.24,475.7,0,0,57.98,41.09,-432.83,-306.71,-363.92,-257.88,284.75,201.77,631.19,447.27,296.38,210.02,-110.7,-78.45,0.0,0.0,216.6,153.49,-803.06,-569.06,-362.61,-256.95,351.04,248.75,-172.85,-122.48,1047.16,742.02,310.12,219.76,-108.77,-77.08
919,638,3000.0,855.26,2.333333,1.653418,864.31,2016.72,1792.84,1429.06,1270.42,28.81,-4028.5,-2854.62,589.0,0,0,90.96,64.45,343.65,243.51,53.03,37.58,-45.49,-32.23,-53.15,-37.66,-165.12,-117.01,-330.65,-234.3,0.0,0.0,364.49,258.28,-86.55,-61.33,1034.22,732.86,273.18,193.58,1048.51,742.98,85.97,60.92,-136.89,-97.0,-459.46,-325.58
920,638,3500.0,855.26,2.0,1.653418,546.47,1092.95,901.25,903.55,745.07,15.614,-3057.38,-2527.56,405.3,0,0,616.84,509.95,217.81,180.07,304.95,252.11,139.73,115.52,-4.29,-3.55,-148.96,-123.14,-461.3,-381.36,0.0,0.0,339.72,280.85,-497.47,-411.26,-70.23,-58.06,-76.71,-63.42,933.07,771.38,-442.75,-366.03,308.78,255.27,-66.24,-54.76
921,638,3000.0,855.26,2.333333,1.653418,555.29,1295.67,1072.01,918.12,759.64,18.51,-2687.33,-1904.26,405.8,0,0,-704.99,-499.56,287.76,203.91,-81.3,-57.61,-246.69,-174.8,221.93,157.26,-478.07,-338.76,-493.25,-349.52,0.0,0.0,-282.43,-200.13,771.81,546.91,324.82,230.17,-6.48,-4.59,144.35,102.29,916.03,649.1,264.81,187.65,657.37,465.82
922,638,3000.0,855.26,2.333333,1.653418,-1649.92,-3849.82,-4071.93,-2728.01,-2885.4,-54.997,-6199.33,-4392.89,621.5,0,0,-104.58,-74.11,256.36,181.66,243.05,172.23,-219.48,-155.52,-727.67,-515.63,38.33,27.16,-243.84,-172.79,0.0,0.0,-774.14,-548.56,-579.07,-410.33,-354.71,-251.35,554.93,393.22,-714.77,-506.49,324.27,229.78,-870.82,-617.07,-677.67,-480.2
923,638,3500.0,855.26,2.0,1.653418,-1085.56,-2171.12,-2361.84,-1794.89,-1952.56,-31.016,-4099.71,-3389.27,635.0,0,0,-542.99,-448.89,-111.5,-92.18,-122.94,-101.64,286.91,237.19,161.24,133.3,179.42,148.33,-168.35,-139.18,0.0,0.0,-316.15,-261.37,279.15,230.78,-393.83,-325.58,-353.16,-291.96,-588.76,-486.73,52.9,43.73,-233.34,-192.9,-299.72,-247.78
924,638,3500.0,855.26,2.0,1.653418,685.15,1370.31,1178.53,1132.85,974.3,19.576,-3696.7,-3056.1,590.3,0,0,76.51,63.25,197.8,163.52,425.84,352.04,1360.14,1124.44,-130.13,-107.58,-826.01,-682.87,1251.04,1034.25,0.0,0.0,-814.08,-673.01,150.54,124.45,753.41,622.85,-334.48,-276.51,-508.21,-420.14,-3.01,-2.49,-595.63,-492.41,366.58,303.06
925,638,3500.0,855.26,2.0,1.653418,-1484.08,-2968.17,-3158.65,-2453.81,-2611.28,-42.402,-3662.93,-3028.17,971.7,0,0,-1202.81,-994.37,93.85,77.59,416.76,344.54,84.85,70.15,-359.76,-297.42,-1043.92,-863.02,122.2,101.02,0.0,0.0,-191.95,-158.69,204.34,168.93,-490.77,-405.72,-923.66,-763.6,-199.55,-164.97,98.58,81.49,280.95,232.27,142.71,117.98
926,638,3500.0,855.26,2.0,1.653418,-1274.87,-2549.74,-2740.35,-2107.89,-2265.47,-36.425,-4772.41,-3945.39,900.0,0,0,-356.04,-294.34,558.65,461.84,-520.44,-430.25,-470.52,-388.98,180.43,149.16,-763.86,-631.49,-546.38,-451.7,0.0,0.0,-831.91,-687.75,-56.64,-46.83,-10.85,-8.97,-286.22,-236.62,385.96,319.08,559.83,462.81,-939.93,-777.05,548.18,453.19
927,638,3000.0,855.26,2.333333,1.653418,26.16,61.03,-162.25,43.25,-114.97,0.872,-6186.55,-4383.83,633.5,0,0,-309.22,-219.12,829.03,587.46,233.46,165.43,118.51,83.98,349.87,247.92,-838.05,-593.85,-533.05,-377.72,0.0,0.0,665.98,471.92,-501.78,-355.57,-644.06,-456.39,-563.65,-399.41,1352.91,958.68,-298.57,-211.57,486.8,344.95,-287.14,-203.47
928,638,3500.0,855.26,2.0,1.653418,18.33,36.66,-154.73,30.3,-127.91,0.524,-3823.66,-3161.05,635.8,0,0,-65.91,-54.49,-19.92,-16.47,346.46,286.42,917.12,758.19,94.42,78.06,-563.3,-465.68,184.4,152.45,0.0,0.0,-454.71,-375.91,193.38,159.86,-19.32,-15.97,-417.33,-345.01,-178.74,-147.76,-151.65,-125.37,-1011.16,-835.93,1182.92,977.93
929,638,3000.0,855.26,2.333333,1.653418,877.76,2048.1,1824.22,1451.3,1292.65,29.259,-3589.08,-2543.25,623.0,0,0,-317.26,-224.81,272.01,192.75,-161.49,-114.43,-11.13,-7.89,679.87,481.76,868.14,615.17,-551.28,-390.64,0.0,0.0,-240.79,-170.63,-448.47,-317.79,1392.4,986.66,-272.47,-193.08,458.79,325.1,614.59,435.5,-318.45,-225.65,83.65,59.28
930,638,3000.0,856.37,2.333333,1.651268,-1884.96,-4398.23,-4620.18,-3112.57,-3269.64,-62.832,-5261.59,-3723.56,908.8,0,0,-727.89,-515.12,437.98,309.95,-415.94,-294.36,126.16,89.28,-112.46,-79.58,-164.88,-116.69,-424.17,-300.18,0.0,0.0,-393.15,-278.23,266.03,188.27,-553.28,-391.55,-1227.57,-868.73,-390.44,-276.31,40.78,28.86,-1029.89,-728.84,170.5,120.66
931,638,3500.0,855.26,2.0,1.653418,-1068.82,-2137.63,-2328.36,-1767.2,-1924.88,-30.538,-3509.96,-2901.72,329.7,0,0,-93.73,-77.49,185.34,153.22,61.87,51.15,-380.58,-314.63,43.26,35.76,-210.78,-174.26,-412.98,-341.41,0.0,0.0,-314.73,-260.19,656.46,542.7,239.6,198.08,-380.54,-314.59,-319.75,-264.34,64.31,53.17,-593.18,-490.39,-682.2,-563.98
932,638,3000.0,855.26,2.333333,1.653418,-707.27,-1650.3,-1873.07,-1169.42,-1327.27,-23.576,-3871.1,-2743.09,634.3,0,0,474.0,335.88,467.57,331.32,133.55,94.64,-348.35,-246.84,-172.98,-122.57,-850.42,-602.61,-826.3,-585.52,0.0,0.0,-239.22,-169.52,-447.53,-317.12,145.17,102.87,-176.42,-125.01,-420.26,-297.8,-429.62,-304.43,-362.12,-256.6,1402.63,993.91
933,638,3500.0,855.26,2.0,1.653418,-2839.81,-5679.62,-5869.28,-4695.39,-4852.19,-81.137,-7151.69,-5912.37,900.0,0,0,-1263.95,-1044.92,321.94,266.15,118.6,98.04,-566.08,-467.98,-484.15,-400.25,-699.79,-578.52,-296.25,-244.91,0.0,0.0,-625.81,-517.37,-803.95,-664.63,-745.76,-616.53,-463.62,-383.28,34.61,28.61,373.75,308.98,-187.62,-155.11,-391.52,-323.68
934,638,3000.0,855.26,2.333333,1.653418,-2454.66,-5727.55,-5949.09,-4058.58,-4215.57,-81.822,-7440.91,-5272.69,601.3,0,0,-325.59,-230.71,-224.79,-159.29,32.28,22.87,-227.2,-160.99,393.36,278.74,-1019.41,-722.36,23.43,16.6,0.0,0.0,-278.68,-197.47,-285.94,-202.62,-541.09,-383.42,-779.53,-552.38,-1014.12,-718.62,-991.56,-702.63,-792.32,-561.44,303.61,215.14
935,638,3500.0,856.37,2.0,1.651268,-204.72,-409.45,-600.7,-338.06,-495.96,-5.849,-4723.9,-3900.21,588.7,0,0,-560.39,-462.68,-137.11,-113.2,-43.34,-35.78,53.25,43.96,-39.99,-33.02,-612.22,-505.47,-5.8,-4.79,0.0,0.0,-1407.71,-1162.25,-66.68,-55.06,-474.72,-391.95,200.15,165.25,1344.8,1110.31,339.97,280.69,-569.96,-470.58,1570.31,1296.5
936,638,3500.0,855.26,2.0,1.653418,-1916.75,-3833.5,-4023.73,-3169.19,-3326.45,-54.764,-4345.55,-3592.51,910.2,0,0,35.15,29.06,73.06,60.4,-309.72,-256.05,-31.4,-25.96,-353.23,-292.02,-868.42,-717.93,-309.32,-255.72,0.0,0.0,-458.85,-379.34,-471.65,-389.92,61.13,50.53,-310.36,-256.58,-478.97,-395.97,83.72,69.21,-251.52,-207.93,-243.12,-200.99
937,638,4000.0,855.26,1.75,1.653418,-569.46,-996.55,-1163.7,-941.55,-1099.48,-14.236,-3435.61,-3246.0,634.5,0,0,445.64,421.05,54.98,51.95,-108.14,-102.17,-1230.74,-1162.82,-61.61,-58.21,188.91,178.49,-573.4,-541.76,0.0,0.0,82.74,78.18,18.74,17.71,-391.46,-369.86,-426.78,-403.23,193.27,182.6,162.59,153.61,325.99,308.0,322.71,304.9
938,638,3000.0,855.26,2.333333,1.653418,-1513.24,-3530.89,-3753.1,-2502.02,-2659.48,-50.441,-6811.48,-4826.67,588.2,0,0,-312.61,-221.52,487.25,345.27,28.14,19.94,689.31,488.45,-98.83,-70.04,-299.93,-212.53,-452.61,-320.73,0.0,0.0,-1472.46,-1043.4,-683.36,-484.23,907.56,643.1,-981.15,-695.25,-479.88,-340.05,-328.97,-233.11,-195.05,-138.21,-338.3,-239.72
939,638,3000.0,855.26,2.333333,1.653418,-1193.58,-2785.02,-3007.46,-1973.49,-2131.11,-39.786,-5897.31,-4178.88,624.7,0,0,-580.15,-411.1,667.79,473.2,147.48,104.5,504.93,357.79,455.17,322.53,-945.4,-669.92,-97.23,-68.9,0.0,0.0,-1166.16,-826.35,-499.64,-354.05,-497.34,-352.42,62.56,44.33,-364.13,-258.03,188.12,133.3,316.3,224.13,-977.32,-692.53
940,638,3500.0,856.37,2.0,1.651268,-435.24,-870.47,-1061.58,-718.69,-876.48,-12.435,-4090.22,-3377.02,884.2,0,0,-562.37,-464.31,-173.48,-143.23,270.67,223.48,-127.65,-105.39,-76.35,-63.04,654.07,540.02,-43.48,-35.9,0.0,0.0,-236.16,-194.98,-337.62,-278.75,-406.65,-335.75,3.18,2.62,369.99,305.48,404.29,333.79,-560.89,-463.09,-48.01,-39.64
941,638,3500.0,855.26,2.0,1.653418,552.57,1105.15,913.44,913.63,755.15,15.788,-1796.12,-1484.87,339.5,0,0,-760.37,-628.61,599.52,495.63,358.76,296.59,150.83,124.7,-102.73,-84.93,870.38,719.55,335.35,277.23,0.0,0.0,-545.53,-450.99,101.34,83.78,-11.43,-9.45,-178.14,-147.27,122.05,100.9,-223.87,-185.08,206.1,170.38,182.88,151.19
942,638,3500.0,856.37,2.0,1.651268,-1289.34,-2578.68,-2769.27,-2129.04,-2286.41,-36.838,-5001.91,-4129.74,635.0,0,0,-957.61,-790.64,-60.54,-49.99,538.92,444.95,-456.94,-377.27,-305.66,-252.36,541.7,447.24,-140.76,-116.21,0.0,0.0,-1306.32,-1078.55,-1024.78,-846.09,418.87,345.83,-490.33,-404.84,370.97,306.28,-328.75,-271.43,-192.12,-158.62,814.69,672.63
943,638,3500.0,856.37,2.0,1.651268,372.19,744.39,552.79,614.59,456.4,10.634,-2324.89,-1919.51,590.0,0,0,-182.31,-150.52,246.42,203.45,219.74,181.42,729.34,602.17,-184.01,-151.92,-36.29,-29.97,611.31,504.72,0.0,0.0,-1043.84,-861.83,-276.99,-228.69,253.15,209.01,-92.95,-76.75,346.94,286.44,382.53,315.83,-663.26,-547.61,434.6,358.82
944,638,3500.0,855.26,2.0,1.653418,1115.97,2231.94,2039.9,1845.17,1686.4,31.885,-2200.45,-1819.13,576.3,0,0,304.04,251.35,612.68,506.51,404.36,334.29,632.87,523.2,-306.88,-253.7,-369.17,-305.2,438.55,362.55,0.0,0.0,-371.41,-307.05,-236.51,-195.52,192.92,159.49,397.96,329.0,187.37,154.9,110.38,91.25,-379.9,-314.07,614.68,508.17
945,638,3500.0,855.26,2.0,1.653418,-739.93,-1479.87,-1670.79,-1223.42,-1381.26,-21.141,-4992.51,-4127.36,633.8,0,0,-1001.2,-827.7,273.92,226.45,69.65,57.58,-813.64,-672.64,-449.3,-371.44,-22.42,-18.54,169.08,139.78,0.0,0.0,-25.14,-20.78,331.96,274.43,767.73,634.69,-462.02,-381.96,615.92,509.18,-959.73,-793.42,-309.15,-255.58,334.48,276.52
946,638,3000.0,855.26,2.333333,1.653418,-800.71,-1868.31,-2091.02,-1323.9,-1481.71,-26.69,-4094.09,-2901.11,634.5,0,0,544.1,385.55,415.35,294.32,-288.73,-204.6,175.45,124.32,178.44,126.44,-390.82,-276.94,-276.29,-195.78,0.0,0.0,-35.87,-25.42,-126.7,-89.78,-578.72,-410.08,-72.75,-51.55,-606.75,-429.95,791.85,561.11,-1358.58,-962.7,-238.3,-168.86
947,638,3000.0,855.26,2.333333,1.653418,-781.13,-1822.64,-2045.36,-1291.54,-1449.36,-26.038,-3981.84,-2821.56,346.8,0,0,-376.23,-266.6,697.03,493.92,201.33,142.67,69.2,49.04,-52.37,-37.11,-332.69,-235.75,-1.82,-1.29,0.0,0.0,-518.82,-367.64,-894.98,-634.19,238.65,169.11,-296.52,-210.12,171.2,121.31,334.71,237.18,-893.7,-633.28,-167.63,-118.78
948,638,3000.0,855.26,2.333333,1.653418,424.37,990.19,766.63,701.66,543.24,14.146,-3237.74,-2294.29,351.5,0,0,-1114.71,-789.9,172.94,122.55,396.34,280.85,57.32,40.62,-392.0,-277.77,-571.58,-405.03,-10.05,-7.12,0.0,0.0,849.16,601.72,-520.42,-368.77,276.37,195.84,1097.84,777.94,170.55,120.86,516.99,366.34,-271.87,-192.65,333.3,236.18
949,638,3000.0,855.26,2.333333,1.653418,-555.41,-1295.95,-1518.83,-918.32,-1076.26,-18.514,-4662.58,-3303.94,634.5,0,0,-635.29,-450.17,236.65,167.69,158.08,112.02,-750.64,-531.91,-126.82,-89.86,999.27,708.09,-319.37,-226.31,0.0,0.0,329.82,233.71,557.26,394.88,187.48,132.85,-1156.92,-819.8,-530.88,-376.19,791.78,561.06,-836.81,-592.97,-199.58,-141.43
950,638,4000.0,855.26,1.75,1.653418,-156.35,-273.62,-440.99,-258.52,-416.65,-3.909,-2538.71,-2398.6,603.8,0,0,-176.03,-166.31,51.33,48.5,-339.26,-320.53,677.74,640.34,277.94,262.6,-505.7,-477.79,-82.05,-77.53,0.0,0.0,-195.0,-184.24,1146.73,1083.44,-580.34,-548.31,-577.43,-545.56,26.03,24.59,134.25,126.84,347.93,328.73,-479.76,-453.28
951,638,3000.0,855.26,2.333333,1.653418,521.56,1216.97,993.33,862.35,703.88,17.385,-3032.98,-2149.19,350.7,0,0,89.42,63.36,-313.23,-221.95,253.17,179.39,-583.91,-413.76,73.41,52.02,-430.17,-304.82,-1027.7,-728.24,0.0,0.0,447.47,317.08,783.54,555.22,737.56,522.64,-268.52,-190.28,-590.89,-418.71,197.68,140.08,-728.76,-516.4,2577.89,1826.71
952,638,3000.0,855.26,2.333333,1.653418,-1348.87,-3147.36,-3369.69,-2230.25,-2387.79,-44.962,-5190.96,-3678.35,631.8,0,0,-232.81,-164.97,51.19,36.28,240.24,170.24,428.05,303.32,341.68,242.12,-619.22,-438.79,-394.15,-279.3,0.0,0.0,-512.83,-363.39,-14.6,-10.34,-917.98,-650.49,-816.87,-578.84,-355.1,-251.62,-77.73,-55.08,235.49,166.87,-502.74,-356.25
953,638,3000.0,855.26,2.333333,1.653418,-89.25,-208.24,-431.45,-147.56,-305.73,-2.975,-3593.14,-2546.13,825.3,0,0,-997.82,-707.06,623.47,441.8,293.21,207.77,-357.67,-253.45,101.25,71.75,-163.69,-115.99,-352.94,-250.09,0.0,0.0,321.55,227.85,-394.56,-279.59,591.91,419.43,347.04,245.92,515.74,365.46,-79.51,-56.34,-78.5,-55.63,-577.72,-409.38
954,638,3000.0,855.26,2.333333,1.653418,-1010.27,-2357.3,-2579.86,-1670.4,-1828.11,-33.676,-5505.88,-3901.51,645.3,0,0,-975.68,-691.38,973.05,689.51,244.97,173.58,641.99,454.92,-200.01,-141.73,-1347.83,-955.08,258.87,183.44,0.0,0.0,-879.92,-623.52,-382.23,-270.85,607.21,430.27,-214.37,-151.9,-479.95,-340.1,318.19,225.47,-1260.66,-893.31,339.07,240.27
955,638,3500.0,855.26,2.0,1.653418,-1875.84,-3751.69,-3941.94,-3101.56,-3258.83,-53.596,-4227.83,-3495.19,971.7,0,0,-285.49,-236.02,85.43,70.62,182.37,150.76,-146.37,-121.0,565.66,467.64,-881.18,-728.48,305.09,252.22,0.0,0.0,-1279.3,-1057.61,175.76,145.3,-266.77,-220.54,-260.82,-215.63,-933.14,-771.43,-817.63,-675.94,-488.42,-403.78,293.14,242.34
956,638,3500.0,856.37,2.0,1.651268,-450.72,-901.45,-1092.55,-744.27,-902.05,-12.878,-4634.1,-3826.07,327.5,0,0,198.44,163.84,385.49,318.27,212.89,175.77,83.99,69.35,-272.74,-225.19,-128.6,-106.18,-324.04,-267.54,0.0,0.0,-937.8,-774.28,-174.43,-144.01,120.52,99.51,-866.05,-715.04,55.94,46.19,776.37,641.0,-774.01,-639.05,742.58,613.1
957,638,4000.0,855.26,1.75,1.653418,-1167.85,-2043.73,-2210.57,-1930.94,-2088.57,-29.196,-3296.22,-3114.3,902.0,0,0,-85.31,-80.6,-16.21,-15.32,13.19,12.46,-187.82,-177.46,277.44,262.12,704.0,665.15,346.8,327.66,0.0,0.0,-996.59,-941.59,472.72,446.63,-459.33,-433.98,-395.9,-374.05,-875.53,-827.21,137.58,129.99,-625.01,-590.52,-353.76,-334.24
958,638,3500.0,855.26,2.0,1.653418,-1545.92,-3091.83,-3282.27,-2556.04,-2713.49,-44.169,-4981.76,-4118.46,887.5,0,0,147.3,121.78,-338.97,-280.23,88.99,73.57,-594.94,-491.84,3.1,2.57,-1109.81,-917.49,-428.39,-354.15,0.0,0.0,-773.47,-639.44,-10.73,-8.87,470.8,389.21,-677.05,-559.72,289.17,239.06,-402.78,-332.98,407.17,336.61,-162.23,-134.11
959,638,4000.0,855.26,1.75,1.653418,224.27,392.48,224.91,370.82,212.5,5.607,-2302.36,-2175.29,574.2,0,0,-106.16,-100.3,-29.73,-28.09,-219.83,-207.7,612.65,578.84,-37.2,-35.15,993.8,938.96,-236.82,-223.75,0.0,0.0,-351.39,-332.0,375.13,354.42,-657.33,-621.05,875.54,827.22,-215.25,-203.37,258.43,244.17,-932.11,-880.67,62.75,59.29
960,638,3000.0,855.26,2.333333,1.653418,-144.11,-336.26,-559.43,-238.28,-396.42,-4.804,-4601.08,-3260.36,327.5,0,0,-1088.83,-771.55,529.35,375.1,130.91,92.76,567.4,402.07,-364.82,-258.51,92.9,65.83,30.11,21.33,0.0,0.0,-1137.79,-806.25,500.2,354.44,53.01,37.56,-540.77,-383.19,-221.5,-156.96,271.04,192.06,1105.61,783.44,-263.07,-186.42
961,638,3000.0,856.37,2.333333,1.651268,180.7,421.64,198.25,298.39,140.3,6.023,-3580.88,-2534.14,634.2,0,0,22.42,15.86,516.76,365.7,-49.63,-35.13,8.29,5.86,108.4,76.71,-342.96,-242.71,1234.34,873.52,0.0,0.0,-132.91,-94.06,248.91,176.15,365.6,258.73,-229.22,-162.22,451.85,319.77,-460.29,-325.74,-1231.75,-871.7,-88.14,-62.38
962,638,3500.0,855.26,2.0,1.653418,-8.62,-17.23,-208.6,-14.24,-172.45,-0.246,-3919.93,-3240.64,601.3,0,0,32.97,27.26,342.47,283.12,399.62,330.37,1569.54,1297.56,-892.39,-737.75,-286.49,-236.84,-348.64,-288.22,0.0,0.0,395.0,326.55,128.96,106.61,615.92,509.18,-530.71,-438.74,-419.67,-346.94,-289.76,-239.55,-1135.91,-939.07,401.88,332.24
963,638,3500.0,855.26,2.0,1.653418,322.09,644.18,452.62,532.55,374.18,9.203,-2720.47,-2249.04,566.0,0,0,545.78,451.2,616.82,509.93,377.89,312.4,-1218.04,-1006.96,-45.92,-37.96,-128.39,-106.14,-40.62,-33.58,0.0,0.0,773.28,639.28,-360.0,-297.61,-416.49,-344.32,233.9,193.37,-73.37,-60.66,264.7,218.83,-421.11,-348.13,535.75,442.91
964,638,3000.0,855.26,2.333333,1.653418,-1110.97,-2592.25,-2814.74,-1836.89,-1994.55,-37.032,-5604.34,-3971.28,650.0,0,0,62.27,44.12,930.0,659.0,168.96,119.73,24.38,17.27,3.32,2.35,-698.65,-495.07,-926.49,-656.52,0.0,0.0,-4.29,-3.04,-222.07,-157.36,-409.89,-290.45,86.42,61.24,-244.43,-173.2,-410.46,-290.85,-613.88,-435.0,-337.44,-239.12
965,638,3500.0,855.26,2.0,1.653418,-1206.87,-2413.75,-2604.39,-1995.47,-2153.08,-34.482,-4663.05,-3854.99,644.8,0,0,-21.0,-17.36,244.07,201.78,-110.68,-91.5,-606.24,-501.18,347.61,287.37,-767.54,-634.53,-212.15,-175.39,0.0,0.0,-407.52,-336.9,326.81,270.17,-270.32,-223.47,333.91,276.05,-315.08,-260.48,-268.85,-222.26,-500.76,-413.98,-186.0,-153.77
966,638,3500.0,855.26,2.0,1.653418,-756.85,-1513.69,-1704.61,-1251.38,-1409.22,-21.624,-4322.2,-3573.2,577.2,0,0,-345.5,-285.63,422.58,349.35,121.46,100.41,-414.04,-342.29,-98.72,-81.61,-263.59,-217.91,-671.09,-554.79,0.0,0.0,-150.18,-124.15,-451.19,-373.0,-291.93,-241.34,123.82,102.37,-235.48,-194.67,-215.52,-178.18,594.41,491.4,361.28,298.67
967,638,3500.0,855.26,2.0,1.653418,808.52,1617.03,1425.18,1336.82,1178.21,23.1,-1989.05,-1644.36,381.8,0,0,-22.59,-18.68,11.71,9.68,281.0,232.31,428.41,354.17,333.14,275.41,244.68,202.28,-161.63,-133.62,0.0,0.0,-808.32,-668.24,232.87,192.51,1246.17,1030.22,182.09,150.53,286.58,236.92,81.33,67.24,-760.5,-628.71,42.1,34.8
968,638,3000.0,855.26,2.333333,1.653418,-1635.98,-3817.28,-4039.4,-2704.96,-2862.35,-54.533,-7015.71,-4971.39,908.8,0,0,-1128.07,-799.36,399.54,283.12,-305.37,-216.38,124.94,88.54,-37.21,-26.37,12.53,8.88,-165.39,-117.2,0.0,0.0,-410.49,-290.87,-1197.63,-848.65,257.75,182.64,-946.99,-671.04,861.13,610.2,-737.98,-522.94,-930.5,-659.36,386.45,273.84
969,638,3500.0,855.26,2.0,1.653418,-1357.29,-2714.58,-2905.14,-2244.17,-2401.71,-38.78,-3564.78,-2947.04,328.2,0,0,-583.26,-482.19,750.96,620.83,47.34,39.14,-757.33,-626.09,230.57,190.61,-715.31,-591.35,-612.45,-506.32,0.0,0.0,494.22,408.58,68.91,56.97,-377.69,-312.24,-89.85,-74.28,70.04,57.9,-190.23,-157.27,-941.14,-778.05,-109.37,-90.42
970,638,3500.0,855.26,2.0,1.653418,622.93,1245.85,1054.11,1029.96,871.44,17.798,-2862.74,-2366.65,644.8,0,0,-134.15,-110.9,151.56,125.3,205.56,169.94,1226.9,1014.29,-186.41,-154.1,1529.59,1264.52,-45.0,-37.2,0.0,0.0,-298.03,-246.38,-251.18,-207.65,780.68,645.39,156.85,129.67,-386.7,-319.69,-788.31,-651.7,-662.76,-547.91,-52.75,-43.61
971,638,3500.0,855.26,2.0,1.653418,83.06,166.12,-25.3,137.33,-20.92,2.373,-3601.16,-2977.11,633.5,0,0,195.55,161.66,468.1,386.98,-83.66,-69.16,-324.18,-268.0,-369.43,-305.41,-850.95,-703.49,-76.42,-63.18,0.0,0.0,7.78,6.43,201.63,166.69,437.43,361.63,-121.96,-100.82,-445.98,-368.7,-17.09,-14.13,493.7,408.15,651.6,538.68
972,638,3000.0,855.26,2.333333,1.653418,-1200.0,-2800.01,-3022.43,-1984.11,-2141.72,-40.0,-5193.42,-3680.1,908.8,0,0,-658.7,-466.76,559.08,396.17,231.11,163.77,-334.67,-237.15,441.79,313.06,-1386.42,-982.43,-593.13,-420.3,0.0,0.0,-689.37,-488.49,-31.79,-22.53,-648.31,-459.39,-158.04,-111.99,455.11,322.5,410.44,290.84,-221.13,-156.69,-175.98,-124.7
973,638,3000.0,855.26,2.333333,1.653418,-1669.35,-3895.15,-4117.24,-2760.13,-2917.51,-55.645,-5935.78,-4206.14,814.3,0,0,296.43,210.06,-37.05,-26.25,-155.54,-110.22,300.4,212.87,-248.16,-175.85,-700.01,-496.03,-156.13,-110.63,0.0,0.0,-1308.87,-927.48,-195.49,-138.52,-785.31,-556.48,-347.71,-246.39,456.68,323.61,-707.91,-501.63,225.29,159.64,-531.77,-376.82
974,638,4000.0,855.26,1.75,1.653418,385.42,674.49,506.83,637.26,478.86,9.636,-2535.64,-2395.7,474.2,0,0,-195.55,-184.76,-131.47,-124.22,7.52,7.11,141.09,133.3,783.67,740.42,859.21,811.8,89.3,84.37,0.0,0.0,-1458.98,-1378.46,962.07,908.98,-4.45,-4.2,-39.12,-36.96,-242.63,-229.24,17.04,16.1,-583.4,-551.2,470.18,444.23
975,638,3000.0,855.26,2.333333,1.653418,-603.99,-1409.3,-1632.15,-998.64,-1156.55,-20.133,-6885.22,-4878.92,631.8,0,0,199.81,141.58,-294.79,-208.89,-157.93,-111.91,621.85,440.65,19.86,14.07,-218.92,-155.12,-191.15,-135.45,0.0,0.0,-144.79,-102.6,-615.04,-435.82,91.91,65.13,-677.12,-479.81,-105.8,-74.97,-182.87,-129.58,-1046.92,-741.85,1292.58,915.93
976,638,3000.0,855.26,2.333333,1.653418,585.97,1367.27,1143.59,968.86,810.36,19.532,-2790.64,-1977.47,326.2,0,0,-51.21,-36.29,434.96,308.22,-97.34,-68.97,1049.1,743.4,-205.75,-145.79,-1239.15,-878.07,94.92,67.26,0.0,0.0,-27.48,-19.47,859.44,609.0,-683.75,-484.51,700.68,496.51,326.01,231.01,119.52,84.69,-60.8,-43.08,148.12,104.96
977,638,3500.0,856.37,2.0,1.651268,-1207.51,-2415.02,-2605.67,-1993.92,-2151.33,-34.5,-5735.71,-4735.6,631.0,0,0,-99.75,-82.35,266.14,219.74,-145.22,-119.9,654.14,540.08,-689.18,-569.01,31.6,26.09,-402.13,-332.02,0.0,0.0,-508.96,-420.22,274.6,226.72,88.53,73.1,-124.29,-102.62,-117.93,-97.36,-392.68,-324.21,-791.37,-653.38,-458.54,-378.58
978,638,3000.0,855.26,2.333333,1.653418,-554.85,-1294.64,-1517.52,-917.39,-1075.33,-18.495,-2688.67,-1905.22,588.2,0,0,-346.86,-245.79,520.3,368.69,108.91,77.18,64.33,45.58,-73.97,-52.42,328.22,232.58,-143.76,-101.87,0.0,0.0,-529.16,-374.96,-253.58,-179.69,-613.72,-434.88,-632.72,-448.35,-396.18,-280.73,-269.23,-190.78,389.06,275.69,553.7,392.36
979,638,3000.0,855.26,2.333333,1.653418,-1098.79,-2563.85,-2786.34,-1816.76,-1974.43,-36.626,-5083.55,-3602.24,626.8,0,0,-586.13,-415.34,469.94,333.01,54.41,38.56,246.52,174.69,-322.35,-228.42,-795.14,-563.44,-1208.99,-856.7,0.0,0.0,229.1,162.35,53.7,38.05,104.4,73.98,267.59,189.61,-795.63,-563.79,-407.15,-288.51,318.16,225.45,-192.28,-136.25
980,638,3500.0,855.26,2.0,1.653418,1253.57,2507.13,2315.01,2072.67,1913.84,35.816,-1638.66,-1354.7,622.0,0,0,1023.26,845.93,237.09,196.0,250.84,207.37,-573.07,-473.76,227.54,188.11,-680.43,-562.51,349.47,288.91,0.0,0.0,-640.86,-529.81,71.06,58.75,-670.37,-554.2,-147.56,-121.99,-164.36,-135.88,1084.44,896.52,1237.09,1022.71,902.99,746.51
981,638,3500.0,855.26,2.0,1.653418,-542.38,-1084.76,-1275.81,-896.78,-1054.72,-15.497,-4503.22,-3722.85,345.7,0,0,-198.21,-163.86,249.35,206.14,106.46,88.01,-498.87,-412.42,0.82,0.68,-513.5,-424.52,-1172.1,-968.98,0.0,0.0,-407.81,-337.14,-355.57,-293.95,560.07,463.02,-621.36,-513.68,88.12,72.85,26.05,21.54,128.88,106.55,1522.88,1258.98
982,638,4000.0,855.26,1.75,1.653418,-547.29,-957.75,-1124.91,-904.89,-1062.83,-13.682,-3857.96,-3645.04,633.8,0,0,-1063.93,-1005.21,-108.07,-102.1,-93.63,-88.46,709.14,670.0,-85.43,-80.71,-192.83,-182.18,-488.51,-461.55,0.0,0.0,-782.98,-739.77,204.77,193.47,1039.29,981.94,129.22,122.09,-402.0,-379.81,-599.0,-565.95,417.18,394.15,359.01,339.2
983,638,3500.0,855.26,2.0,1.653418,-874.63,-1749.27,-1940.11,-1446.13,-1603.91,-24.99,-3496.09,-2890.25,625.8,0,0,2.57,2.12,77.93,64.43,345.4,285.55,-164.89,-136.32,-461.65,-381.65,-26.7,-22.07,-128.31,-106.08,0.0,0.0,-86.87,-71.81,248.15,205.15,-290.58,-240.22,-341.11,-282.0,102.76,84.95,329.06,272.04,-923.26,-763.27,-431.77,-356.95
984,638,4000.0,855.26,1.75,1.653418,-1806.15,-3160.76,-3327.26,-2986.32,-3143.63,-45.154,-5215.1,-4927.28,870.5,0,0,-206.52,-195.12,-136.41,-128.88,-109.81,-103.75,641.1,605.72,-508.04,-480.0,-690.18,-652.09,-272.04,-257.03,0.0,0.0,-216.37,-204.43,-220.42,-208.25,-633.48,-598.52,-505.08,-477.21,239.12,225.92,-290.37,-274.35,-529.2,-499.99,276.95,261.67
985,638,3500.0,855.26,2.0,1.653418,-159.04,-318.08,-509.36,-262.96,-421.09,-4.544,-4018.42,-3322.07,635.0,0,0,-319.83,-264.4,330.19,272.97,-110.27,-91.16,592.74,490.03,-168.41,-139.23,-279.99,-231.47,-501.42,-414.53,0.0,0.0,190.25,157.28,-326.85,-270.21,378.62,313.01,202.95,167.78,-185.15,-153.07,457.27,378.03,148.24,122.55,-726.42,-600.54
986,638,3500.0,855.26,2.0,1.653418,-1987.57,-3975.14,-4165.32,-3286.28,-3443.51,-56.788,-5646.65,-4668.14,881.8,0,0,-387.29,-320.18,-44.7,-36.96,296.22,244.89,90.43,74.76,289.53,239.35,-948.49,-784.13,-82.42,-68.14,0.0,0.0,-34.41,-28.45,-860.26,-711.19,188.16,155.56,-24.01,-19.85,-159.99,-132.26,98.4,81.35,-1140.15,-942.57,-1256.14,-1038.47
987,638,3500.0,855.26,2.0,1.653418,-1222.11,-2444.21,-2634.85,-2020.65,-2178.26,-34.917,-5302.36,-4383.5,633.5,0,0,-391.07,-323.3,362.74,299.88,71.82,59.38,-527.17,-435.82,-245.52,-202.97,106.69,88.2,-463.05,-382.81,0.0,0.0,-449.35,-371.48,498.76,412.33,63.34,52.36,-580.46,-479.87,-690.51,-570.85,42.82,35.4,74.21,61.35,-317.46,-262.45
988,638,3000.0,855.26,2.333333,1.653418,-1296.67,-3025.57,-3247.93,-2143.94,-2301.5,-43.222,-5111.86,-3622.3,630.0,0,0,426.77,302.42,144.48,102.38,244.57,173.31,-469.08,-332.4,155.62,110.28,457.8,324.4,63.72,45.16,0.0,0.0,-1764.72,-1250.49,-658.41,-466.56,-752.43,-533.18,-263.7,-186.86,-309.19,-219.1,257.91,182.75,-536.89,-380.44,-22.01,-15.6
989,638,3500.0,855.26,2.0,1.653418,-542.54,-1085.09,-1276.13,-897.05,-1054.99,-15.501,-2800.2,-2314.95,633.5,0,0,-84.4,-69.77,-323.54,-267.47,109.73,90.72,308.33,254.9,611.93,505.89,-273.76,-226.32,-1107.82,-915.85,0.0,0.0,298.27,246.59,357.87,295.85,-931.27,-769.89,-825.26,-682.25,390.51,322.84,834.65,690.01,-56.17,-46.43,-394.15,-325.85
990,638,3000.0,855.26,2.333333,1.653418,-897.19,-2093.45,-2316.09,-1483.44,-1641.2,-29.906,-4338.78,-3074.49,634.5,0,0,55.62,39.42,739.76,524.2,204.6,144.98,-917.82,-650.37,161.18,114.21,-698.22,-494.77,187.01,132.52,0.0,0.0,-749.08,-530.8,-490.14,-347.32,-18.99,-13.46,-686.94,-486.77,-811.71,-575.19,-42.49,-30.11,638.29,452.3,335.5,237.74
991,638,3000.0,855.26,2.333333,1.653418,-832.68,-1942.92,-2165.6,-1376.77,-1534.56,-27.756,-3733.1,-2645.3,630.0,0,0,261.37,185.21,-174.72,-123.81,136.77,96.91,591.43,419.09,-206.7,-146.47,-1457.13,-1032.53,-684.76,-485.22,0.0,0.0,-547.9,-388.24,-49.33,-34.96,-619.77,-439.17,-426.13,-301.96,-51.2,-36.28,496.85,352.07,-806.62,-571.58,1594.9,1130.16
992,638,3500.0,855.26,2.0,1.653418,-293.56,-587.11,-778.31,-485.37,-643.44,-8.387,-3791.1,-3134.14,626.8,0,0,-1154.02,-954.04,554.31,458.25,475.67,393.24,-363.22,-300.28,211.28,174.67,-1199.51,-991.64,163.78,135.4,0.0,0.0,66.62,55.08,794.4,656.73,519.51,429.48,-107.19,-88.62,-1044.49,-863.49,373.77,309.0,-135.09,-111.68,257.08,212.53
993,638,3500.0,855.26,2.0,1.653418,-322.12,-644.25,-835.43,-532.6,-690.65,-9.204,-2977.48,-2461.51,625.8,0,0,-885.07,-731.7,-77.5,-64.07,53.81,44.49,-316.76,-261.87,-59.35,-49.07,277.1,229.08,607.98,502.63,0.0,0.0,-1235.07,-1021.05,392.57,324.54,-823.68,-680.94,759.84,628.17,207.49,171.54,355.26,293.7,-379.55,-313.77,478.68,395.73
994,638,3500.0,855.26,2.0,1.653418,-1700.91,-3401.82,-3592.17,-2812.31,-2969.68,-48.597,-4959.4,-4099.98,626.7,0,0,-473.19,-391.19,-310.81,-256.95,-83.7,-69.2,258.71,213.88,-513.07,-424.16,-822.82,-680.24,180.88,149.54,0.0,0.0,-280.13,-231.59,-33.65,-27.81,-364.11,-301.01,-792.08,-654.82,56.99,47.12,-382.44,-316.17,303.64,251.02,-146.03,-120.72
995,638,3000.0,855.26,2.333333,1.653418,-1255.1,-2928.57,-3150.95,-2075.2,-2232.79,-41.837,-5586.06,-3958.33,632.2,0,0,-261.16,-185.06,189.41,134.22,-343.78,-243.6,-1236.03,-875.86,-265.46,-188.11,876.17,620.86,-316.05,-223.96,0.0,0.0,591.67,419.26,134.02,94.97,128.85,91.3,-179.21,-126.99,-350.04,-248.04,-1750.08,-1240.12,-479.21,-339.57,332.35,235.5
996,638,3500.0,855.26,2.0,1.653418,651.43,1302.86,1111.1,1077.09,918.56,18.612,-2038.12,-1684.93,292.8,0,0,-454.53,-375.77,456.44,377.34,321.38,265.69,-68.86,-56.93,145.63,120.4,421.04,348.08,-77.51,-64.08,0.0,0.0,-20.91,-17.28,257.06,212.52,518.15,428.36,-519.03,-429.09,-129.76,-107.27,-493.55,-408.02,168.87,139.61,778.43,643.54
997,638,3500.0,856.37,2.0,1.651268,-1170.95,-2341.89,-2532.56,-1933.55,-2090.97,-33.456,-4062.39,-3354.05,899.5,0,0,-240.18,-198.3,-5.99,-4.94,-47.16,-38.93,-400.7,-330.83,207.64,171.44,153.74,126.94,119.18,98.4,0.0,0.0,-560.92,-463.11,-885.59,-731.18,507.77,419.23,-203.07,-167.66,-574.69,-474.48,517.68,427.42,-362.05,-298.92,-567.57,-468.6
998,638,3500.0,855.26,2.0,1.653418,-1186.9,-2373.8,-2564.46,-1962.44,-2120.06,-33.911,-5438.2,-4495.81,631.2,0,0,-1057.44,-874.19,-293.83,-242.91,379.68,313.89,-353.57,-292.3,-186.73,-154.37,613.54,507.22,-1073.1,-887.14,0.0,0.0,-850.21,-702.88,-148.26,-122.57,641.2,530.09,-442.34,-365.68,-411.65,-340.31,-751.8,-621.52,247.02,204.21,1313.68,1086.03
999,638,3500.0,855.26,2.0,1.653418,104.72,209.45,18.01,173.15,14.89,2.992,-3234.49,-2673.98,630.8,0,0,-601.76,-497.48,527.31,435.93,587.19,485.44,78.91,65.24,107.72,89.05,-14.98,-12.39,-546.62,-451.9,0.0,0.0,-507.07,-419.2,169.76,140.34,-54.4,-44.97,-453.52,-374.93,466.62,385.76,72.86,60.23,228.43,188.85,148.99,123.17
1000,638,3500.0,855.26,2.0,1.653418,-291.12,-582.24,-773.44,-481.34,-639.41,-8.318,-4339.56,-3587.55,634.5,0,0,-262.32,-216.86,-169.17,-139.86,-67.75,-56.01,-537.43,-444.3,-180.64,-149.33,-33.73,-27.88,450.34,372.3,0.0,0.0,-967.54,-799.88,478.47,395.56,8.81,7.28,-627.45,-518.72,-82.02,-67.81,-177.84,-147.02,68.61,56.72,1517.42,1254.46
