category,kind,strategy,symbol,regime,trigger,side,entry_bar,exit_bar,entry_time,exit_time,bars_held,net_frac,pnl_usd,notional_usd,reason,cycles,success,risk_accepted,risk_reason,risk_would_block,entry_px,entry_ref_px,entry_cost_pct,exit_px,mult,experiment,series,snapshot
اتجاهي,dir,directional,VETUSDT,هابط,FVG,-1,44540,44541,2024-10-01T22:20:00+00:00,2024-10-01T22:21:00+00:00,1,-0.003914886739663571,-0.07829773479327143,20.0,زمني,0,False,True,,False,0.022713184,0.02272,0.0003,0.02275,1,baseline,0,"{""close"": 0.02273, ""rsi"": 45.39370278647353, ""rsi7"": 45.16149709541408, ""macd"": 3.5629284316651095e-06, ""adx"": 23.944816531113624, ""stoch_k"": 69.04761904761915, ""stoch_d"": 77.46031746031774, ""mss"": 0.0, ""sfp"": 0.0, ""vr"": 0.6938911020714087, ""hurst"": 0.38732486703426033, ""atr14"": 3.6349212960458066e-05, ""vol_sma20"": 133338.2899999998, ""vol_ratio"": 0.5277591305543224, ""atr_pct"": 0.0015991734694438217, ""retest_entry"": true}"
اتجاهي,dir,directional,VETUSDT,هابط,FVG,-1,44560,44566,2024-10-01T22:40:00+00:00,2024-10-01T22:46:00+00:00,6,-0.00123541696911694,-0.0247083393823388,20.0,تتبع,0,False,True,,False,0.022673196,0.02268,0.0003,0.022649055128,1,baseline,0,"{""close"": 0.02268, ""rsi"": 42.5982719279922, ""rsi7"": 37.06480640790579, ""macd"": 2.2014714278461485e-06, ""adx"": 17.74782677074843, ""stoch_k"": 61.53846153846115, ""stoch_d"": 75.4273504273499, ""mss"": 0.0, ""sfp"": 0.0, ""vr"": 0.9320136761658738, ""hurst"": 0.4376607498639382, ""atr14"": 3.9052865723806795e-05, ""vol_sma20"": 164778.58999999982, ""vol_ratio"": 0.7043287601866245, ""atr_pct"": 0.0017219076597798412, ""retest_entry"": true}"
اتجاهي,dir,directional,VETUSDT,هابط,FVG,-1,44575,44581,2024-10-01T22:55:00+00:00,2024-10-01T23:01:00+00:00,6,-0.001717806156758656,-0.034356123135173125,20.0,قفل-ربح,0,False,True,,False,0.022693190000000002,0.0227,0.0003,0.02268,1,baseline,0,"{""close"": 0.0227, ""rsi"": 51.223791444276124, ""rsi7"": 55.28887864159568, ""macd"": 1.024349175041358e-05, ""adx"": 22.67906053291247, ""stoch_k"": 77.77777777777902, ""stoch_d"": 74.69785575048807, ""mss"": 0.0, ""sfp"": 0.0, ""vr"": 0.8570334010372227, ""hurst"": 0.4129538074827169, ""atr14"": 3.1998942143849475e-05, ""vol_sma20"": 102721.43499999981, ""vol_ratio"": 0.407140924384478, ""atr_pct"": 0.001409645028363413, ""retest_entry"": true}"
اتجاهي,dir,directional,VETUSDT,هابط,FVG,-1,44591,44592,2024-10-01T23:11:00+00:00,2024-10-01T23:12:00+00:00,1,-0.00479534443318266,-0.0959068886636532,20.0,زمني,0,False,True,,False,0.022693190000000002,0.0227,0.0003,0.02275,1,baseline,0,"{""close"": 0.02271, ""rsi"": 50.47551682567073, ""rsi7"": 46.0849897750814, ""macd"": 7.156419158384116e-06, ""adx"": 22.49968889617158, ""stoch_k"": 73.33333333333324, ""stoch_d"": 86.2962962962964, ""mss"": 0.0, ""sfp"": 0.0, ""vr"": 0.9235392868344345, ""hurst"": 0.2550571225130231, ""atr14"": 3.093368843462881e-05, ""vol_sma20"": 132914.61499999982, ""vol_ratio"": 0.13120001889935148, ""atr_pct"": 0.00136211750042399, ""retest_entry"": true}"
اتجاهي,dir,directional,VETUSDT,هابط,FVG,-1,44606,44611,2024-10-01T23:26:00+00:00,2024-10-01T23:31:00+00:00,5,0.0005073147032904183,0.010146294065808366,20.0,تتبع,0,True,True,,False,0.022683193,0.02269,0.0003,0.022619419726,1,baseline,0,"{""close"": 0.0227, ""rsi"": 43.062018789540765, ""rsi7"": 31.43443306165132, ""macd"": -4.601307446483947e-06, ""adx"": 27.050288479120624, ""stoch_k"": 42.42424242424131, ""stoch_d"": 58.585858585857274, ""mss"": 0.0, ""sfp"": 0.0, ""vr"": 0.9742083502711844, ""hurst"": 0.3165541870813167, ""atr14"": 3.068609106465302e-05, ""vol_sma20"": 84870.92499999981, ""vol_ratio"": 1.8643557849758365, ""atr_pct"": 0.0013518101790596043, ""retest_entry"": true}"
اتجاهي,dir,directional,VETUSDT,هابط,Stochastic,-1,44622,44630,2024-10-01T23:42:00+00:00,2024-10-01T23:50:00+00:00,8,-0.0012400677846237673,-0.024801355692475345,20.0,تتبع,0,False,True,,False,0.022763169,0.02277,0.0003,0.022739038442,1,baseline,0,"{""close"": 0.02277, ""rsi"": 59.80869287110846, ""rsi7"": 67.84253093328368, ""macd"": 1.635274500132135e-05, ""adx"": 25.875094953747197, ""stoch_k"": 84.12698412698349, ""stoch_d"": 87.24867724867687, ""mss"": 0.0, ""sfp"": 0.0, ""vr"": 1.0439840451923077, ""hurst"": 0.17927346838530595, ""atr14"": 3.3851138644650365e-05, ""vol_sma20"": 86925.15499999982, ""vol_ratio"": 0.6299407806635502, ""atr_pct"": 0.0014866551886100292, ""retest_entry"": true}"
اتجاهي,dir,directional,VETUSDT,هابط,FVG,-1,44635,44641,2024-10-01T23:55:00+00:00,2024-10-02T00:01:00+00:00,6,-3.956040169953376e-05,-0.0007912080339906751,20.0,تتبع,0,False,True,,False,0.022713184,0.02272,0.0003,0.022661776288,1,baseline,0,"{""close"": 0.02273, ""rsi"": 50.66923801611093, ""rsi7"": 46.220313360010934, ""macd"": -1.3388339055172316e-06, ""adx"": 20.99138685869298, ""stoch_k"": 45.83333333333173, ""stoch_d"": 46.88271604938141, ""mss"": 0.0, ""sfp"": 0.0, ""vr"": 0.88690487676382, ""hurst"": 0.19884415192068933, ""atr14"": 2.8796860277355232e-05, ""vol_sma20"": 110154.69999999981, ""vol_ratio"": 0.49262537140948226, ""atr_pct"": 0.0012669098230248673, ""retest_entry"": true}"
اتجاهي,dir,directional,VETUSDT,هابط,Bollinger,-1,44653,44656,2024-10-02T00:13:00+00:00,2024-10-02T00:16:00+00:00,3,-0.0016416079350914346,-0.03283215870182869,20.0,قفل-ربح,0,False,True,,False,0.02259322,0.0226,0.0003,0.02257836257779163,1,baseline,0,"{""close"": 0.02261, ""rsi"": 38.708204137772384, ""rsi7"": 33.59681404795465, ""macd"": -1.9210275881927547e-06, ""adx"": 17.79490042797775, ""stoch_k"": 54.5454545454562, ""stoch_d"": 66.6611166611173, ""mss"": 0.0, ""sfp"": 0.0, ""vr"": 1.0368225718128043, ""hurst"": 0.20383611656279116, ""atr14"": 3.3041015168980165e-05, ""vol_sma20"": 195585.2149999998, ""vol_ratio"": 0.6679707359270491, ""atr_pct"": 0.0014613452087120814, ""retest_entry"": true}"
اتجاهي,dir,directional,VETUSDT,هابط,FVG,-1,44662,44666,2024-10-02T00:22:00+00:00,2024-10-02T00:26:00+00:00,4,-0.005859908235924697,-0.11719816471849394,20.0,وقف,0,False,True,,False,0.022466511999999998,0.02248,0.0006,0.02254,1,baseline,0,"{""close"": 0.02247, ""rsi"": 30.749217709960007, ""rsi7"": 26.651336845768583, ""macd"": -1.2018593330973768e-05, ""adx"": 26.30530051086193, ""stoch_k"": 14.814814814815103, ""stoch_d"": 21.13289760348658, ""mss"": 0.0, ""sfp"": 0.0, ""vr"": 1.2639885132358046, ""hurst"": 0.31420992485294086, ""atr14"": 3.998118719388549e-05, ""vol_sma20"": 223921.90999999977, ""vol_ratio"": 0.5476918270302362, ""atr_pct"": 0.0017793140718240094, ""retest_entry"": true}"
اتجاهي,dir,directional,VETUSDT,هابط,FVG,-1,44687,44688,2024-10-02T00:47:00+00:00,2024-10-02T00:48:00+00:00,1,-0.001535954792722358,-0.03071909585444716,20.0,تتبع,0,False,True,,False,0.022683193,0.02269,0.0003,0.022659053274,1,baseline,0,"{""close"": 0.02268, ""rsi"": 46.526863469082635, ""rsi7"": 31.13559965750389, ""macd"": -2.916224601478797e-06, ""adx"": 30.926164846275302, ""stoch_k"": 52.42658276125112, ""stoch_d"": 73.65757691329821, ""mss"": 0.0, ""sfp"": 0.0, ""vr"": 1.1960978001507254, ""hurst"": 0.3944121570851317, ""atr14"": 3.935852967093036e-05, ""vol_sma20"": 143526.52499999982, ""vol_ratio"": 1.484768756158489, ""atr_pct"": 0.0017353849061256773, ""retest_entry"": true}"
اتجاهي,dir,directional,VETUSDT,هابط,Stochastic,-1,44711,44716,2024-10-02T01:11:00+00:00,2024-10-02T01:16:00+00:00,5,-0.005290809190808885,-0.10581618381617769,20.0,وقف,0,False,True,,False,0.022773166,0.02278,0.0003,0.022841485497999997,1,baseline,0,"{""close"": 0.02277, ""rsi"": 60.61999824987995, ""rsi7"": 64.5648595356501, ""macd"": 1.2203132984974446e-05, ""adx"": 20.588475125337183, ""stoch_k"": 88.88888888888856, ""stoch_d"": 89.50153160679442, ""mss"": 0.0, ""sfp"": -1.0, ""vr"": 1.061859771577256, ""hurst"": 0.4282893143525143, ""atr14"": 3.67019002271082e-05, ""vol_sma20"": 170833.4499999998, ""vol_ratio"": 8.379240716616106, ""atr_pct"": 0.0016118533257403688, ""retest_entry"": true}"
اتجاهي,dir,directional,VETUSDT,هابط,RSI,-1,44724,44725,2024-10-02T01:24:00+00:00,2024-10-02T01:25:00+00:00,1,-0.005290809190808995,-0.1058161838161799,20.0,وقف,0,False,True,,False,0.022873136000000002,0.02288,0.0003,0.022941755408,1,baseline,0,"{""close"": 0.02287, ""rsi"": 65.96285275321281, ""rsi7"": 66.97229667124347, ""macd"": 6.028455171406897e-06, ""adx"": 33.17644490311403, ""stoch_k"": 86.90476190476272, ""stoch_d"": 92.55952380952442, ""mss"": 0.0, ""sfp"": 0.0, ""vr"": 1.0009556924951557, ""hurst"": 0.4696593049116715, ""atr14"": 3.491847593821015e-05, ""vol_sma20"": 362414.2049999998, ""vol_ratio"": 0.6937272229712965, ""atr_pct"": 0.0015268244835247111, ""retest_entry"": true}"
اتجاهي,dir,directional,VETUSDT,صاعد,FVG,1,52881,52889,2024-10-07T17:21:00+00:00,2024-10-07T17:29:00+00:00,8,-0.005290809190809106,-0.10581618381618212,20.0,وقف,0,False,True,symbol_collision,True,0.023697107,0.02369,0.0003,0.023626015679,1,baseline,0,"{""close"": 0.02369, ""rsi"": 53.671077658065016, ""rsi7"": 61.95319173487506, ""macd"": 3.7449770752605775e-06, ""adx"": 25.64974679187169, ""stoch_k"": 70.74074074074217, ""stoch_d"": 52.28395061728536, ""mss"": 0.0, ""sfp"": 0.0, ""vr"": 0.8057032678368444, ""hurst"": 0.28479214276379483, ""atr14"": 3.1531275257205585e-05, ""vol_sma20"": 119619.72499999982, ""vol_ratio"": 0.08379470860679554, ""atr_pct"": 0.0013309951564882054, ""retest_entry"": true}"
اتجاهي,dir,directional,VETUSDT,صاعد,Bollinger,1,52897,52909,2024-10-07T17:37:00+00:00,2024-10-07T17:49:00+00:00,12,-0.0004873566454837171,-0.009747132909674341,20.0,تتبع,0,False,True,symbol_collision,True,0.023647092,0.02364,0.0003,0.02369,1,baseline,0,"{""close"": 0.02364, ""rsi"": 49.69013920736882, ""rsi7"": 57.08355015782506, ""macd"": -9.480839610911433e-07, ""adx"": 26.11516454390777, ""stoch_k"": 32.539682539682765, ""stoch_d"": 17.72486772486784, ""mss"": 0.0, ""sfp"": 0.0, ""vr"": 0.7590078778973394, ""hurst"": 0.2894808428651784, ""atr14"": 2.88583790128823e-05, ""vol_sma20"": 119046.71999999981, ""vol_ratio"": 0.3886852153507469, ""atr_pct"": 0.001220743613066087, ""retest_entry"": true}"
اتجاهي,dir,directional,VETUSDT,صاعد,FVG,1,52915,52916,2024-10-07T17:55:00+00:00,2024-10-07T17:56:00+00:00,1,-0.003016882410958807,-0.06033764821917614,20.0,زمني,0,False,True,symbol_collision,True,0.023757125,0.02375,0.0003,0.02374,1,baseline,0,"{""close"": 0.02375, ""rsi"": 64.06167961831021, ""rsi7"": 70.88384789792738, ""macd"": 9.068298576753069e-06, ""adx"": 25.027528494858664, ""stoch_k"": 88.09523809523898, ""stoch_d"": 84.12698412698533, ""mss"": 0.0, ""sfp"": 0.0, ""vr"": 0.7798124489187938, ""hurst"": 0.2724177659096144, ""atr14"": 2.7948419301299215e-05, ""vol_sma20"": 79974.96499999982, ""vol_ratio"": 0.5967379916952774, ""atr_pct"": 0.001176775549528388, ""retest_entry"": true}"
اتجاهي,dir,directional,VETUSDT,صاعد,RSI,1,52932,52933,2024-10-07T18:12:00+00:00,2024-10-07T18:13:00+00:00,1,-0.003019193786688204,-0.06038387573376408,20.0,زمني,0,False,True,symbol_collision,True,0.023627086,0.02362,0.0003,0.02361,1,baseline,0,"{""close"": 0.02361, ""rsi"": 33.726077972835185, ""rsi7"": 22.51988441096836, ""macd"": -1.9911850905832434e-05, ""adx"": 29.166722491788992, ""stoch_k"": 12.962962962962825, ""stoch_d"": 7.1428571428573, ""mss"": 0.0, ""sfp"": 0.0, ""vr"": 0.863396518251767, ""hurst"": 0.35531894259053226, ""atr14"": 2.7523282895364365e-05, ""vol_sma20"": 100753.83499999982, ""vol_ratio"": 1.215541820318802, ""atr_pct"": 0.0011657468401255556, ""retest_entry"": true}"
اتجاهي,dir,directional,VETUSDT,صاعد,Stochastic,1,52939,52944,2024-10-07T18:19:00+00:00,2024-10-07T18:24:00+00:00,5,0.00036032656041235964,0.0072065312082471925,20.0,تتبع,0,True,True,symbol_collision,True,0.023537059,0.02353,0.0003,0.023606856538,1,baseline,0,"{""close"": 0.02352, ""rsi"": 29.482811766293935, ""rsi7"": 25.81021096193247, ""macd"": -1.6817633755051458e-05, ""adx"": 37.21993684247876, ""stoch_k"": 9.294871794871709, ""stoch_d"": 7.585470085470196, ""mss"": 0.0, ""sfp"": 0.0, ""vr"": 1.0966118999271883, ""hurst"": 0.3896168207636286, ""atr14"": 3.396805616722077e-05, ""vol_sma20"": 146942.12499999983, ""vol_ratio"": 1.91054199059664, ""atr_pct"": 0.0014442200751369374, ""retest_entry"": true}"
اتجاهي,dir,directional,VETUSDT,صاعد,KAMA,1,52947,52950,2024-10-07T18:27:00+00:00,2024-10-07T18:30:00+00:00,3,-0.0055896103896101905,-0.11179220779220381,20.0,وقف,0,False,True,symbol_collision,True,0.023684201999999998,0.02367,0.0006,0.023613149394,1,baseline,0,"{""close"": 0.02367, ""rsi"": 56.9586142249418, ""rsi7"": 66.58983554389255, ""macd"": 1.236097473625578e-05, ""adx"": 28.488140441881658, ""stoch_k"": 75.32894736842097, ""stoch_d"": 73.72076023391799, ""mss"": 0.0, ""sfp"": 0.0, ""vr"": 1.2923593259901724, ""hurst"": 0.38587131037524935, ""atr14"": 3.9961840710557607e-05, ""vol_sma20"": 160809.50499999983, ""vol_ratio"": 0.48981122104691566, ""atr_pct"": 0.0016882906933061938, ""retest_entry"": true}"
اتجاهي,dir,directional,VETUSDT,هابط,EMA,-1,53044,53048,2024-10-07T20:04:00+00:00,2024-10-07T20:08:00+00:00,4,-0.000896537943296726,-0.01793075886593452,20.0,تتبع,0,False,True,symbol_collision,True,0.023323001,0.02333,0.0003,0.023290246381999998,1,baseline,0,"{""close"": 0.02332, ""rsi"": 48.05213656672441, ""rsi7"": 39.9063224789131, ""macd"": -4.524000860186562e-06, ""adx"": 11.626451553625778, ""stoch_k"": 20.833333333332735, ""stoch_d"": 26.388888888888157, ""mss"": 0.0, ""sfp"": 0.0, ""vr"": 0.5903695307830243, ""hurst"": 0.49681744395463434, ""atr14"": 2.557965630050662e-05, ""vol_sma20"": 243983.02499999982, ""vol_ratio"": 0.5277649951261982, ""atr_pct"": 0.0010968977830405925, ""retest_entry"": true}"
اتجاهي,dir,directional,VETUSDT,هابط,EMA,-1,53055,53060,2024-10-07T20:15:00+00:00,2024-10-07T20:20:00+00:00,5,0.00016546505088809786,0.003309301017761957,20.0,تتبع,0,True,True,symbol_collision,True,0.023283013,0.02329,0.0003,0.023225530966,1,baseline,0,"{""close"": 0.02331, ""rsi"": 48.47054928973074, ""rsi7"": 47.95164217784999, ""macd"": -4.1304659617082976e-07, ""adx"": 11.427864202382588, ""stoch_k"": 51.85185185185401, ""stoch_d"": 51.851851851854015, ""mss"": 0.0, ""sfp"": 0.0, ""vr"": 0.5776407095877671, ""hurst"": 0.36530097346288803, ""atr14"": 2.4117607717899925e-05, ""vol_sma20"": 254737.81999999983, ""vol_ratio"": 0.8477983363444036, ""atr_pct"": 0.0010346464057443125, ""retest_entry"": true}"
اتجاهي,dir,directional,VETUSDT,هابط,Bollinger,-1,53070,53076,2024-10-07T20:30:00+00:00,2024-10-07T20:36:00+00:00,6,-0.0008883370271263524,-0.017766740542527047,20.0,تتبع,0,False,True,symbol_collision,True,0.023203037000000003,0.02321,0.0003,0.023170260134,1,baseline,0,"{""close"": 0.02322, ""rsi"": 40.08581134770193, ""rsi7"": 37.08443775180241, ""macd"": 1.6084173278700921e-06, ""adx"": 17.76064401891338, ""stoch_k"": 44.88095238095371, ""stoch_d"": 48.39947089947167, ""mss"": 0.0, ""sfp"": 0.0, ""vr"": 0.6263096917092046, ""hurst"": 0.2464040555491656, ""atr14"": 2.492420344200941e-05, ""vol_sma20"": 54814.299999999814, ""vol_ratio"": 0.28003276517259273, ""atr_pct"": 0.00107339377441901, ""retest_entry"": true}"
اتجاهي,dir,directional,VETUSDT,هابط,MicroBurst,-1,53079,53080,2024-10-07T20:39:00+00:00,2024-10-07T20:40:00+00:00,1,-0.0025971028071656095,-0.05194205614331219,20.0,زمني,0,False,True,symbol_collision,True,0.023153052,0.02316,0.0003,0.02316,1,baseline,0,"{""close"": 0.02315, ""rsi"": 33.213886451179235, ""rsi7"": 28.94051444429165, ""macd"": -3.7879645446428117e-06, ""adx"": 32.88610406396492, ""stoch_k"": 13.675213675213591, ""stoch_d"": 13.901838901838914, ""mss"": 0.0, ""sfp"": 0.0, ""vr"": 0.6206140166864766, ""hurst"": 0.35829788407740304, ""atr14"": 2.289513557220295e-05, ""vol_sma20"": 61846.70499999982, ""vol_ratio"": 1.9933964145705152, ""atr_pct"": 0.0009889907374601705, ""retest_entry"": true}"
اتجاهي,dir,directional,VETUSDT,هابط,FVG,-1,53084,53095,2024-10-07T20:44:00+00:00,2024-10-07T20:55:00+00:00,11,-0.001831673675514509,-0.03663347351029018,20.0,قفل-ربح,0,False,True,symbol_collision,True,0.023113064000000003,0.02312,0.0003,0.023102267844277737,1,baseline,0,"{""close"": 0.02312, ""rsi"": 33.13658575580045, ""rsi7"": 29.373220551476123, ""macd"": -1.9516833724485494e-06, ""adx"": 35.144042912571976, ""stoch_k"": 16.363636363637067, ""stoch_d"": 20.326340326340407, ""mss"": 0.0, ""sfp"": 0.0, ""vr"": 0.6925101406178025, ""hurst"": 0.33753030649686194, ""atr14"": 2.3998656757619415e-05, ""vol_sma20"": 59362.72499999982, ""vol_ratio"": 0.20492320728201135, ""atr_pct"": 0.0010380041850181407, ""retest_entry"": true}"
اتجاهي,dir,directional,VETUSDT,هابط,FVG,-1,53100,53101,2024-10-07T21:00:00+00:00,2024-10-07T21:01:00+00:00,1,-0.00259710280716572,-0.0519420561433144,20.0,قفل-ربح,0,False,True,symbol_collision,True,0.023083073,0.02309,0.0003,0.02309,1,baseline,0,"{""close"": 0.0231, ""rsi"": 40.92543486345453, ""rsi7"": 43.32521731310119, ""macd"": 3.1957168975171013e-06, ""adx"": 40.185691448327475, ""stoch_k"": 46.66666666666604, ""stoch_d"": 57.50000000000039, ""mss"": 0.0, ""sfp"": 0.0, ""vr"": 0.6582684451764765, ""hurst"": 0.40690414774202627, ""atr14"": 1.93513079886946e-05, ""vol_sma20"": 66756.16999999981, ""vol_ratio"": 0.5913221204871417, ""atr_pct"": 0.0008377189605495498, ""retest_entry"": true}"
اتجاهي,dir,directional,VETUSDT,هابط,Bollinger,-1,53113,53114,2024-10-07T21:13:00+00:00,2024-10-07T21:14:00+00:00,1,-0.003457449098727654,-0.06914898197455308,20.0,زمني,0,False,True,symbol_collision,True,0.023193039999999998,0.0232,0.0003,0.02322,1,baseline,0,"{""close"": 0.02318, ""rsi"": 55.830558509031356, ""rsi7"": 57.71452533665197, ""macd"": 7.722062850557492e-06, ""adx"": 26.17270853581739, ""stoch_k"": 77.08333333333246, ""stoch_d"": 77.08333333333246, ""mss"": 0.0, ""sfp"": 0.0, ""vr"": 0.848665409128122, ""hurst"": 0.3545305335470278, ""atr14"": 2.2473454518883874e-05, ""vol_sma20"": 73674.71499999982, ""vol_ratio"": 0.495000218188833, ""atr_pct"": 0.0009695191768284674, ""retest_entry"": true}"
اتجاهي,dir,directional,VETUSDT,هابط,Bollinger,-1,72679,72680,2024-10-21T11:19:00+00:00,2024-10-21T11:20:00+00:00,1,-0.003014153245198179,-0.06028306490396358,20.0,زمني,0,False,True,symbol_collision,True,0.023922821,0.02393,0.0003,0.02394,1,baseline,0,"{""close"": 0.02393, ""rsi"": 48.15894271399858, ""rsi7"": 47.85460424949464, ""macd"": 1.7605555385913527e-06, ""adx"": 13.124230221512697, ""stoch_k"": 55.55555555555585, ""stoch_d"": 60.68376068376066, ""mss"": 0.0, ""sfp"": 0.0, ""vr"": 0.8659438758434563, ""hurst"": 0.24635830150800841, ""atr14"": 2.5877901069589385e-05, ""vol_sma20"": 126029.95499999977, ""vol_ratio"": 1.9778250337390064, ""atr_pct"": 0.0010813999611194896, ""retest_entry"": true}"
اتجاهي,dir,directional,VETUSDT,هابط,EMA,-1,72689,72690,2024-10-21T11:29:00+00:00,2024-10-21T11:30:00+00:00,1,-0.0021802265756653565,-0.04360453151330713,20.0,زمني,0,False,True,symbol_collision,True,0.023932818,0.02394,0.0003,0.02393,1,baseline,0,"{""close"": 0.02394, ""rsi"": 49.14516851263562, ""rsi7"": 45.14334824536743, ""macd"": 1.408111236832747e-06, ""adx"": 13.91331489271256, ""stoch_k"": 51.58730158729935, ""stoch_d"": 57.67195767195534, ""mss"": 0.0, ""sfp"": 0.0, ""vr"": 0.7700655812711777, ""hurst"": 0.1454005954595314, ""atr14"": 2.1754342680961395e-05, ""vol_sma20"": 131457.87999999977, ""vol_ratio"": 0.284545894091705, ""atr_pct"": 0.0009087027017945445, ""retest_entry"": true}"
اتجاهي,dir,directional,VETUSDT,هابط,MACD,-1,72696,72709,2024-10-21T11:36:00+00:00,2024-10-21T11:49:00+00:00,13,-0.0006785716176222439,-0.013571432352444878,20.0,تتبع,0,False,True,symbol_collision,True,0.023922821,0.02393,0.0003,0.023883997622,1,baseline,0,"{""close"": 0.02392, ""rsi"": 43.44512335108768, ""rsi7"": 37.63995501031181, ""macd"": -1.2803811367864705e-06, ""adx"": 13.571599393994523, ""stoch_k"": 43.65079365079171, ""stoch_d"": 42.32804232804054, ""mss"": 0.0, ""sfp"": 0.0, ""vr"": 0.7940549506113588, ""hurst"": 0.19950391854611213, ""atr14"": 2.150970089695619e-05, ""vol_sma20"": 133140.1149999998, ""vol_ratio"": 0.5248831278236474, ""atr_pct"": 0.0008992349873309444, ""retest_entry"": true}"
اتجاهي,dir,directional,VETUSDT,هابط,Stochastic,-1,72737,72738,2024-10-21T12:17:00+00:00,2024-10-21T12:18:00+00:00,1,-0.001936122420011442,-0.03872244840022884,20.0,تتبع,0,False,True,symbol_collision,True,0.024022791,0.02403,0.0003,0.024014084838,1,baseline,0,"{""close"": 0.02404, ""rsi"": 68.99661660293455, ""rsi7"": 72.22582245288856, ""macd"": 6.000385603231522e-06, ""adx"": 32.47624712427504, ""stoch_k"": 94.44444444444515, ""stoch_d"": 96.36752136752212, ""mss"": 0.0, ""sfp"": 0.0, ""vr"": 0.9003231798826669, ""hurst"": 0.36807554992043595, ""atr14"": 2.061483602752085e-05, ""vol_sma20"": 206095.1299999998, ""vol_ratio"": 0.6067523284029085, ""atr_pct"": 0.000857522297317839, ""retest_entry"": true}"
اتجاهي,dir,directional,VETUSDT,هابط,Bollinger,-1,72740,72741,2024-10-21T12:20:00+00:00,2024-10-21T12:21:00+00:00,1,-0.00218126876624406,-0.0436253753248812,20.0,زمني,0,False,True,symbol_collision,True,0.0239928,0.024,0.0003,0.02399,1,baseline,0,"{""close"": 0.024, ""rsi"": 55.49750776156285, ""rsi7"": 45.385937052264886, ""macd"": -2.9870326975982846e-06, ""adx"": 26.831223420630874, ""stoch_k"": 36.8386243386256, ""stoch_d"": 56.87830687830833, ""mss"": 0.0, ""sfp"": 0.0, ""vr"": 0.984790741750197, ""hurst"": 0.37235349278741753, ""atr14"": 2.2387315871888722e-05, ""vol_sma20"": 210673.02499999976, ""vol_ratio"": 0.29558981269671364, ""atr_pct"": 0.0009328048279953634, ""retest_entry"": true}"
اتجاهي,dir,directional,VETUSDT,هابط,FVG,-1,72749,72750,2024-10-21T12:29:00+00:00,2024-10-21T12:30:00+00:00,1,-0.0025971028071656095,-0.05194205614331219,20.0,زمني,0,False,True,symbol_collision,True,0.023972806000000003,0.02398,0.0003,0.02398,1,baseline,0,"{""close"": 0.02397, ""rsi"": 43.90536054840591, ""rsi7"": 29.49384299383763, ""macd"": -7.816234260643008e-06, ""adx"": 17.23933978996219, ""stoch_k"": 17.77777777777925, ""stoch_d"": 18.888888888889852, ""mss"": 0.0, ""sfp"": 0.0, ""vr"": 0.9093717911505578, ""hurst"": 0.40206145157807754, ""atr14"": 2.0239308661283494e-05, ""vol_sma20"": 64588.53499999976, ""vol_ratio"": 0.045038953120704946, ""atr_pct"": 0.0008443599775253855, ""retest_entry"": true}"
اتجاهي,dir,directional,VETUSDT,هابط,FVG,-1,72758,72759,2024-10-21T12:38:00+00:00,2024-10-21T12:39:00+00:00,1,-0.0025971028071656095,-0.05194205614331219,20.0,زمني,0,False,True,symbol_collision,True,0.023862839,0.02387,0.0003,0.02387,1,baseline,0,"{""close"": 0.02388, ""rsi"": 29.320139396051985, ""rsi7"": 18.430277814579597, ""macd"": -1.2920665036499962e-05, ""adx"": 17.672473391071954, ""stoch_k"": 8.143939393939657, ""stoch_d"": 20.643939393940666, ""mss"": 0.0, ""sfp"": 0.0, ""vr"": 1.1540761028885331, ""hurst"": 0.39970308172784447, ""atr14"": 2.554090698188562e-05, ""vol_sma20"": 82243.24499999976, ""vol_ratio"": 1.0629797012508473, ""atr_pct"": 0.0010695522186719272, ""retest_entry"": true}"
اتجاهي,dir,directional,VETUSDT,هابط,MicroBurst,-1,72783,72783,2024-10-21T13:03:00+00:00,2024-10-21T13:03:00+00:00,0,-0.0055896103896101905,-0.11179220779220381,20.0,وقف,0,False,True,,False,0.023875666,0.02389,0.0006,0.023947292997999997,1,baseline,0,"{""close"": 0.02389, ""rsi"": 53.77208483190094, ""rsi7"": 61.8893649146446, ""macd"": 1.0818229087489242e-05, ""adx"": 21.839450812931997, ""stoch_k"": 88.20512820512933, ""stoch_d"": 89.23076923076997, ""mss"": 0.0, ""sfp"": 0.0, ""vr"": 1.321746584574024, ""hurst"": 0.5736290047645255, ""atr14"": 3.014474581192591e-05, ""vol_sma20"": 175235.34999999977, ""vol_ratio"": 5.216033180519805, ""atr_pct"": 0.001261814391457761, ""retest_entry"": true}"
اتجاهي,dir,directional,VETUSDT,هابط,KAMA,-1,72785,72786,2024-10-21T13:05:00+00:00,2024-10-21T13:06:00+00:00,1,-0.002779153123668353,-0.055583062473367056,20.0,زمني,0,False,True,,False,0.023915641999999997,0.02393,0.0006,0.02392,1,baseline,0,"{""close"": 0.02391, ""rsi"": 56.511308873414286, ""rsi7"": 62.488119273212135, ""macd"": 1.1295041907144841e-05, ""adx"": 24.18383002462056, ""stoch_k"": 81.29629629629765, ""stoch_d"": 85.52231718898516, ""mss"": 0.0, ""sfp"": 0.0, ""vr"": 1.3657337633519004, ""hurst"": 0.5719332705278223, ""atr14"": 3.1400316541915486e-05, ""vol_sma20"": 146520.50999999978, ""vol_ratio"": 0.0027306757258761974, ""atr_pct"": 0.0013132712899170007, ""retest_entry"": true}"
اتجاهي,dir,directional,VETUSDT,هابط,MACD,-1,72795,72796,2024-10-21T13:15:00+00:00,2024-10-21T13:16:00+00:00,1,-0.002777403017446239,-0.055548060348924774,20.0,زمني,0,False,True,,False,0.023815702,0.02383,0.0006,0.02382,1,baseline,0,"{""close"": 0.02383, ""rsi"": 40.790660198179154, ""rsi7"": 33.03921430857446, ""macd"": -4.081884579049136e-06, ""adx"": 21.339378585177176, ""stoch_k"": 30.000000000000657, ""stoch_d"": 45.555555555556936, ""mss"": 0.0, ""sfp"": 0.0, ""vr"": 1.3330088435168634, ""hurst"": 0.5425066389596712, ""atr14"": 3.193809907763163e-05, ""vol_sma20"": 142967.55999999976, ""vol_ratio"": 0.8070194385355685, ""atr_pct"": 0.0013402475483689311, ""retest_entry"": true}"
اتجاهي,dir,directional,VETUSDT,هابط,ADX,-1,72799,72801,2024-10-21T13:19:00+00:00,2024-10-21T13:21:00+00:00,2,-0.0022746527717878618,-0.04549305543575723,20.0,تتبع,0,False,True,,False,0.023668678999999998,0.02369,0.0009,0.023653903622,1,baseline,0,"{""close"": 0.02369, ""rsi"": 26.419260203520466, ""rsi7"": 15.068301620692935, ""macd"": -2.1756079155784415e-05, ""adx"": 23.602505408551597, ""stoch_k"": 4.76190476190513, ""stoch_d"": 1.5873015873018141, ""mss"": 0.0, ""sfp"": 0.0, ""vr"": 1.5430223992151268, ""hurst"": 0.4772872235508324, ""atr14"": 3.780050103488761e-05, ""vol_sma20"": 268702.05999999976, ""vol_ratio"": 6.083310265652602, ""atr_pct"": 0.0015956311116457412, ""retest_entry"": true}"
اتجاهي,dir,directional,VETUSDT,هابط,Bollinger,-1,72813,72817,2024-10-21T13:33:00+00:00,2024-10-21T13:37:00+00:00,4,0.00018807259394537404,0.003761451878907481,20.0,تتبع,0,True,True,,False,0.023698652,0.02372,0.0009,0.023625325064,1,baseline,0,"{""close"": 0.02371, ""rsi"": 39.57283060619261, ""rsi7"": 36.83379409572262, ""macd"": 3.582381214815534e-06, ""adx"": 17.469171858985476, ""stoch_k"": 59.36819172113238, ""stoch_d"": 68.8234251701745, ""mss"": 0.0, ""sfp"": 0.0, ""vr"": 1.5141858497044156, ""hurst"": 0.3897421813427076, ""atr14"": 4.230797850112256e-05, ""vol_sma20"": 357629.7849999998, ""vol_ratio"": 0.20779896730357636, ""atr_pct"": 0.0017843938633961436, ""retest_entry"": true}"
اتجاهي,dir,directional,VETUSDT,هابط,ADX,-1,72822,72823,2024-10-21T13:42:00+00:00,2024-10-21T13:43:00+00:00,1,-0.003495873558930256,-0.06991747117860511,20.0,زمني,0,False,True,,False,0.023538796,0.02356,0.0009,0.02356,1,baseline,0,"{""close"": 0.02354, ""rsi"": 29.492696602129485, ""rsi7"": 23.52545418922456, ""macd"": -1.109224074302007e-05, ""adx"": 25.278869724835417, ""stoch_k"": 10.144927536231966, ""stoch_d"": 18.840579710145224, ""mss"": 0.0, ""sfp"": 0.0, ""vr"": 1.5131133456382153, ""hurst"": 0.338733286625145, ""atr14"": 4.545680644580724e-05, ""vol_sma20"": 167922.74499999976, ""vol_ratio"": 2.8817418390820175, ""atr_pct"": 0.0019310453035602058, ""retest_entry"": true}"
اتجاهي,dir,directional,VETUSDT,هابط,Stochastic,-1,72832,72835,2024-10-21T13:52:00+00:00,2024-10-21T13:55:00+00:00,3,0.0029899933187828446,0.05979986637565689,20.0,تتبع,0,True,True,,False,0.02363581,0.02365,0.0006,0.02349625942,1,baseline,0,"{""close"": 0.02365, ""rsi"": 47.84860420465543, ""rsi7"": 53.51593940299725, ""macd"": 1.5277697300165542e-05, ""adx"": 19.609642434805203, ""stoch_k"": 84.31372549019726, ""stoch_d"": 88.64379084967432, ""mss"": 0.0, ""sfp"": 0.0, ""vr"": 1.3826605410811748, ""hurst"": 0.355751773255443, ""atr14"": 4.4782068619934786e-05, ""vol_sma20"": 244807.06999999977, ""vol_ratio"": 0.7642667346167746, ""atr_pct"": 0.0018935335568682785, ""retest_entry"": true}"
اتجاهي,dir,directional,VETUSDT,هابط,KAMA,-1,72853,72856,2024-10-21T14:13:00+00:00,2024-10-21T14:16:00+00:00,3,-0.0013627905036474241,-0.027255810072948482,20.0,قفل-ربح,0,False,True,,False,0.023685779999999997,0.0237,0.0006,0.02366358488716485,1,baseline,0,"{""close"": 0.02371, ""rsi"": 58.799412652488925, ""rsi7"": 64.45543386161447, ""macd"": 2.4942695725427684e-05, ""adx"": 20.14210470534591, ""stoch_k"": 89.74358974359025, ""stoch_d"": 95.29914529914579, ""mss"": 0.0, ""sfp"": 0.0, ""vr"": 1.254227730815416, ""hurst"": 0.29859923410683786, ""atr14"": 4.937290788175212e-05, ""vol_sma20"": 632158.6199999998, ""vol_ratio"": 0.0829960999345386, ""atr_pct"": 0.0020823664226803933, ""retest_entry"": true}"
اتجاهي,dir,directional,VETUSDT,هابط,EMA,-1,72861,72875,2024-10-21T14:21:00+00:00,2024-10-21T14:35:00+00:00,14,0.0003859428362627916,0.0077188567252558325,20.0,تتبع,0,True,True,,False,0.023642905000000002,0.02365,0.0003,0.02357930971,1,baseline,0,"{""close"": 0.02365, ""rsi"": 50.1002390984085, ""rsi7"": 44.43959076752759, ""macd"": 1.8037738122087808e-06, ""adx"": 15.414579654358533, ""stoch_k"": 62.301587301587574, ""stoch_d"": 71.49165649165673, ""mss"": 0.0, ""sfp"": 0.0, ""vr"": 1.088584307865198, ""hurst"": 0.33547190121874915, ""atr14"": 4.4880173988936266e-05, ""vol_sma20"": 200545.40499999977, ""vol_ratio"": 0.25302050675257337, ""atr_pct"": 0.0018976817754307088, ""retest_entry"": true}"
اتجاهي,dir,directional,VETUSDT,هابط,Bollinger,-1,72888,72893,2024-10-21T14:48:00+00:00,2024-10-21T14:53:00+00:00,5,-0.0015734264571602627,-0.031468529143205255,20.0,قفل-ربح,0,False,True,,False,0.023652902,0.02366,0.0003,0.023635731321415058,1,baseline,0,"{""close"": 0.02366, ""rsi"": 56.51302856356271, ""rsi7"": 63.73876775722034, ""macd"": 1.2276164126921352e-05, ""adx"": 14.436637820030196, ""stoch_k"": 86.66666666666767, ""stoch_d"": 89.24707602339282, ""mss"": 0.0, ""sfp"": 0.0, ""vr"": 0.8727956196717586, ""hurst"": 0.31553971959464366, ""atr14"": 3.816851407631162e-05, ""vol_sma20"": 243453.01999999973, ""vol_ratio"": 0.5115972683353862, ""atr_pct"": 0.0016132085408415732, ""retest_entry"": true}"
اتجاهي,dir,directional,VETUSDT,هابط,FVG,-1,72902,72907,2024-10-21T15:02:00+00:00,2024-10-21T15:07:00+00:00,5,0.0027551879283825636,0.055103758567651276,20.0,تتبع,0,True,True,,False,0.023542935,0.02355,0.0003,0.02342370117,1,baseline,0,"{""close"": 0.02356, ""rsi"": 39.77118756441675, ""rsi7"": 29.98746828224199, ""macd"": -4.134466368419636e-06, ""adx"": 14.00043452008519, ""stoch_k"": 38.88888888888927, ""stoch_d"": 63.383838383839134, ""mss"": 0.0, ""sfp"": 0.0, ""vr"": 0.892130369687731, ""hurst"": 0.2691663371258621, ""atr14"": 3.9578516198075854e-05, ""vol_sma20"": 167731.68499999976, ""vol_ratio"": 2.4812849164425943, ""atr_pct"": 0.0016799030644344588, ""retest_entry"": true}"
اتجاهي,dir,directional,VETUSDT,هابط,Stochastic,-1,72922,72939,2024-10-21T15:22:00+00:00,2024-10-21T15:39:00+00:00,17,0.00014739633028467797,0.0029479266056935596,20.0,تتبع,0,True,True,,False,0.023442965,0.02345,0.0003,0.02338551263,1,baseline,0,"{""close"": 0.02348, ""rsi"": 46.958432274543405, ""rsi7"": 50.09729873006818, ""macd"": 1.4295576458212238e-05, ""adx"": 23.730635528187047, ""stoch_k"": 86.60130718954356, ""stoch_d"": 91.45969498910772, ""mss"": 0.0, ""sfp"": 0.0, ""vr"": 0.959727843110535, ""hurst"": 0.23395501336176355, ""atr14"": 4.301281293865415e-05, ""vol_sma20"": 585558.1549999997, ""vol_ratio"": 0.04407418764409491, ""atr_pct"": 0.0018318915220891887, ""retest_entry"": true}"
اتجاهي,dir,directional,VETUSDT,هابط,FVG,-1,72953,72954,2024-10-21T15:53:00+00:00,2024-10-21T15:54:00+00:00,1,-0.0042994511196804445,-0.0859890223936089,20.0,زمني,0,False,True,,False,0.023442965,0.02345,0.0003,0.02349,1,baseline,0,"{""close"": 0.02347, ""rsi"": 53.81298403155456, ""rsi7"": 54.2356093123434, ""macd"": 1.1101101826571778e-05, ""adx"": 23.19803652935067, ""stoch_k"": 77.81862745098186, ""stoch_d"": 86.0294117647071, ""mss"": 0.0, ""sfp"": 0.0, ""vr"": 0.7795322095503708, ""hurst"": 0.273171861584348, ""atr14"": 3.101489113378911e-05, ""vol_sma20"": 129386.99999999977, ""vol_ratio"": 0.08016725018742238, ""atr_pct"": 0.0013214695838853474, ""retest_entry"": true}"
اتجاهي,dir,directional,VETUSDT,هابط,FVG,-1,72968,72969,2024-10-21T16:08:00+00:00,2024-10-21T16:09:00+00:00,1,-0.0030226898852944014,-0.06045379770588803,20.0,زمني,0,False,True,,False,0.023442965,0.02345,0.0003,0.02346,1,baseline,0,"{""close"": 0.02345, ""rsi"": 40.98462046566477, ""rsi7"": 27.296023294896585, ""macd"": -7.5765131128945264e-06, ""adx"": 28.759928398710784, ""stoch_k"": 33.17460317460456, ""stoch_d"": 54.7089947089965, ""mss"": 0.0, ""sfp"": 0.0, ""vr"": 0.8159407605980936, ""hurst"": 0.3560386330730161, ""atr14"": 3.037455132168663e-05, ""vol_sma20"": 161595.61999999976, ""vol_ratio"": 2.678959986663009, ""atr_pct"": 0.0012952900350399418, ""retest_entry"": true}"
اتجاهي,dir,directional,VETUSDT,هابط,MicroBurst,-1,72973,72974,2024-10-21T16:13:00+00:00,2024-10-21T16:14:00+00:00,1,-0.005290809190808995,-0.1058161838161799,20.0,وقف,0,False,True,,False,0.023422971,0.02343,0.0003,0.023493239912999998,1,baseline,0,"{""close"": 0.02343, ""rsi"": 37.685168705436595, ""rsi7"": 23.70235421375594, ""macd"": -1.3373211196157041e-05, ""adx"": 24.0272117890293, ""stoch_k"": 10.370370370371235, ""stoch_d"": 11.604938271606416, ""mss"": 0.0, ""sfp"": 0.0, ""vr"": 0.8112431278097143, ""hurst"": 0.37826380731629056, ""atr14"": 2.9869917080463383e-05, ""vol_sma20"": 207436.23999999976, ""vol_ratio"": 4.877159362317795, ""atr_pct"": 0.0012748577499130766, ""retest_entry"": true}"
اتجاهي,dir,directional,VETUSDT,هابط,FVG,-1,72978,72979,2024-10-21T16:18:00+00:00,2024-10-21T16:19:00+00:00,1,-0.0034493672804464513,-0.06898734560892902,20.0,زمني,0,False,True,,False,0.023412974,0.02342,0.0003,0.02344,1,baseline,0,"{""close"": 0.02343, ""rsi"": 40.867901957310586, ""rsi7"": 34.64279641940027, ""macd"": -5.973232174244864e-06, ""adx"": 21.534716441645497, ""stoch_k"": 37.77777777777812, ""stoch_d"": 43.33333333333379, ""mss"": 0.0, ""sfp"": 0.0, ""vr"": 0.9002552219282925, ""hurst"": 0.3665696343114826, ""atr14"": 3.284877789491839e-05, ""vol_sma20"": 299393.6799999998, ""vol_ratio"": 0.3995962773830098, ""atr_pct"": 0.0014019964957284845, ""retest_entry"": true}"
اتجاهي,dir,directional,VETUSDT,هابط,ADX,-1,72982,72983,2024-10-21T16:22:00+00:00,2024-10-21T16:23:00+00:00,1,-0.003024329561537113,-0.06048659123074226,20.0,زمني,0,False,True,,False,0.023352992,0.02336,0.0003,0.02337,1,baseline,0,"{""close"": 0.02337, ""rsi"": 32.827305169679164, ""rsi7"": 22.8180831795748, ""macd"": -1.0614604243715e-05, ""adx"": 24.444125821548273, ""stoch_k"": 13.406593406593514, ""stoch_d"": 16.951566951566967, ""mss"": 0.0, ""sfp"": 0.0, ""vr"": 0.9117637749493723, ""hurst"": 0.3671169257452136, ""atr14"": 3.30220206543305e-05, ""vol_sma20"": 250015.88499999978, ""vol_ratio"": 1.4227971954662015, ""atr_pct"": 0.0014130090138780701, ""retest_entry"": true}"
اتجاهي,dir,directional,VETUSDT,هابط,MicroBurst,-1,72988,72989,2024-10-21T16:28:00+00:00,2024-10-21T16:29:00+00:00,1,-0.003025062369005943,-0.060501247380118854,20.0,زمني,0,False,True,,False,0.023313004000000002,0.02332,0.0003,0.02333,1,baseline,0,"{""close"": 0.02332, ""rsi"": 26.56676900141015, ""rsi7"": 14.324669307113268, ""macd"": -1.25664285633825e-05, ""adx"": 33.37490851190259, ""stoch_k"": 5.458089668616322, ""stoch_d"": 8.384359591790234, ""mss"": 0.0, ""sfp"": 0.0, ""vr"": 0.8391622119165537, ""hurst"": 0.36513561506215003, ""atr14"": 3.000905321290807e-05, ""vol_sma20"": 283505.4599999998, ""vol_ratio"": 0.691083339276782, ""atr_pct"": 0.0012868376163339653, ""retest_entry"": true}"
اتجاهي,dir,directional,VETUSDT,هابط,Bollinger,-1,73009,73010,2024-10-21T16:49:00+00:00,2024-10-21T16:50:00+00:00,1,-0.003876592163847377,-0.07753184327694754,20.0,زمني,0,False,True,,False,0.02339298,0.0234,0.0003,0.02343,1,baseline,0,"{""close"": 0.0234, ""rsi"": 50.55949503693604, ""rsi7"": 47.54500659896861, ""macd"": 7.900786457577978e-06, ""adx"": 24.3685974886897, ""stoch_k"": 74.50980392156818, ""stoch_d"": 79.73856209150291, ""mss"": 0.0, ""sfp"": 0.0, ""vr"": 0.7846437333128257, ""hurst"": 0.42548533406523903, ""atr14"": 2.6003406470983843e-05, ""vol_sma20"": 103422.97499999977, ""vol_ratio"": 0.2911461404006225, ""atr_pct"": 0.0011112566867941813, ""retest_entry"": true}"
اتجاهي,dir,directional,VETUSDT,هابط,Bollinger,-1,73020,73021,2024-10-21T17:00:00+00:00,2024-10-21T17:01:00+00:00,1,-0.0034490035312046015,-0.06898007062409203,20.0,زمني,0,False,True,,False,0.023422971,0.02343,0.0003,0.02345,1,baseline,0,"{""close"": 0.02344, ""rsi"": 57.923833659546446, ""rsi7"": 60.9118704270731, ""macd"": 2.111593576430528e-06, ""adx"": 18.144581175574345, ""stoch_k"": 66.6666666666628, ""stoch_d"": 68.51851851851501, ""mss"": 0.0, ""sfp"": 0.0, ""vr"": 0.6679261758818953, ""hurst"": 0.48324379499809134, ""atr14"": 2.038483660857132e-05, ""vol_sma20"": 67521.67499999977, ""vol_ratio"": 0.04135709014920038, ""atr_pct"": 0.0008696602648707901, ""retest_entry"": true}"
اتجاهي,dir,directional,VETUSDT,هابط,OBV,-1,73032,73033,2024-10-21T17:12:00+00:00,2024-10-21T17:13:00+00:00,1,-0.003019626811489147,-0.06039253622978294,20.0,زمني,0,False,True,,False,0.023612914,0.02362,0.0003,0.02363,1,baseline,0,"{""close"": 0.02362, ""rsi"": 77.64039522348415, ""rsi7"": 80.47469851535358, ""macd"": 1.6990933339789913e-05, ""adx"": 37.45502738934582, ""stoch_k"": 91.10671936758938, ""stoch_d"": 95.10320597277189, ""mss"": 0.0, ""sfp"": 0.0, ""vr"": 0.867063375997549, ""hurst"": 0.5031902289233035, ""atr14"": 2.4537369868810264e-05, ""vol_sma20"": 127218.57499999976, ""vol_ratio"": 2.6760188125043896, ""atr_pct"": 0.0010388386904661416, ""retest_entry"": true}"
اتجاهي,dir,directional,VETUSDT,هابط,RSI,-1,73037,73040,2024-10-21T17:17:00+00:00,2024-10-21T17:20:00+00:00,3,-0.0009166758256824531,-0.018333516513649062,20.0,تتبع,0,False,True,,False,0.023622911000000003,0.02363,0.0003,0.023590212002,1,baseline,0,"{""close"": 0.02363, ""rsi"": 71.27232946243262, ""rsi7"": 66.76569399697928, ""macd"": 5.403016394382185e-06, ""adx"": 42.56135769797225, ""stoch_k"": 93.3166248955731, ""stoch_d"": 93.13055365687042, ""mss"": 0.0, ""sfp"": 0.0, ""vr"": 0.8379405629849471, ""hurst"": 0.5393751400969273, ""atr14"": 2.3223793788860988e-05, ""vol_sma20"": 136455.85999999978, ""vol_ratio"": 0.9424102416708245, ""atr_pct"": 0.0009828097244545487, ""retest_entry"": true}"
اتجاهي,dir,directional,VETUSDT,هابط,Bollinger,-1,73046,73047,2024-10-21T17:26:00+00:00,2024-10-21T17:27:00+00:00,1,-0.005138703057280384,-0.10277406114560768,20.0,زمني,0,False,True,,False,0.023552932000000002,0.02356,0.0003,0.02362,1,baseline,0,"{""close"": 0.02357, ""rsi"": 51.71309872251899, ""rsi7"": 38.86805719360464, ""macd"": -1.1950895415645675e-05, ""adx"": 31.27440022009891, ""stoch_k"": 8.333333333333517, ""stoch_d"": 15.277777777777766, ""mss"": 0.0, ""sfp"": 0.0, ""vr"": 0.8639798494949348, ""hurst"": 0.5639897669312816, ""atr14"": 2.3260634760520517e-05, ""vol_sma20"": 149377.25499999977, ""vol_ratio"": 0.49090405363253, ""atr_pct"": 0.0009868746186050283, ""retest_entry"": true}"
اتجاهي,dir,directional,VETUSDT,هابط,FVG,-1,73051,73052,2024-10-21T17:31:00+00:00,2024-10-21T17:32:00+00:00,1,-0.0034435843154029997,-0.06887168630806,20.0,زمني,0,False,True,,False,0.023572926,0.02358,0.0003,0.0236,1,baseline,0,"{""close"": 0.02359, ""rsi"": 53.28990439705186, ""rsi7"": 46.83453970200444, ""macd"": -6.3181524800254045e-06, ""adx"": 26.87721556144629, ""stoch_k"": 56.87830687830628, ""stoch_d"": 59.0828924162253, ""mss"": 0.0, ""sfp"": 0.0, ""vr"": 0.8577088594718585, ""hurst"": 0.5619782785851878, ""atr14"": 2.2727901436414213e-05, ""vol_sma20"": 106089.07499999975, ""vol_ratio"": 0.10302851636702484, ""atr_pct"": 0.0009634549146423999, ""retest_entry"": true}"
اتجاهي,dir,directional,VETUSDT,هابط,Bollinger,-1,73069,73070,2024-10-21T17:49:00+00:00,2024-10-21T17:50:00+00:00,1,-0.0030190908402360863,-0.060381816804721725,20.0,زمني,0,False,True,,False,0.023642905000000002,0.02365,0.0003,0.02366,1,baseline,0,"{""close"": 0.02365, ""rsi"": 56.76554427716055, ""rsi7"": 51.7012475247077, ""macd"": -2.6592244186216385e-06, ""adx"": 33.03095193612463, ""stoch_k"": 54.16666666666968, ""stoch_d"": 65.03086419753323, ""mss"": 0.0, ""sfp"": 0.0, ""vr"": 0.8627475849090045, ""hurst"": 0.4333413728538743, ""atr14"": 2.1916553423894956e-05, ""vol_sma20"": 76472.40499999977, ""vol_ratio"": 0.061495385165407236, ""atr_pct"": 0.0009267041616868903, ""retest_entry"": true}"
اتجاهي,dir,directional,VETUSDT,هابط,MicroBurst,-1,73072,73073,2024-10-21T17:52:00+00:00,2024-10-21T17:53:00+00:00,1,-0.0034407221632196316,-0.06881444326439264,20.0,زمني,0,False,True,,False,0.023652902,0.02366,0.0003,0.02368,1,baseline,0,"{""close"": 0.02365, ""rsi"": 54.740660441864875, ""rsi7"": 48.49953527725042, ""macd"": -3.0333150216448475e-06, ""adx"": 32.6659739174001, ""stoch_k"": 58.33333333333484, ""stoch_d"": 62.037037037039404, ""mss"": 0.0, ""sfp"": 0.0, ""vr"": 0.8832582281878991, ""hurst"": 0.4116233792044243, ""atr14"": 2.2248785667746608e-05, ""vol_sma20"": 122177.82499999976, ""vol_ratio"": 6.175958689721326, ""atr_pct"": 0.0009407520366911885, ""retest_entry"": true}"
اتجاهي,dir,directional,VETUSDT,هابط,FVG,-1,73077,73078,2024-10-21T17:57:00+00:00,2024-10-21T17:58:00+00:00,1,-0.0030192693461722816,-0.06038538692344563,20.0,زمني,0,False,True,,False,0.023632908,0.02364,0.0003,0.02365,1,baseline,0,"{""close"": 0.02363, ""rsi"": 46.71620333155711, ""rsi7"": 36.023296955093414, ""macd"": -4.96238543811836e-06, ""adx"": 28.950149704753013, ""stoch_k"": 38.888888888891046, ""stoch_d"": 60.18518518518638, ""mss"": 0.0, ""sfp"": 0.0, ""vr"": 0.8995425210803736, ""hurst"": 0.37638384134135533, ""atr14"": 2.2307610625287498e-05, ""vol_sma20"": 107356.59499999977, ""vol_ratio"": 0.6405456506887178, ""atr_pct"": 0.0009440376904480531, ""retest_entry"": true}"
اتجاهي,dir,directional,VETUSDT,هابط,FVG,-1,73081,73082,2024-10-21T18:01:00+00:00,2024-10-21T18:02:00+00:00,1,-0.003866825069521473,-0.07733650139042947,20.0,زمني,0,False,True,,False,0.023572926,0.02358,0.0003,0.02361,1,baseline,0,"{""close"": 0.0236, ""rsi"": 39.87197804541841, ""rsi7"": 28.430699435899257, ""macd"": -7.833516892875647e-06, ""adx"": 24.35432303119067, ""stoch_k"": 31.48148148148414, ""stoch_d"": 34.56790123457172, ""mss"": 0.0, ""sfp"": 0.0, ""vr"": 0.954531753383971, ""hurst"": 0.37244932505382355, ""atr14"": 2.3286590667139613e-05, ""vol_sma20"": 124026.83499999977, ""vol_ratio"": 3.6920590612507436, ""atr_pct"": 0.000986719943522865, ""retest_entry"": true}"
اتجاهي,dir,directional,VETUSDT,هابط,Bollinger,-1,73089,73102,2024-10-21T18:09:00+00:00,2024-10-21T18:22:00+00:00,13,-0.0017898035736383813,-0.03579607147276763,20.0,قفل-ربح,0,False,True,,False,0.023612914,0.02362,0.0003,0.023600893411373867,1,baseline,0,"{""close"": 0.02363, ""rsi"": 48.65326087662402, ""rsi7"": 47.491920504012924, ""macd"": -2.1290197696051613e-06, ""adx"": 21.884875255794203, ""stoch_k"": 59.343434343435156, ""stoch_d"": 63.97306397306473, ""mss"": 0.0, ""sfp"": 0.0, ""vr"": 1.1166026436680576, ""hurst"": 0.3956778128134557, ""atr14"": 2.6731747931147495e-05, ""vol_sma20"": 149583.7699999998, ""vol_ratio"": 0.33493138994959193, ""atr_pct"": 0.0011312631371623993, ""retest_entry"": true}"
اتجاهي,dir,directional,VETUSDT,هابط,FVG,-1,73106,73107,2024-10-21T18:26:00+00:00,2024-10-21T18:27:00+00:00,1,-0.002771521990287139,-0.05543043980574278,20.0,زمني,0,False,True,,False,0.0234859,0.0235,0.0006,0.02349,1,baseline,0,"{""close"": 0.02351, ""rsi"": 30.80290744366377, ""rsi7"": 21.075186706461736, ""macd"": -1.0100367688960921e-05, ""adx"": 24.865106664012245, ""stoch_k"": 23.148148148147758, ""stoch_d"": 31.32716049382657, ""mss"": 0.0, ""sfp"": 0.0, ""vr"": 1.3359145295659676, ""hurst"": 0.4065801728461625, ""atr14"": 3.1841928384452365e-05, ""vol_sma20"": 307189.59499999974, ""vol_ratio"": 0.5419662733042769, ""atr_pct"": 0.0013543993357912534, ""retest_entry"": true}"
اتجاهي,dir,directional,VETUSDT,هابط,FVG,-1,73125,73126,2024-10-21T18:45:00+00:00,2024-10-21T18:46:00+00:00,1,-0.003020882721480647,-0.06041765442961294,20.0,زمني,0,False,True,,False,0.023542935,0.02355,0.0003,0.02356,1,baseline,0,"{""close"": 0.02356, ""rsi"": 42.7797311492981, ""rsi7"": 33.49160507603543, ""macd"": -2.7957422847717485e-06, ""adx"": 19.498997117460462, ""stoch_k"": 41.394335511983456, ""stoch_d"": 48.11909949164923, ""mss"": 0.0, ""sfp"": 0.0, ""vr"": 1.140484898927485, ""hurst"": 0.23281986510325547, ""atr14"": 2.9610131618115698e-05, ""vol_sma20"": 485371.83999999973, ""vol_ratio"": 0.017615566655041225, ""atr_pct"": 0.0012567967579845372, ""retest_entry"": true}"
اتجاهي,dir,directional,VETUSDT,هابط,OBV,-1,73130,73148,2024-10-21T18:50:00+00:00,2024-10-21T19:08:00+00:00,18,-0.005559788085996143,-0.11119576171992286,20.0,وقف,0,False,True,,False,0.023572926,0.02358,0.0003,0.02365,1,baseline,0,"{""close"": 0.02357, ""rsi"": 47.001095100975235, ""rsi7"": 47.53734738707755, ""macd"": -2.332097210379474e-06, ""adx"": 16.250842221919015, ""stoch_k"": 16.666666666666632, ""stoch_d"": 13.333333333333513, ""mss"": 0.0, ""sfp"": 0.0, ""vr"": 0.9718391153371889, ""hurst"": 0.24877186638909496, ""atr14"": 2.5433124217002077e-05, ""vol_sma20"": 455498.7549999998, ""vol_ratio"": 0.049377083368756985, ""atr_pct"": 0.0010790464241409452, ""retest_entry"": true}"
اتجاهي,dir,directional,VETUSDT,هابط,MicroBurst,-1,73151,73152,2024-10-21T19:11:00+00:00,2024-10-21T19:12:00+00:00,1,-0.004285054939447629,-0.08570109878895257,20.0,زمني,0,False,True,,False,0.023642905000000002,0.02365,0.0003,0.02369,1,baseline,0,"{""close"": 0.02365, ""rsi"": 63.80760795936086, ""rsi7"": 69.16191670065544, ""macd"": 5.990209612939143e-06, ""adx"": 25.401349522887735, ""stoch_k"": 85.18518518518619, ""stoch_d"": 93.82716049382782, ""mss"": 0.0, ""sfp"": 0.0, ""vr"": 0.8121688349110464, ""hurst"": 0.2667442708121241, ""atr14"": 2.075606215661521e-05, ""vol_sma20"": 137051.40999999977, ""vol_ratio"": 11.87681104484808, ""atr_pct"": 0.0008776347634932436, ""retest_entry"": true}"
اتجاهي,dir,directional,VETUSDT,هابط,Stochastic,-1,73157,73158,2024-10-21T19:17:00+00:00,2024-10-21T19:18:00+00:00,1,-0.0011793399074475134,-0.023586798148950268,20.0,تتبع,0,False,True,,False,0.023652902,0.02366,0.0003,0.023626388564,1,baseline,0,"{""close"": 0.02368, ""rsi"": 62.627221815992286, ""rsi7"": 59.5305155546982, ""macd"": 6.134848868753561e-06, ""adx"": 36.43579196638955, ""stoch_k"": 89.92673992674075, ""stoch_d"": 94.26129426129506, ""mss"": 0.0, ""sfp"": 0.0, ""vr"": 0.7817751635295617, ""hurst"": 0.30856838959288246, ""atr14"": 1.9859340286321457e-05, ""vol_sma20"": 136158.68499999976, ""vol_ratio"": 0.7532791610024743, ""atr_pct"": 0.0008386545729020886, ""retest_entry"": true}"
اتجاهي,dir,directional,VETUSDT,هابط,FVG,-1,73163,73164,2024-10-21T19:23:00+00:00,2024-10-21T19:24:00+00:00,1,-0.0025971028071656095,-0.05194205614331219,20.0,زمني,0,False,True,,False,0.023602917,0.02361,0.0003,0.02361,1,baseline,0,"{""close"": 0.02361, ""rsi"": 44.05613378190196, ""rsi7"": 34.297958472836925, ""macd"": -8.242718772149755e-06, ""adx"": 24.66988723394299, ""stoch_k"": 13.333333333335725, ""stoch_d"": 21.80134680134968, ""mss"": 0.0, ""sfp"": 0.0, ""vr"": 0.8785409490375771, ""hurst"": 0.29876780127310126, ""atr14"": 2.2334557192911e-05, ""vol_sma20"": 135670.22499999977, ""vol_ratio"": 0.049109522741633334, ""atr_pct"": 0.0009459787036387548, ""retest_entry"": true}"
اتجاهي,dir,directional,VETUSDT,هابط,FVG,-1,73185,73187,2024-10-21T19:45:00+00:00,2024-10-21T19:47:00+00:00,2,-0.0019166972836062767,-0.03833394567212553,20.0,قفل-ربح,0,False,True,,False,0.023662899,0.02367,0.0003,0.023653862553769688,1,baseline,0,"{""close"": 0.02367, ""rsi"": 54.97050276419227, ""rsi7"": 54.314691366857645, ""macd"": 8.172752647786704e-07, ""adx"": 16.639856219319135, ""stoch_k"": 58.333333333333876, ""stoch_d"": 70.55555555555621, ""mss"": 0.0, ""sfp"": 0.0, ""vr"": 0.8131794167255264, ""hurst"": 0.21361025212485865, ""atr14"": 2.0087017728238117e-05, ""vol_sma20"": 60290.25999999976, ""vol_ratio"": 2.0527743618952794, ""atr_pct"": 0.0008486277029251423, ""retest_entry"": true}"
اتجاهي,dir,directional,VETUSDT,هابط,FVG,-1,73197,73198,2024-10-21T19:57:00+00:00,2024-10-21T19:58:00+00:00,1,-0.003017845512988392,-0.060356910259767846,20.0,زمني,0,False,True,,False,0.023712884000000004,0.02372,0.0003,0.02373,1,baseline,0,"{""close"": 0.02373, ""rsi"": 59.1281076624867, ""rsi7"": 55.70778510116331, ""macd"": 6.140709553692158e-06, ""adx"": 18.579958223775467, ""stoch_k"": 86.66666666666782, ""stoch_d"": 94.07407407407482, ""mss"": 0.0, ""sfp"": 0.0, ""vr"": 1.042240720823861, ""hurst"": 0.14032081071907687, ""atr14"": 2.555827623348068e-05, ""vol_sma20"": 131946.81499999977, ""vol_ratio"": 0.07596090894653286, ""atr_pct"": 0.0010770449318786633, ""retest_entry"": true}"
اتجاهي,dir,directional,VETUSDT,هابط,FVG,-1,73201,73204,2024-10-21T20:01:00+00:00,2024-10-21T20:04:00+00:00,3,-0.001799243362270249,-0.03598486724540498,20.0,قفل-ربح,0,False,True,,False,0.023652902,0.02366,0.0003,0.02364108484735041,1,baseline,0,"{""close"": 0.02366, ""rsi"": 41.92988458517372, ""rsi7"": 29.922825937370376, ""macd"": -5.836235913351689e-06, ""adx"": 17.252475572665997, ""stoch_k"": 45.00000000000082, ""stoch_d"": 60.18518518518665, ""mss"": 0.0, ""sfp"": 0.0, ""vr"": 1.0736049870978346, ""hurst"": 0.11652280874556423, ""atr14"": 2.6268219687225093e-05, ""vol_sma20"": 151628.55999999976, ""vol_ratio"": 0.16136669767225936, ""atr_pct"": 0.0011102375184795052, ""retest_entry"": true}"
اتجاهي,dir,directional,VETUSDT,هابط,KAMA,-1,73210,73211,2024-10-21T20:10:00+00:00,2024-10-21T20:11:00+00:00,1,-0.0025971028071656095,-0.05194205614331219,20.0,زمني,0,False,True,,False,0.023622911000000003,0.02363,0.0003,0.02363,1,baseline,0,"{""close"": 0.02363, ""rsi"": 41.76699153293002, ""rsi7"": 38.63995727794364, ""macd"": -7.843426307881367e-06, ""adx"": 17.68550852150936, ""stoch_k"": 18.43137254902081, ""stoch_d"": 22.483660130720285, ""mss"": 0.0, ""sfp"": 0.0, ""vr"": 1.0286321365365858, ""hurst"": 0.2108510215795323, ""atr14"": 2.496154144776422e-05, ""vol_sma20"": 187012.01499999975, ""vol_ratio"": 0.059147001865094154, ""atr_pct"": 0.0010563496169176563, ""retest_entry"": true}"
اتجاهي,dir,directional,VETUSDT,هابط,Bollinger,-1,73219,73223,2024-10-21T20:19:00+00:00,2024-10-21T20:23:00+00:00,4,-0.001927860783362806,-0.03855721566725612,20.0,تتبع,0,False,True,,False,0.023612914,0.02362,0.0003,0.023604160852,1,baseline,0,"{""close"": 0.02361, ""rsi"": 40.45552623439259, ""rsi7"": 37.48349302596002, ""macd"": -1.8636769629501072e-06, ""adx"": 15.613407131273998, ""stoch_k"": 22.222222222223408, ""stoch_d"": 38.88888888889106, ""mss"": 0.0, ""sfp"": 0.0, ""vr"": 0.8908690514595148, ""hurst"": 0.29241864844402876, ""atr14"": 2.053382965719285e-05, ""vol_sma20"": 179915.19499999977, ""vol_ratio"": 0.004564928493115887, ""atr_pct"": 0.0008697090070814422, ""retest_entry"": true}"
اتجاهي,dir,directional,VETUSDT,هابط,MACD,-1,73228,73229,2024-10-21T20:28:00+00:00,2024-10-21T20:29:00+00:00,1,-0.0034435843154029997,-0.06887168630806,20.0,زمني,0,False,True,,False,0.023572926,0.02358,0.0003,0.0236,1,baseline,0,"{""close"": 0.02359, ""rsi"": 38.898046676561606, ""rsi7"": 34.55065670143149, ""macd"": -2.625191373473156e-07, ""adx"": 17.80390133458069, ""stoch_k"": 26.66666666666767, ""stoch_d"": 48.88888888889, ""mss"": 0.0, ""sfp"": 0.0, ""vr"": 0.8342123315895523, ""hurst"": 0.3411442625653046, ""atr14"": 1.83082629094052e-05, ""vol_sma20"": 51804.63999999977, ""vol_ratio"": 5.0844499643275425, ""atr_pct"": 0.0007761027091735989, ""retest_entry"": true}"
اتجاهي,dir,directional,VETUSDT,هابط,Stochastic,-1,73237,73293,2024-10-21T20:37:00+00:00,2024-10-21T21:33:00+00:00,56,-0.0011787887903627003,-0.023575775807254007,20.0,تتبع,0,False,True,,False,0.023642905000000002,0.02365,0.0003,0.02361638971,1,baseline,0,"{""close"": 0.02365, ""rsi"": 55.65995783104985, ""rsi7"": 61.11498041660868, ""macd"": 8.36994334301023e-06, ""adx"": 16.708614938666976, ""stoch_k"": 88.88888888888987, ""stoch_d"": 95.06172839506239, ""mss"": 0.0, ""sfp"": 0.0, ""vr"": 0.8081778890133952, ""hurst"": 0.3408280773181444, ""atr14"": 1.7324108838023133e-05, ""vol_sma20"": 49204.06499999976, ""vol_ratio"": 0.6143496477374409, ""atr_pct"": 0.0007325204582673629, ""retest_entry"": true}"
اتجاهي,dir,directional,VETUSDT,صاعد,FVG,1,80868,80869,2024-10-27T03:48:00+00:00,2024-10-27T03:49:00+00:00,1,-0.003647550845762451,-0.07295101691524902,20.0,زمني,0,False,True,symbol_collision,True,0.02206323,0.02205,0.0006,0.02204,1,baseline,0,"{""close"": 0.02204, ""rsi"": 65.03674566135587, ""rsi7"": 70.62202462510734, ""macd"": -2.02062538806038e-06, ""adx"": 39.70721981611801, ""stoch_k"": 51.85185185185171, ""stoch_d"": 34.56790123456779, ""mss"": 0.0, ""sfp"": 0.0, ""vr"": 1.2617045167502994, ""hurst"": 0.42687610701141404, ""atr14"": 1.886328396503689e-05, ""vol_sma20"": 124590.16499999983, ""vol_ratio"": 0.15869390653748655, ""atr_pct"": 0.0008558658786314379, ""retest_entry"": true}"
اتجاهي,dir,directional,VETUSDT,صاعد,FVG,1,80874,80875,2024-10-27T03:54:00+00:00,2024-10-27T03:55:00+00:00,1,-0.003049055168505352,-0.060981103370107044,20.0,زمني,0,False,True,symbol_collision,True,0.022066618,0.02206,0.0003,0.02205,1,baseline,0,"{""close"": 0.02206, ""rsi"": 65.76326894168396, ""rsi7"": 69.537551753514, ""macd"": 2.289133450353881e-06, ""adx"": 39.875400776143906, ""stoch_k"": 85.55555555555668, ""stoch_d"": 82.83950617284097, ""mss"": 0.0, ""sfp"": 0.0, ""vr"": 1.1670390409906581, ""hurst"": 0.4249451667504712, ""atr14"": 1.7586295996459023e-05, ""vol_sma20"": 135616.57499999984, ""vol_ratio"": 0.6760250360252802, ""atr_pct"": 0.000797202901018088, ""retest_entry"": true}"
اتجاهي,dir,directional,VETUSDT,صاعد,MicroBurst,1,80881,80882,2024-10-27T04:01:00+00:00,2024-10-27T04:02:00+00:00,1,-0.003952090444620809,-0.07904180889241619,20.0,زمني,0,False,True,symbol_collision,True,0.022086624,0.02208,0.0003,0.02205,1,baseline,0,"{""close"": 0.02208, ""rsi"": 66.54617367847447, ""rsi7"": 71.69967120634401, ""macd"": 2.4788777240753455e-07, ""adx"": 35.30052589462426, ""stoch_k"": 79.16666666666815, ""stoch_d"": 70.8333333333353, ""mss"": 0.0, ""sfp"": 0.0, ""vr"": 1.103870683680217, ""hurst"": 0.39439545309462953, ""atr14"": 1.660964361170287e-05, ""vol_sma20"": 46498.07499999985, ""vol_ratio"": 3.1325103243521473, ""atr_pct"": 0.0007522483519792967, ""retest_entry"": true}"
اتجاهي,dir,directional,VETUSDT,صاعد,FVG,1,80903,80904,2024-10-27T04:23:00+00:00,2024-10-27T04:24:00+00:00,1,-0.002596923220735855,-0.0519384644147171,20.0,زمني,0,False,True,symbol_collision,True,0.022056614999999998,0.02205,0.0003,0.02205,1,baseline,0,"{""close"": 0.02205, ""rsi"": 48.85272268883785, ""rsi7"": 44.441040845951505, ""macd"": -3.953455045015109e-06, ""adx"": 17.103608082137647, ""stoch_k"": 33.33333333333392, ""stoch_d"": 21.29629629629711, ""mss"": 0.0, ""sfp"": 0.0, ""vr"": 0.8558433201796272, ""hurst"": 0.29610385612833745, ""atr14"": 1.2670271979675419e-05, ""vol_sma20"": 49097.71999999985, ""vol_ratio"": 0.03421543810995715, ""atr_pct"": 0.0005746155092823319, ""retest_entry"": true}"
اتجاهي,dir,directional,VETUSDT,صاعد,FVG,1,80907,80908,2024-10-27T04:27:00+00:00,2024-10-27T04:28:00+00:00,1,-0.002596923220735966,-0.05193846441471932,20.0,زمني,0,False,True,symbol_collision,True,0.022066618,0.02206,0.0003,0.02206,1,baseline,0,"{""close"": 0.02206, ""rsi"": 53.88511864517698, ""rsi7"": 56.63004658601749, ""macd"": -1.5519103123361828e-06, ""adx"": 17.734866826516093, ""stoch_k"": 55.55555555555614, ""stoch_d"": 44.44444444444506, ""mss"": 0.0, ""sfp"": 0.0, ""vr"": 0.68353736195172, ""hurst"": 0.32014529099293215, ""atr14"": 1.0083185079433272e-05, ""vol_sma20"": 48743.68999999985, ""vol_ratio"": 0.08583675138258948, ""atr_pct"": 0.00045708001266696606, ""retest_entry"": true}"
اتجاهي,dir,directional,VETUSDT,صاعد,Stochastic,1,80922,80923,2024-10-27T04:42:00+00:00,2024-10-27T04:43:00+00:00,1,-0.003049670872474014,-0.06099341744948028,20.0,زمني,0,False,True,symbol_collision,True,0.022036609,0.02203,0.0003,0.02202,1,baseline,0,"{""close"": 0.02203, ""rsi"": 38.324026031078915, ""rsi7"": 28.48520460116407, ""macd"": -2.6935004163520785e-06, ""adx"": 14.951334097907518, ""stoch_k"": 13.333333333333917, ""stoch_d"": 10.370370370371182, ""mss"": 0.0, ""sfp"": 0.0, ""vr"": 0.7120728884577066, ""hurst"": 0.4275277839436905, ""atr14"": 1.0307344323855887e-05, ""vol_sma20"": 11271.784999999847, ""vol_ratio"": 0.0, ""atr_pct"": 0.00046787763612600485, ""retest_entry"": true}"
اتجاهي,dir,directional,VETUSDT,صاعد,MACD,1,80929,80950,2024-10-27T04:49:00+00:00,2024-10-27T05:10:00+00:00,21,-0.0053121766057975485,-0.10624353211595097,20.0,وقف,0,False,True,symbol_collision,True,0.022046612,0.02204,0.0003,0.02198,1,baseline,0,"{""close"": 0.02204, ""rsi"": 50.61422255341196, ""rsi7"": 56.367648299833476, ""macd"": 1.9887578170051069e-07, ""adx"": 14.225088779762102, ""stoch_k"": 53.33333333333716, ""stoch_d"": 35.55555555555853, ""mss"": 0.0, ""sfp"": 0.0, ""vr"": 0.8660035415979842, ""hurst"": 0.41025258143880383, ""atr14"": 1.2232847800319229e-05, ""vol_sma20"": 10199.569999999849, ""vol_ratio"": 0.20510668587009365, ""atr_pct"": 0.0005550293920290031, ""retest_entry"": true}"
اتجاهي,dir,directional,VETUSDT,صاعد,FVG,1,80954,80983,2024-10-27T05:14:00+00:00,2024-10-27T05:43:00+00:00,29,-0.002596923220735855,-0.0519384644147171,20.0,تتبع,0,False,True,symbol_collision,True,0.022006599999999998,0.022,0.0003,0.022,1,baseline,0,"{""close"": 0.02199, ""rsi"": 43.223329451031596, ""rsi7"": 46.8542841760431, ""macd"": -6.349916012858806e-07, ""adx"": 13.328471804009025, ""stoch_k"": 24.44444444444346, ""stoch_d"": 14.629629629629463, ""mss"": 0.0, ""sfp"": 0.0, ""vr"": 0.9325711237094552, ""hurst"": 0.2946060856043191, ""atr14"": 1.2471481649512323e-05, ""vol_sma20"": 15319.644999999848, ""vol_ratio"": 0.0, ""atr_pct"": 0.0005671433219423521, ""retest_entry"": true}"
اتجاهي,dir,directional,VETUSDT,صاعد,FVG,1,80987,80988,2024-10-27T05:47:00+00:00,2024-10-27T05:48:00+00:00,1,-0.003050494424364478,-0.06100988848728956,20.0,زمني,0,False,True,symbol_collision,True,0.021996597,0.02199,0.0003,0.02198,1,baseline,0,"{""close"": 0.022, ""rsi"": 53.21536638813522, ""rsi7"": 56.81424271458124, ""macd"": 1.1402756023472847e-06, ""adx"": 11.726172135009778, ""stoch_k"": 41.66666666666364, ""stoch_d"": 36.1111111111088, ""mss"": 0.0, ""sfp"": 0.0, ""vr"": 0.9214103919374388, ""hurst"": 0.19325024291796533, ""atr14"": 1.0318026421884312e-05, ""vol_sma20"": 14186.849999999846, ""vol_ratio"": 0.0, ""atr_pct"": 0.0004690012009947415, ""retest_entry"": true}"
اتجاهي,dir,directional,VETUSDT,صاعد,Bollinger,1,81002,81113,2024-10-27T06:02:00+00:00,2024-10-27T07:53:00+00:00,111,-0.005290809190809106,-0.10581618381618212,20.0,وقف,0,False,True,symbol_collision,True,0.021946582,0.02194,0.0003,0.021880742254,1,baseline,0,"{""close"": 0.02194, ""rsi"": 37.2227896741847, ""rsi7"": 38.57495603967669, ""macd"": -4.706703087902064e-06, ""adx"": 16.386946329412943, ""stoch_k"": 12.500000000002936, ""stoch_d"": 9.722222222225506, ""mss"": 0.0, ""sfp"": 0.0, ""vr"": 1.1504530077978181, ""hurst"": 0.19748900356765867, ""atr14"": 1.2683695676823655e-05, ""vol_sma20"": 111663.26499999985, ""vol_ratio"": 0.18166314588777271, ""atr_pct"": 0.0005781082806209506, ""retest_entry"": true}"
اتجاهي,dir,directional,VETUSDT,صاعد,Bollinger,1,81120,81122,2024-10-27T08:00:00+00:00,2024-10-27T08:02:00+00:00,2,-0.0012936638804944252,-0.025873277609888504,20.0,تتبع,0,False,True,symbol_collision,True,0.02186311,0.02185,0.0006,0.02189826802,1,baseline,0,"{""close"": 0.02186, ""rsi"": 38.93786290586217, ""rsi7"": 38.51007994568076, ""macd"": -6.2138796013889736e-06, ""adx"": 26.83366173728738, ""stoch_k"": 10.000000000002206, ""stoch_d"": 7.7777777777803605, ""mss"": 0.0, ""sfp"": 0.0, ""vr"": 1.3405733271369853, ""hurst"": 0.27183160371840626, ""atr14"": 1.5032717601700433e-05, ""vol_sma20"": 177257.39999999985, ""vol_ratio"": 0.2638090144614557, ""atr_pct"": 0.0006876815005352439, ""retest_entry"": true}"
اتجاهي,dir,directional,VETUSDT,صاعد,FVG,1,96070,96072,2024-11-06T17:10:00+00:00,2024-11-06T17:12:00+00:00,2,-0.0017462915250313824,-0.03492583050062765,20.0,قفل-ربح,0,False,True,symbol_collision,True,0.021446432,0.02144,0.0003,0.021458285028370674,1,baseline,0,"{""close"": 0.02145, ""rsi"": 57.868678792069126, ""rsi7"": 62.88761405039888, ""macd"": 3.6549878068773705e-06, ""adx"": 15.443876193302444, ""stoch_k"": 76.66666666666703, ""stoch_d"": 70.5555555555565, ""mss"": 0.0, ""sfp"": 0.0, ""vr"": 0.8880399448897854, ""hurst"": 0.14303985338139247, ""atr14"": 2.634444518955386e-05, ""vol_sma20"": 125374.12999999977, ""vol_ratio"": 0.038030971780222994, ""atr_pct"": 0.0012281792629162639, ""retest_entry"": true}"
اتجاهي,dir,directional,VETUSDT,صاعد,Bollinger,1,96084,96093,2024-11-06T17:24:00+00:00,2024-11-06T17:33:00+00:00,9,-0.0017892423202833458,-0.03578484640566691,20.0,قفل-ربح,0,False,True,symbol_collision,True,0.021396416999999997,0.02139,0.0003,0.021407321276485796,1,baseline,0,"{""close"": 0.02139, ""rsi"": 41.48500439592807, ""rsi7"": 34.3200014958648, ""macd"": -6.574539467604561e-06, ""adx"": 20.130174037029416, ""stoch_k"": 15.151515151515374, ""stoch_d"": 10.101010101010814, ""mss"": 0.0, ""sfp"": 0.0, ""vr"": 0.8493755347114009, ""hurst"": 0.12499508863502948, ""atr14"": 2.422445818653639e-05, ""vol_sma20"": 145136.44499999977, ""vol_ratio"": 1.0622052924060545, ""atr_pct"": 0.0011325132392022623, ""retest_entry"": true}"
اتجاهي,dir,directional,VETUSDT,صاعد,KAMA,1,96096,96097,2024-11-06T17:36:00+00:00,2024-11-06T17:37:00+00:00,1,-0.0035277707025645993,-0.07055541405129198,20.0,زمني,0,False,True,symbol_collision,True,0.021436429,0.02143,0.0003,0.02141,1,baseline,0,"{""close"": 0.02142, ""rsi"": 52.34177379579258, ""rsi7"": 57.24825876631764, ""macd"": 9.151825622264536e-07, ""adx"": 13.16029189840844, ""stoch_k"": 66.66666666666544, ""stoch_d"": 64.81481481481337, ""mss"": 0.0, ""sfp"": 0.0, ""vr"": 0.8093570850946271, ""hurst"": 0.09923872180706829, ""atr14"": 2.2127612297205614e-05, ""vol_sma20"": 146203.69499999977, ""vol_ratio"": 0.28218507063039727, ""atr_pct"": 0.0010330351212514291, ""retest_entry"": true}"
اتجاهي,dir,directional,VETUSDT,صاعد,FVG,1,96114,96115,2024-11-06T17:54:00+00:00,2024-11-06T17:55:00+00:00,1,-0.003064090938197041,-0.06128181876394082,20.0,زمني,0,False,True,symbol_collision,True,0.021356405000000002,0.02135,0.0003,0.02134,1,baseline,0,"{""close"": 0.02136, ""rsi"": 43.31032363126043, ""rsi7"": 44.98166786622614, ""macd"": -3.197997917142729e-06, ""adx"": 30.587417616852978, ""stoch_k"": 33.3333333333352, ""stoch_d"": 31.919191919194194, ""mss"": 0.0, ""sfp"": 0.0, ""vr"": 0.856064455600145, ""hurst"": 0.15050820593090353, ""atr14"": 2.2008030168708918e-05, ""vol_sma20"": 106915.26499999975, ""vol_ratio"": 0.0027507765144668605, ""atr_pct"": 0.001030338491044425, ""retest_entry"": true}"
اتجاهي,dir,directional,VETUSDT,صاعد,MACD,1,96121,96124,2024-11-06T18:01:00+00:00,2024-11-06T18:04:00+00:00,3,-0.0010404235856251657,-0.020808471712503315,20.0,تتبع,0,False,True,symbol_collision,True,0.021376410999999998,0.02137,0.0003,0.021403349002,1,baseline,0,"{""close"": 0.02136, ""rsi"": 47.182005755185095, ""rsi7"": 54.47387992663247, ""macd"": 1.3404522179542732e-06, ""adx"": 37.11323285598381, ""stoch_k"": 55.833333333335396, ""stoch_d"": 33.88888888889107, ""mss"": 0.0, ""sfp"": 0.0, ""vr"": 0.753505458187527, ""hurst"": 0.2004319244703305, ""atr14"": 1.8793587728359576e-05, ""vol_sma20"": 104249.68499999976, ""vol_ratio"": 0.9895204959132512, ""atr_pct"": 0.0008798496127509165, ""retest_entry"": true}"
اتجاهي,dir,directional,VETUSDT,صاعد,FVG,1,96131,96132,2024-11-06T18:11:00+00:00,2024-11-06T18:12:00+00:00,1,-0.002596923220735855,-0.0519384644147171,20.0,زمني,0,False,True,symbol_collision,True,0.021486443999999997,0.02148,0.0003,0.02148,1,baseline,0,"{""close"": 0.02148, ""rsi"": 68.94849986334144, ""rsi7"": 76.83074589720837, ""macd"": 1.3353007108120005e-05, ""adx"": 31.367564813290297, ""stoch_k"": 95.13888888888984, ""stoch_d"": 94.50757575757711, ""mss"": 0.0, ""sfp"": 0.0, ""vr"": 0.910586529881, ""hurst"": 0.19319232597118266, ""atr14"": 2.1825427719174727e-05, ""vol_sma20"": 68277.69499999976, ""vol_ratio"": 1.2883636449648792, ""atr_pct"": 0.0010160813649522686, ""retest_entry"": true}"
اتجاهي,dir,directional,VETUSDT,صاعد,Bollinger,1,96139,96178,2024-11-06T18:19:00+00:00,2024-11-06T18:58:00+00:00,39,-0.0018798706465444279,-0.03759741293088856,20.0,تتبع,0,False,True,symbol_collision,True,0.021486443999999997,0.02148,0.0003,0.021495442392,1,baseline,0,"{""close"": 0.02148, ""rsi"": 63.20798170655175, ""rsi7"": 66.09558707458328, ""macd"": 1.1007703727134764e-06, ""adx"": 29.045728427258137, ""stoch_k"": 69.90740740740928, ""stoch_d"": 63.51010101010336, ""mss"": 0.0, ""sfp"": 0.0, ""vr"": 0.9846698671899935, ""hurst"": 0.2702608037849649, ""atr14"": 2.2987135100082443e-05, ""vol_sma20"": 77750.54999999977, ""vol_ratio"": 0.4691285142034379, ""atr_pct"": 0.0010701645763539313, ""retest_entry"": true}"
اتجاهي,dir,directional,VETUSDT,هابط,RSI,-1,104740,104741,2024-11-12T17:40:00+00:00,2024-11-12T17:41:00+00:00,1,-0.0037307662280803094,-0.07461532456160619,20.0,زمني,0,False,True,,False,0.026402077,0.02641,0.0003,0.02644,1,baseline,0,"{""close"": 0.02641, ""rsi"": 66.78153417057578, ""rsi7"": 65.79300851679265, ""macd"": 1.7249293852230733e-05, ""adx"": 32.13818158437299, ""stoch_k"": 91.97691197691267, ""stoch_d"": 95.08417508417612, ""mss"": 0.0, ""sfp"": 0.0, ""vr"": 0.6921556360264054, ""hurst"": 0.29478465856397257, ""atr14"": 5.3518641101514674e-05, ""vol_sma20"": 325520.8699999998, ""vol_ratio"": 0.7749791895063445, ""atr_pct"": 0.002026453657762767, ""retest_entry"": true}"
اتجاهي,dir,directional,VETUSDT,هابط,Bollinger,-1,104743,104745,2024-11-12T17:43:00+00:00,2024-11-12T17:45:00+00:00,2,-0.0014120988689593095,-0.02824197737918619,20.0,قفل-ربح,0,False,True,,False,0.026442065,0.02645,0.0003,0.026418593886942558,1,baseline,0,"{""close"": 0.02644, ""rsi"": 68.21236924929389, ""rsi7"": 68.53949403355455, ""macd"": 7.73360481610829e-06, ""adx"": 33.1889437261284, ""stoch_k"": 91.91919191919298, ""stoch_d"": 90.57239057239171, ""mss"": 0.0, ""sfp"": 0.0, ""vr"": 0.6844830880236915, ""hurst"": 0.2795572378060627, ""atr14"": 5.215395572158477e-05, ""vol_sma20"": 285808.7999999998, ""vol_ratio"": 0.5155971404659343, ""atr_pct"": 0.001972539928955551, ""retest_entry"": true}"
اتجاهي,dir,directional,VETUSDT,هابط,MicroBurst,-1,104754,104760,2024-11-12T17:54:00+00:00,2024-11-12T18:00:00+00:00,6,0.0005670763439475274,0.011341526878950547,20.0,تتبع,0,True,True,,False,0.026282113000000003,0.02629,0.0003,0.026206647166,1,baseline,0,"{""close"": 0.02628, ""rsi"": 41.542216765783564, ""rsi7"": 27.465298554551453, ""macd"": -1.7813842007827943e-05, ""adx"": 24.21687286719001, ""stoch_k"": 28.463787674315004, ""stoch_d"": 29.502174239018128, ""mss"": 0.0, ""sfp"": 0.0, ""vr"": 0.739111069107992, ""hurst"": 0.21771417611250773, ""atr14"": 5.290470169789587e-05, ""vol_sma20"": 399882.4399999998, ""vol_ratio"": 2.8324862176993832, ""atr_pct"": 0.002013116502964074, ""retest_entry"": true}"
اتجاهي,dir,directional,VETUSDT,هابط,Bollinger,-1,104782,104783,2024-11-12T18:22:00+00:00,2024-11-12T18:23:00+00:00,1,-0.005290809190808995,-0.1058161838161799,20.0,وقف,0,False,True,,False,0.026412074,0.02642,0.0003,0.026491310222,1,baseline,0,"{""close"": 0.02641, ""rsi"": 54.76441434859418, ""rsi7"": 51.25918994586283, ""macd"": 2.710018645197141e-06, ""adx"": 18.578566243770858, ""stoch_k"": 73.1725146198835, ""stoch_d"": 74.5857699805075, ""mss"": 0.0, ""sfp"": 0.0, ""vr"": 0.8908192027723696, ""hurst"": 0.3326822712110234, ""atr14"": 5.3753281053227226e-05, ""vol_sma20"": 242662.44499999977, ""vol_ratio"": 1.1652672501507195, ""atr_pct"": 0.0020353381693762676, ""retest_entry"": true}"
اتجاهي,dir,directional,VETUSDT,هابط,MicroBurst,-1,104792,104793,2024-11-12T18:32:00+00:00,2024-11-12T18:33:00+00:00,1,-0.0018467255904649322,-0.036934511809298645,20.0,زمني,0,False,True,,False,0.02659202,0.0266,0.0003,0.02658,1,baseline,0,"{""close"": 0.02658, ""rsi"": 64.07198892607673, ""rsi7"": 63.81659169352741, ""macd"": 9.733533933010967e-06, ""adx"": 32.59486343500968, ""stoch_k"": 80.95238095238155, ""stoch_d"": 85.42097998619845, ""mss"": 0.0, ""sfp"": 0.0, ""vr"": 0.9939148972237716, ""hurst"": 0.3777532299070684, ""atr14"": 5.7603985815633366e-05, ""vol_sma20"": 516183.6199999998, ""vol_ratio"": 1.9210863374548777, ""atr_pct"": 0.0021671928448319553, ""retest_entry"": true}"
اتجاهي,dir,directional,VETUSDT,هابط,MicroBurst,-1,104799,104800,2024-11-12T18:39:00+00:00,2024-11-12T18:40:00+00:00,1,-0.0029722914155159478,-0.05944582831031896,20.0,زمني,0,False,True,,False,0.02659202,0.0266,0.0003,0.02661,1,baseline,0,"{""close"": 0.02659, ""rsi"": 56.58432342580476, ""rsi7"": 50.58224482259422, ""macd"": -3.630136395286698e-06, ""adx"": 32.82843246012334, ""stoch_k"": 53.246753246753705, ""stoch_d"": 70.12987012987107, ""mss"": 0.0, ""sfp"": 0.0, ""vr"": 1.149698233388034, ""hurst"": 0.40182978162548205, ""atr14"": 6.559721839072956e-05, ""vol_sma20"": 655056.5699999998, ""vol_ratio"": 1.8478416299221307, ""atr_pct"": 0.002466988280960119, ""retest_entry"": true}"
اتجاهي,dir,directional,VETUSDT,هابط,OBV,-1,104803,104804,2024-11-12T18:43:00+00:00,2024-11-12T18:44:00+00:00,1,-0.005290809190809106,-0.10581618381618212,20.0,وقف,0,False,True,,False,0.026522041000000003,0.02653,0.0003,0.026601607123000002,1,baseline,0,"{""close"": 0.02654, ""rsi"": 49.943749478531856, ""rsi7"": 39.33541181666957, ""macd"": -1.4584930767026794e-05, ""adx"": 26.039349276016967, ""stoch_k"": 24.074074074074787, ""stoch_d"": 36.13916947250369, ""mss"": 0.0, ""sfp"": 0.0, ""vr"": 1.0688625073265459, ""hurst"": 0.40428567407515575, ""atr14"": 6.0543579614161645e-05, ""vol_sma20"": 623323.5149999999, ""vol_ratio"": 0.2514978116941409, ""atr_pct"": 0.0022812200306767763, ""retest_entry"": true}"
اتجاهي,dir,directional,VETUSDT,هابط,MicroBurst,-1,104812,104813,2024-11-12T18:52:00+00:00,2024-11-12T18:53:00+00:00,1,-0.0029717280692570843,-0.059434561385141686,20.0,زمني,0,False,True,,False,0.026632008000000002,0.02664,0.0003,0.02665,1,baseline,0,"{""close"": 0.02663, ""rsi"": 56.36218419592131, ""rsi7"": 54.47608767286795, ""macd"": -2.8926500786554153e-06, ""adx"": 17.87946980903261, ""stoch_k"": 72.80701754386105, ""stoch_d"": 67.7997076023406, ""mss"": 0.0, ""sfp"": 0.0, ""vr"": 1.0845176981442126, ""hurst"": 0.38765811527771354, ""atr14"": 6.0581537642460894e-05, ""vol_sma20"": 492730.4249999998, ""vol_ratio"": 1.587757037735188, ""atr_pct"": 0.0022749356981772773, ""retest_entry"": true}"
اتجاهي,dir,directional,VETUSDT,هابط,MicroBurst,-1,104819,104821,2024-11-12T18:59:00+00:00,2024-11-12T19:01:00+00:00,2,-0.0008426110408628844,-0.01685222081725769,20.0,تتبع,0,False,True,,False,0.026711984,0.02672,0.0003,0.026673026112000002,1,baseline,0,"{""close"": 0.02672, ""rsi"": 63.164364823957975, ""rsi7"": 66.66722085309347, ""macd"": 6.065256984345767e-06, ""adx"": 19.550287742540505, ""stoch_k"": 89.39393939394047, ""stoch_d"": 91.72979797979927, ""mss"": 0.0, ""sfp"": 0.0, ""vr"": 1.0040466974499895, ""hurst"": 0.3898854512363768, ""atr14"": 5.5813188551668245e-05, ""vol_sma20"": 409233.2499999998, ""vol_ratio"": 5.102029221721356, ""atr_pct"": 0.0020888169368139314, ""retest_entry"": true}"
اتجاهي,dir,directional,VETUSDT,هابط,MACD,-1,104827,104828,2024-11-12T19:07:00+00:00,2024-11-12T19:08:00+00:00,1,-0.005290809190808995,-0.1058161838161799,20.0,وقف,0,False,True,,False,0.026681992999999998,0.02669,0.0003,0.026762038978999994,1,baseline,0,"{""close"": 0.02668, ""rsi"": 52.823774493251385, ""rsi7"": 48.15601069742674, ""macd"": -5.465429251289532e-06, ""adx"": 15.133141464322202, ""stoch_k"": 50.00000000000034, ""stoch_d"": 62.500000000001044, ""mss"": 0.0, ""sfp"": 0.0, ""vr"": 1.0382824250773237, ""hurst"": 0.3601283091039589, ""atr14"": 5.760514579839872e-05, ""vol_sma20"": 574152.1299999998, ""vol_ratio"": 0.23902219086080906, ""atr_pct"": 0.0021591134107345846, ""retest_entry"": true}"
اتجاهي,dir,directional,VETUSDT,هابط,Stochastic,-1,104833,104834,2024-11-12T19:13:00+00:00,2024-11-12T19:14:00+00:00,1,-0.005290809190808995,-0.1058161838161799,20.0,وقف,0,False,True,,False,0.02679196,0.0268,0.0003,0.026872335879999997,1,baseline,0,"{""close"": 0.02679, ""rsi"": 61.79211399913517, ""rsi7"": 65.1156815276021, ""macd"": 4.457026576112596e-06, ""adx"": 17.20028024997822, ""stoch_k"": 86.4661654135344, ""stoch_d"": 89.50316968892871, ""mss"": 0.0, ""sfp"": -1.0, ""vr"": 1.0420718689093587, ""hurst"": 0.377863441187686, ""atr14"": 5.790831681872908e-05, ""vol_sma20"": 529211.2249999999, ""vol_ratio"": 0.5211197098096324, ""atr_pct"": 0.0021615646442228096, ""retest_entry"": true}"
اتجاهي,dir,directional,VETUSDT,هابط,MicroBurst,-1,104839,104840,2024-11-12T19:19:00+00:00,2024-11-12T19:20:00+00:00,1,-0.004087213592102873,-0.08174427184205746,20.0,زمني,0,False,True,,False,0.026781963000000002,0.02679,0.0003,0.02683,1,baseline,0,"{""close"": 0.0268, ""rsi"": 57.07048490494103, ""rsi7"": 53.52714849917804, ""macd"": -8.963659423772913e-07, ""adx"": 20.58610605945157, ""stoch_k"": 60.86956521739228, ""stoch_d"": 69.8380747897666, ""mss"": 0.0, ""sfp"": 0.0, ""vr"": 1.1153123197957753, ""hurst"": 0.3193113149892811, ""atr14"": 6.223650631267225e-05, ""vol_sma20"": 597597.2999999998, ""vol_ratio"": 2.8112703989793806, ""atr_pct"": 0.002322257698234039, ""retest_entry"": true}"
اتجاهي,dir,directional,VETUSDT,هابط,MicroBurst,-1,104847,104848,2024-11-12T19:27:00+00:00,2024-11-12T19:28:00+00:00,1,-0.003341602395536967,-0.06683204791073934,20.0,زمني,0,False,True,,False,0.026801957,0.02681,0.0003,0.02683,1,baseline,0,"{""close"": 0.02682, ""rsi"": 55.21436428673749, ""rsi7"": 50.97061874474799, ""macd"": -5.901979252687636e-06, ""adx"": 20.118924556906762, ""stoch_k"": 60.00000000000025, ""stoch_d"": 60.000000000000504, ""mss"": 0.0, ""sfp"": 0.0, ""vr"": 1.0542227643526936, ""hurst"": 0.22387371665487635, ""atr14"": 5.956622826247388e-05, ""vol_sma20"": 673104.8699999999, ""vol_ratio"": 2.107984451219318, ""atr_pct"": 0.002220963022463605, ""retest_entry"": true}"
اتجاهي,dir,directional,VETUSDT,هابط,MicroBurst,-1,104850,104851,2024-11-12T19:30:00+00:00,2024-11-12T19:31:00+00:00,1,-0.004086657580616049,-0.08173315161232098,20.0,زمني,0,False,True,,False,0.02679196,0.0268,0.0003,0.02684,1,baseline,0,"{""close"": 0.0268, ""rsi"": 51.64690727273716, ""rsi7"": 43.228717848147944, ""macd"": -8.227132340677751e-06, ""adx"": 18.74346921286835, ""stoch_k"": 53.33333333333388, ""stoch_d"": 56.29629629629695, ""mss"": 0.0, ""sfp"": 0.0, ""vr"": 1.0043098464161835, ""hurst"": 0.21143636746115121, ""atr14"": 5.699963684134646e-05, ""vol_sma20"": 823377.0749999998, ""vol_ratio"": 1.5995640879362596, ""atr_pct"": 0.002126852120945763, ""retest_entry"": true}"
اتجاهي,dir,directional,VETUSDT,هابط,FVG,-1,105934,105934,2024-11-13T13:34:00+00:00,2024-11-13T13:34:00+00:00,0,-0.007826739503943528,-0.15653479007887056,20.0,وقف,0,False,True,,False,0.025507023,0.02553,0.0009,0.025633128695488068,1,baseline,0,"{""close"": 0.02551, ""rsi"": 61.07553053273582, ""rsi7"": 57.96475941706469, ""macd"": 2.1533322233512184e-05, ""adx"": 25.440405926612403, ""stoch_k"": 64.37969924812107, ""stoch_d"": 77.67335004177197, ""mss"": 0.0, ""sfp"": 0.0, ""vr"": 1.7872081851044015, ""hurst"": 0.34206574092529657, ""atr14"": 0.00010966992491851619, ""vol_sma20"": 729053.9749999999, ""vol_ratio"": 2.7924398875954286, ""atr_pct"": 0.004299095449569431, ""retest_entry"": true}"
اتجاهي,dir,directional,VETUSDT,هابط,Stochastic,-1,105953,105953,2024-11-13T13:53:00+00:00,2024-11-13T13:53:00+00:00,0,-0.007161097541867531,-0.14322195083735062,20.0,وقف,0,False,True,,False,0.025924436,0.02594,0.0006,0.02604305531964024,1,baseline,0,"{""close"": 0.02594, ""rsi"": 69.70601583478617, ""rsi7"": 70.087290664812, ""macd"": 2.8866627427016596e-06, ""adx"": 26.83394140832057, ""stoch_k"": 94.88636363636454, ""stoch_d"": 95.97462722462824, ""mss"": 0.0, ""sfp"": 0.0, ""vr"": 1.4671663547521725, ""hurst"": 0.4939846549463363, ""atr14"": 0.00010320915996575616, ""vol_sma20"": 839396.7399999999, ""vol_ratio"": 0.923935444400225, ""atr_pct"": 0.0039787648406228275, ""retest_entry"": true}"
اتجاهي,dir,directional,VETUSDT,صاعد,FVG,1,106088,106089,2024-11-13T16:08:00+00:00,2024-11-13T16:09:00+00:00,1,-0.0022247578935794513,-0.044495157871589024,20.0,زمني,0,False,True,symbol_collision,True,0.02680804,0.0268,0.0003,0.02681,1,baseline,0,"{""close"": 0.02678, ""rsi"": 62.167658697181494, ""rsi7"": 66.01734526886511, ""macd"": 7.016689665997822e-06, ""adx"": 21.33425410024153, ""stoch_k"": 80.95238095238174, ""stoch_d"": 70.23809523809611, ""mss"": 0.0, ""sfp"": 0.0, ""vr"": 0.7494349608543193, ""hurst"": 0.19886162733920776, ""atr14"": 8.45354099372619e-05, ""vol_sma20"": 555760.5899999999, ""vol_ratio"": 0.6254910950054953, ""atr_pct"": 0.003156662058897009, ""retest_entry"": true}"
اتجاهي,dir,directional,VETUSDT,صاعد,Bollinger,1,106104,106105,2024-11-13T16:24:00+00:00,2024-11-13T16:25:00+00:00,1,-0.0062231160191293195,-0.1244623203825864,20.0,وقف,0,False,True,,False,0.026667998,0.02666,0.0003,0.026563073990590304,1,baseline,0,"{""close"": 0.02666, ""rsi"": 47.857021687501444, ""rsi7"": 47.107679828749966, ""macd"": -2.123404302675442e-05, ""adx"": 24.658745634637075, ""stoch_k"": 34.25925925926022, ""stoch_d"": 34.87654320987772, ""mss"": 0.0, ""sfp"": 0.0, ""vr"": 0.8678614901667523, ""hurst"": 0.1891920165633976, ""atr14"": 9.121090578017563e-05, ""vol_sma20"": 642495.5499999998, ""vol_ratio"": 0.22086985660834543, ""atr_pct"": 0.0034212642828272927, ""retest_entry"": true}"
اتجاهي,dir,directional,VETUSDT,صاعد,FVG,1,106109,106111,2024-11-13T16:29:00+00:00,2024-11-13T16:31:00+00:00,2,-0.005199167550760167,-0.10398335101520334,20.0,زمني,0,False,True,,False,0.026838049,0.02683,0.0003,0.02676,1,baseline,0,"{""close"": 0.02686, ""rsi"": 61.976108908844154, ""rsi7"": 71.59905684972887, ""macd"": 4.977794159701949e-06, ""adx"": 24.783550206058514, ""stoch_k"": 55.052910052910796, ""stoch_d"": 36.08465608465709, ""mss"": 0.0, ""sfp"": 0.0, ""vr"": 0.9827539954694111, ""hurst"": 0.17731246084404229, ""atr14"": 0.00010196544006931376, ""vol_sma20"": 507124.8899999998, ""vol_ratio"": 1.8601362674192552, ""atr_pct"": 0.003796181685380259, ""retest_entry"": true}"
اتجاهي,dir,directional,VETUSDT,صاعد,Bollinger,1,106121,106131,2024-11-13T16:41:00+00:00,2024-11-13T16:51:00+00:00,10,0.004482295572423139,0.08964591144846279,20.0,تتبع,0,True,True,,False,0.026557965,0.02655,0.0003,0.026738442629999998,1,baseline,0,"{""close"": 0.02655, ""rsi"": 43.957527315013735, ""rsi7"": 43.315283975808164, ""macd"": -1.7940074124925915e-05, ""adx"": 25.247002983890262, ""stoch_k"": 24.00000000000084, ""stoch_d"": 21.333333333334448, ""mss"": 0.0, ""sfp"": 0.0, ""vr"": 0.9428167410320162, ""hurst"": 0.19221645025152215, ""atr14"": 9.575236232332607e-05, ""vol_sma20"": 539004.4949999998, ""vol_ratio"": 1.4292468933862978, ""atr_pct"": 0.0036064919895791364, ""retest_entry"": true}"
اتجاهي,dir,directional,VETUSDT,صاعد,Bollinger,1,106143,106155,2024-11-13T17:03:00+00:00,2024-11-13T17:15:00+00:00,12,0.00168847384332657,0.0337694768665314,20.0,تتبع,0,True,True,,False,0.026607979999999996,0.0266,0.0003,0.02671428836,1,baseline,0,"{""close"": 0.0266, ""rsi"": 44.10943430352008, ""rsi7"": 38.008665561880406, ""macd"": -1.3536433325473824e-05, ""adx"": 18.265708839570998, ""stoch_k"": 17.77777777777823, ""stoch_d"": 15.40404040404119, ""mss"": 0.0, ""sfp"": 0.0, ""vr"": 0.9291246067803185, ""hurst"": 0.25650925245769113, ""atr14"": 8.466976495682314e-05, ""vol_sma20"": 479073.5849999998, ""vol_ratio"": 1.1545303630130228, ""atr_pct"": 0.003183073870557261, ""retest_entry"": true}"
اتجاهي,dir,directional,VETUSDT,صاعد,Bollinger,1,106167,106168,2024-11-13T17:27:00+00:00,2024-11-13T17:28:00+00:00,1,-0.002972876133204579,-0.05945752266409158,20.0,زمني,0,False,True,,False,0.026537959,0.02653,0.0003,0.02652,1,baseline,0,"{""close"": 0.0265, ""rsi"": 37.69130466123621, ""rsi7"": 32.456397870444945, ""macd"": -1.841396662527944e-05, ""adx"": 21.936316475042016, ""stoch_k"": 17.171717171717138, ""stoch_d"": 15.151515151515449, ""mss"": 0.0, ""sfp"": 0.0, ""vr"": 0.8113025551595544, ""hurst"": 0.2282655565165802, ""atr14"": 6.817267442843093e-05, ""vol_sma20"": 395154.9449999998, ""vol_ratio"": 0.6903299666413136, ""atr_pct"": 0.0025725537520162618, ""retest_entry"": true}"
اتجاهي,dir,directional,VETUSDT,صاعد,MACD,1,106172,106176,2024-11-13T17:32:00+00:00,2024-11-13T17:36:00+00:00,4,-0.0012656850954768967,-0.025313701909537932,20.0,تتبع,0,False,True,,False,0.026597977,0.02659,0.0003,0.026625489786,1,baseline,0,"{""close"": 0.02655, ""rsi"": 45.96600255114055, ""rsi7"": 49.61748841284124, ""macd"": 4.674348849930825e-08, ""adx"": 18.37741912320944, ""stoch_k"": 32.6297457331946, ""stoch_d"": 29.42993149889764, ""mss"": 0.0, ""sfp"": 0.0, ""vr"": 0.8104613922562538, ""hurst"": 0.2399593544031244, ""atr14"": 6.737448832063193e-05, ""vol_sma20"": 405222.4699999998, ""vol_ratio"": 0.5385264050140164, ""atr_pct"": 0.0025376455111349124, ""retest_entry"": true}"
اتجاهي,dir,directional,VETUSDT,صاعد,Bollinger,1,106188,106203,2024-11-13T17:48:00+00:00,2024-11-13T18:03:00+00:00,15,-0.0018458666870167343,-0.036917333740334686,20.0,تتبع,0,False,True,,False,0.026567968,0.02656,0.0003,0.02658,1,baseline,0,"{""close"": 0.02655, ""rsi"": 48.28397336049235, ""rsi7"": 51.179098065577456, ""macd"": -1.788903641673303e-06, ""adx"": 14.847678353684815, ""stoch_k"": 31.746031746032486, ""stoch_d"": 24.42680776014196, ""mss"": 0.0, ""sfp"": 0.0, ""vr"": 0.819713398248252, ""hurst"": 0.20881664394535152, ""atr14"": 6.629161099781704e-05, ""vol_sma20"": 346064.8749999998, ""vol_ratio"": 0.08507277717797859, ""atr_pct"": 0.002496859171292544, ""retest_entry"": true}"
اتجاهي,dir,directional,VETUSDT,صاعد,Bollinger,1,106208,106209,2024-11-13T18:08:00+00:00,2024-11-13T18:09:00+00:00,1,-0.002596923220735966,-0.05193846441471932,20.0,زمني,0,False,True,,False,0.026678001,0.02667,0.0003,0.02667,1,baseline,0,"{""close"": 0.02667, ""rsi"": 60.949799150404054, ""rsi7"": 68.0747599681182, ""macd"": 1.1709290935037608e-05, ""adx"": 11.987505192404596, ""stoch_k"": 93.98148148148242, ""stoch_d"": 81.92901234568025, ""mss"": 0.0, ""sfp"": 0.0, ""vr"": 0.8047810715024654, ""hurst"": 0.2717013218126802, ""atr14"": 6.081651281845818e-05, ""vol_sma20"": 321907.64499999984, ""vol_ratio"": 1.1088630715806709, ""atr_pct"": 0.0022803341889185667, ""retest_entry"": true}"
اتجاهي,dir,directional,VETUSDT,صاعد,FVG,1,106217,106218,2024-11-13T18:17:00+00:00,2024-11-13T18:18:00+00:00,1,-0.003337935907793294,-0.06675871815586587,20.0,زمني,0,False,True,symbol_collision,True,0.026928076,0.02692,0.0003,0.0269,1,baseline,0,"{""close"": 0.02692, ""rsi"": 75.10476149205049, ""rsi7"": 83.02199264080997, ""macd"": 2.349837618792515e-05, ""adx"": 23.596745440770505, ""stoch_k"": 91.83535762483233, ""stoch_d"": 91.29301411172884, ""mss"": 0.0, ""sfp"": 0.0, ""vr"": 0.9612283747805644, ""hurst"": 0.3520386022251545, ""atr14"": 6.937000168555357e-05, ""vol_sma20"": 618855.4099999998, ""vol_ratio"": 5.706154689671375, ""atr_pct"": 0.0025768945648422577, ""retest_entry"": true}"
اتجاهي,dir,directional,VETUSDT,صاعد,FVG,1,106243,106245,2024-11-13T18:43:00+00:00,2024-11-13T18:45:00+00:00,2,-0.005540937049225054,-0.11081874098450108,20.0,وقف,0,False,True,,False,0.026768028,0.02676,0.0003,0.026681013066949054,1,baseline,0,"{""close"": 0.02674, ""rsi"": 45.300843062387614, ""rsi7"": 41.33240017650357, ""macd"": -2.4600611906063872e-05, ""adx"": 23.46503230853541, ""stoch_k"": 21.46631146631208, ""stoch_d"": 15.23757213412457, ""mss"": 0.0, ""sfp"": 0.0, ""vr"": 1.0925838546886808, ""hurst"": 0.3994143448652246, ""atr14"": 7.558593245390948e-05, ""vol_sma20"": 663402.5199999999, ""vol_ratio"": 0.5767376343400084, ""atr_pct"": 0.0028266990446488213, ""retest_entry"": true}"
اتجاهي,dir,directional,VETUSDT,صاعد,FVG,1,106249,106250,2024-11-13T18:49:00+00:00,2024-11-13T18:50:00+00:00,1,-0.001272967394846151,-0.025459347896923022,20.0,تتبع,0,False,True,,False,0.026768028,0.02676,0.0003,0.026795521303999998,1,baseline,0,"{""close"": 0.02676, ""rsi"": 49.641599213363854, ""rsi7"": 53.865861136031626, ""macd"": -9.071721354174874e-06, ""adx"": 19.573932389235253, ""stoch_k"": 24.637681159420875, ""stoch_d"": 18.085470085470888, ""mss"": 0.0, ""sfp"": 0.0, ""vr"": 1.0002589369847774, ""hurst"": 0.39623631408539295, ""atr14"": 6.869817197791793e-05, ""vol_sma20"": 354198.6949999998, ""vol_ratio"": 2.0269645544572104, ""atr_pct"": 0.0025671962622540335, ""retest_entry"": true}"
اتجاهي,dir,directional,VETUSDT,صاعد,MicroBurst,1,106263,106263,2024-11-13T19:03:00+00:00,2024-11-13T19:03:00+00:00,0,-0.006429095610881676,-0.12858191221763351,20.0,وقف,0,False,True,,False,0.02686611,0.02685,0.0006,0.026762899234102213,1,baseline,0,"{""close"": 0.02683, ""rsi"": 52.28713874126448, ""rsi7"": 54.049691351129425, ""macd"": -3.756527297156341e-06, ""adx"": 16.15927262340823, ""stoch_k"": 42.528735632184556, ""stoch_d"": 41.73508483853393, ""mss"": 0.0, ""sfp"": 0.0, ""vr"": 1.3047054937627767, ""hurst"": 0.34955202974071503, ""atr14"": 8.962786360367841e-05, ""vol_sma20"": 619107.2299999997, ""vol_ratio"": 2.658619089297343, ""atr_pct"": 0.0033405838093059415, ""retest_entry"": true}"
اتجاهي,dir,directional,VETUSDT,صاعد,MicroBurst,1,106269,106270,2024-11-13T19:09:00+00:00,2024-11-13T19:10:00+00:00,1,-0.008359256356766837,-0.16718512713533673,20.0,وقف,0,False,True,,False,0.026493822999999996,0.02647,0.0009,0.02634868920550432,1,baseline,0,"{""close"": 0.02648, ""rsi"": 36.670438395948075, ""rsi7"": 34.472947937414745, ""macd"": -4.3265108545744706e-05, ""adx"": 21.723439356064933, ""stoch_k"": 18.15199562602601, ""stoch_d"": 16.27766640341928, ""mss"": 0.0, ""sfp"": 0.0, ""vr"": 1.7670386798498328, ""hurst"": 0.37460880841060795, ""atr14"": 0.0001261374537146788, ""vol_sma20"": 896496.3149999998, ""vol_ratio"": 1.5190812022467712, ""atr_pct"": 0.004763499007351919, ""retest_entry"": true}"
اتجاهي,dir,directional,VETUSDT,صاعد,SFP,1,106277,106277,2024-11-13T19:17:00+00:00,2024-11-13T19:17:00+00:00,0,-0.0085497867813899,-0.170995735627798,20.0,وقف,0,False,True,,False,0.026213570999999998,0.02619,0.0009,0.026064963438261035,1,baseline,0,"{""close"": 0.02618, ""rsi"": 32.00746619929403, ""rsi7"": 31.387965617678518, ""macd"": -3.426641028356987e-05, ""adx"": 34.89932385344188, ""stoch_k"": 5.5948271138150725, ""stoch_d"": 4.380251590093735, ""mss"": 0.0, ""sfp"": 1.0, ""vr"": 1.6906534615477993, ""hurst"": 0.48768988293160515, ""atr14"": 0.00012905847314657087, ""vol_sma20"": 1352263.0399999998, ""vol_ratio"": 1.4074793466217936, ""atr_pct"": 0.004929659020113479, ""retest_entry"": true}"
اتجاهي,dir,directional,VETUSDT,صاعد,MicroBurst,1,106283,106285,2024-11-13T19:23:00+00:00,2024-11-13T19:25:00+00:00,2,-0.009452272690496595,-0.1890454538099319,20.0,وقف,0,False,True,,False,0.026093462999999997,0.02607,0.0009,0.025921918938740504,1,baseline,0,"{""close"": 0.02607, ""rsi"": 41.278962054887906, ""rsi7"": 48.905414676765375, ""macd"": -1.4703573828303096e-05, ""adx"": 43.70773849590272, ""stoch_k"": 37.15277777777832, ""stoch_d"": 22.664835164835967, ""mss"": 0.0, ""sfp"": 0.0, ""vr"": 1.8435911917305898, ""hurst"": 0.5092580193827073, ""atr14"": 0.00014903461776530797, ""vol_sma20"": 1625428.4999999998, ""vol_ratio"": 0.7074877793763308, ""atr_pct"": 0.005716709542205906, ""retest_entry"": true}"
اتجاهي,dir,directional,VETUSDT,صاعد,Stochastic,1,106290,106292,2024-11-13T19:30:00+00:00,2024-11-13T19:32:00+00:00,2,-0.010006830353182894,-0.20013660706365788,20.0,وقف,0,False,True,,False,0.025903291999999998,0.02588,0.0009,0.02571859155747761,1,baseline,0,"{""close"": 0.02583, ""rsi"": 39.91665296433048, ""rsi7"": 45.13686972640685, ""macd"": -5.43203838494885e-06, ""adx"": 44.765837678025875, ""stoch_k"": 21.95547341363479, ""stoch_d"": 19.77624419215228, ""mss"": 0.0, ""sfp"": 0.0, ""vr"": 1.8449709504613867, ""hurst"": 0.5139658589781729, ""atr14"": 0.00016015464552278762, ""vol_sma20"": 1639107.2499999998, ""vol_ratio"": 0.8512696164329699, ""atr_pct"": 0.006200334708586435, ""retest_entry"": true}"
اتجاهي,dir,directional,VETUSDT,صاعد,MACD,1,106299,106300,2024-11-13T19:39:00+00:00,2024-11-13T19:40:00+00:00,1,-0.009792220812371806,-0.19584441624743612,20.0,وقف,0,False,True,,False,0.025733139,0.02571,0.0009,0.025555190436967495,1,baseline,0,"{""close"": 0.02571, ""rsi"": 41.41716502232513, ""rsi7"": 48.06887266942132, ""macd"": 7.869026957434795e-06, ""adx"": 43.36693846123876, ""stoch_k"": 22.399290524291228, ""stoch_d"": 14.474981646035241, ""mss"": 0.0, ""sfp"": 0.0, ""vr"": 1.6200507675153446, ""hurst"": 0.49297650540667587, ""atr14"": 0.00015459874203000297, ""vol_sma20"": 1461565.4149999996, ""vol_ratio"": 0.21743111648547053, ""atr_pct"": 0.006013175497082962, ""retest_entry"": true}"
اتجاهي,dir,directional,VETUSDT,صاعد,Bollinger,1,106304,106306,2024-11-13T19:44:00+00:00,2024-11-13T19:46:00+00:00,2,0.0010414198234305922,0.020828396468611843,20.0,تتبع,0,True,True,,False,0.02561536,0.0256,0.0006,0.02570881248,1,baseline,0,"{""close"": 0.02558, ""rsi"": 39.42103366735677, ""rsi7"": 42.10768813141796, ""macd"": 1.450348785459905e-05, ""adx"": 41.93637963873451, ""stoch_k"": 30.894308943089943, ""stoch_d"": 30.70953436807173, ""mss"": 0.0, ""sfp"": 0.0, ""vr"": 1.4432104239045713, ""hurst"": 0.46388133220475053, ""atr14"": 0.00014465542765764608, ""vol_sma20"": 1165629.3049999997, ""vol_ratio"": 0.511266229704134, ""atr_pct"": 0.005655020627742224, ""retest_entry"": true}"
اتجاهي,dir,directional,VETUSDT,صاعد,Stochastic,1,106319,106320,2024-11-13T19:59:00+00:00,2024-11-13T20:00:00+00:00,1,-0.007448099493079641,-0.14896198986159281,20.0,وقف,0,False,True,,False,0.025517653,0.02551,0.0003,0.02538592427816936,1,baseline,0,"{""close"": 0.02552, ""rsi"": 39.932982122579446, ""rsi7"": 37.140210590898626, ""macd"": -1.0806127027724444e-05, ""adx"": 21.91296632168746, ""stoch_k"": 11.904761904762381, ""stoch_d"": 11.28747795414558, ""mss"": 0.0, ""sfp"": 0.0, ""vr"": 1.0370935621928266, ""hurst"": 0.39123444221726805, ""atr14"": 0.00011455725013166041, ""vol_sma20"": 527645.7949999998, ""vol_ratio"": 0.7602050538467764, ""atr_pct"": 0.004488920459704561, ""retest_entry"": true}"
اتجاهي,dir,directional,VETUSDT,هابط,FVG,-1,106324,106325,2024-11-13T20:04:00+00:00,2024-11-13T20:05:00+00:00,1,-0.008017158952927102,-0.16034317905854203,20.0,وقف,0,False,True,,False,0.025152452,0.02516,0.0003,0.025296641663908694,1,baseline,0,"{""close"": 0.02517, ""rsi"": 26.953332825767305, ""rsi7"": 15.428176975215337, ""macd"": -3.572839297946064e-05, ""adx"": 27.450859693480076, ""stoch_k"": 8.631883604506163, ""stoch_d"": 10.109081893302916, ""mss"": 0.0, ""sfp"": 0.0, ""vr"": 1.1141577368485602, ""hurst"": 0.36441598657885416, ""atr14"": 0.0001254697913688021, ""vol_sma20"": 655876.7899999998, ""vol_ratio"": 2.590009016784998, ""atr_pct"": 0.004984894373015578, ""retest_entry"": true}"
اتجاهي,dir,directional,VETUSDT,هابط,EMA,-1,106341,106342,2024-11-13T20:21:00+00:00,2024-11-13T20:22:00+00:00,1,-0.0014303042511893556,-0.028606085023787114,20.0,زمني,0,False,True,,False,0.025652302,0.02566,0.0003,0.02563,1,baseline,0,"{""close"": 0.02563, ""rsi"": 52.397648978056935, ""rsi7"": 52.71992174022796, ""macd"": 1.9714730431953753e-05, ""adx"": 13.296221880245437, ""stoch_k"": 80.76335238573886, ""stoch_d"": 84.0139757513049, ""mss"": 0.0, ""sfp"": 0.0, ""vr"": 0.8692047386730344, ""hurst"": 0.3793243955599352, ""atr14"": 0.00010399060549231965, ""vol_sma20"": 824140.1299999999, ""vol_ratio"": 0.7234530613137357, ""atr_pct"": 0.004057378286863818, ""retest_entry"": true}"
اتجاهي,dir,directional,VETUSDT,هابط,MicroBurst,-1,106349,106354,2024-11-13T20:29:00+00:00,2024-11-13T20:34:00+00:00,5,-0.006347185802678725,-0.1269437160535745,20.0,وقف,0,False,True,,False,0.025642305,0.02565,0.0003,0.02574638222961671,1,baseline,0,"{""close"": 0.02563, ""rsi"": 50.561691013331135, ""rsi7"": 45.62202082138313, ""macd"": 9.372308243656346e-07, ""adx"": 8.85829231338423, ""stoch_k"": 56.86274509804031, ""stoch_d"": 64.70588235294265, ""mss"": 0.0, ""sfp"": 0.0, ""vr"": 0.7446912701536088, ""hurst"": 0.41207259626826903, ""atr14"": 9.045850953611916e-05, ""vol_sma20"": 442935.6049999998, ""vol_ratio"": 1.5917074446972947, ""atr_pct"": 0.0035293995136995377, ""retest_entry"": true}"
اتجاهي,dir,directional,VETUSDT,هابط,Stochastic,-1,106357,106366,2024-11-13T20:37:00+00:00,2024-11-13T20:46:00+00:00,9,-0.006034693482547971,-0.12069386965095942,20.0,وقف,0,False,True,,False,0.025782263,0.02579,0.0003,0.025878832978618135,1,baseline,0,"{""close"": 0.02578, ""rsi"": 59.92557209854388, ""rsi7"": 64.87907553804376, ""macd"": 9.791116864649324e-06, ""adx"": 12.784758541542846, ""stoch_k"": 84.21052631579012, ""stoch_d"": 88.20662768031282, ""mss"": 0.0, ""sfp"": 0.0, ""vr"": 0.6835144319152168, ""hurst"": 0.42282779340282467, ""atr14"": 8.396652376617425e-05, ""vol_sma20"": 389006.5899999998, ""vol_ratio"": 0.4678437452691999, ""atr_pct"": 0.003257041263234067, ""retest_entry"": true}"
اتجاهي,dir,directional,VETUSDT,هابط,Bollinger,-1,106369,106371,2024-11-13T20:49:00+00:00,2024-11-13T20:51:00+00:00,2,-0.0010826932696700671,-0.02165386539340134,20.0,تتبع,0,False,True,,False,0.025802257000000002,0.02581,0.0003,0.025770834826,1,baseline,0,"{""close"": 0.0258, ""rsi"": 56.01912689488716, ""rsi7"": 53.82319050915442, ""macd"": 1.895716593788385e-07, ""adx"": 23.67583828818121, ""stoch_k"": 57.88982259570556, ""stoch_d"": 69.06915403647504, ""mss"": 0.0, ""sfp"": 0.0, ""vr"": 0.6193975115368212, ""hurst"": 0.3475523204742959, ""atr14"": 7.492115759622605e-05, ""vol_sma20"": 376971.4099999998, ""vol_ratio"": 0.49243283462796317, ""atr_pct"": 0.002903920837063025, ""retest_entry"": true}"
اتجاهي,dir,directional,VETUSDT,هابط,Bollinger,-1,106375,106385,2024-11-13T20:55:00+00:00,2024-11-13T21:05:00+00:00,10,0.013014969124187665,0.2602993824837533,20.0,حصد-اعادة,0,True,True,,False,0.025562328999999998,0.02557,0.0003,0.02517,1,baseline,0,"{""close"": 0.02559, ""rsi"": 36.71366447307183, ""rsi7"": 20.408438307651693, ""macd"": -2.7023326419621898e-05, ""adx"": 20.32468172185064, ""stoch_k"": 4.166666666667575, ""stoch_d"": 8.453159041395303, ""mss"": 0.0, ""sfp"": 0.0, ""vr"": 0.6257120441647136, ""hurst"": 0.3015206624700468, ""atr14"": 7.358810261029129e-05, ""vol_sma20"": 337097.1749999998, ""vol_ratio"": 0.7400862970744271, ""atr_pct"": 0.0028756585623404174, ""retest_entry"": true}"
اتجاهي,dir,directional,VETUSDT,هابط,FVG,-1,106385,106386,2024-11-13T21:05:00+00:00,2024-11-13T21:06:00+00:00,1,-0.000847748944974815,-0.0339099577989926,40.0,قفل-ربح,0,False,True,,False,0.025162449000000003,0.02517,0.0003,0.02512588059941157,2,baseline,1,"{""close"": 0.02517, ""rsi"": 17.942524015314063, ""rsi7"": 6.883761760519704, ""macd"": -3.803739803131654e-05, ""adx"": 38.22914172073446, ""stoch_k"": 6.036433501744038, ""stoch_d"": 7.404546258068369, ""mss"": 0.0, ""sfp"": 0.0, ""vr"": 0.7330649663316121, ""hurst"": 0.35465267780847426, ""atr14"": 8.12874986683446e-05, ""vol_sma20"": 308847.7799999998, ""vol_ratio"": 4.783780540692249, ""atr_pct"": 0.0032295390809830987}"
اتجاهي,dir,directional,VETUSDT,هابط,MACD,-1,106400,106402,2024-11-13T21:20:00+00:00,2024-11-13T21:22:00+00:00,2,-0.0004240763274879874,-0.008481526549759748,20.0,تتبع,0,False,True,,False,0.024922521000000003,0.02493,0.0003,0.024875717978000002,1,baseline,0,"{""close"": 0.02492, ""rsi"": 28.13855113631186, ""rsi7"": 24.715359337287737, ""macd"": -3.2970237466998164e-06, ""adx"": 34.095339655934566, ""stoch_k"": 5.1315789473694755, ""stoch_d"": 18.31333983474595, ""mss"": 0.0, ""sfp"": 0.0, ""vr"": 1.0310538502835034, ""hurst"": 0.4725458785389493, ""atr14"": 0.0001061524714352757, ""vol_sma20"": 665905.7199999997, ""vol_ratio"": 0.9295743847942923, ""atr_pct"": 0.004259729993389876, ""retest_entry"": true}"
اتجاهي,dir,directional,VETUSDT,هابط,KAMA,-1,106422,106423,2024-11-13T21:42:00+00:00,2024-11-13T21:43:00+00:00,1,-0.006139185820754521,-0.12278371641509042,20.0,وقف,0,False,True,,False,0.025402377,0.02541,0.0003,0.025500184545313463,1,baseline,0,"{""close"": 0.02541, ""rsi"": 62.72020698149502, ""rsi7"": 68.2385576012393, ""macd"": 2.4520585183888613e-05, ""adx"": 31.61824637123312, ""stoch_k"": 88.13867438867521, ""stoch_d"": 91.02587977588064, ""mss"": 0.0, ""sfp"": 0.0, ""vr"": 0.8811603351852675, ""hurst"": 0.543490911471762, ""atr14"": 8.507556207163234e-05, ""vol_sma20"": 400518.3999999998, ""vol_ratio"": 0.23547307689234764, ""atr_pct"": 0.003348113422732481, ""retest_entry"": true}"
اتجاهي,dir,directional,VETUSDT,هابط,MicroBurst,-1,106427,106442,2024-11-13T21:47:00+00:00,2024-11-13T22:02:00+00:00,15,0.0032850290094067116,0.06570058018813424,20.0,تتبع,0,True,True,,False,0.025442365,0.02545,0.0003,0.0253,1,baseline,0,"{""close"": 0.02544, ""rsi"": 60.06668106078647, ""rsi7"": 56.45310256680433, ""macd"": 1.0569981065770967e-05, ""adx"": 33.20774082823454, ""stoch_k"": 79.1277890466538, ""stoch_d"": 86.41032894320945, ""mss"": 0.0, ""sfp"": 0.0, ""vr"": 0.8419571698879547, ""hurst"": 0.5815301038721408, ""atr14"": 7.929497506296246e-05, ""vol_sma20"": 254529.84499999983, ""vol_ratio"": 2.378373349498564, ""atr_pct"": 0.003116940843669908, ""retest_entry"": true}"
اتجاهي,dir,directional,VETUSDT,هابط,Bollinger,-1,106455,106456,2024-11-13T22:15:00+00:00,2024-11-13T22:16:00+00:00,1,-0.0041675224739031675,-0.08335044947806335,20.0,زمني,0,False,True,,False,0.025412374,0.02542,0.0003,0.02546,1,baseline,0,"{""close"": 0.02542, ""rsi"": 56.16475673327966, ""rsi7"": 59.25026188103188, ""macd"": 9.9644664790775e-06, ""adx"": 16.806509230429054, ""stoch_k"": 84.44444444444566, ""stoch_d"": 85.1851851851864, ""mss"": 0.0, ""sfp"": 0.0, ""vr"": 0.7319457219054114, ""hurst"": 0.6044842178476513, ""atr14"": 6.21552545642748e-05, ""vol_sma20"": 217342.9249999998, ""vol_ratio"": 0.4473506556516624, ""atr_pct"": 0.002445131965549756, ""retest_entry"": true}"
اتجاهي,dir,directional,VETUSDT,هابط,MicroBurst,-1,106459,106463,2024-11-13T22:19:00+00:00,2024-11-13T22:23:00+00:00,4,-0.0012689763153584965,-0.025379526307169928,20.0,قفل-ربح,0,False,True,,False,0.025432368,0.02544,0.0003,0.02540614480916003,1,baseline,0,"{""close"": 0.02543, ""rsi"": 56.006173298433716, ""rsi7"": 56.71567689041072, ""macd"": 4.844453082756924e-06, ""adx"": 17.56304491546326, ""stoch_k"": 78.91737891738042, ""stoch_d"": 80.8262108262125, ""mss"": 0.0, ""sfp"": 0.0, ""vr"": 0.6938616349722004, ""hurst"": 0.5876739555719304, ""atr14"": 5.826833157044613e-05, ""vol_sma20"": 251220.89499999984, ""vol_ratio"": 2.227334633132329, ""atr_pct"": 0.0022913225155503786, ""retest_entry"": true}"
اتجاهي,dir,directional,VETUSDT,هابط,FVG,-1,106476,106484,2024-11-13T22:36:00+00:00,2024-11-13T22:44:00+00:00,8,0.0006665005690020376,0.013330011380040753,20.0,تتبع,0,True,True,,False,0.025452362,0.02546,0.0003,0.025376742283999998,1,baseline,0,"{""close"": 0.02547, ""rsi"": 54.74891425798391, ""rsi7"": 49.85294761404237, ""macd"": 9.643049397832256e-07, ""adx"": 14.534630722875649, ""stoch_k"": 73.68421052631622, ""stoch_d"": 79.20727745289194, ""mss"": 0.0, ""sfp"": 0.0, ""vr"": 0.5724070041952279, ""hurst"": 0.34710912825717377, ""atr14"": 4.5355749567306263e-05, ""vol_sma20"": 232768.81999999977, ""vol_ratio"": 1.188831047044876, ""atr_pct"": 0.001780751847950776, ""retest_entry"": true}"
اتجاهي,dir,directional,VETUSDT,هابط,Stochastic,-1,106494,106495,2024-11-13T22:54:00+00:00,2024-11-13T22:55:00+00:00,1,-0.005290809190808995,-0.1058161838161799,20.0,وقف,0,False,True,,False,0.025512344000000003,0.02552,0.0003,0.025588881032,1,baseline,0,"{""close"": 0.02552, ""rsi"": 62.51168331885783, ""rsi7"": 72.63809923155553, ""macd"": 1.1279364248984688e-05, ""adx"": 14.86313675640251, ""stoch_k"": 96.66666666666752, ""stoch_d"": 97.2222222222233, ""mss"": 0.0, ""sfp"": 0.0, ""vr"": 0.4896930048134976, ""hurst"": 0.3507426697550069, ""atr14"": 3.4867244102746795e-05, ""vol_sma20"": 324341.6949999998, ""vol_ratio"": 0.3199918530363482, ""atr_pct"": 0.0013662713206405482, ""retest_entry"": true}"
اتجاهي,dir,directional,VETUSDT,هابط,MACD,-1,106503,106504,2024-11-13T23:03:00+00:00,2024-11-13T23:04:00+00:00,1,0.00018095705452562526,0.0036191410905125052,20.0,تتبع,0,True,True,,False,0.025462359,0.02547,0.0003,0.025399101138,1,baseline,0,"{""close"": 0.02548, ""rsi"": 49.396467440133364, ""rsi7"": 41.555745838048225, ""macd"": -3.032404161354551e-06, ""adx"": 17.76624013345872, ""stoch_k"": 29.967948717947944, ""stoch_d"": 49.797008547008154, ""mss"": 0.0, ""sfp"": 0.0, ""vr"": 0.5678639835819942, ""hurst"": 0.28401201628383815, ""atr14"": 3.691409960633984e-05, ""vol_sma20"": 237943.1049999998, ""vol_ratio"": 0.4879019293288624, ""atr_pct"": 0.0014487480222268383, ""retest_entry"": true}"
اتجاهي,dir,directional,VETUSDT,هابط,FVG,-1,106509,106510,2024-11-13T23:09:00+00:00,2024-11-13T23:10:00+00:00,1,-0.004166287867247054,-0.08332575734494108,20.0,زمني,0,False,True,,False,0.025432368,0.02544,0.0003,0.02548,1,baseline,0,"{""close"": 0.02542, ""rsi"": 44.76021414022602, ""rsi7"": 41.82715304728462, ""macd"": -1.2776918861143383e-05, ""adx"": 16.86382650365723, ""stoch_k"": 26.086956521739637, ""stoch_d"": 27.536231884058665, ""mss"": 0.0, ""sfp"": 0.0, ""vr"": 0.6984370123701302, ""hurst"": 0.24498421667983675, ""atr14"": 4.248055500455516e-05, ""vol_sma20"": 127861.84999999982, ""vol_ratio"": 0.5110179463225355, ""atr_pct"": 0.0016711469317291564, ""retest_entry"": true}"
اتجاهي,dir,directional,VETUSDT,هابط,RSI,-1,106522,106523,2024-11-13T23:22:00+00:00,2024-11-13T23:23:00+00:00,1,-0.00337436269673871,-0.0674872539347742,20.0,زمني,0,False,True,,False,0.025672296,0.02568,0.0003,0.0257,1,baseline,0,"{""close"": 0.02566, ""rsi"": 67.03011316827025, ""rsi7"": 71.56652496569347, ""macd"": 1.748418085854585e-05, ""adx"": 23.743696882249417, ""stoch_k"": 93.17460317460338, ""stoch_d"": 96.13756613756671, ""mss"": 0.0, ""sfp"": 0.0, ""vr"": 0.8070894809873422, ""hurst"": 0.30576695796497405, ""atr14"": 4.387066919694788e-05, ""vol_sma20"": 134537.67999999982, ""vol_ratio"": 0.37425277439004495, ""atr_pct"": 0.0017096909273946954, ""retest_entry"": true}"
اتجاهي,dir,directional,VETUSDT,هابط,FVG,-1,106527,106528,2024-11-13T23:27:00+00:00,2024-11-13T23:28:00+00:00,1,-0.005290809190808885,-0.10581618381617769,20.0,وقف,0,False,True,,False,0.025672296,0.02568,0.0003,0.025749312887999996,1,baseline,0,"{""close"": 0.02566, ""rsi"": 60.763236509440034, ""rsi7"": 55.62443406141409, ""macd"": 5.516556453366376e-06, ""adx"": 25.74404676389604, ""stoch_k"": 85.50724637681243, ""stoch_d"": 91.52731326644471, ""mss"": 0.0, ""sfp"": 0.0, ""vr"": 0.81155376714081, ""hurst"": 0.30845318279874795, ""atr14"": 4.25841769391891e-05, ""vol_sma20"": 116736.2099999998, ""vol_ratio"": 0.17172221027220289, ""atr_pct"": 0.001659554830054135, ""retest_entry"": true}"
اتجاهي,dir,directional,VETUSDT,هابط,Stochastic,-1,106539,106548,2024-11-13T23:39:00+00:00,2024-11-13T23:48:00+00:00,9,-0.0015188912152415185,-0.03037782430483037,20.0,قفل-ربح,0,False,True,,False,0.025872236,0.02588,0.0003,0.025852040011505994,1,baseline,0,"{""close"": 0.02587, ""rsi"": 75.92603272762554, ""rsi7"": 81.79004609943955, ""macd"": 7.123100492466812e-06, ""adx"": 34.93196698127503, ""stoch_k"": 95.58080808080844, ""stoch_d"": 95.84135000801707, ""mss"": 0.0, ""sfp"": 0.0, ""vr"": 0.9173644325638123, ""hurst"": 0.4142673867159605, ""atr14"": 4.4876095693209476e-05, ""vol_sma20"": 303849.50499999983, ""vol_ratio"": 0.3941619059079924, ""atr_pct"": 0.001734677065837243, ""retest_entry"": true}"
اتجاهي,dir,directional,VETUSDT,هابط,MicroBurst,-1,106551,106552,2024-11-13T23:51:00+00:00,2024-11-13T23:52:00+00:00,1,-0.0018237578259864217,-0.036475156519728436,20.0,زمني,0,False,True,,False,0.025802257000000002,0.02581,0.0003,0.02579,1,baseline,0,"{""close"": 0.02581, ""rsi"": 53.28595678708885, ""rsi7"": 44.30826824475797, ""macd"": -1.4230411190343606e-05, ""adx"": 32.19737145662051, ""stoch_k"": 30.41958041958119, ""stoch_d"": 33.27117327117451, ""mss"": 0.0, ""sfp"": 0.0, ""vr"": 1.1480046623181175, ""hurst"": 0.46566268451915616, ""atr14"": 5.294834965038114e-05, ""vol_sma20"": 142798.9799999998, ""vol_ratio"": 2.410520719405702, ""atr_pct"": 0.0020514664723123265, ""retest_entry"": true}"
اتجاهي,dir,directional,VETUSDT,هابط,FVG,-1,106554,106555,2024-11-13T23:54:00+00:00,2024-11-13T23:55:00+00:00,1,-0.0033716481686028605,-0.0674329633720572,20.0,زمني,0,False,True,,False,0.025762269,0.02577,0.0003,0.02579,1,baseline,0,"{""close"": 0.02577, ""rsi"": 46.98388795294362, ""rsi7"": 34.957855424019115, ""macd"": -1.7813183059082894e-05, ""adx"": 27.286085062701346, ""stoch_k"": 15.04273504273533, ""stoch_d"": 19.854959854960253, ""mss"": 0.0, ""sfp"": 0.0, ""vr"": 1.1007730550720682, ""hurst"": 0.4498186053845807, ""atr14"": 5.026877703421541e-05, ""vol_sma20"": 162718.2249999998, ""vol_ratio"": 0.5298226427924722, ""atr_pct"": 0.0019506704320611332, ""retest_entry"": true}"
اتجاهي,dir,directional,VETUSDT,هابط,FVG,-1,106562,106562,2024-11-14T00:02:00+00:00,2024-11-14T00:02:00+00:00,0,-0.005290809190808995,-0.1058161838161799,20.0,وقف,0,False,True,symbol_collision,True,0.025862239000000002,0.02587,0.0003,0.025939825717,1,baseline,0,"{""close"": 0.02586, ""rsi"": 56.695947660976024, ""rsi7"": 55.82074464911876, ""macd"": -9.988159396741086e-07, ""adx"": 23.86609290367374, ""stoch_k"": 64.7058823529433, ""stoch_d"": 72.85403050109137, ""mss"": 0.0, ""sfp"": 0.0, ""vr"": 1.0914119852566997, ""hurst"": 0.4421078075049156, ""atr14"": 4.9116791433848804e-05, ""vol_sma20"": 263130.7949999998, ""vol_ratio"": 2.249843086591216, ""atr_pct"": 0.0018993345488727302, ""retest_entry"": true}"
اتجاهي,dir,directional,VETUSDT,هابط,Stochastic,-1,106573,106573,2024-11-14T00:13:00+00:00,2024-11-14T00:13:00+00:00,0,-0.012541461097889643,-0.25082922195779284,20.0,وقف,0,False,True,,False,0.026636006,0.02666,0.0009,0.026893639573875572,1,baseline,0,"{""close"": 0.02665, ""rsi"": 56.79903678008848, ""rsi7"": 48.401260076913594, ""macd"": 4.253024548724131e-05, ""adx"": 49.60490479128011, ""stoch_k"": 81.48148148148219, ""stoch_d"": 86.77104899931079, ""mss"": 0.0, ""sfp"": 0.0, ""vr"": 3.9463079717709837, ""hurst"": 0.307817720632575, ""atr14"": 0.00022414689492385016, ""vol_sma20"": 3743808.0599999996, ""vol_ratio"": 3.7346563381243434, ""atr_pct"": 0.008410765287949349, ""retest_entry"": true}"
اتجاهي,dir,directional,VETUSDT,هابط,FVG,-1,106587,106588,2024-11-14T00:27:00+00:00,2024-11-14T00:28:00+00:00,1,-0.006431533201097377,-0.12863066402194753,20.0,زمني,0,False,True,,False,0.02647615,0.0265,0.0009,0.02657,1,baseline,0,"{""close"": 0.02649, ""rsi"": 46.06658051786877, ""rsi7"": 31.102358761763924, ""macd"": -7.456007555214613e-05, ""adx"": 28.97284303858853, ""stoch_k"": 3.6561814144652423, ""stoch_d"": 5.475196327400764, ""mss"": 0.0, ""sfp"": 0.0, ""vr"": 2.0491138836919154, ""hurst"": 0.340904660593693, ""atr14"": 0.00016109250829525484, ""vol_sma20"": 3068641.38, ""vol_ratio"": 0.1482368070002367, ""atr_pct"": 0.006081257391289349, ""retest_entry"": true}"
اتجاهي,dir,directional,VETUSDT,هابط,OBV,-1,106595,106596,2024-11-14T00:35:00+00:00,2024-11-14T00:36:00+00:00,1,-0.007521969673626786,-0.1504393934725357,20.0,زمني,0,False,True,,False,0.026755898,0.02678,0.0009,0.02688,1,baseline,0,"{""close"": 0.02675, ""rsi"": 53.344461863573926, ""rsi7"": 51.42892606258703, ""macd"": -7.659989522434493e-06, ""adx"": 25.870155707658476, ""stoch_k"": 61.30952380952431, ""stoch_d"": 64.20807453416238, ""mss"": 0.0, ""sfp"": 0.0, ""vr"": 1.7968704936179185, ""hurst"": 0.33045673687543425, ""atr14"": 0.00015829511733375168, ""vol_sma20"": 895368.5599999998, ""vol_ratio"": 0.8022025030675638, ""atr_pct"": 0.0059175744797664185, ""retest_entry"": true}"
اتجاهي,dir,directional,VETUSDT,هابط,MicroBurst,-1,106600,106602,2024-11-14T00:40:00+00:00,2024-11-14T00:42:00+00:00,2,-0.0001017710773667289,-0.0020354215473345778,20.0,قفل-ربح,0,False,True,,False,0.02657606,0.0266,0.0009,0.026509563228097582,1,baseline,0,"{""close"": 0.0266, ""rsi"": 46.24897395618186, ""rsi7"": 36.97487724482605, ""macd"": -1.8653781102350578e-05, ""adx"": 26.74244061296796, ""stoch_k"": 45.83333333333388, ""stoch_d"": 57.142857142858, ""mss"": 0.0, ""sfp"": 0.0, ""vr"": 1.5803898973068444, ""hurst"": 0.3488911142401955, ""atr14"": 0.00014790371757340793, ""vol_sma20"": 1062652.8949999998, ""vol_ratio"": 4.041763891303378, ""atr_pct"": 0.005560290134338644, ""retest_entry"": true}"
اتجاهي,dir,directional,VETUSDT,صاعد,MACD,1,112668,112670,2024-11-18T05:48:00+00:00,2024-11-18T05:50:00+00:00,2,-0.0013108255708512856,-0.02621651141702571,20.0,تتبع,0,False,True,symbol_collision,True,0.031149342,0.03114,0.0003,0.031180153356,1,baseline,0,"{""close"": 0.03115, ""rsi"": 56.165393514358186, ""rsi7"": 65.68147177960563, ""macd"": 6.437050464455578e-06, ""adx"": 15.065975715529952, ""stoch_k"": 63.3986928104589, ""stoch_d"": 50.10893246187513, ""mss"": 0.0, ""sfp"": 0.0, ""vr"": 0.8100095226833939, ""hurst"": 0.4288464615661656, ""atr14"": 6.730047943771529e-05, ""vol_sma20"": 248595.44499999983, ""vol_ratio"": 0.6353656238552565, ""atr_pct"": 0.0021605290349186288, ""retest_entry"": true}"
اتجاهي,dir,directional,VETUSDT,صاعد,FVG,1,112679,112680,2024-11-18T05:59:00+00:00,2024-11-18T06:00:00+00:00,1,-0.0022786708031290745,-0.04557341606258149,20.0,زمني,0,False,True,symbol_collision,True,0.031349402,0.03134,0.0003,0.03135,1,baseline,0,"{""close"": 0.03135, ""rsi"": 66.00280786525173, ""rsi7"": 74.59123708280734, ""macd"": 1.9171573828568202e-05, ""adx"": 27.386998486399015, ""stoch_k"": 72.39484503478933, ""stoch_d"": 55.95285157073695, ""mss"": 0.0, ""sfp"": 0.0, ""vr"": 0.9253165456926913, ""hurst"": 0.4135951780808584, ""atr14"": 7.361635997769133e-05, ""vol_sma20"": 285197.5649999998, ""vol_ratio"": 0.9025620537819113, ""atr_pct"": 0.0023482092496871234, ""retest_entry"": true}"
اتجاهي,dir,directional,VETUSDT,صاعد,FVG,1,112682,112683,2024-11-18T06:02:00+00:00,2024-11-18T06:03:00+00:00,1,-0.003862663165887227,-0.07725326331774454,20.0,زمني,0,False,True,symbol_collision,True,0.031529456,0.03152,0.0003,0.03148,1,baseline,0,"{""close"": 0.03152, ""rsi"": 73.7672875779324, ""rsi7"": 84.07880410881903, ""macd"": 3.305276421036933e-05, ""adx"": 32.22494485451818, ""stoch_k"": 92.62626262626395, ""stoch_d"": 91.08214497920547, ""mss"": 0.0, ""sfp"": 0.0, ""vr"": 1.0127973641279004, ""hurst"": 0.3896822017335666, ""atr14"": 7.942242815998106e-05, ""vol_sma20"": 474277.5799999998, ""vol_ratio"": 7.079970130572062, ""atr_pct"": 0.0025197470862938155, ""retest_entry"": true}"
اتجاهي,dir,directional,VETUSDT,صاعد,FVG,1,112693,112693,2024-11-18T06:13:00+00:00,2024-11-18T06:13:00+00:00,0,-0.007835253407932383,-0.15670506815864765,20.0,وقف,0,False,True,symbol_collision,True,0.03183862899999999,0.03181,0.0009,0.03168094824055452,1,baseline,0,"{""close"": 0.03183, ""rsi"": 67.8897790810779, ""rsi7"": 68.81133766582249, ""macd"": 3.410822249685604e-05, ""adx"": 51.07747807869295, ""stoch_k"": 83.40711631148731, ""stoch_d"": 87.5996372294198, ""mss"": 0.0, ""sfp"": 0.0, ""vr"": 1.7390096032632207, ""hurst"": 0.3784243517486874, ""atr14"": 0.00013707654290148573, ""vol_sma20"": 1238470.4599999997, ""vol_ratio"": 3.084860417260175, ""atr_pct"": 0.004306520355057674, ""retest_entry"": true}"
اتجاهي,dir,directional,VETUSDT,صاعد,FVG,1,112709,112713,2024-11-18T06:29:00+00:00,2024-11-18T06:33:00+00:00,4,0.0031990148448783127,0.06398029689756625,20.0,تتبع,0,True,True,symbol_collision,True,0.031989182,0.03197,0.0006,0.032175087524,1,baseline,0,"{""close"": 0.03196, ""rsi"": 67.37951044736718, ""rsi7"": 75.43998977141527, ""macd"": -1.2673403913574075e-06, ""adx"": 48.4960396991021, ""stoch_k"": 67.659967659968, ""stoch_d"": 51.36181433351275, ""mss"": 0.0, ""sfp"": 0.0, ""vr"": 1.3070330846990657, ""hurst"": 0.4008661725046085, ""atr14"": 0.00011514370182589203, ""vol_sma20"": 1197279.2899999998, ""vol_ratio"": 0.45466459208527704, ""atr_pct"": 0.003602744112199375, ""retest_entry"": true}"
اتجاهي,dir,directional,VETUSDT,صاعد,FVG,1,112721,112721,2024-11-18T06:41:00+00:00,2024-11-18T06:41:00+00:00,0,-0.007060937220858046,-0.14121874441716092,20.0,وقف,0,False,True,symbol_collision,True,0.032609554,0.03259,0.0006,0.032463621080120415,1,baseline,0,"{""close"": 0.0326, ""rsi"": 78.94885341084449, ""rsi7"": 86.00163286542411, ""macd"": 3.4112761242352236e-05, ""adx"": 57.178745498976085, ""stoch_k"": 96.54121863799337, ""stoch_d"": 92.55077658303544, ""mss"": 0.0, ""sfp"": 0.0, ""vr"": 1.334735797365993, ""hurst"": 0.4409550042105455, ""atr14"": 0.0001268610123618426, ""vol_sma20"": 775396.5749999998, ""vol_ratio"": 3.1443739611565866, ""atr_pct"": 0.0038914420969890368, ""retest_entry"": true}"
اتجاهي,dir,directional,VETUSDT,صاعد,FVG,1,112731,112731,2024-11-18T06:51:00+00:00,2024-11-18T06:51:00+00:00,0,-0.009190675798143078,-0.18381351596286155,20.0,وقف,0,False,True,symbol_collision,True,0.032949627999999995,0.03292,0.0009,0.032741654593762104,1,baseline,0,"{""close"": 0.03292, ""rsi"": 70.02083645156269, ""rsi7"": 73.13323539415309, ""macd"": 6.480324444734566e-06, ""adx"": 47.72193094320097, ""stoch_k"": 71.83665551190722, ""stoch_d"": 53.830609308567546, ""mss"": 0.0, ""sfp"": 0.0, ""vr"": 1.772357952864446, ""hurst"": 0.3699653513166055, ""atr14"": 0.00018068382476457386, ""vol_sma20"": 1659145.5699999998, ""vol_ratio"": 1.6327002578803258, ""atr_pct"": 0.005488573048741612, ""retest_entry"": true}"
اتجاهي,dir,directional,VETUSDT,صاعد,MACD,1,112986,112987,2024-11-18T11:06:00+00:00,2024-11-18T11:07:00+00:00,1,-0.005290809190808995,-0.1058161838161799,20.0,وقف,0,False,True,symbol_collision,True,0.031849551999999996,0.03184,0.0003,0.031754003344,1,baseline,0,"{""close"": 0.03184, ""rsi"": 67.38138086671287, ""rsi7"": 75.2059656296594, ""macd"": 3.552244899234419e-06, ""adx"": 17.258302444877184, ""stoch_k"": 61.11111111111137, ""stoch_d"": 44.2680776014111, ""mss"": 0.0, ""sfp"": 0.0, ""vr"": 0.9889610992464155, ""hurst"": 0.4514854500676682, ""atr14"": 7.43187519022926e-05, ""vol_sma20"": 496488.0999999998, ""vol_ratio"": 1.1329904986645205, ""atr_pct"": 0.0023341316552227577, ""retest_entry"": true}"
اتجاهي,dir,directional,VETUSDT,صاعد,MicroBurst,1,113001,113005,2024-11-18T11:21:00+00:00,2024-11-18T11:25:00+00:00,4,-0.005602244990741192,-0.11204489981482385,20.0,وقف,0,False,True,symbol_collision,True,0.03126875,0.03125,0.0006,0.03116518311479694,1,baseline,0,"{""close"": 0.03125, ""rsi"": 30.2373537267641, ""rsi7"": 27.75156465436652, ""macd"": -3.908833838782369e-05, ""adx"": 33.518287075332246, ""stoch_k"": 7.756410256410992, ""stoch_d"": 9.221272554606898, ""mss"": 0.0, ""sfp"": 0.0, ""vr"": 1.213984334145113, ""hurst"": 0.4129904244902338, ""atr14"": 9.000415855100806e-05, ""vol_sma20"": 759130.0449999998, ""vol_ratio"": 1.6719052398986531, ""atr_pct"": 0.002880133073632258, ""retest_entry"": true}"
اتجاهي,dir,directional,VETUSDT,صاعد,Stochastic,1,113013,113016,2024-11-18T11:33:00+00:00,2024-11-18T11:36:00+00:00,3,-0.005318853976613777,-0.10637707953227554,20.0,وقف,0,False,True,symbol_collision,True,0.031119333,0.03111,0.0003,0.03102510025606819,1,baseline,0,"{""close"": 0.03113, ""rsi"": 31.416815150941957, ""rsi7"": 28.144036508202646, ""macd"": -2.3863913118128146e-07, ""adx"": 38.41492646873752, ""stoch_k"": 16.35610766045723, ""stoch_d"": 15.749268223033246, ""mss"": 0.0, ""sfp"": 1.0, ""vr"": 1.0866008632378061, ""hurst"": 0.4881021965420697, ""atr14"": 8.196960415172791e-05, ""vol_sma20"": 727990.9499999998, ""vol_ratio"": 0.26258485768264017, ""atr_pct"": 0.002633138585021777, ""retest_entry"": true}"
اتجاهي,dir,directional,VETUSDT,صاعد,RSI,1,113024,113025,2024-11-18T11:44:00+00:00,2024-11-18T11:45:00+00:00,1,-0.005792562128278737,-0.11585124256557473,20.0,وقف,0,False,True,symbol_collision,True,0.031028605999999997,0.03101,0.0006,0.030919915633186242,1,baseline,0,"{""close"": 0.031, ""rsi"": 39.99611384269775, ""rsi7"": 48.66634288017152, ""macd"": 2.550364405501997e-06, ""adx"": 48.4522610611781, ""stoch_k"": 38.60338436160313, ""stoch_d"": 21.739140505489598, ""mss"": 0.0, ""sfp"": 0.0, ""vr"": 1.2119928967843892, ""hurst"": 0.5287467369870367, ""atr14"": 9.4426228360018e-05, ""vol_sma20"": 782449.3349999997, ""vol_ratio"": 0.5619931928244276, ""atr_pct"": 0.0030460073664521936, ""retest_entry"": true}"
اتجاهي,dir,directional,VETUSDT,صاعد,MicroBurst,1,113028,113029,2024-11-18T11:48:00+00:00,2024-11-18T11:49:00+00:00,1,-0.0063643345149848275,-0.12728669029969655,20.0,وقف,0,False,True,symbol_collision,True,0.030998587999999997,0.03098,0.0006,0.03088151434203954,1,baseline,0,"{""close"": 0.03099, ""rsi"": 42.22338381506104, ""rsi7"": 48.50230025744486, ""macd"": 1.903212831833083e-05, ""adx"": 44.993580580602604, ""stoch_k"": 51.28205128205223, ""stoch_d"": 47.29344729344826, ""mss"": 0.0, ""sfp"": 0.0, ""vr"": 1.290131266056688, ""hurst"": 0.548004790085747, ""atr14"": 0.00010177497678546637, ""vol_sma20"": 893379.6099999998, ""vol_ratio"": 0.3697896127268901, ""atr_pct"": 0.0032841231618414447, ""retest_entry"": true}"
اتجاهي,dir,directional,VETUSDT,صاعد,MicroBurst,1,113034,113045,2024-11-18T11:54:00+00:00,2024-11-18T12:05:00+00:00,11,0.0019088830395726593,0.03817766079145318,20.0,تتبع,0,True,True,symbol_collision,True,0.030988582,0.03097,0.0006,0.031119238324,1,baseline,0,"{""close"": 0.03097, ""rsi"": 44.70788566330221, ""rsi7"": 51.15283165512441, ""macd"": 1.7299220810839907e-05, ""adx"": 40.70498393197366, ""stoch_k"": 55.17241379310416, ""stoch_d"": 42.45210727969441, ""mss"": 0.0, ""sfp"": 0.0, ""vr"": 1.2044469902628618, ""hurst"": 0.542292094693478, ""atr14"": 9.632131168811442e-05, ""vol_sma20"": 927870.1099999998, ""vol_ratio"": 0.2464487189914977, ""atr_pct"": 0.0031101489082374693, ""retest_entry"": true}"
اتجاهي,dir,directional,VETUSDT,صاعد,MicroBurst,1,113059,113061,2024-11-18T12:19:00+00:00,2024-11-18T12:21:00+00:00,2,-0.0009751295999567139,-0.01950259199913428,20.0,قفل-ربح,0,False,True,symbol_collision,True,0.030759224999999998,0.03075,0.0003,0.0308,1,baseline,0,"{""close"": 0.03074, ""rsi"": 37.151967300748204, ""rsi7"": 34.695562537931806, ""macd"": -1.9161232077689492e-05, ""adx"": 34.48957062768958, ""stoch_k"": 15.03267973856308, ""stoch_d"": 17.098206804090392, ""mss"": 0.0, ""sfp"": 0.0, ""vr"": 1.1196554462541397, ""hurst"": 0.39368134308677544, ""atr14"": 9.114294415850464e-05, ""vol_sma20"": 689158.9449999998, ""vol_ratio"": 1.6585723921787017, ""atr_pct"": 0.00296496239943086, ""retest_entry"": true}"
اتجاهي,dir,directional,VETUSDT,صاعد,MicroBurst,1,113064,113065,2024-11-18T12:24:00+00:00,2024-11-18T12:25:00+00:00,1,-0.0010539075650168666,-0.02107815130033733,20.0,تتبع,0,False,True,symbol_collision,True,0.030869257999999997,0.03086,0.0003,0.030907741444,1,baseline,0,"{""close"": 0.03086, ""rsi"": 48.98927856961487, ""rsi7"": 55.92372147950084, ""macd"": 7.0964591911572945e-06, ""adx"": 32.1465819846242, ""stoch_k"": 43.2375478927212, ""stoch_d"": 32.321342552451604, ""mss"": 0.0, ""sfp"": 0.0, ""vr"": 1.139135891553033, ""hurst"": 0.37143398334461475, ""atr14"": 9.417020654608885e-05, ""vol_sma20"": 735214.0449999998, ""vol_ratio"": 2.0816178776889394, ""atr_pct"": 0.003051529700132497, ""retest_entry"": true}"
اتجاهي,dir,directional,VETUSDT,صاعد,FVG,1,113068,113073,2024-11-18T12:28:00+00:00,2024-11-18T12:33:00+00:00,5,-0.0009902816666454105,-0.01980563333290821,20.0,قفل-ربح,0,False,True,symbol_collision,True,0.031049312,0.03104,0.0003,0.03109,1,baseline,0,"{""close"": 0.03104, ""rsi"": 59.73981882187273, ""rsi7"": 71.79510602394217, ""macd"": 3.4730437346500474e-05, ""adx"": 26.019007712272355, ""stoch_k"": 89.05021173623796, ""stoch_d"": 82.84432345230978, ""mss"": 0.0, ""sfp"": 0.0, ""vr"": 1.1077621047057078, ""hurst"": 0.3801665865857836, ""atr14"": 9.300877939303523e-05, ""vol_sma20"": 667436.1849999998, ""vol_ratio"": 1.3652052742690304, ""atr_pct"": 0.0029964168618890215, ""retest_entry"": true}"
اتجاهي,dir,directional,VETUSDT,صاعد,Stochastic,1,113113,113114,2024-11-18T13:13:00+00:00,2024-11-18T13:14:00+00:00,1,-0.005200259147076558,-0.10400518294153116,20.0,زمني,0,False,True,symbol_collision,True,0.030659195,0.03065,0.0003,0.03057,1,baseline,0,"{""close"": 0.03064, ""rsi"": 31.453011753774646, ""rsi7"": 32.54823113013076, ""macd"": -3.5850298199587626e-05, ""adx"": 43.30795343992701, ""stoch_k"": 9.271104793493537, ""stoch_d"": 5.8059569875499095, ""mss"": 0.0, ""sfp"": 0.0, ""vr"": 1.1234024193022425, ""hurst"": 0.49661846213221644, ""atr14"": 9.464859818394771e-05, ""vol_sma20"": 555698.1599999999, ""vol_ratio"": 1.2988479213247712, ""atr_pct"": 0.0030890534655335414, ""retest_entry"": true}"
اتجاهي,dir,directional,VETUSDT,صاعد,SFP,1,113119,113120,2024-11-18T13:19:00+00:00,2024-11-18T13:20:00+00:00,1,-0.005755595611915273,-0.11511191223830547,20.0,وقف,0,False,True,symbol_collision,True,0.030689203999999998,0.03068,0.0003,0.030582839612973412,1,baseline,0,"{""close"": 0.03069, ""rsi"": 40.31496344418304, ""rsi7"": 50.71232238971928, ""macd"": 8.783141005606118e-06, ""adx"": 45.86711365334421, ""stoch_k"": 44.615740740741046, ""stoch_d"": 30.255579297246566, ""mss"": 0.0, ""sfp"": 0.0, ""vr"": 1.0925972566995472, ""hurst"": 0.5683932994617231, ""atr14"": 9.249317030314513e-05, ""vol_sma20"": 719501.5099999999, ""vol_ratio"": 0.7930565705136604, ""atr_pct"": 0.0030137885403436018, ""retest_entry"": true}"
اتجاهي,dir,directional,VETUSDT,صاعد,FVG,1,113126,113127,2024-11-18T13:26:00+00:00,2024-11-18T13:27:00+00:00,1,-0.0016193965202008353,-0.032387930404016704,20.0,زمني,0,False,True,symbol_collision,True,0.030619182999999998,0.03061,0.0003,0.03064,1,baseline,0,"{""close"": 0.0306, ""rsi"": 41.39438811758579, ""rsi7"": 49.428955178670414, ""macd"": 1.278250946546431e-05, ""adx"": 42.93120451872879, ""stoch_k"": 25.925925925926478, ""stoch_d"": 23.04526748971278, ""mss"": 0.0, ""sfp"": 0.0, ""vr"": 1.0904954585105255, ""hurst"": 0.6155117456486694, ""atr14"": 9.231957348795485e-05, ""vol_sma20"": 587919.5749999998, ""vol_ratio"": 0.756793478087543, ""atr_pct"": 0.0030169795257501586, ""retest_entry"": true}"
اتجاهي,dir,directional,VETUSDT,صاعد,FVG,1,113129,113130,2024-11-18T13:29:00+00:00,2024-11-18T13:30:00+00:00,1,-0.0019467256478679462,-0.038934512957358926,20.0,زمني,0,False,True,symbol_collision,True,0.030689203999999998,0.03068,0.0003,0.0307,1,baseline,0,"{""close"": 0.03069, ""rsi"": 49.682415687345916, ""rsi7"": 61.477430621271694, ""macd"": 2.7382977844208806e-05, ""adx"": 36.71664739787846, ""stoch_k"": 58.0246913580253, ""stoch_d"": 46.913580246914364, ""mss"": 0.0, ""sfp"": 0.0, ""vr"": 1.095555008770807, ""hurst"": 0.6212442236383432, ""atr14"": 9.2465780959561e-05, ""vol_sma20"": 557267.1299999999, ""vol_ratio"": 1.2278470470705856, ""atr_pct"": 0.0030128960886139132, ""retest_entry"": true}"
اتجاهي,dir,directional,VETUSDT,صاعد,MicroBurst,1,113143,113145,2024-11-18T13:43:00+00:00,2024-11-18T13:45:00+00:00,2,-0.0009261107338640754,-0.018522214677281507,20.0,تتبع,0,False,True,symbol_collision,True,0.030779230999999997,0.03077,0.0003,0.030821544758,1,baseline,0,"{""close"": 0.03077, ""rsi"": 56.024750465441045, ""rsi7"": 65.42741947115317, ""macd"": 1.627104755114899e-05, ""adx"": 18.673920226393978, ""stoch_k"": 66.76245210728037, ""stoch_d"": 58.70051085568404, ""mss"": 0.0, ""sfp"": 0.0, ""vr"": 0.8810164512326887, ""hurst"": 0.6242325650309339, ""atr14"": 7.329269695970202e-05, ""vol_sma20"": 425598.3049999999, ""vol_ratio"": 2.08582903073357, ""atr_pct"": 0.0023819531023627567, ""retest_entry"": true}"
اتجاهي,dir,directional,VETUSDT,صاعد,Bollinger,1,113156,113157,2024-11-18T13:56:00+00:00,2024-11-18T13:57:00+00:00,1,-0.004222947147666549,-0.08445894295333098,20.0,زمني,0,False,True,symbol_collision,True,0.030679201,0.03067,0.0003,0.03062,1,baseline,0,"{""close"": 0.03067, ""rsi"": 44.35865821809868, ""rsi7"": 37.243929969870884, ""macd"": -1.3529119852120789e-05, ""adx"": 17.955290868941372, ""stoch_k"": 11.969940955448399, ""stoch_d"": 12.295442971771976, ""mss"": 0.0, ""sfp"": 0.0, ""vr"": 0.8166940518178246, ""hurst"": 0.6124348872959019, ""atr14"": 6.6568545804631e-05, ""vol_sma20"": 309240.4449999998, ""vol_ratio"": 1.3653256125666238, ""atr_pct"": 0.0021704775286805022, ""retest_entry"": true}"
اتجاهي,dir,directional,VETUSDT,صاعد,FVG,1,113163,113167,2024-11-18T14:03:00+00:00,2024-11-18T14:07:00+00:00,4,-0.0009983702889965192,-0.019967405779930385,20.0,قفل-ربح,0,False,True,symbol_collision,True,0.030629186,0.03062,0.0003,0.030669075135127837,1,baseline,0,"{""close"": 0.0306, ""rsi"": 45.4785695551405, ""rsi7"": 46.81593619792526, ""macd"": -1.212023065537065e-05, ""adx"": 20.73969021454979, ""stoch_k"": 34.761904761905676, ""stoch_d"": 26.88311688311811, ""mss"": 0.0, ""sfp"": 0.0, ""vr"": 1.100492684261989, ""hurst"": 0.5549044683406387, ""atr14"": 8.855805664222314e-05, ""vol_sma20"": 741839.4449999998, ""vol_ratio"": 0.644958964132731, ""atr_pct"": 0.002894054138634743, ""retest_entry"": true}"
اتجاهي,dir,directional,VETUSDT,صاعد,FVG,1,113173,113180,2024-11-18T14:13:00+00:00,2024-11-18T14:20:00+00:00,7,0.002502781157058749,0.05005562314117498,20.0,تتبع,0,True,True,symbol_collision,True,0.030919273,0.03091,0.0003,0.031068042286000002,1,baseline,0,"{""close"": 0.03091, ""rsi"": 65.02040411385113, ""rsi7"": 77.09602021929189, ""macd"": 2.6718007452827998e-05, ""adx"": 16.525828275601427, ""stoch_k"": 92.46646026831888, ""stoch_d"": 86.4809081527361, ""mss"": 0.0, ""sfp"": 0.0, ""vr"": 1.0262846271461092, ""hurst"": 0.5292507685685025, ""atr14"": 8.200309976492247e-05, ""vol_sma20"": 738609.4149999998, ""vol_ratio"": 0.6207093907677851, ""atr_pct"": 0.002652963434646473, ""retest_entry"": true}"
اتجاهي,dir,directional,VETUSDT,صاعد,FVG,1,113189,113190,2024-11-18T14:29:00+00:00,2024-11-18T14:30:00+00:00,1,-0.005290809190809106,-0.10581618381618212,20.0,وقف,0,False,True,symbol_collision,True,0.031219363,0.03121,0.0003,0.031125704910999998,1,baseline,0,"{""close"": 0.0312, ""rsi"": 71.53747807600075, ""rsi7"": 78.17910014820504, ""macd"": 5.247028229157861e-06, ""adx"": 32.08208849366748, ""stoch_k"": 91.26305792972475, ""stoch_d"": 89.08241668539627, ""mss"": 0.0, ""sfp"": 0.0, ""vr"": 0.8843988188176425, ""hurst"": 0.5379970554848919, ""atr14"": 7.13641665650467e-05, ""vol_sma20"": 415865.0799999998, ""vol_ratio"": 1.403326290343975, ""atr_pct"": 0.002287313030930984, ""retest_entry"": true}"
اتجاهي,dir,directional,VETUSDT,صاعد,FVG,1,113194,113199,2024-11-18T14:34:00+00:00,2024-11-18T14:39:00+00:00,5,-0.001159783710896595,-0.0231956742179319,20.0,قفل-ربح,0,False,True,symbol_collision,True,0.031189354,0.03118,0.0003,0.031224926681058057,1,baseline,0,"{""close"": 0.0312, ""rsi"": 64.635850600156, ""rsi7"": 63.52990878485015, ""macd"": -6.982175276214246e-06, ""adx"": 27.749504650792364, ""stoch_k"": 68.35748792270545, ""stoch_d"": 64.33172302737569, ""mss"": 0.0, ""sfp"": -1.0, ""vr"": 0.9790885209327396, ""hurst"": 0.4900340499112187, ""atr14"": 7.907738497433366e-05, ""vol_sma20"": 423503.53999999975, ""vol_ratio"": 0.689029187335719, ""atr_pct"": 0.0025345315696901818, ""retest_entry"": true}"
اتجاهي,dir,directional,VETUSDT,صاعد,FVG,1,113210,113211,2024-11-18T14:50:00+00:00,2024-11-18T14:51:00+00:00,1,-0.004505828630839849,-0.09011657261679698,20.0,زمني,0,False,True,symbol_collision,True,0.031359405,0.03135,0.0003,0.03129,1,baseline,0,"{""close"": 0.03135, ""rsi"": 63.24514779587576, ""rsi7"": 66.69960001585369, ""macd"": -1.0595616406219066e-05, ""adx"": 19.790834270839813, ""stoch_k"": 62.318840579711036, ""stoch_d"": 41.966230936820175, ""mss"": 0.0, ""sfp"": 0.0, ""vr"": 1.012180970234134, ""hurst"": 0.3955610419855895, ""atr14"": 8.123990194497545e-05, ""vol_sma20"": 567418.9799999999, ""vol_ratio"": 1.6449192446822984, ""atr_pct"": 0.002591384432056633, ""retest_entry"": true}"
اتجاهي,dir,directional,VETUSDT,صاعد,MicroBurst,1,113219,113220,2024-11-18T14:59:00+00:00,2024-11-18T15:00:00+00:00,1,-0.0010656867562740648,-0.021313735125481296,20.0,تتبع,0,False,True,symbol_collision,True,0.031139339000000002,0.03113,0.0003,0.031177791502,1,baseline,0,"{""close"": 0.03113, ""rsi"": 47.025119244969225, ""rsi7"": 44.97585379571456, ""macd"": -3.1591237172300045e-05, ""adx"": 19.198962558901982, ""stoch_k"": 20.930232558140354, ""stoch_d"": 11.853413803902598, ""mss"": 0.0, ""sfp"": 0.0, ""vr"": 1.1460041029851158, ""hurst"": 0.37577926935211914, ""atr14"": 9.118727826883674e-05, ""vol_sma20"": 430011.0349999998, ""vol_ratio"": 2.9513470508960324, ""atr_pct"": 0.002929241190775353, ""retest_entry"": true}"
اتجاهي,dir,directional,VETUSDT,صاعد,Bollinger,1,113339,113340,2024-11-18T16:59:00+00:00,2024-11-18T17:00:00+00:00,1,-0.00958274141026994,-0.1916548282053988,20.0,وقف,0,False,True,symbol_collision,True,0.033019691,0.03299,0.0009,0.03279829186608524,1,baseline,0,"{""close"": 0.03301, ""rsi"": 58.34147406532199, ""rsi7"": 63.765032594242726, ""macd"": -6.27796826383026e-07, ""adx"": 21.375298221413708, ""stoch_k"": 53.034979423868755, ""stoch_d"": 38.940329218107586, ""mss"": 0.0, ""sfp"": 0.0, ""vr"": 1.5612903566902114, ""hurst"": 0.2686922065340368, ""atr14"": 0.00019246448273194447, ""vol_sma20"": 2075888.0949999995, ""vol_ratio"": 0.7642892715755955, ""atr_pct"": 0.005830490237259754, ""retest_entry"": true}"
اتجاهي,dir,directional,VETUSDT,صاعد,MicroBurst,1,113354,113357,2024-11-18T17:14:00+00:00,2024-11-18T17:17:00+00:00,3,-0.0025948843518443987,-0.05189768703688798,20.0,تتبع,0,False,True,symbol_collision,True,0.033269916,0.03324,0.0009,0.03328,1,baseline,0,"{""close"": 0.03325, ""rsi"": 61.89362727130588, ""rsi7"": 69.38536859398553, ""macd"": 6.599003302694953e-06, ""adx"": 19.243388453553173, ""stoch_k"": 48.45679012345759, ""stoch_d"": 38.963762108550206, ""mss"": 0.0, ""sfp"": 0.0, ""vr"": 1.5349354622699323, ""hurst"": 0.2607620560318919, ""atr14"": 0.00020104009839337902, ""vol_sma20"": 1777542.8099999998, ""vol_ratio"": 6.765688866868979, ""atr_pct"": 0.0060463187486730526, ""retest_entry"": true}"
اتجاهي,dir,directional,VETUSDT,هابط,Bollinger,-1,133217,133217,2024-12-02T12:17:00+00:00,2024-12-02T12:17:00+00:00,0,-0.0055876036194657495,-0.11175207238931499,20.0,وقف,0,False,True,,False,0.046825948,0.04684,0.0003,0.04698035553075623,1,baseline,0,"{""close"": 0.04683, ""rsi"": 57.17972748511153, ""rsi7"": 58.54301965601175, ""macd"": 4.1053887852666416e-05, ""adx"": 23.84083969624451, ""stoch_k"": 83.42628342628421, ""stoch_d"": 88.74322501773582, ""mss"": 0.0, ""sfp"": 0.0, ""vr"": 0.828042028462105, ""hurst"": 0.3824540369834041, ""atr14"": 0.00013427903664074627, ""vol_sma20"": 662943.47, ""vol_ratio"": 0.9076452627250405, ""atr_pct"": 0.002867372125576474, ""retest_entry"": true}"
اتجاهي,dir,directional,VETUSDT,هابط,MicroBurst,-1,133226,133227,2024-12-02T12:26:00+00:00,2024-12-02T12:27:00+00:00,1,-0.005374384771127484,-0.10748769542254968,20.0,وقف,0,False,True,,False,0.047215831,0.04723,0.0003,0.0473614336712983,1,baseline,0,"{""close"": 0.04721, ""rsi"": 65.62155248294421, ""rsi7"": 66.20809276515442, ""macd"": 2.8970355819738842e-05, ""adx"": 32.71762759080146, ""stoch_k"": 88.31838049229437, ""stoch_d"": 90.56370293689235, ""mss"": 0.0, ""sfp"": 0.0, ""vr"": 0.7814051033891407, ""hurst"": 0.3908904244542649, ""atr14"": 0.00012659538247546, ""vol_sma20"": 821911.3400000001, ""vol_ratio"": 2.0249163370832672, ""atr_pct"": 0.0026815374385820803, ""retest_entry"": true}"
اتجاهي,dir,directional,VETUSDT,هابط,MicroBurst,-1,133232,133233,2024-12-02T12:32:00+00:00,2024-12-02T12:33:00+00:00,1,-0.005290809190808995,-0.1058161838161799,20.0,وقف,0,False,True,,False,0.047495747,0.04751,0.0003,0.04763823424099999,1,baseline,0,"{""close"": 0.0475, ""rsi"": 71.43249874573542, ""rsi7"": 73.41371344653054, ""macd"": 2.4328227633181972e-05, ""adx"": 36.353516368298514, ""stoch_k"": 92.53680574010166, ""stoch_d"": 96.2197220550937, ""mss"": 0.0, ""sfp"": 0.0, ""vr"": 0.7625488115306411, ""hurst"": 0.4347165213680318, ""atr14"": 0.00012116150204886308, ""vol_sma20"": 961086.0050000001, ""vol_ratio"": 2.0976186205104503, ""atr_pct"": 0.002550768464186591, ""retest_entry"": true}"
اتجاهي,dir,directional,VETUSDT,هابط,Stochastic,-1,133237,133240,2024-12-02T12:37:00+00:00,2024-12-02T12:40:00+00:00,3,-0.0012919656150796827,-0.025839312301593653,20.0,تتبع,0,False,True,,False,0.047635705,0.04765,0.0003,0.04758768569,1,baseline,0,"{""close"": 0.04765, ""rsi"": 72.7511589123077, ""rsi7"": 75.03261540946845, ""macd"": 7.660346732933426e-06, ""adx"": 38.55163148520737, ""stoch_k"": 84.24242424242463, ""stoch_d"": 85.50822627901807, ""mss"": 0.0, ""sfp"": 0.0, ""vr"": 0.8029023377088624, ""hurst"": 0.478235990727637, ""atr14"": 0.00012527887855549172, ""vol_sma20"": 1422176.6, ""vol_ratio"": 0.5361524722035224, ""atr_pct"": 0.002629147503787864, ""retest_entry"": true}"
اتجاهي,dir,directional,VETUSDT,هابط,FVG,-1,133242,133243,2024-12-02T12:42:00+00:00,2024-12-02T12:43:00+00:00,1,-0.002807651688644882,-0.05615303377289764,20.0,زمني,0,False,True,,False,0.04738578,0.0474,0.0003,0.04741,1,baseline,0,"{""close"": 0.0474, ""rsi"": 53.41721428367983, ""rsi7"": 36.65858987612973, ""macd"": -4.0013738945631394e-05, ""adx"": 32.83381977129811, ""stoch_k"": 39.17887667887669, ""stoch_d"": 57.77102527102562, ""mss"": 0.0, ""sfp"": 0.0, ""vr"": 0.8330264369973551, ""hurst"": 0.4957011937164644, ""atr14"": 0.00012722195486907355, ""vol_sma20"": 1647082.7100000002, ""vol_ratio"": 0.47487384528491583, ""atr_pct"": 0.0026840074866893156, ""retest_entry"": true}"
اتجاهي,dir,directional,VETUSDT,هابط,EMA,-1,133247,133248,2024-12-02T12:47:00+00:00,2024-12-02T12:48:00+00:00,1,-0.005482986633512086,-0.10965973267024172,20.0,وقف,0,False,True,,False,0.047015891000000004,0.04703,0.0003,0.04716599487515529,1,baseline,0,"{""close"": 0.04702, ""rsi"": 33.108097522257054, ""rsi7"": 13.65265552387605, ""macd"": -7.778446116403118e-05, ""adx"": 28.101138422397618, ""stoch_k"": 4.357770554953991, ""stoch_d"": 11.709000441395197, ""mss"": 0.0, ""sfp"": 0.0, ""vr"": 0.8806303589231934, ""hurst"": 0.5039625540682766, ""atr14"": 0.00013053651620084406, ""vol_sma20"": 1547185.435, ""vol_ratio"": 0.9583796269385123, ""atr_pct"": 0.002776191327112804, ""retest_entry"": true}"
اتجاهي,dir,directional,VETUSDT,هابط,FVG,-1,133253,133260,2024-12-02T12:53:00+00:00,2024-12-02T13:00:00+00:00,7,-0.0066535003608186455,-0.1330700072163729,20.0,وقف,0,False,True,,False,0.04692183,0.04695,0.0006,0.047126682706766905,1,baseline,0,"{""close"": 0.04695, ""rsi"": 38.51423729005496, ""rsi7"": 34.88630746850906, ""macd"": -7.166336598898513e-05, ""adx"": 23.446474748062233, ""stoch_k"": 15.424002520777009, ""stoch_d"": 14.441293473552028, ""mss"": 0.0, ""sfp"": 0.0, ""vr"": 1.2233901553886641, ""hurst"": 0.5169850389026764, ""atr14"": 0.000178239732332361, ""vol_sma20"": 2104852.775, ""vol_ratio"": 0.38000154191306806, ""atr_pct"": 0.0037963734256093932, ""retest_entry"": true}"
اتجاهي,dir,directional,VETUSDT,هابط,RSI,-1,133280,133281,2024-12-02T13:20:00+00:00,2024-12-02T13:21:00+00:00,1,-0.006102410231265989,-0.12204820462531978,20.0,وقف,0,False,True,,False,0.048205534,0.04822,0.0003,0.04838936436510377,1,baseline,0,"{""close"": 0.04822, ""rsi"": 74.3245835599294, ""rsi7"": 75.34670957120905, ""macd"": 7.956006908361177e-05, ""adx"": 40.7863666766474, ""stoch_k"": 94.8148148148153, ""stoch_d"": 97.0235561231737, ""mss"": 0.0, ""sfp"": 0.0, ""vr"": 1.0995226955735933, ""hurst"": 0.5132184035086577, ""atr14"": 0.00015990046153303972, ""vol_sma20"": 1499266.98, ""vol_ratio"": 1.1796259262643134, ""atr_pct"": 0.0033160610023442497, ""retest_entry"": true}"
اتجاهي,dir,directional,VETUSDT,هابط,Stochastic,-1,133291,133292,2024-12-02T13:31:00+00:00,2024-12-02T13:32:00+00:00,1,-0.0017652305179348031,-0.03530461035869606,20.0,زمني,0,False,True,,False,0.048790708,0.04882,0.0006,0.04875,1,baseline,0,"{""close"": 0.04883, ""rsi"": 71.37686919012849, ""rsi7"": 66.888313335693, ""macd"": 1.3866691558864664e-05, ""adx"": 50.85278570276162, ""stoch_k"": 84.96977277465099, ""stoch_d"": 85.58955032659338, ""mss"": 0.0, ""sfp"": 0.0, ""vr"": 1.354966131375885, ""hurst"": 0.6119268273113544, ""atr14"": 0.00020302631575249233, ""vol_sma20"": 3874741.29, ""vol_ratio"": 0.7061979097964499, ""atr_pct"": 0.004157819286350447, ""retest_entry"": true}"
اتجاهي,dir,directional,VETUSDT,هابط,Stochastic,-1,133298,133299,2024-12-02T13:38:00+00:00,2024-12-02T13:39:00+00:00,1,-0.0046193058579590855,-0.09238611715918171,20.0,زمني,0,False,True,,False,0.049060546,0.04909,0.0006,0.04916,1,baseline,0,"{""close"": 0.04906, ""rsi"": 69.43847461771647, ""rsi7"": 66.48332441259595, ""macd"": -1.82410931891181e-05, ""adx"": 48.3188316393715, ""stoch_k"": 87.69901122842332, ""stoch_d"": 89.52766233977509, ""mss"": 0.0, ""sfp"": 0.0, ""vr"": 1.2728852676154911, ""hurst"": 0.6518721415206239, ""atr14"": 0.00019498835609755132, ""vol_sma20"": 3895281.1949999994, ""vol_ratio"": 0.4291115368373298, ""atr_pct"": 0.0039744874867010055, ""retest_entry"": true}"
اتجاهي,dir,directional,VETUSDT,صاعد,Bollinger,1,133310,133311,2024-12-02T13:50:00+00:00,2024-12-02T13:51:00+00:00,1,-0.007475225749302136,-0.14950451498604272,20.0,وقف,0,False,True,,False,0.049349592,0.04932,0.0006,0.04910824654629728,1,baseline,0,"{""close"": 0.04935, ""rsi"": 62.855792168028856, ""rsi7"": 61.0516409922761, ""macd"": -4.885710039498174e-05, ""adx"": 40.19532839862657, ""stoch_k"": 49.23076923076953, ""stoch_d"": 39.61113610236481, ""mss"": 0.0, ""sfp"": 0.0, ""vr"": 1.32340856805115, ""hurst"": 0.6205725217079701, ""atr14"": 0.00020986734698891495, ""vol_sma20"": 1845981.6949999998, ""vol_ratio"": 0.4180160627215754, ""atr_pct"": 0.0042526311446588645, ""retest_entry"": true}"
اتجاهي,dir,directional,VETUSDT,صاعد,Stochastic,1,133326,133330,2024-12-02T14:06:00+00:00,2024-12-02T14:10:00+00:00,4,-0.006223895291633432,-0.12447790583266864,20.0,وقف,0,False,True,,False,0.04891467,0.0489,0.0003,0.04872217927897355,1,baseline,0,"{""close"": 0.04889, ""rsi"": 45.840921174912104, ""rsi7"": 38.10880204838824, ""macd"": -3.962622326274576e-05, ""adx"": 20.954261148261622, ""stoch_k"": 23.444444444444866, ""stoch_d"": 22.165320709180676, ""mss"": 0.0, ""sfp"": 0.0, ""vr"": 1.0047460788872724, ""hurst"": 0.6060738242440077, ""atr14"": 0.00016729881632973113, ""vol_sma20"": 1359014.23, ""vol_ratio"": 0.7961536208491357, ""atr_pct"": 0.0034219434716655987, ""retest_entry"": true}"
اتجاهي,dir,directional,VETUSDT,صاعد,SFP,1,133336,133337,2024-12-02T14:16:00+00:00,2024-12-02T14:17:00+00:00,1,-0.006014123148030863,-0.12028246296061726,20.0,وقف,0,False,True,,False,0.048724613,0.04871,0.0003,0.048543114803499474,1,baseline,0,"{""close"": 0.0487, ""rsi"": 42.59076734020105, ""rsi7"": 43.22663002636206, ""macd"": -3.433293357482655e-05, ""adx"": 26.55479794695324, ""stoch_k"": 24.563492063492514, ""stoch_d"": 13.4470899470908, ""mss"": 0.0, ""sfp"": 1.0, ""vr"": 0.9288272547365852, ""hurst"": 0.600342945577787, ""atr14"": 0.00015774479441222987, ""vol_sma20"": 947700.2, ""vol_ratio"": 1.1278308266686026, ""atr_pct"": 0.003239112821606363, ""retest_entry"": true}"
اتجاهي,dir,directional,VETUSDT,صاعد,Bollinger,1,133341,133344,2024-12-02T14:21:00+00:00,2024-12-02T14:24:00+00:00,3,-0.000881103163065587,-0.01762206326131174,20.0,قفل-ربح,0,False,True,,False,0.048574568,0.04856,0.0003,0.04864353716159521,1,baseline,0,"{""close"": 0.04857, ""rsi"": 42.25545523491971, ""rsi7"": 45.51020604828091, ""macd"": -2.6087642487692195e-05, ""adx"": 29.397224287193463, ""stoch_k"": 12.994350282486229, ""stoch_d"": 11.444040893193835, ""mss"": 0.0, ""sfp"": 0.0, ""vr"": 0.8946915283531651, ""hurst"": 0.6141842688836833, ""atr14"": 0.00015325039037250132, ""vol_sma20"": 894270.9400000001, ""vol_ratio"": 0.8161679725386134, ""atr_pct"": 0.0031552478973131833, ""retest_entry"": true}"
اتجاهي,dir,directional,VETUSDT,صاعد,EMA,1,133347,133351,2024-12-02T14:27:00+00:00,2024-12-02T14:31:00+00:00,4,0.0034394089691095133,0.06878817938219027,20.0,تتبع,0,True,True,,False,0.048934675999999996,0.04892,0.0003,0.049216066232,1,baseline,0,"{""close"": 0.04891, ""rsi"": 58.43324874580101, ""rsi7"": 71.50881987343787, ""macd"": 4.798206628931215e-05, ""adx"": 22.766121572488117, ""stoch_k"": 96.48394241417537, ""stoch_d"": 82.6275618205068, ""mss"": 0.0, ""sfp"": 0.0, ""vr"": 0.9121792714155388, ""hurst"": 0.6500445026681436, ""atr14"": 0.00015801482634567396, ""vol_sma20"": 965008.04, ""vol_ratio"": 0.8381278357017626, ""atr_pct"": 0.003230726361596278, ""retest_entry"": true}"
اتجاهي,dir,directional,VETUSDT,صاعد,MicroBurst,1,133355,133356,2024-12-02T14:35:00+00:00,2024-12-02T14:36:00+00:00,1,-0.006408273192513716,-0.12816546385027433,20.0,وقف,0,False,True,,False,0.049894964,0.04988,0.0003,0.04968939487653661,1,baseline,0,"{""close"": 0.04988, ""rsi"": 81.21219866726666, ""rsi7"": 92.89803300358378, ""macd"": 0.00010913981634235872, ""adx"": 34.57827750621847, ""stoch_k"": 96.92749778956711, ""stoch_d"": 93.7722126870204, ""mss"": 0.0, ""sfp"": 0.0, ""vr"": 1.03481908789937, ""hurst"": 0.6185054709205647, ""atr14"": 0.00017870214888871447, ""vol_sma20"": 1352890.335, ""vol_ratio"": 5.8391870321107735, ""atr_pct"": 0.0035826413169349333, ""retest_entry"": true}"
اتجاهي,dir,directional,VETUSDT,صاعد,MicroBurst,1,133361,133362,2024-12-02T14:41:00+00:00,2024-12-02T14:42:00+00:00,1,-0.00048320106708950284,-0.009664021341790056,20.0,قفل-ربح,0,False,True,,False,0.050285081,0.05027,0.0003,0.0503765334719108,1,baseline,0,"{""close"": 0.05028, ""rsi"": 76.69807354389093, ""rsi7"": 81.07040529953784, ""macd"": 9.845971635181946e-05, ""adx"": 41.27243914516212, ""stoch_k"": 95.20482821694247, ""stoch_d"": 93.17289878234645, ""mss"": 0.0, ""sfp"": 0.0, ""vr"": 1.160702201381628, ""hurst"": 0.5800856629159367, ""atr14"": 0.00020320718043919124, ""vol_sma20"": 2224095.89, ""vol_ratio"": 1.5232070322291724, ""atr_pct"": 0.004041511146364186, ""retest_entry"": true}"
اتجاهي,dir,directional,VETUSDT,صاعد,Bollinger,1,133380,133383,2024-12-02T15:00:00+00:00,2024-12-02T15:03:00+00:00,3,-0.007350863882684709,-0.14701727765369418,20.0,وقف,0,False,True,,False,0.050085021,0.05007,0.0003,0.04983135043646306,1,baseline,0,"{""close"": 0.05007, ""rsi"": 56.127008144462806, ""rsi7"": 58.28576421067264, ""macd"": -7.261555587170893e-05, ""adx"": 26.96308134306141, ""stoch_k"": 37.46721877156707, ""stoch_d"": 24.418249144757496, ""mss"": 0.0, ""sfp"": 0.0, ""vr"": 1.1860860201641914, ""hurst"": 0.5479942212322594, ""atr14"": 0.000220516943644681, ""vol_sma20"": 2162153.235, ""vol_ratio"": 1.3162847359428713, ""atr_pct"": 0.0044041730306507085, ""retest_entry"": true}"
اتجاهي,dir,directional,VETUSDT,صاعد,Bollinger,1,133398,133407,2024-12-02T15:18:00+00:00,2024-12-02T15:27:00+00:00,9,0.008643644540989223,0.17287289081978446,20.0,تتبع,0,True,True,,False,0.049874958,0.04986,0.0003,0.050421913956,1,baseline,0,"{""close"": 0.04983, ""rsi"": 47.15461861097629, ""rsi7"": 44.08119156300067, ""macd"": -2.3780531577266244e-05, ""adx"": 12.95635866593681, ""stoch_k"": 23.98421372191908, ""stoch_d"": 25.659583080348785, ""mss"": 0.0, ""sfp"": 0.0, ""vr"": 1.0916817742011131, ""hurst"": 0.5680759390645891, ""atr14"": 0.00021008100836244467, ""vol_sma20"": 2539249.72, ""vol_ratio"": 0.47029998294141784, ""atr_pct"": 0.004215954412250545, ""retest_entry"": true}"
اتجاهي,dir,directional,VETUSDT,صاعد,OBV,1,133420,133425,2024-12-02T15:40:00+00:00,2024-12-02T15:45:00+00:00,5,-0.0007402608438166493,-0.014805216876332987,20.0,قفل-ربح,0,False,True,,False,0.050435126,0.05042,0.0003,0.050513856655572544,1,baseline,0,"{""close"": 0.05041, ""rsi"": 56.66125451824099, ""rsi7"": 60.13199951381611, ""macd"": -1.392589094379644e-05, ""adx"": 12.451112801335038, ""stoch_k"": 40.994736587957355, ""stoch_d"": 35.52626072400134, ""mss"": 0.0, ""sfp"": 0.0, ""vr"": 0.8985827887892784, ""hurst"": 0.5049221790613978, ""atr14"": 0.00017486985150487434, ""vol_sma20"": 1463897.5, ""vol_ratio"": 0.7720472915624216, ""atr_pct"": 0.0034689516267580704, ""retest_entry"": true}"
اتجاهي,dir,directional,VETUSDT,صاعد,FVG,1,133433,133440,2024-12-02T15:53:00+00:00,2024-12-02T16:00:00+00:00,7,-0.0006120908941900115,-0.01224181788380023,20.0,قفل-ربح,0,False,True,,False,0.050825243,0.05081,0.0003,0.05091111191037975,1,baseline,0,"{""close"": 0.05081, ""rsi"": 61.85045374027874, ""rsi7"": 66.40862018031717, ""macd"": 1.2709936904625892e-06, ""adx"": 13.30026130826436, ""stoch_k"": 68.27109085064791, ""stoch_d"": 56.9341437518878, ""mss"": 0.0, ""sfp"": -1.0, ""vr"": 0.9688744595680265, ""hurst"": 0.45352726288490436, ""atr14"": 0.00019076257207228787, ""vol_sma20"": 1264140.28, ""vol_ratio"": 0.9029389523131087, ""atr_pct"": 0.003754429680619718, ""retest_entry"": true}"
اتجاهي,dir,directional,VETUSDT,صاعد,FVG,1,133453,133454,2024-12-02T16:13:00+00:00,2024-12-02T16:14:00+00:00,1,-0.006341011203187569,-0.12682022406375137,20.0,وقف,0,False,True,,False,0.051265374999999995,0.05125,0.0003,0.05105761588412152,1,baseline,0,"{""close"": 0.05126, ""rsi"": 63.656130535569424, ""rsi7"": 66.96045014924792, ""macd"": 1.0165818747312252e-05, ""adx"": 16.53914759307665, ""stoch_k"": 80.40229885057535, ""stoch_d"": 76.59003831417701, ""mss"": 0.0, ""sfp"": 0.0, ""vr"": 0.9010320031669649, ""hurst"": 0.2739601053523189, ""atr14"": 0.00018064115916750813, ""vol_sma20"": 1775348.6300000001, ""vol_ratio"": 0.754722299247782, ""atr_pct"": 0.0035240179314769437, ""retest_entry"": true}"
اتجاهي,dir,directional,VETUSDT,صاعد,MicroBurst,1,133458,133462,2024-12-02T16:18:00+00:00,2024-12-02T16:22:00+00:00,4,-0.0005335476223109428,-0.010670952446218856,20.0,قفل-ربح,0,False,True,,False,0.051225362999999996,0.05121,0.0003,0.05131594058395784,1,baseline,0,"{""close"": 0.0512, ""rsi"": 58.87814967978382, ""rsi7"": 60.60151928625142, ""macd"": -1.3000850428007303e-05, ""adx"": 14.355453545767439, ""stoch_k"": 53.44827586206977, ""stoch_d"": 50.76628352490504, ""mss"": 0.0, ""sfp"": 0.0, ""vr"": 1.0026001662762425, ""hurst"": 0.28521353851546133, ""atr14"": 0.00020118385923793193, ""vol_sma20"": 1814760.23, ""vol_ratio"": 2.2521723985542708, ""atr_pct"": 0.003929372250740858, ""retest_entry"": true}"
اتجاهي,dir,directional,VETUSDT,صاعد,FVG,1,133474,133474,2024-12-02T16:34:00+00:00,2024-12-02T16:34:00+00:00,0,-0.008889223394740594,-0.1777844678948119,20.0,وقف,0,False,True,,False,0.051570924,0.05154,0.0006,0.05124560400082802,1,baseline,0,"{""close"": 0.05152, ""rsi"": 59.29243869612967, ""rsi7"": 64.26521686073286, ""macd"": -2.5225894137418968e-05, ""adx"": 16.09381377491687, ""stoch_k"": 49.47394396213363, ""stoch_d"": 28.986227148957592, ""mss"": 0.0, ""sfp"": -1.0, ""vr"": 1.4152773353997403, ""hurst"": 0.07999556152986506, ""atr14"": 0.0002826076174804352, ""vol_sma20"": 3357451.9899999998, ""vol_ratio"": 1.4744746357489984, ""atr_pct"": 0.0054853963020270805, ""retest_entry"": true}"
اتجاهي,dir,directional,VETUSDT,صاعد,Bollinger,1,133487,133489,2024-12-02T16:47:00+00:00,2024-12-02T16:49:00+00:00,2,0.00031031710052713534,0.006206342010542707,20.0,تتبع,0,True,True,,False,0.050405323999999994,0.05036,0.0009,0.050552270232,1,baseline,0,"{""close"": 0.05036, ""rsi"": 45.52886372083946, ""rsi7"": 50.549516234475554, ""macd"": -4.1856252241026894e-05, ""adx"": 17.961454562773888, ""stoch_k"": 23.232323232323683, ""stoch_d"": 19.135802469136415, ""mss"": 0.0, ""sfp"": 0.0, ""vr"": 1.5400605482922178, ""hurst"": 0.3042016703268949, ""atr14"": 0.000326549667559866, ""vol_sma20"": 3488635.6149999998, ""vol_ratio"": 0.5689914966943317, ""atr_pct"": 0.00648430634550965, ""retest_entry"": true}"
اتجاهي,dir,directional,VETUSDT,صاعد,FVG,1,133495,133496,2024-12-02T16:55:00+00:00,2024-12-02T16:56:00+00:00,1,-0.0018165067285791493,-0.03633013457158299,20.0,زمني,0,False,True,,False,0.05063036,0.0506,0.0006,0.05067,1,baseline,0,"{""close"": 0.05059, ""rsi"": 50.625000545316766, ""rsi7"": 55.48553101705715, ""macd"": 6.21782750830093e-05, ""adx"": 14.39252977824423, ""stoch_k"": 70.66382963441828, ""stoch_d"": 64.44544442751102, ""mss"": 0.0, ""sfp"": 0.0, ""vr"": 1.4655788265512184, ""hurst"": 0.316850324659231, ""atr14"": 0.0003209551557488445, ""vol_sma20"": 2776906.15, ""vol_ratio"": 1.3453269567644555, ""atr_pct"": 0.0063442410703467966, ""retest_entry"": true}"
اتجاهي,dir,directional,VETUSDT,صاعد,FVG,1,133507,133509,2024-12-02T17:07:00+00:00,2024-12-02T17:09:00+00:00,2,-0.003974086762726203,-0.07948173525452407,20.0,زمني,0,False,True,,False,0.05124072599999999,0.05121,0.0006,0.05117,1,baseline,0,"{""close"": 0.05123, ""rsi"": 65.84671974508949, ""rsi7"": 82.53201250176735, ""macd"": 7.934813139373658e-05, ""adx"": 14.89989530773187, ""stoch_k"": 77.85504740950338, ""stoch_d"": 77.69183857990988, ""mss"": 0.0, ""sfp"": 0.0, ""vr"": 1.246131838852078, ""hurst"": 0.343919699135222, ""atr14"": 0.0002828585249728932, ""vol_sma20"": 2574426.12, ""vol_ratio"": 0.7453902775038656, ""atr_pct"": 0.0055213454025550114, ""retest_entry"": true}"
اتجاهي,dir,directional,VETUSDT,صاعد,Bollinger,1,133525,133526,2024-12-02T17:25:00+00:00,2024-12-02T17:26:00+00:00,1,-0.0037873784546082184,-0.07574756909216437,20.0,زمني,0,False,True,,False,0.050285081,0.05027,0.0003,0.05021,1,baseline,0,"{""close"": 0.05027, ""rsi"": 39.44498271061487, ""rsi7"": 34.81846573302734, ""macd"": -7.579126252315025e-05, ""adx"": 20.512322204111292, ""stoch_k"": 23.81873445703289, ""stoch_d"": 22.73034294310959, ""mss"": 0.0, ""sfp"": 0.0, ""vr"": 1.063408443667614, ""hurst"": 0.32931052428571217, ""atr14"": 0.0002570735321575473, ""vol_sma20"": 2008177.2850000001, ""vol_ratio"": 0.36092640097759093, ""atr_pct"": 0.0051138558217136915, ""retest_entry"": true}"
اتجاهي,dir,directional,VETUSDT,صاعد,MACD,1,133532,133534,2024-12-02T17:32:00+00:00,2024-12-02T17:34:00+00:00,2,-0.00015115062447378216,-0.0030230124894756434,20.0,قفل-ربح,0,False,True,,False,0.050475137999999996,0.05046,0.0003,0.05058373501554246,1,baseline,0,"{""close"": 0.05044, ""rsi"": 47.69134416062843, ""rsi7"": 53.30658491396044, ""macd"": 7.985755874105886e-06, ""adx"": 16.323948228101724, ""stoch_k"": 52.96902974526538, ""stoch_d"": 43.780381286303026, ""mss"": 0.0, ""sfp"": 0.0, ""vr"": 0.9804947905236447, ""hurst"": 0.31611743941413933, ""atr14"": 0.00024115870290051256, ""vol_sma20"": 1415575.31, ""vol_ratio"": 1.0493984244469479, ""atr_pct"": 0.004781100374712779, ""retest_entry"": true}"
اتجاهي,dir,directional,VETUSDT,صاعد,Stochastic,1,133542,133544,2024-12-02T17:42:00+00:00,2024-12-02T17:44:00+00:00,2,2.3651939954357764e-05,0.0004730387990871553,20.0,قفل-ربح,0,True,True,,False,0.050015000000000004,0.05,0.0003,0.050131369915618895,1,baseline,0,"{""close"": 0.04998, ""rsi"": 39.893584004804886, ""rsi7"": 38.61858888904045, ""macd"": -5.0620607916352294e-05, ""adx"": 18.51553622282622, ""stoch_k"": 14.619883040936068, ""stoch_d"": 8.561897702002113, ""mss"": 0.0, ""sfp"": 0.0, ""vr"": 1.02042854644003, ""hurst"": 0.31131298238385074, ""atr14"": 0.0002584188469073654, ""vol_sma20"": 1294543.74, ""vol_ratio"": 0.908725957764857, ""atr_pct"": 0.0051704451161937864, ""retest_entry"": true}"
اتجاهي,dir,directional,VETUSDT,صاعد,Bollinger,1,133554,133556,2024-12-02T17:54:00+00:00,2024-12-02T17:56:00+00:00,2,-0.007684887399851547,-0.15369774799703095,20.0,وقف,0,False,True,,False,0.049584871,0.04957,0.0003,0.04931713293929955,1,baseline,0,"{""close"": 0.04958, ""rsi"": 37.47114006010198, ""rsi7"": 38.05246062640955, ""macd"": -2.208590259998003e-05, ""adx"": 24.37970080646899, ""stoch_k"": 7.279693486590909, ""stoch_d"": 9.445086069406548, ""mss"": 0.0, ""sfp"": 0.0, ""vr"": 0.8842551339034982, ""hurst"": 0.312661413738601, ""atr14"": 0.00023279283416435448, ""vol_sma20"": 1536612.92, ""vol_ratio"": 0.7794668939787386, ""atr_pct"": 0.0046952971795956935, ""retest_entry"": true}"
اتجاهي,dir,directional,VETUSDT,صاعد,FVG,1,133562,133565,2024-12-02T18:02:00+00:00,2024-12-02T18:05:00+00:00,3,0.009487928274974092,0.18975856549948183,20.0,حصد-اعادة,0,True,True,,False,0.049534856,0.04952,0.0003,0.05012,1,baseline,0,"{""close"": 0.04953, ""rsi"": 45.29750799046105, ""rsi7"": 55.138482115573574, ""macd"": 6.478477010376431e-06, ""adx"": 30.264630854651546, ""stoch_k"": 37.10526315789509, ""stoch_d"": 19.673288709352807, ""mss"": 0.0, ""sfp"": 0.0, ""vr"": 0.8561571960376001, ""hurst"": 0.3233857252033919, ""atr14"": 0.00022705724215407288, ""vol_sma20"": 2092207.8450000002, ""vol_ratio"": 1.430898276743628, ""atr_pct"": 0.004584236667758387, ""retest_entry"": true}"
اتجاهي,dir,directional,VETUSDT,صاعد,MicroBurst,1,133565,133570,2024-12-02T18:05:00+00:00,2024-12-02T18:10:00+00:00,5,0.01073627832439803,0.4294511329759212,40.0,حصد-اعادة,0,True,True,,False,0.050135035999999994,0.05012,0.0003,0.05079,2,baseline,1,"{""close"": 0.05011, ""rsi"": 60.578099477144455, ""rsi7"": 75.65465560038649, ""macd"": 0.00010206627832723774, ""adx"": 26.602999229710726, ""stoch_k"": 95.43320728834088, ""stoch_d"": 83.19778671524445, ""mss"": 0.0, ""sfp"": 0.0, ""vr"": 0.8886513235202391, ""hurst"": 0.30375110588569665, ""atr14"": 0.00023679473797831593, ""vol_sma20"": 2158648.92, ""vol_ratio"": 1.8051097906184763, ""atr_pct"": 0.004725498662508799}"
اتجاهي,dir,directional,VETUSDT,صاعد,FVG,1,133570,133577,2024-12-02T18:10:00+00:00,2024-12-02T18:17:00+00:00,7,0.01114952595716278,0.8919620765730224,80.0,حصد-اعادة,0,True,True,,False,0.050805237,0.05079,0.0003,0.05149,4,baseline,2,"{""close"": 0.05077, ""rsi"": 72.3982105560456, ""rsi7"": 87.69686688778206, ""macd"": 0.00017035286229386326, ""adx"": 28.779818858286333, ""stoch_k"": 98.61267242395503, ""stoch_d"": 97.73507348449623, ""mss"": 0.0, ""sfp"": 0.0, ""vr"": 0.8721837654763184, ""hurst"": 0.31659212634509154, ""atr14"": 0.0002337967228092882, ""vol_sma20"": 2153078.65, ""vol_ratio"": 0.6431222101431362, ""atr_pct"": 0.004605017191437625}"
اتجاهي,dir,directional,VETUSDT,صاعد,MicroBurst,1,133577,133588,2024-12-02T18:17:00+00:00,2024-12-02T18:28:00+00:00,11,0.009412979820692354,0.1882595964138471,20.0,حصد-اعادة,0,True,True,,False,0.051505447,0.05149,0.0003,0.05211,1,baseline,3,"{""close"": 0.05149, ""rsi"": 81.46223229127781, ""rsi7"": 93.73775149278407, ""macd"": 0.0001234984128567517, ""adx"": 38.384619532379126, ""stoch_k"": 97.67736985007718, ""stoch_d"": 97.40671140928431, ""mss"": 0.0, ""sfp"": 0.0, ""vr"": 0.8484501646344638, ""hurst"": 0.4336536589191349, ""atr14"": 0.00022434893337520547, ""vol_sma20"": 2215301.8, ""vol_ratio"": 1.9072679397452754, ""atr_pct"": 0.004357136014278607}"
اتجاهي,dir,directional,VETUSDT,صاعد,MicroBurst,1,133588,133589,2024-12-02T18:28:00+00:00,2024-12-02T18:29:00+00:00,1,-0.0045109571427839725,-0.1804382857113589,40.0,زمني,0,False,True,,False,0.052125633,0.05211,0.0003,0.05201,2,baseline,4,"{""close"": 0.05209, ""rsi"": 78.39749934383508, ""rsi7"": 82.0947432776711, ""macd"": 3.260268554902392e-05, ""adx"": 48.77026284861061, ""stoch_k"": 91.84563607547727, ""stoch_d"": 92.28478508324436, ""mss"": 0.0, ""sfp"": 0.0, ""vr"": 0.8759500107304712, ""hurst"": 0.5705378876776954, ""atr14"": 0.00022175741002823006, ""vol_sma20"": 1980052.47, ""vol_ratio"": 2.9907287254867545, ""atr_pct"": 0.004257197351281054}"
اتجاهي,dir,directional,VETUSDT,هابط,FVG,-1,155808,155809,2024-12-18T04:48:00+00:00,2024-12-18T04:49:00+00:00,1,-0.003795303885384965,-0.0759060777076993,20.0,زمني,0,False,True,,False,0.053731598,0.05378,0.0009,0.05378,1,baseline,0,"{""close"": 0.05383, ""rsi"": 45.231414528461244, ""rsi7"": 45.77431768997138, ""macd"": 3.689606439978933e-05, ""adx"": 20.082930230673682, ""stoch_k"": 66.27906976744269, ""stoch_d"": 77.87915299673942, ""mss"": 0.0, ""sfp"": 0.0, ""vr"": 1.529018862815456, ""hurst"": 0.053882126553907506, ""atr14"": 0.00021694657925339807, ""vol_sma20"": 1688246.56, ""vol_ratio"": 0.22350971057213348, ""atr_pct"": 0.004030216965509903, ""retest_entry"": true}"
اتجاهي,dir,directional,VETUSDT,هابط,Bollinger,-1,155824,155825,2024-12-18T05:04:00+00:00,2024-12-18T05:05:00+00:00,1,-0.003518448540374452,-0.07036897080748905,20.0,زمني,0,False,True,,False,0.054143752,0.05416,0.0003,0.05421,1,baseline,0,"{""close"": 0.05416, ""rsi"": 54.47957160198502, ""rsi7"": 54.67454238979941, ""macd"": 4.1329910217432036e-05, ""adx"": 17.435973977470162, ""stoch_k"": 81.73515981735181, ""stoch_d"": 85.38812785388147, ""mss"": 0.0, ""sfp"": 0.0, ""vr"": 1.0520194389020696, ""hurst"": 0.2288808896729549, ""atr14"": 0.0001591104842858401, ""vol_sma20"": 654648.87, ""vol_ratio"": 0.565351315736633, ""atr_pct"": 0.0029377858989261467, ""retest_entry"": true}"
اتجاهي,dir,directional,VETUSDT,هابط,MACD,-1,155832,155832,2024-12-18T05:12:00+00:00,2024-12-18T05:12:00+00:00,0,-0.005500832687021618,-0.11001665374043236,20.0,وقف,0,False,True,,False,0.054173743,0.05419,0.0003,0.05434766819081706,1,baseline,0,"{""close"": 0.0542, ""rsi"": 53.72443086220838, ""rsi7"": 51.09018397464707, ""macd"": -2.5886342194893816e-06, ""adx"": 14.47111769905012, ""stoch_k"": 45.00109865963632, ""stoch_d"": 53.87052364017243, ""mss"": 0.0, ""sfp"": 0.0, ""vr"": 0.9770959977529278, ""hurst"": 0.3308531065904054, ""atr14"": 0.0001513125992209199, ""vol_sma20"": 484685.90499999997, ""vol_ratio"": 2.024935303204247, ""atr_pct"": 0.002791745373079703, ""retest_entry"": true}"
اتجاهي,dir,directional,VETUSDT,هابط,RSI,-1,155847,155848,2024-12-18T05:27:00+00:00,2024-12-18T05:28:00+00:00,1,-0.0029610049760669154,-0.059220099521338304,20.0,زمني,0,False,True,,False,0.054833545000000004,0.05485,0.0003,0.05487,1,baseline,0,"{""close"": 0.05485, ""rsi"": 67.16404009468076, ""rsi7"": 67.13780728166284, ""macd"": 3.3232965486469646e-05, ""adx"": 31.93185633075775, ""stoch_k"": 77.6919446518968, ""stoch_d"": 83.47664785771646, ""mss"": 0.0, ""sfp"": 0.0, ""vr"": 0.8740259840547773, ""hurst"": 0.4384047892633854, ""atr14"": 0.00013911265881660684, ""vol_sma20"": 825368.175, ""vol_ratio"": 0.30677763896094007, ""atr_pct"": 0.0025362380823447006, ""retest_entry"": true}"
اتجاهي,dir,directional,VETUSDT,هابط,MACD,-1,155852,155853,2024-12-18T05:32:00+00:00,2024-12-18T05:33:00+00:00,1,-0.005290809190808995,-0.1058161838161799,20.0,وقف,0,False,True,,False,0.054653599000000004,0.05467,0.0003,0.054817559796999996,1,baseline,0,"{""close"": 0.05467, ""rsi"": 53.780811231718914, ""rsi7"": 40.38285126701524, ""macd"": -1.670767804676736e-05, ""adx"": 33.99919242243884, ""stoch_k"": 55.07246376811684, ""stoch_d"": 62.0376378974702, ""mss"": 0.0, ""sfp"": 0.0, ""vr"": 0.7922739702195899, ""hurst"": 0.4455593310875623, ""atr14"": 0.0001264192494756548, ""vol_sma20"": 808323.0, ""vol_ratio"": 0.9211384557905689, ""atr_pct"": 0.002312406246125019, ""retest_entry"": true}"
اتجاهي,dir,directional,VETUSDT,هابط,Stochastic,-1,155862,155863,2024-12-18T05:42:00+00:00,2024-12-18T05:43:00+00:00,1,0.0002135088409789991,0.004270176819579982,20.0,تتبع,0,True,True,,False,0.05488353,0.0549,0.0003,0.05474538846,1,baseline,0,"{""close"": 0.0549, ""rsi"": 61.06752520226182, ""rsi7"": 58.44140244285822, ""macd"": -9.790623494360782e-06, ""adx"": 33.98565936433331, ""stoch_k"": 80.39215686274525, ""stoch_d"": 81.02396514161245, ""mss"": 0.0, ""sfp"": 0.0, ""vr"": 0.6752455063992805, ""hurst"": 0.42989262264203876, ""atr14"": 0.00010741532580381219, ""vol_sma20"": 682582.3500000001, ""vol_ratio"": 0.5721006410435311, ""atr_pct"": 0.0019565633115448487, ""retest_entry"": true}"
اتجاهي,dir,directional,VETUSDT,هابط,MicroBurst,-1,155869,155871,2024-12-18T05:49:00+00:00,2024-12-18T05:51:00+00:00,2,-0.0010179001392110697,-0.020358002784221396,20.0,تتبع,0,False,True,,False,0.054673593000000006,0.05469,0.0003,0.054603460474000005,1,baseline,0,"{""close"": 0.05469, ""rsi"": 46.649717994673594, ""rsi7"": 37.56650644939719, ""macd"": -3.011372577948778e-05, ""adx"": 23.84755581926855, ""stoch_k"": 40.699523052465224, ""stoch_d"": 40.36389330507065, ""mss"": 0.0, ""sfp"": 1.0, ""vr"": 0.7530199623350161, ""hurst"": 0.38664065229374356, ""atr14"": 0.00011886796313365108, ""vol_sma20"": 482664.16500000004, ""vol_ratio"": 2.7183171968028743, ""atr_pct"": 0.0021734862522152327, ""retest_entry"": true}"
اتجاهي,dir,directional,VETUSDT,هابط,FVG,-1,155874,155884,2024-12-18T05:54:00+00:00,2024-12-18T06:04:00+00:00,10,-0.001225707424851768,-0.02451414849703536,20.0,قفل-ربح,0,False,True,,False,0.054433665,0.05445,0.0003,0.054375178004505614,1,baseline,0,"{""close"": 0.05444, ""rsi"": 36.81675425943461, ""rsi7"": 26.872787825378822, ""macd"": -5.5329182543059714e-05, ""adx"": 23.119396870043065, ""stoch_k"": 16.104086330075845, ""stoch_d"": 15.725591060509288, ""mss"": 0.0, ""sfp"": 0.0, ""vr"": 0.8268207785404367, ""hurst"": 0.3533280924993928, ""atr14"": 0.00012998622715941035, ""vol_sma20"": 580233.54, ""vol_ratio"": 0.5111671069548995, ""atr_pct"": 0.002387697045543908, ""retest_entry"": true}"
اتجاهي,dir,directional,VETUSDT,هابط,Stochastic,-1,155891,155892,2024-12-18T06:11:00+00:00,2024-12-18T06:12:00+00:00,1,-0.005290809190808995,-0.1058161838161799,20.0,وقف,0,False,True,,False,0.054533635000000004,0.05455,0.0003,0.054697235904999995,1,baseline,0,"{""close"": 0.05457, ""rsi"": 52.35268007641329, ""rsi7"": 56.79113187430423, ""macd"": 3.471691565686921e-05, ""adx"": 20.83453312136266, ""stoch_k"": 80.95238095238155, ""stoch_d"": 86.87775166788258, ""mss"": 0.0, ""sfp"": 0.0, ""vr"": 0.8624814246997239, ""hurst"": 0.37054755184719657, ""atr14"": 0.00013108821194932074, ""vol_sma20"": 783384.24, ""vol_ratio"": 0.8234595069208949, ""atr_pct"": 0.002402202894435051, ""retest_entry"": true}"
اتجاهي,dir,directional,VETUSDT,هابط,Stochastic,-1,155896,155898,2024-12-18T06:16:00+00:00,2024-12-18T06:18:00+00:00,2,-0.0013061293391607128,-0.026122586783214257,20.0,قفل-ربح,0,False,True,,False,0.05468359,0.0547,0.0003,0.05462924235617393,1,baseline,0,"{""close"": 0.05469, ""rsi"": 57.488487196037816, ""rsi7"": 62.891115132560785, ""macd"": 3.12240502677631e-05, ""adx"": 15.472570411381097, ""stoch_k"": 86.90476190476268, ""stoch_d"": 87.3015873015881, ""mss"": 0.0, ""sfp"": 0.0, ""vr"": 0.8119208105003412, ""hurst"": 0.3834968756521331, ""atr14"": 0.00012078669877004224, ""vol_sma20"": 761122.615, ""vol_ratio"": 0.4016400169636268, ""atr_pct"": 0.0022085701000190573, ""retest_entry"": true}"
اتجاهي,dir,directional,VETUSDT,هابط,FVG,-1,155900,155901,2024-12-18T06:20:00+00:00,2024-12-18T06:21:00+00:00,1,-0.0035130368180061856,-0.07026073636012371,20.0,زمني,0,False,True,,False,0.054463656,0.05448,0.0003,0.05453,1,baseline,0,"{""close"": 0.05449, ""rsi"": 45.040078072784205, ""rsi7"": 38.44999098155739, ""macd"": -9.706233610184069e-07, ""adx"": 14.505436439773923, ""stoch_k"": 50.88285960378966, ""stoch_d"": 64.81584020343719, ""mss"": 0.0, ""sfp"": 0.0, ""vr"": 0.803649451619028, ""hurst"": 0.41779560966663565, ""atr14"": 0.00011722066075518469, ""vol_sma20"": 826333.4349999999, ""vol_ratio"": 2.5549526505604847, ""atr_pct"": 0.0021512325335875334, ""retest_entry"": true}"
اتجاهي,dir,directional,VETUSDT,هابط,FVG,-1,155909,155918,2024-12-18T06:29:00+00:00,2024-12-18T06:38:00+00:00,9,0.006714658372636757,0.13429316745273512,20.0,حصد-اعادة,0,True,True,,False,0.054643602,0.05466,0.0003,0.05415,1,baseline,0,"{""close"": 0.05466, ""rsi"": 50.87445759207696, ""rsi7"": 45.70460895758431, ""macd"": 1.6690604546623866e-05, ""adx"": 15.438221637227432, ""stoch_k"": 78.47222222222265, ""stoch_d"": 88.8449667616341, ""mss"": 0.0, ""sfp"": 0.0, ""vr"": 0.8380930170799534, ""hurst"": 0.49017286222905665, ""atr14"": 0.00011491966897919806, ""vol_sma20"": 632207.47, ""vol_ratio"": 0.5677854454962388, ""atr_pct"": 0.0021024454624807547, ""retest_entry"": true}"
اتجاهي,dir,directional,VETUSDT,هابط,ADX,-1,155918,155919,2024-12-18T06:38:00+00:00,2024-12-18T06:39:00+00:00,1,-0.0014968237201437521,-0.05987294880575009,40.0,تتبع,0,False,True,,False,0.054133755,0.05415,0.0003,0.05409030059,2,baseline,1,"{""close"": 0.05415, ""rsi"": 29.249425440613933, ""rsi7"": 15.6257294237748, ""macd"": -5.602609575014672e-05, ""adx"": 22.26955609335371, ""stoch_k"": 4.446342090178235, ""stoch_d"": 3.8480761585793046, ""mss"": 0.0, ""sfp"": 0.0, ""vr"": 0.8395640317523988, ""hurst"": 0.4127175658053665, ""atr14"": 0.00010881171749130676, ""vol_sma20"": 662301.6, ""vol_ratio"": 1.7711824945009949, ""atr_pct"": 0.0020094499998394603}"
اتجاهي,dir,directional,VETUSDT,هابط,FVG,-1,155927,155928,2024-12-18T06:47:00+00:00,2024-12-18T06:48:00+00:00,1,-0.005290809190808885,-0.10581618381617769,20.0,وقف,0,False,True,,False,0.05388383000000001,0.0539,0.0003,0.05404548149,1,baseline,0,"{""close"": 0.0539, ""rsi"": 31.005779601690577, ""rsi7"": 30.024233538079258, ""macd"": -3.301772758986866e-05, ""adx"": 39.066055851409196, ""stoch_k"": 12.588060808306615, ""stoch_d"": 11.375135068797315, ""mss"": 0.0, ""sfp"": 0.0, ""vr"": 1.0500210388626947, ""hurst"": 0.4188853935806771, ""atr14"": 0.0001325228339186568, ""vol_sma20"": 1040112.1950000001, ""vol_ratio"": 1.9278300068388294, ""atr_pct"": 0.002458679664539087, ""retest_entry"": true}"
اتجاهي,dir,directional,VETUSDT,هابط,EMA,-1,155934,155942,2024-12-18T06:54:00+00:00,2024-12-18T07:02:00+00:00,8,0.0008106186634853492,0.016212373269706985,20.0,تتبع,0,True,True,,False,0.054293707,0.05431,0.0003,0.054124556074,1,baseline,0,"{""close"": 0.05432, ""rsi"": 54.089601751247685, ""rsi7"": 63.473228622930215, ""macd"": 5.789470738145087e-05, ""adx"": 28.393517252512353, ""stoch_k"": 93.12169312169426, ""stoch_d"": 93.24766943814642, ""mss"": 0.0, ""sfp"": 0.0, ""vr"": 1.0460476683984286, ""hurst"": 0.3221948631457351, ""atr14"": 0.00013061396305574888, ""vol_sma20"": 1122078.3599999999, ""vol_ratio"": 0.23527126928996298, ""atr_pct"": 0.0024045280385815333, ""retest_entry"": true}"
اتجاهي,dir,directional,VETUSDT,هابط,Bollinger,-1,155950,155952,2024-12-18T07:10:00+00:00,2024-12-18T07:12:00+00:00,2,-0.0013033477851191143,-0.026066955702382287,20.0,قفل-ربح,0,False,True,,False,0.054473653,0.05449,0.0003,0.05441936213307288,1,baseline,0,"{""close"": 0.05448, ""rsi"": 62.10769141359371, ""rsi7"": 71.53476343402954, ""macd"": 4.354073593587735e-05, ""adx"": 20.9406769591516, ""stoch_k"": 89.59882803696279, ""stoch_d"": 91.19525204717998, ""mss"": 0.0, ""sfp"": 0.0, ""vr"": 0.9903526911459651, ""hurst"": 0.3479909623333358, ""atr14"": 0.00012066042806619143, ""vol_sma20"": 538520.6599999999, ""vol_ratio"": 0.9209351410956083, ""atr_pct"": 0.0022147655665600485, ""retest_entry"": true}"
اتجاهي,dir,directional,VETUSDT,هابط,MicroBurst,-1,155957,155960,2024-12-18T07:17:00+00:00,2024-12-18T07:20:00+00:00,3,-0.005290809190808995,-0.1058161838161799,20.0,وقف,0,False,True,,False,0.054263716000000004,0.05428,0.0003,0.054426507148,1,baseline,0,"{""close"": 0.05428, ""rsi"": 47.20536847367866, ""rsi7"": 39.29000188782316, ""macd"": 2.5780812421293583e-06, ""adx"": 15.274370800921517, ""stoch_k"": 69.55149876042465, ""stoch_d"": 78.3562467132454, ""mss"": 0.0, ""sfp"": 0.0, ""vr"": 1.0472254110862325, ""hurst"": 0.38541840725997073, ""atr14"": 0.00012752829752949563, ""vol_sma20"": 496304.985, ""vol_ratio"": 2.536203822333157, ""atr_pct"": 0.0023494527916266697, ""retest_entry"": true}"
اتجاهي,dir,directional,VETUSDT,هابط,MACD,-1,155966,155972,2024-12-18T07:26:00+00:00,2024-12-18T07:32:00+00:00,6,-0.001401490386400704,-0.02802980772801408,20.0,قفل-ربح,0,False,True,,False,0.05438368,0.0544,0.0003,0.05433482845188925,1,baseline,0,"{""close"": 0.05439, ""rsi"": 51.099014316054635, ""rsi7"": 47.58481856868375, ""macd"": -3.7685744198984083e-06, ""adx"": 11.0077404144216, ""stoch_k"": 64.44444444444602, ""stoch_d"": 64.81481481481619, ""mss"": 0.0, ""sfp"": 0.0, ""vr"": 0.8892231330742084, ""hurst"": 0.40719377548329333, ""atr14"": 0.00010857161158738713, ""vol_sma20"": 395919.485, ""vol_ratio"": 0.46055854007791514, ""atr_pct"": 0.0019961686263538724, ""retest_entry"": true}"
اتجاهي,dir,directional,VETUSDT,هابط,Bollinger,-1,155975,155982,2024-12-18T07:35:00+00:00,2024-12-18T07:42:00+00:00,7,-0.005290809190808995,-0.1058161838161799,20.0,وقف,0,False,True,,False,0.054113760999999996,0.05413,0.0003,0.05427610228299999,1,baseline,0,"{""close"": 0.05413, ""rsi"": 37.1109569211428, ""rsi7"": 25.27894570597782, ""macd"": -2.9977994745233014e-05, ""adx"": 14.472798259742126, ""stoch_k"": 12.707535121329485, ""stoch_d"": 15.725840783313544, ""mss"": 0.0, ""sfp"": 0.0, ""vr"": 0.842905996983068, ""hurst"": 0.40961120323288774, ""atr14"": 0.00010118051993004242, ""vol_sma20"": 359924.295, ""vol_ratio"": 1.0466537136649805, ""atr_pct"": 0.0018692133739154338, ""retest_entry"": true}"
اتجاهي,dir,directional,VETUSDT,هابط,FVG,-1,155987,155988,2024-12-18T07:47:00+00:00,2024-12-18T07:48:00+00:00,1,-0.004253995499271445,-0.08507990998542891,20.0,زمني,0,False,True,,False,0.054193737000000006,0.05421,0.0003,0.0543,1,baseline,0,"{""close"": 0.05421, ""rsi"": 46.51805272466153, ""rsi7"": 45.568770525768514, ""macd"": 1.0690116613898592e-05, ""adx"": 16.86752572031349, ""stoch_k"": 76.0057471264377, ""stoch_d"": 75.70777490809323, ""mss"": 0.0, ""sfp"": 0.0, ""vr"": 0.7351058655174865, ""hurst"": 0.40690459301981985, ""atr14"": 8.629168498093245e-05, ""vol_sma20"": 397641.245, ""vol_ratio"": 0.7146869284145814, ""atr_pct"": 0.0015918038181319397, ""retest_entry"": true}"
اتجاهي,dir,directional,VETUSDT,هابط,MicroBurst,-1,155993,156000,2024-12-18T07:53:00+00:00,2024-12-18T08:00:00+00:00,7,-0.005290809190808995,-0.1058161838161799,20.0,وقف,0,False,True,,False,0.054203733999999996,0.05422,0.0003,0.05436634520199999,1,baseline,0,"{""close"": 0.05422, ""rsi"": 46.950894079609554, ""rsi7"": 44.38889152338986, ""macd"": 6.767882399070014e-06, ""adx"": 12.208493137637326, ""stoch_k"": 66.86635944700438, ""stoch_d"": 73.22836661546339, ""mss"": 0.0, ""sfp"": 0.0, ""vr"": 0.8228139395352309, ""hurst"": 0.38285997183693127, ""atr14"": 9.463990499429578e-05, ""vol_sma20"": 498636.61000000004, ""vol_ratio"": 2.794033514707233, ""atr_pct"": 0.0017454796199611912, ""retest_entry"": true}"
اتجاهي,dir,directional,VETUSDT,هابط,FVG,-1,156004,156005,2024-12-18T08:04:00+00:00,2024-12-18T08:05:00+00:00,1,-0.005290809190808995,-0.1058161838161799,20.0,وقف,0,False,True,,False,0.054223728,0.05424,0.0003,0.05438639918399999,1,baseline,0,"{""close"": 0.05423, ""rsi"": 47.21819714675101, ""rsi7"": 43.337669269563236, ""macd"": 7.485038874645709e-06, ""adx"": 13.734337790449715, ""stoch_k"": 50.00000000000069, ""stoch_d"": 66.49610136452289, ""mss"": 0.0, ""sfp"": 0.0, ""vr"": 0.874356943419731, ""hurst"": 0.3328346855268941, ""atr14"": 9.787536725431383e-05, ""vol_sma20"": 420247.48, ""vol_ratio"": 0.45398511372394196, ""atr_pct"": 0.0018048196063860193, ""retest_entry"": true}"
اتجاهي,dir,directional,VETUSDT,هابط,Stochastic,-1,156010,156011,2024-12-18T08:10:00+00:00,2024-12-18T08:11:00+00:00,1,-0.0020471386090328693,-0.04094277218065739,20.0,زمني,0,False,True,,False,0.054423668,0.05444,0.0003,0.05441,1,baseline,0,"{""close"": 0.05443, ""rsi"": 55.972934779136374, ""rsi7"": 56.380375110153224, ""macd"": 2.1435515306680723e-05, ""adx"": 17.650451411508776, ""stoch_k"": 82.63324299909728, ""stoch_d"": 86.40842168655661, ""mss"": 0.0, ""sfp"": 0.0, ""vr"": 0.8964669128768439, ""hurst"": 0.2510025615388936, ""atr14"": 9.964030499906241e-05, ""vol_sma20"": 473069.0, ""vol_ratio"": 0.36303435651036103, ""atr_pct"": 0.001830613724032012, ""retest_entry"": true}"
اتجاهي,dir,directional,VETUSDT,صاعد,FVG,1,159596,159597,2024-12-20T19:56:00+00:00,2024-12-20T19:57:00+00:00,1,-0.006172126035769493,-0.12344252071538986,20.0,وقف,0,False,True,symbol_collision,True,0.047874358,0.04786,0.0003,0.047688445278833466,1,baseline,0,"{""close"": 0.04785, ""rsi"": 63.91182212154568, ""rsi7"": 65.88718930769235, ""macd"": -4.097329462238072e-05, ""adx"": 33.06378230762722, ""stoch_k"": 48.80952380952391, ""stoch_d"": 37.69841269841292, ""mss"": 0.0, ""sfp"": 0.0, ""vr"": 1.1524168268928991, ""hurst"": 0.4864837628622789, ""atr14"": 0.00016158098314103173, ""vol_sma20"": 1569156.405, ""vol_ratio"": 1.3901998507280733, ""atr_pct"": 0.0033768230541490435, ""retest_entry"": true}"
اتجاهي,dir,directional,VETUSDT,صاعد,OBV,1,159612,159614,2024-12-20T20:12:00+00:00,2024-12-20T20:14:00+00:00,2,-0.0008812050431738883,-0.017624100863477765,20.0,تتبع,0,False,True,symbol_collision,True,0.047304187,0.04729,0.0003,0.047371347566,1,baseline,0,"{""close"": 0.04729, ""rsi"": 45.94661691120382, ""rsi7"": 50.16637602592584, ""macd"": -3.8298804916956185e-05, ""adx"": 32.850542511807454, ""stoch_k"": 23.05555555555634, ""stoch_d"": 14.119769119769856, ""mss"": 0.0, ""sfp"": 0.0, ""vr"": 1.105025272273925, ""hurst"": 0.5118531910065717, ""atr14"": 0.00015571231762231546, ""vol_sma20"": 1087571.5450000002, ""vol_ratio"": 1.0603398969950062, ""atr_pct"": 0.00329271130518747, ""retest_entry"": true}"
اتجاهي,dir,directional,VETUSDT,صاعد,Bollinger,1,159624,159624,2024-12-20T20:24:00+00:00,2024-12-20T20:24:00+00:00,0,-0.005713816163286847,-0.11427632326573693,20.0,وقف,0,False,True,symbol_collision,True,0.047094123999999994,0.04708,0.0003,0.04693287460691504,1,baseline,0,"{""close"": 0.04708, ""rsi"": 42.92267234574468, ""rsi7"": 45.14470114602563, ""macd"": -1.1426845013628062e-05, ""adx"": 32.76897791322873, ""stoch_k"": 12.24233283056851, ""stoch_d"": 13.22272498743161, ""mss"": 0.0, ""sfp"": 0.0, ""vr"": 0.9909799535547724, ""hurst"": 0.5741378155817202, ""atr14"": 0.00014017481110879915, ""vol_sma20"": 732663.9299999999, ""vol_ratio"": 0.8805466921239048, ""atr_pct"": 0.002977374917349175, ""retest_entry"": true}"
اتجاهي,dir,directional,VETUSDT,صاعد,MicroBurst,1,159636,159638,2024-12-20T20:36:00+00:00,2024-12-20T20:38:00+00:00,2,-0.0008840621466188282,-0.017681242932376565,20.0,قفل-ربح,0,False,True,symbol_collision,True,0.046774028,0.04676,0.0003,0.04684030192175098,1,baseline,0,"{""close"": 0.04676, ""rsi"": 40.83520819964597, ""rsi7"": 46.60906855949684, ""macd"": -1.543688695584264e-05, ""adx"": 42.7492280393265, ""stoch_k"": 24.342489772063782, ""stoch_d"": 15.623092408598469, ""mss"": 0.0, ""sfp"": 0.0, ""vr"": 1.0335434389138378, ""hurst"": 0.6290814977298193, ""atr14"": 0.0001472312123051509, ""vol_sma20"": 645297.7300000001, ""vol_ratio"": 3.1600659745076114, ""atr_pct"": 0.0031486572349262378, ""retest_entry"": true}"
اتجاهي,dir,directional,VETUSDT,صاعد,FVG,1,159650,159651,2024-12-20T20:50:00+00:00,2024-12-20T20:51:00+00:00,1,-0.005408717991415471,-0.10817435982830942,20.0,وقف,0,False,True,symbol_collision,True,0.047014099999999996,0.047,0.0003,0.04686750155749601,1,baseline,0,"{""close"": 0.04701, ""rsi"": 55.87892396432851, ""rsi7"": 68.79181263888913, ""macd"": 3.446930817708644e-05, ""adx"": 24.08102843376438, ""stoch_k"": 77.82312925170153, ""stoch_d"": 76.50793650793743, ""mss"": 0.0, ""sfp"": -1.0, ""vr"": 0.8823727586530057, ""hurst"": 0.5679499995659156, ""atr14"": 0.00012746578953441354, ""vol_sma20"": 469449.70499999996, ""vol_ratio"": 0.3103013985278785, ""atr_pct"": 0.0027114611685686778, ""retest_entry"": true}"
اتجاهي,dir,directional,VETUSDT,صاعد,FVG,1,159662,159663,2024-12-20T21:02:00+00:00,2024-12-20T21:03:00+00:00,1,-0.004080523207445446,-0.08161046414890892,20.0,زمني,0,False,True,symbol_collision,True,0.047074118,0.04706,0.0003,0.04699,1,baseline,0,"{""close"": 0.04707, ""rsi"": 58.776726434027594, ""rsi7"": 67.12440113217004, ""macd"": 1.577695843340105e-05, ""adx"": 18.650709030402528, ""stoch_k"": 47.28682170542646, ""stoch_d"": 26.744186046512294, ""mss"": 0.0, ""sfp"": 0.0, ""vr"": 0.9110482843134216, ""hurst"": 0.40033158635485955, ""atr14"": 0.00013144972222407423, ""vol_sma20"": 359979.875, ""vol_ratio"": 2.0517699774188767, ""atr_pct"": 0.0027926433444672664, ""retest_entry"": true}"
اتجاهي,dir,directional,VETUSDT,صاعد,MicroBurst,1,159679,159679,2024-12-20T21:19:00+00:00,2024-12-20T21:19:00+00:00,0,-0.006968973662248367,-0.13937947324496736,20.0,وقف,0,False,True,symbol_collision,True,0.046357798,0.04633,0.0006,0.04615461384056978,1,baseline,0,"{""close"": 0.04633, ""rsi"": 42.685612768962535, ""rsi7"": 49.78965189833312, ""macd"": -2.788748828797864e-05, ""adx"": 28.55525408343566, ""stoch_k"": 33.85416666666767, ""stoch_d"": 26.633522727273704, ""mss"": 0.0, ""sfp"": 0.0, ""vr"": 1.218285709293344, ""hurst"": 0.2857194714543168, ""atr14"": 0.00017657593220608665, ""vol_sma20"": 799665.73, ""vol_ratio"": 0.954956016434517, ""atr_pct"": 0.0038112655343424703, ""retest_entry"": true}"
اتجاهي,dir,directional,VETUSDT,صاعد,FVG,1,159687,159688,2024-12-20T21:27:00+00:00,2024-12-20T21:28:00+00:00,1,-0.0006365991394168132,-0.012731982788336264,20.0,قفل-ربح,0,False,True,symbol_collision,True,0.046273878000000004,0.04626,0.0003,0.04635092070609473,1,baseline,0,"{""close"": 0.04627, ""rsi"": 46.77874658574299, ""rsi7"": 56.1105458479636, ""macd"": 3.410011120522744e-05, ""adx"": 26.044008613790005, ""stoch_k"": 76.27118644067922, ""stoch_d"": 61.273875592988325, ""mss"": 0.0, ""sfp"": 0.0, ""vr"": 1.1625538306841614, ""hurst"": 0.31232908967537365, ""atr14"": 0.00017119166555854795, ""vol_sma20"": 982074.55, ""vol_ratio"": 0.822593152424121, ""atr_pct"": 0.0036998414860287, ""retest_entry"": true}"
اتجاهي,dir,directional,VETUSDT,صاعد,FVG,1,159694,159696,2024-12-20T21:34:00+00:00,2024-12-20T21:36:00+00:00,2,-0.0008521788917094863,-0.017043577834189725,20.0,تتبع,0,False,True,symbol_collision,True,0.046423923,0.04641,0.0003,0.046491184414,1,baseline,0,"{""close"": 0.04641, ""rsi"": 52.77688084036139, ""rsi7"": 61.56414263115964, ""macd"": 4.766946314472249e-05, ""adx"": 17.728063408022756, ""stoch_k"": 67.1957671957684, ""stoch_d"": 57.84832451499242, ""mss"": 0.0, ""sfp"": 0.0, ""vr"": 1.0945232252776438, ""hurst"": 0.3169000064878261, ""atr14"": 0.00016195528009920585, ""vol_sma20"": 827691.5800000001, ""vol_ratio"": 0.513309196645446, ""atr_pct"": 0.0034896634367422076, ""retest_entry"": true}"
اتجاهي,dir,directional,VETUSDT,صاعد,FVG,1,159704,159705,2024-12-20T21:44:00+00:00,2024-12-20T21:45:00+00:00,1,-0.0017387575276582527,-0.03477515055316505,20.0,زمني,0,False,True,symbol_collision,True,0.046503947,0.04649,0.0003,0.04653,1,baseline,0,"{""close"": 0.04651, ""rsi"": 55.55295475755015, ""rsi7"": 61.39430284905733, ""macd"": 2.3446500233886983e-05, ""adx"": 11.522899476209915, ""stoch_k"": 66.66666666666734, ""stoch_d"": 62.31884057971067, ""mss"": 0.0, ""sfp"": 0.0, ""vr"": 0.924603599723232, ""hurst"": 0.317294224257603, ""atr14"": 0.000136431465262584, ""vol_sma20"": 341239.86, ""vol_ratio"": 0.3845793395882884, ""atr_pct"": 0.0029333791714165553, ""retest_entry"": true}"
اتجاهي,dir,directional,VETUSDT,صاعد,FVG,1,159710,159715,2024-12-20T21:50:00+00:00,2024-12-20T21:55:00+00:00,5,0.0020224164567481666,0.04044832913496333,20.0,تتبع,0,True,True,symbol_collision,True,0.046533955999999994,0.04652,0.0003,0.046735451192,1,baseline,0,"{""close"": 0.04654, ""rsi"": 56.44947201070782, ""rsi7"": 62.245371814470616, ""macd"": 1.1290297354713737e-05, ""adx"": 9.435807374981517, ""stoch_k"": 58.024691358024405, ""stoch_d"": 49.83281893004135, ""mss"": 0.0, ""sfp"": 0.0, ""vr"": 0.8684940097976313, ""hurst"": 0.37536298876952956, ""atr14"": 0.0001268183702704434, ""vol_sma20"": 293083.61, ""vol_ratio"": 0.6886833419309937, ""atr_pct"": 0.0027249327518359136, ""retest_entry"": true}"
اتجاهي,dir,directional,VETUSDT,صاعد,FVG,1,159718,159720,2024-12-20T21:58:00+00:00,2024-12-20T22:00:00+00:00,2,-0.001144223493786568,-0.02288446987573136,20.0,قفل-ربح,0,False,True,symbol_collision,True,0.046924073,0.04691,0.0003,0.046978323575270334,1,baseline,0,"{""close"": 0.04691, ""rsi"": 66.19147628684092, ""rsi7"": 73.39929570540392, ""macd"": 3.881883896508926e-05, ""adx"": 13.466724118161169, ""stoch_k"": 89.54248366013128, ""stoch_d"": 87.2610679491928, ""mss"": 0.0, ""sfp"": 0.0, ""vr"": 0.8369215612756409, ""hurst"": 0.4364018719374184, ""atr14"": 0.0001205206777307566, ""vol_sma20"": 291657.37, ""vol_ratio"": 0.6912950631077829, ""atr_pct"": 0.00256918946345676, ""retest_entry"": true}"
اتجاهي,dir,directional,VETUSDT,صاعد,FVG,1,159729,159731,2024-12-20T22:09:00+00:00,2024-12-20T22:11:00+00:00,2,-0.001039730202884775,-0.0207946040576955,20.0,تتبع,0,False,True,symbol_collision,True,0.04721416,0.0472,0.0003,0.04727369088,1,baseline,0,"{""close"": 0.0472, ""rsi"": 67.47999895533123, ""rsi7"": 75.16006889349873, ""macd"": 1.7638851928350235e-05, ""adx"": 18.005124460906863, ""stoch_k"": 76.75324675324698, ""stoch_d"": 67.41331961700746, ""mss"": 0.0, ""sfp"": 0.0, ""vr"": 0.951796288099867, ""hurst"": 0.46927975970581143, ""atr14"": 0.00013560715109234942, ""vol_sma20"": 576253.885, ""vol_ratio"": 2.1934149736795265, ""atr_pct"": 0.0028730328621260474, ""retest_entry"": true}"
اتجاهي,dir,directional,VETUSDT,صاعد,OBV,1,159738,159748,2024-12-20T22:18:00+00:00,2024-12-20T22:28:00+00:00,10,0.006490219256255697,0.12980438512511394,20.0,تتبع,0,True,True,symbol_collision,True,0.04741421999999999,0.0474,0.0003,0.04783185204,1,baseline,0,"{""close"": 0.0474, ""rsi"": 66.41445501988078, ""rsi7"": 70.66390769539242, ""macd"": 1.2507768983260485e-05, ""adx"": 27.485747506079385, ""stoch_k"": 82.04166666666707, ""stoch_d"": 71.38888888888941, ""mss"": 0.0, ""sfp"": -1.0, ""vr"": 1.054414542065148, ""hurst"": 0.5038060716339147, ""atr14"": 0.00015021336531295982, ""vol_sma20"": 691821.23, ""vol_ratio"": 0.3087593886067937, ""atr_pct"": 0.0031690583399358613, ""retest_entry"": true}"
اتجاهي,dir,directional,VETUSDT,صاعد,FVG,1,159759,159767,2024-12-20T22:39:00+00:00,2024-12-20T22:47:00+00:00,8,0.003547889115270601,0.07095778230541203,20.0,تتبع,0,True,True,symbol_collision,True,0.048054412,0.04804,0.0003,0.048335965384,1,baseline,0,"{""close"": 0.04808, ""rsi"": 64.89174463632438, ""rsi7"": 65.32123022160528, ""macd"": -3.404019949185982e-05, ""adx"": 32.82999678764071, ""stoch_k"": 53.787878787879606, ""stoch_d"": 37.78338945005695, ""mss"": 0.0, ""sfp"": 0.0, ""vr"": 0.9848085697914678, ""hurst"": 0.45167023102752885, ""atr14"": 0.0001443125312415365, ""vol_sma20"": 632379.655, ""vol_ratio"": 0.30960610204956707, ""atr_pct"": 0.0030015085532765495, ""retest_entry"": true}"
اتجاهي,dir,directional,VETUSDT,صاعد,MicroBurst,1,159773,159774,2024-12-20T22:53:00+00:00,2024-12-20T22:54:00+00:00,1,-0.004652153133736556,-0.09304306267473111,20.0,زمني,0,False,True,symbol_collision,True,0.048544558999999994,0.04853,0.0003,0.04843,1,baseline,0,"{""close"": 0.04851, ""rsi"": 70.33499418432633, ""rsi7"": 73.48937456320502, ""macd"": 4.878396692786194e-06, ""adx"": 35.00626340616333, ""stoch_k"": 88.38192168363061, ""stoch_d"": 81.80726767563992, ""mss"": 0.0, ""sfp"": 0.0, ""vr"": 0.8708571081438864, ""hurst"": 0.274011555991613, ""atr14"": 0.00012753307424648078, ""vol_sma20"": 728264.765, ""vol_ratio"": 2.5356762934974615, ""atr_pct"": 0.0026290058595440278, ""retest_entry"": true}"
اتجاهي,dir,directional,VETUSDT,صاعد,FVG,1,159789,159790,2024-12-20T23:09:00+00:00,2024-12-20T23:10:00+00:00,1,-0.005568983244795136,-0.11137966489590272,20.0,وقف,0,False,True,symbol_collision,True,0.048544558999999994,0.04853,0.0003,0.04838539038697039,1,baseline,0,"{""close"": 0.04854, ""rsi"": 59.57355791018694, ""rsi7"": 61.96596935944427, ""macd"": -1.868319475205831e-05, ""adx"": 21.547055089649962, ""stoch_k"": 65.11627906976764, ""stoch_d"": 49.601636520241385, ""mss"": 0.0, ""sfp"": 0.0, ""vr"": 0.9959403207339396, ""hurst"": 0.3240575448148299, ""atr14"": 0.0001383944912290809, ""vol_sma20"": 625221.77, ""vol_ratio"": 0.33841783852152174, ""atr_pct"": 0.002851143206202738, ""retest_entry"": true}"
اتجاهي,dir,directional,VETUSDT,صاعد,Bollinger,1,159802,159805,2024-12-20T23:22:00+00:00,2024-12-20T23:25:00+00:00,3,-0.005290809190809106,-0.10581618381618212,20.0,وقف,0,False,True,symbol_collision,True,0.048304487,0.04829,0.0003,0.048159573539,1,baseline,0,"{""close"": 0.04829, ""rsi"": 50.36508255607148, ""rsi7"": 53.23115502414933, ""macd"": -2.6028479064621823e-05, ""adx"": 19.886491519671665, ""stoch_k"": 23.48484848484988, ""stoch_d"": 15.662438336858216, ""mss"": 0.0, ""sfp"": 0.0, ""vr"": 0.8725106688040895, ""hurst"": 0.42625064140074936, ""atr14"": 0.00011733337363953358, ""vol_sma20"": 434520.7300000001, ""vol_ratio"": 0.40465342125334264, ""atr_pct"": 0.0024297654512224803, ""retest_entry"": true}"
اتجاهي,dir,directional,VETUSDT,صاعد,Stochastic,1,159809,159812,2024-12-20T23:29:00+00:00,2024-12-20T23:32:00+00:00,3,-0.005290809190809217,-0.10581618381618434,20.0,وقف,0,False,True,symbol_collision,True,0.048184450999999996,0.04817,0.0003,0.04803989764699999,1,baseline,0,"{""close"": 0.04815, ""rsi"": 44.47139846629573, ""rsi7"": 41.57225421299975, ""macd"": -1.5985158955838228e-05, ""adx"": 19.03155233336956, ""stoch_k"": 18.922083740632598, ""stoch_d"": 15.884267698784408, ""mss"": 0.0, ""sfp"": 0.0, ""vr"": 0.7940936606261699, ""hurst"": 0.4736387424588684, ""atr14"": 0.00010563223019782747, ""vol_sma20"": 352139.185, ""vol_ratio"": 0.39373664137945913, ""atr_pct"": 0.002193815788116874, ""retest_entry"": true}"
اتجاهي,dir,directional,VETUSDT,صاعد,Stochastic,1,159815,159816,2024-12-20T23:35:00+00:00,2024-12-20T23:36:00+00:00,1,-0.0034274003870799815,-0.06854800774159964,20.0,زمني,0,False,True,symbol_collision,True,0.048054412,0.04804,0.0003,0.048,1,baseline,0,"{""close"": 0.04804, ""rsi"": 42.07790834642796, ""rsi7"": 40.42348781705816, ""macd"": -2.0250917232989808e-05, ""adx"": 21.34177758823186, ""stoch_k"": 15.602836879433207, ""stoch_d"": 11.335339207679988, ""mss"": 0.0, ""sfp"": 0.0, ""vr"": 0.8039209197312187, ""hurst"": 0.48449289855061567, ""atr14"": 0.00010580352752267069, ""vol_sma20"": 340112.05, ""vol_ratio"": 1.085136795359059, ""atr_pct"": 0.0022024048193728285, ""retest_entry"": true}"
اتجاهي,dir,directional,VETUSDT,صاعد,Bollinger,1,159819,159820,2024-12-20T23:39:00+00:00,2024-12-20T23:40:00+00:00,1,-0.002596923220735966,-0.05193846441471932,20.0,زمني,0,False,True,symbol_collision,True,0.048004397,0.04799,0.0003,0.04799,1,baseline,0,"{""close"": 0.04802, ""rsi"": 43.29036856948032, ""rsi7"": 44.76058469451703, ""macd"": -1.1283330301151265e-05, ""adx"": 24.324327590593413, ""stoch_k"": 20.80745341614959, ""stoch_d"": 18.724823673945412, ""mss"": 0.0, ""sfp"": 0.0, ""vr"": 0.829013832712943, ""hurst"": 0.4986767532512104, ""atr14"": 0.00010862360864158191, ""vol_sma20"": 466144.59500000003, ""vol_ratio"": 0.7433172104033513, ""atr_pct"": 0.002262049326147062, ""retest_entry"": true}"
اتجاهي,dir,directional,VETUSDT,صاعد,Bollinger,1,159830,159831,2024-12-20T23:50:00+00:00,2024-12-20T23:51:00+00:00,1,-0.0014297926080127559,-0.028595852160255116,20.0,قفل-ربح,0,False,True,symbol_collision,True,0.047844348999999994,0.04783,0.0003,0.04788596920493448,1,baseline,0,"{""close"": 0.04784, ""rsi"": 38.71912252819847, ""rsi7"": 38.96890459320856, ""macd"": -2.339010382378448e-06, ""adx"": 30.71647761391772, ""stoch_k"": 21.7714672075729, ""stoch_d"": 17.06107730448512, ""mss"": 0.0, ""sfp"": 0.0, ""vr"": 0.724909887883613, ""hurst"": 0.4979230116211657, ""atr14"": 9.248093711668397e-05, ""vol_sma20"": 493457.52999999997, ""vol_ratio"": 0.23815788159114729, ""atr_pct"": 0.0019331299564524242, ""retest_entry"": true}"
اتجاهي,dir,directional,VETUSDT,صاعد,Bollinger,1,159834,159840,2024-12-20T23:54:00+00:00,2024-12-21T00:00:00+00:00,6,-0.001454131349148142,-0.02908262698296284,20.0,قفل-ربح,0,False,True,symbol_collision,True,0.047964385,0.04795,0.0003,0.048004939544020235,1,baseline,0,"{""close"": 0.04795, ""rsi"": 48.717163463344434, ""rsi7"": 59.00355414840497, ""macd"": 1.8364316231223596e-05, ""adx"": 25.450053044481606, ""stoch_k"": 51.806239737274986, ""stoch_d"": 47.70114942528836, ""mss"": 0.0, ""sfp"": 0.0, ""vr"": 0.7172171308656947, ""hurst"": 0.46689042083448057, ""atr14"": 9.009418067965499e-05, ""vol_sma20"": 406916.39, ""vol_ratio"": 0.22123979818065329, ""atr_pct"": 0.0018789193051022939, ""retest_entry"": true}"
اتجاهي,dir,directional,VETUSDT,صاعد,FVG,1,159844,159845,2024-12-21T00:04:00+00:00,2024-12-21T00:05:00+00:00,1,-0.005290809190809217,-0.10581618381618434,20.0,وقف,0,False,True,symbol_collision,True,0.04821446,0.0482,0.0003,0.04806981662,1,baseline,0,"{""close"": 0.04822, ""rsi"": 63.803231704698426, ""rsi7"": 73.12871577458625, ""macd"": 2.961023734253548e-05, ""adx"": 17.992291359170082, ""stoch_k"": 71.71717171717177, ""stoch_d"": 61.35755312225877, ""mss"": 0.0, ""sfp"": 0.0, ""vr"": 0.9324709131850477, ""hurst"": 0.4215862293272895, ""atr14"": 0.00011165672742496827, ""vol_sma20"": 328992.555, ""vol_ratio"": 1.5648013676175743, ""atr_pct"": 0.0023155687976973926, ""retest_entry"": true}"
اتجاهي,dir,directional,VETUSDT,صاعد,FVG,1,159861,159863,2024-12-21T00:21:00+00:00,2024-12-21T00:23:00+00:00,2,-0.0011693245431930734,-0.023386490863861468,20.0,تتبع,0,False,True,symbol_collision,True,0.04774863199999999,0.04772,0.0006,0.047802634575999994,1,baseline,0,"{""close"": 0.04773, ""rsi"": 49.28003677040865, ""rsi7"": 58.32968957083547, ""macd"": -4.5563875991152267e-07, ""adx"": 24.640089321088933, ""stoch_k"": 36.048482374263536, ""stoch_d"": 21.935313258212634, ""mss"": 0.0, ""sfp"": 0.0, ""vr"": 1.2051203674233666, ""hurst"": 0.19843101215565423, ""atr14"": 0.0001407247341688616, ""vol_sma20"": 545470.395, ""vol_ratio"": 0.516178884465398, ""atr_pct"": 0.0029483497625992375, ""retest_entry"": true}"
اتجاهي,dir,directional,VETUSDT,صاعد,FVG,1,159874,159875,2024-12-21T00:34:00+00:00,2024-12-21T00:35:00+00:00,1,-0.005516214160648427,-0.11032428321296854,20.0,وقف,0,False,True,symbol_collision,True,0.048054412,0.04804,0.0003,0.04789939211536598,1,baseline,0,"{""close"": 0.04805, ""rsi"": 62.42215595512244, ""rsi7"": 72.52638385596201, ""macd"": 3.351952551744883e-05, ""adx"": 14.780064453191246, ""stoch_k"": 86.2331323571641, ""stoch_d"": 73.33237630395325, ""mss"": 0.0, ""sfp"": 0.0, ""vr"": 1.148651757529523, ""hurst"": 0.1767297000325249, ""atr14"": 0.0001347875233539092, ""vol_sma20"": 308679.71499999997, ""vol_ratio"": 0.38245435078233114, ""atr_pct"": 0.0028051513705288074, ""retest_entry"": true}"
اتجاهي,dir,directional,VETUSDT,صاعد,FVG,1,159880,159881,2024-12-21T00:40:00+00:00,2024-12-21T00:41:00+00:00,1,-0.005290809190809106,-0.10581618381618212,20.0,وقف,0,False,True,symbol_collision,True,0.048074417999999994,0.04806,0.0003,0.04793019474599999,1,baseline,0,"{""close"": 0.04804, ""rsi"": 60.431752925482705, ""rsi7"": 67.59155492614265, ""macd"": 3.0017928500541407e-05, ""adx"": 12.099144218181417, ""stoch_k"": 84.39716312056737, ""stoch_d"": 74.46808510638316, ""mss"": 0.0, ""sfp"": 0.0, ""vr"": 1.0592851230780038, ""hurst"": 0.1925083526461024, ""atr14"": 0.00012462868771891938, ""vol_sma20"": 307956.7, ""vol_ratio"": 2.482962702224046, ""atr_pct"": 0.0025942691032248, ""retest_entry"": true}"
اتجاهي,dir,directional,VETUSDT,صاعد,FVG,1,159896,159897,2024-12-21T00:56:00+00:00,2024-12-21T00:57:00+00:00,1,-0.002596923220735855,-0.0519384644147171,20.0,زمني,0,False,True,symbol_collision,True,0.047574267999999996,0.04756,0.0003,0.04756,1,baseline,0,"{""close"": 0.04756, ""rsi"": 42.10959049637571, ""rsi7"": 41.98123344842791, ""macd"": -1.599823095819058e-05, ""adx"": 22.98146114696112, ""stoch_k"": 19.726476723759735, ""stoch_d"": 16.071493924755192, ""mss"": 0.0, ""sfp"": 0.0, ""vr"": 0.9538286824877608, ""hurst"": 0.20963530676960296, ""atr14"": 0.00011026401047825445, ""vol_sma20"": 353675.3, ""vol_ratio"": 0.32240447664849653, ""atr_pct"": 0.0023184190596773437, ""retest_entry"": true}"
اتجاهي,dir,directional,VETUSDT,صاعد,MicroBurst,1,159901,159904,2024-12-21T01:01:00+00:00,2024-12-21T01:04:00+00:00,3,-0.0012430605984200887,-0.024861211968401773,20.0,قفل-ربح,0,False,True,symbol_collision,True,0.047664294999999995,0.04765,0.0003,0.04771467952170517,1,baseline,0,"{""close"": 0.04764, ""rsi"": 49.51229494686372, ""rsi7"": 58.764861733397545, ""macd"": 7.679750364948838e-06, ""adx"": 22.392105986100642, ""stoch_k"": 59.27297340340863, ""stoch_d"": 48.08063916759596, ""mss"": 0.0, ""sfp"": 0.0, ""vr"": 0.9741463583470892, ""hurst"": 0.21745810203306432, ""atr14"": 0.00011190853372572184, ""vol_sma20"": 331672.505, ""vol_ratio"": 2.470524049016363, ""atr_pct"": 0.0023490456281637664, ""retest_entry"": true}"
اتجاهي,dir,directional,VETUSDT,صاعد,FVG,1,159908,159916,2024-12-21T01:08:00+00:00,2024-12-21T01:16:00+00:00,8,0.008862690153581728,0.17725380307163457,20.0,حصد-اعادة,0,True,True,symbol_collision,True,0.047884361,0.04787,0.0003,0.04842,1,baseline,0,"{""close"": 0.04787, ""rsi"": 62.26861358144831, ""rsi7"": 73.83385927871598, ""macd"": 4.188210819121856e-05, ""adx"": 17.437577617461404, ""stoch_k"": 90.65403195838127, ""stoch_d"": 84.72067385110978, ""mss"": 0.0, ""sfp"": 0.0, ""vr"": 1.0001294698252385, ""hurst"": 0.2166962993070431, ""atr14"": 0.00011522427288759336, ""vol_sma20"": 314701.24, ""vol_ratio"": 0.1286947582411814, ""atr_pct"": 0.0024070247104155704, ""retest_entry"": true}"
اتجاهي,dir,directional,VETUSDT,صاعد,MicroBurst,1,159916,159917,2024-12-21T01:16:00+00:00,2024-12-21T01:17:00+00:00,1,-0.005313764950965671,-0.21255059803862686,40.0,وقف,0,False,True,symbol_collision,True,0.048434526,0.04842,0.0003,0.04828810801005095,2,baseline,1,"{""close"": 0.04844, ""rsi"": 79.13229180104386, ""rsi7"": 87.517109688713, ""macd"": 6.250899440238694e-05, ""adx"": 31.046312801279058, ""stoch_k"": 93.96181896181956, ""stoch_d"": 96.63592163592205, ""mss"": 0.0, ""sfp"": 0.0, ""vr"": 1.0978728397631885, ""hurst"": 0.28746945358832926, ""atr14"": 0.0001273343807811085, ""vol_sma20"": 393103.05999999994, ""vol_ratio"": 3.5870481394879, ""atr_pct"": 0.0026287031540278387}"
اتجاهي,dir,directional,VETUSDT,صاعد,Bollinger,1,159943,159944,2024-12-21T01:43:00+00:00,2024-12-21T01:44:00+00:00,1,-0.0032213408397544383,-0.06442681679508877,20.0,زمني,0,False,True,symbol_collision,True,0.047934375999999994,0.04792,0.0003,0.04789,1,baseline,0,"{""close"": 0.0479, ""rsi"": 46.34943471379617, ""rsi7"": 49.16256629208954, ""macd"": -2.3752451698354812e-05, ""adx"": 21.818423213853375, ""stoch_k"": 23.397343716585198, ""stoch_d"": 16.533496063263865, ""mss"": 0.0, ""sfp"": 0.0, ""vr"": 0.9612862862107826, ""hurst"": 0.35326725011659577, ""atr14"": 0.00012093927064721399, ""vol_sma20"": 272186.81500000006, ""vol_ratio"": 0.6541665142743963, ""atr_pct"": 0.0025248281972278497, ""retest_entry"": true}"
اتجاهي,dir,directional,VETUSDT,صاعد,MACD,1,159946,159951,2024-12-21T01:46:00+00:00,2024-12-21T01:51:00+00:00,5,-0.005290809190809106,-0.10581618381618212,20.0,وقف,0,False,True,symbol_collision,True,0.048034406,0.04802,0.0003,0.047890302782,1,baseline,0,"{""close"": 0.04802, ""rsi"": 53.480260867019595, ""rsi7"": 62.70200812046705, ""macd"": 3.0698499465887984e-06, ""adx"": 19.29664473011079, ""stoch_k"": 48.238095238095916, ""stoch_d"": 35.05432384379823, ""mss"": 0.0, ""sfp"": 0.0, ""vr"": 0.9564033941576864, ""hurst"": 0.3628265769671163, ""atr14"": 0.0001204386215786916, ""vol_sma20"": 258895.935, ""vol_ratio"": 0.7198228122044481, ""atr_pct"": 0.0025080929108432237, ""retest_entry"": true}"
اتجاهي,dir,directional,VETUSDT,صاعد,SFP,1,159965,159966,2024-12-21T02:05:00+00:00,2024-12-21T02:06:00+00:00,1,-0.0030161763005086433,-0.060323526010172865,20.0,زمني,0,False,True,symbol_collision,True,0.047594274,0.04758,0.0003,0.04756,1,baseline,0,"{""close"": 0.04762, ""rsi"": 39.80277784186801, ""rsi7"": 40.55578594617604, ""macd"": -2.36279531023713e-05, ""adx"": 25.197755877174618, ""stoch_k"": 15.790598290599092, ""stoch_d"": 7.674177674178343, ""mss"": 0.0, ""sfp"": 1.0, ""vr"": 0.8890158292000178, ""hurst"": 0.4477349704620053, ""atr14"": 0.00010844931450165603, ""vol_sma20"": 275180.21499999997, ""vol_ratio"": 0.6208291537238606, ""atr_pct"": 0.002277390056733642, ""retest_entry"": true}"
اتجاهي,dir,directional,VETUSDT,صاعد,FVG,1,159972,159973,2024-12-21T02:12:00+00:00,2024-12-21T02:13:00+00:00,1,-0.004066780386515909,-0.08133560773031819,20.0,زمني,0,False,True,symbol_collision,True,0.04751425,0.0475,0.0003,0.04743,1,baseline,0,"{""close"": 0.04749, ""rsi"": 40.109297414922246, ""rsi7"": 42.2846197676945, ""macd"": -5.809139733641756e-06, ""adx"": 24.94699679093339, ""stoch_k"": 30.21276595744659, ""stoch_d"": 19.861388939403206, ""mss"": 0.0, ""sfp"": 0.0, ""vr"": 0.9451086921059275, ""hurst"": 0.476996889559802, ""atr14"": 0.00011407445335130468, ""vol_sma20"": 303031.20999999996, ""vol_ratio"": 1.6611803780871286, ""atr_pct"": 0.0024020731385829583, ""retest_entry"": true}"
اتجاهي,dir,directional,VETUSDT,صاعد,FVG,1,159979,159980,2024-12-21T02:19:00+00:00,2024-12-21T02:20:00+00:00,1,-0.002806461682244214,-0.05612923364488428,20.0,زمني,0,False,True,symbol_collision,True,0.04761428,0.0476,0.0003,0.04759,1,baseline,0,"{""close"": 0.04761, ""rsi"": 51.58403772407877, ""rsi7"": 63.619219385100976, ""macd"": 1.8100480551207462e-05, ""adx"": 19.64804617736384, ""stoch_k"": 44.86863711001667, ""stoch_d"": 27.799180385387007, ""mss"": 0.0, ""sfp"": 0.0, ""vr"": 0.9477806909971063, ""hurst"": 0.4924682181625522, ""atr14"": 0.0001130271053828181, ""vol_sma20"": 268352.76, ""vol_ratio"": 1.2541093298239228, ""atr_pct"": 0.0023740202768917896, ""retest_entry"": true}"
اتجاهي,dir,directional,VETUSDT,صاعد,MicroBurst,1,159982,159988,2024-12-21T02:22:00+00:00,2024-12-21T02:28:00+00:00,6,0.002297638814209412,0.04595277628418824,20.0,تتبع,0,True,True,symbol_collision,True,0.047724313,0.04771,0.0003,0.047944127566,1,baseline,0,"{""close"": 0.04773, ""rsi"": 57.89434086026091, ""rsi7"": 71.35844166883086, ""macd"": 4.111754737401689e-05, ""adx"": 19.133133507147555, ""stoch_k"": 88.50574712643787, ""stoch_d"": 81.6091954022999, ""mss"": 0.0, ""sfp"": 0.0, ""vr"": 0.9378008258713834, ""hurst"": 0.4975036996959158, ""atr14"": 0.00011144334931707402, ""vol_sma20"": 309287.70999999996, ""vol_ratio"": 2.2028738225647575, ""atr_pct"": 0.0023348700883526925, ""retest_entry"": true}"
اتجاهي,dir,directional,VETUSDT,صاعد,FVG,1,160000,160003,2024-12-21T02:40:00+00:00,2024-12-21T02:43:00+00:00,3,-0.0013193890908248973,-0.026387781816497945,20.0,قفل-ربح,0,False,True,symbol_collision,True,0.048064415,0.04805,0.0003,0.04811154534347382,1,baseline,0,"{""close"": 0.04805, ""rsi"": 64.74747294220155, ""rsi7"": 71.42701592611868, ""macd"": 8.876903843189313e-06, ""adx"": 25.388544306240675, ""stoch_k"": 51.42857142857189, ""stoch_d"": 34.98677248677288, ""mss"": 0.0, ""sfp"": 0.0, ""vr"": 0.8959987007454033, ""hurst"": 0.34808331702939316, ""atr14"": 0.00010470268580275504, ""vol_sma20"": 318339.65499999997, ""vol_ratio"": 0.6653057408132205, ""atr_pct"": 0.002179036124927264, ""retest_entry"": true}"
اتجاهي,dir,directional,VETUSDT,صاعد,FVG,1,160022,160022,2024-12-21T03:02:00+00:00,2024-12-21T03:02:00+00:00,0,-0.005290809190808995,-0.1058161838161799,20.0,وقف,0,False,True,symbol_collision,True,0.04791437,0.0479,0.0003,0.04777062689,1,baseline,0,"{""close"": 0.0479, ""rsi"": 50.72010788566492, ""rsi7"": 54.417500489521466, ""macd"": -2.3156560608804675e-05, ""adx"": 16.598004253656935, ""stoch_k"": 25.000000000000316, ""stoch_d"": 11.90450605344266, ""mss"": 0.0, ""sfp"": 0.0, ""vr"": 0.8579616326375967, ""hurst"": 0.46251732722961275, ""atr14"": 9.74328214357859e-05, ""vol_sma20"": 291212.96499999997, ""vol_ratio"": 0.5422911030077251, ""atr_pct"": 0.0020340881301834216, ""retest_entry"": true}"
اتجاهي,dir,directional,VETUSDT,صاعد,FVG,1,160037,160041,2024-12-21T03:17:00+00:00,2024-12-21T03:21:00+00:00,4,-0.0012863500055712556,-0.025727000111425112,20.0,قفل-ربح,0,False,True,symbol_collision,True,0.047684301,0.04767,0.0003,0.04773263769043969,1,baseline,0,"{""close"": 0.04769, ""rsi"": 48.2953059079319, ""rsi7"": 55.44443457321276, ""macd"": 1.1741876269562765e-05, ""adx"": 13.412718311956622, ""stoch_k"": 44.42554799697751, ""stoch_d"": 35.44343663391371, ""mss"": 0.0, ""sfp"": 0.0, ""vr"": 0.9808345577242825, ""hurst"": 0.46617983219846054, ""atr14"": 0.0001074277053559225, ""vol_sma20"": 244582.53499999997, ""vol_ratio"": 2.2921697986325964, ""atr_pct"": 0.0022526254006274373, ""retest_entry"": true}"
اتجاهي,dir,directional,VETUSDT,صاعد,OBV,1,160050,160060,2024-12-21T03:30:00+00:00,2024-12-21T03:40:00+00:00,10,-0.005290809190809106,-0.10581618381618212,20.0,وقف,0,False,True,symbol_collision,True,0.047644289,0.04763,0.0003,0.047501356133,1,baseline,0,"{""close"": 0.04762, ""rsi"": 46.91010489525875, ""rsi7"": 49.93046430947641, ""macd"": -2.881007037995717e-06, ""adx"": 11.202199301606269, ""stoch_k"": 22.222222222223593, ""stoch_d"": 18.539562289563648, ""mss"": 0.0, ""sfp"": 0.0, ""vr"": 0.9231432356223086, ""hurst"": 0.4535576820510074, ""atr14"": 9.896018773938677e-05, ""vol_sma20"": 242135.76499999998, ""vol_ratio"": 0.5481647868087558, ""atr_pct"": 0.0020781223800795203, ""retest_entry"": true}"
اتجاهي,dir,directional,VETUSDT,صاعد,Stochastic,1,160064,160068,2024-12-21T03:44:00+00:00,2024-12-21T03:48:00+00:00,4,-0.0013677070560429558,-0.027354141120859116,20.0,تتبع,0,False,True,symbol_collision,True,0.047444229,0.04743,0.0003,0.047488453522,1,baseline,0,"{""close"": 0.04743, ""rsi"": 39.23123569615963, ""rsi7"": 34.944035769278656, ""macd"": -2.290622242049595e-05, ""adx"": 19.67811941676187, ""stoch_k"": 19.495798319329, ""stoch_d"": 18.42670401494039, ""mss"": 0.0, ""sfp"": 1.0, ""vr"": 0.9641561596931308, ""hurst"": 0.43388603935078035, ""atr14"": 0.00010211216195958465, ""vol_sma20"": 204415.9, ""vol_ratio"": 0.652499145125208, ""atr_pct"": 0.002152902423773659, ""retest_entry"": true}"
اتجاهي,dir,directional,VETUSDT,صاعد,MicroBurst,1,160072,160075,2024-12-21T03:52:00+00:00,2024-12-21T03:55:00+00:00,3,-0.0015239603212320702,-0.030479206424641404,20.0,قفل-ربح,0,False,True,symbol_collision,True,0.04751425,0.0475,0.0003,0.047551098436442577,1,baseline,0,"{""close"": 0.0475, ""rsi"": 45.40316074727265, ""rsi7"": 48.172621652254, ""macd"": 7.173770940857547e-07, ""adx"": 21.418675125899593, ""stoch_k"": 28.510915607689896, ""stoch_d"": 28.738619592509554, ""mss"": 0.0, ""sfp"": 0.0, ""vr"": 0.78495165738345, ""hurst"": 0.38565775532307933, ""atr14"": 8.186085606001417e-05, ""vol_sma20"": 176981.985, ""vol_ratio"": 2.123685074500662, ""atr_pct"": 0.0017233864433687193, ""retest_entry"": true}"
اتجاهي,dir,directional,VETUSDT,صاعد,MicroBurst,1,160079,160084,2024-12-21T03:59:00+00:00,2024-12-21T04:04:00+00:00,5,0.011864268688860553,0.23728537377721104,20.0,حصد-اعادة,0,True,True,symbol_collision,True,0.047604277,0.04759,0.0003,0.04828,1,baseline,0,"{""close"": 0.04757, ""rsi"": 51.82569320611469, ""rsi7"": 58.339069978151784, ""macd"": 1.0479747210007053e-05, ""adx"": 17.37709218446401, ""stoch_k"": 43.12354312354355, ""stoch_d"": 46.46464646464676, ""mss"": 0.0, ""sfp"": 0.0, ""vr"": 0.8281496758131123, ""hurst"": 0.24454253597998712, ""atr14"": 8.500379257022311e-05, ""vol_sma20"": 202358.055, ""vol_ratio"": 1.5022060772426382, ""atr_pct"": 0.0017869201717515895, ""retest_entry"": true}"
اتجاهي,dir,directional,VETUSDT,صاعد,MicroBurst,1,160084,160085,2024-12-21T04:04:00+00:00,2024-12-21T04:05:00+00:00,1,-0.004043033729736426,-0.16172134918945705,40.0,زمني,0,False,True,symbol_collision,True,0.048294484,0.04828,0.0003,0.04821,2,baseline,1,"{""close"": 0.04828, ""rsi"": 80.40074750598356, ""rsi7"": 92.00183419966291, ""macd"": 8.060875594516307e-05, ""adx"": 24.7346384540747, ""stoch_k"": 97.27891156462663, ""stoch_d"": 93.53040499353966, ""mss"": 0.0, ""sfp"": 0.0, ""vr"": 1.0940372731481478, ""hurst"": 0.22290500399523958, ""atr14"": 0.0001115417183963073, ""vol_sma20"": 298695.1, ""vol_ratio"": 3.7301365171373755, ""atr_pct"": 0.0023103089974380133}"
اتجاهي,dir,directional,VETUSDT,صاعد,MACD,1,160096,160097,2024-12-21T04:16:00+00:00,2024-12-21T04:17:00+00:00,1,-0.00146887640832534,-0.029377528166506798,20.0,قفل-ربح,0,False,True,symbol_collision,True,0.04820445699999999,0.04819,0.0003,0.048258998658800976,1,baseline,0,"{""close"": 0.04821, ""rsi"": 64.25670601516086, ""rsi7"": 67.8743773493521, ""macd"": 1.3898829057402815e-06, ""adx"": 28.575674791881973, ""stoch_k"": 64.97314963068509, ""stoch_d"": 56.983399060954895, ""mss"": 0.0, ""sfp"": 0.0, ""vr"": 1.1702151088652624, ""hurst"": 0.3550418378441822, ""atr14"": 0.00012121762335957331, ""vol_sma20"": 366218.075, ""vol_ratio"": 0.4221722262070216, ""atr_pct"": 0.0025143667985806535, ""retest_entry"": true}"
اتجاهي,dir,directional,VETUSDT,صاعد,Bollinger,1,160118,160121,2024-12-21T04:38:00+00:00,2024-12-21T04:41:00+00:00,3,-0.0013850290155579563,-0.027700580311159125,20.0,تتبع,0,False,True,symbol_collision,True,0.048244469,0.04823,0.0003,0.048288601842,1,baseline,0,"{""close"": 0.04823, ""rsi"": 54.69233675497336, ""rsi7"": 52.07679905359855, ""macd"": -1.6562898609301602e-05, ""adx"": 27.262417498446034, ""stoch_k"": 52.564102564104054, ""stoch_d"": 47.86324786324932, ""mss"": 0.0, ""sfp"": 0.0, ""vr"": 0.9755051849706246, ""hurst"": 0.387614197343669, ""atr14"": 0.00010236240385381308, ""vol_sma20"": 256445.88000000003, ""vol_ratio"": 0.5115597879755369, ""atr_pct"": 0.0021223803411530807, ""retest_entry"": true}"
اتجاهي,dir,directional,VETUSDT,صاعد,FVG,1,160124,160125,2024-12-21T04:44:00+00:00,2024-12-21T04:45:00+00:00,1,-0.005290809190809106,-0.10581618381618212,20.0,وقف,0,False,True,symbol_collision,True,0.048404517,0.04839,0.0003,0.048259303449,1,baseline,0,"{""close"": 0.04841, ""rsi"": 61.94019597368809, ""rsi7"": 67.29803835413414, ""macd"": 5.276539177453737e-06, ""adx"": 24.340855185357782, ""stoch_k"": 84.38438438438494, ""stoch_d"": 82.74984386095589, ""mss"": 0.0, ""sfp"": 0.0, ""vr"": 0.9497324473354772, ""hurst"": 0.39098295299590885, ""atr14"": 9.974211321696622e-05, ""vol_sma20"": 198077.88499999998, ""vol_ratio"": 1.1577486300401483, ""atr_pct"": 0.002060361768580174, ""retest_entry"": true}"
اتجاهي,dir,directional,VETUSDT,صاعد,FVG,1,160132,160133,2024-12-21T04:52:00+00:00,2024-12-21T04:53:00+00:00,1,-0.0013605713890024692,-0.027211427780049383,20.0,قفل-ربح,0,False,True,symbol_collision,True,0.048464534999999996,0.04845,0.0003,0.04851005721021125,1,baseline,0,"{""close"": 0.04844, ""rsi"": 61.542438139032164, ""rsi7"": 68.56240285081188, ""macd"": 6.641209602257486e-07, ""adx"": 17.8543036104085, ""stoch_k"": 68.42105263157892, ""stoch_d"": 55.55555555555561, ""mss"": 0.0, ""sfp"": 0.0, ""vr"": 0.9679754977198567, ""hurst"": 0.36843394482954633, ""atr14"": 0.00010110925500625202, ""vol_sma20"": 200426.74, ""vol_ratio"": 0.6566997996375136, ""atr_pct"": 0.002087309145463502, ""retest_entry"": true}"
اتجاهي,dir,directional,VETUSDT,صاعد,MicroBurst,1,160148,160149,2024-12-21T05:08:00+00:00,2024-12-21T05:09:00+00:00,1,-0.005290809190809106,-0.10581618381618212,20.0,وقف,0,False,True,symbol_collision,True,0.04891467,0.0489,0.0003,0.04876792599,1,baseline,0,"{""close"": 0.04888, ""rsi"": 72.21670585988193, ""rsi7"": 79.28358044142668, ""macd"": 2.233460689123706e-05, ""adx"": 28.387495562242048, ""stoch_k"": 92.26190476190531, ""stoch_d"": 87.47014309599842, ""mss"": 0.0, ""sfp"": 0.0, ""vr"": 0.9992932175166646, ""hurst"": 0.26746405311178434, ""atr14"": 0.00010292822170474381, ""vol_sma20"": 269914.15, ""vol_ratio"": 2.6218455016159763, ""atr_pct"": 0.002105732849933384, ""retest_entry"": true}"
اتجاهي,dir,directional,VETUSDT,صاعد,OBV,1,160167,160168,2024-12-21T05:27:00+00:00,2024-12-21T05:28:00+00:00,1,-0.0046534244099715755,-0.0930684881994315,20.0,زمني,0,False,True,symbol_collision,True,0.04851455,0.0485,0.0003,0.0484,1,baseline,0,"{""close"": 0.04849, ""rsi"": 44.2637614377623, ""rsi7"": 39.96910324273242, ""macd"": -3.76413506785107e-05, ""adx"": 28.271784908665524, ""stoch_k"": 16.326530612245463, ""stoch_d"": 14.670773969965884, ""mss"": 0.0, ""sfp"": 0.0, ""vr"": 0.9956846512226403, ""hurst"": 0.26626449642032535, ""atr14"": 0.00010580261435832035, ""vol_sma20"": 332581.45499999996, ""vol_ratio"": 0.4392662242697808, ""atr_pct"": 0.0021819470892621234, ""retest_entry"": true}"
اتجاهي,dir,directional,VETUSDT,صاعد,FVG,1,160171,160173,2024-12-21T05:31:00+00:00,2024-12-21T05:33:00+00:00,2,-0.002391230690981381,-0.04782461381962762,20.0,تتبع,0,False,True,symbol_collision,True,0.048504546999999995,0.04849,0.0003,0.0485,1,baseline,0,"{""close"": 0.04848, ""rsi"": 45.491878425267096, ""rsi7"": 45.63726357975337, ""macd"": -1.9925508805033814e-05, ""adx"": 28.767077731386117, ""stoch_k"": 22.731830733867522, ""stoch_d"": 15.040099438674261, ""mss"": 0.0, ""sfp"": 0.0, ""vr"": 0.9423367796852687, ""hurst"": 0.2736396761939732, ""atr14"": 0.00010062235705664274, ""vol_sma20"": 220211.065, ""vol_ratio"": 1.120935044749, ""atr_pct"": 0.0020755436686601225, ""retest_entry"": true}"
اتجاهي,dir,directional,VETUSDT,صاعد,FVG,1,160177,160178,2024-12-21T05:37:00+00:00,2024-12-21T05:38:00+00:00,1,-0.0034158091622622884,-0.06831618324524577,20.0,زمني,0,False,True,symbol_collision,True,0.048734615999999994,0.04872,0.0003,0.04868,1,baseline,0,"{""close"": 0.04871, ""rsi"": 60.348968587652074, ""rsi7"": 72.97430425754926, ""macd"": 2.6132201565120538e-05, ""adx"": 22.459191365919853, ""stoch_k"": 91.35259801926505, ""stoch_d"": 88.02648566089418, ""mss"": 0.0, ""sfp"": 0.0, ""vr"": 0.9602234331091485, ""hurst"": 0.24977681440984803, ""atr14"": 0.00010358248086498501, ""vol_sma20"": 228535.43, ""vol_ratio"": 3.016288109025371, ""atr_pct"": 0.002126513669985321, ""retest_entry"": true}"
اتجاهي,dir,directional,VETUSDT,صاعد,FVG,1,165506,165508,2024-12-24T22:26:00+00:00,2024-12-24T22:28:00+00:00,2,-0.0015553257126064738,-0.031106514252129475,20.0,تتبع,0,False,True,symbol_collision,True,0.053386011,0.05337,0.0003,0.053425734798,1,baseline,0,"{""close"": 0.05338, ""rsi"": 50.432082254413956, ""rsi7"": 41.171442360395694, ""macd"": -4.386322952161723e-05, ""adx"": 28.085213622942344, ""stoch_k"": 14.893617021277757, ""stoch_d"": 18.417826810262582, ""mss"": 0.0, ""sfp"": 0.0, ""vr"": 1.0495614204341097, ""hurst"": 0.35930605062539134, ""atr14"": 0.0001018611671322, ""vol_sma20"": 459121.46499999997, ""vol_ratio"": 1.0341413682324785, ""atr_pct"": 0.001908227184941926, ""retest_entry"": true}"
اتجاهي,dir,directional,VETUSDT,صاعد,MicroBurst,1,165516,165523,2024-12-24T22:36:00+00:00,2024-12-24T22:43:00+00:00,7,-0.0013383395334449506,-0.02676679066889901,20.0,تتبع,0,False,True,symbol_collision,True,0.053245969,0.05323,0.0003,0.053297168841999996,1,baseline,0,"{""close"": 0.05323, ""rsi"": 43.97043474984574, ""rsi7"": 39.30575223057261, ""macd"": -4.466431792898316e-05, ""adx"": 21.146026604501447, ""stoch_k"": 13.11943080560193, ""stoch_d"": 6.679676431656613, ""mss"": 0.0, ""sfp"": 0.0, ""vr"": 1.0127735214585019, ""hurst"": 0.37124203341538864, ""atr14"": 9.520191524868889e-05, ""vol_sma20"": 495761.235, ""vol_ratio"": 6.046482234537761, ""atr_pct"": 0.0017885011318558874, ""retest_entry"": true}"
اتجاهي,dir,directional,VETUSDT,صاعد,Stochastic,1,165532,165533,2024-12-24T22:52:00+00:00,2024-12-24T22:53:00+00:00,1,-0.004473151732359621,-0.08946303464719241,20.0,زمني,0,False,True,symbol_collision,True,0.053175947999999994,0.05316,0.0003,0.05306,1,baseline,0,"{""close"": 0.05317, ""rsi"": 41.42123403120368, ""rsi7"": 38.13481984963547, ""macd"": -1.4838299750449332e-05, ""adx"": 16.980447493281215, ""stoch_k"": 19.54022988505946, ""stoch_d"": 14.417989417991103, ""mss"": 0.0, ""sfp"": 0.0, ""vr"": 0.7266368146142558, ""hurst"": 0.46165811987276734, ""atr14"": 6.466800384892691e-05, ""vol_sma20"": 478494.6, ""vol_ratio"": 0.6090614188749466, ""atr_pct"": 0.0012162498372940928, ""retest_entry"": true}"
اتجاهي,dir,directional,VETUSDT,صاعد,FVG,1,165536,165537,2024-12-24T22:56:00+00:00,2024-12-24T22:57:00+00:00,1,-0.003909542423115047,-0.07819084846230093,20.0,زمني,0,False,True,symbol_collision,True,0.053205957,0.05319,0.0003,0.05312,1,baseline,0,"{""close"": 0.05318, ""rsi"": 46.11829468982476, ""rsi7"": 50.98502867699554, ""macd"": -6.765762548510224e-06, ""adx"": 18.92514659107893, ""stoch_k"": 26.66666666666723, ""stoch_d"": 18.565955117680033, ""mss"": 0.0, ""sfp"": 0.0, ""vr"": 0.7759898661489154, ""hurst"": 0.4746858283152361, ""atr14"": 6.797826056667004e-05, ""vol_sma20"": 343472.2, ""vol_ratio"": 0.5902556305866966, ""atr_pct"": 0.0012782674044127498, ""retest_entry"": true}"
اتجاهي,dir,directional,VETUSDT,صاعد,FVG,1,165544,165545,2024-12-24T23:04:00+00:00,2024-12-24T23:05:00+00:00,1,-0.003157892330285528,-0.06315784660571055,20.0,زمني,0,False,True,symbol_collision,True,0.053356002,0.05334,0.0003,0.05331,1,baseline,0,"{""close"": 0.05334, ""rsi"": 60.72562618236213, ""rsi7"": 72.67075963416296, ""macd"": 1.3380037003511479e-05, ""adx"": 20.827963108542406, ""stoch_k"": 52.87356321839153, ""stoch_d"": 26.053639846743987, ""mss"": 0.0, ""sfp"": 0.0, ""vr"": 0.9935983005578883, ""hurst"": 0.48284850641680216, ""atr14"": 8.48240712894786e-05, ""vol_sma20"": 334396.29000000004, ""vol_ratio"": 1.7287003991581364, ""atr_pct"": 0.0015902525551083353, ""retest_entry"": true}"
اتجاهي,dir,directional,VETUSDT,صاعد,EMA,1,165555,165564,2024-12-24T23:15:00+00:00,2024-12-24T23:24:00+00:00,9,-0.005290809190809106,-0.10581618381618212,20.0,وقف,0,False,True,symbol_collision,True,0.053271944,0.05324,0.0006,0.053112128168000004,1,baseline,0,"{""close"": 0.05324, ""rsi"": 53.126719260808144, ""rsi7"": 56.51811599700219, ""macd"": 9.727641238445843e-06, ""adx"": 18.692310682052376, ""stoch_k"": 54.814814814815975, ""stoch_d"": 52.34567901234689, ""mss"": 0.0, ""sfp"": 0.0, ""vr"": 1.2374596313070128, ""hurst"": 0.47927139967385934, ""atr14"": 0.00010691410763970197, ""vol_sma20"": 322501.06, ""vol_ratio"": 0.7066941113309829, ""atr_pct"": 0.0020081537873723136, ""retest_entry"": true}"
شبكة,grid,grid,VETUSDT,عرضي,,0,21510,21554,2024-09-15T22:30:00+00:00,2024-09-15T23:14:00+00:00,44,-0.02801631277253097,-28.01631277253097,1000.0,نهاية-الحالة,0,False,True,,False,,,,,1,baseline,0,
افتتاح-سوق,market_open,market_open,VETUSDT,صاعد,London-Expansion,1,85,85,2024-09-01T07:05:00+00:00,2024-09-01T07:05:00+00:00,0,-0.003061047500298185,-0.061220950005963705,20.0,وقف-افتتاح,0,False,True,,False,0.021496447,0.02149,0.0003,0.02148,1,baseline,85,"""{\""session\"": \""London\"", \""pre_high\"": 0.02148, \""pre_low\"": 0.02132, \""tf\"": \""5min\""}"""
افتتاح-سوق,market_open,market_open,VETUSDT,صاعد,Asia-Expansion,1,578,578,2024-09-03T00:10:00+00:00,2024-09-03T00:10:00+00:00,0,-0.0035098779820899586,-0.07019755964179918,20.0,وقف-افتتاح,0,False,True,symbol_collision,True,0.021856555,0.02185,0.0003,0.02183,1,baseline,578,"""{\""session\"": \""Asia\"", \""pre_high\"": 0.02183, \""pre_low\"": 0.02174, \""tf\"": \""5min\""}"""
افتتاح-سوق,market_open,market_open,VETUSDT,صاعد,London-Expansion,1,669,669,2024-09-03T07:45:00+00:00,2024-09-03T07:45:00+00:00,0,-0.0030500822742476896,-0.06100164548495379,20.0,وقف-افتتاح,0,False,True,symbol_collision,True,0.022016603,0.02201,0.0003,0.022,1,baseline,669,"""{\""session\"": \""London\"", \""pre_high\"": 0.022, \""pre_low\"": 0.02183, \""tf\"": \""5min\""}"""
افتتاح-سوق,market_open,market_open,VETUSDT,صاعد,London-Expansion,1,955,956,2024-09-04T07:35:00+00:00,2024-09-04T07:40:00+00:00,1,0.0007791993795808135,0.015583987591616269,20.0,تتبع-افتتاح,0,True,True,,False,0.020686204,0.02068,0.0003,0.02075,1,baseline,955,"""{\""session\"": \""London\"", \""pre_high\"": 0.02066, \""pre_low\"": 0.02046, \""tf\"": \""5min\""}"""
افتتاح-سوق,market_open,market_open,VETUSDT,صاعد,London-Expansion,1,1238,1250,2024-09-05T07:10:00+00:00,2024-09-05T08:10:00+00:00,12,-0.0021248914759278282,-0.04249782951855657,20.0,زمني-افتتاح,0,False,True,,False,0.021136338999999997,0.02113,0.0003,0.02114,1,baseline,1238,"""{\""session\"": \""London\"", \""pre_high\"": 0.02108, \""pre_low\"": 0.02081, \""tf\"": \""5min\""}"""
افتتاح-سوق,market_open,market_open,VETUSDT,صاعد,NewYork-Expansion,1,1324,1325,2024-09-05T14:20:00+00:00,2024-09-05T14:25:00+00:00,1,-0.00496492672685933,-0.09929853453718661,20.0,وقف-افتتاح,0,False,True,,False,0.021066317999999997,0.02106,0.0003,0.02101,1,baseline,1324,"""{\""session\"": \""NewYork\"", \""pre_high\"": 0.02101, \""pre_low\"": 0.02082, \""tf\"": \""5min\""}"""
افتتاح-سوق,market_open,market_open,VETUSDT,صاعد,Asia-Expansion,1,2305,2307,2024-09-09T00:05:00+00:00,2024-09-09T00:15:00+00:00,2,0.0007629523988283838,0.015259047976567677,20.0,تتبع-افتتاح,0,True,True,symbol_collision,True,0.020786234,0.02078,0.0003,0.02085,1,baseline,2305,"""{\""session\"": \""Asia\"", \""pre_high\"": 0.02075, \""pre_low\"": 0.02061, \""tf\"": \""5min\""}"""
افتتاح-سوق,market_open,market_open,VETUSDT,صاعد,London-Expansion,1,2681,2685,2024-09-10T07:25:00+00:00,2024-09-10T07:45:00+00:00,4,-0.001229993467269627,-0.02459986934539254,20.0,تتبع-افتتاح,0,False,True,symbol_collision,True,0.021896567,0.02189,0.0003,0.02192,1,baseline,2681,"""{\""session\"": \""London\"", \""pre_high\"": 0.02184, \""pre_low\"": 0.02169, \""tf\"": \""5min\""}"""
افتتاح-سوق,market_open,market_open,VETUSDT,صاعد,London-Expansion,1,2970,2970,2024-09-11T07:30:00+00:00,2024-09-11T07:30:00+00:00,0,-0.003061047500298185,-0.061220950005963705,20.0,وقف-افتتاح,0,False,True,,False,0.021496447,0.02149,0.0003,0.02148,1,baseline,2970,"""{\""session\"": \""London\"", \""pre_high\"": 0.02148, \""pre_low\"": 0.02124, \""tf\"": \""5min\""}"""
افتتاح-سوق,market_open,market_open,VETUSDT,صاعد,NewYork-Expansion,1,3331,3331,2024-09-12T13:35:00+00:00,2024-09-12T13:35:00+00:00,0,-0.002596923220735966,-0.05193846441471932,20.0,وقف-افتتاح,0,False,True,symbol_collision,True,0.02180654,0.0218,0.0003,0.0218,1,baseline,3331,"""{\""session\"": \""NewYork\"", \""pre_high\"": 0.0218, \""pre_low\"": 0.02165, \""tf\"": \""5min\""}"""
افتتاح-سوق,market_open,market_open,VETUSDT,صاعد,London-Expansion,1,3551,3552,2024-09-13T07:55:00+00:00,2024-09-13T08:00:00+00:00,1,-0.004388397090119442,-0.08776794180238884,20.0,وقف-افتتاح,0,False,True,symbol_collision,True,0.022276681,0.02227,0.0003,0.02223,1,baseline,3551,"""{\""session\"": \""London\"", \""pre_high\"": 0.02223, \""pre_low\"": 0.02214, \""tf\"": \""5min\""}"""
افتتاح-سوق,market_open,market_open,VETUSDT,صاعد,NewYork-Expansion,1,3621,3621,2024-09-13T13:45:00+00:00,2024-09-13T13:45:00+00:00,0,-0.0034958894909291214,-0.06991778981858243,20.0,وقف-افتتاح,0,False,True,,False,0.022196657,0.02219,0.0003,0.02217,1,baseline,3621,"""{\""session\"": \""NewYork\"", \""pre_high\"": 0.02217, \""pre_low\"": 0.02194, \""tf\"": \""5min\""}"""
افتتاح-سوق,market_open,market_open,VETUSDT,صاعد,London-Expansion,1,4410,4410,2024-09-16T07:30:00+00:00,2024-09-16T07:30:00+00:00,0,-0.003519590266785169,-0.07039180533570338,20.0,وقف-افتتاح,0,False,True,,False,0.021626486,0.02162,0.0003,0.0216,1,baseline,4410,"""{\""session\"": \""London\"", \""pre_high\"": 0.0216, \""pre_low\"": 0.02146, \""tf\"": \""5min\""}"""
افتتاح-سوق,market_open,market_open,VETUSDT,صاعد,Asia-Expansion,1,4908,4908,2024-09-18T01:00:00+00:00,2024-09-18T01:00:00+00:00,0,-0.003066289374514481,-0.06132578749028962,20.0,وقف-افتتاح,0,False,True,symbol_collision,True,0.021256375,0.02125,0.0003,0.02124,1,baseline,4908,"""{\""session\"": \""Asia\"", \""pre_high\"": 0.02124, \""pre_low\"": 0.02113, \""tf\"": \""5min\""}"""
افتتاح-سوق,market_open,market_open,VETUSDT,صاعد,London-Expansion,1,5276,5281,2024-09-19T07:40:00+00:00,2024-09-19T08:05:00+00:00,5,0.0013794984799725713,0.027589969599451425,20.0,تتبع-افتتاح,0,True,True,symbol_collision,True,0.022116633,0.02211,0.0003,0.02219814759634246,1,baseline,5276,"""{\""session\"": \""London\"", \""pre_high\"": 0.02208, \""pre_low\"": 0.02195, \""tf\"": \""5min\""}"""
افتتاح-سوق,market_open,market_open,VETUSDT,صاعد,NewYork-Expansion,1,5355,5360,2024-09-19T14:15:00+00:00,2024-09-19T14:40:00+00:00,5,-0.0039285695181713026,-0.07857139036342606,20.0,وقف-افتتاح,0,False,True,symbol_collision,True,0.022476740999999998,0.02247,0.0003,0.02244,1,baseline,5355,"""{\""session\"": \""NewYork\"", \""pre_high\"": 0.02244, \""pre_low\"": 0.02233, \""tf\"": \""5min\""}"""
افتتاح-سوق,market_open,market_open,VETUSDT,صاعد,Asia-Expansion,1,5473,5473,2024-09-20T00:05:00+00:00,2024-09-20T00:05:00+00:00,0,-0.004351370145589456,-0.08702740291178912,20.0,وقف-افتتاح,0,False,True,symbol_collision,True,0.022746822,0.02274,0.0003,0.0227,1,baseline,5473,"""{\""session\"": \""Asia\"", \""pre_high\"": 0.0227, \""pre_low\"": 0.02258, \""tf\"": \""5min\""}"""
افتتاح-سوق,market_open,market_open,VETUSDT,صاعد,Asia-Expansion,1,6628,6628,2024-09-24T00:20:00+00:00,2024-09-24T00:20:00+00:00,0,-0.0034263644488267196,-0.06852728897653439,20.0,وقف-افتتاح,0,False,True,symbol_collision,True,0.024057214999999996,0.02405,0.0003,0.02403,1,baseline,6628,"""{\""session\"": \""Asia\"", \""pre_high\"": 0.02403, \""pre_low\"": 0.02384, \""tf\"": \""5min\""}"""
افتتاح-سوق,market_open,market_open,VETUSDT,صاعد,London-Expansion,1,6712,6713,2024-09-24T07:20:00+00:00,2024-09-24T07:25:00+00:00,1,-0.0021906490550417414,-0.04381298110083483,20.0,تتبع-افتتاح,0,False,True,symbol_collision,True,0.024557364999999998,0.02455,0.0003,0.02456,1,baseline,6712,"""{\""session\"": \""London\"", \""pre_high\"": 0.0245, \""pre_low\"": 0.0242, \""tf\"": \""5min\""}"""
افتتاح-سوق,market_open,market_open,VETUSDT,صاعد,NewYork-Expansion,1,6791,6791,2024-09-24T13:55:00+00:00,2024-09-24T13:55:00+00:00,0,-0.003797167597125012,-0.07594335194250024,20.0,وقف-افتتاح,0,False,True,symbol_collision,True,0.024937479,0.02493,0.0003,0.0249,1,baseline,6791,"""{\""session\"": \""NewYork\"", \""pre_high\"": 0.0249, \""pre_low\"": 0.02467, \""tf\"": \""5min\""}"""
افتتاح-سوق,market_open,market_open,VETUSDT,صاعد,London-Expansion,1,7288,7291,2024-09-26T07:20:00+00:00,2024-09-26T07:35:00+00:00,3,-0.00417571716894215,-0.083514343378843,20.0,وقف-افتتاح,0,False,True,,False,0.025277581,0.02527,0.0003,0.02523,1,baseline,7288,"""{\""session\"": \""London\"", \""pre_high\"": 0.02523, \""pre_low\"": 0.02507, \""tf\"": \""5min\""}"""
افتتاح-سوق,market_open,market_open,VETUSDT,صاعد,NewYork-Expansion,1,7948,7958,2024-09-28T14:20:00+00:00,2024-09-28T15:10:00+00:00,10,-0.004895969882539792,-0.09791939765079584,20.0,وقف-افتتاح,0,False,True,,False,0.026037809,0.02603,0.0003,0.02597,1,baseline,7948,"""{\""session\"": \""NewYork\"", \""pre_high\"": 0.02597, \""pre_low\"": 0.02576, \""tf\"": \""5min\""}"""
افتتاح-سوق,market_open,market_open,VETUSDT,صاعد,Asia-Expansion,1,8068,8070,2024-09-29T00:20:00+00:00,2024-09-29T00:30:00+00:00,2,-0.005287413215901563,-0.10574826431803125,20.0,وقف-افتتاح,0,False,True,,False,0.025957785,0.02595,0.0003,0.02588,1,baseline,8068,"""{\""session\"": \""Asia\"", \""pre_high\"": 0.02588, \""pre_low\"": 0.02568, \""tf\"": \""5min\""}"""
افتتاح-سوق,market_open,market_open,VETUSDT,صاعد,NewYork-Expansion,1,8229,8229,2024-09-29T13:45:00+00:00,2024-09-29T13:45:00+00:00,0,-0.0029866860487075472,-0.059733720974150945,20.0,وقف-افتتاح,0,False,True,,False,0.025597677,0.02559,0.0003,0.02558,1,baseline,8229,"""{\""session\"": \""NewYork\"", \""pre_high\"": 0.02558, \""pre_low\"": 0.02525, \""tf\"": \""5min\""}"""
افتتاح-سوق,market_open,market_open,VETUSDT,صاعد,London-Expansion,1,8725,8725,2024-10-01T07:05:00+00:00,2024-10-01T07:05:00+00:00,0,-0.00339388932283676,-0.0678777864567352,20.0,وقف-افتتاح,0,False,True,,False,0.025037509,0.02503,0.0003,0.02501,1,baseline,8725,"""{\""session\"": \""London\"", \""pre_high\"": 0.02501, \""pre_low\"": 0.02473, \""tf\"": \""5min\""}"""
افتتاح-سوق,market_open,market_open,VETUSDT,صاعد,NewYork-Expansion,1,9095,9095,2024-10-02T13:55:00+00:00,2024-10-02T13:55:00+00:00,0,-0.003909295690182261,-0.07818591380364523,20.0,وقف-افتتاح,0,False,True,,False,0.02280684,0.0228,0.0003,0.02277,1,baseline,9095,"""{\""session\"": \""NewYork\"", \""pre_high\"": 0.02277, \""pre_low\"": 0.02242, \""tf\"": \""5min\""}"""
افتتاح-سوق,market_open,market_open,VETUSDT,صاعد,London-Expansion,1,10171,10172,2024-10-06T07:35:00+00:00,2024-10-06T07:40:00+00:00,1,-0.003910447904817651,-0.07820895809635303,20.0,وقف-افتتاح,0,False,True,,False,0.022786834000000002,0.02278,0.0003,0.02275,1,baseline,10171,"""{\""session\"": \""London\"", \""pre_high\"": 0.02275, \""pre_low\"": 0.02261, \""tf\"": \""5min\""}"""
افتتاح-سوق,market_open,market_open,VETUSDT,صاعد,Asia-Expansion,1,10372,10373,2024-10-07T00:20:00+00:00,2024-10-07T00:25:00+00:00,1,-0.004305536628494817,-0.08611073256989635,20.0,وقف-افتتاح,0,False,True,symbol_collision,True,0.023357005,0.02335,0.0003,0.02331,1,baseline,10372,"""{\""session\"": \""Asia\"", \""pre_high\"": 0.02331, \""pre_low\"": 0.02319, \""tf\"": \""5min\""}"""
افتتاح-سوق,market_open,market_open,VETUSDT,صاعد,NewYork-Expansion,1,10533,10533,2024-10-07T13:45:00+00:00,2024-10-07T13:45:00+00:00,0,-0.003022618089186326,-0.060452361783726524,20.0,وقف-افتتاح,0,False,True,symbol_collision,True,0.023437028999999998,0.02343,0.0003,0.02342,1,baseline,10533,"""{\""session\"": \""NewYork\"", \""pre_high\"": 0.02342, \""pre_low\"": 0.02323, \""tf\"": \""5min\""}"""
افتتاح-سوق,market_open,market_open,VETUSDT,صاعد,Asia-Expansion,1,10948,10948,2024-10-09T00:20:00+00:00,2024-10-09T00:20:00+00:00,0,-0.002596923220735966,-0.05193846441471932,20.0,وقف-افتتاح,0,False,True,,False,0.022456735000000002,0.02245,0.0003,0.02245,1,baseline,10948,"""{\""session\"": \""Asia\"", \""pre_high\"": 0.02245, \""pre_low\"": 0.02232, \""tf\"": \""5min\""}"""
افتتاح-سوق,market_open,market_open,VETUSDT,صاعد,Asia-Expansion,1,11522,11523,2024-10-11T00:10:00+00:00,2024-10-11T00:15:00+00:00,1,-0.003954549913266757,-0.07909099826533514,20.0,وقف-افتتاح,0,False,True,,False,0.022046612,0.02204,0.0003,0.02201,1,baseline,11522,"""{\""session\"": \""Asia\"", \""pre_high\"": 0.02201, \""pre_low\"": 0.02188, \""tf\"": \""5min\""}"""
افتتاح-سوق,market_open,market_open,VETUSDT,صاعد,NewYork-Expansion,1,11692,11692,2024-10-11T14:20:00+00:00,2024-10-11T14:20:00+00:00,0,-0.0034902533387646513,-0.06980506677529302,20.0,وقف-افتتاح,0,False,True,symbol_collision,True,0.022336698999999998,0.02233,0.0003,0.02231,1,baseline,11692,"""{\""session\"": \""NewYork\"", \""pre_high\"": 0.02231, \""pre_low\"": 0.02214, \""tf\"": \""5min\""}"""
افتتاح-سوق,market_open,market_open,VETUSDT,صاعد,Asia-Expansion,1,11809,11811,2024-10-12T00:05:00+00:00,2024-10-12T00:15:00+00:00,2,-0.004794814531399645,-0.0958962906279929,20.0,وقف-افتتاح,0,False,True,symbol_collision,True,0.022696806999999996,0.02269,0.0003,0.02264,1,baseline,11809,"""{\""session\"": \""Asia\"", \""pre_high\"": 0.02264, \""pre_low\"": 0.02253, \""tf\"": \""5min\""}"""
افتتاح-سوق,market_open,market_open,VETUSDT,صاعد,NewYork-Expansion,1,12550,12550,2024-10-14T13:50:00+00:00,2024-10-14T13:50:00+00:00,0,-0.0038944987759562256,-0.07788997551912451,20.0,وقف-افتتاح,0,False,True,symbol_collision,True,0.023066918,0.02306,0.0003,0.02303,1,baseline,12550,"""{\""session\"": \""NewYork\"", \""pre_high\"": 0.02303, \""pre_low\"": 0.02284, \""tf\"": \""5min\""}"""
افتتاح-سوق,market_open,market_open,VETUSDT,صاعد,Asia-Expansion,1,12678,12678,2024-10-15T00:30:00+00:00,2024-10-15T00:30:00+00:00,0,-0.002596923220735855,-0.0519384644147171,20.0,وقف-افتتاح,0,False,True,symbol_collision,True,0.023507049999999998,0.0235,0.0003,0.0235,1,baseline,12678,"""{\""session\"": \""Asia\"", \""pre_high\"": 0.0235, \""pre_low\"": 0.02328, \""tf\"": \""5min\""}"""
افتتاح-سوق,market_open,market_open,VETUSDT,صاعد,London-Expansion,1,13912,13912,2024-10-19T07:20:00+00:00,2024-10-19T07:20:00+00:00,0,-0.002596923220735966,-0.05193846441471932,20.0,تتبع-افتتاح,0,False,True,symbol_collision,True,0.023517053,0.02351,0.0003,0.02351,1,baseline,13912,"""{\""session\"": \""London\"", \""pre_high\"": 0.02348, \""pre_low\"": 0.02335, \""tf\"": \""5min\""}"""
افتتاح-سوق,market_open,market_open,VETUSDT,صاعد,Asia-Expansion,1,14406,14406,2024-10-21T00:30:00+00:00,2024-10-21T00:30:00+00:00,0,-0.00463077941318964,-0.0926155882637928,20.0,وقف-افتتاح,0,False,True,symbol_collision,True,0.024527356,0.02452,0.0003,0.02447,1,baseline,14406,"""{\""session\"": \""Asia\"", \""pre_high\"": 0.02447, \""pre_low\"": 0.02411, \""tf\"": \""5min\""}"""
افتتاح-سوق,market_open,market_open,VETUSDT,صاعد,London-Expansion,1,14776,14776,2024-10-22T07:20:00+00:00,2024-10-22T07:20:00+00:00,0,-0.003438258587061706,-0.06876517174123412,20.0,وقف-افتتاح,0,False,True,,False,0.023717112999999998,0.02371,0.0003,0.02369,1,baseline,14776,"""{\""session\"": \""London\"", \""pre_high\"": 0.02369, \""pre_low\"": 0.02355, \""tf\"": \""5min\""}"""
افتتاح-سوق,market_open,market_open,VETUSDT,صاعد,NewYork-Expansion,1,15142,15142,2024-10-23T13:50:00+00:00,2024-10-23T13:50:00+00:00,0,-0.003906997314578981,-0.07813994629157961,20.0,وقف-افتتاح,0,False,True,,False,0.022846851999999997,0.02284,0.0003,0.02281,1,baseline,15142,"""{\""session\"": \""NewYork\"", \""pre_high\"": 0.02281, \""pre_low\"": 0.02258, \""tf\"": \""5min\""}"""
افتتاح-سوق,market_open,market_open,VETUSDT,صاعد,NewYork-Expansion,1,15429,15429,2024-10-24T13:45:00+00:00,2024-10-24T13:45:00+00:00,0,-0.004799668531644127,-0.09599337063288255,20.0,وقف-افتتاح,0,False,True,,False,0.022646792,0.02264,0.0003,0.02259,1,baseline,15429,"""{\""session\"": \""NewYork\"", \""pre_high\"": 0.02259, \""pre_low\"": 0.02249, \""tf\"": \""5min\""}"""
افتتاح-سوق,market_open,market_open,VETUSDT,صاعد,NewYork-Expansion,1,15720,15720,2024-10-25T14:00:00+00:00,2024-10-25T14:00:00+00:00,0,-0.0039001502374337318,-0.07800300474867464,20.0,وقف-افتتاح,0,False,True,,False,0.022966888,0.02296,0.0003,0.02293,1,baseline,15720,"""{\""session\"": \""NewYork\"", \""pre_high\"": 0.02293, \""pre_low\"": 0.02279, \""tf\"": \""5min\""}"""
افتتاح-سوق,market_open,market_open,VETUSDT,صاعد,London-Expansion,1,16515,16516,2024-10-28T08:15:00+00:00,2024-10-28T08:20:00+00:00,1,-0.003956400381271026,-0.07912800762542052,20.0,وقف-افتتاح,0,False,True,,False,0.022016603,0.02201,0.0003,0.02198,1,baseline,16515,"""{\""session\"": \""London\"", \""pre_high\"": 0.02198, \""pre_low\"": 0.02166, \""tf\"": \""5min\""}"""
افتتاح-سوق,market_open,market_open,VETUSDT,صاعد,NewYork-Expansion,1,17158,17160,2024-10-30T13:50:00+00:00,2024-10-30T14:00:00+00:00,2,0.0008690734049282352,0.017381468098564702,20.0,تتبع-افتتاح,0,True,True,,False,0.022236669,0.02223,0.0003,0.022307249716571276,1,baseline,17158,"""{\""session\"": \""NewYork\"", \""pre_high\"": 0.02221, \""pre_low\"": 0.02201, \""tf\"": \""5min\""}"""
افتتاح-سوق,market_open,market_open,VETUSDT,صاعد,NewYork-Expansion,1,17736,17736,2024-11-01T14:00:00+00:00,2024-11-01T14:00:00+00:00,0,-0.004484157046240607,-0.08968314092481214,20.0,وقف-افتتاح,0,False,True,,False,0.021146342,0.02114,0.0003,0.0211,1,baseline,17736,"""{\""session\"": \""NewYork\"", \""pre_high\"": 0.0211, \""pre_low\"": 0.02092, \""tf\"": \""5min\""}"""
افتتاح-سوق,market_open,market_open,VETUSDT,صاعد,Asia-Expansion,1,17857,17860,2024-11-02T00:05:00+00:00,2024-11-02T00:20:00+00:00,3,-0.0016351073318455955,-0.032702146636911913,20.0,تتبع-افتتاح,0,False,True,,False,0.020746222,0.02074,0.0003,0.02076,1,baseline,17857,"""{\""session\"": \""Asia\"", \""pre_high\"": 0.0207, \""pre_low\"": 0.02058, \""tf\"": \""5min\""}"""
افتتاح-سوق,market_open,market_open,VETUSDT,صاعد,Asia-Expansion,1,18145,18145,2024-11-03T00:05:00+00:00,2024-11-03T00:05:00+00:00,0,-0.004062973799049538,-0.08125947598099076,20.0,وقف-افتتاح,0,False,True,,False,0.020416123,0.02041,0.0003,0.02038,1,baseline,18145,"""{\""session\"": \""Asia\"", \""pre_high\"": 0.02038, \""pre_low\"": 0.02026, \""tf\"": \""5min\""}"""
افتتاح-سوق,market_open,market_open,VETUSDT,صاعد,Asia-Expansion,1,18723,18723,2024-11-05T00:15:00+00:00,2024-11-05T00:15:00+00:00,0,-0.003109726859182707,-0.06219453718365414,20.0,وقف-افتتاح,0,False,True,,False,0.019455834999999998,0.01945,0.0003,0.01944,1,baseline,18723,"""{\""session\"": \""Asia\"", \""pre_high\"": 0.01944, \""pre_low\"": 0.01929, \""tf\"": \""5min\""}"""
افتتاح-سوق,market_open,market_open,VETUSDT,صاعد,London-Expansion,1,18828,18828,2024-11-05T09:00:00+00:00,2024-11-05T09:00:00+00:00,0,-0.003612608634971639,-0.07225217269943278,20.0,وقف-افتتاح,0,False,True,,False,0.019645892,0.01964,0.0003,0.01962,1,baseline,18828,"""{\""session\"": \""London\"", \""pre_high\"": 0.01962, \""pre_low\"": 0.01945, \""tf\"": \""5min\""}"""
افتتاح-سوق,market_open,market_open,VETUSDT,صاعد,London-Expansion,1,19394,19394,2024-11-07T08:10:00+00:00,2024-11-07T08:10:00+00:00,0,-0.003963852974202083,-0.07927705948404166,20.0,وقف-افتتاح,0,False,True,symbol_collision,True,0.021896567,0.02189,0.0003,0.02186,1,baseline,19394,"""{\""session\"": \""London\"", \""pre_high\"": 0.02186, \""pre_low\"": 0.02166, \""tf\"": \""5min\""}"""
افتتاح-سوق,market_open,market_open,VETUSDT,صاعد,London-Expansion,1,19971,19975,2024-11-09T08:15:00+00:00,2024-11-09T08:35:00+00:00,4,0.0031607321958405867,0.06321464391681174,20.0,تتبع-افتتاح,0,True,True,symbol_collision,True,0.022526756,0.02252,0.0003,0.02265,1,baseline,19971,"""{\""session\"": \""London\"", \""pre_high\"": 0.02249, \""pre_low\"": 0.02236, \""tf\"": \""5min\""}"""
افتتاح-سوق,market_open,market_open,VETUSDT,صاعد,London-Expansion,1,20546,20546,2024-11-11T08:10:00+00:00,2024-11-11T08:10:00+00:00,0,-0.0029829151235142883,-0.059658302470285765,20.0,وقف-افتتاح,0,False,True,,False,0.025847751999999998,0.02584,0.0003,0.02583,1,baseline,20546,"""{\""session\"": \""London\"", \""pre_high\"": 0.02583, \""pre_low\"": 0.02532, \""tf\"": \""5min\""}"""
افتتاح-سوق,market_open,market_open,VETUSDT,صاعد,NewYork-Expansion,1,20631,20631,2024-11-11T15:15:00+00:00,2024-11-11T15:15:00+00:00,0,-0.004844170107959318,-0.09688340215918635,20.0,وقف-افتتاح,0,False,True,symbol_collision,True,0.026637989,0.02663,0.0003,0.02657,1,baseline,20631,"""{\""session\"": \""NewYork\"", \""pre_high\"": 0.02657, \""pre_low\"": 0.02589, \""tf\"": \""5min\""}"""
افتتاح-سوق,market_open,market_open,VETUSDT,صاعد,London-Expansion,1,21410,21410,2024-11-14T08:10:00+00:00,2024-11-14T08:10:00+00:00,0,-0.004862032403429119,-0.09724064806858237,20.0,وقف-افتتاح,0,False,True,symbol_collision,True,0.026427925999999997,0.02642,0.0003,0.02636,1,baseline,21410,"""{\""session\"": \""London\"", \""pre_high\"": 0.02636, \""pre_low\"": 0.02571, \""tf\"": \""5min\""}"""
افتتاح-سوق,market_open,market_open,VETUSDT,صاعد,Asia-Expansion,1,22465,22466,2024-11-18T00:05:00+00:00,2024-11-18T00:10:00+00:00,1,-0.004332744795360305,-0.0866548959072061,20.0,وقف-افتتاح,0,False,True,,False,0.028738618999999997,0.02873,0.0003,0.02868,1,baseline,22465,"""{\""session\"": \""Asia\"", \""pre_high\"": 0.02868, \""pre_low\"": 0.02828, \""tf\"": \""5min\""}"""
افتتاح-سوق,market_open,market_open,VETUSDT,صاعد,NewYork-Expansion,1,22641,22641,2024-11-18T14:45:00+00:00,2024-11-18T14:45:00+00:00,0,-0.004191237601777069,-0.08382475203554138,20.0,وقف-افتتاح,0,False,True,symbol_collision,True,0.031289384,0.03128,0.0003,0.03123,1,baseline,22641,"""{\""session\"": \""NewYork\"", \""pre_high\"": 0.03123, \""pre_low\"": 0.03044, \""tf\"": \""5min\""}"""
افتتاح-سوق,market_open,market_open,VETUSDT,صاعد,London-Expansion,1,24587,24588,2024-11-25T08:55:00+00:00,2024-11-25T09:00:00+00:00,1,-0.001900574784539213,-0.03801149569078426,20.0,تتبع-افتتاح,0,False,True,symbol_collision,True,0.042982891,0.04297,0.0003,0.043,1,baseline,24587,"""{\""session\"": \""London\"", \""pre_high\"": 0.04293, \""pre_low\"": 0.04229, \""tf\"": \""5min\""}"""
افتتاح-سوق,market_open,market_open,VETUSDT,صاعد,NewYork-Expansion,1,24943,24943,2024-11-26T14:35:00+00:00,2024-11-26T14:35:00+00:00,0,-0.002596923220735855,-0.0519384644147171,20.0,وقف-افتتاح,0,False,True,,False,0.039701907,0.03969,0.0003,0.03969,1,baseline,24943,"""{\""session\"": \""NewYork\"", \""pre_high\"": 0.03971, \""pre_low\"": 0.03873, \""tf\"": \""5min\""}"""
افتتاح-سوق,market_open,market_open,VETUSDT,صاعد,Asia-Expansion,1,25924,25924,2024-11-30T00:20:00+00:00,2024-11-30T00:20:00+00:00,0,-0.002596923220735855,-0.0519384644147171,20.0,تتبع-افتتاح,0,False,True,symbol_collision,True,0.045563664999999996,0.04555,0.0003,0.04555,1,baseline,25924,"""{\""session\"": \""Asia\"", \""pre_high\"": 0.0455, \""pre_low\"": 0.0446, \""tf\"": \""5min\""}"""
افتتاح-سوق,market_open,market_open,VETUSDT,صاعد,NewYork-Expansion,1,26097,26097,2024-11-30T14:45:00+00:00,2024-11-30T14:45:00+00:00,0,-0.003022255023200348,-0.06044510046400696,20.0,وقف-افتتاح,0,False,True,symbol_collision,True,0.046914069999999995,0.0469,0.0003,0.04688,1,baseline,26097,"""{\""session\"": \""NewYork\"", \""pre_high\"": 0.04688, \""pre_low\"": 0.04574, \""tf\"": \""5min\""}"""
افتتاح-سوق,market_open,market_open,VETUSDT,صاعد,London-Expansion,1,26310,26310,2024-12-01T08:30:00+00:00,2024-12-01T08:30:00+00:00,0,-0.003036114359784375,-0.0607222871956875,20.0,وقف-افتتاح,0,False,True,,False,0.045433626,0.04542,0.0003,0.0454,1,baseline,26310,"""{\""session\"": \""London\"", \""pre_high\"": 0.0454, \""pre_low\"": 0.04479, \""tf\"": \""5min\""}"""
افتتاح-سوق,market_open,market_open,VETUSDT,صاعد,Asia-Expansion,1,26499,26499,2024-12-02T00:15:00+00:00,2024-12-02T00:15:00+00:00,0,-0.002596923220735966,-0.05193846441471932,20.0,تتبع-افتتاح,0,False,True,,False,0.046543959,0.04653,0.0003,0.04653,1,baseline,26499,"""{\""session\"": \""Asia\"", \""pre_high\"": 0.04646, \""pre_low\"": 0.04595, \""tf\"": \""5min\""}"""
افتتاح-سوق,market_open,market_open,VETUSDT,صاعد,London-Expansion,1,26886,26886,2024-12-03T08:30:00+00:00,2024-12-03T08:30:00+00:00,0,-0.00732539781626392,-0.1465079563252784,20.0,وقف-افتتاح,0,False,True,,False,0.065409617,0.06539,0.0003,0.06508,1,baseline,26886,"""{\""session\"": \""London\"", \""pre_high\"": 0.06508, \""pre_low\"": 0.06267, \""tf\"": \""5min\""}"""
افتتاح-سوق,market_open,market_open,VETUSDT,صاعد,London-Expansion,1,27172,27172,2024-12-04T08:20:00+00:00,2024-12-04T08:20:00+00:00,0,-0.004868588591336484,-0.09737177182672968,20.0,وقف-افتتاح,0,False,True,symbol_collision,True,0.070271075,0.07025,0.0003,0.07009,1,baseline,27172,"""{\""session\"": \""London\"", \""pre_high\"": 0.07009, \""pre_low\"": 0.06941, \""tf\"": \""5min\""}"""
افتتاح-سوق,market_open,market_open,VETUSDT,صاعد,London-Expansion,1,27460,27460,2024-12-05T08:20:00+00:00,2024-12-05T08:20:00+00:00,0,-0.004132248415890104,-0.08264496831780209,20.0,وقف-افتتاح,0,False,True,,False,0.071481438,0.07146,0.0003,0.07135,1,baseline,27460,"""{\""session\"": \""London\"", \""pre_high\"": 0.07135, \""pre_low\"": 0.06979, \""tf\"": \""5min\""}"""
افتتاح-سوق,market_open,market_open,VETUSDT,صاعد,NewYork-Expansion,1,27825,27828,2024-12-06T14:45:00+00:00,2024-12-06T15:00:00+00:00,3,-0.0036849427839983585,-0.07369885567996717,20.0,وقف-افتتاح,0,False,True,,False,0.064189251,0.06417,0.0003,0.0641,1,baseline,27825,"""{\""session\"": \""NewYork\"", \""pre_high\"": 0.0641, \""pre_low\"": 0.06245, \""tf\"": \""5min\""}"""
افتتاح-سوق,market_open,market_open,VETUSDT,صاعد,Asia-Expansion,1,28230,28230,2024-12-08T00:30:00+00:00,2024-12-08T00:30:00+00:00,0,-0.0043777351417822455,-0.08755470283564491,20.0,وقف-افتتاح,0,False,True,,False,0.06723016300000001,0.06721,0.0003,0.06709,1,baseline,28230,"""{\""session\"": \""Asia\"", \""pre_high\"": 0.06709, \""pre_low\"": 0.06632, \""tf\"": \""5min\""}"""
افتتاح-سوق,market_open,market_open,VETUSDT,صاعد,Asia-Expansion,1,28807,28808,2024-12-10T00:35:00+00:00,2024-12-10T00:40:00+00:00,1,-0.006061331267902427,-0.12122662535804854,20.0,وقف-افتتاح,0,False,True,,False,0.057597274,0.05758,0.0003,0.05738,1,baseline,28807,"""{\""session\"": \""Asia\"", \""pre_high\"": 0.05738, \""pre_low\"": 0.05546, \""tf\"": \""5min\""}"""
افتتاح-سوق,market_open,market_open,VETUSDT,صاعد,London-Expansion,1,29190,29190,2024-12-11T08:30:00+00:00,2024-12-11T08:30:00+00:00,0,-0.0029579741082577725,-0.05915948216515545,20.0,وقف-افتتاح,0,False,True,,False,0.055266575,0.05525,0.0003,0.05523,1,baseline,29190,"""{\""session\"": \""London\"", \""pre_high\"": 0.05523, \""pre_low\"": 0.05361, \""tf\"": \""5min\""}"""
افتتاح-سوق,market_open,market_open,VETUSDT,صاعد,Asia-Expansion,1,29665,29665,2024-12-13T00:05:00+00:00,2024-12-13T00:05:00+00:00,0,-0.002596923220735966,-0.05193846441471932,20.0,تتبع-افتتاح,0,False,True,,False,0.060188051,0.06017,0.0003,0.06017,1,baseline,29665,"""{\""session\"": \""Asia\"", \""pre_high\"": 0.06006, \""pre_low\"": 0.05924, \""tf\"": \""5min\""}"""
افتتاح-سوق,market_open,market_open,VETUSDT,صاعد,NewYork-Expansion,1,29845,29845,2024-12-13T15:05:00+00:00,2024-12-13T15:05:00+00:00,0,-0.003592666725007907,-0.07185333450015814,20.0,وقف-افتتاح,0,False,True,,False,0.060118029999999996,0.0601,0.0003,0.06004,1,baseline,29845,"""{\""session\"": \""NewYork\"", \""pre_high\"": 0.06004, \""pre_low\"": 0.05859, \""tf\"": \""5min\""}"""
افتتاح-سوق,market_open,market_open,VETUSDT,صاعد,London-Expansion,1,30057,30057,2024-12-14T08:45:00+00:00,2024-12-14T08:45:00+00:00,0,-0.0030999846246257253,-0.06199969249251451,20.0,وقف-افتتاح,0,False,True,,False,0.059497843999999994,0.05948,0.0003,0.05945,1,baseline,30057,"""{\""session\"": \""London\"", \""pre_high\"": 0.05945, \""pre_low\"": 0.05897, \""tf\"": \""5min\""}"""
افتتاح-سوق,market_open,market_open,VETUSDT,صاعد,Asia-Expansion,1,30533,30533,2024-12-16T00:25:00+00:00,2024-12-16T00:25:00+00:00,0,-0.004285147792129327,-0.08570295584258654,20.0,وقف-افتتاح,0,False,True,,False,0.059097724,0.05908,0.0003,0.05898,1,baseline,30533,"""{\""session\"": \""Asia\"", \""pre_high\"": 0.05898, \""pre_low\"": 0.05669, \""tf\"": \""5min\""}"""
افتتاح-سوق,market_open,market_open,VETUSDT,صاعد,NewYork-Expansion,1,31855,31855,2024-12-20T14:35:00+00:00,2024-12-20T14:35:00+00:00,0,-0.004687428039323045,-0.0937485607864609,20.0,وقف-افتتاح,0,False,True,,False,0.042952882,0.04294,0.0003,0.04285,1,baseline,31855,"""{\""session\"": \""NewYork\"", \""pre_high\"": 0.04285, \""pre_low\"": 0.04102, \""tf\"": \""5min\""}"""
افتتاح-سوق,market_open,market_open,VETUSDT,صاعد,Asia-Expansion,1,32261,32261,2024-12-22T00:25:00+00:00,2024-12-22T00:25:00+00:00,0,-0.003477632339304887,-0.06955264678609774,20.0,وقف-افتتاح,0,False,True,,False,0.04531359,0.0453,0.0003,0.04526,1,baseline,32261,"""{\""session\"": \""Asia\"", \""pre_high\"": 0.04526, \""pre_low\"": 0.04449, \""tf\"": \""5min\""}"""
افتتاح-سوق,market_open,market_open,VETUSDT,صاعد,London-Expansion,1,33221,33221,2024-12-25T08:25:00+00:00,2024-12-25T08:25:00+00:00,0,-0.0033577188551976262,-0.06715437710395253,20.0,وقف-افتتاح,0,False,True,,False,0.052455732,0.05244,0.0003,0.0524,1,baseline,33221,"""{\""session\"": \""London\"", \""pre_high\"": 0.0524, \""pre_low\"": 0.05177, \""tf\"": \""5min\""}"""
افتتاح-سوق,market_open,market_open,VETUSDT,صاعد,NewYork-Expansion,1,33296,33296,2024-12-25T14:40:00+00:00,2024-12-25T14:40:00+00:00,0,-0.0035473740276534644,-0.07094748055306929,20.0,وقف-افتتاح,0,False,True,,False,0.052485741,0.05247,0.0003,0.05242,1,baseline,33296,"""{\""session\"": \""NewYork\"", \""pre_high\"": 0.05242, \""pre_low\"": 0.05192, \""tf\"": \""5min\""}"""
افتتاح-سوق,market_open,market_open,VETUSDT,صاعد,Asia-Expansion,1,33698,33698,2024-12-27T00:10:00+00:00,2024-12-27T00:10:00+00:00,0,-0.0038693915304692196,-0.0773878306093844,20.0,وقف-افتتاح,0,False,True,,False,0.047044109,0.04703,0.0003,0.04697,1,baseline,33698,"""{\""session\"": \""Asia\"", \""pre_high\"": 0.04697, \""pre_low\"": 0.04645, \""tf\"": \""5min\""}"""
افتتاح-سوق,market_open,market_open,VETUSDT,صاعد,Asia-Expansion,1,33985,33985,2024-12-28T00:05:00+00:00,2024-12-28T00:05:00+00:00,0,-0.002814839558244882,-0.05629679116489764,20.0,وقف-افتتاح,0,False,True,,False,0.045783730999999994,0.04577,0.0003,0.04576,1,baseline,33985,"""{\""session\"": \""Asia\"", \""pre_high\"": 0.04576, \""pre_low\"": 0.04537, \""tf\"": \""5min\""}"""
افتتاح-سوق,market_open,market_open,VETUSDT,صاعد,NewYork-Expansion,1,35023,35023,2024-12-31T14:35:00+00:00,2024-12-31T14:35:00+00:00,0,-0.0034762735198579824,-0.06952547039715964,20.0,وقف-افتتاح,0,False,True,symbol_collision,True,0.045383611,0.04537,0.0003,0.04533,1,baseline,35023,"""{\""session\"": \""NewYork\"", \""pre_high\"": 0.04533, \""pre_low\"": 0.04442, \""tf\"": \""5min\""}"""
شبكة-ديناميكية,dynamic_grid,dynamic_grid,VETUSDT,عرضي,,0,21510,21554,2024-09-15T22:30:00+00:00,2024-09-15T23:14:00+00:00,44,-0.027891643977435415,-27.891643977435415,1000.0,نهاية-الحالة,0,False,True,"symbol_collision,symbol_exposure",True,,,,,1,baseline,0,"""{\""resets\"": 0, \""capital\"": 1000.0}"""
دوناتشيان,donchian,donchian,VETUSDT,عرضي,Donchian-96/48,1,2693,3697,2024-09-02T20:53:00+00:00,2024-09-03T13:37:00+00:00,1004,-0.0011829293411153346,-1.1829293411153345,1000.0,كسر-سفلي,0,False,True,,False,0.021562929999999998,0.02155,0.0006,0.0216,1,baseline,0,"""{\""system\"": \""Donchian-96/48\"", \""channel_tf\"": \""15m\"", \""capital\"": 1000.0}"""
دوناتشيان,donchian,donchian,VETUSDT,عرضي,Donchian-96/48,1,5213,5941,2024-09-04T14:53:00+00:00,2024-09-05T03:01:00+00:00,728,-0.0148560947710218,-14.8560947710218,1000.0,كسر-سفلي,0,False,True,,False,0.021389232999999997,0.02137,0.0009,0.02112,1,baseline,0,"""{\""system\"": \""Donchian-96/48\"", \""channel_tf\"": \""15m\"", \""capital\"": 1000.0}"""
دوناتشيان,donchian,donchian,VETUSDT,عرضي,Donchian-96/48,1,10235,11040,2024-09-08T02:35:00+00:00,2024-09-08T16:00:00+00:00,805,-0.014078093718414102,-14.078093718414102,1000.0,كسر-سفلي,0,False,True,,False,0.020516153,0.02051,0.0003,0.02028,1,baseline,0,"""{\""system\"": \""Donchian-96/48\"", \""channel_tf\"": \""15m\"", \""capital\"": 1000.0}"""
دوناتشيان,donchian,donchian,VETUSDT,عرضي,Donchian-96/48,1,11422,14494,2024-09-08T22:22:00+00:00,2024-09-11T01:34:00+00:00,3072,0.029205944398210056,29.205944398210057,1000.0,كسر-سفلي,0,True,True,,False,0.020848747,0.02083,0.0009,0.02152,1,baseline,0,"""{\""system\"": \""Donchian-96/48\"", \""channel_tf\"": \""15m\"", \""capital\"": 1000.0}"""
دوناتشيان,donchian,donchian,VETUSDT,عرضي,Donchian-96/48,1,15960,16671,2024-09-12T02:00:00+00:00,2024-09-12T13:51:00+00:00,711,-0.014284193143509285,-14.284193143509285,1000.0,كسر-سفلي,0,False,True,,False,0.021896567,0.02189,0.0003,0.02164,1,baseline,0,"""{\""system\"": \""Donchian-96/48\"", \""channel_tf\"": \""15m\"", \""capital\"": 1000.0}"""
دوناتشيان,donchian,donchian,VETUSDT,عرضي,Donchian-96/48,1,16955,17996,2024-09-12T18:35:00+00:00,2024-09-13T11:56:00+00:00,1041,0.0014796561121494386,1.4796561121494385,1000.0,كسر-سفلي,0,True,True,,False,0.022026606,0.02202,0.0003,0.02211,1,baseline,0,"""{\""system\"": \""Donchian-96/48\"", \""channel_tf\"": \""15m\"", \""capital\"": 1000.0}"""
دوناتشيان,donchian,donchian,VETUSDT,عرضي,Donchian-96/48,1,18213,19154,2024-09-13T15:33:00+00:00,2024-09-14T07:14:00+00:00,941,-0.007608077226067196,-7.608077226067196,1000.0,كسر-سفلي,0,False,True,,False,0.022603553999999998,0.02259,0.0006,0.02249,1,baseline,0,"""{\""system\"": \""Donchian-96/48\"", \""channel_tf\"": \""15m\"", \""capital\"": 1000.0}"""
دوناتشيان,donchian,donchian,VETUSDT,عرضي,Donchian-96/48,1,23906,25075,2024-09-17T14:26:00+00:00,2024-09-18T09:55:00+00:00,1169,-0.019535895364043245,-19.535895364043245,1000.0,كسر-سفلي,0,False,True,,False,0.021369215,0.02135,0.0009,0.021,1,baseline,0,"""{\""system\"": \""Donchian-96/48\"", \""channel_tf\"": \""15m\"", \""capital\"": 1000.0}"""
دوناتشيان,donchian,donchian,VETUSDT,عرضي,Donchian-96/48,1,25563,30374,2024-09-18T18:03:00+00:00,2024-09-22T02:14:00+00:00,4811,0.09639347895685035,96.39347895685036,1000.0,كسر-سفلي,0,True,True,,False,0.021639457999999997,0.02162,0.0009,0.02378,1,baseline,0,"""{\""system\"": \""Donchian-96/48\"", \""channel_tf\"": \""15m\"", \""capital\"": 1000.0}"""
دوناتشيان,donchian,donchian,VETUSDT,عرضي,Donchian-96/48,1,31859,33253,2024-09-23T02:59:00+00:00,2024-09-24T02:13:00+00:00,1394,-0.01545861015091769,-15.45861015091769,1000.0,كسر-سفلي,0,False,True,,False,0.024047212,0.02404,0.0003,0.02373,1,baseline,0,"""{\""system\"": \""Donchian-96/48\"", \""channel_tf\"": \""15m\"", \""capital\"": 1000.0}"""
دوناتشيان,donchian,donchian,VETUSDT,عرضي,Donchian-96/48,1,33437,35896,2024-09-24T05:17:00+00:00,2024-09-25T22:16:00+00:00,2459,0.017961125804734225,17.961125804734227,1000.0,كسر-سفلي,0,True,True,,False,0.024291842999999997,0.02427,0.0009,0.0248,1,baseline,0,"""{\""system\"": \""Donchian-96/48\"", \""channel_tf\"": \""15m\"", \""capital\"": 1000.0}"""
دوناتشيان,donchian,donchian,VETUSDT,عرضي,Donchian-96/48,1,37067,39241,2024-09-26T17:47:00+00:00,2024-09-28T06:01:00+00:00,2174,0.03174246283426237,31.742462834262366,1000.0,كسر-سفلي,0,True,True,,False,0.025567667999999998,0.02556,0.0003,0.02644,1,baseline,0,"""{\""system\"": \""Donchian-96/48\"", \""channel_tf\"": \""15m\"", \""capital\"": 1000.0}"""
دوناتشيان,donchian,donchian,VETUSDT,عرضي,Donchian-96/48,1,41524,41872,2024-09-29T20:04:00+00:00,2024-09-30T01:52:00+00:00,348,-0.03135710421206409,-31.357104212064094,1000.0,كسر-سفلي,0,False,True,,False,0.026017803,0.02601,0.0003,0.02526,1,baseline,0,"""{\""system\"": \""Donchian-96/48\"", \""channel_tf\"": \""15m\"", \""capital\"": 1000.0}"""
دوناتشيان,donchian,donchian,VETUSDT,عرضي,Donchian-96/48,1,48021,48395,2024-10-04T08:21:00+00:00,2024-10-04T14:35:00+00:00,374,-0.021918471992943847,-21.918471992943847,1000.0,كسر-سفلي,0,False,True,,False,0.022546762,0.02254,0.0003,0.02211,1,baseline,0,"""{\""system\"": \""Donchian-96/48\"", \""channel_tf\"": \""15m\"", \""capital\"": 1000.0}"""
دوناتشيان,donchian,donchian,VETUSDT,عرضي,Donchian-96/48,1,48513,49936,2024-10-04T16:33:00+00:00,2024-10-05T16:16:00+00:00,1423,-0.0030374722829175096,-3.0374722829175096,1000.0,كسر-سفلي,0,False,True,,False,0.022646792,0.02264,0.0003,0.02263,1,baseline,0,"""{\""system\"": \""Donchian-96/48\"", \""channel_tf\"": \""15m\"", \""capital\"": 1000.0}"""
دوناتشيان,donchian,donchian,VETUSDT,عرضي,Donchian-96/48,1,51128,53224,2024-10-06T12:08:00+00:00,2024-10-07T23:04:00+00:00,2096,-0.007396069376366852,-7.396069376366851,1000.0,كسر-سفلي,0,False,True,,False,0.023003793999999998,0.02299,0.0006,0.0229,1,baseline,0,"""{\""system\"": \""Donchian-96/48\"", \""channel_tf\"": \""15m\"", \""capital\"": 1000.0}"""
دوناتشيان,donchian,donchian,VETUSDT,عرضي,Donchian-96/48,1,58194,60283,2024-10-11T09:54:00+00:00,2024-10-12T20:43:00+00:00,2089,0.016704756482913086,16.704756482913087,1000.0,كسر-سفلي,0,True,True,,False,0.022226666,0.02222,0.0003,0.02265,1,baseline,0,"""{\""system\"": \""Donchian-96/48\"", \""channel_tf\"": \""15m\"", \""capital\"": 1000.0}"""
دوناتشيان,donchian,donchian,VETUSDT,عرضي,Donchian-96/48,1,62128,63694,2024-10-14T03:28:00+00:00,2024-10-15T05:34:00+00:00,1566,0.01346242747741338,13.46242747741338,1000.0,كسر-سفلي,0,True,True,,False,0.022760465999999997,0.02274,0.0009,0.02312,1,baseline,0,"""{\""system\"": \""Donchian-96/48\"", \""channel_tf\"": \""15m\"", \""capital\"": 1000.0}"""
دوناتشيان,donchian,donchian,VETUSDT,عرضي,Donchian-96/48,1,68529,70183,2024-10-18T14:09:00+00:00,2024-10-19T17:43:00+00:00,1654,0.0034848028571863128,3.4848028571863128,1000.0,كسر-سفلي,0,True,True,,False,0.022966888,0.02296,0.0003,0.0231,1,baseline,0,"""{\""system\"": \""Donchian-96/48\"", \""channel_tf\"": \""15m\"", \""capital\"": 1000.0}"""
دوناتشيان,donchian,donchian,VETUSDT,عرضي,Donchian-96/48,1,71348,72762,2024-10-20T13:08:00+00:00,2024-10-21T12:42:00+00:00,1414,0.009095046550124707,9.095046550124707,1000.0,كسر-سفلي,0,True,True,,False,0.023534112,0.02352,0.0006,0.02381,1,baseline,0,"""{\""system\"": \""Donchian-96/48\"", \""channel_tf\"": \""15m\"", \""capital\"": 1000.0}"""
دوناتشيان,donchian,donchian,VETUSDT,عرضي,Donchian-96/48,1,77488,78179,2024-10-24T19:28:00+00:00,2024-10-25T06:59:00+00:00,691,-0.011759418676713256,-11.759418676713256,1000.0,كسر-سفلي,0,False,True,,False,0.022866857999999997,0.02286,0.0003,0.02265,1,baseline,0,"""{\""system\"": \""Donchian-96/48\"", \""channel_tf\"": \""15m\"", \""capital\"": 1000.0}"""
دوناتشيان,donchian,donchian,VETUSDT,عرضي,Donchian-96/48,1,80668,82304,2024-10-27T00:28:00+00:00,2024-10-28T03:44:00+00:00,1636,-0.00897592873691214,-8.97592873691214,1000.0,كسر-سفلي,0,False,True,,False,0.021896567,0.02189,0.0003,0.02175,1,baseline,0,"""{\""system\"": \""Donchian-96/48\"", \""channel_tf\"": \""15m\"", \""capital\"": 1000.0}"""
دوناتشيان,donchian,donchian,VETUSDT,عرضي,Donchian-96/48,1,83650,84425,2024-10-29T02:10:00+00:00,2024-10-29T15:05:00+00:00,775,-0.003942946266322024,-3.9429462663220236,1000.0,كسر-سفلي,0,False,True,,False,0.022236669,0.02223,0.0003,0.0222,1,baseline,0,"""{\""system\"": \""Donchian-96/48\"", \""channel_tf\"": \""15m\"", \""capital\"": 1000.0}"""
دوناتشيان,donchian,donchian,VETUSDT,عرضي,Donchian-96/48,1,84524,85493,2024-10-29T16:44:00+00:00,2024-10-30T08:53:00+00:00,969,-0.01482466549012147,-14.82466549012147,1000.0,كسر-سفلي,0,False,True,,False,0.022576771,0.02257,0.0003,0.0223,1,baseline,0,"""{\""system\"": \""Donchian-96/48\"", \""channel_tf\"": \""15m\"", \""capital\"": 1000.0}"""
دوناتشيان,donchian,donchian,VETUSDT,عرضي,Donchian-96/48,1,94462,97368,2024-11-05T14:22:00+00:00,2024-11-07T14:48:00+00:00,2906,0.07771736580024166,77.71736580024167,1000.0,كسر-سفلي,0,True,True,,False,0.019875960999999998,0.01987,0.0003,0.02147,1,baseline,0,"""{\""system\"": \""Donchian-96/48\"", \""channel_tf\"": \""15m\"", \""capital\"": 1000.0}"""
دوناتشيان,donchian,donchian,VETUSDT,عرضي,Donchian-96/48,1,98622,100391,2024-11-08T11:42:00+00:00,2024-11-09T17:11:00+00:00,1769,-0.0024425950266291924,-2.4425950266291925,1000.0,كسر-سفلي,0,False,True,,False,0.022139908,0.02212,0.0009,0.02215,1,baseline,0,"""{\""system\"": \""Donchian-96/48\"", \""channel_tf\"": \""15m\"", \""capital\"": 1000.0}"""
دوناتشيان,donchian,donchian,VETUSDT,عرضي,Donchian-96/48,1,100728,102048,2024-11-09T22:48:00+00:00,2024-11-10T20:48:00+00:00,1320,0.0941716003743625,94.1716003743625,1000.0,كسر-سفلي,0,True,True,,False,0.022850547,0.02283,0.0009,0.02506,1,baseline,0,"""{\""system\"": \""Donchian-96/48\"", \""channel_tf\"": \""15m\"", \""capital\"": 1000.0}"""
دوناتشيان,donchian,donchian,VETUSDT,عرضي,Donchian-96/48,1,102928,104325,2024-11-11T11:28:00+00:00,2024-11-12T10:45:00+00:00,1397,0.010608253717488053,10.608253717488052,1000.0,كسر-سفلي,0,True,True,,False,0.026587973999999997,0.02658,0.0003,0.02694,1,baseline,0,"""{\""system\"": \""Donchian-96/48\"", \""channel_tf\"": \""15m\"", \""capital\"": 1000.0}"""
دوناتشيان,donchian,donchian,VETUSDT,عرضي,Donchian-96/48,1,109148,111783,2024-11-15T19:08:00+00:00,2024-11-17T15:03:00+00:00,2635,0.14367304840365086,143.67304840365085,1000.0,كسر-سفلي,0,True,True,,False,0.025237568999999998,0.02523,0.0003,0.02893,1,baseline,0,"""{\""system\"": \""Donchian-96/48\"", \""channel_tf\"": \""15m\"", \""capital\"": 1000.0}"""
دوناتشيان,donchian,donchian,VETUSDT,عرضي,Donchian-96/48,1,112538,114320,2024-11-18T03:38:00+00:00,2024-11-19T09:20:00+00:00,1782,0.0341904496439511,34.1904496439511,1000.0,كسر-سفلي,0,True,True,,False,0.030668389999999997,0.03065,0.0006,0.03179,1,baseline,0,"""{\""system\"": \""Donchian-96/48\"", \""channel_tf\"": \""15m\"", \""capital\"": 1000.0}"""
دوناتشيان,donchian,donchian,VETUSDT,عرضي,Donchian-96/48,1,114610,115358,2024-11-19T14:10:00+00:00,2024-11-20T02:38:00+00:00,748,-0.06278329638106743,-62.78329638106743,1000.0,كسر-سفلي,0,False,True,,False,0.03449101399999999,0.03446,0.0009,0.0324,1,baseline,0,"""{\""system\"": \""Donchian-96/48\"", \""channel_tf\"": \""15m\"", \""capital\"": 1000.0}"""
دوناتشيان,donchian,donchian,VETUSDT,عرضي,Donchian-96/48,1,117403,120634,2024-11-21T12:43:00+00:00,2024-11-23T18:34:00+00:00,3231,0.24185871383260366,241.85871383260366,1000.0,كسر-سفلي,0,True,True,,False,0.033099847999999994,0.03308,0.0006,0.0412,1,baseline,0,"""{\""system\"": \""Donchian-96/48\"", \""channel_tf\"": \""15m\"", \""capital\"": 1000.0}"""
دوناتشيان,donchian,donchian,VETUSDT,عرضي,Donchian-96/48,1,122394,123289,2024-11-24T23:54:00+00:00,2024-11-25T14:49:00+00:00,895,-0.07572560873010852,-75.72560873010852,1000.0,كسر-سفلي,0,False,True,,False,0.045207107999999996,0.04518,0.0006,0.04188,1,baseline,0,"""{\""system\"": \""Donchian-96/48\"", \""channel_tf\"": \""15m\"", \""capital\"": 1000.0}"""
دوناتشيان,donchian,donchian,VETUSDT,عرضي,Donchian-96/48,1,125919,126896,2024-11-27T10:39:00+00:00,2024-11-28T02:56:00+00:00,977,-0.004252167776794472,-4.252167776794472,1000.0,كسر-سفلي,0,False,True,,False,0.042192654,0.04218,0.0003,0.04211,1,baseline,0,"""{\""system\"": \""Donchian-96/48\"", \""channel_tf\"": \""15m\"", \""capital\"": 1000.0}"""
دوناتشيان,donchian,donchian,VETUSDT,عرضي,Donchian-96/48,1,128372,131081,2024-11-29T03:32:00+00:00,2024-12-01T00:41:00+00:00,2709,0.06884598989196947,68.84598989196947,1000.0,كسر-سفلي,0,True,True,,False,0.04240271699999999,0.04239,0.0003,0.04544,1,baseline,0,"""{\""system\"": \""Donchian-96/48\"", \""channel_tf\"": \""15m\"", \""capital\"": 1000.0}"""
دوناتشيان,donchian,donchian,VETUSDT,عرضي,Donchian-96/48,1,132501,133152,2024-12-02T00:21:00+00:00,2024-12-02T11:12:00+00:00,651,-0.03062112741340347,-30.621127413403467,1000.0,كسر-سفلي,0,False,True,,False,0.047202443999999996,0.04716,0.0009,0.04589,1,baseline,0,"""{\""system\"": \""Donchian-96/48\"", \""channel_tf\"": \""15m\"", \""capital\"": 1000.0}"""
دوناتشيان,donchian,donchian,VETUSDT,صاعد,Donchian-96/48,1,133588,134792,2024-12-02T18:28:00+00:00,2024-12-03T14:32:00+00:00,1204,0.1496061458274869,149.6061458274869,1000.0,كسر-سفلي,0,True,True,symbol_collision,True,0.052125633,0.05211,0.0003,0.06008,1,baseline,0,"""{\""system\"": \""Donchian-96/48\"", \""channel_tf\"": \""15m\"", \""capital\"": 1000.0}"""
دوناتشيان,donchian,donchian,VETUSDT,عرضي,Donchian-96/48,1,135308,136099,2024-12-03T23:08:00+00:00,2024-12-04T12:19:00+00:00,791,-0.04908339865373545,-49.08339865373545,1000.0,كسر-سفلي,0,False,True,,False,0.072141636,0.07212,0.0003,0.0688,1,baseline,0,"""{\""system\"": \""Donchian-96/48\"", \""channel_tf\"": \""15m\"", \""capital\"": 1000.0}"""
دوناتشيان,donchian,donchian,VETUSDT,عرضي,Donchian-96/48,1,137495,137933,2024-12-05T11:35:00+00:00,2024-12-05T18:53:00+00:00,438,-0.07105821126929203,-71.05821126929203,1000.0,كسر-سفلي,0,False,True,,False,0.07301189699999999,0.07299,0.0003,0.06798,1,baseline,0,"""{\""system\"": \""Donchian-96/48\"", \""channel_tf\"": \""15m\"", \""capital\"": 1000.0}"""
دوناتشيان,donchian,donchian,VETUSDT,عرضي,Donchian-96/48,1,139579,140746,2024-12-06T22:19:00+00:00,2024-12-07T17:46:00+00:00,1167,-0.01669106666489053,-16.691066664890528,1000.0,كسر-سفلي,0,False,True,,False,0.06726033199999999,0.06722,0.0006,0.06629,1,baseline,0,"""{\""system\"": \""Donchian-96/48\"", \""channel_tf\"": \""15m\"", \""capital\"": 1000.0}"""
دوناتشيان,donchian,donchian,VETUSDT,عرضي,Donchian-96/48,1,141826,142614,2024-12-08T11:46:00+00:00,2024-12-09T00:54:00+00:00,788,-0.033887783941594474,-33.88778394159447,1000.0,كسر-سفلي,0,False,True,,False,0.068550559,0.06853,0.0003,0.0664,1,baseline,0,"""{\""system\"": \""Donchian-96/48\"", \""channel_tf\"": \""15m\"", \""capital\"": 1000.0}"""
دوناتشيان,donchian,donchian,VETUSDT,عرضي,Donchian-96/48,1,146254,148056,2024-12-11T13:34:00+00:00,2024-12-12T19:36:00+00:00,1802,0.029482611366814408,29.482611366814407,1000.0,كسر-سفلي,0,True,True,,False,0.058354991999999994,0.05832,0.0006,0.06025,1,baseline,0,"""{\""system\"": \""Donchian-96/48\"", \""channel_tf\"": \""15m\"", \""capital\"": 1000.0}"""
دوناتشيان,donchian,donchian,VETUSDT,عرضي,Donchian-96/48,1,152006,152512,2024-12-15T13:26:00+00:00,2024-12-15T21:52:00+00:00,506,-0.0375837442506363,-37.5837442506363,1000.0,كسر-سفلي,0,False,True,,False,0.05813227199999999,0.05808,0.0009,0.05611,1,baseline,0,"""{\""system\"": \""Donchian-96/48\"", \""channel_tf\"": \""15m\"", \""capital\"": 1000.0}"""
دوناتشيان,donchian,donchian,VETUSDT,عرضي,Donchian-96/48,1,152674,153252,2024-12-16T00:34:00+00:00,2024-12-16T10:12:00+00:00,578,-0.06699432349154812,-66.99432349154812,1000.0,كسر-سفلي,0,False,True,,False,0.059337796,0.05932,0.0003,0.05549,1,baseline,0,"""{\""system\"": \""Donchian-96/48\"", \""channel_tf\"": \""15m\"", \""capital\"": 1000.0}"""
دوناتشيان,donchian,donchian,VETUSDT,عرضي,Donchian-96/48,1,154801,155558,2024-12-17T12:01:00+00:00,2024-12-18T00:38:00+00:00,757,-0.03457479083978167,-34.57479083978167,1000.0,كسر-سفلي,0,False,True,,False,0.057634559999999994,0.0576,0.0006,0.05577,1,baseline,0,"""{\""system\"": \""Donchian-96/48\"", \""channel_tf\"": \""15m\"", \""capital\"": 1000.0}"""
دوناتشيان,donchian,donchian,VETUSDT,عرضي,Donchian-96/48,1,159577,160595,2024-12-20T19:37:00+00:00,2024-12-21T12:35:00+00:00,1018,-0.010838250619449742,-10.838250619449742,1000.0,كسر-سفلي,0,False,True,,False,0.047724313,0.04771,0.0003,0.04733,1,baseline,0,"""{\""system\"": \""Donchian-96/48\"", \""channel_tf\"": \""15m\"", \""capital\"": 1000.0}"""
دوناتشيان,donchian,donchian,VETUSDT,عرضي,Donchian-96/48,1,162084,162476,2024-12-22T13:24:00+00:00,2024-12-22T19:56:00+00:00,392,-0.05173630232488028,-51.73630232488028,1000.0,كسر-سفلي,0,False,True,,False,0.047188296,0.04716,0.0006,0.04485,1,baseline,0,"""{\""system\"": \""Donchian-96/48\"", \""channel_tf\"": \""15m\"", \""capital\"": 1000.0}"""
دوناتشيان,donchian,donchian,VETUSDT,عرضي,Donchian-96/48,1,163959,165803,2024-12-23T20:39:00+00:00,2024-12-25T03:23:00+00:00,1844,0.07978630695460055,79.78630695460055,1000.0,كسر-سفلي,0,True,True,,False,0.047594274,0.04758,0.0003,0.05151,1,baseline,0,"""{\""system\"": \""Donchian-96/48\"", \""channel_tf\"": \""15m\"", \""capital\"": 1000.0}"""
دوناتشيان,donchian,donchian,VETUSDT,عرضي,Donchian-96/48,1,169035,169429,2024-12-27T09:15:00+00:00,2024-12-27T15:49:00+00:00,394,-0.05950997700802759,-59.50997700802759,1000.0,كسر-سفلي,0,False,True,,False,0.048639166,0.04861,0.0006,0.04585,1,baseline,0,"""{\""system\"": \""Donchian-96/48\"", \""channel_tf\"": \""15m\"", \""capital\"": 1000.0}"""
دوناتشيان,donchian,donchian,VETUSDT,عرضي,Donchian-96/48,1,170961,171905,2024-12-28T17:21:00+00:00,2024-12-29T09:05:00+00:00,944,-0.018813147230871883,-18.813147230871884,1000.0,كسر-سفلي,0,False,True,,False,0.047374208,0.04736,0.0003,0.04659,1,baseline,0,"""{\""system\"": \""Donchian-96/48\"", \""channel_tf\"": \""15m\"", \""capital\"": 1000.0}"""
دوناتشيان,donchian,donchian,VETUSDT,عرضي,Donchian-96/48,1,175114,175614,2024-12-31T14:34:00+00:00,2024-12-31T22:54:00+00:00,500,-0.05917879737146252,-59.178797371462515,1000.0,كسر-سفلي,0,False,True,,False,0.045557318,0.04553,0.0006,0.04296,1,baseline,0,"""{\""system\"": \""Donchian-96/48\"", \""channel_tf\"": \""15m\"", \""capital\"": 1000.0}"""
دوناتشيان,donchian,donchian,VETUSDT,عرضي,Donchian-288/96,1,12196,14658,2024-09-09T11:16:00+00:00,2024-09-11T04:18:00+00:00,2462,0.006825873914637529,6.825873914637529,1000.0,كسر-سفلي,0,True,True,symbol_exposure,True,0.021176351,0.02117,0.0003,0.02137,1,baseline,0,"""{\""system\"": \""Donchian-288/96\"", \""channel_tf\"": \""15m\"", \""capital\"": 1000.0}"""
دوناتشيان,donchian,donchian,VETUSDT,عرضي,Donchian-288/96,1,17198,19801,2024-09-12T22:38:00+00:00,2024-09-14T18:01:00+00:00,2603,0.00024805701399781396,0.24805701399781396,1000.0,كسر-سفلي,0,True,True,symbol_exposure,True,0.022213319999999998,0.0222,0.0006,0.02227,1,baseline,0,"""{\""system\"": \""Donchian-288/96\"", \""channel_tf\"": \""15m\"", \""capital\"": 1000.0}"""
دوناتشيان,donchian,donchian,VETUSDT,عرضي,Donchian-288/96,1,25915,30650,2024-09-18T23:55:00+00:00,2024-09-22T06:50:00+00:00,4735,0.07725007514905866,77.25007514905866,1000.0,كسر-سفلي,0,True,True,symbol_exposure,True,0.021866558,0.02186,0.0003,0.02361,1,baseline,0,"""{\""system\"": \""Donchian-288/96\"", \""channel_tf\"": \""15m\"", \""capital\"": 1000.0}"""
دوناتشيان,donchian,donchian,VETUSDT,عرضي,Donchian-288/96,1,33536,36049,2024-09-24T06:56:00+00:00,2024-09-26T00:49:00+00:00,2513,-0.006983023253551909,-6.9830232535519094,1000.0,كسر-سفلي,0,False,True,symbol_exposure,True,0.02440732,0.0244,0.0003,0.0243,1,baseline,0,"""{\""system\"": \""Donchian-288/96\"", \""channel_tf\"": \""15m\"", \""capital\"": 1000.0}"""
دوناتشيان,donchian,donchian,VETUSDT,عرضي,Donchian-288/96,1,37067,39369,2024-09-26T17:47:00+00:00,2024-09-28T08:09:00+00:00,2302,0.0130976925445627,13.0976925445627,1000.0,كسر-سفلي,0,True,True,symbol_exposure,True,0.025567667999999998,0.02556,0.0003,0.02597,1,baseline,0,"""{\""system\"": \""Donchian-288/96\"", \""channel_tf\"": \""15m\"", \""capital\"": 1000.0}"""
دوناتشيان,donchian,donchian,VETUSDT,عرضي,Donchian-288/96,1,51200,54078,2024-10-06T13:20:00+00:00,2024-10-08T13:18:00+00:00,2878,-0.022345886037103645,-22.345886037103647,1000.0,كسر-سفلي,0,False,True,symbol_exposure,True,0.023076921,0.02307,0.0003,0.02262,1,baseline,0,"""{\""system\"": \""Donchian-288/96\"", \""channel_tf\"": \""15m\"", \""capital\"": 1000.0}"""
دوناتشيان,donchian,donchian,VETUSDT,عرضي,Donchian-288/96,1,58654,60545,2024-10-11T17:34:00+00:00,2024-10-13T01:05:00+00:00,1891,-0.010046770455027436,-10.046770455027437,1000.0,كسر-سفلي,0,False,True,symbol_exposure,True,0.022766828,0.02276,0.0003,0.02259,1,baseline,0,"""{\""system\"": \""Donchian-288/96\"", \""channel_tf\"": \""15m\"", \""capital\"": 1000.0}"""
دوناتشيان,donchian,donchian,VETUSDT,عرضي,Donchian-288/96,1,62808,64074,2024-10-14T14:48:00+00:00,2024-10-15T11:54:00+00:00,1266,-0.026425036415102122,-26.42503641510212,1000.0,كسر-سفلي,0,False,True,symbol_exposure,True,0.023350997,0.02333,0.0009,0.0228,1,baseline,0,"""{\""system\"": \""Donchian-288/96\"", \""channel_tf\"": \""15m\"", \""capital\"": 1000.0}"""
دوناتشيان,donchian,donchian,VETUSDT,عرضي,Donchian-288/96,1,71378,72835,2024-10-20T13:38:00+00:00,2024-10-21T13:55:00+00:00,1457,-0.016796802537004628,-16.796802537004627,1000.0,كسر-سفلي,0,False,True,symbol_exposure,True,0.023771374999999997,0.02375,0.0009,0.02344,1,baseline,0,"""{\""system\"": \""Donchian-288/96\"", \""channel_tf\"": \""15m\"", \""capital\"": 1000.0}"""
دوناتشيان,donchian,donchian,VETUSDT,عرضي,Donchian-288/96,1,83788,85677,2024-10-29T04:28:00+00:00,2024-10-30T11:57:00+00:00,1889,-0.02034430892855205,-20.34430892855205,1000.0,كسر-سفلي,0,False,True,symbol_exposure,True,0.022486744,0.02248,0.0003,0.02208,1,baseline,0,"""{\""system\"": \""Donchian-288/96\"", \""channel_tf\"": \""15m\"", \""capital\"": 1000.0}"""
دوناتشيان,donchian,donchian,VETUSDT,عرضي,Donchian-288/96,1,95071,104510,2024-11-06T00:31:00+00:00,2024-11-12T13:50:00+00:00,9439,0.258935266061553,258.93526606155297,1000.0,كسر-سفلي,0,True,True,symbol_exposure,True,0.020462269999999998,0.02045,0.0006,0.02582,1,baseline,0,"""{\""system\"": \""Donchian-288/96\"", \""channel_tf\"": \""15m\"", \""capital\"": 1000.0}"""
دوناتشيان,donchian,donchian,VETUSDT,عرضي,Donchian-288/96,1,109643,112010,2024-11-16T03:23:00+00:00,2024-11-17T18:50:00+00:00,2367,0.047871738093243126,47.871738093243124,1000.0,كسر-سفلي,0,True,True,symbol_exposure,True,0.02730819,0.0273,0.0003,0.02869,1,baseline,0,"""{\""system\"": \""Donchian-288/96\"", \""channel_tf\"": \""15m\"", \""capital\"": 1000.0}"""
دوناتشيان,donchian,donchian,VETUSDT,عرضي,Donchian-288/96,1,114610,116280,2024-11-19T14:10:00+00:00,2024-11-20T18:00:00+00:00,1670,-0.08997415136260432,-89.97415136260432,1000.0,كسر-سفلي,0,False,True,symbol_exposure,True,0.03449101399999999,0.03446,0.0009,0.03146,1,baseline,0,"""{\""system\"": \""Donchian-288/96\"", \""channel_tf\"": \""15m\"", \""capital\"": 1000.0}"""
دوناتشيان,donchian,donchian,VETUSDT,عرضي,Donchian-288/96,1,119450,121717,2024-11-22T22:50:00+00:00,2024-11-24T12:37:00+00:00,2267,0.15250990262577951,152.50990262577952,1000.0,كسر-سفلي,0,True,True,symbol_exposure,True,0.034670398000000005,0.03466,0.0003,0.04005,1,baseline,0,"""{\""system\"": \""Donchian-288/96\"", \""channel_tf\"": \""15m\"", \""capital\"": 1000.0}"""
دوناتشيان,donchian,donchian,VETUSDT,عرضي,Donchian-288/96,1,129053,138003,2024-11-29T14:53:00+00:00,2024-12-05T20:03:00+00:00,8950,0.5018631110959854,501.86311109598535,1000.0,كسر-سفلي,0,True,True,symbol_exposure,True,0.044183251,0.04417,0.0003,0.06653,1,baseline,0,"""{\""system\"": \""Donchian-288/96\"", \""channel_tf\"": \""15m\"", \""capital\"": 1000.0}"""
دوناتشيان,donchian,donchian,VETUSDT,عرضي,Donchian-288/96,1,154892,155784,2024-12-17T13:32:00+00:00,2024-12-18T04:24:00+00:00,892,-0.10256075478559541,-102.5607547855954,1000.0,كسر-سفلي,0,False,True,symbol_exposure,True,0.06012605399999999,0.06009,0.0006,0.0541,1,baseline,0,"""{\""system\"": \""Donchian-288/96\"", \""channel_tf\"": \""15m\"", \""capital\"": 1000.0}"""
دوناتشيان,donchian,donchian,VETUSDT,عرضي,Donchian-288/96,1,164955,166577,2024-12-24T13:15:00+00:00,2024-12-25T16:17:00+00:00,1622,0.026197391746427927,26.197391746427925,1000.0,كسر-سفلي,0,True,True,symbol_exposure,True,0.049894964,0.04988,0.0003,0.05132,1,baseline,0,"""{\""system\"": \""Donchian-288/96\"", \""channel_tf\"": \""15m\"", \""capital\"": 1000.0}"""
اتجاه-تكيفي,adaptive_trend,adaptive_trend,VETUSDT,عرضي,AdaptiveTrend-4h,1,52085,52115,2024-10-07T04:05:00+00:00,2024-10-07T04:35:00+00:00,30,-0.0021823749760230718,-2.182374976023072,1000.0,تتبع,0,False,True,"symbol_collision,symbol_exposure",True,0.024067218,0.02406,0.0003,0.02407,1,baseline,0,"""{\""tf\"": \""4h\"", \""capital\"": 1000.0}"""
اتجاه-تكيفي,adaptive_trend,adaptive_trend,VETUSDT,عرضي,AdaptiveTrend-4h,1,71057,71072,2024-10-20T08:17:00+00:00,2024-10-20T08:32:00+00:00,15,-0.004298250430593827,-4.298250430593827,1000.0,تتبع,0,False,True,,False,0.023457034999999998,0.02345,0.0003,0.02341,1,baseline,0,"""{\""tf\"": \""4h\"", \""capital\"": 1000.0}"""
اتجاه-تكيفي,adaptive_trend,adaptive_trend,VETUSDT,صاعد,AdaptiveTrend-4h,1,106081,106098,2024-11-13T16:01:00+00:00,2024-11-13T16:18:00+00:00,17,-0.0066999276502691316,-6.699927650269132,1000.0,تتبع,0,False,True,,False,0.026748022,0.02674,0.0003,0.02663,1,baseline,0,"""{\""tf\"": \""4h\"", \""capital\"": 1000.0}"""
اتجاه-تكيفي,adaptive_trend,adaptive_trend,VETUSDT,صاعد,AdaptiveTrend-4h,1,106109,106114,2024-11-13T16:29:00+00:00,2024-11-13T16:34:00+00:00,5,-0.011518903780818877,-11.518903780818878,1000.0,تتبع,0,False,True,symbol_collision,True,0.026838049,0.02683,0.0003,0.02659,1,baseline,0,"""{\""tf\"": \""4h\"", \""capital\"": 1000.0}"""
اتجاه-تكيفي,adaptive_trend,adaptive_trend,VETUSDT,صاعد,AdaptiveTrend-4h,1,106216,106221,2024-11-13T18:16:00+00:00,2024-11-13T18:21:00+00:00,5,-0.0007374842259943161,-0.7374842259943161,1000.0,تتبع,0,False,True,,False,0.026828045999999998,0.02682,0.0003,0.02687,1,baseline,0,"""{\""tf\"": \""4h\"", \""capital\"": 1000.0}"""
اتجاه-تكيفي,adaptive_trend,adaptive_trend,VETUSDT,صاعد,AdaptiveTrend-4h,1,106224,106227,2024-11-13T18:24:00+00:00,2024-11-13T18:27:00+00:00,3,-0.008514034540153105,-8.514034540153105,1000.0,تتبع,0,False,True,,False,0.026978091,0.02697,0.0003,0.02681,1,baseline,0,"""{\""tf\"": \""4h\"", \""capital\"": 1000.0}"""
اتجاه-تكيفي,adaptive_trend,adaptive_trend,VETUSDT,صاعد,AdaptiveTrend-4h,1,106228,106238,2024-11-13T18:28:00+00:00,2024-11-13T18:38:00+00:00,10,-0.010287395669805601,-10.287395669805601,1000.0,تتبع,0,False,True,,False,0.026996187999999997,0.02698,0.0006,0.02678,1,baseline,0,"""{\""tf\"": \""4h\"", \""capital\"": 1000.0}"""
اتجاه-تكيفي,adaptive_trend,adaptive_trend,VETUSDT,هابط,AdaptiveTrend-4h,1,106559,106563,2024-11-13T23:59:00+00:00,2024-11-14T00:03:00+00:00,4,0.006728017196305287,6.728017196305287,1000.0,تتبع,0,True,True,,False,0.02590777,0.0259,0.0003,0.02615,1,baseline,0,"""{\""tf\"": \""4h\"", \""capital\"": 1000.0}"""
اتجاه-تكيفي,adaptive_trend,adaptive_trend,VETUSDT,عرضي,AdaptiveTrend-4h,1,106852,106861,2024-11-14T04:52:00+00:00,2024-11-14T05:01:00+00:00,9,0.006553563722193131,6.553563722193131,1000.0,تتبع,0,True,True,,False,0.026167847999999997,0.02616,0.0003,0.0264,1,baseline,0,"""{\""tf\"": \""4h\"", \""capital\"": 1000.0}"""
اتجاه-تكيفي,adaptive_trend,adaptive_trend,VETUSDT,عرضي,AdaptiveTrend-4h,1,106925,106949,2024-11-14T06:05:00+00:00,2024-11-14T06:29:00+00:00,24,0.002320118871842761,2.320118871842761,1000.0,تتبع,0,True,True,,False,0.026377911,0.02637,0.0003,0.0265,1,baseline,0,"""{\""tf\"": \""4h\"", \""capital\"": 1000.0}"""
اتجاه-تكيفي,adaptive_trend,adaptive_trend,VETUSDT,عرضي,AdaptiveTrend-4h,1,107034,107059,2024-11-14T07:54:00+00:00,2024-11-14T08:19:00+00:00,25,-0.0010805369390496226,-1.0805369390496227,1000.0,تتبع,0,False,True,,False,0.026317893,0.02631,0.0003,0.02635,1,baseline,0,"""{\""tf\"": \""4h\"", \""capital\"": 1000.0}"""
اتجاه-تكيفي,adaptive_trend,adaptive_trend,VETUSDT,عرضي,AdaptiveTrend-4h,1,109255,109261,2024-11-15T20:55:00+00:00,2024-11-15T21:01:00+00:00,6,-0.008307246179395822,-8.307246179395822,1000.0,تتبع,0,False,True,"symbol_collision,symbol_exposure",True,0.02620786,0.0262,0.0003,0.02605,1,baseline,0,"""{\""tf\"": \""4h\"", \""capital\"": 1000.0}"""
اتجاه-تكيفي,adaptive_trend,adaptive_trend,VETUSDT,عرضي,AdaptiveTrend-4h,1,109286,109291,2024-11-15T21:26:00+00:00,2024-11-15T21:31:00+00:00,5,-0.004117354740216397,-4.117354740216397,1000.0,تتبع,0,False,True,"symbol_collision,symbol_exposure",True,0.026247872,0.02624,0.0003,0.0262,1,baseline,0,"""{\""tf\"": \""4h\"", \""capital\"": 1000.0}"""
اتجاه-تكيفي,adaptive_trend,adaptive_trend,VETUSDT,عرضي,AdaptiveTrend-4h,1,109312,109329,2024-11-15T21:52:00+00:00,2024-11-15T22:09:00+00:00,17,-0.007142626571040083,-7.142626571040084,1000.0,تتبع,0,False,True,"symbol_collision,symbol_exposure",True,0.026337898999999998,0.02633,0.0003,0.02621,1,baseline,0,"""{\""tf\"": \""4h\"", \""capital\"": 1000.0}"""
اتجاه-تكيفي,adaptive_trend,adaptive_trend,VETUSDT,عرضي,AdaptiveTrend-4h,1,117347,117349,2024-11-21T11:47:00+00:00,2024-11-21T11:49:00+00:00,2,-0.0009951501541965741,-0.9951501541965742,1000.0,تتبع,0,False,True,,False,0.031909134,0.03189,0.0006,0.03197,1,baseline,0,"""{\""tf\"": \""4h\"", \""capital\"": 1000.0}"""
اتجاه-تكيفي,adaptive_trend,adaptive_trend,VETUSDT,عرضي,AdaptiveTrend-4h,1,117350,117361,2024-11-21T11:50:00+00:00,2024-11-21T12:01:00+00:00,11,-0.005987859872975748,-5.987859872975748,1000.0,تتبع,0,False,True,,False,0.031998772999999994,0.03197,0.0009,0.03189,1,baseline,0,"""{\""tf\"": \""4h\"", \""capital\"": 1000.0}"""
اتجاه-تكيفي,adaptive_trend,adaptive_trend,VETUSDT,عرضي,AdaptiveTrend-4h,1,117705,117714,2024-11-21T17:45:00+00:00,2024-11-21T17:54:00+00:00,9,-0.006653944496746813,-6.6539444967468135,1000.0,تتبع,0,False,True,"symbol_collision,symbol_exposure",True,0.031969588,0.03196,0.0003,0.03183,1,baseline,0,"""{\""tf\"": \""4h\"", \""capital\"": 1000.0}"""
اتجاه-تكيفي,adaptive_trend,adaptive_trend,VETUSDT,عرضي,AdaptiveTrend-4h,1,117722,117736,2024-11-21T18:02:00+00:00,2024-11-21T18:16:00+00:00,14,-0.007272250143138641,-7.272250143138641,1000.0,تتبع,0,False,True,"symbol_collision,symbol_exposure",True,0.0320096,0.032,0.0003,0.03185,1,baseline,0,"""{\""tf\"": \""4h\"", \""capital\"": 1000.0}"""
اتجاه-تكيفي,adaptive_trend,adaptive_trend,VETUSDT,عرضي,AdaptiveTrend-4h,1,117751,117761,2024-11-21T18:31:00+00:00,2024-11-21T18:41:00+00:00,10,-0.006955113943242086,-6.955113943242086,1000.0,تتبع,0,False,True,"symbol_collision,symbol_exposure",True,0.032049612,0.03204,0.0003,0.0319,1,baseline,0,"""{\""tf\"": \""4h\"", \""capital\"": 1000.0}"""
اتجاه-تكيفي,adaptive_trend,adaptive_trend,VETUSDT,عرضي,AdaptiveTrend-4h,1,117782,117795,2024-11-21T19:02:00+00:00,2024-11-21T19:15:00+00:00,13,-0.0007343591184400727,-0.7343591184400727,1000.0,تتبع,0,False,True,"symbol_collision,symbol_exposure",True,0.032139639,0.03213,0.0003,0.03219,1,baseline,0,"""{\""tf\"": \""4h\"", \""capital\"": 1000.0}"""
اتجاه-تكيفي,adaptive_trend,adaptive_trend,VETUSDT,عرضي,AdaptiveTrend-4h,1,118213,118224,2024-11-22T02:13:00+00:00,2024-11-22T02:24:00+00:00,11,0.0014550267786798629,1.455026778679863,1000.0,تتبع,0,True,True,"symbol_collision,symbol_exposure",True,0.0320096,0.032,0.0003,0.03213,1,baseline,0,"""{\""tf\"": \""4h\"", \""capital\"": 1000.0}"""
اتجاه-تكيفي,adaptive_trend,adaptive_trend,VETUSDT,عرضي,AdaptiveTrend-4h,1,118316,118354,2024-11-22T03:56:00+00:00,2024-11-22T04:34:00+00:00,38,0.005441663262916143,5.441663262916143,1000.0,تتبع,0,True,True,"symbol_collision,symbol_exposure",True,0.032269677999999996,0.03226,0.0003,0.03252,1,baseline,0,"""{\""tf\"": \""4h\"", \""capital\"": 1000.0}"""
اتجاه-تكيفي,adaptive_trend,adaptive_trend,VETUSDT,عرضي,AdaptiveTrend-4h,1,123356,123358,2024-11-25T15:56:00+00:00,2024-11-25T15:58:00+00:00,2,-0.00517177275008859,-5.17177275008859,1000.0,تتبع,0,False,True,,False,0.042622783,0.04261,0.0003,0.0425,1,baseline,0,"""{\""tf\"": \""4h\"", \""capital\"": 1000.0}"""
اتجاه-تكيفي,adaptive_trend,adaptive_trend,VETUSDT,عرضي,AdaptiveTrend-4h,1,124817,124842,2024-11-26T16:17:00+00:00,2024-11-26T16:42:00+00:00,25,0.009985551304378618,9.985551304378617,1000.0,تتبع,0,True,True,,False,0.041232366,0.04122,0.0003,0.04174,1,baseline,0,"""{\""tf\"": \""4h\"", \""capital\"": 1000.0}"""
اتجاه-تكيفي,adaptive_trend,adaptive_trend,VETUSDT,عرضي,AdaptiveTrend-4h,1,125041,125059,2024-11-26T20:01:00+00:00,2024-11-26T20:19:00+00:00,18,-0.00947556512955836,-9.47556512955836,1000.0,تتبع,0,False,True,,False,0.04061218,0.0406,0.0003,0.04032,1,baseline,0,"""{\""tf\"": \""4h\"", \""capital\"": 1000.0}"""
اتجاه-تكيفي,adaptive_trend,adaptive_trend,VETUSDT,عرضي,AdaptiveTrend-4h,1,125086,125101,2024-11-26T20:46:00+00:00,2024-11-26T21:01:00+00:00,15,-0.00940181750675439,-9.40181750675439,1000.0,تتبع,0,False,True,,False,0.041052312,0.04104,0.0003,0.04076,1,baseline,0,"""{\""tf\"": \""4h\"", \""capital\"": 1000.0}"""
اتجاه-تكيفي,adaptive_trend,adaptive_trend,VETUSDT,عرضي,AdaptiveTrend-4h,1,125159,125173,2024-11-26T21:59:00+00:00,2024-11-26T22:13:00+00:00,14,0.002250722352917808,2.250722352917808,1000.0,تتبع,0,True,True,,False,0.041162344999999996,0.04115,0.0003,0.04135,1,baseline,0,"""{\""tf\"": \""4h\"", \""capital\"": 1000.0}"""
اتجاه-تكيفي,adaptive_trend,adaptive_trend,VETUSDT,عرضي,AdaptiveTrend-4h,1,125274,125281,2024-11-26T23:54:00+00:00,2024-11-27T00:01:00+00:00,7,-0.009319909775819977,-9.319909775819978,1000.0,تتبع,0,False,True,,False,0.041552462,0.04154,0.0003,0.04126,1,baseline,0,"""{\""tf\"": \""4h\"", \""capital\"": 1000.0}"""
اتجاه-تكيفي,adaptive_trend,adaptive_trend,VETUSDT,عرضي,AdaptiveTrend-4h,1,126244,126246,2024-11-27T16:04:00+00:00,2024-11-27T16:06:00+00:00,2,-0.012628893755190058,-12.628893755190058,1000.0,تتبع,0,False,True,"symbol_collision,symbol_exposure",True,0.043042909,0.04303,0.0003,0.04261,1,baseline,0,"""{\""tf\"": \""4h\"", \""capital\"": 1000.0}"""
اتجاه-تكيفي,adaptive_trend,adaptive_trend,VETUSDT,عرضي,AdaptiveTrend-4h,1,127986,127992,2024-11-28T21:06:00+00:00,2024-11-28T21:12:00+00:00,6,-0.0028376092913871415,-2.8376092913871416,1000.0,تتبع,0,False,True,,False,0.041452432,0.04144,0.0003,0.04143,1,baseline,0,"""{\""tf\"": \""4h\"", \""capital\"": 1000.0}"""
اتجاه-تكيفي,adaptive_trend,adaptive_trend,VETUSDT,عرضي,AdaptiveTrend-4h,1,128008,128012,2024-11-28T21:28:00+00:00,2024-11-28T21:32:00+00:00,4,-0.008322982647024081,-8.322982647024082,1000.0,تتبع,0,False,True,,False,0.041827610999999994,0.04179,0.0009,0.0416,1,baseline,0,"""{\""tf\"": \""4h\"", \""capital\"": 1000.0}"""
اتجاه-تكيفي,adaptive_trend,adaptive_trend,VETUSDT,عرضي,AdaptiveTrend-4h,1,128068,128072,2024-11-28T22:28:00+00:00,2024-11-28T22:32:00+00:00,4,-0.00331293404398026,-3.31293404398026,1000.0,تتبع,0,False,True,,False,0.041802537,0.04179,0.0003,0.04176,1,baseline,0,"""{\""tf\"": \""4h\"", \""capital\"": 1000.0}"""
اتجاه-تكيفي,adaptive_trend,adaptive_trend,VETUSDT,عرضي,AdaptiveTrend-4h,1,128087,128096,2024-11-28T22:47:00+00:00,2024-11-28T22:56:00+00:00,9,-0.005207926039529799,-5.207926039529799,1000.0,تتبع,0,False,True,,False,0.042032606,0.04202,0.0003,0.04191,1,baseline,0,"""{\""tf\"": \""4h\"", \""capital\"": 1000.0}"""
اتجاه-تكيفي,adaptive_trend,adaptive_trend,VETUSDT,عرضي,AdaptiveTrend-4h,1,128284,128291,2024-11-29T02:04:00+00:00,2024-11-29T02:11:00+00:00,7,0.0009618413253366376,0.9618413253366376,1000.0,تتبع,0,True,True,,False,0.042052611999999996,0.04204,0.0003,0.04219,1,baseline,0,"""{\""tf\"": \""4h\"", \""capital\"": 1000.0}"""
اتجاه-تكيفي,adaptive_trend,adaptive_trend,VETUSDT,عرضي,AdaptiveTrend-4h,1,128292,128297,2024-11-29T02:12:00+00:00,2024-11-29T02:17:00+00:00,5,-0.005194942127809463,-5.194942127809463,1000.0,تتبع,0,False,True,,False,0.042242669,0.04223,0.0003,0.04212,1,baseline,0,"""{\""tf\"": \""4h\"", \""capital\"": 1000.0}"""
اتجاه-تكيفي,adaptive_trend,adaptive_trend,VETUSDT,عرضي,AdaptiveTrend-4h,1,128308,128314,2024-11-29T02:28:00+00:00,2024-11-29T02:34:00+00:00,6,-0.004720061274428771,-4.720061274428771,1000.0,تتبع,0,False,True,,False,0.042292684,0.04228,0.0003,0.04219,1,baseline,0,"""{\""tf\"": \""4h\"", \""capital\"": 1000.0}"""
اتجاه-تكيفي,adaptive_trend,adaptive_trend,VETUSDT,عرضي,AdaptiveTrend-4h,1,128326,128343,2024-11-29T02:46:00+00:00,2024-11-29T03:03:00+00:00,17,-0.005659332289732211,-5.659332289732211,1000.0,تتبع,0,False,True,,False,0.042352702,0.04234,0.0003,0.04221,1,baseline,0,"""{\""tf\"": \""4h\"", \""capital\"": 1000.0}"""
اتجاه-تكيفي,adaptive_trend,adaptive_trend,VETUSDT,عرضي,AdaptiveTrend-4h,1,128887,128900,2024-11-29T12:07:00+00:00,2024-11-29T12:20:00+00:00,13,-0.0007655657237803161,-0.7655657237803162,1000.0,تتبع,0,False,True,"symbol_collision,symbol_exposure",True,0.043583070999999994,0.04357,0.0003,0.04365,1,baseline,0,"""{\""tf\"": \""4h\"", \""capital\"": 1000.0}"""
اتجاه-تكيفي,adaptive_trend,adaptive_trend,VETUSDT,عرضي,AdaptiveTrend-4h,1,138737,138760,2024-12-06T08:17:00+00:00,2024-12-06T08:40:00+00:00,23,-0.00562256580159228,-5.6225658015922795,1000.0,تتبع,0,False,True,,False,0.065949779,0.06593,0.0003,0.06573,1,baseline,0,"""{\""tf\"": \""4h\"", \""capital\"": 1000.0}"""
اتجاه-تكيفي,adaptive_trend,adaptive_trend,VETUSDT,عرضي,AdaptiveTrend-4h,1,138903,138912,2024-12-06T11:03:00+00:00,2024-12-06T11:12:00+00:00,9,-0.008557499376787178,-8.557499376787177,1000.0,تتبع,0,False,True,,False,0.06527957799999999,0.06526,0.0003,0.06487,1,baseline,0,"""{\""tf\"": \""4h\"", \""capital\"": 1000.0}"""
اتجاه-تكيفي,adaptive_trend,adaptive_trend,VETUSDT,عرضي,AdaptiveTrend-4h,1,139466,139472,2024-12-06T20:26:00+00:00,2024-12-06T20:32:00+00:00,6,-0.006917265151519957,-6.917265151519957,1000.0,تتبع,0,False,True,,False,0.066970085,0.06695,0.0003,0.06666,1,baseline,0,"""{\""tf\"": \""4h\"", \""capital\"": 1000.0}"""
اتجاه-تكيفي,adaptive_trend,adaptive_trend,VETUSDT,عرضي,AdaptiveTrend-4h,1,140814,140843,2024-12-07T18:54:00+00:00,2024-12-07T19:23:00+00:00,29,0.000980135034300334,0.9801350343003341,1000.0,تتبع,0,True,True,,False,0.06694007599999999,0.06692,0.0003,0.06716,1,baseline,0,"""{\""tf\"": \""4h\"", \""capital\"": 1000.0}"""
اتجاه-تكيفي,adaptive_trend,adaptive_trend,VETUSDT,عرضي,AdaptiveTrend-4h,1,141877,141879,2024-12-08T12:37:00+00:00,2024-12-08T12:39:00+00:00,2,0.0047719826050997794,4.77198260509978,1000.0,تتبع,0,True,True,"symbol_collision,symbol_exposure",True,0.06905070899999999,0.06903,0.0003,0.06954,1,baseline,0,"""{\""tf\"": \""4h\"", \""capital\"": 1000.0}"""
اتجاه-تكيفي,adaptive_trend,adaptive_trend,VETUSDT,عرضي,AdaptiveTrend-4h,1,141882,141884,2024-12-08T12:42:00+00:00,2024-12-08T12:44:00+00:00,2,-0.007610438614571179,-7.610438614571179,1000.0,تتبع,0,False,True,"symbol_collision,symbol_exposure",True,0.069650889,0.06963,0.0003,0.06928,1,baseline,0,"""{\""tf\"": \""4h\"", \""capital\"": 1000.0}"""
اتجاه-تكيفي,adaptive_trend,adaptive_trend,VETUSDT,عرضي,AdaptiveTrend-4h,1,141898,141902,2024-12-08T12:58:00+00:00,2024-12-08T13:02:00+00:00,4,-0.01017467022034913,-10.17467022034913,1000.0,تتبع,0,False,True,"symbol_collision,symbol_exposure",True,0.069780928,0.06976,0.0003,0.06923,1,baseline,0,"""{\""tf\"": \""4h\"", \""capital\"": 1000.0}"""
اتجاه-تكيفي,adaptive_trend,adaptive_trend,VETUSDT,عرضي,AdaptiveTrend-4h,1,141930,141935,2024-12-08T13:30:00+00:00,2024-12-08T13:35:00+00:00,5,-0.0020256728903926056,-2.0256728903926056,1000.0,تتبع,0,False,True,"symbol_collision,symbol_exposure",True,0.06986095199999999,0.06984,0.0003,0.06988,1,baseline,0,"""{\""tf\"": \""4h\"", \""capital\"": 1000.0}"""
اتجاه-تكيفي,adaptive_trend,adaptive_trend,VETUSDT,عرضي,AdaptiveTrend-4h,1,142176,142206,2024-12-08T17:36:00+00:00,2024-12-08T18:06:00+00:00,30,-0.0031908806879260287,-3.190880687926029,1000.0,تتبع,0,False,True,"symbol_collision,symbol_exposure",True,0.06719015099999999,0.06717,0.0003,0.06713,1,baseline,0,"""{\""tf\"": \""4h\"", \""capital\"": 1000.0}"""
اتجاه-تكيفي,adaptive_trend,adaptive_trend,VETUSDT,عرضي,AdaptiveTrend-4h,1,142562,142564,2024-12-09T00:02:00+00:00,2024-12-09T00:04:00+00:00,2,-0.006855038797110408,-6.855038797110408,1000.0,تتبع,0,False,True,"symbol_collision,symbol_exposure",True,0.068030403,0.06801,0.0003,0.06774,1,baseline,0,"""{\""tf\"": \""4h\"", \""capital\"": 1000.0}"""
اتجاه-تكيفي,adaptive_trend,adaptive_trend,VETUSDT,عرضي,AdaptiveTrend-4h,1,142572,142576,2024-12-09T00:12:00+00:00,2024-12-09T00:16:00+00:00,4,-0.0048142423868310575,-4.814242386831057,1000.0,تتبع,0,False,True,"symbol_collision,symbol_exposure",True,0.068391497,0.06833,0.0009,0.06826,1,baseline,0,"""{\""tf\"": \""4h\"", \""capital\"": 1000.0}"""
اتجاه-تكيفي,adaptive_trend,adaptive_trend,VETUSDT,عرضي,AdaptiveTrend-4h,1,165123,165125,2024-12-24T16:03:00+00:00,2024-12-24T16:05:00+00:00,2,-0.01019965904112332,-10.19965904112332,1000.0,تتبع,0,False,True,"symbol_collision,symbol_exposure",True,0.054112448,0.05408,0.0006,0.0537,1,baseline,0,"""{\""tf\"": \""4h\"", \""capital\"": 1000.0}"""
