category,kind,strategy,symbol,regime,trigger,side,entry_bar,exit_bar,entry_time,exit_time,bars_held,net_frac,pnl_usd,notional_usd,reason,cycles,success,risk_accepted,risk_reason,risk_would_block,entry_px,entry_ref_px,entry_cost_pct,exit_px,mult,experiment,series,snapshot
اتجاهي,dir,directional,BNBUSDT,صاعد,FVG,1,9162,9163,2024-09-07T08:42:00+00:00,2024-09-07T08:43:00+00:00,1,-0.0027979314990064603,-0.05595862998012921,20.0,زمني,0,False,True,,False,496.34885999999995,496.2,0.0003,496.1,1,baseline,0,"{""close"": 496.1, ""rsi"": 62.53440733635792, ""rsi7"": 70.54758107765, ""macd"": 0.07736419129851296, ""adx"": 29.82935740586582, ""stoch_k"": 67.826617826619, ""stoch_d"": 67.76794740504472, ""mss"": 0.0, ""sfp"": 0.0, ""vr"": 0.9624696486854016, ""hurst"": 0.2231028913397422, ""atr14"": 0.4320553008783531, ""vol_sma20"": 95.54755, ""vol_ratio"": 0.6992120677086959, ""atr_pct"": 0.0008709036502284884, ""retest_entry"": true}"
اتجاهي,dir,directional,BNBUSDT,صاعد,Bollinger,1,9166,9167,2024-09-07T08:46:00+00:00,2024-09-07T08:47:00+00:00,1,-0.004204665435975491,-0.08409330871950982,20.0,زمني,0,False,True,,False,496.44889,496.3,0.0003,495.5,1,baseline,0,"{""close"": 496.3, ""rsi"": 62.19920729156582, ""rsi7"": 66.40316622499401, ""macd"": 0.06198215306595395, ""adx"": 30.943014631349854, ""stoch_k"": 79.16666666666744, ""stoch_d"": 68.98148148148275, ""mss"": 0.0, ""sfp"": 0.0, ""vr"": 0.9047791036821603, ""hurst"": 0.2052418019267098, ""atr14"": 0.40291366744029555, ""vol_sma20"": 93.94885, ""vol_ratio"": 0.31683197825199566, ""atr_pct"": 0.0008118349132385564, ""retest_entry"": true}"
اتجاهي,dir,directional,BNBUSDT,صاعد,FVG,1,9178,9179,2024-09-07T08:58:00+00:00,2024-09-07T08:59:00+00:00,1,-0.0027979720167002225,-0.05595944033400445,20.0,زمني,0,False,True,,False,496.24883,496.1,0.0003,496.0,1,baseline,0,"{""close"": 496.0, ""rsi"": 57.59781817498113, ""rsi7"": 64.67253778083412, ""macd"": -0.026760877543325637, ""adx"": 17.441566239857394, ""stoch_k"": 42.85714285714243, ""stoch_d"": 34.920634920634406, ""mss"": 0.0, ""sfp"": 0.0, ""vr"": 0.9636401884113738, ""hurst"": 0.2043417915815764, ""atr14"": 0.4225915068669635, ""vol_sma20"": 76.79625, ""vol_ratio"": 0.38734964272344025, ""atr_pct"": 0.0008519990057801683, ""retest_entry"": true}"
اتجاهي,dir,directional,BNBUSDT,صاعد,MicroBurst,1,9181,9196,2024-09-07T09:01:00+00:00,2024-09-07T09:16:00+00:00,15,-0.005290809190809106,-0.10581618381618212,20.0,وقف,0,False,True,,False,496.34885999999995,496.2,0.0003,494.85981341999997,1,baseline,0,"{""close"": 496.2, ""rsi"": 60.68885201410776, ""rsi7"": 70.9623910493976, ""macd"": 0.032691149157402274, ""adx"": 17.38222119475289, ""stoch_k"": 77.83882783882783, ""stoch_d"": 66.17826617826607, ""mss"": 0.0, ""sfp"": 0.0, ""vr"": 0.9469210687654103, ""hurst"": 0.1803975945237292, ""atr14"": 0.41345974511177946, ""vol_sma20"": 77.03945, ""vol_ratio"": 1.7466635600332039, ""atr_pct"": 0.0008332522069967341, ""retest_entry"": true}"
اتجاهي,dir,directional,BNBUSDT,صاعد,RSI,1,9206,9207,2024-09-07T09:26:00+00:00,2024-09-07T09:27:00+00:00,1,-0.0027987449683641577,-0.05597489936728316,20.0,زمني,0,False,True,,False,494.34826,494.2,0.0003,494.1,1,baseline,0,"{""close"": 494.2, ""rsi"": 39.02780959094889, ""rsi7"": 42.47160951075076, ""macd"": -0.13114761166166272, ""adx"": 33.09625591649469, ""stoch_k"": 23.52564102564057, ""stoch_d"": 14.0618968844773, ""mss"": 0.0, ""sfp"": 0.0, ""vr"": 0.9563674217731033, ""hurst"": 0.30365962307700717, ""atr14"": 0.41528594384397116, ""vol_sma20"": 118.25255, ""vol_ratio"": 0.6493898017421189, ""atr_pct"": 0.0008403195949898243, ""retest_entry"": true}"
اتجاهي,dir,directional,BNBUSDT,صاعد,FVG,1,9227,9235,2024-09-07T09:47:00+00:00,2024-09-07T09:55:00+00:00,8,-0.0019195850139132355,-0.03839170027826471,20.0,قفل-ربح,0,False,True,,False,493.34796,493.2,0.0003,493.5349329988872,1,baseline,0,"{""close"": 493.3, ""rsi"": 45.11915575715952, ""rsi7"": 50.96544351650272, ""macd"": 0.06137342571288107, ""adx"": 38.48237162722477, ""stoch_k"": 41.440781440780704, ""stoch_d"": 30.533170533169038, ""mss"": 0.0, ""sfp"": 0.0, ""vr"": 0.9802457267278438, ""hurst"": 0.4432609021625373, ""atr14"": 0.41545516137460126, ""vol_sma20"": 132.6833, ""vol_ratio"": 0.10190430898236628, ""atr_pct"": 0.0008421957457421473, ""retest_entry"": true}"
اتجاهي,dir,directional,BNBUSDT,صاعد,Bollinger,1,9248,9249,2024-09-07T10:08:00+00:00,2024-09-07T10:09:00+00:00,1,-0.0027987041385549825,-0.05597408277109965,20.0,زمني,0,False,True,,False,494.44829,494.3,0.0003,494.2,1,baseline,0,"{""close"": 494.3, ""rsi"": 60.73211758407192, ""rsi7"": 69.51634440592069, ""macd"": 0.08207785238010054, ""adx"": 16.40105514302588, ""stoch_k"": 95.83333333333478, ""stoch_d"": 94.04761904761953, ""mss"": 0.0, ""sfp"": 0.0, ""vr"": 0.7468225119501005, ""hurst"": 0.40871333000926285, ""atr14"": 0.3097689975923909, ""vol_sma20"": 34.830799999999996, ""vol_ratio"": 0.47079022014998223, ""atr_pct"": 0.0006266821719449543, ""retest_entry"": true}"
اتجاهي,dir,directional,BNBUSDT,صاعد,FVG,1,9253,9254,2024-09-07T10:13:00+00:00,2024-09-07T10:14:00+00:00,1,-0.002798540984386264,-0.05597081968772528,20.0,زمني,0,False,True,,False,494.84840999999994,494.7,0.0003,494.6,1,baseline,0,"{""close"": 494.7, ""rsi"": 66.76264633674609, ""rsi7"": 77.92186082045495, ""macd"": 0.08739318138170551, ""adx"": 17.926861611033587, ""stoch_k"": 91.90476190476204, ""stoch_d"": 91.81657848324532, ""mss"": 0.0, ""sfp"": 0.0, ""vr"": 0.714463164076971, ""hurst"": 0.4520685848841788, ""atr14"": 0.2903677790932928, ""vol_sma20"": 35.546749999999996, ""vol_ratio"": 0.33676777764493243, ""atr_pct"": 0.0005869573056262236, ""retest_entry"": true}"
اتجاهي,dir,directional,BNBUSDT,صاعد,MicroBurst,1,9256,9257,2024-09-07T10:16:00+00:00,2024-09-07T10:17:00+00:00,1,-0.0034032312860385536,-0.06806462572077107,20.0,زمني,0,False,True,,False,494.94844,494.8,0.0003,494.4,1,baseline,0,"{""close"": 494.9, ""rsi"": 65.33759663380913, ""rsi7"": 70.73067204474623, ""macd"": 0.07010826794558611, ""adx"": 16.522526271610115, ""stoch_k"": 82.96703296703355, ""stoch_d"": 82.29548229548233, ""mss"": 0.0, ""sfp"": 0.0, ""vr"": 0.7922600171371998, ""hurst"": 0.47465508442773435, ""atr14"": 0.317907438290075, ""vol_sma20"": 39.07895, ""vol_ratio"": 2.4644981505388452, ""atr_pct"": 0.0006423670201860477, ""retest_entry"": true}"
اتجاهي,dir,directional,BNBUSDT,صاعد,MicroBurst,1,9261,9263,2024-09-07T10:21:00+00:00,2024-09-07T10:23:00+00:00,2,-0.0020329326203456606,-0.040658652406913215,20.0,قفل-ربح,0,False,True,,False,494.74838,494.6,0.0003,494.8796760481768,1,baseline,0,"{""close"": 494.6, ""rsi"": 57.576481904705815, ""rsi7"": 58.1853030213407, ""macd"": -0.008586379825941987, ""adx"": 14.919907386204502, ""stoch_k"": 48.14814814814974, ""stoch_d"": 48.765432098766375, ""mss"": 0.0, ""sfp"": 0.0, ""vr"": 0.7411187914865393, ""hurst"": 0.49644922625386484, ""atr14"": 0.2916814915010014, ""vol_sma20"": 46.834799999999994, ""vol_ratio"": 1.7162451852041645, ""atr_pct"": 0.0005897320895693519, ""retest_entry"": true}"
اتجاهي,dir,directional,BNBUSDT,صاعد,FVG,1,9271,9295,2024-09-07T10:31:00+00:00,2024-09-07T10:55:00+00:00,24,-0.005290809190809106,-0.10581618381618212,20.0,وقف,0,False,True,,False,494.64835,494.5,0.0003,493.16440495,1,baseline,0,"{""close"": 494.5, ""rsi"": 51.89682568867642, ""rsi7"": 50.33595461887286, ""macd"": -0.04529645879952762, ""adx"": 14.883728634481692, ""stoch_k"": 33.33333333333139, ""stoch_d"": 28.888888888886612, ""mss"": 0.0, ""sfp"": 0.0, ""vr"": 0.9593865107550282, ""hurst"": 0.5217989939208479, ""atr14"": 0.37046662817124243, ""vol_sma20"": 105.02735, ""vol_ratio"": 6.8894054739075115, ""atr_pct"": 0.0007491741722370929, ""retest_entry"": true}"
اتجاهي,dir,directional,BNBUSDT,صاعد,Bollinger,1,9299,9302,2024-09-07T10:59:00+00:00,2024-09-07T11:02:00+00:00,3,-0.0020196455297441683,-0.04039291059488337,20.0,قفل-ربح,0,False,True,,False,493.24793,493.1,0.0003,493.38539678296087,1,baseline,0,"{""close"": 493.2, ""rsi"": 38.925276779419086, ""rsi7"": 35.27663956516295, ""macd"": -0.06105941378927013, ""adx"": 28.8427577975552, ""stoch_k"": 9.523809523810447, ""stoch_d"": 7.264957264957649, ""mss"": 0.0, ""sfp"": 0.0, ""vr"": 0.8498739811522924, ""hurst"": 0.34990173340085023, ""atr14"": 0.30545205557190575, ""vol_sma20"": 102.39959999999999, ""vol_ratio"": 0.20685627678233118, ""atr_pct"": 0.0006193269577694764, ""retest_entry"": true}"
اتجاهي,dir,directional,BNBUSDT,صاعد,FVG,1,9312,9313,2024-09-07T11:12:00+00:00,2024-09-07T11:13:00+00:00,1,-0.0028959647188708175,-0.05791929437741635,20.0,زمني,0,False,True,,False,493.49591999999996,493.2,0.0006,493.2,1,baseline,0,"{""close"": 493.2, ""rsi"": 51.040801884846516, ""rsi7"": 60.33134543405455, ""macd"": 0.024598448553578067, ""adx"": 36.354916244597504, ""stoch_k"": 53.96825396825354, ""stoch_d"": 37.03703703703675, ""mss"": 0.0, ""sfp"": 0.0, ""vr"": 1.2162466280777264, ""hurst"": 0.38875810463611943, ""atr14"": 0.43123311970823797, ""vol_sma20"": 237.25775, ""vol_ratio"": 0.35928857961436456, ""atr_pct"": 0.0008743575014360057, ""retest_entry"": true}"
اتجاهي,dir,directional,BNBUSDT,صاعد,MACD,1,15634,15635,2024-09-11T20:34:00+00:00,2024-09-11T20:35:00+00:00,1,-0.0037216025029527216,-0.07443205005905443,20.0,زمني,0,False,True,symbol_collision,True,532.25963,532.1,0.0003,531.5,1,baseline,0,"{""close"": 532.1, ""rsi"": 44.41855779256838, ""rsi7"": 50.25439512437044, ""macd"": 0.013431589603336347, ""adx"": 22.411525585562156, ""stoch_k"": 38.446969696970136, ""stoch_d"": 33.987373737373666, ""mss"": 0.0, ""sfp"": 0.0, ""vr"": 0.753509909690013, ""hurst"": 0.27623217041237785, ""atr14"": 0.43438032484278716, ""vol_sma20"": 158.45725, ""vol_ratio"": 0.13048314292971763, ""atr_pct"": 0.0008163509205840766, ""retest_entry"": true}"
اتجاهي,dir,directional,BNBUSDT,صاعد,FVG,1,15640,15641,2024-09-11T20:40:00+00:00,2024-09-11T20:41:00+00:00,1,-0.0037218139088328692,-0.07443627817665738,20.0,زمني,0,False,True,symbol_collision,True,532.1596,532.0,0.0003,531.4,1,baseline,0,"{""close"": 532.0, ""rsi"": 47.38685018557549, ""rsi7"": 54.47072142229247, ""macd"": 0.04449192750998954, ""adx"": 21.464330857721915, ""stoch_k"": 48.484848484846225, ""stoch_d"": 35.89743589743332, ""mss"": 0.0, ""sfp"": 0.0, ""vr"": 0.7621019295239264, ""hurst"": 0.328814330860873, ""atr14"": 0.4239321335835485, ""vol_sma20"": 163.81754999999998, ""vol_ratio"": 0.709136475304386, ""atr_pct"": 0.000796864912751031, ""retest_entry"": true}"
اتجاهي,dir,directional,BNBUSDT,صاعد,FVG,1,15644,15645,2024-09-11T20:44:00+00:00,2024-09-11T20:45:00+00:00,1,-0.002784369767772166,-0.055687395355443314,20.0,زمني,0,False,True,symbol_collision,True,532.25963,532.1,0.0003,532.0,1,baseline,0,"{""close"": 532.1, ""rsi"": 50.92230623576657, ""rsi7"": 59.441102240967936, ""macd"": 0.06320612151257671, ""adx"": 19.64646142968716, ""stoch_k"": 48.181818181816105, ""stoch_d"": 36.26262626262383, ""mss"": 0.0, ""sfp"": 0.0, ""vr"": 0.7699810662512041, ""hurst"": 0.36431980887813314, ""atr14"": 0.417933300376928, ""vol_sma20"": 132.02495000000002, ""vol_ratio"": 0.20373421841856404, ""atr_pct"": 0.0007854412711462657, ""retest_entry"": true}"
اتجاهي,dir,directional,BNBUSDT,صاعد,FVG,1,15648,15649,2024-09-11T20:48:00+00:00,2024-09-11T20:49:00+00:00,1,-0.002971464368606469,-0.05942928737212938,20.0,زمني,0,False,True,symbol_collision,True,532.75978,532.6,0.0003,532.4,1,baseline,0,"{""close"": 532.5, ""rsi"": 56.702098203142405, ""rsi7"": 68.66200719603619, ""macd"": 0.13699249837700256, ""adx"": 16.990645655017513, ""stoch_k"": 90.95238095237879, ""stoch_d"": 86.98412698412403, ""mss"": 0.0, ""sfp"": 0.0, ""vr"": 0.7501443759746744, ""hurst"": 0.37520284577291907, ""atr14"": 0.39671993419579327, ""vol_sma20"": 105.54035000000002, ""vol_ratio"": 0.39077945070297754, ""atr_pct"": 0.0007450139609310671, ""retest_entry"": true}"
اتجاهي,dir,directional,BNBUSDT,صاعد,FVG,1,15665,15666,2024-09-11T21:05:00+00:00,2024-09-11T21:06:00+00:00,1,-0.003159685912166834,-0.06319371824333668,20.0,زمني,0,False,True,symbol_collision,True,531.85951,531.7,0.0003,531.4,1,baseline,0,"{""close"": 531.7, ""rsi"": 49.473081490650216, ""rsi7"": 57.03296526332001, ""macd"": 0.024313300279607125, ""adx"": 18.91977622257856, ""stoch_k"": 39.61038961038965, ""stoch_d"": 30.875420875419863, ""mss"": 0.0, ""sfp"": 0.0, ""vr"": 0.6783993163647148, ""hurst"": 0.4291052643678739, ""atr14"": 0.3170931823738297, ""vol_sma20"": 50.4155, ""vol_ratio"": 0.04246709841219466, ""atr_pct"": 0.000596376118814801, ""retest_entry"": true}"
اتجاهي,dir,directional,BNBUSDT,صاعد,MicroBurst,1,15677,15736,2024-09-11T21:17:00+00:00,2024-09-11T22:16:00+00:00,59,-0.005290809190808995,-0.1058161838161799,20.0,وقف,0,False,True,symbol_collision,True,530.45909,530.3,0.0003,528.86771273,1,baseline,0,"{""close"": 530.2, ""rsi"": 35.639446214880635, ""rsi7"": 40.57948308472312, ""macd"": -0.0759033794594417, ""adx"": 31.303047259870006, ""stoch_k"": 15.94202898550617, ""stoch_d"": 12.07729468598894, ""mss"": 0.0, ""sfp"": 0.0, ""vr"": 0.762179520818572, ""hurst"": 0.38845817212017086, ""atr14"": 0.3349814028233163, ""vol_sma20"": 57.69160000000001, ""vol_ratio"": 2.9621296687906034, ""atr_pct"": 0.0006318019668489556, ""retest_entry"": true}"
اتجاهي,dir,directional,BNBUSDT,صاعد,OBV,1,15739,15781,2024-09-11T22:19:00+00:00,2024-09-11T23:01:00+00:00,42,-0.0009681365493911894,-0.01936273098782379,20.0,تتبع,0,False,True,symbol_collision,True,529.25873,529.1,0.0003,529.96403486,1,baseline,0,"{""close"": 529.1, ""rsi"": 42.44313102437271, ""rsi7"": 38.613646201817446, ""macd"": -0.07818081463617549, ""adx"": 18.710551247415175, ""stoch_k"": 15.384615384613516, ""stoch_d"": 24.893162393160097, ""mss"": 0.0, ""sfp"": 0.0, ""vr"": 1.0337226452223973, ""hurst"": 0.2990633142984086, ""atr14"": 0.32199540039290975, ""vol_sma20"": 38.9777, ""vol_ratio"": 1.2842471464452752, ""atr_pct"": 0.0006085719153145147, ""retest_entry"": true}"
اتجاهي,dir,directional,BNBUSDT,صاعد,MicroBurst,1,23509,23525,2024-09-17T07:49:00+00:00,2024-09-17T08:05:00+00:00,16,-0.0020838385566249473,-0.041676771132498944,20.0,قفل-ربح,0,False,True,,False,538.96164,538.8,0.0003,539.0771698057275,1,baseline,0,"{""close"": 538.8, ""rsi"": 74.635629939212, ""rsi7"": 88.6433508288995, ""macd"": 0.08089184109591102, ""adx"": 25.780683442911517, ""stoch_k"": 93.33333333333174, ""stoch_d"": 93.33333333333174, ""mss"": 0.0, ""sfp"": 0.0, ""vr"": 0.8583363750234702, ""hurst"": 0.14124149731515512, ""atr14"": 0.2566559048453954, ""vol_sma20"": 39.7999, ""vol_ratio"": 1.8946530016407075, ""atr_pct"": 0.00047634726214809843, ""retest_entry"": true}"
اتجاهي,dir,directional,BNBUSDT,صاعد,MACD,1,23529,23530,2024-09-17T08:09:00+00:00,2024-09-17T08:10:00+00:00,1,-0.0029404677777589796,-0.05880935555517959,20.0,زمني,0,False,True,,False,539.42346,539.1,0.0006,539.4,1,baseline,0,"{""close"": 539.1, ""rsi"": 58.61145757052725, ""rsi7"": 58.74308856120359, ""macd"": 0.0020289682583854163, ""adx"": 20.744200429438074, ""stoch_k"": 42.85714285713968, ""stoch_d"": 42.85714285713893, ""mss"": 0.0, ""sfp"": 0.0, ""vr"": 1.4974623588499694, ""hurst"": 0.3218154756078691, ""atr14"": 0.40826478092247936, ""vol_sma20"": 182.8791, ""vol_ratio"": 3.9378529312534893, ""atr_pct"": 0.0007573080707150424, ""retest_entry"": true}"
اتجاهي,dir,directional,BNBUSDT,صاعد,MicroBurst,1,23532,23533,2024-09-17T08:12:00+00:00,2024-09-17T08:13:00+00:00,1,-0.0036090691720044995,-0.07218138344009,20.0,زمني,0,False,True,,False,540.08564,539.6,0.0009,539.7,1,baseline,0,"{""close"": 539.6, ""rsi"": 65.39663206535154, ""rsi7"": 69.64715159266912, ""macd"": 0.05325460768844584, ""adx"": 23.595746524847442, ""stoch_k"": 79.16666666666642, ""stoch_d"": 70.83333333333245, ""mss"": 0.0, ""sfp"": 0.0, ""vr"": 1.5486112634647735, ""hurst"": 0.32831608614207297, ""atr14"": 0.4260414444922328, ""vol_sma20"": 237.0208, ""vol_ratio"": 2.9961210155395643, ""atr_pct"": 0.0007895504901635152, ""retest_entry"": true}"
اتجاهي,dir,directional,BNBUSDT,صاعد,Stochastic,1,23551,23552,2024-09-17T08:31:00+00:00,2024-09-17T08:32:00+00:00,1,-0.0029673607608583785,-0.05934721521716757,20.0,زمني,0,False,True,,False,538.66155,538.5,0.0003,538.3,1,baseline,0,"{""close"": 538.6, ""rsi"": 46.244016954379305, ""rsi7"": 47.79445009302185, ""macd"": -0.09136924516585684, ""adx"": 20.81558589551245, ""stoch_k"": 19.444444444441398, ""stoch_d"": 15.386710239647838, ""mss"": 0.0, ""sfp"": 0.0, ""vr"": 1.1901116066284958, ""hurst"": 0.32803932319531964, ""atr14"": 0.34192472194381157, ""vol_sma20"": 148.35494999999997, ""vol_ratio"": 0.42769048151072825, ""atr_pct"": 0.0006348398105158031, ""retest_entry"": true}"
اتجاهي,dir,directional,BNBUSDT,صاعد,FVG,1,23557,23559,2024-09-17T08:37:00+00:00,2024-09-17T08:39:00+00:00,2,-0.002040056585245947,-0.04080113170491894,20.0,قفل-ربح,0,False,True,,False,538.86161,538.7,0.0003,539.0007651204638,1,baseline,0,"{""close"": 538.7, ""rsi"": 51.21268723138882, ""rsi7"": 59.08412628916338, ""macd"": 0.0036510826639644667, ""adx"": 17.914634621881877, ""stoch_k"": 51.904761904767206, ""stoch_d"": 29.894179894182514, ""mss"": 0.0, ""sfp"": 0.0, ""vr"": 1.0566020559045302, ""hurst"": 0.31869026235993847, ""atr14"": 0.30914085877282255, ""vol_sma20"": 108.93220000000001, ""vol_ratio"": 0.08407064210582361, ""atr_pct"": 0.0005738645976848386, ""retest_entry"": true}"
اتجاهي,dir,directional,BNBUSDT,صاعد,Bollinger,1,23561,23562,2024-09-17T08:41:00+00:00,2024-09-17T08:42:00+00:00,1,-0.0023410932468168606,-0.046821864936337214,20.0,زمني,0,False,True,,False,539.42346,539.1,0.0006,539.4,1,baseline,0,"{""close"": 539.1, ""rsi"": 57.39132965840675, ""rsi7"": 64.40013820110954, ""macd"": 0.07850989078101787, ""adx"": 23.504474415545655, ""stoch_k"": 56.2499999999977, ""stoch_d"": 62.89682539682682, ""mss"": 0.0, ""sfp"": 0.0, ""vr"": 1.2027488766236711, ""hurst"": 0.30993145347894663, ""atr14"": 0.3584046248284874, ""vol_sma20"": 120.16024999999999, ""vol_ratio"": 0.25406072307605887, ""atr_pct"": 0.000664820302037632, ""retest_entry"": true}"
اتجاهي,dir,directional,BNBUSDT,صاعد,FVG,1,23564,23565,2024-09-17T08:44:00+00:00,2024-09-17T08:45:00+00:00,1,-0.0034509933961782515,-0.06901986792356503,20.0,زمني,0,False,True,,False,539.66185,539.5,0.0003,539.2,1,baseline,0,"{""close"": 539.5, ""rsi"": 62.79825429825256, ""rsi7"": 71.70581767680127, ""macd"": 0.11990907600655401, ""adx"": 29.73870415737694, ""stoch_k"": 73.28431372548869, ""stoch_d"": 64.7058823529391, ""mss"": 0.0, ""sfp"": -1.0, ""vr"": 1.1971423881976475, ""hurst"": 0.32826975195359287, ""atr14"": 0.36152148715313065, ""vol_sma20"": 119.72075, ""vol_ratio"": 0.7878166483253739, ""atr_pct"": 0.000670104702786155, ""retest_entry"": true}"
اتجاهي,dir,directional,BNBUSDT,صاعد,MicroBurst,1,23575,23576,2024-09-17T08:55:00+00:00,2024-09-17T08:56:00+00:00,1,-0.0027818329494677376,-0.055636658989354756,20.0,زمني,0,False,True,,False,539.56182,539.4,0.0003,539.3,1,baseline,0,"{""close"": 539.4, ""rsi"": 59.77780106941411, ""rsi7"": 67.60923198054098, ""macd"": 0.022572284541862372, ""adx"": 27.396774526020216, ""stoch_k"": 48.48484848484966, ""stoch_d"": 41.32996632996771, ""mss"": 0.0, ""sfp"": 0.0, ""vr"": 1.0636265535034046, ""hurst"": 0.3460952563154659, ""atr14"": 0.3308684410407056, ""vol_sma20"": 142.70045, ""vol_ratio"": 1.5438353558100204, ""atr_pct"": 0.0006134008918070183, ""retest_entry"": true}"
اتجاهي,dir,directional,BNBUSDT,صاعد,Bollinger,1,23587,23590,2024-09-17T09:07:00+00:00,2024-09-17T09:10:00+00:00,3,-0.001985046767092083,-0.03970093534184166,20.0,قفل-ربح,0,False,True,,False,539.36176,539.2,0.0003,539.5307828013426,1,baseline,0,"{""close"": 539.3, ""rsi"": 56.311772145213155, ""rsi7"": 61.38963910852695, ""macd"": -0.018529529153237762, ""adx"": 18.8993720674806, ""stoch_k"": 33.333333333329456, ""stoch_d"": 28.888888888886687, ""mss"": 0.0, ""sfp"": 0.0, ""vr"": 1.184338147155798, ""hurst"": 0.34064966180013934, ""atr14"": 0.37556321614910676, ""vol_sma20"": 169.49525, ""vol_ratio"": 0.20502049467462952, ""atr_pct"": 0.000696390165305223, ""retest_entry"": true}"
اتجاهي,dir,directional,BNBUSDT,صاعد,FVG,1,23607,23608,2024-09-17T09:27:00+00:00,2024-09-17T09:28:00+00:00,1,-0.0027821419907971723,-0.055642839815943444,20.0,زمني,0,False,True,,False,538.66155,538.5,0.0003,538.4,1,baseline,0,"{""close"": 538.5, ""rsi"": 45.15673689653698, ""rsi7"": 47.94624198382026, ""macd"": -0.06268242604001187, ""adx"": 26.27972256888574, ""stoch_k"": 22.150072150072635, ""stoch_d"": 17.123617123617674, ""mss"": 0.0, ""sfp"": 0.0, ""vr"": 1.1627480952708857, ""hurst"": 0.22753239908943287, ""atr14"": 0.404574968766128, ""vol_sma20"": 195.447, ""vol_ratio"": 0.12112746678127574, ""atr_pct"": 0.0007512998491478699, ""retest_entry"": true}"
اتجاهي,dir,directional,BNBUSDT,صاعد,KAMA,1,23617,23618,2024-09-17T09:37:00+00:00,2024-09-17T09:38:00+00:00,1,-0.002226897965021188,-0.044537959300423764,20.0,زمني,0,False,True,,False,539.2617300000001,539.1,0.0003,539.3,1,baseline,0,"{""close"": 539.1, ""rsi"": 57.35321601172804, ""rsi7"": 67.33753426167978, ""macd"": 0.0872578110586227, ""adx"": 22.451702646892905, ""stoch_k"": 81.81818181818142, ""stoch_d"": 79.79797979797912, ""mss"": 0.0, ""sfp"": 0.0, ""vr"": 1.0840850716225958, ""hurst"": 0.24328806744171355, ""atr14"": 0.3908718664840051, ""vol_sma20"": 81.53, ""vol_ratio"": 0.5163743407334723, ""atr_pct"": 0.0007250451984492768, ""retest_entry"": true}"
اتجاهي,dir,directional,BNBUSDT,صاعد,MicroBurst,1,23630,23637,2024-09-17T09:50:00+00:00,2024-09-17T09:57:00+00:00,7,-8.286236865582244e-05,-0.001657247373116449,20.0,تتبع,0,False,True,,False,539.56182,539.4,0.0003,540.75961524,1,baseline,0,"{""close"": 539.4, ""rsi"": 60.552520370313864, ""rsi7"": 68.64181946042028, ""macd"": 0.022354198690481303, ""adx"": 16.223430524549475, ""stoch_k"": 75.55555555555763, ""stoch_d"": 67.54208754209041, ""mss"": 0.0, ""sfp"": 0.0, ""vr"": 0.8101578775785012, ""hurst"": 0.2918338787498418, ""atr14"": 0.2967955294017725, ""vol_sma20"": 43.161899999999996, ""vol_ratio"": 2.511034036963155, ""atr_pct"": 0.0005502327204333936, ""retest_entry"": true}"
اتجاهي,dir,directional,BNBUSDT,صاعد,FVG,1,23649,23650,2024-09-17T10:09:00+00:00,2024-09-17T10:10:00+00:00,1,-0.002826435134173788,-0.05652870268347576,20.0,زمني,0,False,True,,False,540.52412,540.2,0.0006,540.4,1,baseline,0,"{""close"": 540.2, ""rsi"": 53.86407951833384, ""rsi7"": 52.602569214381305, ""macd"": -0.0892980663324221, ""adx"": 19.94405668494024, ""stoch_k"": 25.000000000001805, ""stoch_d"": 20.00000000000082, ""mss"": 0.0, ""sfp"": 0.0, ""vr"": 1.2233497702176754, ""hurst"": 0.3508468915730349, ""atr14"": 0.4520882743871124, ""vol_sma20"": 211.63215, ""vol_ratio"": 2.3460943906679588, ""atr_pct"": 0.0008368905486618148, ""retest_entry"": true}"
اتجاهي,dir,directional,BNBUSDT,صاعد,Bollinger,1,23657,23658,2024-09-17T10:17:00+00:00,2024-09-17T10:18:00+00:00,1,-0.001988975850186703,-0.03977951700373406,20.0,تتبع,0,False,True,,False,540.5621199999999,540.4,0.0003,540.72939016,1,baseline,0,"{""close"": 540.4, ""rsi"": 56.252535892619704, ""rsi7"": 60.24590092302876, ""macd"": -0.028062732491177494, ""adx"": 13.869300899260066, ""stoch_k"": 68.88888888888908, ""stoch_d"": 51.66666666666595, ""mss"": 0.0, ""sfp"": 0.0, ""vr"": 1.0485144143055558, ""hurst"": 0.3649730197694702, ""atr14"": 0.39602869749255604, ""vol_sma20"": 222.25805000000005, ""vol_ratio"": 0.3361318071493922, ""atr_pct"": 0.000732843629704952, ""retest_entry"": true}"
اتجاهي,dir,directional,BNBUSDT,صاعد,FVG,1,23666,23667,2024-09-17T10:26:00+00:00,2024-09-17T10:27:00+00:00,1,-0.002781320165971531,-0.055626403319430626,20.0,زمني,0,False,True,,False,541.06227,540.9,0.0003,540.8,1,baseline,0,"{""close"": 541.0, ""rsi"": 60.75817641760466, ""rsi7"": 65.56153662373279, ""macd"": 0.019658916287856043, ""adx"": 20.116423605613278, ""stoch_k"": 71.11111111110698, ""stoch_d"": 65.18518518518239, ""mss"": 0.0, ""sfp"": 0.0, ""vr"": 0.9874843293210144, ""hurst"": 0.36850713974533444, ""atr14"": 0.3778489654839524, ""vol_sma20"": 149.4595, ""vol_ratio"": 0.38443190295698837, ""atr_pct"": 0.0006984269232605405, ""retest_entry"": true}"
اتجاهي,dir,directional,BNBUSDT,صاعد,FVG,1,23675,23679,2024-09-17T10:35:00+00:00,2024-09-17T10:39:00+00:00,4,-0.001965890738573963,-0.03931781477147926,20.0,قفل-ربح,0,False,True,,False,540.86221,540.7,0.0003,541.0420876384368,1,baseline,0,"{""close"": 540.6, ""rsi"": 52.26083684725399, ""rsi7"": 51.81835412247116, ""macd"": -0.053188471316000435, ""adx"": 14.253772793755171, ""stoch_k"": 40.30303030302807, ""stoch_d"": 34.14141414140939, ""mss"": 0.0, ""sfp"": 0.0, ""vr"": 1.0348660570643229, ""hurst"": 0.34104065175384474, ""atr14"": 0.39953429723878525, ""vol_sma20"": 83.72815, ""vol_ratio"": 0.48479513759709253, ""atr_pct"": 0.0007390571536048562, ""retest_entry"": true}"
اتجاهي,dir,directional,BNBUSDT,صاعد,FVG,1,23687,23696,2024-09-17T10:47:00+00:00,2024-09-17T10:56:00+00:00,9,-0.001117152632199339,-0.022343052643986783,20.0,تتبع,0,False,True,,False,541.86251,541.7,0.0003,542.50367882,1,baseline,0,"{""close"": 541.8, ""rsi"": 65.12119678575053, ""rsi7"": 73.94148986487112, ""macd"": 0.06589812752951468, ""adx"": 20.144300107567943, ""stoch_k"": 84.31372549019507, ""stoch_d"": 72.54901960784214, ""mss"": 0.0, ""sfp"": 0.0, ""vr"": 0.9640828867062518, ""hurst"": 0.29238168507978296, ""atr14"": 0.37765795619491893, ""vol_sma20"": 83.808, ""vol_ratio"": 0.1854357579228713, ""atr_pct"": 0.0006970431085177538, ""retest_entry"": true}"
اتجاهي,dir,directional,BNBUSDT,صاعد,MicroBurst,1,23704,23707,2024-09-17T11:04:00+00:00,2024-09-17T11:07:00+00:00,3,-0.0038129890291886915,-0.07625978058377383,20.0,تتبع,0,False,True,,False,544.1632,544.0,0.0003,543.5,1,baseline,0,"{""close"": 543.9, ""rsi"": 78.11286317626596, ""rsi7"": 83.88604250457615, ""macd"": 0.07315133838567145, ""adx"": 43.462368663924806, ""stoch_k"": 94.90740740740607, ""stoch_d"": 90.89506172839424, ""mss"": 0.0, ""sfp"": 0.0, ""vr"": 1.0854374698178513, ""hurst"": 0.2914392398002064, ""atr14"": 0.41384327009894645, ""vol_sma20"": 255.46234999999996, ""vol_ratio"": 5.457782722189788, ""atr_pct"": 0.0007608811731916647, ""retest_entry"": true}"
اتجاهي,dir,directional,BNBUSDT,صاعد,FVG,1,23720,23721,2024-09-17T11:20:00+00:00,2024-09-17T11:21:00+00:00,1,-0.003149093220798096,-0.06298186441596192,20.0,زمني,0,False,True,,False,542.0625699999999,541.9,0.0003,541.6,1,baseline,0,"{""close"": 541.9, ""rsi"": 40.813919903535535, ""rsi7"": 33.20669230832807, ""macd"": -0.2001767605003797, ""adx"": 24.126044625291136, ""stoch_k"": 10.416666666666433, ""stoch_d"": 6.393518518518779, ""mss"": 0.0, ""sfp"": 0.0, ""vr"": 1.1649790961569348, ""hurst"": 0.30565903665052896, ""atr14"": 0.4622260982720996, ""vol_sma20"": 454.3206, ""vol_ratio"": 0.18494648932934143, ""atr_pct"": 0.0008529730545711379, ""retest_entry"": true}"
اتجاهي,dir,directional,BNBUSDT,صاعد,FVG,1,23725,23746,2024-09-17T11:25:00+00:00,2024-09-17T11:46:00+00:00,21,-0.0012320959081915071,-0.024641918163830143,20.0,تتبع,0,False,True,,False,542.36266,542.2,0.0003,542.9419361199999,1,baseline,0,"{""close"": 542.2, ""rsi"": 49.62240697028728, ""rsi7"": 54.802941884568185, ""macd"": -0.07351822193869877, ""adx"": 20.513273223627003, ""stoch_k"": 31.481481481483154, ""stoch_d"": 21.309264446520853, ""mss"": 0.0, ""sfp"": 0.0, ""vr"": 1.1267237978977982, ""hurst"": 0.3393792824824528, ""atr14"": 0.45384979975930495, ""vol_sma20"": 349.93275, ""vol_ratio"": 0.14560226214894148, ""atr_pct"": 0.0008370523787519456, ""retest_entry"": true}"
اتجاهي,dir,directional,BNBUSDT,صاعد,Bollinger,1,23752,23763,2024-09-17T11:52:00+00:00,2024-09-17T12:03:00+00:00,11,-0.0019913887101761013,-0.03982777420352203,20.0,تتبع,0,False,True,,False,543.66305,543.5,0.0003,543.8299649,1,baseline,0,"{""close"": 543.6, ""rsi"": 68.27448526664568, ""rsi7"": 78.04446946878899, ""macd"": 0.1119471749724276, ""adx"": 20.912782372726294, ""stoch_k"": 91.66666666666895, ""stoch_d"": 83.21078431372712, ""mss"": 0.0, ""sfp"": 0.0, ""vr"": 0.9267924359698025, ""hurst"": 0.49803534307599645, ""atr14"": 0.3764209528057384, ""vol_sma20"": 87.90205, ""vol_ratio"": 0.550135065109403, ""atr_pct"": 0.0006924594422474952, ""retest_entry"": true}"
اتجاهي,dir,directional,BNBUSDT,صاعد,MicroBurst,1,23767,23768,2024-09-17T12:07:00+00:00,2024-09-17T12:08:00+00:00,1,-0.00332936535532699,-0.0665873071065398,20.0,زمني,0,False,True,,False,544.86341,544.7,0.0003,544.3,1,baseline,0,"{""close"": 544.8, ""rsi"": 70.74565614141866, ""rsi7"": 78.22615738871963, ""macd"": 0.09686762893790929, ""adx"": 31.269011576839386, ""stoch_k"": 100.0, ""stoch_d"": 91.45299145299198, ""mss"": 0.0, ""sfp"": 0.0, ""vr"": 1.010855154312317, ""hurst"": 0.47784500384938616, ""atr14"": 0.4076390190277244, ""vol_sma20"": 125.2005, ""vol_ratio"": 1.5066153889161784, ""atr_pct"": 0.0007482360848526514, ""retest_entry"": true}"
اتجاهي,dir,directional,BNBUSDT,صاعد,OBV,1,23785,23814,2024-09-17T12:25:00+00:00,2024-09-17T12:54:00+00:00,29,-0.0012376068516503252,-0.024752137033006504,20.0,تتبع,0,False,True,,False,544.76338,544.6,0.0003,545.34221116,1,baseline,0,"{""close"": 544.6, ""rsi"": 59.13457622824887, ""rsi7"": 62.60037697537966, ""macd"": -0.007162820050787416, ""adx"": 28.505409190294603, ""stoch_k"": 55.55555555555548, ""stoch_d"": 50.37037037037094, ""mss"": 0.0, ""sfp"": 0.0, ""vr"": 1.0830084627942411, ""hurst"": 0.4307656803529292, ""atr14"": 0.4431420335970626, ""vol_sma20"": 137.46525, ""vol_ratio"": 1.8066238558472052, ""atr_pct"": 0.0008137018611771256, ""retest_entry"": true}"
اتجاهي,dir,directional,BNBUSDT,صاعد,Bollinger,1,23832,23833,2024-09-17T13:12:00+00:00,2024-09-17T13:13:00+00:00,1,-0.005290809190809106,-0.10581618381618212,20.0,وقف,0,False,True,,False,544.4632899999999,544.3,0.0003,542.8299001299999,1,baseline,0,"{""close"": 544.2, ""rsi"": 44.52622534569114, ""rsi7"": 45.92594986064647, ""macd"": -0.12912901772569801, ""adx"": 25.310822507783023, ""stoch_k"": 11.533816425120301, ""stoch_d"": 6.792824727606882, ""mss"": 0.0, ""sfp"": 0.0, ""vr"": 1.0959623875141202, ""hurst"": 0.3081100392844727, ""atr14"": 0.4610474560948681, ""vol_sma20"": 147.74530000000001, ""vol_ratio"": 0.32013201096752314, ""atr_pct"": 0.0008472022346469461, ""retest_entry"": true}"
اتجاهي,dir,directional,BNBUSDT,صاعد,FVG,1,23840,23845,2024-09-17T13:20:00+00:00,2024-09-17T13:25:00+00:00,5,-0.0018739321178362404,-0.03747864235672481,20.0,قفل-ربح,0,False,True,,False,543.26293,543.1,0.0003,543.4936788216582,1,baseline,0,"{""close"": 543.0, ""rsi"": 39.49973462253493, ""rsi7"": 41.50452984534894, ""macd"": -0.09293140783644815, ""adx"": 27.075527367655468, ""stoch_k"": 28.156565656566254, ""stoch_d"": 21.430846930847576, ""mss"": 0.0, ""sfp"": 0.0, ""vr"": 1.187160493875297, ""hurst"": 0.34117550349392073, ""atr14"": 0.5125269848020145, ""vol_sma20"": 183.8447, ""vol_ratio"": 0.15135056925763973, ""atr_pct"": 0.0009438802666703767, ""retest_entry"": true}"
اتجاهي,dir,directional,BNBUSDT,صاعد,Bollinger,1,23862,23863,2024-09-17T13:42:00+00:00,2024-09-17T13:43:00+00:00,1,-0.0044831087797111945,-0.08966217559422389,20.0,زمني,0,False,True,,False,542.2251399999999,541.9,0.0006,541.2,1,baseline,0,"{""close"": 541.9, ""rsi"": 35.61715751216778, ""rsi7"": 31.112529970373103, ""macd"": -0.07069832666641407, ""adx"": 21.49356540594482, ""stoch_k"": 16.757638496767722, ""stoch_d"": 16.27454670932885, ""mss"": 0.0, ""sfp"": 0.0, ""vr"": 1.247198881378414, ""hurst"": 0.39315403033991175, ""atr14"": 0.5832982454331667, ""vol_sma20"": 108.7136, ""vol_ratio"": 1.1092540399729196, ""atr_pct"": 0.0010763946215780894, ""retest_entry"": true}"
اتجاهي,dir,directional,BNBUSDT,صاعد,FVG,1,33266,33267,2024-09-24T02:26:00+00:00,2024-09-24T02:27:00+00:00,1,-0.0027627149555729097,-0.0552542991114582,20.0,زمني,0,False,True,symbol_collision,True,601.78048,601.6,0.0003,601.5,1,baseline,0,"{""close"": 601.6, ""rsi"": 45.963056644950576, ""rsi7"": 61.88643727131741, ""macd"": 0.17279021086037294, ""adx"": 30.671986660777392, ""stoch_k"": 70.95238095238197, ""stoch_d"": 53.19811875367583, ""mss"": 0.0, ""sfp"": 0.0, ""vr"": 0.8231194875725617, ""hurst"": 0.42846994775962827, ""atr14"": 0.558284557000621, ""vol_sma20"": 338.61395, ""vol_ratio"": 0.5195710336210306, ""atr_pct"": 0.0009279995960781598, ""retest_entry"": true}"
اتجاهي,dir,directional,BNBUSDT,صاعد,Stochastic,1,33279,33280,2024-09-24T02:39:00+00:00,2024-09-24T02:40:00+00:00,1,-0.002762908089562452,-0.055258161791249046,20.0,زمني,0,False,True,symbol_collision,True,601.0802699999999,600.9,0.0003,600.8,1,baseline,0,"{""close"": 600.9, ""rsi"": 41.95471728744535, ""rsi7"": 42.997234211957974, ""macd"": -0.008563125140068295, ""adx"": 20.04394848447579, ""stoch_k"": 17.64705882352839, ""stoch_d"": 10.718954248365156, ""mss"": 0.0, ""sfp"": 0.0, ""vr"": 0.8104188040843324, ""hurst"": 0.3342464128896907, ""atr14"": 0.5206650934681177, ""vol_sma20"": 149.33004999999997, ""vol_ratio"": 0.6859704393054179, ""atr_pct"": 0.0008664754426162719, ""retest_entry"": true}"
اتجاهي,dir,directional,BNBUSDT,صاعد,MACD,1,33282,33298,2024-09-24T02:42:00+00:00,2024-09-24T02:58:00+00:00,16,0.0014114795633982078,0.028229591267964156,20.0,تتبع,0,True,True,symbol_collision,True,601.68045,601.5,0.0003,603.9173318999999,1,baseline,0,"{""close"": 601.6, ""rsi"": 52.773296536155335, ""rsi7"": 62.203897136010205, ""macd"": 0.05123655031524477, ""adx"": 19.136306476342593, ""stoch_k"": 39.009287925695695, ""stoch_d"": 28.27657378740908, ""mss"": 0.0, ""sfp"": 0.0, ""vr"": 0.8895173039359695, ""hurst"": 0.3032290638635548, ""atr14"": 0.5660354265121876, ""vol_sma20"": 128.67315, ""vol_ratio"": 0.5331259862683085, ""atr_pct"": 0.0009408833552396736, ""retest_entry"": true}"
اتجاهي,dir,directional,BNBUSDT,صاعد,FVG,1,33304,33305,2024-09-24T03:04:00+00:00,2024-09-24T03:05:00+00:00,1,-0.0021018522031419945,-0.04203704406283989,20.0,زمني,0,False,True,symbol_collision,True,604.58132,604.4,0.0003,604.7,1,baseline,0,"{""close"": 604.5, ""rsi"": 61.22923729719795, ""rsi7"": 58.65939167718503, ""macd"": -0.10283557395383047, ""adx"": 29.73368984240453, ""stoch_k"": 45.000000000000654, ""stoch_d"": 41.40211640211789, ""mss"": 0.0, ""sfp"": 0.0, ""vr"": 0.8441562741228547, ""hurst"": 0.5400045651927987, ""atr14"": 0.5155535301931649, ""vol_sma20"": 185.87645, ""vol_ratio"": 0.5901984893729141, ""atr_pct"": 0.0008528594378712404, ""retest_entry"": true}"
اتجاهي,dir,directional,BNBUSDT,صاعد,Bollinger,1,33313,33319,2024-09-24T03:13:00+00:00,2024-09-24T03:19:00+00:00,6,0.0005774243552964304,0.011548487105928608,20.0,تتبع,0,True,True,symbol_collision,True,604.48129,604.3,0.0003,606.2232527799999,1,baseline,0,"{""close"": 604.3, ""rsi"": 55.68283137260424, ""rsi7"": 54.58934727804758, ""macd"": -0.09840687587048141, ""adx"": 22.217708600742384, ""stoch_k"": 52.95815295814996, ""stoch_d"": 36.59451659451403, ""mss"": 0.0, ""sfp"": 0.0, ""vr"": 0.8143602134897082, ""hurst"": 0.5850242434458495, ""atr14"": 0.47734896384431635, ""vol_sma20"": 145.3809, ""vol_ratio"": 0.2859591596970441, ""atr_pct"": 0.0007899205094229958, ""retest_entry"": true}"
اتجاهي,dir,directional,BNBUSDT,هابط,MicroBurst,-1,42135,42136,2024-09-30T06:15:00+00:00,2024-09-30T06:16:00+00:00,1,-0.002768433570807164,-0.05536867141614328,20.0,زمني,0,False,True,,False,582.32525,582.5,0.0003,582.6,1,baseline,0,"{""close"": 582.5, ""rsi"": 67.43685767944089, ""rsi7"": 56.816369294749705, ""macd"": -0.022825603908818715, ""adx"": 71.9211668166373, ""stoch_k"": 79.71014492753535, ""stoch_d"": 88.88888888888827, ""mss"": 0.0, ""sfp"": 0.0, ""vr"": 0.941824101594497, ""hurst"": 0.4592938499880085, ""atr14"": 0.38050457339551896, ""vol_sma20"": 237.12464999999997, ""vol_ratio"": 1.810330558210629, ""atr_pct"": 0.000653226735442951, ""retest_entry"": true}"
اتجاهي,dir,directional,BNBUSDT,هابط,OBV,-1,42141,42149,2024-09-30T06:21:00+00:00,2024-09-30T06:29:00+00:00,8,-0.0019655380222578242,-0.03931076044515648,20.0,قفل-ربح,0,False,True,,False,581.92537,582.1,0.0003,581.731630024324,1,baseline,0,"{""close"": 582.2, ""rsi"": 53.63685673265479, ""rsi7"": 41.27621170124398, ""macd"": -0.14214261449518772, ""adx"": 67.49735588606096, ""stoch_k"": 53.243978243978795, ""stoch_d"": 66.435416435417, ""mss"": 0.0, ""sfp"": 0.0, ""vr"": 1.0726882891524203, ""hurst"": 0.43586805658621597, ""atr14"": 0.4307364623008116, ""vol_sma20"": 283.0951999999999, ""vol_ratio"": 0.9423685035987895, ""atr_pct"": 0.0007398427727598962, ""retest_entry"": true}"
اتجاهي,dir,directional,BNBUSDT,هابط,Bollinger,-1,42159,42180,2024-09-30T06:39:00+00:00,2024-09-30T07:00:00+00:00,21,-0.0013164234844701148,-0.026328469689402296,20.0,تتبع,0,False,True,,False,581.5254900000001,581.7,0.0003,580.95353718,1,baseline,0,"{""close"": 581.7, ""rsi"": 46.477338856178164, ""rsi7"": 41.101597861140604, ""macd"": -0.029301169178076403, ""adx"": 30.612450291286514, ""stoch_k"": 41.17647058823894, ""stoch_d"": 50.32679738562425, ""mss"": 0.0, ""sfp"": 0.0, ""vr"": 1.1129359867005966, ""hurst"": 0.40113183720455275, ""atr14"": 0.45042217745346463, ""vol_sma20"": 164.61439999999996, ""vol_ratio"": 0.7566106002877029, ""atr_pct"": 0.0007743204013296623, ""retest_entry"": true}"
اتجاهي,dir,directional,BNBUSDT,هابط,Bollinger,-1,42189,42192,2024-09-30T07:09:00+00:00,2024-09-30T07:12:00+00:00,3,-0.005290809190809106,-0.10581618381618212,20.0,وقف,0,False,True,,False,581.1256099999999,581.3,0.0003,582.8689868299999,1,baseline,0,"{""close"": 581.3, ""rsi"": 47.07321231045278, ""rsi7"": 47.02876541209305, ""macd"": 0.04479305767882255, ""adx"": 16.139340205341604, ""stoch_k"": 64.10256410256328, ""stoch_d"": 70.65527065527164, ""mss"": 0.0, ""sfp"": 0.0, ""vr"": 1.0027869353323873, ""hurst"": 0.5916592621257776, ""atr14"": 0.39788103630426214, ""vol_sma20"": 108.00769999999996, ""vol_ratio"": 0.4932518700055646, ""atr_pct"": 0.0006844676351354932, ""retest_entry"": true}"
اتجاهي,dir,directional,BNBUSDT,هابط,Bollinger,-1,42198,42199,2024-09-30T07:18:00+00:00,2024-09-30T07:19:00+00:00,1,-0.0032825435339594333,-0.06565087067918866,20.0,زمني,0,False,True,,False,582.22528,582.4,0.0003,582.8,1,baseline,0,"{""close"": 582.3, ""rsi"": 55.959826841929576, ""rsi7"": 55.530794050925394, ""macd"": 0.08551761216300374, ""adx"": 19.066242644717246, ""stoch_k"": 63.241106719366734, ""stoch_d"": 70.39437856829116, ""mss"": 0.0, ""sfp"": 0.0, ""vr"": 1.1095871686867886, ""hurst"": 0.5195448582286513, ""atr14"": 0.4448361806883103, ""vol_sma20"": 120.20544999999996, ""vol_ratio"": 0.6578237509197796, ""atr_pct"": 0.0007639295563941445, ""retest_entry"": true}"
اتجاهي,dir,directional,BNBUSDT,هابط,MACD,-1,42217,42220,2024-09-30T07:37:00+00:00,2024-09-30T07:40:00+00:00,3,-0.0020078081958448653,-0.0401561639168973,20.0,قفل-ربح,0,False,True,,False,582.72513,582.9,0.0003,582.5558123803253,1,baseline,0,"{""close"": 582.8, ""rsi"": 55.395725771628776, ""rsi7"": 53.26164710129708, ""macd"": -0.004211325472915917, ""adx"": 12.572458773183028, ""stoch_k"": 68.51851851851586, ""stoch_d"": 79.16666666666555, ""mss"": 0.0, ""sfp"": 0.0, ""vr"": 0.909478487615806, ""hurst"": 0.3504711439034496, ""atr14"": 0.37630972006925495, ""vol_sma20"": 105.40969999999996, ""vol_ratio"": 0.8859241606797101, ""atr_pct"": 0.0006456927248957704, ""retest_entry"": true}"
اتجاهي,dir,directional,BNBUSDT,هابط,MicroBurst,-1,42225,42226,2024-09-30T07:45:00+00:00,2024-09-30T07:46:00+00:00,1,-0.0025971028071656095,-0.05194205614331219,20.0,زمني,0,False,True,,False,581.92537,582.1,0.0003,582.1,1,baseline,0,"{""close"": 582.0, ""rsi"": 42.1877588196267, ""rsi7"": 32.59153260848214, ""macd"": -0.09128206255171854, ""adx"": 10.888892296937023, ""stoch_k"": 14.285714285712205, ""stoch_d"": 23.809523809522336, ""mss"": 0.0, ""sfp"": 0.0, ""vr"": 0.8825876091108638, ""hurst"": 0.3395435686715103, ""atr14"": 0.36653832678333753, ""vol_sma20"": 76.59439999999995, ""vol_ratio"": 1.5546175699528957, ""atr_pct"": 0.0006297909394902707, ""retest_entry"": true}"
اتجاهي,dir,directional,BNBUSDT,هابط,FVG,-1,42232,42233,2024-09-30T07:52:00+00:00,2024-09-30T07:53:00+00:00,1,-0.002768580762184798,-0.05537161524369596,20.0,زمني,0,False,True,,False,581.8254000000001,582.0,0.0003,582.1,1,baseline,0,"{""close"": 582.0, ""rsi"": 45.099946309683865, ""rsi7"": 42.92098805643786, ""macd"": -0.05276536008653752, ""adx"": 12.798694948172328, ""stoch_k"": 24.999999999997925, ""stoch_d"": 23.94179894179764, ""mss"": 0.0, ""sfp"": 0.0, ""vr"": 0.867418797039789, ""hurst"": 0.32681869463306906, ""atr14"": 0.359947948692757, ""vol_sma20"": 91.39104999999996, ""vol_ratio"": 0.8054070940206949, ""atr_pct"": 0.0006184672657951151, ""retest_entry"": true}"
اتجاهي,dir,directional,BNBUSDT,هابط,OBV,-1,42241,42246,2024-09-30T08:01:00+00:00,2024-09-30T08:06:00+00:00,5,-0.00205578972222565,-0.041115794444513,20.0,قفل-ربح,0,False,True,,False,581.8254000000001,582.0,0.0003,581.6843249705892,1,baseline,0,"{""close"": 582.0, ""rsi"": 44.39970834537332, ""rsi7"": 38.53709636401403, ""macd"": 0.0005660842119118159, ""adx"": 13.265311897548388, ""stoch_k"": 58.33333333333081, ""stoch_d"": 66.66666666666346, ""mss"": 0.0, ""sfp"": 0.0, ""vr"": 0.7681828743008983, ""hurst"": 0.3063611948424493, ""atr14"": 0.31359414360080956, ""vol_sma20"": 89.84574999999995, ""vol_ratio"": 1.858808012621633, ""atr_pct"": 0.0005388215525787106, ""retest_entry"": true}"
اتجاهي,dir,directional,BNBUSDT,هابط,FVG,-1,42249,42252,2024-09-30T08:09:00+00:00,2024-09-30T08:12:00+00:00,3,-0.0019939511302798202,-0.039879022605596406,20.0,قفل-ربح,0,False,True,,False,580.9256700000001,581.1,0.0003,580.7488067705032,1,baseline,0,"{""close"": 581.0, ""rsi"": 32.072029756079786, ""rsi7"": 22.95975390381878, ""macd"": -0.09664892339502815, ""adx"": 26.01492796743812, ""stoch_k"": 15.89743589743693, ""stoch_d"": 20.126910126910378, ""mss"": 0.0, ""sfp"": 0.0, ""vr"": 0.9755767502246194, ""hurst"": 0.3333569327883631, ""atr14"": 0.3930796873729318, ""vol_sma20"": 156.14184999999995, ""vol_ratio"": 0.4816325667974347, ""atr_pct"": 0.0006765571211238069, ""retest_entry"": true}"
اتجاهي,dir,directional,BNBUSDT,هابط,FVG,-1,42263,42264,2024-09-30T08:23:00+00:00,2024-09-30T08:24:00+00:00,1,-0.00259710280716572,-0.0519420561433144,20.0,زمني,0,False,True,,False,579.6260599999999,579.8,0.0003,579.8,1,baseline,0,"{""close"": 579.8, ""rsi"": 29.159745020885282, ""rsi7"": 26.013493899996845, ""macd"": -0.05726451029669927, ""adx"": 39.1556973441116, ""stoch_k"": 12.254901960782396, ""stoch_d"": 10.784313725488223, ""mss"": 0.0, ""sfp"": 0.0, ""vr"": 0.994172992995996, ""hurst"": 0.44222599444978367, ""atr14"": 0.3914820476688758, ""vol_sma20"": 159.74784999999994, ""vol_ratio"": 0.5121383480278453, ""atr_pct"": 0.0006752018759380404, ""retest_entry"": true}"
اتجاهي,dir,directional,BNBUSDT,هابط,Bollinger,-1,42277,42282,2024-09-30T08:37:00+00:00,2024-09-30T08:42:00+00:00,5,-0.0019136521552483483,-0.038273043104966965,20.0,قفل-ربح,0,False,True,,False,580.75134,581.1,0.0006,580.527788710832,1,baseline,0,"{""close"": 581.1, ""rsi"": 52.66896666327795, ""rsi7"": 54.4408209006514, ""macd"": 0.1297643166804889, ""adx"": 24.253727093954325, ""stoch_k"": 73.91304347826252, ""stoch_d"": 80.10121923165512, ""mss"": 0.0, ""sfp"": 0.0, ""vr"": 1.2453771301891374, ""hurst"": 0.405848509580705, ""atr14"": 0.49707888992940824, ""vol_sma20"": 130.65579999999994, ""vol_ratio"": 0.9728768259809366, ""atr_pct"": 0.0008554102390800348, ""retest_entry"": true}"
اتجاهي,dir,directional,BNBUSDT,هابط,Bollinger,-1,42286,42288,2024-09-30T08:46:00+00:00,2024-09-30T08:48:00+00:00,2,-0.0009945017724043172,-0.019890035448086346,20.0,تتبع,0,False,True,,False,580.0259400000001,580.2,0.0003,579.26830908,1,baseline,0,"{""close"": 580.2, ""rsi"": 40.53849937844837, ""rsi7"": 33.18400753919401, ""macd"": -0.047827989569377255, ""adx"": 18.96814906560927, ""stoch_k"": 22.22222222222348, ""stoch_d"": 25.763482781027523, ""mss"": 0.0, ""sfp"": 0.0, ""vr"": 1.0787088108341811, ""hurst"": 0.2750499208488268, ""atr14"": 0.4369703652807894, ""vol_sma20"": 150.40699999999998, ""vol_ratio"": 0.7848105473814384, ""atr_pct"": 0.0007531374789396577, ""retest_entry"": true}"
اتجاهي,dir,directional,BNBUSDT,هابط,Stochastic,-1,42297,42298,2024-09-30T08:57:00+00:00,2024-09-30T08:58:00+00:00,1,-0.002425211367583814,-0.04850422735167628,20.0,زمني,0,False,True,,False,580.42582,580.6,0.0003,580.5,1,baseline,0,"{""close"": 580.6, ""rsi"": 52.76295942781821, ""rsi7"": 59.126475879650386, ""macd"": 0.09074777203006199, ""adx"": 17.51594268799293, ""stoch_k"": 82.53968253968402, ""stoch_d"": 86.07630186577614, ""mss"": 0.0, ""sfp"": 0.0, ""vr"": 1.0924779498229569, ""hurst"": 0.2521667466797338, ""atr14"": 0.4498751023148006, ""vol_sma20"": 230.4582499999999, ""vol_ratio"": 0.1694536862967588, ""atr_pct"": 0.0007748451641660362, ""retest_entry"": true}"
اتجاهي,dir,directional,BNBUSDT,هابط,FVG,-1,42303,42304,2024-09-30T09:03:00+00:00,2024-09-30T09:04:00+00:00,1,-0.001962304048626477,-0.039246080972529546,20.0,قفل-ربح,0,False,True,,False,579.32615,579.5,0.0003,579.1313975404726,1,baseline,0,"{""close"": 579.6, ""rsi"": 38.24840071236476, ""rsi7"": 27.898752389634694, ""macd"": -0.03365400257526546, ""adx"": 15.111024823306659, ""stoch_k"": 49.112978524744676, ""stoch_d"": 64.5191409897311, ""mss"": 0.0, ""sfp"": 0.0, ""vr"": 1.0542097933510943, ""hurst"": 0.2544404924107399, ""atr14"": 0.4329878219227573, ""vol_sma20"": 209.36959999999993, ""vol_ratio"": 0.6099118496668096, ""atr_pct"": 0.0007470459315437497, ""retest_entry"": true}"
اتجاهي,dir,directional,BNBUSDT,هابط,ADX,-1,42308,42309,2024-09-30T09:08:00+00:00,2024-09-30T09:09:00+00:00,1,-0.002769439484460015,-0.0553887896892003,20.0,زمني,0,False,True,,False,578.92627,579.1,0.0003,579.2,1,baseline,0,"{""close"": 579.1, ""rsi"": 37.59576153370392, ""rsi7"": 32.94264322029774, ""macd"": -0.10993897705754127, ""adx"": 22.984685101320977, ""stoch_k"": 27.272727272727284, ""stoch_d"": 28.306878306878076, ""mss"": 0.0, ""sfp"": 0.0, ""vr"": 1.151845467541044, ""hurst"": 0.2496382218451408, ""atr14"": 0.47501812370806223, ""vol_sma20"": 199.5517499999999, ""vol_ratio"": 1.181918975904747, ""atr_pct"": 0.000820269597147405, ""retest_entry"": true}"
اتجاهي,dir,directional,BNBUSDT,هابط,FVG,-1,42313,42314,2024-09-30T09:13:00+00:00,2024-09-30T09:14:00+00:00,1,-0.0029420740129076414,-0.05884148025815283,20.0,زمني,0,False,True,,False,578.42642,578.6,0.0003,578.8,1,baseline,0,"{""close"": 578.5, ""rsi"": 32.518756662425844, ""rsi7"": 24.598323886828638, ""macd"": -0.09904567997098379, ""adx"": 28.54612232776701, ""stoch_k"": 10.54018445322705, ""stoch_d"": 17.63285024154521, ""mss"": 0.0, ""sfp"": 0.0, ""vr"": 1.0820654973410002, ""hurst"": 0.26027533709757195, ""atr14"": 0.4487099947304933, ""vol_sma20"": 121.22454999999995, ""vol_ratio"": 2.3989447682008316, ""atr_pct"": 0.0007756438975462287, ""retest_entry"": true}"
اتجاهي,dir,directional,BNBUSDT,هابط,MicroBurst,-1,42317,42318,2024-09-30T09:17:00+00:00,2024-09-30T09:18:00+00:00,1,-0.0055896103896100795,-0.11179220779220159,20.0,وقف,0,False,True,,False,576.85368,577.2,0.0006,578.5842410399999,1,baseline,0,"{""close"": 577.2, ""rsi"": 25.093435113952737, ""rsi7"": 16.791521066296667, ""macd"": -0.14860764892581968, ""adx"": 34.06936944698323, ""stoch_k"": 13.997821350763559, ""stoch_d"": 11.933291835253314, ""mss"": 0.0, ""sfp"": 0.0, ""vr"": 1.2805385505662008, ""hurst"": 0.271982834104476, ""atr14"": 0.5356337505075461, ""vol_sma20"": 162.68864999999997, ""vol_ratio"": 4.938217878137167, ""atr_pct"": 0.0009279864007407244, ""retest_entry"": true}"
اتجاهي,dir,directional,BNBUSDT,هابط,Bollinger,-1,42323,42324,2024-09-30T09:23:00+00:00,2024-09-30T09:24:00+00:00,1,-0.004576326372550201,-0.09152652745100402,20.0,زمني,0,False,True,,False,578.1528999999999,578.5,0.0006,579.3,1,baseline,0,"{""close"": 578.4, ""rsi"": 43.20063080653688, ""rsi7"": 44.28864145525283, ""macd"": 0.041075190706218345, ""adx"": 33.36777910134274, ""stoch_k"": 62.8205128205133, ""stoch_d"": 69.8955365622034, ""mss"": 0.0, ""sfp"": 0.0, ""vr"": 1.4293705719097614, ""hurst"": 0.24718089880554114, ""atr14"": 0.6183096285951242, ""vol_sma20"": 183.22979999999995, ""vol_ratio"": 0.31517253197896855, ""atr_pct"": 0.0010690000494383198, ""retest_entry"": true}"
اتجاهي,dir,directional,BNBUSDT,هابط,Bollinger,-1,42334,42338,2024-09-30T09:34:00+00:00,2024-09-30T09:38:00+00:00,4,-0.002166793888117776,-0.04333587776235552,20.0,تتبع,0,False,True,,False,577.85308,578.2,0.0006,577.60360344,1,baseline,0,"{""close"": 578.2, ""rsi"": 40.68152293435581, ""rsi7"": 33.436248353522814, ""macd"": 0.013560473216809102, ""adx"": 19.64490783319457, ""stoch_k"": 35.294117647061725, ""stoch_d"": 61.506034512573166, ""mss"": 0.0, ""sfp"": 0.0, ""vr"": 1.2579694962465835, ""hurst"": 0.21612078664127937, ""atr14"": 0.5738705104256946, ""vol_sma20"": 174.14904999999996, ""vol_ratio"": 0.7313218188672291, ""atr_pct"": 0.000992512124568825, ""retest_entry"": true}"
اتجاهي,dir,directional,BNBUSDT,هابط,Bollinger,-1,42342,42344,2024-09-30T09:42:00+00:00,2024-09-30T09:44:00+00:00,2,-0.0018834956164530878,-0.03766991232906176,20.0,تتبع,0,False,True,,False,576.8269,577.0,0.0003,576.5874242,1,baseline,0,"{""close"": 576.9, ""rsi"": 34.527120757005875, ""rsi7"": 28.78921007554817, ""macd"": -0.18576699118842283, ""adx"": 25.35345279142599, ""stoch_k"": 2.3456790123460967, ""stoch_d"": 5.7201646090539375, ""mss"": 0.0, ""sfp"": 0.0, ""vr"": 1.1563977559619176, ""hurst"": 0.20869423037738033, ""atr14"": 0.5515341576229895, ""vol_sma20"": 117.39054999999993, ""vol_ratio"": 1.1629385840683093, ""atr_pct"": 0.000956030781111093, ""retest_entry"": true}"
اتجاهي,dir,directional,BNBUSDT,هابط,FVG,-1,42348,42349,2024-09-30T09:48:00+00:00,2024-09-30T09:49:00+00:00,1,-0.004110040715977104,-0.08220081431954207,20.0,زمني,0,False,True,,False,575.42732,575.6,0.0003,576.3,1,baseline,0,"{""close"": 575.6, ""rsi"": 27.610874784923993, ""rsi7"": 19.32929997752872, ""macd"": -0.14863085545745391, ""adx"": 31.28751533407733, ""stoch_k"": 9.830246913578758, ""stoch_d"": 12.278806584360789, ""mss"": 0.0, ""sfp"": 0.0, ""vr"": 1.1885305596758107, ""hurst"": 0.242699459897228, ""atr14"": 0.5806522786825149, ""vol_sma20"": 178.91699999999997, ""vol_ratio"": 1.8310110274596603, ""atr_pct"": 0.0010087774125825484, ""retest_entry"": true}"
اتجاهي,dir,directional,BNBUSDT,هابط,Bollinger,-1,42360,42361,2024-09-30T10:00:00+00:00,2024-09-30T10:01:00+00:00,1,-0.0055896103896101905,-0.11179220779220381,20.0,وقف,0,False,True,,False,573.75554,574.1,0.0006,575.4768066199999,1,baseline,0,"{""close"": 574.2, ""rsi"": 29.383373012232227, ""rsi7"": 23.668145779404938, ""macd"": -0.0634235876432212, ""adx"": 45.68674107152515, ""stoch_k"": 16.512345679012245, ""stoch_d"": 17.414889637111987, ""mss"": 0.0, ""sfp"": 0.0, ""vr"": 1.3561660600423295, ""hurst"": 0.28969875776206305, ""atr14"": 0.7093055409172635, ""vol_sma20"": 336.09704999999997, ""vol_ratio"": 0.9613503004563714, ""atr_pct"": 0.0012352935230185709, ""retest_entry"": true}"
اتجاهي,dir,directional,BNBUSDT,هابط,FVG,-1,42368,42370,2024-09-30T10:08:00+00:00,2024-09-30T10:10:00+00:00,2,-0.0010116647463048784,-0.020233294926097566,20.0,تتبع,0,False,True,,False,573.75554,574.1,0.0006,572.67061628,1,baseline,0,"{""close"": 574.0, ""rsi"": 33.68135632246022, ""rsi7"": 29.15887952484715, ""macd"": 0.03632491874688937, ""adx"": 43.801604118303175, ""stoch_k"": 30.434782608696434, ""stoch_d"": 41.06280193236735, ""mss"": 0.0, ""sfp"": 0.0, ""vr"": 1.3757307424380338, ""hurst"": 0.27108147522504084, ""atr14"": 0.7584992553988213, ""vol_sma20"": 325.7921, ""vol_ratio"": 1.839538159458133, ""atr_pct"": 0.0013214272742139745, ""retest_entry"": true}"
اتجاهي,dir,directional,BNBUSDT,هابط,FVG,-1,42373,42377,2024-09-30T10:13:00+00:00,2024-09-30T10:17:00+00:00,4,-0.005888411588411386,-0.11776823176822772,20.0,وقف,0,False,True,,False,571.18547,571.7,0.0009,572.8990264099999,1,baseline,0,"{""close"": 571.7, ""rsi"": 27.897311349974544, ""rsi7"": 24.059511406405846, ""macd"": -0.24779867807354394, ""adx"": 50.03536371042074, ""stoch_k"": 17.06216488825292, ""stoch_d"": 14.630779848171633, ""mss"": 0.0, ""sfp"": 0.0, ""vr"": 1.5947063041172134, ""hurst"": 0.271288539037508, ""atr14"": 0.9096344975954896, ""vol_sma20"": 412.3092, ""vol_ratio"": 1.2902937892242037, ""atr_pct"": 0.001591104596108955, ""retest_entry"": true}"
اتجاهي,dir,directional,BNBUSDT,هابط,FVG,-1,42381,42382,2024-09-30T10:21:00+00:00,2024-09-30T10:22:00+00:00,1,-0.0035450330058132153,-0.07090066011626431,20.0,زمني,0,False,True,,False,571.85668,572.2,0.0006,572.4,1,baseline,0,"{""close"": 572.2, ""rsi"": 40.01670762634474, ""rsi7"": 43.146313203565384, ""macd"": 0.13391026411112672, ""adx"": 46.026666769754584, ""stoch_k"": 42.257112184648875, ""stoch_d"": 43.20093039899851, ""mss"": 0.0, ""sfp"": 0.0, ""vr"": 1.472396500312281, ""hurst"": 0.26934998662386883, ""atr14"": 0.8907693290754751, ""vol_sma20"": 533.9857999999999, ""vol_ratio"": 0.21249254193650846, ""atr_pct"": 0.0015567447205093936, ""retest_entry"": true}"
اتجاهي,dir,directional,BNBUSDT,هابط,MACD,-1,42398,42410,2024-09-30T10:38:00+00:00,2024-09-30T10:50:00+00:00,12,-0.005290809190808995,-0.1058161838161799,20.0,وقف,0,False,True,,False,571.0286400000001,571.2,0.0003,572.74172592,1,baseline,0,"{""close"": 571.1, ""rsi"": 35.82799974089775, ""rsi7"": 28.89123956939551, ""macd"": -0.008523441572634127, ""adx"": 32.79027627054724, ""stoch_k"": 20.63492063491954, ""stoch_d"": 23.80952380952228, ""mss"": 0.0, ""sfp"": 0.0, ""vr"": 1.0945682725237678, ""hurst"": 0.24935101206245733, ""atr14"": 0.7196426237921956, ""vol_sma20"": 254.86589999999995, ""vol_ratio"": 1.3632423953145558, ""atr_pct"": 0.001260099148646814, ""retest_entry"": true}"
اتجاهي,dir,directional,BNBUSDT,هابط,Bollinger,-1,42413,42430,2024-09-30T10:53:00+00:00,2024-09-30T11:10:00+00:00,17,-0.005290809190808885,-0.10581618381617769,20.0,وقف,0,False,True,,False,571.42852,571.6,0.0003,573.1428055599999,1,baseline,0,"{""close"": 571.5, ""rsi"": 42.26989802715676, ""rsi7"": 36.838897680443814, ""macd"": 0.024648920385234446, ""adx"": 20.947677550505706, ""stoch_k"": 43.50490196078463, ""stoch_d"": 62.998366013072605, ""mss"": 0.0, ""sfp"": 0.0, ""vr"": 0.8351980793819552, ""hurst"": 0.325842858893432, ""atr14"": 0.572078974141076, ""vol_sma20"": 216.00179999999995, ""vol_ratio"": 1.114874968634521, ""atr_pct"": 0.001001013078112119, ""retest_entry"": true}"
اتجاهي,dir,directional,BNBUSDT,هابط,FVG,-1,42442,42443,2024-09-30T11:22:00+00:00,2024-09-30T11:23:00+00:00,1,-0.003989501409484254,-0.07979002818968509,20.0,زمني,0,False,True,,False,573.22798,573.4,0.0003,574.2,1,baseline,0,"{""close"": 573.3, ""rsi"": 54.93490975627292, ""rsi7"": 51.05747377950998, ""macd"": 0.006352863317791668, ""adx"": 17.173999856012262, ""stoch_k"": 71.52173913043303, ""stoch_d"": 77.34782608695595, ""mss"": 0.0, ""sfp"": 0.0, ""vr"": 0.7059272469046255, ""hurst"": 0.39790269242144094, ""atr14"": 0.47375568298500975, ""vol_sma20"": 197.52044999999995, ""vol_ratio"": 0.6421664187176569, ""atr_pct"": 0.0008263660962585205, ""retest_entry"": true}"
اتجاهي,dir,directional,BNBUSDT,هابط,Stochastic,-1,42447,42448,2024-09-30T11:27:00+00:00,2024-09-30T11:28:00+00:00,1,-0.0034662908390520083,-0.06932581678104016,20.0,زمني,0,False,True,,False,573.92777,574.1,0.0003,574.6,1,baseline,0,"{""close"": 574.0, ""rsi"": 60.607750165332305, ""rsi7"": 62.202255490059486, ""macd"": 0.027899138249262823, ""adx"": 18.232113206654763, ""stoch_k"": 85.10101010100693, ""stoch_d"": 90.60606060605865, ""mss"": 0.0, ""sfp"": 0.0, ""vr"": 0.6586588043531412, ""hurst"": 0.39511339133218215, ""atr14"": 0.43943403195573977, ""vol_sma20"": 129.22829999999996, ""vol_ratio"": 0.7124136121886616, ""atr_pct"": 0.0007655645156023341, ""retest_entry"": true}"
اتجاهي,dir,directional,BNBUSDT,هابط,Stochastic,-1,42452,42453,2024-09-30T11:32:00+00:00,2024-09-30T11:33:00+00:00,1,-0.002944717470422796,-0.05889434940845592,20.0,زمني,0,False,True,,False,574.0277400000001,574.2,0.0003,574.4,1,baseline,0,"{""close"": 574.2, ""rsi"": 57.99808224347794, ""rsi7"": 53.34571462377534, ""macd"": 0.016814409812144326, ""adx"": 21.02887731657042, ""stoch_k"": 82.35294117647241, ""stoch_d"": 89.77591036414681, ""mss"": 0.0, ""sfp"": 0.0, ""vr"": 0.6580553130420115, ""hurst"": 0.38980950468624814, ""atr14"": 0.43304441606722544, ""vol_sma20"": 121.63214999999995, ""vol_ratio"": 1.6341649802293232, ""atr_pct"": 0.0007541700036001836, ""retest_entry"": true}"
اتجاهي,dir,directional,BNBUSDT,هابط,OBV,-1,42457,42458,2024-09-30T11:37:00+00:00,2024-09-30T11:38:00+00:00,1,-0.0025971028071656095,-0.05194205614331219,20.0,زمني,0,False,True,,False,573.8278,574.0,0.0003,574.0,1,baseline,0,"{""close"": 573.9, ""rsi"": 50.69609130229075, ""rsi7"": 39.5638316491408, ""macd"": -0.06976776340172008, ""adx"": 17.83736299386622, ""stoch_k"": 57.18954248366242, ""stoch_d"": 72.30936819172297, ""mss"": 0.0, ""sfp"": 0.0, ""vr"": 0.6854819657598086, ""hurst"": 0.36694486378567154, ""atr14"": 0.4428122589822215, ""vol_sma20"": 109.92664999999995, ""vol_ratio"": 0.8821063863949282, ""atr_pct"": 0.0007715843509012398, ""retest_entry"": true}"
اتجاهي,dir,directional,BNBUSDT,هابط,EMA,-1,42468,42473,2024-09-30T11:48:00+00:00,2024-09-30T11:53:00+00:00,5,-0.0020181926135586486,-0.04036385227117297,20.0,قفل-ربح,0,False,True,,False,573.32795,573.5,0.0003,573.1673302293688,1,baseline,0,"{""close"": 573.5, ""rsi"": 42.66058988875996, ""rsi7"": 28.738264117741934, ""macd"": -0.12072373909162112, ""adx"": 15.125905603832347, ""stoch_k"": 6.666666666665514, ""stoch_d"": 6.913580246914004, ""mss"": 0.0, ""sfp"": 0.0, ""vr"": 0.5880203975798588, ""hurst"": 0.26851009663958286, ""atr14"": 0.35703993560562713, ""vol_sma20"": 101.78239999999997, ""vol_ratio"": 1.0427343037696108, ""atr_pct"": 0.0006225630960865338, ""retest_entry"": true}"
اتجاهي,dir,directional,BNBUSDT,هابط,Stochastic,-1,42487,42488,2024-09-30T12:07:00+00:00,2024-09-30T12:08:00+00:00,1,-0.002770849620921272,-0.05541699241842544,20.0,زمني,0,False,True,,False,574.22768,574.4,0.0003,574.5,1,baseline,0,"{""close"": 574.4, ""rsi"": 51.88698169045836, ""rsi7"": 45.691617258170474, ""macd"": 0.037551277880664924, ""adx"": 27.86117301761641, ""stoch_k"": 78.66666666666775, ""stoch_d"": 81.77777777777864, ""mss"": 0.0, ""sfp"": 0.0, ""vr"": 0.8758471625655414, ""hurst"": 0.28433181559115983, ""atr14"": 0.4533328332185472, ""vol_sma20"": 221.55809999999997, ""vol_ratio"": 0.6428291269874585, ""atr_pct"": 0.0007892284700880001, ""retest_entry"": true}"
اتجاهي,dir,directional,BNBUSDT,هابط,Bollinger,-1,42493,42494,2024-09-30T12:13:00+00:00,2024-09-30T12:14:00+00:00,1,-0.00259710280716572,-0.0519420561433144,20.0,زمني,0,False,True,,False,574.52759,574.7,0.0003,574.7,1,baseline,0,"{""close"": 574.6, ""rsi"": 52.32707019399545, ""rsi7"": 48.445782821661425, ""macd"": -0.023169660192962127, ""adx"": 22.979524879558827, ""stoch_k"": 44.351851851854654, ""stoch_d"": 51.574074074077565, ""mss"": 0.0, ""sfp"": 0.0, ""vr"": 0.8842841767713534, ""hurst"": 0.27121703158024335, ""atr14"": 0.4412446529739327, ""vol_sma20"": 184.06539999999995, ""vol_ratio"": 0.25767471779052453, ""atr_pct"": 0.0007679162077513622, ""retest_entry"": true}"
اتجاهي,dir,directional,BNBUSDT,هابط,FVG,-1,42499,42500,2024-09-30T12:19:00+00:00,2024-09-30T12:20:00+00:00,1,-0.0038133305034544714,-0.07626661006908943,20.0,زمني,0,False,True,,False,574.22768,574.4,0.0003,575.1,1,baseline,0,"{""close"": 574.3, ""rsi"": 46.965888158718045, ""rsi7"": 39.41218055689664, ""macd"": -0.06210472388058119, ""adx"": 18.06503407993833, ""stoch_k"": 46.66666666666199, ""stoch_d"": 63.333333333329996, ""mss"": 0.0, ""sfp"": 0.0, ""vr"": 0.8726477395204923, ""hurst"": 0.28321618910019325, ""atr14"": 0.42126976511917885, ""vol_sma20"": 117.68564999999994, ""vol_ratio"": 1.1273252091482697, ""atr_pct"": 0.000733536070205779, ""retest_entry"": true}"
اتجاهي,dir,directional,BNBUSDT,هابط,Bollinger,-1,42508,42509,2024-09-30T12:28:00+00:00,2024-09-30T12:29:00+00:00,1,-0.002423416469154572,-0.04846832938309144,20.0,زمني,0,False,True,,False,574.42762,574.6,0.0003,574.5,1,baseline,0,"{""close"": 574.5, ""rsi"": 48.26414099621698, ""rsi7"": 42.67339065193685, ""macd"": -0.049404213393527394, ""adx"": 12.288073192444084, ""stoch_k"": 44.4444444444429, ""stoch_d"": 52.59259259259056, ""mss"": 0.0, ""sfp"": 0.0, ""vr"": 0.7757803130856316, ""hurst"": 0.3001800418443364, ""atr14"": 0.3564619603675389, ""vol_sma20"": 112.40549999999993, ""vol_ratio"": 0.5195920128463468, ""atr_pct"": 0.0006204733861924089, ""retest_entry"": true}"
اتجاهي,dir,directional,BNBUSDT,هابط,MACD,-1,42522,42530,2024-09-30T12:42:00+00:00,2024-09-30T12:50:00+00:00,8,-0.005290809190809106,-0.10581618381618212,20.0,وقف,0,False,True,,False,574.22768,574.4,0.0003,575.95036304,1,baseline,0,"{""close"": 574.5, ""rsi"": 45.73675276413586, ""rsi7"": 38.25913630577514, ""macd"": -0.022347079431266847, ""adx"": 10.842074872469672, ""stoch_k"": 48.148148148151755, ""stoch_d"": 58.024691358028065, ""mss"": 0.0, ""sfp"": 0.0, ""vr"": 0.9070067314639408, ""hurst"": 0.26162955725976283, ""atr14"": 0.3957324113941841, ""vol_sma20"": 125.74744999999996, ""vol_ratio"": 0.8120164663378862, ""atr_pct"": 0.0006888292626530619, ""retest_entry"": true}"
اتجاهي,dir,directional,BNBUSDT,هابط,RSI,-1,42536,42537,2024-09-30T12:56:00+00:00,2024-09-30T12:57:00+00:00,1,-0.0027702467520323735,-0.055404935040647474,20.0,زمني,0,False,True,,False,576.22708,576.4,0.0003,576.5,1,baseline,0,"{""close"": 576.5, ""rsi"": 67.05381534595398, ""rsi7"": 71.59195730590463, ""macd"": 0.16414056610011585, ""adx"": 25.853939886769854, ""stoch_k"": 94.00352733686184, ""stoch_d"": 95.13521457965925, ""mss"": 0.0, ""sfp"": 0.0, ""vr"": 0.94552282947973, ""hurst"": 0.20325446434514846, ""atr14"": 0.39476283561707187, ""vol_sma20"": 130.57509999999996, ""vol_ratio"": 1.1963077186998137, ""atr_pct"": 0.0006847577374103588, ""retest_entry"": true}"
اتجاهي,dir,directional,BNBUSDT,هابط,RSI,-1,42547,42556,2024-09-30T13:07:00+00:00,2024-09-30T13:16:00+00:00,9,-0.005290809190809106,-0.10581618381618212,20.0,وقف,0,False,True,,False,576.32705,576.5,0.0003,578.05603115,1,baseline,0,"{""close"": 576.5, ""rsi"": 54.33195712801809, ""rsi7"": 45.252701811343776, ""macd"": -0.03339896260154118, ""adx"": 32.707130715248134, ""stoch_k"": 43.529411764702985, ""stoch_d"": 64.98108015135662, ""mss"": 0.0, ""sfp"": 0.0, ""vr"": 1.0490478088711142, ""hurst"": 0.27463213944958126, ""atr14"": 0.4293823203975397, ""vol_sma20"": 200.63469999999998, ""vol_ratio"": 1.5016594836287045, ""atr_pct"": 0.0007448088818691062, ""retest_entry"": true}"
اتجاهي,dir,directional,BNBUSDT,هابط,FVG,-1,42562,42563,2024-09-30T13:22:00+00:00,2024-09-30T13:23:00+00:00,1,-0.0029426712622250208,-0.058853425244500414,20.0,زمني,0,False,True,,False,577.42672,577.6,0.0003,577.8,1,baseline,0,"{""close"": 577.5, ""rsi"": 55.32702157928696, ""rsi7"": 49.11983716336992, ""macd"": -0.012605389570778003, ""adx"": 30.06477991306191, ""stoch_k"": 73.3333333333332, ""stoch_d"": 82.0375180375176, ""mss"": 0.0, ""sfp"": 0.0, ""vr"": 1.1112536698898392, ""hurst"": 0.2914582480971949, ""atr14"": 0.45632611394638367, ""vol_sma20"": 165.37584999999996, ""vol_ratio"": 0.5329375480156264, ""atr_pct"": 0.000790175089084647, ""retest_entry"": true}"
اتجاهي,dir,directional,BNBUSDT,هابط,OBV,-1,42565,42583,2024-09-30T13:25:00+00:00,2024-09-30T13:43:00+00:00,18,-0.0009880614485332656,-0.01976122897066531,20.0,تتبع,0,False,True,,False,577.52669,577.7,0.0003,576.76859558,1,baseline,0,"{""close"": 577.7, ""rsi"": 55.52708808108133, ""rsi7"": 50.97929827273281, ""macd"": -0.037557073214199654, ""adx"": 30.65831901171104, ""stoch_k"": 67.05263157894808, ""stoch_d"": 69.368421052632, ""mss"": 0.0, ""sfp"": 0.0, ""vr"": 1.1507320288710734, ""hurst"": 0.29178388781843634, ""atr14"": 0.4763296181997857, ""vol_sma20"": 168.77184999999994, ""vol_ratio"": 0.6420087236111949, ""atr_pct"": 0.0008245276409897623, ""retest_entry"": true}"
اتجاهي,dir,directional,BNBUSDT,هابط,Bollinger,-1,42590,42591,2024-09-30T13:50:00+00:00,2024-09-30T13:51:00+00:00,1,-0.002943030605505982,-0.058860612110119635,20.0,زمني,0,False,True,,False,576.8269,577.0,0.0003,577.2,1,baseline,0,"{""close"": 577.0, ""rsi"": 46.4622083538669, ""rsi7"": 44.03189457152706, ""macd"": -0.03889994126227431, ""adx"": 16.49678159493212, ""stoch_k"": 47.8260869565219, ""stoch_d"": 54.106280193236906, ""mss"": 0.0, ""sfp"": 0.0, ""vr"": 1.1650560605603886, ""hurst"": 0.3163651088780396, ""atr14"": 0.4957195918376574, ""vol_sma20"": 143.30424999999997, ""vol_ratio"": 0.32111399347890945, ""atr_pct"": 0.0008591327414864079, ""retest_entry"": true}"
اتجاهي,dir,directional,BNBUSDT,هابط,MicroBurst,-1,44621,44622,2024-10-01T23:41:00+00:00,2024-10-01T23:42:00+00:00,1,-0.003689406745376058,-0.07378813490752116,20.0,زمني,0,False,True,,False,548.0355400000001,548.2,0.0003,548.8,1,baseline,0,"{""close"": 548.1, ""rsi"": 50.84556144443772, ""rsi7"": 51.81475563989136, ""macd"": 0.10103461065244179, ""adx"": 19.676275121059927, ""stoch_k"": 71.39784946236485, ""stoch_d"": 64.45340501792037, ""mss"": 0.0, ""sfp"": 0.0, ""vr"": 1.0871070146016124, ""hurst"": 0.2648153448644582, ""atr14"": 0.6744641934167837, ""vol_sma20"": 240.61110000000002, ""vol_ratio"": 2.2356242085257083, ""atr_pct"": 0.0012305495227454546, ""retest_entry"": true}"
اتجاهي,dir,directional,BNBUSDT,هابط,MACD,-1,44634,44635,2024-10-01T23:54:00+00:00,2024-10-01T23:55:00+00:00,1,-0.002415118544180389,-0.04830237088360778,20.0,زمني,0,False,True,,False,548.2354799999999,548.4,0.0003,548.3,1,baseline,0,"{""close"": 548.3, ""rsi"": 50.73592394004683, ""rsi7"": 49.63627922655717, ""macd"": -0.0007410315863102118, ""adx"": 11.419897416536209, ""stoch_k"": 53.33333333333022, ""stoch_d"": 53.7037037037017, ""mss"": 0.0, ""sfp"": 0.0, ""vr"": 0.9434484523038617, ""hurst"": 0.2865447324545619, ""atr14"": 0.5901763067005202, ""vol_sma20"": 184.35680000000002, ""vol_ratio"": 0.8170731971915329, ""atr_pct"": 0.0010763748070408904, ""retest_entry"": true}"
اتجاهي,dir,directional,BNBUSDT,هابط,FVG,-1,44638,44641,2024-10-01T23:58:00+00:00,2024-10-02T00:01:00+00:00,3,-0.0024148526796616216,-0.04829705359323243,20.0,قفل-ربح,0,False,True,,False,547.4357200000001,547.6,0.0003,547.5,1,baseline,0,"{""close"": 547.7, ""rsi"": 43.5309765949849, ""rsi7"": 32.34428298838458, ""macd"": -0.07051303949754079, ""adx"": 11.283304848903072, ""stoch_k"": 24.99999999999778, ""stoch_d"": 36.85185185184823, ""mss"": 0.0, ""sfp"": 0.0, ""vr"": 0.8576098619817175, ""hurst"": 0.27573891698852265, ""atr14"": 0.5313027253142901, ""vol_sma20"": 171.9202, ""vol_ratio"": 0.447126050341961, ""atr_pct"": 0.000970061576253953, ""retest_entry"": true}"
اتجاهي,dir,directional,BNBUSDT,هابط,Bollinger,-1,44644,44645,2024-10-02T00:04:00+00:00,2024-10-02T00:05:00+00:00,1,-0.004786903571207026,-0.09573807142414051,20.0,زمني,0,False,True,,False,546.7359299999999,546.9,0.0003,548.1,1,baseline,0,"{""close"": 547.0, ""rsi"": 36.08230507780985, ""rsi7"": 20.92653033639634, ""macd"": -0.12424614308854906, ""adx"": 18.074474939573395, ""stoch_k"": 26.315789473680454, ""stoch_d"": 27.485380116955696, ""mss"": 0.0, ""sfp"": 0.0, ""vr"": 0.9342219911921432, ""hurst"": 0.26762589223523203, ""atr14"": 0.568511097665456, ""vol_sma20"": 148.86155, ""vol_ratio"": 0.8542434228314834, ""atr_pct"": 0.0010393255898820037, ""retest_entry"": true}"
اتجاهي,dir,directional,BNBUSDT,هابط,MACD,-1,44658,44659,2024-10-02T00:18:00+00:00,2024-10-02T00:19:00+00:00,1,-0.005290809190808995,-0.1058161838161799,20.0,وقف,0,False,True,,False,546.5359900000001,546.7,0.0003,548.17559797,1,baseline,0,"{""close"": 546.8, ""rsi"": 38.76847056567411, ""rsi7"": 30.614850630922447, ""macd"": -0.10131442337914472, ""adx"": 16.244220518127385, ""stoch_k"": 22.817460317458, ""stoch_d"": 31.944444444442382, ""mss"": 0.0, ""sfp"": 1.0, ""vr"": 1.0051750849493766, ""hurst"": 0.2696150809731776, ""atr14"": 0.6111561249629653, ""vol_sma20"": 140.1981, ""vol_ratio"": 1.984905644227703, ""atr_pct"": 0.0011176959125145673, ""retest_entry"": true}"
اتجاهي,dir,directional,BNBUSDT,هابط,FVG,-1,44662,44663,2024-10-02T00:22:00+00:00,2024-10-02T00:23:00+00:00,1,-0.002830702100239871,-0.05661404200479742,20.0,زمني,0,False,True,,False,545.77234,546.1,0.0006,545.9,1,baseline,0,"{""close"": 546.1, ""rsi"": 38.72569053275965, ""rsi7"": 35.01263207562485, ""macd"": -0.13519440063178087, ""adx"": 15.423951567501375, ""stoch_k"": 30.158730158729508, ""stoch_d"": 35.5158730158719, ""mss"": 0.0, ""sfp"": 0.0, ""vr"": 1.2348251831773733, ""hurst"": 0.2630520995863492, ""atr14"": 0.7550872054630049, ""vol_sma20"": 138.52820000000003, ""vol_ratio"": 1.5881242952698438, ""atr_pct"": 0.0013826903597564638, ""retest_entry"": true}"
اتجاهي,dir,directional,BNBUSDT,هابط,ADX,-1,44676,44677,2024-10-02T00:36:00+00:00,2024-10-02T00:37:00+00:00,1,-0.005290809190808995,-0.1058161838161799,20.0,وقف,0,False,True,,False,549.33515,549.5,0.0003,550.9831554499999,1,baseline,0,"{""close"": 549.5, ""rsi"": 64.88072811844495, ""rsi7"": 75.16131809750705, ""macd"": 0.26148573597147606, ""adx"": 22.42577754884245, ""stoch_k"": 93.4126984126978, ""stoch_d"": 93.73015873015834, ""mss"": 0.0, ""sfp"": 0.0, ""vr"": 1.0363048245277922, ""hurst"": 0.17334228718612257, ""atr14"": 0.6487441169470544, ""vol_sma20"": 197.9252, ""vol_ratio"": 1.0198448706885228, ""atr_pct"": 0.001180608038120208, ""retest_entry"": true}"
اتجاهي,dir,directional,BNBUSDT,هابط,RSI,-1,44686,44688,2024-10-02T00:46:00+00:00,2024-10-02T00:48:00+00:00,2,-0.0005794815236754641,-0.01158963047350928,20.0,تتبع,0,False,True,,False,550.73473,550.9,0.0003,549.7862668600001,1,baseline,0,"{""close"": 550.9, ""rsi"": 62.78529592480521, ""rsi7"": 56.67410704623336, ""macd"": 0.07468262373044499, ""adx"": 36.73739724808253, ""stoch_k"": 73.37450391305914, ""stoch_d"": 84.22288985324451, ""mss"": 0.0, ""sfp"": 0.0, ""vr"": 0.9979513131405029, ""hurst"": 0.3282272817627423, ""atr14"": 0.6357112753694174, ""vol_sma20"": 299.4604, ""vol_ratio"": 0.3512284094992193, ""atr_pct"": 0.0011539504000170947, ""retest_entry"": true}"
اتجاهي,dir,directional,BNBUSDT,هابط,FVG,-1,44696,44697,2024-10-02T00:56:00+00:00,2024-10-02T00:57:00+00:00,1,-0.003323847171419616,-0.06647694342839232,20.0,زمني,0,False,True,,False,549.13521,549.3,0.0003,549.7,1,baseline,0,"{""close"": 549.3, ""rsi"": 45.71365931537751, ""rsi7"": 35.01627626874284, ""macd"": -0.23663385895172812, ""adx"": 20.48761433534073, ""stoch_k"": 15.077755240025661, ""stoch_d"": 21.501014198782514, ""mss"": 0.0, ""sfp"": 1.0, ""vr"": 1.0510517224985227, ""hurst"": 0.3699159779709082, ""atr14"": 0.6800473789396848, ""vol_sma20"": 281.69015, ""vol_ratio"": 1.141804212891363, ""atr_pct"": 0.0012380254486431548, ""retest_entry"": true}"
اتجاهي,dir,directional,BNBUSDT,هابط,MACD,-1,44733,44755,2024-10-02T01:33:00+00:00,2024-10-02T01:55:00+00:00,22,-0.005290809190808995,-0.1058161838161799,20.0,وقف,0,False,True,,False,552.03434,552.2,0.0003,553.69044302,1,baseline,0,"{""close"": 552.3, ""rsi"": 56.08074009273408, ""rsi7"": 50.04760910125315, ""macd"": -0.028197095375460002, ""adx"": 30.591675285298344, ""stoch_k"": 69.99999999999814, ""stoch_d"": 75.18518518518398, ""mss"": 0.0, ""sfp"": 0.0, ""vr"": 0.8182427750655986, ""hurst"": 0.2799809727934072, ""atr14"": 0.5048509331825014, ""vol_sma20"": 191.68040000000002, ""vol_ratio"": 0.8046258250713165, ""atr_pct"": 0.0009140882367961279, ""retest_entry"": true}"
اتجاهي,dir,directional,BNBUSDT,هابط,Stochastic,-1,44762,44764,2024-10-02T02:02:00+00:00,2024-10-02T02:04:00+00:00,2,-0.001975925347605004,-0.03951850695210008,20.0,قفل-ربح,0,False,True,,False,553.73383,553.9,0.0003,553.5552408723681,1,baseline,0,"{""close"": 553.8, ""rsi"": 66.41214177376521, ""rsi7"": 72.47801065882196, ""macd"": 0.025923405131705823, ""adx"": 37.292836163583715, ""stoch_k"": 84.61538461538184, ""stoch_d"": 91.00050276520709, ""mss"": 0.0, ""sfp"": -1.0, ""vr"": 0.6824923842807455, ""hurst"": 0.24232554112788804, ""atr14"": 0.39691215255093587, ""vol_sma20"": 127.43805, ""vol_ratio"": 0.7421488323149954, ""atr_pct"": 0.000716706667661495, ""retest_entry"": true}"
اتجاهي,dir,directional,BNBUSDT,هابط,FVG,-1,44767,44768,2024-10-02T02:07:00+00:00,2024-10-02T02:08:00+00:00,1,-0.00458191905745125,-0.09163838114902499,20.0,زمني,0,False,True,,False,552.93407,553.1,0.0003,554.2,1,baseline,0,"{""close"": 553.1, ""rsi"": 48.800284109437335, ""rsi7"": 39.32893680010151, ""macd"": -0.09399345953292909, ""adx"": 32.1195435505338, ""stoch_k"": 24.242424242425724, ""stoch_d"": 30.80808080808262, ""mss"": 0.0, ""sfp"": 0.0, ""vr"": 0.7209070106153731, ""hurst"": 0.21104798241110942, ""atr14"": 0.40699504644102225, ""vol_sma20"": 122.75004999999999, ""vol_ratio"": 0.3920405735068947, ""atr_pct"": 0.0007358435119165109, ""retest_entry"": true}"
اتجاهي,dir,directional,BNBUSDT,هابط,FVG,-1,44772,44773,2024-10-02T02:12:00+00:00,2024-10-02T02:13:00+00:00,1,-0.0027772800410006955,-0.05554560082001391,20.0,زمني,0,False,True,,False,553.73383,553.9,0.0003,554.0,1,baseline,0,"{""close"": 553.9, ""rsi"": 57.03210933273401, ""rsi7"": 56.03064060347399, ""macd"": -0.002221607707154183, ""adx"": 30.706702092783708, ""stoch_k"": 66.66666666666657, ""stoch_d"": 75.9018759018759, ""mss"": 0.0, ""sfp"": 0.0, ""vr"": 0.8368640157752575, ""hurst"": 0.19192632915771526, ""atr14"": 0.46103523044383576, ""vol_sma20"": 128.9829, ""vol_ratio"": 0.2584916295105785, ""atr_pct"": 0.0008323437993208807, ""retest_entry"": true}"
اتجاهي,dir,directional,BNBUSDT,هابط,Bollinger,-1,44783,44811,2024-10-02T02:23:00+00:00,2024-10-02T02:51:00+00:00,28,-0.005290809190809106,-0.10581618381618212,20.0,وقف,0,False,True,,False,553.63386,553.8,0.0003,555.29476158,1,baseline,0,"{""close"": 553.7, ""rsi"": 49.42498426723241, ""rsi7"": 39.389088300673535, ""macd"": -0.05257216680160426, ""adx"": 18.437710784213976, ""stoch_k"": 52.30769230769539, ""stoch_d"": 67.86324786325092, ""mss"": 0.0, ""sfp"": 0.0, ""vr"": 0.696619752328791, ""hurst"": 0.17569488722764037, ""atr14"": 0.3640280162855009, ""vol_sma20"": 117.25795000000001, ""vol_ratio"": 0.3356531476117397, ""atr_pct"": 0.0006574462999557538, ""retest_entry"": true}"
اتجاهي,dir,directional,BNBUSDT,هابط,FVG,-1,45333,45334,2024-10-02T11:33:00+00:00,2024-10-02T11:34:00+00:00,1,-0.0038754215422951914,-0.07750843084590382,20.0,زمني,0,False,True,,False,546.33605,546.5,0.0003,547.2,1,baseline,0,"{""close"": 546.5, ""rsi"": 46.01289040296744, ""rsi7"": 43.44075316456088, ""macd"": 0.10284808514259797, ""adx"": 12.765392913160811, ""stoch_k"": 59.59595959596112, ""stoch_d"": 64.31818181818294, ""mss"": 0.0, ""sfp"": 0.0, ""vr"": 1.1160688042578721, ""hurst"": 0.4152521511992387, ""atr14"": 0.7311281563382658, ""vol_sma20"": 126.23785000000001, ""vol_ratio"": 1.149037313293913, ""atr_pct"": 0.0013378374315430298, ""retest_entry"": true}"
اتجاهي,dir,directional,BNBUSDT,هابط,EMA,-1,45338,45347,2024-10-02T11:38:00+00:00,2024-10-02T11:47:00+00:00,9,-0.0017849247201271571,-0.03569849440254314,20.0,تتبع,0,False,True,,False,546.93587,547.1,0.0003,546.6547676600001,1,baseline,0,"{""close"": 547.2, ""rsi"": 51.485080995712934, ""rsi7"": 52.9038538697705, ""macd"": 0.11312818874779038, ""adx"": 12.179192545082858, ""stoch_k"": 76.38888888888954, ""stoch_d"": 73.61111111111175, ""mss"": 0.0, ""sfp"": 0.0, ""vr"": 1.0369204587440362, ""hurst"": 0.41245592510341855, ""atr14"": 0.6801969911184691, ""vol_sma20"": 121.73415, ""vol_ratio"": 0.6015731822171511, ""atr_pct"": 0.0012430500568685473, ""retest_entry"": true}"
اتجاهي,dir,directional,BNBUSDT,هابط,FVG,-1,45352,45353,2024-10-02T11:52:00+00:00,2024-10-02T11:53:00+00:00,1,-0.0036936071450654655,-0.0738721429013093,20.0,زمني,0,False,True,,False,545.9361700000001,546.1,0.0003,546.7,1,baseline,0,"{""close"": 546.1, ""rsi"": 41.62358076694505, ""rsi7"": 34.89470104897363, ""macd"": -0.0604139854171787, ""adx"": 9.38480410058646, ""stoch_k"": 35.2941176470566, ""stoch_d"": 51.0239651416095, ""mss"": 0.0, ""sfp"": 0.0, ""vr"": 0.9771652310403653, ""hurst"": 0.3617227368058778, ""atr14"": 0.6319226593501289, ""vol_sma20"": 127.0749, ""vol_ratio"": 1.209459932685369, ""atr_pct"": 0.0011571555747118274, ""retest_entry"": true}"
اتجاهي,dir,directional,BNBUSDT,هابط,MicroBurst,-1,45361,45362,2024-10-02T12:01:00+00:00,2024-10-02T12:02:00+00:00,1,-0.002231802039152655,-0.044636040783053096,20.0,زمني,0,False,True,,False,546.23608,546.4,0.0003,546.2,1,baseline,0,"{""close"": 546.4, ""rsi"": 45.07142084814528, ""rsi7"": 40.72084815749987, ""macd"": 0.0013555737189068079, ""adx"": 8.039660796349805, ""stoch_k"": 47.05882352940998, ""stoch_d"": 52.941176470587, ""mss"": 0.0, ""sfp"": 0.0, ""vr"": 0.8637771482914183, ""hurst"": 0.32837680718718226, ""atr14"": 0.5478594859060335, ""vol_sma20"": 113.79925, ""vol_ratio"": 2.713884318218266, ""atr_pct"": 0.0010026710942643367, ""retest_entry"": true}"
اتجاهي,dir,directional,BNBUSDT,هابط,MicroBurst,-1,45366,45368,2024-10-02T12:06:00+00:00,2024-10-02T12:08:00+00:00,2,-0.0017766869635166612,-0.03553373927033322,20.0,قفل-ربح,0,False,True,,False,545.2363799999999,545.4,0.0003,544.9516492587858,1,baseline,0,"{""close"": 545.5, ""rsi"": 39.400255279526455, ""rsi7"": 33.19526655348348, ""macd"": -0.08220885152311559, ""adx"": 7.851963055708788, ""stoch_k"": 34.188034188033264, ""stoch_d"": 38.32746773923208, ""mss"": 0.0, ""sfp"": 0.0, ""vr"": 1.0048444099850553, ""hurst"": 0.32604622621123264, ""atr14"": 0.6330409057619323, ""vol_sma20"": 116.24159999999999, ""vol_ratio"": 1.593422664519415, ""atr_pct"": 0.0011604782873729281, ""retest_entry"": true}"
اتجاهي,dir,directional,BNBUSDT,هابط,FVG,-1,45389,45391,2024-10-02T12:29:00+00:00,2024-10-02T12:31:00+00:00,2,-0.0016919589099368268,-0.03383917819873654,20.0,قفل-ربح,0,False,True,,False,545.2363799999999,545.4,0.0003,544.9053460505796,1,baseline,0,"{""close"": 545.4, ""rsi"": 48.83173297608732, ""rsi7"": 47.70263803509997, ""macd"": 0.14459513702479798, ""adx"": 15.182124577871363, ""stoch_k"": 73.14282673478148, ""stoch_d"": 82.2495388108433, ""mss"": 0.0, ""sfp"": 0.0, ""vr"": 1.0999232363511569, ""hurst"": 0.21393280867093148, ""atr14"": 0.7358517542380352, ""vol_sma20"": 216.69255000000004, ""vol_ratio"": 0.5300505255026072, ""atr_pct"": 0.0013491964690833063, ""retest_entry"": true}"
اتجاهي,dir,directional,BNBUSDT,هابط,SFP,-1,45397,45428,2024-10-02T12:37:00+00:00,2024-10-02T13:08:00+00:00,31,0.0037278280047722953,0.07455656009544591,20.0,تتبع,0,True,True,,False,546.03614,546.2,0.0003,542.7384054800001,1,baseline,0,"{""close"": 546.1, ""rsi"": 54.72199674642911, ""rsi7"": 58.836349697537045, ""macd"": 0.12285713464220546, ""adx"": 13.296351700634995, ""stoch_k"": 87.25845410627859, ""stoch_d"": 81.26006441223755, ""mss"": 0.0, ""sfp"": -1.0, ""vr"": 1.0856387623186452, ""hurst"": 0.17293956870317392, ""atr14"": 0.7479244351665063, ""vol_sma20"": 184.9638, ""vol_ratio"": 0.4504124590865889, ""atr_pct"": 0.0013695741350787517, ""retest_entry"": true}"
اتجاهي,dir,directional,BNBUSDT,هابط,MicroBurst,-1,67146,67147,2024-10-17T15:06:00+00:00,2024-10-17T15:07:00+00:00,1,-0.0037797694547839523,-0.07559538909567905,20.0,زمني,0,False,True,,False,590.5227900000001,590.7,0.0003,591.4,1,baseline,0,"{""close"": 590.7, ""rsi"": 43.83883521421445, ""rsi7"": 37.60507458853253, ""macd"": -0.116250686967417, ""adx"": 16.775189552886655, ""stoch_k"": 27.30158730158631, ""stoch_d"": 32.82539682539529, ""mss"": 0.0, ""sfp"": 0.0, ""vr"": 1.034391579569523, ""hurst"": 0.3015776587654929, ""atr14"": 0.6335019912050862, ""vol_sma20"": 113.4784, ""vol_ratio"": 1.6201937989961086, ""atr_pct"": 0.0010724597785764112, ""retest_entry"": true}"
اتجاهي,dir,directional,BNBUSDT,هابط,FVG,-1,67152,67153,2024-10-17T15:12:00+00:00,2024-10-17T15:13:00+00:00,1,-0.0022591408368942217,-0.045182816737884435,20.0,زمني,0,False,True,,False,590.42282,590.6,0.0003,590.4,1,baseline,0,"{""close"": 590.5, ""rsi"": 41.94759454255875, ""rsi7"": 34.272780514469204, ""macd"": -0.07460083826057014, ""adx"": 14.395089300053687, ""stoch_k"": 44.16666666666455, ""stoch_d"": 52.49999999999849, ""mss"": 0.0, ""sfp"": 0.0, ""vr"": 1.0015128127566386, ""hurst"": 0.30388274034433416, ""atr14"": 0.6263213314428062, ""vol_sma20"": 194.2507, ""vol_ratio"": 3.1241174420478277, ""atr_pct"": 0.001060662712011526, ""retest_entry"": true}"
اتجاهي,dir,directional,BNBUSDT,هابط,FVG,-1,67155,67156,2024-10-17T15:15:00+00:00,2024-10-17T15:16:00+00:00,1,-0.00412025276204202,-0.08240505524084041,20.0,زمني,0,False,True,,False,589.52309,589.7,0.0003,590.6,1,baseline,0,"{""close"": 589.7, ""rsi"": 35.66020994564434, ""rsi7"": 25.04978397701464, ""macd"": -0.17583402542914228, ""adx"": 18.616782854064823, ""stoch_k"": 20.833333333332778, ""stoch_d"": 23.33333333333182, ""mss"": 0.0, ""sfp"": 0.0, ""vr"": 1.0339776136944234, ""hurst"": 0.3115048530880969, ""atr14"": 0.6526340980976143, ""vol_sma20"": 341.57005, ""vol_ratio"": 9.095121191099748, ""atr_pct"": 0.0011067222284171854, ""retest_entry"": true}"
اتجاهي,dir,directional,BNBUSDT,هابط,ADX,-1,67179,67186,2024-10-17T15:39:00+00:00,2024-10-17T15:46:00+00:00,7,-0.0018169042218533203,-0.036338084437066404,20.0,قفل-ربح,0,False,True,,False,594.22168,594.4,0.0003,593.9353213927985,1,baseline,0,"{""close"": 594.5, ""rsi"": 72.39843651237328, ""rsi7"": 78.24334132313788, ""macd"": 0.3026477293389758, ""adx"": 22.641996686887765, ""stoch_k"": 87.38738738738668, ""stoch_d"": 90.2822822822826, ""mss"": 0.0, ""sfp"": 0.0, ""vr"": 1.0292355479523587, ""hurst"": 0.2047059099134684, ""atr14"": 0.6366505135525966, ""vol_sma20"": 153.92225000000002, ""vol_ratio"": 1.085093285733544, ""atr_pct"": 0.001070900779735234, ""retest_entry"": true}"
اتجاهي,dir,directional,BNBUSDT,هابط,Bollinger,-1,67191,67192,2024-10-17T15:51:00+00:00,2024-10-17T15:52:00+00:00,1,-0.003101313836912306,-0.06202627673824612,20.0,زمني,0,False,True,,False,593.62186,593.8,0.0003,594.1,1,baseline,0,"{""close"": 593.7, ""rsi"": 54.076667365098494, ""rsi7"": 44.33783960028828, ""macd"": -0.098975854251524, ""adx"": 28.111435585369264, ""stoch_k"": 45.793650793651686, ""stoch_d"": 59.12335304492202, ""mss"": 0.0, ""sfp"": 0.0, ""vr"": 0.9805620364501324, ""hurst"": 0.33976770395296313, ""atr14"": 0.60004326877237, ""vol_sma20"": 187.2775, ""vol_ratio"": 1.1266275980830585, ""atr_pct"": 0.0010106842997681825, ""retest_entry"": true}"
اتجاهي,dir,directional,BNBUSDT,هابط,MicroBurst,-1,67196,67197,2024-10-17T15:56:00+00:00,2024-10-17T15:57:00+00:00,1,-0.00276506000982659,-0.0553012001965318,20.0,زمني,0,False,True,,False,594.02174,594.2,0.0003,594.3,1,baseline,0,"{""close"": 594.1, ""rsi"": 56.20397129139299, ""rsi7"": 50.618176979276974, ""macd"": -0.09576994442185416, ""adx"": 25.429276597006275, ""stoch_k"": 77.77777777777521, ""stoch_d"": 72.2027290448327, ""mss"": 0.0, ""sfp"": 0.0, ""vr"": 0.9159705148056768, ""hurst"": 0.3492107545607204, ""atr14"": 0.5549522992508602, ""vol_sma20"": 181.95075000000003, ""vol_ratio"": 1.93612832043836, ""atr_pct"": 0.0009341058731709479, ""retest_entry"": true}"
اتجاهي,dir,directional,BNBUSDT,هابط,Bollinger,-1,67201,67202,2024-10-17T16:01:00+00:00,2024-10-17T16:02:00+00:00,1,-0.0027651731504146192,-0.055303463008292385,20.0,زمني,0,False,True,,False,593.62186,593.8,0.0003,593.9,1,baseline,0,"{""close"": 593.8, ""rsi"": 50.555260904295295, ""rsi7"": 40.0401869982727, ""macd"": -0.1216867390486015, ""adx"": 19.402100407513995, ""stoch_k"": 47.77777777777596, ""stoch_d"": 62.22222222222084, ""mss"": 0.0, ""sfp"": 0.0, ""vr"": 0.8580171433144651, ""hurst"": 0.35090022935173376, ""atr14"": 0.5131708589533869, ""vol_sma20"": 120.06479999999999, ""vol_ratio"": 0.7042363790219949, ""atr_pct"": 0.0008642149864489507, ""retest_entry"": true}"
اتجاهي,dir,directional,BNBUSDT,هابط,FVG,-1,67205,67206,2024-10-17T16:05:00+00:00,2024-10-17T16:06:00+00:00,1,-0.0036067150461253617,-0.07213430092250724,20.0,زمني,0,False,True,,False,592.9220700000001,593.1,0.0003,593.7,1,baseline,0,"{""close"": 593.1, ""rsi"": 41.988873842889646, ""rsi7"": 29.56662873325014, ""macd"": -0.19310527240636485, ""adx"": 20.482847953053245, ""stoch_k"": 15.972222222222092, ""stoch_d"": 20.509259259258886, ""mss"": 0.0, ""sfp"": 0.0, ""vr"": 0.8669167878661482, ""hurst"": 0.3658001901467273, ""atr14"": 0.514490652399194, ""vol_sma20"": 125.63804999999999, ""vol_ratio"": 0.5689359234722284, ""atr_pct"": 0.0008674602131161592, ""retest_entry"": true}"
اتجاهي,dir,directional,BNBUSDT,هابط,FVG,-1,67212,67213,2024-10-17T16:12:00+00:00,2024-10-17T16:13:00+00:00,1,-0.0022599970148291866,-0.04519994029658373,20.0,زمني,0,False,True,,False,591.92237,592.1,0.0003,591.9,1,baseline,0,"{""close"": 592.1, ""rsi"": 34.50815307035165, ""rsi7"": 24.126891945325582, ""macd"": -0.20964075586041592, ""adx"": 24.298383169853814, ""stoch_k"": 7.745571658616924, ""stoch_d"": 6.85654857756472, ""mss"": 0.0, ""sfp"": 0.0, ""vr"": 0.9044528639933856, ""hurst"": 0.4156003452910786, ""atr14"": 0.5283705335173431, ""vol_sma20"": 113.47835, ""vol_ratio"": 1.3781130938192174, ""atr_pct"": 0.0008923670554253387, ""retest_entry"": true}"
اتجاهي,dir,directional,BNBUSDT,هابط,FVG,-1,97337,97338,2024-11-07T14:17:00+00:00,2024-11-07T14:18:00+00:00,1,-0.003658176734158955,-0.0731635346831791,20.0,زمني,0,False,True,,False,589.586036,589.94,0.0006,590.39,1,baseline,0,"{""close"": 589.95, ""rsi"": 39.86830543657588, ""rsi7"": 33.016856157985345, ""macd"": -0.026841712794089506, ""adx"": 17.288731259134043, ""stoch_k"": 25.916932059449568, ""stoch_d"": 38.478069494072166, ""mss"": 0.0, ""sfp"": 0.0, ""vr"": 1.2346927837603678, ""hurst"": 0.2696501877176595, ""atr14"": 0.4248877459092653, ""vol_sma20"": 182.2702, ""vol_ratio"": 0.6802867391378294, ""atr_pct"": 0.0007202097566052466, ""retest_entry"": true}"
اتجاهي,dir,directional,BNBUSDT,هابط,MSS,-1,97354,97355,2024-11-07T14:34:00+00:00,2024-11-07T14:35:00+00:00,1,-0.002511643517543805,-0.050232870350876105,20.0,قفل-ربح,0,False,True,,False,591.155094,591.51,0.0006,590.9265656541106,1,baseline,0,"{""close"": 591.51, ""rsi"": 49.85720146034921, ""rsi7"": 41.881156277137656, ""macd"": 0.10634989906012632, ""adx"": 28.171548677111904, ""stoch_k"": 72.15915912659679, ""stoch_d"": 88.68798921512358, ""mss"": -1.0, ""sfp"": 0.0, ""vr"": 1.395828432351527, ""hurst"": 0.43690305341731256, ""atr14"": 0.5081456560367014, ""vol_sma20"": 246.5519, ""vol_ratio"": 1.2726772740343921, ""atr_pct"": 0.0008590651992979009, ""retest_entry"": true}"
اتجاهي,dir,directional,BNBUSDT,هابط,Bollinger,-1,97366,97369,2024-11-07T14:46:00+00:00,2024-11-07T14:49:00+00:00,3,-0.0023993934220784916,-0.04798786844156983,20.0,قفل-ربح,0,False,True,,False,588.489882,589.02,0.0009,588.1961339915664,1,baseline,0,"{""close"": 589.02, ""rsi"": 32.6390306621924, ""rsi7"": 21.19592802588592, ""macd"": -0.25785490387832277, ""adx"": 20.25338946537666, ""stoch_k"": 8.308776863835236, ""stoch_d"": 16.31323102640579, ""mss"": 0.0, ""sfp"": 0.0, ""vr"": 1.634492656421921, ""hurst"": 0.3513018694392885, ""atr14"": 0.653361377314148, ""vol_sma20"": 364.616, ""vol_ratio"": 1.6030728218180221, ""atr_pct"": 0.0011092346224477064, ""retest_entry"": true}"
اتجاهي,dir,directional,BNBUSDT,هابط,MicroBurst,-1,97394,97395,2024-11-07T15:14:00+00:00,2024-11-07T15:15:00+00:00,1,-0.0036839440546423984,-0.07367888109284797,20.0,زمني,0,False,True,,False,593.033966,593.39,0.0006,593.68,1,baseline,0,"{""close"": 593.4, ""rsi"": 62.81063053429036, ""rsi7"": 61.236031319547344, ""macd"": 0.2209819762990305, ""adx"": 26.770809752101982, ""stoch_k"": 78.67746288798914, ""stoch_d"": 86.83934486566064, ""mss"": 0.0, ""sfp"": 0.0, ""vr"": 1.3358146430061062, ""hurst"": 0.32307997957604584, ""atr14"": 0.6952853766572421, ""vol_sma20"": 261.61855, ""vol_ratio"": 0.480994180267416, ""atr_pct"": 0.0011716976350812979, ""retest_entry"": true}"
اتجاهي,dir,directional,BNBUSDT,هابط,Stochastic,-1,97401,97402,2024-11-07T15:21:00+00:00,2024-11-07T15:22:00+00:00,1,-0.003918382729287681,-0.07836765458575362,20.0,زمني,0,False,True,,False,593.873462,594.23,0.0006,594.66,1,baseline,0,"{""close"": 594.23, ""rsi"": 62.085282595288554, ""rsi7"": 57.38236049671054, ""macd"": 0.06461776207212988, ""adx"": 32.80992747749155, ""stoch_k"": 83.2257012393996, ""stoch_d"": 90.85656918941636, ""mss"": 0.0, ""sfp"": 0.0, ""vr"": 1.2100844576273853, ""hurst"": 0.4264317171674179, ""atr14"": 0.6580250547124261, ""vol_sma20"": 268.30395000000004, ""vol_ratio"": 1.3674640272720546, ""atr_pct"": 0.0011073575126002155, ""retest_entry"": true}"
اتجاهي,dir,directional,BNBUSDT,هابط,FVG,-1,97413,97414,2024-11-07T15:33:00+00:00,2024-11-07T15:34:00+00:00,1,-0.0027818308592679297,-0.055636617185358596,20.0,زمني,0,False,True,,False,594.101716,594.28,0.0003,594.39,1,baseline,0,"{""close"": 594.29, ""rsi"": 50.674434907828264, ""rsi7"": 33.759532239970895, ""macd"": -0.19034328988005778, ""adx"": 32.430923603557666, ""stoch_k"": 48.37726376187877, ""stoch_d"": 68.95604783716679, ""mss"": 0.0, ""sfp"": 0.0, ""vr"": 0.9602426414163275, ""hurst"": 0.5000215832353493, ""atr14"": 0.5499080601400137, ""vol_sma20"": 211.32835, ""vol_ratio"": 1.5926779345979845, ""atr_pct"": 0.0009253193897592316, ""retest_entry"": true}"
اتجاهي,dir,directional,BNBUSDT,هابط,MicroBurst,-1,97426,97430,2024-11-07T15:46:00+00:00,2024-11-07T15:50:00+00:00,4,-0.005290809190808995,-0.1058161838161799,20.0,وقف,0,False,True,,False,595.411323,595.59,0.0003,597.197556969,1,baseline,0,"{""close"": 595.59, ""rsi"": 56.16988041282853, ""rsi7"": 47.94623394322724, ""macd"": -0.005584014462935993, ""adx"": 28.981723501549116, ""stoch_k"": 78.10945273632092, ""stoch_d"": 84.4719734660052, ""mss"": 0.0, ""sfp"": 0.0, ""vr"": 0.8955622698612263, ""hurst"": 0.4990847713057976, ""atr14"": 0.5198382104966016, ""vol_sma20"": 220.4478, ""vol_ratio"": 2.138338418437381, ""atr_pct"": 0.0008728121870692953, ""retest_entry"": true}"
اتجاهي,dir,directional,BNBUSDT,هابط,OBV,-1,97435,97436,2024-11-07T15:55:00+00:00,2024-11-07T15:56:00+00:00,1,-0.0024968112085112485,-0.04993622417022497,20.0,زمني,0,False,True,,False,596.8808819999999,597.06,0.0003,597.0,1,baseline,0,"{""close"": 597.05, ""rsi"": 64.29984876743816, ""rsi7"": 63.12573526676455, ""macd"": 0.0275138637634057, ""adx"": 30.83818213085761, ""stoch_k"": 93.66812807227478, ""stoch_d"": 93.03734884500439, ""mss"": 0.0, ""sfp"": 0.0, ""vr"": 0.8231857593886371, ""hurst"": 0.4800001442057578, ""atr14"": 0.4838023547332258, ""vol_sma20"": 237.48475, ""vol_ratio"": 0.8027168060264923, ""atr_pct"": 0.0008103213377995576, ""retest_entry"": true}"
اتجاهي,dir,directional,BNBUSDT,هابط,FVG,-1,97445,97448,2024-11-07T16:05:00+00:00,2024-11-07T16:08:00+00:00,3,-0.0018724126876966465,-0.03744825375393293,20.0,قفل-ربح,0,False,True,,False,597.1508010000001,597.33,0.0003,596.8962540957215,1,baseline,0,"{""close"": 597.34, ""rsi"": 54.226104131729954, ""rsi7"": 44.783777091813455, ""macd"": -0.03420531760137213, ""adx"": 36.46165369446966, ""stoch_k"": 53.41880341880267, ""stoch_d"": 74.07670161293265, ""mss"": 0.0, ""sfp"": 0.0, ""vr"": 0.9523329565108657, ""hurst"": 0.4064625040598165, ""atr14"": 0.5658390087922277, ""vol_sma20"": 315.9312, ""vol_ratio"": 1.1745911768131796, ""atr_pct"": 0.0009472645541772318, ""retest_entry"": true}"
اتجاهي,dir,directional,BNBUSDT,هابط,Bollinger,-1,97464,97465,2024-11-07T16:24:00+00:00,2024-11-07T16:25:00+00:00,1,-0.002412750111396828,-0.04825500222793656,20.0,زمني,0,False,True,,False,595.311353,595.49,0.0003,595.38,1,baseline,0,"{""close"": 595.49, ""rsi"": 40.60251537983303, ""rsi7"": 32.14545597292086, ""macd"": -0.11654249148077633, ""adx"": 21.744396795305462, ""stoch_k"": 25.904640272454426, ""stoch_d"": 44.353303811374325, ""mss"": 0.0, ""sfp"": 0.0, ""vr"": 1.0099355337486584, ""hurst"": 0.4002610318731472, ""atr14"": 0.6207403383375234, ""vol_sma20"": 198.69650000000001, ""vol_ratio"": 1.0785595116169635, ""atr_pct"": 0.0010424026236167247, ""retest_entry"": true}"
اتجاهي,dir,directional,BNBUSDT,هابط,Stochastic,-1,97476,97477,2024-11-07T16:36:00+00:00,2024-11-07T16:37:00+00:00,1,-0.0019025055863157502,-0.038050111726315006,20.0,قفل-ربح,0,False,True,,False,596.8209,597.0,0.0003,596.584495155078,1,baseline,0,"{""close"": 596.99, ""rsi"": 55.40347660089025, ""rsi7"": 59.54191130945316, ""macd"": 0.1649949065858806, ""adx"": 18.360280202211378, ""stoch_k"": 89.07801418439749, ""stoch_d"": 94.10440548939171, ""mss"": 0.0, ""sfp"": 0.0, ""vr"": 0.8826809895264378, ""hurst"": 0.391272326155852, ""atr14"": 0.5254929479775132, ""vol_sma20"": 149.02635, ""vol_ratio"": 1.0501901173852812, ""atr_pct"": 0.0008802374377753617, ""retest_entry"": true}"
اتجاهي,dir,directional,BNBUSDT,صاعد,Bollinger,1,97487,97493,2024-11-07T16:47:00+00:00,2024-11-07T16:53:00+00:00,6,-0.0006575939306849425,-0.01315187861369885,20.0,تتبع,0,False,True,,False,597.989343,597.81,0.0003,598.972369026,1,baseline,0,"{""close"": 597.81, ""rsi"": 62.32375807151909, ""rsi7"": 72.56016744295648, ""macd"": 0.08665013241667749, ""adx"": 12.781272482111445, ""stoch_k"": 90.92085489323203, ""stoch_d"": 92.42419969910225, ""mss"": 0.0, ""sfp"": 0.0, ""vr"": 0.8028290866777501, ""hurst"": 0.32944085786062727, ""atr14"": 0.46086201157681395, ""vol_sma20"": 166.22545, ""vol_ratio"": 0.6654817297832553, ""atr_pct"": 0.0007709172004095181, ""retest_entry"": true}"
اتجاهي,dir,directional,BNBUSDT,صاعد,Bollinger,1,97512,97515,2024-11-07T17:12:00+00:00,2024-11-07T17:15:00+00:00,3,-0.001980440078828906,-0.03960880157657812,20.0,تتبع,0,False,True,,False,598.799586,598.62,0.0003,598.99,1,baseline,0,"{""close"": 598.62, ""rsi"": 57.01986799625885, ""rsi7"": 62.458367405526445, ""macd"": -0.09538774382474424, ""adx"": 20.933238869563276, ""stoch_k"": 42.3312883435594, ""stoch_d"": 27.402862985684973, ""mss"": 0.0, ""sfp"": 0.0, ""vr"": 0.8222731988956077, ""hurst"": 0.3577242161692135, ""atr14"": 0.42862315820305025, ""vol_sma20"": 248.12235, ""vol_ratio"": 1.8436106219371207, ""atr_pct"": 0.0007160187735175073, ""retest_entry"": true}"
اتجاهي,dir,directional,BNBUSDT,صاعد,FVG,1,97519,97520,2024-11-07T17:19:00+00:00,2024-11-07T17:20:00+00:00,1,-0.004909115143222956,-0.09818230286445913,20.0,زمني,0,False,True,,False,599.77988,599.6,0.0003,598.21,1,baseline,0,"{""close"": 599.6, ""rsi"": 66.6462124663049, ""rsi7"": 75.80560602866392, ""macd"": 0.10348692141343913, ""adx"": 28.41019880305211, ""stoch_k"": 89.84007891936211, ""stoch_d"": 90.49006286345173, ""mss"": 0.0, ""sfp"": 0.0, ""vr"": 0.810607697386204, ""hurst"": 0.3435825763416065, ""atr14"": 0.4166851246031767, ""vol_sma20"": 270.73705000000007, ""vol_ratio"": 1.9846378617185934, ""atr_pct"": 0.000694938500005298, ""retest_entry"": true}"
اتجاهي,dir,directional,BNBUSDT,صاعد,MACD,1,97532,97533,2024-11-07T17:32:00+00:00,2024-11-07T17:33:00+00:00,1,-0.002114048323378712,-0.042280966467574246,20.0,قفل-ربح,0,False,True,,False,599.189703,599.01,0.0003,599.3,1,baseline,0,"{""close"": 599.0, ""rsi"": 56.05884778492466, ""rsi7"": 59.72533847920169, ""macd"": 0.0044381308627934185, ""adx"": 16.856624388598604, ""stoch_k"": 51.937984496124905, ""stoch_d"": 50.69767441860603, ""mss"": 0.0, ""sfp"": 0.0, ""vr"": 0.8646430762501888, ""hurst"": 0.3305867656015457, ""atr14"": 0.43968877879585927, ""vol_sma20"": 258.14865, ""vol_ratio"": 0.9935089724466893, ""atr_pct"": 0.0007340380280398319, ""retest_entry"": true}"
اتجاهي,dir,directional,BNBUSDT,صاعد,MicroBurst,1,97537,97540,2024-11-07T17:37:00+00:00,2024-11-07T17:40:00+00:00,3,-0.005290809190809217,-0.10581618381618434,20.0,وقف,0,False,True,,False,600.9602339999999,600.78,0.0003,599.1573532979999,1,baseline,0,"{""close"": 600.77, ""rsi"": 74.0666678641791, ""rsi7"": 85.83471753650171, ""macd"": 0.1448814164677853, ""adx"": 23.518283958884016, ""stoch_k"": 82.32552040449217, ""stoch_d"": 78.70546905019042, ""mss"": 0.0, ""sfp"": 0.0, ""vr"": 1.0361827611248902, ""hurst"": 0.2940433851591848, ""atr14"": 0.5270133273067945, ""vol_sma20"": 326.29855, ""vol_ratio"": 2.5144457430166334, ""atr_pct"": 0.0008772297673099431, ""retest_entry"": true}"
اتجاهي,dir,directional,BNBUSDT,صاعد,FVG,1,97546,97547,2024-11-07T17:46:00+00:00,2024-11-07T17:47:00+00:00,1,-0.002846386248292995,-0.0569277249658599,20.0,زمني,0,False,True,,False,599.909919,599.73,0.0003,599.58,1,baseline,0,"{""close"": 599.71, ""rsi"": 55.39205643352075, ""rsi7"": 53.7008225737717, ""macd"": -0.021440234317922136, ""adx"": 22.415086927747158, ""stoch_k"": 46.886912563863774, ""stoch_d"": 43.1614274095192, ""mss"": 0.0, ""sfp"": 0.0, ""vr"": 0.9388514060756358, ""hurst"": 0.2505870332215188, ""atr14"": 0.47924609133577584, ""vol_sma20"": 272.2347, ""vol_ratio"": 0.38615944256922435, ""atr_pct"": 0.0007991297315965647, ""retest_entry"": true}"
اتجاهي,dir,directional,BNBUSDT,صاعد,FVG,1,97550,97551,2024-11-07T17:50:00+00:00,2024-11-07T17:51:00+00:00,1,-0.0035275845826998244,-0.0705516916539965,20.0,زمني,0,False,True,,False,600.3400479999999,600.16,0.0003,599.6,1,baseline,0,"{""close"": 600.15, ""rsi"": 60.64366968690594, ""rsi7"": 65.48936753929183, ""macd"": -0.0017831565322836695, ""adx"": 22.323022153730708, ""stoch_k"": 44.38860971524418, ""stoch_d"": 38.405451086504506, ""mss"": 0.0, ""sfp"": 0.0, ""vr"": 0.8676594377734048, ""hurst"": 0.24811662387730396, ""atr14"": 0.4366125472365986, ""vol_sma20"": 254.5392, ""vol_ratio"": 0.3847933834945658, ""atr_pct"": 0.0007275057023020888, ""retest_entry"": true}"
اتجاهي,dir,directional,BNBUSDT,صاعد,FVG,1,97554,97555,2024-11-07T17:54:00+00:00,2024-11-07T17:55:00+00:00,1,-0.0021483086665530973,-0.042966173331061945,20.0,زمني,0,False,True,,False,600.4700869999999,600.29,0.0003,600.56,1,baseline,0,"{""close"": 600.29, ""rsi"": 60.16431591311619, ""rsi7"": 63.970353868241695, ""macd"": 0.009730869179189139, ""adx"": 22.704929119968956, ""stoch_k"": 71.54172574838701, ""stoch_d"": 56.32647447757938, ""mss"": 0.0, ""sfp"": 0.0, ""vr"": 0.8771773866445756, ""hurst"": 0.2506688078480748, ""atr14"": 0.43457754481530775, ""vol_sma20"": 174.07465, ""vol_ratio"": 1.2244631828930865, ""atr_pct"": 0.0007239460007917969, ""retest_entry"": true}"
اتجاهي,dir,directional,BNBUSDT,صاعد,FVG,1,97562,97563,2024-11-07T18:02:00+00:00,2024-11-07T18:03:00+00:00,1,-0.002264898228465817,-0.04529796456931634,20.0,زمني,0,False,True,,False,600.98024,600.8,0.0003,601.0,1,baseline,0,"{""close"": 600.77, ""rsi"": 62.91471059714955, ""rsi7"": 68.32728335896475, ""macd"": 0.014272180282804137, ""adx"": 22.60517892480154, ""stoch_k"": 78.53107344632907, ""stoch_d"": 66.4783427495304, ""mss"": 0.0, ""sfp"": 0.0, ""vr"": 0.8185958364648391, ""hurst"": 0.25193228029769005, ""atr14"": 0.3883392076683004, ""vol_sma20"": 146.1573, ""vol_ratio"": 3.181996383348625, ""atr_pct"": 0.0006464024629530442, ""retest_entry"": true}"
اتجاهي,dir,directional,BNBUSDT,صاعد,EMA,1,97570,97571,2024-11-07T18:10:00+00:00,2024-11-07T18:11:00+00:00,1,-0.00412721759212465,-0.08254435184249301,20.0,زمني,0,False,True,,False,599.7298649999999,599.55,0.0003,598.81,1,baseline,0,"{""close"": 599.55, ""rsi"": 47.87731102796573, ""rsi7"": 47.97395917302549, ""macd"": -0.20115674593444385, ""adx"": 23.77901645092108, ""stoch_k"": 25.820105820105358, ""stoch_d"": 13.81321520856431, ""mss"": 0.0, ""sfp"": 0.0, ""vr"": 1.1740104637938653, ""hurst"": 0.1902649900979467, ""atr14"": 0.5431304999824071, ""vol_sma20"": 204.98625, ""vol_ratio"": 0.7262974955637268, ""atr_pct"": 0.0009058969226626756, ""retest_entry"": true}"
اتجاهي,dir,directional,BNBUSDT,صاعد,MicroBurst,1,97574,97578,2024-11-07T18:14:00+00:00,2024-11-07T18:18:00+00:00,4,-0.0011452927153772878,-0.022905854307545756,20.0,تتبع,0,False,True,,False,599.369757,599.19,0.0003,600.062067174,1,baseline,0,"{""close"": 599.18, ""rsi"": 46.00734234238712, ""rsi7"": 46.42051447039766, ""macd"": -0.13510906105720266, ""adx"": 22.49591928422326, ""stoch_k"": 31.322751322750708, ""stoch_d"": 30.828924162257294, ""mss"": 0.0, ""sfp"": 0.0, ""vr"": 1.19356698135317, ""hurst"": 0.21451445209498107, ""atr14"": 0.5518533998854012, ""vol_sma20"": 270.73705, ""vol_ratio"": 2.256831859547853, ""atr_pct"": 0.0009210143861367222, ""retest_entry"": true}"
اتجاهي,dir,directional,BNBUSDT,صاعد,MicroBurst,1,97594,97595,2024-11-07T18:34:00+00:00,2024-11-07T18:35:00+00:00,1,-0.004043109475857312,-0.08086218951714624,20.0,زمني,0,False,True,,False,600.2000059999999,600.02,0.0003,599.15,1,baseline,0,"{""close"": 600.05, ""rsi"": 51.08979713375325, ""rsi7"": 51.962764543252796, ""macd"": -0.0641569830674901, ""adx"": 12.768792053431675, ""stoch_k"": 23.504273504273083, ""stoch_d"": 18.713036644071952, ""mss"": 0.0, ""sfp"": 0.0, ""vr"": 1.0163297809728515, ""hurst"": 0.1843021513596458, ""atr14"": 0.46735259627918513, ""vol_sma20"": 196.91795, ""vol_ratio"": 4.846312893263413, ""atr_pct"": 0.0007788560891245482, ""retest_entry"": true}"
اتجاهي,dir,directional,BNBUSDT,صاعد,KAMA,1,97598,97599,2024-11-07T18:38:00+00:00,2024-11-07T18:39:00+00:00,1,-0.002646825811258791,-0.05293651622517582,20.0,زمني,0,False,True,,False,599.789883,599.61,0.0003,599.58,1,baseline,0,"{""close"": 599.61, ""rsi"": 47.7771331226447, ""rsi7"": 48.044723764874455, ""macd"": -0.09385274286755772, ""adx"": 12.207584264415459, ""stoch_k"": 26.980210944026283, ""stoch_d"": 20.415421566736175, ""mss"": 0.0, ""sfp"": 0.0, ""vr"": 1.114746170205645, ""hurst"": 0.21145793901901272, ""atr14"": 0.5161385230718954, ""vol_sma20"": 207.87640000000002, ""vol_ratio"": 0.6149327196353217, ""atr_pct"": 0.0008607903855370915, ""retest_entry"": true}"
اتجاهي,dir,directional,BNBUSDT,صاعد,FVG,1,97606,97607,2024-11-07T18:46:00+00:00,2024-11-07T18:47:00+00:00,1,-0.003477654349329504,-0.06955308698659007,20.0,زمني,0,False,True,,False,600.390063,600.21,0.0003,599.68,1,baseline,0,"{""close"": 600.21, ""rsi"": 56.742690278286474, ""rsi7"": 67.212865701455, ""macd"": 0.050086153943798326, ""adx"": 10.845167058762664, ""stoch_k"": 58.88223552894218, ""stoch_d"": 44.976713240185006, ""mss"": 0.0, ""sfp"": 0.0, ""vr"": 1.0119585085406138, ""hurst"": 0.21926398590439192, ""atr14"": 0.4736814726801332, ""vol_sma20"": 196.27675, ""vol_ratio"": 0.6261566894703525, ""atr_pct"": 0.0007891929036172893, ""retest_entry"": true}"
اتجاهي,dir,directional,BNBUSDT,صاعد,FVG,1,97611,97612,2024-11-07T18:51:00+00:00,2024-11-07T18:52:00+00:00,1,-0.0026966651907800814,-0.05393330381560163,20.0,زمني,0,False,True,,False,600.169997,599.99,0.0003,599.93,1,baseline,0,"{""close"": 599.99, ""rsi"": 53.7773265536378, ""rsi7"": 59.25412805055036, ""macd"": 0.05785558514362038, ""adx"": 10.111364860242494, ""stoch_k"": 67.84939395422599, ""stoch_d"": 61.64769923439619, ""mss"": 0.0, ""sfp"": 0.0, ""vr"": 0.9011451234160155, ""hurst"": 0.21074105592041745, ""atr14"": 0.42268903030699606, ""vol_sma20"": 192.90935, ""vol_ratio"": 0.5496674992684388, ""atr_pct"": 0.0007044934587359723, ""retest_entry"": true}"
اتجاهي,dir,directional,BNBUSDT,صاعد,FVG,1,97619,97620,2024-11-07T18:59:00+00:00,2024-11-07T19:00:00+00:00,1,-0.0019458578662976238,-0.038917157325952474,20.0,قفل-ربح,0,False,True,,False,600.07997,599.9,0.0003,600.2915910379871,1,baseline,0,"{""close"": 599.9, ""rsi"": 52.60612808952327, ""rsi7"": 55.87639396601599, ""macd"": 0.007688428712327942, ""adx"": 10.490303096232434, ""stoch_k"": 40.993776145288656, ""stoch_d"": 38.335746842931094, ""mss"": 0.0, ""sfp"": -1.0, ""vr"": 0.9976138059959395, ""hurst"": 0.2367448149343667, ""atr14"": 0.4701279349242822, ""vol_sma20"": 150.54765, ""vol_ratio"": 1.171243788926629, ""atr_pct"": 0.0007836771710689818, ""retest_entry"": true}"
اتجاهي,dir,directional,BNBUSDT,صاعد,MicroBurst,1,97623,97624,2024-11-07T19:03:00+00:00,2024-11-07T19:04:00+00:00,1,-0.005004025880841854,-0.10008051761683708,20.0,زمني,0,False,True,,False,601.130462,600.77,0.0006,599.68,1,baseline,0,"{""close"": 600.78, ""rsi"": 58.94273507684783, ""rsi7"": 63.57269111605223, ""macd"": 0.06883667786593803, ""adx"": 13.570904558978055, ""stoch_k"": 43.21608040200861, ""stoch_d"": 45.86554170027, ""mss"": 0.0, ""sfp"": 0.0, ""vr"": 1.353595545501884, ""hurst"": 0.1902191856169225, ""atr14"": 0.6444638679032807, ""vol_sma20"": 184.15324999999999, ""vol_ratio"": 1.8483138364378582, ""atr_pct"": 0.0010727119210081572, ""retest_entry"": true}"
اتجاهي,dir,directional,BNBUSDT,صاعد,FVG,1,97628,97628,2024-11-07T19:08:00+00:00,2024-11-07T19:08:00+00:00,0,-0.005888411588411497,-0.11776823176822994,20.0,وقف,0,False,True,,False,601.3507289999999,600.81,0.0009,599.5466768129999,1,baseline,0,"{""close"": 600.81, ""rsi"": 57.68253108088503, ""rsi7"": 62.15871081638425, ""macd"": 0.05209645503430753, ""adx"": 18.09022052393248, ""stoch_k"": 48.073701842544004, ""stoch_d"": 36.34840871021557, ""mss"": 0.0, ""sfp"": 0.0, ""vr"": 1.5122646081828683, ""hurst"": 0.14820561681935523, ""atr14"": 0.7378199241860013, ""vol_sma20"": 220.2389, ""vol_ratio"": 0.7279504211108937, ""atr_pct"": 0.001228042016920493, ""retest_entry"": true}"
اتجاهي,dir,directional,BNBUSDT,صاعد,OBV,1,97633,97634,2024-11-07T19:13:00+00:00,2024-11-07T19:14:00+00:00,1,-0.004043221269555487,-0.08086442539110975,20.0,زمني,0,False,True,,False,600.0398079999999,599.68,0.0006,599.17,1,baseline,0,"{""close"": 599.67, ""rsi"": 48.49752633671224, ""rsi7"": 46.80850131154283, ""macd"": -0.046252955193185986, ""adx"": 21.777451627248475, ""stoch_k"": 25.293132328307923, ""stoch_d"": 26.35399218313852, ""mss"": 0.0, ""sfp"": 0.0, ""vr"": 1.3198321437141383, ""hurst"": 0.09349116277502956, ""atr14"": 0.6617126478379215, ""vol_sma20"": 247.7839, ""vol_ratio"": 1.0987235248133556, ""atr_pct"": 0.0011034613167874357, ""retest_entry"": true}"
اتجاهي,dir,directional,BNBUSDT,صاعد,FVG,1,97643,97648,2024-11-07T19:23:00+00:00,2024-11-07T19:28:00+00:00,5,-0.0021170275939121743,-0.04234055187824348,20.0,قفل-ربح,0,False,True,,False,597.8584999999999,597.5,0.0006,598.1464441860008,1,baseline,0,"{""close"": 597.49, ""rsi"": 36.654273554698925, ""rsi7"": 33.34264401945093, ""macd"": -0.24922717764726415, ""adx"": 22.61370748177984, ""stoch_k"": 17.89241291695155, ""stoch_d"": 10.112467690282356, ""mss"": 0.0, ""sfp"": 0.0, ""vr"": 1.2481968954678153, ""hurst"": 0.1748407606518714, ""atr14"": 0.6394815707271041, ""vol_sma20"": 313.3888, ""vol_ratio"": 0.536984729511712, ""atr_pct"": 0.0010702799556931565, ""retest_entry"": true}"
اتجاهي,dir,directional,BNBUSDT,صاعد,MicroBurst,1,97665,97786,2024-11-07T19:45:00+00:00,2024-11-07T21:46:00+00:00,121,0.004484982203711985,0.08969964407423969,20.0,تتبع,0,True,True,,False,596.4388779999999,596.26,0.0003,600.493651396,1,baseline,0,"{""close"": 596.27, ""rsi"": 33.322250496050586, ""rsi7"": 28.3115922785216, ""macd"": -0.18349470994551387, ""adx"": 19.2966031409473, ""stoch_k"": 11.635083563626594, ""stoch_d"": 10.164110327948778, ""mss"": 0.0, ""sfp"": 0.0, ""vr"": 1.1348764511247282, ""hurst"": 0.2891317810855502, ""atr14"": 0.6240756693105117, ""vol_sma20"": 382.30025000000006, ""vol_ratio"": 2.028282743733492, ""atr_pct"": 0.0010466326820241028, ""retest_entry"": true}"
اتجاهي,dir,directional,BNBUSDT,صاعد,Bollinger,1,99812,99835,2024-11-09T07:32:00+00:00,2024-11-09T07:55:00+00:00,23,-0.0019572340681068166,-0.039144681362136335,20.0,قفل-ربح,0,False,True,symbol_collision,True,628.528502,628.34,0.0003,628.7429888131696,1,baseline,0,"{""close"": 628.33, ""rsi"": 45.316904298648204, ""rsi7"": 54.85412036879307, ""macd"": 0.05736912273487771, ""adx"": 20.036340110866945, ""stoch_k"": 36.02433987962081, ""stoch_d"": 28.45730269613387, ""mss"": 0.0, ""sfp"": 0.0, ""vr"": 0.7242226968627473, ""hurst"": 0.14990277674136618, ""atr14"": 0.4764868308898938, ""vol_sma20"": 309.8754, ""vol_ratio"": 1.2214683708355034, ""atr_pct"": 0.0007583385018857826, ""retest_entry"": true}"
اتجاهي,dir,directional,BNBUSDT,صاعد,FVG,1,99838,99839,2024-11-09T07:58:00+00:00,2024-11-09T07:59:00+00:00,1,-0.0028347398818658527,-0.05669479763731705,20.0,زمني,0,False,True,symbol_collision,True,629.28873,629.1,0.0003,628.95,1,baseline,0,"{""close"": 629.1, ""rsi"": 63.609461839251374, ""rsi7"": 73.96609067353589, ""macd"": 0.14163037691749042, ""adx"": 22.576842834017913, ""stoch_k"": 74.66387646624166, ""stoch_d"": 74.23885293158695, ""mss"": 0.0, ""sfp"": 0.0, ""vr"": 0.7455700400526004, ""hurst"": 0.2431382202981765, ""atr14"": 0.42051957990367456, ""vol_sma20"": 412.03450000000004, ""vol_ratio"": 0.9527697316608196, ""atr_pct"": 0.0006684463199867661, ""retest_entry"": true}"
اتجاهي,dir,directional,BNBUSDT,صاعد,Stochastic,1,99852,99861,2024-11-09T08:12:00+00:00,2024-11-09T08:21:00+00:00,9,-6.615556986427036e-05,-0.0013231113972854073,20.0,تتبع,0,False,True,symbol_collision,True,627.6882499999999,627.5,0.0003,629.0921915,1,baseline,0,"{""close"": 627.5, ""rsi"": 41.27259844929065, ""rsi7"": 41.910391617579016, ""macd"": -0.13452159076369186, ""adx"": 17.81121221491125, ""stoch_k"": 13.75112309074706, ""stoch_d"": 8.889831931815776, ""mss"": 0.0, ""sfp"": 0.0, ""vr"": 0.9120589947334912, ""hurst"": 0.27417151602778594, ""atr14"": 0.4787858840578466, ""vol_sma20"": 404.72155, ""vol_ratio"": 0.8903775941755512, ""atr_pct"": 0.0007630053929208711, ""retest_entry"": true}"
اتجاهي,dir,directional,BNBUSDT,صاعد,FVG,1,99865,99866,2024-11-09T08:25:00+00:00,2024-11-09T08:26:00+00:00,1,-0.002391024913527696,-0.04782049827055392,20.0,زمني,0,False,True,symbol_collision,True,629.928922,629.74,0.0003,629.87,1,baseline,0,"{""close"": 629.73, ""rsi"": 64.56180888769592, ""rsi7"": 70.7840071526296, ""macd"": 0.10365067443494708, ""adx"": 21.89336001977941, ""stoch_k"": 83.62442922374383, ""stoch_d"": 79.0553652968032, ""mss"": 0.0, ""sfp"": 0.0, ""vr"": 0.9480940077599337, ""hurst"": 0.3828177400911397, ""atr14"": 0.47141656295620804, ""vol_sma20"": 370.4468, ""vol_ratio"": 1.077941555980508, ""atr_pct"": 0.0007486010876982326, ""retest_entry"": true}"
اتجاهي,dir,directional,BNBUSDT,صاعد,FVG,1,99872,99884,2024-11-09T08:32:00+00:00,2024-11-09T08:44:00+00:00,12,-0.0007995239182717823,-0.015990478365435646,20.0,تتبع,0,False,True,symbol_collision,True,630.098973,629.91,0.0003,631.045147686,1,baseline,0,"{""close"": 629.93, ""rsi"": 61.84484811526176, ""rsi7"": 62.97055211172868, ""macd"": 0.029107223528957227, ""adx"": 24.284720085615767, ""stoch_k"": 66.46341463414653, ""stoch_d"": 61.391127859778074, ""mss"": 0.0, ""sfp"": 0.0, ""vr"": 0.9730896427403971, ""hurst"": 0.37875644927541224, ""atr14"": 0.4659832817504922, ""vol_sma20"": 403.88795, ""vol_ratio"": 0.6087208098186638, ""atr_pct"": 0.0007397381959114381, ""retest_entry"": true}"
اتجاهي,dir,directional,BNBUSDT,صاعد,FVG,1,99887,99888,2024-11-09T08:47:00+00:00,2024-11-09T08:48:00+00:00,1,-0.003259901241574865,-0.06519802483149731,20.0,زمني,0,False,True,symbol_collision,True,632.049558,631.86,0.0003,631.44,1,baseline,0,"{""close"": 631.86, ""rsi"": 71.0486672544647, ""rsi7"": 74.47134980980348, ""macd"": 0.0386338053257026, ""adx"": 43.546692171868465, ""stoch_k"": 83.96011396011369, ""stoch_d"": 80.23208227188267, ""mss"": 0.0, ""sfp"": 0.0, ""vr"": 0.9510812805721051, ""hurst"": 0.39879563321613265, ""atr14"": 0.4330247161423195, ""vol_sma20"": 387.63140000000004, ""vol_ratio"": 2.6524734580325533, ""atr_pct"": 0.000685317500937422, ""retest_entry"": true}"
اتجاهي,dir,directional,BNBUSDT,صاعد,FVG,1,99897,99901,2024-11-09T08:57:00+00:00,2024-11-09T09:01:00+00:00,4,-0.0019643359764685776,-0.03928671952937155,20.0,قفل-ربح,0,False,True,symbol_collision,True,631.28933,631.1,0.0003,631.500265268026,1,baseline,0,"{""close"": 631.11, ""rsi"": 54.611940250402455, ""rsi7"": 53.053723871780775, ""macd"": -0.09720219571243338, ""adx"": 28.045639030526154, ""stoch_k"": 44.182389937109555, ""stoch_d"": 38.626834381553685, ""mss"": 0.0, ""sfp"": 0.0, ""vr"": 1.026792049455754, ""hurst"": 0.327756528987941, ""atr14"": 0.46861188392171904, ""vol_sma20"": 356.37735, ""vol_ratio"": 0.6103362068324488, ""atr_pct"": 0.0007425201374114164, ""retest_entry"": true}"
اتجاهي,dir,directional,BNBUSDT,صاعد,MicroBurst,1,99904,99909,2024-11-09T09:04:00+00:00,2024-11-09T09:09:00+00:00,5,-0.0019478723920881187,-0.038957447841762374,20.0,قفل-ربح,0,False,True,symbol_collision,True,632.139585,631.95,0.0003,632.3612356184909,1,baseline,0,"{""close"": 631.95, ""rsi"": 60.987900441343406, ""rsi7"": 64.69033685066836, ""macd"": 0.030930566069631904, ""adx"": 28.754081111271688, ""stoch_k"": 75.51622418878883, ""stoch_d"": 73.17814140739407, ""mss"": 0.0, ""sfp"": 0.0, ""vr"": 1.0730558768690452, ""hurst"": 0.3230869380411185, ""atr14"": 0.4924092072175547, ""vol_sma20"": 338.47044999999997, ""vol_ratio"": 2.0327860231225503, ""atr_pct"": 0.0007791901372221769, ""retest_entry"": true}"
اتجاهي,dir,directional,BNBUSDT,صاعد,FVG,1,99915,99917,2024-11-09T09:15:00+00:00,2024-11-09T09:17:00+00:00,2,-0.0017495915832005046,-0.03499183166401009,20.0,تتبع,0,False,True,symbol_collision,True,632.88981,632.7,0.0003,633.23750258,1,baseline,0,"{""close"": 632.7, ""rsi"": 61.51479370050072, ""rsi7"": 65.10761315513193, ""macd"": -0.0395061228396093, ""adx"": 29.878485784868126, ""stoch_k"": 47.80202058037194, ""stoch_d"": 33.734546623522235, ""mss"": 0.0, ""sfp"": 0.0, ""vr"": 1.129887505320296, ""hurst"": 0.29144209980103647, ""atr14"": 0.5172209690332255, ""vol_sma20"": 296.39880000000005, ""vol_ratio"": 2.2706670877210025, ""atr_pct"": 0.0008174821701173153, ""retest_entry"": true}"
اتجاهي,dir,directional,BNBUSDT,صاعد,FVG,1,99926,99927,2024-11-09T09:26:00+00:00,2024-11-09T09:27:00+00:00,1,-0.00484689151399801,-0.0969378302799602,20.0,زمني,0,False,True,symbol_collision,True,634.170274,633.79,0.0006,632.74,1,baseline,0,"{""close"": 633.8, ""rsi"": 64.933823094405, ""rsi7"": 71.10918621643498, ""macd"": -0.028130387888064157, ""adx"": 24.113047762916665, ""stoch_k"": 63.22715433036722, ""stoch_d"": 50.67801413308328, ""mss"": 0.0, ""sfp"": -1.0, ""vr"": 1.2603570403207414, ""hurst"": 0.20525843302856855, ""atr14"": 0.5935774424800604, ""vol_sma20"": 409.7889, ""vol_ratio"": 1.6800796702887753, ""atr_pct"": 0.0009365374605239199, ""retest_entry"": true}"
اتجاهي,dir,directional,BNBUSDT,صاعد,RSI,1,99942,99943,2024-11-09T09:42:00+00:00,2024-11-09T09:43:00+00:00,1,-0.003988994254606498,-0.07977988509212997,20.0,زمني,0,False,True,symbol_collision,True,630.699153,630.51,0.0003,629.63,1,baseline,0,"{""close"": 630.51, ""rsi"": 39.6193731306568, ""rsi7"": 40.29704487093594, ""macd"": -0.1857176111861787, ""adx"": 25.231334104692014, ""stoch_k"": 22.86365628807411, ""stoch_d"": 14.99369197486454, ""mss"": 0.0, ""sfp"": 0.0, ""vr"": 1.0933046657272023, ""hurst"": 0.3628635348310652, ""atr14"": 0.5378231549523804, ""vol_sma20"": 304.33575, ""vol_ratio"": 0.8943806306028785, ""atr_pct"": 0.0008529970261413466, ""retest_entry"": true}"
اتجاهي,dir,directional,BNBUSDT,صاعد,FVG,1,99955,99957,2024-11-09T09:55:00+00:00,2024-11-09T09:57:00+00:00,2,-0.0027078021042552048,-0.05415604208510409,20.0,زمني,0,False,True,symbol_collision,True,629.8689039999999,629.68,0.0003,629.61,1,baseline,0,"{""close"": 629.68, ""rsi"": 42.125888167424186, ""rsi7"": 50.422178744214214, ""macd"": 0.06147755058289417, ""adx"": 31.000831966310535, ""stoch_k"": 28.403963736033962, ""stoch_d"": 18.352363192219645, ""mss"": 0.0, ""sfp"": 0.0, ""vr"": 0.8513974271033352, ""hurst"": 0.5018409055962872, ""atr14"": 0.42001453471784367, ""vol_sma20"": 258.85135, ""vol_ratio"": 0.3009874199999343, ""atr_pct"": 0.0006670285457976173, ""retest_entry"": true}"
اتجاهي,dir,directional,BNBUSDT,صاعد,Stochastic,1,99969,99980,2024-11-09T10:09:00+00:00,2024-11-09T10:20:00+00:00,11,-0.005290809190808995,-0.1058161838161799,20.0,وقف,0,False,True,symbol_collision,True,629.448778,629.26,0.0003,627.560431666,1,baseline,0,"{""close"": 629.26, ""rsi"": 41.30848140152962, ""rsi7"": 41.96417331582334, ""macd"": 0.03406353022206682, ""adx"": 17.831303436641814, ""stoch_k"": 16.526610644257843, ""stoch_d"": 16.153127917834286, ""mss"": 0.0, ""sfp"": 0.0, ""vr"": 0.6993422409944945, ""hurst"": 0.5111132700508436, ""atr14"": 0.33430769379726955, ""vol_sma20"": 159.3632, ""vol_ratio"": 1.1283407963695509, ""atr_pct"": 0.0005312711658094739, ""retest_entry"": true}"
اتجاهي,dir,directional,BNBUSDT,صاعد,FVG,1,100142,100144,2024-11-09T13:02:00+00:00,2024-11-09T13:04:00+00:00,2,-0.0020305013899743454,-0.04061002779948691,20.0,قفل-ربح,0,False,True,symbol_collision,True,624.147188,623.96,0.0003,624.3143447716877,1,baseline,0,"{""close"": 623.96, ""rsi"": 62.22228198451574, ""rsi7"": 71.79267841524717, ""macd"": 0.10319075738321792, ""adx"": 14.899123654402908, ""stoch_k"": 91.66666666666595, ""stoch_d"": 86.9791666666646, ""mss"": 0.0, ""sfp"": 0.0, ""vr"": 0.8912798109748693, ""hurst"": 0.5086389859833668, ""atr14"": 0.37134808821305965, ""vol_sma20"": 170.66865, ""vol_ratio"": 0.477609684028086, ""atr_pct"": 0.0005951472661918386, ""retest_entry"": true}"
اتجاهي,dir,directional,BNBUSDT,صاعد,FVG,1,100149,100150,2024-11-09T13:09:00+00:00,2024-11-09T13:10:00+00:00,1,-0.003778547985503253,-0.07557095971006506,20.0,زمني,0,False,True,symbol_collision,True,624.8173889999999,624.63,0.0003,623.89,1,baseline,0,"{""close"": 624.62, ""rsi"": 67.15228656701785, ""rsi7"": 75.39218953755622, ""macd"": 0.11095369386079079, ""adx"": 22.943477491001694, ""stoch_k"": 87.91846766674928, ""stoch_d"": 88.7653009892352, ""mss"": 0.0, ""sfp"": -1.0, ""vr"": 0.8240040777898083, ""hurst"": 0.5464928869901055, ""atr14"": 0.34181845028275915, ""vol_sma20"": 200.2764, ""vol_ratio"": 1.2230197866548431, ""atr_pct"": 0.0005472422437366065, ""retest_entry"": true}"
اتجاهي,dir,directional,BNBUSDT,صاعد,MACD,1,100156,100159,2024-11-09T13:16:00+00:00,2024-11-09T13:19:00+00:00,3,-0.002047712429576509,-0.040954248591530185,20.0,قفل-ربح,0,False,True,symbol_collision,True,624.8774070000001,624.69,0.0003,625.0339797782029,1,baseline,0,"{""close"": 624.69, ""rsi"": 63.08687236332, ""rsi7"": 66.75460258360458, ""macd"": 0.0005910711597479357, ""adx"": 19.375013941028126, ""stoch_k"": 76.39570552147485, ""stoch_d"": 70.86087634507271, ""mss"": 0.0, ""sfp"": 0.0, ""vr"": 0.8422324671031046, ""hurst"": 0.5554921123762934, ""atr14"": 0.3478351565704729, ""vol_sma20"": 243.9704, ""vol_ratio"": 1.3721992504008682, ""atr_pct"": 0.0005568124294777776, ""retest_entry"": true}"
اتجاهي,dir,directional,BNBUSDT,صاعد,FVG,1,100174,100175,2024-11-09T13:34:00+00:00,2024-11-09T13:35:00+00:00,1,-0.002964579332761101,-0.05929158665522202,20.0,زمني,0,False,True,symbol_collision,True,624.147188,623.96,0.0003,623.73,1,baseline,0,"{""close"": 623.96, ""rsi"": 45.7732681677848, ""rsi7"": 41.30290104767122, ""macd"": -0.10088854529161628, ""adx"": 13.86886907697119, ""stoch_k"": 11.085124734608248, ""stoch_d"": 6.174805378627809, ""mss"": 0.0, ""sfp"": 0.0, ""vr"": 0.738394330670713, ""hurst"": 0.5598390106590266, ""atr14"": 0.30081532640473235, ""vol_sma20"": 220.4638, ""vol_ratio"": 0.6208547616434081, ""atr_pct"": 0.00048210674787603746, ""retest_entry"": true}"
اتجاهي,dir,directional,BNBUSDT,صاعد,FVG,1,100178,100204,2024-11-09T13:38:00+00:00,2024-11-09T14:04:00+00:00,26,-0.005290809190808995,-0.1058161838161799,20.0,وقف,0,False,True,symbol_collision,True,624.657341,624.47,0.0003,622.783368977,1,baseline,0,"{""close"": 624.46, ""rsi"": 55.78890718015132, ""rsi7"": 63.44064006146092, ""macd"": -0.020156826219982257, ""adx"": 15.050424962687792, ""stoch_k"": 57.312028699027216, ""stoch_d"": 32.36925286815492, ""mss"": 0.0, ""sfp"": 0.0, ""vr"": 0.8200910729570322, ""hurst"": 0.5379555703322126, ""atr14"": 0.3315955991629905, ""vol_sma20"": 233.20984999999996, ""vol_ratio"": 0.7757862714632338, ""atr_pct"": 0.000531011752815217, ""retest_entry"": true}"
اتجاهي,dir,directional,BNBUSDT,صاعد,Bollinger,1,100275,100276,2024-11-09T15:15:00+00:00,2024-11-09T15:16:00+00:00,1,-0.0021925137861211353,-0.043850275722422706,20.0,زمني,0,False,True,,False,616.764974,616.58,0.0003,616.83,1,baseline,0,"{""close"": 616.58, ""rsi"": 38.474827569906, ""rsi7"": 38.46931288336961, ""macd"": 0.015498892569064837, ""adx"": 44.81425695858723, ""stoch_k"": 13.95163688288597, ""stoch_d"": 12.35986091268908, ""mss"": 0.0, ""sfp"": 0.0, ""vr"": 0.8968684173255006, ""hurst"": 0.3137822089197714, ""atr14"": 0.42301391917233405, ""vol_sma20"": 267.37935, ""vol_ratio"": 0.5976041156506664, ""atr_pct"": 0.000686064937513922, ""retest_entry"": true}"
اتجاهي,dir,directional,BNBUSDT,صاعد,MicroBurst,1,100291,100295,2024-11-09T15:31:00+00:00,2024-11-09T15:35:00+00:00,4,-0.0008549311374623553,-0.017098622749247106,20.0,تتبع,0,False,True,,False,617.4551809999999,617.27,0.0003,618.348079142,1,baseline,0,"{""close"": 617.27, ""rsi"": 54.85274390503663, ""rsi7"": 67.8548493105313, ""macd"": 0.041303131582412694, ""adx"": 23.060296253081926, ""stoch_k"": 24.472934472933417, ""stoch_d"": 12.420718322357493, ""mss"": 0.0, ""sfp"": 0.0, ""vr"": 0.730804085919879, ""hurst"": 0.37215935715983095, ""atr14"": 0.3523578592037786, ""vol_sma20"": 262.15549999999996, ""vol_ratio"": 1.653983990417901, ""atr_pct"": 0.000570832632727621, ""retest_entry"": true}"
اتجاهي,dir,directional,BNBUSDT,هابط,MicroBurst,-1,100307,100308,2024-11-09T15:47:00+00:00,2024-11-09T15:48:00+00:00,1,-0.0032124235692906097,-0.06424847138581219,20.0,زمني,0,False,True,,False,616.1451010000001,616.33,0.0003,616.71,1,baseline,0,"{""close"": 616.33, ""rsi"": 33.69646752594325, ""rsi7"": 19.94084498778571, ""macd"": -0.17998813653701617, ""adx"": 24.436596341801916, ""stoch_k"": 15.935120955201226, ""stoch_d"": 36.05705801435111, ""mss"": 0.0, ""sfp"": 0.0, ""vr"": 0.9313965104172799, ""hurst"": 0.3603255973712746, ""atr14"": 0.46279307494593347, ""vol_sma20"": 279.5046, ""vol_ratio"": 2.5643620892106966, ""atr_pct"": 0.0007508851993995642, ""retest_entry"": true}"
اتجاهي,dir,directional,BNBUSDT,هابط,Bollinger,-1,100315,100316,2024-11-09T15:55:00+00:00,2024-11-09T15:56:00+00:00,1,-0.0029530985487248034,-0.059061970974496066,20.0,زمني,0,False,True,,False,616.564975,616.75,0.0003,616.97,1,baseline,0,"{""close"": 616.75, ""rsi"": 42.205290125264504, ""rsi7"": 38.22042201284982, ""macd"": -0.0981662334824309, ""adx"": 20.856469110183426, ""stoch_k"": 37.06563706563951, ""stoch_d"": 42.29944229944429, ""mss"": 0.0, ""sfp"": 0.0, ""vr"": 0.9149564671526191, ""hurst"": 0.3508086603680411, ""atr14"": 0.45865380966033376, ""vol_sma20"": 323.7196, ""vol_ratio"": 0.40506660702657477, ""atr_pct"": 0.0007436624396600466, ""retest_entry"": true}"
اتجاهي,dir,directional,BNBUSDT,هابط,FVG,-1,100321,100322,2024-11-09T16:01:00+00:00,2024-11-09T16:02:00+00:00,1,-0.0044266349675448425,-0.08853269935089685,20.0,زمني,0,False,True,,False,616.2250769999999,616.41,0.0003,617.54,1,baseline,0,"{""close"": 616.4, ""rsi"": 39.01063432469068, ""rsi7"": 31.76588133096533, ""macd"": -0.06359749001829051, ""adx"": 16.183831641532823, ""stoch_k"": 30.396441990644508, ""stoch_d"": 37.883138564915654, ""mss"": 0.0, ""sfp"": 0.0, ""vr"": 0.8811724515985698, ""hurst"": 0.3423008684503023, ""atr14"": 0.4390081495530149, ""vol_sma20"": 342.1298, ""vol_ratio"": 1.3153691961355019, ""atr_pct"": 0.0007122130914228017, ""retest_entry"": true}"
اتجاهي,dir,directional,BNBUSDT,هابط,MicroBurst,-1,100326,100327,2024-11-09T16:06:00+00:00,2024-11-09T16:07:00+00:00,1,-0.0030821976053890562,-0.061643952107781126,20.0,زمني,0,False,True,,False,617.01484,617.2,0.0003,617.5,1,baseline,0,"{""close"": 617.19, ""rsi"": 50.0116867064972, ""rsi7"": 51.32060767247866, ""macd"": 0.08380424237217801, ""adx"": 16.024542073174292, ""stoch_k"": 73.4880952380969, ""stoch_d"": 69.57539682539753, ""mss"": 0.0, ""sfp"": 0.0, ""vr"": 0.9278678706035994, ""hurst"": 0.32118576856976094, ""atr14"": 0.454934760947792, ""vol_sma20"": 416.88885, ""vol_ratio"": 2.8575218550460155, ""atr_pct"": 0.0007371065003447754, ""retest_entry"": true}"
اتجاهي,dir,directional,BNBUSDT,هابط,Stochastic,-1,100337,100339,2024-11-09T16:17:00+00:00,2024-11-09T16:19:00+00:00,2,-0.0019105433389490522,-0.03821086677898104,20.0,قفل-ربح,0,False,True,,False,617.8146,618.0,0.0003,617.5748566839935,1,baseline,0,"{""close"": 618.01, ""rsi"": 53.46741562604517, ""rsi7"": 51.1010715784368, ""macd"": 0.12569022815550987, ""adx"": 22.076534597422437, ""stoch_k"": 76.33466295014743, ""stoch_d"": 80.13728020375589, ""mss"": 0.0, ""sfp"": 0.0, ""vr"": 1.1121462152512387, ""hurst"": 0.24406221588321045, ""atr14"": 0.5329314246456222, ""vol_sma20"": 343.1246, ""vol_ratio"": 0.6395198712071358, ""atr_pct"": 0.0008623346299341793, ""retest_entry"": true}"
اتجاهي,dir,directional,BNBUSDT,هابط,Stochastic,-1,100349,100356,2024-11-09T16:29:00+00:00,2024-11-09T16:36:00+00:00,7,-0.002072050152255735,-0.0414410030451147,20.0,قفل-ربح,0,False,True,,False,620.6274,621.0,0.0006,620.3005027942336,1,baseline,0,"{""close"": 621.0, ""rsi"": 68.19521925506947, ""rsi7"": 74.27140940811033, ""macd"": 0.28905230490646616, ""adx"": 23.92707454072201, ""stoch_k"": 87.99126637554616, ""stoch_d"": 90.93070388558014, ""mss"": 0.0, ""sfp"": 0.0, ""vr"": 1.4977878756007108, ""hurst"": 0.26546082711368013, ""atr14"": 0.7268743596522256, ""vol_sma20"": 649.36565, ""vol_ratio"": 1.530315008192996, ""atr_pct"": 0.0011704901121613938, ""retest_entry"": true}"
اتجاهي,dir,directional,BNBUSDT,هابط,FVG,-1,100360,100361,2024-11-09T16:40:00+00:00,2024-11-09T16:41:00+00:00,1,-0.002825624463461078,-0.05651248926922156,20.0,زمني,0,False,True,,False,619.0383539999999,619.41,0.0006,619.18,1,baseline,0,"{""close"": 619.4, ""rsi"": 50.45037061602882, ""rsi7"": 41.31837846530522, ""macd"": -0.09108156567942916, ""adx"": 19.00343315906584, ""stoch_k"": 38.135477063133784, ""stoch_d"": 50.39552515059055, ""mss"": 0.0, ""sfp"": 0.0, ""vr"": 1.2649305872001806, ""hurst"": 0.2593218802685376, ""atr14"": 0.6293277035491646, ""vol_sma20"": 670.78415, ""vol_ratio"": 0.5694111883830291, ""atr_pct"": 0.0010160279359850896, ""retest_entry"": true}"
اتجاهي,dir,directional,BNBUSDT,صاعد,FVG,1,100368,100369,2024-11-09T16:48:00+00:00,2024-11-09T16:49:00+00:00,1,-0.0023878004363846383,-0.04775600872769277,20.0,زمني,0,False,True,,False,620.216009,620.03,0.0003,620.16,1,baseline,0,"{""close"": 620.04, ""rsi"": 57.03913715666333, ""rsi7"": 61.32376409569368, ""macd"": -0.0535823372129679, ""adx"": 15.508894469845279, ""stoch_k"": 50.40650406504028, ""stoch_d"": 41.32791327913352, ""mss"": 0.0, ""sfp"": 0.0, ""vr"": 0.9841896126326829, ""hurst"": 0.26835361414747644, ""atr14"": 0.4913725842072137, ""vol_sma20"": 234.67135, ""vol_ratio"": 0.3148957041411319, ""atr_pct"": 0.0007924852980569217, ""retest_entry"": true}"
اتجاهي,dir,directional,BNBUSDT,صاعد,MicroBurst,1,100371,100375,2024-11-09T16:51:00+00:00,2024-11-09T16:55:00+00:00,4,-0.005290809190809106,-0.10581618381618212,20.0,وقف,0,False,True,,False,620.6161289999999,620.43,0.0003,618.7542806129999,1,baseline,0,"{""close"": 620.43, ""rsi"": 60.00001323357647, ""rsi7"": 66.50157055914812, ""macd"": 0.005340118720831566, ""adx"": 16.7471367483901, ""stoch_k"": 63.82113821138029, ""stoch_d"": 56.707317073169634, ""mss"": 0.0, ""sfp"": 0.0, ""vr"": 1.0382759092654974, ""hurst"": 0.27333255929546707, ""atr14"": 0.5191273934049654, ""vol_sma20"": 153.98094999999998, ""vol_ratio"": 1.542275197029243, ""atr_pct"": 0.0008367219402752372, ""retest_entry"": true}"
اتجاهي,dir,directional,BNBUSDT,صاعد,FVG,1,100399,100400,2024-11-09T17:19:00+00:00,2024-11-09T17:20:00+00:00,1,-0.003354781043345696,-0.06709562086691392,20.0,زمني,0,False,True,,False,613.381547,612.83,0.0009,613.1,1,baseline,0,"{""close"": 612.83, ""rsi"": 34.5854366706581, ""rsi7"": 43.248642450301816, ""macd"": -0.32661225472524125, ""adx"": 48.440617387481105, ""stoch_k"": 19.75606206822609, ""stoch_d"": 13.86668058716556, ""mss"": 0.0, ""sfp"": 0.0, ""vr"": 1.9792390614733293, ""hurst"": 0.4539198830406885, ""atr14"": 1.2126962852133327, ""vol_sma20"": 863.62205, ""vol_ratio"": 0.6439356197540348, ""atr_pct"": 0.0019788461485458165, ""retest_entry"": true}"
اتجاهي,dir,directional,BNBUSDT,صاعد,MACD,1,100404,100415,2024-11-09T17:24:00+00:00,2024-11-09T17:35:00+00:00,11,-0.0010828075015012985,-0.02165615003002597,20.0,تتبع,0,False,True,,False,614.162249,613.61,0.0009,614.910109882,1,baseline,0,"{""close"": 613.6, ""rsi"": 41.381668459634554, ""rsi7"": 53.330247134866724, ""macd"": 0.2882957090006766, ""adx"": 42.631327235730886, ""stoch_k"": 49.72885127072191, ""stoch_d"": 43.53380964525575, ""mss"": 0.0, ""sfp"": 0.0, ""vr"": 1.6592022348040396, ""hurst"": 0.49236606826921725, ""atr14"": 1.079666213902159, ""vol_sma20"": 907.4393, ""vol_ratio"": 0.14848155683801662, ""atr_pct"": 0.001759560322526335, ""retest_entry"": true}"
اتجاهي,dir,directional,BNBUSDT,صاعد,FVG,1,100421,100453,2024-11-09T17:41:00+00:00,2024-11-09T18:13:00+00:00,32,0.0005088598862623351,0.010177197725246702,20.0,تتبع,0,True,True,,False,616.274827,616.09,0.0003,618.008423914,1,baseline,0,"{""close"": 616.09, ""rsi"": 57.507220315947876, ""rsi7"": 67.21878074717165, ""macd"": 0.1749497184065786, ""adx"": 16.33480504988328, ""stoch_k"": 86.27570313387504, ""stoch_d"": 82.29581999240574, ""mss"": 0.0, ""sfp"": -1.0, ""vr"": 0.9403857101713086, ""hurst"": 0.4824242305714039, ""atr14"": 0.6805559916734881, ""vol_sma20"": 238.92399999999998, ""vol_ratio"": 0.20347474510723076, ""atr_pct"": 0.0011046372959689138, ""retest_entry"": true}"
اتجاهي,dir,directional,BNBUSDT,هابط,FVG,-1,100455,100456,2024-11-09T18:15:00+00:00,2024-11-09T18:16:00+00:00,1,-0.003420723095990521,-0.06841446191981042,20.0,زمني,0,False,True,,False,617.794606,617.98,0.0003,618.49,1,baseline,0,"{""close"": 617.97, ""rsi"": 52.029203641506214, ""rsi7"": 43.133576010709966, ""macd"": -0.15003386847802525, ""adx"": 18.84734510551157, ""stoch_k"": 16.693749999999568, ""stoch_d"": 23.164583333330327, ""mss"": 0.0, ""sfp"": 0.0, ""vr"": 0.5449578013214593, ""hurst"": 0.5931681760517692, ""atr14"": 0.37572702589137286, ""vol_sma20"": 148.46890000000002, ""vol_ratio"": 0.5756895888633915, ""atr_pct"": 0.0006080020484673574, ""retest_entry"": true}"
اتجاهي,dir,directional,BNBUSDT,هابط,Bollinger,-1,100461,100462,2024-11-09T18:21:00+00:00,2024-11-09T18:22:00+00:00,1,-0.0024840459084171057,-0.049680918168342116,20.0,زمني,0,False,True,,False,617.7346239999999,617.92,0.0003,617.85,1,baseline,0,"{""close"": 617.93, ""rsi"": 49.09523107887036, ""rsi7"": 41.13980819054533, ""macd"": -0.10491982180562676, ""adx"": 19.03208759811274, ""stoch_k"": 24.222222222222964, ""stoch_d"": 43.20370370370503, ""mss"": 0.0, ""sfp"": 0.0, ""vr"": 0.631091295865421, ""hurst"": 0.5839225745632126, ""atr14"": 0.42664352758466534, ""vol_sma20"": 143.41155, ""vol_ratio"": 0.6664037868637498, ""atr_pct"": 0.000690439900287517, ""retest_entry"": true}"
اتجاهي,dir,directional,BNBUSDT,هابط,FVG,-1,100477,100478,2024-11-09T18:37:00+00:00,2024-11-09T18:38:00+00:00,1,-0.0027747435243346574,-0.055494870486693146,20.0,زمني,0,False,True,,False,617.804603,617.99,0.0003,618.1,1,baseline,0,"{""close"": 617.99, ""rsi"": 47.17604574285651, ""rsi7"": 39.990786643435065, ""macd"": -0.037632759236272795, ""adx"": 16.38160694662675, ""stoch_k"": 51.56136528685331, ""stoch_d"": 67.08424110384541, ""mss"": 0.0, ""sfp"": 0.0, ""vr"": 0.5314184738478165, ""hurst"": 0.44623116026714454, ""atr14"": 0.3457523465183899, ""vol_sma20"": 94.12135, ""vol_ratio"": 0.9505601014010104, ""atr_pct"": 0.0005594788694289388, ""retest_entry"": true}"
اتجاهي,dir,directional,BNBUSDT,هابط,Stochastic,-1,100484,100492,2024-11-09T18:44:00+00:00,2024-11-09T18:52:00+00:00,8,-0.0016256430645855903,-0.032512861291711805,20.0,تتبع,0,False,True,,False,618.674342,618.86,0.0003,618.257598644,1,baseline,0,"{""close"": 618.86, ""rsi"": 58.04978268740336, ""rsi7"": 60.68132846026542, ""macd"": 0.06277058957414208, ""adx"": 19.00369893990213, ""stoch_k"": 86.28552971576092, ""stoch_d"": 93.77906976744106, ""mss"": 0.0, ""sfp"": 0.0, ""vr"": 0.5154155460644275, ""hurst"": 0.3074536922256342, ""atr14"": 0.32437251619393354, ""vol_sma20"": 83.70309999999999, ""vol_ratio"": 0.22277550054896414, ""atr_pct"": 0.0005241452286364178, ""retest_entry"": true}"
اتجاهي,dir,directional,BNBUSDT,هابط,FVG,-1,100497,100498,2024-11-09T18:57:00+00:00,2024-11-09T18:58:00+00:00,1,-0.0026455408698831564,-0.05291081739766313,20.0,زمني,0,False,True,,False,617.924567,618.11,0.0003,618.14,1,baseline,0,"{""close"": 618.11, ""rsi"": 44.92717452795834, ""rsi7"": 38.92928814224388, ""macd"": -0.074729141048372, ""adx"": 15.4323737206952, ""stoch_k"": 20.881012926467424, ""stoch_d"": 27.25418520872935, ""mss"": 0.0, ""sfp"": 0.0, ""vr"": 0.5275069337146945, ""hurst"": 0.43936676466460717, ""atr14"": 0.28854786804111715, ""vol_sma20"": 57.043899999999994, ""vol_ratio"": 0.7282987313279773, ""atr_pct"": 0.00046682284389690693, ""retest_entry"": true}"
اتجاهي,dir,directional,BNBUSDT,هابط,MicroBurst,-1,100505,100506,2024-11-09T19:05:00+00:00,2024-11-09T19:06:00+00:00,1,-0.002709922352520652,-0.05419844705041304,20.0,تتبع,0,False,True,,False,619.0342340000001,619.22,0.0003,619.29,1,baseline,0,"{""close"": 619.23, ""rsi"": 55.13161102509505, ""rsi7"": 54.161750129921465, ""macd"": 0.13921228597966306, ""adx"": 23.567124505263997, ""stoch_k"": 60.71871127633204, ""stoch_d"": 67.71786196622263, ""mss"": 0.0, ""sfp"": 0.0, ""vr"": 1.0607077699503922, ""hurst"": 0.3235821005144942, ""atr14"": 0.5144265661502433, ""vol_sma20"": 179.4658, ""vol_ratio"": 1.5534714692158618, ""atr_pct"": 0.0008307520083817697, ""retest_entry"": true}"
اتجاهي,dir,directional,BNBUSDT,هابط,FVG,-1,100509,100511,2024-11-09T19:09:00+00:00,2024-11-09T19:11:00+00:00,2,-0.0020486019338273177,-0.040972038676546356,20.0,تتبع,0,False,True,,False,617.419326,617.79,0.0006,617.079603468,1,baseline,0,"{""close"": 617.79, ""rsi"": 40.444911708955566, ""rsi7"": 30.717273668183935, ""macd"": -0.05745013606024174, ""adx"": 21.58976109155127, ""stoch_k"": 29.848850237196917, ""stoch_d"": 40.01871930553964, ""mss"": 0.0, ""sfp"": 0.0, ""vr"": 1.2066614236670183, ""hurst"": 0.28591929875775496, ""atr14"": 0.5609188139269373, ""vol_sma20"": 227.22705000000002, ""vol_ratio"": 3.062566714658312, ""atr_pct"": 0.0009079441459507881, ""retest_entry"": true}"
اتجاهي,dir,directional,BNBUSDT,هابط,FVG,-1,100517,100518,2024-11-09T19:17:00+00:00,2024-11-09T19:18:00+00:00,1,-0.004864278413510224,-0.09728556827020449,20.0,زمني,0,False,True,,False,615.6254379999999,616.18,0.0009,616.84,1,baseline,0,"{""close"": 616.1, ""rsi"": 32.10662585627287, ""rsi7"": 24.024557127632164, ""macd"": -0.2700920405444563, ""adx"": 28.67474267739513, ""stoch_k"": 12.39784058220583, ""stoch_d"": 9.773891933544581, ""mss"": 0.0, ""sfp"": 0.0, ""vr"": 1.5233197242732877, ""hurst"": 0.28383147520063223, ""atr14"": 0.6737763312747276, ""vol_sma20"": 382.78945000000004, ""vol_ratio"": 4.163377543451105, ""atr_pct"": 0.0010936152106390644, ""retest_entry"": true}"
اتجاهي,dir,directional,BNBUSDT,هابط,MicroBurst,-1,100533,100534,2024-11-09T19:33:00+00:00,2024-11-09T19:34:00+00:00,1,-0.004477772201969712,-0.08955544403939425,20.0,زمني,0,False,True,,False,614.83088,615.2,0.0006,615.99,1,baseline,0,"{""close"": 615.19, ""rsi"": 30.866989144554324, ""rsi7"": 22.093822799608816, ""macd"": -0.0051924321161497256, ""adx"": 35.12993855687854, ""stoch_k"": 21.825396825394435, ""stoch_d"": 41.469474218548804, ""mss"": 0.0, ""sfp"": 0.0, ""vr"": 1.287568686995599, ""hurst"": 0.3034395009036133, ""atr14"": 0.5734240645349702, ""vol_sma20"": 325.89035, ""vol_ratio"": 1.6076327513226458, ""atr_pct"": 0.0009321088843039876, ""retest_entry"": true}"
اتجاهي,dir,directional,BNBUSDT,هابط,Bollinger,-1,100538,100539,2024-11-09T19:38:00+00:00,2024-11-09T19:39:00+00:00,1,-0.0035292376254004378,-0.07058475250800876,20.0,زمني,0,False,True,,False,614.975452,615.16,0.0003,615.55,1,baseline,0,"{""close"": 615.17, ""rsi"": 35.24106074246167, ""rsi7"": 31.42774627066875, ""macd"": -0.003939257162684784, ""adx"": 39.009979791568185, ""stoch_k"": 28.35268154059891, ""stoch_d"": 37.61942823491293, ""mss"": 0.0, ""sfp"": 0.0, ""vr"": 1.1884569430063112, ""hurst"": 0.35590694542423884, ""atr14"": 0.534921370547579, ""vol_sma20"": 224.74825, ""vol_ratio"": 0.7948804940639137, ""atr_pct"": 0.0008695504828707171, ""retest_entry"": true}"
اتجاهي,dir,directional,BNBUSDT,هابط,MicroBurst,-1,100544,100545,2024-11-09T19:44:00+00:00,2024-11-09T19:45:00+00:00,1,-0.003376436468813407,-0.06752872937626814,20.0,زمني,0,False,True,,False,614.495596,614.68,0.0003,615.16,1,baseline,0,"{""close"": 614.68, ""rsi"": 33.32479691113731, ""rsi7"": 27.56275601837561, ""macd"": -0.03792141692819806, ""adx"": 40.82162844902228, ""stoch_k"": 3.242747848731802, ""stoch_d"": 9.70395462555426, ""mss"": 0.0, ""sfp"": 0.0, ""vr"": 1.0606857896189121, ""hurst"": 0.37028085570106156, ""atr14"": 0.4816631098717786, ""vol_sma20"": 184.4405, ""vol_ratio"": 1.544655322448161, ""atr_pct"": 0.0007835997752843409, ""retest_entry"": true}"
اتجاهي,dir,directional,BNBUSDT,هابط,FVG,-1,100560,100563,2024-11-09T20:00:00+00:00,2024-11-09T20:03:00+00:00,3,-0.001867440666997394,-0.037348813339947884,20.0,تتبع,0,False,True,,False,615.805203,615.99,0.0003,615.5396354540001,1,baseline,0,"{""close"": 615.98, ""rsi"": 54.17090096789412, ""rsi7"": 59.991979235535204, ""macd"": 0.1271115505951205, ""adx"": 24.08304659519195, ""stoch_k"": 85.42884990253218, ""stoch_d"": 89.63112910481198, ""mss"": 0.0, ""sfp"": 0.0, ""vr"": 0.7887566717133883, ""hurst"": 0.3588773787574815, ""atr14"": 0.3582941779047822, ""vol_sma20"": 169.40460000000002, ""vol_ratio"": 0.5049685781850078, ""atr_pct"": 0.0005816652779388652, ""retest_entry"": true}"
اتجاهي,dir,directional,BNBUSDT,هابط,FVG,-1,100571,100572,2024-11-09T20:11:00+00:00,2024-11-09T20:12:00+00:00,1,-0.003035513653556469,-0.06071027307112938,20.0,زمني,0,False,True,,False,614.445611,614.63,0.0003,614.9,1,baseline,0,"{""close"": 614.64, ""rsi"": 35.291882784366706, ""rsi7"": 24.44801269515537, ""macd"": -0.05315751377978656, ""adx"": 24.81394236608429, ""stoch_k"": 36.410141518237786, ""stoch_d"": 53.631305776479515, ""mss"": 0.0, ""sfp"": 0.0, ""vr"": 0.8967818900937204, ""hurst"": 0.3171572789207347, ""atr14"": 0.4047353559287762, ""vol_sma20"": 204.3568, ""vol_ratio"": 2.5468102847568566, ""atr_pct"": 0.0006584917283755958, ""retest_entry"": true}"
اتجاهي,dir,directional,BNBUSDT,هابط,Bollinger,-1,100579,100580,2024-11-09T20:19:00+00:00,2024-11-09T20:20:00+00:00,1,-0.0034421232960933582,-0.06884246592186716,20.0,زمني,0,False,True,,False,613.9557580000001,614.14,0.0003,614.66,1,baseline,0,"{""close"": 614.15, ""rsi"": 33.320232011925455, ""rsi7"": 25.03129512020429, ""macd"": -0.10395418236247048, ""adx"": 33.685723411748754, ""stoch_k"": 12.04304300550916, ""stoch_d"": 23.1045788392687, ""mss"": 0.0, ""sfp"": 0.0, ""vr"": 0.869167516390746, ""hurst"": 0.29264271731359315, ""atr14"": 0.39542409475352525, ""vol_sma20"": 231.5596, ""vol_ratio"": 2.033895377259246, ""atr_pct"": 0.0006438558898534971, ""retest_entry"": true}"
اتجاهي,dir,directional,BNBUSDT,هابط,Stochastic,-1,100604,100605,2024-11-09T20:44:00+00:00,2024-11-09T20:45:00+00:00,1,-0.0032430899574879945,-0.0648617991497599,20.0,زمني,0,False,True,,False,617.784609,617.97,0.0003,618.37,1,baseline,0,"{""close"": 617.97, ""rsi"": 74.6103203375502, ""rsi7"": 82.00851733442559, ""macd"": 0.21932729345753588, ""adx"": 38.426274433436, ""stoch_k"": 98.16091954023028, ""stoch_d"": 98.18915103851616, ""mss"": 0.0, ""sfp"": 0.0, ""vr"": 0.7945299272104802, ""hurst"": 0.361989981554825, ""atr14"": 0.37016963882443316, ""vol_sma20"": 238.36815, ""vol_ratio"": 0.14425584961749294, ""atr_pct"": 0.0005990090762082838, ""retest_entry"": true}"
اتجاهي,dir,directional,BNBUSDT,هابط,Bollinger,-1,100611,100612,2024-11-09T20:51:00+00:00,2024-11-09T20:52:00+00:00,1,-0.0027746716910995485,-0.05549343382199097,20.0,زمني,0,False,True,,False,618.054528,618.24,0.0003,618.35,1,baseline,0,"{""close"": 618.24, ""rsi"": 64.87489255269381, ""rsi7"": 57.85337740219441, ""macd"": 0.027670867222837625, ""adx"": 44.61367504305492, ""stoch_k"": 78.42887692237724, ""stoch_d"": 86.76997531360182, ""mss"": 0.0, ""sfp"": 0.0, ""vr"": 0.871992676676684, ""hurst"": 0.4781739147630378, ""atr14"": 0.39715716911050924, ""vol_sma20"": 214.6198, ""vol_ratio"": 0.8413576007432679, ""atr_pct"": 0.0006423996653573196, ""retest_entry"": true}"
اتجاهي,dir,directional,BNBUSDT,هابط,FVG,-1,100620,100621,2024-11-09T21:00:00+00:00,2024-11-09T21:01:00+00:00,1,-0.0024519834856818893,-0.04903966971363778,20.0,زمني,0,False,True,,False,618.7543180000001,618.94,0.0003,618.85,1,baseline,0,"{""close"": 618.94, ""rsi"": 61.868655747588505, ""rsi7"": 56.43384911026163, ""macd"": -0.02678677215133518, ""adx"": 46.729276300341574, ""stoch_k"": 48.76924168263014, ""stoch_d"": 63.15203372314415, ""mss"": 0.0, ""sfp"": 0.0, ""vr"": 1.0456756649309011, ""hurst"": 0.5145904000838174, ""atr14"": 0.45615049676685443, ""vol_sma20"": 254.68185000000003, ""vol_ratio"": 0.13846294896946917, ""atr_pct"": 0.0007369866170660393, ""retest_entry"": true}"
اتجاهي,dir,directional,BNBUSDT,هابط,Bollinger,-1,100624,100625,2024-11-09T21:04:00+00:00,2024-11-09T21:05:00+00:00,1,-0.0028391208408442815,-0.05678241681688563,20.0,زمني,0,False,True,,False,618.364435,618.55,0.0003,618.7,1,baseline,0,"{""close"": 618.55, ""rsi"": 54.96515138720129, ""rsi7"": 45.342373706266436, ""macd"": -0.1299228323253574, ""adx"": 45.13632019181852, ""stoch_k"": 23.28916202547886, ""stoch_d"": 30.33523248618494, ""mss"": 0.0, ""sfp"": 0.0, ""vr"": 1.0281304328615701, ""hurst"": 0.5157692232014882, ""atr14"": 0.4395422307933739, ""vol_sma20"": 252.77070000000003, ""vol_ratio"": 0.31225533655601695, ""atr_pct"": 0.0007106009712931435, ""retest_entry"": true}"
اتجاهي,dir,directional,BNBUSDT,هابط,FVG,-1,100631,100634,2024-11-09T21:11:00+00:00,2024-11-09T21:14:00+00:00,3,-0.0019830544427571583,-0.03966108885514317,20.0,قفل-ربح,0,False,True,,False,618.2844590000001,618.47,0.0003,618.0894690924714,1,baseline,0,"{""close"": 618.47, ""rsi"": 50.559265482319, ""rsi7"": 39.430091448028755, ""macd"": -0.12871002121951597, ""adx"": 38.472553090063265, ""stoch_k"": 19.50635454630429, ""stoch_d"": 29.78888265894177, ""mss"": 0.0, ""sfp"": 0.0, ""vr"": 1.0416179345083771, ""hurst"": 0.5074917723002373, ""atr14"": 0.43344093790066823, ""vol_sma20"": 364.33725, ""vol_ratio"": 0.2789777877502232, ""atr_pct"": 0.0007008277489622264, ""retest_entry"": true}"
اتجاهي,dir,directional,BNBUSDT,هابط,KAMA,-1,100640,100649,2024-11-09T21:20:00+00:00,2024-11-09T21:29:00+00:00,9,-0.005290809190808995,-0.1058161838161799,20.0,وقف,0,False,True,,False,616.704933,616.89,0.0003,618.5550477989999,1,baseline,0,"{""close"": 616.9, ""rsi"": 33.95639438308184, ""rsi7"": 24.35139663283536, ""macd"": -0.2152524358339028, ""adx"": 27.379248051808396, ""stoch_k"": 10.241172849868825, ""stoch_d"": 11.51583128925534, ""mss"": 0.0, ""sfp"": 0.0, ""vr"": 1.0814427522096548, ""hurst"": 0.5302840945813629, ""atr14"": 0.43646719590286037, ""vol_sma20"": 262.77619999999996, ""vol_ratio"": 0.32176049429133996, ""atr_pct"": 0.0007075169328948944, ""retest_entry"": true}"
اتجاهي,dir,directional,BNBUSDT,هابط,MicroBurst,-1,100652,100671,2024-11-09T21:32:00+00:00,2024-11-09T21:51:00+00:00,19,-0.005290809190808995,-0.1058161838161799,20.0,وقف,0,False,True,,False,618.064525,618.25,0.0003,619.918718575,1,baseline,0,"{""close"": 618.25, ""rsi"": 54.36646641363462, ""rsi7"": 58.68642769381465, ""macd"": 0.11641982114618554, ""adx"": 19.321387317969094, ""stoch_k"": 84.79853479853564, ""stoch_d"": 89.38310366881858, ""mss"": 0.0, ""sfp"": 0.0, ""vr"": 1.0181168582362665, ""hurst"": 0.538683331068812, ""atr14"": 0.40496296557427214, ""vol_sma20"": 169.2329, ""vol_ratio"": 1.5455800851962, ""atr_pct"": 0.0006550149059025833, ""retest_entry"": true}"
اتجاهي,dir,directional,BNBUSDT,صاعد,RSI,1,106283,106284,2024-11-13T19:23:00+00:00,2024-11-13T19:24:00+00:00,1,-0.00597648608263485,-0.119529721652697,20.0,زمني,0,False,True,symbol_collision,True,621.248621,620.69,0.0009,619.33,1,baseline,0,"{""close"": 620.7, ""rsi"": 44.033186997554296, ""rsi7"": 48.65159853355918, ""macd"": -0.31802285306328315, ""adx"": 44.617047598494516, ""stoch_k"": 38.52280955829135, ""stoch_d"": 23.639011927198272, ""mss"": 0.0, ""sfp"": 0.0, ""vr"": 2.1288120576578526, ""hurst"": 0.33745933148430124, ""atr14"": 2.176319187910051, ""vol_sma20"": 2184.80565, ""vol_ratio"": 0.44991736450333697, ""atr_pct"": 0.0035062335877397307, ""retest_entry"": true}"
اتجاهي,dir,directional,BNBUSDT,صاعد,FVG,1,106291,106292,2024-11-13T19:31:00+00:00,2024-11-13T19:32:00+00:00,1,-0.007006972987961696,-0.14013945975923392,20.0,وقف,0,False,True,symbol_collision,True,617.9456509999999,617.39,0.0009,615.3985955695119,1,baseline,0,"{""close"": 617.38, ""rsi"": 41.58292888765053, ""rsi7"": 44.8532402684872, ""macd"": -0.0632751428498941, ""adx"": 42.75497966100728, ""stoch_k"": 28.30798509300951, ""stoch_d"": 20.651854043186457, ""mss"": 0.0, ""sfp"": 0.0, ""vr"": 1.9682337406000885, ""hurst"": 0.35850751460864966, ""atr14"": 2.212803411953211, ""vol_sma20"": 1663.8993500000001, ""vol_ratio"": 0.44071535937555356, ""atr_pct"": 0.0035841838283605094, ""retest_entry"": true}"
اتجاهي,dir,directional,BNBUSDT,صاعد,FVG,1,106305,106307,2024-11-13T19:45:00+00:00,2024-11-13T19:47:00+00:00,2,-0.0026419487201726046,-0.05283897440345209,20.0,زمني,0,False,True,symbol_collision,True,614.672708,614.12,0.0009,614.83,1,baseline,0,"{""close"": 614.12, ""rsi"": 44.91491682829503, ""rsi7"": 53.80445677748893, ""macd"": 0.1578346446470622, ""adx"": 48.30017114065076, ""stoch_k"": 32.91509809037503, ""stoch_d"": 23.106980552335756, ""mss"": 0.0, ""sfp"": 0.0, ""vr"": 1.7064532313299106, ""hurst"": 0.3218512536071567, ""atr14"": 2.2604188234254403, ""vol_sma20"": 1230.9964, ""vol_ratio"": 0.7400882732069729, ""atr_pct"": 0.003680744518050935, ""retest_entry"": true}"
اتجاهي,dir,directional,BNBUSDT,هابط,Stochastic,-1,120982,120983,2024-11-24T00:22:00+00:00,2024-11-24T00:23:00+00:00,1,-0.0026633920488974383,-0.05326784097794877,20.0,زمني,0,False,True,symbol_collision,True,655.186652,655.58,0.0006,655.23,1,baseline,0,"{""close"": 655.57, ""rsi"": 66.80676099063955, ""rsi7"": 72.74152821292287, ""macd"": 0.3187728284263456, ""adx"": 17.465049469833797, ""stoch_k"": 94.75842009834355, ""stoch_d"": 96.5768083959079, ""mss"": 0.0, ""sfp"": 0.0, ""vr"": 1.2754794544586336, ""hurst"": 0.3746435048980739, ""atr14"": 0.9224178320560544, ""vol_sma20"": 424.07340000000005, ""vol_ratio"": 1.3211675148688882, ""atr_pct"": 0.0014070470461675403, ""retest_entry"": true}"
اتجاهي,dir,directional,BNBUSDT,هابط,Bollinger,-1,120986,120987,2024-11-24T00:26:00+00:00,2024-11-24T00:27:00+00:00,1,-0.004393493685025566,-0.08786987370051132,20.0,زمني,0,False,True,symbol_collision,True,655.363332,655.56,0.0003,656.74,1,baseline,0,"{""close"": 655.55, ""rsi"": 62.93375035966113, ""rsi7"": 62.44431194344827, ""macd"": 0.12753552827306347, ""adx"": 18.22978883478274, ""stoch_k"": 87.88598574821943, ""stoch_d"": 89.42721721493824, ""mss"": 0.0, ""sfp"": 0.0, ""vr"": 1.1844620583665058, ""hurst"": 0.43393771260792174, ""atr14"": 0.8751722121343399, ""vol_sma20"": 411.02555, ""vol_ratio"": 1.0985740424165844, ""atr_pct"": 0.0013350197729148654, ""retest_entry"": true}"
اتجاهي,dir,directional,BNBUSDT,هابط,RSI,-1,120991,120992,2024-11-24T00:31:00+00:00,2024-11-24T00:32:00+00:00,1,-0.0027338008040896696,-0.05467601608179339,20.0,زمني,0,False,True,symbol_collision,True,656.8728790000001,657.07,0.0003,657.16,1,baseline,0,"{""close"": 657.07, ""rsi"": 68.55044050598497, ""rsi7"": 72.79126033101323, ""macd"": 0.10153346714228673, ""adx"": 22.53460396219331, ""stoch_k"": 95.77418067120614, ""stoch_d"": 95.98206850188369, ""mss"": 0.0, ""sfp"": 0.0, ""vr"": 1.063806043179934, ""hurst"": 0.4684800110525867, ""atr14"": 0.8038018685666642, ""vol_sma20"": 464.13705, ""vol_ratio"": 0.635756184514897, ""atr_pct"": 0.0012233123846266975, ""retest_entry"": true}"
اتجاهي,dir,directional,BNBUSDT,هابط,FVG,-1,120996,120997,2024-11-24T00:36:00+00:00,2024-11-24T00:37:00+00:00,1,-0.0030536034467280437,-0.06107206893456087,20.0,زمني,0,False,True,symbol_collision,True,655.6632420000001,655.86,0.0003,656.16,1,baseline,0,"{""close"": 655.85, ""rsi"": 54.134016337046944, ""rsi7"": 41.693823580422325, ""macd"": -0.1378625488460028, ""adx"": 22.655896836655252, ""stoch_k"": 71.31147540983663, ""stoch_d"": 85.03010685322505, ""mss"": 0.0, ""sfp"": 0.0, ""vr"": 1.0156125196456067, ""hurst"": 0.4584927567441424, ""atr14"": 0.7814777458531508, ""vol_sma20"": 425.4031, ""vol_ratio"": 0.7368822653149448, ""atr_pct"": 0.0011915495095725405, ""retest_entry"": true}"
اتجاهي,dir,directional,BNBUSDT,هابط,OBV,-1,120999,121005,2024-11-24T00:39:00+00:00,2024-11-24T00:45:00+00:00,6,-0.005290809190808885,-0.10581618381617769,20.0,وقف,0,False,True,symbol_collision,True,655.213377,655.41,0.0003,657.1790171309999,1,baseline,0,"{""close"": 655.41, ""rsi"": 49.79684136150868, ""rsi7"": 37.57392825136788, ""macd"": -0.2806723767389201, ""adx"": 19.303842055320647, ""stoch_k"": 37.871584699452654, ""stoch_d"": 49.053734061930335, ""mss"": 0.0, ""sfp"": 0.0, ""vr"": 0.9983656469378703, ""hurst"": 0.4346221337893453, ""atr14"": 0.7775424954954041, ""vol_sma20"": 376.51484999999997, ""vol_ratio"": 0.3232887095953852, ""atr_pct"": 0.0011863451816350133, ""retest_entry"": true}"
اتجاهي,dir,directional,BNBUSDT,هابط,Stochastic,-1,121017,121020,2024-11-24T00:57:00+00:00,2024-11-24T01:00:00+00:00,3,-0.0018006456863076934,-0.03601291372615387,20.0,تتبع,0,False,True,,False,660.731721,660.93,0.0003,660.402543578,1,baseline,0,"{""close"": 660.92, ""rsi"": 67.54535240839706, ""rsi7"": 64.86195506144084, ""macd"": 0.10823100871436386, ""adx"": 34.22757139534733, ""stoch_k"": 89.54312449025899, ""stoch_d"": 89.57462848002349, ""mss"": 0.0, ""sfp"": 0.0, ""vr"": 0.9922389759839149, ""hurst"": 0.3660068557199974, ""atr14"": 0.8222451930801068, ""vol_sma20"": 454.16709999999995, ""vol_ratio"": 0.29919604480377376, ""atr_pct"": 0.0012440918614659972, ""retest_entry"": true}"
اتجاهي,dir,directional,BNBUSDT,صاعد,KAMA,1,135677,135678,2024-12-04T05:17:00+00:00,2024-12-04T05:18:00+00:00,1,-0.0024379322945754724,-0.048758645891509446,20.0,زمني,0,False,True,symbol_collision,True,753.0258399999999,752.8,0.0003,752.92,1,baseline,0,"{""close"": 752.79, ""rsi"": 46.746485142114636, ""rsi7"": 46.99098732555967, ""macd"": -0.0236395372488159, ""adx"": 15.757656805069875, ""stoch_k"": 46.79186228482001, ""stoch_d"": 48.31582921480345, ""mss"": 0.0, ""sfp"": 0.0, ""vr"": 0.9351925671079336, ""hurst"": 0.3724487386461326, ""atr14"": 1.100954072555214, ""vol_sma20"": 714.85405, ""vol_ratio"": 0.7926163389575817, ""atr_pct"": 0.0014624982698431357, ""retest_entry"": true}"
اتجاهي,dir,directional,BNBUSDT,صاعد,Bollinger,1,135685,135692,2024-12-04T05:25:00+00:00,2024-12-04T05:32:00+00:00,7,0.0008803246747217571,0.017606493494435143,20.0,تتبع,0,True,True,symbol_collision,True,751.715447,751.49,0.0003,754.1099207540001,1,baseline,0,"{""close"": 751.48, ""rsi"": 43.76661066793549, ""rsi7"": 45.35013598729374, ""macd"": -0.1666309290006326, ""adx"": 20.34127009388984, ""stoch_k"": 28.15338317197079, ""stoch_d"": 19.6500976302639, ""mss"": 0.0, ""sfp"": 0.0, ""vr"": 0.9723347869356401, ""hurst"": 0.3933037946456768, ""atr14"": 1.134620426663025, ""vol_sma20"": 785.5952, ""vol_ratio"": 1.0092513294378582, ""atr_pct"": 0.0015098478025536608, ""retest_entry"": true}"
اتجاهي,dir,directional,BNBUSDT,صاعد,FVG,1,135696,135697,2024-12-04T05:36:00+00:00,2024-12-04T05:37:00+00:00,1,-0.0036515531542843467,-0.07303106308568694,20.0,زمني,0,False,True,symbol_collision,True,756.816977,756.59,0.0003,755.79,1,baseline,0,"{""close"": 756.55, ""rsi"": 68.05337692002395, ""rsi7"": 79.2427680954782, ""macd"": 0.6190183682689798, ""adx"": 23.265856239431592, ""stoch_k"": 92.83659410287173, ""stoch_d"": 91.01041814180172, ""mss"": 0.0, ""sfp"": 0.0, ""vr"": 1.1112271393348605, ""hurst"": 0.3685985192081904, ""atr14"": 1.2823832931639272, ""vol_sma20"": 946.9931, ""vol_ratio"": 1.235639414901756, ""atr_pct"": 0.0016950410325344356, ""retest_entry"": true}"
اتجاهي,dir,directional,BNBUSDT,صاعد,Bollinger,1,135710,135712,2024-12-04T05:50:00+00:00,2024-12-04T05:52:00+00:00,2,0.0005405172603986057,0.010810345207972114,20.0,تتبع,0,True,True,symbol_collision,True,758.707544,758.48,0.0003,760.865881808,1,baseline,0,"{""close"": 758.48, ""rsi"": 71.87476444235533, ""rsi7"": 80.6831847882227, ""macd"": 0.1303777671523959, ""adx"": 32.17825088381439, ""stoch_k"": 96.23810924781772, ""stoch_d"": 86.11052848768249, ""mss"": 0.0, ""sfp"": 0.0, ""vr"": 0.9494654729079395, ""hurst"": 0.40084194410786167, ""atr14"": 1.0786792874025435, ""vol_sma20"": 1040.9883000000002, ""vol_ratio"": 1.6739323583175716, ""atr_pct"": 0.0014221591701858236, ""retest_entry"": true}"
اتجاهي,dir,directional,BNBUSDT,صاعد,OBV,1,135732,135735,2024-12-04T06:12:00+00:00,2024-12-04T06:15:00+00:00,3,-0.005888411588411386,-0.11776823176822772,20.0,وقف,0,False,True,symbol_collision,True,764.937825,764.25,0.0009,762.643011525,1,baseline,0,"{""close"": 764.25, ""rsi"": 66.82869624651829, ""rsi7"": 73.54189173455282, ""macd"": -0.024334839319368307, ""adx"": 28.75019964775638, ""stoch_k"": 78.39659234081556, ""stoch_d"": 58.75725278115723, ""mss"": 0.0, ""sfp"": 0.0, ""vr"": 1.5890529922393173, ""hurst"": 0.42191659819787264, ""atr14"": 1.851054576729076, ""vol_sma20"": 1950.08705, ""vol_ratio"": 3.0960464046976774, ""atr_pct"": 0.0024220537477645746, ""retest_entry"": true}"
اتجاهي,dir,directional,BNBUSDT,صاعد,FVG,1,135746,135759,2024-12-04T06:26:00+00:00,2024-12-04T06:39:00+00:00,13,0.0031909977659153564,0.06381995531830713,20.0,تتبع,0,True,True,symbol_collision,True,756.723762,756.27,0.0006,760.886757084,1,baseline,0,"{""close"": 756.27, ""rsi"": 39.01307010877441, ""rsi7"": 31.051060684008718, ""macd"": -0.6730952812535171, ""adx"": 20.95942145686961, ""stoch_k"": 10.804816223067192, ""stoch_d"": 8.90419497600208, ""mss"": 0.0, ""sfp"": 0.0, ""vr"": 1.311176498810719, ""hurst"": 0.3985695848965274, ""atr14"": 1.6452746739465782, ""vol_sma20"": 1808.33825, ""vol_ratio"": 0.3521913004936991, ""atr_pct"": 0.002175512282579738, ""retest_entry"": true}"
اتجاهي,dir,directional,BNBUSDT,صاعد,FVG,1,135764,135766,2024-12-04T06:44:00+00:00,2024-12-04T06:46:00+00:00,2,-0.0014583488530083325,-0.02916697706016665,20.0,تتبع,0,False,True,symbol_collision,True,763.318927,763.09,0.0003,763.9610968860001,1,baseline,0,"{""close"": 763.09, ""rsi"": 61.392167495529684, ""rsi7"": 67.21399329733356, ""macd"": 0.2963108924127523, ""adx"": 23.80397619510699, ""stoch_k"": 82.91660112712104, ""stoch_d"": 75.57115015356771, ""mss"": 0.0, ""sfp"": 0.0, ""vr"": 1.0778680293568823, ""hurst"": 0.38458109299561305, ""atr14"": 1.45118770576824, ""vol_sma20"": 824.5582, ""vol_ratio"": 1.488406761342013, ""atr_pct"": 0.0019017254921021636, ""retest_entry"": true}"
اتجاهي,dir,directional,BNBUSDT,صاعد,Stochastic,1,135777,135778,2024-12-04T06:57:00+00:00,2024-12-04T06:58:00+00:00,1,-0.002688886096624477,-0.05377772193248954,20.0,زمني,0,False,True,symbol_collision,True,759.42776,759.2,0.0003,759.13,1,baseline,0,"{""close"": 759.21, ""rsi"": 43.88530580969449, ""rsi7"": 37.46148648785551, ""macd"": -0.48949357540236704, ""adx"": 20.485790572325232, ""stoch_k"": 11.897589897589503, ""stoch_d"": 10.783798123424965, ""mss"": 0.0, ""sfp"": 0.0, ""vr"": 1.1491686411389066, ""hurst"": 0.38463993322836487, ""atr14"": 1.6445045040070354, ""vol_sma20"": 1133.2103000000002, ""vol_ratio"": 0.4505350860294862, ""atr_pct"": 0.002166073291983819, ""retest_entry"": true}"
اتجاهي,dir,directional,BNBUSDT,صاعد,Bollinger,1,135781,135782,2024-12-04T07:01:00+00:00,2024-12-04T07:02:00+00:00,1,-0.0014026681059460782,-0.028053362118921565,20.0,قفل-ربح,0,False,True,symbol_collision,True,758.637523,758.41,0.0003,759.3180932701075,1,baseline,0,"{""close"": 758.41, ""rsi"": 42.03705244697495, ""rsi7"": 36.529612885189486, ""macd"": -0.4199170623091144, ""adx"": 19.24924620869535, ""stoch_k"": 9.592880738855703, ""stoch_d"": 10.275669029647835, ""mss"": 0.0, ""sfp"": 0.0, ""vr"": 1.0438948061682682, ""hurst"": 0.38242755955665914, ""atr14"": 1.511924800576445, ""vol_sma20"": 1098.6297, ""vol_ratio"": 0.8075878523946695, ""atr_pct"": 0.001993545444517405, ""retest_entry"": true}"
اتجاهي,dir,directional,BNBUSDT,صاعد,MACD,1,135785,135786,2024-12-04T07:05:00+00:00,2024-12-04T07:06:00+00:00,1,-0.001490376816707303,-0.02980753633414606,20.0,تتبع,0,False,True,symbol_collision,True,760.898201,760.67,0.0003,761.513908218,1,baseline,0,"{""close"": 760.66, ""rsi"": 51.894947647849634, ""rsi7"": 56.59612328453879, ""macd"": 0.034337452985357175, ""adx"": 16.476613594617927, ""stoch_k"": 51.2967854845061, ""stoch_d"": 40.55621228283375, ""mss"": 0.0, ""sfp"": 0.0, ""vr"": 1.0627469222377977, ""hurst"": 0.34385622818167544, ""atr14"": 1.5602861888084179, ""vol_sma20"": 1098.9728, ""vol_ratio"": 0.3650217730593514, ""atr_pct"": 0.002051226814619433, ""retest_entry"": true}"
اتجاهي,dir,directional,BNBUSDT,صاعد,FVG,1,135791,135795,2024-12-04T07:11:00+00:00,2024-12-04T07:15:00+00:00,4,-0.0013279888890775913,-0.026559777781551826,20.0,قفل-ربح,0,False,True,symbol_collision,True,759.42776,759.2,0.0003,760.1658832692856,1,baseline,0,"{""close"": 759.21, ""rsi"": 47.26541606427469, ""rsi7"": 46.79948483601375, ""macd"": -0.07444623449648735, ""adx"": 14.49356289564902, ""stoch_k"": 28.47478474784707, ""stoch_d"": 26.313005065533932, ""mss"": 0.0, ""sfp"": 0.0, ""vr"": 1.0910849552714554, ""hurst"": 0.2900104937411999, ""atr14"": 1.6398035959607897, ""vol_sma20"": 901.9664, ""vol_ratio"": 0.5723372844043858, ""atr_pct"": 0.002159881450403432, ""retest_entry"": true}"
اتجاهي,dir,directional,BNBUSDT,صاعد,MicroBurst,1,135805,135806,2024-12-04T07:25:00+00:00,2024-12-04T07:26:00+00:00,1,-0.0019490700066769255,-0.03898140013353851,20.0,زمني,0,False,True,symbol_collision,True,754.606314,754.38,0.0003,754.87,1,baseline,0,"{""close"": 754.37, ""rsi"": 32.9526259448854, ""rsi7"": 24.867405595782117, ""macd"": -0.6253493776845077, ""adx"": 20.137892298408026, ""stoch_k"": 10.980851895271961, ""stoch_d"": 7.564695840366766, ""mss"": 0.0, ""sfp"": 0.0, ""vr"": 1.0028288271607242, ""hurst"": 0.24191312915566757, ""atr14"": 1.5465166155996504, ""vol_sma20"": 1001.8634500000001, ""vol_ratio"": 1.9077150683558721, ""atr_pct"": 0.0020500770385880277, ""retest_entry"": true}"
اتجاهي,dir,directional,BNBUSDT,صاعد,FVG,1,135811,135812,2024-12-04T07:31:00+00:00,2024-12-04T07:32:00+00:00,1,-0.00201663899560375,-0.040332779912075,20.0,زمني,0,False,True,symbol_collision,True,756.5068839999999,756.28,0.0003,756.72,1,baseline,0,"{""close"": 756.28, ""rsi"": 44.77689510819646, ""rsi7"": 53.67155573452753, ""macd"": 0.03228152087510594, ""adx"": 24.56268348989966, ""stoch_k"": 36.2500168438646, ""stoch_d"": 29.99011135608184, ""mss"": 0.0, ""sfp"": 0.0, ""vr"": 0.8181772997371188, ""hurst"": 0.26011284887716285, ""atr14"": 1.2749778590375302, ""vol_sma20"": 1016.5215000000001, ""vol_ratio"": 0.8846896007610267, ""atr_pct"": 0.0016858542590542263, ""retest_entry"": true}"
اتجاهي,dir,directional,BNBUSDT,صاعد,FVG,1,135825,135825,2024-12-04T07:45:00+00:00,2024-12-04T07:45:00+00:00,0,-0.005290809190809106,-0.10581618381618212,20.0,وقف,0,False,True,symbol_collision,True,761.548396,761.32,0.0003,759.263750812,1,baseline,0,"{""close"": 761.33, ""rsi"": 66.94333912829148, ""rsi7"": 79.3953590786384, ""macd"": 0.46591880440377315, ""adx"": 21.01642455828162, ""stoch_k"": 94.5873015873021, ""stoch_d"": 95.12246152495167, ""mss"": 0.0, ""sfp"": 0.0, ""vr"": 0.7144783852695055, ""hurst"": 0.2587304268809214, ""atr14"": 1.0958677215361263, ""vol_sma20"": 850.01885, ""vol_ratio"": 1.3326128002926054, ""atr_pct"": 0.0014394122411255648, ""retest_entry"": true}"
اتجاهي,dir,directional,BNBUSDT,صاعد,FVG,1,135829,135835,2024-12-04T07:49:00+00:00,2024-12-04T07:55:00+00:00,6,0.000507071230472532,0.01014142460945064,20.0,تتبع,0,True,True,symbol_collision,True,761.0082339999999,760.78,0.0003,763.147605388,1,baseline,0,"{""close"": 760.78, ""rsi"": 58.801542266509735, ""rsi7"": 59.453110738298626, ""macd"": 0.2812287087559201, ""adx"": 20.806485345944548, ""stoch_k"": 80.33848618099998, ""stoch_d"": 78.80680167257132, ""mss"": 0.0, ""sfp"": 0.0, ""vr"": 0.8018496834004644, ""hurst"": 0.26510995775332963, ""atr14"": 1.2216372864117413, ""vol_sma20"": 875.4547, ""vol_ratio"": 0.646670810037344, ""atr_pct"": 0.001605769455574202, ""retest_entry"": true}"
اتجاهي,dir,directional,BNBUSDT,صاعد,MicroBurst,1,135841,135843,2024-12-04T08:01:00+00:00,2024-12-04T08:03:00+00:00,2,-0.005290809190809106,-0.10581618381618212,20.0,وقف,0,False,True,symbol_collision,True,768.0303399999999,767.8,0.0003,765.7262489799999,1,baseline,0,"{""close"": 767.8, ""rsi"": 81.33647531414405, ""rsi7"": 92.82726250812263, ""macd"": 0.3467466805969741, ""adx"": 31.21045931455956, ""stoch_k"": 96.37818384529002, ""stoch_d"": 94.96248250970861, ""mss"": 0.0, ""sfp"": 0.0, ""vr"": 0.8930813787687296, ""hurst"": 0.4642282480367598, ""atr14"": 1.2905182303699065, ""vol_sma20"": 1282.462, ""vol_ratio"": 3.0739725621499896, ""atr_pct"": 0.0016807999874575497, ""retest_entry"": true}"
اتجاهي,dir,directional,BNBUSDT,صاعد,Bollinger,1,135853,135854,2024-12-04T08:13:00+00:00,2024-12-04T08:14:00+00:00,1,-0.0036286744720855175,-0.07257348944171035,20.0,زمني,0,False,True,symbol_collision,True,763.92911,763.7,0.0003,762.91,1,baseline,0,"{""close"": 763.69, ""rsi"": 51.12458362912505, ""rsi7"": 46.712832207913, ""macd"": -0.482924597478548, ""adx"": 21.388231240460694, ""stoch_k"": 26.24363493928742, ""stoch_d"": 26.76589633111385, ""mss"": 0.0, ""sfp"": 0.0, ""vr"": 1.1694482058265943, ""hurst"": 0.46751922752235714, ""atr14"": 1.6909091252831139, ""vol_sma20"": 1650.925, ""vol_ratio"": 0.2146009055529476, ""atr_pct"": 0.0022141302430084375, ""retest_entry"": true}"
اتجاهي,dir,directional,BNBUSDT,صاعد,Bollinger,1,135857,135858,2024-12-04T08:17:00+00:00,2024-12-04T08:18:00+00:00,1,-0.005290809190808995,-0.1058161838161799,20.0,وقف,0,False,True,symbol_collision,True,766.4996239999999,766.04,0.0006,764.200125128,1,baseline,0,"{""close"": 766.17, ""rsi"": 60.35447966252122, ""rsi7"": 65.90033742727647, ""macd"": -0.10265518229784476, ""adx"": 19.07970409758448, ""stoch_k"": 50.64387310988434, ""stoch_d"": 34.70346103271121, ""mss"": 0.0, ""sfp"": 0.0, ""vr"": 1.208147702419896, ""hurst"": 0.4558488777451088, ""atr14"": 1.761090835256433, ""vol_sma20"": 1495.5922, ""vol_ratio"": 0.603082177080089, ""atr_pct"": 0.002298564072276953, ""retest_entry"": true}"
اتجاهي,dir,directional,BNBUSDT,صاعد,FVG,1,135862,135866,2024-12-04T08:22:00+00:00,2024-12-04T08:26:00+00:00,4,-0.001032248978619762,-0.02064497957239524,20.0,تتبع,0,False,True,symbol_collision,True,766.849834,766.39,0.0006,768.053197412,1,baseline,0,"{""close"": 766.4, ""rsi"": 58.260441590450235, ""rsi7"": 60.91707729401152, ""macd"": 0.09046688651186419, ""adx"": 17.765067213637074, ""stoch_k"": 70.1503225707524, ""stoch_d"": 63.0235818326175, ""mss"": 0.0, ""sfp"": 0.0, ""vr"": 1.2699187272581676, ""hurst"": 0.4501712037806611, ""atr14"": 1.8733764567867344, ""vol_sma20"": 1205.3417000000002, ""vol_ratio"": 1.2755221195782074, ""atr_pct"": 0.002444384729627785, ""retest_entry"": true}"
اتجاهي,dir,directional,BNBUSDT,صاعد,FVG,1,135873,135875,2024-12-04T08:33:00+00:00,2024-12-04T08:35:00+00:00,2,-0.0015516134365243122,-0.031032268730486243,20.0,قفل-ربح,0,False,True,symbol_collision,True,771.5626599999999,771.1,0.0006,772.3716531476693,1,baseline,0,"{""close"": 771.1, ""rsi"": 68.16411227077086, ""rsi7"": 75.00995338658487, ""macd"": 0.2690041688863558, ""adx"": 26.007399588780167, ""stoch_k"": 94.63247863247845, ""stoch_d"": 85.15359136497325, ""mss"": 0.0, ""sfp"": 0.0, ""vr"": 1.2016120339664347, ""hurst"": 0.39520471277224095, ""atr14"": 1.7966845396528062, ""vol_sma20"": 1327.74865, ""vol_ratio"": 2.922028201647955, ""atr_pct"": 0.0023300279336698304, ""retest_entry"": true}"
اتجاهي,dir,directional,BNBUSDT,صاعد,Stochastic,1,135883,135887,2024-12-04T08:43:00+00:00,2024-12-04T08:47:00+00:00,4,0.0012002963703775813,0.024005927407551624,20.0,تتبع,0,True,True,symbol_collision,True,769.1412079999999,768.68,0.0006,772.069781456,1,baseline,0,"{""close"": 768.67, ""rsi"": 51.99771200716111, ""rsi7"": 49.08076259746088, ""macd"": -0.5353530046345074, ""adx"": 22.150914930985945, ""stoch_k"": 21.460020759889115, ""stoch_d"": 15.735431374215802, ""mss"": 0.0, ""sfp"": 0.0, ""vr"": 1.3174672232719122, ""hurst"": 0.29285678119202135, ""atr14"": 2.0148583891302616, ""vol_sma20"": 1925.0027999999998, ""vol_ratio"": 0.5243862502433764, ""atr_pct"": 0.0026212267801921, ""retest_entry"": true}"
اتجاهي,dir,directional,BNBUSDT,صاعد,FVG,1,135894,135901,2024-12-04T08:54:00+00:00,2024-12-04T09:01:00+00:00,7,0.007412022473898603,0.14824044947797207,20.0,حصد-اعادة,0,True,True,symbol_collision,True,771.5313899999999,771.3,0.0003,779.04,1,baseline,0,"{""close"": 771.29, ""rsi"": 56.21900246098296, ""rsi7"": 57.245026177829885, ""macd"": -0.07003349660113234, ""adx"": 20.903717507620193, ""stoch_k"": 63.48616274266851, ""stoch_d"": 58.625912157510925, ""mss"": 0.0, ""sfp"": 0.0, ""vr"": 1.1477369153470354, ""hurst"": 0.18990178945213051, ""atr14"": 1.7997137315619345, ""vol_sma20"": 1570.7791499999998, ""vol_ratio"": 0.5539021828752948, ""atr_pct"": 0.0023333813890520226, ""retest_entry"": true}"
اتجاهي,dir,directional,BNBUSDT,صاعد,MicroBurst,1,135901,135901,2024-12-04T09:01:00+00:00,2024-12-04T09:01:00+00:00,0,-0.005290809190809106,-0.21163236763236423,40.0,وقف,0,False,True,symbol_collision,True,779.2737119999999,779.04,0.0003,776.9358908639999,2,baseline,1,"{""close"": 779.05, ""rsi"": 73.44023645630303, ""rsi7"": 84.16782414132945, ""macd"": 0.6560356043137814, ""adx"": 33.39010905931327, ""stoch_k"": 94.9077775632577, ""stoch_d"": 94.0595975861191, ""mss"": 0.0, ""sfp"": 0.0, ""vr"": 1.0715486034756208, ""hurst"": 0.18376271234070068, ""atr14"": 1.7120744354541826, ""vol_sma20"": 2166.9052949999996, ""vol_ratio"": 2.05389317672049, ""atr_pct"": 0.0021976438424416694}"
اتجاهي,dir,directional,BNBUSDT,صاعد,FVG,1,135909,135909,2024-12-04T09:09:00+00:00,2024-12-04T09:09:00+00:00,0,-0.005290809190809106,-0.10581618381618212,20.0,وقف,0,False,True,symbol_collision,True,772.5316899999999,772.3,0.0003,770.2140949299999,1,baseline,0,"{""close"": 772.3, ""rsi"": 46.75613130486002, ""rsi7"": 36.313808886383455, ""macd"": -0.7594132580796022, ""adx"": 26.12084937885996, ""stoch_k"": 22.659380692167005, ""stoch_d"": 23.805459492997432, ""mss"": 0.0, ""sfp"": 0.0, ""vr"": 1.1313058518191685, ""hurst"": 0.14879043112169843, ""atr14"": 1.8463461195898125, ""vol_sma20"": 2766.042445, ""vol_ratio"": 0.3744826844115908, ""atr_pct"": 0.00239071101850293, ""retest_entry"": true}"
اتجاهي,dir,directional,BNBUSDT,صاعد,SFP,1,135914,135915,2024-12-04T09:14:00+00:00,2024-12-04T09:15:00+00:00,1,-0.0014437492211199494,-0.02887498442239899,20.0,قفل-ربح,0,False,True,symbol_collision,True,769.4007509999999,769.17,0.0003,770.2906842891421,1,baseline,0,"{""close"": 769.18, ""rsi"": 40.229565224894, ""rsi7"": 32.82580220682401, ""macd"": -0.9313224553466075, ""adx"": 26.60754864573164, ""stoch_k"": 8.000775143724475, ""stoch_d"": 6.81045542003217, ""mss"": 0.0, ""sfp"": 1.0, ""vr"": 1.1857286921765957, ""hurst"": 0.149213903382506, ""atr14"": 1.9770621240049895, ""vol_sma20"": 3195.9618450000003, ""vol_ratio"": 0.49297021566914223, ""atr_pct"": 0.0025703504043331723, ""retest_entry"": true}"
اتجاهي,dir,directional,BNBUSDT,صاعد,EMA,1,135918,135924,2024-12-04T09:18:00+00:00,2024-12-04T09:24:00+00:00,6,-0.0004895588054902906,-0.009791176109805812,20.0,تتبع,0,False,True,symbol_collision,True,773.0035239999999,772.54,0.0006,774.6371378319999,1,baseline,0,"{""close"": 772.53, ""rsi"": 52.3618440886199, ""rsi7"": 57.31223409001029, ""macd"": -0.22834264355328604, ""adx"": 21.804453116904803, ""stoch_k"": 31.106178785429453, ""stoch_d"": 24.91854024714442, ""mss"": 0.0, ""sfp"": 0.0, ""vr"": 1.2783630317275567, ""hurst"": 0.17141290549924632, ""atr14"": 2.177051263111893, ""vol_sma20"": 2571.25385, ""vol_ratio"": 0.3973761672734102, ""atr_pct"": 0.0028180798973656595, ""retest_entry"": true}"
اتجاهي,dir,directional,BNBUSDT,صاعد,FVG,1,135929,135930,2024-12-04T09:29:00+00:00,2024-12-04T09:30:00+00:00,1,-0.004595855375280054,-0.09191710750560107,20.0,زمني,0,False,True,symbol_collision,True,778.623517,778.39,0.0003,776.83,1,baseline,0,"{""close"": 778.39, ""rsi"": 63.300969346480365, ""rsi7"": 70.80523776561547, ""macd"": 0.6351778818204602, ""adx"": 22.93731659081055, ""stoch_k"": 91.08418314726946, ""stoch_d"": 85.60433738724016, ""mss"": 0.0, ""sfp"": 0.0, ""vr"": 1.1715475290980568, ""hurst"": 0.18139961206427346, ""atr14"": 2.1207528787498267, ""vol_sma20"": 1937.4656, ""vol_ratio"": 1.3848266518899743, ""atr_pct"": 0.0027245376723105726, ""retest_entry"": true}"
اتجاهي,dir,directional,BNBUSDT,صاعد,Stochastic,1,135941,135943,2024-12-04T09:41:00+00:00,2024-12-04T09:43:00+00:00,2,0.0016489595415643127,0.032979190831286254,20.0,تتبع,0,True,True,symbol_collision,True,773.041843,772.81,0.0003,776.099804026,1,baseline,0,"{""close"": 772.8, ""rsi"": 43.80897078350632, ""rsi7"": 33.53912584123741, ""macd"": -0.5890662451767166, ""adx"": 18.747893301660024, ""stoch_k"": 13.639741715399575, ""stoch_d"": 12.241378123588982, ""mss"": 0.0, ""sfp"": 0.0, ""vr"": 1.001915578586855, ""hurst"": 0.20687667434230758, ""atr14"": 1.9198566149002623, ""vol_sma20"": 1951.3151000000003, ""vol_ratio"": 0.3582030395808447, ""atr_pct"": 0.0024842865099641074, ""retest_entry"": true}"
اتجاهي,dir,directional,BNBUSDT,صاعد,MACD,1,135947,135948,2024-12-04T09:47:00+00:00,2024-12-04T09:48:00+00:00,1,-0.0037269940438001982,-0.07453988087600397,20.0,زمني,0,False,True,symbol_collision,True,776.923007,776.69,0.0003,775.81,1,baseline,0,"{""close"": 776.7, ""rsi"": 54.7887075300499, ""rsi7"": 57.07088487319248, ""macd"": 0.022590911781283918, ""adx"": 18.6779250920262, ""stoch_k"": 69.81997774067993, ""stoch_d"": 68.00272356594415, ""mss"": 0.0, ""sfp"": 0.0, ""vr"": 0.9591959153861304, ""hurst"": 0.21790403930868707, ""atr14"": 1.8688525783674024, ""vol_sma20"": 1769.47245, ""vol_ratio"": 0.3254721484926199, ""atr_pct"": 0.0024061446869671718, ""retest_entry"": true}"
اتجاهي,dir,directional,BNBUSDT,صاعد,FVG,1,135951,135952,2024-12-04T09:51:00+00:00,2024-12-04T09:52:00+00:00,1,-0.0026097464433324008,-0.05219492886664802,20.0,زمني,0,False,True,symbol_collision,True,778.0433429999999,777.81,0.0003,777.8,1,baseline,0,"{""close"": 777.81, ""rsi"": 57.89385265636151, ""rsi7"": 63.767030220427706, ""macd"": 0.11944578287250895, ""adx"": 20.37516087672457, ""stoch_k"": 82.19254312743449, ""stoch_d"": 73.36301242812105, ""mss"": 0.0, ""sfp"": 0.0, ""vr"": 0.8967379963379928, ""hurst"": 0.21759917572942455, ""atr14"": 1.747223253091192, ""vol_sma20"": 1523.7213000000002, ""vol_ratio"": 0.9747812805399517, ""atr_pct"": 0.00224633683430554, ""retest_entry"": true}"
اتجاهي,dir,directional,BNBUSDT,صاعد,FVG,1,135959,135961,2024-12-04T09:59:00+00:00,2024-12-04T10:01:00+00:00,2,-0.0014320110854288465,-0.02864022170857693,20.0,قفل-ربح,0,False,True,symbol_collision,True,780.113964,779.88,0.0003,780.7908571020424,1,baseline,0,"{""close"": 779.87, ""rsi"": 63.366271060365094, ""rsi7"": 70.78035064621938, ""macd"": 0.25956444517231003, ""adx"": 22.86343368376509, ""stoch_k"": 91.17667706833883, ""stoch_d"": 92.66608315828505, ""mss"": 0.0, ""sfp"": 0.0, ""vr"": 0.7769151135850476, ""hurst"": 0.21095813178756237, ""atr14"": 1.503736484811043, ""vol_sma20"": 1457.671425, ""vol_ratio"": 1.7864917671689968, ""atr_pct"": 0.0019281886529947851, ""retest_entry"": true}"
اتجاهي,dir,directional,BNBUSDT,صاعد,Bollinger,1,135969,135970,2024-12-04T10:09:00+00:00,2024-12-04T10:10:00+00:00,1,-0.002136748530060015,-0.042734970601200295,20.0,زمني,0,False,True,symbol_collision,True,780.5140839999999,780.28,0.0003,780.64,1,baseline,0,"{""close"": 780.27, ""rsi"": 53.410570833433916, ""rsi7"": 47.122551465642125, ""macd"": -0.26724918745188697, ""adx"": 20.128493828075186, ""stoch_k"": 33.60178032485416, ""stoch_d"": 43.24545921853863, ""mss"": 0.0, ""sfp"": 0.0, ""vr"": 0.9867822498498009, ""hurst"": 0.15841083312417148, ""atr14"": 1.9075617563801022, ""vol_sma20"": 2176.84303, ""vol_ratio"": 0.7916179422454728, ""atr_pct"": 0.0024447457372192985, ""retest_entry"": true}"
اتجاهي,dir,directional,BNBUSDT,صاعد,Bollinger,1,135973,135974,2024-12-04T10:13:00+00:00,2024-12-04T10:14:00+00:00,1,-0.0011258393606049745,-0.02251678721209949,20.0,قفل-ربح,0,False,True,symbol_collision,True,784.075152,783.84,0.0003,784.9960966672055,1,baseline,0,"{""close"": 783.83, ""rsi"": 64.02579993758829, ""rsi7"": 69.49287737778135, ""macd"": 0.025023856675754574, ""adx"": 18.680695839711632, ""stoch_k"": 66.93412908930162, ""stoch_d"": 50.98527225799723, ""mss"": 0.0, ""sfp"": -1.0, ""vr"": 1.0544800795029536, ""hurst"": 0.17936067514540555, ""atr14"": 2.045903824551551, ""vol_sma20"": 2398.8568800000003, ""vol_ratio"": 1.3128603153682097, ""atr_pct"": 0.002610137178408011, ""retest_entry"": true}"
اتجاهي,dir,directional,BNBUSDT,صاعد,FVG,1,135979,135980,2024-12-04T10:19:00+00:00,2024-12-04T10:20:00+00:00,1,-0.0041073962102172075,-0.08214792420434415,20.0,زمني,0,False,True,symbol_collision,True,792.627717,792.39,0.0003,791.19,1,baseline,0,"{""close"": 792.38, ""rsi"": 75.24882895974667, ""rsi7"": 81.50716846138452, ""macd"": 0.8287320715210447, ""adx"": 28.35206878139934, ""stoch_k"": 88.50470607511532, ""stoch_d"": 85.19725108712227, ""mss"": 0.0, ""sfp"": 0.0, ""vr"": 1.182170930471706, ""hurst"": 0.2329108416421645, ""atr14"": 2.3120575376065453, ""vol_sma20"": 3273.318195, ""vol_ratio"": 1.8479211734562213, ""atr_pct"": 0.0029178645821531907, ""retest_entry"": true}"
اتجاهي,dir,directional,BNBUSDT,صاعد,RSI,1,136001,136003,2024-12-04T10:41:00+00:00,2024-12-04T10:43:00+00:00,2,-0.0016250447419008198,-0.032500894838016395,20.0,زمني,0,False,True,symbol_collision,True,780.193988,779.96,0.0003,780.72,1,baseline,0,"{""close"": 779.85, ""rsi"": 32.85404272977408, ""rsi7"": 20.540131806068757, ""macd"": -1.4258943534306359, ""adx"": 28.46896219737951, ""stoch_k"": 7.128337990775741, ""stoch_d"": 6.630892751608225, ""mss"": 0.0, ""sfp"": 0.0, ""vr"": 1.1300851076568867, ""hurst"": 0.3091263911059655, ""atr14"": 2.281894311571978, ""vol_sma20"": 2474.4957999999997, ""vol_ratio"": 1.1546259241983763, ""atr_pct"": 0.0029260682330858215, ""retest_entry"": true}"
اتجاهي,dir,directional,BNBUSDT,صاعد,Bollinger,1,136015,136019,2024-12-04T10:55:00+00:00,2024-12-04T10:59:00+00:00,4,0.0032110298860582973,0.06422059772116595,20.0,تتبع,0,True,True,symbol_collision,True,778.623517,778.39,0.0003,782.922623494,1,baseline,0,"{""close"": 778.39, ""rsi"": 39.81365911359598, ""rsi7"": 44.43253386913314, ""macd"": -0.2151212769787525, ""adx"": 29.35475304158412, ""stoch_k"": 17.427800370738236, ""stoch_d"": 9.594146785960266, ""mss"": 0.0, ""sfp"": 0.0, ""vr"": 0.9099871319587796, ""hurst"": 0.5073609660057046, ""atr14"": 1.8460705259901296, ""vol_sma20"": 2070.0592500000002, ""vol_ratio"": 0.6643375062815231, ""atr_pct"": 0.002371652418440794, ""retest_entry"": true}"
اتجاهي,dir,directional,BNBUSDT,صاعد,MicroBurst,1,136023,136024,2024-12-04T11:03:00+00:00,2024-12-04T11:04:00+00:00,1,-0.003230259354425247,-0.06460518708850493,20.0,زمني,0,False,True,symbol_collision,True,787.656226,787.42,0.0003,786.92,1,baseline,0,"{""close"": 787.43, ""rsi"": 64.45807099657486, ""rsi7"": 76.43489165460164, ""macd"": 1.140961646973045, ""adx"": 27.19343953276383, ""stoch_k"": 95.98177541609698, ""stoch_d"": 90.59207704313904, ""mss"": 0.0, ""sfp"": 0.0, ""vr"": 1.053542977122838, ""hurst"": 0.512100870276115, ""atr14"": 2.1342158216633287, ""vol_sma20"": 2224.5092, ""vol_ratio"": 0.5590100503967347, ""atr_pct"": 0.002710356249651815, ""retest_entry"": true}"
اتجاهي,dir,directional,BNBUSDT,صاعد,Stochastic,1,136042,136043,2024-12-04T11:22:00+00:00,2024-12-04T11:23:00+00:00,1,-0.0013435528483497095,-0.02687105696699419,20.0,تتبع,0,False,True,symbol_collision,True,781.184285,780.95,0.0003,781.93136813,1,baseline,0,"{""close"": 780.96, ""rsi"": 45.85618136358501, ""rsi7"": 47.52538337927155, ""macd"": -0.31765145851291043, ""adx"": 19.681576120605524, ""stoch_k"": 21.990099012768695, ""stoch_d"": 15.602800350837116, ""mss"": 0.0, ""sfp"": 0.0, ""vr"": 0.8688553443727267, ""hurst"": 0.5309052809455904, ""atr14"": 1.7343718575387033, ""vol_sma20"": 1333.8894, ""vol_ratio"": 0.6860261427971465, ""atr_pct"": 0.0022208203461620353, ""retest_entry"": true}"
اتجاهي,dir,directional,BNBUSDT,صاعد,MACD,1,136047,136052,2024-12-04T11:27:00+00:00,2024-12-04T11:32:00+00:00,5,-0.0013053941270794653,-0.026107882541589307,20.0,قفل-ربح,0,False,True,symbol_collision,True,780.944213,780.71,0.0003,781.7209349992828,1,baseline,0,"{""close"": 780.7, ""rsi"": 46.248251698317695, ""rsi7"": 46.51043050716775, ""macd"": 0.0016015235969332187, ""adx"": 15.124781929592094, ""stoch_k"": 47.577749470801024, ""stoch_d"": 46.0554499939329, ""mss"": 0.0, ""sfp"": 0.0, ""vr"": 0.8697409094951316, ""hurst"": 0.5072686474754088, ""atr14"": 1.7255091258499407, ""vol_sma20"": 1176.6607, ""vol_ratio"": 0.4927886178233029, ""atr_pct"": 0.002210207667285693, ""retest_entry"": true}"
اتجاهي,dir,directional,BNBUSDT,صاعد,OBV,1,136062,136063,2024-12-04T11:42:00+00:00,2024-12-04T11:43:00+00:00,1,-0.0032135636680033497,-0.064271273360067,20.0,زمني,0,False,True,symbol_collision,True,776.6229169999999,776.39,0.0003,775.91,1,baseline,0,"{""close"": 776.39, ""rsi"": 36.14893221311587, ""rsi7"": 28.34343643972764, ""macd"": -0.5334426638508084, ""adx"": 16.630600943926517, ""stoch_k"": 8.004778972520981, ""stoch_d"": 6.409179667867935, ""mss"": 0.0, ""sfp"": 0.0, ""vr"": 0.7729070669867916, ""hurst"": 0.3845261570316526, ""atr14"": 1.5363677591170601, ""vol_sma20"": 1082.9351000000001, ""vol_ratio"": 0.7840571424824995, ""atr_pct"": 0.0019788608291155993, ""retest_entry"": true}"
اتجاهي,dir,directional,BNBUSDT,صاعد,Stochastic,1,136066,136084,2024-12-04T11:46:00+00:00,2024-12-04T12:04:00+00:00,18,0.008378237551967415,0.1675647510393483,20.0,حصد-اعادة,0,True,True,symbol_collision,True,776.33283,776.1,0.0003,784.64,1,baseline,0,"{""close"": 776.1, ""rsi"": 36.20963641609234, ""rsi7"": 30.29812442769557, ""macd"": -0.27989155603482563, ""adx"": 19.532895397255267, ""stoch_k"": 8.418349846627448, ""stoch_d"": 7.822247191396428, ""mss"": 0.0, ""sfp"": 0.0, ""vr"": 0.6638373079154365, ""hurst"": 0.3788079780560739, ""atr14"": 1.3066628375713838, ""vol_sma20"": 992.4274499999999, ""vol_ratio"": 0.463117984090424, ""atr_pct"": 0.00168362690062026, ""retest_entry"": true}"
اتجاهي,dir,directional,BNBUSDT,صاعد,MicroBurst,1,136084,136093,2024-12-04T12:04:00+00:00,2024-12-04T12:13:00+00:00,9,-0.005290809190809106,-0.21163236763236423,40.0,وقف,0,False,True,symbol_collision,True,784.8753919999999,784.64,0.0003,782.5207658239999,2,baseline,1,"{""close"": 784.63, ""rsi"": 65.69103761726856, ""rsi7"": 73.6203064942158, ""macd"": 0.4428117311012739, ""adx"": 25.463770216760913, ""stoch_k"": 79.73643274338829, ""stoch_d"": 82.14325557347125, ""mss"": 0.0, ""sfp"": 0.0, ""vr"": 0.775968840457608, ""hurst"": 0.3018990047196117, ""atr14"": 1.4198012167632144, ""vol_sma20"": 939.8672, ""vol_ratio"": 2.902646246193079, ""atr_pct"": 0.0018095168636978122}"
اتجاهي,dir,directional,BNBUSDT,صاعد,KAMA,1,136234,136243,2024-12-04T14:34:00+00:00,2024-12-04T14:43:00+00:00,9,-0.0011234041473680073,-0.022468082947360146,20.0,قفل-ربح,0,False,True,symbol_collision,True,773.862089,773.63,0.0003,774.7729266534957,1,baseline,0,"{""close"": 773.63, ""rsi"": 61.87782343328435, ""rsi7"": 69.10305701598273, ""macd"": 0.5734890171819784, ""adx"": 16.709537219599763, ""stoch_k"": 75.2713336046668, ""stoch_d"": 72.45372640521275, ""mss"": 0.0, ""sfp"": 0.0, ""vr"": 1.066092701298642, ""hurst"": 0.23029205765237365, ""atr14"": 2.0234766314456327, ""vol_sma20"": 923.3134, ""vol_ratio"": 1.074785657827559, ""atr_pct"": 0.002615561226226533, ""retest_entry"": true}"
اتجاهي,dir,directional,BNBUSDT,صاعد,OBV,1,136248,136250,2024-12-04T14:48:00+00:00,2024-12-04T14:50:00+00:00,2,-0.0012538874821971053,-0.025077749643942108,20.0,قفل-ربح,0,False,True,symbol_collision,True,773.241903,773.01,0.0003,774.0508831498698,1,baseline,0,"{""close"": 773.0, ""rsi"": 52.6479322556952, ""rsi7"": 49.34263141995204, ""macd"": -0.31848071013493984, ""adx"": 20.27326244002548, ""stoch_k"": 33.27090492901477, ""stoch_d"": 43.57555595569841, ""mss"": 0.0, ""sfp"": 0.0, ""vr"": 0.9460445894934094, ""hurst"": 0.3024056005636525, ""atr14"": 1.7971712587202568, ""vol_sma20"": 839.92365, ""vol_ratio"": 0.8891331968090195, ""atr_pct"": 0.0023249304769990386, ""retest_entry"": true}"
اتجاهي,dir,directional,BNBUSDT,صاعد,Bollinger,1,136256,136257,2024-12-04T14:56:00+00:00,2024-12-04T14:57:00+00:00,1,-0.005290809190809106,-0.10581618381618212,20.0,وقف,0,False,True,symbol_collision,True,774.822377,774.59,0.0003,772.497909869,1,baseline,0,"{""close"": 774.59, ""rsi"": 55.97499751973562, ""rsi7"": 58.581226846004355, ""macd"": -0.06713114946870546, ""adx"": 15.01255476567884, ""stoch_k"": 60.548885077186846, ""stoch_d"": 46.31217838765021, ""mss"": 0.0, ""sfp"": 0.0, ""vr"": 0.9820843066947009, ""hurst"": 0.32495621451490836, ""atr14"": 1.8655436248921173, ""vol_sma20"": 699.6546, ""vol_ratio"": 0.6062577163074466, ""atr_pct"": 0.0024084272000569557, ""retest_entry"": true}"
اتجاهي,dir,directional,BNBUSDT,صاعد,Bollinger,1,136271,136273,2024-12-04T15:11:00+00:00,2024-12-04T15:13:00+00:00,2,-0.005326131044757766,-0.10652262089515531,20.0,وقف,0,False,True,symbol_collision,True,769.220697,768.99,0.0003,766.8858020348487,1,baseline,0,"{""close"": 768.99, ""rsi"": 44.35009886335558, ""rsi7"": 45.15803350315623, ""macd"": -0.1297128260211825, ""adx"": 22.300670055781186, ""stoch_k"": 41.147486356822434, ""stoch_d"": 40.755152137615546, ""mss"": 0.0, ""sfp"": 0.0, ""vr"": 1.0574474926544748, ""hurst"": 0.3247575465075894, ""atr14"": 2.0297345275993415, ""vol_sma20"": 956.1004499999999, ""vol_ratio"": 1.301502368291951, ""atr_pct"": 0.0026394810434457426, ""retest_entry"": true}"
اتجاهي,dir,directional,BNBUSDT,صاعد,SFP,1,136280,136281,2024-12-04T15:20:00+00:00,2024-12-04T15:21:00+00:00,1,-0.002596923220735855,-0.0519384644147171,20.0,زمني,0,False,True,symbol_collision,True,762.5186869999999,762.29,0.0003,762.29,1,baseline,0,"{""close"": 762.29, ""rsi"": 31.79417550817429, ""rsi7"": 28.942472950789707, ""macd"": -0.5994826586535487, ""adx"": 37.33127689394473, ""stoch_k"": 15.009474466911152, ""stoch_d"": 15.60973983426671, ""mss"": 0.0, ""sfp"": 1.0, ""vr"": 1.1551302240834005, ""hurst"": 0.36920891326855215, ""atr14"": 2.2556423837825172, ""vol_sma20"": 1850.6633000000002, ""vol_ratio"": 1.246993442837495, ""atr_pct"": 0.0029590344669122217, ""retest_entry"": true}"
اتجاهي,dir,directional,BNBUSDT,صاعد,RSI,1,136290,136290,2024-12-04T15:30:00+00:00,2024-12-04T15:30:00+00:00,0,-0.005498260068708101,-0.10996520137416202,20.0,وقف,0,False,True,symbol_collision,True,759.12767,758.9,0.0003,756.6924426090242,1,baseline,0,"{""close"": 758.89, ""rsi"": 34.02814026587038, ""rsi7"": 40.168086849969754, ""macd"": -0.1509721709774805, ""adx"": 49.35909184094862, ""stoch_k"": 26.997689951950523, ""stoch_d"": 18.9172978497113, ""mss"": 0.0, ""sfp"": 0.0, ""vr"": 1.0712847344657364, ""hurst"": 0.47772287860032897, ""atr14"": 2.116926054414672, ""vol_sma20"": 2676.3689499999996, ""vol_ratio"": 1.4137370708922625, ""atr_pct"": 0.0027895031617423765, ""retest_entry"": true}"
اتجاهي,dir,directional,BNBUSDT,صاعد,Bollinger,1,136295,136296,2024-12-04T15:35:00+00:00,2024-12-04T15:36:00+00:00,1,-0.0030700932907637367,-0.061401865815274737,20.0,زمني,0,False,True,symbol_collision,True,759.077655,758.85,0.0003,758.49,1,baseline,0,"{""close"": 758.84, ""rsi"": 39.400000291006194, ""rsi7"": 48.28572355143293, ""macd"": 0.27221687224321967, ""adx"": 49.71023121720343, ""stoch_k"": 39.43058443058462, ""stoch_d"": 37.32117811557074, ""mss"": 0.0, ""sfp"": 0.0, ""vr"": 0.9902623260197468, ""hurst"": 0.5225443599727543, ""atr14"": 1.9593321709737455, ""vol_sma20"": 2608.3944, ""vol_ratio"": 0.39391435589648555, ""atr_pct"": 0.0025820096080514275, ""retest_entry"": true}"
اتجاهي,dir,directional,BNBUSDT,صاعد,RSI,1,136302,136303,2024-12-04T15:42:00+00:00,2024-12-04T15:43:00+00:00,1,-0.0036490084260619986,-0.07298016852123998,20.0,زمني,0,False,True,symbol_collision,True,758.647526,758.42,0.0003,757.62,1,baseline,0,"{""close"": 758.41, ""rsi"": 43.20310318723406, ""rsi7"": 52.990231785091105, ""macd"": 0.3732225288807971, ""adx"": 49.35356927182176, ""stoch_k"": 63.05651992778718, ""stoch_d"": 48.73813822154255, ""mss"": 0.0, ""sfp"": 0.0, ""vr"": 0.8534785967577139, ""hurst"": 0.5291958736953348, ""atr14"": 1.6745677330770945, ""vol_sma20"": 2035.6732499999998, ""vol_ratio"": 0.45223711614818346, ""atr_pct"": 0.0022079979603078738, ""retest_entry"": true}"
اتجاهي,dir,directional,BNBUSDT,صاعد,RSI,1,136315,136329,2024-12-04T15:55:00+00:00,2024-12-04T16:09:00+00:00,14,0.002254223031218937,0.045084460624378736,20.0,تتبع,0,True,True,symbol_collision,True,753.666032,753.44,0.0003,757.104564224,1,baseline,0,"{""close"": 753.44, ""rsi"": 32.84216537080057, ""rsi7"": 27.61184511605026, ""macd"": -0.15020317299252994, ""adx"": 47.394898990888066, ""stoch_k"": 14.597039473684768, ""stoch_d"": 15.484706941553648, ""mss"": 0.0, ""sfp"": 0.0, ""vr"": 0.8669891229152813, ""hurst"": 0.4718755636401875, ""atr14"": 1.67623981451476, ""vol_sma20"": 1320.38745, ""vol_ratio"": 0.8819911155623298, ""atr_pct"": 0.002224782085520758, ""retest_entry"": true}"
اتجاهي,dir,directional,BNBUSDT,صاعد,RSI,1,136341,136344,2024-12-04T16:21:00+00:00,2024-12-04T16:24:00+00:00,3,-0.00635831854101609,-0.1271663708203218,20.0,وقف,0,False,True,,False,753.4517999999999,753.0,0.0006,750.6107517665747,1,baseline,0,"{""close"": 753.0, ""rsi"": 46.38712991249398, ""rsi7"": 51.44827398382238, ""macd"": -0.2816344077357269, ""adx"": 38.372526892137046, ""stoch_k"": 41.62790697674382, ""stoch_d"": 29.24544237800021, ""mss"": 0.0, ""sfp"": 0.0, ""vr"": 1.2956566145214385, ""hurst"": 0.3292186786522971, ""atr14"": 2.4689953275211147, ""vol_sma20"": 1440.46975, ""vol_ratio"": 0.9642319805743924, ""atr_pct"": 0.0032788782570001523, ""retest_entry"": true}"
اتجاهي,dir,directional,BNBUSDT,صاعد,FVG,1,136355,136356,2024-12-04T16:35:00+00:00,2024-12-04T16:36:00+00:00,1,-0.006498688860304211,-0.12997377720608422,20.0,وقف,0,False,True,,False,751.180438,750.73,0.0006,748.2422363837604,1,baseline,0,"{""close"": 750.73, ""rsi"": 48.02183588357708, ""rsi7"": 55.77301300001483, ""macd"": 0.06320816210666536, ""adx"": 32.18923692932936, ""stoch_k"": 41.14583333333352, ""stoch_d"": 32.14914827719702, ""mss"": 0.0, ""sfp"": 0.0, ""vr"": 1.278227159394719, ""hurst"": 0.31349825955718635, ""atr14"": 2.553425871641845, ""vol_sma20"": 1798.23155, ""vol_ratio"": 3.0210486519380666, ""atr_pct"": 0.0034012572717779296, ""retest_entry"": true}"
اتجاهي,dir,directional,BNBUSDT,صاعد,RSI,1,136370,136370,2024-12-04T16:50:00+00:00,2024-12-04T16:50:00+00:00,0,-0.008186833424903842,-0.16373666849807683,20.0,وقف,0,False,True,,False,734.8807979999999,734.22,0.0009,730.9821819165745,1,baseline,0,"{""close"": 734.21, ""rsi"": 27.775032051895835, ""rsi7"": 26.059434414015314, ""macd"": -0.6839726031295057, ""adx"": 45.89220556997261, ""stoch_k"": 21.720415810735897, ""stoch_d"": 24.269623996058645, ""mss"": 0.0, ""sfp"": 0.0, ""vr"": 1.588240977764795, ""hurst"": 0.3502471351528001, ""atr14"": 3.387006463469896, ""vol_sma20"": 3483.1585, ""vol_ratio"": 0.8717375336207066, ""atr_pct"": 0.004613130389765729, ""retest_entry"": true}"
اتجاهي,dir,directional,BNBUSDT,صاعد,Stochastic,1,136374,136385,2024-12-04T16:54:00+00:00,2024-12-04T17:05:00+00:00,11,-0.00032468462246809437,-0.006493692449361888,20.0,قفل-ربح,0,False,True,,False,732.6688089999999,732.01,0.0009,734.3382948988981,1,baseline,0,"{""close"": 732.01, ""rsi"": 35.95254804638222, ""rsi7"": 42.225542129003294, ""macd"": -0.7371201498147881, ""adx"": 48.74932620434543, ""stoch_k"": 13.839845854990592, ""stoch_d"": 8.00617733872839, ""mss"": 0.0, ""sfp"": 0.0, ""vr"": 1.6881152416983867, ""hurst"": 0.4036779465822197, ""atr14"": 3.706632694792884, ""vol_sma20"": 4123.83155, ""vol_ratio"": 0.6495000990038015, ""atr_pct"": 0.005063636691838751, ""retest_entry"": true}"
اتجاهي,dir,directional,BNBUSDT,صاعد,Stochastic,1,136395,136396,2024-12-04T17:15:00+00:00,2024-12-04T17:16:00+00:00,1,-0.004859324214192704,-0.09718648428385408,20.0,زمني,0,False,True,,False,725.3449459999999,724.91,0.0006,723.7,1,baseline,0,"{""close"": 724.9, ""rsi"": 36.5001499069175, ""rsi7"": 38.03722087418516, ""macd"": -0.5603128850716743, ""adx"": 35.89345497627642, ""stoch_k"": 15.037593984962479, ""stoch_d"": 10.369464120590012, ""mss"": 0.0, ""sfp"": 0.0, ""vr"": 1.4172585032506622, ""hurst"": 0.3283722187236431, ""atr14"": 3.5047351663015633, ""vol_sma20"": 2774.37975, ""vol_ratio"": 0.7529899250454087, ""atr_pct"": 0.004834784337565959, ""retest_entry"": true}"
اتجاهي,dir,directional,BNBUSDT,هابط,EMA,-1,136419,136422,2024-12-04T17:39:00+00:00,2024-12-04T17:42:00+00:00,3,-0.0002012331397682144,-0.004024662795364288,20.0,تتبع,0,False,True,,False,729.201174,729.42,0.0003,727.668905532,1,baseline,0,"{""close"": 729.41, ""rsi"": 53.77742254786347, ""rsi7"": 56.05049967822351, ""macd"": 0.9099976250990438, ""adx"": 18.154396041065926, ""stoch_k"": 85.77820389900933, ""stoch_d"": 91.45378467725577, ""mss"": 0.0, ""sfp"": 0.0, ""vr"": 0.9816520038383317, ""hurst"": 0.2813886664993704, ""atr14"": 2.7631533729630497, ""vol_sma20"": 2056.70285, ""vol_ratio"": 0.8462277377599783, ""atr_pct"": 0.0037882033053605654, ""retest_entry"": true}"
اتجاهي,dir,directional,BNBUSDT,هابط,MACD,-1,136428,136429,2024-12-04T17:48:00+00:00,2024-12-04T17:49:00+00:00,1,-0.00439976702592804,-0.0879953405185608,20.0,زمني,0,False,True,,False,725.032425,725.25,0.0003,726.56,1,baseline,0,"{""close"": 725.25, ""rsi"": 43.125941206847386, ""rsi7"": 37.490511107932235, ""macd"": -0.34593967922357505, ""adx"": 19.67693801022073, ""stoch_k"": 24.983009588397735, ""stoch_d"": 38.25767392301116, ""mss"": 0.0, ""sfp"": 0.0, ""vr"": 0.8261963684030083, ""hurst"": 0.36355925345912843, ""atr14"": 2.394966295865469, ""vol_sma20"": 1619.8469, ""vol_ratio"": 0.6977492749469102, ""atr_pct"": 0.0033022630759951314, ""retest_entry"": true}"
اتجاهي,dir,directional,BNBUSDT,هابط,OBV,-1,136434,136440,2024-12-04T17:54:00+00:00,2024-12-04T18:00:00+00:00,6,-0.006041595397776789,-0.12083190795553578,20.0,وقف,0,False,True,,False,730.5907569999999,730.81,0.0003,733.3323099666613,1,baseline,0,"{""close"": 730.8, ""rsi"": 58.58831821627683, ""rsi7"": 66.63183570224095, ""macd"": 0.4563531764204557, ""adx"": 16.752620459771425, ""stoch_k"": 92.73244011368269, ""stoch_d"": 83.01894801364898, ""mss"": 0.0, ""sfp"": 0.0, ""vr"": 0.8086353239321961, ""hurst"": 0.3896760365935862, ""atr14"": 2.384641873228312, ""vol_sma20"": 1432.6408000000001, ""vol_ratio"": 0.4399867712827946, ""atr_pct"": 0.0032630567504492503, ""retest_entry"": true}"
اتجاهي,dir,directional,BNBUSDT,هابط,EMA,-1,136445,136451,2024-12-04T18:05:00+00:00,2024-12-04T18:11:00+00:00,6,-0.005745730739813927,-0.11491461479627854,20.0,وقف,0,False,True,,False,729.441102,729.66,0.0003,731.9620280040131,1,baseline,0,"{""close"": 729.67, ""rsi"": 48.344379813742826, ""rsi7"": 39.10192092369616, ""macd"": 0.08876125317345274, ""adx"": 16.955499629235852, ""stoch_k"": 62.24702995674926, ""stoch_d"": 81.89656084551616, ""mss"": 0.0, ""sfp"": 0.0, ""vr"": 0.7476567994848037, ""hurst"": 0.4207918050030039, ""atr14"": 2.1927974508330697, ""vol_sma20"": 1064.63225, ""vol_ratio"": 1.2925543068979921, ""atr_pct"": 0.003005190635263982, ""retest_entry"": true}"
اتجاهي,dir,directional,BNBUSDT,هابط,EMA,-1,136457,136476,2024-12-04T18:17:00+00:00,2024-12-04T18:36:00+00:00,19,-0.000950816613548461,-0.01901633227096922,20.0,تتبع,0,False,True,,False,730.290847,730.51,0.0003,729.304963446,1,baseline,0,"{""close"": 730.53, ""rsi"": 47.75504346469583, ""rsi7"": 40.80815317612092, ""macd"": 0.04117341443842382, ""adx"": 17.365225292637675, ""stoch_k"": 65.30089628681169, ""stoch_d"": 84.04106836139213, ""mss"": 0.0, ""sfp"": 0.0, ""vr"": 0.7764533657985094, ""hurst"": 0.34188021674228036, ""atr14"": 2.248426191756969, ""vol_sma20"": 1067.5501499999998, ""vol_ratio"": 1.293499888506409, ""atr_pct"": 0.0030778013110439937, ""retest_entry"": true}"
اتجاهي,dir,directional,BNBUSDT,هابط,ADX,-1,136490,136494,2024-12-04T18:50:00+00:00,2024-12-04T18:54:00+00:00,4,-0.0009573681732013372,-0.019147363464026745,20.0,تتبع,0,False,True,,False,733.5798599999999,733.8,0.0003,732.59435348,1,baseline,0,"{""close"": 733.8, ""rsi"": 61.555378912197554, ""rsi7"": 66.51182654406313, ""macd"": 0.32986582803650966, ""adx"": 23.00770291010388, ""stoch_k"": 90.19210808796733, ""stoch_d"": 92.16483190131066, ""mss"": 0.0, ""sfp"": 0.0, ""vr"": 0.6216500403122298, ""hurst"": 0.19058407539496222, ""atr14"": 1.4836349075126523, ""vol_sma20"": 700.5, ""vol_ratio"": 0.9354389721627409, ""atr_pct"": 0.002021851877231742, ""retest_entry"": true}"
اتجاهي,dir,directional,BNBUSDT,هابط,MicroBurst,-1,136511,136511,2024-12-04T19:11:00+00:00,2024-12-04T19:11:00+00:00,0,-0.005290809190808995,-0.1058161838161799,20.0,وقف,0,False,True,,False,736.5889569999999,736.81,0.0003,738.7987238709999,1,baseline,0,"{""close"": 736.81, ""rsi"": 55.37209334298379, ""rsi7"": 46.786418472034654, ""macd"": 0.25940009393362695, ""adx"": 40.27547817246137, ""stoch_k"": 76.74157303370735, ""stoch_d"": 87.11345857983389, ""mss"": 0.0, ""sfp"": 0.0, ""vr"": 0.8186578356047441, ""hurst"": 0.22512406367547183, ""atr14"": 1.6399461507020567, ""vol_sma20"": 817.91265, ""vol_ratio"": 1.5344597005560436, ""atr_pct"": 0.0022257381831164843, ""retest_entry"": true}"
اتجاهي,dir,directional,BNBUSDT,هابط,Bollinger,-1,136513,136517,2024-12-04T19:13:00+00:00,2024-12-04T19:17:00+00:00,4,-0.005290809190809106,-0.10581618381618212,20.0,وقف,0,False,True,,False,738.0085310000001,738.23,0.0003,740.222556593,1,baseline,0,"{""close"": 738.21, ""rsi"": 59.81628084479189, ""rsi7"": 55.791713815883185, ""macd"": 0.05700541296605821, ""adx"": 38.615718915473536, ""stoch_k"": 60.8472004930546, ""stoch_d"": 68.42143523127709, ""mss"": 0.0, ""sfp"": 0.0, ""vr"": 0.832475856575078, ""hurst"": 0.2534159107598923, ""atr14"": 1.6467392830033025, ""vol_sma20"": 781.06855, ""vol_ratio"": 0.49951953640944835, ""atr_pct"": 0.002230719284489918, ""retest_entry"": true}"
اتجاهي,dir,directional,BNBUSDT,هابط,Bollinger,-1,136521,136523,2024-12-04T19:21:00+00:00,2024-12-04T19:23:00+00:00,2,-0.0015462201549820013,-0.030924403099640025,20.0,تتبع,0,False,True,,False,740.527775,740.75,0.0003,739.97,1,baseline,0,"{""close"": 740.75, ""rsi"": 64.64214052017716, ""rsi7"": 65.72307107864191, ""macd"": 0.07183961611342138, ""adx"": 36.257306569311915, ""stoch_k"": 89.79893125204099, ""stoch_d"": 89.47216975346356, ""mss"": 0.0, ""sfp"": 0.0, ""vr"": 0.7898317108046867, ""hurst"": 0.27555552665904043, ""atr14"": 1.4809416557655377, ""vol_sma20"": 766.6396000000001, ""vol_ratio"": 0.7106350885083421, ""atr_pct"": 0.001999246244705417, ""retest_entry"": true}"
اتجاهي,dir,directional,BNBUSDT,هابط,FVG,-1,136533,136534,2024-12-04T19:33:00+00:00,2024-12-04T19:34:00+00:00,1,-0.0044180030417696175,-0.08836006083539236,20.0,زمني,0,False,True,,False,739.688027,739.91,0.0003,741.26,1,baseline,0,"{""close"": 739.9, ""rsi"": 54.051970739016824, ""rsi7"": 45.25073714672222, ""macd"": -0.24885448640260077, ""adx"": 29.37172253899083, ""stoch_k"": 52.671755725190685, ""stoch_d"": 62.46040092890996, ""mss"": 0.0, ""sfp"": 0.0, ""vr"": 0.6959850230677638, ""hurst"": 0.3074105909323979, ""atr14"": 1.212876351870698, ""vol_sma20"": 463.6274, ""vol_ratio"": 0.6912619918494894, ""atr_pct"": 0.0016392436165302041, ""retest_entry"": true}"
اتجاهي,dir,directional,BNBUSDT,هابط,SFP,-1,136538,136539,2024-12-04T19:38:00+00:00,2024-12-04T19:39:00+00:00,1,-0.002948022355378685,-0.0589604471075737,20.0,زمني,0,False,True,,False,739.208171,739.43,0.0003,739.69,1,baseline,0,"{""close"": 739.42, ""rsi"": 49.60153327573846, ""rsi7"": 40.54759805789115, ""macd"": -0.317627116404406, ""adx"": 24.1765571262865, ""stoch_k"": 28.195937873356723, ""stoch_d"": 48.46036219261234, ""mss"": 0.0, ""sfp"": 0.0, ""vr"": 0.689808977038793, ""hurst"": 0.3018714261817822, ""atr14"": 1.1644664784671779, ""vol_sma20"": 474.37665000000004, ""vol_ratio"": 0.18700751818201844, ""atr_pct"": 0.0015748376815168347, ""retest_entry"": true}"
اتجاهي,dir,directional,BNBUSDT,هابط,Bollinger,-1,136543,136544,2024-12-04T19:43:00+00:00,2024-12-04T19:44:00+00:00,1,-0.003544615608940129,-0.07089231217880258,20.0,زمني,0,False,True,,False,737.07881,737.3,0.0003,738.0,1,baseline,0,"{""close"": 737.29, ""rsi"": 38.330430094911485, ""rsi7"": 23.647771000805562, ""macd"": -0.4440402233120006, ""adx"": 19.711992012806157, ""stoch_k"": 6.30603942015222, ""stoch_d"": 16.486556202124202, ""mss"": 0.0, ""sfp"": 0.0, ""vr"": 0.693330538079041, ""hurst"": 0.2970461363283934, ""atr14"": 1.1364626758744818, ""vol_sma20"": 392.85675000000003, ""vol_ratio"": 2.4606933697842788, ""atr_pct"": 0.0015414052487820015, ""retest_entry"": true}"
اتجاهي,dir,directional,BNBUSDT,هابط,EMA,-1,136549,136552,2024-12-04T19:49:00+00:00,2024-12-04T19:52:00+00:00,3,-0.0016307946680943382,-0.032615893361886764,20.0,قفل-ربح,0,False,True,,False,737.638642,737.86,0.0003,737.1455722342229,1,baseline,0,"{""close"": 737.85, ""rsi"": 43.53851616800053, ""rsi7"": 38.71630851710599, ""macd"": -0.2298175703378339, ""adx"": 17.512568793640458, ""stoch_k"": 32.3994252873573, ""stoch_d"": 32.18390804597763, ""mss"": 0.0, ""sfp"": 0.0, ""vr"": 0.6968199990798378, ""hurst"": 0.3079515541282438, ""atr14"": 1.0960245481361728, ""vol_sma20"": 348.7783, ""vol_ratio"": 0.6962703815002252, ""atr_pct"": 0.0014854300306785563, ""retest_entry"": true}"
اتجاهي,dir,directional,BNBUSDT,هابط,MACD,-1,136571,136572,2024-12-04T20:11:00+00:00,2024-12-04T20:12:00+00:00,1,-0.004432706807014173,-0.08865413614028346,20.0,زمني,0,False,True,,False,739.198174,739.42,0.0003,740.78,1,baseline,0,"{""close"": 739.43, ""rsi"": 51.95565289209462, ""rsi7"": 48.59026664992787, ""macd"": -0.008445019979777257, ""adx"": 14.18675277106662, ""stoch_k"": 40.83368013860834, ""stoch_d"": 50.00347581406848, ""mss"": 0.0, ""sfp"": 0.0, ""vr"": 0.6980048790377266, ""hurst"": 0.46516316081961684, ""atr14"": 0.9410512124235924, ""vol_sma20"": 565.95105, ""vol_ratio"": 1.3523961127026798, ""atr_pct"": 0.0012726711283334359, ""retest_entry"": true}"
اتجاهي,dir,directional,BNBUSDT,هابط,RSI,-1,136577,136579,2024-12-04T20:17:00+00:00,2024-12-04T20:19:00+00:00,2,-0.0014593402259800593,-0.029186804519601185,20.0,تتبع,0,False,True,,False,744.056716,744.28,0.0003,743.431490488,1,baseline,0,"{""close"": 744.28, ""rsi"": 77.23369240685699, ""rsi7"": 88.49541803900247, ""macd"": 0.5125976177417105, ""adx"": 26.161100651221517, ""stoch_k"": 90.30899269831885, ""stoch_d"": 90.0498011786081, ""mss"": 0.0, ""sfp"": 0.0, ""vr"": 0.8511955915147861, ""hurst"": 0.4093048447857798, ""atr14"": 1.11349029363658, ""vol_sma20"": 756.6072, ""vol_ratio"": 0.892904534876221, ""atr_pct"": 0.0014960637040315205, ""retest_entry"": true}"
اتجاهي,dir,directional,BNBUSDT,هابط,Bollinger,-1,136587,136590,2024-12-04T20:27:00+00:00,2024-12-04T20:30:00+00:00,3,0.0022457547788922432,0.044915095577844864,20.0,تتبع,0,True,True,,False,744.116698,744.34,0.0003,740.503438636,1,baseline,0,"{""close"": 744.34, ""rsi"": 62.99310911520904, ""rsi7"": 61.11752856324175, ""macd"": 0.07471427431726152, ""adx"": 27.27776490111445, ""stoch_k"": 80.902423282793, ""stoch_d"": 86.19270045863773, ""mss"": 0.0, ""sfp"": 0.0, ""vr"": 1.0967328588036982, ""hurst"": 0.39981227037258754, ""atr14"": 1.3974894479137119, ""vol_sma20"": 927.4728499999999, ""vol_ratio"": 1.1177976800075606, ""atr_pct"": 0.001877488040295714, ""retest_entry"": true}"
اتجاهي,dir,directional,BNBUSDT,هابط,OBV,-1,136599,136607,2024-12-04T20:39:00+00:00,2024-12-04T20:47:00+00:00,8,0.008188264963739145,0.1637652992747829,20.0,حصد-اعادة,0,True,True,,False,740.517778,740.74,0.0003,732.51,1,baseline,0,"{""close"": 740.75, ""rsi"": 45.932349502535274, ""rsi7"": 41.498041825821616, ""macd"": -0.1533501465302777, ""adx"": 18.4348724988572, ""stoch_k"": 40.98434004474294, ""stoch_d"": 43.63907531692798, ""mss"": 0.0, ""sfp"": 0.0, ""vr"": 1.1632287117510551, ""hurst"": 0.2834224585614223, ""atr14"": 1.4946896391014752, ""vol_sma20"": 878.63835, ""vol_ratio"": 0.7677595679724201, ""atr_pct"": 0.002017805790214614, ""retest_entry"": true}"
اتجاهي,dir,directional,BNBUSDT,هابط,FVG,-1,136607,136610,2024-12-04T20:47:00+00:00,2024-12-04T20:50:00+00:00,3,-0.0011815151642253026,-0.047260606569012105,40.0,تتبع,0,False,True,,False,732.0704939999999,732.51,0.0006,731.031265292,2,baseline,1,"{""close"": 732.51, ""rsi"": 22.77741023079227, ""rsi7"": 12.848908985957024, ""macd"": -0.7795143141516083, ""adx"": 28.845991477258806, ""stoch_k"": 8.605544189608551, ""stoch_d"": 8.724925593212317, ""mss"": 0.0, ""sfp"": 0.0, ""vr"": 1.3097615401754097, ""hurst"": 0.33760405393209875, ""atr14"": 1.6918935065984755, ""vol_sma20"": 941.8770000000001, ""vol_ratio"": 2.7228873833844545, ""atr_pct"": 0.002309720695415046}"
اتجاهي,dir,directional,BNBUSDT,هابط,FVG,-1,136614,136615,2024-12-04T20:54:00+00:00,2024-12-04T20:55:00+00:00,1,-0.004416790552514876,-0.08833581105029753,20.0,زمني,0,False,True,,False,727.26338,727.7,0.0006,728.59,1,baseline,0,"{""close"": 727.7, ""rsi"": 17.179600082271946, ""rsi7"": 9.555309327035076, ""macd"": -0.801010655695666, ""adx"": 43.378641836039186, ""stoch_k"": 4.402134039582691, ""stoch_d"": 5.8486760775482045, ""mss"": 0.0, ""sfp"": 0.0, ""vr"": 1.3742498682463344, ""hurst"": 0.5026465896860346, ""atr14"": 1.786192882754226, ""vol_sma20"": 1098.4468000000002, ""vol_ratio"": 0.5848703824345429, ""atr_pct"": 0.0024545731520602253, ""retest_entry"": true}"
اتجاهي,dir,directional,BNBUSDT,هابط,Stochastic,-1,136624,136624,2024-12-04T21:04:00+00:00,2024-12-04T21:04:00+00:00,0,-0.0055896103896101905,-0.11179220779220381,20.0,وقف,0,False,True,,False,732.670134,733.11,0.0006,734.8681444019999,1,baseline,0,"{""close"": 733.11, ""rsi"": 48.16796943889176, ""rsi7"": 57.44021457589457, ""macd"": 0.7726176304946328, ""adx"": 31.875605739457065, ""stoch_k"": 87.39266198282634, ""stoch_d"": 88.85608757739935, ""mss"": 0.0, ""sfp"": 0.0, ""vr"": 1.3516526524403398, ""hurst"": 0.5484599938443949, ""atr14"": 1.7930058181897586, ""vol_sma20"": 1137.32765, ""vol_ratio"": 0.4029700675966157, ""atr_pct"": 0.0024457527767862376, ""retest_entry"": true}"
اتجاهي,dir,directional,BNBUSDT,هابط,SFP,-1,136635,136636,2024-12-04T21:15:00+00:00,2024-12-04T21:16:00+00:00,1,-0.006757004528993768,-0.13514009057987536,20.0,وقف,0,False,True,,False,739.683685,740.35,0.0009,742.5470868325593,1,baseline,0,"{""close"": 740.33, ""rsi"": 59.51682080680949, ""rsi7"": 56.782854530264565, ""macd"": 0.7820048733949327, ""adx"": 37.55219875260755, ""stoch_k"": 63.12736128091752, ""stoch_d"": 71.81598154662531, ""mss"": 0.0, ""sfp"": 0.0, ""vr"": 1.7528490981512164, ""hurst"": 0.5368488844127323, ""atr14"": 2.492090255061191, ""vol_sma20"": 1398.1165999999998, ""vol_ratio"": 1.6891359418806702, ""atr_pct"": 0.0033661883957980775, ""retest_entry"": true}"
اتجاهي,dir,directional,BNBUSDT,هابط,FVG,-1,136641,136643,2024-12-04T21:21:00+00:00,2024-12-04T21:23:00+00:00,2,-0.006626516153104083,-0.13253032306208165,20.0,وقف,0,False,True,,False,740.373064,741.04,0.0009,743.1422437178511,1,baseline,0,"{""close"": 741.1, ""rsi"": 57.62373760035289, ""rsi7"": 53.176794294029825, ""macd"": 0.051319650948241646, ""adx"": 34.064786545698055, ""stoch_k"": 49.57653239492881, ""stoch_d"": 58.80418741113846, ""mss"": 0.0, ""sfp"": 0.0, ""vr"": 1.6047349893263434, ""hurst"": 0.5600767817177341, ""atr14"": 2.4103466431320144, ""vol_sma20"": 1438.5091, ""vol_ratio"": 0.5453076383041303, ""atr_pct"": 0.003252390558807198, ""retest_entry"": true}"
اتجاهي,dir,directional,BNBUSDT,هابط,OBV,-1,136649,136653,2024-12-04T21:29:00+00:00,2024-12-04T21:33:00+00:00,4,0.0009486906430607837,0.018973812861215675,20.0,تتبع,0,True,True,,False,741.344926,741.79,0.0006,738.709201732,1,baseline,0,"{""close"": 741.88, ""rsi"": 56.110180179176766, ""rsi7"": 48.92628580747133, ""macd"": -0.1770259985563849, ""adx"": 32.47781782632313, ""stoch_k"": 74.89335770871371, ""stoch_d"": 72.70825535442219, ""mss"": 0.0, ""sfp"": 0.0, ""vr"": 1.2906982161946885, ""hurst"": 0.6027068715957431, ""atr14"": 2.0534213716597725, ""vol_sma20"": 1268.18595, ""vol_ratio"": 0.3229218869677589, ""atr_pct"": 0.0027678618801689927, ""retest_entry"": true}"
اتجاهي,dir,directional,BNBUSDT,هابط,Bollinger,-1,136669,136669,2024-12-04T21:49:00+00:00,2024-12-04T21:49:00+00:00,0,-0.005290809190809106,-0.10581618381618212,20.0,وقف,0,False,True,,False,733.67983,733.9,0.0003,735.88086949,1,baseline,0,"{""close"": 733.9, ""rsi"": 31.75003796624395, ""rsi7"": 21.52936118621936, ""macd"": -0.3195400998815562, ""adx"": 13.377569541443295, ""stoch_k"": 11.694348890500024, ""stoch_d"": 22.92322397248581, ""mss"": 0.0, ""sfp"": 0.0, ""vr"": 1.0408719131636341, ""hurst"": 0.5852626970892286, ""atr14"": 1.8632114139642495, ""vol_sma20"": 1041.69275, ""vol_ratio"": 1.1298485085933447, ""atr_pct"": 0.002538781051865717, ""retest_entry"": true}"
اتجاهي,dir,directional,BNBUSDT,هابط,FVG,-1,136679,136685,2024-12-04T21:59:00+00:00,2024-12-04T22:05:00+00:00,6,-0.005290809190808995,-0.1058161838161799,20.0,وقف,0,False,True,,False,736.738912,736.96,0.0003,738.9491287359999,1,baseline,0,"{""close"": 736.95, ""rsi"": 47.263313452847726, ""rsi7"": 48.40516492009855, ""macd"": 0.15405283984197193, ""adx"": 9.97489956082727, ""stoch_k"": 65.2813974312712, ""stoch_d"": 70.25714018416795, ""mss"": 0.0, ""sfp"": 0.0, ""vr"": 0.7775846069846591, ""hurst"": 0.5822301148614009, ""atr14"": 1.441252541386185, ""vol_sma20"": 554.9867, ""vol_ratio"": 0.3720701775375878, ""atr_pct"": 0.0019556992216380824, ""retest_entry"": true}"
اتجاهي,dir,directional,BNBUSDT,هابط,Stochastic,-1,136699,136714,2024-12-04T22:19:00+00:00,2024-12-04T22:34:00+00:00,15,-0.001356415504750019,-0.027128310095000382,20.0,تتبع,0,False,True,,False,740.1079010000001,740.33,0.0003,739.4096428180001,1,baseline,0,"{""close"": 740.32, ""rsi"": 57.60118404370956, ""rsi7"": 57.88663890679514, ""macd"": 0.15632544716736207, ""adx"": 18.53313452111925, ""stoch_k"": 82.39763208673958, ""stoch_d"": 88.47631489536981, ""mss"": 0.0, ""sfp"": 0.0, ""vr"": 0.6207565711089933, ""hurst"": 0.5092904679650939, ""atr14"": 1.1246295305401435, ""vol_sma20"": 597.39195, ""vol_ratio"": 0.3572947375671868, ""atr_pct"": 0.0015191127222554347, ""retest_entry"": true}"
اتجاهي,dir,directional,BNBUSDT,هابط,FVG,-1,136717,136718,2024-12-04T22:37:00+00:00,2024-12-04T22:38:00+00:00,1,-0.004814794208690438,-0.09629588417380876,20.0,زمني,0,False,True,,False,737.808591,738.03,0.0003,739.67,1,baseline,0,"{""close"": 738.02, ""rsi"": 42.72258333915035, ""rsi7"": 36.39397008242464, ""macd"": -0.26974749325643166, ""adx"": 15.87016734272967, ""stoch_k"": 34.1186826843412, ""stoch_d"": 27.94215514189769, ""mss"": 0.0, ""sfp"": 0.0, ""vr"": 0.6662053664986587, ""hurst"": 0.4094368325041931, ""atr14"": 1.1305975562409472, ""vol_sma20"": 636.8299999999999, ""vol_ratio"": 3.457437620715105, ""atr_pct"": 0.0015319334926437592, ""retest_entry"": true}"
اتجاهي,dir,directional,BNBUSDT,هابط,FVG,-1,136724,136725,2024-12-04T22:44:00+00:00,2024-12-04T22:45:00+00:00,1,-0.0027461108517991264,-0.05492221703598253,20.0,زمني,0,False,True,,False,736.5189780000001,736.74,0.0003,736.85,1,baseline,0,"{""close"": 736.67, ""rsi"": 38.57845397782592, ""rsi7"": 31.31623322086766, ""macd"": -0.19975395101914775, ""adx"": 18.750201999035422, ""stoch_k"": 47.544642857142655, ""stoch_d"": 60.9126984126981, ""mss"": 0.0, ""sfp"": 0.0, ""vr"": 0.7051628292686704, ""hurst"": 0.34658700068689624, ""atr14"": 1.1614085689433438, ""vol_sma20"": 749.4110499999999, ""vol_ratio"": 1.123961275991327, ""atr_pct"": 0.0015765655842417145, ""retest_entry"": true}"
اتجاهي,dir,directional,BNBUSDT,صاعد,FVG,1,159677,159679,2024-12-20T21:17:00+00:00,2024-12-20T21:19:00+00:00,2,-0.0019466963516269664,-0.038933927032539326,20.0,تتبع,0,False,True,,False,667.390194,666.99,0.0006,667.825599892,1,baseline,0,"{""close"": 666.98, ""rsi"": 34.00550723228005, ""rsi7"": 32.14149459386874, ""macd"": -0.47491511083501003, ""adx"": 31.117126925775356, ""stoch_k"": 22.69944341372926, ""stoch_d"": 13.691814153999161, ""mss"": 0.0, ""sfp"": 0.0, ""vr"": 1.3936464578059813, ""hurst"": 0.3788113822524485, ""atr14"": 1.013809344254902, ""vol_sma20"": 425.2541499999999, ""vol_ratio"": 0.40132941677347544, ""atr_pct"": 0.0015199996165625688, ""retest_entry"": true}"
اتجاهي,dir,directional,BNBUSDT,صاعد,Bollinger,1,159683,159689,2024-12-20T21:23:00+00:00,2024-12-20T21:29:00+00:00,6,-5.984543849269042e-05,-0.0011969087698538083,20.0,تتبع,0,False,True,,False,667.880488,667.48,0.0006,669.579686416,1,baseline,0,"{""close"": 667.48, ""rsi"": 41.849585933219736, ""rsi7"": 44.323367071668166, ""macd"": -0.013135105563025329, ""adx"": 26.494480938648273, ""stoch_k"": 45.025686323162915, ""stoch_d"": 43.590933194874474, ""mss"": 0.0, ""sfp"": 0.0, ""vr"": 1.3814531387831663, ""hurst"": 0.38194805057858067, ""atr14"": 1.0377465128174759, ""vol_sma20"": 248.27185000000003, ""vol_ratio"": 0.4181746742532429, ""atr_pct"": 0.0015547230071574817, ""retest_entry"": true}"
اتجاهي,dir,directional,BNBUSDT,صاعد,KAMA,1,159695,159696,2024-12-20T21:35:00+00:00,2024-12-20T21:36:00+00:00,1,-0.004593111039061019,-0.09186222078122037,20.0,زمني,0,False,True,,False,670.8222519999999,670.42,0.0006,669.48,1,baseline,0,"{""close"": 670.41, ""rsi"": 60.86451408448602, ""rsi7"": 72.13811592630002, ""macd"": 0.27060942298019663, ""adx"": 17.202010923371134, ""stoch_k"": 76.3573983781241, ""stoch_d"": 70.1271926660534, ""mss"": 0.0, ""sfp"": -1.0, ""vr"": 1.2324903616324077, ""hurst"": 0.35591574459309805, ""atr14"": 0.9680858690455837, ""vol_sma20"": 195.17239999999998, ""vol_ratio"": 1.2366912534764138, ""atr_pct"": 0.0014440206277435952, ""retest_entry"": true}"
اتجاهي,dir,directional,BNBUSDT,صاعد,FVG,1,159704,159705,2024-12-20T21:44:00+00:00,2024-12-20T21:45:00+00:00,1,-0.002522539004640761,-0.05045078009281522,20.0,زمني,0,False,True,,False,670.6411320000001,670.44,0.0003,670.49,1,baseline,0,"{""close"": 670.45, ""rsi"": 58.87970993175789, ""rsi7"": 64.76639511417812, ""macd"": 0.08476770348848686, ""adx"": 13.730935874227372, ""stoch_k"": 65.38461538461667, ""stoch_d"": 57.31244064577462, ""mss"": 0.0, ""sfp"": 0.0, ""vr"": 0.9798796579251482, ""hurst"": 0.35353407634072204, ""atr14"": 0.7819370055497261, ""vol_sma20"": 146.4857, ""vol_ratio"": 0.2597386639105387, ""atr_pct"": 0.0011662868305611545, ""retest_entry"": true}"
اتجاهي,dir,directional,BNBUSDT,صاعد,MicroBurst,1,159709,159710,2024-12-20T21:49:00+00:00,2024-12-20T21:50:00+00:00,1,-0.0035339267524025445,-0.07067853504805088,20.0,زمني,0,False,True,,False,670.811183,670.61,0.0003,669.98,1,baseline,0,"{""close"": 670.6, ""rsi"": 58.491563751850855, ""rsi7"": 62.352402923513864, ""macd"": 0.05089910063418235, ""adx"": 13.003412841628231, ""stoch_k"": 69.94219653179118, ""stoch_d"": 69.43472007381375, ""mss"": 0.0, ""sfp"": 0.0, ""vr"": 0.931361369198786, ""hurst"": 0.39331884635335496, ""atr14"": 0.745398376795338, ""vol_sma20"": 166.5906, ""vol_ratio"": 2.082170302526073, ""atr_pct"": 0.0011115394822477454, ""retest_entry"": true}"
اتجاهي,dir,directional,BNBUSDT,صاعد,MicroBurst,1,159713,159715,2024-12-20T21:53:00+00:00,2024-12-20T21:55:00+00:00,2,-0.0016511130422260456,-0.03302226084452091,20.0,تتبع,0,False,True,,False,671.191297,670.99,0.0003,671.626281546,1,baseline,0,"{""close"": 670.96, ""rsi"": 59.79436593569479, ""rsi7"": 64.03832467883868, ""macd"": 0.039377759011683944, ""adx"": 11.974113053403991, ""stoch_k"": 66.59914296001625, ""stoch_d"": 66.35012369245158, ""mss"": 0.0, ""sfp"": -1.0, ""vr"": 0.9370140311658143, ""hurst"": 0.40850376373784475, ""atr14"": 0.751757419816009, ""vol_sma20"": 190.596, ""vol_ratio"": 1.5257245692459445, ""atr_pct"": 0.0011204206209252548, ""retest_entry"": true}"
اتجاهي,dir,directional,BNBUSDT,صاعد,FVG,1,159718,159719,2024-12-20T21:58:00+00:00,2024-12-20T21:59:00+00:00,1,-0.002685902917129837,-0.05371805834259674,20.0,زمني,0,False,True,,False,672.761768,672.56,0.0003,672.5,1,baseline,0,"{""close"": 672.56, ""rsi"": 68.05882364183314, ""rsi7"": 75.58244790289717, ""macd"": 0.18227540962710453, ""adx"": 17.329269206939916, ""stoch_k"": 92.35951468710012, ""stoch_d"": 90.55295939696286, ""mss"": 0.0, ""sfp"": 0.0, ""vr"": 0.8672812943613628, ""hurst"": 0.43370545549610096, ""atr14"": 0.69848449990284, ""vol_sma20"": 176.42145, ""vol_ratio"": 0.9616007577309902, ""atr_pct"": 0.001038546003186095, ""retest_entry"": true}"
اتجاهي,dir,directional,BNBUSDT,صاعد,FVG,1,159728,159729,2024-12-20T22:08:00+00:00,2024-12-20T22:09:00+00:00,1,-0.00160313060745812,-0.0320626121491624,20.0,تتبع,0,False,True,,False,673.782074,673.58,0.0003,674.251141732,1,baseline,0,"{""close"": 673.58, ""rsi"": 69.18477827268228, ""rsi7"": 76.33075713884563, ""macd"": 0.06218729005534929, ""adx"": 17.19713343588609, ""stoch_k"": 92.08032820049829, ""stoch_d"": 90.34307185681371, ""mss"": 0.0, ""sfp"": 0.0, ""vr"": 0.8333755120522862, ""hurst"": 0.4525335266850416, ""atr14"": 0.6700120346652577, ""vol_sma20"": 162.803, ""vol_ratio"": 1.2794665945959227, ""atr_pct"": 0.0009947029820737813, ""retest_entry"": true}"
اتجاهي,dir,directional,BNBUSDT,صاعد,MicroBurst,1,159739,159779,2024-12-20T22:19:00+00:00,2024-12-20T22:59:00+00:00,40,0.00027211569628429467,0.005442313925685893,20.0,تتبع,0,True,True,,False,675.952725,675.75,0.0003,677.69380095,1,baseline,0,"{""close"": 675.79, ""rsi"": 70.32148555399695, ""rsi7"": 75.56317912179145, ""macd"": 0.04910803005532349, ""adx"": 26.828601098427168, ""stoch_k"": 82.02247191011207, ""stoch_d"": 68.14989616201697, ""mss"": 0.0, ""sfp"": 0.0, ""vr"": 1.0194962376570542, ""hurst"": 0.47800251036931873, ""atr14"": 0.825539662164783, ""vol_sma20"": 221.37714999999997, ""vol_ratio"": 1.9892703470073585, ""atr_pct"": 0.001221592006636356, ""retest_entry"": true}"
اتجاهي,dir,directional,BNBUSDT,صاعد,MicroBurst,1,159785,159786,2024-12-20T23:05:00+00:00,2024-12-20T23:06:00+00:00,1,-0.002552813762183833,-0.05105627524367666,20.0,زمني,0,False,True,,False,678.563508,678.36,0.0003,678.39,1,baseline,0,"{""close"": 678.35, ""rsi"": 61.02120597857052, ""rsi7"": 59.318419071189425, ""macd"": -0.06193641923268234, ""adx"": 21.273497464180934, ""stoch_k"": 60.858375467719746, ""stoch_d"": 58.6905200595854, ""mss"": 0.0, ""sfp"": 0.0, ""vr"": 0.8036750101813162, ""hurst"": 0.27227034394926847, ""atr14"": 0.5381027842414031, ""vol_sma20"": 142.46660000000003, ""vol_ratio"": 1.6701037295759142, ""atr_pct"": 0.0007932524275689587, ""retest_entry"": true}"
اتجاهي,dir,directional,BNBUSDT,صاعد,MACD,1,159788,159789,2024-12-20T23:08:00+00:00,2024-12-20T23:09:00+00:00,1,-0.002126886573504706,-0.042537731470094126,20.0,زمني,0,False,True,,False,679.233709,679.03,0.0003,679.35,1,baseline,0,"{""close"": 679.03, ""rsi"": 64.19353666830045, ""rsi7"": 65.30723334486925, ""macd"": 0.00020108081187797389, ""adx"": 19.047666786082242, ""stoch_k"": 87.39119512396043, ""stoch_d"": 83.13150773214225, ""mss"": 0.0, ""sfp"": 0.0, ""vr"": 0.877571700451496, ""hurst"": 0.28355181054258877, ""atr14"": 0.5759846271787, ""vol_sma20"": 160.92055, ""vol_ratio"": 1.1049862804968043, ""atr_pct"": 0.0008482462147161393, ""retest_entry"": true}"
اتجاهي,dir,directional,BNBUSDT,صاعد,Bollinger,1,159791,159792,2024-12-20T23:11:00+00:00,2024-12-20T23:12:00+00:00,1,-0.002846461143372699,-0.05692922286745398,20.0,زمني,0,False,True,,False,679.693847,679.49,0.0003,679.32,1,baseline,0,"{""close"": 679.5, ""rsi"": 67.43518851665013, ""rsi7"": 70.75935925363515, ""macd"": 0.06368997172910218, ""adx"": 19.218350224195365, ""stoch_k"": 99.57983193277359, ""stoch_d"": 95.28770224834852, ""mss"": 0.0, ""sfp"": 0.0, ""vr"": 0.7941378979734102, ""hurst"": 0.2850886487340152, ""atr14"": 0.5107938141077271, ""vol_sma20"": 161.22505, ""vol_ratio"": 0.9301098061374456, ""atr_pct"": 0.0007517201090621443, ""retest_entry"": true}"
اتجاهي,dir,directional,BNBUSDT,صاعد,FVG,1,159802,159815,2024-12-20T23:22:00+00:00,2024-12-20T23:35:00+00:00,13,-0.005290809190809106,-0.10581618381618212,20.0,وقف,0,False,True,,False,679.583814,679.38,0.0003,677.5450625579999,1,baseline,0,"{""close"": 679.4, ""rsi"": 58.867474812485646, ""rsi7"": 58.86159971140823, ""macd"": -0.10345124630875857, ""adx"": 16.708511084062668, ""stoch_k"": 48.33333333333379, ""stoch_d"": 44.46805568419196, ""mss"": 0.0, ""sfp"": 0.0, ""vr"": 0.7829440309395987, ""hurst"": 0.27676191644834736, ""atr14"": 0.46612540353131043, ""vol_sma20"": 169.579, ""vol_ratio"": 0.9070934490709345, ""atr_pct"": 0.0006860839027543575, ""retest_entry"": true}"
اتجاهي,dir,directional,BNBUSDT,صاعد,EMA,1,159820,159821,2024-12-20T23:40:00+00:00,2024-12-20T23:41:00+00:00,1,-0.0038311147599714612,-0.07662229519942923,20.0,زمني,0,False,True,,False,679.0436520000001,678.84,0.0003,678.0,1,baseline,0,"{""close"": 678.84, ""rsi"": 50.53838276520985, ""rsi7"": 53.44731302473305, ""macd"": -0.12885830515897648, ""adx"": 16.49680678648092, ""stoch_k"": 34.7023809523829, ""stoch_d"": 26.64021164021384, ""mss"": 0.0, ""sfp"": 0.0, ""vr"": 1.0373066640742044, ""hurst"": 0.26523105752681136, ""atr14"": 0.5642811719767673, ""vol_sma20"": 259.72825, ""vol_ratio"": 1.9686999777652219, ""atr_pct"": 0.0008312432561086077, ""retest_entry"": true}"
اتجاهي,dir,directional,BNBUSDT,صاعد,MicroBurst,1,159835,159836,2024-12-20T23:55:00+00:00,2024-12-20T23:56:00+00:00,1,-0.0019297141460260573,-0.038594282920521146,20.0,قفل-ربح,0,False,True,,False,678.073361,677.87,0.0003,678.3234586126745,1,baseline,0,"{""close"": 677.87, ""rsi"": 48.44244371467595, ""rsi7"": 56.25238581305713, ""macd"": -0.0032010325263552852, ""adx"": 25.71541966475228, ""stoch_k"": 32.625639360232505, ""stoch_d"": 25.624434652605363, ""mss"": 0.0, ""sfp"": 0.0, ""vr"": 1.0593040013189978, ""hurst"": 0.4354039986675133, ""atr14"": 0.555605790872753, ""vol_sma20"": 259.65995, ""vol_ratio"": 2.2117850673544384, ""atr_pct"": 0.0008196347247595453, ""retest_entry"": true}"
اتجاهي,dir,directional,BNBUSDT,صاعد,Bollinger,1,159844,159845,2024-12-21T00:04:00+00:00,2024-12-21T00:05:00+00:00,1,-0.004431787890739543,-0.08863575781479087,20.0,زمني,0,False,True,,False,679.683844,679.48,0.0003,678.23,1,baseline,0,"{""close"": 679.48, ""rsi"": 66.07029813200852, ""rsi7"": 80.3701786567493, ""macd"": 0.22084670146072727, ""adx"": 22.029646834878378, ""stoch_k"": 91.92581119186684, ""stoch_d"": 91.04180423309329, ""mss"": 0.0, ""sfp"": 0.0, ""vr"": 1.0915069457221582, ""hurst"": 0.4586159802690357, ""atr14"": 0.5508885208371638, ""vol_sma20"": 197.37664999999998, ""vol_ratio"": 0.7173695571385978, ""atr_pct"": 0.0008107501631205683, ""retest_entry"": true}"
اتجاهي,dir,directional,BNBUSDT,صاعد,FVG,1,159861,159863,2024-12-21T00:21:00+00:00,2024-12-21T00:23:00+00:00,2,-0.0021638599330893534,-0.043277198661787065,20.0,تتبع,0,False,True,,False,679.1272319999999,678.72,0.0006,679.422429376,1,baseline,0,"{""close"": 678.73, ""rsi"": 57.83206478612345, ""rsi7"": 67.08279965306484, ""macd"": 0.025181488910118455, ""adx"": 17.35735002510715, ""stoch_k"": 51.956634114310354, ""stoch_d"": 32.5135149646834, ""mss"": 0.0, ""sfp"": 0.0, ""vr"": 1.3560718024879201, ""hurst"": 0.3772977088703628, ""atr14"": 0.6949620415880197, ""vol_sma20"": 186.8246, ""vol_ratio"": 0.6589442717929009, ""atr_pct"": 0.0010239153147614216, ""retest_entry"": true}"
اتجاهي,dir,directional,BNBUSDT,صاعد,FVG,1,159875,159876,2024-12-21T00:35:00+00:00,2024-12-21T00:36:00+00:00,1,-0.0032687829895499806,-0.06537565979099962,20.0,زمني,0,False,True,,False,680.377982,679.97,0.0006,679.92,1,baseline,0,"{""close"": 679.97, ""rsi"": 59.70817970464698, ""rsi7"": 61.9038929586502, ""macd"": 0.06258560685336062, ""adx"": 13.175137783556927, ""stoch_k"": 82.05367316885619, ""stoch_d"": 80.99387435658538, ""mss"": 0.0, ""sfp"": 0.0, ""vr"": 1.2738749657636608, ""hurst"": 0.3115562476998813, ""atr14"": 0.7024960049337197, ""vol_sma20"": 273.6867, ""vol_ratio"": 1.159128302544479, ""atr_pct"": 0.0010331279393704423, ""retest_entry"": true}"
اتجاهي,dir,directional,BNBUSDT,صاعد,FVG,1,159881,159882,2024-12-21T00:41:00+00:00,2024-12-21T00:42:00+00:00,1,-0.0032121972050898327,-0.06424394410179665,20.0,زمني,0,False,True,symbol_collision,True,681.054255,680.85,0.0003,680.43,1,baseline,0,"{""close"": 680.86, ""rsi"": 65.07925692633445, ""rsi7"": 71.50344822041896, ""macd"": 0.11142966949891203, ""adx"": 12.87452370358098, ""stoch_k"": 96.75120853383017, ""stoch_d"": 90.3865689479407, ""mss"": 0.0, ""sfp"": 0.0, ""vr"": 1.104218304467926, ""hurst"": 0.33465960022141883, ""atr14"": 0.6297050002919401, ""vol_sma20"": 270.18665, ""vol_ratio"": 0.469220074344902, ""atr_pct"": 0.000924867080298358, ""retest_entry"": true}"
اتجاهي,dir,directional,BNBUSDT,صاعد,Bollinger,1,159890,159899,2024-12-21T00:50:00+00:00,2024-12-21T00:59:00+00:00,9,-0.0010501558927213626,-0.021003117854427253,20.0,تتبع,0,False,True,symbol_collision,True,680.0839639999999,679.88,0.0003,680.934354248,1,baseline,0,"{""close"": 679.89, ""rsi"": 52.37659237085211, ""rsi7"": 49.3694410749465, ""macd"": -0.12378423924226917, ""adx"": 10.384776264381824, ""stoch_k"": 33.74164133738402, ""stoch_d"": 25.79328552136428, ""mss"": 0.0, ""sfp"": 0.0, ""vr"": 0.9750120094605196, ""hurst"": 0.37334646529048676, ""atr14"": 0.5610896531650263, ""vol_sma20"": 188.79879999999997, ""vol_ratio"": 0.7386858391049096, ""atr_pct"": 0.0008252653416950188, ""retest_entry"": true}"
اتجاهي,dir,directional,BNBUSDT,صاعد,MicroBurst,1,159904,159905,2024-12-21T01:04:00+00:00,2024-12-21T01:05:00+00:00,1,-0.0025384262220098266,-0.050768524440196534,20.0,زمني,0,False,True,symbol_collision,True,682.224606,682.02,0.0003,682.06,1,baseline,0,"{""close"": 682.02, ""rsi"": 69.75204826297745, ""rsi7"": 79.68433752880146, ""macd"": 0.18778188347919011, ""adx"": 15.635106596525208, ""stoch_k"": 90.19841269841311, ""stoch_d"": 89.19302298033614, ""mss"": 0.0, ""sfp"": 0.0, ""vr"": 1.0273730636220542, ""hurst"": 0.28760357779954365, ""atr14"": 0.6040312033010486, ""vol_sma20"": 283.44515, ""vol_ratio"": 0.1896416290770895, ""atr_pct"": 0.0008856502790256131, ""retest_entry"": true}"
اتجاهي,dir,directional,BNBUSDT,صاعد,Bollinger,1,159908,159909,2024-12-21T01:08:00+00:00,2024-12-21T01:09:00+00:00,1,-0.002115107145703013,-0.042302142914060266,20.0,زمني,0,False,True,symbol_collision,True,683.334939,683.13,0.0003,683.46,1,baseline,0,"{""close"": 683.12, ""rsi"": 75.3225713088757, ""rsi7"": 85.09316319019968, ""macd"": 0.19732695078331763, ""adx"": 20.865080771077828, ""stoch_k"": 94.65930018416076, ""stoch_d"": 89.18833494109572, ""mss"": 0.0, ""sfp"": 0.0, ""vr"": 1.0262288428922255, ""hurst"": 0.28015554544493737, ""atr14"": 0.6109008016837102, ""vol_sma20"": 354.65330000000006, ""vol_ratio"": 0.6862194712413503, ""atr_pct"": 0.0008942803631627097, ""retest_entry"": true}"
اتجاهي,dir,directional,BNBUSDT,صاعد,FVG,1,159911,159914,2024-12-21T01:11:00+00:00,2024-12-21T01:14:00+00:00,3,-0.0019258020146488562,-0.03851604029297712,20.0,قفل-ربح,0,False,True,symbol_collision,True,683.665038,683.46,0.0003,683.9198787693672,1,baseline,0,"{""close"": 683.47, ""rsi"": 75.52959219221992, ""rsi7"": 83.20365161274893, ""macd"": 0.19750753336495663, ""adx"": 26.27550487892474, ""stoch_k"": 95.34522167318961, ""stoch_d"": 96.71507020403767, ""mss"": 0.0, ""sfp"": 0.0, ""vr"": 0.9434305009332867, ""hurst"": 0.2912562148131556, ""atr14"": 0.5661512614063802, ""vol_sma20"": 338.9122, ""vol_ratio"": 0.5126342456836903, ""atr_pct"": 0.0008283483714082259, ""retest_entry"": true}"
اتجاهي,dir,directional,BNBUSDT,صاعد,FVG,1,159925,159926,2024-12-21T01:25:00+00:00,2024-12-21T01:26:00+00:00,1,-0.0023930625124476785,-0.047861250248953574,20.0,زمني,0,False,True,symbol_collision,True,685.165488,684.96,0.0003,685.1,1,baseline,0,"{""close"": 684.95, ""rsi"": 66.36069004190477, ""rsi7"": 67.48595321405907, ""macd"": -0.09894141462516559, ""adx"": 27.6405480676627, ""stoch_k"": 63.01283855463515, ""stoch_d"": 47.843052951411266, ""mss"": 0.0, ""sfp"": 0.0, ""vr"": 1.0780388836020098, ""hurst"": 0.3310230344623374, ""atr14"": 0.6633306722478642, ""vol_sma20"": 338.23125, ""vol_ratio"": 1.3190620322634294, ""atr_pct"": 0.000968436633692772, ""retest_entry"": true}"
اتجاهي,dir,directional,BNBUSDT,صاعد,OBV,1,159940,159950,2024-12-21T01:40:00+00:00,2024-12-21T01:50:00+00:00,10,-0.0017943720279856913,-0.035887440559713824,20.0,قفل-ربح,0,False,True,symbol_collision,True,685.100814,684.69,0.0006,685.4464401234316,1,baseline,0,"{""close"": 684.69, ""rsi"": 55.37220349675707, ""rsi7"": 57.19461657396897, ""macd"": -0.15834938897217815, ""adx"": 19.937045412201428, ""stoch_k"": 40.66666666666768, ""stoch_d"": 34.800000000000274, ""mss"": 0.0, ""sfp"": 0.0, ""vr"": 1.2121736035507582, ""hurst"": 0.31510489258574126, ""atr14"": 0.7675974935739774, ""vol_sma20"": 360.73415, ""vol_ratio"": 0.8298881600203364, ""atr_pct"": 0.0011210876361185023, ""retest_entry"": true}"
اتجاهي,dir,directional,BNBUSDT,صاعد,EMA,1,159965,159972,2024-12-21T02:05:00+00:00,2024-12-21T02:12:00+00:00,7,-0.005290809190809217,-0.10581618381618434,20.0,وقف,0,False,True,symbol_collision,True,684.925416,684.72,0.0003,682.870639752,1,baseline,0,"{""close"": 684.73, ""rsi"": 47.2721367647688, ""rsi7"": 45.81677341871989, ""macd"": -0.24363295510106914, ""adx"": 21.601059034242148, ""stoch_k"": 20.96774193548411, ""stoch_d"": 11.04345235244964, ""mss"": 0.0, ""sfp"": 0.0, ""vr"": 1.1059893110218346, ""hurst"": 0.3407317600937223, ""atr14"": 0.7163362009534407, ""vol_sma20"": 346.96195, ""vol_ratio"": 0.9703283025703539, ""atr_pct"": 0.0010461586332619292, ""retest_entry"": true}"
اتجاهي,dir,directional,BNBUSDT,صاعد,FVG,1,159979,159988,2024-12-21T02:19:00+00:00,2024-12-21T02:28:00+00:00,9,0.000120032661446254,0.0024006532289250803,20.0,تتبع,0,True,True,symbol_collision,True,682.284624,682.08,0.0003,683.9380063680001,1,baseline,0,"{""close"": 682.08, ""rsi"": 34.54769379009821, ""rsi7"": 32.536413575361394, ""macd"": -0.19591199166830464, ""adx"": 23.61482766892391, ""stoch_k"": 10.49129764265181, ""stoch_d"": 7.15151600712517, ""mss"": 0.0, ""sfp"": 0.0, ""vr"": 1.079746647202466, ""hurst"": 0.4801580445061357, ""atr14"": 0.7008243934073847, ""vol_sma20"": 370.94395, ""vol_ratio"": 3.2874104025689057, ""atr_pct"": 0.0010274812242074018, ""retest_entry"": true}"
اتجاهي,dir,directional,BNBUSDT,صاعد,FVG,1,159992,159993,2024-12-21T02:32:00+00:00,2024-12-21T02:33:00+00:00,1,-0.0030628565422485027,-0.06125713084497005,20.0,زمني,0,False,True,symbol_collision,True,685.215503,685.01,0.0003,684.69,1,baseline,0,"{""close"": 685.0, ""rsi"": 61.027492315381124, ""rsi7"": 70.27352603126035, ""macd"": 0.22768284219478283, ""adx"": 20.622752711587374, ""stoch_k"": 75.55672167535185, ""stoch_d"": 66.09466480087417, ""mss"": 0.0, ""sfp"": 0.0, ""vr"": 1.0084349968826651, ""hurst"": 0.46059666296007973, ""atr14"": 0.6617847661438825, ""vol_sma20"": 512.91425, ""vol_ratio"": 1.139258657758095, ""atr_pct"": 0.0009661091476553028, ""retest_entry"": true}"
اتجاهي,dir,directional,BNBUSDT,صاعد,FVG,1,159997,159998,2024-12-21T02:37:00+00:00,2024-12-21T02:38:00+00:00,1,-0.002378577538428797,-0.04757155076857594,20.0,زمني,0,False,True,symbol_collision,True,685.40556,685.2,0.0003,685.35,1,baseline,0,"{""close"": 685.19, ""rsi"": 61.30289626381684, ""rsi7"": 68.75282471575255, ""macd"": 0.21660634002164364, ""adx"": 23.61730488395548, ""stoch_k"": 95.35428663270676, ""stoch_d"": 94.94445062776954, ""mss"": 0.0, ""sfp"": 0.0, ""vr"": 0.8547826111426474, ""hurst"": 0.41219521202284426, ""atr14"": 0.5635514613997538, ""vol_sma20"": 394.4819, ""vol_ratio"": 0.3143414184529125, ""atr_pct"": 0.0008224747316799044, ""retest_entry"": true}"
اتجاهي,dir,directional,BNBUSDT,صاعد,FVG,1,160000,160001,2024-12-21T02:40:00+00:00,2024-12-21T02:41:00+00:00,1,-0.0023059188073150396,-0.046118376146300794,20.0,زمني,0,False,True,symbol_collision,True,685.695647,685.49,0.0003,685.69,1,baseline,0,"{""close"": 685.5, ""rsi"": 63.6159250808692, ""rsi7"": 72.72314738297501, ""macd"": 0.16694865807985582, ""adx"": 24.556703508018916, ""stoch_k"": 93.50575521016442, ""stoch_d"": 91.47107493788093, ""mss"": 0.0, ""sfp"": 0.0, ""vr"": 0.778820238779598, ""hurst"": 0.38916937046449873, ""atr14"": 0.5124754229939028, ""vol_sma20"": 317.628, ""vol_ratio"": 0.570831286914252, ""atr_pct"": 0.0007475936148707554, ""retest_entry"": true}"
اتجاهي,dir,directional,BNBUSDT,صاعد,MicroBurst,1,160010,160011,2024-12-21T02:50:00+00:00,2024-12-21T02:51:00+00:00,1,-0.0022618673432191856,-0.045237346864383715,20.0,زمني,0,False,True,symbol_collision,True,684.8754009999999,684.67,0.0003,684.9,1,baseline,0,"{""close"": 684.67, ""rsi"": 49.87262869121218, ""rsi7"": 44.130929930779686, ""macd"": -0.1503091884029878, ""adx"": 21.460389029158257, ""stoch_k"": 14.476190476186085, ""stoch_d"": 12.792717086830487, ""mss"": 0.0, ""sfp"": 0.0, ""vr"": 0.778414191940531, ""hurst"": 0.3942988701521321, ""atr14"": 0.5025657129474276, ""vol_sma20"": 191.62595000000002, ""vol_ratio"": 2.16579226352172, ""atr_pct"": 0.0007340261921033893, ""retest_entry"": true}"
اتجاهي,dir,directional,BNBUSDT,صاعد,Bollinger,1,160021,160024,2024-12-21T03:01:00+00:00,2024-12-21T03:04:00+00:00,3,-0.005290809190809106,-0.10581618381618212,20.0,وقف,0,False,True,symbol_collision,True,684.1051699999999,683.9,0.0003,682.05285449,1,baseline,0,"{""close"": 683.89, ""rsi"": 42.377459430162396, ""rsi7"": 40.121628801700496, ""macd"": -0.16004845620781588, ""adx"": 18.5417183131218, ""stoch_k"": 11.748224015448637, ""stoch_d"": 5.665045865231523, ""mss"": 0.0, ""sfp"": 0.0, ""vr"": 0.6744687411735224, ""hurst"": 0.41336476996537913, ""atr14"": 0.4221042197269459, ""vol_sma20"": 134.77225, ""vol_ratio"": 1.393165135997952, ""atr_pct"": 0.0006172106913786514, ""retest_entry"": true}"
اتجاهي,dir,directional,BNBUSDT,صاعد,Stochastic,1,160027,160028,2024-12-21T03:07:00+00:00,2024-12-21T03:08:00+00:00,1,-0.0024360871312458744,-0.04872174262491749,20.0,زمني,0,False,True,symbol_collision,True,682.354645,682.15,0.0003,682.26,1,baseline,0,"{""close"": 682.15, ""rsi"": 32.745538695857974, ""rsi7"": 29.658173016868076, ""macd"": -0.25734678739045125, ""adx"": 24.2207414443172, ""stoch_k"": 10.795982105174195, ""stoch_d"": 8.919869313436212, ""mss"": 0.0, ""sfp"": 0.0, ""vr"": 0.8902772509986258, ""hurst"": 0.4080123569354398, ""atr14"": 0.5487990357860076, ""vol_sma20"": 188.86129999999997, ""vol_ratio"": 0.7214712595963283, ""atr_pct"": 0.0008045137224745402, ""retest_entry"": true}"
اتجاهي,dir,directional,BNBUSDT,صاعد,MACD,1,160036,160037,2024-12-21T03:16:00+00:00,2024-12-21T03:17:00+00:00,1,-0.005290809190809106,-0.10581618381618212,20.0,وقف,0,False,True,symbol_collision,True,682.544702,682.34,0.0003,680.497067894,1,baseline,0,"{""close"": 682.33, ""rsi"": 40.537290347225095, ""rsi7"": 45.145759278113104, ""macd"": 0.025303181963110766, ""adx"": 27.507842987820712, ""stoch_k"": 26.90909090909273, ""stoch_d"": 27.59595959596079, ""mss"": 0.0, ""sfp"": 0.0, ""vr"": 0.9690559904149436, ""hurst"": 0.4444600080279199, ""atr14"": 0.5873013122288789, ""vol_sma20"": 735.15265, ""vol_ratio"": 4.241524532353927, ""atr_pct"": 0.0008607291372633167, ""retest_entry"": true}"
اتجاهي,dir,directional,BNBUSDT,صاعد,MACD,1,160051,160052,2024-12-21T03:31:00+00:00,2024-12-21T03:32:00+00:00,1,-0.0038397090785856564,-0.07679418157171312,20.0,زمني,0,False,True,symbol_collision,True,681.2184859999999,680.81,0.0006,680.37,1,baseline,0,"{""close"": 680.81, ""rsi"": 45.794325876747365, ""rsi7"": 52.65178260253989, ""macd"": 0.028584836384429546, ""adx"": 39.240851518753324, ""stoch_k"": 22.651900266280148, ""stoch_d"": 16.708422213268946, ""mss"": 0.0, ""sfp"": 0.0, ""vr"": 1.3729568662983898, ""hurst"": 0.4578189406808423, ""atr14"": 0.8714062984130352, ""vol_sma20"": 1556.5389, ""vol_ratio"": 0.12810794513391216, ""atr_pct"": 0.0012799551980920306, ""retest_entry"": true}"
اتجاهي,dir,directional,BNBUSDT,صاعد,OBV,1,160068,160069,2024-12-21T03:48:00+00:00,2024-12-21T03:49:00+00:00,1,-0.002523632182820774,-0.05047264365641548,20.0,زمني,0,False,True,symbol_collision,True,680.644132,680.44,0.0003,680.49,1,baseline,0,"{""close"": 680.44, ""rsi"": 47.864907575863306, ""rsi7"": 52.74797224555035, ""macd"": 0.07243343683449466, ""adx"": 21.523246823080864, ""stoch_k"": 40.972222222226236, ""stoch_d"": 29.243827160495744, ""mss"": 0.0, ""sfp"": 0.0, ""vr"": 0.9712762412433278, ""hurst"": 0.4637729885529498, ""atr14"": 0.6323440872479464, ""vol_sma20"": 286.48359999999997, ""vol_ratio"": 0.41881629524342756, ""atr_pct"": 0.0009293164529538922, ""retest_entry"": true}"
اتجاهي,dir,directional,BNBUSDT,صاعد,FVG,1,160075,160076,2024-12-21T03:55:00+00:00,2024-12-21T03:56:00+00:00,1,-0.00327088381671467,-0.06541767633429339,20.0,زمني,0,False,True,symbol_collision,True,680.9642279999999,680.76,0.0003,680.3,1,baseline,0,"{""close"": 680.76, ""rsi"": 52.03715093814866, ""rsi7"": 58.74377389333159, ""macd"": 0.108708787783651, ""adx"": 20.955574594083632, ""stoch_k"": 77.04590818363275, ""stoch_d"": 69.86027944111808, ""mss"": 0.0, ""sfp"": 0.0, ""vr"": 0.970515237807381, ""hurst"": 0.431888439297452, ""atr14"": 0.6264983356262125, ""vol_sma20"": 331.8936, ""vol_ratio"": 1.3460187240730161, ""atr_pct"": 0.0009202925195754928, ""retest_entry"": true}"
اتجاهي,dir,directional,BNBUSDT,صاعد,Bollinger,1,160080,160085,2024-12-21T04:00:00+00:00,2024-12-21T04:05:00+00:00,5,-0.0009257932591307044,-0.018515865182614086,20.0,تتبع,0,False,True,symbol_collision,True,681.2043,681.0,0.0003,682.1410026,1,baseline,0,"{""close"": 681.0, ""rsi"": 55.291376531622475, ""rsi7"": 64.45027672345033, ""macd"": 0.09198057870423025, ""adx"": 22.44264629703478, ""stoch_k"": 81.92771084337373, ""stoch_d"": 71.55287817938303, ""mss"": 0.0, ""sfp"": 0.0, ""vr"": 0.8275432761685738, ""hurst"": 0.3735341804136202, ""atr14"": 0.5288789762629877, ""vol_sma20"": 291.7293, ""vol_ratio"": 0.4359555245222197, ""atr_pct"": 0.0007766211105183373, ""retest_entry"": true}"
اتجاهي,dir,directional,BNBUSDT,صاعد,MicroBurst,1,160089,160090,2024-12-21T04:09:00+00:00,2024-12-21T04:10:00+00:00,1,-0.004290183138287564,-0.08580366276575128,20.0,زمني,0,False,True,symbol_collision,True,683.4949869999999,683.29,0.0003,682.13,1,baseline,0,"{""close"": 683.29, ""rsi"": 73.2273077436626, ""rsi7"": 85.83701861971483, ""macd"": 0.2458993598817938, ""adx"": 20.93783642992012, ""stoch_k"": 90.80580252404447, ""stoch_d"": 90.07839815717364, ""mss"": 0.0, ""sfp"": 0.0, ""vr"": 0.896841065150914, ""hurst"": 0.42870154922299747, ""atr14"": 0.5642746708047759, ""vol_sma20"": 474.83475, ""vol_ratio"": 1.6181334664322693, ""atr_pct"": 0.0008258201800184049, ""retest_entry"": true}"
اتجاهي,dir,directional,BNBUSDT,صاعد,FVG,1,160093,160094,2024-12-21T04:13:00+00:00,2024-12-21T04:14:00+00:00,1,-0.0024656014978290696,-0.04931202995658139,20.0,زمني,0,False,True,symbol_collision,True,683.7650679999999,683.56,0.0003,683.65,1,baseline,0,"{""close"": 683.56, ""rsi"": 66.89928715880805, ""rsi7"": 70.11636652111386, ""macd"": 0.12499424818628191, ""adx"": 19.435836560817158, ""stoch_k"": 76.46013088847884, ""stoch_d"": 73.73049757682601, ""mss"": 0.0, ""sfp"": 0.0, ""vr"": 0.9774036459575977, ""hurst"": 0.4754142758713439, ""atr14"": 0.6127925570818215, ""vol_sma20"": 364.109, ""vol_ratio"": 0.3648687618268156, ""atr_pct"": 0.0008964722293314727, ""retest_entry"": true}"
اتجاهي,dir,directional,BNBUSDT,صاعد,Bollinger,1,160109,160110,2024-12-21T04:29:00+00:00,2024-12-21T04:30:00+00:00,1,-0.0024657511762695406,-0.049315023525390814,20.0,زمني,0,False,True,symbol_collision,True,684.545302,684.34,0.0003,684.43,1,baseline,0,"{""close"": 684.35, ""rsi"": 56.39582263502117, ""rsi7"": 48.88687716694295, ""macd"": -0.15136112519601774, ""adx"": 19.98914953796265, ""stoch_k"": 33.876487069957086, ""stoch_d"": 38.98355027402912, ""mss"": 0.0, ""sfp"": 0.0, ""vr"": 0.8552879977487725, ""hurst"": 0.5747891709547737, ""atr14"": 0.5433812594741952, ""vol_sma20"": 271.65675, ""vol_ratio"": 0.2576560310023587, ""atr_pct"": 0.0007940107539624392, ""retest_entry"": true}"
اتجاهي,dir,directional,BNBUSDT,صاعد,FVG,1,160112,160113,2024-12-21T04:32:00+00:00,2024-12-21T04:33:00+00:00,1,-0.0029028259330137773,-0.058056518660275544,20.0,زمني,0,False,True,symbol_collision,True,684.9154130000001,684.71,0.0003,684.5,1,baseline,0,"{""close"": 684.7, ""rsi"": 59.1432906442666, ""rsi7"": 57.34652720992111, ""macd"": -0.14871122932083347, ""adx"": 17.889412345329355, ""stoch_k"": 24.444444444445526, ""stoch_d"": 24.647816776796827, ""mss"": 0.0, ""sfp"": 0.0, ""vr"": 0.8091472271776492, ""hurst"": 0.561200783119496, ""atr14"": 0.5148974588428638, ""vol_sma20"": 302.9513, ""vol_ratio"": 1.3889592155570878, ""atr_pct"": 0.0007520044674205692, ""retest_entry"": true}"
اتجاهي,dir,directional,BNBUSDT,صاعد,Bollinger,1,160121,160122,2024-12-21T04:41:00+00:00,2024-12-21T04:42:00+00:00,1,-0.0025532285766010805,-0.05106457153202161,20.0,زمني,0,False,True,symbol_collision,True,685.0054399999999,684.8,0.0003,684.83,1,baseline,0,"{""close"": 684.8, ""rsi"": 58.57651368881086, ""rsi7"": 61.76363985895727, ""macd"": -0.07671279987030477, ""adx"": 13.557959539191167, ""stoch_k"": 73.41020265548282, ""stoch_d"": 48.543575422008416, ""mss"": 0.0, ""sfp"": 0.0, ""vr"": 0.7167706180968364, ""hurst"": 0.5028285697984823, ""atr14"": 0.45941393881354525, ""vol_sma20"": 159.3464, ""vol_ratio"": 0.5893198716757957, ""atr_pct"": 0.0006708731583141724, ""retest_entry"": true}"
اتجاهي,dir,directional,BNBUSDT,صاعد,FVG,1,160124,160150,2024-12-21T04:44:00+00:00,2024-12-21T05:10:00+00:00,26,-0.0003328969266290296,-0.006657938532580592,20.0,تتبع,0,False,True,symbol_collision,True,685.4955869999999,685.29,0.0003,686.8455542339999,1,baseline,0,"{""close"": 685.3, ""rsi"": 62.9628647459851, ""rsi7"": 70.05042035773096, ""macd"": -0.0015149607303124313, ""adx"": 14.083351569528384, ""stoch_k"": 92.13836477987478, ""stoch_d"": 90.98532494758719, ""mss"": 0.0, ""sfp"": 0.0, ""vr"": 0.6700073004554056, ""hurst"": 0.511691348507435, ""atr14"": 0.4289768307482995, ""vol_sma20"": 157.75254999999999, ""vol_ratio"": 1.9411793977339828, ""atr_pct"": 0.0006259694013545885, ""retest_entry"": true}"
اتجاهي,dir,directional,BNBUSDT,هابط,Bollinger,-1,160826,160827,2024-12-21T16:26:00+00:00,2024-12-21T16:27:00+00:00,1,-0.003734757974312235,-0.0746951594862447,20.0,زمني,0,False,True,,False,666.7197279999999,667.12,0.0006,667.48,1,baseline,0,"{""close"": 667.12, ""rsi"": 59.033696809575936, ""rsi7"": 65.32497398323824, ""macd"": 0.5413139442171154, ""adx"": 23.00021258683238, ""stoch_k"": 93.91798818641469, ""stoch_d"": 93.98102248206874, ""mss"": 0.0, ""sfp"": 0.0, ""vr"": 1.265453072261609, ""hurst"": 0.4564475915496178, ""atr14"": 1.1711532593046514, ""vol_sma20"": 441.81994999999995, ""vol_ratio"": 0.3794849010326492, ""atr_pct"": 0.0017555361243923903, ""retest_entry"": true}"
اتجاهي,dir,directional,BNBUSDT,هابط,Bollinger,-1,160829,160830,2024-12-21T16:29:00+00:00,2024-12-21T16:30:00+00:00,1,-0.0027317495554402106,-0.05463499110880421,20.0,زمني,0,False,True,,False,666.8798760000001,667.08,0.0003,667.17,1,baseline,0,"{""close"": 667.08, ""rsi"": 57.84887036180216, ""rsi7"": 60.79201580459465, ""macd"": 0.3425312158820704, ""adx"": 20.516336802290475, ""stoch_k"": 90.27394726586714, ""stoch_d"": 92.32736184231904, ""mss"": 0.0, ""sfp"": 0.0, ""vr"": 1.1381991874195834, ""hurst"": 0.46961241652940827, ""atr14"": 1.0556463960248894, ""vol_sma20"": 371.6192, ""vol_ratio"": 0.4682508331108834, ""atr_pct"": 0.0015824884511975916, ""retest_entry"": true}"
اتجاهي,dir,directional,BNBUSDT,هابط,FVG,-1,160833,160834,2024-12-21T16:33:00+00:00,2024-12-21T16:34:00+00:00,1,-0.002207328665581976,-0.04414657331163952,20.0,تتبع,0,False,True,,False,665.5202840000001,665.72,0.0003,665.46,1,baseline,0,"{""close"": 665.71, ""rsi"": 47.953562687240236, ""rsi7"": 36.46067495978103, ""macd"": 0.002502432997636639, ""adx"": 17.005005895283993, ""stoch_k"": 56.051587301588114, ""stoch_d"": 70.0656858949549, ""mss"": 0.0, ""sfp"": 0.0, ""vr"": 1.0981729775482778, ""hurst"": 0.4706214913515226, ""atr14"": 1.018239189839304, ""vol_sma20"": 295.10735, ""vol_ratio"": 0.5947835592708891, ""atr_pct"": 0.001529553694310291, ""retest_entry"": true}"
اتجاهي,dir,directional,BNBUSDT,هابط,FVG,-1,160837,160838,2024-12-21T16:37:00+00:00,2024-12-21T16:38:00+00:00,1,-0.005290809190809106,-0.10581618381618212,20.0,وقف,0,False,True,,False,662.981046,663.18,0.0003,664.969989138,1,baseline,0,"{""close"": 663.19, ""rsi"": 34.67588601203376, ""rsi7"": 17.107484980670478, ""macd"": -0.43108115045497875, ""adx"": 19.65037501737289, ""stoch_k"": 4.822625537635901, ""stoch_d"": 13.637796874045206, ""mss"": 0.0, ""sfp"": 0.0, ""vr"": 1.1401297145237719, ""hurst"": 0.44871620360376835, ""atr14"": 1.0597576400718487, ""vol_sma20"": 291.9326, ""vol_ratio"": 1.3303858493364564, ""atr_pct"": 0.0015979698729954442, ""retest_entry"": true}"
اتجاهي,dir,directional,BNBUSDT,هابط,FVG,-1,160844,160845,2024-12-21T16:44:00+00:00,2024-12-21T16:45:00+00:00,1,-0.0018529669662134944,-0.037059339324269885,20.0,قفل-ربح,0,False,True,,False,661.5014900000001,661.7,0.0003,661.0077623111781,1,baseline,0,"{""close"": 661.7, ""rsi"": 32.90073964682237, ""rsi7"": 22.881446302897217, ""macd"": -0.4255559768597785, ""adx"": 22.041632274179676, ""stoch_k"": 2.5743514170481636, ""stoch_d"": 6.854330947308033, ""mss"": 0.0, ""sfp"": 0.0, ""vr"": 1.1714521731183827, ""hurst"": 0.4301587820083403, ""atr14"": 1.0975018923944364, ""vol_sma20"": 237.27129999999997, ""vol_ratio"": 0.8039994723339907, ""atr_pct"": 0.0016586094792117824, ""retest_entry"": true}"
اتجاهي,dir,directional,BNBUSDT,هابط,Bollinger,-1,160855,160856,2024-12-21T16:55:00+00:00,2024-12-21T16:56:00+00:00,1,-0.0020396272971285163,-0.04079254594257033,20.0,زمني,0,False,True,,False,662.181286,662.38,0.0003,662.01,1,baseline,0,"{""close"": 662.37, ""rsi"": 44.245319210149816, ""rsi7"": 47.229011596190915, ""macd"": 0.11527562541049186, ""adx"": 25.933071796716355, ""stoch_k"": 61.631616713583576, ""stoch_d"": 61.5423819248956, ""mss"": 0.0, ""sfp"": 0.0, ""vr"": 1.140314520088951, ""hurst"": 0.412414401096082, ""atr14"": 1.080329208052093, ""vol_sma20"": 384.2187, ""vol_ratio"": 0.20180693964140733, ""atr_pct"": 0.0016310056434501758, ""retest_entry"": true}"
اتجاهي,dir,directional,BNBUSDT,هابط,FVG,-1,160868,160869,2024-12-21T17:08:00+00:00,2024-12-21T17:09:00+00:00,1,-0.003573736611647275,-0.0714747322329455,20.0,قفل-ربح,0,False,True,,False,660.473478,660.87,0.0006,661.12,1,baseline,0,"{""close"": 660.88, ""rsi"": 39.61334481173357, ""rsi7"": 33.62317203035482, ""macd"": 0.004893604714684308, ""adx"": 17.795575633958176, ""stoch_k"": 32.52028881728216, ""stoch_d"": 57.31055178037055, ""mss"": 0.0, ""sfp"": 1.0, ""vr"": 1.3449016791469937, ""hurst"": 0.373873069026721, ""atr14"": 1.3244470564299895, ""vol_sma20"": 307.78925, ""vol_ratio"": 1.3551512926458609, ""atr_pct"": 0.002004065876452593, ""retest_entry"": true}"
اتجاهي,dir,directional,BNBUSDT,هابط,OBV,-1,160878,160879,2024-12-21T17:18:00+00:00,2024-12-21T17:19:00+00:00,1,-0.0029398687517402703,-0.05879737503480541,20.0,زمني,0,False,True,,False,661.4728779999999,661.87,0.0006,661.7,1,baseline,0,"{""close"": 661.86, ""rsi"": 50.349352044076966, ""rsi7"": 55.252292025226204, ""macd"": 0.19385478560585945, ""adx"": 19.157971715933122, ""stoch_k"": 55.888223552894054, ""stoch_d"": 50.698602794410874, ""mss"": 0.0, ""sfp"": 0.0, ""vr"": 1.2868831785884478, ""hurst"": 0.30829732004518184, ""atr14"": 1.3514312123251775, ""vol_sma20"": 335.51405, ""vol_ratio"": 0.6137686335341247, ""atr_pct"": 0.002041868691755322, ""retest_entry"": true}"
اتجاهي,dir,directional,BNBUSDT,هابط,Bollinger,-1,160884,160885,2024-12-21T17:24:00+00:00,2024-12-21T17:25:00+00:00,1,-0.0055896103896101905,-0.11179220779220381,20.0,وقف,0,False,True,,False,659.5240479999999,659.92,0.0006,661.5026201439998,1,baseline,0,"{""close"": 659.91, ""rsi"": 41.003642886844496, ""rsi7"": 35.10976016043651, ""macd"": -0.0004552990855052341, ""adx"": 14.591152406813132, ""stoch_k"": 42.52400548696879, ""stoch_d"": 52.446096549064926, ""mss"": 0.0, ""sfp"": 0.0, ""vr"": 1.2371783995804002, ""hurst"": 0.27751986813434587, ""atr14"": 1.3509319071629504, ""vol_sma20"": 354.62, ""vol_ratio"": 2.7458941966048163, ""atr_pct"": 0.002047145682233866, ""retest_entry"": true}"
اتجاهي,dir,directional,BNBUSDT,هابط,FVG,-1,160893,160897,2024-12-21T17:33:00+00:00,2024-12-21T17:37:00+00:00,4,-0.0013904668450682013,-0.027809336901364026,20.0,قفل-ربح,0,False,True,,False,661.431511,661.63,0.0003,660.830054916707,1,baseline,0,"{""close"": 661.64, ""rsi"": 46.84879691684944, ""rsi7"": 40.23655943684944, ""macd"": 0.1945142216565324, ""adx"": 15.30008514519705, ""stoch_k"": 68.2301438399001, ""stoch_d"": 81.01117886178862, ""mss"": 0.0, ""sfp"": 0.0, ""vr"": 1.1636346266929904, ""hurst"": 0.27323899705374927, ""atr14"": 1.3369903722519387, ""vol_sma20"": 268.25235000000004, ""vol_ratio"": 0.7610110405370166, ""atr_pct"": 0.0020207218007556055, ""retest_entry"": true}"
اتجاهي,dir,directional,BNBUSDT,هابط,EMA,-1,160905,160906,2024-12-21T17:45:00+00:00,2024-12-21T17:46:00+00:00,1,-0.005290809190808995,-0.1058161838161799,20.0,وقف,0,False,True,,False,662.011337,662.21,0.0003,663.9973710109999,1,baseline,0,"{""close"": 662.2, ""rsi"": 49.43014705709037, ""rsi7"": 45.79534501400647, ""macd"": 0.03857030428667202, ""adx"": 10.811576744635715, ""stoch_k"": 55.60212926751709, ""stoch_d"": 63.84953066087414, ""mss"": 0.0, ""sfp"": 0.0, ""vr"": 0.9184345188946872, ""hurst"": 0.31595280690993444, ""atr14"": 1.1118476552788972, ""vol_sma20"": 172.08595, ""vol_ratio"": 0.41992388106059797, ""atr_pct"": 0.0016790209231031367, ""retest_entry"": true}"
اتجاهي,dir,directional,BNBUSDT,هابط,Stochastic,-1,160910,160911,2024-12-21T17:50:00+00:00,2024-12-21T17:51:00+00:00,1,-0.0019364231303234602,-0.038728462606469206,20.0,زمني,0,False,True,,False,664.450605,664.65,0.0003,664.21,1,baseline,0,"{""close"": 664.64, ""rsi"": 59.54519059392196, ""rsi7"": 63.450962520989094, ""macd"": 0.2322954316629784, ""adx"": 13.57907049975246, ""stoch_k"": 90.10600706713751, ""stoch_d"": 91.59657273691165, ""mss"": 0.0, ""sfp"": 0.0, ""vr"": 0.942776335246309, ""hurst"": 0.28649903226328916, ""atr14"": 1.1450151192052918, ""vol_sma20"": 174.94670000000002, ""vol_ratio"": 0.5961644317955125, ""atr_pct"": 0.0017227598688091175, ""retest_entry"": true}"
اتجاهي,dir,directional,BNBUSDT,هابط,Stochastic,-1,160919,160920,2024-12-21T17:59:00+00:00,2024-12-21T18:00:00+00:00,1,-0.0025971028071656095,-0.05194205614331219,20.0,زمني,0,False,True,,False,666.090113,666.29,0.0003,666.29,1,baseline,0,"{""close"": 666.29, ""rsi"": 61.87331972678971, ""rsi7"": 64.20679671190135, ""macd"": 0.17495040353789804, ""adx"": 21.621059977780178, ""stoch_k"": 93.079096045197, ""stoch_d"": 93.62934104479562, ""mss"": 0.0, ""sfp"": 0.0, ""vr"": 0.8073972452801871, ""hurst"": 0.35777624917924244, ""atr14"": 0.9695523952446049, ""vol_sma20"": 286.17305, ""vol_ratio"": 0.651640676856189, ""atr_pct"": 0.0014551507530423764, ""retest_entry"": true}"
اتجاهي,dir,directional,BNBUSDT,هابط,MACD,-1,160925,160928,2024-12-21T18:05:00+00:00,2024-12-21T18:08:00+00:00,3,-0.0017307721585366202,-0.0346154431707324,20.0,تتبع,0,False,True,,False,665.690233,665.89,0.0003,665.311963994,1,baseline,0,"{""close"": 665.86, ""rsi"": 54.89176239669613, ""rsi7"": 47.73369145140897, ""macd"": -0.04126174520885295, ""adx"": 26.10664010608754, ""stoch_k"": 70.90754877014427, ""stoch_d"": 80.55019133300102, ""mss"": 0.0, ""sfp"": 0.0, ""vr"": 0.8256963968376263, ""hurst"": 0.35125936690363446, ""atr14"": 0.9746197345146139, ""vol_sma20"": 339.43825, ""vol_ratio"": 0.2284274091090206, ""atr_pct"": 0.00146370067959423, ""retest_entry"": true}"
اتجاهي,dir,directional,BNBUSDT,هابط,Bollinger,-1,160931,160936,2024-12-21T18:11:00+00:00,2024-12-21T18:16:00+00:00,5,-0.00031010849735554685,-0.006202169947110937,20.0,تتبع,0,False,True,,False,664.0807159999999,664.28,0.0003,662.757753512,1,baseline,0,"{""close"": 664.28, ""rsi"": 44.39243627098142, ""rsi7"": 33.52360945040354, ""macd"": -0.31710225435643347, ""adx"": 22.49579778080635, ""stoch_k"": 20.964935880189394, ""stoch_d"": 21.29646027698303, ""mss"": 0.0, ""sfp"": 0.0, ""vr"": 0.8577727077582172, ""hurst"": 0.3052240384610749, ""atr14"": 1.007106859723186, ""vol_sma20"": 329.0826, ""vol_ratio"": 0.5983543341398178, ""atr_pct"": 0.0015160878842102518, ""retest_entry"": true}"
اتجاهي,dir,directional,BNBUSDT,هابط,FVG,-1,160945,160950,2024-12-21T18:25:00+00:00,2024-12-21T18:30:00+00:00,5,-0.0017062920191054536,-0.03412584038210907,20.0,تتبع,0,False,True,,False,664.20068,664.4,0.0003,663.80696024,1,baseline,0,"{""close"": 664.39, ""rsi"": 49.1721868442123, ""rsi7"": 49.77182147665689, ""macd"": 0.032426162686424925, ""adx"": 14.677414460202137, ""stoch_k"": 68.462973074906, ""stoch_d"": 69.30626332192453, ""mss"": 0.0, ""sfp"": 0.0, ""vr"": 0.8556257619450531, ""hurst"": 0.2545111180555399, ""atr14"": 0.9937623114445318, ""vol_sma20"": 227.20704999999998, ""vol_ratio"": 0.6522420849176995, ""atr_pct"": 0.0014957514583972243, ""retest_entry"": true}"
اتجاهي,dir,directional,BNBUSDT,هابط,Bollinger,-1,160954,160955,2024-12-21T18:34:00+00:00,2024-12-21T18:35:00+00:00,1,-0.0041225219496977585,-0.08245043899395517,20.0,زمني,0,False,True,,False,660.591763,660.79,0.0003,661.8,1,baseline,0,"{""close"": 660.81, ""rsi"": 31.90268673065063, ""rsi7"": 21.56427737137936, ""macd"": -0.29578342822062914, ""adx"": 19.818896365883187, ""stoch_k"": 9.880474410447924, ""stoch_d"": 17.87753443402018, ""mss"": 0.0, ""sfp"": 0.0, ""vr"": 0.9036677474179039, ""hurst"": 0.287245423054627, ""atr14"": 1.0365879277955916, ""vol_sma20"": 302.64459999999997, ""vol_ratio"": 6.5680702712025925, ""atr_pct"": 0.0015686625925691072, ""retest_entry"": true}"
اتجاهي,dir,directional,BNBUSDT,هابط,MicroBurst,-1,160959,160960,2024-12-21T18:39:00+00:00,2024-12-21T18:40:00+00:00,1,-0.0027330271316146,-0.054660542632292,20.0,زمني,0,False,True,,False,660.611757,660.81,0.0003,660.9,1,baseline,0,"{""close"": 660.81, ""rsi"": 34.619961177186866, ""rsi7"": 27.973957602663617, ""macd"": -0.23250764592555084, ""adx"": 27.15703046226632, ""stoch_k"": 25.585055832739414, ""stoch_d"": 29.789604412339656, ""mss"": 0.0, ""sfp"": 0.0, ""vr"": 0.9300804993734435, ""hurst"": 0.33220992476973366, ""atr14"": 1.0661549344674233, ""vol_sma20"": 356.74715000000003, ""vol_ratio"": 1.567530392324087, ""atr_pct"": 0.0016134061749480536, ""retest_entry"": true}"
اتجاهي,dir,directional,BNBUSDT,هابط,Bollinger,-1,160967,160973,2024-12-21T18:47:00+00:00,2024-12-21T18:53:00+00:00,6,-0.00021342790867961983,-0.004268558173592397,20.0,تتبع,0,False,True,,False,660.2418680000001,660.44,0.0003,658.862573576,1,baseline,0,"{""close"": 660.45, ""rsi"": 39.162316321681736, ""rsi7"": 36.09315353147675, ""macd"": -0.008086626808865516, ""adx"": 29.579595448608792, ""stoch_k"": 32.476311035040226, ""stoch_d"": 48.41100594230493, ""mss"": 0.0, ""sfp"": 0.0, ""vr"": 0.9603867344464686, ""hurst"": 0.35814268245403325, ""atr14"": 1.0924445205133853, ""vol_sma20"": 331.199, ""vol_ratio"": 0.32448467537643527, ""atr_pct"": 0.0016540911810332124, ""retest_entry"": true}"
اتجاهي,dir,directional,BNBUSDT,هابط,FVG,-1,160982,160983,2024-12-21T19:02:00+00:00,2024-12-21T19:03:00+00:00,1,-0.004538445279599669,-0.09076890559199338,20.0,زمني,0,False,True,,False,657.822594,658.02,0.0003,659.3,1,baseline,0,"{""close"": 658.0, ""rsi"": 34.685408885187, ""rsi7"": 29.542721963997735, ""macd"": 0.07713229552425238, ""adx"": 34.57700395449675, ""stoch_k"": 40.794332862876885, ""stoch_d"": 45.82903145344533, ""mss"": 0.0, ""sfp"": 1.0, ""vr"": 0.9220810122268385, ""hurst"": 0.40982557290177335, ""atr14"": 0.9989854819630553, ""vol_sma20"": 333.16999999999996, ""vol_ratio"": 1.0261368070354475, ""atr_pct"": 0.0015182150181809351, ""retest_entry"": true}"
اتجاهي,dir,directional,BNBUSDT,هابط,MicroBurst,-1,160986,160989,2024-12-21T19:06:00+00:00,2024-12-21T19:09:00+00:00,3,0.0013320380344810686,0.026640760689621373,20.0,تتبع,0,True,True,,False,656.183086,656.38,0.0003,653.597938852,1,baseline,0,"{""close"": 656.38, ""rsi"": 31.533323766936917, ""rsi7"": 25.232375855874878, ""macd"": -0.04536139767003411, ""adx"": 35.16084892702631, ""stoch_k"": 38.04908039661904, ""stoch_d"": 47.09162894941027, ""mss"": 0.0, ""sfp"": 0.0, ""vr"": 1.0836657057187562, ""hurst"": 0.3868801713689464, ""atr14"": 1.1616718125350645, ""vol_sma20"": 382.38694999999996, ""vol_ratio"": 2.6689352238615887, ""atr_pct"": 0.0017698159793641862, ""retest_entry"": true}"
اتجاهي,dir,directional,BNBUSDT,هابط,FVG,-1,161003,161003,2024-12-21T19:23:00+00:00,2024-12-21T19:23:00+00:00,0,-0.0055896103896103016,-0.11179220779220603,20.0,وقف,0,False,True,,False,652.618194,653.01,0.0006,654.576048582,1,baseline,0,"{""close"": 652.99, ""rsi"": 33.28681436669932, ""rsi7"": 29.169143125813534, ""macd"": 0.07741819768469904, ""adx"": 41.05168223524268, ""stoch_k"": 42.1884402216945, ""stoch_d"": 52.29563610135869, ""mss"": 0.0, ""sfp"": 0.0, ""vr"": 1.2715472963546972, ""hurst"": 0.25495742605674543, ""atr14"": 1.3713147948664857, ""vol_sma20"": 949.97955, ""vol_ratio"": 0.49436327339888525, ""atr_pct"": 0.002100054816867771, ""retest_entry"": true}"
اتجاهي,dir,directional,BNBUSDT,هابط,FVG,-1,161009,161010,2024-12-21T19:29:00+00:00,2024-12-21T19:30:00+00:00,1,-0.0021612164746205825,-0.04322432949241165,20.0,زمني,0,False,True,,False,655.30658,655.7,0.0006,655.02,1,baseline,0,"{""close"": 655.71, ""rsi"": 48.23193714876523, ""rsi7"": 49.862075310385805, ""macd"": 0.41109792366223774, ""adx"": 28.780022213505003, ""stoch_k"": 75.12345679012437, ""stoch_d"": 84.09488808011675, ""mss"": 0.0, ""sfp"": 0.0, ""vr"": 1.2520813726698712, ""hurst"": 0.198274477878437, ""atr14"": 1.371533408392595, ""vol_sma20"": 358.5233, ""vol_ratio"": 0.7482107857425165, ""atr_pct"": 0.0020916768211444005, ""retest_entry"": true}"
اتجاهي,dir,directional,BNBUSDT,هابط,OBV,-1,161012,161016,2024-12-21T19:32:00+00:00,2024-12-21T19:36:00+00:00,4,-0.0016363340622621444,-0.03272668124524289,20.0,قفل-ربح,0,False,True,,False,654.197246,654.59,0.0006,653.5668802975811,1,baseline,0,"{""close"": 654.58, ""rsi"": 43.419889900346746, ""rsi7"": 40.12895516105642, ""macd"": 0.15413167708045772, ""adx"": 24.441446229057522, ""stoch_k"": 51.111111111111306, ""stoch_d"": 58.55967078189324, ""mss"": 0.0, ""sfp"": 0.0, ""vr"": 1.2723699052081163, ""hurst"": 0.17049564802407113, ""atr14"": 1.4016322515446524, ""vol_sma20"": 321.91234999999995, ""vol_ratio"": 0.9084087640626402, ""atr_pct"": 0.002141269595075701, ""retest_entry"": true}"
اتجاهي,dir,directional,BNBUSDT,هابط,Bollinger,-1,161027,161030,2024-12-21T19:47:00+00:00,2024-12-21T19:50:00+00:00,3,-0.001653610609777199,-0.03307221219554398,20.0,تتبع,0,False,True,,False,655.6232540000001,655.82,0.0003,655.2,1,baseline,0,"{""close"": 655.82, ""rsi"": 51.72717709241881, ""rsi7"": 51.676366373733984, ""macd"": 0.380595454334763, ""adx"": 20.85058643788729, ""stoch_k"": 75.94936708860824, ""stoch_d"": 81.14460788162674, ""mss"": 0.0, ""sfp"": 0.0, ""vr"": 1.1992595121562435, ""hurst"": 0.26103611348362116, ""atr14"": 1.3980426970122821, ""vol_sma20"": 292.45835, ""vol_ratio"": 0.7634249458085228, ""atr_pct"": 0.0021317475786226127, ""retest_entry"": true}"
اتجاهي,dir,directional,BNBUSDT,هابط,FVG,-1,161044,161047,2024-12-21T20:04:00+00:00,2024-12-21T20:07:00+00:00,3,-0.005290809190808995,-0.1058161838161799,20.0,وقف,0,False,True,,False,658.7623120000001,658.96,0.0003,660.738598936,1,baseline,0,"{""close"": 658.96, ""rsi"": 60.80167163540825, ""rsi7"": 62.54986429474616, ""macd"": 0.25195975039952634, ""adx"": 26.782742833021995, ""stoch_k"": 70.80195027888855, ""stoch_d"": 77.99746007977309, ""mss"": 0.0, ""sfp"": 0.0, ""vr"": 0.9886083667451203, ""hurst"": 0.36271600030103174, ""atr14"": 1.2057810895923198, ""vol_sma20"": 196.52765, ""vol_ratio"": 1.3796277521254643, ""atr_pct"": 0.0018298244045045521, ""retest_entry"": true}"
اتجاهي,dir,directional,BNBUSDT,صاعد,MicroBurst,1,171512,171514,2024-12-29T02:32:00+00:00,2024-12-29T02:34:00+00:00,2,-0.002076732147269868,-0.04153464294539736,20.0,تتبع,0,False,True,symbol_collision,True,716.1547820000001,715.94,0.0003,716.313395276,1,baseline,0,"{""close"": 715.93, ""rsi"": 54.6930867980583, ""rsi7"": 59.54706216794978, ""macd"": 0.008503541503907017, ""adx"": 18.094064367430835, ""stoch_k"": 49.35897435897234, ""stoch_d"": 44.23076923076825, ""mss"": 0.0, ""sfp"": 0.0, ""vr"": 0.8585594560219164, ""hurst"": 0.3703633558145224, ""atr14"": 0.40634231981154795, ""vol_sma20"": 155.9160000000002, ""vol_ratio"": 4.149798609507679, ""atr_pct"": 0.0005675726953913762, ""retest_entry"": true}"
اتجاهي,dir,directional,BNBUSDT,صاعد,MicroBurst,1,171523,171544,2024-12-29T02:43:00+00:00,2024-12-29T03:04:00+00:00,21,-0.005290809190808995,-0.1058161838161799,20.0,وقف,0,False,True,symbol_collision,True,716.634926,716.42,0.0003,714.485021222,1,baseline,0,"{""close"": 716.42, ""rsi"": 58.4762792417999, ""rsi7"": 64.52582517977226, ""macd"": 0.027185855268498496, ""adx"": 20.6596404697022, ""stoch_k"": 57.61072812471866, ""stoch_d"": 54.410828823611915, ""mss"": 0.0, ""sfp"": 0.0, ""vr"": 0.7518244722083498, ""hurst"": 0.36788190791082986, ""atr14"": 0.343556724585735, ""vol_sma20"": 190.4310500000002, ""vol_ratio"": 1.8307623677966365, ""atr_pct"": 0.00047954652939021105, ""retest_entry"": true}"
اتجاهي,dir,directional,BNBUSDT,صاعد,FVG,1,171554,171555,2024-12-29T03:14:00+00:00,2024-12-29T03:15:00+00:00,1,-0.0027085785474677375,-0.05417157094935475,20.0,زمني,0,False,True,symbol_collision,True,714.844389,714.63,0.0003,714.55,1,baseline,0,"{""close"": 714.63, ""rsi"": 42.93590255312908, ""rsi7"": 51.51160190595129, ""macd"": 0.019954472489759678, ""adx"": 31.688482300334158, ""stoch_k"": 35.41206769683666, ""stoch_d"": 24.532513199138876, ""mss"": 0.0, ""sfp"": 0.0, ""vr"": 0.6390120089616433, ""hurst"": 0.31197850614733286, ""atr14"": 0.2561539553976717, ""vol_sma20"": 91.57470000000019, ""vol_ratio"": 0.3216062951885176, ""atr_pct"": 0.00035844276814249573, ""retest_entry"": true}"
اتجاهي,dir,directional,BNBUSDT,صاعد,RSI,1,171568,171569,2024-12-29T03:28:00+00:00,2024-12-29T03:29:00+00:00,1,-0.002142468494483206,-0.04284936988966412,20.0,قفل-ربح,0,False,True,symbol_collision,True,714.374248,714.16,0.0003,714.4853984220188,1,baseline,0,"{""close"": 714.16, ""rsi"": 46.331380556650394, ""rsi7"": 56.58270497035076, ""macd"": 0.030645370545036243, ""adx"": 36.98995599622237, ""stoch_k"": 32.86977606618092, ""stoch_d"": 16.697834619671276, ""mss"": 0.0, ""sfp"": 0.0, ""vr"": 0.667176709078602, ""hurst"": 0.39938540409850365, ""atr14"": 0.24692685976160675, ""vol_sma20"": 66.23395000000019, ""vol_ratio"": 0.42066040150104167, ""atr_pct"": 0.00034575845715470867, ""retest_entry"": true}"
اتجاهي,dir,directional,BNBUSDT,صاعد,FVG,1,171572,171577,2024-12-29T03:32:00+00:00,2024-12-29T03:37:00+00:00,5,-0.0016983044525631986,-0.03396608905126397,20.0,تتبع,0,False,True,symbol_collision,True,715.384551,715.17,0.0003,715.814338482,1,baseline,0,"{""close"": 715.16, ""rsi"": 61.440821104211956, ""rsi7"": 72.99204513170199, ""macd"": 0.17624074246471141, ""adx"": 32.746362687909524, ""stoch_k"": 86.81151378039196, ""stoch_d"": 80.7228601376356, ""mss"": 0.0, ""sfp"": 0.0, ""vr"": 0.8269616199524364, ""hurst"": 0.3803665054940139, ""atr14"": 0.2989933371941881, ""vol_sma20"": 66.50065000000019, ""vol_ratio"": 0.878247054728034, ""atr_pct"": 0.00041807894344508654, ""retest_entry"": true}"
اتجاهي,dir,directional,BNBUSDT,صاعد,FVG,1,171589,171590,2024-12-29T03:49:00+00:00,2024-12-29T03:50:00+00:00,1,-0.0031958469915121844,-0.06391693983024369,20.0,زمني,0,False,True,symbol_collision,True,716.304827,716.09,0.0003,715.66,1,baseline,0,"{""close"": 716.09, ""rsi"": 66.84221169734676, ""rsi7"": 76.52074623103756, ""macd"": 0.01709904442387858, ""adx"": 30.54579432731765, ""stoch_k"": 53.61545756282276, ""stoch_d"": 43.60946159191397, ""mss"": 0.0, ""sfp"": 0.0, ""vr"": 0.8185462906319082, ""hurst"": 0.46742364375059126, ""atr14"": 0.2642484319782655, ""vol_sma20"": 51.199050000000184, ""vol_ratio"": 1.668058294050372, ""atr_pct"": 0.00036901567118416043, ""retest_entry"": true}"
اتجاهي,dir,directional,BNBUSDT,صاعد,FVG,1,171597,171598,2024-12-29T03:57:00+00:00,2024-12-29T03:58:00+00:00,1,-0.0027223722074176918,-0.054447444148353834,20.0,زمني,0,False,True,symbol_collision,True,715.7746679999999,715.56,0.0003,715.47,1,baseline,0,"{""close"": 715.56, ""rsi"": 53.55984755116033, ""rsi7"": 51.452345507604385, ""macd"": -0.04909406813972944, ""adx"": 24.971290652307047, ""stoch_k"": 24.58333333333268, ""stoch_d"": 24.44444444444542, ""mss"": 0.0, ""sfp"": 0.0, ""vr"": 0.7867860504673723, ""hurst"": 0.4884028109536923, ""atr14"": 0.24587141319114772, ""vol_sma20"": 50.584750000000184, ""vol_ratio"": 0.35054042967495014, ""atr_pct"": 0.00034360698360884866, ""retest_entry"": true}"
اتجاهي,dir,directional,BNBUSDT,صاعد,FVG,1,171615,171638,2024-12-29T04:15:00+00:00,2024-12-29T04:38:00+00:00,23,-0.0021608843583173147,-0.043217687166346296,20.0,قفل-ربح,0,False,True,symbol_collision,True,714.574308,714.36,0.0003,714.6722997402045,1,baseline,0,"{""close"": 714.36, ""rsi"": 39.3111926758544, ""rsi7"": 41.14795659880948, ""macd"": -0.07763297955666768, ""adx"": 33.85694269753774, ""stoch_k"": 15.59829059829165, ""stoch_d"": 9.956556091585822, ""mss"": 0.0, ""sfp"": 0.0, ""vr"": 0.7899100649274866, ""hurst"": 0.5613872951981062, ""atr14"": 0.21769411444233774, ""vol_sma20"": 59.674000000000184, ""vol_ratio"": 0.5879947715923165, ""atr_pct"": 0.0003047400672522786, ""retest_entry"": true}"
اتجاهي,dir,directional,BNBUSDT,صاعد,FVG,1,171644,171645,2024-12-29T04:44:00+00:00,2024-12-29T04:45:00+00:00,1,-0.003029182348097098,-0.06058364696194196,20.0,زمني,0,False,True,symbol_collision,True,715.5145899999999,715.3,0.0003,714.99,1,baseline,0,"{""close"": 715.31, ""rsi"": 66.14865007403458, ""rsi7"": 76.4582570280157, ""macd"": 0.13983098409554046, ""adx"": 23.147576233747202, ""stoch_k"": 91.63467815641617, ""stoch_d"": 92.51541907630764, ""mss"": 0.0, ""sfp"": 0.0, ""vr"": 1.0145280480817005, ""hurst"": 0.5167683298876321, ""atr14"": 0.25463716898563343, ""vol_sma20"": 90.74550000000019, ""vol_ratio"": 0.6363290741689657, ""atr_pct"": 0.00035598155902424606, ""retest_entry"": true}"
اتجاهي,dir,directional,BNBUSDT,هابط,FVG,-1,171649,171650,2024-12-29T04:49:00+00:00,2024-12-29T04:50:00+00:00,1,-0.0030439609022961255,-0.06087921804592251,20.0,زمني,0,False,True,symbol_collision,True,714.465596,714.68,0.0003,715.0,1,baseline,0,"{""close"": 714.68, ""rsi"": 51.0464491210042, ""rsi7"": 46.060070819232074, ""macd"": 0.0029790773969432527, ""adx"": 20.74263474563397, ""stoch_k"": 43.4926964889929, ""stoch_d"": 53.81849574370691, ""mss"": 0.0, ""sfp"": 0.0, ""vr"": 1.0148479735782494, ""hurst"": 0.5018632164355162, ""atr14"": 0.2530372545371341, ""vol_sma20"": 71.93815000000019, ""vol_ratio"": 0.29900685519435716, ""atr_pct"": 0.0003540567170441794, ""retest_entry"": true}"
اتجاهي,dir,directional,BNBUSDT,هابط,FVG,-1,171653,171655,2024-12-29T04:53:00+00:00,2024-12-29T04:55:00+00:00,2,-0.0015500310454596446,-0.031000620909192894,20.0,تتبع,0,False,True,symbol_collision,True,714.68553,714.9,0.0003,713.72,1,baseline,0,"{""close"": 714.9, ""rsi"": 53.84984450550993, ""rsi7"": 52.13334417070722, ""macd"": -0.009205676348301023, ""adx"": 18.81363617743781, ""stoch_k"": 42.50000000000092, ""stoch_d"": 46.37944066515562, ""mss"": 0.0, ""sfp"": 0.0, ""vr"": 1.0558409677457918, ""hurst"": 0.49962042023306097, ""atr14"": 0.26335373351820773, ""vol_sma20"": 84.91075000000018, ""vol_ratio"": 0.3916583000385691, ""atr_pct"": 0.00036837842148301547, ""retest_entry"": true}"
اتجاهي,dir,directional,BNBUSDT,هابط,ADX,-1,171657,171658,2024-12-29T04:57:00+00:00,2024-12-29T04:58:00+00:00,1,-0.004284979609568431,-0.08569959219136862,20.0,زمني,0,False,True,symbol_collision,True,712.688003,713.33,0.0009,713.68,1,baseline,0,"{""close"": 713.32, ""rsi"": 32.87042177983328, ""rsi7"": 22.125574466071413, ""macd"": -0.19999216116225635, ""adx"": 22.25074937152303, ""stoch_k"": 15.816993464055436, ""stoch_d"": 28.132164600006888, ""mss"": 0.0, ""sfp"": 0.0, ""vr"": 1.5446345905305174, ""hurst"": 0.4236077869369367, ""atr14"": 0.39169346061572646, ""vol_sma20"": 181.24760000000018, ""vol_ratio"": 0.20137094229109773, ""atr_pct"": 0.0005491132459705693, ""retest_entry"": true}"
اتجاهي,dir,directional,BNBUSDT,هابط,FVG,-1,171665,171667,2024-12-29T05:05:00+00:00,2024-12-29T05:07:00+00:00,2,-0.0021064017725429727,-0.042128035450859455,20.0,قفل-ربح,0,False,True,symbol_collision,True,713.7258180000001,713.94,0.0003,713.5889674343379,1,baseline,0,"{""close"": 713.94, ""rsi"": 44.62110993991098, ""rsi7"": 45.06528070662113, ""macd"": -0.025165817064900536, ""adx"": 17.653268873141656, ""stoch_k"": 37.51686909581887, ""stoch_d"": 39.04633378317732, ""mss"": 0.0, ""sfp"": 0.0, ""vr"": 1.1715812404979897, ""hurst"": 0.36101112685221515, ""atr14"": 0.3042036292272501, ""vol_sma20"": 149.53440000000018, ""vol_ratio"": 0.2511997239431192, ""atr_pct"": 0.0004260913091117602, ""retest_entry"": true}"
اتجاهي,dir,directional,BNBUSDT,هابط,FVG,-1,171672,171673,2024-12-29T05:12:00+00:00,2024-12-29T05:13:00+00:00,1,-0.0031284903272314037,-0.06256980654462807,20.0,زمني,0,False,True,symbol_collision,True,713.4658959999999,713.68,0.0003,714.06,1,baseline,0,"{""close"": 713.68, ""rsi"": 44.839343835447174, ""rsi7"": 46.497224302916486, ""macd"": 0.0012238998941118406, ""adx"": 15.59190494770527, ""stoch_k"": 38.40620196856326, ""stoch_d"": 41.72014227312823, ""mss"": 0.0, ""sfp"": 0.0, ""vr"": 1.1384667297867894, ""hurst"": 0.3426759997987322, ""atr14"": 0.29827129871357083, ""vol_sma20"": 144.57570000000018, ""vol_ratio"": 0.28181776052268775, ""atr_pct"": 0.0004179342264230059, ""retest_entry"": true}"
اتجاهي,dir,directional,BNBUSDT,هابط,FVG,-1,171681,171682,2024-12-29T05:21:00+00:00,2024-12-29T05:22:00+00:00,1,-0.0026250541220572856,-0.052501082441145715,20.0,زمني,0,False,True,symbol_collision,True,713.8857700000001,714.1,0.0003,714.12,1,baseline,0,"{""close"": 714.1, ""rsi"": 50.313495799473074, ""rsi7"": 50.47469943526524, ""macd"": 0.06063352456461417, ""adx"": 10.747766888263165, ""stoch_k"": 71.81818181818066, ""stoch_d"": 81.44426723373878, ""mss"": 0.0, ""sfp"": 0.0, ""vr"": 1.0382381807231895, ""hurst"": 0.32988761450931575, ""atr14"": 0.27021049969817407, ""vol_sma20"": 54.822300000000176, ""vol_ratio"": 1.4685629752856, ""atr_pct"": 0.00037839308177870613, ""retest_entry"": true}"
اتجاهي,dir,directional,BNBUSDT,هابط,FVG,-1,171688,171693,2024-12-29T05:28:00+00:00,2024-12-29T05:33:00+00:00,5,-0.002154234008174054,-0.043084680163481076,20.0,قفل-ربح,0,False,True,symbol_collision,True,713.7858,714.0,0.0003,713.6831585326491,1,baseline,0,"{""close"": 714.0, ""rsi"": 47.33367598568569, ""rsi7"": 42.53951544582443, ""macd"": 0.0071477502208227885, ""adx"": 7.669311393897971, ""stoch_k"": 47.81609195402384, ""stoch_d"": 64.7916177965438, ""mss"": 0.0, ""sfp"": 0.0, ""vr"": 0.8832003674826595, ""hurst"": 0.3373083927677081, ""atr14"": 0.2281605978479628, ""vol_sma20"": 41.96150000000018, ""vol_ratio"": 0.2139103702203201, ""atr_pct"": 0.00031955265805036807, ""retest_entry"": true}"
اتجاهي,dir,directional,BNBUSDT,هابط,Bollinger,-1,171698,171707,2024-12-29T05:38:00+00:00,2024-12-29T05:47:00+00:00,9,-0.0021595309226104835,-0.04319061845220967,20.0,قفل-ربح,0,False,True,symbol_collision,True,713.325938,713.54,0.0003,713.227149788357,1,baseline,0,"{""close"": 713.54, ""rsi"": 40.24212485044651, ""rsi7"": 33.5050309986966, ""macd"": -0.052790417991863625, ""adx"": 7.209719755975999, ""stoch_k"": 11.481481481479873, ""stoch_d"": 22.46913580246755, ""mss"": 0.0, ""sfp"": 0.0, ""vr"": 0.8645823755945082, ""hurst"": 0.2683804852297952, ""atr14"": 0.2195952377778801, ""vol_sma20"": 25.24015000000018, ""vol_ratio"": 1.0670301087750986, ""atr_pct"": 0.0003077546287214173, ""retest_entry"": true}"
اتجاهي,dir,directional,BNBUSDT,هابط,FVG,-1,171711,171722,2024-12-29T05:51:00+00:00,2024-12-29T06:02:00+00:00,11,-0.0017649598115961169,-0.03529919623192234,20.0,تتبع,0,False,True,,False,712.9860400000001,713.2,0.0003,712.6053272800001,1,baseline,0,"{""close"": 713.2, ""rsi"": 44.74044963380818, ""rsi7"": 48.30314954943458, ""macd"": 0.03701738483069264, ""adx"": 17.512890111473606, ""stoch_k"": 57.674650658453594, ""stoch_d"": 55.02303054407083, ""mss"": 0.0, ""sfp"": 0.0, ""vr"": 1.0067854093239503, ""hurst"": 0.24716422028082252, ""atr14"": 0.2560238355731765, ""vol_sma20"": 99.22385000000018, ""vol_ratio"": 0.4246862019564845, ""atr_pct"": 0.0003589790179096697, ""retest_entry"": true}"
اتجاهي,dir,directional,BNBUSDT,هابط,Bollinger,-1,171726,171768,2024-12-29T06:06:00+00:00,2024-12-29T06:48:00+00:00,42,-0.005290809190809106,-0.10581618381618212,20.0,وقف,0,False,True,,False,711.98634,712.2,0.0003,714.12229902,1,baseline,0,"{""close"": 712.2, ""rsi"": 30.560800586982808, ""rsi7"": 21.269254752346498, ""macd"": -0.06897582359464147, ""adx"": 20.09678396220766, ""stoch_k"": 6.666666666667445, ""stoch_d"": 14.435411020778602, ""mss"": 0.0, ""sfp"": 0.0, ""vr"": 0.8601455277661818, ""hurst"": 0.20043270725455314, ""atr14"": 0.22003295978256082, ""vol_sma20"": 105.34330000000018, ""vol_ratio"": 0.18165369795706007, ""atr_pct"": 0.00030894827265172815, ""retest_entry"": true}"
اتجاهي,dir,directional,BNBUSDT,هابط,MSS,-1,171776,171786,2024-12-29T06:56:00+00:00,2024-12-29T07:06:00+00:00,10,-0.005888411588411386,-0.11776823176822772,20.0,وقف,0,False,True,,False,712.028597,712.67,0.0009,714.1646827909999,1,baseline,0,"{""close"": 712.66, ""rsi"": 40.238260481152885, ""rsi7"": 30.34572765131172, ""macd"": 0.015595163922761723, ""adx"": 30.20249147675482, ""stoch_k"": 58.10605756977168, ""stoch_d"": 80.05856304351764, ""mss"": -1.0, ""sfp"": 1.0, ""vr"": 1.9120959524660635, ""hurst"": 0.38317316552073394, ""atr14"": 0.5041564508478675, ""vol_sma20"": 126.72780000000016, ""vol_ratio"": 5.16646702617736, ""atr_pct"": 0.0007074291399094485, ""retest_entry"": true}"
اتجاهي,dir,directional,BNBUSDT,هابط,FVG,-1,171790,171831,2024-12-29T07:10:00+00:00,2024-12-29T07:51:00+00:00,41,-0.005290809190808995,-0.1058161838161799,20.0,وقف,0,False,True,,False,713.45731,714.1,0.0009,715.5976819299999,1,baseline,0,"{""close"": 714.1, ""rsi"": 57.92738999392523, ""rsi7"": 62.85471219448154, ""macd"": 0.10002828448349883, ""adx"": 21.122286379674943, ""stoch_k"": 72.04071818803564, ""stoch_d"": 68.7681407299411, ""mss"": 0.0, ""sfp"": 0.0, ""vr"": 1.526368033507151, ""hurst"": 0.2624556076301989, ""atr14"": 0.4536582073482967, ""vol_sma20"": 141.79470000000018, ""vol_ratio"": 0.4394734076802583, ""atr_pct"": 0.0006352866648204687, ""retest_entry"": true}"
اتجاهي,dir,directional,BNBUSDT,هابط,SFP,-1,171841,171849,2024-12-29T08:01:00+00:00,2024-12-29T08:09:00+00:00,8,-0.0020817797942296193,-0.04163559588459238,20.0,قفل-ربح,0,False,True,,False,715.665236,715.88,0.0003,715.5103518930262,1,baseline,0,"{""close"": 715.88, ""rsi"": 64.42329385593469, ""rsi7"": 61.525567497872785, ""macd"": 0.07221651491180325, ""adx"": 48.783222538852655, ""stoch_k"": 86.42181250609856, ""stoch_d"": 92.54697786081347, ""mss"": 0.0, ""sfp"": -1.0, ""vr"": 1.0327070145415398, ""hurst"": 0.3090089660175244, ""atr14"": 0.34429019144378736, ""vol_sma20"": 85.69655000000019, ""vol_ratio"": 2.6670851977121544, ""atr_pct"": 0.00048093282595377347, ""retest_entry"": true}"
اتجاهي,dir,directional,BNBUSDT,هابط,FVG,-1,171852,171853,2024-12-29T08:12:00+00:00,2024-12-29T08:13:00+00:00,1,-0.0026250126930151595,-0.052500253860303187,20.0,زمني,0,False,True,,False,714.945452,715.16,0.0003,715.18,1,baseline,0,"{""close"": 715.16, ""rsi"": 50.018078164629244, ""rsi7"": 39.66451215275926, ""macd"": -0.12072660933747276, ""adx"": 31.619767039934814, ""stoch_k"": 10.444498900349126, ""stoch_d"": 15.211538024343826, ""mss"": 0.0, ""sfp"": 0.0, ""vr"": 0.7170989986801485, ""hurst"": 0.30502067801921773, ""atr14"": 0.23640067056288408, ""vol_sma20"": 73.28725000000017, ""vol_ratio"": 0.7458459691146806, ""atr_pct"": 0.00033055633783053316, ""retest_entry"": true}"
اتجاهي,dir,directional,BNBUSDT,هابط,MicroBurst,-1,171873,171888,2024-12-29T08:33:00+00:00,2024-12-29T08:48:00+00:00,15,-0.0021157885773426225,-0.04231577154685245,20.0,قفل-ربح,0,False,True,,False,716.3550290000001,716.57,0.0003,716.2244140773686,1,baseline,0,"{""close"": 716.57, ""rsi"": 56.79835372572077, ""rsi7"": 44.071143454047686, ""macd"": -0.008636263024853152, ""adx"": 34.01200193280985, ""stoch_k"": 70.36904391155258, ""stoch_d"": 83.88430292936371, ""mss"": 0.0, ""sfp"": 0.0, ""vr"": 0.8995782317433662, ""hurst"": 0.28833621337990434, ""atr14"": 0.2903424863715603, ""vol_sma20"": 76.07800000000017, ""vol_ratio"": 1.6175635531954011, ""atr_pct"": 0.00040518370343659417, ""retest_entry"": true}"
اتجاهي,dir,directional,BNBUSDT,هابط,Bollinger,-1,171895,171909,2024-12-29T08:55:00+00:00,2024-12-29T09:09:00+00:00,14,-0.0008248711289376073,-0.016497422578752145,20.0,تتبع,0,False,True,,False,716.339938,716.77,0.0006,715.066896316,1,baseline,0,"{""close"": 716.76, ""rsi"": 51.178840992389674, ""rsi7"": 47.666448706229296, ""macd"": 0.0051911568197915425, ""adx"": 21.29882635098783, ""stoch_k"": 75.8974358974367, ""stoch_d"": 80.7692307692321, ""mss"": 0.0, ""sfp"": 0.0, ""vr"": 1.2150092703688662, ""hurst"": 0.24458650370018112, ""atr14"": 0.3566513325838537, ""vol_sma20"": 67.91975000000018, ""vol_ratio"": 0.7279325969250457, ""atr_pct"": 0.0004975882200232346, ""retest_entry"": true}"
اتجاهي,dir,directional,BNBUSDT,هابط,FVG,-1,171913,171930,2024-12-29T09:13:00+00:00,2024-12-29T09:30:00+00:00,17,0.0009859359945337614,0.019718719890675227,20.0,تتبع,0,True,True,,False,714.301162,714.73,0.0006,711.519443884,1,baseline,0,"{""close"": 714.74, ""rsi"": 34.85950652496072, ""rsi7"": 30.673388333504846, ""macd"": -0.12702654274228103, ""adx"": 22.788700666598, ""stoch_k"": 22.341696535244477, ""stoch_d"": 25.209080047788774, ""mss"": 0.0, ""sfp"": 0.0, ""vr"": 1.262139192885626, ""hurst"": 0.38681891666763507, ""atr14"": 0.376862572609017, ""vol_sma20"": 105.0037500000002, ""vol_ratio"": 0.24447698296489365, ""atr_pct"": 0.0005272722564974914, ""retest_entry"": true}"
اتجاهي,dir,directional,BNBUSDT,هابط,FVG,-1,171937,171940,2024-12-29T09:37:00+00:00,2024-12-29T09:40:00+00:00,3,-0.0016242947142636418,-0.032485894285272834,20.0,تتبع,0,False,True,,False,711.312956,711.74,0.0006,710.618969192,1,baseline,0,"{""close"": 711.73, ""rsi"": 43.858434889353575, ""rsi7"": 51.73680508013487, ""macd"": 0.29561151244619, ""adx"": 37.42724729306421, ""stoch_k"": 85.38011695906594, ""stoch_d"": 88.88888888889004, ""mss"": 0.0, ""sfp"": 0.0, ""vr"": 1.2363219081066243, ""hurst"": 0.6145469897781457, ""atr14"": 0.450048552989864, ""vol_sma20"": 262.77965000000023, ""vol_ratio"": 0.29361482139123, ""atr_pct"": 0.0006323304525450156, ""retest_entry"": true}"
اتجاهي,dir,directional,BNBUSDT,هابط,FVG,-1,171958,171959,2024-12-29T09:58:00+00:00,2024-12-29T09:59:00+00:00,1,-0.0030731618127244047,-0.061463236254488095,20.0,زمني,0,False,True,,False,712.556169,712.77,0.0003,713.11,1,baseline,0,"{""close"": 712.76, ""rsi"": 57.66898630269287, ""rsi7"": 60.76968539772197, ""macd"": 0.14506725141749435, ""adx"": 23.432683506871847, ""stoch_k"": 84.3810882159476, ""stoch_d"": 90.13389908938758, ""mss"": 0.0, ""sfp"": 0.0, ""vr"": 0.9239693028547127, ""hurst"": 0.5794254463662872, ""atr14"": 0.3720551244267648, ""vol_sma20"": 152.1403000000002, ""vol_ratio"": 0.10414729036290832, ""atr_pct"": 0.0005219921494286503, ""retest_entry"": true}"
اتجاهي,dir,directional,BNBUSDT,هابط,KAMA,-1,171974,172025,2024-12-29T10:14:00+00:00,2024-12-29T11:05:00+00:00,51,-0.0021019900542184247,-0.04203980108436849,20.0,تتبع,0,False,True,,False,712.876073,713.09,0.0003,712.736233114,1,baseline,0,"{""close"": 713.08, ""rsi"": 55.33287485171073, ""rsi7"": 52.99102691281645, ""macd"": 0.0015277922089438345, ""adx"": 17.460278463255666, ""stoch_k"": 74.617737003062, ""stoch_d"": 80.69832848212913, ""mss"": 0.0, ""sfp"": 0.0, ""vr"": 0.7732282053556953, ""hurst"": 0.6259908658942317, ""atr14"": 0.32024529491545245, ""vol_sma20"": 61.15185000000018, ""vol_ratio"": 1.4562764658796052, ""atr_pct"": 0.0004491014962072312, ""retest_entry"": true}"
اتجاهي,dir,directional,BNBUSDT,هابط,FVG,-1,172033,172042,2024-12-29T11:13:00+00:00,2024-12-29T11:22:00+00:00,9,-0.0017385362537695969,-0.03477072507539194,20.0,تتبع,0,False,True,,False,712.5261780000001,712.74,0.0003,712.1268399960001,1,baseline,0,"{""close"": 712.74, ""rsi"": 41.552071900812926, ""rsi7"": 40.26379191028007, ""macd"": -0.029503809619603527, ""adx"": 20.93767474382569, ""stoch_k"": 34.04634581105117, ""stoch_d"": 36.482471776588625, ""mss"": 0.0, ""sfp"": 0.0, ""vr"": 0.8909205831026124, ""hurst"": 0.29121860286669365, ""atr14"": 0.2904332240119724, ""vol_sma20"": 124.18090000000021, ""vol_ratio"": 0.8047533880008909, ""atr_pct"": 0.000407488318337644, ""retest_entry"": true}"
اتجاهي,dir,directional,BNBUSDT,هابط,FVG,-1,172045,172046,2024-12-29T11:25:00+00:00,2024-12-29T11:26:00+00:00,1,-0.0021145034643566766,-0.04229006928713353,20.0,قفل-ربح,0,False,True,,False,711.316541,711.53,0.0003,711.1859285309794,1,baseline,0,"{""close"": 711.52, ""rsi"": 27.619498264636206, ""rsi7"": 20.211658010763017, ""macd"": -0.04769319410919165, ""adx"": 26.890718896658328, ""stoch_k"": 10.65888240200354, ""stoch_d"": 11.261931238997105, ""mss"": 0.0, ""sfp"": 0.0, ""vr"": 0.9626026342529764, ""hurst"": 0.36995138125268257, ""atr14"": 0.29033295180593566, ""vol_sma20"": 63.03375000000018, ""vol_ratio"": 1.6754040494179656, ""atr_pct"": 0.0004080460869770852, ""retest_entry"": true}"
اتجاهي,dir,directional,BNBUSDT,هابط,FVG,-1,172055,172056,2024-12-29T11:35:00+00:00,2024-12-29T11:36:00+00:00,1,-0.0021162404071502897,-0.04232480814300579,20.0,قفل-ربح,0,False,True,,False,711.9663459999999,712.18,0.0003,711.8368537061042,1,baseline,0,"{""close"": 712.18, ""rsi"": 49.359926933896816, ""rsi7"": 54.9719490970063, ""macd"": 0.10222881960787966, ""adx"": 23.08352959371599, ""stoch_k"": 88.73558700209749, ""stoch_d"": 91.0831586303296, ""mss"": 0.0, ""sfp"": 0.0, ""vr"": 0.9922115995683282, ""hurst"": 0.37162571920707754, ""atr14"": 0.287847007203643, ""vol_sma20"": 66.63925000000019, ""vol_ratio"": 0.3101325420078999, ""atr_pct"": 0.00040417732483872474, ""retest_entry"": true}"
اتجاهي,dir,directional,BNBUSDT,هابط,MicroBurst,-1,172070,172079,2024-12-29T11:50:00+00:00,2024-12-29T11:59:00+00:00,9,-0.001641897392781353,-0.03283794785562706,20.0,تتبع,0,False,True,,False,711.296547,711.51,0.0003,710.829000954,1,baseline,0,"{""close"": 711.53, ""rsi"": 42.62250839387634, ""rsi7"": 37.39495401249437, ""macd"": 0.022220799220265833, ""adx"": 18.675057895195813, ""stoch_k"": 60.814249363867106, ""stoch_d"": 71.92536047498005, ""mss"": 0.0, ""sfp"": 0.0, ""vr"": 1.130320622800439, ""hurst"": 0.3015165970217821, ""atr14"": 0.32423298495930253, ""vol_sma20"": 106.6175500000002, ""vol_ratio"": 2.4583288586166114, ""atr_pct"": 0.00045568420861987906, ""retest_entry"": true}"
اتجاهي,dir,directional,BNBUSDT,هابط,Bollinger,-1,172083,172084,2024-12-29T12:03:00+00:00,2024-12-29T12:04:00+00:00,1,-0.0024284953316480885,-0.04856990663296177,20.0,زمني,0,False,True,,False,710.076913,710.29,0.0003,710.17,1,baseline,0,"{""close"": 710.29, ""rsi"": 32.76962366188326, ""rsi7"": 26.30796010781738, ""macd"": -0.08402338830078016, ""adx"": 32.379755458982906, ""stoch_k"": 14.89575890142266, ""stoch_d"": 15.92609627566366, ""mss"": 0.0, ""sfp"": 0.0, ""vr"": 1.0697002515601794, ""hurst"": 0.22597269560841363, ""atr14"": 0.30674019607093916, ""vol_sma20"": 129.59380000000016, ""vol_ratio"": 0.6605562920448347, ""atr_pct"": 0.0004318520548943941, ""retest_entry"": true}"
اتجاهي,dir,directional,BNBUSDT,هابط,Stochastic,-1,172091,172092,2024-12-29T12:11:00+00:00,2024-12-29T12:12:00+00:00,1,-0.0033410421883923354,-0.06682084376784671,20.0,زمني,0,False,True,,False,710.7867,711.0,0.0003,711.53,1,baseline,0,"{""close"": 710.99, ""rsi"": 47.97281898255244, ""rsi7"": 50.637960896083136, ""macd"": 0.11793897590741531, ""adx"": 26.77146862441801, ""stoch_k"": 82.47863247863579, ""stoch_d"": 87.4536777091548, ""mss"": 0.0, ""sfp"": 0.0, ""vr"": 1.1185503791458498, ""hurst"": 0.16997519921231694, ""atr14"": 0.325136770116167, ""vol_sma20"": 122.66140000000016, ""vol_ratio"": 0.7281345231670263, ""atr_pct"": 0.00045730146713198074, ""retest_entry"": true}"
اتجاهي,dir,directional,BNBUSDT,هابط,FVG,-1,172100,172101,2024-12-29T12:20:00+00:00,2024-12-29T12:21:00+00:00,1,-0.003228820530953625,-0.0645764106190725,20.0,زمني,0,False,True,,False,710.706724,710.92,0.0003,711.37,1,baseline,0,"{""close"": 710.92, ""rsi"": 43.94646508002191, ""rsi7"": 35.93340094007078, ""macd"": 0.013613573896916184, ""adx"": 19.441276842594146, ""stoch_k"": 46.20660153446823, ""stoch_d"": 66.10365954628075, ""mss"": 0.0, ""sfp"": 0.0, ""vr"": 1.1105260199077087, ""hurst"": 0.21333976225037934, ""atr14"": 0.32683090589802166, ""vol_sma20"": 198.4132000000002, ""vol_ratio"": 0.12378712706614266, ""atr_pct"": 0.00045972951372590684, ""retest_entry"": true}"
اتجاهي,dir,directional,BNBUSDT,هابط,FVG,-1,172104,172111,2024-12-29T12:24:00+00:00,2024-12-29T12:31:00+00:00,7,-0.001333967828007512,-0.02667935656015024,20.0,تتبع,0,False,True,,False,710.696727,710.91,0.0003,709.796469714,1,baseline,0,"{""close"": 710.91, ""rsi"": 44.74903862878591, ""rsi7"": 39.97168247212437, ""macd"": -0.03435210955746766, ""adx"": 16.07127142568607, ""stoch_k"": 21.17182933956801, ""stoch_d"": 26.70071720645903, ""mss"": 0.0, ""sfp"": 0.0, ""vr"": 1.1390282870445743, ""hurst"": 0.21102016058674172, ""atr14"": 0.33857396666372347, ""vol_sma20"": 170.5853000000002, ""vol_ratio"": 0.3475446008536488, ""atr_pct"": 0.0004762543312989316, ""retest_entry"": true}"
شبكة,grid,grid,BNBUSDT,عرضي,,0,5385,8069,2024-09-04T17:45:00+00:00,2024-09-06T14:29:00+00:00,2684,-0.020771691166374756,-20.771691166374755,1000.0,نهاية-الحالة,6,False,True,,False,,,,,1,baseline,0,
افتتاح-سوق,market_open,market_open,BNBUSDT,صاعد,London-Expansion,1,85,85,2024-09-01T07:05:00+00:00,2024-09-01T07:05:00+00:00,0,-0.003171684886186895,-0.0634336977237379,20.0,وقف-افتتاح,0,False,True,,False,520.75618,520.6,0.0003,520.3,1,baseline,85,"""{\""session\"": \""London\"", \""pre_high\"": 520.3, \""pre_low\"": 516.8, \""tf\"": \""5min\""}"""
افتتاح-سوق,market_open,market_open,BNBUSDT,صاعد,Asia-Expansion,1,291,291,2024-09-02T00:15:00+00:00,2024-09-02T00:15:00+00:00,0,-0.0037618869078442085,-0.07523773815688417,20.0,وقف-افتتاح,0,False,True,,False,513.85411,513.7,0.0003,513.1,1,baseline,291,"""{\""session\"": \""Asia\"", \""pre_high\"": 513.1, \""pre_low\"": 507.8, \""tf\"": \""5min\""}"""
افتتاح-سوق,market_open,market_open,BNBUSDT,صاعد,Asia-Expansion,1,588,589,2024-09-03T01:00:00+00:00,2024-09-03T01:05:00+00:00,1,-0.0005233201505088598,-0.010466403010177195,20.0,تتبع-افتتاح,0,False,True,symbol_collision,True,529.25873,529.1,0.0003,530.2,1,baseline,588,"""{\""session\"": \""Asia\"", \""pre_high\"": 528.5, \""pre_low\"": 525.7, \""tf\"": \""5min\""}"""
افتتاح-سوق,market_open,market_open,BNBUSDT,صاعد,London-Expansion,1,957,957,2024-09-04T07:45:00+00:00,2024-09-04T07:45:00+00:00,0,-0.0043484603311775005,-0.08696920662355001,20.0,وقف-افتتاح,0,False,True,,False,512.65375,512.5,0.0003,511.6,1,baseline,957,"""{\""session\"": \""London\"", \""pre_high\"": 511.6, \""pre_low\"": 508.3, \""tf\"": \""5min\""}"""
افتتاح-سوق,market_open,market_open,BNBUSDT,صاعد,London-Expansion,1,1240,1240,2024-09-05T07:20:00+00:00,2024-09-05T07:20:00+00:00,0,-0.0031880352773020703,-0.06376070554604141,20.0,وقف-افتتاح,0,False,True,symbol_collision,True,506.35186,506.2,0.0003,505.9,1,baseline,1240,"""{\""session\"": \""London\"", \""pre_high\"": 505.9, \""pre_low\"": 501.0, \""tf\"": \""5min\""}"""
افتتاح-سوق,market_open,market_open,BNBUSDT,صاعد,NewYork-Expansion,1,1319,1320,2024-09-05T13:55:00+00:00,2024-09-05T14:00:00+00:00,1,0.0005519420571780039,0.011038841143560078,20.0,تتبع-افتتاح,0,True,True,symbol_collision,True,506.95204,506.8,0.0003,508.4,1,baseline,1319,"""{\""session\"": \""NewYork\"", \""pre_high\"": 506.2, \""pre_low\"": 502.3, \""tf\"": \""5min\""}"""
افتتاح-سوق,market_open,market_open,BNBUSDT,صاعد,Asia-Expansion,1,1441,1441,2024-09-06T00:05:00+00:00,2024-09-06T00:05:00+00:00,0,-0.003191677589715785,-0.0638335517943157,20.0,وقف-افتتاح,0,False,True,symbol_collision,True,503.25093,503.1,0.0003,502.8,1,baseline,1441,"""{\""session\"": \""Asia\"", \""pre_high\"": 502.8, \""pre_low\"": 500.7, \""tf\"": \""5min\""}"""
افتتاح-سوق,market_open,market_open,BNBUSDT,صاعد,Asia-Expansion,1,1729,1730,2024-09-07T00:05:00+00:00,2024-09-07T00:10:00+00:00,1,-0.004231005672964824,-0.08462011345929649,20.0,وقف-افتتاح,0,False,True,,False,488.44649,488.3,0.0003,487.5,1,baseline,1729,"""{\""session\"": \""Asia\"", \""pre_high\"": 487.5, \""pre_low\"": 483.9, \""tf\"": \""5min\""}"""
افتتاح-سوق,market_open,market_open,BNBUSDT,صاعد,London-Expansion,1,1813,1813,2024-09-07T07:05:00+00:00,2024-09-07T07:05:00+00:00,0,-0.0030013031423979423,-0.06002606284795885,20.0,وقف-افتتاح,0,False,True,,False,493.44799,493.3,0.0003,493.1,1,baseline,1813,"""{\""session\"": \""London\"", \""pre_high\"": 493.1, \""pre_low\"": 489.4, \""tf\"": \""5min\""}"""
افتتاح-سوق,market_open,market_open,BNBUSDT,صاعد,London-Expansion,1,2103,2106,2024-09-08T07:15:00+00:00,2024-09-08T07:30:00+00:00,3,-0.0013990812550283436,-0.027981625100566874,20.0,تتبع-افتتاح,0,False,True,,False,499.74988,499.6,0.0003,500.2,1,baseline,2103,"""{\""session\"": \""London\"", \""pre_high\"": 499.1, \""pre_low\"": 497.0, \""tf\"": \""5min\""}"""
افتتاح-سوق,market_open,market_open,BNBUSDT,صاعد,Asia-Expansion,1,2308,2315,2024-09-09T00:20:00+00:00,2024-09-09T00:55:00+00:00,7,-0.00022826362814705955,-0.004565272562941191,20.0,تتبع-افتتاح,0,False,True,symbol_collision,True,505.45159,505.3,0.0003,506.5,1,baseline,2308,"""{\""session\"": \""Asia\"", \""pre_high\"": 504.5, \""pre_low\"": 500.3, \""tf\"": \""5min\""}"""
افتتاح-سوق,market_open,market_open,BNBUSDT,صاعد,London-Expansion,1,2396,2396,2024-09-09T07:40:00+00:00,2024-09-09T07:40:00+00:00,0,-0.004367461226852874,-0.08734922453705747,20.0,وقف-افتتاح,0,False,True,symbol_collision,True,507.15209999999996,507.0,0.0003,506.1,1,baseline,2396,"""{\""session\"": \""London\"", \""pre_high\"": 506.1, \""pre_low\"": 502.2, \""tf\"": \""5min\""}"""
افتتاح-سوق,market_open,market_open,BNBUSDT,صاعد,NewYork-Expansion,1,2472,2472,2024-09-09T14:00:00+00:00,2024-09-09T14:00:00+00:00,0,-0.003579780016931418,-0.07159560033862836,20.0,وقف-افتتاح,0,False,True,symbol_collision,True,507.55222,507.4,0.0003,506.9,1,baseline,2472,"""{\""session\"": \""NewYork\"", \""pre_high\"": 506.9, \""pre_low\"": 503.3, \""tf\"": \""5min\""}"""
افتتاح-سوق,market_open,market_open,BNBUSDT,صاعد,London-Expansion,1,2686,2686,2024-09-10T07:50:00+00:00,2024-09-10T07:50:00+00:00,0,-0.0037473304603890998,-0.074946609207782,20.0,وقف-افتتاح,0,False,True,symbol_collision,True,520.3560600000001,520.2,0.0003,519.6,1,baseline,2686,"""{\""session\"": \""London\"", \""pre_high\"": 519.6, \""pre_low\"": 517.6, \""tf\"": \""5min\""}"""
افتتاح-سوق,market_open,market_open,BNBUSDT,صاعد,London-Expansion,1,2969,2976,2024-09-11T07:25:00+00:00,2024-09-11T08:00:00+00:00,7,-0.0012824997179571543,-0.025649994359143086,20.0,تتبع-افتتاح,0,False,True,,False,512.9538399999999,512.8,0.0003,513.4757913504753,1,baseline,2969,"""{\""session\"": \""London\"", \""pre_high\"": 512.4, \""pre_low\"": 508.4, \""tf\"": \""5min\""}"""
افتتاح-سوق,market_open,market_open,BNBUSDT,صاعد,Asia-Expansion,1,3170,3171,2024-09-12T00:10:00+00:00,2024-09-12T00:15:00+00:00,1,-0.0016586324617714969,-0.03317264923542994,20.0,تتبع-افتتاح,0,False,True,symbol_collision,True,531.65945,531.5,0.0003,532.0,1,baseline,3170,"""{\""session\"": \""Asia\"", \""pre_high\"": 531.1, \""pre_low\"": 528.7, \""tf\"": \""5min\""}"""
افتتاح-سوق,market_open,market_open,BNBUSDT,صاعد,NewYork-Expansion,1,3331,3332,2024-09-12T13:35:00+00:00,2024-09-12T13:40:00+00:00,1,-0.004600838078192108,-0.09201676156384216,20.0,وقف-افتتاح,0,False,True,symbol_collision,True,547.66425,547.5,0.0003,546.4,1,baseline,3331,"""{\""session\"": \""NewYork\"", \""pre_high\"": 546.4, \""pre_low\"": 539.8, \""tf\"": \""5min\""}"""
افتتاح-سوق,market_open,market_open,BNBUSDT,صاعد,London-Expansion,1,3837,3838,2024-09-14T07:45:00+00:00,2024-09-14T07:50:00+00:00,1,-0.003136740870084161,-0.06273481740168321,20.0,وقف-افتتاح,0,False,True,,False,554.46629,554.3,0.0003,554.0,1,baseline,3837,"""{\""session\"": \""London\"", \""pre_high\"": 554.0, \""pre_low\"": 551.5, \""tf\"": \""5min\""}"""
افتتاح-سوق,market_open,market_open,BNBUSDT,صاعد,London-Expansion,1,4128,4128,2024-09-15T08:00:00+00:00,2024-09-15T08:00:00+00:00,0,-0.0033157722850811677,-0.06631544570162336,20.0,وقف-افتتاح,0,False,True,,False,555.1664999999999,555.0,0.0003,554.6,1,baseline,4128,"""{\""session\"": \""London\"", \""pre_high\"": 554.6, \""pre_low\"": 553.4, \""tf\"": \""5min\""}"""
افتتاح-سوق,market_open,market_open,BNBUSDT,صاعد,Asia-Expansion,1,4611,4611,2024-09-17T00:15:00+00:00,2024-09-17T00:15:00+00:00,0,-0.0031555881255787032,-0.06311176251157406,20.0,وقف-افتتاح,0,False,True,,False,535.76068,535.6,0.0003,535.3,1,baseline,4611,"""{\""session\"": \""Asia\"", \""pre_high\"": 535.3, \""pre_low\"": 530.3, \""tf\"": \""5min\""}"""
افتتاح-سوق,market_open,market_open,BNBUSDT,صاعد,NewYork-Expansion,1,4780,4780,2024-09-17T14:20:00+00:00,2024-09-17T14:20:00+00:00,0,-0.002596923220735966,-0.05193846441471932,20.0,تتبع-افتتاح,0,False,True,symbol_collision,True,546.96404,546.8,0.0003,546.8,1,baseline,4780,"""{\""session\"": \""NewYork\"", \""pre_high\"": 546.1, \""pre_low\"": 542.3, \""tf\"": \""5min\""}"""
افتتاح-سوق,market_open,market_open,BNBUSDT,صاعد,Asia-Expansion,1,5189,5191,2024-09-19T00:25:00+00:00,2024-09-19T00:35:00+00:00,2,-0.004375776576860834,-0.08751553153721668,20.0,وقف-افتتاح,0,False,True,symbol_collision,True,560.86821,560.7,0.0003,559.7,1,baseline,5189,"""{\""session\"": \""Asia\"", \""pre_high\"": 559.7, \""pre_low\"": 552.3, \""tf\"": \""5min\""}"""
افتتاح-سوق,market_open,market_open,BNBUSDT,صاعد,Asia-Expansion,1,5473,5473,2024-09-20T00:05:00+00:00,2024-09-20T00:05:00+00:00,0,-0.0031243706436755174,-0.062487412873510347,20.0,وقف-افتتاح,0,False,True,symbol_collision,True,567.4701899999999,567.3,0.0003,567.0,1,baseline,5473,"""{\""session\"": \""Asia\"", \""pre_high\"": 567.0, \""pre_low\"": 564.6, \""tf\"": \""5min\""}"""
افتتاح-سوق,market_open,market_open,BNBUSDT,صاعد,NewYork-Expansion,1,5925,5926,2024-09-21T13:45:00+00:00,2024-09-21T13:50:00+00:00,1,-0.0037932600160504476,-0.07586520032100895,20.0,وقف-افتتاح,0,False,True,symbol_collision,True,583.77508,583.6,0.0003,582.9,1,baseline,5925,"""{\""session\"": \""NewYork\"", \""pre_high\"": 582.9, \""pre_low\"": 580.6, \""tf\"": \""5min\""}"""
افتتاح-سوق,market_open,market_open,BNBUSDT,صاعد,Asia-Expansion,1,6346,6349,2024-09-23T00:50:00+00:00,2024-09-23T01:05:00+00:00,3,-0.000229000026754376,-0.00458000053508752,20.0,تتبع-افتتاح,0,False,True,,False,589.8769100000001,589.7,0.0003,591.1,1,baseline,6346,"""{\""session\"": \""Asia\"", \""pre_high\"": 588.8, \""pre_low\"": 585.2, \""tf\"": \""5min\""}"""
افتتاح-سوق,market_open,market_open,BNBUSDT,صاعد,NewYork-Expansion,1,6790,6791,2024-09-24T13:50:00+00:00,2024-09-24T13:55:00+00:00,1,-0.0037458160193957982,-0.07491632038791596,20.0,وقف-افتتاح,0,False,True,symbol_collision,True,607.8823100000001,607.7,0.0003,607.0,1,baseline,6790,"""{\""session\"": \""NewYork\"", \""pre_high\"": 607.0, \""pre_low\"": 603.1, \""tf\"": \""5min\""}"""
افتتاح-سوق,market_open,market_open,BNBUSDT,صاعد,NewYork-Expansion,1,7082,7082,2024-09-25T14:10:00+00:00,2024-09-25T14:10:00+00:00,0,-0.003764256699661867,-0.07528513399323734,20.0,وقف-افتتاح,0,False,True,,False,598.27943,598.1,0.0003,597.4,1,baseline,7082,"""{\""session\"": \""NewYork\"", \""pre_high\"": 597.4, \""pre_low\"": 592.1, \""tf\"": \""5min\""}"""
افتتاح-سوق,market_open,market_open,BNBUSDT,صاعد,Asia-Expansion,1,7492,7492,2024-09-27T00:20:00+00:00,2024-09-27T00:20:00+00:00,0,-0.003597829469385435,-0.0719565893877087,20.0,وقف-افتتاح,0,False,True,,False,598.0793699999999,597.9,0.0003,597.3,1,baseline,7492,"""{\""session\"": \""Asia\"", \""pre_high\"": 597.3, \""pre_low\"": 592.0, \""tf\"": \""5min\""}"""
افتتاح-سوق,market_open,market_open,BNBUSDT,صاعد,NewYork-Expansion,1,7945,7957,2024-09-28T14:05:00+00:00,2024-09-28T15:05:00+00:00,12,-0.0019338664969340612,-0.038677329938681226,20.0,زمني-افتتاح,0,False,True,,False,601.8805100000001,601.7,0.0003,602.1,1,baseline,7945,"""{\""session\"": \""NewYork\"", \""pre_high\"": 601.0, \""pre_low\"": 597.2, \""tf\"": \""5min\""}"""
افتتاح-سوق,market_open,market_open,BNBUSDT,صاعد,London-Expansion,1,9020,9020,2024-10-02T07:40:00+00:00,2024-10-02T07:40:00+00:00,0,-0.003491134334936326,-0.06982268669872652,20.0,وقف-افتتاح,0,False,True,,False,557.86731,557.7,0.0003,557.2,1,baseline,9020,"""{\""session\"": \""London\"", \""pre_high\"": 557.2, \""pre_low\"": 551.6, \""tf\"": \""5min\""}"""
افتتاح-سوق,market_open,market_open,BNBUSDT,صاعد,NewYork-Expansion,1,9379,9379,2024-10-03T13:35:00+00:00,2024-10-03T13:35:00+00:00,0,-0.003699838528637777,-0.07399677057275554,20.0,وقف-افتتاح,0,False,True,,False,542.76278,542.6,0.0003,542.0,1,baseline,9379,"""{\""session\"": \""NewYork\"", \""pre_high\"": 542.0, \""pre_low\"": 535.0, \""tf\"": \""5min\""}"""
افتتاح-سوق,market_open,market_open,BNBUSDT,صاعد,Asia-Expansion,1,9799,9799,2024-10-05T00:35:00+00:00,2024-10-05T00:35:00+00:00,0,-0.0033135771289662334,-0.06627154257932466,20.0,وقف-افتتاح,0,False,True,symbol_collision,True,556.86701,556.7,0.0003,556.3,1,baseline,9799,"""{\""session\"": \""Asia\"", \""pre_high\"": 556.3, \""pre_low\"": 554.7, \""tf\"": \""5min\""}"""
افتتاح-سوق,market_open,market_open,BNBUSDT,صاعد,NewYork-Expansion,1,10254,10255,2024-10-06T14:30:00+00:00,2024-10-06T14:35:00+00:00,1,-0.002596923220735855,-0.0519384644147171,20.0,تتبع-افتتاح,0,False,True,symbol_collision,True,564.86941,564.7,0.0003,564.7,1,baseline,10254,"""{\""session\"": \""NewYork\"", \""pre_high\"": 564.3, \""pre_low\"": 562.6, \""tf\"": \""5min\""}"""
افتتاح-سوق,market_open,market_open,BNBUSDT,صاعد,NewYork-Expansion,1,10533,10533,2024-10-07T13:45:00+00:00,2024-10-07T13:45:00+00:00,0,-0.002596923220735855,-0.0519384644147171,20.0,تتبع-افتتاح,0,False,True,,False,574.6723499999999,574.5,0.0003,574.5,1,baseline,10533,"""{\""session\"": \""NewYork\"", \""pre_high\"": 574.0, \""pre_low\"": 570.5, \""tf\"": \""5min\""}"""
افتتاح-سوق,market_open,market_open,BNBUSDT,صاعد,NewYork-Expansion,1,10823,10823,2024-10-08T13:55:00+00:00,2024-10-08T13:55:00+00:00,0,-0.0034601767059179375,-0.06920353411835875,20.0,وقف-افتتاح,0,False,True,,False,577.8733100000001,577.7,0.0003,577.2,1,baseline,10823,"""{\""session\"": \""NewYork\"", \""pre_high\"": 577.2, \""pre_low\"": 572.7, \""tf\"": \""5min\""}"""
افتتاح-سوق,market_open,market_open,BNBUSDT,صاعد,Asia-Expansion,1,10945,10945,2024-10-09T00:05:00+00:00,2024-10-09T00:05:00+00:00,0,-0.003282305853808703,-0.06564611707617406,20.0,وقف-افتتاح,0,False,True,symbol_collision,True,582.27463,582.1,0.0003,581.7,1,baseline,10945,"""{\""session\"": \""Asia\"", \""pre_high\"": 581.7, \""pre_low\"": 579.1, \""tf\"": \""5min\""}"""
افتتاح-سوق,market_open,market_open,BNBUSDT,صاعد,Asia-Expansion,1,11523,11525,2024-10-11T00:15:00+00:00,2024-10-11T00:25:00+00:00,2,-0.00436255090135058,-0.0872510180270116,20.0,وقف-افتتاح,0,False,True,,False,565.0694699999999,564.9,0.0003,563.9,1,baseline,11523,"""{\""session\"": \""Asia\"", \""pre_high\"": 563.9, \""pre_low\"": 561.0, \""tf\"": \""5min\""}"""
افتتاح-سوق,market_open,market_open,BNBUSDT,صاعد,NewYork-Expansion,1,11689,11689,2024-10-11T14:05:00+00:00,2024-10-11T14:05:00+00:00,0,-0.0031221486429472488,-0.06244297285894498,20.0,وقف-افتتاح,0,False,True,,False,569.87091,569.7,0.0003,569.4,1,baseline,11689,"""{\""session\"": \""NewYork\"", \""pre_high\"": 569.4, \""pre_low\"": 566.2, \""tf\"": \""5min\""}"""
افتتاح-سوق,market_open,market_open,BNBUSDT,صاعد,London-Expansion,1,12757,12760,2024-10-15T07:05:00+00:00,2024-10-15T07:20:00+00:00,3,-0.0031084994269826496,-0.06216998853965299,20.0,وقف-افتتاح,0,False,True,,False,585.07547,584.9,0.0003,584.6,1,baseline,12757,"""{\""session\"": \""London\"", \""pre_high\"": 584.6, \""pre_low\"": 580.9, \""tf\"": \""5min\""}"""
افتتاح-سوق,market_open,market_open,BNBUSDT,صاعد,Asia-Expansion,1,13255,13257,2024-10-17T00:35:00+00:00,2024-10-17T00:45:00+00:00,2,-0.0037524713070409043,-0.07504942614081808,20.0,وقف-افتتاح,0,False,True,symbol_collision,True,604.38126,604.2,0.0003,603.5,1,baseline,13255,"""{\""session\"": \""Asia\"", \""pre_high\"": 603.5, \""pre_low\"": 600.2, \""tf\"": \""5min\""}"""
افتتاح-سوق,market_open,market_open,BNBUSDT,صاعد,NewYork-Expansion,1,13413,13414,2024-10-17T13:45:00+00:00,2024-10-17T13:50:00+00:00,1,-0.003268575124290843,-0.06537150248581686,20.0,وقف-افتتاح,0,False,True,,False,594.1782,594.0,0.0003,593.6,1,baseline,13413,"""{\""session\"": \""NewYork\"", \""pre_high\"": 593.6, \""pre_low\"": 591.3, \""tf\"": \""5min\""}"""
افتتاح-سوق,market_open,market_open,BNBUSDT,صاعد,NewYork-Expansion,1,13703,13705,2024-10-18T13:55:00+00:00,2024-10-18T14:05:00+00:00,2,-0.0012599217773318278,-0.025198435546636557,20.0,تتبع-افتتاح,0,False,True,,False,596.9790399999999,596.8,0.0003,597.6,1,baseline,13703,"""{\""session\"": \""NewYork\"", \""pre_high\"": 595.8, \""pre_low\"": 594.1, \""tf\"": \""5min\""}"""
افتتاح-سوق,market_open,market_open,BNBUSDT,صاعد,London-Expansion,1,14202,14205,2024-10-20T07:30:00+00:00,2024-10-20T07:45:00+00:00,3,-0.0032641940531687977,-0.06528388106337596,20.0,وقف-افتتاح,0,False,True,,False,598.0793699999999,597.9,0.0003,597.5,1,baseline,14202,"""{\""session\"": \""London\"", \""pre_high\"": 597.5, \""pre_low\"": 595.4, \""tf\"": \""5min\""}"""
افتتاح-سوق,market_open,market_open,BNBUSDT,صاعد,NewYork-Expansion,1,14278,14280,2024-10-20T13:50:00+00:00,2024-10-20T14:00:00+00:00,2,-0.0014282219255474355,-0.02856443851094871,20.0,تتبع-افتتاح,0,False,True,,False,597.57922,597.4,0.0003,598.1,1,baseline,14278,"""{\""session\"": \""NewYork\"", \""pre_high\"": 597.1, \""pre_low\"": 595.1, \""tf\"": \""5min\""}"""
افتتاح-سوق,market_open,market_open,BNBUSDT,صاعد,Asia-Expansion,1,14404,14404,2024-10-21T00:20:00+00:00,2024-10-21T00:20:00+00:00,0,-0.003581364487502815,-0.0716272897500563,20.0,وقف-افتتاح,0,False,True,symbol_collision,True,608.08237,607.9,0.0003,607.3,1,baseline,14404,"""{\""session\"": \""Asia\"", \""pre_high\"": 607.3, \""pre_low\"": 603.3, \""tf\"": \""5min\""}"""
افتتاح-سوق,market_open,market_open,BNBUSDT,صاعد,NewYork-Expansion,1,15720,15720,2024-10-25T14:00:00+00:00,2024-10-25T14:00:00+00:00,0,-0.0036059298740280807,-0.07211859748056161,20.0,وقف-افتتاح,0,False,True,,False,593.27793,593.1,0.0003,592.5,1,baseline,15720,"""{\""session\"": \""NewYork\"", \""pre_high\"": 592.5, \""pre_low\"": 590.6, \""tf\"": \""5min\""}"""
افتتاح-سوق,market_open,market_open,BNBUSDT,صاعد,Asia-Expansion,1,16712,16712,2024-10-29T00:40:00+00:00,2024-10-29T00:40:00+00:00,0,-0.003753428361940992,-0.07506856723881984,20.0,وقف-افتتاح,0,False,True,symbol_collision,True,603.88111,603.7,0.0003,603.0,1,baseline,16712,"""{\""session\"": \""Asia\"", \""pre_high\"": 603.0, \""pre_low\"": 599.9, \""tf\"": \""5min\""}"""
افتتاح-سوق,market_open,market_open,BNBUSDT,صاعد,London-Expansion,1,16809,16809,2024-10-29T08:45:00+00:00,2024-10-29T08:45:00+00:00,0,-0.003583149071209732,-0.07166298142419464,20.0,وقف-افتتاح,0,False,True,symbol_collision,True,606.98204,606.8,0.0003,606.2,1,baseline,16809,"""{\""session\"": \""London\"", \""pre_high\"": 606.2, \""pre_low\"": 603.9, \""tf\"": \""5min\""}"""
افتتاح-سوق,market_open,market_open,BNBUSDT,صاعد,NewYork-Expansion,1,16872,16873,2024-10-29T14:00:00+00:00,2024-10-29T14:05:00+00:00,1,-0.004076018243147074,-0.08152036486294148,20.0,وقف-افتتاح,0,False,True,symbol_collision,True,607.0820699999999,606.9,0.0003,606.0,1,baseline,16872,"""{\""session\"": \""NewYork\"", \""pre_high\"": 606.0, \""pre_low\"": 604.4, \""tf\"": \""5min\""}"""
افتتاح-سوق,market_open,market_open,BNBUSDT,صاعد,London-Expansion,1,17091,17097,2024-10-30T08:15:00+00:00,2024-10-30T08:45:00+00:00,6,-0.004248252818052666,-0.08496505636105331,20.0,وقف-افتتاح,0,False,True,,False,604.1812,604.0,0.0003,603.0,1,baseline,17091,"""{\""session\"": \""London\"", \""pre_high\"": 603.0, \""pre_low\"": 600.8, \""tf\"": \""5min\""}"""
افتتاح-سوق,market_open,market_open,BNBUSDT,صاعد,Asia-Expansion,1,17578,17579,2024-11-01T00:50:00+00:00,2024-11-01T00:55:00+00:00,1,-0.0032863326396261362,-0.06572665279252272,20.0,وقف-افتتاح,0,False,True,,False,578.87361,578.7,0.0003,578.3,1,baseline,17578,"""{\""session\"": \""Asia\"", \""pre_high\"": 578.3, \""pre_low\"": 575.7, \""tf\"": \""5min\""}"""
افتتاح-سوق,market_open,market_open,BNBUSDT,صاعد,London-Expansion,1,17673,17675,2024-11-01T08:45:00+00:00,2024-11-01T08:55:00+00:00,2,-0.0034619735908827686,-0.06923947181765537,20.0,وقف-افتتاح,0,False,True,,False,576.67295,576.5,0.0003,576.0,1,baseline,17673,"""{\""session\"": \""London\"", \""pre_high\"": 576.0, \""pre_low\"": 572.1, \""tf\"": \""5min\""}"""
افتتاح-سوق,market_open,market_open,BNBUSDT,صاعد,NewYork-Expansion,1,17732,17732,2024-11-01T13:40:00+00:00,2024-11-01T13:40:00+00:00,0,-0.003623234052613062,-0.07246468105226124,20.0,وقف-افتتاح,0,False,True,,False,583.27493,583.1,0.0003,582.5,1,baseline,17732,"""{\""session\"": \""NewYork\"", \""pre_high\"": 582.5, \""pre_low\"": 577.9, \""tf\"": \""5min\""}"""
افتتاح-سوق,market_open,market_open,BNBUSDT,صاعد,Asia-Expansion,1,17861,17868,2024-11-02T00:25:00+00:00,2024-11-02T01:00:00+00:00,7,-0.003466044061428919,-0.06932088122857838,20.0,وقف-افتتاح,0,False,True,,False,573.97214,573.8,0.0003,573.3,1,baseline,17861,"""{\""session\"": \""Asia\"", \""pre_high\"": 573.3, \""pre_low\"": 571.9, \""tf\"": \""5min\""}"""
افتتاح-سوق,market_open,market_open,BNBUSDT,صاعد,Asia-Expansion,1,18147,18147,2024-11-03T00:15:00+00:00,2024-11-03T00:15:00+00:00,0,-0.0032978389458093787,-0.06595677891618758,20.0,وقف-افتتاح,0,False,True,,False,569.37076,569.2,0.0003,568.8,1,baseline,18147,"""{\""session\"": \""Asia\"", \""pre_high\"": 568.8, \""pre_low\"": 566.8, \""tf\"": \""5min\""}"""
افتتاح-سوق,market_open,market_open,BNBUSDT,صاعد,NewYork-Expansion,1,19183,19184,2024-11-06T14:35:00+00:00,2024-11-06T14:40:00+00:00,1,-0.0007863070300168346,-0.015726140600336693,20.0,تتبع-افتتاح,0,False,True,symbol_collision,True,583.2349179999999,583.06,0.0003,584.1184465806639,1,baseline,19183,"""{\""session\"": \""NewYork\"", \""pre_high\"": 582.75, \""pre_low\"": 580.37, \""tf\"": \""5min\""}"""
افتتاح-سوق,market_open,market_open,BNBUSDT,صاعد,Asia-Expansion,1,19585,19585,2024-11-08T00:05:00+00:00,2024-11-08T00:05:00+00:00,0,-0.00319566443741181,-0.0639132887482362,20.0,وقف-افتتاح,0,False,True,,False,599.87991,599.7,0.0003,599.34,1,baseline,19585,"""{\""session\"": \""Asia\"", \""pre_high\"": 599.34, \""pre_low\"": 595.62, \""tf\"": \""5min\""}"""
افتتاح-سوق,market_open,market_open,BNBUSDT,صاعد,Asia-Expansion,1,19874,19876,2024-11-09T00:10:00+00:00,2024-11-09T00:20:00+00:00,2,-0.002413580130804678,-0.04827160261609356,20.0,تتبع-افتتاح,0,False,True,,False,598.589523,598.41,0.0003,598.52,1,baseline,19874,"""{\""session\"": \""Asia\"", \""pre_high\"": 597.85, \""pre_low\"": 595.7, \""tf\"": \""5min\""}"""
افتتاح-سوق,market_open,market_open,BNBUSDT,صاعد,London-Expansion,1,19980,19984,2024-11-09T09:00:00+00:00,2024-11-09T09:20:00+00:00,4,-0.000808539960059953,-0.01617079920119906,20.0,تتبع-افتتاح,0,False,True,symbol_collision,True,631.68945,631.5,0.0003,632.632304537062,1,baseline,19980,"""{\""session\"": \""London\"", \""pre_high\"": 630.8, \""pre_low\"": 627.18, \""tf\"": \""5min\""}"""
افتتاح-سوق,market_open,market_open,BNBUSDT,صاعد,Asia-Expansion,1,20168,20168,2024-11-10T00:40:00+00:00,2024-11-10T00:40:00+00:00,0,-0.0034224960203875572,-0.06844992040775115,20.0,وقف-افتتاح,0,False,True,,False,628.418469,628.23,0.0003,627.71,1,baseline,20168,"""{\""session\"": \""Asia\"", \""pre_high\"": 627.71, \""pre_low\"": 622.56, \""tf\"": \""5min\""}"""
افتتاح-سوق,market_open,market_open,BNBUSDT,صاعد,Asia-Expansion,1,20452,20456,2024-11-11T00:20:00+00:00,2024-11-11T00:40:00+00:00,4,0.0034283914703626896,0.0685678294072538,20.0,تتبع-افتتاح,0,True,True,,False,630.8792070000001,630.69,0.0003,634.5,1,baseline,20452,"""{\""session\"": \""Asia\"", \""pre_high\"": 629.7, \""pre_low\"": 625.5, \""tf\"": \""5min\""}"""
افتتاح-سوق,market_open,market_open,BNBUSDT,صاعد,London-Expansion,1,20545,20548,2024-11-11T08:05:00+00:00,2024-11-11T08:20:00+00:00,3,-0.0042074562043937155,-0.08414912408787431,20.0,وقف-افتتاح,0,False,True,,False,619.48579,619.3,0.0003,618.3,1,baseline,20545,"""{\""session\"": \""London\"", \""pre_high\"": 618.3, \""pre_low\"": 613.0, \""tf\"": \""5min\""}"""
افتتاح-سوق,market_open,market_open,BNBUSDT,صاعد,London-Expansion,1,20837,20837,2024-11-12T08:25:00+00:00,2024-11-12T08:25:00+00:00,0,-0.003604293154588004,-0.07208586309176009,20.0,وقف-افتتاح,0,False,True,symbol_collision,True,653.666041,653.47,0.0003,652.81,1,baseline,20837,"""{\""session\"": \""London\"", \""pre_high\"": 652.81, \""pre_low\"": 645.8, \""tf\"": \""5min\""}"""
افتتاح-سوق,market_open,market_open,BNBUSDT,صاعد,NewYork-Expansion,1,20913,20913,2024-11-12T14:45:00+00:00,2024-11-12T14:45:00+00:00,0,-0.0036004109373205095,-0.0720082187464102,20.0,وقف-افتتاح,0,False,True,,False,626.367854,626.18,0.0003,625.55,1,baseline,20913,"""{\""session\"": \""NewYork\"", \""pre_high\"": 625.55, \""pre_low\"": 610.0, \""tf\"": \""5min\""}"""
افتتاح-سوق,market_open,market_open,BNBUSDT,صاعد,NewYork-Expansion,1,21487,21487,2024-11-14T14:35:00+00:00,2024-11-14T14:35:00+00:00,0,-0.003929741871025015,-0.0785948374205003,20.0,وقف-افتتاح,0,False,True,symbol_collision,True,636.280827,636.09,0.0003,635.24,1,baseline,21487,"""{\""session\"": \""NewYork\"", \""pre_high\"": 635.24, \""pre_low\"": 629.04, \""tf\"": \""5min\""}"""
افتتاح-سوق,market_open,market_open,BNBUSDT,صاعد,Asia-Expansion,1,22179,22181,2024-11-17T00:15:00+00:00,2024-11-17T00:25:00+00:00,2,-0.00028200219908597975,-0.005640043981719595,20.0,تتبع-افتتاح,0,False,True,,False,624.1872,624.0,0.0003,625.4482717680941,1,baseline,22179,"""{\""session\"": \""Asia\"", \""pre_high\"": 623.65, \""pre_low\"": 620.56, \""tf\"": \""5min\""}"""
افتتاح-سوق,market_open,market_open,BNBUSDT,صاعد,Asia-Expansion,1,22465,22466,2024-11-18T00:05:00+00:00,2024-11-18T00:10:00+00:00,1,-0.0036271652625996403,-0.0725433052519928,20.0,وقف-افتتاح,0,False,True,,False,619.78588,619.6,0.0003,618.96,1,baseline,22465,"""{\""session\"": \""Asia\"", \""pre_high\"": 618.96, \""pre_low\"": 613.97, \""tf\"": \""5min\""}"""
افتتاح-سوق,market_open,market_open,BNBUSDT,صاعد,NewYork-Expansion,1,22639,22640,2024-11-18T14:35:00+00:00,2024-11-18T14:40:00+00:00,1,-0.003577448404999142,-0.07154896809998283,20.0,وقف-افتتاح,0,False,True,,False,620.68615,620.5,0.0003,619.89,1,baseline,22639,"""{\""session\"": \""NewYork\"", \""pre_high\"": 619.89, \""pre_low\"": 614.03, \""tf\"": \""5min\""}"""
افتتاح-سوق,market_open,market_open,BNBUSDT,صاعد,Asia-Expansion,1,24196,24201,2024-11-24T00:20:00+00:00,2024-11-24T00:45:00+00:00,5,-0.0008480537389925676,-0.016961074779851353,20.0,تتبع-افتتاح,0,False,True,,False,656.056758,655.86,0.0003,657.01,1,baseline,24196,"""{\""session\"": \""Asia\"", \""pre_high\"": 654.79, \""pre_low\"": 647.39, \""tf\"": \""5min\""}"""
افتتاح-سوق,market_open,market_open,BNBUSDT,صاعد,London-Expansion,1,24582,24582,2024-11-25T08:30:00+00:00,2024-11-25T08:30:00+00:00,0,-0.0037091066313963347,-0.0741821326279267,20.0,وقف-افتتاح,0,False,True,,False,663.829089,663.63,0.0003,662.89,1,baseline,24582,"""{\""session\"": \""London\"", \""pre_high\"": 662.89, \""pre_low\"": 655.22, \""tf\"": \""5min\""}"""
افتتاح-سوق,market_open,market_open,BNBUSDT,صاعد,NewYork-Expansion,1,24946,24948,2024-11-26T14:50:00+00:00,2024-11-26T15:00:00+00:00,2,-0.004268853848134079,-0.08537707696268158,20.0,وقف-افتتاح,0,False,True,,False,620.6061259999999,620.42,0.0003,619.38,1,baseline,24946,"""{\""session\"": \""NewYork\"", \""pre_high\"": 619.38, \""pre_low\"": 607.62, \""tf\"": \""5min\""}"""
افتتاح-سوق,market_open,market_open,BNBUSDT,صاعد,Asia-Expansion,1,25059,25059,2024-11-27T00:15:00+00:00,2024-11-27T00:15:00+00:00,0,-0.004280549845608856,-0.08561099691217712,20.0,وقف-افتتاح,0,False,True,,False,616.294833,616.11,0.0003,615.07,1,baseline,25059,"""{\""session\"": \""Asia\"", \""pre_high\"": 615.07, \""pre_low\"": 611.8, \""tf\"": \""5min\""}"""
افتتاح-سوق,market_open,market_open,BNBUSDT,صاعد,NewYork-Expansion,1,25232,25235,2024-11-27T14:40:00+00:00,2024-11-27T14:55:00+00:00,3,0.002292463181428807,0.045849263628576144,20.0,تتبع-افتتاح,0,True,True,symbol_collision,True,628.48849,628.3,0.0003,631.38,1,baseline,25232,"""{\""session\"": \""NewYork\"", \""pre_high\"": 627.81, \""pre_low\"": 620.84, \""tf\"": \""5min\""}"""
افتتاح-سوق,market_open,market_open,BNBUSDT,صاعد,London-Expansion,1,26311,26312,2024-12-01T08:35:00+00:00,2024-12-01T08:40:00+00:00,1,-0.0025816326630665703,-0.05163265326133141,20.0,تتبع-افتتاح,0,False,True,,False,652.49569,652.3,0.0003,652.31,1,baseline,26311,"""{\""session\"": \""London\"", \""pre_high\"": 651.78, \""pre_low\"": 648.94, \""tf\"": \""5min\""}"""
افتتاح-سوق,market_open,market_open,BNBUSDT,صاعد,NewYork-Expansion,1,26394,26394,2024-12-01T15:30:00+00:00,2024-12-01T15:30:00+00:00,0,-0.0037261951442653716,-0.07452390288530743,20.0,وقف-افتتاح,0,False,True,symbol_collision,True,662.6187259999999,662.42,0.0003,661.67,1,baseline,26394,"""{\""session\"": \""NewYork\"", \""pre_high\"": 661.67, \""pre_low\"": 658.68, \""tf\"": \""5min\""}"""
افتتاح-سوق,market_open,market_open,BNBUSDT,صاعد,Asia-Expansion,1,26505,26505,2024-12-02T00:45:00+00:00,2024-12-02T00:45:00+00:00,0,-0.0035498705483734423,-0.07099741096746884,20.0,وقف-افتتاح,0,False,True,symbol_collision,True,659.587817,659.39,0.0003,658.76,1,baseline,26505,"""{\""session\"": \""Asia\"", \""pre_high\"": 658.76, \""pre_low\"": 654.8, \""tf\"": \""5min\""}"""
افتتاح-سوق,market_open,market_open,BNBUSDT,صاعد,NewYork-Expansion,1,26676,26676,2024-12-02T15:00:00+00:00,2024-12-02T15:00:00+00:00,0,-0.00439891613271279,-0.08797832265425579,20.0,وقف-افتتاح,0,False,True,,False,642.2526179999999,642.06,0.0003,640.9,1,baseline,26676,"""{\""session\"": \""NewYork\"", \""pre_high\"": 640.9, \""pre_low\"": 635.86, \""tf\"": \""5min\""}"""
افتتاح-سوق,market_open,market_open,BNBUSDT,صاعد,Asia-Expansion,1,26788,26788,2024-12-03T00:20:00+00:00,2024-12-03T00:20:00+00:00,0,-0.0031505575917122235,-0.06301115183424447,20.0,وقف-افتتاح,0,False,True,,False,648.754568,648.56,0.0003,648.2,1,baseline,26788,"""{\""session\"": \""Asia\"", \""pre_high\"": 648.2, \""pre_low\"": 641.03, \""tf\"": \""5min\""}"""
افتتاح-سوق,market_open,market_open,BNBUSDT,صاعد,London-Expansion,1,27169,27169,2024-12-04T08:05:00+00:00,2024-12-04T08:05:00+00:00,0,-0.0033655693829111565,-0.06731138765822313,20.0,وقف-افتتاح,0,False,True,symbol_collision,True,765.819677,765.59,0.0003,765.0,1,baseline,27169,"""{\""session\"": \""London\"", \""pre_high\"": 765.0, \""pre_low\"": 753.01, \""tf\"": \""5min\""}"""
افتتاح-سوق,market_open,market_open,BNBUSDT,صاعد,Asia-Expansion,1,27656,27658,2024-12-06T00:40:00+00:00,2024-12-06T00:50:00+00:00,2,0.006329805988582681,0.1265961197716536,20.0,تتبع-افتتاح,0,True,True,,False,722.006537,721.79,0.0003,728.25,1,baseline,27656,"""{\""session\"": \""Asia\"", \""pre_high\"": 720.78, \""pre_low\"": 707.11, \""tf\"": \""5min\""}"""
افتتاح-سوق,market_open,market_open,BNBUSDT,صاعد,NewYork-Expansion,1,27826,27829,2024-12-06T14:50:00+00:00,2024-12-06T15:05:00+00:00,3,-0.0038822008449631014,-0.07764401689926202,20.0,وقف-افتتاح,0,False,True,,False,721.91651,721.7,0.0003,720.77,1,baseline,27826,"""{\""session\"": \""NewYork\"", \""pre_high\"": 720.77, \""pre_low\"": 707.22, \""tf\"": \""5min\""}"""
افتتاح-سوق,market_open,market_open,BNBUSDT,صاعد,Asia-Expansion,1,27943,27945,2024-12-07T00:35:00+00:00,2024-12-07T00:45:00+00:00,2,-0.0036408984387336146,-0.0728179687746723,20.0,وقف-افتتاح,0,False,True,symbol_collision,True,735.870695,735.65,0.0003,734.88,1,baseline,27943,"""{\""session\"": \""Asia\"", \""pre_high\"": 734.88, \""pre_low\"": 726.48, \""tf\"": \""5min\""}"""
افتتاح-سوق,market_open,market_open,BNBUSDT,صاعد,Asia-Expansion,1,28804,28804,2024-12-10T00:20:00+00:00,2024-12-10T00:20:00+00:00,0,-0.0034337433921983545,-0.06867486784396709,20.0,وقف-افتتاح,0,False,True,,False,691.50739,691.3,0.0003,690.72,1,baseline,28804,"""{\""session\"": \""Asia\"", \""pre_high\"": 690.72, \""pre_low\"": 676.95, \""tf\"": \""5min\""}"""
افتتاح-سوق,market_open,market_open,BNBUSDT,صاعد,Asia-Expansion,1,29669,29669,2024-12-13T00:25:00+00:00,2024-12-13T00:25:00+00:00,0,-0.003581082327816923,-0.07162164655633846,20.0,وقف-افتتاح,0,False,True,,False,709.6328259999999,709.42,0.0003,708.72,1,baseline,29669,"""{\""session\"": \""Asia\"", \""pre_high\"": 708.72, \""pre_low\"": 702.14, \""tf\"": \""5min\""}"""
افتتاح-سوق,market_open,market_open,BNBUSDT,صاعد,NewYork-Expansion,1,29841,29841,2024-12-13T14:45:00+00:00,2024-12-13T14:45:00+00:00,0,-0.0031382734398492282,-0.06276546879698457,20.0,وقف-افتتاح,0,False,True,,False,718.7655649999999,718.55,0.0003,718.16,1,baseline,29841,"""{\""session\"": \""NewYork\"", \""pre_high\"": 718.16, \""pre_low\"": 712.5, \""tf\"": \""5min\""}"""
افتتاح-سوق,market_open,market_open,BNBUSDT,صاعد,NewYork-Expansion,1,30135,30135,2024-12-14T15:15:00+00:00,2024-12-14T15:15:00+00:00,0,-0.0035583091577026777,-0.07116618315405356,20.0,وقف-افتتاح,0,False,True,,False,716.064755,715.85,0.0003,715.16,1,baseline,30135,"""{\""session\"": \""NewYork\"", \""pre_high\"": 715.16, \""pre_low\"": 709.72, \""tf\"": \""5min\""}"""
افتتاح-سوق,market_open,market_open,BNBUSDT,صاعد,NewYork-Expansion,1,30416,30417,2024-12-15T14:40:00+00:00,2024-12-15T14:45:00+00:00,1,-0.0031659874718309674,-0.06331974943661935,20.0,وقف-افتتاح,0,False,True,,False,718.8255829999999,718.61,0.0003,718.2,1,baseline,30416,"""{\""session\"": \""NewYork\"", \""pre_high\"": 718.2, \""pre_low\"": 715.76, \""tf\"": \""5min\""}"""
افتتاح-سوق,market_open,market_open,BNBUSDT,صاعد,Asia-Expansion,1,30538,30538,2024-12-16T00:50:00+00:00,2024-12-16T00:50:00+00:00,0,-0.003587720979125808,-0.07175441958251616,20.0,وقف-افتتاح,0,False,True,symbol_collision,True,725.01744,724.8,0.0003,724.08,1,baseline,30538,"""{\""session\"": \""Asia\"", \""pre_high\"": 724.08, \""pre_low\"": 714.1, \""tf\"": \""5min\""}"""
افتتاح-سوق,market_open,market_open,BNBUSDT,صاعد,Asia-Expansion,1,31399,31399,2024-12-19T00:35:00+00:00,2024-12-19T00:35:00+00:00,0,-0.0038870022197606824,-0.07774004439521365,20.0,وقف-افتتاح,0,False,True,,False,696.0287460000001,695.82,0.0003,694.92,1,baseline,31399,"""{\""session\"": \""Asia\"", \""pre_high\"": 694.92, \""pre_low\"": 686.08, \""tf\"": \""5min\""}"""
افتتاح-سوق,market_open,market_open,BNBUSDT,صاعد,Asia-Expansion,1,31976,31976,2024-12-21T00:40:00+00:00,2024-12-21T00:40:00+00:00,0,-0.0038275073379085396,-0.07655014675817079,20.0,وقف-افتتاح,0,False,True,,False,681.034249,680.83,0.0003,679.99,1,baseline,31976,"""{\""session\"": \""Asia\"", \""pre_high\"": 679.99, \""pre_low\"": 676.7, \""tf\"": \""5min\""}"""
افتتاح-سوق,market_open,market_open,BNBUSDT,صاعد,Asia-Expansion,1,32258,32258,2024-12-22T00:10:00+00:00,2024-12-22T00:10:00+00:00,0,-0.003122544054693219,-0.062450881093864374,20.0,وقف-افتتاح,0,False,True,,False,664.349245,664.15,0.0003,663.8,1,baseline,32258,"""{\""session\"": \""Asia\"", \""pre_high\"": 663.8, \""pre_low\"": 656.6, \""tf\"": \""5min\""}"""
افتتاح-سوق,market_open,market_open,BNBUSDT,صاعد,London-Expansion,1,32356,32360,2024-12-22T08:20:00+00:00,2024-12-22T08:40:00+00:00,4,-0.003635195085707441,-0.07270390171414882,20.0,وقف-افتتاح,0,False,True,,False,663.038852,662.84,0.0003,662.15,1,baseline,32356,"""{\""session\"": \""London\"", \""pre_high\"": 662.15, \""pre_low\"": 656.32, \""tf\"": \""5min\""}"""
افتتاح-سوق,market_open,market_open,BNBUSDT,صاعد,London-Expansion,1,32642,32644,2024-12-23T08:10:00+00:00,2024-12-23T08:20:00+00:00,2,-0.003182491571823493,-0.06364983143646986,20.0,وقف-افتتاح,0,False,True,,False,664.489287,664.29,0.0003,663.9,1,baseline,32642,"""{\""session\"": \""London\"", \""pre_high\"": 663.9, \""pre_low\"": 658.1, \""tf\"": \""5min\""}"""
افتتاح-سوق,market_open,market_open,BNBUSDT,صاعد,Asia-Expansion,1,33129,33129,2024-12-25T00:45:00+00:00,2024-12-25T00:45:00+00:00,0,-0.00331033237956744,-0.0662066475913488,20.0,وقف-افتتاح,0,False,True,symbol_collision,True,699.2497119999999,699.04,0.0003,698.54,1,baseline,33129,"""{\""session\"": \""Asia\"", \""pre_high\"": 698.54, \""pre_low\"": 695.37, \""tf\"": \""5min\""}"""
افتتاح-سوق,market_open,market_open,BNBUSDT,صاعد,Asia-Expansion,1,33409,33412,2024-12-26T00:05:00+00:00,2024-12-26T00:20:00+00:00,3,-0.004041408721679905,-0.0808281744335981,20.0,وقف-افتتاح,0,False,True,,False,704.5112899999999,704.3,0.0003,703.28,1,baseline,33409,"""{\""session\"": \""Asia\"", \""pre_high\"": 703.28, \""pre_low\"": 700.96, \""tf\"": \""5min\""}"""
افتتاح-سوق,market_open,market_open,BNBUSDT,صاعد,London-Expansion,1,34088,34095,2024-12-28T08:40:00+00:00,2024-12-28T09:15:00+00:00,7,-0.001968871595309457,-0.03937743190618914,20.0,تتبع-افتتاح,0,False,True,symbol_collision,True,698.969628,698.76,0.0003,699.2,1,baseline,34088,"""{\""session\"": \""London\"", \""pre_high\"": 697.97, \""pre_low\"": 695.01, \""tf\"": \""5min\""}"""
افتتاح-سوق,market_open,market_open,BNBUSDT,صاعد,London-Expansion,1,34373,34374,2024-12-29T08:25:00+00:00,2024-12-29T08:30:00+00:00,1,-0.003278656133207705,-0.0655731226641541,20.0,وقف-افتتاح,0,False,True,,False,717.105067,716.89,0.0003,716.4,1,baseline,34373,"""{\""session\"": \""London\"", \""pre_high\"": 716.4, \""pre_low\"": 712.18, \""tf\"": \""5min\""}"""
افتتاح-سوق,market_open,market_open,BNBUSDT,صاعد,Asia-Expansion,1,34849,34852,2024-12-31T00:05:00+00:00,2024-12-31T00:20:00+00:00,3,-0.003218296567731826,-0.06436593135463652,20.0,وقف-افتتاح,0,False,True,symbol_collision,True,706.4818809999999,706.27,0.0003,705.83,1,baseline,34849,"""{\""session\"": \""Asia\"", \""pre_high\"": 705.83, \""pre_low\"": 699.88, \""tf\"": \""5min\""}"""
افتتاح-سوق,market_open,market_open,BNBUSDT,صاعد,London-Expansion,1,34948,34948,2024-12-31T08:20:00+00:00,2024-12-31T08:20:00+00:00,0,-0.002596923220735855,-0.0519384644147171,20.0,تتبع-افتتاح,0,False,True,symbol_collision,True,703.320933,703.11,0.0003,703.11,1,baseline,34948,"""{\""session\"": \""London\"", \""pre_high\"": 702.61, \""pre_low\"": 699.1, \""tf\"": \""5min\""}"""
شبكة-ديناميكية,dynamic_grid,dynamic_grid,BNBUSDT,عرضي,,0,5385,8069,2024-09-04T17:45:00+00:00,2024-09-06T14:29:00+00:00,2684,-0.03806184162698008,-38.061841626980076,1000.0,نهاية-الحالة,10,False,True,"symbol_collision,symbol_exposure",True,,,,,1,baseline,0,"""{\""resets\"": 0, \""capital\"": 1000.0}"""
دوناتشيان,donchian,donchian,BNBUSDT,عرضي,Donchian-96/48,1,2072,3701,2024-09-02T10:32:00+00:00,2024-09-03T13:41:00+00:00,1629,0.004745222663382044,4.7452226633820445,1000.0,كسر-سفلي,0,True,True,,False,525.4725,525.0,0.0009,529.5,1,baseline,0,"""{\""system\"": \""Donchian-96/48\"", \""channel_tf\"": \""15m\"", \""capital\"": 1000.0}"""
دوناتشيان,donchian,donchian,BNBUSDT,عرضي,Donchian-96/48,1,10515,11003,2024-09-08T07:15:00+00:00,2024-09-08T15:23:00+00:00,488,-0.012972643041348481,-12.972643041348482,1000.0,كسر-سفلي,0,False,True,symbol_collision,True,499.74988,499.6,0.0003,494.7,1,baseline,0,"""{\""system\"": \""Donchian-96/48\"", \""channel_tf\"": \""15m\"", \""capital\"": 1000.0}"""
دوناتشيان,donchian,donchian,BNBUSDT,عرضي,Donchian-96/48,1,11428,13920,2024-09-08T22:28:00+00:00,2024-09-10T16:00:00+00:00,2492,0.012558711933107826,12.558711933107826,1000.0,كسر-سفلي,0,True,True,,False,506.65557999999993,506.2,0.0009,514.2,1,baseline,0,"""{\""system\"": \""Donchian-96/48\"", \""channel_tf\"": \""15m\"", \""capital\"": 1000.0}"""
دوناتشيان,donchian,donchian,BNBUSDT,عرضي,Donchian-96/48,1,15433,16764,2024-09-11T17:13:00+00:00,2024-09-12T15:24:00+00:00,1331,0.02580940028466524,25.809400284665237,1000.0,كسر-سفلي,0,True,True,,False,524.65735,524.5,0.0003,539.6,1,baseline,0,"""{\""system\"": \""Donchian-96/48\"", \""channel_tf\"": \""15m\"", \""capital\"": 1000.0}"""
دوناتشيان,donchian,donchian,BNBUSDT,عرضي,Donchian-96/48,1,17964,19119,2024-09-13T11:24:00+00:00,2024-09-14T06:39:00+00:00,1155,0.0017074935697360073,1.7074935697360074,1000.0,كسر-سفلي,0,True,True,,False,549.4940999999999,549.0,0.0009,551.7,1,baseline,0,"""{\""system\"": \""Donchian-96/48\"", \""channel_tf\"": \""15m\"", \""capital\"": 1000.0}"""
دوناتشيان,donchian,donchian,BNBUSDT,عرضي,Donchian-96/48,1,20902,21575,2024-09-15T12:22:00+00:00,2024-09-15T23:35:00+00:00,673,-0.009761206898547762,-9.761206898547762,1000.0,كسر-سفلي,0,False,True,,False,556.93396,556.6,0.0006,553.1,1,baseline,0,"""{\""system\"": \""Donchian-96/48\"", \""channel_tf\"": \""15m\"", \""capital\"": 1000.0}"""
دوناتشيان,donchian,donchian,BNBUSDT,عرضي,Donchian-96/48,1,23896,25036,2024-09-17T14:16:00+00:00,2024-09-18T09:16:00+00:00,1140,-0.013210224198157362,-13.210224198157361,1000.0,كسر-سفلي,0,False,True,,False,547.89266,547.4,0.0009,541.9,1,baseline,0,"""{\""system\"": \""Donchian-96/48\"", \""channel_tf\"": \""15m\"", \""capital\"": 1000.0}"""
دوناتشيان,donchian,donchian,BNBUSDT,عرضي,Donchian-96/48,1,25869,28451,2024-09-18T23:09:00+00:00,2024-09-20T18:11:00+00:00,2582,0.013143298181144788,13.143298181144788,1000.0,كسر-سفلي,0,True,True,,False,555.69968,555.2,0.0009,564.3,1,baseline,0,"""{\""system\"": \""Donchian-96/48\"", \""channel_tf\"": \""15m\"", \""capital\"": 1000.0}"""
دوناتشيان,donchian,donchian,BNBUSDT,عرضي,Donchian-96/48,1,29191,30407,2024-09-21T06:31:00+00:00,2024-09-22T02:47:00+00:00,1216,0.006095727939320767,6.095727939320766,1000.0,كسر-سفلي,0,True,True,,False,576.77298,576.6,0.0003,581.8,1,baseline,0,"""{\""system\"": \""Donchian-96/48\"", \""channel_tf\"": \""15m\"", \""capital\"": 1000.0}"""
دوناتشيان,donchian,donchian,BNBUSDT,عرضي,Donchian-96/48,1,31457,31566,2024-09-22T20:17:00+00:00,2024-09-22T22:06:00+00:00,109,-0.027894095028649292,-27.894095028649293,1000.0,كسر-سفلي,0,False,True,,False,591.63199,591.1,0.0009,576.8,1,baseline,0,"""{\""system\"": \""Donchian-96/48\"", \""channel_tf\"": \""15m\"", \""capital\"": 1000.0}"""
دوناتشيان,donchian,donchian,BNBUSDT,عرضي,Donchian-96/48,1,32635,33998,2024-09-23T15:55:00+00:00,2024-09-24T14:38:00+00:00,1363,-0.00419195210178479,-4.19195210178479,1000.0,كسر-سفلي,0,False,True,,False,600.78018,600.6,0.0003,600.0,1,baseline,0,"""{\""system\"": \""Donchian-96/48\"", \""channel_tf\"": \""15m\"", \""capital\"": 1000.0}"""
دوناتشيان,donchian,donchian,BNBUSDT,عرضي,Donchian-96/48,1,34466,34867,2024-09-24T22:26:00+00:00,2024-09-25T05:07:00+00:00,401,-0.020091838710535558,-20.09183871053556,1000.0,كسر-سفلي,0,False,True,,False,612.95116,612.4,0.0009,602.2,1,baseline,0,"""{\""system\"": \""Donchian-96/48\"", \""channel_tf\"": \""15m\"", \""capital\"": 1000.0}"""
دوناتشيان,donchian,donchian,BNBUSDT,عرضي,Donchian-96/48,1,36932,37229,2024-09-26T15:32:00+00:00,2024-09-26T20:29:00+00:00,297,-0.014581739897656433,-14.581739897656433,1000.0,كسر-سفلي,0,False,True,,False,599.37976,599.2,0.0003,592.0,1,baseline,0,"""{\""system\"": \""Donchian-96/48\"", \""channel_tf\"": \""15m\"", \""capital\"": 1000.0}"""
دوناتشيان,donchian,donchian,BNBUSDT,عرضي,Donchian-96/48,1,38162,39249,2024-09-27T12:02:00+00:00,2024-09-28T06:09:00+00:00,1087,-0.012356140104589351,-12.35614010458935,1000.0,كسر-سفلي,0,False,True,,False,609.58282,609.4,0.0003,603.8,1,baseline,0,"""{\""system\"": \""Donchian-96/48\"", \""channel_tf\"": \""15m\"", \""capital\"": 1000.0}"""
دوناتشيان,donchian,donchian,BNBUSDT,عرضي,Donchian-96/48,1,47992,50146,2024-10-04T07:52:00+00:00,2024-10-05T19:46:00+00:00,2154,0.014977663236591846,14.977663236591846,1000.0,كسر-سفلي,0,True,True,,False,550.6651499999999,550.5,0.0003,560.2,1,baseline,0,"""{\""system\"": \""Donchian-96/48\"", \""channel_tf\"": \""15m\"", \""capital\"": 1000.0}"""
دوناتشيان,donchian,donchian,BNBUSDT,عرضي,Donchian-96/48,1,50487,52509,2024-10-06T01:27:00+00:00,2024-10-07T11:09:00+00:00,2022,-0.0002525287822823714,-0.2525287822823714,1000.0,كسر-سفلي,0,False,True,,False,566.1394799999999,565.8,0.0006,567.3,1,baseline,0,"""{\""system\"": \""Donchian-96/48\"", \""channel_tf\"": \""15m\"", \""capital\"": 1000.0}"""
دوناتشيان,donchian,donchian,BNBUSDT,عرضي,Donchian-96/48,1,52693,53221,2024-10-07T14:13:00+00:00,2024-10-07T23:01:00+00:00,528,-0.024877013034801585,-24.877013034801585,1000.0,كسر-سفلي,0,False,True,,False,578.2467399999999,577.9,0.0006,565.5,1,baseline,0,"""{\""system\"": \""Donchian-96/48\"", \""channel_tf\"": \""15m\"", \""capital\"": 1000.0}"""
دوناتشيان,donchian,donchian,BNBUSDT,عرضي,Donchian-96/48,1,54183,55814,2024-10-08T15:03:00+00:00,2024-10-09T18:14:00+00:00,1631,-0.009773109267398848,-9.773109267398848,1000.0,كسر-سفلي,0,False,True,,False,580.174,580.0,0.0003,576.0,1,baseline,0,"""{\""system\"": \""Donchian-96/48\"", \""channel_tf\"": \""15m\"", \""capital\"": 1000.0}"""
دوناتشيان,donchian,donchian,BNBUSDT,عرضي,Donchian-96/48,1,58447,60559,2024-10-11T14:07:00+00:00,2024-10-13T01:19:00+00:00,2112,0.004669220406498461,4.669220406498461,1000.0,كسر-سفلي,0,True,True,,False,570.4710899999999,570.3,0.0003,574.8,1,baseline,0,"""{\""system\"": \""Donchian-96/48\"", \""channel_tf\"": \""15m\"", \""capital\"": 1000.0}"""
دوناتشيان,donchian,donchian,BNBUSDT,عرضي,Donchian-96/48,1,62137,63573,2024-10-14T03:37:00+00:00,2024-10-15T03:33:00+00:00,1436,0.013436665039543176,13.436665039543177,1000.0,كسر-سفلي,0,True,True,,False,577.3191199999999,576.8,0.0009,586.6,1,baseline,0,"""{\""system\"": \""Donchian-96/48\"", \""channel_tf\"": \""15m\"", \""capital\"": 1000.0}"""
دوناتشيان,donchian,donchian,BNBUSDT,عرضي,Donchian-96/48,1,64130,64267,2024-10-15T12:50:00+00:00,2024-10-15T15:07:00+00:00,137,-0.025198048877634046,-25.198048877634047,1000.0,كسر-سفلي,0,False,True,,False,593.67805,593.5,0.0003,580.4,1,baseline,0,"""{\""system\"": \""Donchian-96/48\"", \""channel_tf\"": \""15m\"", \""capital\"": 1000.0}"""
دوناتشيان,donchian,donchian,BNBUSDT,عرضي,Donchian-96/48,1,65492,66660,2024-10-16T11:32:00+00:00,2024-10-17T07:00:00+00:00,1168,-0.005554022793595483,-5.554022793595483,1000.0,كسر-سفلي,0,False,True,,False,600.56012,600.2,0.0006,598.6,1,baseline,0,"""{\""system\"": \""Donchian-96/48\"", \""channel_tf\"": \""15m\"", \""capital\"": 1000.0}"""
دوناتشيان,donchian,donchian,BNBUSDT,عرضي,Donchian-96/48,1,68571,69406,2024-10-18T14:51:00+00:00,2024-10-19T04:46:00+00:00,835,-0.005391220062417174,-5.391220062417174,1000.0,كسر-سفلي,0,False,True,,False,599.75964,599.4,0.0006,597.9,1,baseline,0,"""{\""system\"": \""Donchian-96/48\"", \""channel_tf\"": \""15m\"", \""capital\"": 1000.0}"""
دوناتشيان,donchian,donchian,BNBUSDT,عرضي,Donchian-96/48,1,71404,72816,2024-10-20T14:04:00+00:00,2024-10-21T13:36:00+00:00,1412,-0.0021643365640972973,-2.1643365640972974,1000.0,كسر-سفلي,0,False,True,,False,599.45946,599.1,0.0006,599.9,1,baseline,0,"""{\""system\"": \""Donchian-96/48\"", \""channel_tf\"": \""15m\"", \""capital\"": 1000.0}"""
دوناتشيان,donchian,donchian,BNBUSDT,عرضي,Donchian-96/48,1,76615,78176,2024-10-24T04:55:00+00:00,2024-10-25T06:56:00+00:00,1561,-0.0060945088131373676,-6.0945088131373675,1000.0,كسر-سفلي,0,False,True,,False,592.6553799999999,592.3,0.0006,590.4,1,baseline,0,"""{\""system\"": \""Donchian-96/48\"", \""channel_tf\"": \""15m\"", \""capital\"": 1000.0}"""
دوناتشيان,donchian,donchian,BNBUSDT,عرضي,Donchian-96/48,1,81446,84724,2024-10-27T13:26:00+00:00,2024-10-29T20:04:00+00:00,3278,0.02345227200250866,23.45227200250866,1000.0,كسر-سفلي,0,True,True,,False,587.8285699999999,587.3,0.0009,603.0,1,baseline,0,"""{\""system\"": \""Donchian-96/48\"", \""channel_tf\"": \""15m\"", \""capital\"": 1000.0}"""
دوناتشيان,donchian,donchian,BNBUSDT,عرضي,Donchian-96/48,1,88688,88782,2024-11-01T14:08:00+00:00,2024-11-01T15:42:00+00:00,94,-0.025683640483039744,-25.683640483039746,1000.0,كسر-سفلي,0,False,True,,False,585.45106,585.1,0.0006,571.9,1,baseline,0,"""{\""system\"": \""Donchian-96/48\"", \""channel_tf\"": \""15m\"", \""capital\"": 1000.0}"""
دوناتشيان,donchian,donchian,BNBUSDT,عرضي,Donchian-96/48,1,94463,97299,2024-11-05T14:23:00+00:00,2024-11-07T13:39:00+00:00,2836,0.04844134115596182,48.441341155961815,1000.0,كسر-سفلي,0,True,True,,False,562.008552,561.84,0.0003,590.59,1,baseline,0,"""{\""system\"": \""Donchian-96/48\"", \""channel_tf\"": \""15m\"", \""capital\"": 1000.0}"""
دوناتشيان,donchian,donchian,BNBUSDT,عرضي,Donchian-96/48,1,99405,100209,2024-11-09T00:45:00+00:00,2024-11-09T14:09:00+00:00,804,0.021152804022739637,21.152804022739637,1000.0,كسر-سفلي,0,True,True,,False,606.4653279999999,605.92,0.0009,620.72,1,baseline,0,"""{\""system\"": \""Donchian-96/48\"", \""channel_tf\"": \""15m\"", \""capital\"": 1000.0}"""
دوناتشيان,donchian,donchian,BNBUSDT,عرضي,Donchian-96/48,1,101359,101985,2024-11-10T09:19:00+00:00,2024-11-10T19:45:00+00:00,626,-0.012986375124310504,-12.986375124310504,1000.0,كسر-سفلي,0,False,True,,False,635.720659,635.53,0.0003,628.91,1,baseline,0,"""{\""system\"": \""Donchian-96/48\"", \""channel_tf\"": \""15m\"", \""capital\"": 1000.0}"""
دوناتشيان,donchian,donchian,BNBUSDT,عرضي,Donchian-96/48,1,103479,104288,2024-11-11T20:39:00+00:00,2024-11-12T10:08:00+00:00,809,-0.026624033065556246,-26.624033065556247,1000.0,كسر-سفلي,0,False,True,,False,641.812486,641.62,0.0003,626.54,1,baseline,0,"""{\""system\"": \""Donchian-96/48\"", \""channel_tf\"": \""15m\"", \""capital\"": 1000.0}"""
دوناتشيان,donchian,donchian,BNBUSDT,عرضي,Donchian-96/48,1,106016,107973,2024-11-13T14:56:00+00:00,2024-11-14T23:33:00+00:00,1957,-0.029973044259279217,-29.973044259279217,1000.0,كسر-سفلي,0,False,True,,False,635.270524,635.08,0.0003,618.02,1,baseline,0,"""{\""system\"": \""Donchian-96/48\"", \""channel_tf\"": \""15m\"", \""capital\"": 1000.0}"""
دوناتشيان,donchian,donchian,BNBUSDT,عرضي,Donchian-96/48,1,109817,110380,2024-11-16T06:17:00+00:00,2024-11-16T15:40:00+00:00,563,-0.01275672071396375,-12.75672071396375,1000.0,كسر-سفلي,0,False,True,,False,627.158091,626.97,0.0003,620.77,1,baseline,0,"""{\""system\"": \""Donchian-96/48\"", \""channel_tf\"": \""15m\"", \""capital\"": 1000.0}"""
دوناتشيان,donchian,donchian,BNBUSDT,عرضي,Donchian-96/48,1,111303,111915,2024-11-17T07:03:00+00:00,2024-11-17T17:15:00+00:00,612,-0.026411851346930096,-26.411851346930096,1000.0,كسر-سفلي,0,False,True,,False,635.950728,635.76,0.0003,620.58,1,baseline,0,"""{\""system\"": \""Donchian-96/48\"", \""channel_tf\"": \""15m\"", \""capital\"": 1000.0}"""
دوناتشيان,donchian,donchian,BNBUSDT,عرضي,Donchian-96/48,1,116048,116191,2024-11-20T14:08:00+00:00,2024-11-20T16:31:00+00:00,143,-0.021338168388475555,-21.338168388475555,1000.0,كسر-سفلي,0,False,True,,False,619.805886,619.62,0.0003,608.16,1,baseline,0,"""{\""system\"": \""Donchian-96/48\"", \""channel_tf\"": \""15m\"", \""capital\"": 1000.0}"""
دوناتشيان,donchian,donchian,BNBUSDT,عرضي,Donchian-96/48,1,117391,118743,2024-11-21T12:31:00+00:00,2024-11-22T11:03:00+00:00,1352,-0.002767542265281275,-2.767542265281275,1000.0,كسر-سفلي,0,False,True,,False,621.5126839999999,621.14,0.0006,621.22,1,baseline,0,"""{\""system\"": \""Donchian-96/48\"", \""channel_tf\"": \""15m\"", \""capital\"": 1000.0}"""
دوناتشيان,donchian,donchian,BNBUSDT,عرضي,Donchian-96/48,1,119593,120731,2024-11-23T01:13:00+00:00,2024-11-23T20:11:00+00:00,1138,0.010771383922812286,10.771383922812285,1000.0,كسر-سفلي,0,True,True,,False,639.7352439999999,639.16,0.0009,648.31,1,baseline,0,"""{\""system\"": \""Donchian-96/48\"", \""channel_tf\"": \""15m\"", \""capital\"": 1000.0}"""
دوناتشيان,donchian,donchian,BNBUSDT,عرضي,Donchian-96/48,1,121452,121715,2024-11-24T08:12:00+00:00,2024-11-24T12:35:00+00:00,263,-0.05291438139247081,-52.91438139247081,1000.0,كسر-سفلي,0,False,True,,False,681.5787019999999,681.17,0.0006,647.0,1,baseline,0,"""{\""system\"": \""Donchian-96/48\"", \""channel_tf\"": \""15m\"", \""capital\"": 1000.0}"""
دوناتشيان,donchian,donchian,BNBUSDT,عرضي,Donchian-96/48,1,125926,127674,2024-11-27T10:46:00+00:00,2024-11-28T15:54:00+00:00,1748,0.02630938420514836,26.30938420514836,1000.0,كسر-سفلي,0,True,True,,False,626.8658939999999,626.49,0.0006,644.84,1,baseline,0,"""{\""system\"": \""Donchian-96/48\"", \""channel_tf\"": \""15m\"", \""capital\"": 1000.0}"""
دوناتشيان,donchian,donchian,BNBUSDT,عرضي,Donchian-96/48,1,130029,131084,2024-11-30T07:09:00+00:00,2024-12-01T00:44:00+00:00,1055,-0.018038539770567234,-18.038539770567233,1000.0,كسر-سفلي,0,False,True,,False,662.3886570000001,662.19,0.0003,652.33,1,baseline,0,"""{\""system\"": \""Donchian-96/48\"", \""channel_tf\"": \""15m\"", \""capital\"": 1000.0}"""
دوناتشيان,donchian,donchian,BNBUSDT,عرضي,Donchian-96/48,1,131967,132718,2024-12-01T15:27:00+00:00,2024-12-02T03:58:00+00:00,751,-0.018768989590103403,-18.768989590103402,1000.0,كسر-سفلي,0,False,True,,False,662.318636,662.12,0.0003,651.58,1,baseline,0,"""{\""system\"": \""Donchian-96/48\"", \""channel_tf\"": \""15m\"", \""capital\"": 1000.0}"""
دوناتشيان,donchian,donchian,BNBUSDT,عرضي,Donchian-96/48,1,134279,134735,2024-12-03T05:59:00+00:00,2024-12-03T13:35:00+00:00,456,-0.023234423367416067,-23.234423367416067,1000.0,كسر-سفلي,0,False,True,,False,655.546605,655.35,0.0003,641.79,1,baseline,0,"""{\""system\"": \""Donchian-96/48\"", \""channel_tf\"": \""15m\"", \""capital\"": 1000.0}"""
دوناتشيان,donchian,donchian,BNBUSDT,عرضي,Donchian-96/48,1,135006,136338,2024-12-03T18:06:00+00:00,2024-12-04T16:18:00+00:00,1332,0.1246654787878654,124.6654787878654,1000.0,كسر-سفلي,0,True,True,,False,663.438972,663.24,0.0003,748.09,1,baseline,0,"""{\""system\"": \""Donchian-96/48\"", \""channel_tf\"": \""15m\"", \""capital\"": 1000.0}"""
دوناتشيان,donchian,donchian,BNBUSDT,عرضي,Donchian-96/48,1,139205,141432,2024-12-06T16:05:00+00:00,2024-12-08T05:12:00+00:00,2227,0.010324174461769713,10.324174461769713,1000.0,كسر-سفلي,0,True,True,,False,737.7423799999999,737.3,0.0006,747.3,1,baseline,0,"""{\""system\"": \""Donchian-96/48\"", \""channel_tf\"": \""15m\"", \""capital\"": 1000.0}"""
دوناتشيان,donchian,donchian,BNBUSDT,عرضي,Donchian-96/48,1,146253,148060,2024-12-11T13:33:00+00:00,2024-12-12T19:40:00+00:00,1807,0.01281245648066176,12.81245648066176,1000.0,كسر-سفلي,0,True,True,,False,695.206874,694.79,0.0006,706.16,1,baseline,0,"""{\""system\"": \""Donchian-96/48\"", \""channel_tf\"": \""15m\"", \""capital\"": 1000.0}"""
دوناتشيان,donchian,donchian,BNBUSDT,عرضي,Donchian-96/48,1,149487,150340,2024-12-13T19:27:00+00:00,2024-12-14T09:40:00+00:00,853,-0.002196725517119173,-2.196725517119173,1000.0,كسر-سفلي,0,False,True,,False,722.976828,722.76,0.0003,723.05,1,baseline,0,"""{\""system\"": \""Donchian-96/48\"", \""channel_tf\"": \""15m\"", \""capital\"": 1000.0}"""
دوناتشيان,donchian,donchian,BNBUSDT,عرضي,Donchian-96/48,1,152081,152497,2024-12-15T14:41:00+00:00,2024-12-15T21:37:00+00:00,416,-0.016261250945513832,-16.261250945513833,1000.0,كسر-سفلي,0,False,True,symbol_collision,True,718.91561,718.7,0.0003,709.28,1,baseline,0,"""{\""system\"": \""Donchian-96/48\"", \""channel_tf\"": \""15m\"", \""capital\"": 1000.0}"""
دوناتشيان,donchian,donchian,BNBUSDT,عرضي,Donchian-96/48,1,152602,153354,2024-12-15T23:22:00+00:00,2024-12-16T11:54:00+00:00,752,-0.024671844004342195,-24.671844004342194,1000.0,كسر-سفلي,0,False,True,,False,721.2424859999999,720.81,0.0006,705.28,1,baseline,0,"""{\""system\"": \""Donchian-96/48\"", \""channel_tf\"": \""15m\"", \""capital\"": 1000.0}"""
دوناتشيان,donchian,donchian,BNBUSDT,عرضي,Donchian-96/48,1,153706,155468,2024-12-16T17:46:00+00:00,2024-12-17T23:08:00+00:00,1762,-0.015616862762099153,-15.616862762099153,1000.0,كسر-سفلي,0,False,True,,False,726.077758,725.86,0.0003,716.6,1,baseline,0,"""{\""system\"": \""Donchian-96/48\"", \""channel_tf\"": \""15m\"", \""capital\"": 1000.0}"""
دوناتشيان,donchian,donchian,BNBUSDT,صاعد,Donchian-96/48,1,159880,160528,2024-12-21T00:40:00+00:00,2024-12-21T11:28:00+00:00,648,-0.010248529585111443,-10.248529585111443,1000.0,كسر-سفلي,0,False,True,,False,681.034249,680.83,0.0003,675.81,1,baseline,0,"""{\""system\"": \""Donchian-96/48\"", \""channel_tf\"": \""15m\"", \""capital\"": 1000.0}"""
دوناتشيان,donchian,donchian,BNBUSDT,عرضي,Donchian-96/48,1,163256,164898,2024-12-23T08:56:00+00:00,2024-12-24T12:18:00+00:00,1642,0.01699532170860964,16.99532170860964,1000.0,كسر-سفلي,0,True,True,,False,670.150985,669.95,0.0003,683.11,1,baseline,0,"""{\""system\"": \""Donchian-96/48\"", \""channel_tf\"": \""15m\"", \""capital\"": 1000.0}"""
دوناتشيان,donchian,donchian,BNBUSDT,عرضي,Donchian-96/48,1,165257,166580,2024-12-24T18:17:00+00:00,2024-12-25T16:20:00+00:00,1323,-7.163542388670171e-05,-0.07163542388670172,1000.0,كسر-سفلي,0,False,True,,False,699.089664,698.88,0.0003,700.86,1,baseline,0,"""{\""system\"": \""Donchian-96/48\"", \""channel_tf\"": \""15m\"", \""capital\"": 1000.0}"""
دوناتشيان,donchian,donchian,BNBUSDT,عرضي,Donchian-96/48,1,167453,167539,2024-12-26T06:53:00+00:00,2024-12-26T08:19:00+00:00,86,-0.03041515712317559,-30.41515712317559,1000.0,كسر-سفلي,0,False,True,,False,715.012933,714.37,0.0009,695.28,1,baseline,0,"""{\""system\"": \""Donchian-96/48\"", \""channel_tf\"": \""15m\"", \""capital\"": 1000.0}"""
دوناتشيان,donchian,donchian,BNBUSDT,عرضي,Donchian-96/48,1,169024,169424,2024-12-27T09:04:00+00:00,2024-12-27T15:44:00+00:00,400,-0.024017087184725918,-24.017087184725916,1000.0,كسر-سفلي,0,False,True,,False,701.2803210000001,701.07,0.0003,686.22,1,baseline,0,"""{\""system\"": \""Donchian-96/48\"", \""channel_tf\"": \""15m\"", \""capital\"": 1000.0}"""
دوناتشيان,donchian,donchian,BNBUSDT,عرضي,Donchian-96/48,1,170672,171701,2024-12-28T12:32:00+00:00,2024-12-29T05:41:00+00:00,1029,0.0043584157824963,4.358415782496301,1000.0,كسر-سفلي,0,True,True,,False,708.284716,707.86,0.0006,713.01,1,baseline,0,"""{\""system\"": \""Donchian-96/48\"", \""channel_tf\"": \""15m\"", \""capital\"": 1000.0}"""
دوناتشيان,donchian,donchian,BNBUSDT,عرضي,Donchian-96/48,1,173873,175584,2024-12-30T17:53:00+00:00,2024-12-31T22:24:00+00:00,1711,-0.010065915871061969,-10.06591587106197,1000.0,كسر-سفلي,0,False,True,,False,705.4930420000001,705.07,0.0006,700.0,1,baseline,0,"""{\""system\"": \""Donchian-96/48\"", \""channel_tf\"": \""15m\"", \""capital\"": 1000.0}"""
دوناتشيان,donchian,donchian,BNBUSDT,عرضي,Donchian-288/96,1,12502,14712,2024-09-09T16:22:00+00:00,2024-09-11T05:12:00+00:00,2210,-0.008649301224560658,-8.649301224560658,1000.0,كسر-سفلي,0,False,True,symbol_exposure,True,512.16053,511.7,0.0009,508.9,1,baseline,0,"""{\""system\"": \""Donchian-288/96\"", \""channel_tf\"": \""15m\"", \""capital\"": 1000.0}"""
دوناتشيان,donchian,donchian,BNBUSDT,عرضي,Donchian-288/96,1,15436,19808,2024-09-11T17:16:00+00:00,2024-09-14T18:08:00+00:00,4372,0.03923716338281593,39.23716338281593,1000.0,كسر-سفلي,0,True,True,symbol_exposure,True,526.3578600000001,526.2,0.0003,548.6,1,baseline,0,"""{\""system\"": \""Donchian-288/96\"", \""channel_tf\"": \""15m\"", \""capital\"": 1000.0}"""
دوناتشيان,donchian,donchian,BNBUSDT,عرضي,Donchian-288/96,1,20946,21714,2024-09-15T13:06:00+00:00,2024-09-16T01:54:00+00:00,768,-0.029223446259181426,-29.223446259181426,1000.0,كسر-سفلي,0,False,True,symbol_exposure,True,560.70418,560.2,0.0009,545.9,1,baseline,0,"""{\""system\"": \""Donchian-288/96\"", \""channel_tf\"": \""15m\"", \""capital\"": 1000.0}"""
دوناتشيان,donchian,donchian,BNBUSDT,عرضي,Donchian-288/96,1,25891,31056,2024-09-18T23:31:00+00:00,2024-09-22T13:36:00+00:00,5165,0.03390819025861769,33.90819025861769,1000.0,كسر-سفلي,0,True,True,symbol_exposure,True,559.13528,558.8,0.0006,579.6,1,baseline,0,"""{\""system\"": \""Donchian-288/96\"", \""channel_tf\"": \""15m\"", \""capital\"": 1000.0}"""
دوناتشيان,donchian,donchian,BNBUSDT,عرضي,Donchian-288/96,1,31457,31566,2024-09-22T20:17:00+00:00,2024-09-22T22:06:00+00:00,109,-0.027894095028649292,-27.894095028649293,1000.0,كسر-سفلي,0,False,True,symbol_exposure,True,591.63199,591.1,0.0009,576.8,1,baseline,0,"""{\""system\"": \""Donchian-288/96\"", \""channel_tf\"": \""15m\"", \""capital\"": 1000.0}"""
دوناتشيان,donchian,donchian,BNBUSDT,عرضي,Donchian-288/96,1,32635,34946,2024-09-23T15:55:00+00:00,2024-09-25T06:26:00+00:00,2311,-0.006880963073325868,-6.880963073325868,1000.0,كسر-سفلي,0,False,True,symbol_exposure,True,600.78018,600.6,0.0003,598.2,1,baseline,0,"""{\""system\"": \""Donchian-288/96\"", \""channel_tf\"": \""15m\"", \""capital\"": 1000.0}"""
دوناتشيان,donchian,donchian,BNBUSDT,عرضي,Donchian-288/96,1,38188,39252,2024-09-27T12:28:00+00:00,2024-09-28T06:12:00+00:00,1064,-0.023107561346899435,-23.107561346899434,1000.0,كسر-سفلي,0,False,True,symbol_exposure,True,614.3524199999999,613.8,0.0009,601.9,1,baseline,0,"""{\""system\"": \""Donchian-288/96\"", \""channel_tf\"": \""15m\"", \""capital\"": 1000.0}"""
دوناتشيان,donchian,donchian,BNBUSDT,عرضي,Donchian-288/96,1,49306,53221,2024-10-05T05:46:00+00:00,2024-10-07T23:01:00+00:00,3915,0.009297368912313472,9.297368912313472,1000.0,كسر-سفلي,0,True,True,symbol_exposure,True,558.66755,558.5,0.0003,565.5,1,baseline,0,"""{\""system\"": \""Donchian-288/96\"", \""channel_tf\"": \""15m\"", \""capital\"": 1000.0}"""
دوناتشيان,donchian,donchian,BNBUSDT,عرضي,Donchian-288/96,1,54290,55885,2024-10-08T16:50:00+00:00,2024-10-09T19:25:00+00:00,1595,-0.019046106414484315,-19.046106414484314,1000.0,كسر-سفلي,0,False,True,symbol_exposure,True,582.27463,582.1,0.0003,572.5,1,baseline,0,"""{\""system\"": \""Donchian-288/96\"", \""channel_tf\"": \""15m\"", \""capital\"": 1000.0}"""
دوناتشيان,donchian,donchian,BNBUSDT,عرضي,Donchian-288/96,1,62143,64267,2024-10-14T03:43:00+00:00,2024-10-15T15:07:00+00:00,2124,-0.0027627748366902904,-2.7627748366902902,1000.0,كسر-سفلي,0,False,True,symbol_exposure,True,580.3218199999999,579.8,0.0009,580.4,1,baseline,0,"""{\""system\"": \""Donchian-288/96\"", \""channel_tf\"": \""15m\"", \""capital\"": 1000.0}"""
دوناتشيان,donchian,donchian,BNBUSDT,عرضي,Donchian-288/96,1,65492,66953,2024-10-16T11:32:00+00:00,2024-10-17T11:53:00+00:00,1461,-0.018844313167219476,-18.844313167219475,1000.0,كسر-سفلي,0,False,True,symbol_exposure,True,600.56012,600.2,0.0006,590.6,1,baseline,0,"""{\""system\"": \""Donchian-288/96\"", \""channel_tf\"": \""15m\"", \""capital\"": 1000.0}"""
دوناتشيان,donchian,donchian,BNBUSDT,عرضي,Donchian-288/96,1,71886,72833,2024-10-20T22:06:00+00:00,2024-10-21T13:53:00+00:00,947,-0.014206994968560382,-14.206994968560382,1000.0,كسر-سفلي,0,False,True,symbol_exposure,True,603.24243,602.7,0.0009,596.4,1,baseline,0,"""{\""system\"": \""Donchian-288/96\"", \""channel_tf\"": \""15m\"", \""capital\"": 1000.0}"""
دوناتشيان,donchian,donchian,BNBUSDT,عرضي,Donchian-288/96,1,82826,85024,2024-10-28T12:26:00+00:00,2024-10-30T01:04:00+00:00,2198,0.003661726959292366,3.6617269592923662,1000.0,كسر-سفلي,0,True,True,symbol_exposure,True,596.3575999999999,596.0,0.0006,600.1,1,baseline,0,"""{\""system\"": \""Donchian-288/96\"", \""channel_tf\"": \""15m\"", \""capital\"": 1000.0}"""
دوناتشيان,donchian,donchian,BNBUSDT,عرضي,Donchian-288/96,1,94671,98917,2024-11-05T17:51:00+00:00,2024-11-08T16:37:00+00:00,4246,0.03414347273040624,34.14347273040624,1000.0,كسر-سفلي,0,True,True,symbol_exposure,True,571.5539359999999,571.04,0.0009,592.43,1,baseline,0,"""{\""system\"": \""Donchian-288/96\"", \""channel_tf\"": \""15m\"", \""capital\"": 1000.0}"""
دوناتشيان,donchian,donchian,BNBUSDT,عرضي,Donchian-288/96,1,99425,102064,2024-11-09T01:05:00+00:00,2024-11-10T21:04:00+00:00,2639,0.005562524952943335,5.562524952943335,1000.0,كسر-سفلي,0,True,True,symbol_exposure,True,611.7901159999999,611.24,0.0009,616.61,1,baseline,0,"""{\""system\"": \""Donchian-288/96\"", \""channel_tf\"": \""15m\"", \""capital\"": 1000.0}"""
دوناتشيان,donchian,donchian,BNBUSDT,عرضي,Donchian-288/96,1,103641,104510,2024-11-11T23:21:00+00:00,2024-11-12T13:50:00+00:00,869,-0.05268933057376249,-52.68933057376249,1000.0,كسر-سفلي,0,False,True,symbol_exposure,True,645.387,645.0,0.0006,612.79,1,baseline,0,"""{\""system\"": \""Donchian-288/96\"", \""channel_tf\"": \""15m\"", \""capital\"": 1000.0}"""
دوناتشيان,donchian,donchian,BNBUSDT,عرضي,Donchian-288/96,1,118106,121723,2024-11-22T00:26:00+00:00,2024-11-24T12:43:00+00:00,3617,0.013425984911430834,13.425984911430835,1000.0,كسر-سفلي,0,True,True,symbol_exposure,True,630.146622,629.58,0.0009,640.27,1,baseline,0,"""{\""system\"": \""Donchian-288/96\"", \""channel_tf\"": \""15m\"", \""capital\"": 1000.0}"""
دوناتشيان,donchian,donchian,BNBUSDT,عرضي,Donchian-288/96,1,130031,131193,2024-11-30T07:11:00+00:00,2024-12-01T02:33:00+00:00,1162,-0.028564507620428642,-28.564507620428643,1000.0,كسر-سفلي,0,False,True,symbol_exposure,True,665.79868,665.2,0.0009,648.27,1,baseline,0,"""{\""system\"": \""Donchian-288/96\"", \""channel_tf\"": \""15m\"", \""capital\"": 1000.0}"""
دوناتشيان,donchian,donchian,BNBUSDT,عرضي,Donchian-288/96,1,135016,136859,2024-12-03T18:16:00+00:00,2024-12-05T00:59:00+00:00,1843,0.07411273036604894,74.11273036604894,1000.0,كسر-سفلي,0,True,True,symbol_exposure,True,667.920316,667.72,0.0003,719.29,1,baseline,0,"""{\""system\"": \""Donchian-288/96\"", \""channel_tf\"": \""15m\"", \""capital\"": 1000.0}"""
دوناتشيان,donchian,donchian,BNBUSDT,عرضي,Donchian-288/96,1,140761,141675,2024-12-07T18:01:00+00:00,2024-12-08T09:15:00+00:00,914,-0.030060521713988726,-30.060521713988727,1000.0,كسر-سفلي,0,False,True,symbol_exposure,True,759.2352679999999,758.78,0.0006,738.33,1,baseline,0,"""{\""system\"": \""Donchian-288/96\"", \""channel_tf\"": \""15m\"", \""capital\"": 1000.0}"""
دوناتشيان,donchian,donchian,BNBUSDT,عرضي,Donchian-288/96,1,149508,150832,2024-12-13T19:48:00+00:00,2024-12-14T17:52:00+00:00,1324,-0.028669049812853183,-28.66904981285318,1000.0,كسر-سفلي,0,False,True,symbol_exposure,True,726.307827,726.09,0.0003,707.11,1,baseline,0,"""{\""system\"": \""Donchian-288/96\"", \""channel_tf\"": \""15m\"", \""capital\"": 1000.0}"""
دوناتشيان,donchian,donchian,BNBUSDT,عرضي,Donchian-288/96,1,154933,155638,2024-12-17T14:13:00+00:00,2024-12-18T01:58:00+00:00,705,-0.02731667753124862,-27.31667753124862,1000.0,كسر-سفلي,0,False,True,symbol_exposure,True,730.6481259999999,730.21,0.0006,712.54,1,baseline,0,"""{\""system\"": \""Donchian-288/96\"", \""channel_tf\"": \""15m\"", \""capital\"": 1000.0}"""
دوناتشيان,donchian,donchian,BNBUSDT,عرضي,Donchian-288/96,1,163985,167539,2024-12-23T21:05:00+00:00,2024-12-26T08:19:00+00:00,3554,-0.0013231382924086764,-1.3231382924086765,1000.0,كسر-سفلي,0,False,True,symbol_exposure,True,694.1842039999999,693.56,0.0009,695.28,1,baseline,0,"""{\""system\"": \""Donchian-288/96\"", \""channel_tf\"": \""15m\"", \""capital\"": 1000.0}"""
دوناتشيان,donchian,donchian,BNBUSDT,عرضي,Donchian-288/96,1,170774,172222,2024-12-28T14:14:00+00:00,2024-12-29T14:22:00+00:00,1448,-0.01997285958707321,-19.97285958707321,1000.0,كسر-سفلي,0,False,True,symbol_exposure,True,720.878207,720.23,0.0009,708.32,1,baseline,0,"""{\""system\"": \""Donchian-288/96\"", \""channel_tf\"": \""15m\"", \""capital\"": 1000.0}"""
اتجاه-تكيفي,adaptive_trend,adaptive_trend,BNBUSDT,عرضي,AdaptiveTrend-4h,1,51366,51371,2024-10-06T16:06:00+00:00,2024-10-06T16:11:00+00:00,5,-0.004177315419857935,-4.177315419857935,1000.0,تتبع,0,False,True,"symbol_collision,symbol_exposure",True,568.1704,568.0,0.0003,567.1,1,baseline,0,"""{\""tf\"": \""4h\"", \""capital\"": 1000.0}"""
اتجاه-تكيفي,adaptive_trend,adaptive_trend,BNBUSDT,عرضي,AdaptiveTrend-4h,1,51441,51449,2024-10-06T17:21:00+00:00,2024-10-06T17:29:00+00:00,8,-0.0036512605112002,-3.6512605112002,1000.0,تتبع,0,False,True,"symbol_collision,symbol_exposure",True,567.77028,567.6,0.0003,567.0,1,baseline,0,"""{\""tf\"": \""4h\"", \""capital\"": 1000.0}"""
اتجاه-تكيفي,adaptive_trend,adaptive_trend,BNBUSDT,عرضي,AdaptiveTrend-4h,1,67941,67956,2024-10-18T04:21:00+00:00,2024-10-18T04:36:00+00:00,15,-0.002596923220735966,-2.5969232207359663,1000.0,تتبع,0,False,True,,False,596.07877,595.9,0.0003,595.9,1,baseline,0,"""{\""tf\"": \""4h\"", \""capital\"": 1000.0}"""
اتجاه-تكيفي,adaptive_trend,adaptive_trend,BNBUSDT,عرضي,AdaptiveTrend-4h,1,71400,71404,2024-10-20T14:00:00+00:00,2024-10-20T14:04:00+00:00,4,-0.001229415318697986,-1.229415318697986,1000.0,تتبع,0,False,True,,False,598.27943,598.1,0.0003,599.1,1,baseline,0,"""{\""tf\"": \""4h\"", \""capital\"": 1000.0}"""
اتجاه-تكيفي,adaptive_trend,adaptive_trend,BNBUSDT,عرضي,AdaptiveTrend-4h,1,71405,71416,2024-10-20T14:05:00+00:00,2024-10-20T14:16:00+00:00,11,-0.00399367394733118,-3.99367394733118,1000.0,تتبع,0,False,True,"symbol_collision,symbol_exposure",True,599.8597,599.5,0.0006,599.2,1,baseline,0,"""{\""tf\"": \""4h\"", \""capital\"": 1000.0}"""
اتجاه-تكيفي,adaptive_trend,adaptive_trend,BNBUSDT,عرضي,AdaptiveTrend-4h,1,71434,71443,2024-10-20T14:34:00+00:00,2024-10-20T14:43:00+00:00,9,-0.004556144597793884,-4.5561445977938835,1000.0,تتبع,0,False,True,"symbol_collision,symbol_exposure",True,600.96036,600.6,0.0006,599.6,1,baseline,0,"""{\""tf\"": \""4h\"", \""capital\"": 1000.0}"""
اتجاه-تكيفي,adaptive_trend,adaptive_trend,BNBUSDT,عرضي,AdaptiveTrend-4h,1,82218,82234,2024-10-28T02:18:00+00:00,2024-10-28T02:34:00+00:00,16,-0.0024274121607801816,-2.4274121607801815,1000.0,تتبع,0,False,True,"symbol_collision,symbol_exposure",True,588.57652,588.4,0.0003,588.5,1,baseline,0,"""{\""tf\"": \""4h\"", \""capital\"": 1000.0}"""
اتجاه-تكيفي,adaptive_trend,adaptive_trend,BNBUSDT,عرضي,AdaptiveTrend-4h,1,98992,99008,2024-11-08T17:52:00+00:00,2024-11-08T18:08:00+00:00,16,-0.004981488199314281,-4.981488199314281,1000.0,تتبع,0,False,True,,False,594.128185,593.95,0.0003,592.53,1,baseline,0,"""{\""tf\"": \""4h\"", \""capital\"": 1000.0}"""
اتجاه-تكيفي,adaptive_trend,adaptive_trend,BNBUSDT,عرضي,AdaptiveTrend-4h,1,99023,99025,2024-11-08T18:23:00+00:00,2024-11-08T18:25:00+00:00,2,-0.0042581709638195445,-4.258170963819545,1000.0,تتبع,0,False,True,,False,594.568317,594.39,0.0003,593.4,1,baseline,0,"""{\""tf\"": \""4h\"", \""capital\"": 1000.0}"""
اتجاه-تكيفي,adaptive_trend,adaptive_trend,BNBUSDT,عرضي,AdaptiveTrend-4h,1,99034,99041,2024-11-08T18:34:00+00:00,2024-11-08T18:41:00+00:00,7,-0.0020104126749147288,-2.0104126749147286,1000.0,تتبع,0,False,True,,False,595.37856,595.2,0.0003,595.55,1,baseline,0,"""{\""tf\"": \""4h\"", \""capital\"": 1000.0}"""
اتجاه-تكيفي,adaptive_trend,adaptive_trend,BNBUSDT,عرضي,AdaptiveTrend-4h,1,99072,99080,2024-11-08T19:12:00+00:00,2024-11-08T19:20:00+00:00,8,-0.004397650942102725,-4.397650942102725,1000.0,تتبع,0,False,True,,False,598.37946,598.2,0.0003,597.12,1,baseline,0,"""{\""tf\"": \""4h\"", \""capital\"": 1000.0}"""
اتجاه-تكيفي,adaptive_trend,adaptive_trend,BNBUSDT,عرضي,AdaptiveTrend-4h,1,99108,99116,2024-11-08T19:48:00+00:00,2024-11-08T19:56:00+00:00,8,-0.0043461394199281,-4.3461394199281,1000.0,تتبع,0,False,True,,False,598.889613,598.71,0.0003,597.66,1,baseline,0,"""{\""tf\"": \""4h\"", \""capital\"": 1000.0}"""
اتجاه-تكيفي,adaptive_trend,adaptive_trend,BNBUSDT,عرضي,AdaptiveTrend-4h,1,105027,105062,2024-11-12T22:27:00+00:00,2024-11-12T23:02:00+00:00,35,0.0011374242816821433,1.1374242816821432,1000.0,تتبع,0,True,True,,False,630.519099,630.33,0.0003,632.69,1,baseline,0,"""{\""tf\"": \""4h\"", \""capital\"": 1000.0}"""
اتجاه-تكيفي,adaptive_trend,adaptive_trend,BNBUSDT,عرضي,AdaptiveTrend-4h,1,106222,106234,2024-11-13T18:22:00+00:00,2024-11-13T18:34:00+00:00,12,-0.003734465142613064,-3.7344651426130637,1000.0,تتبع,0,False,True,"symbol_collision,symbol_exposure",True,631.48939,631.3,0.0003,630.58,1,baseline,0,"""{\""tf\"": \""4h\"", \""capital\"": 1000.0}"""
اتجاه-تكيفي,adaptive_trend,adaptive_trend,BNBUSDT,عرضي,AdaptiveTrend-4h,1,106922,106934,2024-11-14T06:02:00+00:00,2024-11-14T06:14:00+00:00,12,-0.0002810449663280525,-0.2810449663280525,1000.0,تتبع,0,False,True,"symbol_collision,symbol_exposure",True,633.28993,633.1,0.0003,634.57,1,baseline,0,"""{\""tf\"": \""4h\"", \""capital\"": 1000.0}"""
اتجاه-تكيفي,adaptive_trend,adaptive_trend,BNBUSDT,عرضي,AdaptiveTrend-4h,1,107013,107014,2024-11-14T07:33:00+00:00,2024-11-14T07:34:00+00:00,1,0.0091113045028475,9.111304502847501,1000.0,تتبع,0,True,True,"symbol_collision,symbol_exposure",True,640.525955,639.95,0.0009,648.24,1,baseline,0,"""{\""tf\"": \""4h\"", \""capital\"": 1000.0}"""
اتجاه-تكيفي,adaptive_trend,adaptive_trend,BNBUSDT,عرضي,AdaptiveTrend-4h,1,107016,107025,2024-11-14T07:36:00+00:00,2024-11-14T07:45:00+00:00,9,-0.009131658527419515,-9.131658527419516,1000.0,تتبع,0,False,True,"symbol_collision,symbol_exposure",True,650.0445139999999,649.46,0.0009,645.98,1,baseline,0,"""{\""tf\"": \""4h\"", \""capital\"": 1000.0}"""
اتجاه-تكيفي,adaptive_trend,adaptive_trend,BNBUSDT,عرضي,AdaptiveTrend-4h,1,107034,107052,2024-11-14T07:54:00+00:00,2024-11-14T08:12:00+00:00,18,-0.0060542708177152215,-6.054270817715222,1000.0,تتبع,0,False,True,"symbol_collision,symbol_exposure",True,655.9598329999999,655.37,0.0009,653.49,1,baseline,0,"""{\""tf\"": \""4h\"", \""capital\"": 1000.0}"""
اتجاه-تكيفي,adaptive_trend,adaptive_trend,BNBUSDT,عرضي,AdaptiveTrend-4h,1,109679,109693,2024-11-16T03:59:00+00:00,2024-11-16T04:13:00+00:00,14,-0.003785867516262972,-3.785867516262972,1000.0,تتبع,0,False,True,,False,625.084826,624.71,0.0006,624.34,1,baseline,0,"""{\""tf\"": \""4h\"", \""capital\"": 1000.0}"""
اتجاه-تكيفي,adaptive_trend,adaptive_trend,BNBUSDT,عرضي,AdaptiveTrend-4h,1,109783,109785,2024-11-16T05:43:00+00:00,2024-11-16T05:45:00+00:00,2,-0.004698662355186355,-4.6986623551863556,1000.0,تتبع,0,False,True,,False,625.407566,625.22,0.0003,624.09,1,baseline,0,"""{\""tf\"": \""4h\"", \""capital\"": 1000.0}"""
اتجاه-تكيفي,adaptive_trend,adaptive_trend,BNBUSDT,عرضي,AdaptiveTrend-4h,1,109805,109811,2024-11-16T06:05:00+00:00,2024-11-16T06:11:00+00:00,6,-0.0010656960830974277,-1.0656960830974276,1000.0,تتبع,0,False,True,,False,625.507596,625.32,0.0003,626.28,1,baseline,0,"""{\""tf\"": \""4h\"", \""capital\"": 1000.0}"""
اتجاه-تكيفي,adaptive_trend,adaptive_trend,BNBUSDT,عرضي,AdaptiveTrend-4h,1,109817,109818,2024-11-16T06:17:00+00:00,2024-11-16T06:18:00+00:00,1,-0.0038695877205102334,-3.8695877205102334,1000.0,تتبع,0,False,True,"symbol_collision,symbol_exposure",True,627.158091,626.97,0.0003,626.17,1,baseline,0,"""{\""tf\"": \""4h\"", \""capital\"": 1000.0}"""
اتجاه-تكيفي,adaptive_trend,adaptive_trend,BNBUSDT,عرضي,AdaptiveTrend-4h,1,109993,109998,2024-11-16T09:13:00+00:00,2024-11-16T09:18:00+00:00,5,-0.003794285857925874,-3.7942858579258743,1000.0,تتبع,0,False,True,"symbol_collision,symbol_exposure",True,624.937425,624.75,0.0003,624.0,1,baseline,0,"""{\""tf\"": \""4h\"", \""capital\"": 1000.0}"""
اتجاه-تكيفي,adaptive_trend,adaptive_trend,BNBUSDT,عرضي,AdaptiveTrend-4h,1,110065,110092,2024-11-16T10:25:00+00:00,2024-11-16T10:52:00+00:00,27,-0.0027404344548048764,-2.7404344548048765,1000.0,تتبع,0,False,True,"symbol_collision,symbol_exposure",True,625.68765,625.5,0.0003,625.41,1,baseline,0,"""{\""tf\"": \""4h\"", \""capital\"": 1000.0}"""
اتجاه-تكيفي,adaptive_trend,adaptive_trend,BNBUSDT,عرضي,AdaptiveTrend-4h,1,110111,110114,2024-11-16T11:11:00+00:00,2024-11-16T11:14:00+00:00,3,-0.0044413747719792345,-4.441374771979235,1000.0,تتبع,0,False,True,"symbol_collision,symbol_exposure",True,627.468184,627.28,0.0003,626.12,1,baseline,0,"""{\""tf\"": \""4h\"", \""capital\"": 1000.0}"""
اتجاه-تكيفي,adaptive_trend,adaptive_trend,BNBUSDT,عرضي,AdaptiveTrend-4h,1,110151,110167,2024-11-16T11:51:00+00:00,2024-11-16T12:07:00+00:00,16,0.002213482255453181,2.213482255453181,1000.0,تتبع,0,True,True,"symbol_collision,symbol_exposure",True,628.7970519999999,628.42,0.0006,631.83,1,baseline,0,"""{\""tf\"": \""4h\"", \""capital\"": 1000.0}"""
اتجاه-تكيفي,adaptive_trend,adaptive_trend,BNBUSDT,عرضي,AdaptiveTrend-4h,1,112702,112707,2024-11-18T06:22:00+00:00,2024-11-18T06:27:00+00:00,5,-0.002692513324731982,-2.6925133247319817,1000.0,تتبع,0,False,True,,False,626.237815,626.05,0.0003,625.99,1,baseline,0,"""{\""tf\"": \""4h\"", \""capital\"": 1000.0}"""
اتجاه-تكيفي,adaptive_trend,adaptive_trend,BNBUSDT,عرضي,AdaptiveTrend-4h,1,112713,112744,2024-11-18T06:33:00+00:00,2024-11-18T07:04:00+00:00,31,0.00020142116263377875,0.20142116263377877,1000.0,تتبع,0,True,True,,False,627.4981929999999,627.31,0.0003,629.07,1,baseline,0,"""{\""tf\"": \""4h\"", \""capital\"": 1000.0}"""
اتجاه-تكيفي,adaptive_trend,adaptive_trend,BNBUSDT,عرضي,AdaptiveTrend-4h,1,112815,112817,2024-11-18T08:15:00+00:00,2024-11-18T08:17:00+00:00,2,-0.004296969882125254,-4.296969882125254,1000.0,تتبع,0,False,True,,False,627.948328,627.76,0.0003,626.69,1,baseline,0,"""{\""tf\"": \""4h\"", \""capital\"": 1000.0}"""
اتجاه-تكيفي,adaptive_trend,adaptive_trend,BNBUSDT,عرضي,AdaptiveTrend-4h,1,119522,119527,2024-11-23T00:02:00+00:00,2024-11-23T00:07:00+00:00,5,-0.0037782325309254866,-3.7782325309254867,1000.0,تتبع,0,False,True,,False,633.429972,633.24,0.0003,632.49,1,baseline,0,"""{\""tf\"": \""4h\"", \""capital\"": 1000.0}"""
اتجاه-تكيفي,adaptive_trend,adaptive_trend,BNBUSDT,عرضي,AdaptiveTrend-4h,1,131834,131883,2024-12-01T13:14:00+00:00,2024-12-01T14:03:00+00:00,49,-0.0009169271430043846,-0.9169271430043846,1000.0,تتبع,0,False,True,,False,659.1976999999999,659.0,0.0003,660.11,1,baseline,0,"""{\""tf\"": \""4h\"", \""capital\"": 1000.0}"""
اتجاه-تكيفي,adaptive_trend,adaptive_trend,BNBUSDT,عرضي,AdaptiveTrend-4h,1,131886,131892,2024-12-01T14:06:00+00:00,2024-12-01T14:12:00+00:00,6,-0.002202760049268433,-2.202760049268433,1000.0,تتبع,0,False,True,,False,661.3183359999999,661.12,0.0003,661.58,1,baseline,0,"""{\""tf\"": \""4h\"", \""capital\"": 1000.0}"""
اتجاه-تكيفي,adaptive_trend,adaptive_trend,BNBUSDT,عرضي,AdaptiveTrend-4h,1,132311,132314,2024-12-01T21:11:00+00:00,2024-12-01T21:14:00+00:00,3,-0.004374256675656494,-4.374256675656494,1000.0,تتبع,0,False,True,"symbol_collision,symbol_exposure",True,656.776974,656.58,0.0003,655.41,1,baseline,0,"""{\""tf\"": \""4h\"", \""capital\"": 1000.0}"""
اتجاه-تكيفي,adaptive_trend,adaptive_trend,BNBUSDT,عرضي,AdaptiveTrend-4h,1,132358,132364,2024-12-01T21:58:00+00:00,2024-12-01T22:04:00+00:00,6,-0.0010634380055696026,-1.0634380055696027,1000.0,تتبع,0,False,True,"symbol_collision,symbol_exposure",True,657.1170759999999,656.92,0.0003,657.93,1,baseline,0,"""{\""tf\"": \""4h\"", \""capital\"": 1000.0}"""
اتجاه-تكيفي,adaptive_trend,adaptive_trend,BNBUSDT,عرضي,AdaptiveTrend-4h,1,132370,132372,2024-12-01T22:10:00+00:00,2024-12-01T22:12:00+00:00,2,-0.004052012506657858,-4.052012506657857,1000.0,تتبع,0,False,True,"symbol_collision,symbol_exposure",True,658.237412,658.04,0.0003,657.08,1,baseline,0,"""{\""tf\"": \""4h\"", \""capital\"": 1000.0}"""
اتجاه-تكيفي,adaptive_trend,adaptive_trend,BNBUSDT,عرضي,AdaptiveTrend-4h,1,132410,132418,2024-12-01T22:50:00+00:00,2024-12-01T22:58:00+00:00,8,-0.003294036971884435,-3.294036971884435,1000.0,تتبع,0,False,True,"symbol_collision,symbol_exposure",True,658.347445,658.15,0.0003,657.69,1,baseline,0,"""{\""tf\"": \""4h\"", \""capital\"": 1000.0}"""
اتجاه-تكيفي,adaptive_trend,adaptive_trend,BNBUSDT,عرضي,AdaptiveTrend-4h,1,134290,134299,2024-12-03T06:10:00+00:00,2024-12-03T06:19:00+00:00,9,0.0008821071908653263,0.8821071908653263,1000.0,تتبع,0,True,True,"symbol_collision,symbol_exposure",True,656.716956,656.52,0.0003,658.81,1,baseline,0,"""{\""tf\"": \""4h\"", \""capital\"": 1000.0}"""
اتجاه-تكيفي,adaptive_trend,adaptive_trend,BNBUSDT,عرضي,AdaptiveTrend-4h,1,134300,134313,2024-12-03T06:20:00+00:00,2024-12-03T06:33:00+00:00,13,-0.0036828212878353547,-3.682821287835355,1000.0,تتبع,0,False,True,"symbol_collision,symbol_exposure",True,659.6178259999999,659.42,0.0003,658.9,1,baseline,0,"""{\""tf\"": \""4h\"", \""capital\"": 1000.0}"""
اتجاه-تكيفي,adaptive_trend,adaptive_trend,BNBUSDT,عرضي,AdaptiveTrend-4h,1,134316,134329,2024-12-03T06:36:00+00:00,2024-12-03T06:49:00+00:00,13,-0.004871142211778238,-4.871142211778238,1000.0,تتبع,0,False,True,"symbol_collision,symbol_exposure",True,660.7061859999999,660.31,0.0006,659.2,1,baseline,0,"""{\""tf\"": \""4h\"", \""capital\"": 1000.0}"""
اتجاه-تكيفي,adaptive_trend,adaptive_trend,BNBUSDT,عرضي,AdaptiveTrend-4h,1,138482,138486,2024-12-06T04:02:00+00:00,2024-12-06T04:06:00+00:00,4,-0.004046239530142781,-4.046239530142781,1000.0,تتبع,0,False,True,,False,729.698844,729.48,0.0003,728.42,1,baseline,0,"""{\""tf\"": \""4h\"", \""capital\"": 1000.0}"""
اتجاه-تكيفي,adaptive_trend,adaptive_trend,BNBUSDT,عرضي,AdaptiveTrend-4h,1,146768,146789,2024-12-11T22:08:00+00:00,2024-12-11T22:29:00+00:00,21,-0.0007544644941005496,-0.7544644941005496,1000.0,تتبع,0,False,True,"symbol_collision,symbol_exposure",True,709.372748,709.16,0.0003,710.47,1,baseline,0,"""{\""tf\"": \""4h\"", \""capital\"": 1000.0}"""
اتجاه-تكيفي,adaptive_trend,adaptive_trend,BNBUSDT,عرضي,AdaptiveTrend-4h,1,149523,149533,2024-12-13T20:03:00+00:00,2024-12-13T20:13:00+00:00,10,-0.0024051834152418426,-2.4051834152418428,1000.0,تتبع,0,False,True,"symbol_collision,symbol_exposure",True,728.478478,728.26,0.0003,728.4,1,baseline,0,"""{\""tf\"": \""4h\"", \""capital\"": 1000.0}"""
اتجاه-تكيفي,adaptive_trend,adaptive_trend,BNBUSDT,عرضي,AdaptiveTrend-4h,1,151295,151322,2024-12-15T01:35:00+00:00,2024-12-15T02:02:00+00:00,27,-0.0022489158388503774,-2.2489158388503774,1000.0,تتبع,0,False,True,,False,716.7249529999999,716.51,0.0003,716.76,1,baseline,0,"""{\""tf\"": \""4h\"", \""capital\"": 1000.0}"""
اتجاه-تكيفي,adaptive_trend,adaptive_trend,BNBUSDT,عرضي,AdaptiveTrend-4h,1,151459,151462,2024-12-15T04:19:00+00:00,2024-12-15T04:22:00+00:00,3,-0.0022149199396024003,-2.2149199396024004,1000.0,تتبع,0,False,True,,False,717.0150399999999,716.8,0.0003,717.29,1,baseline,0,"""{\""tf\"": \""4h\"", \""capital\"": 1000.0}"""
اتجاه-تكيفي,adaptive_trend,adaptive_trend,BNBUSDT,عرضي,AdaptiveTrend-4h,1,151465,151469,2024-12-15T04:25:00+00:00,2024-12-15T04:29:00+00:00,4,-0.004472158868862575,-4.472158868862575,1000.0,تتبع,0,False,True,,False,718.750992,718.32,0.0006,717.4,1,baseline,0,"""{\""tf\"": \""4h\"", \""capital\"": 1000.0}"""
اتجاه-تكيفي,adaptive_trend,adaptive_trend,BNBUSDT,عرضي,AdaptiveTrend-4h,1,152170,152207,2024-12-15T16:10:00+00:00,2024-12-15T16:47:00+00:00,37,0.00023621370403204925,0.23621370403204925,1000.0,تتبع,0,True,True,,False,718.395454,718.18,0.0003,720.22,1,baseline,0,"""{\""tf\"": \""4h\"", \""capital\"": 1000.0}"""
اتجاه-تكيفي,adaptive_trend,adaptive_trend,BNBUSDT,عرضي,AdaptiveTrend-4h,1,153765,153781,2024-12-16T18:45:00+00:00,2024-12-16T19:01:00+00:00,16,-0.0012921947632747182,-1.2921947632747182,1000.0,تتبع,0,False,True,"symbol_collision,symbol_exposure",True,727.3781479999999,727.16,0.0003,728.33,1,baseline,0,"""{\""tf\"": \""4h\"", \""capital\"": 1000.0}"""
اتجاه-تكيفي,adaptive_trend,adaptive_trend,BNBUSDT,عرضي,AdaptiveTrend-4h,1,163947,163961,2024-12-23T20:27:00+00:00,2024-12-23T20:41:00+00:00,14,-0.0005628596400705714,-0.5628596400705714,1000.0,تتبع,0,False,True,"symbol_collision,symbol_exposure",True,686.6959469999999,686.49,0.0003,687.89,1,baseline,0,"""{\""tf\"": \""4h\"", \""capital\"": 1000.0}"""
اتجاه-تكيفي,adaptive_trend,adaptive_trend,BNBUSDT,عرضي,AdaptiveTrend-4h,1,163977,163980,2024-12-23T20:57:00+00:00,2024-12-23T21:00:00+00:00,3,-0.00212021525442834,-2.1202152544283397,1000.0,تتبع,0,False,True,"symbol_collision,symbol_exposure",True,690.657135,690.45,0.0003,690.78,1,baseline,0,"""{\""tf\"": \""4h\"", \""capital\"": 1000.0}"""
اتجاه-تكيفي,adaptive_trend,adaptive_trend,BNBUSDT,عرضي,AdaptiveTrend-4h,1,163981,163984,2024-12-23T21:01:00+00:00,2024-12-23T21:04:00+00:00,3,-0.0018386053107488933,-1.8386053107488933,1000.0,تتبع,0,False,True,"symbol_collision,symbol_exposure",True,692.2651099999999,691.85,0.0006,693.0,1,baseline,0,"""{\""tf\"": \""4h\"", \""capital\"": 1000.0}"""
اتجاه-تكيفي,adaptive_trend,adaptive_trend,BNBUSDT,عرضي,AdaptiveTrend-4h,1,163985,164011,2024-12-23T21:05:00+00:00,2024-12-23T21:31:00+00:00,26,-0.004229632485183779,-4.229632485183779,1000.0,تتبع,0,False,True,"symbol_collision,symbol_exposure",True,694.1842039999999,693.56,0.0009,692.84,1,baseline,0,"""{\""tf\"": \""4h\"", \""capital\"": 1000.0}"""
اتجاه-تكيفي,adaptive_trend,adaptive_trend,BNBUSDT,عرضي,AdaptiveTrend-4h,1,164058,164059,2024-12-23T22:18:00+00:00,2024-12-23T22:19:00+00:00,1,-0.0018223860447158721,-1.8223860447158722,1000.0,تتبع,0,False,True,"symbol_collision,symbol_exposure",True,695.588614,695.38,0.0003,695.92,1,baseline,0,"""{\""tf\"": \""4h\"", \""capital\"": 1000.0}"""
اتجاه-تكيفي,adaptive_trend,adaptive_trend,BNBUSDT,عرضي,AdaptiveTrend-4h,1,164097,164103,2024-12-23T22:57:00+00:00,2024-12-23T23:03:00+00:00,6,-0.00346877905708145,-3.4687790570814503,1000.0,تتبع,0,False,True,"symbol_collision,symbol_exposure",True,698.049352,697.84,0.0003,697.23,1,baseline,0,"""{\""tf\"": \""4h\"", \""capital\"": 1000.0}"""
اتجاه-تكيفي,adaptive_trend,adaptive_trend,BNBUSDT,عرضي,AdaptiveTrend-4h,1,169210,169228,2024-12-27T12:10:00+00:00,2024-12-27T12:28:00+00:00,18,-0.003965180422048255,-3.965180422048255,1000.0,تتبع,0,False,True,"symbol_collision,symbol_exposure",True,707.302127,707.09,0.0003,706.12,1,baseline,0,"""{\""tf\"": \""4h\"", \""capital\"": 1000.0}"""
اتجاه-تكيفي,adaptive_trend,adaptive_trend,BNBUSDT,عرضي,AdaptiveTrend-4h,1,170222,170227,2024-12-28T05:02:00+00:00,2024-12-28T05:07:00+00:00,5,-0.002396871027685568,-2.396871027685568,1000.0,تتبع,0,False,True,,False,698.2094,698.0,0.0003,698.14,1,baseline,0,"""{\""tf\"": \""4h\"", \""capital\"": 1000.0}"""
اتجاه-تكيفي,adaptive_trend,adaptive_trend,BNBUSDT,عرضي,AdaptiveTrend-4h,1,170257,170260,2024-12-28T05:37:00+00:00,2024-12-28T05:40:00+00:00,3,-0.0037665860316323757,-3.7665860316323756,1000.0,تتبع,0,False,True,,False,699.039172,698.62,0.0006,698.01,1,baseline,0,"""{\""tf\"": \""4h\"", \""capital\"": 1000.0}"""
اتجاه-تكيفي,adaptive_trend,adaptive_trend,BNBUSDT,عرضي,AdaptiveTrend-4h,1,170266,170271,2024-12-28T05:46:00+00:00,2024-12-28T05:51:00+00:00,5,-0.003553370373897071,-3.5533703738970708,1000.0,تتبع,0,False,True,,False,698.8996070000001,698.69,0.0003,698.02,1,baseline,0,"""{\""tf\"": \""4h\"", \""capital\"": 1000.0}"""
اتجاه-تكيفي,adaptive_trend,adaptive_trend,BNBUSDT,عرضي,AdaptiveTrend-4h,1,170351,170382,2024-12-28T07:11:00+00:00,2024-12-28T07:42:00+00:00,31,-0.0030260983828613998,-3.0260983828613996,1000.0,تتبع,0,False,True,,False,697.40916,697.2,0.0003,696.9,1,baseline,0,"""{\""tf\"": \""4h\"", \""capital\"": 1000.0}"""
اتجاه-تكيفي,adaptive_trend,adaptive_trend,BNBUSDT,عرضي,AdaptiveTrend-4h,1,170436,170455,2024-12-28T08:36:00+00:00,2024-12-28T08:55:00+00:00,19,-0.0017682898938024415,-1.7682898938024414,1000.0,تتبع,0,False,True,,False,698.339439,698.13,0.0003,698.71,1,baseline,0,"""{\""tf\"": \""4h\"", \""capital\"": 1000.0}"""
اتجاه-تكيفي,adaptive_trend,adaptive_trend,BNBUSDT,عرضي,AdaptiveTrend-4h,1,170462,170474,2024-12-28T09:02:00+00:00,2024-12-28T09:14:00+00:00,12,-0.002810869454082489,-2.8108694540824892,1000.0,تتبع,0,False,True,,False,699.499787,699.29,0.0003,699.14,1,baseline,0,"""{\""tf\"": \""4h\"", \""capital\"": 1000.0}"""
اتجاه-تكيفي,adaptive_trend,adaptive_trend,BNBUSDT,عرضي,AdaptiveTrend-4h,1,170478,170484,2024-12-28T09:18:00+00:00,2024-12-28T09:24:00+00:00,6,-0.002155336003264306,-2.155336003264306,1000.0,تتبع,0,False,True,,False,700.4000570000001,700.19,0.0003,700.5,1,baseline,0,"""{\""tf\"": \""4h\"", \""capital\"": 1000.0}"""
اتجاه-تكيفي,adaptive_trend,adaptive_trend,BNBUSDT,عرضي,AdaptiveTrend-4h,1,174392,174416,2024-12-31T02:32:00+00:00,2024-12-31T02:56:00+00:00,24,-0.001408342613131007,-1.408342613131007,1000.0,تتبع,0,False,True,"symbol_collision,symbol_exposure",True,705.101467,704.89,0.0003,705.73,1,baseline,0,"""{\""tf\"": \""4h\"", \""capital\"": 1000.0}"""
