category,kind,strategy,symbol,regime,trigger,side,entry_bar,exit_bar,entry_time,exit_time,bars_held,net_frac,pnl_usd,notional_usd,reason,cycles,success,risk_accepted,risk_reason,risk_would_block,entry_px,entry_ref_px,entry_cost_pct,exit_px,mult,experiment,series,snapshot
دوناتشيان,donchian,donchian,XLMUSDT,عرضي,Donchian-96/48,1,1528,2549,2021-09-02T01:28:00+00:00,2021-09-02T18:29:00+00:00,1021,-0.011282174732015864,-11.282174732015864,1000.0,كسر-سفلي,0,False,True,,False,0.35610679999999995,0.356,0.0003,0.3529,1,baseline,0,"""{\""system\"": \""Donchian-96/48\"", \""channel_tf\"": \""15m\"", \""capital\"": 1000.0}"""
دوناتشيان,donchian,donchian,XLMUSDT,عرضي,Donchian-96/48,1,3659,5340,2021-09-03T12:59:00+00:00,2021-09-04T17:00:00+00:00,1681,0.005786301710788077,5.786301710788076,1000.0,كسر-سفلي,0,True,True,,False,0.36772049999999995,0.3675,0.0006,0.3707,1,baseline,0,"""{\""system\"": \""Donchian-96/48\"", \""channel_tf\"": \""15m\"", \""capital\"": 1000.0}"""
دوناتشيان,donchian,donchian,XLMUSDT,عرضي,Donchian-96/48,1,6538,9051,2021-09-05T12:58:00+00:00,2021-09-07T06:51:00+00:00,2513,0.0676977337175051,67.6977337175051,1000.0,كسر-سفلي,0,True,True,,False,0.38321493,0.3831,0.0003,0.4101,1,baseline,0,"""{\""system\"": \""Donchian-96/48\"", \""channel_tf\"": \""15m\"", \""capital\"": 1000.0}"""
دوناتشيان,donchian,donchian,XLMUSDT,عرضي,Donchian-96/48,1,11873,13806,2021-09-09T05:53:00+00:00,2021-09-10T14:06:00+00:00,1933,-0.036632933259197344,-36.632933259197344,1000.0,كسر-سفلي,0,False,True,,False,0.3371011,0.337,0.0003,0.3255,1,baseline,0,"""{\""system\"": \""Donchian-96/48\"", \""channel_tf\"": \""15m\"", \""capital\"": 1000.0}"""
دوناتشيان,donchian,donchian,XLMUSDT,عرضي,Donchian-96/48,1,15263,15799,2021-09-11T14:23:00+00:00,2021-09-11T23:19:00+00:00,536,-0.027690726001178164,-27.690726001178163,1000.0,كسر-سفلي,0,False,True,,False,0.32999897,0.3299,0.0003,0.3216,1,baseline,0,"""{\""system\"": \""Donchian-96/48\"", \""channel_tf\"": \""15m\"", \""capital\"": 1000.0}"""
دوناتشيان,donchian,donchian,XLMUSDT,عرضي,Donchian-96/48,1,16511,17101,2021-09-12T11:11:00+00:00,2021-09-12T21:01:00+00:00,590,-0.02985345871109912,-29.85345871109912,1000.0,كسر-سفلي,0,False,True,,False,0.33289983999999995,0.3328,0.0003,0.3239,1,baseline,0,"""{\""system\"": \""Donchian-96/48\"", \""channel_tf\"": \""15m\"", \""capital\"": 1000.0}"""
دوناتشيان,donchian,donchian,XLMUSDT,عرضي,Donchian-96/48,1,19658,21799,2021-09-14T15:38:00+00:00,2021-09-16T03:19:00+00:00,2141,0.027811919284237666,27.811919284237664,1000.0,كسر-سفلي,0,True,True,,False,0.32479740999999995,0.3247,0.0003,0.3347,1,baseline,0,"""{\""system\"": \""Donchian-96/48\"", \""channel_tf\"": \""15m\"", \""capital\"": 1000.0}"""
دوناتشيان,donchian,donchian,XLMUSDT,عرضي,Donchian-96/48,1,31202,33373,2021-09-22T16:02:00+00:00,2021-09-24T04:13:00+00:00,2171,0.03521267042340624,35.212670423406244,1000.0,كسر-سفلي,0,True,True,,False,0.28498546999999996,0.2849,0.0003,0.2957,1,baseline,0,"""{\""system\"": \""Donchian-96/48\"", \""channel_tf\"": \""15m\"", \""capital\"": 1000.0}"""
دوناتشيان,donchian,donchian,XLMUSDT,عرضي,Donchian-96/48,1,36960,38191,2021-09-26T16:00:00+00:00,2021-09-27T12:31:00+00:00,1231,-0.02642930772295066,-26.42930772295066,1000.0,كسر-سفلي,0,False,True,,False,0.28048411999999995,0.2804,0.0003,0.2737,1,baseline,0,"""{\""system\"": \""Donchian-96/48\"", \""channel_tf\"": \""15m\"", \""capital\"": 1000.0}"""
دوناتشيان,donchian,donchian,XLMUSDT,عرضي,Donchian-96/48,1,40849,41546,2021-09-29T10:49:00+00:00,2021-09-29T22:26:00+00:00,697,-0.020328533474589596,-20.328533474589594,1000.0,كسر-سفلي,0,False,True,,False,0.270081,0.27,0.0003,0.2652,1,baseline,0,"""{\""system\"": \""Donchian-96/48\"", \""channel_tf\"": \""15m\"", \""capital\"": 1000.0}"""
دوناتشيان,donchian,donchian,XLMUSDT,عرضي,Donchian-96/48,1,41820,44723,2021-09-30T03:00:00+00:00,2021-10-02T03:23:00+00:00,2903,0.050536097315592554,50.536097315592556,1000.0,كسر-سفلي,0,True,True,,False,0.27978390999999997,0.2797,0.0003,0.2946,1,baseline,0,"""{\""system\"": \""Donchian-96/48\"", \""channel_tf\"": \""15m\"", \""capital\"": 1000.0}"""
دوناتشيان,donchian,donchian,XLMUSDT,عرضي,Donchian-96/48,1,45408,47272,2021-10-02T14:48:00+00:00,2021-10-03T21:52:00+00:00,1864,0.02715656597718696,27.15656597718696,1000.0,كسر-سفلي,0,True,True,,False,0.30179051,0.3017,0.0003,0.3107,1,baseline,0,"""{\""system\"": \""Donchian-96/48\"", \""channel_tf\"": \""15m\"", \""capital\"": 1000.0}"""
دوناتشيان,donchian,donchian,XLMUSDT,عرضي,Donchian-96/48,1,48891,49713,2021-10-05T00:51:00+00:00,2021-10-05T14:33:00+00:00,822,-0.009558744257344043,-9.558744257344042,1000.0,كسر-سفلي,0,False,True,,False,0.31348798,0.3133,0.0006,0.3113,1,baseline,0,"""{\""system\"": \""Donchian-96/48\"", \""channel_tf\"": \""15m\"", \""capital\"": 1000.0}"""
دوناتشيان,donchian,donchian,XLMUSDT,عرضي,Donchian-96/48,1,50129,50768,2021-10-05T21:29:00+00:00,2021-10-06T08:08:00+00:00,639,-0.019129902532383232,-19.12990253238323,1000.0,كسر-سفلي,0,False,True,,False,0.31949582,0.3194,0.0003,0.3142,1,baseline,0,"""{\""system\"": \""Donchian-96/48\"", \""channel_tf\"": \""15m\"", \""capital\"": 1000.0}"""
دوناتشيان,donchian,donchian,XLMUSDT,عرضي,Donchian-96/48,1,51090,52595,2021-10-06T13:30:00+00:00,2021-10-07T14:35:00+00:00,1505,0.061263000663112306,61.26300066311231,1000.0,كسر-سفلي,0,True,True,,False,0.32659366999999995,0.3263,0.0009,0.3474,1,baseline,0,"""{\""system\"": \""Donchian-96/48\"", \""channel_tf\"": \""15m\"", \""capital\"": 1000.0}"""
دوناتشيان,donchian,donchian,XLMUSDT,عرضي,Donchian-96/48,1,55080,56009,2021-10-09T08:00:00+00:00,2021-10-09T23:29:00+00:00,929,0.0008198158376003286,0.8198158376003286,1000.0,كسر-سفلي,0,True,True,,False,0.35040509,0.3503,0.0003,0.3515,1,baseline,0,"""{\""system\"": \""Donchian-96/48\"", \""channel_tf\"": \""15m\"", \""capital\"": 1000.0}"""
دوناتشيان,donchian,donchian,XLMUSDT,صاعد,Donchian-96/48,1,58233,58678,2021-10-11T12:33:00+00:00,2021-10-11T19:58:00+00:00,445,-0.028903924395004693,-28.903924395004694,1000.0,كسر-سفلي,0,False,True,,False,0.35270578,0.3526,0.0003,0.3433,1,baseline,0,"""{\""system\"": \""Donchian-96/48\"", \""channel_tf\"": \""15m\"", \""capital\"": 1000.0}"""
دوناتشيان,donchian,donchian,XLMUSDT,عرضي,Donchian-96/48,1,60527,62638,2021-10-13T02:47:00+00:00,2021-10-14T13:58:00+00:00,2111,0.07456535948549102,74.56535948549102,1000.0,كسر-سفلي,0,True,True,,False,0.34250272,0.3424,0.0003,0.369,1,baseline,0,"""{\""system\"": \""Donchian-96/48\"", \""channel_tf\"": \""15m\"", \""capital\"": 1000.0}"""
دوناتشيان,donchian,donchian,XLMUSDT,عرضي,Donchian-96/48,1,64808,66442,2021-10-16T02:08:00+00:00,2021-10-17T05:22:00+00:00,1634,0.041939524325289926,41.93952432528992,1000.0,كسر-سفلي,0,True,True,,False,0.3741122,0.374,0.0003,0.3907,1,baseline,0,"""{\""system\"": \""Donchian-96/48\"", \""channel_tf\"": \""15m\"", \""capital\"": 1000.0}"""
دوناتشيان,donchian,donchian,XLMUSDT,عرضي,Donchian-96/48,1,68325,68346,2021-10-18T12:45:00+00:00,2021-10-18T13:06:00+00:00,21,-0.04665753898027978,-46.65753898027978,1000.0,كسر-سفلي,0,False,True,,False,0.39545558999999997,0.3951,0.0009,0.3781,1,baseline,0,"""{\""system\"": \""Donchian-96/48\"", \""channel_tf\"": \""15m\"", \""capital\"": 1000.0}"""
دوناتشيان,donchian,donchian,XLMUSDT,عرضي,Donchian-96/48,1,71273,72597,2021-10-20T13:53:00+00:00,2021-10-21T11:57:00+00:00,1324,0.01147182425287097,11.471824252870968,1000.0,كسر-سفلي,0,True,True,,False,0.37884064999999995,0.3785,0.0009,0.3843,1,baseline,0,"""{\""system\"": \""Donchian-96/48\"", \""channel_tf\"": \""15m\"", \""capital\"": 1000.0}"""
دوناتشيان,donchian,donchian,XLMUSDT,عرضي,Donchian-96/48,1,75692,76934,2021-10-23T15:32:00+00:00,2021-10-24T12:14:00+00:00,1242,-0.00451540653859924,-4.51540653859924,1000.0,كسر-سفلي,0,False,True,,False,0.37782656,0.3776,0.0006,0.3771,1,baseline,0,"""{\""system\"": \""Donchian-96/48\"", \""channel_tf\"": \""15m\"", \""capital\"": 1000.0}"""
دوناتشيان,donchian,donchian,XLMUSDT,عرضي,Donchian-96/48,1,78530,79833,2021-10-25T14:50:00+00:00,2021-10-26T12:33:00+00:00,1303,-0.006288042026299949,-6.288042026299949,1000.0,كسر-سفلي,0,False,True,,False,0.38231466,0.3822,0.0003,0.3809,1,baseline,0,"""{\""system\"": \""Donchian-96/48\"", \""channel_tf\"": \""15m\"", \""capital\"": 1000.0}"""
دوناتشيان,donchian,donchian,XLMUSDT,عرضي,Donchian-96/48,1,82494,85698,2021-10-28T08:54:00+00:00,2021-10-30T14:18:00+00:00,3204,0.026450859580505665,26.450859580505664,1000.0,كسر-سفلي,0,True,True,,False,0.34690403999999997,0.3468,0.0003,0.3569,1,baseline,0,"""{\""system\"": \""Donchian-96/48\"", \""channel_tf\"": \""15m\"", \""capital\"": 1000.0}"""
دوناتشيان,donchian,donchian,XLMUSDT,عرضي,Donchian-96/48,1,86435,87871,2021-10-31T02:35:00+00:00,2021-11-01T02:31:00+00:00,1436,-0.018479776706463367,-18.479776706463365,1000.0,كسر-سفلي,0,False,True,,False,0.36662966999999996,0.3663,0.0009,0.3609,1,baseline,0,"""{\""system\"": \""Donchian-96/48\"", \""channel_tf\"": \""15m\"", \""capital\"": 1000.0}"""
دوناتشيان,donchian,donchian,XLMUSDT,عرضي,Donchian-96/48,1,89763,91363,2021-11-02T10:03:00+00:00,2021-11-03T12:43:00+00:00,1600,0.006723636115561013,6.723636115561013,1000.0,كسر-سفلي,0,True,True,,False,0.37191154,0.3718,0.0003,0.3755,1,baseline,0,"""{\""system\"": \""Donchian-96/48\"", \""channel_tf\"": \""15m\"", \""capital\"": 1000.0}"""
دوناتشيان,donchian,donchian,XLMUSDT,عرضي,Donchian-96/48,1,97225,101931,2021-11-07T14:25:00+00:00,2021-11-10T20:51:00+00:00,4706,0.07897228282554132,78.97228282554133,1000.0,كسر-سفلي,0,True,True,,False,0.36382714999999993,0.3635,0.0009,0.3937,1,baseline,0,"""{\""system\"": \""Donchian-96/48\"", \""channel_tf\"": \""15m\"", \""capital\"": 1000.0}"""
دوناتشيان,donchian,donchian,XLMUSDT,عرضي,Donchian-96/48,1,105916,106584,2021-11-13T15:16:00+00:00,2021-11-14T02:24:00+00:00,668,-0.02141938714640356,-21.41938714640356,1000.0,كسر-سفلي,0,False,True,,False,0.38231466,0.3822,0.0003,0.3751,1,baseline,0,"""{\""system\"": \""Donchian-96/48\"", \""channel_tf\"": \""15m\"", \""capital\"": 1000.0}"""
دوناتشيان,donchian,donchian,XLMUSDT,عرضي,Donchian-96/48,1,107901,109001,2021-11-15T00:21:00+00:00,2021-11-15T18:41:00+00:00,1100,-0.005278014357929822,-5.278014357929822,1000.0,كسر-سفلي,0,False,True,,False,0.38314451999999993,0.3828,0.0009,0.382,1,baseline,0,"""{\""system\"": \""Donchian-96/48\"", \""channel_tf\"": \""15m\"", \""capital\"": 1000.0}"""
دوناتشيان,donchian,donchian,XLMUSDT,عرضي,Donchian-96/48,1,112292,112525,2021-11-18T01:32:00+00:00,2021-11-18T05:25:00+00:00,233,-0.024819725631676837,-24.819725631676835,1000.0,كسر-سفلي,0,False,True,,False,0.35041012,0.3502,0.0006,0.3425,1,baseline,0,"""{\""system\"": \""Donchian-96/48\"", \""channel_tf\"": \""15m\"", \""capital\"": 1000.0}"""
دوناتشيان,donchian,donchian,XLMUSDT,عرضي,Donchian-96/48,1,114204,115431,2021-11-19T09:24:00+00:00,2021-11-20T05:51:00+00:00,1227,0.013092005910778347,13.092005910778347,1000.0,كسر-سفلي,0,True,True,,False,0.3431029,0.343,0.0003,0.3485,1,baseline,0,"""{\""system\"": \""Donchian-96/48\"", \""channel_tf\"": \""15m\"", \""capital\"": 1000.0}"""
دوناتشيان,donchian,donchian,XLMUSDT,عرضي,Donchian-96/48,1,118612,119216,2021-11-22T10:52:00+00:00,2021-11-22T20:56:00+00:00,604,-0.026750453521114676,-26.750453521114675,1000.0,كسر-سفلي,0,False,True,,False,0.34731229999999996,0.347,0.0009,0.3388,1,baseline,0,"""{\""system\"": \""Donchian-96/48\"", \""channel_tf\"": \""15m\"", \""capital\"": 1000.0}"""
دوناتشيان,donchian,donchian,XLMUSDT,عرضي,Donchian-96/48,1,120781,120989,2021-11-23T23:01:00+00:00,2021-11-24T02:29:00+00:00,208,-0.022246380382367845,-22.246380382367846,1000.0,كسر-سفلي,0,False,True,,False,0.34020203,0.3401,0.0003,0.3335,1,baseline,0,"""{\""system\"": \""Donchian-96/48\"", \""channel_tf\"": \""15m\"", \""capital\"": 1000.0}"""
دوناتشيان,donchian,donchian,XLMUSDT,عرضي,Donchian-96/48,1,122917,124000,2021-11-25T10:37:00+00:00,2021-11-26T04:40:00+00:00,1083,0.0024215023138453454,2.4215023138453455,1000.0,كسر-سفلي,0,True,True,,False,0.33690294,0.3366,0.0009,0.3387,1,baseline,0,"""{\""system\"": \""Donchian-96/48\"", \""channel_tf\"": \""15m\"", \""capital\"": 1000.0}"""
دوناتشيان,donchian,donchian,XLMUSDT,عرضي,Donchian-96/48,1,124095,124185,2021-11-26T06:15:00+00:00,2021-11-26T07:45:00+00:00,90,-0.03753177233979665,-37.531772339796646,1000.0,كسر-سفلي,0,False,True,,False,0.34860904,0.3484,0.0006,0.3365,1,baseline,0,"""{\""system\"": \""Donchian-96/48\"", \""channel_tf\"": \""15m\"", \""capital\"": 1000.0}"""
دوناتشيان,donchian,donchian,XLMUSDT,عرضي,Donchian-96/48,1,128112,130907,2021-11-29T01:12:00+00:00,2021-11-30T23:47:00+00:00,2795,0.02858147513399453,28.58147513399453,1000.0,كسر-سفلي,0,True,True,,False,0.32639788999999997,0.3263,0.0003,0.3365,1,baseline,0,"""{\""system\"": \""Donchian-96/48\"", \""channel_tf\"": \""15m\"", \""capital\"": 1000.0}"""
دوناتشيان,donchian,donchian,XLMUSDT,عرضي,Donchian-96/48,1,133444,134769,2021-12-02T18:04:00+00:00,2021-12-03T16:09:00+00:00,1325,0.022677846949384507,22.677846949384506,1000.0,كسر-سفلي,0,True,True,,False,0.33540059,0.3353,0.0003,0.3439,1,baseline,0,"""{\""system\"": \""Donchian-96/48\"", \""channel_tf\"": \""15m\"", \""capital\"": 1000.0}"""
دوناتشيان,donchian,donchian,XLMUSDT,عرضي,Donchian-96/48,1,138200,138530,2021-12-06T01:20:00+00:00,2021-12-06T06:50:00+00:00,330,-0.07062228999610476,-70.62228999610475,1000.0,كسر-سفلي,0,False,True,,False,0.28697207999999996,0.2868,0.0006,0.2674,1,baseline,0,"""{\""system\"": \""Donchian-96/48\"", \""channel_tf\"": \""15m\"", \""capital\"": 1000.0}"""
دوناتشيان,donchian,donchian,XLMUSDT,صاعد,Donchian-96/48,1,139453,140301,2021-12-06T22:13:00+00:00,2021-12-07T12:21:00+00:00,848,-0.011378548123650759,-11.37854812365076,1000.0,كسر-سفلي,0,False,True,,False,0.29096162999999997,0.2907,0.0009,0.2884,1,baseline,0,"""{\""system\"": \""Donchian-96/48\"", \""channel_tf\"": \""15m\"", \""capital\"": 1000.0}"""
دوناتشيان,donchian,donchian,XLMUSDT,عرضي,Donchian-96/48,1,141307,142868,2021-12-08T05:07:00+00:00,2021-12-09T07:08:00+00:00,1561,-0.02921735535646927,-29.21735535646927,1000.0,كسر-سفلي,0,False,True,,False,0.29806802,0.2978,0.0009,0.2902,1,baseline,0,"""{\""system\"": \""Donchian-96/48\"", \""channel_tf\"": \""15m\"", \""capital\"": 1000.0}"""
دوناتشيان,donchian,donchian,XLMUSDT,عرضي,Donchian-96/48,1,147798,148270,2021-12-12T17:18:00+00:00,2021-12-13T01:10:00+00:00,472,-0.027918530422635347,-27.918530422635346,1000.0,كسر-سفلي,0,False,True,,False,0.27836691999999996,0.2782,0.0006,0.2713,1,baseline,0,"""{\""system\"": \""Donchian-96/48\"", \""channel_tf\"": \""15m\"", \""capital\"": 1000.0}"""
دوناتشيان,donchian,donchian,XLMUSDT,عرضي,Donchian-96/48,1,150421,151502,2021-12-14T13:01:00+00:00,2021-12-15T07:02:00+00:00,1081,-0.017159912679578847,-17.15991267957885,1000.0,كسر-سفلي,0,False,True,,False,0.26433768999999996,0.2641,0.0009,0.2604,1,baseline,0,"""{\""system\"": \""Donchian-96/48\"", \""channel_tf\"": \""15m\"", \""capital\"": 1000.0}"""
دوناتشيان,donchian,donchian,XLMUSDT,صاعد,Donchian-96/48,1,152511,153074,2021-12-15T23:51:00+00:00,2021-12-16T09:14:00+00:00,563,-0.034299777926594756,-34.29977792659476,1000.0,كسر-سفلي,0,False,True,,False,0.27584803999999996,0.2756,0.0009,0.267,1,baseline,0,"""{\""system\"": \""Donchian-96/48\"", \""channel_tf\"": \""15m\"", \""capital\"": 1000.0}"""
دوناتشيان,donchian,donchian,XLMUSDT,عرضي,Donchian-96/48,1,155693,156418,2021-12-18T04:53:00+00:00,2021-12-18T16:58:00+00:00,725,-0.018758693646829958,-18.758693646829958,1000.0,كسر-سفلي,0,False,True,,False,0.26275756,0.2626,0.0006,0.2585,1,baseline,0,"""{\""system\"": \""Donchian-96/48\"", \""channel_tf\"": \""15m\"", \""capital\"": 1000.0}"""
دوناتشيان,donchian,donchian,XLMUSDT,عرضي,Donchian-96/48,1,157682,157978,2021-12-19T14:02:00+00:00,2021-12-19T18:58:00+00:00,296,-0.033503092350129986,-33.50309235012998,1000.0,كسر-سفلي,0,False,True,,False,0.26663976,0.2664,0.0009,0.2583,1,baseline,0,"""{\""system\"": \""Donchian-96/48\"", \""channel_tf\"": \""15m\"", \""capital\"": 1000.0}"""
دوناتشيان,donchian,donchian,XLMUSDT,عرضي,Donchian-96/48,1,161087,162283,2021-12-21T22:47:00+00:00,2021-12-22T18:43:00+00:00,1196,-0.004010615722632844,-4.010615722632844,1000.0,كسر-سفلي,0,False,True,,False,0.26858055000000003,0.2685,0.0003,0.2682,1,baseline,0,"""{\""system\"": \""Donchian-96/48\"", \""channel_tf\"": \""15m\"", \""capital\"": 1000.0}"""
دوناتشيان,donchian,donchian,XLMUSDT,عرضي,Donchian-96/48,1,163032,164941,2021-12-23T07:12:00+00:00,2021-12-24T15:01:00+00:00,1909,0.0011766727661463798,1.1766727661463798,1000.0,كسر-سفلي,0,True,True,,False,0.27746637999999996,0.2773,0.0006,0.2786,1,baseline,0,"""{\""system\"": \""Donchian-96/48\"", \""channel_tf\"": \""15m\"", \""capital\"": 1000.0}"""
دوناتشيان,donchian,donchian,XLMUSDT,عرضي,Donchian-96/48,1,165600,166522,2021-12-25T02:00:00+00:00,2021-12-25T17:22:00+00:00,922,-0.016951225891157745,-16.951225891157744,1000.0,كسر-سفلي,0,False,True,,False,0.28905991999999997,0.2888,0.0009,0.2849,1,baseline,0,"""{\""system\"": \""Donchian-96/48\"", \""channel_tf\"": \""15m\"", \""capital\"": 1000.0}"""
دوناتشيان,donchian,donchian,XLMUSDT,عرضي,Donchian-96/48,1,166794,169809,2021-12-25T21:54:00+00:00,2021-12-28T00:09:00+00:00,3015,0.0008641567849978702,0.8641567849978702,1000.0,كسر-سفلي,0,True,True,,False,0.29468837999999997,0.2946,0.0003,0.2958,1,baseline,0,"""{\""system\"": \""Donchian-96/48\"", \""channel_tf\"": \""15m\"", \""capital\"": 1000.0}"""
دوناتشيان,donchian,donchian,XLMUSDT,عرضي,Donchian-96/48,1,174636,175256,2021-12-31T08:36:00+00:00,2021-12-31T18:56:00+00:00,620,-0.03792923588718978,-37.929235887189776,1000.0,كسر-سفلي,0,False,True,,False,0.27574795,0.2755,0.0009,0.2659,1,baseline,0,"""{\""system\"": \""Donchian-96/48\"", \""channel_tf\"": \""15m\"", \""capital\"": 1000.0}"""
دوناتشيان,donchian,donchian,XLMUSDT,عرضي,Donchian-96/48,1,176609,178998,2022-01-01T17:29:00+00:00,2022-01-03T09:18:00+00:00,2389,0.0397975706462178,39.7975706462178,1000.0,كسر-سفلي,0,True,True,,False,0.27598277,0.2759,0.0003,0.2878,1,baseline,0,"""{\""system\"": \""Donchian-96/48\"", \""channel_tf\"": \""15m\"", \""capital\"": 1000.0}"""
دوناتشيان,donchian,donchian,XLMUSDT,عرضي,Donchian-96/48,1,181801,182494,2022-01-05T08:01:00+00:00,2022-01-05T19:34:00+00:00,693,-0.02918622430635344,-29.186224306353438,1000.0,كسر-سفلي,0,False,True,,False,0.29116180999999997,0.2909,0.0009,0.2834,1,baseline,0,"""{\""system\"": \""Donchian-96/48\"", \""channel_tf\"": \""15m\"", \""capital\"": 1000.0}"""
دوناتشيان,donchian,donchian,XLMUSDT,عرضي,Donchian-96/48,1,188246,189066,2022-01-09T19:26:00+00:00,2022-01-10T09:06:00+00:00,820,-0.018850189099114595,-18.850189099114594,1000.0,كسر-سفلي,0,False,True,,False,0.26257875,0.2625,0.0003,0.2583,1,baseline,0,"""{\""system\"": \""Donchian-96/48\"", \""channel_tf\"": \""15m\"", \""capital\"": 1000.0}"""
دوناتشيان,donchian,donchian,XLMUSDT,عرضي,Donchian-96/48,1,190928,193756,2022-01-11T16:08:00+00:00,2022-01-13T15:16:00+00:00,2828,0.09273210290273615,92.73210290273614,1000.0,كسر-سفلي,0,True,True,,False,0.25657694999999997,0.2565,0.0003,0.2811,1,baseline,0,"""{\""system\"": \""Donchian-96/48\"", \""channel_tf\"": \""15m\"", \""capital\"": 1000.0}"""
دوناتشيان,donchian,donchian,XLMUSDT,عرضي,Donchian-96/48,1,203815,204221,2022-01-20T14:55:00+00:00,2022-01-20T21:41:00+00:00,406,-0.03299299108296548,-32.99299108296548,1000.0,كسر-سفلي,0,False,True,,False,0.25097527000000003,0.2509,0.0003,0.2434,1,baseline,0,"""{\""system\"": \""Donchian-96/48\"", \""channel_tf\"": \""15m\"", \""capital\"": 1000.0}"""
دوناتشيان,donchian,donchian,XLMUSDT,عرضي,Donchian-96/48,1,208633,209143,2022-01-23T23:13:00+00:00,2022-01-24T07:43:00+00:00,510,-0.057103168810743905,-57.1031688107439,1000.0,كسر-سفلي,0,False,True,,False,0.19987972999999998,0.1997,0.0009,0.1889,1,baseline,0,"""{\""system\"": \""Donchian-96/48\"", \""channel_tf\"": \""15m\"", \""capital\"": 1000.0}"""
دوناتشيان,donchian,donchian,XLMUSDT,صاعد,Donchian-96/48,1,210295,212764,2022-01-25T02:55:00+00:00,2022-01-26T20:04:00+00:00,2469,-0.01123893865556974,-11.23893865556974,1000.0,كسر-سفلي,0,False,True,,False,0.19835949,0.1983,0.0003,0.1967,1,baseline,0,"""{\""system\"": \""Donchian-96/48\"", \""channel_tf\"": \""15m\"", \""capital\"": 1000.0}"""
دوناتشيان,donchian,donchian,XLMUSDT,عرضي,Donchian-96/48,1,215709,218089,2022-01-28T21:09:00+00:00,2022-01-30T12:49:00+00:00,2380,0.007422193572627089,7.422193572627089,1000.0,كسر-سفلي,0,True,True,,False,0.19915972999999998,0.1991,0.0003,0.2011,1,baseline,0,"""{\""system\"": \""Donchian-96/48\"", \""channel_tf\"": \""15m\"", \""capital\"": 1000.0}"""
دوناتشيان,donchian,donchian,XLMUSDT,عرضي,Donchian-96/48,1,219773,222108,2022-01-31T16:53:00+00:00,2022-02-02T07:48:00+00:00,2335,-0.003593329890844948,-3.593329890844948,1000.0,كسر-سفلي,0,False,True,,False,0.20026006,0.2002,0.0003,0.2,1,baseline,0,"""{\""system\"": \""Donchian-96/48\"", \""channel_tf\"": \""15m\"", \""capital\"": 1000.0}"""
دوناتشيان,donchian,donchian,XLMUSDT,عرضي,Donchian-96/48,1,224520,226978,2022-02-04T00:00:00+00:00,2022-02-05T16:58:00+00:00,2458,0.08027147351417255,80.27147351417254,1000.0,كسر-سفلي,0,True,True,,False,0.19527558999999997,0.1951,0.0009,0.2115,1,baseline,0,"""{\""system\"": \""Donchian-96/48\"", \""channel_tf\"": \""15m\"", \""capital\"": 1000.0}"""
دوناتشيان,donchian,donchian,XLMUSDT,عرضي,Donchian-96/48,1,227505,228283,2022-02-06T01:45:00+00:00,2022-02-06T14:43:00+00:00,778,-0.00503611425406414,-5.03611425406414,1000.0,كسر-سفلي,0,False,True,,False,0.21676501,0.2167,0.0003,0.2163,1,baseline,0,"""{\""system\"": \""Donchian-96/48\"", \""channel_tf\"": \""15m\"", \""capital\"": 1000.0}"""
دوناتشيان,donchian,donchian,XLMUSDT,عرضي,Donchian-96/48,1,228820,231028,2022-02-06T23:40:00+00:00,2022-02-08T12:28:00+00:00,2208,0.0543897284848684,54.3897284848684,1000.0,كسر-سفلي,0,True,True,,False,0.22343397999999998,0.2233,0.0006,0.2362,1,baseline,0,"""{\""system\"": \""Donchian-96/48\"", \""channel_tf\"": \""15m\"", \""capital\"": 1000.0}"""
دوناتشيان,donchian,donchian,XLMUSDT,عرضي,Donchian-96/48,1,240457,242059,2022-02-15T01:37:00+00:00,2022-02-16T04:19:00+00:00,1602,0.0003823043442766791,0.3823043442766791,1000.0,كسر-سفلي,0,True,True,,False,0.21489323,0.2147,0.0009,0.2156,1,baseline,0,"""{\""system\"": \""Donchian-96/48\"", \""channel_tf\"": \""15m\"", \""capital\"": 1000.0}"""
دوناتشيان,donchian,donchian,XLMUSDT,عرضي,Donchian-96/48,1,243297,243756,2022-02-17T00:57:00+00:00,2022-02-17T08:36:00+00:00,459,-0.02219209342798094,-22.19209342798094,1000.0,كسر-سفلي,0,False,True,,False,0.22219979999999998,0.222,0.0009,0.2179,1,baseline,0,"""{\""system\"": \""Donchian-96/48\"", \""channel_tf\"": \""15m\"", \""capital\"": 1000.0}"""
دوناتشيان,donchian,donchian,XLMUSDT,عرضي,Donchian-96/48,1,246973,247721,2022-02-19T14:13:00+00:00,2022-02-20T02:41:00+00:00,748,-0.03413413173706345,-34.13413173706345,1000.0,كسر-سفلي,0,False,True,,False,0.20632372,0.2062,0.0006,0.1998,1,baseline,0,"""{\""system\"": \""Donchian-96/48\"", \""channel_tf\"": \""15m\"", \""capital\"": 1000.0}"""
دوناتشيان,donchian,donchian,XLMUSDT,عرضي,Donchian-96/48,1,251890,253064,2022-02-23T00:10:00+00:00,2022-02-23T19:44:00+00:00,1174,-0.009287657252724178,-9.287657252724179,1000.0,كسر-سفلي,0,False,True,,False,0.18731232,0.1872,0.0006,0.186,1,baseline,0,"""{\""system\"": \""Donchian-96/48\"", \""channel_tf\"": \""15m\"", \""capital\"": 1000.0}"""
دوناتشيان,donchian,donchian,XLMUSDT,عرضي,Donchian-96/48,1,255548,257670,2022-02-25T13:08:00+00:00,2022-02-27T00:30:00+00:00,2122,0.012821727034870393,12.821727034870392,1000.0,كسر-سفلي,0,True,True,,False,0.18681202,0.1867,0.0006,0.1897,1,baseline,0,"""{\""system\"": \""Donchian-96/48\"", \""channel_tf\"": \""15m\"", \""capital\"": 1000.0}"""
دوناتشيان,donchian,donchian,XLMUSDT,عرضي,Donchian-96/48,1,260067,261991,2022-02-28T16:27:00+00:00,2022-03-02T00:31:00+00:00,1924,0.021384013988855945,21.384013988855944,1000.0,كسر-سفلي,0,True,True,,False,0.19065717999999998,0.1906,0.0003,0.1953,1,baseline,0,"""{\""system\"": \""Donchian-96/48\"", \""channel_tf\"": \""15m\"", \""capital\"": 1000.0}"""
دوناتشيان,donchian,donchian,XLMUSDT,عرضي,Donchian-96/48,1,267733,267963,2022-03-06T00:13:00+00:00,2022-03-06T04:03:00+00:00,230,-0.02359533800853588,-23.59533800853588,1000.0,كسر-سفلي,0,False,True,,False,0.18085423999999997,0.1808,0.0003,0.1771,1,baseline,0,"""{\""system\"": \""Donchian-96/48\"", \""channel_tf\"": \""15m\"", \""capital\"": 1000.0}"""
دوناتشيان,donchian,donchian,XLMUSDT,عرضي,Donchian-96/48,1,272158,273746,2022-03-09T01:58:00+00:00,2022-03-10T04:26:00+00:00,1588,0.051548232474046454,51.54823247404646,1000.0,كسر-سفلي,0,True,True,,False,0.17485244,0.1748,0.0003,0.1844,1,baseline,0,"""{\""system\"": \""Donchian-96/48\"", \""channel_tf\"": \""15m\"", \""capital\"": 1000.0}"""
دوناتشيان,donchian,donchian,XLMUSDT,عرضي,Donchian-96/48,1,276205,277097,2022-03-11T21:25:00+00:00,2022-03-12T12:17:00+00:00,892,0.0003426730352695917,0.3426730352695917,1000.0,كسر-سفلي,0,True,True,,False,0.18196361999999996,0.1818,0.0009,0.1825,1,baseline,0,"""{\""system\"": \""Donchian-96/48\"", \""channel_tf\"": \""15m\"", \""capital\"": 1000.0}"""
دوناتشيان,donchian,donchian,XLMUSDT,عرضي,Donchian-96/48,1,281424,285058,2022-03-15T12:24:00+00:00,2022-03-18T00:58:00+00:00,3634,0.03174130439094751,31.74130439094751,1000.0,كسر-سفلي,0,True,True,,False,0.1811629,0.181,0.0009,0.1874,1,baseline,0,"""{\""system\"": \""Donchian-96/48\"", \""channel_tf\"": \""15m\"", \""capital\"": 1000.0}"""
دوناتشيان,donchian,donchian,XLMUSDT,عرضي,Donchian-96/48,1,286013,288602,2022-03-18T16:53:00+00:00,2022-03-20T12:02:00+00:00,2589,0.013425910865485745,13.425910865485745,1000.0,كسر-سفلي,0,True,True,,False,0.19195757,0.1919,0.0003,0.1951,1,baseline,0,"""{\""system\"": \""Donchian-96/48\"", \""channel_tf\"": \""15m\"", \""capital\"": 1000.0}"""
دوناتشيان,donchian,donchian,XLMUSDT,عرضي,Donchian-96/48,1,290138,292468,2022-03-21T13:38:00+00:00,2022-03-23T04:28:00+00:00,2330,0.029623147904873654,29.623147904873655,1000.0,كسر-سفلي,0,True,True,,False,0.19935979,0.1993,0.0003,0.2058,1,baseline,0,"""{\""system\"": \""Donchian-96/48\"", \""channel_tf\"": \""15m\"", \""capital\"": 1000.0}"""
دوناتشيان,donchian,donchian,XLMUSDT,عرضي,Donchian-96/48,1,294182,295552,2022-03-24T09:02:00+00:00,2022-03-25T07:52:00+00:00,1370,0.003694329690865103,3.694329690865103,1000.0,كسر-سفلي,0,True,True,,False,0.21186354,0.2118,0.0003,0.2132,1,baseline,0,"""{\""system\"": \""Donchian-96/48\"", \""channel_tf\"": \""15m\"", \""capital\"": 1000.0}"""
دوناتشيان,donchian,donchian,XLMUSDT,عرضي,Donchian-96/48,1,295647,296111,2022-03-25T09:27:00+00:00,2022-03-25T17:11:00+00:00,464,-0.03466371060439783,-34.66371060439783,1000.0,كسر-سفلي,0,False,True,,False,0.21759566,0.2174,0.0009,0.2106,1,baseline,0,"""{\""system\"": \""Donchian-96/48\"", \""channel_tf\"": \""15m\"", \""capital\"": 1000.0}"""
دوناتشيان,donchian,donchian,XLMUSDT,عرضي,Donchian-96/48,1,297939,298739,2022-03-26T23:39:00+00:00,2022-03-27T12:59:00+00:00,800,0.00144729305751567,1.4472930575156702,1000.0,كسر-سفلي,0,True,True,,False,0.21482881999999998,0.2147,0.0006,0.2157,1,baseline,0,"""{\""system\"": \""Donchian-96/48\"", \""channel_tf\"": \""15m\"", \""capital\"": 1000.0}"""
دوناتشيان,donchian,donchian,XLMUSDT,عرضي,Donchian-96/48,1,298878,300832,2022-03-27T15:18:00+00:00,2022-03-28T23:52:00+00:00,1954,0.04569363298531906,45.69363298531906,1000.0,كسر-سفلي,0,True,True,,False,0.2210663,0.221,0.0003,0.2317,1,baseline,0,"""{\""system\"": \""Donchian-96/48\"", \""channel_tf\"": \""15m\"", \""capital\"": 1000.0}"""
دوناتشيان,donchian,donchian,XLMUSDT,عرضي,Donchian-96/48,1,303341,304561,2022-03-30T17:41:00+00:00,2022-03-31T14:01:00+00:00,1220,-0.011332265163222423,-11.332265163222424,1000.0,كسر-سفلي,0,False,True,,False,0.23647092,0.2364,0.0003,0.2344,1,baseline,0,"""{\""system\"": \""Donchian-96/48\"", \""channel_tf\"": \""15m\"", \""capital\"": 1000.0}"""
دوناتشيان,donchian,donchian,XLMUSDT,عرضي,Donchian-96/48,1,306633,310086,2022-04-02T00:33:00+00:00,2022-04-04T10:06:00+00:00,3453,-0.00589340966330485,-5.89340966330485,1000.0,كسر-سفلي,0,False,True,,False,0.23296987,0.2329,0.0003,0.2322,1,baseline,0,"""{\""system\"": \""Donchian-96/48\"", \""channel_tf\"": \""15m\"", \""capital\"": 1000.0}"""
دوناتشيان,donchian,donchian,XLMUSDT,عرضي,Donchian-96/48,1,319162,319472,2022-04-10T17:22:00+00:00,2022-04-10T22:32:00+00:00,310,-0.017215208953225737,-17.215208953225737,1000.0,كسر-سفلي,0,False,True,,False,0.20626186,0.2062,0.0003,0.2033,1,baseline,0,"""{\""system\"": \""Donchian-96/48\"", \""channel_tf\"": \""15m\"", \""capital\"": 1000.0}"""
دوناتشيان,donchian,donchian,XLMUSDT,عرضي,Donchian-96/48,1,321688,322144,2022-04-12T11:28:00+00:00,2022-04-12T19:04:00+00:00,456,-0.026156556521696264,-26.156556521696263,1000.0,كسر-سفلي,0,False,True,,False,0.19301573999999996,0.1929,0.0006,0.1884,1,baseline,0,"""{\""system\"": \""Donchian-96/48\"", \""channel_tf\"": \""15m\"", \""capital\"": 1000.0}"""
دوناتشيان,donchian,donchian,XLMUSDT,عرضي,Donchian-96/48,1,323138,324517,2022-04-13T11:38:00+00:00,2022-04-14T10:37:00+00:00,1379,0.004295924252760499,4.295924252760499,1000.0,كسر-سفلي,0,True,True,,False,0.19421645999999998,0.1941,0.0006,0.1955,1,baseline,0,"""{\""system\"": \""Donchian-96/48\"", \""channel_tf\"": \""15m\"", \""capital\"": 1000.0}"""
دوناتشيان,donchian,donchian,XLMUSDT,عرضي,Donchian-96/48,1,325484,327700,2022-04-15T02:44:00+00:00,2022-04-16T15:40:00+00:00,2216,0.012643715561090008,12.643715561090008,1000.0,كسر-سفلي,0,True,True,,False,0.20018,0.2,0.0009,0.2033,1,baseline,0,"""{\""system\"": \""Donchian-96/48\"", \""channel_tf\"": \""15m\"", \""capital\"": 1000.0}"""
دوناتشيان,donchian,donchian,XLMUSDT,صاعد,Donchian-96/48,1,330767,331492,2022-04-18T18:47:00+00:00,2022-04-19T06:52:00+00:00,725,-0.01200442554972857,-12.004425549728571,1000.0,كسر-سفلي,0,False,True,,False,0.20376111,0.2037,0.0003,0.2019,1,baseline,0,"""{\""system\"": \""Donchian-96/48\"", \""channel_tf\"": \""15m\"", \""capital\"": 1000.0}"""
دوناتشيان,donchian,donchian,XLMUSDT,عرضي,Donchian-96/48,1,333057,333347,2022-04-20T08:57:00+00:00,2022-04-20T13:47:00+00:00,290,-0.02318456568536579,-23.18456568536579,1000.0,كسر-سفلي,0,False,True,,False,0.20568494999999998,0.2055,0.0009,0.2015,1,baseline,0,"""{\""system\"": \""Donchian-96/48\"", \""channel_tf\"": \""15m\"", \""capital\"": 1000.0}"""
دوناتشيان,donchian,donchian,XLMUSDT,صاعد,Donchian-96/48,1,341117,341886,2022-04-25T23:17:00+00:00,2022-04-26T12:06:00+00:00,769,-0.017646189207519817,-17.646189207519818,1000.0,كسر-سفلي,0,False,True,,False,0.19225766,0.1922,0.0003,0.1893,1,baseline,0,"""{\""system\"": \""Donchian-96/48\"", \""channel_tf\"": \""15m\"", \""capital\"": 1000.0}"""
دوناتشيان,donchian,donchian,XLMUSDT,عرضي,Donchian-96/48,1,344264,344823,2022-04-28T03:44:00+00:00,2022-04-28T13:03:00+00:00,559,-0.01781844548025908,-17.818445480259083,1000.0,كسر-سفلي,0,False,True,,False,0.18715612999999998,0.1871,0.0003,0.1843,1,baseline,0,"""{\""system\"": \""Donchian-96/48\"", \""channel_tf\"": \""15m\"", \""capital\"": 1000.0}"""
دوناتشيان,donchian,donchian,XLMUSDT,عرضي,Donchian-96/48,1,349768,350472,2022-05-01T23:28:00+00:00,2022-05-02T11:12:00+00:00,704,-0.02070245322225031,-20.702453222250313,1000.0,كسر-سفلي,0,False,True,,False,0.17665884999999998,0.1765,0.0009,0.1734,1,baseline,0,"""{\""system\"": \""Donchian-96/48\"", \""channel_tf\"": \""15m\"", \""capital\"": 1000.0}"""
دوناتشيان,donchian,donchian,XLMUSDT,عرضي,Donchian-96/48,1,353664,354643,2022-05-04T16:24:00+00:00,2022-05-05T08:43:00+00:00,979,0.03059517891254119,30.59517891254119,1000.0,كسر-سفلي,0,True,True,,False,0.17715929999999996,0.177,0.0009,0.183,1,baseline,0,"""{\""system\"": \""Donchian-96/48\"", \""channel_tf\"": \""15m\"", \""capital\"": 1000.0}"""
دوناتشيان,donchian,donchian,XLMUSDT,عرضي,Donchian-96/48,1,356932,357299,2022-05-06T22:52:00+00:00,2022-05-07T04:59:00+00:00,367,-0.034218604570633984,-34.218604570633985,1000.0,كسر-سفلي,0,False,True,,False,0.17200314,0.1719,0.0006,0.1665,1,baseline,0,"""{\""system\"": \""Donchian-96/48\"", \""channel_tf\"": \""15m\"", \""capital\"": 1000.0}"""
دوناتشيان,donchian,donchian,XLMUSDT,عرضي,Donchian-96/48,1,365820,366708,2022-05-13T03:00:00+00:00,2022-05-13T17:48:00+00:00,888,0.017107665618559604,17.107665618559604,1000.0,كسر-سفلي,0,True,True,,False,0.12967775999999998,0.1296,0.0006,0.1322,1,baseline,0,"""{\""system\"": \""Donchian-96/48\"", \""channel_tf\"": \""15m\"", \""capital\"": 1000.0}"""
دوناتشيان,donchian,donchian,XLMUSDT,عرضي,Donchian-96/48,1,367297,367758,2022-05-14T03:37:00+00:00,2022-05-14T11:18:00+00:00,461,-0.07182608009007117,-71.82608009007117,1000.0,كسر-سفلي,0,False,True,,False,0.140126,0.14,0.0009,0.1304,1,baseline,0,"""{\""system\"": \""Donchian-96/48\"", \""channel_tf\"": \""15m\"", \""capital\"": 1000.0}"""
دوناتشيان,donchian,donchian,XLMUSDT,عرضي,Donchian-96/48,1,369214,370339,2022-05-15T11:34:00+00:00,2022-05-16T06:19:00+00:00,1125,-0.02283766214149875,-22.837662141498747,1000.0,كسر-سفلي,0,False,True,,False,0.13918345999999998,0.1391,0.0006,0.1364,1,baseline,0,"""{\""system\"": \""Donchian-96/48\"", \""channel_tf\"": \""15m\"", \""capital\"": 1000.0}"""
دوناتشيان,donchian,donchian,XLMUSDT,عرضي,Donchian-96/48,1,371802,372294,2022-05-17T06:42:00+00:00,2022-05-17T14:54:00+00:00,492,-0.029588180244309353,-29.588180244309353,1000.0,كسر-سفلي,0,False,True,,False,0.14142717,0.1413,0.0009,0.1376,1,baseline,0,"""{\""system\"": \""Donchian-96/48\"", \""channel_tf\"": \""15m\"", \""capital\"": 1000.0}"""
دوناتشيان,donchian,donchian,XLMUSDT,عرضي,Donchian-96/48,1,372787,373609,2022-05-17T23:07:00+00:00,2022-05-18T12:49:00+00:00,822,-0.04393872833105265,-43.938728331052644,1000.0,كسر-سفلي,0,False,True,,False,0.14198513999999998,0.1419,0.0006,0.1361,1,baseline,0,"""{\""system\"": \""Donchian-96/48\"", \""channel_tf\"": \""15m\"", \""capital\"": 1000.0}"""
دوناتشيان,donchian,donchian,XLMUSDT,عرضي,Donchian-96/48,1,376384,376537,2022-05-20T11:04:00+00:00,2022-05-20T13:37:00+00:00,153,-0.03193838217214689,-31.938382172146888,1000.0,كسر-سفلي,0,False,True,,False,0.13394017,0.1339,0.0003,0.13,1,baseline,0,"""{\""system\"": \""Donchian-96/48\"", \""channel_tf\"": \""15m\"", \""capital\"": 1000.0}"""
دوناتشيان,donchian,donchian,XLMUSDT,عرضي,Donchian-96/48,1,378065,381179,2022-05-21T15:05:00+00:00,2022-05-23T18:59:00+00:00,3114,0.03039001785925561,30.39001785925561,1000.0,كسر-سفلي,0,True,True,,False,0.12951645999999997,0.1294,0.0009,0.1338,1,baseline,0,"""{\""system\"": \""Donchian-96/48\"", \""channel_tf\"": \""15m\"", \""capital\"": 1000.0}"""
دوناتشيان,donchian,donchian,XLMUSDT,عرضي,Donchian-96/48,1,382861,383571,2022-05-24T23:01:00+00:00,2022-05-25T10:51:00+00:00,710,-0.019936508077820696,-19.936508077820697,1000.0,كسر-سفلي,0,False,True,,False,0.13233969,0.1323,0.0003,0.13,1,baseline,0,"""{\""system\"": \""Donchian-96/48\"", \""channel_tf\"": \""15m\"", \""capital\"": 1000.0}"""
دوناتشيان,donchian,donchian,XLMUSDT,عرضي,Donchian-96/48,1,388736,393326,2022-05-29T00:56:00+00:00,2022-06-01T05:26:00+00:00,4590,0.1667725445104183,166.7725445104183,1000.0,كسر-سفلي,0,True,True,,False,0.12407439999999999,0.124,0.0006,0.1451,1,baseline,0,"""{\""system\"": \""Donchian-96/48\"", \""channel_tf\"": \""15m\"", \""capital\"": 1000.0}"""
دوناتشيان,donchian,donchian,XLMUSDT,عرضي,Donchian-96/48,1,395539,396529,2022-06-02T18:19:00+00:00,2022-06-03T10:49:00+00:00,990,0.004441912889209553,4.441912889209553,1000.0,كسر-سفلي,0,True,True,,False,0.14174251,0.1417,0.0003,0.1427,1,baseline,0,"""{\""system\"": \""Donchian-96/48\"", \""channel_tf\"": \""15m\"", \""capital\"": 1000.0}"""
دوناتشيان,donchian,donchian,XLMUSDT,عرضي,Donchian-96/48,1,399547,400178,2022-06-05T13:07:00+00:00,2022-06-05T23:38:00+00:00,631,-0.016592448719985112,-16.59244871998511,1000.0,كسر-سفلي,0,False,True,,False,0.14568736,0.1456,0.0006,0.1436,1,baseline,0,"""{\""system\"": \""Donchian-96/48\"", \""channel_tf\"": \""15m\"", \""capital\"": 1000.0}"""
دوناتشيان,donchian,donchian,XLMUSDT,عرضي,Donchian-96/48,1,400428,401021,2022-06-06T03:48:00+00:00,2022-06-06T13:41:00+00:00,593,-0.022994766237079797,-22.994766237079798,1000.0,كسر-سفلي,0,False,True,,False,0.14828892,0.1482,0.0006,0.1453,1,baseline,0,"""{\""system\"": \""Donchian-96/48\"", \""channel_tf\"": \""15m\"", \""capital\"": 1000.0}"""
دوناتشيان,donchian,donchian,XLMUSDT,عرضي,Donchian-96/48,1,412663,413404,2022-06-14T15:43:00+00:00,2022-06-15T04:04:00+00:00,741,-0.04364591149448842,-43.645911494488416,1000.0,كسر-سفلي,0,False,True,,False,0.11423425999999999,0.1142,0.0003,0.1095,1,baseline,0,"""{\""system\"": \""Donchian-96/48\"", \""channel_tf\"": \""15m\"", \""capital\"": 1000.0}"""
دوناتشيان,donchian,donchian,XLMUSDT,عرضي,Donchian-96/48,1,414460,415099,2022-06-15T21:40:00+00:00,2022-06-16T08:19:00+00:00,639,-0.03158128613568888,-31.581286135688877,1000.0,كسر-سفلي,0,False,True,,False,0.1170351,0.117,0.0003,0.1136,1,baseline,0,"""{\""system\"": \""Donchian-96/48\"", \""channel_tf\"": \""15m\"", \""capital\"": 1000.0}"""
دوناتشيان,donchian,donchian,XLMUSDT,عرضي,Donchian-96/48,1,416490,417582,2022-06-17T07:30:00+00:00,2022-06-18T01:42:00+00:00,1092,-0.05294930202805691,-52.949302028056906,1000.0,كسر-سفلي,0,False,True,,False,0.11630457999999999,0.1162,0.0009,0.1104,1,baseline,0,"""{\""system\"": \""Donchian-96/48\"", \""channel_tf\"": \""15m\"", \""capital\"": 1000.0}"""
دوناتشيان,donchian,donchian,XLMUSDT,عرضي,Donchian-96/48,1,419537,420686,2022-06-19T10:17:00+00:00,2022-06-20T05:26:00+00:00,1149,-0.010082300108284214,-10.082300108284214,1000.0,كسر-سفلي,0,False,True,,False,0.11106659999999999,0.111,0.0006,0.1102,1,baseline,0,"""{\""system\"": \""Donchian-96/48\"", \""channel_tf\"": \""15m\"", \""capital\"": 1000.0}"""
دوناتشيان,donchian,donchian,XLMUSDT,عرضي,Donchian-96/48,1,421015,421661,2022-06-20T10:55:00+00:00,2022-06-20T21:41:00+00:00,646,-0.04045810303425564,-40.45810303425564,1000.0,كسر-سفلي,0,False,True,,False,0.11687007999999999,0.1168,0.0006,0.1124,1,baseline,0,"""{\""system\"": \""Donchian-96/48\"", \""channel_tf\"": \""15m\"", \""capital\"": 1000.0}"""
دوناتشيان,donchian,donchian,XLMUSDT,عرضي,Donchian-96/48,1,422350,423008,2022-06-21T09:10:00+00:00,2022-06-21T20:08:00+00:00,658,-0.04030157553170643,-40.301575531706426,1000.0,كسر-سفلي,0,False,True,,False,0.11827091999999999,0.1182,0.0006,0.1138,1,baseline,0,"""{\""system\"": \""Donchian-96/48\"", \""channel_tf\"": \""15m\"", \""capital\"": 1000.0}"""
دوناتشيان,donchian,donchian,XLMUSDT,عرضي,Donchian-96/48,1,424733,425697,2022-06-23T00:53:00+00:00,2022-06-23T16:57:00+00:00,964,-0.008626130075187475,-8.626130075187476,1000.0,كسر-سفلي,0,False,True,,False,0.11583473999999999,0.1158,0.0003,0.1151,1,baseline,0,"""{\""system\"": \""Donchian-96/48\"", \""channel_tf\"": \""15m\"", \""capital\"": 1000.0}"""
دوناتشيان,donchian,donchian,XLMUSDT,عرضي,Donchian-96/48,1,426125,428301,2022-06-24T00:05:00+00:00,2022-06-25T12:21:00+00:00,2176,0.05858301895453492,58.583018954534914,1000.0,كسر-سفلي,0,True,True,,False,0.11947164,0.1194,0.0006,0.1268,1,baseline,0,"""{\""system\"": \""Donchian-96/48\"", \""channel_tf\"": \""15m\"", \""capital\"": 1000.0}"""
دوناتشيان,donchian,donchian,XLMUSDT,عرضي,Donchian-96/48,1,436153,436843,2022-06-30T23:13:00+00:00,2022-07-01T10:43:00+00:00,690,-0.023077352326402872,-23.077352326402874,1000.0,كسر-سفلي,0,False,True,,False,0.11036618,0.1103,0.0006,0.1081,1,baseline,0,"""{\""system\"": \""Donchian-96/48\"", \""channel_tf\"": \""15m\"", \""capital\"": 1000.0}"""
دوناتشيان,donchian,donchian,XLMUSDT,عرضي,Donchian-96/48,1,440266,440702,2022-07-03T19:46:00+00:00,2022-07-04T03:02:00+00:00,436,-0.028393243279462195,-28.393243279462194,1000.0,كسر-سفلي,0,False,True,,False,0.10953285,0.1095,0.0003,0.1067,1,baseline,0,"""{\""system\"": \""Donchian-96/48\"", \""channel_tf\"": \""15m\"", \""capital\"": 1000.0}"""
دوناتشيان,donchian,donchian,XLMUSDT,عرضي,Donchian-96/48,1,444729,447038,2022-07-06T22:09:00+00:00,2022-07-08T12:38:00+00:00,2309,0.023083906444799174,23.083906444799176,1000.0,كسر-سفلي,0,True,True,,False,0.110066,0.11,0.0006,0.1129,1,baseline,0,"""{\""system\"": \""Donchian-96/48\"", \""channel_tf\"": \""15m\"", \""capital\"": 1000.0}"""
دوناتشيان,donchian,donchian,XLMUSDT,عرضي,Donchian-96/48,1,453962,454240,2022-07-13T08:02:00+00:00,2022-07-13T12:40:00+00:00,278,-0.037160715153919055,-37.16071515391906,1000.0,كسر-سفلي,0,False,True,,False,0.10366215999999999,0.1036,0.0006,0.1001,1,baseline,0,"""{\""system\"": \""Donchian-96/48\"", \""channel_tf\"": \""15m\"", \""capital\"": 1000.0}"""
دوناتشيان,donchian,donchian,XLMUSDT,عرضي,Donchian-96/48,1,454791,455437,2022-07-13T21:51:00+00:00,2022-07-14T08:37:00+00:00,646,-0.018822619206618638,-18.822619206618636,1000.0,كسر-سفلي,0,False,True,,False,0.10453135,0.1045,0.0003,0.1028,1,baseline,0,"""{\""system\"": \""Donchian-96/48\"", \""channel_tf\"": \""15m\"", \""capital\"": 1000.0}"""
دوناتشيان,donchian,donchian,XLMUSDT,عرضي,Donchian-96/48,1,455998,457331,2022-07-14T17:58:00+00:00,2022-07-15T16:11:00+00:00,1333,-0.004478815818432579,-4.4788158184325795,1000.0,كسر-سفلي,0,False,True,,False,0.1060318,0.106,0.0003,0.1058,1,baseline,0,"""{\""system\"": \""Donchian-96/48\"", \""channel_tf\"": \""15m\"", \""capital\"": 1000.0}"""
دوناتشيان,donchian,donchian,XLMUSDT,عرضي,Donchian-96/48,1,458772,460027,2022-07-16T16:12:00+00:00,2022-07-17T13:07:00+00:00,1255,-0.008380273804927311,-8.380273804927311,1000.0,كسر-سفلي,0,False,True,,False,0.10869773999999999,0.1086,0.0009,0.1081,1,baseline,0,"""{\""system\"": \""Donchian-96/48\"", \""channel_tf\"": \""15m\"", \""capital\"": 1000.0}"""
دوناتشيان,donchian,donchian,XLMUSDT,عرضي,Donchian-96/48,1,461020,461818,2022-07-18T05:40:00+00:00,2022-07-18T18:58:00+00:00,798,-0.0020017010100985143,-2.001701010098514,1000.0,كسر-سفلي,0,False,True,,False,0.1115669,0.1115,0.0006,0.1116,1,baseline,0,"""{\""system\"": \""Donchian-96/48\"", \""channel_tf\"": \""15m\"", \""capital\"": 1000.0}"""
دوناتشيان,donchian,donchian,XLMUSDT,عرضي,Donchian-96/48,1,462869,464092,2022-07-19T12:29:00+00:00,2022-07-20T08:52:00+00:00,1223,0.008268276924889423,8.268276924889424,1000.0,كسر-سفلي,0,True,True,,False,0.11613483,0.1161,0.0003,0.1174,1,baseline,0,"""{\""system\"": \""Donchian-96/48\"", \""channel_tf\"": \""15m\"", \""capital\"": 1000.0}"""
دوناتشيان,donchian,donchian,XLMUSDT,عرضي,Donchian-96/48,1,466887,467383,2022-07-22T07:27:00+00:00,2022-07-22T15:43:00+00:00,496,-0.022298010849130915,-22.298010849130915,1000.0,كسر-سفلي,0,False,True,,False,0.11486887999999999,0.1148,0.0006,0.1126,1,baseline,0,"""{\""system\"": \""Donchian-96/48\"", \""channel_tf\"": \""15m\"", \""capital\"": 1000.0}"""
دوناتشيان,donchian,donchian,XLMUSDT,عرضي,Donchian-96/48,1,469642,470789,2022-07-24T05:22:00+00:00,2022-07-25T00:29:00+00:00,1147,-0.01371519817293267,-13.71519817293267,1000.0,كسر-سفلي,0,False,True,,False,0.11380232999999998,0.1137,0.0009,0.1125,1,baseline,0,"""{\""system\"": \""Donchian-96/48\"", \""channel_tf\"": \""15m\"", \""capital\"": 1000.0}"""
دوناتشيان,donchian,donchian,XLMUSDT,عرضي,Donchian-96/48,1,473983,475832,2022-07-27T05:43:00+00:00,2022-07-28T12:32:00+00:00,1849,0.04301330622176119,43.013306221761184,1000.0,كسر-سفلي,0,True,True,,False,0.10573170999999999,0.1057,0.0003,0.1106,1,baseline,0,"""{\""system\"": \""Donchian-96/48\"", \""channel_tf\"": \""15m\"", \""capital\"": 1000.0}"""
دوناتشيان,donchian,donchian,XLMUSDT,عرضي,Donchian-96/48,1,476004,477270,2022-07-28T15:24:00+00:00,2022-07-29T12:30:00+00:00,1266,0.013234871648776299,13.234871648776299,1000.0,كسر-سفلي,0,True,True,,False,0.11343402,0.1134,0.0003,0.1152,1,baseline,0,"""{\""system\"": \""Donchian-96/48\"", \""channel_tf\"": \""15m\"", \""capital\"": 1000.0}"""
دوناتشيان,donchian,donchian,XLMUSDT,عرضي,Donchian-96/48,1,477925,479776,2022-07-29T23:25:00+00:00,2022-07-31T06:16:00+00:00,1851,-0.011232954980418635,-11.232954980418635,1000.0,كسر-سفلي,0,False,True,,False,0.11967175999999999,0.1196,0.0006,0.1186,1,baseline,0,"""{\""system\"": \""Donchian-96/48\"", \""channel_tf\"": \""15m\"", \""capital\"": 1000.0}"""
دوناتشيان,donchian,donchian,XLMUSDT,عرضي,Donchian-96/48,1,486965,492421,2022-08-05T06:05:00+00:00,2022-08-09T01:01:00+00:00,5456,0.09963401320206806,99.63401320206806,1000.0,كسر-سفلي,0,True,True,,False,0.11677001999999999,0.1167,0.0006,0.1287,1,baseline,0,"""{\""system\"": \""Donchian-96/48\"", \""channel_tf\"": \""15m\"", \""capital\"": 1000.0}"""
دوناتشيان,donchian,donchian,XLMUSDT,عرضي,Donchian-96/48,1,494568,496191,2022-08-10T12:48:00+00:00,2022-08-11T15:51:00+00:00,1623,-0.006672904471106122,-6.672904471106122,1000.0,كسر-سفلي,0,False,True,,False,0.12551286,0.1254,0.0009,0.125,1,baseline,0,"""{\""system\"": \""Donchian-96/48\"", \""channel_tf\"": \""15m\"", \""capital\"": 1000.0}"""
دوناتشيان,donchian,donchian,XLMUSDT,عرضي,Donchian-96/48,1,498076,499652,2022-08-12T23:16:00+00:00,2022-08-14T01:32:00+00:00,1576,-0.008417901623117594,-8.417901623117594,1000.0,كسر-سفلي,0,False,True,,False,0.12647584,0.1264,0.0006,0.1257,1,baseline,0,"""{\""system\"": \""Donchian-96/48\"", \""channel_tf\"": \""15m\"", \""capital\"": 1000.0}"""
دوناتشيان,donchian,donchian,XLMUSDT,عرضي,Donchian-96/48,1,500019,500569,2022-08-14T07:39:00+00:00,2022-08-14T16:49:00+00:00,550,-0.021009396602222556,-21.009396602222555,1000.0,كسر-سفلي,0,False,True,,False,0.12877722,0.1287,0.0006,0.1264,1,baseline,0,"""{\""system\"": \""Donchian-96/48\"", \""channel_tf\"": \""15m\"", \""capital\"": 1000.0}"""
دوناتشيان,donchian,donchian,XLMUSDT,عرضي,Donchian-96/48,1,503964,504633,2022-08-17T01:24:00+00:00,2022-08-17T12:33:00+00:00,669,-0.025631599784856744,-25.631599784856743,1000.0,كسر-سفلي,0,False,True,,False,0.12447463999999998,0.1244,0.0006,0.1216,1,baseline,0,"""{\""system\"": \""Donchian-96/48\"", \""channel_tf\"": \""15m\"", \""capital\"": 1000.0}"""
دوناتشيان,donchian,donchian,XLMUSDT,عرضي,Donchian-96/48,1,510124,511303,2022-08-21T08:04:00+00:00,2022-08-22T03:43:00+00:00,1179,-0.011313602118529005,-11.313602118529005,1000.0,كسر-سفلي,0,False,True,,False,0.11059944999999999,0.1105,0.0009,0.1096,1,baseline,0,"""{\""system\"": \""Donchian-96/48\"", \""channel_tf\"": \""15m\"", \""capital\"": 1000.0}"""
دوناتشيان,donchian,donchian,XLMUSDT,عرضي,Donchian-96/48,1,513367,514073,2022-08-23T14:07:00+00:00,2022-08-24T01:53:00+00:00,706,-0.013753721908864987,-13.753721908864987,1000.0,كسر-سفلي,0,False,True,,False,0.11026612,0.1102,0.0006,0.109,1,baseline,0,"""{\""system\"": \""Donchian-96/48\"", \""channel_tf\"": \""15m\"", \""capital\"": 1000.0}"""
دوناتشيان,donchian,donchian,XLMUSDT,عرضي,Donchian-96/48,1,515779,516337,2022-08-25T06:19:00+00:00,2022-08-25T15:37:00+00:00,558,-0.019359882841793522,-19.35988284179352,1000.0,كسر-سفلي,0,False,True,,False,0.11106659999999999,0.111,0.0006,0.1092,1,baseline,0,"""{\""system\"": \""Donchian-96/48\"", \""channel_tf\"": \""15m\"", \""capital\"": 1000.0}"""
دوناتشيان,donchian,donchian,XLMUSDT,عرضي,Donchian-96/48,1,517333,517745,2022-08-26T08:13:00+00:00,2022-08-26T15:05:00+00:00,412,-0.024435801336590412,-24.435801336590412,1000.0,كسر-سفلي,0,False,True,,False,0.11109989999999999,0.111,0.0009,0.1087,1,baseline,0,"""{\""system\"": \""Donchian-96/48\"", \""channel_tf\"": \""15m\"", \""capital\"": 1000.0}"""
دوناتشيان,donchian,donchian,XLMUSDT,عرضي,Donchian-96/48,1,519806,520580,2022-08-28T01:26:00+00:00,2022-08-28T14:20:00+00:00,774,-0.014195156485613742,-14.195156485613742,1000.0,كسر-سفلي,0,False,True,,False,0.10593177,0.1059,0.0003,0.1047,1,baseline,0,"""{\""system\"": \""Donchian-96/48\"", \""channel_tf\"": \""15m\"", \""capital\"": 1000.0}"""
دوناتشيان,donchian,donchian,XLMUSDT,عرضي,Donchian-96/48,1,520685,521112,2022-08-28T16:05:00+00:00,2022-08-28T23:12:00+00:00,427,-0.023806750097885084,-23.806750097885082,1000.0,كسر-سفلي,0,False,True,,False,0.10643191999999999,0.1064,0.0003,0.1042,1,baseline,0,"""{\""system\"": \""Donchian-96/48\"", \""channel_tf\"": \""15m\"", \""capital\"": 1000.0}"""
دوناتشيان,donchian,donchian,XLMUSDT,عرضي,Donchian-96/48,1,522574,523351,2022-08-29T23:34:00+00:00,2022-08-30T12:31:00+00:00,777,-0.014501396625997101,-14.501396625997101,1000.0,كسر-سفلي,0,False,True,,False,0.10586348,0.1058,0.0006,0.1046,1,baseline,0,"""{\""system\"": \""Donchian-96/48\"", \""channel_tf\"": \""15m\"", \""capital\"": 1000.0}"""
دوناتشيان,donchian,donchian,XLMUSDT,عرضي,Donchian-96/48,1,524767,524946,2022-08-31T12:07:00+00:00,2022-08-31T15:06:00+00:00,179,-0.023689212556722707,-23.68921255672271,1000.0,كسر-سفلي,0,False,True,,False,0.10553164999999999,0.1055,0.0003,0.1033,1,baseline,0,"""{\""system\"": \""Donchian-96/48\"", \""channel_tf\"": \""15m\"", \""capital\"": 1000.0}"""
دوناتشيان,donchian,donchian,XLMUSDT,عرضي,Donchian-96/48,1,526932,527659,2022-09-02T00:12:00+00:00,2022-09-02T12:19:00+00:00,727,-0.020802369889325715,-20.802369889325714,1000.0,كسر-سفلي,0,False,True,,False,0.10586348,0.1058,0.0006,0.1039,1,baseline,0,"""{\""system\"": \""Donchian-96/48\"", \""channel_tf\"": \""15m\"", \""capital\"": 1000.0}"""
دوناتشيان,donchian,donchian,XLMUSDT,عرضي,Donchian-96/48,1,527832,528022,2022-09-02T15:12:00+00:00,2022-09-02T18:22:00+00:00,190,-0.02607628001874116,-26.076280018741162,1000.0,كسر-سفلي,0,False,True,,False,0.10623186,0.1062,0.0003,0.1037,1,baseline,0,"""{\""system\"": \""Donchian-96/48\"", \""channel_tf\"": \""15m\"", \""capital\"": 1000.0}"""
دوناتشيان,donchian,donchian,XLMUSDT,عرضي,Donchian-96/48,1,529897,530610,2022-09-04T01:37:00+00:00,2022-09-04T13:30:00+00:00,713,-0.00854527936635572,-8.54527936635572,1000.0,كسر-سفلي,0,False,True,,False,0.10596353999999998,0.1059,0.0006,0.1053,1,baseline,0,"""{\""system\"": \""Donchian-96/48\"", \""channel_tf\"": \""15m\"", \""capital\"": 1000.0}"""
دوناتشيان,donchian,donchian,XLMUSDT,عرضي,Donchian-96/48,1,532713,533665,2022-09-06T00:33:00+00:00,2022-09-06T16:25:00+00:00,952,-0.01696610632678891,-16.96610632678891,1000.0,كسر-سفلي,0,False,True,,False,0.10636378,0.1063,0.0006,0.1048,1,baseline,0,"""{\""system\"": \""Donchian-96/48\"", \""channel_tf\"": \""15m\"", \""capital\"": 1000.0}"""
دوناتشيان,donchian,donchian,XLMUSDT,عرضي,Donchian-96/48,1,536739,540272,2022-09-08T19:39:00+00:00,2022-09-11T06:32:00+00:00,3533,0.09205827847378248,92.05827847378248,1000.0,كسر-سفلي,0,True,True,,False,0.10363108,0.1036,0.0003,0.1135,1,baseline,0,"""{\""system\"": \""Donchian-96/48\"", \""channel_tf\"": \""15m\"", \""capital\"": 1000.0}"""
دوناتشيان,donchian,donchian,XLMUSDT,عرضي,Donchian-96/48,1,541867,542277,2022-09-12T09:07:00+00:00,2022-09-12T15:57:00+00:00,410,-0.029160063581695737,-29.160063581695738,1000.0,كسر-سفلي,0,False,True,,False,0.11643492,0.1164,0.0003,0.1133,1,baseline,0,"""{\""system\"": \""Donchian-96/48\"", \""channel_tf\"": \""15m\"", \""capital\"": 1000.0}"""
دوناتشيان,donchian,donchian,XLMUSDT,عرضي,Donchian-96/48,1,545558,546521,2022-09-14T22:38:00+00:00,2022-09-15T14:41:00+00:00,963,-0.03532062851091772,-35.320628510917714,1000.0,كسر-سفلي,0,False,True,,False,0.10553164999999999,0.1055,0.0003,0.1021,1,baseline,0,"""{\""system\"": \""Donchian-96/48\"", \""channel_tf\"": \""15m\"", \""capital\"": 1000.0}"""
دوناتشيان,donchian,donchian,XLMUSDT,عرضي,Donchian-96/48,1,547963,550187,2022-09-16T14:43:00+00:00,2022-09-18T03:47:00+00:00,2224,0.06274354809042994,62.74354809042994,1000.0,كسر-سفلي,0,True,True,,False,0.10383114,0.1038,0.0003,0.1106,1,baseline,0,"""{\""system\"": \""Donchian-96/48\"", \""channel_tf\"": \""15m\"", \""capital\"": 1000.0}"""
دوناتشيان,donchian,donchian,XLMUSDT,صاعد,Donchian-96/48,1,550452,551231,2022-09-18T08:12:00+00:00,2022-09-18T21:11:00+00:00,779,-0.03740747951498956,-37.40747951498956,1000.0,كسر-سفلي,0,False,True,,False,0.11466875999999998,0.1146,0.0006,0.1107,1,baseline,0,"""{\""system\"": \""Donchian-96/48\"", \""channel_tf\"": \""15m\"", \""capital\"": 1000.0}"""
دوناتشيان,donchian,donchian,XLMUSDT,عرضي,Donchian-96/48,1,553492,554542,2022-09-20T10:52:00+00:00,2022-09-21T04:22:00+00:00,1050,0.006136904071552019,6.136904071552019,1000.0,كسر-سفلي,0,True,True,,False,0.11423425999999999,0.1142,0.0003,0.1152,1,baseline,0,"""{\""system\"": \""Donchian-96/48\"", \""channel_tf\"": \""15m\"", \""capital\"": 1000.0}"""
دوناتشيان,donchian,donchian,XLMUSDT,عرضي,Donchian-96/48,1,556452,557830,2022-09-22T12:12:00+00:00,2022-09-23T11:10:00+00:00,1378,0.014944031830180159,14.944031830180158,1000.0,كسر-سفلي,0,True,True,,False,0.11900701,0.1189,0.0009,0.1211,1,baseline,0,"""{\""system\"": \""Donchian-96/48\"", \""channel_tf\"": \""15m\"", \""capital\"": 1000.0}"""
دوناتشيان,donchian,donchian,XLMUSDT,عرضي,Donchian-96/48,1,560783,561361,2022-09-25T12:23:00+00:00,2022-09-25T22:01:00+00:00,578,-0.05562881372457628,-55.62881372457628,1000.0,كسر-سفلي,0,False,True,,False,0.12311069999999999,0.123,0.0009,0.1166,1,baseline,0,"""{\""system\"": \""Donchian-96/48\"", \""channel_tf\"": \""15m\"", \""capital\"": 1000.0}"""
دوناتشيان,donchian,donchian,XLMUSDT,عرضي,Donchian-96/48,1,567024,570736,2022-09-29T20:24:00+00:00,2022-10-02T10:16:00+00:00,3712,0.07817265350169295,78.17265350169295,1000.0,كسر-سفلي,0,True,True,,False,0.11069954,0.1106,0.0009,0.1197,1,baseline,0,"""{\""system\"": \""Donchian-96/48\"", \""channel_tf\"": \""15m\"", \""capital\"": 1000.0}"""
دوناتشيان,donchian,donchian,XLMUSDT,عرضي,Donchian-96/48,1,573433,574466,2022-10-04T07:13:00+00:00,2022-10-05T00:26:00+00:00,1033,0.005596681578725292,5.596681578725292,1000.0,كسر-سفلي,0,True,True,,False,0.11743522,0.1174,0.0003,0.1184,1,baseline,0,"""{\""system\"": \""Donchian-96/48\"", \""channel_tf\"": \""15m\"", \""capital\"": 1000.0}"""
دوناتشيان,donchian,donchian,XLMUSDT,عرضي,Donchian-96/48,1,576884,577698,2022-10-06T16:44:00+00:00,2022-10-07T06:18:00+00:00,814,-0.01996463848803647,-19.964638488036467,1000.0,كسر-سفلي,0,False,True,,False,0.12063618,0.1206,0.0003,0.1185,1,baseline,0,"""{\""system\"": \""Donchian-96/48\"", \""channel_tf\"": \""15m\"", \""capital\"": 1000.0}"""
دوناتشيان,donchian,donchian,XLMUSDT,عرضي,Donchian-96/48,1,578404,581888,2022-10-07T18:04:00+00:00,2022-10-10T04:08:00+00:00,3484,0.047015838245432956,47.01583824543295,1000.0,كسر-سفلي,0,True,True,,False,0.12120898999999999,0.1211,0.0009,0.1272,1,baseline,0,"""{\""system\"": \""Donchian-96/48\"", \""channel_tf\"": \""15m\"", \""capital\"": 1000.0}"""
دوناتشيان,donchian,donchian,XLMUSDT,عرضي,Donchian-96/48,1,587509,588254,2022-10-14T01:49:00+00:00,2022-10-14T14:14:00+00:00,745,-0.011855167292684156,-11.855167292684156,1000.0,كسر-سفلي,0,False,True,,False,0.11520358999999998,0.1151,0.0009,0.1141,1,baseline,0,"""{\""system\"": \""Donchian-96/48\"", \""channel_tf\"": \""15m\"", \""capital\"": 1000.0}"""
دوناتشيان,donchian,donchian,XLMUSDT,عرضي,Donchian-96/48,1,591478,593254,2022-10-16T19:58:00+00:00,2022-10-18T01:34:00+00:00,1776,-0.011051212654943734,-11.051212654943734,1000.0,كسر-سفلي,0,False,True,,False,0.11426851999999998,0.1142,0.0006,0.1133,1,baseline,0,"""{\""system\"": \""Donchian-96/48\"", \""channel_tf\"": \""15m\"", \""capital\"": 1000.0}"""
دوناتشيان,donchian,donchian,XLMUSDT,عرضي,Donchian-96/48,1,595612,595958,2022-10-19T16:52:00+00:00,2022-10-19T22:38:00+00:00,346,-0.023467133166849303,-23.467133166849305,1000.0,كسر-سفلي,0,False,True,,False,0.11313393000000001,0.1131,0.0003,0.1108,1,baseline,0,"""{\""system\"": \""Donchian-96/48\"", \""channel_tf\"": \""15m\"", \""capital\"": 1000.0}"""
دوناتشيان,donchian,donchian,XLMUSDT,عرضي,Donchian-96/48,1,598685,600471,2022-10-21T20:05:00+00:00,2022-10-23T01:51:00+00:00,1786,-0.008898206196778042,-8.898206196778043,1000.0,كسر-سفلي,0,False,True,,False,0.11083323999999999,0.1108,0.0003,0.1101,1,baseline,0,"""{\""system\"": \""Donchian-96/48\"", \""channel_tf\"": \""15m\"", \""capital\"": 1000.0}"""
دوناتشيان,donchian,donchian,XLMUSDT,عرضي,Donchian-96/48,1,601441,602004,2022-10-23T18:01:00+00:00,2022-10-24T03:24:00+00:00,563,-0.02107538691507584,-21.07538691507584,1000.0,كسر-سفلي,0,False,True,,False,0.1115669,0.1115,0.0006,0.1095,1,baseline,0,"""{\""system\"": \""Donchian-96/48\"", \""channel_tf\"": \""15m\"", \""capital\"": 1000.0}"""
دوناتشيان,donchian,donchian,XLMUSDT,عرضي,Donchian-96/48,1,604241,606728,2022-10-25T16:41:00+00:00,2022-10-27T10:08:00+00:00,2487,0.009031991575793673,9.031991575793672,1000.0,كسر-سفلي,0,True,True,,False,0.11153344999999999,0.1115,0.0003,0.1128,1,baseline,0,"""{\""system\"": \""Donchian-96/48\"", \""channel_tf\"": \""15m\"", \""capital\"": 1000.0}"""
دوناتشيان,donchian,donchian,XLMUSDT,عرضي,Donchian-96/48,1,608793,611181,2022-10-28T20:33:00+00:00,2022-10-30T12:21:00+00:00,2388,-0.0034819303873544444,-3.4819303873544443,1000.0,كسر-سفلي,0,False,True,,False,0.11273380999999999,0.1127,0.0003,0.1126,1,baseline,0,"""{\""system\"": \""Donchian-96/48\"", \""channel_tf\"": \""15m\"", \""capital\"": 1000.0}"""
دوناتشيان,donchian,donchian,XLMUSDT,عرضي,Donchian-96/48,1,615847,615974,2022-11-02T18:07:00+00:00,2022-11-02T20:14:00+00:00,127,-0.0326431021208434,-32.643102120843395,1000.0,كسر-سفلي,0,False,True,,False,0.11059944999999999,0.1105,0.0009,0.1073,1,baseline,0,"""{\""system\"": \""Donchian-96/48\"", \""channel_tf\"": \""15m\"", \""capital\"": 1000.0}"""
دوناتشيان,donchian,donchian,XLMUSDT,عرضي,Donchian-96/48,1,618006,619578,2022-11-04T06:06:00+00:00,2022-11-05T08:18:00+00:00,1572,0.02561842088764501,25.61842088764501,1000.0,كسر-سفلي,0,True,True,,False,0.11073321,0.1107,0.0003,0.1139,1,baseline,0,"""{\""system\"": \""Donchian-96/48\"", \""channel_tf\"": \""15m\"", \""capital\"": 1000.0}"""
دوناتشيان,donchian,donchian,XLMUSDT,صاعد,Donchian-96/48,1,627033,627849,2022-11-10T12:33:00+00:00,2022-11-11T02:09:00+00:00,816,-0.0031948269534439653,-3.194826953443965,1000.0,كسر-سفلي,0,False,True,,False,0.09548585999999999,0.0954,0.0009,0.0954,1,baseline,0,"""{\""system\"": \""Donchian-96/48\"", \""channel_tf\"": \""15m\"", \""capital\"": 1000.0}"""
دوناتشيان,donchian,donchian,XLMUSDT,عرضي,Donchian-96/48,1,633279,634623,2022-11-14T20:39:00+00:00,2022-11-15T19:03:00+00:00,1344,0.01085189356243753,10.85189356243753,1000.0,كسر-سفلي,0,True,True,,False,0.09038127,0.0903,0.0009,0.0916,1,baseline,0,"""{\""system\"": \""Donchian-96/48\"", \""channel_tf\"": \""15m\"", \""capital\"": 1000.0}"""
دوناتشيان,donchian,donchian,XLMUSDT,عرضي,Donchian-96/48,1,637812,638256,2022-11-18T00:12:00+00:00,2022-11-18T07:36:00+00:00,444,-0.019553773994689348,-19.553773994689347,1000.0,كسر-سفلي,0,False,True,,False,0.09148225999999998,0.0914,0.0009,0.0899,1,baseline,0,"""{\""system\"": \""Donchian-96/48\"", \""channel_tf\"": \""15m\"", \""capital\"": 1000.0}"""
دوناتشيان,donchian,donchian,XLMUSDT,عرضي,Donchian-96/48,1,640149,641201,2022-11-19T15:09:00+00:00,2022-11-20T08:41:00+00:00,1052,-0.00016592462149610712,-0.16592462149610712,1000.0,كسر-سفلي,0,False,True,,False,0.08985388,0.0898,0.0006,0.0901,1,baseline,0,"""{\""system\"": \""Donchian-96/48\"", \""channel_tf\"": \""15m\"", \""capital\"": 1000.0}"""
دوناتشيان,donchian,donchian,XLMUSDT,عرضي,Donchian-96/48,1,644412,645867,2022-11-22T14:12:00+00:00,2022-11-23T14:27:00+00:00,1455,0.0052011678182151124,5.201167818215112,1000.0,كسر-سفلي,0,True,True,,False,0.08625171999999999,0.0862,0.0006,0.0869,1,baseline,0,"""{\""system\"": \""Donchian-96/48\"", \""channel_tf\"": \""15m\"", \""capital\"": 1000.0}"""
دوناتشيان,donchian,donchian,XLMUSDT,عرضي,Donchian-96/48,1,646543,647078,2022-11-24T01:43:00+00:00,2022-11-24T10:38:00+00:00,535,-0.01438361718459496,-14.38361718459496,1000.0,كسر-سفلي,0,False,True,,False,0.08912673,0.0891,0.0003,0.0881,1,baseline,0,"""{\""system\"": \""Donchian-96/48\"", \""channel_tf\"": \""15m\"", \""capital\"": 1000.0}"""
دوناتشيان,donchian,donchian,XLMUSDT,عرضي,Donchian-96/48,1,647482,648160,2022-11-24T17:22:00+00:00,2022-11-25T04:40:00+00:00,678,-0.02344727496355066,-23.44727496355066,1000.0,كسر-سفلي,0,False,True,,False,0.08995393999999998,0.0899,0.0006,0.0881,1,baseline,0,"""{\""system\"": \""Donchian-96/48\"", \""channel_tf\"": \""15m\"", \""capital\"": 1000.0}"""
دوناتشيان,donchian,donchian,XLMUSDT,عرضي,Donchian-96/48,1,648351,649776,2022-11-25T07:51:00+00:00,2022-11-26T07:36:00+00:00,1425,-0.024835003744301018,-24.83500374430102,1000.0,كسر-سفلي,0,False,True,,False,0.09092726999999999,0.0909,0.0003,0.0889,1,baseline,0,"""{\""system\"": \""Donchian-96/48\"", \""channel_tf\"": \""15m\"", \""capital\"": 1000.0}"""
دوناتشيان,donchian,donchian,XLMUSDT,عرضي,Donchian-96/48,1,651172,652279,2022-11-27T06:52:00+00:00,2022-11-28T01:19:00+00:00,1107,-0.01341522201332417,-13.41522201332417,1000.0,كسر-سفلي,0,False,True,,False,0.09048135999999998,0.0904,0.0009,0.0895,1,baseline,0,"""{\""system\"": \""Donchian-96/48\"", \""channel_tf\"": \""15m\"", \""capital\"": 1000.0}"""
دوناتشيان,donchian,donchian,XLMUSDT,عرضي,Donchian-96/48,1,654914,656099,2022-11-29T21:14:00+00:00,2022-11-30T16:59:00+00:00,1185,-0.009884794557783114,-9.884794557783113,1000.0,كسر-سفلي,0,False,True,,False,0.08948045999999998,0.0894,0.0009,0.0888,1,baseline,0,"""{\""system\"": \""Donchian-96/48\"", \""channel_tf\"": \""15m\"", \""capital\"": 1000.0}"""
دوناتشيان,donchian,donchian,XLMUSDT,عرضي,Donchian-96/48,1,659404,659775,2022-12-03T00:04:00+00:00,2022-12-03T06:15:00+00:00,371,-0.017559819907351018,-17.559819907351017,1000.0,كسر-سفلي,0,False,True,,False,0.08842652000000001,0.0884,0.0003,0.0871,1,baseline,0,"""{\""system\"": \""Donchian-96/48\"", \""channel_tf\"": \""15m\"", \""capital\"": 1000.0}"""
دوناتشيان,donchian,donchian,XLMUSDT,عرضي,Donchian-96/48,1,661940,663181,2022-12-04T18:20:00+00:00,2022-12-05T15:01:00+00:00,1241,-0.003735511207927021,-3.735511207927021,1000.0,كسر-سفلي,0,False,True,,False,0.08762628,0.0876,0.0003,0.0875,1,baseline,0,"""{\""system\"": \""Donchian-96/48\"", \""channel_tf\"": \""15m\"", \""capital\"": 1000.0}"""
دوناتشيان,donchian,donchian,XLMUSDT,عرضي,Donchian-96/48,1,667418,668807,2022-12-08T13:38:00+00:00,2022-12-09T12:47:00+00:00,1389,0.000635690659929149,0.6356906599291491,1000.0,كسر-سفلي,0,True,True,,False,0.08475081999999999,0.0847,0.0006,0.085,1,baseline,0,"""{\""system\"": \""Donchian-96/48\"", \""channel_tf\"": \""15m\"", \""capital\"": 1000.0}"""
دوناتشيان,donchian,donchian,XLMUSDT,عرضي,Donchian-96/48,1,680984,682622,2022-12-17T23:44:00+00:00,2022-12-19T03:02:00+00:00,1638,-0.0031961440538865508,-3.1961440538865507,1000.0,كسر-سفلي,0,False,True,,False,0.07582274,0.0758,0.0003,0.0758,1,baseline,0,"""{\""system\"": \""Donchian-96/48\"", \""channel_tf\"": \""15m\"", \""capital\"": 1000.0}"""
دوناتشيان,donchian,donchian,XLMUSDT,عرضي,Donchian-96/48,1,683319,683496,2022-12-19T14:39:00+00:00,2022-12-19T17:36:00+00:00,177,-0.027728881441161302,-27.728881441161302,1000.0,كسر-سفلي,0,False,True,,False,0.07722316,0.0772,0.0003,0.0753,1,baseline,0,"""{\""system\"": \""Donchian-96/48\"", \""channel_tf\"": \""15m\"", \""capital\"": 1000.0}"""
دوناتشيان,donchian,donchian,XLMUSDT,عرضي,Donchian-96/48,1,685264,685620,2022-12-20T23:04:00+00:00,2022-12-21T05:00:00+00:00,356,-0.01963534634574305,-19.63534634574305,1000.0,كسر-سفلي,0,False,True,,False,0.07612283,0.0761,0.0003,0.0748,1,baseline,0,"""{\""system\"": \""Donchian-96/48\"", \""channel_tf\"": \""15m\"", \""capital\"": 1000.0}"""
دوناتشيان,donchian,donchian,XLMUSDT,عرضي,Donchian-96/48,1,687983,689078,2022-12-22T20:23:00+00:00,2022-12-23T14:38:00+00:00,1095,-0.004515098705823542,-4.515098705823543,1000.0,كسر-سفلي,0,False,True,,False,0.07556795,0.0755,0.0009,0.0754,1,baseline,0,"""{\""system\"": \""Donchian-96/48\"", \""channel_tf\"": \""15m\"", \""capital\"": 1000.0}"""
دوناتشيان,donchian,donchian,XLMUSDT,عرضي,Donchian-96/48,1,693331,694227,2022-12-26T13:31:00+00:00,2022-12-27T04:27:00+00:00,896,-0.007204082550295464,-7.204082550295464,1000.0,كسر-سفلي,0,False,True,,False,0.07464475999999999,0.0746,0.0006,0.0743,1,baseline,0,"""{\""system\"": \""Donchian-96/48\"", \""channel_tf\"": \""15m\"", \""capital\"": 1000.0}"""
دوناتشيان,donchian,donchian,XLMUSDT,عرضي,Donchian-96/48,1,699415,699960,2022-12-30T18:55:00+00:00,2022-12-31T04:00:00+00:00,545,-0.011159822032582378,-11.159822032582378,1000.0,كسر-سفلي,0,False,True,,False,0.07242172000000001,0.0724,0.0003,0.0718,1,baseline,0,"""{\""system\"": \""Donchian-96/48\"", \""channel_tf\"": \""15m\"", \""capital\"": 1000.0}"""
دوناتشيان,donchian,donchian,XLMUSDT,عرضي,Donchian-96/48,1,702013,702667,2023-01-01T14:13:00+00:00,2023-01-02T01:07:00+00:00,654,-0.008741645338705141,-8.74164533870514,1000.0,كسر-سفلي,0,False,True,,False,0.07192157,0.0719,0.0003,0.0715,1,baseline,0,"""{\""system\"": \""Donchian-96/48\"", \""channel_tf\"": \""15m\"", \""capital\"": 1000.0}"""
دوناتشيان,donchian,donchian,XLMUSDT,عرضي,Donchian-96/48,1,703035,704960,2023-01-02T07:15:00+00:00,2023-01-03T15:20:00+00:00,1925,0.003942883259737835,3.942883259737835,1000.0,كسر-سفلي,0,True,True,,False,0.07294374,0.0729,0.0006,0.0734,1,baseline,0,"""{\""system\"": \""Donchian-96/48\"", \""channel_tf\"": \""15m\"", \""capital\"": 1000.0}"""
دوناتشيان,donchian,donchian,XLMUSDT,عرضي,Donchian-96/48,1,705903,706387,2023-01-04T07:03:00+00:00,2023-01-04T15:07:00+00:00,484,-0.015238069830416845,-15.238069830416844,1000.0,كسر-سفلي,0,False,True,,False,0.07452235,0.0745,0.0003,0.0736,1,baseline,0,"""{\""system\"": \""Donchian-96/48\"", \""channel_tf\"": \""15m\"", \""capital\"": 1000.0}"""
دوناتشيان,donchian,donchian,XLMUSDT,عرضي,Donchian-96/48,1,709234,711280,2023-01-06T14:34:00+00:00,2023-01-08T00:40:00+00:00,2046,0.010329010029507259,10.329010029507259,1000.0,كسر-سفلي,0,True,True,,False,0.07372211,0.0737,0.0003,0.0747,1,baseline,0,"""{\""system\"": \""Donchian-96/48\"", \""channel_tf\"": \""15m\"", \""capital\"": 1000.0}"""
دوناتشيان,donchian,donchian,XLMUSDT,عرضي,Donchian-96/48,1,712275,714280,2023-01-08T17:15:00+00:00,2023-01-10T02:40:00+00:00,2005,0.03094996958853623,30.94996958853623,1000.0,كسر-سفلي,0,True,True,,False,0.07592276999999999,0.0759,0.0003,0.0785,1,baseline,0,"""{\""system\"": \""Donchian-96/48\"", \""channel_tf\"": \""15m\"", \""capital\"": 1000.0}"""
دوناتشيان,donchian,donchian,XLMUSDT,عرضي,Donchian-96/48,1,715855,717567,2023-01-11T04:55:00+00:00,2023-01-12T09:27:00+00:00,1712,-0.004437726171706399,-4.437726171706399,1000.0,كسر-سفلي,0,False,True,,False,0.08027217999999998,0.0802,0.0009,0.0801,1,baseline,0,"""{\""system\"": \""Donchian-96/48\"", \""channel_tf\"": \""15m\"", \""capital\"": 1000.0}"""
دوناتشيان,donchian,donchian,XLMUSDT,عرضي,Donchian-96/48,1,718642,721363,2023-01-13T03:22:00+00:00,2023-01-15T00:43:00+00:00,2721,0.028769955984857352,28.76995598485735,1000.0,كسر-سفلي,0,True,True,,False,0.08267434,0.0826,0.0009,0.0853,1,baseline,0,"""{\""system\"": \""Donchian-96/48\"", \""channel_tf\"": \""15m\"", \""capital\"": 1000.0}"""
دوناتشيان,donchian,donchian,XLMUSDT,عرضي,Donchian-96/48,1,722365,723250,2023-01-15T17:25:00+00:00,2023-01-16T08:10:00+00:00,885,-0.018216102397411647,-18.216102397411646,1000.0,كسر-سفلي,0,False,True,,False,0.08805279999999999,0.088,0.0006,0.0867,1,baseline,0,"""{\""system\"": \""Donchian-96/48\"", \""channel_tf\"": \""15m\"", \""capital\"": 1000.0}"""
دوناتشيان,donchian,donchian,XLMUSDT,عرضي,Donchian-96/48,1,726494,726593,2023-01-18T14:14:00+00:00,2023-01-18T15:53:00+00:00,99,-0.027140887109651454,-27.140887109651455,1000.0,كسر-سفلي,0,False,True,,False,0.0885531,0.0885,0.0006,0.0864,1,baseline,0,"""{\""system\"": \""Donchian-96/48\"", \""channel_tf\"": \""15m\"", \""capital\"": 1000.0}"""
دوناتشيان,donchian,donchian,XLMUSDT,عرضي,Donchian-96/48,1,728307,729033,2023-01-19T20:27:00+00:00,2023-01-20T08:33:00+00:00,726,-0.017923448041220896,-17.923448041220897,1000.0,كسر-سفلي,0,False,True,,False,0.08462537999999999,0.0846,0.0003,0.0833,1,baseline,0,"""{\""system\"": \""Donchian-96/48\"", \""channel_tf\"": \""15m\"", \""capital\"": 1000.0}"""
دوناتشيان,donchian,donchian,XLMUSDT,عرضي,Donchian-96/48,1,729581,732653,2023-01-20T17:41:00+00:00,2023-01-22T20:53:00+00:00,3072,0.06201693923257302,62.01693923257302,1000.0,كسر-سفلي,0,True,True,,False,0.08492547,0.0849,0.0003,0.0904,1,baseline,0,"""{\""system\"": \""Donchian-96/48\"", \""channel_tf\"": \""15m\"", \""capital\"": 1000.0}"""
دوناتشيان,donchian,donchian,XLMUSDT,عرضي,Donchian-96/48,1,733330,735144,2023-01-23T08:10:00+00:00,2023-01-24T14:24:00+00:00,1814,-0.01058639073662811,-10.586390736628111,1000.0,كسر-سفلي,0,False,True,,False,0.09448495999999999,0.0944,0.0009,0.0937,1,baseline,0,"""{\""system\"": \""Donchian-96/48\"", \""channel_tf\"": \""15m\"", \""capital\"": 1000.0}"""
دوناتشيان,donchian,donchian,XLMUSDT,عرضي,Donchian-96/48,1,737041,737728,2023-01-25T22:01:00+00:00,2023-01-26T09:28:00+00:00,687,-0.02981953751492027,-29.81953751492027,1000.0,كسر-سفلي,0,False,True,,False,0.09365616,0.0936,0.0006,0.0911,1,baseline,0,"""{\""system\"": \""Donchian-96/48\"", \""channel_tf\"": \""15m\"", \""capital\"": 1000.0}"""
دوناتشيان,donchian,donchian,XLMUSDT,عرضي,Donchian-96/48,1,739636,740824,2023-01-27T17:16:00+00:00,2023-01-28T13:04:00+00:00,1188,-0.00583174401029015,-5.83174401029015,1000.0,كسر-سفلي,0,False,True,,False,0.09252774999999999,0.0925,0.0003,0.0922,1,baseline,0,"""{\""system\"": \""Donchian-96/48\"", \""channel_tf\"": \""15m\"", \""capital\"": 1000.0}"""
دوناتشيان,donchian,donchian,XLMUSDT,عرضي,Donchian-96/48,1,742381,743462,2023-01-29T15:01:00+00:00,2023-01-30T09:02:00+00:00,1081,-0.013515313896764912,-13.515313896764912,1000.0,كسر-سفلي,0,False,True,,False,0.09392816999999999,0.0939,0.0003,0.0929,1,baseline,0,"""{\""system\"": \""Donchian-96/48\"", \""channel_tf\"": \""15m\"", \""capital\"": 1000.0}"""
دوناتشيان,donchian,donchian,XLMUSDT,عرضي,Donchian-96/48,1,747281,748555,2023-02-02T00:41:00+00:00,2023-02-02T21:55:00+00:00,1274,-0.009647294462812794,-9.647294462812795,1000.0,كسر-سفلي,0,False,True,,False,0.09275562,0.0927,0.0006,0.0921,1,baseline,0,"""{\""system\"": \""Donchian-96/48\"", \""channel_tf\"": \""15m\"", \""capital\"": 1000.0}"""
دوناتشيان,donchian,donchian,XLMUSDT,عرضي,Donchian-96/48,1,750901,751545,2023-02-04T13:01:00+00:00,2023-02-04T23:45:00+00:00,644,-0.008532353132827276,-8.532353132827277,1000.0,كسر-سفلي,0,False,True,,False,0.09342802,0.0934,0.0003,0.0929,1,baseline,0,"""{\""system\"": \""Donchian-96/48\"", \""channel_tf\"": \""15m\"", \""capital\"": 1000.0}"""
دوناتشيان,donchian,donchian,XLMUSDT,عرضي,Donchian-96/48,1,755723,756790,2023-02-07T21:23:00+00:00,2023-02-08T15:10:00+00:00,1067,-0.0072554558946345046,-7.255455894634505,1000.0,كسر-سفلي,0,False,True,,False,0.09152745,0.0915,0.0003,0.0911,1,baseline,0,"""{\""system\"": \""Donchian-96/48\"", \""channel_tf\"": \""15m\"", \""capital\"": 1000.0}"""
دوناتشيان,donchian,donchian,XLMUSDT,عرضي,Donchian-96/48,1,762392,762939,2023-02-12T12:32:00+00:00,2023-02-12T21:39:00+00:00,547,-0.014719888053263495,-14.719888053263494,1000.0,كسر-سفلي,0,False,True,,False,0.08652594999999999,0.0865,0.0003,0.0855,1,baseline,0,"""{\""system\"": \""Donchian-96/48\"", \""channel_tf\"": \""15m\"", \""capital\"": 1000.0}"""
دوناتشيان,donchian,donchian,XLMUSDT,عرضي,Donchian-96/48,1,765937,768131,2023-02-14T23:37:00+00:00,2023-02-16T12:11:00+00:00,2194,0.03804231739308732,38.042317393087316,1000.0,كسر-سفلي,0,True,True,,False,0.08592577,0.0859,0.0003,0.0894,1,baseline,0,"""{\""system\"": \""Donchian-96/48\"", \""channel_tf\"": \""15m\"", \""capital\"": 1000.0}"""
دوناتشيان,donchian,donchian,XLMUSDT,عرضي,Donchian-96/48,1,770097,771955,2023-02-17T20:57:00+00:00,2023-02-19T03:55:00+00:00,1858,0.00622965267996586,6.22965267996586,1000.0,كسر-سفلي,0,True,True,,False,0.09042711999999999,0.0904,0.0003,0.0912,1,baseline,0,"""{\""system\"": \""Donchian-96/48\"", \""channel_tf\"": \""15m\"", \""capital\"": 1000.0}"""
دوناتشيان,donchian,donchian,XLMUSDT,عرضي,Donchian-96/48,1,774039,775428,2023-02-20T14:39:00+00:00,2023-02-21T13:48:00+00:00,1389,-1.0145889397359546e-05,-0.010145889397359546,1000.0,كسر-سفلي,0,False,True,,False,0.09398451,0.0939,0.0009,0.0942,1,baseline,0,"""{\""system\"": \""Donchian-96/48\"", \""channel_tf\"": \""15m\"", \""capital\"": 1000.0}"""
دوناتشيان,donchian,donchian,XLMUSDT,عرضي,Donchian-96/48,1,782934,783745,2023-02-26T18:54:00+00:00,2023-02-27T08:25:00+00:00,811,-0.009663639166480232,-9.663639166480232,1000.0,كسر-سفلي,0,False,True,,False,0.08845304,0.0884,0.0006,0.0878,1,baseline,0,"""{\""system\"": \""Donchian-96/48\"", \""channel_tf\"": \""15m\"", \""capital\"": 1000.0}"""
دوناتشيان,donchian,donchian,XLMUSDT,عرضي,Donchian-96/48,1,784083,785145,2023-02-27T14:03:00+00:00,2023-02-28T07:45:00+00:00,1062,-0.027169003499732412,-27.169003499732412,1000.0,كسر-سفلي,0,False,True,,False,0.08932679,0.0893,0.0003,0.0871,1,baseline,0,"""{\""system\"": \""Donchian-96/48\"", \""channel_tf\"": \""15m\"", \""capital\"": 1000.0}"""
دوناتشيان,donchian,donchian,XLMUSDT,عرضي,Donchian-96/48,1,786412,787093,2023-03-01T04:52:00+00:00,2023-03-01T16:13:00+00:00,681,-0.011950257888279385,-11.950257888279385,1000.0,كسر-سفلي,0,False,True,,False,0.08815285999999999,0.0881,0.0006,0.0873,1,baseline,0,"""{\""system\"": \""Donchian-96/48\"", \""channel_tf\"": \""15m\"", \""capital\"": 1000.0}"""
دوناتشيان,donchian,donchian,XLMUSDT,عرضي,Donchian-96/48,1,794709,795340,2023-03-06T23:09:00+00:00,2023-03-07T09:40:00+00:00,631,-0.012768637908319851,-12.768637908319851,1000.0,كسر-سفلي,0,False,True,,False,0.08334997999999999,0.0833,0.0006,0.0825,1,baseline,0,"""{\""system\"": \""Donchian-96/48\"", \""channel_tf\"": \""15m\"", \""capital\"": 1000.0}"""
دوناتشيان,donchian,donchian,XLMUSDT,عرضي,Donchian-96/48,1,796989,797577,2023-03-08T13:09:00+00:00,2023-03-08T22:57:00+00:00,588,-0.03232465692361562,-32.32465692361562,1000.0,كسر-سفلي,0,False,True,,False,0.08387541999999999,0.0838,0.0009,0.0814,1,baseline,0,"""{\""system\"": \""Donchian-96/48\"", \""channel_tf\"": \""15m\"", \""capital\"": 1000.0}"""
دوناتشيان,donchian,donchian,XLMUSDT,عرضي,Donchian-96/48,1,800398,800979,2023-03-10T21:58:00+00:00,2023-03-11T07:39:00+00:00,581,-0.023565060650486584,-23.565060650486583,1000.0,كسر-سفلي,0,False,True,,False,0.07832349,0.0783,0.0003,0.0767,1,baseline,0,"""{\""system\"": \""Donchian-96/48\"", \""channel_tf\"": \""15m\"", \""capital\"": 1000.0}"""
دوناتشيان,donchian,donchian,XLMUSDT,عرضي,Donchian-96/48,1,802025,802859,2023-03-12T01:05:00+00:00,2023-03-12T14:59:00+00:00,834,-0.01390249965778039,-13.902499657780389,1000.0,كسر-سفلي,0,False,True,,False,0.07942381999999999,0.0794,0.0003,0.0785,1,baseline,0,"""{\""system\"": \""Donchian-96/48\"", \""channel_tf\"": \""15m\"", \""capital\"": 1000.0}"""
دوناتشيان,donchian,donchian,XLMUSDT,عرضي,Donchian-96/48,1,803279,805308,2023-03-12T21:59:00+00:00,2023-03-14T07:48:00+00:00,2029,0.03576473357846655,35.764733578466554,1000.0,كسر-سفلي,0,True,True,,False,0.08062418,0.0806,0.0003,0.0837,1,baseline,0,"""{\""system\"": \""Donchian-96/48\"", \""channel_tf\"": \""15m\"", \""capital\"": 1000.0}"""
دوناتشيان,donchian,donchian,XLMUSDT,عرضي,Donchian-96/48,1,805605,806861,2023-03-14T12:45:00+00:00,2023-03-15T09:41:00+00:00,1256,0.010491787739633184,10.491787739633184,1000.0,كسر-سفلي,0,True,True,,False,0.08557695,0.0855,0.0009,0.0867,1,baseline,0,"""{\""system\"": \""Donchian-96/48\"", \""channel_tf\"": \""15m\"", \""capital\"": 1000.0}"""
دوناتشيان,donchian,donchian,XLMUSDT,عرضي,Donchian-96/48,1,809288,811538,2023-03-17T02:08:00+00:00,2023-03-18T15:38:00+00:00,2250,0.009355586058568078,9.355586058568079,1000.0,كسر-سفلي,0,True,True,,False,0.08535118,0.0853,0.0006,0.0864,1,baseline,0,"""{\""system\"": \""Donchian-96/48\"", \""channel_tf\"": \""15m\"", \""capital\"": 1000.0}"""
دوناتشيان,donchian,donchian,XLMUSDT,عرضي,Donchian-96/48,1,812847,814560,2023-03-19T13:27:00+00:00,2023-03-20T18:00:00+00:00,1713,-0.021004551057688062,-21.00455105768806,1000.0,كسر-سفلي,0,False,True,,False,0.08815285999999999,0.0881,0.0006,0.0865,1,baseline,0,"""{\""system\"": \""Donchian-96/48\"", \""channel_tf\"": \""15m\"", \""capital\"": 1000.0}"""
دوناتشيان,donchian,donchian,XLMUSDT,عرضي,Donchian-96/48,1,815721,816885,2023-03-21T13:21:00+00:00,2023-03-22T08:45:00+00:00,1164,0.04697993007910071,46.97993007910071,1000.0,كسر-سفلي,0,True,True,,False,0.08948045999999998,0.0894,0.0009,0.0939,1,baseline,0,"""{\""system\"": \""Donchian-96/48\"", \""channel_tf\"": \""15m\"", \""capital\"": 1000.0}"""
دوناتشيان,donchian,donchian,XLMUSDT,عرضي,Donchian-96/48,1,821477,822921,2023-03-25T14:37:00+00:00,2023-03-26T14:41:00+00:00,1444,-0.0039892805470299435,-3.9892805470299435,1000.0,كسر-سفلي,0,False,True,,False,0.09125472,0.0912,0.0006,0.0911,1,baseline,0,"""{\""system\"": \""Donchian-96/48\"", \""channel_tf\"": \""15m\"", \""capital\"": 1000.0}"""
دوناتشيان,donchian,donchian,XLMUSDT,عرضي,Donchian-96/48,1,823768,824382,2023-03-27T04:48:00+00:00,2023-03-27T15:02:00+00:00,614,-0.018250355470548645,-18.250355470548644,1000.0,كسر-سفلي,0,False,True,,False,0.09272781000000001,0.0927,0.0003,0.0913,1,baseline,0,"""{\""system\"": \""Donchian-96/48\"", \""channel_tf\"": \""15m\"", \""capital\"": 1000.0}"""
دوناتشيان,donchian,donchian,XLMUSDT,عرضي,Donchian-96/48,1,825805,827300,2023-03-28T14:45:00+00:00,2023-03-29T15:40:00+00:00,1495,0.0590873341482125,59.087334148212506,1000.0,كسر-سفلي,0,True,True,,False,0.09542861999999999,0.0954,0.0003,0.1013,1,baseline,0,"""{\""system\"": \""Donchian-96/48\"", \""channel_tf\"": \""15m\"", \""capital\"": 1000.0}"""
دوناتشيان,donchian,donchian,XLMUSDT,عرضي,Donchian-96/48,1,829287,831113,2023-03-31T00:47:00+00:00,2023-04-01T07:13:00+00:00,1826,0.018191178721726244,18.191178721726242,1000.0,كسر-سفلي,0,True,True,,False,0.10726432,0.1072,0.0006,0.1095,1,baseline,0,"""{\""system\"": \""Donchian-96/48\"", \""channel_tf\"": \""15m\"", \""capital\"": 1000.0}"""
دوناتشيان,donchian,donchian,XLMUSDT,عرضي,Donchian-96/48,1,832793,833191,2023-04-02T11:13:00+00:00,2023-04-02T17:51:00+00:00,398,-0.023961601391913986,-23.961601391913987,1000.0,كسر-سفلي,0,False,True,,False,0.11049935999999999,0.1104,0.0009,0.1081,1,baseline,0,"""{\""system\"": \""Donchian-96/48\"", \""channel_tf\"": \""15m\"", \""capital\"": 1000.0}"""
دوناتشيان,donchian,donchian,XLMUSDT,عرضي,Donchian-96/48,1,836529,837345,2023-04-05T01:29:00+00:00,2023-04-05T15:05:00+00:00,816,-0.01993287454548011,-19.932874545480107,1000.0,كسر-سفلي,0,False,True,,False,0.10726432,0.1072,0.0006,0.1054,1,baseline,0,"""{\""system\"": \""Donchian-96/48\"", \""channel_tf\"": \""15m\"", \""capital\"": 1000.0}"""
دوناتشيان,donchian,donchian,XLMUSDT,عرضي,Donchian-96/48,1,840555,841531,2023-04-07T20:35:00+00:00,2023-04-08T12:51:00+00:00,976,-0.012908421194957487,-12.908421194957487,1000.0,كسر-سفلي,0,False,True,,False,0.10643191999999999,0.1064,0.0003,0.1053,1,baseline,0,"""{\""system\"": \""Donchian-96/48\"", \""channel_tf\"": \""15m\"", \""capital\"": 1000.0}"""
دوناتشيان,donchian,donchian,XLMUSDT,عرضي,Donchian-96/48,1,844977,846492,2023-04-10T22:17:00+00:00,2023-04-11T23:32:00+00:00,1515,-0.004793403415885275,-4.793403415885275,1000.0,كسر-سفلي,0,False,True,,False,0.10516305999999999,0.1051,0.0006,0.1049,1,baseline,0,"""{\""system\"": \""Donchian-96/48\"", \""channel_tf\"": \""15m\"", \""capital\"": 1000.0}"""
دوناتشيان,donchian,donchian,XLMUSDT,عرضي,Donchian-96/48,1,848486,850334,2023-04-13T08:46:00+00:00,2023-04-14T15:34:00+00:00,1848,0.007256517924576017,7.256517924576017,1000.0,كسر-سفلي,0,True,True,,False,0.10493146999999999,0.1049,0.0003,0.106,1,baseline,0,"""{\""system\"": \""Donchian-96/48\"", \""channel_tf\"": \""15m\"", \""capital\"": 1000.0}"""
دوناتشيان,donchian,donchian,XLMUSDT,عرضي,Donchian-96/48,1,853321,853767,2023-04-16T17:21:00+00:00,2023-04-17T00:47:00+00:00,446,-0.01991792355717668,-19.91792355717668,1000.0,كسر-سفلي,0,False,True,,False,0.10733219000000001,0.1073,0.0003,0.1055,1,baseline,0,"""{\""system\"": \""Donchian-96/48\"", \""channel_tf\"": \""15m\"", \""capital\"": 1000.0}"""
دوناتشيان,donchian,donchian,XLMUSDT,عرضي,Donchian-96/48,1,855815,856209,2023-04-18T10:55:00+00:00,2023-04-18T17:29:00+00:00,394,-0.008285533924800295,-8.285533924800294,1000.0,كسر-سفلي,0,False,True,,False,0.10523156,0.1052,0.0003,0.1046,1,baseline,0,"""{\""system\"": \""Donchian-96/48\"", \""channel_tf\"": \""15m\"", \""capital\"": 1000.0}"""
دوناتشيان,donchian,donchian,XLMUSDT,عرضي,Donchian-96/48,1,862012,863253,2023-04-22T18:12:00+00:00,2023-04-23T14:53:00+00:00,1241,-0.020646019425966566,-20.646019425966564,1000.0,كسر-سفلي,0,False,True,,False,0.09552864999999999,0.0955,0.0003,0.0938,1,baseline,0,"""{\""system\"": \""Donchian-96/48\"", \""channel_tf\"": \""15m\"", \""capital\"": 1000.0}"""
دوناتشيان,donchian,donchian,XLMUSDT,عرضي,Donchian-96/48,1,863854,864809,2023-04-24T00:54:00+00:00,2023-04-24T16:49:00+00:00,955,-0.032389957544765785,-32.389957544765785,1000.0,كسر-سفلي,0,False,True,,False,0.09568604,0.0956,0.0009,0.0928,1,baseline,0,"""{\""system\"": \""Donchian-96/48\"", \""channel_tf\"": \""15m\"", \""capital\"": 1000.0}"""
دوناتشيان,donchian,donchian,XLMUSDT,عرضي,Donchian-96/48,1,866442,867856,2023-04-25T20:02:00+00:00,2023-04-26T19:36:00+00:00,1414,-0.0031961440538866613,-3.1961440538866612,1000.0,كسر-سفلي,0,False,True,,False,0.09422826000000001,0.0942,0.0003,0.0942,1,baseline,0,"""{\""system\"": \""Donchian-96/48\"", \""channel_tf\"": \""15m\"", \""capital\"": 1000.0}"""
دوناتشيان,donchian,donchian,XLMUSDT,عرضي,Donchian-96/48,1,869811,870382,2023-04-28T04:11:00+00:00,2023-04-28T13:42:00+00:00,571,-0.018901438794040916,-18.901438794040917,1000.0,كسر-سفلي,0,False,True,,False,0.09525712,0.0952,0.0006,0.0937,1,baseline,0,"""{\""system\"": \""Donchian-96/48\"", \""channel_tf\"": \""15m\"", \""capital\"": 1000.0}"""
دوناتشيان,donchian,donchian,XLMUSDT,عرضي,Donchian-96/48,1,871883,873077,2023-04-29T14:43:00+00:00,2023-04-30T10:37:00+00:00,1194,-0.00887648089195883,-8.876480891958831,1000.0,كسر-سفلي,0,False,True,,False,0.09532858999999999,0.0953,0.0003,0.0947,1,baseline,0,"""{\""system\"": \""Donchian-96/48\"", \""channel_tf\"": \""15m\"", \""capital\"": 1000.0}"""
دوناتشيان,donchian,donchian,XLMUSDT,عرضي,Donchian-96/48,1,876437,877486,2023-05-02T18:37:00+00:00,2023-05-03T12:06:00+00:00,1049,-0.016760004292621374,-16.760004292621375,1000.0,كسر-سفلي,0,False,True,,False,0.09352805,0.0935,0.0003,0.0922,1,baseline,0,"""{\""system\"": \""Donchian-96/48\"", \""channel_tf\"": \""15m\"", \""capital\"": 1000.0}"""
دوناتشيان,donchian,donchian,XLMUSDT,عرضي,Donchian-96/48,1,878465,879000,2023-05-04T04:25:00+00:00,2023-05-04T13:20:00+00:00,535,-0.013207594250302464,-13.207594250302463,1000.0,كسر-سفلي,0,False,True,,False,0.09402819999999999,0.094,0.0003,0.093,1,baseline,0,"""{\""system\"": \""Donchian-96/48\"", \""channel_tf\"": \""15m\"", \""capital\"": 1000.0}"""
دوناتشيان,donchian,donchian,XLMUSDT,عرضي,Donchian-96/48,1,880604,881839,2023-05-05T16:04:00+00:00,2023-05-06T12:39:00+00:00,1235,-0.014577191922710182,-14.577191922710183,1000.0,كسر-سفلي,0,False,True,,False,0.09392816999999999,0.0939,0.0003,0.0928,1,baseline,0,"""{\""system\"": \""Donchian-96/48\"", \""channel_tf\"": \""15m\"", \""capital\"": 1000.0}"""
دوناتشيان,donchian,donchian,XLMUSDT,عرضي,Donchian-96/48,1,883394,883848,2023-05-07T14:34:00+00:00,2023-05-07T22:08:00+00:00,454,-0.011176734633890816,-11.176734633890815,1000.0,كسر-سفلي,0,False,True,,False,0.0930279,0.093,0.0003,0.0922,1,baseline,0,"""{\""system\"": \""Donchian-96/48\"", \""channel_tf\"": \""15m\"", \""capital\"": 1000.0}"""
دوناتشيان,donchian,donchian,XLMUSDT,عرضي,Donchian-96/48,1,887593,887876,2023-05-10T12:33:00+00:00,2023-05-10T17:16:00+00:00,283,-0.021563254890383972,-21.563254890383973,1000.0,كسر-سفلي,0,False,True,,False,0.08978072999999999,0.0897,0.0009,0.0881,1,baseline,0,"""{\""system\"": \""Donchian-96/48\"", \""channel_tf\"": \""15m\"", \""capital\"": 1000.0}"""
دوناتشيان,donchian,donchian,XLMUSDT,عرضي,Donchian-96/48,1,889534,890683,2023-05-11T20:54:00+00:00,2023-05-12T16:03:00+00:00,1149,-0.021478718660878023,-21.478718660878023,1000.0,كسر-سفلي,0,False,True,,False,0.08982694000000001,0.0898,0.0003,0.0881,1,baseline,0,"""{\""system\"": \""Donchian-96/48\"", \""channel_tf\"": \""15m\"", \""capital\"": 1000.0}"""
دوناتشيان,donchian,donchian,XLMUSDT,عرضي,Donchian-96/48,1,894126,894900,2023-05-15T01:26:00+00:00,2023-05-15T14:20:00+00:00,774,-0.01299094443288415,-12.990944432884149,1000.0,كسر-سفلي,0,False,True,,False,0.08892667,0.0889,0.0003,0.088,1,baseline,0,"""{\""system\"": \""Donchian-96/48\"", \""channel_tf\"": \""15m\"", \""capital\"": 1000.0}"""
دوناتشيان,donchian,donchian,XLMUSDT,عرضي,Donchian-96/48,1,897046,897623,2023-05-17T02:06:00+00:00,2023-05-17T11:43:00+00:00,577,-0.018893842572723172,-18.893842572723173,1000.0,كسر-سفلي,0,False,True,,False,0.08892667,0.0889,0.0003,0.0875,1,baseline,0,"""{\""system\"": \""Donchian-96/48\"", \""channel_tf\"": \""15m\"", \""capital\"": 1000.0}"""
دوناتشيان,donchian,donchian,XLMUSDT,عرضي,Donchian-96/48,1,898895,899432,2023-05-18T08:55:00+00:00,2023-05-18T17:52:00+00:00,537,-0.01327618304659993,-13.276183046599929,1000.0,كسر-سفلي,0,False,True,,False,0.08902669999999999,0.089,0.0003,0.0881,1,baseline,0,"""{\""system\"": \""Donchian-96/48\"", \""channel_tf\"": \""15m\"", \""capital\"": 1000.0}"""
دوناتشيان,donchian,donchian,XLMUSDT,عرضي,Donchian-96/48,1,900703,901544,2023-05-19T15:03:00+00:00,2023-05-20T05:04:00+00:00,841,-0.014319884688338584,-14.319884688338584,1000.0,كسر-سفلي,0,False,True,,False,0.08968063999999999,0.0896,0.0009,0.0886,1,baseline,0,"""{\""system\"": \""Donchian-96/48\"", \""channel_tf\"": \""15m\"", \""capital\"": 1000.0}"""
دوناتشيان,donchian,donchian,XLMUSDT,عرضي,Donchian-96/48,1,905221,906377,2023-05-22T18:21:00+00:00,2023-05-23T13:37:00+00:00,1156,-0.009648362248991396,-9.648362248991395,1000.0,كسر-سفلي,0,False,True,,False,0.08865316,0.0886,0.0006,0.088,1,baseline,0,"""{\""system\"": \""Donchian-96/48\"", \""channel_tf\"": \""15m\"", \""capital\"": 1000.0}"""
دوناتشيان,donchian,donchian,XLMUSDT,عرضي,Donchian-96/48,1,909880,912154,2023-05-26T00:00:00+00:00,2023-05-27T13:54:00+00:00,2274,0.0039721469576096905,3.9721469576096906,1000.0,كسر-سفلي,0,True,True,,False,0.08712613,0.0871,0.0003,0.0877,1,baseline,0,"""{\""system\"": \""Donchian-96/48\"", \""channel_tf\"": \""15m\"", \""capital\"": 1000.0}"""
دوناتشيان,donchian,donchian,XLMUSDT,عرضي,Donchian-96/48,1,912816,913693,2023-05-28T00:56:00+00:00,2023-05-28T15:33:00+00:00,877,-0.009655992076708851,-9.655992076708852,1000.0,كسر-سفلي,0,False,True,,False,0.0885531,0.0885,0.0006,0.0879,1,baseline,0,"""{\""system\"": \""Donchian-96/48\"", \""channel_tf\"": \""15m\"", \""capital\"": 1000.0}"""
دوناتشيان,donchian,donchian,XLMUSDT,عرضي,Donchian-96/48,1,914083,915395,2023-05-28T22:03:00+00:00,2023-05-29T19:55:00+00:00,1312,-0.004618461354791501,-4.618461354791501,1000.0,كسر-سفلي,0,False,True,,False,0.08875322,0.0887,0.0006,0.0886,1,baseline,0,"""{\""system\"": \""Donchian-96/48\"", \""channel_tf\"": \""15m\"", \""capital\"": 1000.0}"""
دوناتشيان,donchian,donchian,XLMUSDT,عرضي,Donchian-96/48,1,915862,916523,2023-05-30T03:42:00+00:00,2023-05-30T14:43:00+00:00,661,-0.008460161344323527,-8.460161344323527,1000.0,كسر-سفلي,0,False,True,,False,0.08965376,0.0896,0.0006,0.0891,1,baseline,0,"""{\""system\"": \""Donchian-96/48\"", \""channel_tf\"": \""15m\"", \""capital\"": 1000.0}"""
دوناتشيان,donchian,donchian,XLMUSDT,عرضي,Donchian-96/48,1,916901,919519,2023-05-30T21:01:00+00:00,2023-06-01T16:39:00+00:00,2618,0.0062004578313411,6.200457831341099,1000.0,كسر-سفلي,0,True,True,,False,0.09072721,0.0907,0.0003,0.0915,1,baseline,0,"""{\""system\"": \""Donchian-96/48\"", \""channel_tf\"": \""15m\"", \""capital\"": 1000.0}"""
دوناتشيان,donchian,donchian,XLMUSDT,عرضي,Donchian-96/48,1,921158,922433,2023-06-02T19:58:00+00:00,2023-06-03T17:13:00+00:00,1275,-0.003975649942898587,-3.975649942898587,1000.0,كسر-سفلي,0,False,True,,False,0.09242771999999999,0.0924,0.0003,0.0923,1,baseline,0,"""{\""system\"": \""Donchian-96/48\"", \""channel_tf\"": \""15m\"", \""capital\"": 1000.0}"""
دوناتشيان,donchian,donchian,XLMUSDT,عرضي,Donchian-96/48,1,923730,924236,2023-06-04T14:50:00+00:00,2023-06-04T23:16:00+00:00,506,-0.014727835687686756,-14.727835687686756,1000.0,كسر-سفلي,0,False,True,,False,0.09275562,0.0927,0.0006,0.0916,1,baseline,0,"""{\""system\"": \""Donchian-96/48\"", \""channel_tf\"": \""15m\"", \""capital\"": 1000.0}"""
دوناتشيان,donchian,donchian,XLMUSDT,عرضي,Donchian-96/48,1,926913,927751,2023-06-06T19:53:00+00:00,2023-06-07T09:51:00+00:00,838,-0.011314370092366598,-11.314370092366598,1000.0,كسر-سفلي,0,False,True,,False,0.08928027999999999,0.0892,0.0009,0.0885,1,baseline,0,"""{\""system\"": \""Donchian-96/48\"", \""channel_tf\"": \""15m\"", \""capital\"": 1000.0}"""
دوناتشيان,donchian,donchian,XLMUSDT,عرضي,Donchian-96/48,1,931016,931644,2023-06-09T16:16:00+00:00,2023-06-10T02:44:00+00:00,628,-0.013674966105777503,-13.674966105777504,1000.0,كسر-سفلي,0,False,True,,False,0.08815285999999999,0.0881,0.0006,0.0872,1,baseline,0,"""{\""system\"": \""Donchian-96/48\"", \""channel_tf\"": \""15m\"", \""capital\"": 1000.0}"""
دوناتشيان,donchian,donchian,XLMUSDT,عرضي,Donchian-96/48,1,933949,937148,2023-06-11T17:09:00+00:00,2023-06-13T22:28:00+00:00,3199,-0.010998633855458734,-10.998633855458735,1000.0,كسر-سفلي,0,False,True,,False,0.08312492999999999,0.0831,0.0003,0.0824,1,baseline,0,"""{\""system\"": \""Donchian-96/48\"", \""channel_tf\"": \""15m\"", \""capital\"": 1000.0}"""
دوناتشيان,donchian,donchian,XLMUSDT,عرضي,Donchian-96/48,1,940525,941009,2023-06-16T06:45:00+00:00,2023-06-16T14:49:00+00:00,484,-0.027353380358703102,-27.353380358703102,1000.0,كسر-سفلي,0,False,True,,False,0.07842352,0.0784,0.0003,0.0765,1,baseline,0,"""{\""system\"": \""Donchian-96/48\"", \""channel_tf\"": \""15m\"", \""capital\"": 1000.0}"""
دوناتشيان,donchian,donchian,XLMUSDT,عرضي,Donchian-96/48,1,941903,944224,2023-06-17T05:43:00+00:00,2023-06-18T20:24:00+00:00,2321,-1.0626635271815322e-05,-0.010626635271815323,1000.0,كسر-سفلي,0,False,True,,False,0.07907109999999999,0.079,0.0009,0.0793,1,baseline,0,"""{\""system\"": \""Donchian-96/48\"", \""channel_tf\"": \""15m\"", \""capital\"": 1000.0}"""
دوناتشيان,donchian,donchian,XLMUSDT,عرضي,Donchian-96/48,1,946948,949642,2023-06-20T17:48:00+00:00,2023-06-22T14:42:00+00:00,2694,0.06542163827083824,65.42163827083824,1000.0,كسر-سفلي,0,True,True,,False,0.08067254,0.0806,0.0009,0.0862,1,baseline,0,"""{\""system\"": \""Donchian-96/48\"", \""channel_tf\"": \""15m\"", \""capital\"": 1000.0}"""
دوناتشيان,donchian,donchian,XLMUSDT,عرضي,Donchian-96/48,1,951106,952573,2023-06-23T15:06:00+00:00,2023-06-24T15:33:00+00:00,1467,0.003569492977421703,3.569492977421703,1000.0,كسر-سفلي,0,True,True,,False,0.08842652000000001,0.0884,0.0003,0.089,1,baseline,0,"""{\""system\"": \""Donchian-96/48\"", \""channel_tf\"": \""15m\"", \""capital\"": 1000.0}"""
دوناتشيان,donchian,donchian,XLMUSDT,عرضي,Donchian-96/48,1,953324,954847,2023-06-25T04:04:00+00:00,2023-06-26T05:27:00+00:00,1523,-0.015944779652962687,-15.944779652962687,1000.0,كسر-سفلي,0,False,True,,False,0.09172751,0.0917,0.0003,0.0905,1,baseline,0,"""{\""system\"": \""Donchian-96/48\"", \""channel_tf\"": \""15m\"", \""capital\"": 1000.0}"""
دوناتشيان,donchian,donchian,XLMUSDT,عرضي,Donchian-96/48,1,955459,958007,2023-06-26T15:39:00+00:00,2023-06-28T10:07:00+00:00,2548,0.09455272711490681,94.55272711490682,1000.0,كسر-سفلي,0,True,True,,False,0.09242771999999999,0.0924,0.0003,0.1014,1,baseline,0,"""{\""system\"": \""Donchian-96/48\"", \""channel_tf\"": \""15m\"", \""capital\"": 1000.0}"""
دوناتشيان,donchian,donchian,XLMUSDT,عرضي,Donchian-96/48,1,960494,961980,2023-06-30T03:34:00+00:00,2023-07-01T04:20:00+00:00,1486,0.016759609840177193,16.759609840177195,1000.0,كسر-سفلي,0,True,True,,False,0.10496293999999999,0.1049,0.0006,0.107,1,baseline,0,"""{\""system\"": \""Donchian-96/48\"", \""channel_tf\"": \""15m\"", \""capital\"": 1000.0}"""
دوناتشيان,donchian,donchian,XLMUSDT,عرضي,Donchian-96/48,1,964782,965248,2023-07-03T03:02:00+00:00,2023-07-03T10:48:00+00:00,466,-0.022248819028823776,-22.248819028823775,1000.0,كسر-سفلي,0,False,True,,False,0.10823246,0.1082,0.0003,0.1061,1,baseline,0,"""{\""system\"": \""Donchian-96/48\"", \""channel_tf\"": \""15m\"", \""capital\"": 1000.0}"""
دوناتشيان,donchian,donchian,XLMUSDT,عرضي,Donchian-96/48,1,971888,974690,2023-07-08T01:28:00+00:00,2023-07-10T00:10:00+00:00,2802,0.0029317485031589443,2.931748503158944,1000.0,كسر-سفلي,0,True,True,,False,0.09762928,0.0976,0.0003,0.0982,1,baseline,0,"""{\""system\"": \""Donchian-96/48\"", \""channel_tf\"": \""15m\"", \""capital\"": 1000.0}"""
دوناتشيان,donchian,donchian,XLMUSDT,عرضي,Donchian-96/48,1,974995,977269,2023-07-10T05:15:00+00:00,2023-07-11T19:09:00+00:00,2274,-0.005198455441979744,-5.1984554419797435,1000.0,كسر-سفلي,0,False,True,,False,0.09958955,0.0995,0.0009,0.0993,1,baseline,0,"""{\""system\"": \""Donchian-96/48\"", \""channel_tf\"": \""15m\"", \""capital\"": 1000.0}"""
دوناتشيان,donchian,donchian,XLMUSDT,عرضي,Donchian-96/48,1,979924,981241,2023-07-13T15:24:00+00:00,2023-07-14T13:21:00+00:00,1317,0.44783493125929186,447.83493125929186,1000.0,كسر-سفلي,0,True,True,,False,0.0980294,0.098,0.0003,0.1423,1,baseline,0,"""{\""system\"": \""Donchian-96/48\"", \""channel_tf\"": \""15m\"", \""capital\"": 1000.0}"""
دوناتشيان,donchian,donchian,XLMUSDT,عرضي,Donchian-96/48,1,983934,985034,2023-07-16T10:14:00+00:00,2023-07-17T04:34:00+00:00,1100,-0.03518785755541886,-35.18785755541886,1000.0,كسر-سفلي,0,False,True,,False,0.13532167999999997,0.1352,0.0009,0.1309,1,baseline,0,"""{\""system\"": \""Donchian-96/48\"", \""channel_tf\"": \""15m\"", \""capital\"": 1000.0}"""
دوناتشيان,donchian,donchian,XLMUSDT,عرضي,Donchian-96/48,1,986883,989958,2023-07-18T11:23:00+00:00,2023-07-20T14:38:00+00:00,3075,0.23031176120262328,230.31176120262327,1000.0,كسر-سفلي,0,True,True,,False,0.13031718,0.1302,0.0009,0.1607,1,baseline,0,"""{\""system\"": \""Donchian-96/48\"", \""channel_tf\"": \""15m\"", \""capital\"": 1000.0}"""
دوناتشيان,donchian,donchian,XLMUSDT,عرضي,Donchian-96/48,1,992464,993093,2023-07-22T08:24:00+00:00,2023-07-22T18:53:00+00:00,629,-0.028895144490555864,-28.895144490555865,1000.0,كسر-سفلي,0,False,True,,False,0.16304660999999998,0.1629,0.0009,0.1587,1,baseline,0,"""{\""system\"": \""Donchian-96/48\"", \""channel_tf\"": \""15m\"", \""capital\"": 1000.0}"""
دوناتشيان,donchian,donchian,XLMUSDT,عرضي,Donchian-96/48,1,994543,994966,2023-07-23T19:03:00+00:00,2023-07-24T02:06:00+00:00,423,-0.04428501189460418,-44.28501189460418,1000.0,كسر-سفلي,0,False,True,,False,0.16034809,0.1603,0.0003,0.1536,1,baseline,0,"""{\""system\"": \""Donchian-96/48\"", \""channel_tf\"": \""15m\"", \""capital\"": 1000.0}"""
دوناتشيان,donchian,donchian,XLMUSDT,عرضي,Donchian-96/48,1,997131,997838,2023-07-25T14:11:00+00:00,2023-07-26T01:58:00+00:00,707,-0.038170447060340784,-38.170447060340784,1000.0,كسر-سفلي,0,False,True,,False,0.14833338,0.1482,0.0009,0.143,1,baseline,0,"""{\""system\"": \""Donchian-96/48\"", \""channel_tf\"": \""15m\"", \""capital\"": 1000.0}"""
دوناتشيان,donchian,donchian,XLMUSDT,عرضي,Donchian-96/48,1,999759,1000380,2023-07-27T09:59:00+00:00,2023-07-27T20:20:00+00:00,621,-0.04322002496921079,-43.22002496921079,1000.0,كسر-سفلي,0,False,True,,False,0.16329792,0.1632,0.0006,0.1566,1,baseline,0,"""{\""system\"": \""Donchian-96/48\"", \""channel_tf\"": \""15m\"", \""capital\"": 1000.0}"""
دوناتشيان,donchian,donchian,XLMUSDT,عرضي,Donchian-96/48,1,1000643,1002015,2023-07-28T00:43:00+00:00,2023-07-28T23:35:00+00:00,1372,-0.043807620103333646,-43.80762010333365,1000.0,كسر-سفلي,0,False,True,,False,0.16705020999999998,0.1669,0.0009,0.1601,1,baseline,0,"""{\""system\"": \""Donchian-96/48\"", \""channel_tf\"": \""15m\"", \""capital\"": 1000.0}"""
دوناتشيان,donchian,donchian,XLMUSDT,عرضي,Donchian-96/48,1,1004093,1004682,2023-07-30T10:13:00+00:00,2023-07-30T20:02:00+00:00,589,-0.044556005101805,-44.556005101805,1000.0,كسر-سفلي,0,False,True,,False,0.16144516999999997,0.1613,0.0009,0.1547,1,baseline,0,"""{\""system\"": \""Donchian-96/48\"", \""channel_tf\"": \""15m\"", \""capital\"": 1000.0}"""
دوناتشيان,donchian,donchian,XLMUSDT,عرضي,Donchian-288/96,1,4519,9152,2021-09-04T03:19:00+00:00,2021-09-07T08:32:00+00:00,4633,0.02000373410619235,20.003734106192347,1000.0,كسر-سفلي,0,True,True,symbol_exposure,True,0.37821342999999996,0.3781,0.0003,0.3869,1,baseline,0,"""{\""system\"": \""Donchian-288/96\"", \""channel_tf\"": \""15m\"", \""capital\"": 1000.0}"""
دوناتشيان,donchian,donchian,XLMUSDT,عرضي,Donchian-288/96,1,20666,22427,2021-09-15T08:26:00+00:00,2021-09-16T13:47:00+00:00,1761,-0.026378511061219273,-26.378511061219275,1000.0,كسر-سفلي,0,False,True,symbol_exposure,True,0.33980191,0.3397,0.0003,0.3317,1,baseline,0,"""{\""system\"": \""Donchian-288/96\"", \""channel_tf\"": \""15m\"", \""capital\"": 1000.0}"""
دوناتشيان,donchian,donchian,XLMUSDT,عرضي,Donchian-288/96,1,32083,33666,2021-09-23T06:43:00+00:00,2021-09-24T09:06:00+00:00,1583,-0.02865215650412327,-28.65215650412327,1000.0,كسر-سفلي,0,False,True,symbol_exposure,True,0.29768927999999995,0.2976,0.0003,0.29,1,baseline,0,"""{\""system\"": \""Donchian-288/96\"", \""channel_tf\"": \""15m\"", \""capital\"": 1000.0}"""
دوناتشيان,donchian,donchian,XLMUSDT,عرضي,Donchian-288/96,1,43111,47272,2021-10-01T00:31:00+00:00,2021-10-03T21:52:00+00:00,4161,0.10170776586716523,101.70776586716524,1000.0,كسر-سفلي,0,True,True,symbol_exposure,True,0.28136871999999996,0.2812,0.0006,0.3107,1,baseline,0,"""{\""system\"": \""Donchian-288/96\"", \""channel_tf\"": \""15m\"", \""capital\"": 1000.0}"""
دوناتشيان,donchian,donchian,XLMUSDT,عرضي,Donchian-288/96,1,50663,50799,2021-10-06T06:23:00+00:00,2021-10-06T08:39:00+00:00,136,-0.0522648168388502,-52.2648168388502,1000.0,كسر-سفلي,0,False,True,symbol_exposure,True,0.3230969,0.323,0.0003,0.3071,1,baseline,0,"""{\""system\"": \""Donchian-288/96\"", \""channel_tf\"": \""15m\"", \""capital\"": 1000.0}"""
دوناتشيان,donchian,donchian,XLMUSDT,عرضي,Donchian-288/96,1,51090,53163,2021-10-06T13:30:00+00:00,2021-10-08T00:03:00+00:00,2073,0.042009682042417805,42.00968204241781,1000.0,كسر-سفلي,0,True,True,symbol_exposure,True,0.32659366999999995,0.3263,0.0009,0.3412,1,baseline,0,"""{\""system\"": \""Donchian-288/96\"", \""channel_tf\"": \""15m\"", \""capital\"": 1000.0}"""
دوناتشيان,donchian,donchian,XLMUSDT,عرضي,Donchian-288/96,1,61020,63277,2021-10-13T11:00:00+00:00,2021-10-15T00:37:00+00:00,2257,0.004850108165728644,4.850108165728644,1000.0,كسر-سفلي,0,True,True,symbol_exposure,True,0.36050812,0.3604,0.0003,0.3632,1,baseline,0,"""{\""system\"": \""Donchian-288/96\"", \""channel_tf\"": \""15m\"", \""capital\"": 1000.0}"""
دوناتشيان,donchian,donchian,XLMUSDT,عرضي,Donchian-288/96,1,65156,67056,2021-10-16T07:56:00+00:00,2021-10-17T15:36:00+00:00,1900,-0.014396187379123699,-14.396187379123699,1000.0,كسر-سفلي,0,False,True,symbol_exposure,True,0.38281480999999995,0.3827,0.0003,0.3784,1,baseline,0,"""{\""system\"": \""Donchian-288/96\"", \""channel_tf\"": \""15m\"", \""capital\"": 1000.0}"""
دوناتشيان,donchian,donchian,XLMUSDT,عرضي,Donchian-288/96,1,71977,74163,2021-10-21T01:37:00+00:00,2021-10-22T14:03:00+00:00,2186,-0.06659709602219067,-66.59709602219067,1000.0,كسر-سفلي,0,False,True,symbol_exposure,True,0.39631886,0.3962,0.0003,0.371,1,baseline,0,"""{\""system\"": \""Donchian-288/96\"", \""channel_tf\"": \""15m\"", \""capital\"": 1000.0}"""
دوناتشيان,donchian,donchian,XLMUSDT,عرضي,Donchian-288/96,1,79065,79925,2021-10-25T23:45:00+00:00,2021-10-26T14:05:00+00:00,860,-0.02618313365587777,-26.183133655877768,1000.0,كسر-سفلي,0,False,True,symbol_exposure,True,0.38684785,0.3865,0.0009,0.3777,1,baseline,0,"""{\""system\"": \""Donchian-288/96\"", \""channel_tf\"": \""15m\"", \""capital\"": 1000.0}"""
دوناتشيان,donchian,donchian,XLMUSDT,عرضي,Donchian-288/96,1,86435,87871,2021-10-31T02:35:00+00:00,2021-11-01T02:31:00+00:00,1436,-0.018479776706463367,-18.479776706463365,1000.0,كسر-سفلي,0,False,True,symbol_exposure,True,0.36662966999999996,0.3663,0.0009,0.3609,1,baseline,0,"""{\""system\"": \""Donchian-288/96\"", \""channel_tf\"": \""15m\"", \""capital\"": 1000.0}"""
دوناتشيان,donchian,donchian,XLMUSDT,عرضي,Donchian-288/96,1,90884,92950,2021-11-03T04:44:00+00:00,2021-11-04T15:10:00+00:00,2066,-0.04894084298646306,-48.94084298646306,1000.0,كسر-سفلي,0,False,True,symbol_exposure,True,0.39065126999999994,0.3903,0.0009,0.3725,1,baseline,0,"""{\""system\"": \""Donchian-288/96\"", \""channel_tf\"": \""15m\"", \""capital\"": 1000.0}"""
دوناتشيان,donchian,donchian,XLMUSDT,عرضي,Donchian-288/96,1,98239,101931,2021-11-08T07:19:00+00:00,2021-11-10T20:51:00+00:00,3692,0.05240460736386368,52.40460736386368,1000.0,كسر-سفلي,0,True,True,symbol_exposure,True,0.37301187,0.3729,0.0003,0.3937,1,baseline,0,"""{\""system\"": \""Donchian-288/96\"", \""channel_tf\"": \""15m\"", \""capital\"": 1000.0}"""
دوناتشيان,donchian,donchian,XLMUSDT,صاعد,Donchian-288/96,1,108406,109329,2021-11-15T08:46:00+00:00,2021-11-16T00:09:00+00:00,923,-0.044590371757607196,-44.590371757607194,1000.0,كسر-سفلي,0,False,True,symbol_exposure,True,0.38781631,0.3877,0.0003,0.3716,1,baseline,0,"""{\""system\"": \""Donchian-288/96\"", \""channel_tf\"": \""15m\"", \""capital\"": 1000.0}"""
دوناتشيان,donchian,donchian,XLMUSDT,عرضي,Donchian-288/96,1,115090,115912,2021-11-20T00:10:00+00:00,2021-11-20T13:52:00+00:00,822,-0.033348287455111474,-33.348287455111475,1000.0,كسر-سفلي,0,False,True,symbol_exposure,True,0.35711413999999997,0.3569,0.0006,0.346,1,baseline,0,"""{\""system\"": \""Donchian-288/96\"", \""channel_tf\"": \""15m\"", \""capital\"": 1000.0}"""
دوناتشيان,donchian,donchian,XLMUSDT,عرضي,Donchian-288/96,1,124095,124220,2021-11-26T06:15:00+00:00,2021-11-26T08:20:00+00:00,125,-0.06470398084729119,-64.70398084729119,1000.0,كسر-سفلي,0,False,True,symbol_exposure,True,0.34860904,0.3484,0.0006,0.327,1,baseline,0,"""{\""system\"": \""Donchian-288/96\"", \""channel_tf\"": \""15m\"", \""capital\"": 1000.0}"""
دوناتشيان,donchian,donchian,XLMUSDT,عرضي,Donchian-288/96,1,129583,131698,2021-11-30T01:43:00+00:00,2021-12-01T12:58:00+00:00,2115,-0.008532673040900447,-8.532673040900447,1000.0,كسر-سفلي,0,False,True,symbol_exposure,True,0.33630166,0.3361,0.0006,0.3342,1,baseline,0,"""{\""system\"": \""Donchian-288/96\"", \""channel_tf\"": \""15m\"", \""capital\"": 1000.0}"""
دوناتشيان,donchian,donchian,XLMUSDT,عرضي,Donchian-288/96,1,133952,135012,2021-12-03T02:32:00+00:00,2021-12-03T20:12:00+00:00,1060,-0.05964247723710282,-59.642477237102824,1000.0,كسر-سفلي,0,False,True,symbol_exposure,True,0.35171625999999995,0.3514,0.0009,0.3317,1,baseline,0,"""{\""system\"": \""Donchian-288/96\"", \""channel_tf\"": \""15m\"", \""capital\"": 1000.0}"""
دوناتشيان,donchian,donchian,XLMUSDT,عرضي,Donchian-288/96,1,141444,143312,2021-12-08T07:24:00+00:00,2021-12-09T14:32:00+00:00,1868,-0.05223841888740772,-52.23841888740772,1000.0,كسر-سفلي,0,False,True,symbol_exposure,True,0.30119032999999995,0.3011,0.0003,0.2862,1,baseline,0,"""{\""system\"": \""Donchian-288/96\"", \""channel_tf\"": \""15m\"", \""capital\"": 1000.0}"""
دوناتشيان,donchian,donchian,XLMUSDT,عرضي,Donchian-288/96,1,161400,162608,2021-12-22T04:00:00+00:00,2021-12-23T00:08:00+00:00,1208,-0.03122897711007753,-31.22897711007753,1000.0,كسر-سفلي,0,False,True,symbol_exposure,True,0.27388214,0.2738,0.0003,0.2661,1,baseline,0,"""{\""system\"": \""Donchian-288/96\"", \""channel_tf\"": \""15m\"", \""capital\"": 1000.0}"""
دوناتشيان,donchian,donchian,XLMUSDT,عرضي,Donchian-288/96,1,163032,165434,2021-12-23T07:12:00+00:00,2021-12-24T23:14:00+00:00,2402,-0.008946971867740594,-8.946971867740594,1000.0,كسر-سفلي,0,False,True,symbol_exposure,True,0.27746637999999996,0.2773,0.0006,0.2757,1,baseline,0,"""{\""system\"": \""Donchian-288/96\"", \""channel_tf\"": \""15m\"", \""capital\"": 1000.0}"""
دوناتشيان,donchian,donchian,XLMUSDT,عرضي,Donchian-288/96,1,165602,169834,2021-12-25T02:02:00+00:00,2021-12-28T00:34:00+00:00,4232,-0.004136616739662743,-4.136616739662743,1000.0,كسر-سفلي,0,False,True,symbol_exposure,True,0.29076145,0.2905,0.0009,0.2904,1,baseline,0,"""{\""system\"": \""Donchian-288/96\"", \""channel_tf\"": \""15m\"", \""capital\"": 1000.0}"""
دوناتشيان,donchian,donchian,XLMUSDT,عرضي,Donchian-288/96,1,177034,179682,2022-01-02T00:34:00+00:00,2022-01-03T20:42:00+00:00,2648,0.02552052519990387,25.52052519990387,1000.0,كسر-سفلي,0,True,True,symbol_exposure,True,0.27786662,0.2777,0.0006,0.2857,1,baseline,0,"""{\""system\"": \""Donchian-288/96\"", \""channel_tf\"": \""15m\"", \""capital\"": 1000.0}"""
دوناتشيان,donchian,donchian,XLMUSDT,عرضي,Donchian-288/96,1,191403,193792,2022-01-12T00:03:00+00:00,2022-01-13T15:52:00+00:00,2389,0.034977954841674846,34.977954841674844,1000.0,كسر-سفلي,0,True,True,symbol_exposure,True,0.26443777999999996,0.2642,0.0009,0.2744,1,baseline,0,"""{\""system\"": \""Donchian-288/96\"", \""channel_tf\"": \""15m\"", \""capital\"": 1000.0}"""
دوناتشيان,donchian,donchian,XLMUSDT,عرضي,Donchian-288/96,1,211850,212868,2022-01-26T04:50:00+00:00,2022-01-26T21:48:00+00:00,1018,-0.04656303097417258,-46.563030974172584,1000.0,كسر-سفلي,0,False,True,symbol_exposure,True,0.20142078,0.2013,0.0006,0.1926,1,baseline,0,"""{\""system\"": \""Donchian-288/96\"", \""channel_tf\"": \""15m\"", \""capital\"": 1000.0}"""
دوناتشيان,donchian,donchian,XLMUSDT,عرضي,Donchian-288/96,1,217616,218322,2022-01-30T04:56:00+00:00,2022-01-30T16:42:00+00:00,706,-0.03613533077325497,-36.135330773254964,1000.0,كسر-سفلي,0,False,True,symbol_exposure,True,0.20526155999999998,0.2052,0.0003,0.1983,1,baseline,0,"""{\""system\"": \""Donchian-288/96\"", \""channel_tf\"": \""15m\"", \""capital\"": 1000.0}"""
دوناتشيان,donchian,donchian,XLMUSDT,عرضي,Donchian-288/96,1,225725,231336,2022-02-04T20:05:00+00:00,2022-02-08T17:36:00+00:00,5611,0.12518574606615063,125.18574606615063,1000.0,كسر-سفلي,0,True,True,symbol_exposure,True,0.20642378,0.2063,0.0006,0.2328,1,baseline,0,"""{\""system\"": \""Donchian-288/96\"", \""channel_tf\"": \""15m\"", \""capital\"": 1000.0}"""
دوناتشيان,donchian,donchian,XLMUSDT,عرضي,Donchian-288/96,1,241788,242629,2022-02-15T23:48:00+00:00,2022-02-16T13:49:00+00:00,841,-0.038779772454449336,-38.779772454449336,1000.0,كسر-سفلي,0,False,True,symbol_exposure,True,0.22229988999999997,0.2221,0.0009,0.2143,1,baseline,0,"""{\""system\"": \""Donchian-288/96\"", \""channel_tf\"": \""15m\"", \""capital\"": 1000.0}"""
دوناتشيان,donchian,donchian,XLMUSDT,عرضي,Donchian-288/96,1,243298,244133,2022-02-17T00:58:00+00:00,2022-02-17T14:53:00+00:00,835,-0.04933906642481266,-49.33906642481266,1000.0,كسر-سفلي,0,False,True,symbol_exposure,True,0.22270025,0.2225,0.0009,0.2122,1,baseline,0,"""{\""system\"": \""Donchian-288/96\"", \""channel_tf\"": \""15m\"", \""capital\"": 1000.0}"""
دوناتشيان,donchian,donchian,XLMUSDT,عرضي,Donchian-288/96,1,256239,257671,2022-02-26T00:39:00+00:00,2022-02-27T00:31:00+00:00,1432,-0.04100261225440613,-41.00261225440613,1000.0,كسر-سفلي,0,False,True,symbol_exposure,True,0.19677693999999998,0.1966,0.0009,0.1892,1,baseline,0,"""{\""system\"": \""Donchian-288/96\"", \""channel_tf\"": \""15m\"", \""capital\"": 1000.0}"""
دوناتشيان,donchian,donchian,XLMUSDT,عرضي,Donchian-288/96,1,261355,262778,2022-03-01T13:55:00+00:00,2022-03-02T13:38:00+00:00,1423,-0.04745428536156261,-47.45428536156261,1000.0,كسر-سفلي,0,False,True,symbol_exposure,True,0.20146042,0.2014,0.0003,0.1924,1,baseline,0,"""{\""system\"": \""Donchian-288/96\"", \""channel_tf\"": \""15m\"", \""capital\"": 1000.0}"""
دوناتشيان,donchian,donchian,XLMUSDT,صاعد,Donchian-288/96,1,272564,273853,2022-03-09T08:44:00+00:00,2022-03-10T06:13:00+00:00,1289,-0.023042304850006082,-23.042304850006083,1000.0,كسر-سفلي,0,False,True,symbol_exposure,True,0.18055415,0.1805,0.0003,0.1768,1,baseline,0,"""{\""system\"": \""Donchian-288/96\"", \""channel_tf\"": \""15m\"", \""capital\"": 1000.0}"""
دوناتشيان,donchian,donchian,XLMUSDT,عرضي,Donchian-288/96,1,283351,285669,2022-03-16T20:31:00+00:00,2022-03-18T11:09:00+00:00,2318,-0.015391084844716744,-15.391084844716744,1000.0,كسر-سفلي,0,False,True,symbol_exposure,True,0.18805639999999998,0.188,0.0003,0.1857,1,baseline,0,"""{\""system\"": \""Donchian-288/96\"", \""channel_tf\"": \""15m\"", \""capital\"": 1000.0}"""
دوناتشيان,donchian,donchian,XLMUSDT,عرضي,Donchian-288/96,1,286013,288779,2022-03-18T16:53:00+00:00,2022-03-20T14:59:00+00:00,2766,0.006238851821081495,6.238851821081495,1000.0,كسر-سفلي,0,True,True,symbol_exposure,True,0.19195757,0.1919,0.0003,0.1936,1,baseline,0,"""{\""system\"": \""Donchian-288/96\"", \""channel_tf\"": \""15m\"", \""capital\"": 1000.0}"""
دوناتشيان,donchian,donchian,XLMUSDT,عرضي,Donchian-288/96,1,290511,296111,2022-03-21T19:51:00+00:00,2022-03-25T17:11:00+00:00,5600,0.03647576513318,36.475765133180005,1000.0,كسر-سفلي,0,True,True,symbol_exposure,True,0.20266077999999998,0.2026,0.0003,0.2106,1,baseline,0,"""{\""system\"": \""Donchian-288/96\"", \""channel_tf\"": \""15m\"", \""capital\"": 1000.0}"""
دوناتشيان,donchian,donchian,XLMUSDT,عرضي,Donchian-288/96,1,298878,302370,2022-03-27T15:18:00+00:00,2022-03-30T01:30:00+00:00,3492,0.03260553831264999,32.60553831264999,1000.0,كسر-سفلي,0,True,True,symbol_exposure,True,0.2210663,0.221,0.0003,0.2288,1,baseline,0,"""{\""system\"": \""Donchian-288/96\"", \""channel_tf\"": \""15m\"", \""capital\"": 1000.0}"""
دوناتشيان,donchian,donchian,XLMUSDT,عرضي,Donchian-288/96,1,325484,327722,2022-04-15T02:44:00+00:00,2022-04-16T16:02:00+00:00,2238,0.007965558270284036,7.965558270284036,1000.0,كسر-سفلي,0,True,True,symbol_exposure,True,0.20018,0.2,0.0009,0.2023,1,baseline,0,"""{\""system\"": \""Donchian-288/96\"", \""channel_tf\"": \""15m\"", \""capital\"": 1000.0}"""
دوناتشيان,donchian,donchian,XLMUSDT,عرضي,Donchian-288/96,1,353805,355046,2022-05-04T18:45:00+00:00,2022-05-05T15:26:00+00:00,1241,-0.029509451947439397,-29.5094519474394,1000.0,كسر-سفلي,0,False,True,symbol_exposure,True,0.17836037999999999,0.1782,0.0009,0.1736,1,baseline,0,"""{\""system\"": \""Donchian-288/96\"", \""channel_tf\"": \""15m\"", \""capital\"": 1000.0}"""
دوناتشيان,donchian,donchian,XLMUSDT,عرضي,Donchian-288/96,1,369244,370902,2022-05-15T12:04:00+00:00,2022-05-16T15:42:00+00:00,1658,-0.05066173995566076,-50.661739955660764,1000.0,كسر-سفلي,0,False,True,symbol_exposure,True,0.14082662999999998,0.1407,0.0009,0.134,1,baseline,0,"""{\""system\"": \""Donchian-288/96\"", \""channel_tf\"": \""15m\"", \""capital\"": 1000.0}"""
دوناتشيان,donchian,donchian,XLMUSDT,عرضي,Donchian-288/96,1,379152,381183,2022-05-22T09:12:00+00:00,2022-05-23T19:03:00+00:00,2031,-0.01432947081426771,-14.32947081426771,1000.0,كسر-سفلي,0,False,True,symbol_exposure,True,0.13434029,0.1343,0.0003,0.1328,1,baseline,0,"""{\""system\"": \""Donchian-288/96\"", \""channel_tf\"": \""15m\"", \""capital\"": 1000.0}"""
دوناتشيان,donchian,donchian,XLMUSDT,عرضي,Donchian-288/96,1,389567,393873,2022-05-29T14:47:00+00:00,2022-06-01T14:33:00+00:00,4306,0.11573241687084708,115.73241687084708,1000.0,كسر-سفلي,0,True,True,symbol_exposure,True,0.12863857999999997,0.1286,0.0003,0.1439,1,baseline,0,"""{\""system\"": \""Donchian-288/96\"", \""channel_tf\"": \""15m\"", \""capital\"": 1000.0}"""
دوناتشيان,donchian,donchian,XLMUSDT,عرضي,Donchian-288/96,1,400629,401664,2022-06-06T07:09:00+00:00,2022-06-07T00:24:00+00:00,1035,-0.05836210376552909,-58.36210376552909,1000.0,كسر-سفلي,0,False,True,symbol_exposure,True,0.14983472999999997,0.1497,0.0009,0.1415,1,baseline,0,"""{\""system\"": \""Donchian-288/96\"", \""channel_tf\"": \""15m\"", \""capital\"": 1000.0}"""
دوناتشيان,donchian,donchian,XLMUSDT,عرضي,Donchian-288/96,1,414605,415976,2022-06-16T00:05:00+00:00,2022-06-16T22:56:00+00:00,1371,-0.1204442472556909,-120.4442472556909,1000.0,كسر-سفلي,0,False,True,symbol_exposure,True,0.12277362,0.1227,0.0006,0.1083,1,baseline,0,"""{\""system\"": \""Donchian-288/96\"", \""channel_tf\"": \""15m\"", \""capital\"": 1000.0}"""
دوناتشيان,donchian,donchian,XLMUSDT,عرضي,Donchian-288/96,1,421015,423462,2022-06-20T10:55:00+00:00,2022-06-22T03:42:00+00:00,2447,-0.0396044180725424,-39.6044180725424,1000.0,كسر-سفلي,0,False,True,symbol_exposure,True,0.11687007999999999,0.1168,0.0006,0.1125,1,baseline,0,"""{\""system\"": \""Donchian-288/96\"", \""channel_tf\"": \""15m\"", \""capital\"": 1000.0}"""
دوناتشيان,donchian,donchian,XLMUSDT,عرضي,Donchian-288/96,1,426127,428339,2022-06-24T00:07:00+00:00,2022-06-25T12:59:00+00:00,2212,0.03767767052641326,37.67767052641326,1000.0,كسر-سفلي,0,True,True,symbol_exposure,True,0.11957169999999999,0.1195,0.0006,0.1244,1,baseline,0,"""{\""system\"": \""Donchian-288/96\"", \""channel_tf\"": \""15m\"", \""capital\"": 1000.0}"""
دوناتشيان,donchian,donchian,XLMUSDT,عرضي,Donchian-288/96,1,445690,449210,2022-07-07T14:10:00+00:00,2022-07-10T00:50:00+00:00,3520,-0.0023030909331712857,-2.3030909331712857,1000.0,كسر-سفلي,0,False,True,symbol_exposure,True,0.11176701999999998,0.1117,0.0006,0.1118,1,baseline,0,"""{\""system\"": \""Donchian-288/96\"", \""channel_tf\"": \""15m\"", \""capital\"": 1000.0}"""
دوناتشيان,donchian,donchian,XLMUSDT,عرضي,Donchian-288/96,1,456091,457870,2022-07-14T19:31:00+00:00,2022-07-16T01:10:00+00:00,1779,-0.016605393400220034,-16.605393400220034,1000.0,كسر-سفلي,0,False,True,symbol_exposure,True,0.10683204,0.1068,0.0003,0.1053,1,baseline,0,"""{\""system\"": \""Donchian-288/96\"", \""channel_tf\"": \""15m\"", \""capital\"": 1000.0}"""
دوناتشيان,donchian,donchian,XLMUSDT,عرضي,Donchian-288/96,1,458774,460219,2022-07-16T16:14:00+00:00,2022-07-17T16:19:00+00:00,1445,-0.018741329652335176,-18.74132965233518,1000.0,كسر-سفلي,0,False,True,symbol_exposure,True,0.10909809999999999,0.109,0.0009,0.1073,1,baseline,0,"""{\""system\"": \""Donchian-288/96\"", \""channel_tf\"": \""15m\"", \""capital\"": 1000.0}"""
دوناتشيان,donchian,donchian,XLMUSDT,عرضي,Donchian-288/96,1,461020,464564,2022-07-18T05:40:00+00:00,2022-07-20T16:44:00+00:00,3544,0.04119131671210308,41.191316712103074,1000.0,كسر-سفلي,0,True,True,symbol_exposure,True,0.1115669,0.1115,0.0006,0.1165,1,baseline,0,"""{\""system\"": \""Donchian-288/96\"", \""channel_tf\"": \""15m\"", \""capital\"": 1000.0}"""
دوناتشيان,donchian,donchian,XLMUSDT,عرضي,Donchian-288/96,1,475248,480783,2022-07-28T02:48:00+00:00,2022-07-31T23:03:00+00:00,5535,0.03618959922622913,36.18959922622913,1000.0,كسر-سفلي,0,True,True,symbol_exposure,True,0.11310169999999999,0.113,0.0009,0.1175,1,baseline,0,"""{\""system\"": \""Donchian-288/96\"", \""channel_tf\"": \""15m\"", \""capital\"": 1000.0}"""
دوناتشيان,donchian,donchian,XLMUSDT,عرضي,Donchian-288/96,1,487323,492853,2022-08-05T12:03:00+00:00,2022-08-09T08:13:00+00:00,5530,0.06331427538703188,63.314275387031884,1000.0,كسر-سفلي,0,True,True,symbol_exposure,True,0.11847104,0.1184,0.0006,0.1263,1,baseline,0,"""{\""system\"": \""Donchian-288/96\"", \""channel_tf\"": \""15m\"", \""capital\"": 1000.0}"""
دوناتشيان,donchian,donchian,XLMUSDT,عرضي,Donchian-288/96,1,498300,499652,2022-08-13T03:00:00+00:00,2022-08-14T01:32:00+00:00,1352,-0.017448536432966254,-17.448536432966254,1000.0,كسر-سفلي,0,False,True,symbol_exposure,True,0.12763828,0.1276,0.0003,0.1257,1,baseline,0,"""{\""system\"": \""Donchian-288/96\"", \""channel_tf\"": \""15m\"", \""capital\"": 1000.0}"""
دوناتشيان,donchian,donchian,XLMUSDT,عرضي,Donchian-288/96,1,500019,500581,2022-08-14T07:39:00+00:00,2022-08-14T17:01:00+00:00,562,-0.029820701153565807,-29.820701153565807,1000.0,كسر-سفلي,0,False,True,symbol_exposure,True,0.12877722,0.1287,0.0006,0.1253,1,baseline,0,"""{\""system\"": \""Donchian-288/96\"", \""channel_tf\"": \""15m\"", \""capital\"": 1000.0}"""
دوناتشيان,donchian,donchian,XLMUSDT,عرضي,Donchian-288/96,1,517340,517745,2022-08-26T08:20:00+00:00,2022-08-26T15:05:00+00:00,405,-0.027938724850642183,-27.938724850642185,1000.0,كسر-سفلي,0,False,True,symbol_exposure,True,0.11150025999999999,0.1114,0.0009,0.1087,1,baseline,0,"""{\""system\"": \""Donchian-288/96\"", \""channel_tf\"": \""15m\"", \""capital\"": 1000.0}"""
دوناتشيان,donchian,donchian,XLMUSDT,عرضي,Donchian-288/96,1,527832,528085,2022-09-02T15:12:00+00:00,2022-09-02T19:25:00+00:00,253,-0.030124406070944056,-30.124406070944055,1000.0,كسر-سفلي,0,False,True,symbol_exposure,True,0.10623186,0.1062,0.0003,0.1033,1,baseline,0,"""{\""system\"": \""Donchian-288/96\"", \""channel_tf\"": \""15m\"", \""capital\"": 1000.0}"""
دوناتشيان,donchian,donchian,XLMUSDT,عرضي,Donchian-288/96,1,529927,531574,2022-09-04T02:07:00+00:00,2022-09-05T05:34:00+00:00,1647,-0.020996212910067157,-20.996212910067158,1000.0,كسر-سفلي,0,False,True,symbol_exposure,True,0.10643191999999999,0.1064,0.0003,0.1045,1,baseline,0,"""{\""system\"": \""Donchian-288/96\"", \""channel_tf\"": \""15m\"", \""capital\"": 1000.0}"""
دوناتشيان,donchian,donchian,XLMUSDT,عرضي,Donchian-288/96,1,537540,541116,2022-09-09T09:00:00+00:00,2022-09-11T20:36:00+00:00,3576,0.03146011538761802,31.460115387618018,1000.0,كسر-سفلي,0,True,True,symbol_exposure,True,0.10936557999999999,0.1093,0.0006,0.1131,1,baseline,0,"""{\""system\"": \""Donchian-288/96\"", \""channel_tf\"": \""15m\"", \""capital\"": 1000.0}"""
دوناتشيان,donchian,donchian,XLMUSDT,عرضي,Donchian-288/96,1,548371,551257,2022-09-16T21:31:00+00:00,2022-09-18T21:37:00+00:00,2886,0.03347871479696098,33.478714796960986,1000.0,كسر-سفلي,0,True,True,symbol_exposure,True,0.1060318,0.106,0.0003,0.1099,1,baseline,0,"""{\""system\"": \""Donchian-288/96\"", \""channel_tf\"": \""15m\"", \""capital\"": 1000.0}"""
دوناتشيان,donchian,donchian,XLMUSDT,عرضي,Donchian-288/96,1,553614,555201,2022-09-20T12:54:00+00:00,2022-09-21T15:21:00+00:00,1587,-0.034755625395013756,-34.75562539501376,1000.0,كسر-سفلي,0,False,True,symbol_exposure,True,0.11583473999999999,0.1158,0.0003,0.1121,1,baseline,0,"""{\""system\"": \""Donchian-288/96\"", \""channel_tf\"": \""15m\"", \""capital\"": 1000.0}"""
دوناتشيان,donchian,donchian,XLMUSDT,عرضي,Donchian-288/96,1,556463,558280,2022-09-22T12:23:00+00:00,2022-09-23T18:40:00+00:00,1817,-0.01958389836374321,-19.583898363743213,1000.0,كسر-سفلي,0,False,True,symbol_exposure,True,0.11957169999999999,0.1195,0.0006,0.1175,1,baseline,0,"""{\""system\"": \""Donchian-288/96\"", \""channel_tf\"": \""15m\"", \""capital\"": 1000.0}"""
دوناتشيان,donchian,donchian,XLMUSDT,عرضي,Donchian-288/96,1,569291,571506,2022-10-01T10:11:00+00:00,2022-10-02T23:06:00+00:00,2215,-0.015940207918218666,-15.940207918218666,1000.0,كسر-سفلي,0,False,True,symbol_exposure,True,0.12020808999999999,0.1201,0.0009,0.1186,1,baseline,0,"""{\""system\"": \""Donchian-288/96\"", \""channel_tf\"": \""15m\"", \""capital\"": 1000.0}"""
دوناتشيان,donchian,donchian,XLMUSDT,عرضي,Donchian-288/96,1,578406,582776,2022-10-07T18:06:00+00:00,2022-10-10T18:56:00+00:00,4370,0.027085789961763404,27.085789961763403,1000.0,كسر-سفلي,0,True,True,symbol_exposure,True,0.12190962,0.1218,0.0009,0.1255,1,baseline,0,"""{\""system\"": \""Donchian-288/96\"", \""channel_tf\"": \""15m\"", \""capital\"": 1000.0}"""
دوناتشيان,donchian,donchian,XLMUSDT,عرضي,Donchian-288/96,1,601682,602667,2022-10-23T22:02:00+00:00,2022-10-24T14:27:00+00:00,985,-0.026689557047507678,-26.689557047507677,1000.0,كسر-سفلي,0,False,True,symbol_exposure,True,0.11180052999999998,0.1117,0.0009,0.1091,1,baseline,0,"""{\""system\"": \""Donchian-288/96\"", \""channel_tf\"": \""15m\"", \""capital\"": 1000.0}"""
دوناتشيان,donchian,donchian,XLMUSDT,عرضي,Donchian-288/96,1,604269,606958,2022-10-25T17:09:00+00:00,2022-10-27T13:58:00+00:00,2689,-0.00585599557675357,-5.85599557675357,1000.0,كسر-سفلي,0,False,True,symbol_exposure,True,0.11246743999999999,0.1124,0.0006,0.1121,1,baseline,0,"""{\""system\"": \""Donchian-288/96\"", \""channel_tf\"": \""15m\"", \""capital\"": 1000.0}"""
دوناتشيان,donchian,donchian,XLMUSDT,عرضي,Donchian-288/96,1,618173,620467,2022-11-04T08:53:00+00:00,2022-11-05T23:07:00+00:00,2294,0.0068609243790086,6.860924379008599,1000.0,كسر-سفلي,0,True,True,symbol_exposure,True,0.11230097999999998,0.1122,0.0009,0.1134,1,baseline,0,"""{\""system\"": \""Donchian-288/96\"", \""channel_tf\"": \""15m\"", \""capital\"": 1000.0}"""
دوناتشيان,donchian,donchian,XLMUSDT,عرضي,Donchian-288/96,1,634292,635628,2022-11-15T13:32:00+00:00,2022-11-16T11:48:00+00:00,1336,-0.02872665635911886,-28.72665635911886,1000.0,كسر-سفلي,0,False,True,symbol_exposure,True,0.09378433,0.0937,0.0009,0.0913,1,baseline,0,"""{\""system\"": \""Donchian-288/96\"", \""channel_tf\"": \""15m\"", \""capital\"": 1000.0}"""
دوناتشيان,donchian,donchian,XLMUSDT,عرضي,Donchian-288/96,1,640750,641401,2022-11-20T01:10:00+00:00,2022-11-20T12:01:00+00:00,651,-0.03584192137697571,-35.84192137697571,1000.0,كسر-سفلي,0,False,True,symbol_exposure,True,0.09165496,0.0916,0.0006,0.0886,1,baseline,0,"""{\""system\"": \""Donchian-288/96\"", \""channel_tf\"": \""15m\"", \""capital\"": 1000.0}"""
دوناتشيان,donchian,donchian,XLMUSDT,عرضي,Donchian-288/96,1,646543,649776,2022-11-24T01:43:00+00:00,2022-11-26T07:36:00+00:00,3233,-0.005134700789640538,-5.134700789640537,1000.0,كسر-سفلي,0,False,True,symbol_exposure,True,0.08912673,0.0891,0.0003,0.0889,1,baseline,0,"""{\""system\"": \""Donchian-288/96\"", \""channel_tf\"": \""15m\"", \""capital\"": 1000.0}"""
دوناتشيان,donchian,donchian,XLMUSDT,عرضي,Donchian-288/96,1,651907,652291,2022-11-27T19:07:00+00:00,2022-11-28T01:31:00+00:00,384,-0.04983658562699087,-49.836585626990875,1000.0,كسر-سفلي,0,False,True,symbol_exposure,True,0.09192756999999999,0.0919,0.0003,0.0876,1,baseline,0,"""{\""system\"": \""Donchian-288/96\"", \""channel_tf\"": \""15m\"", \""capital\"": 1000.0}"""
دوناتشيان,donchian,donchian,XLMUSDT,عرضي,Donchian-288/96,1,702505,705035,2023-01-01T22:25:00+00:00,2023-01-03T16:35:00+00:00,2530,0.005344564498328735,5.344564498328735,1000.0,كسر-سفلي,0,True,True,symbol_exposure,True,0.07264356,0.0726,0.0006,0.0732,1,baseline,0,"""{\""system\"": \""Donchian-288/96\"", \""channel_tf\"": \""15m\"", \""capital\"": 1000.0}"""
دوناتشيان,donchian,donchian,XLMUSDT,عرضي,Donchian-288/96,1,705903,706714,2023-01-04T07:03:00+00:00,2023-01-04T20:34:00+00:00,811,-0.02267886436394259,-22.67886436394259,1000.0,كسر-سفلي,0,False,True,symbol_exposure,True,0.07452235,0.0745,0.0003,0.073,1,baseline,0,"""{\""system\"": \""Donchian-288/96\"", \""channel_tf\"": \""15m\"", \""capital\"": 1000.0}"""
دوناتشيان,donchian,donchian,XLMUSDT,عرضي,Donchian-288/96,1,709565,714280,2023-01-06T20:05:00+00:00,2023-01-10T02:40:00+00:00,4715,0.048286802234255057,48.286802234255056,1000.0,كسر-سفلي,0,True,True,symbol_exposure,True,0.07466713999999999,0.0746,0.0009,0.0785,1,baseline,0,"""{\""system\"": \""Donchian-288/96\"", \""channel_tf\"": \""15m\"", \""capital\"": 1000.0}"""
دوناتشيان,donchian,donchian,XLMUSDT,عرضي,Donchian-288/96,1,716483,726594,2023-01-11T15:23:00+00:00,2023-01-18T15:54:00+00:00,10111,0.04952533910193505,49.52533910193505,1000.0,كسر-سفلي,0,True,True,symbol_exposure,True,0.08132439,0.0813,0.0003,0.0856,1,baseline,0,"""{\""system\"": \""Donchian-288/96\"", \""channel_tf\"": \""15m\"", \""capital\"": 1000.0}"""
دوناتشيان,donchian,donchian,XLMUSDT,عرضي,Donchian-288/96,1,730556,732654,2023-01-21T09:56:00+00:00,2023-01-22T20:54:00+00:00,2098,-0.0006708562570373972,-0.6708562570373972,1000.0,كسر-سفلي,0,False,True,symbol_exposure,True,0.08962687999999999,0.0896,0.0003,0.0898,1,baseline,0,"""{\""system\"": \""Donchian-288/96\"", \""channel_tf\"": \""15m\"", \""capital\"": 1000.0}"""
دوناتشيان,donchian,donchian,XLMUSDT,عرضي,Donchian-288/96,1,733330,735307,2023-01-23T08:10:00+00:00,2023-01-24T17:07:00+00:00,1977,-0.015106083151621727,-15.106083151621727,1000.0,كسر-سفلي,0,False,True,symbol_exposure,True,0.09448495999999999,0.0944,0.0009,0.0933,1,baseline,0,"""{\""system\"": \""Donchian-288/96\"", \""channel_tf\"": \""15m\"", \""capital\"": 1000.0}"""
دوناتشيان,donchian,donchian,XLMUSDT,عرضي,Donchian-288/96,1,740404,743464,2023-01-28T06:04:00+00:00,2023-01-30T09:04:00+00:00,3060,-0.020144987513119116,-20.144987513119116,1000.0,كسر-سفلي,0,False,True,symbol_exposure,True,0.09412823,0.0941,0.0003,0.0925,1,baseline,0,"""{\""system\"": \""Donchian-288/96\"", \""channel_tf\"": \""15m\"", \""capital\"": 1000.0}"""
دوناتشيان,donchian,donchian,XLMUSDT,عرضي,Donchian-288/96,1,747933,748559,2023-02-02T11:33:00+00:00,2023-02-02T21:59:00+00:00,626,-0.02609681495251621,-26.096814952516212,1000.0,كسر-سفلي,0,False,True,symbol_exposure,True,0.09388441999999998,0.0938,0.0009,0.0917,1,baseline,0,"""{\""system\"": \""Donchian-288/96\"", \""channel_tf\"": \""15m\"", \""capital\"": 1000.0}"""
دوناتشيان,donchian,donchian,XLMUSDT,عرضي,Donchian-288/96,1,767115,768705,2023-02-15T19:15:00+00:00,2023-02-16T21:45:00+00:00,1590,0.007383458325264688,7.383458325264688,1000.0,كسر-سفلي,0,True,True,symbol_exposure,True,0.08735238,0.0873,0.0006,0.0882,1,baseline,0,"""{\""system\"": \""Donchian-288/96\"", \""channel_tf\"": \""15m\"", \""capital\"": 1000.0}"""
دوناتشيان,donchian,donchian,XLMUSDT,عرضي,Donchian-288/96,1,770629,772791,2023-02-18T05:49:00+00:00,2023-02-19T17:51:00+00:00,2162,-0.014409627953877985,-14.409627953877985,1000.0,كسر-سفلي,0,False,True,symbol_exposure,True,0.09135478,0.0913,0.0006,0.0903,1,baseline,0,"""{\""system\"": \""Donchian-288/96\"", \""channel_tf\"": \""15m\"", \""capital\"": 1000.0}"""
دوناتشيان,donchian,donchian,XLMUSDT,عرضي,Donchian-288/96,1,774039,776144,2023-02-20T14:39:00+00:00,2023-02-22T01:44:00+00:00,2105,-0.008502628726854937,-8.502628726854937,1000.0,كسر-سفلي,0,False,True,symbol_exposure,True,0.09398451,0.0939,0.0009,0.0934,1,baseline,0,"""{\""system\"": \""Donchian-288/96\"", \""channel_tf\"": \""15m\"", \""capital\"": 1000.0}"""
دوناتشيان,donchian,donchian,XLMUSDT,عرضي,Donchian-288/96,1,797011,798395,2023-03-08T13:31:00+00:00,2023-03-09T12:35:00+00:00,1384,-0.04339811981653168,-43.39811981653168,1000.0,كسر-سفلي,0,False,True,symbol_exposure,True,0.08437586999999999,0.0843,0.0009,0.0809,1,baseline,0,"""{\""system\"": \""Donchian-288/96\"", \""channel_tf\"": \""15m\"", \""capital\"": 1000.0}"""
دوناتشيان,donchian,donchian,XLMUSDT,عرضي,Donchian-288/96,1,803279,807158,2023-03-12T21:59:00+00:00,2023-03-15T14:38:00+00:00,3879,0.05061440717815777,50.61440717815778,1000.0,كسر-سفلي,0,True,True,symbol_exposure,True,0.08062418,0.0806,0.0003,0.0849,1,baseline,0,"""{\""system\"": \""Donchian-288/96\"", \""channel_tf\"": \""15m\"", \""capital\"": 1000.0}"""
دوناتشيان,donchian,donchian,XLMUSDT,عرضي,Donchian-288/96,1,813194,814560,2023-03-19T19:14:00+00:00,2023-03-20T18:00:00+00:00,1366,-0.027335218247955578,-27.335218247955577,1000.0,كسر-سفلي,0,False,True,symbol_exposure,True,0.08872661,0.0887,0.0003,0.0865,1,baseline,0,"""{\""system\"": \""Donchian-288/96\"", \""channel_tf\"": \""15m\"", \""capital\"": 1000.0}"""
دوناتشيان,donchian,donchian,XLMUSDT,عرضي,Donchian-288/96,1,815721,817333,2023-03-21T13:21:00+00:00,2023-03-22T16:13:00+00:00,1612,0.022142914573955085,22.142914573955085,1000.0,كسر-سفلي,0,True,True,symbol_exposure,True,0.08948045999999998,0.0894,0.0009,0.0917,1,baseline,0,"""{\""system\"": \""Donchian-288/96\"", \""channel_tf\"": \""15m\"", \""capital\"": 1000.0}"""
دوناتشيان,donchian,donchian,XLMUSDT,عرضي,Donchian-288/96,1,823793,824385,2023-03-27T05:13:00+00:00,2023-03-27T15:05:00+00:00,592,-0.030282774552341817,-30.282774552341817,1000.0,كسر-سفلي,0,False,True,symbol_exposure,True,0.0930558,0.093,0.0006,0.0905,1,baseline,0,"""{\""system\"": \""Donchian-288/96\"", \""channel_tf\"": \""15m\"", \""capital\"": 1000.0}"""
دوناتشيان,donchian,donchian,XLMUSDT,عرضي,Donchian-288/96,1,825805,831293,2023-03-28T14:45:00+00:00,2023-04-01T10:13:00+00:00,5488,0.12704456684281645,127.04456684281645,1000.0,كسر-سفلي,0,True,True,symbol_exposure,True,0.09542861999999999,0.0954,0.0003,0.1078,1,baseline,0,"""{\""system\"": \""Donchian-288/96\"", \""channel_tf\"": \""15m\"", \""capital\"": 1000.0}"""
دوناتشيان,donchian,donchian,XLMUSDT,عرضي,Donchian-288/96,1,845928,846492,2023-04-11T14:08:00+00:00,2023-04-11T23:32:00+00:00,564,-0.02125741109312621,-21.25741109312621,1000.0,كسر-سفلي,0,False,True,symbol_exposure,True,0.10693206999999999,0.1069,0.0003,0.1049,1,baseline,0,"""{\""system\"": \""Donchian-288/96\"", \""channel_tf\"": \""15m\"", \""capital\"": 1000.0}"""
دوناتشيان,donchian,donchian,XLMUSDT,عرضي,Donchian-288/96,1,849718,852353,2023-04-14T05:18:00+00:00,2023-04-16T01:13:00+00:00,2635,-0.020829829607132897,-20.829829607132897,1000.0,كسر-سفلي,0,False,True,symbol_exposure,True,0.10746444,0.1074,0.0006,0.1055,1,baseline,0,"""{\""system\"": \""Donchian-288/96\"", \""channel_tf\"": \""15m\"", \""capital\"": 1000.0}"""
دوناتشيان,donchian,donchian,XLMUSDT,عرضي,Donchian-288/96,1,867430,867860,2023-04-26T12:30:00+00:00,2023-04-26T19:40:00+00:00,430,-0.035573567489931374,-35.57356748993137,1000.0,كسر-سفلي,0,False,True,symbol_exposure,True,0.09635777999999999,0.0963,0.0006,0.0932,1,baseline,0,"""{\""system\"": \""Donchian-288/96\"", \""channel_tf\"": \""15m\"", \""capital\"": 1000.0}"""
دوناتشيان,donchian,donchian,XLMUSDT,عرضي,Donchian-288/96,1,880622,881893,2023-05-05T16:22:00+00:00,2023-05-06T13:33:00+00:00,1271,-0.02059676643225143,-20.59676643225143,1000.0,كسر-سفلي,0,False,True,symbol_exposure,True,0.09422826000000001,0.0942,0.0003,0.0925,1,baseline,0,"""{\""system\"": \""Donchian-288/96\"", \""channel_tf\"": \""15m\"", \""capital\"": 1000.0}"""
دوناتشيان,donchian,donchian,XLMUSDT,عرضي,Donchian-288/96,1,898970,899437,2023-05-18T10:10:00+00:00,2023-05-18T17:57:00+00:00,467,-0.02244420600521009,-22.44420600521009,1000.0,كسر-سفلي,0,False,True,symbol_exposure,True,0.08945363999999999,0.0894,0.0006,0.0877,1,baseline,0,"""{\""system\"": \""Donchian-288/96\"", \""channel_tf\"": \""15m\"", \""capital\"": 1000.0}"""
دوناتشيان,donchian,donchian,XLMUSDT,عرضي,Donchian-288/96,1,911554,912158,2023-05-27T03:54:00+00:00,2023-05-27T13:58:00+00:00,604,-0.014767686822372427,-14.767686822372427,1000.0,كسر-سفلي,0,False,True,symbol_exposure,True,0.08845304,0.0884,0.0006,0.0874,1,baseline,0,"""{\""system\"": \""Donchian-288/96\"", \""channel_tf\"": \""15m\"", \""capital\"": 1000.0}"""
دوناتشيان,donchian,donchian,XLMUSDT,عرضي,Donchian-288/96,1,912816,919931,2023-05-28T00:56:00+00:00,2023-06-01T23:31:00+00:00,7115,0.021890802259869085,21.890802259869087,1000.0,كسر-سفلي,0,True,True,symbol_exposure,True,0.0885531,0.0885,0.0006,0.0907,1,baseline,0,"""{\""system\"": \""Donchian-288/96\"", \""channel_tf\"": \""15m\"", \""capital\"": 1000.0}"""
دوناتشيان,donchian,donchian,XLMUSDT,عرضي,Donchian-288/96,1,921826,924247,2023-06-03T07:06:00+00:00,2023-06-04T23:27:00+00:00,2421,-0.02215333879082396,-22.15333879082396,1000.0,كسر-سفلي,0,False,True,symbol_exposure,True,0.09325591999999999,0.0932,0.0006,0.0914,1,baseline,0,"""{\""system\"": \""Donchian-288/96\"", \""channel_tf\"": \""15m\"", \""capital\"": 1000.0}"""
دوناتشيان,donchian,donchian,XLMUSDT,عرضي,Donchian-288/96,1,936467,937148,2023-06-13T11:07:00+00:00,2023-06-13T22:28:00+00:00,681,-0.03254715831523881,-32.5471583152388,1000.0,كسر-سفلي,0,False,True,symbol_exposure,True,0.08497640999999999,0.0849,0.0009,0.0824,1,baseline,0,"""{\""system\"": \""Donchian-288/96\"", \""channel_tf\"": \""15m\"", \""capital\"": 1000.0}"""
دوناتشيان,donchian,donchian,XLMUSDT,عرضي,Donchian-288/96,1,943687,946720,2023-06-18T11:27:00+00:00,2023-06-20T14:00:00+00:00,3033,-0.026372327764809474,-26.372327764809473,1000.0,كسر-سفلي,0,False,True,symbol_exposure,True,0.08072420999999999,0.0807,0.0003,0.0788,1,baseline,0,"""{\""system\"": \""Donchian-288/96\"", \""channel_tf\"": \""15m\"", \""capital\"": 1000.0}"""
دوناتشيان,donchian,donchian,XLMUSDT,عرضي,Donchian-288/96,1,946955,962792,2023-06-20T17:55:00+00:00,2023-07-01T17:52:00+00:00,15837,0.30285263061572043,302.85263061572044,1000.0,كسر-سفلي,0,True,True,symbol_exposure,True,0.08117299,0.0811,0.0009,0.106,1,baseline,0,"""{\""system\"": \""Donchian-288/96\"", \""channel_tf\"": \""15m\"", \""capital\"": 1000.0}"""
دوناتشيان,donchian,donchian,XLMUSDT,عرضي,Donchian-288/96,1,975881,977403,2023-07-10T20:01:00+00:00,2023-07-11T21:23:00+00:00,1522,-0.020478651688890154,-20.478651688890153,1000.0,كسر-سفلي,0,False,True,symbol_exposure,True,0.10043012,0.1004,0.0003,0.0986,1,baseline,0,"""{\""system\"": \""Donchian-288/96\"", \""channel_tf\"": \""15m\"", \""capital\"": 1000.0}"""
دوناتشيان,donchian,donchian,XLMUSDT,عرضي,Donchian-288/96,1,979930,981541,2023-07-13T15:30:00+00:00,2023-07-14T18:21:00+00:00,1611,0.2607230781149851,260.72307811498507,1000.0,كسر-سفلي,0,True,True,symbol_exposure,True,0.10169143999999998,0.1016,0.0009,0.1285,1,baseline,0,"""{\""system\"": \""Donchian-288/96\"", \""channel_tf\"": \""15m\"", \""capital\"": 1000.0}"""
دوناتشيان,donchian,donchian,XLMUSDT,عرضي,Donchian-288/96,1,987830,991062,2023-07-19T03:10:00+00:00,2023-07-21T09:02:00+00:00,3232,0.1379774369503457,137.9774369503457,1000.0,كسر-سفلي,0,True,True,symbol_exposure,True,0.13922519,0.1391,0.0009,0.1588,1,baseline,0,"""{\""system\"": \""Donchian-288/96\"", \""channel_tf\"": \""15m\"", \""capital\"": 1000.0}"""
دوناتشيان,donchian,donchian,XLMUSDT,عرضي,Donchian-288/96,1,999759,1002622,2023-07-27T09:59:00+00:00,2023-07-29T09:42:00+00:00,2863,-0.037399561790809416,-37.399561790809415,1000.0,كسر-سفلي,0,False,True,symbol_exposure,True,0.16329792,0.1632,0.0006,0.1576,1,baseline,0,"""{\""system\"": \""Donchian-288/96\"", \""channel_tf\"": \""15m\"", \""capital\"": 1000.0}"""
