البحث الشامل: adaptive_trend — 1920 تركيبة × نافذتين (تدريب+اختبار)
▶ استكمال: 476 تركيبة منجزة سابقاً — سيُكمل الباقي فقط
  477/1920 | AT_TRAIL=4.0 AT_STOP=0.5 AT_PB=1440 AT_TRIG=24 AT_V3A=1 AT_V3B=0 AT_V3C=0 → net=0.0$ صفقات=0 | 11s
  478/1920 | AT_TRAIL=4.0 AT_STOP=0.5 AT_PB=1440 AT_TRIG=24 AT_V3A=1 AT_V3B=0 AT_V3C=1 → net=0.0$ صفقات=0 | 21s
  479/1920 | AT_TRAIL=4.0 AT_STOP=0.5 AT_PB=1440 AT_TRIG=24 AT_V3A=1 AT_V3B=1 AT_V3C=0 → net=0.0$ صفقات=0 | 32s
  480/1920 | AT_TRAIL=4.0 AT_STOP=0.5 AT_PB=1440 AT_TRIG=24 AT_V3A=1 AT_V3B=1 AT_V3C=1 → net=0.0$ صفقات=0 | 42s
  481/1920 | AT_TRAIL=4.0 AT_STOP=0.8 AT_PB=288 AT_TRIG=6 AT_V3A=0 AT_V3B=0 AT_V3C=0 → net=-292.9$ صفقات=66 | 49s
  482/1920 | AT_TRAIL=4.0 AT_STOP=0.8 AT_PB=288 AT_TRIG=6 AT_V3A=0 AT_V3B=0 AT_V3C=1 → net=-257.3$ صفقات=62 | 56s
  483/1920 | AT_TRAIL=4.0 AT_STOP=0.8 AT_PB=288 AT_TRIG=6 AT_V3A=0 AT_V3B=1 AT_V3C=0 → net=-292.9$ صفقات=66 | 63s
  484/1920 | AT_TRAIL=4.0 AT_STOP=0.8 AT_PB=288 AT_TRIG=6 AT_V3A=0 AT_V3B=1 AT_V3C=1 → net=-257.3$ صفقات=62 | 70s
  485/1920 | AT_TRAIL=4.0 AT_STOP=0.8 AT_PB=288 AT_TRIG=6 AT_V3A=1 AT_V3B=0 AT_V3C=0 → net=0.0$ صفقات=0 | 83s
  486/1920 | AT_TRAIL=4.0 AT_STOP=0.8 AT_PB=288 AT_TRIG=6 AT_V3A=1 AT_V3B=0 AT_V3C=1 → net=0.0$ صفقات=0 | 93s
  487/1920 | AT_TRAIL=4.0 AT_STOP=0.8 AT_PB=288 AT_TRIG=6 AT_V3A=1 AT_V3B=1 AT_V3C=0 → net=0.0$ صفقات=0 | 103s
  488/1920 | AT_TRAIL=4.0 AT_STOP=0.8 AT_PB=288 AT_TRIG=6 AT_V3A=1 AT_V3B=1 AT_V3C=1 → net=0.0$ صفقات=0 | 114s
  489/1920 | AT_TRAIL=4.0 AT_STOP=0.8 AT_PB=288 AT_TRIG=12 AT_V3A=0 AT_V3B=0 AT_V3C=0 → net=-266.3$ صفقات=64 | 121s
  490/1920 | AT_TRAIL=4.0 AT_STOP=0.8 AT_PB=288 AT_TRIG=12 AT_V3A=0 AT_V3B=0 AT_V3C=1 → net=-222.1$ صفقات=60 | 128s
  491/1920 | AT_TRAIL=4.0 AT_STOP=0.8 AT_PB=288 AT_TRIG=12 AT_V3A=0 AT_V3B=1 AT_V3C=0 → net=-266.3$ صفقات=64 | 135s
  492/1920 | AT_TRAIL=4.0 AT_STOP=0.8 AT_PB=288 AT_TRIG=12 AT_V3A=0 AT_V3B=1 AT_V3C=1 → net=-222.1$ صفقات=60 | 142s
  493/1920 | AT_TRAIL=4.0 AT_STOP=0.8 AT_PB=288 AT_TRIG=12 AT_V3A=1 AT_V3B=0 AT_V3C=0 → net=0.0$ صفقات=0 | 152s
  494/1920 | AT_TRAIL=4.0 AT_STOP=0.8 AT_PB=288 AT_TRIG=12 AT_V3A=1 AT_V3B=0 AT_V3C=1 → net=0.0$ صفقات=0 | 162s
  495/1920 | AT_TRAIL=4.0 AT_STOP=0.8 AT_PB=288 AT_TRIG=12 AT_V3A=1 AT_V3B=1 AT_V3C=0 → net=0.0$ صفقات=0 | 173s
  496/1920 | AT_TRAIL=4.0 AT_STOP=0.8 AT_PB=288 AT_TRIG=12 AT_V3A=1 AT_V3B=1 AT_V3C=1 → net=0.0$ صفقات=0 | 183s
  497/1920 | AT_TRAIL=4.0 AT_STOP=0.8 AT_PB=288 AT_TRIG=24 AT_V3A=0 AT_V3B=0 AT_V3C=0 → net=-213.5$ صفقات=62 | 190s
  498/1920 | AT_TRAIL=4.0 AT_STOP=0.8 AT_PB=288 AT_TRIG=24 AT_V3A=0 AT_V3B=0 AT_V3C=1 → net=-183.9$ صفقات=59 | 197s
  499/1920 | AT_TRAIL=4.0 AT_STOP=0.8 AT_PB=288 AT_TRIG=24 AT_V3A=0 AT_V3B=1 AT_V3C=0 → net=-213.5$ صفقات=62 | 204s
  500/1920 | AT_TRAIL=4.0 AT_STOP=0.8 AT_PB=288 AT_TRIG=24 AT_V3A=0 AT_V3B=1 AT_V3C=1 → net=-183.9$ صفقات=59 | 211s
  501/1920 | AT_TRAIL=4.0 AT_STOP=0.8 AT_PB=288 AT_TRIG=24 AT_V3A=1 AT_V3B=0 AT_V3C=0 → net=0.0$ صفقات=0 | 222s
  502/1920 | AT_TRAIL=4.0 AT_STOP=0.8 AT_PB=288 AT_TRIG=24 AT_V3A=1 AT_V3B=0 AT_V3C=1 → net=0.0$ صفقات=0 | 233s
  503/1920 | AT_TRAIL=4.0 AT_STOP=0.8 AT_PB=288 AT_TRIG=24 AT_V3A=1 AT_V3B=1 AT_V3C=0 → net=0.0$ صفقات=0 | 243s
  504/1920 | AT_TRAIL=4.0 AT_STOP=0.8 AT_PB=288 AT_TRIG=24 AT_V3A=1 AT_V3B=1 AT_V3C=1 → net=0.0$ صفقات=0 | 254s
  505/1920 | AT_TRAIL=4.0 AT_STOP=0.8 AT_PB=576 AT_TRIG=6 AT_V3A=0 AT_V3B=0 AT_V3C=0 → net=-181.7$ صفقات=45 | 260s
  506/1920 | AT_TRAIL=4.0 AT_STOP=0.8 AT_PB=576 AT_TRIG=6 AT_V3A=0 AT_V3B=0 AT_V3C=1 → net=-182.9$ صفقات=44 | 267s
  507/1920 | AT_TRAIL=4.0 AT_STOP=0.8 AT_PB=576 AT_TRIG=6 AT_V3A=0 AT_V3B=1 AT_V3C=0 → net=-181.7$ صفقات=45 | 274s
  508/1920 | AT_TRAIL=4.0 AT_STOP=0.8 AT_PB=576 AT_TRIG=6 AT_V3A=0 AT_V3B=1 AT_V3C=1 → net=-182.9$ صفقات=44 | 281s
  509/1920 | AT_TRAIL=4.0 AT_STOP=0.8 AT_PB=576 AT_TRIG=6 AT_V3A=1 AT_V3B=0 AT_V3C=0 → net=0.0$ صفقات=0 | 292s
  510/1920 | AT_TRAIL=4.0 AT_STOP=0.8 AT_PB=576 AT_TRIG=6 AT_V3A=1 AT_V3B=0 AT_V3C=1 → net=0.0$ صفقات=0 | 302s
  511/1920 | AT_TRAIL=4.0 AT_STOP=0.8 AT_PB=576 AT_TRIG=6 AT_V3A=1 AT_V3B=1 AT_V3C=0 → net=0.0$ صفقات=0 | 312s
  512/1920 | AT_TRAIL=4.0 AT_STOP=0.8 AT_PB=576 AT_TRIG=6 AT_V3A=1 AT_V3B=1 AT_V3C=1 → net=0.0$ صفقات=0 | 323s
  513/1920 | AT_TRAIL=4.0 AT_STOP=0.8 AT_PB=576 AT_TRIG=12 AT_V3A=0 AT_V3B=0 AT_V3C=0 → net=-189.3$ صفقات=45 | 330s
  514/1920 | AT_TRAIL=4.0 AT_STOP=0.8 AT_PB=576 AT_TRIG=12 AT_V3A=0 AT_V3B=0 AT_V3C=1 → net=-174.9$ صفقات=43 | 336s
  515/1920 | AT_TRAIL=4.0 AT_STOP=0.8 AT_PB=576 AT_TRIG=12 AT_V3A=0 AT_V3B=1 AT_V3C=0 → net=-189.3$ صفقات=45 | 343s
  516/1920 | AT_TRAIL=4.0 AT_STOP=0.8 AT_PB=576 AT_TRIG=12 AT_V3A=0 AT_V3B=1 AT_V3C=1 → net=-174.9$ صفقات=43 | 350s
  517/1920 | AT_TRAIL=4.0 AT_STOP=0.8 AT_PB=576 AT_TRIG=12 AT_V3A=1 AT_V3B=0 AT_V3C=0 → net=0.0$ صفقات=0 | 360s
  518/1920 | AT_TRAIL=4.0 AT_STOP=0.8 AT_PB=576 AT_TRIG=12 AT_V3A=1 AT_V3B=0 AT_V3C=1 → net=0.0$ صفقات=0 | 371s
  519/1920 | AT_TRAIL=4.0 AT_STOP=0.8 AT_PB=576 AT_TRIG=12 AT_V3A=1 AT_V3B=1 AT_V3C=0 → net=0.0$ صفقات=0 | 382s
  520/1920 | AT_TRAIL=4.0 AT_STOP=0.8 AT_PB=576 AT_TRIG=12 AT_V3A=1 AT_V3B=1 AT_V3C=1 → net=0.0$ صفقات=0 | 392s
  521/1920 | AT_TRAIL=4.0 AT_STOP=0.8 AT_PB=576 AT_TRIG=24 AT_V3A=0 AT_V3B=0 AT_V3C=0 → net=-204.5$ صفقات=46 | 399s
  522/1920 | AT_TRAIL=4.0 AT_STOP=0.8 AT_PB=576 AT_TRIG=24 AT_V3A=0 AT_V3B=0 AT_V3C=1 → net=-194.6$ صفقات=44 | 406s
  523/1920 | AT_TRAIL=4.0 AT_STOP=0.8 AT_PB=576 AT_TRIG=24 AT_V3A=0 AT_V3B=1 AT_V3C=0 → net=-204.5$ صفقات=46 | 413s
  524/1920 | AT_TRAIL=4.0 AT_STOP=0.8 AT_PB=576 AT_TRIG=24 AT_V3A=0 AT_V3B=1 AT_V3C=1 → net=-194.6$ صفقات=44 | 420s
  525/1920 | AT_TRAIL=4.0 AT_STOP=0.8 AT_PB=576 AT_TRIG=24 AT_V3A=1 AT_V3B=0 AT_V3C=0 → net=0.0$ صفقات=0 | 431s
  526/1920 | AT_TRAIL=4.0 AT_STOP=0.8 AT_PB=576 AT_TRIG=24 AT_V3A=1 AT_V3B=0 AT_V3C=1 → net=0.0$ صفقات=0 | 441s
  527/1920 | AT_TRAIL=4.0 AT_STOP=0.8 AT_PB=576 AT_TRIG=24 AT_V3A=1 AT_V3B=1 AT_V3C=0 → net=0.0$ صفقات=0 | 451s
  528/1920 | AT_TRAIL=4.0 AT_STOP=0.8 AT_PB=576 AT_TRIG=24 AT_V3A=1 AT_V3B=1 AT_V3C=1 → net=0.0$ صفقات=0 | 462s
  529/1920 | AT_TRAIL=4.0 AT_STOP=0.8 AT_PB=864 AT_TRIG=6 AT_V3A=0 AT_V3B=0 AT_V3C=0 → net=-43.8$ صفقات=41 | 469s
  530/1920 | AT_TRAIL=4.0 AT_STOP=0.8 AT_PB=864 AT_TRIG=6 AT_V3A=0 AT_V3B=0 AT_V3C=1 → net=-58.4$ صفقات=40 | 476s
  531/1920 | AT_TRAIL=4.0 AT_STOP=0.8 AT_PB=864 AT_TRIG=6 AT_V3A=0 AT_V3B=1 AT_V3C=0 → net=-43.8$ صفقات=41 | 483s
  532/1920 | AT_TRAIL=4.0 AT_STOP=0.8 AT_PB=864 AT_TRIG=6 AT_V3A=0 AT_V3B=1 AT_V3C=1 → net=-58.4$ صفقات=40 | 490s
  533/1920 | AT_TRAIL=4.0 AT_STOP=0.8 AT_PB=864 AT_TRIG=6 AT_V3A=1 AT_V3B=0 AT_V3C=0 → net=0.0$ صفقات=0 | 500s
  534/1920 | AT_TRAIL=4.0 AT_STOP=0.8 AT_PB=864 AT_TRIG=6 AT_V3A=1 AT_V3B=0 AT_V3C=1 → net=0.0$ صفقات=0 | 510s
  535/1920 | AT_TRAIL=4.0 AT_STOP=0.8 AT_PB=864 AT_TRIG=6 AT_V3A=1 AT_V3B=1 AT_V3C=0 → net=0.0$ صفقات=0 | 521s
  536/1920 | AT_TRAIL=4.0 AT_STOP=0.8 AT_PB=864 AT_TRIG=6 AT_V3A=1 AT_V3B=1 AT_V3C=1 → net=0.0$ صفقات=0 | 531s
  537/1920 | AT_TRAIL=4.0 AT_STOP=0.8 AT_PB=864 AT_TRIG=12 AT_V3A=0 AT_V3B=0 AT_V3C=0 → net=-43.5$ صفقات=41 | 538s
  538/1920 | AT_TRAIL=4.0 AT_STOP=0.8 AT_PB=864 AT_TRIG=12 AT_V3A=0 AT_V3B=0 AT_V3C=1 → net=-57.8$ صفقات=40 | 545s
  539/1920 | AT_TRAIL=4.0 AT_STOP=0.8 AT_PB=864 AT_TRIG=12 AT_V3A=0 AT_V3B=1 AT_V3C=0 → net=-43.5$ صفقات=41 | 552s
  540/1920 | AT_TRAIL=4.0 AT_STOP=0.8 AT_PB=864 AT_TRIG=12 AT_V3A=0 AT_V3B=1 AT_V3C=1 → net=-57.8$ صفقات=40 | 559s
  541/1920 | AT_TRAIL=4.0 AT_STOP=0.8 AT_PB=864 AT_TRIG=12 AT_V3A=1 AT_V3B=0 AT_V3C=0 → net=0.0$ صفقات=0 | 570s
  542/1920 | AT_TRAIL=4.0 AT_STOP=0.8 AT_PB=864 AT_TRIG=12 AT_V3A=1 AT_V3B=0 AT_V3C=1 → net=0.0$ صفقات=0 | 580s
  543/1920 | AT_TRAIL=4.0 AT_STOP=0.8 AT_PB=864 AT_TRIG=12 AT_V3A=1 AT_V3B=1 AT_V3C=0 → net=0.0$ صفقات=0 | 591s
  544/1920 | AT_TRAIL=4.0 AT_STOP=0.8 AT_PB=864 AT_TRIG=12 AT_V3A=1 AT_V3B=1 AT_V3C=1 → net=0.0$ صفقات=0 | 601s
  545/1920 | AT_TRAIL=4.0 AT_STOP=0.8 AT_PB=864 AT_TRIG=24 AT_V3A=0 AT_V3B=0 AT_V3C=0 → net=-60.3$ صفقات=42 | 608s
  546/1920 | AT_TRAIL=4.0 AT_STOP=0.8 AT_PB=864 AT_TRIG=24 AT_V3A=0 AT_V3B=0 AT_V3C=1 → net=-63.8$ صفقات=39 | 615s
  547/1920 | AT_TRAIL=4.0 AT_STOP=0.8 AT_PB=864 AT_TRIG=24 AT_V3A=0 AT_V3B=1 AT_V3C=0 → net=-60.3$ صفقات=42 | 622s
  548/1920 | AT_TRAIL=4.0 AT_STOP=0.8 AT_PB=864 AT_TRIG=24 AT_V3A=0 AT_V3B=1 AT_V3C=1 → net=-63.8$ صفقات=39 | 629s
  549/1920 | AT_TRAIL=4.0 AT_STOP=0.8 AT_PB=864 AT_TRIG=24 AT_V3A=1 AT_V3B=0 AT_V3C=0 → net=0.0$ صفقات=0 | 640s
  550/1920 | AT_TRAIL=4.0 AT_STOP=0.8 AT_PB=864 AT_TRIG=24 AT_V3A=1 AT_V3B=0 AT_V3C=1 → net=0.0$ صفقات=0 | 650s
  551/1920 | AT_TRAIL=4.0 AT_STOP=0.8 AT_PB=864 AT_TRIG=24 AT_V3A=1 AT_V3B=1 AT_V3C=0 → net=0.0$ صفقات=0 | 661s
  552/1920 | AT_TRAIL=4.0 AT_STOP=0.8 AT_PB=864 AT_TRIG=24 AT_V3A=1 AT_V3B=1 AT_V3C=1 → net=0.0$ صفقات=0 | 671s
  553/1920 | AT_TRAIL=4.0 AT_STOP=0.8 AT_PB=1440 AT_TRIG=6 AT_V3A=0 AT_V3B=0 AT_V3C=0 → net=72.3$ صفقات=35 | 679s
  554/1920 | AT_TRAIL=4.0 AT_STOP=0.8 AT_PB=1440 AT_TRIG=6 AT_V3A=0 AT_V3B=0 AT_V3C=1 → net=10.3$ صفقات=35 | 686s
  555/1920 | AT_TRAIL=4.0 AT_STOP=0.8 AT_PB=1440 AT_TRIG=6 AT_V3A=0 AT_V3B=1 AT_V3C=0 → net=72.3$ صفقات=35 | 693s
  556/1920 | AT_TRAIL=4.0 AT_STOP=0.8 AT_PB=1440 AT_TRIG=6 AT_V3A=0 AT_V3B=1 AT_V3C=1 → net=10.3$ صفقات=35 | 700s
  557/1920 | AT_TRAIL=4.0 AT_STOP=0.8 AT_PB=1440 AT_TRIG=6 AT_V3A=1 AT_V3B=0 AT_V3C=0 → net=0.0$ صفقات=0 | 711s
  558/1920 | AT_TRAIL=4.0 AT_STOP=0.8 AT_PB=1440 AT_TRIG=6 AT_V3A=1 AT_V3B=0 AT_V3C=1 → net=0.0$ صفقات=0 | 722s
  559/1920 | AT_TRAIL=4.0 AT_STOP=0.8 AT_PB=1440 AT_TRIG=6 AT_V3A=1 AT_V3B=1 AT_V3C=0 → net=0.0$ صفقات=0 | 733s
  560/1920 | AT_TRAIL=4.0 AT_STOP=0.8 AT_PB=1440 AT_TRIG=6 AT_V3A=1 AT_V3B=1 AT_V3C=1 → net=0.0$ صفقات=0 | 743s
  561/1920 | AT_TRAIL=4.0 AT_STOP=0.8 AT_PB=1440 AT_TRIG=12 AT_V3A=0 AT_V3B=0 AT_V3C=0 → net=72.5$ صفقات=35 | 750s
  562/1920 | AT_TRAIL=4.0 AT_STOP=0.8 AT_PB=1440 AT_TRIG=12 AT_V3A=0 AT_V3B=0 AT_V3C=1 → net=13.2$ صفقات=35 | 758s
  563/1920 | AT_TRAIL=4.0 AT_STOP=0.8 AT_PB=1440 AT_TRIG=12 AT_V3A=0 AT_V3B=1 AT_V3C=0 → net=72.5$ صفقات=35 | 765s
  564/1920 | AT_TRAIL=4.0 AT_STOP=0.8 AT_PB=1440 AT_TRIG=12 AT_V3A=0 AT_V3B=1 AT_V3C=1 → net=13.2$ صفقات=35 | 772s
  565/1920 | AT_TRAIL=4.0 AT_STOP=0.8 AT_PB=1440 AT_TRIG=12 AT_V3A=1 AT_V3B=0 AT_V3C=0 → net=0.0$ صفقات=0 | 783s
  566/1920 | AT_TRAIL=4.0 AT_STOP=0.8 AT_PB=1440 AT_TRIG=12 AT_V3A=1 AT_V3B=0 AT_V3C=1 → net=0.0$ صفقات=0 | 794s
  567/1920 | AT_TRAIL=4.0 AT_STOP=0.8 AT_PB=1440 AT_TRIG=12 AT_V3A=1 AT_V3B=1 AT_V3C=0 → net=0.0$ صفقات=0 | 805s
  568/1920 | AT_TRAIL=4.0 AT_STOP=0.8 AT_PB=1440 AT_TRIG=12 AT_V3A=1 AT_V3B=1 AT_V3C=1 → net=0.0$ صفقات=0 | 815s
  569/1920 | AT_TRAIL=4.0 AT_STOP=0.8 AT_PB=1440 AT_TRIG=24 AT_V3A=0 AT_V3B=0 AT_V3C=0 → net=92.5$ صفقات=35 | 822s
  570/1920 | AT_TRAIL=4.0 AT_STOP=0.8 AT_PB=1440 AT_TRIG=24 AT_V3A=0 AT_V3B=0 AT_V3C=1 → net=35.0$ صفقات=34 | 830s
  571/1920 | AT_TRAIL=4.0 AT_STOP=0.8 AT_PB=1440 AT_TRIG=24 AT_V3A=0 AT_V3B=1 AT_V3C=0 → net=92.5$ صفقات=35 | 837s
  572/1920 | AT_TRAIL=4.0 AT_STOP=0.8 AT_PB=1440 AT_TRIG=24 AT_V3A=0 AT_V3B=1 AT_V3C=1 → net=35.0$ صفقات=34 | 844s
  573/1920 | AT_TRAIL=4.0 AT_STOP=0.8 AT_PB=1440 AT_TRIG=24 AT_V3A=1 AT_V3B=0 AT_V3C=0 → net=0.0$ صفقات=0 | 854s
  574/1920 | AT_TRAIL=4.0 AT_STOP=0.8 AT_PB=1440 AT_TRIG=24 AT_V3A=1 AT_V3B=0 AT_V3C=1 → net=0.0$ صفقات=0 | 865s
  575/1920 | AT_TRAIL=4.0 AT_STOP=0.8 AT_PB=1440 AT_TRIG=24 AT_V3A=1 AT_V3B=1 AT_V3C=0 → net=0.0$ صفقات=0 | 876s
  576/1920 | AT_TRAIL=4.0 AT_STOP=0.8 AT_PB=1440 AT_TRIG=24 AT_V3A=1 AT_V3B=1 AT_V3C=1 → net=0.0$ صفقات=0 | 887s
  577/1920 | AT_TRAIL=4.0 AT_STOP=1.2 AT_PB=288 AT_TRIG=6 AT_V3A=0 AT_V3B=0 AT_V3C=0 → net=-288.8$ صفقات=65 | 894s
  578/1920 | AT_TRAIL=4.0 AT_STOP=1.2 AT_PB=288 AT_TRIG=6 AT_V3A=0 AT_V3B=0 AT_V3C=1 → net=-250.5$ صفقات=61 | 900s
  579/1920 | AT_TRAIL=4.0 AT_STOP=1.2 AT_PB=288 AT_TRIG=6 AT_V3A=0 AT_V3B=1 AT_V3C=0 → net=-288.8$ صفقات=65 | 907s
  580/1920 | AT_TRAIL=4.0 AT_STOP=1.2 AT_PB=288 AT_TRIG=6 AT_V3A=0 AT_V3B=1 AT_V3C=1 → net=-250.5$ صفقات=61 | 914s
  581/1920 | AT_TRAIL=4.0 AT_STOP=1.2 AT_PB=288 AT_TRIG=6 AT_V3A=1 AT_V3B=0 AT_V3C=0 → net=0.0$ صفقات=0 | 924s
  582/1920 | AT_TRAIL=4.0 AT_STOP=1.2 AT_PB=288 AT_TRIG=6 AT_V3A=1 AT_V3B=0 AT_V3C=1 → net=0.0$ صفقات=0 | 935s
  583/1920 | AT_TRAIL=4.0 AT_STOP=1.2 AT_PB=288 AT_TRIG=6 AT_V3A=1 AT_V3B=1 AT_V3C=0 → net=0.0$ صفقات=0 | 945s
  584/1920 | AT_TRAIL=4.0 AT_STOP=1.2 AT_PB=288 AT_TRIG=6 AT_V3A=1 AT_V3B=1 AT_V3C=1 → net=0.0$ صفقات=0 | 955s
  585/1920 | AT_TRAIL=4.0 AT_STOP=1.2 AT_PB=288 AT_TRIG=12 AT_V3A=0 AT_V3B=0 AT_V3C=0 → net=-263.2$ صفقات=63 | 962s
  586/1920 | AT_TRAIL=4.0 AT_STOP=1.2 AT_PB=288 AT_TRIG=12 AT_V3A=0 AT_V3B=0 AT_V3C=1 → net=-216.6$ صفقات=59 | 969s
  587/1920 | AT_TRAIL=4.0 AT_STOP=1.2 AT_PB=288 AT_TRIG=12 AT_V3A=0 AT_V3B=1 AT_V3C=0 → net=-263.2$ صفقات=63 | 976s
  588/1920 | AT_TRAIL=4.0 AT_STOP=1.2 AT_PB=288 AT_TRIG=12 AT_V3A=0 AT_V3B=1 AT_V3C=1 → net=-216.6$ صفقات=59 | 984s
  589/1920 | AT_TRAIL=4.0 AT_STOP=1.2 AT_PB=288 AT_TRIG=12 AT_V3A=1 AT_V3B=0 AT_V3C=0 → net=0.0$ صفقات=0 | 994s
  590/1920 | AT_TRAIL=4.0 AT_STOP=1.2 AT_PB=288 AT_TRIG=12 AT_V3A=1 AT_V3B=0 AT_V3C=1 → net=0.0$ صفقات=0 | 1005s
  591/1920 | AT_TRAIL=4.0 AT_STOP=1.2 AT_PB=288 AT_TRIG=12 AT_V3A=1 AT_V3B=1 AT_V3C=0 → net=0.0$ صفقات=0 | 1015s
  592/1920 | AT_TRAIL=4.0 AT_STOP=1.2 AT_PB=288 AT_TRIG=12 AT_V3A=1 AT_V3B=1 AT_V3C=1 → net=0.0$ صفقات=0 | 1025s
  593/1920 | AT_TRAIL=4.0 AT_STOP=1.2 AT_PB=288 AT_TRIG=24 AT_V3A=0 AT_V3B=0 AT_V3C=0 → net=-222.9$ صفقات=62 | 1032s
  594/1920 | AT_TRAIL=4.0 AT_STOP=1.2 AT_PB=288 AT_TRIG=24 AT_V3A=0 AT_V3B=0 AT_V3C=1 → net=-191.5$ صفقات=59 | 1039s
  595/1920 | AT_TRAIL=4.0 AT_STOP=1.2 AT_PB=288 AT_TRIG=24 AT_V3A=0 AT_V3B=1 AT_V3C=0 → net=-222.9$ صفقات=62 | 1047s
  596/1920 | AT_TRAIL=4.0 AT_STOP=1.2 AT_PB=288 AT_TRIG=24 AT_V3A=0 AT_V3B=1 AT_V3C=1 → net=-191.5$ صفقات=59 | 1054s
  597/1920 | AT_TRAIL=4.0 AT_STOP=1.2 AT_PB=288 AT_TRIG=24 AT_V3A=1 AT_V3B=0 AT_V3C=0 → net=0.0$ صفقات=0 | 1064s
  598/1920 | AT_TRAIL=4.0 AT_STOP=1.2 AT_PB=288 AT_TRIG=24 AT_V3A=1 AT_V3B=0 AT_V3C=1 → net=0.0$ صفقات=0 | 1075s
  599/1920 | AT_TRAIL=4.0 AT_STOP=1.2 AT_PB=288 AT_TRIG=24 AT_V3A=1 AT_V3B=1 AT_V3C=0 → net=0.0$ صفقات=0 | 1085s
  600/1920 | AT_TRAIL=4.0 AT_STOP=1.2 AT_PB=288 AT_TRIG=24 AT_V3A=1 AT_V3B=1 AT_V3C=1 → net=0.0$ صفقات=0 | 1095s
  601/1920 | AT_TRAIL=4.0 AT_STOP=1.2 AT_PB=576 AT_TRIG=6 AT_V3A=0 AT_V3B=0 AT_V3C=0 → net=-184.6$ صفقات=45 | 1102s
  602/1920 | AT_TRAIL=4.0 AT_STOP=1.2 AT_PB=576 AT_TRIG=6 AT_V3A=0 AT_V3B=0 AT_V3C=1 → net=-185.7$ صفقات=44 | 1109s
  603/1920 | AT_TRAIL=4.0 AT_STOP=1.2 AT_PB=576 AT_TRIG=6 AT_V3A=0 AT_V3B=1 AT_V3C=0 → net=-184.6$ صفقات=45 | 1115s
  604/1920 | AT_TRAIL=4.0 AT_STOP=1.2 AT_PB=576 AT_TRIG=6 AT_V3A=0 AT_V3B=1 AT_V3C=1 → net=-185.7$ صفقات=44 | 1122s
  605/1920 | AT_TRAIL=4.0 AT_STOP=1.2 AT_PB=576 AT_TRIG=6 AT_V3A=1 AT_V3B=0 AT_V3C=0 → net=0.0$ صفقات=0 | 1133s
  606/1920 | AT_TRAIL=4.0 AT_STOP=1.2 AT_PB=576 AT_TRIG=6 AT_V3A=1 AT_V3B=0 AT_V3C=1 → net=0.0$ صفقات=0 | 1143s
  607/1920 | AT_TRAIL=4.0 AT_STOP=1.2 AT_PB=576 AT_TRIG=6 AT_V3A=1 AT_V3B=1 AT_V3C=0 → net=0.0$ صفقات=0 | 1154s
  608/1920 | AT_TRAIL=4.0 AT_STOP=1.2 AT_PB=576 AT_TRIG=6 AT_V3A=1 AT_V3B=1 AT_V3C=1 → net=0.0$ صفقات=0 | 1165s
  609/1920 | AT_TRAIL=4.0 AT_STOP=1.2 AT_PB=576 AT_TRIG=12 AT_V3A=0 AT_V3B=0 AT_V3C=0 → net=-192.1$ صفقات=45 | 1171s
  610/1920 | AT_TRAIL=4.0 AT_STOP=1.2 AT_PB=576 AT_TRIG=12 AT_V3A=0 AT_V3B=0 AT_V3C=1 → net=-177.7$ صفقات=43 | 1178s
  611/1920 | AT_TRAIL=4.0 AT_STOP=1.2 AT_PB=576 AT_TRIG=12 AT_V3A=0 AT_V3B=1 AT_V3C=0 → net=-192.1$ صفقات=45 | 1185s
  612/1920 | AT_TRAIL=4.0 AT_STOP=1.2 AT_PB=576 AT_TRIG=12 AT_V3A=0 AT_V3B=1 AT_V3C=1 → net=-177.7$ صفقات=43 | 1192s
  613/1920 | AT_TRAIL=4.0 AT_STOP=1.2 AT_PB=576 AT_TRIG=12 AT_V3A=1 AT_V3B=0 AT_V3C=0 → net=0.0$ صفقات=0 | 1202s
  614/1920 | AT_TRAIL=4.0 AT_STOP=1.2 AT_PB=576 AT_TRIG=12 AT_V3A=1 AT_V3B=0 AT_V3C=1 → net=0.0$ صفقات=0 | 1213s
  615/1920 | AT_TRAIL=4.0 AT_STOP=1.2 AT_PB=576 AT_TRIG=12 AT_V3A=1 AT_V3B=1 AT_V3C=0 → net=0.0$ صفقات=0 | 1224s
  616/1920 | AT_TRAIL=4.0 AT_STOP=1.2 AT_PB=576 AT_TRIG=12 AT_V3A=1 AT_V3B=1 AT_V3C=1 → net=0.0$ صفقات=0 | 1234s
  617/1920 | AT_TRAIL=4.0 AT_STOP=1.2 AT_PB=576 AT_TRIG=24 AT_V3A=0 AT_V3B=0 AT_V3C=0 → net=-207.3$ صفقات=46 | 1241s
  618/1920 | AT_TRAIL=4.0 AT_STOP=1.2 AT_PB=576 AT_TRIG=24 AT_V3A=0 AT_V3B=0 AT_V3C=1 → net=-197.5$ صفقات=44 | 1248s
  619/1920 | AT_TRAIL=4.0 AT_STOP=1.2 AT_PB=576 AT_TRIG=24 AT_V3A=0 AT_V3B=1 AT_V3C=0 → net=-207.3$ صفقات=46 | 1256s
  620/1920 | AT_TRAIL=4.0 AT_STOP=1.2 AT_PB=576 AT_TRIG=24 AT_V3A=0 AT_V3B=1 AT_V3C=1 → net=-197.5$ صفقات=44 | 1263s
  621/1920 | AT_TRAIL=4.0 AT_STOP=1.2 AT_PB=576 AT_TRIG=24 AT_V3A=1 AT_V3B=0 AT_V3C=0 → net=0.0$ صفقات=0 | 1274s
  622/1920 | AT_TRAIL=4.0 AT_STOP=1.2 AT_PB=576 AT_TRIG=24 AT_V3A=1 AT_V3B=0 AT_V3C=1 → net=0.0$ صفقات=0 | 1284s
  623/1920 | AT_TRAIL=4.0 AT_STOP=1.2 AT_PB=576 AT_TRIG=24 AT_V3A=1 AT_V3B=1 AT_V3C=0 → net=0.0$ صفقات=0 | 1295s
  624/1920 | AT_TRAIL=4.0 AT_STOP=1.2 AT_PB=576 AT_TRIG=24 AT_V3A=1 AT_V3B=1 AT_V3C=1 → net=0.0$ صفقات=0 | 1305s
  625/1920 | AT_TRAIL=4.0 AT_STOP=1.2 AT_PB=864 AT_TRIG=6 AT_V3A=0 AT_V3B=0 AT_V3C=0 → net=-49.4$ صفقات=41 | 1312s
  626/1920 | AT_TRAIL=4.0 AT_STOP=1.2 AT_PB=864 AT_TRIG=6 AT_V3A=0 AT_V3B=0 AT_V3C=1 → net=-64.8$ صفقات=40 | 1319s
  627/1920 | AT_TRAIL=4.0 AT_STOP=1.2 AT_PB=864 AT_TRIG=6 AT_V3A=0 AT_V3B=1 AT_V3C=0 → net=-49.4$ صفقات=41 | 1326s
  628/1920 | AT_TRAIL=4.0 AT_STOP=1.2 AT_PB=864 AT_TRIG=6 AT_V3A=0 AT_V3B=1 AT_V3C=1 → net=-64.8$ صفقات=40 | 1333s
  629/1920 | AT_TRAIL=4.0 AT_STOP=1.2 AT_PB=864 AT_TRIG=6 AT_V3A=1 AT_V3B=0 AT_V3C=0 → net=0.0$ صفقات=0 | 1344s
  630/1920 | AT_TRAIL=4.0 AT_STOP=1.2 AT_PB=864 AT_TRIG=6 AT_V3A=1 AT_V3B=0 AT_V3C=1 → net=0.0$ صفقات=0 | 1354s
  631/1920 | AT_TRAIL=4.0 AT_STOP=1.2 AT_PB=864 AT_TRIG=6 AT_V3A=1 AT_V3B=1 AT_V3C=0 → net=0.0$ صفقات=0 | 1365s
  632/1920 | AT_TRAIL=4.0 AT_STOP=1.2 AT_PB=864 AT_TRIG=6 AT_V3A=1 AT_V3B=1 AT_V3C=1 → net=0.0$ صفقات=0 | 1375s
  633/1920 | AT_TRAIL=4.0 AT_STOP=1.2 AT_PB=864 AT_TRIG=12 AT_V3A=0 AT_V3B=0 AT_V3C=0 → net=-49.4$ صفقات=41 | 1382s
  634/1920 | AT_TRAIL=4.0 AT_STOP=1.2 AT_PB=864 AT_TRIG=12 AT_V3A=0 AT_V3B=0 AT_V3C=1 → net=-64.7$ صفقات=40 | 1389s
  635/1920 | AT_TRAIL=4.0 AT_STOP=1.2 AT_PB=864 AT_TRIG=12 AT_V3A=0 AT_V3B=1 AT_V3C=0 → net=-49.4$ صفقات=41 | 1396s
  636/1920 | AT_TRAIL=4.0 AT_STOP=1.2 AT_PB=864 AT_TRIG=12 AT_V3A=0 AT_V3B=1 AT_V3C=1 → net=-64.7$ صفقات=40 | 1403s
  637/1920 | AT_TRAIL=4.0 AT_STOP=1.2 AT_PB=864 AT_TRIG=12 AT_V3A=1 AT_V3B=0 AT_V3C=0 → net=0.0$ صفقات=0 | 1413s
  638/1920 | AT_TRAIL=4.0 AT_STOP=1.2 AT_PB=864 AT_TRIG=12 AT_V3A=1 AT_V3B=0 AT_V3C=1 → net=0.0$ صفقات=0 | 1424s
  639/1920 | AT_TRAIL=4.0 AT_STOP=1.2 AT_PB=864 AT_TRIG=12 AT_V3A=1 AT_V3B=1 AT_V3C=0 → net=0.0$ صفقات=0 | 1435s
  640/1920 | AT_TRAIL=4.0 AT_STOP=1.2 AT_PB=864 AT_TRIG=12 AT_V3A=1 AT_V3B=1 AT_V3C=1 → net=0.0$ صفقات=0 | 1445s
  641/1920 | AT_TRAIL=4.0 AT_STOP=1.2 AT_PB=864 AT_TRIG=24 AT_V3A=0 AT_V3B=0 AT_V3C=0 → net=-63.9$ صفقات=42 | 1453s
  642/1920 | AT_TRAIL=4.0 AT_STOP=1.2 AT_PB=864 AT_TRIG=24 AT_V3A=0 AT_V3B=0 AT_V3C=1 → net=-68.1$ صفقات=39 | 1460s
  643/1920 | AT_TRAIL=4.0 AT_STOP=1.2 AT_PB=864 AT_TRIG=24 AT_V3A=0 AT_V3B=1 AT_V3C=0 → net=-63.9$ صفقات=42 | 1467s
  644/1920 | AT_TRAIL=4.0 AT_STOP=1.2 AT_PB=864 AT_TRIG=24 AT_V3A=0 AT_V3B=1 AT_V3C=1 → net=-68.1$ صفقات=39 | 1474s
  645/1920 | AT_TRAIL=4.0 AT_STOP=1.2 AT_PB=864 AT_TRIG=24 AT_V3A=1 AT_V3B=0 AT_V3C=0 → net=0.0$ صفقات=0 | 1484s
  646/1920 | AT_TRAIL=4.0 AT_STOP=1.2 AT_PB=864 AT_TRIG=24 AT_V3A=1 AT_V3B=0 AT_V3C=1 → net=0.0$ صفقات=0 | 1495s
  647/1920 | AT_TRAIL=4.0 AT_STOP=1.2 AT_PB=864 AT_TRIG=24 AT_V3A=1 AT_V3B=1 AT_V3C=0 → net=0.0$ صفقات=0 | 1506s
  648/1920 | AT_TRAIL=4.0 AT_STOP=1.2 AT_PB=864 AT_TRIG=24 AT_V3A=1 AT_V3B=1 AT_V3C=1 → net=0.0$ صفقات=0 | 1516s
  649/1920 | AT_TRAIL=4.0 AT_STOP=1.2 AT_PB=1440 AT_TRIG=6 AT_V3A=0 AT_V3B=0 AT_V3C=0 → net=84.9$ صفقات=34 | 1523s
  650/1920 | AT_TRAIL=4.0 AT_STOP=1.2 AT_PB=1440 AT_TRIG=6 AT_V3A=0 AT_V3B=0 AT_V3C=1 → net=21.7$ صفقات=34 | 1530s
  651/1920 | AT_TRAIL=4.0 AT_STOP=1.2 AT_PB=1440 AT_TRIG=6 AT_V3A=0 AT_V3B=1 AT_V3C=0 → net=84.9$ صفقات=34 | 1537s
  652/1920 | AT_TRAIL=4.0 AT_STOP=1.2 AT_PB=1440 AT_TRIG=6 AT_V3A=0 AT_V3B=1 AT_V3C=1 → net=21.7$ صفقات=34 | 1544s
  653/1920 | AT_TRAIL=4.0 AT_STOP=1.2 AT_PB=1440 AT_TRIG=6 AT_V3A=1 AT_V3B=0 AT_V3C=0 → net=0.0$ صفقات=0 | 1555s
  654/1920 | AT_TRAIL=4.0 AT_STOP=1.2 AT_PB=1440 AT_TRIG=6 AT_V3A=1 AT_V3B=0 AT_V3C=1 → net=0.0$ صفقات=0 | 1565s
  655/1920 | AT_TRAIL=4.0 AT_STOP=1.2 AT_PB=1440 AT_TRIG=6 AT_V3A=1 AT_V3B=1 AT_V3C=0 → net=0.0$ صفقات=0 | 1576s
  656/1920 | AT_TRAIL=4.0 AT_STOP=1.2 AT_PB=1440 AT_TRIG=6 AT_V3A=1 AT_V3B=1 AT_V3C=1 → net=0.0$ صفقات=0 | 1586s
  657/1920 | AT_TRAIL=4.0 AT_STOP=1.2 AT_PB=1440 AT_TRIG=12 AT_V3A=0 AT_V3B=0 AT_V3C=0 → net=85.0$ صفقات=34 | 1593s
  658/1920 | AT_TRAIL=4.0 AT_STOP=1.2 AT_PB=1440 AT_TRIG=12 AT_V3A=0 AT_V3B=0 AT_V3C=1 → net=24.5$ صفقات=34 | 1600s
  659/1920 | AT_TRAIL=4.0 AT_STOP=1.2 AT_PB=1440 AT_TRIG=12 AT_V3A=0 AT_V3B=1 AT_V3C=0 → net=85.0$ صفقات=34 | 1607s
  660/1920 | AT_TRAIL=4.0 AT_STOP=1.2 AT_PB=1440 AT_TRIG=12 AT_V3A=0 AT_V3B=1 AT_V3C=1 → net=24.5$ صفقات=34 | 1614s
  661/1920 | AT_TRAIL=4.0 AT_STOP=1.2 AT_PB=1440 AT_TRIG=12 AT_V3A=1 AT_V3B=0 AT_V3C=0 → net=0.0$ صفقات=0 | 1625s
  662/1920 | AT_TRAIL=4.0 AT_STOP=1.2 AT_PB=1440 AT_TRIG=12 AT_V3A=1 AT_V3B=0 AT_V3C=1 → net=0.0$ صفقات=0 | 1635s
  663/1920 | AT_TRAIL=4.0 AT_STOP=1.2 AT_PB=1440 AT_TRIG=12 AT_V3A=1 AT_V3B=1 AT_V3C=0 → net=0.0$ صفقات=0 | 1646s
  664/1920 | AT_TRAIL=4.0 AT_STOP=1.2 AT_PB=1440 AT_TRIG=12 AT_V3A=1 AT_V3B=1 AT_V3C=1 → net=0.0$ صفقات=0 | 1656s
  665/1920 | AT_TRAIL=4.0 AT_STOP=1.2 AT_PB=1440 AT_TRIG=24 AT_V3A=0 AT_V3B=0 AT_V3C=0 → net=92.2$ صفقات=35 | 1663s
  666/1920 | AT_TRAIL=4.0 AT_STOP=1.2 AT_PB=1440 AT_TRIG=24 AT_V3A=0 AT_V3B=0 AT_V3C=1 → net=34.7$ صفقات=34 | 1670s
  667/1920 | AT_TRAIL=4.0 AT_STOP=1.2 AT_PB=1440 AT_TRIG=24 AT_V3A=0 AT_V3B=1 AT_V3C=0 → net=92.2$ صفقات=35 | 1678s
  668/1920 | AT_TRAIL=4.0 AT_STOP=1.2 AT_PB=1440 AT_TRIG=24 AT_V3A=0 AT_V3B=1 AT_V3C=1 → net=34.7$ صفقات=34 | 1685s
  669/1920 | AT_TRAIL=4.0 AT_STOP=1.2 AT_PB=1440 AT_TRIG=24 AT_V3A=1 AT_V3B=0 AT_V3C=0 → net=0.0$ صفقات=0 | 1695s
  670/1920 | AT_TRAIL=4.0 AT_STOP=1.2 AT_PB=1440 AT_TRIG=24 AT_V3A=1 AT_V3B=0 AT_V3C=1 → net=0.0$ صفقات=0 | 1706s
  671/1920 | AT_TRAIL=4.0 AT_STOP=1.2 AT_PB=1440 AT_TRIG=24 AT_V3A=1 AT_V3B=1 AT_V3C=0 → net=0.0$ صفقات=0 | 1717s
  672/1920 | AT_TRAIL=4.0 AT_STOP=1.2 AT_PB=1440 AT_TRIG=24 AT_V3A=1 AT_V3B=1 AT_V3C=1 → net=0.0$ صفقات=0 | 1727s
  673/1920 | AT_TRAIL=4.0 AT_STOP=1.6 AT_PB=288 AT_TRIG=6 AT_V3A=0 AT_V3B=0 AT_V3C=0 → net=-297.2$ صفقات=64 | 1734s
  674/1920 | AT_TRAIL=4.0 AT_STOP=1.6 AT_PB=288 AT_TRIG=6 AT_V3A=0 AT_V3B=0 AT_V3C=1 → net=-271.7$ صفقات=61 | 1741s
  675/1920 | AT_TRAIL=4.0 AT_STOP=1.6 AT_PB=288 AT_TRIG=6 AT_V3A=0 AT_V3B=1 AT_V3C=0 → net=-297.2$ صفقات=64 | 1748s
  676/1920 | AT_TRAIL=4.0 AT_STOP=1.6 AT_PB=288 AT_TRIG=6 AT_V3A=0 AT_V3B=1 AT_V3C=1 → net=-271.7$ صفقات=61 | 1755s
  677/1920 | AT_TRAIL=4.0 AT_STOP=1.6 AT_PB=288 AT_TRIG=6 AT_V3A=1 AT_V3B=0 AT_V3C=0 → net=0.0$ صفقات=0 | 1765s
  678/1920 | AT_TRAIL=4.0 AT_STOP=1.6 AT_PB=288 AT_TRIG=6 AT_V3A=1 AT_V3B=0 AT_V3C=1 → net=0.0$ صفقات=0 | 1775s
  679/1920 | AT_TRAIL=4.0 AT_STOP=1.6 AT_PB=288 AT_TRIG=6 AT_V3A=1 AT_V3B=1 AT_V3C=0 → net=0.0$ صفقات=0 | 1786s
  680/1920 | AT_TRAIL=4.0 AT_STOP=1.6 AT_PB=288 AT_TRIG=6 AT_V3A=1 AT_V3B=1 AT_V3C=1 → net=0.0$ صفقات=0 | 1796s
  681/1920 | AT_TRAIL=4.0 AT_STOP=1.6 AT_PB=288 AT_TRIG=12 AT_V3A=0 AT_V3B=0 AT_V3C=0 → net=-263.0$ صفقات=62 | 1803s
  682/1920 | AT_TRAIL=4.0 AT_STOP=1.6 AT_PB=288 AT_TRIG=12 AT_V3A=0 AT_V3B=0 AT_V3C=1 → net=-224.6$ صفقات=59 | 1810s
  683/1920 | AT_TRAIL=4.0 AT_STOP=1.6 AT_PB=288 AT_TRIG=12 AT_V3A=0 AT_V3B=1 AT_V3C=0 → net=-263.0$ صفقات=62 | 1817s
  684/1920 | AT_TRAIL=4.0 AT_STOP=1.6 AT_PB=288 AT_TRIG=12 AT_V3A=0 AT_V3B=1 AT_V3C=1 → net=-224.6$ صفقات=59 | 1824s
  685/1920 | AT_TRAIL=4.0 AT_STOP=1.6 AT_PB=288 AT_TRIG=12 AT_V3A=1 AT_V3B=0 AT_V3C=0 → net=0.0$ صفقات=0 | 1835s
  686/1920 | AT_TRAIL=4.0 AT_STOP=1.6 AT_PB=288 AT_TRIG=12 AT_V3A=1 AT_V3B=0 AT_V3C=1 → net=0.0$ صفقات=0 | 1845s
  687/1920 | AT_TRAIL=4.0 AT_STOP=1.6 AT_PB=288 AT_TRIG=12 AT_V3A=1 AT_V3B=1 AT_V3C=0 → net=0.0$ صفقات=0 | 1855s
  688/1920 | AT_TRAIL=4.0 AT_STOP=1.6 AT_PB=288 AT_TRIG=12 AT_V3A=1 AT_V3B=1 AT_V3C=1 → net=0.0$ صفقات=0 | 1866s
  689/1920 | AT_TRAIL=4.0 AT_STOP=1.6 AT_PB=288 AT_TRIG=24 AT_V3A=0 AT_V3B=0 AT_V3C=0 → net=-210.2$ صفقات=60 | 1873s
  690/1920 | AT_TRAIL=4.0 AT_STOP=1.6 AT_PB=288 AT_TRIG=24 AT_V3A=0 AT_V3B=0 AT_V3C=1 → net=-177.7$ صفقات=57 | 1880s
  691/1920 | AT_TRAIL=4.0 AT_STOP=1.6 AT_PB=288 AT_TRIG=24 AT_V3A=0 AT_V3B=1 AT_V3C=0 → net=-210.2$ صفقات=60 | 1887s
  692/1920 | AT_TRAIL=4.0 AT_STOP=1.6 AT_PB=288 AT_TRIG=24 AT_V3A=0 AT_V3B=1 AT_V3C=1 → net=-177.7$ صفقات=57 | 1894s
  693/1920 | AT_TRAIL=4.0 AT_STOP=1.6 AT_PB=288 AT_TRIG=24 AT_V3A=1 AT_V3B=0 AT_V3C=0 → net=0.0$ صفقات=0 | 1904s
  694/1920 | AT_TRAIL=4.0 AT_STOP=1.6 AT_PB=288 AT_TRIG=24 AT_V3A=1 AT_V3B=0 AT_V3C=1 → net=0.0$ صفقات=0 | 1915s
  695/1920 | AT_TRAIL=4.0 AT_STOP=1.6 AT_PB=288 AT_TRIG=24 AT_V3A=1 AT_V3B=1 AT_V3C=0 → net=0.0$ صفقات=0 | 1925s
  696/1920 | AT_TRAIL=4.0 AT_STOP=1.6 AT_PB=288 AT_TRIG=24 AT_V3A=1 AT_V3B=1 AT_V3C=1 → net=0.0$ صفقات=0 | 1935s
  697/1920 | AT_TRAIL=4.0 AT_STOP=1.6 AT_PB=576 AT_TRIG=6 AT_V3A=0 AT_V3B=0 AT_V3C=0 → net=-186.0$ صفقات=45 | 1942s
  698/1920 | AT_TRAIL=4.0 AT_STOP=1.6 AT_PB=576 AT_TRIG=6 AT_V3A=0 AT_V3B=0 AT_V3C=1 → net=-186.9$ صفقات=44 | 1949s
  699/1920 | AT_TRAIL=4.0 AT_STOP=1.6 AT_PB=576 AT_TRIG=6 AT_V3A=0 AT_V3B=1 AT_V3C=0 → net=-186.0$ صفقات=45 | 1955s
  700/1920 | AT_TRAIL=4.0 AT_STOP=1.6 AT_PB=576 AT_TRIG=6 AT_V3A=0 AT_V3B=1 AT_V3C=1 → net=-186.9$ صفقات=44 | 1962s
  701/1920 | AT_TRAIL=4.0 AT_STOP=1.6 AT_PB=576 AT_TRIG=6 AT_V3A=1 AT_V3B=0 AT_V3C=0 → net=0.0$ صفقات=0 | 1973s
  702/1920 | AT_TRAIL=4.0 AT_STOP=1.6 AT_PB=576 AT_TRIG=6 AT_V3A=1 AT_V3B=0 AT_V3C=1 → net=0.0$ صفقات=0 | 1983s
  703/1920 | AT_TRAIL=4.0 AT_STOP=1.6 AT_PB=576 AT_TRIG=6 AT_V3A=1 AT_V3B=1 AT_V3C=0 → net=0.0$ صفقات=0 | 1994s
  704/1920 | AT_TRAIL=4.0 AT_STOP=1.6 AT_PB=576 AT_TRIG=6 AT_V3A=1 AT_V3B=1 AT_V3C=1 → net=0.0$ صفقات=0 | 2004s
  705/1920 | AT_TRAIL=4.0 AT_STOP=1.6 AT_PB=576 AT_TRIG=12 AT_V3A=0 AT_V3B=0 AT_V3C=0 → net=-193.5$ صفقات=45 | 2011s
  706/1920 | AT_TRAIL=4.0 AT_STOP=1.6 AT_PB=576 AT_TRIG=12 AT_V3A=0 AT_V3B=0 AT_V3C=1 → net=-178.9$ صفقات=43 | 2018s
  707/1920 | AT_TRAIL=4.0 AT_STOP=1.6 AT_PB=576 AT_TRIG=12 AT_V3A=0 AT_V3B=1 AT_V3C=0 → net=-193.5$ صفقات=45 | 2024s
  708/1920 | AT_TRAIL=4.0 AT_STOP=1.6 AT_PB=576 AT_TRIG=12 AT_V3A=0 AT_V3B=1 AT_V3C=1 → net=-178.9$ صفقات=43 | 2031s
  709/1920 | AT_TRAIL=4.0 AT_STOP=1.6 AT_PB=576 AT_TRIG=12 AT_V3A=1 AT_V3B=0 AT_V3C=0 → net=0.0$ صفقات=0 | 2042s
  710/1920 | AT_TRAIL=4.0 AT_STOP=1.6 AT_PB=576 AT_TRIG=12 AT_V3A=1 AT_V3B=0 AT_V3C=1 → net=0.0$ صفقات=0 | 2052s
  711/1920 | AT_TRAIL=4.0 AT_STOP=1.6 AT_PB=576 AT_TRIG=12 AT_V3A=1 AT_V3B=1 AT_V3C=0 → net=0.0$ صفقات=0 | 2063s
  712/1920 | AT_TRAIL=4.0 AT_STOP=1.6 AT_PB=576 AT_TRIG=12 AT_V3A=1 AT_V3B=1 AT_V3C=1 → net=0.0$ صفقات=0 | 2073s
  713/1920 | AT_TRAIL=4.0 AT_STOP=1.6 AT_PB=576 AT_TRIG=24 AT_V3A=0 AT_V3B=0 AT_V3C=0 → net=-208.5$ صفقات=46 | 2080s
  714/1920 | AT_TRAIL=4.0 AT_STOP=1.6 AT_PB=576 AT_TRIG=24 AT_V3A=0 AT_V3B=0 AT_V3C=1 → net=-198.7$ صفقات=44 | 2088s
  715/1920 | AT_TRAIL=4.0 AT_STOP=1.6 AT_PB=576 AT_TRIG=24 AT_V3A=0 AT_V3B=1 AT_V3C=0 → net=-208.5$ صفقات=46 | 2095s
  716/1920 | AT_TRAIL=4.0 AT_STOP=1.6 AT_PB=576 AT_TRIG=24 AT_V3A=0 AT_V3B=1 AT_V3C=1 → net=-198.7$ صفقات=44 | 2102s
  717/1920 | AT_TRAIL=4.0 AT_STOP=1.6 AT_PB=576 AT_TRIG=24 AT_V3A=1 AT_V3B=0 AT_V3C=0 → net=0.0$ صفقات=0 | 2112s
  718/1920 | AT_TRAIL=4.0 AT_STOP=1.6 AT_PB=576 AT_TRIG=24 AT_V3A=1 AT_V3B=0 AT_V3C=1 → net=0.0$ صفقات=0 | 2123s
  719/1920 | AT_TRAIL=4.0 AT_STOP=1.6 AT_PB=576 AT_TRIG=24 AT_V3A=1 AT_V3B=1 AT_V3C=0 → net=0.0$ صفقات=0 | 2133s
  720/1920 | AT_TRAIL=4.0 AT_STOP=1.6 AT_PB=576 AT_TRIG=24 AT_V3A=1 AT_V3B=1 AT_V3C=1 → net=0.0$ صفقات=0 | 2143s
  721/1920 | AT_TRAIL=4.0 AT_STOP=1.6 AT_PB=864 AT_TRIG=6 AT_V3A=0 AT_V3B=0 AT_V3C=0 → net=-57.0$ صفقات=41 | 2150s
  722/1920 | AT_TRAIL=4.0 AT_STOP=1.6 AT_PB=864 AT_TRIG=6 AT_V3A=0 AT_V3B=0 AT_V3C=1 → net=-72.0$ صفقات=40 | 2157s
  723/1920 | AT_TRAIL=4.0 AT_STOP=1.6 AT_PB=864 AT_TRIG=6 AT_V3A=0 AT_V3B=1 AT_V3C=0 → net=-57.0$ صفقات=41 | 2164s
  724/1920 | AT_TRAIL=4.0 AT_STOP=1.6 AT_PB=864 AT_TRIG=6 AT_V3A=0 AT_V3B=1 AT_V3C=1 → net=-72.0$ صفقات=40 | 2171s
  725/1920 | AT_TRAIL=4.0 AT_STOP=1.6 AT_PB=864 AT_TRIG=6 AT_V3A=1 AT_V3B=0 AT_V3C=0 → net=0.0$ صفقات=0 | 2181s
  726/1920 | AT_TRAIL=4.0 AT_STOP=1.6 AT_PB=864 AT_TRIG=6 AT_V3A=1 AT_V3B=0 AT_V3C=1 → net=0.0$ صفقات=0 | 2191s
  727/1920 | AT_TRAIL=4.0 AT_STOP=1.6 AT_PB=864 AT_TRIG=6 AT_V3A=1 AT_V3B=1 AT_V3C=0 → net=0.0$ صفقات=0 | 2202s
  728/1920 | AT_TRAIL=4.0 AT_STOP=1.6 AT_PB=864 AT_TRIG=6 AT_V3A=1 AT_V3B=1 AT_V3C=1 → net=0.0$ صفقات=0 | 2212s
  729/1920 | AT_TRAIL=4.0 AT_STOP=1.6 AT_PB=864 AT_TRIG=12 AT_V3A=0 AT_V3B=0 AT_V3C=0 → net=-57.3$ صفقات=41 | 2219s
  730/1920 | AT_TRAIL=4.0 AT_STOP=1.6 AT_PB=864 AT_TRIG=12 AT_V3A=0 AT_V3B=0 AT_V3C=1 → net=-72.4$ صفقات=40 | 2227s
  731/1920 | AT_TRAIL=4.0 AT_STOP=1.6 AT_PB=864 AT_TRIG=12 AT_V3A=0 AT_V3B=1 AT_V3C=0 → net=-57.3$ صفقات=41 | 2234s
  732/1920 | AT_TRAIL=4.0 AT_STOP=1.6 AT_PB=864 AT_TRIG=12 AT_V3A=0 AT_V3B=1 AT_V3C=1 → net=-72.4$ صفقات=40 | 2240s
  733/1920 | AT_TRAIL=4.0 AT_STOP=1.6 AT_PB=864 AT_TRIG=12 AT_V3A=1 AT_V3B=0 AT_V3C=0 → net=0.0$ صفقات=0 | 2251s
  734/1920 | AT_TRAIL=4.0 AT_STOP=1.6 AT_PB=864 AT_TRIG=12 AT_V3A=1 AT_V3B=0 AT_V3C=1 → net=0.0$ صفقات=0 | 2262s
  735/1920 | AT_TRAIL=4.0 AT_STOP=1.6 AT_PB=864 AT_TRIG=12 AT_V3A=1 AT_V3B=1 AT_V3C=0 → net=0.0$ صفقات=0 | 2273s
  736/1920 | AT_TRAIL=4.0 AT_STOP=1.6 AT_PB=864 AT_TRIG=12 AT_V3A=1 AT_V3B=1 AT_V3C=1 → net=0.0$ صفقات=0 | 2283s
  737/1920 | AT_TRAIL=4.0 AT_STOP=1.6 AT_PB=864 AT_TRIG=24 AT_V3A=0 AT_V3B=0 AT_V3C=0 → net=-71.2$ صفقات=42 | 2290s
  738/1920 | AT_TRAIL=4.0 AT_STOP=1.6 AT_PB=864 AT_TRIG=24 AT_V3A=0 AT_V3B=0 AT_V3C=1 → net=-71.1$ صفقات=39 | 2297s
  739/1920 | AT_TRAIL=4.0 AT_STOP=1.6 AT_PB=864 AT_TRIG=24 AT_V3A=0 AT_V3B=1 AT_V3C=0 → net=-71.2$ صفقات=42 | 2304s
  740/1920 | AT_TRAIL=4.0 AT_STOP=1.6 AT_PB=864 AT_TRIG=24 AT_V3A=0 AT_V3B=1 AT_V3C=1 → net=-71.1$ صفقات=39 | 2312s
  741/1920 | AT_TRAIL=4.0 AT_STOP=1.6 AT_PB=864 AT_TRIG=24 AT_V3A=1 AT_V3B=0 AT_V3C=0 → net=0.0$ صفقات=0 | 2323s
  742/1920 | AT_TRAIL=4.0 AT_STOP=1.6 AT_PB=864 AT_TRIG=24 AT_V3A=1 AT_V3B=0 AT_V3C=1 → net=0.0$ صفقات=0 | 2334s
  743/1920 | AT_TRAIL=4.0 AT_STOP=1.6 AT_PB=864 AT_TRIG=24 AT_V3A=1 AT_V3B=1 AT_V3C=0 → net=0.0$ صفقات=0 | 2345s
  744/1920 | AT_TRAIL=4.0 AT_STOP=1.6 AT_PB=864 AT_TRIG=24 AT_V3A=1 AT_V3B=1 AT_V3C=1 → net=0.0$ صفقات=0 | 2356s
  745/1920 | AT_TRAIL=4.0 AT_STOP=1.6 AT_PB=1440 AT_TRIG=6 AT_V3A=0 AT_V3B=0 AT_V3C=0 → net=79.6$ صفقات=34 | 2364s
  746/1920 | AT_TRAIL=4.0 AT_STOP=1.6 AT_PB=1440 AT_TRIG=6 AT_V3A=0 AT_V3B=0 AT_V3C=1 → net=17.2$ صفقات=34 | 2371s
  747/1920 | AT_TRAIL=4.0 AT_STOP=1.6 AT_PB=1440 AT_TRIG=6 AT_V3A=0 AT_V3B=1 AT_V3C=0 → net=79.6$ صفقات=34 | 2378s
  748/1920 | AT_TRAIL=4.0 AT_STOP=1.6 AT_PB=1440 AT_TRIG=6 AT_V3A=0 AT_V3B=1 AT_V3C=1 → net=17.2$ صفقات=34 | 2385s
  749/1920 | AT_TRAIL=4.0 AT_STOP=1.6 AT_PB=1440 AT_TRIG=6 AT_V3A=1 AT_V3B=0 AT_V3C=0 → net=0.0$ صفقات=0 | 2396s
  750/1920 | AT_TRAIL=4.0 AT_STOP=1.6 AT_PB=1440 AT_TRIG=6 AT_V3A=1 AT_V3B=0 AT_V3C=1 → net=0.0$ صفقات=0 | 2407s
  751/1920 | AT_TRAIL=4.0 AT_STOP=1.6 AT_PB=1440 AT_TRIG=6 AT_V3A=1 AT_V3B=1 AT_V3C=0 → net=0.0$ صفقات=0 | 2418s
  752/1920 | AT_TRAIL=4.0 AT_STOP=1.6 AT_PB=1440 AT_TRIG=6 AT_V3A=1 AT_V3B=1 AT_V3C=1 → net=0.0$ صفقات=0 | 2429s
  753/1920 | AT_TRAIL=4.0 AT_STOP=1.6 AT_PB=1440 AT_TRIG=12 AT_V3A=0 AT_V3B=0 AT_V3C=0 → net=79.7$ صفقات=34 | 2436s
  754/1920 | AT_TRAIL=4.0 AT_STOP=1.6 AT_PB=1440 AT_TRIG=12 AT_V3A=0 AT_V3B=0 AT_V3C=1 → net=20.0$ صفقات=34 | 2443s
  755/1920 | AT_TRAIL=4.0 AT_STOP=1.6 AT_PB=1440 AT_TRIG=12 AT_V3A=0 AT_V3B=1 AT_V3C=0 → net=79.7$ صفقات=34 | 2450s
  756/1920 | AT_TRAIL=4.0 AT_STOP=1.6 AT_PB=1440 AT_TRIG=12 AT_V3A=0 AT_V3B=1 AT_V3C=1 → net=20.0$ صفقات=34 | 2457s
  757/1920 | AT_TRAIL=4.0 AT_STOP=1.6 AT_PB=1440 AT_TRIG=12 AT_V3A=1 AT_V3B=0 AT_V3C=0 → net=0.0$ صفقات=0 | 2468s
  758/1920 | AT_TRAIL=4.0 AT_STOP=1.6 AT_PB=1440 AT_TRIG=12 AT_V3A=1 AT_V3B=0 AT_V3C=1 → net=0.0$ صفقات=0 | 2478s
  759/1920 | AT_TRAIL=4.0 AT_STOP=1.6 AT_PB=1440 AT_TRIG=12 AT_V3A=1 AT_V3B=1 AT_V3C=0 → net=0.0$ صفقات=0 | 2488s
  760/1920 | AT_TRAIL=4.0 AT_STOP=1.6 AT_PB=1440 AT_TRIG=12 AT_V3A=1 AT_V3B=1 AT_V3C=1 → net=0.0$ صفقات=0 | 2499s
  761/1920 | AT_TRAIL=4.0 AT_STOP=1.6 AT_PB=1440 AT_TRIG=24 AT_V3A=0 AT_V3B=0 AT_V3C=0 → net=91.1$ صفقات=35 | 2506s
  762/1920 | AT_TRAIL=4.0 AT_STOP=1.6 AT_PB=1440 AT_TRIG=24 AT_V3A=0 AT_V3B=0 AT_V3C=1 → net=34.2$ صفقات=34 | 2513s
  763/1920 | AT_TRAIL=4.0 AT_STOP=1.6 AT_PB=1440 AT_TRIG=24 AT_V3A=0 AT_V3B=1 AT_V3C=0 → net=91.1$ صفقات=35 | 2520s
  764/1920 | AT_TRAIL=4.0 AT_STOP=1.6 AT_PB=1440 AT_TRIG=24 AT_V3A=0 AT_V3B=1 AT_V3C=1 → net=34.2$ صفقات=34 | 2527s
  765/1920 | AT_TRAIL=4.0 AT_STOP=1.6 AT_PB=1440 AT_TRIG=24 AT_V3A=1 AT_V3B=0 AT_V3C=0 → net=0.0$ صفقات=0 | 2538s
  766/1920 | AT_TRAIL=4.0 AT_STOP=1.6 AT_PB=1440 AT_TRIG=24 AT_V3A=1 AT_V3B=0 AT_V3C=1 → net=0.0$ صفقات=0 | 2548s
  767/1920 | AT_TRAIL=4.0 AT_STOP=1.6 AT_PB=1440 AT_TRIG=24 AT_V3A=1 AT_V3B=1 AT_V3C=0 → net=0.0$ صفقات=0 | 2559s
  768/1920 | AT_TRAIL=4.0 AT_STOP=1.6 AT_PB=1440 AT_TRIG=24 AT_V3A=1 AT_V3B=1 AT_V3C=1 → net=0.0$ صفقات=0 | 2569s
  769/1920 | AT_TRAIL=5.0 AT_STOP=0.5 AT_PB=288 AT_TRIG=6 AT_V3A=0 AT_V3B=0 AT_V3C=0 → net=0.1$ صفقات=55 | 2576s
  770/1920 | AT_TRAIL=5.0 AT_STOP=0.5 AT_PB=288 AT_TRIG=6 AT_V3A=0 AT_V3B=0 AT_V3C=1 → net=44.8$ صفقات=51 | 2583s
  771/1920 | AT_TRAIL=5.0 AT_STOP=0.5 AT_PB=288 AT_TRIG=6 AT_V3A=0 AT_V3B=1 AT_V3C=0 → net=0.1$ صفقات=55 | 2589s
  772/1920 | AT_TRAIL=5.0 AT_STOP=0.5 AT_PB=288 AT_TRIG=6 AT_V3A=0 AT_V3B=1 AT_V3C=1 → net=44.8$ صفقات=51 | 2595s
  773/1920 | AT_TRAIL=5.0 AT_STOP=0.5 AT_PB=288 AT_TRIG=6 AT_V3A=1 AT_V3B=0 AT_V3C=0 → net=0.0$ صفقات=0 | 2606s
  774/1920 | AT_TRAIL=5.0 AT_STOP=0.5 AT_PB=288 AT_TRIG=6 AT_V3A=1 AT_V3B=0 AT_V3C=1 → net=0.0$ صفقات=0 | 2616s
  775/1920 | AT_TRAIL=5.0 AT_STOP=0.5 AT_PB=288 AT_TRIG=6 AT_V3A=1 AT_V3B=1 AT_V3C=0 → net=0.0$ صفقات=0 | 2626s
  776/1920 | AT_TRAIL=5.0 AT_STOP=0.5 AT_PB=288 AT_TRIG=6 AT_V3A=1 AT_V3B=1 AT_V3C=1 → net=0.0$ صفقات=0 | 2637s
  777/1920 | AT_TRAIL=5.0 AT_STOP=0.5 AT_PB=288 AT_TRIG=12 AT_V3A=0 AT_V3B=0 AT_V3C=0 → net=32.7$ صفقات=53 | 2643s
  778/1920 | AT_TRAIL=5.0 AT_STOP=0.5 AT_PB=288 AT_TRIG=12 AT_V3A=0 AT_V3B=0 AT_V3C=1 → net=72.2$ صفقات=49 | 2650s
  779/1920 | AT_TRAIL=5.0 AT_STOP=0.5 AT_PB=288 AT_TRIG=12 AT_V3A=0 AT_V3B=1 AT_V3C=0 → net=32.7$ صفقات=53 | 2656s
  780/1920 | AT_TRAIL=5.0 AT_STOP=0.5 AT_PB=288 AT_TRIG=12 AT_V3A=0 AT_V3B=1 AT_V3C=1 → net=72.2$ صفقات=49 | 2663s
  781/1920 | AT_TRAIL=5.0 AT_STOP=0.5 AT_PB=288 AT_TRIG=12 AT_V3A=1 AT_V3B=0 AT_V3C=0 → net=0.0$ صفقات=0 | 2673s
  782/1920 | AT_TRAIL=5.0 AT_STOP=0.5 AT_PB=288 AT_TRIG=12 AT_V3A=1 AT_V3B=0 AT_V3C=1 → net=0.0$ صفقات=0 | 2684s
  783/1920 | AT_TRAIL=5.0 AT_STOP=0.5 AT_PB=288 AT_TRIG=12 AT_V3A=1 AT_V3B=1 AT_V3C=0 → net=0.0$ صفقات=0 | 2694s
  784/1920 | AT_TRAIL=5.0 AT_STOP=0.5 AT_PB=288 AT_TRIG=12 AT_V3A=1 AT_V3B=1 AT_V3C=1 → net=0.0$ صفقات=0 | 2704s
  785/1920 | AT_TRAIL=5.0 AT_STOP=0.5 AT_PB=288 AT_TRIG=24 AT_V3A=0 AT_V3B=0 AT_V3C=0 → net=87.2$ صفقات=52 | 2711s
  786/1920 | AT_TRAIL=5.0 AT_STOP=0.5 AT_PB=288 AT_TRIG=24 AT_V3A=0 AT_V3B=0 AT_V3C=1 → net=112.2$ صفقات=49 | 2717s
  787/1920 | AT_TRAIL=5.0 AT_STOP=0.5 AT_PB=288 AT_TRIG=24 AT_V3A=0 AT_V3B=1 AT_V3C=0 → net=87.2$ صفقات=52 | 2724s
  788/1920 | AT_TRAIL=5.0 AT_STOP=0.5 AT_PB=288 AT_TRIG=24 AT_V3A=0 AT_V3B=1 AT_V3C=1 → net=112.2$ صفقات=49 | 2731s
  789/1920 | AT_TRAIL=5.0 AT_STOP=0.5 AT_PB=288 AT_TRIG=24 AT_V3A=1 AT_V3B=0 AT_V3C=0 → net=0.0$ صفقات=0 | 2741s
  790/1920 | AT_TRAIL=5.0 AT_STOP=0.5 AT_PB=288 AT_TRIG=24 AT_V3A=1 AT_V3B=0 AT_V3C=1 → net=0.0$ صفقات=0 | 2752s
  791/1920 | AT_TRAIL=5.0 AT_STOP=0.5 AT_PB=288 AT_TRIG=24 AT_V3A=1 AT_V3B=1 AT_V3C=0 → net=0.0$ صفقات=0 | 2762s
  792/1920 | AT_TRAIL=5.0 AT_STOP=0.5 AT_PB=288 AT_TRIG=24 AT_V3A=1 AT_V3B=1 AT_V3C=1 → net=0.0$ صفقات=0 | 2772s
  793/1920 | AT_TRAIL=5.0 AT_STOP=0.5 AT_PB=576 AT_TRIG=6 AT_V3A=0 AT_V3B=0 AT_V3C=0 → net=72.3$ صفقات=36 | 2779s
  794/1920 | AT_TRAIL=5.0 AT_STOP=0.5 AT_PB=576 AT_TRIG=6 AT_V3A=0 AT_V3B=0 AT_V3C=1 → net=74.8$ صفقات=35 | 2785s
  795/1920 | AT_TRAIL=5.0 AT_STOP=0.5 AT_PB=576 AT_TRIG=6 AT_V3A=0 AT_V3B=1 AT_V3C=0 → net=72.3$ صفقات=36 | 2792s
  796/1920 | AT_TRAIL=5.0 AT_STOP=0.5 AT_PB=576 AT_TRIG=6 AT_V3A=0 AT_V3B=1 AT_V3C=1 → net=74.8$ صفقات=35 | 2798s
  797/1920 | AT_TRAIL=5.0 AT_STOP=0.5 AT_PB=576 AT_TRIG=6 AT_V3A=1 AT_V3B=0 AT_V3C=0 → net=0.0$ صفقات=0 | 2808s
  798/1920 | AT_TRAIL=5.0 AT_STOP=0.5 AT_PB=576 AT_TRIG=6 AT_V3A=1 AT_V3B=0 AT_V3C=1 → net=0.0$ صفقات=0 | 2819s
  799/1920 | AT_TRAIL=5.0 AT_STOP=0.5 AT_PB=576 AT_TRIG=6 AT_V3A=1 AT_V3B=1 AT_V3C=0 → net=0.0$ صفقات=0 | 2829s
  800/1920 | AT_TRAIL=5.0 AT_STOP=0.5 AT_PB=576 AT_TRIG=6 AT_V3A=1 AT_V3B=1 AT_V3C=1 → net=0.0$ صفقات=0 | 2840s
  801/1920 | AT_TRAIL=5.0 AT_STOP=0.5 AT_PB=576 AT_TRIG=12 AT_V3A=0 AT_V3B=0 AT_V3C=0 → net=68.7$ صفقات=36 | 2846s
  802/1920 | AT_TRAIL=5.0 AT_STOP=0.5 AT_PB=576 AT_TRIG=12 AT_V3A=0 AT_V3B=0 AT_V3C=1 → net=83.8$ صفقات=34 | 2854s
  803/1920 | AT_TRAIL=5.0 AT_STOP=0.5 AT_PB=576 AT_TRIG=12 AT_V3A=0 AT_V3B=1 AT_V3C=0 → net=68.7$ صفقات=36 | 2862s
  804/1920 | AT_TRAIL=5.0 AT_STOP=0.5 AT_PB=576 AT_TRIG=12 AT_V3A=0 AT_V3B=1 AT_V3C=1 → net=83.8$ صفقات=34 | 2869s
  805/1920 | AT_TRAIL=5.0 AT_STOP=0.5 AT_PB=576 AT_TRIG=12 AT_V3A=1 AT_V3B=0 AT_V3C=0 → net=0.0$ صفقات=0 | 2879s
  806/1920 | AT_TRAIL=5.0 AT_STOP=0.5 AT_PB=576 AT_TRIG=12 AT_V3A=1 AT_V3B=0 AT_V3C=1 → net=0.0$ صفقات=0 | 2890s
  807/1920 | AT_TRAIL=5.0 AT_STOP=0.5 AT_PB=576 AT_TRIG=12 AT_V3A=1 AT_V3B=1 AT_V3C=0 → net=0.0$ صفقات=0 | 2901s
  808/1920 | AT_TRAIL=5.0 AT_STOP=0.5 AT_PB=576 AT_TRIG=12 AT_V3A=1 AT_V3B=1 AT_V3C=1 → net=0.0$ صفقات=0 | 2912s
  809/1920 | AT_TRAIL=5.0 AT_STOP=0.5 AT_PB=576 AT_TRIG=24 AT_V3A=0 AT_V3B=0 AT_V3C=0 → net=0.4$ صفقات=41 | 2918s
  810/1920 | AT_TRAIL=5.0 AT_STOP=0.5 AT_PB=576 AT_TRIG=24 AT_V3A=0 AT_V3B=0 AT_V3C=1 → net=15.5$ صفقات=39 | 2925s
  811/1920 | AT_TRAIL=5.0 AT_STOP=0.5 AT_PB=576 AT_TRIG=24 AT_V3A=0 AT_V3B=1 AT_V3C=0 → net=0.4$ صفقات=41 | 2932s
  812/1920 | AT_TRAIL=5.0 AT_STOP=0.5 AT_PB=576 AT_TRIG=24 AT_V3A=0 AT_V3B=1 AT_V3C=1 → net=15.5$ صفقات=39 | 2938s
  813/1920 | AT_TRAIL=5.0 AT_STOP=0.5 AT_PB=576 AT_TRIG=24 AT_V3A=1 AT_V3B=0 AT_V3C=0 → net=0.0$ صفقات=0 | 2949s
  814/1920 | AT_TRAIL=5.0 AT_STOP=0.5 AT_PB=576 AT_TRIG=24 AT_V3A=1 AT_V3B=0 AT_V3C=1 → net=0.0$ صفقات=0 | 2959s
  815/1920 | AT_TRAIL=5.0 AT_STOP=0.5 AT_PB=576 AT_TRIG=24 AT_V3A=1 AT_V3B=1 AT_V3C=0 → net=0.0$ صفقات=0 | 2971s
  816/1920 | AT_TRAIL=5.0 AT_STOP=0.5 AT_PB=576 AT_TRIG=24 AT_V3A=1 AT_V3B=1 AT_V3C=1 → net=0.0$ صفقات=0 | 2981s
  817/1920 | AT_TRAIL=5.0 AT_STOP=0.5 AT_PB=864 AT_TRIG=6 AT_V3A=0 AT_V3B=0 AT_V3C=0 → net=172.8$ صفقات=36 | 2988s
  818/1920 | AT_TRAIL=5.0 AT_STOP=0.5 AT_PB=864 AT_TRIG=6 AT_V3A=0 AT_V3B=0 AT_V3C=1 → net=149.3$ صفقات=35 | 2994s
  819/1920 | AT_TRAIL=5.0 AT_STOP=0.5 AT_PB=864 AT_TRIG=6 AT_V3A=0 AT_V3B=1 AT_V3C=0 → net=172.8$ صفقات=36 | 3001s
  820/1920 | AT_TRAIL=5.0 AT_STOP=0.5 AT_PB=864 AT_TRIG=6 AT_V3A=0 AT_V3B=1 AT_V3C=1 → net=149.3$ صفقات=35 | 3008s
  821/1920 | AT_TRAIL=5.0 AT_STOP=0.5 AT_PB=864 AT_TRIG=6 AT_V3A=1 AT_V3B=0 AT_V3C=0 → net=0.0$ صفقات=0 | 3019s
  822/1920 | AT_TRAIL=5.0 AT_STOP=0.5 AT_PB=864 AT_TRIG=6 AT_V3A=1 AT_V3B=0 AT_V3C=1 → net=0.0$ صفقات=0 | 3029s
  823/1920 | AT_TRAIL=5.0 AT_STOP=0.5 AT_PB=864 AT_TRIG=6 AT_V3A=1 AT_V3B=1 AT_V3C=0 → net=0.0$ صفقات=0 | 3040s
  824/1920 | AT_TRAIL=5.0 AT_STOP=0.5 AT_PB=864 AT_TRIG=6 AT_V3A=1 AT_V3B=1 AT_V3C=1 → net=0.0$ صفقات=0 | 3050s
  825/1920 | AT_TRAIL=5.0 AT_STOP=0.5 AT_PB=864 AT_TRIG=12 AT_V3A=0 AT_V3B=0 AT_V3C=0 → net=168.2$ صفقات=36 | 3057s
  826/1920 | AT_TRAIL=5.0 AT_STOP=0.5 AT_PB=864 AT_TRIG=12 AT_V3A=0 AT_V3B=0 AT_V3C=1 → net=149.9$ صفقات=35 | 3063s
  827/1920 | AT_TRAIL=5.0 AT_STOP=0.5 AT_PB=864 AT_TRIG=12 AT_V3A=0 AT_V3B=1 AT_V3C=0 → net=168.2$ صفقات=36 | 3070s
  828/1920 | AT_TRAIL=5.0 AT_STOP=0.5 AT_PB=864 AT_TRIG=12 AT_V3A=0 AT_V3B=1 AT_V3C=1 → net=149.9$ صفقات=35 | 3077s
  829/1920 | AT_TRAIL=5.0 AT_STOP=0.5 AT_PB=864 AT_TRIG=12 AT_V3A=1 AT_V3B=0 AT_V3C=0 → net=0.0$ صفقات=0 | 3087s
  830/1920 | AT_TRAIL=5.0 AT_STOP=0.5 AT_PB=864 AT_TRIG=12 AT_V3A=1 AT_V3B=0 AT_V3C=1 → net=0.0$ صفقات=0 | 3098s
  831/1920 | AT_TRAIL=5.0 AT_STOP=0.5 AT_PB=864 AT_TRIG=12 AT_V3A=1 AT_V3B=1 AT_V3C=0 → net=0.0$ صفقات=0 | 3108s
  832/1920 | AT_TRAIL=5.0 AT_STOP=0.5 AT_PB=864 AT_TRIG=12 AT_V3A=1 AT_V3B=1 AT_V3C=1 → net=0.0$ صفقات=0 | 3119s
  833/1920 | AT_TRAIL=5.0 AT_STOP=0.5 AT_PB=864 AT_TRIG=24 AT_V3A=0 AT_V3B=0 AT_V3C=0 → net=171.2$ صفقات=35 | 3125s
  834/1920 | AT_TRAIL=5.0 AT_STOP=0.5 AT_PB=864 AT_TRIG=24 AT_V3A=0 AT_V3B=0 AT_V3C=1 → net=149.1$ صفقات=34 | 3132s
  835/1920 | AT_TRAIL=5.0 AT_STOP=0.5 AT_PB=864 AT_TRIG=24 AT_V3A=0 AT_V3B=1 AT_V3C=0 → net=171.2$ صفقات=35 | 3139s
  836/1920 | AT_TRAIL=5.0 AT_STOP=0.5 AT_PB=864 AT_TRIG=24 AT_V3A=0 AT_V3B=1 AT_V3C=1 → net=149.1$ صفقات=34 | 3145s
  837/1920 | AT_TRAIL=5.0 AT_STOP=0.5 AT_PB=864 AT_TRIG=24 AT_V3A=1 AT_V3B=0 AT_V3C=0 → net=0.0$ صفقات=0 | 3156s
  838/1920 | AT_TRAIL=5.0 AT_STOP=0.5 AT_PB=864 AT_TRIG=24 AT_V3A=1 AT_V3B=0 AT_V3C=1 → net=0.0$ صفقات=0 | 3167s
  839/1920 | AT_TRAIL=5.0 AT_STOP=0.5 AT_PB=864 AT_TRIG=24 AT_V3A=1 AT_V3B=1 AT_V3C=0 → net=0.0$ صفقات=0 | 3177s
  840/1920 | AT_TRAIL=5.0 AT_STOP=0.5 AT_PB=864 AT_TRIG=24 AT_V3A=1 AT_V3B=1 AT_V3C=1 → net=0.0$ صفقات=0 | 3188s
  841/1920 | AT_TRAIL=5.0 AT_STOP=0.5 AT_PB=1440 AT_TRIG=6 AT_V3A=0 AT_V3B=0 AT_V3C=0 → net=285.3$ صفقات=30 | 3195s
  842/1920 | AT_TRAIL=5.0 AT_STOP=0.5 AT_PB=1440 AT_TRIG=6 AT_V3A=0 AT_V3B=0 AT_V3C=1 → net=241.6$ صفقات=29 | 3202s
  843/1920 | AT_TRAIL=5.0 AT_STOP=0.5 AT_PB=1440 AT_TRIG=6 AT_V3A=0 AT_V3B=1 AT_V3C=0 → net=285.3$ صفقات=30 | 3209s
  844/1920 | AT_TRAIL=5.0 AT_STOP=0.5 AT_PB=1440 AT_TRIG=6 AT_V3A=0 AT_V3B=1 AT_V3C=1 → net=241.6$ صفقات=29 | 3216s
  845/1920 | AT_TRAIL=5.0 AT_STOP=0.5 AT_PB=1440 AT_TRIG=6 AT_V3A=1 AT_V3B=0 AT_V3C=0 → net=0.0$ صفقات=0 | 3226s
  846/1920 | AT_TRAIL=5.0 AT_STOP=0.5 AT_PB=1440 AT_TRIG=6 AT_V3A=1 AT_V3B=0 AT_V3C=1 → net=0.0$ صفقات=0 | 3237s
  847/1920 | AT_TRAIL=5.0 AT_STOP=0.5 AT_PB=1440 AT_TRIG=6 AT_V3A=1 AT_V3B=1 AT_V3C=0 → net=0.0$ صفقات=0 | 3247s
  848/1920 | AT_TRAIL=5.0 AT_STOP=0.5 AT_PB=1440 AT_TRIG=6 AT_V3A=1 AT_V3B=1 AT_V3C=1 → net=0.0$ صفقات=0 | 3258s
  849/1920 | AT_TRAIL=5.0 AT_STOP=0.5 AT_PB=1440 AT_TRIG=12 AT_V3A=0 AT_V3B=0 AT_V3C=0 → net=286.5$ صفقات=30 | 3265s
  850/1920 | AT_TRAIL=5.0 AT_STOP=0.5 AT_PB=1440 AT_TRIG=12 AT_V3A=0 AT_V3B=0 AT_V3C=1 → net=244.4$ صفقات=29 | 3272s
  851/1920 | AT_TRAIL=5.0 AT_STOP=0.5 AT_PB=1440 AT_TRIG=12 AT_V3A=0 AT_V3B=1 AT_V3C=0 → net=286.5$ صفقات=30 | 3278s
  852/1920 | AT_TRAIL=5.0 AT_STOP=0.5 AT_PB=1440 AT_TRIG=12 AT_V3A=0 AT_V3B=1 AT_V3C=1 → net=244.4$ صفقات=29 | 3285s
  853/1920 | AT_TRAIL=5.0 AT_STOP=0.5 AT_PB=1440 AT_TRIG=12 AT_V3A=1 AT_V3B=0 AT_V3C=0 → net=0.0$ صفقات=0 | 3296s
  854/1920 | AT_TRAIL=5.0 AT_STOP=0.5 AT_PB=1440 AT_TRIG=12 AT_V3A=1 AT_V3B=0 AT_V3C=1 → net=0.0$ صفقات=0 | 3307s
  855/1920 | AT_TRAIL=5.0 AT_STOP=0.5 AT_PB=1440 AT_TRIG=12 AT_V3A=1 AT_V3B=1 AT_V3C=0 → net=0.0$ صفقات=0 | 3318s
  856/1920 | AT_TRAIL=5.0 AT_STOP=0.5 AT_PB=1440 AT_TRIG=12 AT_V3A=1 AT_V3B=1 AT_V3C=1 → net=0.0$ صفقات=0 | 3328s
  857/1920 | AT_TRAIL=5.0 AT_STOP=0.5 AT_PB=1440 AT_TRIG=24 AT_V3A=0 AT_V3B=0 AT_V3C=0 → net=310.6$ صفقات=29 | 3336s
  858/1920 | AT_TRAIL=5.0 AT_STOP=0.5 AT_PB=1440 AT_TRIG=24 AT_V3A=0 AT_V3B=0 AT_V3C=1 → net=269.3$ صفقات=28 | 3343s
  859/1920 | AT_TRAIL=5.0 AT_STOP=0.5 AT_PB=1440 AT_TRIG=24 AT_V3A=0 AT_V3B=1 AT_V3C=0 → net=310.6$ صفقات=29 | 3350s
  860/1920 | AT_TRAIL=5.0 AT_STOP=0.5 AT_PB=1440 AT_TRIG=24 AT_V3A=0 AT_V3B=1 AT_V3C=1 → net=269.3$ صفقات=28 | 3357s
  861/1920 | AT_TRAIL=5.0 AT_STOP=0.5 AT_PB=1440 AT_TRIG=24 AT_V3A=1 AT_V3B=0 AT_V3C=0 → net=0.0$ صفقات=0 | 3367s
  862/1920 | AT_TRAIL=5.0 AT_STOP=0.5 AT_PB=1440 AT_TRIG=24 AT_V3A=1 AT_V3B=0 AT_V3C=1 → net=0.0$ صفقات=0 | 3378s
  863/1920 | AT_TRAIL=5.0 AT_STOP=0.5 AT_PB=1440 AT_TRIG=24 AT_V3A=1 AT_V3B=1 AT_V3C=0 → net=0.0$ صفقات=0 | 3388s
  864/1920 | AT_TRAIL=5.0 AT_STOP=0.5 AT_PB=1440 AT_TRIG=24 AT_V3A=1 AT_V3B=1 AT_V3C=1 → net=0.0$ صفقات=0 | 3399s
  865/1920 | AT_TRAIL=5.0 AT_STOP=0.8 AT_PB=288 AT_TRIG=6 AT_V3A=0 AT_V3B=0 AT_V3C=0 → net=-22.5$ صفقات=55 | 3405s
  866/1920 | AT_TRAIL=5.0 AT_STOP=0.8 AT_PB=288 AT_TRIG=6 AT_V3A=0 AT_V3B=0 AT_V3C=1 → net=20.8$ صفقات=51 | 3412s
  867/1920 | AT_TRAIL=5.0 AT_STOP=0.8 AT_PB=288 AT_TRIG=6 AT_V3A=0 AT_V3B=1 AT_V3C=0 → net=-22.5$ صفقات=55 | 3418s
  868/1920 | AT_TRAIL=5.0 AT_STOP=0.8 AT_PB=288 AT_TRIG=6 AT_V3A=0 AT_V3B=1 AT_V3C=1 → net=20.8$ صفقات=51 | 3425s
  869/1920 | AT_TRAIL=5.0 AT_STOP=0.8 AT_PB=288 AT_TRIG=6 AT_V3A=1 AT_V3B=0 AT_V3C=0 → net=0.0$ صفقات=0 | 3435s
  870/1920 | AT_TRAIL=5.0 AT_STOP=0.8 AT_PB=288 AT_TRIG=6 AT_V3A=1 AT_V3B=0 AT_V3C=1 → net=0.0$ صفقات=0 | 3445s
  871/1920 | AT_TRAIL=5.0 AT_STOP=0.8 AT_PB=288 AT_TRIG=6 AT_V3A=1 AT_V3B=1 AT_V3C=0 → net=0.0$ صفقات=0 | 3456s
  872/1920 | AT_TRAIL=5.0 AT_STOP=0.8 AT_PB=288 AT_TRIG=6 AT_V3A=1 AT_V3B=1 AT_V3C=1 → net=0.0$ صفقات=0 | 3466s
  873/1920 | AT_TRAIL=5.0 AT_STOP=0.8 AT_PB=288 AT_TRIG=12 AT_V3A=0 AT_V3B=0 AT_V3C=0 → net=12.7$ صفقات=53 | 3472s
  874/1920 | AT_TRAIL=5.0 AT_STOP=0.8 AT_PB=288 AT_TRIG=12 AT_V3A=0 AT_V3B=0 AT_V3C=1 → net=53.2$ صفقات=49 | 3479s
  875/1920 | AT_TRAIL=5.0 AT_STOP=0.8 AT_PB=288 AT_TRIG=12 AT_V3A=0 AT_V3B=1 AT_V3C=0 → net=12.7$ صفقات=53 | 3485s
  876/1920 | AT_TRAIL=5.0 AT_STOP=0.8 AT_PB=288 AT_TRIG=12 AT_V3A=0 AT_V3B=1 AT_V3C=1 → net=53.2$ صفقات=49 | 3491s
  877/1920 | AT_TRAIL=5.0 AT_STOP=0.8 AT_PB=288 AT_TRIG=12 AT_V3A=1 AT_V3B=0 AT_V3C=0 → net=0.0$ صفقات=0 | 3502s
  878/1920 | AT_TRAIL=5.0 AT_STOP=0.8 AT_PB=288 AT_TRIG=12 AT_V3A=1 AT_V3B=0 AT_V3C=1 → net=0.0$ صفقات=0 | 3512s
  879/1920 | AT_TRAIL=5.0 AT_STOP=0.8 AT_PB=288 AT_TRIG=12 AT_V3A=1 AT_V3B=1 AT_V3C=0 → net=0.0$ صفقات=0 | 3522s
  880/1920 | AT_TRAIL=5.0 AT_STOP=0.8 AT_PB=288 AT_TRIG=12 AT_V3A=1 AT_V3B=1 AT_V3C=1 → net=0.0$ صفقات=0 | 3532s
  881/1920 | AT_TRAIL=5.0 AT_STOP=0.8 AT_PB=288 AT_TRIG=24 AT_V3A=0 AT_V3B=0 AT_V3C=0 → net=70.5$ صفقات=52 | 3539s
  882/1920 | AT_TRAIL=5.0 AT_STOP=0.8 AT_PB=288 AT_TRIG=24 AT_V3A=0 AT_V3B=0 AT_V3C=1 → net=96.1$ صفقات=49 | 3546s
  883/1920 | AT_TRAIL=5.0 AT_STOP=0.8 AT_PB=288 AT_TRIG=24 AT_V3A=0 AT_V3B=1 AT_V3C=0 → net=70.5$ صفقات=52 | 3552s
  884/1920 | AT_TRAIL=5.0 AT_STOP=0.8 AT_PB=288 AT_TRIG=24 AT_V3A=0 AT_V3B=1 AT_V3C=1 → net=96.1$ صفقات=49 | 3559s
  885/1920 | AT_TRAIL=5.0 AT_STOP=0.8 AT_PB=288 AT_TRIG=24 AT_V3A=1 AT_V3B=0 AT_V3C=0 → net=0.0$ صفقات=0 | 3569s
  886/1920 | AT_TRAIL=5.0 AT_STOP=0.8 AT_PB=288 AT_TRIG=24 AT_V3A=1 AT_V3B=0 AT_V3C=1 → net=0.0$ صفقات=0 | 3579s
  887/1920 | AT_TRAIL=5.0 AT_STOP=0.8 AT_PB=288 AT_TRIG=24 AT_V3A=1 AT_V3B=1 AT_V3C=0 → net=0.0$ صفقات=0 | 3590s
  888/1920 | AT_TRAIL=5.0 AT_STOP=0.8 AT_PB=288 AT_TRIG=24 AT_V3A=1 AT_V3B=1 AT_V3C=1 → net=0.0$ صفقات=0 | 3600s
  889/1920 | AT_TRAIL=5.0 AT_STOP=0.8 AT_PB=576 AT_TRIG=6 AT_V3A=0 AT_V3B=0 AT_V3C=0 → net=72.4$ صفقات=36 | 3607s
  890/1920 | AT_TRAIL=5.0 AT_STOP=0.8 AT_PB=576 AT_TRIG=6 AT_V3A=0 AT_V3B=0 AT_V3C=1 → net=75.0$ صفقات=35 | 3613s
  891/1920 | AT_TRAIL=5.0 AT_STOP=0.8 AT_PB=576 AT_TRIG=6 AT_V3A=0 AT_V3B=1 AT_V3C=0 → net=72.4$ صفقات=36 | 3619s
  892/1920 | AT_TRAIL=5.0 AT_STOP=0.8 AT_PB=576 AT_TRIG=6 AT_V3A=0 AT_V3B=1 AT_V3C=1 → net=75.0$ صفقات=35 | 3626s
  893/1920 | AT_TRAIL=5.0 AT_STOP=0.8 AT_PB=576 AT_TRIG=6 AT_V3A=1 AT_V3B=0 AT_V3C=0 → net=0.0$ صفقات=0 | 3636s
  894/1920 | AT_TRAIL=5.0 AT_STOP=0.8 AT_PB=576 AT_TRIG=6 AT_V3A=1 AT_V3B=0 AT_V3C=1 → net=0.0$ صفقات=0 | 3647s
  895/1920 | AT_TRAIL=5.0 AT_STOP=0.8 AT_PB=576 AT_TRIG=6 AT_V3A=1 AT_V3B=1 AT_V3C=0 → net=0.0$ صفقات=0 | 3657s
  896/1920 | AT_TRAIL=5.0 AT_STOP=0.8 AT_PB=576 AT_TRIG=6 AT_V3A=1 AT_V3B=1 AT_V3C=1 → net=0.0$ صفقات=0 | 3667s
  897/1920 | AT_TRAIL=5.0 AT_STOP=0.8 AT_PB=576 AT_TRIG=12 AT_V3A=0 AT_V3B=0 AT_V3C=0 → net=68.9$ صفقات=36 | 3674s
  898/1920 | AT_TRAIL=5.0 AT_STOP=0.8 AT_PB=576 AT_TRIG=12 AT_V3A=0 AT_V3B=0 AT_V3C=1 → net=84.0$ صفقات=34 | 3680s
  899/1920 | AT_TRAIL=5.0 AT_STOP=0.8 AT_PB=576 AT_TRIG=12 AT_V3A=0 AT_V3B=1 AT_V3C=0 → net=68.9$ صفقات=36 | 3687s
  900/1920 | AT_TRAIL=5.0 AT_STOP=0.8 AT_PB=576 AT_TRIG=12 AT_V3A=0 AT_V3B=1 AT_V3C=1 → net=84.0$ صفقات=34 | 3693s
  901/1920 | AT_TRAIL=5.0 AT_STOP=0.8 AT_PB=576 AT_TRIG=12 AT_V3A=1 AT_V3B=0 AT_V3C=0 → net=0.0$ صفقات=0 | 3704s
  902/1920 | AT_TRAIL=5.0 AT_STOP=0.8 AT_PB=576 AT_TRIG=12 AT_V3A=1 AT_V3B=0 AT_V3C=1 → net=0.0$ صفقات=0 | 3714s
  903/1920 | AT_TRAIL=5.0 AT_STOP=0.8 AT_PB=576 AT_TRIG=12 AT_V3A=1 AT_V3B=1 AT_V3C=0 → net=0.0$ صفقات=0 | 3725s
  904/1920 | AT_TRAIL=5.0 AT_STOP=0.8 AT_PB=576 AT_TRIG=12 AT_V3A=1 AT_V3B=1 AT_V3C=1 → net=0.0$ صفقات=0 | 3735s
  905/1920 | AT_TRAIL=5.0 AT_STOP=0.8 AT_PB=576 AT_TRIG=24 AT_V3A=0 AT_V3B=0 AT_V3C=0 → net=-2.8$ صفقات=41 | 3742s
  906/1920 | AT_TRAIL=5.0 AT_STOP=0.8 AT_PB=576 AT_TRIG=24 AT_V3A=0 AT_V3B=0 AT_V3C=1 → net=8.1$ صفقات=39 | 3749s
  907/1920 | AT_TRAIL=5.0 AT_STOP=0.8 AT_PB=576 AT_TRIG=24 AT_V3A=0 AT_V3B=1 AT_V3C=0 → net=-2.8$ صفقات=41 | 3755s
  908/1920 | AT_TRAIL=5.0 AT_STOP=0.8 AT_PB=576 AT_TRIG=24 AT_V3A=0 AT_V3B=1 AT_V3C=1 → net=8.1$ صفقات=39 | 3762s
  909/1920 | AT_TRAIL=5.0 AT_STOP=0.8 AT_PB=576 AT_TRIG=24 AT_V3A=1 AT_V3B=0 AT_V3C=0 → net=0.0$ صفقات=0 | 3772s
  910/1920 | AT_TRAIL=5.0 AT_STOP=0.8 AT_PB=576 AT_TRIG=24 AT_V3A=1 AT_V3B=0 AT_V3C=1 → net=0.0$ صفقات=0 | 3782s
  911/1920 | AT_TRAIL=5.0 AT_STOP=0.8 AT_PB=576 AT_TRIG=24 AT_V3A=1 AT_V3B=1 AT_V3C=0 → net=0.0$ صفقات=0 | 3793s
  912/1920 | AT_TRAIL=5.0 AT_STOP=0.8 AT_PB=576 AT_TRIG=24 AT_V3A=1 AT_V3B=1 AT_V3C=1 → net=0.0$ صفقات=0 | 3803s
  913/1920 | AT_TRAIL=5.0 AT_STOP=0.8 AT_PB=864 AT_TRIG=6 AT_V3A=0 AT_V3B=0 AT_V3C=0 → net=183.4$ صفقات=35 | 3810s
  914/1920 | AT_TRAIL=5.0 AT_STOP=0.8 AT_PB=864 AT_TRIG=6 AT_V3A=0 AT_V3B=0 AT_V3C=1 → net=150.5$ صفقات=35 | 3816s
  915/1920 | AT_TRAIL=5.0 AT_STOP=0.8 AT_PB=864 AT_TRIG=6 AT_V3A=0 AT_V3B=1 AT_V3C=0 → net=183.4$ صفقات=35 | 3823s
  916/1920 | AT_TRAIL=5.0 AT_STOP=0.8 AT_PB=864 AT_TRIG=6 AT_V3A=0 AT_V3B=1 AT_V3C=1 → net=150.5$ صفقات=35 | 3830s
  917/1920 | AT_TRAIL=5.0 AT_STOP=0.8 AT_PB=864 AT_TRIG=6 AT_V3A=1 AT_V3B=0 AT_V3C=0 → net=0.0$ صفقات=0 | 3840s
  918/1920 | AT_TRAIL=5.0 AT_STOP=0.8 AT_PB=864 AT_TRIG=6 AT_V3A=1 AT_V3B=0 AT_V3C=1 → net=0.0$ صفقات=0 | 3851s
  919/1920 | AT_TRAIL=5.0 AT_STOP=0.8 AT_PB=864 AT_TRIG=6 AT_V3A=1 AT_V3B=1 AT_V3C=0 → net=0.0$ صفقات=0 | 3861s
  920/1920 | AT_TRAIL=5.0 AT_STOP=0.8 AT_PB=864 AT_TRIG=6 AT_V3A=1 AT_V3B=1 AT_V3C=1 → net=0.0$ صفقات=0 | 3871s
  921/1920 | AT_TRAIL=5.0 AT_STOP=0.8 AT_PB=864 AT_TRIG=12 AT_V3A=0 AT_V3B=0 AT_V3C=0 → net=179.7$ صفقات=35 | 3878s
  922/1920 | AT_TRAIL=5.0 AT_STOP=0.8 AT_PB=864 AT_TRIG=12 AT_V3A=0 AT_V3B=0 AT_V3C=1 → net=151.1$ صفقات=35 | 3885s
  923/1920 | AT_TRAIL=5.0 AT_STOP=0.8 AT_PB=864 AT_TRIG=12 AT_V3A=0 AT_V3B=1 AT_V3C=0 → net=179.7$ صفقات=35 | 3891s
  924/1920 | AT_TRAIL=5.0 AT_STOP=0.8 AT_PB=864 AT_TRIG=12 AT_V3A=0 AT_V3B=1 AT_V3C=1 → net=151.1$ صفقات=35 | 3898s
  925/1920 | AT_TRAIL=5.0 AT_STOP=0.8 AT_PB=864 AT_TRIG=12 AT_V3A=1 AT_V3B=0 AT_V3C=0 → net=0.0$ صفقات=0 | 3909s
  926/1920 | AT_TRAIL=5.0 AT_STOP=0.8 AT_PB=864 AT_TRIG=12 AT_V3A=1 AT_V3B=0 AT_V3C=1 → net=0.0$ صفقات=0 | 3919s
  927/1920 | AT_TRAIL=5.0 AT_STOP=0.8 AT_PB=864 AT_TRIG=12 AT_V3A=1 AT_V3B=1 AT_V3C=0 → net=0.0$ صفقات=0 | 3929s
  928/1920 | AT_TRAIL=5.0 AT_STOP=0.8 AT_PB=864 AT_TRIG=12 AT_V3A=1 AT_V3B=1 AT_V3C=1 → net=0.0$ صفقات=0 | 3940s
  929/1920 | AT_TRAIL=5.0 AT_STOP=0.8 AT_PB=864 AT_TRIG=24 AT_V3A=0 AT_V3B=0 AT_V3C=0 → net=172.4$ صفقات=35 | 3946s
  930/1920 | AT_TRAIL=5.0 AT_STOP=0.8 AT_PB=864 AT_TRIG=24 AT_V3A=0 AT_V3B=0 AT_V3C=1 → net=149.1$ صفقات=34 | 3953s
  931/1920 | AT_TRAIL=5.0 AT_STOP=0.8 AT_PB=864 AT_TRIG=24 AT_V3A=0 AT_V3B=1 AT_V3C=0 → net=172.4$ صفقات=35 | 3959s
  932/1920 | AT_TRAIL=5.0 AT_STOP=0.8 AT_PB=864 AT_TRIG=24 AT_V3A=0 AT_V3B=1 AT_V3C=1 → net=149.1$ صفقات=34 | 3966s
  933/1920 | AT_TRAIL=5.0 AT_STOP=0.8 AT_PB=864 AT_TRIG=24 AT_V3A=1 AT_V3B=0 AT_V3C=0 → net=0.0$ صفقات=0 | 3977s
  934/1920 | AT_TRAIL=5.0 AT_STOP=0.8 AT_PB=864 AT_TRIG=24 AT_V3A=1 AT_V3B=0 AT_V3C=1 → net=0.0$ صفقات=0 | 3987s
  935/1920 | AT_TRAIL=5.0 AT_STOP=0.8 AT_PB=864 AT_TRIG=24 AT_V3A=1 AT_V3B=1 AT_V3C=0 → net=0.0$ صفقات=0 | 3998s
  936/1920 | AT_TRAIL=5.0 AT_STOP=0.8 AT_PB=864 AT_TRIG=24 AT_V3A=1 AT_V3B=1 AT_V3C=1 → net=0.0$ صفقات=0 | 4008s
  937/1920 | AT_TRAIL=5.0 AT_STOP=0.8 AT_PB=1440 AT_TRIG=6 AT_V3A=0 AT_V3B=0 AT_V3C=0 → net=294.3$ صفقات=29 | 4015s
  938/1920 | AT_TRAIL=5.0 AT_STOP=0.8 AT_PB=1440 AT_TRIG=6 AT_V3A=0 AT_V3B=0 AT_V3C=1 → net=241.3$ صفقات=29 | 4022s
  939/1920 | AT_TRAIL=5.0 AT_STOP=0.8 AT_PB=1440 AT_TRIG=6 AT_V3A=0 AT_V3B=1 AT_V3C=0 → net=294.3$ صفقات=29 | 4029s
  940/1920 | AT_TRAIL=5.0 AT_STOP=0.8 AT_PB=1440 AT_TRIG=6 AT_V3A=0 AT_V3B=1 AT_V3C=1 → net=241.3$ صفقات=29 | 4035s
  941/1920 | AT_TRAIL=5.0 AT_STOP=0.8 AT_PB=1440 AT_TRIG=6 AT_V3A=1 AT_V3B=0 AT_V3C=0 → net=0.0$ صفقات=0 | 4046s
  942/1920 | AT_TRAIL=5.0 AT_STOP=0.8 AT_PB=1440 AT_TRIG=6 AT_V3A=1 AT_V3B=0 AT_V3C=1 → net=0.0$ صفقات=0 | 4057s
  943/1920 | AT_TRAIL=5.0 AT_STOP=0.8 AT_PB=1440 AT_TRIG=6 AT_V3A=1 AT_V3B=1 AT_V3C=0 → net=0.0$ صفقات=0 | 4067s
  944/1920 | AT_TRAIL=5.0 AT_STOP=0.8 AT_PB=1440 AT_TRIG=6 AT_V3A=1 AT_V3B=1 AT_V3C=1 → net=0.0$ صفقات=0 | 4078s
  945/1920 | AT_TRAIL=5.0 AT_STOP=0.8 AT_PB=1440 AT_TRIG=12 AT_V3A=0 AT_V3B=0 AT_V3C=0 → net=296.4$ صفقات=29 | 4085s
  946/1920 | AT_TRAIL=5.0 AT_STOP=0.8 AT_PB=1440 AT_TRIG=12 AT_V3A=0 AT_V3B=0 AT_V3C=1 → net=244.0$ صفقات=29 | 4092s
  947/1920 | AT_TRAIL=5.0 AT_STOP=0.8 AT_PB=1440 AT_TRIG=12 AT_V3A=0 AT_V3B=1 AT_V3C=0 → net=296.4$ صفقات=29 | 4099s
  948/1920 | AT_TRAIL=5.0 AT_STOP=0.8 AT_PB=1440 AT_TRIG=12 AT_V3A=0 AT_V3B=1 AT_V3C=1 → net=244.0$ صفقات=29 | 4106s
  949/1920 | AT_TRAIL=5.0 AT_STOP=0.8 AT_PB=1440 AT_TRIG=12 AT_V3A=1 AT_V3B=0 AT_V3C=0 → net=0.0$ صفقات=0 | 4117s
  950/1920 | AT_TRAIL=5.0 AT_STOP=0.8 AT_PB=1440 AT_TRIG=12 AT_V3A=1 AT_V3B=0 AT_V3C=1 → net=0.0$ صفقات=0 | 4127s
  951/1920 | AT_TRAIL=5.0 AT_STOP=0.8 AT_PB=1440 AT_TRIG=12 AT_V3A=1 AT_V3B=1 AT_V3C=0 → net=0.0$ صفقات=0 | 4138s
  952/1920 | AT_TRAIL=5.0 AT_STOP=0.8 AT_PB=1440 AT_TRIG=12 AT_V3A=1 AT_V3B=1 AT_V3C=1 → net=0.0$ صفقات=0 | 4149s
  953/1920 | AT_TRAIL=5.0 AT_STOP=0.8 AT_PB=1440 AT_TRIG=24 AT_V3A=0 AT_V3B=0 AT_V3C=0 → net=310.6$ صفقات=29 | 4156s
  954/1920 | AT_TRAIL=5.0 AT_STOP=0.8 AT_PB=1440 AT_TRIG=24 AT_V3A=0 AT_V3B=0 AT_V3C=1 → net=265.2$ صفقات=28 | 4163s
  955/1920 | AT_TRAIL=5.0 AT_STOP=0.8 AT_PB=1440 AT_TRIG=24 AT_V3A=0 AT_V3B=1 AT_V3C=0 → net=310.6$ صفقات=29 | 4170s
  956/1920 | AT_TRAIL=5.0 AT_STOP=0.8 AT_PB=1440 AT_TRIG=24 AT_V3A=0 AT_V3B=1 AT_V3C=1 → net=265.2$ صفقات=28 | 4178s
  957/1920 | AT_TRAIL=5.0 AT_STOP=0.8 AT_PB=1440 AT_TRIG=24 AT_V3A=1 AT_V3B=0 AT_V3C=0 → net=0.0$ صفقات=0 | 4188s
  958/1920 | AT_TRAIL=5.0 AT_STOP=0.8 AT_PB=1440 AT_TRIG=24 AT_V3A=1 AT_V3B=0 AT_V3C=1 → net=0.0$ صفقات=0 | 4199s
  959/1920 | AT_TRAIL=5.0 AT_STOP=0.8 AT_PB=1440 AT_TRIG=24 AT_V3A=1 AT_V3B=1 AT_V3C=0 → net=0.0$ صفقات=0 | 4209s
  960/1920 | AT_TRAIL=5.0 AT_STOP=0.8 AT_PB=1440 AT_TRIG=24 AT_V3A=1 AT_V3B=1 AT_V3C=1 → net=0.0$ صفقات=0 | 4220s
  961/1920 | AT_TRAIL=5.0 AT_STOP=1.2 AT_PB=288 AT_TRIG=6 AT_V3A=0 AT_V3B=0 AT_V3C=0 → net=-15.2$ صفقات=54 | 4226s
  962/1920 | AT_TRAIL=5.0 AT_STOP=1.2 AT_PB=288 AT_TRIG=6 AT_V3A=0 AT_V3B=0 AT_V3C=1 → net=29.2$ صفقات=50 | 4233s
  963/1920 | AT_TRAIL=5.0 AT_STOP=1.2 AT_PB=288 AT_TRIG=6 AT_V3A=0 AT_V3B=1 AT_V3C=0 → net=-15.2$ صفقات=54 | 4239s
  964/1920 | AT_TRAIL=5.0 AT_STOP=1.2 AT_PB=288 AT_TRIG=6 AT_V3A=0 AT_V3B=1 AT_V3C=1 → net=29.2$ صفقات=50 | 4246s
  965/1920 | AT_TRAIL=5.0 AT_STOP=1.2 AT_PB=288 AT_TRIG=6 AT_V3A=1 AT_V3B=0 AT_V3C=0 → net=0.0$ صفقات=0 | 4257s
  966/1920 | AT_TRAIL=5.0 AT_STOP=1.2 AT_PB=288 AT_TRIG=6 AT_V3A=1 AT_V3B=0 AT_V3C=1 → net=0.0$ صفقات=0 | 4267s
  967/1920 | AT_TRAIL=5.0 AT_STOP=1.2 AT_PB=288 AT_TRIG=6 AT_V3A=1 AT_V3B=1 AT_V3C=0 → net=0.0$ صفقات=0 | 4278s
  968/1920 | AT_TRAIL=5.0 AT_STOP=1.2 AT_PB=288 AT_TRIG=6 AT_V3A=1 AT_V3B=1 AT_V3C=1 → net=0.0$ صفقات=0 | 4289s
  969/1920 | AT_TRAIL=5.0 AT_STOP=1.2 AT_PB=288 AT_TRIG=12 AT_V3A=0 AT_V3B=0 AT_V3C=0 → net=18.1$ صفقات=52 | 4296s
  970/1920 | AT_TRAIL=5.0 AT_STOP=1.2 AT_PB=288 AT_TRIG=12 AT_V3A=0 AT_V3B=0 AT_V3C=1 → net=60.5$ صفقات=48 | 4302s
  971/1920 | AT_TRAIL=5.0 AT_STOP=1.2 AT_PB=288 AT_TRIG=12 AT_V3A=0 AT_V3B=1 AT_V3C=0 → net=18.1$ صفقات=52 | 4309s
  972/1920 | AT_TRAIL=5.0 AT_STOP=1.2 AT_PB=288 AT_TRIG=12 AT_V3A=0 AT_V3B=1 AT_V3C=1 → net=60.5$ صفقات=48 | 4316s
  973/1920 | AT_TRAIL=5.0 AT_STOP=1.2 AT_PB=288 AT_TRIG=12 AT_V3A=1 AT_V3B=0 AT_V3C=0 → net=0.0$ صفقات=0 | 4327s
  974/1920 | AT_TRAIL=5.0 AT_STOP=1.2 AT_PB=288 AT_TRIG=12 AT_V3A=1 AT_V3B=0 AT_V3C=1 → net=0.0$ صفقات=0 | 4337s
  975/1920 | AT_TRAIL=5.0 AT_STOP=1.2 AT_PB=288 AT_TRIG=12 AT_V3A=1 AT_V3B=1 AT_V3C=0 → net=0.0$ صفقات=0 | 4348s
  976/1920 | AT_TRAIL=5.0 AT_STOP=1.2 AT_PB=288 AT_TRIG=12 AT_V3A=1 AT_V3B=1 AT_V3C=1 → net=0.0$ صفقات=0 | 4358s
  977/1920 | AT_TRAIL=5.0 AT_STOP=1.2 AT_PB=288 AT_TRIG=24 AT_V3A=0 AT_V3B=0 AT_V3C=0 → net=62.8$ صفقات=52 | 4365s
  978/1920 | AT_TRAIL=5.0 AT_STOP=1.2 AT_PB=288 AT_TRIG=24 AT_V3A=0 AT_V3B=0 AT_V3C=1 → net=90.2$ صفقات=49 | 4372s
  979/1920 | AT_TRAIL=5.0 AT_STOP=1.2 AT_PB=288 AT_TRIG=24 AT_V3A=0 AT_V3B=1 AT_V3C=0 → net=62.8$ صفقات=52 | 4379s
  980/1920 | AT_TRAIL=5.0 AT_STOP=1.2 AT_PB=288 AT_TRIG=24 AT_V3A=0 AT_V3B=1 AT_V3C=1 → net=90.2$ صفقات=49 | 4386s
  981/1920 | AT_TRAIL=5.0 AT_STOP=1.2 AT_PB=288 AT_TRIG=24 AT_V3A=1 AT_V3B=0 AT_V3C=0 → net=0.0$ صفقات=0 | 4397s
  982/1920 | AT_TRAIL=5.0 AT_STOP=1.2 AT_PB=288 AT_TRIG=24 AT_V3A=1 AT_V3B=0 AT_V3C=1 → net=0.0$ صفقات=0 | 4408s
  983/1920 | AT_TRAIL=5.0 AT_STOP=1.2 AT_PB=288 AT_TRIG=24 AT_V3A=1 AT_V3B=1 AT_V3C=0 → net=0.0$ صفقات=0 | 4418s
  984/1920 | AT_TRAIL=5.0 AT_STOP=1.2 AT_PB=288 AT_TRIG=24 AT_V3A=1 AT_V3B=1 AT_V3C=1 → net=0.0$ صفقات=0 | 4428s
  985/1920 | AT_TRAIL=5.0 AT_STOP=1.2 AT_PB=576 AT_TRIG=6 AT_V3A=0 AT_V3B=0 AT_V3C=0 → net=66.0$ صفقات=36 | 4435s
  986/1920 | AT_TRAIL=5.0 AT_STOP=1.2 AT_PB=576 AT_TRIG=6 AT_V3A=0 AT_V3B=0 AT_V3C=1 → net=70.1$ صفقات=35 | 4441s
  987/1920 | AT_TRAIL=5.0 AT_STOP=1.2 AT_PB=576 AT_TRIG=6 AT_V3A=0 AT_V3B=1 AT_V3C=0 → net=66.0$ صفقات=36 | 4448s
  988/1920 | AT_TRAIL=5.0 AT_STOP=1.2 AT_PB=576 AT_TRIG=6 AT_V3A=0 AT_V3B=1 AT_V3C=1 → net=70.1$ صفقات=35 | 4454s
  989/1920 | AT_TRAIL=5.0 AT_STOP=1.2 AT_PB=576 AT_TRIG=6 AT_V3A=1 AT_V3B=0 AT_V3C=0 → net=0.0$ صفقات=0 | 4465s
  990/1920 | AT_TRAIL=5.0 AT_STOP=1.2 AT_PB=576 AT_TRIG=6 AT_V3A=1 AT_V3B=0 AT_V3C=1 → net=0.0$ صفقات=0 | 4476s
  991/1920 | AT_TRAIL=5.0 AT_STOP=1.2 AT_PB=576 AT_TRIG=6 AT_V3A=1 AT_V3B=1 AT_V3C=0 → net=0.0$ صفقات=0 | 4487s
  992/1920 | AT_TRAIL=5.0 AT_STOP=1.2 AT_PB=576 AT_TRIG=6 AT_V3A=1 AT_V3B=1 AT_V3C=1 → net=0.0$ صفقات=0 | 4497s
  993/1920 | AT_TRAIL=5.0 AT_STOP=1.2 AT_PB=576 AT_TRIG=12 AT_V3A=0 AT_V3B=0 AT_V3C=0 → net=62.4$ صفقات=36 | 4504s
  994/1920 | AT_TRAIL=5.0 AT_STOP=1.2 AT_PB=576 AT_TRIG=12 AT_V3A=0 AT_V3B=0 AT_V3C=1 → net=79.1$ صفقات=34 | 4510s
  995/1920 | AT_TRAIL=5.0 AT_STOP=1.2 AT_PB=576 AT_TRIG=12 AT_V3A=0 AT_V3B=1 AT_V3C=0 → net=62.4$ صفقات=36 | 4517s
  996/1920 | AT_TRAIL=5.0 AT_STOP=1.2 AT_PB=576 AT_TRIG=12 AT_V3A=0 AT_V3B=1 AT_V3C=1 → net=79.1$ صفقات=34 | 4523s
  997/1920 | AT_TRAIL=5.0 AT_STOP=1.2 AT_PB=576 AT_TRIG=12 AT_V3A=1 AT_V3B=0 AT_V3C=0 → net=0.0$ صفقات=0 | 4534s
  998/1920 | AT_TRAIL=5.0 AT_STOP=1.2 AT_PB=576 AT_TRIG=12 AT_V3A=1 AT_V3B=0 AT_V3C=1 → net=0.0$ صفقات=0 | 4544s
  999/1920 | AT_TRAIL=5.0 AT_STOP=1.2 AT_PB=576 AT_TRIG=12 AT_V3A=1 AT_V3B=1 AT_V3C=0 → net=0.0$ صفقات=0 | 4555s
  1000/1920 | AT_TRAIL=5.0 AT_STOP=1.2 AT_PB=576 AT_TRIG=12 AT_V3A=1 AT_V3B=1 AT_V3C=1 → net=0.0$ صفقات=0 | 4566s
  1001/1920 | AT_TRAIL=5.0 AT_STOP=1.2 AT_PB=576 AT_TRIG=24 AT_V3A=0 AT_V3B=0 AT_V3C=0 → net=-7.6$ صفقات=41 | 4573s
  1002/1920 | AT_TRAIL=5.0 AT_STOP=1.2 AT_PB=576 AT_TRIG=24 AT_V3A=0 AT_V3B=0 AT_V3C=1 → net=3.3$ صفقات=39 | 4579s
  1003/1920 | AT_TRAIL=5.0 AT_STOP=1.2 AT_PB=576 AT_TRIG=24 AT_V3A=0 AT_V3B=1 AT_V3C=0 → net=-7.6$ صفقات=41 | 4586s
  1004/1920 | AT_TRAIL=5.0 AT_STOP=1.2 AT_PB=576 AT_TRIG=24 AT_V3A=0 AT_V3B=1 AT_V3C=1 → net=3.3$ صفقات=39 | 4593s
  1005/1920 | AT_TRAIL=5.0 AT_STOP=1.2 AT_PB=576 AT_TRIG=24 AT_V3A=1 AT_V3B=0 AT_V3C=0 → net=0.0$ صفقات=0 | 4603s
  1006/1920 | AT_TRAIL=5.0 AT_STOP=1.2 AT_PB=576 AT_TRIG=24 AT_V3A=1 AT_V3B=0 AT_V3C=1 → net=0.0$ صفقات=0 | 4614s
  1007/1920 | AT_TRAIL=5.0 AT_STOP=1.2 AT_PB=576 AT_TRIG=24 AT_V3A=1 AT_V3B=1 AT_V3C=0 → net=0.0$ صفقات=0 | 4624s
  1008/1920 | AT_TRAIL=5.0 AT_STOP=1.2 AT_PB=576 AT_TRIG=24 AT_V3A=1 AT_V3B=1 AT_V3C=1 → net=0.0$ صفقات=0 | 4635s
  1009/1920 | AT_TRAIL=5.0 AT_STOP=1.2 AT_PB=864 AT_TRIG=6 AT_V3A=0 AT_V3B=0 AT_V3C=0 → net=178.8$ صفقات=35 | 4641s
  1010/1920 | AT_TRAIL=5.0 AT_STOP=1.2 AT_PB=864 AT_TRIG=6 AT_V3A=0 AT_V3B=0 AT_V3C=1 → net=144.9$ صفقات=35 | 4648s
  1011/1920 | AT_TRAIL=5.0 AT_STOP=1.2 AT_PB=864 AT_TRIG=6 AT_V3A=0 AT_V3B=1 AT_V3C=0 → net=178.8$ صفقات=35 | 4655s
  1012/1920 | AT_TRAIL=5.0 AT_STOP=1.2 AT_PB=864 AT_TRIG=6 AT_V3A=0 AT_V3B=1 AT_V3C=1 → net=144.9$ صفقات=35 | 4661s
  1013/1920 | AT_TRAIL=5.0 AT_STOP=1.2 AT_PB=864 AT_TRIG=6 AT_V3A=1 AT_V3B=0 AT_V3C=0 → net=0.0$ صفقات=0 | 4672s
  1014/1920 | AT_TRAIL=5.0 AT_STOP=1.2 AT_PB=864 AT_TRIG=6 AT_V3A=1 AT_V3B=0 AT_V3C=1 → net=0.0$ صفقات=0 | 4683s
  1015/1920 | AT_TRAIL=5.0 AT_STOP=1.2 AT_PB=864 AT_TRIG=6 AT_V3A=1 AT_V3B=1 AT_V3C=0 → net=0.0$ صفقات=0 | 4693s
  1016/1920 | AT_TRAIL=5.0 AT_STOP=1.2 AT_PB=864 AT_TRIG=6 AT_V3A=1 AT_V3B=1 AT_V3C=1 → net=0.0$ صفقات=0 | 4704s
  1017/1920 | AT_TRAIL=5.0 AT_STOP=1.2 AT_PB=864 AT_TRIG=12 AT_V3A=0 AT_V3B=0 AT_V3C=0 → net=175.0$ صفقات=35 | 4710s
  1018/1920 | AT_TRAIL=5.0 AT_STOP=1.2 AT_PB=864 AT_TRIG=12 AT_V3A=0 AT_V3B=0 AT_V3C=1 → net=145.0$ صفقات=35 | 4717s
  1019/1920 | AT_TRAIL=5.0 AT_STOP=1.2 AT_PB=864 AT_TRIG=12 AT_V3A=0 AT_V3B=1 AT_V3C=0 → net=175.0$ صفقات=35 | 4724s
  1020/1920 | AT_TRAIL=5.0 AT_STOP=1.2 AT_PB=864 AT_TRIG=12 AT_V3A=0 AT_V3B=1 AT_V3C=1 → net=145.0$ صفقات=35 | 4730s
  1021/1920 | AT_TRAIL=5.0 AT_STOP=1.2 AT_PB=864 AT_TRIG=12 AT_V3A=1 AT_V3B=0 AT_V3C=0 → net=0.0$ صفقات=0 | 4741s
  1022/1920 | AT_TRAIL=5.0 AT_STOP=1.2 AT_PB=864 AT_TRIG=12 AT_V3A=1 AT_V3B=0 AT_V3C=1 → net=0.0$ صفقات=0 | 4752s
  1023/1920 | AT_TRAIL=5.0 AT_STOP=1.2 AT_PB=864 AT_TRIG=12 AT_V3A=1 AT_V3B=1 AT_V3C=0 → net=0.0$ صفقات=0 | 4762s
  1024/1920 | AT_TRAIL=5.0 AT_STOP=1.2 AT_PB=864 AT_TRIG=12 AT_V3A=1 AT_V3B=1 AT_V3C=1 → net=0.0$ صفقات=0 | 4773s
  1025/1920 | AT_TRAIL=5.0 AT_STOP=1.2 AT_PB=864 AT_TRIG=24 AT_V3A=0 AT_V3B=0 AT_V3C=0 → net=171.1$ صفقات=35 | 4780s
  1026/1920 | AT_TRAIL=5.0 AT_STOP=1.2 AT_PB=864 AT_TRIG=24 AT_V3A=0 AT_V3B=0 AT_V3C=1 → net=145.6$ صفقات=34 | 4787s
  1027/1920 | AT_TRAIL=5.0 AT_STOP=1.2 AT_PB=864 AT_TRIG=24 AT_V3A=0 AT_V3B=1 AT_V3C=0 → net=171.1$ صفقات=35 | 4793s
  1028/1920 | AT_TRAIL=5.0 AT_STOP=1.2 AT_PB=864 AT_TRIG=24 AT_V3A=0 AT_V3B=1 AT_V3C=1 → net=145.6$ صفقات=34 | 4800s
  1029/1920 | AT_TRAIL=5.0 AT_STOP=1.2 AT_PB=864 AT_TRIG=24 AT_V3A=1 AT_V3B=0 AT_V3C=0 → net=0.0$ صفقات=0 | 4811s
  1030/1920 | AT_TRAIL=5.0 AT_STOP=1.2 AT_PB=864 AT_TRIG=24 AT_V3A=1 AT_V3B=0 AT_V3C=1 → net=0.0$ صفقات=0 | 4821s
  1031/1920 | AT_TRAIL=5.0 AT_STOP=1.2 AT_PB=864 AT_TRIG=24 AT_V3A=1 AT_V3B=1 AT_V3C=0 → net=0.0$ صفقات=0 | 4832s
  1032/1920 | AT_TRAIL=5.0 AT_STOP=1.2 AT_PB=864 AT_TRIG=24 AT_V3A=1 AT_V3B=1 AT_V3C=1 → net=0.0$ صفقات=0 | 4843s
  1033/1920 | AT_TRAIL=5.0 AT_STOP=1.2 AT_PB=1440 AT_TRIG=6 AT_V3A=0 AT_V3B=0 AT_V3C=0 → net=307.7$ صفقات=28 | 4850s
  1034/1920 | AT_TRAIL=5.0 AT_STOP=1.2 AT_PB=1440 AT_TRIG=6 AT_V3A=0 AT_V3B=0 AT_V3C=1 → net=253.5$ صفقات=28 | 4857s
  1035/1920 | AT_TRAIL=5.0 AT_STOP=1.2 AT_PB=1440 AT_TRIG=6 AT_V3A=0 AT_V3B=1 AT_V3C=0 → net=307.7$ صفقات=28 | 4863s
  1036/1920 | AT_TRAIL=5.0 AT_STOP=1.2 AT_PB=1440 AT_TRIG=6 AT_V3A=0 AT_V3B=1 AT_V3C=1 → net=253.5$ صفقات=28 | 4871s
  1037/1920 | AT_TRAIL=5.0 AT_STOP=1.2 AT_PB=1440 AT_TRIG=6 AT_V3A=1 AT_V3B=0 AT_V3C=0 → net=0.0$ صفقات=0 | 4881s
  1038/1920 | AT_TRAIL=5.0 AT_STOP=1.2 AT_PB=1440 AT_TRIG=6 AT_V3A=1 AT_V3B=0 AT_V3C=1 → net=0.0$ صفقات=0 | 4892s
  1039/1920 | AT_TRAIL=5.0 AT_STOP=1.2 AT_PB=1440 AT_TRIG=6 AT_V3A=1 AT_V3B=1 AT_V3C=0 → net=0.0$ صفقات=0 | 4902s
  1040/1920 | AT_TRAIL=5.0 AT_STOP=1.2 AT_PB=1440 AT_TRIG=6 AT_V3A=1 AT_V3B=1 AT_V3C=1 → net=0.0$ صفقات=0 | 4913s
  1041/1920 | AT_TRAIL=5.0 AT_STOP=1.2 AT_PB=1440 AT_TRIG=12 AT_V3A=0 AT_V3B=0 AT_V3C=0 → net=309.7$ صفقات=28 | 4920s
  1042/1920 | AT_TRAIL=5.0 AT_STOP=1.2 AT_PB=1440 AT_TRIG=12 AT_V3A=0 AT_V3B=0 AT_V3C=1 → net=256.3$ صفقات=28 | 4927s
  1043/1920 | AT_TRAIL=5.0 AT_STOP=1.2 AT_PB=1440 AT_TRIG=12 AT_V3A=0 AT_V3B=1 AT_V3C=0 → net=309.7$ صفقات=28 | 4933s
  1044/1920 | AT_TRAIL=5.0 AT_STOP=1.2 AT_PB=1440 AT_TRIG=12 AT_V3A=0 AT_V3B=1 AT_V3C=1 → net=256.3$ صفقات=28 | 4940s
  1045/1920 | AT_TRAIL=5.0 AT_STOP=1.2 AT_PB=1440 AT_TRIG=12 AT_V3A=1 AT_V3B=0 AT_V3C=0 → net=0.0$ صفقات=0 | 4951s
  1046/1920 | AT_TRAIL=5.0 AT_STOP=1.2 AT_PB=1440 AT_TRIG=12 AT_V3A=1 AT_V3B=0 AT_V3C=1 → net=0.0$ صفقات=0 | 4961s
  1047/1920 | AT_TRAIL=5.0 AT_STOP=1.2 AT_PB=1440 AT_TRIG=12 AT_V3A=1 AT_V3B=1 AT_V3C=0 → net=0.0$ صفقات=0 | 4972s
  1048/1920 | AT_TRAIL=5.0 AT_STOP=1.2 AT_PB=1440 AT_TRIG=12 AT_V3A=1 AT_V3B=1 AT_V3C=1 → net=0.0$ صفقات=0 | 4982s
  1049/1920 | AT_TRAIL=5.0 AT_STOP=1.2 AT_PB=1440 AT_TRIG=24 AT_V3A=0 AT_V3B=0 AT_V3C=0 → net=311.2$ صفقات=29 | 4989s
  1050/1920 | AT_TRAIL=5.0 AT_STOP=1.2 AT_PB=1440 AT_TRIG=24 AT_V3A=0 AT_V3B=0 AT_V3C=1 → net=265.8$ صفقات=28 | 4996s
  1051/1920 | AT_TRAIL=5.0 AT_STOP=1.2 AT_PB=1440 AT_TRIG=24 AT_V3A=0 AT_V3B=1 AT_V3C=0 → net=311.2$ صفقات=29 | 5003s
  1052/1920 | AT_TRAIL=5.0 AT_STOP=1.2 AT_PB=1440 AT_TRIG=24 AT_V3A=0 AT_V3B=1 AT_V3C=1 → net=265.8$ صفقات=28 | 5010s
  1053/1920 | AT_TRAIL=5.0 AT_STOP=1.2 AT_PB=1440 AT_TRIG=24 AT_V3A=1 AT_V3B=0 AT_V3C=0 → net=0.0$ صفقات=0 | 5020s
  1054/1920 | AT_TRAIL=5.0 AT_STOP=1.2 AT_PB=1440 AT_TRIG=24 AT_V3A=1 AT_V3B=0 AT_V3C=1 → net=0.0$ صفقات=0 | 5031s
  1055/1920 | AT_TRAIL=5.0 AT_STOP=1.2 AT_PB=1440 AT_TRIG=24 AT_V3A=1 AT_V3B=1 AT_V3C=0 → net=0.0$ صفقات=0 | 5042s
  1056/1920 | AT_TRAIL=5.0 AT_STOP=1.2 AT_PB=1440 AT_TRIG=24 AT_V3A=1 AT_V3B=1 AT_V3C=1 → net=0.0$ صفقات=0 | 5052s
  1057/1920 | AT_TRAIL=5.0 AT_STOP=1.6 AT_PB=288 AT_TRIG=6 AT_V3A=0 AT_V3B=0 AT_V3C=0 → net=-22.9$ صفقات=53 | 5059s
  1058/1920 | AT_TRAIL=5.0 AT_STOP=1.6 AT_PB=288 AT_TRIG=6 AT_V3A=0 AT_V3B=0 AT_V3C=1 → net=9.5$ صفقات=50 | 5066s
  1059/1920 | AT_TRAIL=5.0 AT_STOP=1.6 AT_PB=288 AT_TRIG=6 AT_V3A=0 AT_V3B=1 AT_V3C=0 → net=-22.9$ صفقات=53 | 5072s
  1060/1920 | AT_TRAIL=5.0 AT_STOP=1.6 AT_PB=288 AT_TRIG=6 AT_V3A=0 AT_V3B=1 AT_V3C=1 → net=9.5$ صفقات=50 | 5079s
  1061/1920 | AT_TRAIL=5.0 AT_STOP=1.6 AT_PB=288 AT_TRIG=6 AT_V3A=1 AT_V3B=0 AT_V3C=0 → net=0.0$ صفقات=0 | 5089s
  1062/1920 | AT_TRAIL=5.0 AT_STOP=1.6 AT_PB=288 AT_TRIG=6 AT_V3A=1 AT_V3B=0 AT_V3C=1 → net=0.0$ صفقات=0 | 5099s
  1063/1920 | AT_TRAIL=5.0 AT_STOP=1.6 AT_PB=288 AT_TRIG=6 AT_V3A=1 AT_V3B=1 AT_V3C=0 → net=0.0$ صفقات=0 | 5110s
  1064/1920 | AT_TRAIL=5.0 AT_STOP=1.6 AT_PB=288 AT_TRIG=6 AT_V3A=1 AT_V3B=1 AT_V3C=1 → net=0.0$ صفقات=0 | 5120s
  1065/1920 | AT_TRAIL=5.0 AT_STOP=1.6 AT_PB=288 AT_TRIG=12 AT_V3A=0 AT_V3B=0 AT_V3C=0 → net=19.7$ صفقات=51 | 5127s
  1066/1920 | AT_TRAIL=5.0 AT_STOP=1.6 AT_PB=288 AT_TRIG=12 AT_V3A=0 AT_V3B=0 AT_V3C=1 → net=52.7$ صفقات=48 | 5133s
  1067/1920 | AT_TRAIL=5.0 AT_STOP=1.6 AT_PB=288 AT_TRIG=12 AT_V3A=0 AT_V3B=1 AT_V3C=0 → net=19.7$ صفقات=51 | 5140s
  1068/1920 | AT_TRAIL=5.0 AT_STOP=1.6 AT_PB=288 AT_TRIG=12 AT_V3A=0 AT_V3B=1 AT_V3C=1 → net=52.7$ صفقات=48 | 5146s
  1069/1920 | AT_TRAIL=5.0 AT_STOP=1.6 AT_PB=288 AT_TRIG=12 AT_V3A=1 AT_V3B=0 AT_V3C=0 → net=0.0$ صفقات=0 | 5156s
  1070/1920 | AT_TRAIL=5.0 AT_STOP=1.6 AT_PB=288 AT_TRIG=12 AT_V3A=1 AT_V3B=0 AT_V3C=1 → net=0.0$ صفقات=0 | 5166s
  1071/1920 | AT_TRAIL=5.0 AT_STOP=1.6 AT_PB=288 AT_TRIG=12 AT_V3A=1 AT_V3B=1 AT_V3C=0 → net=0.0$ صفقات=0 | 5177s
  1072/1920 | AT_TRAIL=5.0 AT_STOP=1.6 AT_PB=288 AT_TRIG=12 AT_V3A=1 AT_V3B=1 AT_V3C=1 → net=0.0$ صفقات=0 | 5187s
  1073/1920 | AT_TRAIL=5.0 AT_STOP=1.6 AT_PB=288 AT_TRIG=24 AT_V3A=0 AT_V3B=0 AT_V3C=0 → net=77.5$ صفقات=50 | 5194s
  1074/1920 | AT_TRAIL=5.0 AT_STOP=1.6 AT_PB=288 AT_TRIG=24 AT_V3A=0 AT_V3B=0 AT_V3C=1 → net=104.7$ صفقات=47 | 5201s
  1075/1920 | AT_TRAIL=5.0 AT_STOP=1.6 AT_PB=288 AT_TRIG=24 AT_V3A=0 AT_V3B=1 AT_V3C=0 → net=77.5$ صفقات=50 | 5207s
  1076/1920 | AT_TRAIL=5.0 AT_STOP=1.6 AT_PB=288 AT_TRIG=24 AT_V3A=0 AT_V3B=1 AT_V3C=1 → net=104.7$ صفقات=47 | 5215s
  1077/1920 | AT_TRAIL=5.0 AT_STOP=1.6 AT_PB=288 AT_TRIG=24 AT_V3A=1 AT_V3B=0 AT_V3C=0 → net=0.0$ صفقات=0 | 5225s
  1078/1920 | AT_TRAIL=5.0 AT_STOP=1.6 AT_PB=288 AT_TRIG=24 AT_V3A=1 AT_V3B=0 AT_V3C=1 → net=0.0$ صفقات=0 | 5236s
  1079/1920 | AT_TRAIL=5.0 AT_STOP=1.6 AT_PB=288 AT_TRIG=24 AT_V3A=1 AT_V3B=1 AT_V3C=0 → net=0.0$ صفقات=0 | 5246s
  1080/1920 | AT_TRAIL=5.0 AT_STOP=1.6 AT_PB=288 AT_TRIG=24 AT_V3A=1 AT_V3B=1 AT_V3C=1 → net=0.0$ صفقات=0 | 5256s
  1081/1920 | AT_TRAIL=5.0 AT_STOP=1.6 AT_PB=576 AT_TRIG=6 AT_V3A=0 AT_V3B=0 AT_V3C=0 → net=65.9$ صفقات=36 | 5262s
  1082/1920 | AT_TRAIL=5.0 AT_STOP=1.6 AT_PB=576 AT_TRIG=6 AT_V3A=0 AT_V3B=0 AT_V3C=1 → net=70.0$ صفقات=35 | 5269s
  1083/1920 | AT_TRAIL=5.0 AT_STOP=1.6 AT_PB=576 AT_TRIG=6 AT_V3A=0 AT_V3B=1 AT_V3C=0 → net=65.9$ صفقات=36 | 5275s
  1084/1920 | AT_TRAIL=5.0 AT_STOP=1.6 AT_PB=576 AT_TRIG=6 AT_V3A=0 AT_V3B=1 AT_V3C=1 → net=70.0$ صفقات=35 | 5281s
  1085/1920 | AT_TRAIL=5.0 AT_STOP=1.6 AT_PB=576 AT_TRIG=6 AT_V3A=1 AT_V3B=0 AT_V3C=0 → net=0.0$ صفقات=0 | 5291s
  1086/1920 | AT_TRAIL=5.0 AT_STOP=1.6 AT_PB=576 AT_TRIG=6 AT_V3A=1 AT_V3B=0 AT_V3C=1 → net=0.0$ صفقات=0 | 5302s
  1087/1920 | AT_TRAIL=5.0 AT_STOP=1.6 AT_PB=576 AT_TRIG=6 AT_V3A=1 AT_V3B=1 AT_V3C=0 → net=0.0$ صفقات=0 | 5312s
  1088/1920 | AT_TRAIL=5.0 AT_STOP=1.6 AT_PB=576 AT_TRIG=6 AT_V3A=1 AT_V3B=1 AT_V3C=1 → net=0.0$ صفقات=0 | 5323s
  1089/1920 | AT_TRAIL=5.0 AT_STOP=1.6 AT_PB=576 AT_TRIG=12 AT_V3A=0 AT_V3B=0 AT_V3C=0 → net=62.3$ صفقات=36 | 5329s
  1090/1920 | AT_TRAIL=5.0 AT_STOP=1.6 AT_PB=576 AT_TRIG=12 AT_V3A=0 AT_V3B=0 AT_V3C=1 → net=79.0$ صفقات=34 | 5335s
  1091/1920 | AT_TRAIL=5.0 AT_STOP=1.6 AT_PB=576 AT_TRIG=12 AT_V3A=0 AT_V3B=1 AT_V3C=0 → net=62.3$ صفقات=36 | 5341s
  1092/1920 | AT_TRAIL=5.0 AT_STOP=1.6 AT_PB=576 AT_TRIG=12 AT_V3A=0 AT_V3B=1 AT_V3C=1 → net=79.0$ صفقات=34 | 5348s
  1093/1920 | AT_TRAIL=5.0 AT_STOP=1.6 AT_PB=576 AT_TRIG=12 AT_V3A=1 AT_V3B=0 AT_V3C=0 → net=0.0$ صفقات=0 | 5358s
  1094/1920 | AT_TRAIL=5.0 AT_STOP=1.6 AT_PB=576 AT_TRIG=12 AT_V3A=1 AT_V3B=0 AT_V3C=1 → net=0.0$ صفقات=0 | 5368s
  1095/1920 | AT_TRAIL=5.0 AT_STOP=1.6 AT_PB=576 AT_TRIG=12 AT_V3A=1 AT_V3B=1 AT_V3C=0 → net=0.0$ صفقات=0 | 5379s
  1096/1920 | AT_TRAIL=5.0 AT_STOP=1.6 AT_PB=576 AT_TRIG=12 AT_V3A=1 AT_V3B=1 AT_V3C=1 → net=0.0$ صفقات=0 | 5389s
  1097/1920 | AT_TRAIL=5.0 AT_STOP=1.6 AT_PB=576 AT_TRIG=24 AT_V3A=0 AT_V3B=0 AT_V3C=0 → net=-7.8$ صفقات=41 | 5396s
  1098/1920 | AT_TRAIL=5.0 AT_STOP=1.6 AT_PB=576 AT_TRIG=24 AT_V3A=0 AT_V3B=0 AT_V3C=1 → net=3.2$ صفقات=39 | 5402s
  1099/1920 | AT_TRAIL=5.0 AT_STOP=1.6 AT_PB=576 AT_TRIG=24 AT_V3A=0 AT_V3B=1 AT_V3C=0 → net=-7.8$ صفقات=41 | 5409s
  1100/1920 | AT_TRAIL=5.0 AT_STOP=1.6 AT_PB=576 AT_TRIG=24 AT_V3A=0 AT_V3B=1 AT_V3C=1 → net=3.2$ صفقات=39 | 5416s
  1101/1920 | AT_TRAIL=5.0 AT_STOP=1.6 AT_PB=576 AT_TRIG=24 AT_V3A=1 AT_V3B=0 AT_V3C=0 → net=0.0$ صفقات=0 | 5426s
  1102/1920 | AT_TRAIL=5.0 AT_STOP=1.6 AT_PB=576 AT_TRIG=24 AT_V3A=1 AT_V3B=0 AT_V3C=1 → net=0.0$ صفقات=0 | 5436s
  1103/1920 | AT_TRAIL=5.0 AT_STOP=1.6 AT_PB=576 AT_TRIG=24 AT_V3A=1 AT_V3B=1 AT_V3C=0 → net=0.0$ صفقات=0 | 5447s
  1104/1920 | AT_TRAIL=5.0 AT_STOP=1.6 AT_PB=576 AT_TRIG=24 AT_V3A=1 AT_V3B=1 AT_V3C=1 → net=0.0$ صفقات=0 | 5458s
  1105/1920 | AT_TRAIL=5.0 AT_STOP=1.6 AT_PB=864 AT_TRIG=6 AT_V3A=0 AT_V3B=0 AT_V3C=0 → net=171.2$ صفقات=35 | 5465s
  1106/1920 | AT_TRAIL=5.0 AT_STOP=1.6 AT_PB=864 AT_TRIG=6 AT_V3A=0 AT_V3B=0 AT_V3C=1 → net=137.4$ صفقات=35 | 5472s
  1107/1920 | AT_TRAIL=5.0 AT_STOP=1.6 AT_PB=864 AT_TRIG=6 AT_V3A=0 AT_V3B=1 AT_V3C=0 → net=171.2$ صفقات=35 | 5478s
  1108/1920 | AT_TRAIL=5.0 AT_STOP=1.6 AT_PB=864 AT_TRIG=6 AT_V3A=0 AT_V3B=1 AT_V3C=1 → net=137.4$ صفقات=35 | 5485s
  1109/1920 | AT_TRAIL=5.0 AT_STOP=1.6 AT_PB=864 AT_TRIG=6 AT_V3A=1 AT_V3B=0 AT_V3C=0 → net=0.0$ صفقات=0 | 5496s
  1110/1920 | AT_TRAIL=5.0 AT_STOP=1.6 AT_PB=864 AT_TRIG=6 AT_V3A=1 AT_V3B=0 AT_V3C=1 → net=0.0$ صفقات=0 | 5506s
  1111/1920 | AT_TRAIL=5.0 AT_STOP=1.6 AT_PB=864 AT_TRIG=6 AT_V3A=1 AT_V3B=1 AT_V3C=0 → net=0.0$ صفقات=0 | 5517s
  1112/1920 | AT_TRAIL=5.0 AT_STOP=1.6 AT_PB=864 AT_TRIG=6 AT_V3A=1 AT_V3B=1 AT_V3C=1 → net=0.0$ صفقات=0 | 5528s
  1113/1920 | AT_TRAIL=5.0 AT_STOP=1.6 AT_PB=864 AT_TRIG=12 AT_V3A=0 AT_V3B=0 AT_V3C=0 → net=166.9$ صفقات=35 | 5534s
  1114/1920 | AT_TRAIL=5.0 AT_STOP=1.6 AT_PB=864 AT_TRIG=12 AT_V3A=0 AT_V3B=0 AT_V3C=1 → net=136.9$ صفقات=35 | 5542s
  1115/1920 | AT_TRAIL=5.0 AT_STOP=1.6 AT_PB=864 AT_TRIG=12 AT_V3A=0 AT_V3B=1 AT_V3C=0 → net=166.9$ صفقات=35 | 5548s
  1116/1920 | AT_TRAIL=5.0 AT_STOP=1.6 AT_PB=864 AT_TRIG=12 AT_V3A=0 AT_V3B=1 AT_V3C=1 → net=136.9$ صفقات=35 | 5555s
  1117/1920 | AT_TRAIL=5.0 AT_STOP=1.6 AT_PB=864 AT_TRIG=12 AT_V3A=1 AT_V3B=0 AT_V3C=0 → net=0.0$ صفقات=0 | 5566s
  1118/1920 | AT_TRAIL=5.0 AT_STOP=1.6 AT_PB=864 AT_TRIG=12 AT_V3A=1 AT_V3B=0 AT_V3C=1 → net=0.0$ صفقات=0 | 5576s
  1119/1920 | AT_TRAIL=5.0 AT_STOP=1.6 AT_PB=864 AT_TRIG=12 AT_V3A=1 AT_V3B=1 AT_V3C=0 → net=0.0$ صفقات=0 | 5587s
  1120/1920 | AT_TRAIL=5.0 AT_STOP=1.6 AT_PB=864 AT_TRIG=12 AT_V3A=1 AT_V3B=1 AT_V3C=1 → net=0.0$ صفقات=0 | 5598s
  1121/1920 | AT_TRAIL=5.0 AT_STOP=1.6 AT_PB=864 AT_TRIG=24 AT_V3A=0 AT_V3B=0 AT_V3C=0 → net=163.4$ صفقات=35 | 5604s
  1122/1920 | AT_TRAIL=5.0 AT_STOP=1.6 AT_PB=864 AT_TRIG=24 AT_V3A=0 AT_V3B=0 AT_V3C=1 → net=142.2$ صفقات=34 | 5611s
  1123/1920 | AT_TRAIL=5.0 AT_STOP=1.6 AT_PB=864 AT_TRIG=24 AT_V3A=0 AT_V3B=1 AT_V3C=0 → net=163.4$ صفقات=35 | 5618s
  1124/1920 | AT_TRAIL=5.0 AT_STOP=1.6 AT_PB=864 AT_TRIG=24 AT_V3A=0 AT_V3B=1 AT_V3C=1 → net=142.2$ صفقات=34 | 5624s
  1125/1920 | AT_TRAIL=5.0 AT_STOP=1.6 AT_PB=864 AT_TRIG=24 AT_V3A=1 AT_V3B=0 AT_V3C=0 → net=0.0$ صفقات=0 | 5635s
  1126/1920 | AT_TRAIL=5.0 AT_STOP=1.6 AT_PB=864 AT_TRIG=24 AT_V3A=1 AT_V3B=0 AT_V3C=1 → net=0.0$ صفقات=0 | 5646s
  1127/1920 | AT_TRAIL=5.0 AT_STOP=1.6 AT_PB=864 AT_TRIG=24 AT_V3A=1 AT_V3B=1 AT_V3C=0 → net=0.0$ صفقات=0 | 5656s
  1128/1920 | AT_TRAIL=5.0 AT_STOP=1.6 AT_PB=864 AT_TRIG=24 AT_V3A=1 AT_V3B=1 AT_V3C=1 → net=0.0$ صفقات=0 | 5667s
  1129/1920 | AT_TRAIL=5.0 AT_STOP=1.6 AT_PB=1440 AT_TRIG=6 AT_V3A=0 AT_V3B=0 AT_V3C=0 → net=302.2$ صفقات=28 | 5674s
  1130/1920 | AT_TRAIL=5.0 AT_STOP=1.6 AT_PB=1440 AT_TRIG=6 AT_V3A=0 AT_V3B=0 AT_V3C=1 → net=248.6$ صفقات=28 | 5681s
  1131/1920 | AT_TRAIL=5.0 AT_STOP=1.6 AT_PB=1440 AT_TRIG=6 AT_V3A=0 AT_V3B=1 AT_V3C=0 → net=302.2$ صفقات=28 | 5687s
  1132/1920 | AT_TRAIL=5.0 AT_STOP=1.6 AT_PB=1440 AT_TRIG=6 AT_V3A=0 AT_V3B=1 AT_V3C=1 → net=248.6$ صفقات=28 | 5694s
  1133/1920 | AT_TRAIL=5.0 AT_STOP=1.6 AT_PB=1440 AT_TRIG=6 AT_V3A=1 AT_V3B=0 AT_V3C=0 → net=0.0$ صفقات=0 | 5705s
  1134/1920 | AT_TRAIL=5.0 AT_STOP=1.6 AT_PB=1440 AT_TRIG=6 AT_V3A=1 AT_V3B=0 AT_V3C=1 → net=0.0$ صفقات=0 | 5716s
  1135/1920 | AT_TRAIL=5.0 AT_STOP=1.6 AT_PB=1440 AT_TRIG=6 AT_V3A=1 AT_V3B=1 AT_V3C=0 → net=0.0$ صفقات=0 | 5726s
  1136/1920 | AT_TRAIL=5.0 AT_STOP=1.6 AT_PB=1440 AT_TRIG=6 AT_V3A=1 AT_V3B=1 AT_V3C=1 → net=0.0$ صفقات=0 | 5737s
  1137/1920 | AT_TRAIL=5.0 AT_STOP=1.6 AT_PB=1440 AT_TRIG=12 AT_V3A=0 AT_V3B=0 AT_V3C=0 → net=304.2$ صفقات=28 | 5743s
  1138/1920 | AT_TRAIL=5.0 AT_STOP=1.6 AT_PB=1440 AT_TRIG=12 AT_V3A=0 AT_V3B=0 AT_V3C=1 → net=251.3$ صفقات=28 | 5750s
  1139/1920 | AT_TRAIL=5.0 AT_STOP=1.6 AT_PB=1440 AT_TRIG=12 AT_V3A=0 AT_V3B=1 AT_V3C=0 → net=304.2$ صفقات=28 | 5757s
  1140/1920 | AT_TRAIL=5.0 AT_STOP=1.6 AT_PB=1440 AT_TRIG=12 AT_V3A=0 AT_V3B=1 AT_V3C=1 → net=251.3$ صفقات=28 | 5764s
  1141/1920 | AT_TRAIL=5.0 AT_STOP=1.6 AT_PB=1440 AT_TRIG=12 AT_V3A=1 AT_V3B=0 AT_V3C=0 → net=0.0$ صفقات=0 | 5775s
  1142/1920 | AT_TRAIL=5.0 AT_STOP=1.6 AT_PB=1440 AT_TRIG=12 AT_V3A=1 AT_V3B=0 AT_V3C=1 → net=0.0$ صفقات=0 | 5785s
  1143/1920 | AT_TRAIL=5.0 AT_STOP=1.6 AT_PB=1440 AT_TRIG=12 AT_V3A=1 AT_V3B=1 AT_V3C=0 → net=0.0$ صفقات=0 | 5796s
  1144/1920 | AT_TRAIL=5.0 AT_STOP=1.6 AT_PB=1440 AT_TRIG=12 AT_V3A=1 AT_V3B=1 AT_V3C=1 → net=0.0$ صفقات=0 | 5807s
  1145/1920 | AT_TRAIL=5.0 AT_STOP=1.6 AT_PB=1440 AT_TRIG=24 AT_V3A=0 AT_V3B=0 AT_V3C=0 → net=309.8$ صفقات=29 | 5813s
  1146/1920 | AT_TRAIL=5.0 AT_STOP=1.6 AT_PB=1440 AT_TRIG=24 AT_V3A=0 AT_V3B=0 AT_V3C=1 → net=264.9$ صفقات=28 | 5820s
  1147/1920 | AT_TRAIL=5.0 AT_STOP=1.6 AT_PB=1440 AT_TRIG=24 AT_V3A=0 AT_V3B=1 AT_V3C=0 → net=309.8$ صفقات=29 | 5827s
  1148/1920 | AT_TRAIL=5.0 AT_STOP=1.6 AT_PB=1440 AT_TRIG=24 AT_V3A=0 AT_V3B=1 AT_V3C=1 → net=264.9$ صفقات=28 | 5834s
  1149/1920 | AT_TRAIL=5.0 AT_STOP=1.6 AT_PB=1440 AT_TRIG=24 AT_V3A=1 AT_V3B=0 AT_V3C=0 → net=0.0$ صفقات=0 | 5845s
  1150/1920 | AT_TRAIL=5.0 AT_STOP=1.6 AT_PB=1440 AT_TRIG=24 AT_V3A=1 AT_V3B=0 AT_V3C=1 → net=0.0$ صفقات=0 | 5855s
  1151/1920 | AT_TRAIL=5.0 AT_STOP=1.6 AT_PB=1440 AT_TRIG=24 AT_V3A=1 AT_V3B=1 AT_V3C=0 → net=0.0$ صفقات=0 | 5866s
  1152/1920 | AT_TRAIL=5.0 AT_STOP=1.6 AT_PB=1440 AT_TRIG=24 AT_V3A=1 AT_V3B=1 AT_V3C=1 → net=0.0$ صفقات=0 | 5876s
  1153/1920 | AT_TRAIL=6.0 AT_STOP=0.5 AT_PB=288 AT_TRIG=6 AT_V3A=0 AT_V3B=0 AT_V3C=0 → net=152.6$ صفقات=41 | 5882s
  1154/1920 | AT_TRAIL=6.0 AT_STOP=0.5 AT_PB=288 AT_TRIG=6 AT_V3A=0 AT_V3B=0 AT_V3C=1 → net=199.0$ صفقات=37 | 5888s
  1155/1920 | AT_TRAIL=6.0 AT_STOP=0.5 AT_PB=288 AT_TRIG=6 AT_V3A=0 AT_V3B=1 AT_V3C=0 → net=152.6$ صفقات=41 | 5894s
  1156/1920 | AT_TRAIL=6.0 AT_STOP=0.5 AT_PB=288 AT_TRIG=6 AT_V3A=0 AT_V3B=1 AT_V3C=1 → net=199.0$ صفقات=37 | 5900s
  1157/1920 | AT_TRAIL=6.0 AT_STOP=0.5 AT_PB=288 AT_TRIG=6 AT_V3A=1 AT_V3B=0 AT_V3C=0 → net=0.0$ صفقات=0 | 5911s
  1158/1920 | AT_TRAIL=6.0 AT_STOP=0.5 AT_PB=288 AT_TRIG=6 AT_V3A=1 AT_V3B=0 AT_V3C=1 → net=0.0$ صفقات=0 | 5921s
  1159/1920 | AT_TRAIL=6.0 AT_STOP=0.5 AT_PB=288 AT_TRIG=6 AT_V3A=1 AT_V3B=1 AT_V3C=0 → net=0.0$ صفقات=0 | 5931s
  1160/1920 | AT_TRAIL=6.0 AT_STOP=0.5 AT_PB=288 AT_TRIG=6 AT_V3A=1 AT_V3B=1 AT_V3C=1 → net=0.0$ صفقات=0 | 5941s
  1161/1920 | AT_TRAIL=6.0 AT_STOP=0.5 AT_PB=288 AT_TRIG=12 AT_V3A=0 AT_V3B=0 AT_V3C=0 → net=164.5$ صفقات=40 | 5948s
  1162/1920 | AT_TRAIL=6.0 AT_STOP=0.5 AT_PB=288 AT_TRIG=12 AT_V3A=0 AT_V3B=0 AT_V3C=1 → net=205.2$ صفقات=36 | 5954s
  1163/1920 | AT_TRAIL=6.0 AT_STOP=0.5 AT_PB=288 AT_TRIG=12 AT_V3A=0 AT_V3B=1 AT_V3C=0 → net=164.5$ صفقات=40 | 5960s
  1164/1920 | AT_TRAIL=6.0 AT_STOP=0.5 AT_PB=288 AT_TRIG=12 AT_V3A=0 AT_V3B=1 AT_V3C=1 → net=205.2$ صفقات=36 | 5966s
  1165/1920 | AT_TRAIL=6.0 AT_STOP=0.5 AT_PB=288 AT_TRIG=12 AT_V3A=1 AT_V3B=0 AT_V3C=0 → net=0.0$ صفقات=0 | 5977s
  1166/1920 | AT_TRAIL=6.0 AT_STOP=0.5 AT_PB=288 AT_TRIG=12 AT_V3A=1 AT_V3B=0 AT_V3C=1 → net=0.0$ صفقات=0 | 5987s
  1167/1920 | AT_TRAIL=6.0 AT_STOP=0.5 AT_PB=288 AT_TRIG=12 AT_V3A=1 AT_V3B=1 AT_V3C=0 → net=0.0$ صفقات=0 | 5998s
  1168/1920 | AT_TRAIL=6.0 AT_STOP=0.5 AT_PB=288 AT_TRIG=12 AT_V3A=1 AT_V3B=1 AT_V3C=1 → net=0.0$ صفقات=0 | 6008s
  1169/1920 | AT_TRAIL=6.0 AT_STOP=0.5 AT_PB=288 AT_TRIG=24 AT_V3A=0 AT_V3B=0 AT_V3C=0 → net=89.8$ صفقات=43 | 6014s
  1170/1920 | AT_TRAIL=6.0 AT_STOP=0.5 AT_PB=288 AT_TRIG=24 AT_V3A=0 AT_V3B=0 AT_V3C=1 → net=122.7$ صفقات=40 | 6021s
  1171/1920 | AT_TRAIL=6.0 AT_STOP=0.5 AT_PB=288 AT_TRIG=24 AT_V3A=0 AT_V3B=1 AT_V3C=0 → net=89.8$ صفقات=43 | 6028s
  1172/1920 | AT_TRAIL=6.0 AT_STOP=0.5 AT_PB=288 AT_TRIG=24 AT_V3A=0 AT_V3B=1 AT_V3C=1 → net=122.7$ صفقات=40 | 6034s
  1173/1920 | AT_TRAIL=6.0 AT_STOP=0.5 AT_PB=288 AT_TRIG=24 AT_V3A=1 AT_V3B=0 AT_V3C=0 → net=0.0$ صفقات=0 | 6045s
  1174/1920 | AT_TRAIL=6.0 AT_STOP=0.5 AT_PB=288 AT_TRIG=24 AT_V3A=1 AT_V3B=0 AT_V3C=1 → net=0.0$ صفقات=0 | 6056s
  1175/1920 | AT_TRAIL=6.0 AT_STOP=0.5 AT_PB=288 AT_TRIG=24 AT_V3A=1 AT_V3B=1 AT_V3C=0 → net=0.0$ صفقات=0 | 6066s
  1176/1920 | AT_TRAIL=6.0 AT_STOP=0.5 AT_PB=288 AT_TRIG=24 AT_V3A=1 AT_V3B=1 AT_V3C=1 → net=0.0$ صفقات=0 | 6077s
  1177/1920 | AT_TRAIL=6.0 AT_STOP=0.5 AT_PB=576 AT_TRIG=6 AT_V3A=0 AT_V3B=0 AT_V3C=0 → net=26.8$ صفقات=33 | 6083s
  1178/1920 | AT_TRAIL=6.0 AT_STOP=0.5 AT_PB=576 AT_TRIG=6 AT_V3A=0 AT_V3B=0 AT_V3C=1 → net=27.2$ صفقات=32 | 6089s
  1179/1920 | AT_TRAIL=6.0 AT_STOP=0.5 AT_PB=576 AT_TRIG=6 AT_V3A=0 AT_V3B=1 AT_V3C=0 → net=26.8$ صفقات=33 | 6096s
  1180/1920 | AT_TRAIL=6.0 AT_STOP=0.5 AT_PB=576 AT_TRIG=6 AT_V3A=0 AT_V3B=1 AT_V3C=1 → net=27.2$ صفقات=32 | 6102s
  1181/1920 | AT_TRAIL=6.0 AT_STOP=0.5 AT_PB=576 AT_TRIG=6 AT_V3A=1 AT_V3B=0 AT_V3C=0 → net=0.0$ صفقات=0 | 6113s
  1182/1920 | AT_TRAIL=6.0 AT_STOP=0.5 AT_PB=576 AT_TRIG=6 AT_V3A=1 AT_V3B=0 AT_V3C=1 → net=0.0$ صفقات=0 | 6123s
  1183/1920 | AT_TRAIL=6.0 AT_STOP=0.5 AT_PB=576 AT_TRIG=6 AT_V3A=1 AT_V3B=1 AT_V3C=0 → net=0.0$ صفقات=0 | 6134s
  1184/1920 | AT_TRAIL=6.0 AT_STOP=0.5 AT_PB=576 AT_TRIG=6 AT_V3A=1 AT_V3B=1 AT_V3C=1 → net=0.0$ صفقات=0 | 6144s
  1185/1920 | AT_TRAIL=6.0 AT_STOP=0.5 AT_PB=576 AT_TRIG=12 AT_V3A=0 AT_V3B=0 AT_V3C=0 → net=22.3$ صفقات=33 | 6150s
  1186/1920 | AT_TRAIL=6.0 AT_STOP=0.5 AT_PB=576 AT_TRIG=12 AT_V3A=0 AT_V3B=0 AT_V3C=1 → net=35.2$ صفقات=31 | 6156s
  1187/1920 | AT_TRAIL=6.0 AT_STOP=0.5 AT_PB=576 AT_TRIG=12 AT_V3A=0 AT_V3B=1 AT_V3C=0 → net=22.3$ صفقات=33 | 6162s
  1188/1920 | AT_TRAIL=6.0 AT_STOP=0.5 AT_PB=576 AT_TRIG=12 AT_V3A=0 AT_V3B=1 AT_V3C=1 → net=35.2$ صفقات=31 | 6168s
  1189/1920 | AT_TRAIL=6.0 AT_STOP=0.5 AT_PB=576 AT_TRIG=12 AT_V3A=1 AT_V3B=0 AT_V3C=0 → net=0.0$ صفقات=0 | 6179s
  1190/1920 | AT_TRAIL=6.0 AT_STOP=0.5 AT_PB=576 AT_TRIG=12 AT_V3A=1 AT_V3B=0 AT_V3C=1 → net=0.0$ صفقات=0 | 6189s
  1191/1920 | AT_TRAIL=6.0 AT_STOP=0.5 AT_PB=576 AT_TRIG=12 AT_V3A=1 AT_V3B=1 AT_V3C=0 → net=0.0$ صفقات=0 | 6199s
  1192/1920 | AT_TRAIL=6.0 AT_STOP=0.5 AT_PB=576 AT_TRIG=12 AT_V3A=1 AT_V3B=1 AT_V3C=1 → net=0.0$ صفقات=0 | 6210s
  1193/1920 | AT_TRAIL=6.0 AT_STOP=0.5 AT_PB=576 AT_TRIG=24 AT_V3A=0 AT_V3B=0 AT_V3C=0 → net=35.5$ صفقات=34 | 6216s
  1194/1920 | AT_TRAIL=6.0 AT_STOP=0.5 AT_PB=576 AT_TRIG=24 AT_V3A=0 AT_V3B=0 AT_V3C=1 → net=53.0$ صفقات=32 | 6222s
  1195/1920 | AT_TRAIL=6.0 AT_STOP=0.5 AT_PB=576 AT_TRIG=24 AT_V3A=0 AT_V3B=1 AT_V3C=0 → net=35.5$ صفقات=34 | 6229s
  1196/1920 | AT_TRAIL=6.0 AT_STOP=0.5 AT_PB=576 AT_TRIG=24 AT_V3A=0 AT_V3B=1 AT_V3C=1 → net=53.0$ صفقات=32 | 6235s
  1197/1920 | AT_TRAIL=6.0 AT_STOP=0.5 AT_PB=576 AT_TRIG=24 AT_V3A=1 AT_V3B=0 AT_V3C=0 → net=0.0$ صفقات=0 | 6245s
  1198/1920 | AT_TRAIL=6.0 AT_STOP=0.5 AT_PB=576 AT_TRIG=24 AT_V3A=1 AT_V3B=0 AT_V3C=1 → net=0.0$ صفقات=0 | 6255s
  1199/1920 | AT_TRAIL=6.0 AT_STOP=0.5 AT_PB=576 AT_TRIG=24 AT_V3A=1 AT_V3B=1 AT_V3C=0 → net=0.0$ صفقات=0 | 6266s
  1200/1920 | AT_TRAIL=6.0 AT_STOP=0.5 AT_PB=576 AT_TRIG=24 AT_V3A=1 AT_V3B=1 AT_V3C=1 → net=0.0$ صفقات=0 | 6276s
  1201/1920 | AT_TRAIL=6.0 AT_STOP=0.5 AT_PB=864 AT_TRIG=6 AT_V3A=0 AT_V3B=0 AT_V3C=0 → net=226.5$ صفقات=29 | 6283s
  1202/1920 | AT_TRAIL=6.0 AT_STOP=0.5 AT_PB=864 AT_TRIG=6 AT_V3A=0 AT_V3B=0 AT_V3C=1 → net=191.2$ صفقات=29 | 6289s
  1203/1920 | AT_TRAIL=6.0 AT_STOP=0.5 AT_PB=864 AT_TRIG=6 AT_V3A=0 AT_V3B=1 AT_V3C=0 → net=226.5$ صفقات=29 | 6296s
  1204/1920 | AT_TRAIL=6.0 AT_STOP=0.5 AT_PB=864 AT_TRIG=6 AT_V3A=0 AT_V3B=1 AT_V3C=1 → net=191.2$ صفقات=29 | 6302s
  1205/1920 | AT_TRAIL=6.0 AT_STOP=0.5 AT_PB=864 AT_TRIG=6 AT_V3A=1 AT_V3B=0 AT_V3C=0 → net=0.0$ صفقات=0 | 6313s
  1206/1920 | AT_TRAIL=6.0 AT_STOP=0.5 AT_PB=864 AT_TRIG=6 AT_V3A=1 AT_V3B=0 AT_V3C=1 → net=0.0$ صفقات=0 | 6323s
  1207/1920 | AT_TRAIL=6.0 AT_STOP=0.5 AT_PB=864 AT_TRIG=6 AT_V3A=1 AT_V3B=1 AT_V3C=0 → net=0.0$ صفقات=0 | 6334s
  1208/1920 | AT_TRAIL=6.0 AT_STOP=0.5 AT_PB=864 AT_TRIG=6 AT_V3A=1 AT_V3B=1 AT_V3C=1 → net=0.0$ صفقات=0 | 6344s
  1209/1920 | AT_TRAIL=6.0 AT_STOP=0.5 AT_PB=864 AT_TRIG=12 AT_V3A=0 AT_V3B=0 AT_V3C=0 → net=222.7$ صفقات=29 | 6350s
  1210/1920 | AT_TRAIL=6.0 AT_STOP=0.5 AT_PB=864 AT_TRIG=12 AT_V3A=0 AT_V3B=0 AT_V3C=1 → net=192.2$ صفقات=29 | 6357s
  1211/1920 | AT_TRAIL=6.0 AT_STOP=0.5 AT_PB=864 AT_TRIG=12 AT_V3A=0 AT_V3B=1 AT_V3C=0 → net=222.7$ صفقات=29 | 6363s
  1212/1920 | AT_TRAIL=6.0 AT_STOP=0.5 AT_PB=864 AT_TRIG=12 AT_V3A=0 AT_V3B=1 AT_V3C=1 → net=192.2$ صفقات=29 | 6370s
  1213/1920 | AT_TRAIL=6.0 AT_STOP=0.5 AT_PB=864 AT_TRIG=12 AT_V3A=1 AT_V3B=0 AT_V3C=0 → net=0.0$ صفقات=0 | 6380s
  1214/1920 | AT_TRAIL=6.0 AT_STOP=0.5 AT_PB=864 AT_TRIG=12 AT_V3A=1 AT_V3B=0 AT_V3C=1 → net=0.0$ صفقات=0 | 6391s
  1215/1920 | AT_TRAIL=6.0 AT_STOP=0.5 AT_PB=864 AT_TRIG=12 AT_V3A=1 AT_V3B=1 AT_V3C=0 → net=0.0$ صفقات=0 | 6402s
  1216/1920 | AT_TRAIL=6.0 AT_STOP=0.5 AT_PB=864 AT_TRIG=12 AT_V3A=1 AT_V3B=1 AT_V3C=1 → net=0.0$ صفقات=0 | 6412s
  1217/1920 | AT_TRAIL=6.0 AT_STOP=0.5 AT_PB=864 AT_TRIG=24 AT_V3A=0 AT_V3B=0 AT_V3C=0 → net=216.9$ صفقات=29 | 6419s
  1218/1920 | AT_TRAIL=6.0 AT_STOP=0.5 AT_PB=864 AT_TRIG=24 AT_V3A=0 AT_V3B=0 AT_V3C=1 → net=187.3$ صفقات=29 | 6426s
  1219/1920 | AT_TRAIL=6.0 AT_STOP=0.5 AT_PB=864 AT_TRIG=24 AT_V3A=0 AT_V3B=1 AT_V3C=0 → net=216.9$ صفقات=29 | 6432s
  1220/1920 | AT_TRAIL=6.0 AT_STOP=0.5 AT_PB=864 AT_TRIG=24 AT_V3A=0 AT_V3B=1 AT_V3C=1 → net=187.3$ صفقات=29 | 6438s
  1221/1920 | AT_TRAIL=6.0 AT_STOP=0.5 AT_PB=864 AT_TRIG=24 AT_V3A=1 AT_V3B=0 AT_V3C=0 → net=0.0$ صفقات=0 | 6449s
  1222/1920 | AT_TRAIL=6.0 AT_STOP=0.5 AT_PB=864 AT_TRIG=24 AT_V3A=1 AT_V3B=0 AT_V3C=1 → net=0.0$ صفقات=0 | 6460s
  1223/1920 | AT_TRAIL=6.0 AT_STOP=0.5 AT_PB=864 AT_TRIG=24 AT_V3A=1 AT_V3B=1 AT_V3C=0 → net=0.0$ صفقات=0 | 6470s
  1224/1920 | AT_TRAIL=6.0 AT_STOP=0.5 AT_PB=864 AT_TRIG=24 AT_V3A=1 AT_V3B=1 AT_V3C=1 → net=0.0$ صفقات=0 | 6481s
  1225/1920 | AT_TRAIL=6.0 AT_STOP=0.5 AT_PB=1440 AT_TRIG=6 AT_V3A=0 AT_V3B=0 AT_V3C=0 → net=420.8$ صفقات=22 | 6487s
  1226/1920 | AT_TRAIL=6.0 AT_STOP=0.5 AT_PB=1440 AT_TRIG=6 AT_V3A=0 AT_V3B=0 AT_V3C=1 → net=302.6$ صفقات=24 | 6494s
  1227/1920 | AT_TRAIL=6.0 AT_STOP=0.5 AT_PB=1440 AT_TRIG=6 AT_V3A=0 AT_V3B=1 AT_V3C=0 → net=420.8$ صفقات=22 | 6500s
  1228/1920 | AT_TRAIL=6.0 AT_STOP=0.5 AT_PB=1440 AT_TRIG=6 AT_V3A=0 AT_V3B=1 AT_V3C=1 → net=302.6$ صفقات=24 | 6506s
  1229/1920 | AT_TRAIL=6.0 AT_STOP=0.5 AT_PB=1440 AT_TRIG=6 AT_V3A=1 AT_V3B=0 AT_V3C=0 → net=0.0$ صفقات=0 | 6517s
  1230/1920 | AT_TRAIL=6.0 AT_STOP=0.5 AT_PB=1440 AT_TRIG=6 AT_V3A=1 AT_V3B=0 AT_V3C=1 → net=0.0$ صفقات=0 | 6527s
  1231/1920 | AT_TRAIL=6.0 AT_STOP=0.5 AT_PB=1440 AT_TRIG=6 AT_V3A=1 AT_V3B=1 AT_V3C=0 → net=0.0$ صفقات=0 | 6538s
  1232/1920 | AT_TRAIL=6.0 AT_STOP=0.5 AT_PB=1440 AT_TRIG=6 AT_V3A=1 AT_V3B=1 AT_V3C=1 → net=0.0$ صفقات=0 | 6548s
  1233/1920 | AT_TRAIL=6.0 AT_STOP=0.5 AT_PB=1440 AT_TRIG=12 AT_V3A=0 AT_V3B=0 AT_V3C=0 → net=423.3$ صفقات=22 | 6554s
  1234/1920 | AT_TRAIL=6.0 AT_STOP=0.5 AT_PB=1440 AT_TRIG=12 AT_V3A=0 AT_V3B=0 AT_V3C=1 → net=305.4$ صفقات=24 | 6561s
  1235/1920 | AT_TRAIL=6.0 AT_STOP=0.5 AT_PB=1440 AT_TRIG=12 AT_V3A=0 AT_V3B=1 AT_V3C=0 → net=423.3$ صفقات=22 | 6567s
  1236/1920 | AT_TRAIL=6.0 AT_STOP=0.5 AT_PB=1440 AT_TRIG=12 AT_V3A=0 AT_V3B=1 AT_V3C=1 → net=305.4$ صفقات=24 | 6574s
  1237/1920 | AT_TRAIL=6.0 AT_STOP=0.5 AT_PB=1440 AT_TRIG=12 AT_V3A=1 AT_V3B=0 AT_V3C=0 → net=0.0$ صفقات=0 | 6584s
  1238/1920 | AT_TRAIL=6.0 AT_STOP=0.5 AT_PB=1440 AT_TRIG=12 AT_V3A=1 AT_V3B=0 AT_V3C=1 → net=0.0$ صفقات=0 | 6595s
  1239/1920 | AT_TRAIL=6.0 AT_STOP=0.5 AT_PB=1440 AT_TRIG=12 AT_V3A=1 AT_V3B=1 AT_V3C=0 → net=0.0$ صفقات=0 | 6605s
  1240/1920 | AT_TRAIL=6.0 AT_STOP=0.5 AT_PB=1440 AT_TRIG=12 AT_V3A=1 AT_V3B=1 AT_V3C=1 → net=0.0$ صفقات=0 | 6616s
  1241/1920 | AT_TRAIL=6.0 AT_STOP=0.5 AT_PB=1440 AT_TRIG=24 AT_V3A=0 AT_V3B=0 AT_V3C=0 → net=423.9$ صفقات=22 | 6622s
  1242/1920 | AT_TRAIL=6.0 AT_STOP=0.5 AT_PB=1440 AT_TRIG=24 AT_V3A=0 AT_V3B=0 AT_V3C=1 → net=309.8$ صفقات=24 | 6629s
  1243/1920 | AT_TRAIL=6.0 AT_STOP=0.5 AT_PB=1440 AT_TRIG=24 AT_V3A=0 AT_V3B=1 AT_V3C=0 → net=423.9$ صفقات=22 | 6635s
  1244/1920 | AT_TRAIL=6.0 AT_STOP=0.5 AT_PB=1440 AT_TRIG=24 AT_V3A=0 AT_V3B=1 AT_V3C=1 → net=309.8$ صفقات=24 | 6642s
  1245/1920 | AT_TRAIL=6.0 AT_STOP=0.5 AT_PB=1440 AT_TRIG=24 AT_V3A=1 AT_V3B=0 AT_V3C=0 → net=0.0$ صفقات=0 | 6653s
  1246/1920 | AT_TRAIL=6.0 AT_STOP=0.5 AT_PB=1440 AT_TRIG=24 AT_V3A=1 AT_V3B=0 AT_V3C=1 → net=0.0$ صفقات=0 | 6663s
  1247/1920 | AT_TRAIL=6.0 AT_STOP=0.5 AT_PB=1440 AT_TRIG=24 AT_V3A=1 AT_V3B=1 AT_V3C=0 → net=0.0$ صفقات=0 | 6674s
  1248/1920 | AT_TRAIL=6.0 AT_STOP=0.5 AT_PB=1440 AT_TRIG=24 AT_V3A=1 AT_V3B=1 AT_V3C=1 → net=0.0$ صفقات=0 | 6684s
  1249/1920 | AT_TRAIL=6.0 AT_STOP=0.8 AT_PB=288 AT_TRIG=6 AT_V3A=0 AT_V3B=0 AT_V3C=0 → net=132.4$ صفقات=41 | 6690s
  1250/1920 | AT_TRAIL=6.0 AT_STOP=0.8 AT_PB=288 AT_TRIG=6 AT_V3A=0 AT_V3B=0 AT_V3C=1 → net=177.4$ صفقات=37 | 6696s
  1251/1920 | AT_TRAIL=6.0 AT_STOP=0.8 AT_PB=288 AT_TRIG=6 AT_V3A=0 AT_V3B=1 AT_V3C=0 → net=132.4$ صفقات=41 | 6702s
  1252/1920 | AT_TRAIL=6.0 AT_STOP=0.8 AT_PB=288 AT_TRIG=6 AT_V3A=0 AT_V3B=1 AT_V3C=1 → net=177.4$ صفقات=37 | 6708s
  1253/1920 | AT_TRAIL=6.0 AT_STOP=0.8 AT_PB=288 AT_TRIG=6 AT_V3A=1 AT_V3B=0 AT_V3C=0 → net=0.0$ صفقات=0 | 6718s
  1254/1920 | AT_TRAIL=6.0 AT_STOP=0.8 AT_PB=288 AT_TRIG=6 AT_V3A=1 AT_V3B=0 AT_V3C=1 → net=0.0$ صفقات=0 | 6728s
  1255/1920 | AT_TRAIL=6.0 AT_STOP=0.8 AT_PB=288 AT_TRIG=6 AT_V3A=1 AT_V3B=1 AT_V3C=0 → net=0.0$ صفقات=0 | 6738s
  1256/1920 | AT_TRAIL=6.0 AT_STOP=0.8 AT_PB=288 AT_TRIG=6 AT_V3A=1 AT_V3B=1 AT_V3C=1 → net=0.0$ صفقات=0 | 6748s
  1257/1920 | AT_TRAIL=6.0 AT_STOP=0.8 AT_PB=288 AT_TRIG=12 AT_V3A=0 AT_V3B=0 AT_V3C=0 → net=146.9$ صفقات=40 | 6754s
  1258/1920 | AT_TRAIL=6.0 AT_STOP=0.8 AT_PB=288 AT_TRIG=12 AT_V3A=0 AT_V3B=0 AT_V3C=1 → net=188.6$ صفقات=36 | 6760s
  1259/1920 | AT_TRAIL=6.0 AT_STOP=0.8 AT_PB=288 AT_TRIG=12 AT_V3A=0 AT_V3B=1 AT_V3C=0 → net=146.9$ صفقات=40 | 6766s
  1260/1920 | AT_TRAIL=6.0 AT_STOP=0.8 AT_PB=288 AT_TRIG=12 AT_V3A=0 AT_V3B=1 AT_V3C=1 → net=188.6$ صفقات=36 | 6772s
  1261/1920 | AT_TRAIL=6.0 AT_STOP=0.8 AT_PB=288 AT_TRIG=12 AT_V3A=1 AT_V3B=0 AT_V3C=0 → net=0.0$ صفقات=0 | 6782s
  1262/1920 | AT_TRAIL=6.0 AT_STOP=0.8 AT_PB=288 AT_TRIG=12 AT_V3A=1 AT_V3B=0 AT_V3C=1 → net=0.0$ صفقات=0 | 6793s
  1263/1920 | AT_TRAIL=6.0 AT_STOP=0.8 AT_PB=288 AT_TRIG=12 AT_V3A=1 AT_V3B=1 AT_V3C=0 → net=0.0$ صفقات=0 | 6804s
  1264/1920 | AT_TRAIL=6.0 AT_STOP=0.8 AT_PB=288 AT_TRIG=12 AT_V3A=1 AT_V3B=1 AT_V3C=1 → net=0.0$ صفقات=0 | 6815s
  1265/1920 | AT_TRAIL=6.0 AT_STOP=0.8 AT_PB=288 AT_TRIG=24 AT_V3A=0 AT_V3B=0 AT_V3C=0 → net=75.9$ صفقات=43 | 6822s
  1266/1920 | AT_TRAIL=6.0 AT_STOP=0.8 AT_PB=288 AT_TRIG=24 AT_V3A=0 AT_V3B=0 AT_V3C=1 → net=109.4$ صفقات=40 | 6829s
  1267/1920 | AT_TRAIL=6.0 AT_STOP=0.8 AT_PB=288 AT_TRIG=24 AT_V3A=0 AT_V3B=1 AT_V3C=0 → net=75.9$ صفقات=43 | 6835s
  1268/1920 | AT_TRAIL=6.0 AT_STOP=0.8 AT_PB=288 AT_TRIG=24 AT_V3A=0 AT_V3B=1 AT_V3C=1 → net=109.4$ صفقات=40 | 6842s
  1269/1920 | AT_TRAIL=6.0 AT_STOP=0.8 AT_PB=288 AT_TRIG=24 AT_V3A=1 AT_V3B=0 AT_V3C=0 → net=0.0$ صفقات=0 | 6852s
  1270/1920 | AT_TRAIL=6.0 AT_STOP=0.8 AT_PB=288 AT_TRIG=24 AT_V3A=1 AT_V3B=0 AT_V3C=1 → net=0.0$ صفقات=0 | 6863s
  1271/1920 | AT_TRAIL=6.0 AT_STOP=0.8 AT_PB=288 AT_TRIG=24 AT_V3A=1 AT_V3B=1 AT_V3C=0 → net=0.0$ صفقات=0 | 6873s
  1272/1920 | AT_TRAIL=6.0 AT_STOP=0.8 AT_PB=288 AT_TRIG=24 AT_V3A=1 AT_V3B=1 AT_V3C=1 → net=0.0$ صفقات=0 | 6883s
  1273/1920 | AT_TRAIL=6.0 AT_STOP=0.8 AT_PB=576 AT_TRIG=6 AT_V3A=0 AT_V3B=0 AT_V3C=0 → net=27.0$ صفقات=33 | 6890s
  1274/1920 | AT_TRAIL=6.0 AT_STOP=0.8 AT_PB=576 AT_TRIG=6 AT_V3A=0 AT_V3B=0 AT_V3C=1 → net=27.3$ صفقات=32 | 6896s
  1275/1920 | AT_TRAIL=6.0 AT_STOP=0.8 AT_PB=576 AT_TRIG=6 AT_V3A=0 AT_V3B=1 AT_V3C=0 → net=27.0$ صفقات=33 | 6902s
  1276/1920 | AT_TRAIL=6.0 AT_STOP=0.8 AT_PB=576 AT_TRIG=6 AT_V3A=0 AT_V3B=1 AT_V3C=1 → net=27.3$ صفقات=32 | 6908s
  1277/1920 | AT_TRAIL=6.0 AT_STOP=0.8 AT_PB=576 AT_TRIG=6 AT_V3A=1 AT_V3B=0 AT_V3C=0 → net=0.0$ صفقات=0 | 6919s
  1278/1920 | AT_TRAIL=6.0 AT_STOP=0.8 AT_PB=576 AT_TRIG=6 AT_V3A=1 AT_V3B=0 AT_V3C=1 → net=0.0$ صفقات=0 | 6929s
  1279/1920 | AT_TRAIL=6.0 AT_STOP=0.8 AT_PB=576 AT_TRIG=6 AT_V3A=1 AT_V3B=1 AT_V3C=0 → net=0.0$ صفقات=0 | 6939s
  1280/1920 | AT_TRAIL=6.0 AT_STOP=0.8 AT_PB=576 AT_TRIG=6 AT_V3A=1 AT_V3B=1 AT_V3C=1 → net=0.0$ صفقات=0 | 6950s
  1281/1920 | AT_TRAIL=6.0 AT_STOP=0.8 AT_PB=576 AT_TRIG=12 AT_V3A=0 AT_V3B=0 AT_V3C=0 → net=22.5$ صفقات=33 | 6956s
  1282/1920 | AT_TRAIL=6.0 AT_STOP=0.8 AT_PB=576 AT_TRIG=12 AT_V3A=0 AT_V3B=0 AT_V3C=1 → net=35.4$ صفقات=31 | 6962s
  1283/1920 | AT_TRAIL=6.0 AT_STOP=0.8 AT_PB=576 AT_TRIG=12 AT_V3A=0 AT_V3B=1 AT_V3C=0 → net=22.5$ صفقات=33 | 6968s
  1284/1920 | AT_TRAIL=6.0 AT_STOP=0.8 AT_PB=576 AT_TRIG=12 AT_V3A=0 AT_V3B=1 AT_V3C=1 → net=35.4$ صفقات=31 | 6975s
  1285/1920 | AT_TRAIL=6.0 AT_STOP=0.8 AT_PB=576 AT_TRIG=12 AT_V3A=1 AT_V3B=0 AT_V3C=0 → net=0.0$ صفقات=0 | 6985s
  1286/1920 | AT_TRAIL=6.0 AT_STOP=0.8 AT_PB=576 AT_TRIG=12 AT_V3A=1 AT_V3B=0 AT_V3C=1 → net=0.0$ صفقات=0 | 6996s
  1287/1920 | AT_TRAIL=6.0 AT_STOP=0.8 AT_PB=576 AT_TRIG=12 AT_V3A=1 AT_V3B=1 AT_V3C=0 → net=0.0$ صفقات=0 | 7006s
  1288/1920 | AT_TRAIL=6.0 AT_STOP=0.8 AT_PB=576 AT_TRIG=12 AT_V3A=1 AT_V3B=1 AT_V3C=1 → net=0.0$ صفقات=0 | 7017s
  1289/1920 | AT_TRAIL=6.0 AT_STOP=0.8 AT_PB=576 AT_TRIG=24 AT_V3A=0 AT_V3B=0 AT_V3C=0 → net=35.7$ صفقات=34 | 7024s
  1290/1920 | AT_TRAIL=6.0 AT_STOP=0.8 AT_PB=576 AT_TRIG=24 AT_V3A=0 AT_V3B=0 AT_V3C=1 → net=49.0$ صفقات=32 | 7030s
  1291/1920 | AT_TRAIL=6.0 AT_STOP=0.8 AT_PB=576 AT_TRIG=24 AT_V3A=0 AT_V3B=1 AT_V3C=0 → net=35.7$ صفقات=34 | 7036s
  1292/1920 | AT_TRAIL=6.0 AT_STOP=0.8 AT_PB=576 AT_TRIG=24 AT_V3A=0 AT_V3B=1 AT_V3C=1 → net=49.0$ صفقات=32 | 7043s
  1293/1920 | AT_TRAIL=6.0 AT_STOP=0.8 AT_PB=576 AT_TRIG=24 AT_V3A=1 AT_V3B=0 AT_V3C=0 → net=0.0$ صفقات=0 | 7053s
  1294/1920 | AT_TRAIL=6.0 AT_STOP=0.8 AT_PB=576 AT_TRIG=24 AT_V3A=1 AT_V3B=0 AT_V3C=1 → net=0.0$ صفقات=0 | 7064s
  1295/1920 | AT_TRAIL=6.0 AT_STOP=0.8 AT_PB=576 AT_TRIG=24 AT_V3A=1 AT_V3B=1 AT_V3C=0 → net=0.0$ صفقات=0 | 7075s
  1296/1920 | AT_TRAIL=6.0 AT_STOP=0.8 AT_PB=576 AT_TRIG=24 AT_V3A=1 AT_V3B=1 AT_V3C=1 → net=0.0$ صفقات=0 | 7085s
  1297/1920 | AT_TRAIL=6.0 AT_STOP=0.8 AT_PB=864 AT_TRIG=6 AT_V3A=0 AT_V3B=0 AT_V3C=0 → net=226.5$ صفقات=29 | 7091s
  1298/1920 | AT_TRAIL=6.0 AT_STOP=0.8 AT_PB=864 AT_TRIG=6 AT_V3A=0 AT_V3B=0 AT_V3C=1 → net=191.2$ صفقات=29 | 7098s
  1299/1920 | AT_TRAIL=6.0 AT_STOP=0.8 AT_PB=864 AT_TRIG=6 AT_V3A=0 AT_V3B=1 AT_V3C=0 → net=226.5$ صفقات=29 | 7104s
  1300/1920 | AT_TRAIL=6.0 AT_STOP=0.8 AT_PB=864 AT_TRIG=6 AT_V3A=0 AT_V3B=1 AT_V3C=1 → net=191.2$ صفقات=29 | 7111s
  1301/1920 | AT_TRAIL=6.0 AT_STOP=0.8 AT_PB=864 AT_TRIG=6 AT_V3A=1 AT_V3B=0 AT_V3C=0 → net=0.0$ صفقات=0 | 7122s
  1302/1920 | AT_TRAIL=6.0 AT_STOP=0.8 AT_PB=864 AT_TRIG=6 AT_V3A=1 AT_V3B=0 AT_V3C=1 → net=0.0$ صفقات=0 | 7132s
  1303/1920 | AT_TRAIL=6.0 AT_STOP=0.8 AT_PB=864 AT_TRIG=6 AT_V3A=1 AT_V3B=1 AT_V3C=0 → net=0.0$ صفقات=0 | 7143s
  1304/1920 | AT_TRAIL=6.0 AT_STOP=0.8 AT_PB=864 AT_TRIG=6 AT_V3A=1 AT_V3B=1 AT_V3C=1 → net=0.0$ صفقات=0 | 7153s
  1305/1920 | AT_TRAIL=6.0 AT_STOP=0.8 AT_PB=864 AT_TRIG=12 AT_V3A=0 AT_V3B=0 AT_V3C=0 → net=222.7$ صفقات=29 | 7159s
  1306/1920 | AT_TRAIL=6.0 AT_STOP=0.8 AT_PB=864 AT_TRIG=12 AT_V3A=0 AT_V3B=0 AT_V3C=1 → net=192.2$ صفقات=29 | 7166s
  1307/1920 | AT_TRAIL=6.0 AT_STOP=0.8 AT_PB=864 AT_TRIG=12 AT_V3A=0 AT_V3B=1 AT_V3C=0 → net=222.7$ صفقات=29 | 7172s
  1308/1920 | AT_TRAIL=6.0 AT_STOP=0.8 AT_PB=864 AT_TRIG=12 AT_V3A=0 AT_V3B=1 AT_V3C=1 → net=192.2$ صفقات=29 | 7178s
  1309/1920 | AT_TRAIL=6.0 AT_STOP=0.8 AT_PB=864 AT_TRIG=12 AT_V3A=1 AT_V3B=0 AT_V3C=0 → net=0.0$ صفقات=0 | 7189s
  1310/1920 | AT_TRAIL=6.0 AT_STOP=0.8 AT_PB=864 AT_TRIG=12 AT_V3A=1 AT_V3B=0 AT_V3C=1 → net=0.0$ صفقات=0 | 7199s
  1311/1920 | AT_TRAIL=6.0 AT_STOP=0.8 AT_PB=864 AT_TRIG=12 AT_V3A=1 AT_V3B=1 AT_V3C=0 → net=0.0$ صفقات=0 | 7210s
  1312/1920 | AT_TRAIL=6.0 AT_STOP=0.8 AT_PB=864 AT_TRIG=12 AT_V3A=1 AT_V3B=1 AT_V3C=1 → net=0.0$ صفقات=0 | 7221s
  1313/1920 | AT_TRAIL=6.0 AT_STOP=0.8 AT_PB=864 AT_TRIG=24 AT_V3A=0 AT_V3B=0 AT_V3C=0 → net=216.9$ صفقات=29 | 7227s
  1314/1920 | AT_TRAIL=6.0 AT_STOP=0.8 AT_PB=864 AT_TRIG=24 AT_V3A=0 AT_V3B=0 AT_V3C=1 → net=187.3$ صفقات=29 | 7233s
  1315/1920 | AT_TRAIL=6.0 AT_STOP=0.8 AT_PB=864 AT_TRIG=24 AT_V3A=0 AT_V3B=1 AT_V3C=0 → net=216.9$ صفقات=29 | 7240s
  1316/1920 | AT_TRAIL=6.0 AT_STOP=0.8 AT_PB=864 AT_TRIG=24 AT_V3A=0 AT_V3B=1 AT_V3C=1 → net=187.3$ صفقات=29 | 7246s
  1317/1920 | AT_TRAIL=6.0 AT_STOP=0.8 AT_PB=864 AT_TRIG=24 AT_V3A=1 AT_V3B=0 AT_V3C=0 → net=0.0$ صفقات=0 | 7257s
  1318/1920 | AT_TRAIL=6.0 AT_STOP=0.8 AT_PB=864 AT_TRIG=24 AT_V3A=1 AT_V3B=0 AT_V3C=1 → net=0.0$ صفقات=0 | 7267s
  1319/1920 | AT_TRAIL=6.0 AT_STOP=0.8 AT_PB=864 AT_TRIG=24 AT_V3A=1 AT_V3B=1 AT_V3C=0 → net=0.0$ صفقات=0 | 7277s
  1320/1920 | AT_TRAIL=6.0 AT_STOP=0.8 AT_PB=864 AT_TRIG=24 AT_V3A=1 AT_V3B=1 AT_V3C=1 → net=0.0$ صفقات=0 | 7288s
  1321/1920 | AT_TRAIL=6.0 AT_STOP=0.8 AT_PB=1440 AT_TRIG=6 AT_V3A=0 AT_V3B=0 AT_V3C=0 → net=420.8$ صفقات=22 | 7294s
  1322/1920 | AT_TRAIL=6.0 AT_STOP=0.8 AT_PB=1440 AT_TRIG=6 AT_V3A=0 AT_V3B=0 AT_V3C=1 → net=302.6$ صفقات=24 | 7301s
  1323/1920 | AT_TRAIL=6.0 AT_STOP=0.8 AT_PB=1440 AT_TRIG=6 AT_V3A=0 AT_V3B=1 AT_V3C=0 → net=420.8$ صفقات=22 | 7308s
  1324/1920 | AT_TRAIL=6.0 AT_STOP=0.8 AT_PB=1440 AT_TRIG=6 AT_V3A=0 AT_V3B=1 AT_V3C=1 → net=302.6$ صفقات=24 | 7315s
  1325/1920 | AT_TRAIL=6.0 AT_STOP=0.8 AT_PB=1440 AT_TRIG=6 AT_V3A=1 AT_V3B=0 AT_V3C=0 → net=0.0$ صفقات=0 | 7327s
  1326/1920 | AT_TRAIL=6.0 AT_STOP=0.8 AT_PB=1440 AT_TRIG=6 AT_V3A=1 AT_V3B=0 AT_V3C=1 → net=0.0$ صفقات=0 | 7339s
  1327/1920 | AT_TRAIL=6.0 AT_STOP=0.8 AT_PB=1440 AT_TRIG=6 AT_V3A=1 AT_V3B=1 AT_V3C=0 → net=0.0$ صفقات=0 | 7351s
  1328/1920 | AT_TRAIL=6.0 AT_STOP=0.8 AT_PB=1440 AT_TRIG=6 AT_V3A=1 AT_V3B=1 AT_V3C=1 → net=0.0$ صفقات=0 | 7362s
  1329/1920 | AT_TRAIL=6.0 AT_STOP=0.8 AT_PB=1440 AT_TRIG=12 AT_V3A=0 AT_V3B=0 AT_V3C=0 → net=423.3$ صفقات=22 | 7370s
  1330/1920 | AT_TRAIL=6.0 AT_STOP=0.8 AT_PB=1440 AT_TRIG=12 AT_V3A=0 AT_V3B=0 AT_V3C=1 → net=305.4$ صفقات=24 | 7376s
  1331/1920 | AT_TRAIL=6.0 AT_STOP=0.8 AT_PB=1440 AT_TRIG=12 AT_V3A=0 AT_V3B=1 AT_V3C=0 → net=423.3$ صفقات=22 | 7383s
  1332/1920 | AT_TRAIL=6.0 AT_STOP=0.8 AT_PB=1440 AT_TRIG=12 AT_V3A=0 AT_V3B=1 AT_V3C=1 → net=305.4$ صفقات=24 | 7389s
  1333/1920 | AT_TRAIL=6.0 AT_STOP=0.8 AT_PB=1440 AT_TRIG=12 AT_V3A=1 AT_V3B=0 AT_V3C=0 → net=0.0$ صفقات=0 | 7400s
  1334/1920 | AT_TRAIL=6.0 AT_STOP=0.8 AT_PB=1440 AT_TRIG=12 AT_V3A=1 AT_V3B=0 AT_V3C=1 → net=0.0$ صفقات=0 | 7410s
  1335/1920 | AT_TRAIL=6.0 AT_STOP=0.8 AT_PB=1440 AT_TRIG=12 AT_V3A=1 AT_V3B=1 AT_V3C=0 → net=0.0$ صفقات=0 | 7421s
  1336/1920 | AT_TRAIL=6.0 AT_STOP=0.8 AT_PB=1440 AT_TRIG=12 AT_V3A=1 AT_V3B=1 AT_V3C=1 → net=0.0$ صفقات=0 | 7431s
  1337/1920 | AT_TRAIL=6.0 AT_STOP=0.8 AT_PB=1440 AT_TRIG=24 AT_V3A=0 AT_V3B=0 AT_V3C=0 → net=423.9$ صفقات=22 | 7437s
  1338/1920 | AT_TRAIL=6.0 AT_STOP=0.8 AT_PB=1440 AT_TRIG=24 AT_V3A=0 AT_V3B=0 AT_V3C=1 → net=305.6$ صفقات=24 | 7444s
  1339/1920 | AT_TRAIL=6.0 AT_STOP=0.8 AT_PB=1440 AT_TRIG=24 AT_V3A=0 AT_V3B=1 AT_V3C=0 → net=423.9$ صفقات=22 | 7450s
  1340/1920 | AT_TRAIL=6.0 AT_STOP=0.8 AT_PB=1440 AT_TRIG=24 AT_V3A=0 AT_V3B=1 AT_V3C=1 → net=305.6$ صفقات=24 | 7457s
  1341/1920 | AT_TRAIL=6.0 AT_STOP=0.8 AT_PB=1440 AT_TRIG=24 AT_V3A=1 AT_V3B=0 AT_V3C=0 → net=0.0$ صفقات=0 | 7468s
  1342/1920 | AT_TRAIL=6.0 AT_STOP=0.8 AT_PB=1440 AT_TRIG=24 AT_V3A=1 AT_V3B=0 AT_V3C=1 → net=0.0$ صفقات=0 | 7478s
  1343/1920 | AT_TRAIL=6.0 AT_STOP=0.8 AT_PB=1440 AT_TRIG=24 AT_V3A=1 AT_V3B=1 AT_V3C=0 → net=0.0$ صفقات=0 | 7489s
  1344/1920 | AT_TRAIL=6.0 AT_STOP=0.8 AT_PB=1440 AT_TRIG=24 AT_V3A=1 AT_V3B=1 AT_V3C=1 → net=0.0$ صفقات=0 | 7499s
  1345/1920 | AT_TRAIL=6.0 AT_STOP=1.2 AT_PB=288 AT_TRIG=6 AT_V3A=0 AT_V3B=0 AT_V3C=0 → net=124.9$ صفقات=41 | 7505s
  1346/1920 | AT_TRAIL=6.0 AT_STOP=1.2 AT_PB=288 AT_TRIG=6 AT_V3A=0 AT_V3B=0 AT_V3C=1 → net=171.0$ صفقات=37 | 7511s
  1347/1920 | AT_TRAIL=6.0 AT_STOP=1.2 AT_PB=288 AT_TRIG=6 AT_V3A=0 AT_V3B=1 AT_V3C=0 → net=124.9$ صفقات=41 | 7517s
  1348/1920 | AT_TRAIL=6.0 AT_STOP=1.2 AT_PB=288 AT_TRIG=6 AT_V3A=0 AT_V3B=1 AT_V3C=1 → net=171.0$ صفقات=37 | 7523s
  1349/1920 | AT_TRAIL=6.0 AT_STOP=1.2 AT_PB=288 AT_TRIG=6 AT_V3A=1 AT_V3B=0 AT_V3C=0 → net=0.0$ صفقات=0 | 7534s
  1350/1920 | AT_TRAIL=6.0 AT_STOP=1.2 AT_PB=288 AT_TRIG=6 AT_V3A=1 AT_V3B=0 AT_V3C=1 → net=0.0$ صفقات=0 | 7544s
  1351/1920 | AT_TRAIL=6.0 AT_STOP=1.2 AT_PB=288 AT_TRIG=6 AT_V3A=1 AT_V3B=1 AT_V3C=0 → net=0.0$ صفقات=0 | 7554s
  1352/1920 | AT_TRAIL=6.0 AT_STOP=1.2 AT_PB=288 AT_TRIG=6 AT_V3A=1 AT_V3B=1 AT_V3C=1 → net=0.0$ صفقات=0 | 7564s
  1353/1920 | AT_TRAIL=6.0 AT_STOP=1.2 AT_PB=288 AT_TRIG=12 AT_V3A=0 AT_V3B=0 AT_V3C=0 → net=137.5$ صفقات=40 | 7570s
  1354/1920 | AT_TRAIL=6.0 AT_STOP=1.2 AT_PB=288 AT_TRIG=12 AT_V3A=0 AT_V3B=0 AT_V3C=1 → net=181.1$ صفقات=36 | 7576s
  1355/1920 | AT_TRAIL=6.0 AT_STOP=1.2 AT_PB=288 AT_TRIG=12 AT_V3A=0 AT_V3B=1 AT_V3C=0 → net=137.5$ صفقات=40 | 7582s
  1356/1920 | AT_TRAIL=6.0 AT_STOP=1.2 AT_PB=288 AT_TRIG=12 AT_V3A=0 AT_V3B=1 AT_V3C=1 → net=181.1$ صفقات=36 | 7588s
  1357/1920 | AT_TRAIL=6.0 AT_STOP=1.2 AT_PB=288 AT_TRIG=12 AT_V3A=1 AT_V3B=0 AT_V3C=0 → net=0.0$ صفقات=0 | 7598s
  1358/1920 | AT_TRAIL=6.0 AT_STOP=1.2 AT_PB=288 AT_TRIG=12 AT_V3A=1 AT_V3B=0 AT_V3C=1 → net=0.0$ صفقات=0 | 7609s
  1359/1920 | AT_TRAIL=6.0 AT_STOP=1.2 AT_PB=288 AT_TRIG=12 AT_V3A=1 AT_V3B=1 AT_V3C=0 → net=0.0$ صفقات=0 | 7619s
  1360/1920 | AT_TRAIL=6.0 AT_STOP=1.2 AT_PB=288 AT_TRIG=12 AT_V3A=1 AT_V3B=1 AT_V3C=1 → net=0.0$ صفقات=0 | 7629s
  1361/1920 | AT_TRAIL=6.0 AT_STOP=1.2 AT_PB=288 AT_TRIG=24 AT_V3A=0 AT_V3B=0 AT_V3C=0 → net=68.2$ صفقات=43 | 7636s
  1362/1920 | AT_TRAIL=6.0 AT_STOP=1.2 AT_PB=288 AT_TRIG=24 AT_V3A=0 AT_V3B=0 AT_V3C=1 → net=103.5$ صفقات=40 | 7642s
  1363/1920 | AT_TRAIL=6.0 AT_STOP=1.2 AT_PB=288 AT_TRIG=24 AT_V3A=0 AT_V3B=1 AT_V3C=0 → net=68.2$ صفقات=43 | 7648s
  1364/1920 | AT_TRAIL=6.0 AT_STOP=1.2 AT_PB=288 AT_TRIG=24 AT_V3A=0 AT_V3B=1 AT_V3C=1 → net=103.5$ صفقات=40 | 7655s
  1365/1920 | AT_TRAIL=6.0 AT_STOP=1.2 AT_PB=288 AT_TRIG=24 AT_V3A=1 AT_V3B=0 AT_V3C=0 → net=0.0$ صفقات=0 | 7665s
  1366/1920 | AT_TRAIL=6.0 AT_STOP=1.2 AT_PB=288 AT_TRIG=24 AT_V3A=1 AT_V3B=0 AT_V3C=1 → net=0.0$ صفقات=0 | 7676s
  1367/1920 | AT_TRAIL=6.0 AT_STOP=1.2 AT_PB=288 AT_TRIG=24 AT_V3A=1 AT_V3B=1 AT_V3C=0 → net=0.0$ صفقات=0 | 7686s
  1368/1920 | AT_TRAIL=6.0 AT_STOP=1.2 AT_PB=288 AT_TRIG=24 AT_V3A=1 AT_V3B=1 AT_V3C=1 → net=0.0$ صفقات=0 | 7697s
  1369/1920 | AT_TRAIL=6.0 AT_STOP=1.2 AT_PB=576 AT_TRIG=6 AT_V3A=0 AT_V3B=0 AT_V3C=0 → net=20.7$ صفقات=33 | 7704s
  1370/1920 | AT_TRAIL=6.0 AT_STOP=1.2 AT_PB=576 AT_TRIG=6 AT_V3A=0 AT_V3B=0 AT_V3C=1 → net=22.6$ صفقات=32 | 7710s
  1371/1920 | AT_TRAIL=6.0 AT_STOP=1.2 AT_PB=576 AT_TRIG=6 AT_V3A=0 AT_V3B=1 AT_V3C=0 → net=20.7$ صفقات=33 | 7716s
  1372/1920 | AT_TRAIL=6.0 AT_STOP=1.2 AT_PB=576 AT_TRIG=6 AT_V3A=0 AT_V3B=1 AT_V3C=1 → net=22.6$ صفقات=32 | 7722s
  1373/1920 | AT_TRAIL=6.0 AT_STOP=1.2 AT_PB=576 AT_TRIG=6 AT_V3A=1 AT_V3B=0 AT_V3C=0 → net=0.0$ صفقات=0 | 7733s
  1374/1920 | AT_TRAIL=6.0 AT_STOP=1.2 AT_PB=576 AT_TRIG=6 AT_V3A=1 AT_V3B=0 AT_V3C=1 → net=0.0$ صفقات=0 | 7743s
  1375/1920 | AT_TRAIL=6.0 AT_STOP=1.2 AT_PB=576 AT_TRIG=6 AT_V3A=1 AT_V3B=1 AT_V3C=0 → net=0.0$ صفقات=0 | 7754s
  1376/1920 | AT_TRAIL=6.0 AT_STOP=1.2 AT_PB=576 AT_TRIG=6 AT_V3A=1 AT_V3B=1 AT_V3C=1 → net=0.0$ صفقات=0 | 7764s
  1377/1920 | AT_TRAIL=6.0 AT_STOP=1.2 AT_PB=576 AT_TRIG=12 AT_V3A=0 AT_V3B=0 AT_V3C=0 → net=16.2$ صفقات=33 | 7770s
  1378/1920 | AT_TRAIL=6.0 AT_STOP=1.2 AT_PB=576 AT_TRIG=12 AT_V3A=0 AT_V3B=0 AT_V3C=1 → net=30.7$ صفقات=31 | 7776s
  1379/1920 | AT_TRAIL=6.0 AT_STOP=1.2 AT_PB=576 AT_TRIG=12 AT_V3A=0 AT_V3B=1 AT_V3C=0 → net=16.2$ صفقات=33 | 7783s
  1380/1920 | AT_TRAIL=6.0 AT_STOP=1.2 AT_PB=576 AT_TRIG=12 AT_V3A=0 AT_V3B=1 AT_V3C=1 → net=30.7$ صفقات=31 | 7789s
  1381/1920 | AT_TRAIL=6.0 AT_STOP=1.2 AT_PB=576 AT_TRIG=12 AT_V3A=1 AT_V3B=0 AT_V3C=0 → net=0.0$ صفقات=0 | 7799s
  1382/1920 | AT_TRAIL=6.0 AT_STOP=1.2 AT_PB=576 AT_TRIG=12 AT_V3A=1 AT_V3B=0 AT_V3C=1 → net=0.0$ صفقات=0 | 7810s
  1383/1920 | AT_TRAIL=6.0 AT_STOP=1.2 AT_PB=576 AT_TRIG=12 AT_V3A=1 AT_V3B=1 AT_V3C=0 → net=0.0$ صفقات=0 | 7820s
  1384/1920 | AT_TRAIL=6.0 AT_STOP=1.2 AT_PB=576 AT_TRIG=12 AT_V3A=1 AT_V3B=1 AT_V3C=1 → net=0.0$ صفقات=0 | 7830s
  1385/1920 | AT_TRAIL=6.0 AT_STOP=1.2 AT_PB=576 AT_TRIG=24 AT_V3A=0 AT_V3B=0 AT_V3C=0 → net=31.0$ صفقات=34 | 7836s
  1386/1920 | AT_TRAIL=6.0 AT_STOP=1.2 AT_PB=576 AT_TRIG=24 AT_V3A=0 AT_V3B=0 AT_V3C=1 → net=44.3$ صفقات=32 | 7843s
  1387/1920 | AT_TRAIL=6.0 AT_STOP=1.2 AT_PB=576 AT_TRIG=24 AT_V3A=0 AT_V3B=1 AT_V3C=0 → net=31.0$ صفقات=34 | 7849s
  1388/1920 | AT_TRAIL=6.0 AT_STOP=1.2 AT_PB=576 AT_TRIG=24 AT_V3A=0 AT_V3B=1 AT_V3C=1 → net=44.3$ صفقات=32 | 7855s
  1389/1920 | AT_TRAIL=6.0 AT_STOP=1.2 AT_PB=576 AT_TRIG=24 AT_V3A=1 AT_V3B=0 AT_V3C=0 → net=0.0$ صفقات=0 | 7866s
  1390/1920 | AT_TRAIL=6.0 AT_STOP=1.2 AT_PB=576 AT_TRIG=24 AT_V3A=1 AT_V3B=0 AT_V3C=1 → net=0.0$ صفقات=0 | 7876s
  1391/1920 | AT_TRAIL=6.0 AT_STOP=1.2 AT_PB=576 AT_TRIG=24 AT_V3A=1 AT_V3B=1 AT_V3C=0 → net=0.0$ صفقات=0 | 7887s
  1392/1920 | AT_TRAIL=6.0 AT_STOP=1.2 AT_PB=576 AT_TRIG=24 AT_V3A=1 AT_V3B=1 AT_V3C=1 → net=0.0$ صفقات=0 | 7897s
  1393/1920 | AT_TRAIL=6.0 AT_STOP=1.2 AT_PB=864 AT_TRIG=6 AT_V3A=0 AT_V3B=0 AT_V3C=0 → net=221.9$ صفقات=29 | 7904s
  1394/1920 | AT_TRAIL=6.0 AT_STOP=1.2 AT_PB=864 AT_TRIG=6 AT_V3A=0 AT_V3B=0 AT_V3C=1 → net=185.6$ صفقات=29 | 7911s
  1395/1920 | AT_TRAIL=6.0 AT_STOP=1.2 AT_PB=864 AT_TRIG=6 AT_V3A=0 AT_V3B=1 AT_V3C=0 → net=221.9$ صفقات=29 | 7917s
  1396/1920 | AT_TRAIL=6.0 AT_STOP=1.2 AT_PB=864 AT_TRIG=6 AT_V3A=0 AT_V3B=1 AT_V3C=1 → net=185.6$ صفقات=29 | 7924s
  1397/1920 | AT_TRAIL=6.0 AT_STOP=1.2 AT_PB=864 AT_TRIG=6 AT_V3A=1 AT_V3B=0 AT_V3C=0 → net=0.0$ صفقات=0 | 7934s
  1398/1920 | AT_TRAIL=6.0 AT_STOP=1.2 AT_PB=864 AT_TRIG=6 AT_V3A=1 AT_V3B=0 AT_V3C=1 → net=0.0$ صفقات=0 | 7945s
  1399/1920 | AT_TRAIL=6.0 AT_STOP=1.2 AT_PB=864 AT_TRIG=6 AT_V3A=1 AT_V3B=1 AT_V3C=0 → net=0.0$ صفقات=0 | 7955s
  1400/1920 | AT_TRAIL=6.0 AT_STOP=1.2 AT_PB=864 AT_TRIG=6 AT_V3A=1 AT_V3B=1 AT_V3C=1 → net=0.0$ صفقات=0 | 7966s
  1401/1920 | AT_TRAIL=6.0 AT_STOP=1.2 AT_PB=864 AT_TRIG=12 AT_V3A=0 AT_V3B=0 AT_V3C=0 → net=218.1$ صفقات=29 | 7972s
  1402/1920 | AT_TRAIL=6.0 AT_STOP=1.2 AT_PB=864 AT_TRIG=12 AT_V3A=0 AT_V3B=0 AT_V3C=1 → net=186.1$ صفقات=29 | 7979s
  1403/1920 | AT_TRAIL=6.0 AT_STOP=1.2 AT_PB=864 AT_TRIG=12 AT_V3A=0 AT_V3B=1 AT_V3C=0 → net=218.1$ صفقات=29 | 7985s
  1404/1920 | AT_TRAIL=6.0 AT_STOP=1.2 AT_PB=864 AT_TRIG=12 AT_V3A=0 AT_V3B=1 AT_V3C=1 → net=186.1$ صفقات=29 | 7991s
  1405/1920 | AT_TRAIL=6.0 AT_STOP=1.2 AT_PB=864 AT_TRIG=12 AT_V3A=1 AT_V3B=0 AT_V3C=0 → net=0.0$ صفقات=0 | 8002s
  1406/1920 | AT_TRAIL=6.0 AT_STOP=1.2 AT_PB=864 AT_TRIG=12 AT_V3A=1 AT_V3B=0 AT_V3C=1 → net=0.0$ صفقات=0 | 8012s
  1407/1920 | AT_TRAIL=6.0 AT_STOP=1.2 AT_PB=864 AT_TRIG=12 AT_V3A=1 AT_V3B=1 AT_V3C=0 → net=0.0$ صفقات=0 | 8023s
  1408/1920 | AT_TRAIL=6.0 AT_STOP=1.2 AT_PB=864 AT_TRIG=12 AT_V3A=1 AT_V3B=1 AT_V3C=1 → net=0.0$ صفقات=0 | 8033s
  1409/1920 | AT_TRAIL=6.0 AT_STOP=1.2 AT_PB=864 AT_TRIG=24 AT_V3A=0 AT_V3B=0 AT_V3C=0 → net=215.7$ صفقات=29 | 8040s
  1410/1920 | AT_TRAIL=6.0 AT_STOP=1.2 AT_PB=864 AT_TRIG=24 AT_V3A=0 AT_V3B=0 AT_V3C=1 → net=184.6$ صفقات=29 | 8046s
  1411/1920 | AT_TRAIL=6.0 AT_STOP=1.2 AT_PB=864 AT_TRIG=24 AT_V3A=0 AT_V3B=1 AT_V3C=0 → net=215.7$ صفقات=29 | 8052s
  1412/1920 | AT_TRAIL=6.0 AT_STOP=1.2 AT_PB=864 AT_TRIG=24 AT_V3A=0 AT_V3B=1 AT_V3C=1 → net=184.6$ صفقات=29 | 8059s
  1413/1920 | AT_TRAIL=6.0 AT_STOP=1.2 AT_PB=864 AT_TRIG=24 AT_V3A=1 AT_V3B=0 AT_V3C=0 → net=0.0$ صفقات=0 | 8069s
  1414/1920 | AT_TRAIL=6.0 AT_STOP=1.2 AT_PB=864 AT_TRIG=24 AT_V3A=1 AT_V3B=0 AT_V3C=1 → net=0.0$ صفقات=0 | 8080s
  1415/1920 | AT_TRAIL=6.0 AT_STOP=1.2 AT_PB=864 AT_TRIG=24 AT_V3A=1 AT_V3B=1 AT_V3C=0 → net=0.0$ صفقات=0 | 8090s
  1416/1920 | AT_TRAIL=6.0 AT_STOP=1.2 AT_PB=864 AT_TRIG=24 AT_V3A=1 AT_V3B=1 AT_V3C=1 → net=0.0$ صفقات=0 | 8101s
  1417/1920 | AT_TRAIL=6.0 AT_STOP=1.2 AT_PB=1440 AT_TRIG=6 AT_V3A=0 AT_V3B=0 AT_V3C=0 → net=434.2$ صفقات=21 | 8107s
  1418/1920 | AT_TRAIL=6.0 AT_STOP=1.2 AT_PB=1440 AT_TRIG=6 AT_V3A=0 AT_V3B=0 AT_V3C=1 → net=314.9$ صفقات=23 | 8113s
  1419/1920 | AT_TRAIL=6.0 AT_STOP=1.2 AT_PB=1440 AT_TRIG=6 AT_V3A=0 AT_V3B=1 AT_V3C=0 → net=434.2$ صفقات=21 | 8120s
  1420/1920 | AT_TRAIL=6.0 AT_STOP=1.2 AT_PB=1440 AT_TRIG=6 AT_V3A=0 AT_V3B=1 AT_V3C=1 → net=314.9$ صفقات=23 | 8126s
  1421/1920 | AT_TRAIL=6.0 AT_STOP=1.2 AT_PB=1440 AT_TRIG=6 AT_V3A=1 AT_V3B=0 AT_V3C=0 → net=0.0$ صفقات=0 | 8137s
  1422/1920 | AT_TRAIL=6.0 AT_STOP=1.2 AT_PB=1440 AT_TRIG=6 AT_V3A=1 AT_V3B=0 AT_V3C=1 → net=0.0$ صفقات=0 | 8148s
  1423/1920 | AT_TRAIL=6.0 AT_STOP=1.2 AT_PB=1440 AT_TRIG=6 AT_V3A=1 AT_V3B=1 AT_V3C=0 → net=0.0$ صفقات=0 | 8158s
  1424/1920 | AT_TRAIL=6.0 AT_STOP=1.2 AT_PB=1440 AT_TRIG=6 AT_V3A=1 AT_V3B=1 AT_V3C=1 → net=0.0$ صفقات=0 | 8169s
  1425/1920 | AT_TRAIL=6.0 AT_STOP=1.2 AT_PB=1440 AT_TRIG=12 AT_V3A=0 AT_V3B=0 AT_V3C=0 → net=436.6$ صفقات=21 | 8175s
  1426/1920 | AT_TRAIL=6.0 AT_STOP=1.2 AT_PB=1440 AT_TRIG=12 AT_V3A=0 AT_V3B=0 AT_V3C=1 → net=317.6$ صفقات=23 | 8182s
  1427/1920 | AT_TRAIL=6.0 AT_STOP=1.2 AT_PB=1440 AT_TRIG=12 AT_V3A=0 AT_V3B=1 AT_V3C=0 → net=436.6$ صفقات=21 | 8188s
  1428/1920 | AT_TRAIL=6.0 AT_STOP=1.2 AT_PB=1440 AT_TRIG=12 AT_V3A=0 AT_V3B=1 AT_V3C=1 → net=317.6$ صفقات=23 | 8194s
  1429/1920 | AT_TRAIL=6.0 AT_STOP=1.2 AT_PB=1440 AT_TRIG=12 AT_V3A=1 AT_V3B=0 AT_V3C=0 → net=0.0$ صفقات=0 | 8205s
  1430/1920 | AT_TRAIL=6.0 AT_STOP=1.2 AT_PB=1440 AT_TRIG=12 AT_V3A=1 AT_V3B=0 AT_V3C=1 → net=0.0$ صفقات=0 | 8215s
  1431/1920 | AT_TRAIL=6.0 AT_STOP=1.2 AT_PB=1440 AT_TRIG=12 AT_V3A=1 AT_V3B=1 AT_V3C=0 → net=0.0$ صفقات=0 | 8226s
  1432/1920 | AT_TRAIL=6.0 AT_STOP=1.2 AT_PB=1440 AT_TRIG=12 AT_V3A=1 AT_V3B=1 AT_V3C=1 → net=0.0$ صفقات=0 | 8236s
  1433/1920 | AT_TRAIL=6.0 AT_STOP=1.2 AT_PB=1440 AT_TRIG=24 AT_V3A=0 AT_V3B=0 AT_V3C=0 → net=424.5$ صفقات=22 | 8243s
  1434/1920 | AT_TRAIL=6.0 AT_STOP=1.2 AT_PB=1440 AT_TRIG=24 AT_V3A=0 AT_V3B=0 AT_V3C=1 → net=306.2$ صفقات=24 | 8250s
  1435/1920 | AT_TRAIL=6.0 AT_STOP=1.2 AT_PB=1440 AT_TRIG=24 AT_V3A=0 AT_V3B=1 AT_V3C=0 → net=424.5$ صفقات=22 | 8256s
  1436/1920 | AT_TRAIL=6.0 AT_STOP=1.2 AT_PB=1440 AT_TRIG=24 AT_V3A=0 AT_V3B=1 AT_V3C=1 → net=306.2$ صفقات=24 | 8263s
  1437/1920 | AT_TRAIL=6.0 AT_STOP=1.2 AT_PB=1440 AT_TRIG=24 AT_V3A=1 AT_V3B=0 AT_V3C=0 → net=0.0$ صفقات=0 | 8273s
  1438/1920 | AT_TRAIL=6.0 AT_STOP=1.2 AT_PB=1440 AT_TRIG=24 AT_V3A=1 AT_V3B=0 AT_V3C=1 → net=0.0$ صفقات=0 | 8283s
  1439/1920 | AT_TRAIL=6.0 AT_STOP=1.2 AT_PB=1440 AT_TRIG=24 AT_V3A=1 AT_V3B=1 AT_V3C=0 → net=0.0$ صفقات=0 | 8294s
  1440/1920 | AT_TRAIL=6.0 AT_STOP=1.2 AT_PB=1440 AT_TRIG=24 AT_V3A=1 AT_V3B=1 AT_V3C=1 → net=0.0$ صفقات=0 | 8304s
  1441/1920 | AT_TRAIL=6.0 AT_STOP=1.6 AT_PB=288 AT_TRIG=6 AT_V3A=0 AT_V3B=0 AT_V3C=0 → net=119.3$ صفقات=40 | 8310s
  1442/1920 | AT_TRAIL=6.0 AT_STOP=1.6 AT_PB=288 AT_TRIG=6 AT_V3A=0 AT_V3B=0 AT_V3C=1 → net=153.4$ صفقات=37 | 8316s
  1443/1920 | AT_TRAIL=6.0 AT_STOP=1.6 AT_PB=288 AT_TRIG=6 AT_V3A=0 AT_V3B=1 AT_V3C=0 → net=119.3$ صفقات=40 | 8322s
  1444/1920 | AT_TRAIL=6.0 AT_STOP=1.6 AT_PB=288 AT_TRIG=6 AT_V3A=0 AT_V3B=1 AT_V3C=1 → net=153.4$ صفقات=37 | 8328s
  1445/1920 | AT_TRAIL=6.0 AT_STOP=1.6 AT_PB=288 AT_TRIG=6 AT_V3A=1 AT_V3B=0 AT_V3C=0 → net=0.0$ صفقات=0 | 8338s
  1446/1920 | AT_TRAIL=6.0 AT_STOP=1.6 AT_PB=288 AT_TRIG=6 AT_V3A=1 AT_V3B=0 AT_V3C=1 → net=0.0$ صفقات=0 | 8349s
  1447/1920 | AT_TRAIL=6.0 AT_STOP=1.6 AT_PB=288 AT_TRIG=6 AT_V3A=1 AT_V3B=1 AT_V3C=0 → net=0.0$ صفقات=0 | 8359s
  1448/1920 | AT_TRAIL=6.0 AT_STOP=1.6 AT_PB=288 AT_TRIG=6 AT_V3A=1 AT_V3B=1 AT_V3C=1 → net=0.0$ صفقات=0 | 8369s
  1449/1920 | AT_TRAIL=6.0 AT_STOP=1.6 AT_PB=288 AT_TRIG=12 AT_V3A=0 AT_V3B=0 AT_V3C=0 → net=143.4$ صفقات=39 | 8375s
  1450/1920 | AT_TRAIL=6.0 AT_STOP=1.6 AT_PB=288 AT_TRIG=12 AT_V3A=0 AT_V3B=0 AT_V3C=1 → net=177.5$ صفقات=36 | 8382s
  1451/1920 | AT_TRAIL=6.0 AT_STOP=1.6 AT_PB=288 AT_TRIG=12 AT_V3A=0 AT_V3B=1 AT_V3C=0 → net=143.4$ صفقات=39 | 8388s
  1452/1920 | AT_TRAIL=6.0 AT_STOP=1.6 AT_PB=288 AT_TRIG=12 AT_V3A=0 AT_V3B=1 AT_V3C=1 → net=177.5$ صفقات=36 | 8394s
  1453/1920 | AT_TRAIL=6.0 AT_STOP=1.6 AT_PB=288 AT_TRIG=12 AT_V3A=1 AT_V3B=0 AT_V3C=0 → net=0.0$ صفقات=0 | 8404s
  1454/1920 | AT_TRAIL=6.0 AT_STOP=1.6 AT_PB=288 AT_TRIG=12 AT_V3A=1 AT_V3B=0 AT_V3C=1 → net=0.0$ صفقات=0 | 8415s
  1455/1920 | AT_TRAIL=6.0 AT_STOP=1.6 AT_PB=288 AT_TRIG=12 AT_V3A=1 AT_V3B=1 AT_V3C=0 → net=0.0$ صفقات=0 | 8426s
  1456/1920 | AT_TRAIL=6.0 AT_STOP=1.6 AT_PB=288 AT_TRIG=12 AT_V3A=1 AT_V3B=1 AT_V3C=1 → net=0.0$ صفقات=0 | 8436s
  1457/1920 | AT_TRAIL=6.0 AT_STOP=1.6 AT_PB=288 AT_TRIG=24 AT_V3A=0 AT_V3B=0 AT_V3C=0 → net=68.1$ صفقات=42 | 8443s
  1458/1920 | AT_TRAIL=6.0 AT_STOP=1.6 AT_PB=288 AT_TRIG=24 AT_V3A=0 AT_V3B=0 AT_V3C=1 → net=103.3$ صفقات=39 | 8449s
  1459/1920 | AT_TRAIL=6.0 AT_STOP=1.6 AT_PB=288 AT_TRIG=24 AT_V3A=0 AT_V3B=1 AT_V3C=0 → net=68.1$ صفقات=42 | 8455s
  1460/1920 | AT_TRAIL=6.0 AT_STOP=1.6 AT_PB=288 AT_TRIG=24 AT_V3A=0 AT_V3B=1 AT_V3C=1 → net=103.3$ صفقات=39 | 8462s
  1461/1920 | AT_TRAIL=6.0 AT_STOP=1.6 AT_PB=288 AT_TRIG=24 AT_V3A=1 AT_V3B=0 AT_V3C=0 → net=0.0$ صفقات=0 | 8472s
  1462/1920 | AT_TRAIL=6.0 AT_STOP=1.6 AT_PB=288 AT_TRIG=24 AT_V3A=1 AT_V3B=0 AT_V3C=1 → net=0.0$ صفقات=0 | 8482s
  1463/1920 | AT_TRAIL=6.0 AT_STOP=1.6 AT_PB=288 AT_TRIG=24 AT_V3A=1 AT_V3B=1 AT_V3C=0 → net=0.0$ صفقات=0 | 8493s
  1464/1920 | AT_TRAIL=6.0 AT_STOP=1.6 AT_PB=288 AT_TRIG=24 AT_V3A=1 AT_V3B=1 AT_V3C=1 → net=0.0$ صفقات=0 | 8503s
  1465/1920 | AT_TRAIL=6.0 AT_STOP=1.6 AT_PB=576 AT_TRIG=6 AT_V3A=0 AT_V3B=0 AT_V3C=0 → net=20.5$ صفقات=33 | 8509s
  1466/1920 | AT_TRAIL=6.0 AT_STOP=1.6 AT_PB=576 AT_TRIG=6 AT_V3A=0 AT_V3B=0 AT_V3C=1 → net=22.5$ صفقات=32 | 8516s
  1467/1920 | AT_TRAIL=6.0 AT_STOP=1.6 AT_PB=576 AT_TRIG=6 AT_V3A=0 AT_V3B=1 AT_V3C=0 → net=20.5$ صفقات=33 | 8522s
  1468/1920 | AT_TRAIL=6.0 AT_STOP=1.6 AT_PB=576 AT_TRIG=6 AT_V3A=0 AT_V3B=1 AT_V3C=1 → net=22.5$ صفقات=32 | 8528s
  1469/1920 | AT_TRAIL=6.0 AT_STOP=1.6 AT_PB=576 AT_TRIG=6 AT_V3A=1 AT_V3B=0 AT_V3C=0 → net=0.0$ صفقات=0 | 8539s
  1470/1920 | AT_TRAIL=6.0 AT_STOP=1.6 AT_PB=576 AT_TRIG=6 AT_V3A=1 AT_V3B=0 AT_V3C=1 → net=0.0$ صفقات=0 | 8549s
  1471/1920 | AT_TRAIL=6.0 AT_STOP=1.6 AT_PB=576 AT_TRIG=6 AT_V3A=1 AT_V3B=1 AT_V3C=0 → net=0.0$ صفقات=0 | 8560s
  1472/1920 | AT_TRAIL=6.0 AT_STOP=1.6 AT_PB=576 AT_TRIG=6 AT_V3A=1 AT_V3B=1 AT_V3C=1 → net=0.0$ صفقات=0 | 8570s
  1473/1920 | AT_TRAIL=6.0 AT_STOP=1.6 AT_PB=576 AT_TRIG=12 AT_V3A=0 AT_V3B=0 AT_V3C=0 → net=16.0$ صفقات=33 | 8577s
  1474/1920 | AT_TRAIL=6.0 AT_STOP=1.6 AT_PB=576 AT_TRIG=12 AT_V3A=0 AT_V3B=0 AT_V3C=1 → net=30.5$ صفقات=31 | 8583s
  1475/1920 | AT_TRAIL=6.0 AT_STOP=1.6 AT_PB=576 AT_TRIG=12 AT_V3A=0 AT_V3B=1 AT_V3C=0 → net=16.0$ صفقات=33 | 8589s
  1476/1920 | AT_TRAIL=6.0 AT_STOP=1.6 AT_PB=576 AT_TRIG=12 AT_V3A=0 AT_V3B=1 AT_V3C=1 → net=30.5$ صفقات=31 | 8596s
  1477/1920 | AT_TRAIL=6.0 AT_STOP=1.6 AT_PB=576 AT_TRIG=12 AT_V3A=1 AT_V3B=0 AT_V3C=0 → net=0.0$ صفقات=0 | 8607s
  1478/1920 | AT_TRAIL=6.0 AT_STOP=1.6 AT_PB=576 AT_TRIG=12 AT_V3A=1 AT_V3B=0 AT_V3C=1 → net=0.0$ صفقات=0 | 8617s
  1479/1920 | AT_TRAIL=6.0 AT_STOP=1.6 AT_PB=576 AT_TRIG=12 AT_V3A=1 AT_V3B=1 AT_V3C=0 → net=0.0$ صفقات=0 | 8628s
  1480/1920 | AT_TRAIL=6.0 AT_STOP=1.6 AT_PB=576 AT_TRIG=12 AT_V3A=1 AT_V3B=1 AT_V3C=1 → net=0.0$ صفقات=0 | 8638s
  1481/1920 | AT_TRAIL=6.0 AT_STOP=1.6 AT_PB=576 AT_TRIG=24 AT_V3A=0 AT_V3B=0 AT_V3C=0 → net=30.8$ صفقات=34 | 8644s
  1482/1920 | AT_TRAIL=6.0 AT_STOP=1.6 AT_PB=576 AT_TRIG=24 AT_V3A=0 AT_V3B=0 AT_V3C=1 → net=44.2$ صفقات=32 | 8651s
  1483/1920 | AT_TRAIL=6.0 AT_STOP=1.6 AT_PB=576 AT_TRIG=24 AT_V3A=0 AT_V3B=1 AT_V3C=0 → net=30.8$ صفقات=34 | 8657s
  1484/1920 | AT_TRAIL=6.0 AT_STOP=1.6 AT_PB=576 AT_TRIG=24 AT_V3A=0 AT_V3B=1 AT_V3C=1 → net=44.2$ صفقات=32 | 8664s
  1485/1920 | AT_TRAIL=6.0 AT_STOP=1.6 AT_PB=576 AT_TRIG=24 AT_V3A=1 AT_V3B=0 AT_V3C=0 → net=0.0$ صفقات=0 | 8674s
  1486/1920 | AT_TRAIL=6.0 AT_STOP=1.6 AT_PB=576 AT_TRIG=24 AT_V3A=1 AT_V3B=0 AT_V3C=1 → net=0.0$ صفقات=0 | 8684s
  1487/1920 | AT_TRAIL=6.0 AT_STOP=1.6 AT_PB=576 AT_TRIG=24 AT_V3A=1 AT_V3B=1 AT_V3C=0 → net=0.0$ صفقات=0 | 8695s
  1488/1920 | AT_TRAIL=6.0 AT_STOP=1.6 AT_PB=576 AT_TRIG=24 AT_V3A=1 AT_V3B=1 AT_V3C=1 → net=0.0$ صفقات=0 | 8705s
  1489/1920 | AT_TRAIL=6.0 AT_STOP=1.6 AT_PB=864 AT_TRIG=6 AT_V3A=0 AT_V3B=0 AT_V3C=0 → net=221.3$ صفقات=29 | 8712s
  1490/1920 | AT_TRAIL=6.0 AT_STOP=1.6 AT_PB=864 AT_TRIG=6 AT_V3A=0 AT_V3B=0 AT_V3C=1 → net=185.0$ صفقات=29 | 8718s
  1491/1920 | AT_TRAIL=6.0 AT_STOP=1.6 AT_PB=864 AT_TRIG=6 AT_V3A=0 AT_V3B=1 AT_V3C=0 → net=221.3$ صفقات=29 | 8724s
  1492/1920 | AT_TRAIL=6.0 AT_STOP=1.6 AT_PB=864 AT_TRIG=6 AT_V3A=0 AT_V3B=1 AT_V3C=1 → net=185.0$ صفقات=29 | 8731s
  1493/1920 | AT_TRAIL=6.0 AT_STOP=1.6 AT_PB=864 AT_TRIG=6 AT_V3A=1 AT_V3B=0 AT_V3C=0 → net=0.0$ صفقات=0 | 8741s
  1494/1920 | AT_TRAIL=6.0 AT_STOP=1.6 AT_PB=864 AT_TRIG=6 AT_V3A=1 AT_V3B=0 AT_V3C=1 → net=0.0$ صفقات=0 | 8752s
  1495/1920 | AT_TRAIL=6.0 AT_STOP=1.6 AT_PB=864 AT_TRIG=6 AT_V3A=1 AT_V3B=1 AT_V3C=0 → net=0.0$ صفقات=0 | 8763s
  1496/1920 | AT_TRAIL=6.0 AT_STOP=1.6 AT_PB=864 AT_TRIG=6 AT_V3A=1 AT_V3B=1 AT_V3C=1 → net=0.0$ صفقات=0 | 8773s
  1497/1920 | AT_TRAIL=6.0 AT_STOP=1.6 AT_PB=864 AT_TRIG=12 AT_V3A=0 AT_V3B=0 AT_V3C=0 → net=216.9$ صفقات=29 | 8780s
  1498/1920 | AT_TRAIL=6.0 AT_STOP=1.6 AT_PB=864 AT_TRIG=12 AT_V3A=0 AT_V3B=0 AT_V3C=1 → net=185.0$ صفقات=29 | 8786s
  1499/1920 | AT_TRAIL=6.0 AT_STOP=1.6 AT_PB=864 AT_TRIG=12 AT_V3A=0 AT_V3B=1 AT_V3C=0 → net=216.9$ صفقات=29 | 8793s
  1500/1920 | AT_TRAIL=6.0 AT_STOP=1.6 AT_PB=864 AT_TRIG=12 AT_V3A=0 AT_V3B=1 AT_V3C=1 → net=185.0$ صفقات=29 | 8799s
  1501/1920 | AT_TRAIL=6.0 AT_STOP=1.6 AT_PB=864 AT_TRIG=12 AT_V3A=1 AT_V3B=0 AT_V3C=0 → net=0.0$ صفقات=0 | 8810s
  1502/1920 | AT_TRAIL=6.0 AT_STOP=1.6 AT_PB=864 AT_TRIG=12 AT_V3A=1 AT_V3B=0 AT_V3C=1 → net=0.0$ صفقات=0 | 8820s
  1503/1920 | AT_TRAIL=6.0 AT_STOP=1.6 AT_PB=864 AT_TRIG=12 AT_V3A=1 AT_V3B=1 AT_V3C=0 → net=0.0$ صفقات=0 | 8831s
  1504/1920 | AT_TRAIL=6.0 AT_STOP=1.6 AT_PB=864 AT_TRIG=12 AT_V3A=1 AT_V3B=1 AT_V3C=1 → net=0.0$ صفقات=0 | 8842s
  1505/1920 | AT_TRAIL=6.0 AT_STOP=1.6 AT_PB=864 AT_TRIG=24 AT_V3A=0 AT_V3B=0 AT_V3C=0 → net=211.2$ صفقات=29 | 8848s
  1506/1920 | AT_TRAIL=6.0 AT_STOP=1.6 AT_PB=864 AT_TRIG=24 AT_V3A=0 AT_V3B=0 AT_V3C=1 → net=180.1$ صفقات=29 | 8855s
  1507/1920 | AT_TRAIL=6.0 AT_STOP=1.6 AT_PB=864 AT_TRIG=24 AT_V3A=0 AT_V3B=1 AT_V3C=0 → net=211.2$ صفقات=29 | 8861s
  1508/1920 | AT_TRAIL=6.0 AT_STOP=1.6 AT_PB=864 AT_TRIG=24 AT_V3A=0 AT_V3B=1 AT_V3C=1 → net=180.1$ صفقات=29 | 8868s
  1509/1920 | AT_TRAIL=6.0 AT_STOP=1.6 AT_PB=864 AT_TRIG=24 AT_V3A=1 AT_V3B=0 AT_V3C=0 → net=0.0$ صفقات=0 | 8878s
  1510/1920 | AT_TRAIL=6.0 AT_STOP=1.6 AT_PB=864 AT_TRIG=24 AT_V3A=1 AT_V3B=0 AT_V3C=1 → net=0.0$ صفقات=0 | 8889s
  1511/1920 | AT_TRAIL=6.0 AT_STOP=1.6 AT_PB=864 AT_TRIG=24 AT_V3A=1 AT_V3B=1 AT_V3C=0 → net=0.0$ صفقات=0 | 8900s
  1512/1920 | AT_TRAIL=6.0 AT_STOP=1.6 AT_PB=864 AT_TRIG=24 AT_V3A=1 AT_V3B=1 AT_V3C=1 → net=0.0$ صفقات=0 | 8910s
  1513/1920 | AT_TRAIL=6.0 AT_STOP=1.6 AT_PB=1440 AT_TRIG=6 AT_V3A=0 AT_V3B=0 AT_V3C=0 → net=432.8$ صفقات=21 | 8917s
  1514/1920 | AT_TRAIL=6.0 AT_STOP=1.6 AT_PB=1440 AT_TRIG=6 AT_V3A=0 AT_V3B=0 AT_V3C=1 → net=314.0$ صفقات=23 | 8923s
  1515/1920 | AT_TRAIL=6.0 AT_STOP=1.6 AT_PB=1440 AT_TRIG=6 AT_V3A=0 AT_V3B=1 AT_V3C=0 → net=432.8$ صفقات=21 | 8930s
  1516/1920 | AT_TRAIL=6.0 AT_STOP=1.6 AT_PB=1440 AT_TRIG=6 AT_V3A=0 AT_V3B=1 AT_V3C=1 → net=314.0$ صفقات=23 | 8936s
  1517/1920 | AT_TRAIL=6.0 AT_STOP=1.6 AT_PB=1440 AT_TRIG=6 AT_V3A=1 AT_V3B=0 AT_V3C=0 → net=0.0$ صفقات=0 | 8946s
  1518/1920 | AT_TRAIL=6.0 AT_STOP=1.6 AT_PB=1440 AT_TRIG=6 AT_V3A=1 AT_V3B=0 AT_V3C=1 → net=0.0$ صفقات=0 | 8957s
  1519/1920 | AT_TRAIL=6.0 AT_STOP=1.6 AT_PB=1440 AT_TRIG=6 AT_V3A=1 AT_V3B=1 AT_V3C=0 → net=0.0$ صفقات=0 | 8970s
  1520/1920 | AT_TRAIL=6.0 AT_STOP=1.6 AT_PB=1440 AT_TRIG=6 AT_V3A=1 AT_V3B=1 AT_V3C=1 → net=0.0$ صفقات=0 | 8983s
  1521/1920 | AT_TRAIL=6.0 AT_STOP=1.6 AT_PB=1440 AT_TRIG=12 AT_V3A=0 AT_V3B=0 AT_V3C=0 → net=435.2$ صفقات=21 | 8989s
  1522/1920 | AT_TRAIL=6.0 AT_STOP=1.6 AT_PB=1440 AT_TRIG=12 AT_V3A=0 AT_V3B=0 AT_V3C=1 → net=316.8$ صفقات=23 | 8996s
  1523/1920 | AT_TRAIL=6.0 AT_STOP=1.6 AT_PB=1440 AT_TRIG=12 AT_V3A=0 AT_V3B=1 AT_V3C=0 → net=435.2$ صفقات=21 | 9002s
  1524/1920 | AT_TRAIL=6.0 AT_STOP=1.6 AT_PB=1440 AT_TRIG=12 AT_V3A=0 AT_V3B=1 AT_V3C=1 → net=316.8$ صفقات=23 | 9009s
  1525/1920 | AT_TRAIL=6.0 AT_STOP=1.6 AT_PB=1440 AT_TRIG=12 AT_V3A=1 AT_V3B=0 AT_V3C=0 → net=0.0$ صفقات=0 | 9019s
  1526/1920 | AT_TRAIL=6.0 AT_STOP=1.6 AT_PB=1440 AT_TRIG=12 AT_V3A=1 AT_V3B=0 AT_V3C=1 → net=0.0$ صفقات=0 | 9030s
  1527/1920 | AT_TRAIL=6.0 AT_STOP=1.6 AT_PB=1440 AT_TRIG=12 AT_V3A=1 AT_V3B=1 AT_V3C=0 → net=0.0$ صفقات=0 | 9041s
  1528/1920 | AT_TRAIL=6.0 AT_STOP=1.6 AT_PB=1440 AT_TRIG=12 AT_V3A=1 AT_V3B=1 AT_V3C=1 → net=0.0$ صفقات=0 | 9051s
  1529/1920 | AT_TRAIL=6.0 AT_STOP=1.6 AT_PB=1440 AT_TRIG=24 AT_V3A=0 AT_V3B=0 AT_V3C=0 → net=423.0$ صفقات=22 | 9058s
  1530/1920 | AT_TRAIL=6.0 AT_STOP=1.6 AT_PB=1440 AT_TRIG=24 AT_V3A=0 AT_V3B=0 AT_V3C=1 → net=305.3$ صفقات=24 | 9064s
  1531/1920 | AT_TRAIL=6.0 AT_STOP=1.6 AT_PB=1440 AT_TRIG=24 AT_V3A=0 AT_V3B=1 AT_V3C=0 → net=423.0$ صفقات=22 | 9071s
  1532/1920 | AT_TRAIL=6.0 AT_STOP=1.6 AT_PB=1440 AT_TRIG=24 AT_V3A=0 AT_V3B=1 AT_V3C=1 → net=305.3$ صفقات=24 | 9077s
  1533/1920 | AT_TRAIL=6.0 AT_STOP=1.6 AT_PB=1440 AT_TRIG=24 AT_V3A=1 AT_V3B=0 AT_V3C=0 → net=0.0$ صفقات=0 | 9087s
  1534/1920 | AT_TRAIL=6.0 AT_STOP=1.6 AT_PB=1440 AT_TRIG=24 AT_V3A=1 AT_V3B=0 AT_V3C=1 → net=0.0$ صفقات=0 | 9098s
  1535/1920 | AT_TRAIL=6.0 AT_STOP=1.6 AT_PB=1440 AT_TRIG=24 AT_V3A=1 AT_V3B=1 AT_V3C=0 → net=0.0$ صفقات=0 | 9109s
  1536/1920 | AT_TRAIL=6.0 AT_STOP=1.6 AT_PB=1440 AT_TRIG=24 AT_V3A=1 AT_V3B=1 AT_V3C=1 → net=0.0$ صفقات=0 | 9120s
  1537/1920 | AT_TRAIL=8.0 AT_STOP=0.5 AT_PB=288 AT_TRIG=6 AT_V3A=0 AT_V3B=0 AT_V3C=0 → net=688.9$ صفقات=24 | 9125s
  1538/1920 | AT_TRAIL=8.0 AT_STOP=0.5 AT_PB=288 AT_TRIG=6 AT_V3A=0 AT_V3B=0 AT_V3C=1 → net=734.9$ صفقات=22 | 9130s
  1539/1920 | AT_TRAIL=8.0 AT_STOP=0.5 AT_PB=288 AT_TRIG=6 AT_V3A=0 AT_V3B=1 AT_V3C=0 → net=688.9$ صفقات=24 | 9136s
  1540/1920 | AT_TRAIL=8.0 AT_STOP=0.5 AT_PB=288 AT_TRIG=6 AT_V3A=0 AT_V3B=1 AT_V3C=1 → net=734.9$ صفقات=22 | 9142s
  1541/1920 | AT_TRAIL=8.0 AT_STOP=0.5 AT_PB=288 AT_TRIG=6 AT_V3A=1 AT_V3B=0 AT_V3C=0 → net=0.0$ صفقات=0 | 9155s
  1542/1920 | AT_TRAIL=8.0 AT_STOP=0.5 AT_PB=288 AT_TRIG=6 AT_V3A=1 AT_V3B=0 AT_V3C=1 → net=0.0$ صفقات=0 | 9169s
  1543/1920 | AT_TRAIL=8.0 AT_STOP=0.5 AT_PB=288 AT_TRIG=6 AT_V3A=1 AT_V3B=1 AT_V3C=0 → net=0.0$ صفقات=0 | 9180s
  1544/1920 | AT_TRAIL=8.0 AT_STOP=0.5 AT_PB=288 AT_TRIG=6 AT_V3A=1 AT_V3B=1 AT_V3C=1 → net=0.0$ صفقات=0 | 9193s
  1545/1920 | AT_TRAIL=8.0 AT_STOP=0.5 AT_PB=288 AT_TRIG=12 AT_V3A=0 AT_V3B=0 AT_V3C=0 → net=701.5$ صفقات=23 | 9199s
  1546/1920 | AT_TRAIL=8.0 AT_STOP=0.5 AT_PB=288 AT_TRIG=12 AT_V3A=0 AT_V3B=0 AT_V3C=1 → net=729.2$ صفقات=22 | 9205s
  1547/1920 | AT_TRAIL=8.0 AT_STOP=0.5 AT_PB=288 AT_TRIG=12 AT_V3A=0 AT_V3B=1 AT_V3C=0 → net=701.5$ صفقات=23 | 9210s
  1548/1920 | AT_TRAIL=8.0 AT_STOP=0.5 AT_PB=288 AT_TRIG=12 AT_V3A=0 AT_V3B=1 AT_V3C=1 → net=729.2$ صفقات=22 | 9215s
  1549/1920 | AT_TRAIL=8.0 AT_STOP=0.5 AT_PB=288 AT_TRIG=12 AT_V3A=1 AT_V3B=0 AT_V3C=0 → net=0.0$ صفقات=0 | 9225s
  1550/1920 | AT_TRAIL=8.0 AT_STOP=0.5 AT_PB=288 AT_TRIG=12 AT_V3A=1 AT_V3B=0 AT_V3C=1 → net=0.0$ صفقات=0 | 9235s
  1551/1920 | AT_TRAIL=8.0 AT_STOP=0.5 AT_PB=288 AT_TRIG=12 AT_V3A=1 AT_V3B=1 AT_V3C=0 → net=0.0$ صفقات=0 | 9246s
  1552/1920 | AT_TRAIL=8.0 AT_STOP=0.5 AT_PB=288 AT_TRIG=12 AT_V3A=1 AT_V3B=1 AT_V3C=1 → net=0.0$ صفقات=0 | 9256s
  1553/1920 | AT_TRAIL=8.0 AT_STOP=0.5 AT_PB=288 AT_TRIG=24 AT_V3A=0 AT_V3B=0 AT_V3C=0 → net=512.0$ صفقات=39 | 9261s
  1554/1920 | AT_TRAIL=8.0 AT_STOP=0.5 AT_PB=288 AT_TRIG=24 AT_V3A=0 AT_V3B=0 AT_V3C=1 → net=536.2$ صفقات=37 | 9267s
  1555/1920 | AT_TRAIL=8.0 AT_STOP=0.5 AT_PB=288 AT_TRIG=24 AT_V3A=0 AT_V3B=1 AT_V3C=0 → net=512.0$ صفقات=39 | 9273s
  1556/1920 | AT_TRAIL=8.0 AT_STOP=0.5 AT_PB=288 AT_TRIG=24 AT_V3A=0 AT_V3B=1 AT_V3C=1 → net=536.2$ صفقات=37 | 9278s
  1557/1920 | AT_TRAIL=8.0 AT_STOP=0.5 AT_PB=288 AT_TRIG=24 AT_V3A=1 AT_V3B=0 AT_V3C=0 → net=0.0$ صفقات=0 | 9289s
  1558/1920 | AT_TRAIL=8.0 AT_STOP=0.5 AT_PB=288 AT_TRIG=24 AT_V3A=1 AT_V3B=0 AT_V3C=1 → net=0.0$ صفقات=0 | 9300s
  1559/1920 | AT_TRAIL=8.0 AT_STOP=0.5 AT_PB=288 AT_TRIG=24 AT_V3A=1 AT_V3B=1 AT_V3C=0 → net=0.0$ صفقات=0 | 9310s
  1560/1920 | AT_TRAIL=8.0 AT_STOP=0.5 AT_PB=288 AT_TRIG=24 AT_V3A=1 AT_V3B=1 AT_V3C=1 → net=0.0$ صفقات=0 | 9320s
  1561/1920 | AT_TRAIL=8.0 AT_STOP=0.5 AT_PB=576 AT_TRIG=6 AT_V3A=0 AT_V3B=0 AT_V3C=0 → net=579.0$ صفقات=23 | 9325s
  1562/1920 | AT_TRAIL=8.0 AT_STOP=0.5 AT_PB=576 AT_TRIG=6 AT_V3A=0 AT_V3B=0 AT_V3C=1 → net=577.9$ صفقات=23 | 9330s
  1563/1920 | AT_TRAIL=8.0 AT_STOP=0.5 AT_PB=576 AT_TRIG=6 AT_V3A=0 AT_V3B=1 AT_V3C=0 → net=579.0$ صفقات=23 | 9336s
  1564/1920 | AT_TRAIL=8.0 AT_STOP=0.5 AT_PB=576 AT_TRIG=6 AT_V3A=0 AT_V3B=1 AT_V3C=1 → net=577.9$ صفقات=23 | 9341s
  1565/1920 | AT_TRAIL=8.0 AT_STOP=0.5 AT_PB=576 AT_TRIG=6 AT_V3A=1 AT_V3B=0 AT_V3C=0 → net=0.0$ صفقات=0 | 9351s
  1566/1920 | AT_TRAIL=8.0 AT_STOP=0.5 AT_PB=576 AT_TRIG=6 AT_V3A=1 AT_V3B=0 AT_V3C=1 → net=0.0$ صفقات=0 | 9362s
  1567/1920 | AT_TRAIL=8.0 AT_STOP=0.5 AT_PB=576 AT_TRIG=6 AT_V3A=1 AT_V3B=1 AT_V3C=0 → net=0.0$ صفقات=0 | 9373s
  1568/1920 | AT_TRAIL=8.0 AT_STOP=0.5 AT_PB=576 AT_TRIG=6 AT_V3A=1 AT_V3B=1 AT_V3C=1 → net=0.0$ صفقات=0 | 9383s
  1569/1920 | AT_TRAIL=8.0 AT_STOP=0.5 AT_PB=576 AT_TRIG=12 AT_V3A=0 AT_V3B=0 AT_V3C=0 → net=574.1$ صفقات=23 | 9388s
  1570/1920 | AT_TRAIL=8.0 AT_STOP=0.5 AT_PB=576 AT_TRIG=12 AT_V3A=0 AT_V3B=0 AT_V3C=1 → net=586.3$ صفقات=22 | 9393s
  1571/1920 | AT_TRAIL=8.0 AT_STOP=0.5 AT_PB=576 AT_TRIG=12 AT_V3A=0 AT_V3B=1 AT_V3C=0 → net=574.1$ صفقات=23 | 9399s
  1572/1920 | AT_TRAIL=8.0 AT_STOP=0.5 AT_PB=576 AT_TRIG=12 AT_V3A=0 AT_V3B=1 AT_V3C=1 → net=586.3$ صفقات=22 | 9404s
  1573/1920 | AT_TRAIL=8.0 AT_STOP=0.5 AT_PB=576 AT_TRIG=12 AT_V3A=1 AT_V3B=0 AT_V3C=0 → net=0.0$ صفقات=0 | 9414s
  1574/1920 | AT_TRAIL=8.0 AT_STOP=0.5 AT_PB=576 AT_TRIG=12 AT_V3A=1 AT_V3B=0 AT_V3C=1 → net=0.0$ صفقات=0 | 9424s
  1575/1920 | AT_TRAIL=8.0 AT_STOP=0.5 AT_PB=576 AT_TRIG=12 AT_V3A=1 AT_V3B=1 AT_V3C=0 → net=0.0$ صفقات=0 | 9435s
  1576/1920 | AT_TRAIL=8.0 AT_STOP=0.5 AT_PB=576 AT_TRIG=12 AT_V3A=1 AT_V3B=1 AT_V3C=1 → net=0.0$ صفقات=0 | 9445s
  1577/1920 | AT_TRAIL=8.0 AT_STOP=0.5 AT_PB=576 AT_TRIG=24 AT_V3A=0 AT_V3B=0 AT_V3C=0 → net=227.8$ صفقات=25 | 9451s
  1578/1920 | AT_TRAIL=8.0 AT_STOP=0.5 AT_PB=576 AT_TRIG=24 AT_V3A=0 AT_V3B=0 AT_V3C=1 → net=247.5$ صفقات=23 | 9456s
  1579/1920 | AT_TRAIL=8.0 AT_STOP=0.5 AT_PB=576 AT_TRIG=24 AT_V3A=0 AT_V3B=1 AT_V3C=0 → net=227.8$ صفقات=25 | 9462s
  1580/1920 | AT_TRAIL=8.0 AT_STOP=0.5 AT_PB=576 AT_TRIG=24 AT_V3A=0 AT_V3B=1 AT_V3C=1 → net=247.5$ صفقات=23 | 9468s
  1581/1920 | AT_TRAIL=8.0 AT_STOP=0.5 AT_PB=576 AT_TRIG=24 AT_V3A=1 AT_V3B=0 AT_V3C=0 → net=0.0$ صفقات=0 | 9479s
  1582/1920 | AT_TRAIL=8.0 AT_STOP=0.5 AT_PB=576 AT_TRIG=24 AT_V3A=1 AT_V3B=0 AT_V3C=1 → net=0.0$ صفقات=0 | 9489s
  1583/1920 | AT_TRAIL=8.0 AT_STOP=0.5 AT_PB=576 AT_TRIG=24 AT_V3A=1 AT_V3B=1 AT_V3C=0 → net=0.0$ صفقات=0 | 9500s
  1584/1920 | AT_TRAIL=8.0 AT_STOP=0.5 AT_PB=576 AT_TRIG=24 AT_V3A=1 AT_V3B=1 AT_V3C=1 → net=0.0$ صفقات=0 | 9510s
  1585/1920 | AT_TRAIL=8.0 AT_STOP=0.5 AT_PB=864 AT_TRIG=6 AT_V3A=0 AT_V3B=0 AT_V3C=0 → net=401.7$ صفقات=22 | 9516s
  1586/1920 | AT_TRAIL=8.0 AT_STOP=0.5 AT_PB=864 AT_TRIG=6 AT_V3A=0 AT_V3B=0 AT_V3C=1 → net=371.7$ صفقات=22 | 9522s
  1587/1920 | AT_TRAIL=8.0 AT_STOP=0.5 AT_PB=864 AT_TRIG=6 AT_V3A=0 AT_V3B=1 AT_V3C=0 → net=401.7$ صفقات=22 | 9527s
  1588/1920 | AT_TRAIL=8.0 AT_STOP=0.5 AT_PB=864 AT_TRIG=6 AT_V3A=0 AT_V3B=1 AT_V3C=1 → net=371.7$ صفقات=22 | 9533s
  1589/1920 | AT_TRAIL=8.0 AT_STOP=0.5 AT_PB=864 AT_TRIG=6 AT_V3A=1 AT_V3B=0 AT_V3C=0 → net=0.0$ صفقات=0 | 9544s
  1590/1920 | AT_TRAIL=8.0 AT_STOP=0.5 AT_PB=864 AT_TRIG=6 AT_V3A=1 AT_V3B=0 AT_V3C=1 → net=0.0$ صفقات=0 | 9554s
  1591/1920 | AT_TRAIL=8.0 AT_STOP=0.5 AT_PB=864 AT_TRIG=6 AT_V3A=1 AT_V3B=1 AT_V3C=0 → net=0.0$ صفقات=0 | 9565s
  1592/1920 | AT_TRAIL=8.0 AT_STOP=0.5 AT_PB=864 AT_TRIG=6 AT_V3A=1 AT_V3B=1 AT_V3C=1 → net=0.0$ صفقات=0 | 9575s
  1593/1920 | AT_TRAIL=8.0 AT_STOP=0.5 AT_PB=864 AT_TRIG=12 AT_V3A=0 AT_V3B=0 AT_V3C=0 → net=398.2$ صفقات=22 | 9581s
  1594/1920 | AT_TRAIL=8.0 AT_STOP=0.5 AT_PB=864 AT_TRIG=12 AT_V3A=0 AT_V3B=0 AT_V3C=1 → net=373.9$ صفقات=22 | 9587s
  1595/1920 | AT_TRAIL=8.0 AT_STOP=0.5 AT_PB=864 AT_TRIG=12 AT_V3A=0 AT_V3B=1 AT_V3C=0 → net=398.2$ صفقات=22 | 9592s
  1596/1920 | AT_TRAIL=8.0 AT_STOP=0.5 AT_PB=864 AT_TRIG=12 AT_V3A=0 AT_V3B=1 AT_V3C=1 → net=373.9$ صفقات=22 | 9598s
  1597/1920 | AT_TRAIL=8.0 AT_STOP=0.5 AT_PB=864 AT_TRIG=12 AT_V3A=1 AT_V3B=0 AT_V3C=0 → net=0.0$ صفقات=0 | 9608s
  1598/1920 | AT_TRAIL=8.0 AT_STOP=0.5 AT_PB=864 AT_TRIG=12 AT_V3A=1 AT_V3B=0 AT_V3C=1 → net=0.0$ صفقات=0 | 9619s
  1599/1920 | AT_TRAIL=8.0 AT_STOP=0.5 AT_PB=864 AT_TRIG=12 AT_V3A=1 AT_V3B=1 AT_V3C=0 → net=0.0$ صفقات=0 | 9630s
  1600/1920 | AT_TRAIL=8.0 AT_STOP=0.5 AT_PB=864 AT_TRIG=12 AT_V3A=1 AT_V3B=1 AT_V3C=1 → net=0.0$ صفقات=0 | 9641s
  1601/1920 | AT_TRAIL=8.0 AT_STOP=0.5 AT_PB=864 AT_TRIG=24 AT_V3A=0 AT_V3B=0 AT_V3C=0 → net=396.8$ صفقات=22 | 9647s
  1602/1920 | AT_TRAIL=8.0 AT_STOP=0.5 AT_PB=864 AT_TRIG=24 AT_V3A=0 AT_V3B=0 AT_V3C=1 → net=370.2$ صفقات=22 | 9653s
  1603/1920 | AT_TRAIL=8.0 AT_STOP=0.5 AT_PB=864 AT_TRIG=24 AT_V3A=0 AT_V3B=1 AT_V3C=0 → net=396.8$ صفقات=22 | 9659s
  1604/1920 | AT_TRAIL=8.0 AT_STOP=0.5 AT_PB=864 AT_TRIG=24 AT_V3A=0 AT_V3B=1 AT_V3C=1 → net=370.2$ صفقات=22 | 9665s
  1605/1920 | AT_TRAIL=8.0 AT_STOP=0.5 AT_PB=864 AT_TRIG=24 AT_V3A=1 AT_V3B=0 AT_V3C=0 → net=0.0$ صفقات=0 | 9676s
  1606/1920 | AT_TRAIL=8.0 AT_STOP=0.5 AT_PB=864 AT_TRIG=24 AT_V3A=1 AT_V3B=0 AT_V3C=1 → net=0.0$ صفقات=0 | 9687s
  1607/1920 | AT_TRAIL=8.0 AT_STOP=0.5 AT_PB=864 AT_TRIG=24 AT_V3A=1 AT_V3B=1 AT_V3C=0 → net=0.0$ صفقات=0 | 9697s
  1608/1920 | AT_TRAIL=8.0 AT_STOP=0.5 AT_PB=864 AT_TRIG=24 AT_V3A=1 AT_V3B=1 AT_V3C=1 → net=0.0$ صفقات=0 | 9709s
  1609/1920 | AT_TRAIL=8.0 AT_STOP=0.5 AT_PB=1440 AT_TRIG=6 AT_V3A=0 AT_V3B=0 AT_V3C=0 → net=906.3$ صفقات=19 | 9715s
  1610/1920 | AT_TRAIL=8.0 AT_STOP=0.5 AT_PB=1440 AT_TRIG=6 AT_V3A=0 AT_V3B=0 AT_V3C=1 → net=483.8$ صفقات=18 | 9721s
  1611/1920 | AT_TRAIL=8.0 AT_STOP=0.5 AT_PB=1440 AT_TRIG=6 AT_V3A=0 AT_V3B=1 AT_V3C=0 → net=906.3$ صفقات=19 | 9727s
  1612/1920 | AT_TRAIL=8.0 AT_STOP=0.5 AT_PB=1440 AT_TRIG=6 AT_V3A=0 AT_V3B=1 AT_V3C=1 → net=483.8$ صفقات=18 | 9733s
  1613/1920 | AT_TRAIL=8.0 AT_STOP=0.5 AT_PB=1440 AT_TRIG=6 AT_V3A=1 AT_V3B=0 AT_V3C=0 → net=0.0$ صفقات=0 | 9744s
  1614/1920 | AT_TRAIL=8.0 AT_STOP=0.5 AT_PB=1440 AT_TRIG=6 AT_V3A=1 AT_V3B=0 AT_V3C=1 → net=0.0$ صفقات=0 | 9755s
  1615/1920 | AT_TRAIL=8.0 AT_STOP=0.5 AT_PB=1440 AT_TRIG=6 AT_V3A=1 AT_V3B=1 AT_V3C=0 → net=0.0$ صفقات=0 | 9765s
  1616/1920 | AT_TRAIL=8.0 AT_STOP=0.5 AT_PB=1440 AT_TRIG=6 AT_V3A=1 AT_V3B=1 AT_V3C=1 → net=0.0$ صفقات=0 | 9776s
  1617/1920 | AT_TRAIL=8.0 AT_STOP=0.5 AT_PB=1440 AT_TRIG=12 AT_V3A=0 AT_V3B=0 AT_V3C=0 → net=907.6$ صفقات=19 | 9782s
  1618/1920 | AT_TRAIL=8.0 AT_STOP=0.5 AT_PB=1440 AT_TRIG=12 AT_V3A=0 AT_V3B=0 AT_V3C=1 → net=487.8$ صفقات=18 | 9788s
  1619/1920 | AT_TRAIL=8.0 AT_STOP=0.5 AT_PB=1440 AT_TRIG=12 AT_V3A=0 AT_V3B=1 AT_V3C=0 → net=907.6$ صفقات=19 | 9795s
  1620/1920 | AT_TRAIL=8.0 AT_STOP=0.5 AT_PB=1440 AT_TRIG=12 AT_V3A=0 AT_V3B=1 AT_V3C=1 → net=487.8$ صفقات=18 | 9801s
  1621/1920 | AT_TRAIL=8.0 AT_STOP=0.5 AT_PB=1440 AT_TRIG=12 AT_V3A=1 AT_V3B=0 AT_V3C=0 → net=0.0$ صفقات=0 | 9812s
  1622/1920 | AT_TRAIL=8.0 AT_STOP=0.5 AT_PB=1440 AT_TRIG=12 AT_V3A=1 AT_V3B=0 AT_V3C=1 → net=0.0$ صفقات=0 | 9823s
  1623/1920 | AT_TRAIL=8.0 AT_STOP=0.5 AT_PB=1440 AT_TRIG=12 AT_V3A=1 AT_V3B=1 AT_V3C=0 → net=0.0$ صفقات=0 | 9834s
  1624/1920 | AT_TRAIL=8.0 AT_STOP=0.5 AT_PB=1440 AT_TRIG=12 AT_V3A=1 AT_V3B=1 AT_V3C=1 → net=0.0$ صفقات=0 | 9845s
  1625/1920 | AT_TRAIL=8.0 AT_STOP=0.5 AT_PB=1440 AT_TRIG=24 AT_V3A=0 AT_V3B=0 AT_V3C=0 → net=931.2$ صفقات=18 | 9851s
  1626/1920 | AT_TRAIL=8.0 AT_STOP=0.5 AT_PB=1440 AT_TRIG=24 AT_V3A=0 AT_V3B=0 AT_V3C=1 → net=493.2$ صفقات=18 | 9857s
  1627/1920 | AT_TRAIL=8.0 AT_STOP=0.5 AT_PB=1440 AT_TRIG=24 AT_V3A=0 AT_V3B=1 AT_V3C=0 → net=931.2$ صفقات=18 | 9863s
  1628/1920 | AT_TRAIL=8.0 AT_STOP=0.5 AT_PB=1440 AT_TRIG=24 AT_V3A=0 AT_V3B=1 AT_V3C=1 → net=493.2$ صفقات=18 | 9869s
  1629/1920 | AT_TRAIL=8.0 AT_STOP=0.5 AT_PB=1440 AT_TRIG=24 AT_V3A=1 AT_V3B=0 AT_V3C=0 → net=0.0$ صفقات=0 | 9880s
  1630/1920 | AT_TRAIL=8.0 AT_STOP=0.5 AT_PB=1440 AT_TRIG=24 AT_V3A=1 AT_V3B=0 AT_V3C=1 → net=0.0$ صفقات=0 | 9890s
  1631/1920 | AT_TRAIL=8.0 AT_STOP=0.5 AT_PB=1440 AT_TRIG=24 AT_V3A=1 AT_V3B=1 AT_V3C=0 → net=0.0$ صفقات=0 | 9902s
  1632/1920 | AT_TRAIL=8.0 AT_STOP=0.5 AT_PB=1440 AT_TRIG=24 AT_V3A=1 AT_V3B=1 AT_V3C=1 → net=0.0$ صفقات=0 | 9915s
  1633/1920 | AT_TRAIL=8.0 AT_STOP=0.8 AT_PB=288 AT_TRIG=6 AT_V3A=0 AT_V3B=0 AT_V3C=0 → net=687.4$ صفقات=23 | 9922s
  1634/1920 | AT_TRAIL=8.0 AT_STOP=0.8 AT_PB=288 AT_TRIG=6 AT_V3A=0 AT_V3B=0 AT_V3C=1 → net=715.7$ صفقات=22 | 9928s
  1635/1920 | AT_TRAIL=8.0 AT_STOP=0.8 AT_PB=288 AT_TRIG=6 AT_V3A=0 AT_V3B=1 AT_V3C=0 → net=687.4$ صفقات=23 | 9936s
  1636/1920 | AT_TRAIL=8.0 AT_STOP=0.8 AT_PB=288 AT_TRIG=6 AT_V3A=0 AT_V3B=1 AT_V3C=1 → net=715.7$ صفقات=22 | 9943s
  1637/1920 | AT_TRAIL=8.0 AT_STOP=0.8 AT_PB=288 AT_TRIG=6 AT_V3A=1 AT_V3B=0 AT_V3C=0 → net=0.0$ صفقات=0 | 9955s
  1638/1920 | AT_TRAIL=8.0 AT_STOP=0.8 AT_PB=288 AT_TRIG=6 AT_V3A=1 AT_V3B=0 AT_V3C=1 → net=0.0$ صفقات=0 | 9967s
  1639/1920 | AT_TRAIL=8.0 AT_STOP=0.8 AT_PB=288 AT_TRIG=6 AT_V3A=1 AT_V3B=1 AT_V3C=0 → net=0.0$ صفقات=0 | 9977s
  1640/1920 | AT_TRAIL=8.0 AT_STOP=0.8 AT_PB=288 AT_TRIG=6 AT_V3A=1 AT_V3B=1 AT_V3C=1 → net=0.0$ صفقات=0 | 9988s
  1641/1920 | AT_TRAIL=8.0 AT_STOP=0.8 AT_PB=288 AT_TRIG=12 AT_V3A=0 AT_V3B=0 AT_V3C=0 → net=689.9$ صفقات=23 | 9993s
  1642/1920 | AT_TRAIL=8.0 AT_STOP=0.8 AT_PB=288 AT_TRIG=12 AT_V3A=0 AT_V3B=0 AT_V3C=1 → net=714.1$ صفقات=22 | 9999s
  1643/1920 | AT_TRAIL=8.0 AT_STOP=0.8 AT_PB=288 AT_TRIG=12 AT_V3A=0 AT_V3B=1 AT_V3C=0 → net=689.9$ صفقات=23 | 10004s
  1644/1920 | AT_TRAIL=8.0 AT_STOP=0.8 AT_PB=288 AT_TRIG=12 AT_V3A=0 AT_V3B=1 AT_V3C=1 → net=714.1$ صفقات=22 | 10010s
  1645/1920 | AT_TRAIL=8.0 AT_STOP=0.8 AT_PB=288 AT_TRIG=12 AT_V3A=1 AT_V3B=0 AT_V3C=0 → net=0.0$ صفقات=0 | 10021s
  1646/1920 | AT_TRAIL=8.0 AT_STOP=0.8 AT_PB=288 AT_TRIG=12 AT_V3A=1 AT_V3B=0 AT_V3C=1 → net=0.0$ صفقات=0 | 10031s
  1647/1920 | AT_TRAIL=8.0 AT_STOP=0.8 AT_PB=288 AT_TRIG=12 AT_V3A=1 AT_V3B=1 AT_V3C=0 → net=0.0$ صفقات=0 | 10042s
  1648/1920 | AT_TRAIL=8.0 AT_STOP=0.8 AT_PB=288 AT_TRIG=12 AT_V3A=1 AT_V3B=1 AT_V3C=1 → net=0.0$ صفقات=0 | 10052s
  1649/1920 | AT_TRAIL=8.0 AT_STOP=0.8 AT_PB=288 AT_TRIG=24 AT_V3A=0 AT_V3B=0 AT_V3C=0 → net=491.3$ صفقات=39 | 10058s
  1650/1920 | AT_TRAIL=8.0 AT_STOP=0.8 AT_PB=288 AT_TRIG=24 AT_V3A=0 AT_V3B=0 AT_V3C=1 → net=516.0$ صفقات=37 | 10064s
  1651/1920 | AT_TRAIL=8.0 AT_STOP=0.8 AT_PB=288 AT_TRIG=24 AT_V3A=0 AT_V3B=1 AT_V3C=0 → net=491.3$ صفقات=39 | 10070s
  1652/1920 | AT_TRAIL=8.0 AT_STOP=0.8 AT_PB=288 AT_TRIG=24 AT_V3A=0 AT_V3B=1 AT_V3C=1 → net=516.0$ صفقات=37 | 10076s
  1653/1920 | AT_TRAIL=8.0 AT_STOP=0.8 AT_PB=288 AT_TRIG=24 AT_V3A=1 AT_V3B=0 AT_V3C=0 → net=0.0$ صفقات=0 | 10086s
  1654/1920 | AT_TRAIL=8.0 AT_STOP=0.8 AT_PB=288 AT_TRIG=24 AT_V3A=1 AT_V3B=0 AT_V3C=1 → net=0.0$ صفقات=0 | 10096s
  1655/1920 | AT_TRAIL=8.0 AT_STOP=0.8 AT_PB=288 AT_TRIG=24 AT_V3A=1 AT_V3B=1 AT_V3C=0 → net=0.0$ صفقات=0 | 10107s
  1656/1920 | AT_TRAIL=8.0 AT_STOP=0.8 AT_PB=288 AT_TRIG=24 AT_V3A=1 AT_V3B=1 AT_V3C=1 → net=0.0$ صفقات=0 | 10117s
  1657/1920 | AT_TRAIL=8.0 AT_STOP=0.8 AT_PB=576 AT_TRIG=6 AT_V3A=0 AT_V3B=0 AT_V3C=0 → net=579.2$ صفقات=23 | 10123s
  1658/1920 | AT_TRAIL=8.0 AT_STOP=0.8 AT_PB=576 AT_TRIG=6 AT_V3A=0 AT_V3B=0 AT_V3C=1 → net=578.0$ صفقات=23 | 10128s
  1659/1920 | AT_TRAIL=8.0 AT_STOP=0.8 AT_PB=576 AT_TRIG=6 AT_V3A=0 AT_V3B=1 AT_V3C=0 → net=579.2$ صفقات=23 | 10134s
  1660/1920 | AT_TRAIL=8.0 AT_STOP=0.8 AT_PB=576 AT_TRIG=6 AT_V3A=0 AT_V3B=1 AT_V3C=1 → net=578.0$ صفقات=23 | 10139s
  1661/1920 | AT_TRAIL=8.0 AT_STOP=0.8 AT_PB=576 AT_TRIG=6 AT_V3A=1 AT_V3B=0 AT_V3C=0 → net=0.0$ صفقات=0 | 10150s
  1662/1920 | AT_TRAIL=8.0 AT_STOP=0.8 AT_PB=576 AT_TRIG=6 AT_V3A=1 AT_V3B=0 AT_V3C=1 → net=0.0$ صفقات=0 | 10160s
  1663/1920 | AT_TRAIL=8.0 AT_STOP=0.8 AT_PB=576 AT_TRIG=6 AT_V3A=1 AT_V3B=1 AT_V3C=0 → net=0.0$ صفقات=0 | 10170s
  1664/1920 | AT_TRAIL=8.0 AT_STOP=0.8 AT_PB=576 AT_TRIG=6 AT_V3A=1 AT_V3B=1 AT_V3C=1 → net=0.0$ صفقات=0 | 10181s
  1665/1920 | AT_TRAIL=8.0 AT_STOP=0.8 AT_PB=576 AT_TRIG=12 AT_V3A=0 AT_V3B=0 AT_V3C=0 → net=574.2$ صفقات=23 | 10186s
  1666/1920 | AT_TRAIL=8.0 AT_STOP=0.8 AT_PB=576 AT_TRIG=12 AT_V3A=0 AT_V3B=0 AT_V3C=1 → net=586.4$ صفقات=22 | 10191s
  1667/1920 | AT_TRAIL=8.0 AT_STOP=0.8 AT_PB=576 AT_TRIG=12 AT_V3A=0 AT_V3B=1 AT_V3C=0 → net=574.2$ صفقات=23 | 10197s
  1668/1920 | AT_TRAIL=8.0 AT_STOP=0.8 AT_PB=576 AT_TRIG=12 AT_V3A=0 AT_V3B=1 AT_V3C=1 → net=586.4$ صفقات=22 | 10202s
  1669/1920 | AT_TRAIL=8.0 AT_STOP=0.8 AT_PB=576 AT_TRIG=12 AT_V3A=1 AT_V3B=0 AT_V3C=0 → net=0.0$ صفقات=0 | 10214s
  1670/1920 | AT_TRAIL=8.0 AT_STOP=0.8 AT_PB=576 AT_TRIG=12 AT_V3A=1 AT_V3B=0 AT_V3C=1 → net=0.0$ صفقات=0 | 10227s
  1671/1920 | AT_TRAIL=8.0 AT_STOP=0.8 AT_PB=576 AT_TRIG=12 AT_V3A=1 AT_V3B=1 AT_V3C=0 → net=0.0$ صفقات=0 | 10241s
  1672/1920 | AT_TRAIL=8.0 AT_STOP=0.8 AT_PB=576 AT_TRIG=12 AT_V3A=1 AT_V3B=1 AT_V3C=1 → net=0.0$ صفقات=0 | 10257s
  1673/1920 | AT_TRAIL=8.0 AT_STOP=0.8 AT_PB=576 AT_TRIG=24 AT_V3A=0 AT_V3B=0 AT_V3C=0 → net=227.9$ صفقات=25 | 10264s
  1674/1920 | AT_TRAIL=8.0 AT_STOP=0.8 AT_PB=576 AT_TRIG=24 AT_V3A=0 AT_V3B=0 AT_V3C=1 → net=243.5$ صفقات=23 | 10271s
  1675/1920 | AT_TRAIL=8.0 AT_STOP=0.8 AT_PB=576 AT_TRIG=24 AT_V3A=0 AT_V3B=1 AT_V3C=0 → net=227.9$ صفقات=25 | 10278s
  1676/1920 | AT_TRAIL=8.0 AT_STOP=0.8 AT_PB=576 AT_TRIG=24 AT_V3A=0 AT_V3B=1 AT_V3C=1 → net=243.5$ صفقات=23 | 10285s
  1677/1920 | AT_TRAIL=8.0 AT_STOP=0.8 AT_PB=576 AT_TRIG=24 AT_V3A=1 AT_V3B=0 AT_V3C=0 → net=0.0$ صفقات=0 | 10302s
  1678/1920 | AT_TRAIL=8.0 AT_STOP=0.8 AT_PB=576 AT_TRIG=24 AT_V3A=1 AT_V3B=0 AT_V3C=1 → net=0.0$ صفقات=0 | 10318s
  1679/1920 | AT_TRAIL=8.0 AT_STOP=0.8 AT_PB=576 AT_TRIG=24 AT_V3A=1 AT_V3B=1 AT_V3C=0 → net=0.0$ صفقات=0 | 10335s
  1680/1920 | AT_TRAIL=8.0 AT_STOP=0.8 AT_PB=576 AT_TRIG=24 AT_V3A=1 AT_V3B=1 AT_V3C=1 → net=0.0$ صفقات=0 | 10351s
  1681/1920 | AT_TRAIL=8.0 AT_STOP=0.8 AT_PB=864 AT_TRIG=6 AT_V3A=0 AT_V3B=0 AT_V3C=0 → net=401.7$ صفقات=22 | 10359s
  1682/1920 | AT_TRAIL=8.0 AT_STOP=0.8 AT_PB=864 AT_TRIG=6 AT_V3A=0 AT_V3B=0 AT_V3C=1 → net=371.7$ صفقات=22 | 10367s
  1683/1920 | AT_TRAIL=8.0 AT_STOP=0.8 AT_PB=864 AT_TRIG=6 AT_V3A=0 AT_V3B=1 AT_V3C=0 → net=401.7$ صفقات=22 | 10376s
  1684/1920 | AT_TRAIL=8.0 AT_STOP=0.8 AT_PB=864 AT_TRIG=6 AT_V3A=0 AT_V3B=1 AT_V3C=1 → net=371.7$ صفقات=22 | 10384s
  1685/1920 | AT_TRAIL=8.0 AT_STOP=0.8 AT_PB=864 AT_TRIG=6 AT_V3A=1 AT_V3B=0 AT_V3C=0 → net=0.0$ صفقات=0 | 10400s
  1686/1920 | AT_TRAIL=8.0 AT_STOP=0.8 AT_PB=864 AT_TRIG=6 AT_V3A=1 AT_V3B=0 AT_V3C=1 → net=0.0$ صفقات=0 | 10414s
  1687/1920 | AT_TRAIL=8.0 AT_STOP=0.8 AT_PB=864 AT_TRIG=6 AT_V3A=1 AT_V3B=1 AT_V3C=0 → net=0.0$ صفقات=0 | 10428s
  1688/1920 | AT_TRAIL=8.0 AT_STOP=0.8 AT_PB=864 AT_TRIG=6 AT_V3A=1 AT_V3B=1 AT_V3C=1 → net=0.0$ صفقات=0 | 10442s
  1689/1920 | AT_TRAIL=8.0 AT_STOP=0.8 AT_PB=864 AT_TRIG=12 AT_V3A=0 AT_V3B=0 AT_V3C=0 → net=398.2$ صفقات=22 | 10449s
  1690/1920 | AT_TRAIL=8.0 AT_STOP=0.8 AT_PB=864 AT_TRIG=12 AT_V3A=0 AT_V3B=0 AT_V3C=1 → net=373.9$ صفقات=22 | 10458s
  1691/1920 | AT_TRAIL=8.0 AT_STOP=0.8 AT_PB=864 AT_TRIG=12 AT_V3A=0 AT_V3B=1 AT_V3C=0 → net=398.2$ صفقات=22 | 10465s
  1692/1920 | AT_TRAIL=8.0 AT_STOP=0.8 AT_PB=864 AT_TRIG=12 AT_V3A=0 AT_V3B=1 AT_V3C=1 → net=373.9$ صفقات=22 | 10473s
  1693/1920 | AT_TRAIL=8.0 AT_STOP=0.8 AT_PB=864 AT_TRIG=12 AT_V3A=1 AT_V3B=0 AT_V3C=0 → net=0.0$ صفقات=0 | 10488s
  1694/1920 | AT_TRAIL=8.0 AT_STOP=0.8 AT_PB=864 AT_TRIG=12 AT_V3A=1 AT_V3B=0 AT_V3C=1 → net=0.0$ صفقات=0 | 10504s
  1695/1920 | AT_TRAIL=8.0 AT_STOP=0.8 AT_PB=864 AT_TRIG=12 AT_V3A=1 AT_V3B=1 AT_V3C=0 → net=0.0$ صفقات=0 | 10520s
  1696/1920 | AT_TRAIL=8.0 AT_STOP=0.8 AT_PB=864 AT_TRIG=12 AT_V3A=1 AT_V3B=1 AT_V3C=1 → net=0.0$ صفقات=0 | 10533s
  1697/1920 | AT_TRAIL=8.0 AT_STOP=0.8 AT_PB=864 AT_TRIG=24 AT_V3A=0 AT_V3B=0 AT_V3C=0 → net=396.9$ صفقات=22 | 10540s
  1698/1920 | AT_TRAIL=8.0 AT_STOP=0.8 AT_PB=864 AT_TRIG=24 AT_V3A=0 AT_V3B=0 AT_V3C=1 → net=370.2$ صفقات=22 | 10546s
  1699/1920 | AT_TRAIL=8.0 AT_STOP=0.8 AT_PB=864 AT_TRIG=24 AT_V3A=0 AT_V3B=1 AT_V3C=0 → net=396.9$ صفقات=22 | 10553s
  1700/1920 | AT_TRAIL=8.0 AT_STOP=0.8 AT_PB=864 AT_TRIG=24 AT_V3A=0 AT_V3B=1 AT_V3C=1 → net=370.2$ صفقات=22 | 10560s
  1701/1920 | AT_TRAIL=8.0 AT_STOP=0.8 AT_PB=864 AT_TRIG=24 AT_V3A=1 AT_V3B=0 AT_V3C=0 → net=0.0$ صفقات=0 | 10574s
  1702/1920 | AT_TRAIL=8.0 AT_STOP=0.8 AT_PB=864 AT_TRIG=24 AT_V3A=1 AT_V3B=0 AT_V3C=1 → net=0.0$ صفقات=0 | 10589s
  1703/1920 | AT_TRAIL=8.0 AT_STOP=0.8 AT_PB=864 AT_TRIG=24 AT_V3A=1 AT_V3B=1 AT_V3C=0 → net=0.0$ صفقات=0 | 10602s
  1704/1920 | AT_TRAIL=8.0 AT_STOP=0.8 AT_PB=864 AT_TRIG=24 AT_V3A=1 AT_V3B=1 AT_V3C=1 → net=0.0$ صفقات=0 | 10616s
  1705/1920 | AT_TRAIL=8.0 AT_STOP=0.8 AT_PB=1440 AT_TRIG=6 AT_V3A=0 AT_V3B=0 AT_V3C=0 → net=920.1$ صفقات=18 | 10623s
  1706/1920 | AT_TRAIL=8.0 AT_STOP=0.8 AT_PB=1440 AT_TRIG=6 AT_V3A=0 AT_V3B=0 AT_V3C=1 → net=483.8$ صفقات=18 | 10631s
  1707/1920 | AT_TRAIL=8.0 AT_STOP=0.8 AT_PB=1440 AT_TRIG=6 AT_V3A=0 AT_V3B=1 AT_V3C=0 → net=920.1$ صفقات=18 | 10639s
  1708/1920 | AT_TRAIL=8.0 AT_STOP=0.8 AT_PB=1440 AT_TRIG=6 AT_V3A=0 AT_V3B=1 AT_V3C=1 → net=483.8$ صفقات=18 | 10646s
  1709/1920 | AT_TRAIL=8.0 AT_STOP=0.8 AT_PB=1440 AT_TRIG=6 AT_V3A=1 AT_V3B=0 AT_V3C=0 → net=0.0$ صفقات=0 | 10660s
  1710/1920 | AT_TRAIL=8.0 AT_STOP=0.8 AT_PB=1440 AT_TRIG=6 AT_V3A=1 AT_V3B=0 AT_V3C=1 → net=0.0$ صفقات=0 | 10673s
  1711/1920 | AT_TRAIL=8.0 AT_STOP=0.8 AT_PB=1440 AT_TRIG=6 AT_V3A=1 AT_V3B=1 AT_V3C=0 → net=0.0$ صفقات=0 | 10685s
  1712/1920 | AT_TRAIL=8.0 AT_STOP=0.8 AT_PB=1440 AT_TRIG=6 AT_V3A=1 AT_V3B=1 AT_V3C=1 → net=0.0$ صفقات=0 | 10697s
  1713/1920 | AT_TRAIL=8.0 AT_STOP=0.8 AT_PB=1440 AT_TRIG=12 AT_V3A=0 AT_V3B=0 AT_V3C=0 → net=922.3$ صفقات=18 | 10704s
  1714/1920 | AT_TRAIL=8.0 AT_STOP=0.8 AT_PB=1440 AT_TRIG=12 AT_V3A=0 AT_V3B=0 AT_V3C=1 → net=487.8$ صفقات=18 | 10711s
  1715/1920 | AT_TRAIL=8.0 AT_STOP=0.8 AT_PB=1440 AT_TRIG=12 AT_V3A=0 AT_V3B=1 AT_V3C=0 → net=922.3$ صفقات=18 | 10718s
  1716/1920 | AT_TRAIL=8.0 AT_STOP=0.8 AT_PB=1440 AT_TRIG=12 AT_V3A=0 AT_V3B=1 AT_V3C=1 → net=487.8$ صفقات=18 | 10726s
  1717/1920 | AT_TRAIL=8.0 AT_STOP=0.8 AT_PB=1440 AT_TRIG=12 AT_V3A=1 AT_V3B=0 AT_V3C=0 → net=0.0$ صفقات=0 | 10740s
  1718/1920 | AT_TRAIL=8.0 AT_STOP=0.8 AT_PB=1440 AT_TRIG=12 AT_V3A=1 AT_V3B=0 AT_V3C=1 → net=0.0$ صفقات=0 | 10754s
  1719/1920 | AT_TRAIL=8.0 AT_STOP=0.8 AT_PB=1440 AT_TRIG=12 AT_V3A=1 AT_V3B=1 AT_V3C=0 → net=0.0$ صفقات=0 | 10769s
  1720/1920 | AT_TRAIL=8.0 AT_STOP=0.8 AT_PB=1440 AT_TRIG=12 AT_V3A=1 AT_V3B=1 AT_V3C=1 → net=0.0$ صفقات=0 | 10782s
  1721/1920 | AT_TRAIL=8.0 AT_STOP=0.8 AT_PB=1440 AT_TRIG=24 AT_V3A=0 AT_V3B=0 AT_V3C=0 → net=931.2$ صفقات=18 | 10789s
  1722/1920 | AT_TRAIL=8.0 AT_STOP=0.8 AT_PB=1440 AT_TRIG=24 AT_V3A=0 AT_V3B=0 AT_V3C=1 → net=489.1$ صفقات=18 | 10797s
  1723/1920 | AT_TRAIL=8.0 AT_STOP=0.8 AT_PB=1440 AT_TRIG=24 AT_V3A=0 AT_V3B=1 AT_V3C=0 → net=931.2$ صفقات=18 | 10805s
  1724/1920 | AT_TRAIL=8.0 AT_STOP=0.8 AT_PB=1440 AT_TRIG=24 AT_V3A=0 AT_V3B=1 AT_V3C=1 → net=489.1$ صفقات=18 | 10813s
  1725/1920 | AT_TRAIL=8.0 AT_STOP=0.8 AT_PB=1440 AT_TRIG=24 AT_V3A=1 AT_V3B=0 AT_V3C=0 → net=0.0$ صفقات=0 | 10824s
  1726/1920 | AT_TRAIL=8.0 AT_STOP=0.8 AT_PB=1440 AT_TRIG=24 AT_V3A=1 AT_V3B=0 AT_V3C=1 → net=0.0$ صفقات=0 | 10836s
  1727/1920 | AT_TRAIL=8.0 AT_STOP=0.8 AT_PB=1440 AT_TRIG=24 AT_V3A=1 AT_V3B=1 AT_V3C=0 → net=0.0$ صفقات=0 | 10850s
  1728/1920 | AT_TRAIL=8.0 AT_STOP=0.8 AT_PB=1440 AT_TRIG=24 AT_V3A=1 AT_V3B=1 AT_V3C=1 → net=0.0$ صفقات=0 | 10866s
  1729/1920 | AT_TRAIL=8.0 AT_STOP=1.2 AT_PB=288 AT_TRIG=6 AT_V3A=0 AT_V3B=0 AT_V3C=0 → net=683.8$ صفقات=23 | 10873s
  1730/1920 | AT_TRAIL=8.0 AT_STOP=1.2 AT_PB=288 AT_TRIG=6 AT_V3A=0 AT_V3B=0 AT_V3C=1 → net=713.0$ صفقات=22 | 10879s
  1731/1920 | AT_TRAIL=8.0 AT_STOP=1.2 AT_PB=288 AT_TRIG=6 AT_V3A=0 AT_V3B=1 AT_V3C=0 → net=683.8$ صفقات=23 | 10886s
  1732/1920 | AT_TRAIL=8.0 AT_STOP=1.2 AT_PB=288 AT_TRIG=6 AT_V3A=0 AT_V3B=1 AT_V3C=1 → net=713.0$ صفقات=22 | 10892s
  1733/1920 | AT_TRAIL=8.0 AT_STOP=1.2 AT_PB=288 AT_TRIG=6 AT_V3A=1 AT_V3B=0 AT_V3C=0 → net=0.0$ صفقات=0 | 10904s
  1734/1920 | AT_TRAIL=8.0 AT_STOP=1.2 AT_PB=288 AT_TRIG=6 AT_V3A=1 AT_V3B=0 AT_V3C=1 → net=0.0$ صفقات=0 | 10916s
  1735/1920 | AT_TRAIL=8.0 AT_STOP=1.2 AT_PB=288 AT_TRIG=6 AT_V3A=1 AT_V3B=1 AT_V3C=0 → net=0.0$ صفقات=0 | 10929s
  1736/1920 | AT_TRAIL=8.0 AT_STOP=1.2 AT_PB=288 AT_TRIG=6 AT_V3A=1 AT_V3B=1 AT_V3C=1 → net=0.0$ صفقات=0 | 10944s
  1737/1920 | AT_TRAIL=8.0 AT_STOP=1.2 AT_PB=288 AT_TRIG=12 AT_V3A=0 AT_V3B=0 AT_V3C=0 → net=688.7$ صفقات=23 | 10951s
  1738/1920 | AT_TRAIL=8.0 AT_STOP=1.2 AT_PB=288 AT_TRIG=12 AT_V3A=0 AT_V3B=0 AT_V3C=1 → net=712.8$ صفقات=22 | 10956s
  1739/1920 | AT_TRAIL=8.0 AT_STOP=1.2 AT_PB=288 AT_TRIG=12 AT_V3A=0 AT_V3B=1 AT_V3C=0 → net=688.7$ صفقات=23 | 10963s
  1740/1920 | AT_TRAIL=8.0 AT_STOP=1.2 AT_PB=288 AT_TRIG=12 AT_V3A=0 AT_V3B=1 AT_V3C=1 → net=712.8$ صفقات=22 | 10969s
  1741/1920 | AT_TRAIL=8.0 AT_STOP=1.2 AT_PB=288 AT_TRIG=12 AT_V3A=1 AT_V3B=0 AT_V3C=0 → net=0.0$ صفقات=0 | 10984s
  1742/1920 | AT_TRAIL=8.0 AT_STOP=1.2 AT_PB=288 AT_TRIG=12 AT_V3A=1 AT_V3B=0 AT_V3C=1 → net=0.0$ صفقات=0 | 11001s
  1743/1920 | AT_TRAIL=8.0 AT_STOP=1.2 AT_PB=288 AT_TRIG=12 AT_V3A=1 AT_V3B=1 AT_V3C=0 → net=0.0$ صفقات=0 | 11015s
  1744/1920 | AT_TRAIL=8.0 AT_STOP=1.2 AT_PB=288 AT_TRIG=12 AT_V3A=1 AT_V3B=1 AT_V3C=1 → net=0.0$ صفقات=0 | 11030s
  1745/1920 | AT_TRAIL=8.0 AT_STOP=1.2 AT_PB=288 AT_TRIG=24 AT_V3A=0 AT_V3B=0 AT_V3C=0 → net=483.6$ صفقات=39 | 11036s
  1746/1920 | AT_TRAIL=8.0 AT_STOP=1.2 AT_PB=288 AT_TRIG=24 AT_V3A=0 AT_V3B=0 AT_V3C=1 → net=510.1$ صفقات=37 | 11043s
  1747/1920 | AT_TRAIL=8.0 AT_STOP=1.2 AT_PB=288 AT_TRIG=24 AT_V3A=0 AT_V3B=1 AT_V3C=0 → net=483.6$ صفقات=39 | 11051s
  1748/1920 | AT_TRAIL=8.0 AT_STOP=1.2 AT_PB=288 AT_TRIG=24 AT_V3A=0 AT_V3B=1 AT_V3C=1 → net=510.1$ صفقات=37 | 11060s
  1749/1920 | AT_TRAIL=8.0 AT_STOP=1.2 AT_PB=288 AT_TRIG=24 AT_V3A=1 AT_V3B=0 AT_V3C=0 → net=0.0$ صفقات=0 | 11074s
  1750/1920 | AT_TRAIL=8.0 AT_STOP=1.2 AT_PB=288 AT_TRIG=24 AT_V3A=1 AT_V3B=0 AT_V3C=1 → net=0.0$ صفقات=0 | 11089s
  1751/1920 | AT_TRAIL=8.0 AT_STOP=1.2 AT_PB=288 AT_TRIG=24 AT_V3A=1 AT_V3B=1 AT_V3C=0 → net=0.0$ صفقات=0 | 11102s
  1752/1920 | AT_TRAIL=8.0 AT_STOP=1.2 AT_PB=288 AT_TRIG=24 AT_V3A=1 AT_V3B=1 AT_V3C=1 → net=0.0$ صفقات=0 | 11114s
  1753/1920 | AT_TRAIL=8.0 AT_STOP=1.2 AT_PB=576 AT_TRIG=6 AT_V3A=0 AT_V3B=0 AT_V3C=0 → net=572.2$ صفقات=23 | 11120s
  1754/1920 | AT_TRAIL=8.0 AT_STOP=1.2 AT_PB=576 AT_TRIG=6 AT_V3A=0 AT_V3B=0 AT_V3C=1 → net=572.6$ صفقات=23 | 11126s
  1755/1920 | AT_TRAIL=8.0 AT_STOP=1.2 AT_PB=576 AT_TRIG=6 AT_V3A=0 AT_V3B=1 AT_V3C=0 → net=572.2$ صفقات=23 | 11131s
  1756/1920 | AT_TRAIL=8.0 AT_STOP=1.2 AT_PB=576 AT_TRIG=6 AT_V3A=0 AT_V3B=1 AT_V3C=1 → net=572.6$ صفقات=23 | 11137s
  1757/1920 | AT_TRAIL=8.0 AT_STOP=1.2 AT_PB=576 AT_TRIG=6 AT_V3A=1 AT_V3B=0 AT_V3C=0 → net=0.0$ صفقات=0 | 11148s
  1758/1920 | AT_TRAIL=8.0 AT_STOP=1.2 AT_PB=576 AT_TRIG=6 AT_V3A=1 AT_V3B=0 AT_V3C=1 → net=0.0$ صفقات=0 | 11159s
  1759/1920 | AT_TRAIL=8.0 AT_STOP=1.2 AT_PB=576 AT_TRIG=6 AT_V3A=1 AT_V3B=1 AT_V3C=0 → net=0.0$ صفقات=0 | 11170s
  1760/1920 | AT_TRAIL=8.0 AT_STOP=1.2 AT_PB=576 AT_TRIG=6 AT_V3A=1 AT_V3B=1 AT_V3C=1 → net=0.0$ صفقات=0 | 11181s
  1761/1920 | AT_TRAIL=8.0 AT_STOP=1.2 AT_PB=576 AT_TRIG=12 AT_V3A=0 AT_V3B=0 AT_V3C=0 → net=567.2$ صفقات=23 | 11187s
  1762/1920 | AT_TRAIL=8.0 AT_STOP=1.2 AT_PB=576 AT_TRIG=12 AT_V3A=0 AT_V3B=0 AT_V3C=1 → net=581.0$ صفقات=22 | 11192s
  1763/1920 | AT_TRAIL=8.0 AT_STOP=1.2 AT_PB=576 AT_TRIG=12 AT_V3A=0 AT_V3B=1 AT_V3C=0 → net=567.2$ صفقات=23 | 11198s
  1764/1920 | AT_TRAIL=8.0 AT_STOP=1.2 AT_PB=576 AT_TRIG=12 AT_V3A=0 AT_V3B=1 AT_V3C=1 → net=581.0$ صفقات=22 | 11203s
  1765/1920 | AT_TRAIL=8.0 AT_STOP=1.2 AT_PB=576 AT_TRIG=12 AT_V3A=1 AT_V3B=0 AT_V3C=0 → net=0.0$ صفقات=0 | 11215s
  1766/1920 | AT_TRAIL=8.0 AT_STOP=1.2 AT_PB=576 AT_TRIG=12 AT_V3A=1 AT_V3B=0 AT_V3C=1 → net=0.0$ صفقات=0 | 11226s
  1767/1920 | AT_TRAIL=8.0 AT_STOP=1.2 AT_PB=576 AT_TRIG=12 AT_V3A=1 AT_V3B=1 AT_V3C=0 → net=0.0$ صفقات=0 | 11238s
  1768/1920 | AT_TRAIL=8.0 AT_STOP=1.2 AT_PB=576 AT_TRIG=12 AT_V3A=1 AT_V3B=1 AT_V3C=1 → net=0.0$ صفقات=0 | 11250s
  1769/1920 | AT_TRAIL=8.0 AT_STOP=1.2 AT_PB=576 AT_TRIG=24 AT_V3A=0 AT_V3B=0 AT_V3C=0 → net=222.6$ صفقات=25 | 11257s
  1770/1920 | AT_TRAIL=8.0 AT_STOP=1.2 AT_PB=576 AT_TRIG=24 AT_V3A=0 AT_V3B=0 AT_V3C=1 → net=238.2$ صفقات=23 | 11265s
  1771/1920 | AT_TRAIL=8.0 AT_STOP=1.2 AT_PB=576 AT_TRIG=24 AT_V3A=0 AT_V3B=1 AT_V3C=0 → net=222.6$ صفقات=25 | 11273s
  1772/1920 | AT_TRAIL=8.0 AT_STOP=1.2 AT_PB=576 AT_TRIG=24 AT_V3A=0 AT_V3B=1 AT_V3C=1 → net=238.2$ صفقات=23 | 11280s
  1773/1920 | AT_TRAIL=8.0 AT_STOP=1.2 AT_PB=576 AT_TRIG=24 AT_V3A=1 AT_V3B=0 AT_V3C=0 → net=0.0$ صفقات=0 | 11292s
  1774/1920 | AT_TRAIL=8.0 AT_STOP=1.2 AT_PB=576 AT_TRIG=24 AT_V3A=1 AT_V3B=0 AT_V3C=1 → net=0.0$ صفقات=0 | 11304s
  1775/1920 | AT_TRAIL=8.0 AT_STOP=1.2 AT_PB=576 AT_TRIG=24 AT_V3A=1 AT_V3B=1 AT_V3C=0 → net=0.0$ صفقات=0 | 11315s
  1776/1920 | AT_TRAIL=8.0 AT_STOP=1.2 AT_PB=576 AT_TRIG=24 AT_V3A=1 AT_V3B=1 AT_V3C=1 → net=0.0$ صفقات=0 | 11329s
  1777/1920 | AT_TRAIL=8.0 AT_STOP=1.2 AT_PB=864 AT_TRIG=6 AT_V3A=0 AT_V3B=0 AT_V3C=0 → net=396.5$ صفقات=22 | 11335s
  1778/1920 | AT_TRAIL=8.0 AT_STOP=1.2 AT_PB=864 AT_TRIG=6 AT_V3A=0 AT_V3B=0 AT_V3C=1 → net=365.5$ صفقات=22 | 11342s
  1779/1920 | AT_TRAIL=8.0 AT_STOP=1.2 AT_PB=864 AT_TRIG=6 AT_V3A=0 AT_V3B=1 AT_V3C=0 → net=396.5$ صفقات=22 | 11350s
  1780/1920 | AT_TRAIL=8.0 AT_STOP=1.2 AT_PB=864 AT_TRIG=6 AT_V3A=0 AT_V3B=1 AT_V3C=1 → net=365.5$ صفقات=22 | 11357s
  1781/1920 | AT_TRAIL=8.0 AT_STOP=1.2 AT_PB=864 AT_TRIG=6 AT_V3A=1 AT_V3B=0 AT_V3C=0 → net=0.0$ صفقات=0 | 11373s
  1782/1920 | AT_TRAIL=8.0 AT_STOP=1.2 AT_PB=864 AT_TRIG=6 AT_V3A=1 AT_V3B=0 AT_V3C=1 → net=0.0$ صفقات=0 | 11389s
  1783/1920 | AT_TRAIL=8.0 AT_STOP=1.2 AT_PB=864 AT_TRIG=6 AT_V3A=1 AT_V3B=1 AT_V3C=0 → net=0.0$ صفقات=0 | 11407s
  1784/1920 | AT_TRAIL=8.0 AT_STOP=1.2 AT_PB=864 AT_TRIG=6 AT_V3A=1 AT_V3B=1 AT_V3C=1 → net=0.0$ صفقات=0 | 11422s
  1785/1920 | AT_TRAIL=8.0 AT_STOP=1.2 AT_PB=864 AT_TRIG=12 AT_V3A=0 AT_V3B=0 AT_V3C=0 → net=393.0$ صفقات=22 | 11432s
  1786/1920 | AT_TRAIL=8.0 AT_STOP=1.2 AT_PB=864 AT_TRIG=12 AT_V3A=0 AT_V3B=0 AT_V3C=1 → net=367.3$ صفقات=22 | 11441s
  1787/1920 | AT_TRAIL=8.0 AT_STOP=1.2 AT_PB=864 AT_TRIG=12 AT_V3A=0 AT_V3B=1 AT_V3C=0 → net=393.0$ صفقات=22 | 11449s
  1788/1920 | AT_TRAIL=8.0 AT_STOP=1.2 AT_PB=864 AT_TRIG=12 AT_V3A=0 AT_V3B=1 AT_V3C=1 → net=367.3$ صفقات=22 | 11459s
  1789/1920 | AT_TRAIL=8.0 AT_STOP=1.2 AT_PB=864 AT_TRIG=12 AT_V3A=1 AT_V3B=0 AT_V3C=0 → net=0.0$ صفقات=0 | 11475s
  1790/1920 | AT_TRAIL=8.0 AT_STOP=1.2 AT_PB=864 AT_TRIG=12 AT_V3A=1 AT_V3B=0 AT_V3C=1 → net=0.0$ صفقات=0 | 11489s
  1791/1920 | AT_TRAIL=8.0 AT_STOP=1.2 AT_PB=864 AT_TRIG=12 AT_V3A=1 AT_V3B=1 AT_V3C=0 → net=0.0$ صفقات=0 | 11501s
  1792/1920 | AT_TRAIL=8.0 AT_STOP=1.2 AT_PB=864 AT_TRIG=12 AT_V3A=1 AT_V3B=1 AT_V3C=1 → net=0.0$ صفقات=0 | 11515s
  1793/1920 | AT_TRAIL=8.0 AT_STOP=1.2 AT_PB=864 AT_TRIG=24 AT_V3A=0 AT_V3B=0 AT_V3C=0 → net=395.0$ صفقات=22 | 11523s
  1794/1920 | AT_TRAIL=8.0 AT_STOP=1.2 AT_PB=864 AT_TRIG=24 AT_V3A=0 AT_V3B=0 AT_V3C=1 → net=366.9$ صفقات=22 | 11530s
  1795/1920 | AT_TRAIL=8.0 AT_STOP=1.2 AT_PB=864 AT_TRIG=24 AT_V3A=0 AT_V3B=1 AT_V3C=0 → net=395.0$ صفقات=22 | 11536s
  1796/1920 | AT_TRAIL=8.0 AT_STOP=1.2 AT_PB=864 AT_TRIG=24 AT_V3A=0 AT_V3B=1 AT_V3C=1 → net=366.9$ صفقات=22 | 11544s
  1797/1920 | AT_TRAIL=8.0 AT_STOP=1.2 AT_PB=864 AT_TRIG=24 AT_V3A=1 AT_V3B=0 AT_V3C=0 → net=0.0$ صفقات=0 | 11556s
  1798/1920 | AT_TRAIL=8.0 AT_STOP=1.2 AT_PB=864 AT_TRIG=24 AT_V3A=1 AT_V3B=0 AT_V3C=1 → net=0.0$ صفقات=0 | 11568s
  1799/1920 | AT_TRAIL=8.0 AT_STOP=1.2 AT_PB=864 AT_TRIG=24 AT_V3A=1 AT_V3B=1 AT_V3C=0 → net=0.0$ صفقات=0 | 11580s
  1800/1920 | AT_TRAIL=8.0 AT_STOP=1.2 AT_PB=864 AT_TRIG=24 AT_V3A=1 AT_V3B=1 AT_V3C=1 → net=0.0$ صفقات=0 | 11592s
  1801/1920 | AT_TRAIL=8.0 AT_STOP=1.2 AT_PB=1440 AT_TRIG=6 AT_V3A=0 AT_V3B=0 AT_V3C=0 → net=932.9$ صفقات=17 | 11598s
  1802/1920 | AT_TRAIL=8.0 AT_STOP=1.2 AT_PB=1440 AT_TRIG=6 AT_V3A=0 AT_V3B=0 AT_V3C=1 → net=495.5$ صفقات=17 | 11605s
  1803/1920 | AT_TRAIL=8.0 AT_STOP=1.2 AT_PB=1440 AT_TRIG=6 AT_V3A=0 AT_V3B=1 AT_V3C=0 → net=932.9$ صفقات=17 | 11612s
  1804/1920 | AT_TRAIL=8.0 AT_STOP=1.2 AT_PB=1440 AT_TRIG=6 AT_V3A=0 AT_V3B=1 AT_V3C=1 → net=495.5$ صفقات=17 | 11618s
  1805/1920 | AT_TRAIL=8.0 AT_STOP=1.2 AT_PB=1440 AT_TRIG=6 AT_V3A=1 AT_V3B=0 AT_V3C=0 → net=0.0$ صفقات=0 | 11631s
  1806/1920 | AT_TRAIL=8.0 AT_STOP=1.2 AT_PB=1440 AT_TRIG=6 AT_V3A=1 AT_V3B=0 AT_V3C=1 → net=0.0$ صفقات=0 | 11643s
  1807/1920 | AT_TRAIL=8.0 AT_STOP=1.2 AT_PB=1440 AT_TRIG=6 AT_V3A=1 AT_V3B=1 AT_V3C=0 → net=0.0$ صفقات=0 | 11656s
  1808/1920 | AT_TRAIL=8.0 AT_STOP=1.2 AT_PB=1440 AT_TRIG=6 AT_V3A=1 AT_V3B=1 AT_V3C=1 → net=0.0$ صفقات=0 | 11672s
  1809/1920 | AT_TRAIL=8.0 AT_STOP=1.2 AT_PB=1440 AT_TRIG=12 AT_V3A=0 AT_V3B=0 AT_V3C=0 → net=935.1$ صفقات=17 | 11679s
  1810/1920 | AT_TRAIL=8.0 AT_STOP=1.2 AT_PB=1440 AT_TRIG=12 AT_V3A=0 AT_V3B=0 AT_V3C=1 → net=499.4$ صفقات=17 | 11688s
  1811/1920 | AT_TRAIL=8.0 AT_STOP=1.2 AT_PB=1440 AT_TRIG=12 AT_V3A=0 AT_V3B=1 AT_V3C=0 → net=935.1$ صفقات=17 | 11697s
  1812/1920 | AT_TRAIL=8.0 AT_STOP=1.2 AT_PB=1440 AT_TRIG=12 AT_V3A=0 AT_V3B=1 AT_V3C=1 → net=499.4$ صفقات=17 | 11703s
  1813/1920 | AT_TRAIL=8.0 AT_STOP=1.2 AT_PB=1440 AT_TRIG=12 AT_V3A=1 AT_V3B=0 AT_V3C=0 → net=0.0$ صفقات=0 | 11715s
  1814/1920 | AT_TRAIL=8.0 AT_STOP=1.2 AT_PB=1440 AT_TRIG=12 AT_V3A=1 AT_V3B=0 AT_V3C=1 → net=0.0$ صفقات=0 | 11728s
  1815/1920 | AT_TRAIL=8.0 AT_STOP=1.2 AT_PB=1440 AT_TRIG=12 AT_V3A=1 AT_V3B=1 AT_V3C=0 → net=0.0$ صفقات=0 | 11739s
  1816/1920 | AT_TRAIL=8.0 AT_STOP=1.2 AT_PB=1440 AT_TRIG=12 AT_V3A=1 AT_V3B=1 AT_V3C=1 → net=0.0$ صفقات=0 | 11750s
  1817/1920 | AT_TRAIL=8.0 AT_STOP=1.2 AT_PB=1440 AT_TRIG=24 AT_V3A=0 AT_V3B=0 AT_V3C=0 → net=931.2$ صفقات=18 | 11757s
  1818/1920 | AT_TRAIL=8.0 AT_STOP=1.2 AT_PB=1440 AT_TRIG=24 AT_V3A=0 AT_V3B=0 AT_V3C=1 → net=489.1$ صفقات=18 | 11763s
  1819/1920 | AT_TRAIL=8.0 AT_STOP=1.2 AT_PB=1440 AT_TRIG=24 AT_V3A=0 AT_V3B=1 AT_V3C=0 → net=931.2$ صفقات=18 | 11769s
  1820/1920 | AT_TRAIL=8.0 AT_STOP=1.2 AT_PB=1440 AT_TRIG=24 AT_V3A=0 AT_V3B=1 AT_V3C=1 → net=489.1$ صفقات=18 | 11775s
  1821/1920 | AT_TRAIL=8.0 AT_STOP=1.2 AT_PB=1440 AT_TRIG=24 AT_V3A=1 AT_V3B=0 AT_V3C=0 → net=0.0$ صفقات=0 | 11787s
  1822/1920 | AT_TRAIL=8.0 AT_STOP=1.2 AT_PB=1440 AT_TRIG=24 AT_V3A=1 AT_V3B=0 AT_V3C=1 → net=0.0$ صفقات=0 | 11799s
  1823/1920 | AT_TRAIL=8.0 AT_STOP=1.2 AT_PB=1440 AT_TRIG=24 AT_V3A=1 AT_V3B=1 AT_V3C=0 → net=0.0$ صفقات=0 | 11811s
  1824/1920 | AT_TRAIL=8.0 AT_STOP=1.2 AT_PB=1440 AT_TRIG=24 AT_V3A=1 AT_V3B=1 AT_V3C=1 → net=0.0$ صفقات=0 | 11822s
  1825/1920 | AT_TRAIL=8.0 AT_STOP=1.6 AT_PB=288 AT_TRIG=6 AT_V3A=0 AT_V3B=0 AT_V3C=0 → net=681.9$ صفقات=23 | 11828s
  1826/1920 | AT_TRAIL=8.0 AT_STOP=1.6 AT_PB=288 AT_TRIG=6 AT_V3A=0 AT_V3B=0 AT_V3C=1 → net=710.7$ صفقات=22 | 11833s
  1827/1920 | AT_TRAIL=8.0 AT_STOP=1.6 AT_PB=288 AT_TRIG=6 AT_V3A=0 AT_V3B=1 AT_V3C=0 → net=681.9$ صفقات=23 | 11839s
  1828/1920 | AT_TRAIL=8.0 AT_STOP=1.6 AT_PB=288 AT_TRIG=6 AT_V3A=0 AT_V3B=1 AT_V3C=1 → net=710.7$ صفقات=22 | 11844s
  1829/1920 | AT_TRAIL=8.0 AT_STOP=1.6 AT_PB=288 AT_TRIG=6 AT_V3A=1 AT_V3B=0 AT_V3C=0 → net=0.0$ صفقات=0 | 11856s
  1830/1920 | AT_TRAIL=8.0 AT_STOP=1.6 AT_PB=288 AT_TRIG=6 AT_V3A=1 AT_V3B=0 AT_V3C=1 → net=0.0$ صفقات=0 | 11868s
  1831/1920 | AT_TRAIL=8.0 AT_STOP=1.6 AT_PB=288 AT_TRIG=6 AT_V3A=1 AT_V3B=1 AT_V3C=0 → net=0.0$ صفقات=0 | 11879s
  1832/1920 | AT_TRAIL=8.0 AT_STOP=1.6 AT_PB=288 AT_TRIG=6 AT_V3A=1 AT_V3B=1 AT_V3C=1 → net=0.0$ صفقات=0 | 11891s
  1833/1920 | AT_TRAIL=8.0 AT_STOP=1.6 AT_PB=288 AT_TRIG=12 AT_V3A=0 AT_V3B=0 AT_V3C=0 → net=684.4$ صفقات=23 | 11896s
  1834/1920 | AT_TRAIL=8.0 AT_STOP=1.6 AT_PB=288 AT_TRIG=12 AT_V3A=0 AT_V3B=0 AT_V3C=1 → net=709.0$ صفقات=22 | 11902s
  1835/1920 | AT_TRAIL=8.0 AT_STOP=1.6 AT_PB=288 AT_TRIG=12 AT_V3A=0 AT_V3B=1 AT_V3C=0 → net=684.4$ صفقات=23 | 11907s
  1836/1920 | AT_TRAIL=8.0 AT_STOP=1.6 AT_PB=288 AT_TRIG=12 AT_V3A=0 AT_V3B=1 AT_V3C=1 → net=709.0$ صفقات=22 | 11913s
  1837/1920 | AT_TRAIL=8.0 AT_STOP=1.6 AT_PB=288 AT_TRIG=12 AT_V3A=1 AT_V3B=0 AT_V3C=0 → net=0.0$ صفقات=0 | 11924s
  1838/1920 | AT_TRAIL=8.0 AT_STOP=1.6 AT_PB=288 AT_TRIG=12 AT_V3A=1 AT_V3B=0 AT_V3C=1 → net=0.0$ صفقات=0 | 11936s
  1839/1920 | AT_TRAIL=8.0 AT_STOP=1.6 AT_PB=288 AT_TRIG=12 AT_V3A=1 AT_V3B=1 AT_V3C=0 → net=0.0$ صفقات=0 | 11947s
  1840/1920 | AT_TRAIL=8.0 AT_STOP=1.6 AT_PB=288 AT_TRIG=12 AT_V3A=1 AT_V3B=1 AT_V3C=1 → net=0.0$ صفقات=0 | 11959s
  1841/1920 | AT_TRAIL=8.0 AT_STOP=1.6 AT_PB=288 AT_TRIG=24 AT_V3A=0 AT_V3B=0 AT_V3C=0 → net=484.7$ صفقات=38 | 11965s
  1842/1920 | AT_TRAIL=8.0 AT_STOP=1.6 AT_PB=288 AT_TRIG=24 AT_V3A=0 AT_V3B=0 AT_V3C=1 → net=511.0$ صفقات=36 | 11971s
  1843/1920 | AT_TRAIL=8.0 AT_STOP=1.6 AT_PB=288 AT_TRIG=24 AT_V3A=0 AT_V3B=1 AT_V3C=0 → net=484.7$ صفقات=38 | 11977s
  1844/1920 | AT_TRAIL=8.0 AT_STOP=1.6 AT_PB=288 AT_TRIG=24 AT_V3A=0 AT_V3B=1 AT_V3C=1 → net=511.0$ صفقات=36 | 11984s
  1845/1920 | AT_TRAIL=8.0 AT_STOP=1.6 AT_PB=288 AT_TRIG=24 AT_V3A=1 AT_V3B=0 AT_V3C=0 → net=0.0$ صفقات=0 | 11995s
  1846/1920 | AT_TRAIL=8.0 AT_STOP=1.6 AT_PB=288 AT_TRIG=24 AT_V3A=1 AT_V3B=0 AT_V3C=1 → net=0.0$ صفقات=0 | 12006s
  1847/1920 | AT_TRAIL=8.0 AT_STOP=1.6 AT_PB=288 AT_TRIG=24 AT_V3A=1 AT_V3B=1 AT_V3C=0 → net=0.0$ صفقات=0 | 12017s
  1848/1920 | AT_TRAIL=8.0 AT_STOP=1.6 AT_PB=288 AT_TRIG=24 AT_V3A=1 AT_V3B=1 AT_V3C=1 → net=0.0$ صفقات=0 | 12027s
  1849/1920 | AT_TRAIL=8.0 AT_STOP=1.6 AT_PB=576 AT_TRIG=6 AT_V3A=0 AT_V3B=0 AT_V3C=0 → net=572.0$ صفقات=23 | 12033s
  1850/1920 | AT_TRAIL=8.0 AT_STOP=1.6 AT_PB=576 AT_TRIG=6 AT_V3A=0 AT_V3B=0 AT_V3C=1 → net=572.5$ صفقات=23 | 12038s
  1851/1920 | AT_TRAIL=8.0 AT_STOP=1.6 AT_PB=576 AT_TRIG=6 AT_V3A=0 AT_V3B=1 AT_V3C=0 → net=572.0$ صفقات=23 | 12044s
  1852/1920 | AT_TRAIL=8.0 AT_STOP=1.6 AT_PB=576 AT_TRIG=6 AT_V3A=0 AT_V3B=1 AT_V3C=1 → net=572.5$ صفقات=23 | 12049s
  1853/1920 | AT_TRAIL=8.0 AT_STOP=1.6 AT_PB=576 AT_TRIG=6 AT_V3A=1 AT_V3B=0 AT_V3C=0 → net=0.0$ صفقات=0 | 12060s
  1854/1920 | AT_TRAIL=8.0 AT_STOP=1.6 AT_PB=576 AT_TRIG=6 AT_V3A=1 AT_V3B=0 AT_V3C=1 → net=0.0$ صفقات=0 | 12071s
  1855/1920 | AT_TRAIL=8.0 AT_STOP=1.6 AT_PB=576 AT_TRIG=6 AT_V3A=1 AT_V3B=1 AT_V3C=0 → net=0.0$ صفقات=0 | 12082s
  1856/1920 | AT_TRAIL=8.0 AT_STOP=1.6 AT_PB=576 AT_TRIG=6 AT_V3A=1 AT_V3B=1 AT_V3C=1 → net=0.0$ صفقات=0 | 12093s
  1857/1920 | AT_TRAIL=8.0 AT_STOP=1.6 AT_PB=576 AT_TRIG=12 AT_V3A=0 AT_V3B=0 AT_V3C=0 → net=567.1$ صفقات=23 | 12099s
  1858/1920 | AT_TRAIL=8.0 AT_STOP=1.6 AT_PB=576 AT_TRIG=12 AT_V3A=0 AT_V3B=0 AT_V3C=1 → net=580.9$ صفقات=22 | 12105s
  1859/1920 | AT_TRAIL=8.0 AT_STOP=1.6 AT_PB=576 AT_TRIG=12 AT_V3A=0 AT_V3B=1 AT_V3C=0 → net=567.1$ صفقات=23 | 12110s
  1860/1920 | AT_TRAIL=8.0 AT_STOP=1.6 AT_PB=576 AT_TRIG=12 AT_V3A=0 AT_V3B=1 AT_V3C=1 → net=580.9$ صفقات=22 | 12116s
  1861/1920 | AT_TRAIL=8.0 AT_STOP=1.6 AT_PB=576 AT_TRIG=12 AT_V3A=1 AT_V3B=0 AT_V3C=0 → net=0.0$ صفقات=0 | 12126s
  1862/1920 | AT_TRAIL=8.0 AT_STOP=1.6 AT_PB=576 AT_TRIG=12 AT_V3A=1 AT_V3B=0 AT_V3C=1 → net=0.0$ صفقات=0 | 12137s
  1863/1920 | AT_TRAIL=8.0 AT_STOP=1.6 AT_PB=576 AT_TRIG=12 AT_V3A=1 AT_V3B=1 AT_V3C=0 → net=0.0$ صفقات=0 | 12148s
  1864/1920 | AT_TRAIL=8.0 AT_STOP=1.6 AT_PB=576 AT_TRIG=12 AT_V3A=1 AT_V3B=1 AT_V3C=1 → net=0.0$ صفقات=0 | 12159s
  1865/1920 | AT_TRAIL=8.0 AT_STOP=1.6 AT_PB=576 AT_TRIG=24 AT_V3A=0 AT_V3B=0 AT_V3C=0 → net=222.5$ صفقات=25 | 12164s
  1866/1920 | AT_TRAIL=8.0 AT_STOP=1.6 AT_PB=576 AT_TRIG=24 AT_V3A=0 AT_V3B=0 AT_V3C=1 → net=238.1$ صفقات=23 | 12170s
  1867/1920 | AT_TRAIL=8.0 AT_STOP=1.6 AT_PB=576 AT_TRIG=24 AT_V3A=0 AT_V3B=1 AT_V3C=0 → net=222.5$ صفقات=25 | 12176s
  1868/1920 | AT_TRAIL=8.0 AT_STOP=1.6 AT_PB=576 AT_TRIG=24 AT_V3A=0 AT_V3B=1 AT_V3C=1 → net=238.1$ صفقات=23 | 12182s
  1869/1920 | AT_TRAIL=8.0 AT_STOP=1.6 AT_PB=576 AT_TRIG=24 AT_V3A=1 AT_V3B=0 AT_V3C=0 → net=0.0$ صفقات=0 | 12193s
  1870/1920 | AT_TRAIL=8.0 AT_STOP=1.6 AT_PB=576 AT_TRIG=24 AT_V3A=1 AT_V3B=0 AT_V3C=1 → net=0.0$ صفقات=0 | 12205s
  1871/1920 | AT_TRAIL=8.0 AT_STOP=1.6 AT_PB=576 AT_TRIG=24 AT_V3A=1 AT_V3B=1 AT_V3C=0 → net=0.0$ صفقات=0 | 12218s
  1872/1920 | AT_TRAIL=8.0 AT_STOP=1.6 AT_PB=576 AT_TRIG=24 AT_V3A=1 AT_V3B=1 AT_V3C=1 → net=0.0$ صفقات=0 | 12230s
  1873/1920 | AT_TRAIL=8.0 AT_STOP=1.6 AT_PB=864 AT_TRIG=6 AT_V3A=0 AT_V3B=0 AT_V3C=0 → net=395.9$ صفقات=22 | 12236s
  1874/1920 | AT_TRAIL=8.0 AT_STOP=1.6 AT_PB=864 AT_TRIG=6 AT_V3A=0 AT_V3B=0 AT_V3C=1 → net=365.0$ صفقات=22 | 12242s
  1875/1920 | AT_TRAIL=8.0 AT_STOP=1.6 AT_PB=864 AT_TRIG=6 AT_V3A=0 AT_V3B=1 AT_V3C=0 → net=395.9$ صفقات=22 | 12248s
  1876/1920 | AT_TRAIL=8.0 AT_STOP=1.6 AT_PB=864 AT_TRIG=6 AT_V3A=0 AT_V3B=1 AT_V3C=1 → net=365.0$ صفقات=22 | 12255s
  1877/1920 | AT_TRAIL=8.0 AT_STOP=1.6 AT_PB=864 AT_TRIG=6 AT_V3A=1 AT_V3B=0 AT_V3C=0 → net=0.0$ صفقات=0 | 12266s
  1878/1920 | AT_TRAIL=8.0 AT_STOP=1.6 AT_PB=864 AT_TRIG=6 AT_V3A=1 AT_V3B=0 AT_V3C=1 → net=0.0$ صفقات=0 | 12278s
  1879/1920 | AT_TRAIL=8.0 AT_STOP=1.6 AT_PB=864 AT_TRIG=6 AT_V3A=1 AT_V3B=1 AT_V3C=0 → net=0.0$ صفقات=0 | 12291s
  1880/1920 | AT_TRAIL=8.0 AT_STOP=1.6 AT_PB=864 AT_TRIG=6 AT_V3A=1 AT_V3B=1 AT_V3C=1 → net=0.0$ صفقات=0 | 12303s
  1881/1920 | AT_TRAIL=8.0 AT_STOP=1.6 AT_PB=864 AT_TRIG=12 AT_V3A=0 AT_V3B=0 AT_V3C=0 → net=391.9$ صفقات=22 | 12309s
  1882/1920 | AT_TRAIL=8.0 AT_STOP=1.6 AT_PB=864 AT_TRIG=12 AT_V3A=0 AT_V3B=0 AT_V3C=1 → net=366.1$ صفقات=22 | 12315s
  1883/1920 | AT_TRAIL=8.0 AT_STOP=1.6 AT_PB=864 AT_TRIG=12 AT_V3A=0 AT_V3B=1 AT_V3C=0 → net=391.9$ صفقات=22 | 12322s
  1884/1920 | AT_TRAIL=8.0 AT_STOP=1.6 AT_PB=864 AT_TRIG=12 AT_V3A=0 AT_V3B=1 AT_V3C=1 → net=366.1$ صفقات=22 | 12328s
  1885/1920 | AT_TRAIL=8.0 AT_STOP=1.6 AT_PB=864 AT_TRIG=12 AT_V3A=1 AT_V3B=0 AT_V3C=0 → net=0.0$ صفقات=0 | 12339s
  1886/1920 | AT_TRAIL=8.0 AT_STOP=1.6 AT_PB=864 AT_TRIG=12 AT_V3A=1 AT_V3B=0 AT_V3C=1 → net=0.0$ صفقات=0 | 12350s
  1887/1920 | AT_TRAIL=8.0 AT_STOP=1.6 AT_PB=864 AT_TRIG=12 AT_V3A=1 AT_V3B=1 AT_V3C=0 → net=0.0$ صفقات=0 | 12363s
  1888/1920 | AT_TRAIL=8.0 AT_STOP=1.6 AT_PB=864 AT_TRIG=12 AT_V3A=1 AT_V3B=1 AT_V3C=1 → net=0.0$ صفقات=0 | 12375s
  1889/1920 | AT_TRAIL=8.0 AT_STOP=1.6 AT_PB=864 AT_TRIG=24 AT_V3A=0 AT_V3B=0 AT_V3C=0 → net=390.5$ صفقات=22 | 12381s
  1890/1920 | AT_TRAIL=8.0 AT_STOP=1.6 AT_PB=864 AT_TRIG=24 AT_V3A=0 AT_V3B=0 AT_V3C=1 → net=362.4$ صفقات=22 | 12388s
  1891/1920 | AT_TRAIL=8.0 AT_STOP=1.6 AT_PB=864 AT_TRIG=24 AT_V3A=0 AT_V3B=1 AT_V3C=0 → net=390.5$ صفقات=22 | 12394s
  1892/1920 | AT_TRAIL=8.0 AT_STOP=1.6 AT_PB=864 AT_TRIG=24 AT_V3A=0 AT_V3B=1 AT_V3C=1 → net=362.4$ صفقات=22 | 12401s
  1893/1920 | AT_TRAIL=8.0 AT_STOP=1.6 AT_PB=864 AT_TRIG=24 AT_V3A=1 AT_V3B=0 AT_V3C=0 → net=0.0$ صفقات=0 | 12412s
  1894/1920 | AT_TRAIL=8.0 AT_STOP=1.6 AT_PB=864 AT_TRIG=24 AT_V3A=1 AT_V3B=0 AT_V3C=1 → net=0.0$ صفقات=0 | 12424s
  1895/1920 | AT_TRAIL=8.0 AT_STOP=1.6 AT_PB=864 AT_TRIG=24 AT_V3A=1 AT_V3B=1 AT_V3C=0 → net=0.0$ صفقات=0 | 12436s
  1896/1920 | AT_TRAIL=8.0 AT_STOP=1.6 AT_PB=864 AT_TRIG=24 AT_V3A=1 AT_V3B=1 AT_V3C=1 → net=0.0$ صفقات=0 | 12447s
  1897/1920 | AT_TRAIL=8.0 AT_STOP=1.6 AT_PB=1440 AT_TRIG=6 AT_V3A=0 AT_V3B=0 AT_V3C=0 → net=931.2$ صفقات=17 | 12453s
  1898/1920 | AT_TRAIL=8.0 AT_STOP=1.6 AT_PB=1440 AT_TRIG=6 AT_V3A=0 AT_V3B=0 AT_V3C=1 → net=494.6$ صفقات=17 | 12459s
  1899/1920 | AT_TRAIL=8.0 AT_STOP=1.6 AT_PB=1440 AT_TRIG=6 AT_V3A=0 AT_V3B=1 AT_V3C=0 → net=931.2$ صفقات=17 | 12465s
  1900/1920 | AT_TRAIL=8.0 AT_STOP=1.6 AT_PB=1440 AT_TRIG=6 AT_V3A=0 AT_V3B=1 AT_V3C=1 → net=494.6$ صفقات=17 | 12471s
  1901/1920 | AT_TRAIL=8.0 AT_STOP=1.6 AT_PB=1440 AT_TRIG=6 AT_V3A=1 AT_V3B=0 AT_V3C=0 → net=0.0$ صفقات=0 | 12482s
  1902/1920 | AT_TRAIL=8.0 AT_STOP=1.6 AT_PB=1440 AT_TRIG=6 AT_V3A=1 AT_V3B=0 AT_V3C=1 → net=0.0$ صفقات=0 | 12493s
  1903/1920 | AT_TRAIL=8.0 AT_STOP=1.6 AT_PB=1440 AT_TRIG=6 AT_V3A=1 AT_V3B=1 AT_V3C=0 → net=0.0$ صفقات=0 | 12505s
  1904/1920 | AT_TRAIL=8.0 AT_STOP=1.6 AT_PB=1440 AT_TRIG=6 AT_V3A=1 AT_V3B=1 AT_V3C=1 → net=0.0$ صفقات=0 | 12517s
  1905/1920 | AT_TRAIL=8.0 AT_STOP=1.6 AT_PB=1440 AT_TRIG=12 AT_V3A=0 AT_V3B=0 AT_V3C=0 → net=933.3$ صفقات=17 | 12524s
  1906/1920 | AT_TRAIL=8.0 AT_STOP=1.6 AT_PB=1440 AT_TRIG=12 AT_V3A=0 AT_V3B=0 AT_V3C=1 → net=498.6$ صفقات=17 | 12530s
  1907/1920 | AT_TRAIL=8.0 AT_STOP=1.6 AT_PB=1440 AT_TRIG=12 AT_V3A=0 AT_V3B=1 AT_V3C=0 → net=933.3$ صفقات=17 | 12536s
  1908/1920 | AT_TRAIL=8.0 AT_STOP=1.6 AT_PB=1440 AT_TRIG=12 AT_V3A=0 AT_V3B=1 AT_V3C=1 → net=498.6$ صفقات=17 | 12543s
  1909/1920 | AT_TRAIL=8.0 AT_STOP=1.6 AT_PB=1440 AT_TRIG=12 AT_V3A=1 AT_V3B=0 AT_V3C=0 → net=0.0$ صفقات=0 | 12554s
  1910/1920 | AT_TRAIL=8.0 AT_STOP=1.6 AT_PB=1440 AT_TRIG=12 AT_V3A=1 AT_V3B=0 AT_V3C=1 → net=0.0$ صفقات=0 | 12568s
  1911/1920 | AT_TRAIL=8.0 AT_STOP=1.6 AT_PB=1440 AT_TRIG=12 AT_V3A=1 AT_V3B=1 AT_V3C=0 → net=0.0$ صفقات=0 | 12584s
  1912/1920 | AT_TRAIL=8.0 AT_STOP=1.6 AT_PB=1440 AT_TRIG=12 AT_V3A=1 AT_V3B=1 AT_V3C=1 → net=0.0$ صفقات=0 | 12596s
  1913/1920 | AT_TRAIL=8.0 AT_STOP=1.6 AT_PB=1440 AT_TRIG=24 AT_V3A=0 AT_V3B=0 AT_V3C=0 → net=929.7$ صفقات=18 | 12602s
  1914/1920 | AT_TRAIL=8.0 AT_STOP=1.6 AT_PB=1440 AT_TRIG=24 AT_V3A=0 AT_V3B=0 AT_V3C=1 → net=488.2$ صفقات=18 | 12608s
  1915/1920 | AT_TRAIL=8.0 AT_STOP=1.6 AT_PB=1440 AT_TRIG=24 AT_V3A=0 AT_V3B=1 AT_V3C=0 → net=929.7$ صفقات=18 | 12615s
  1916/1920 | AT_TRAIL=8.0 AT_STOP=1.6 AT_PB=1440 AT_TRIG=24 AT_V3A=0 AT_V3B=1 AT_V3C=1 → net=488.2$ صفقات=18 | 12622s
  1917/1920 | AT_TRAIL=8.0 AT_STOP=1.6 AT_PB=1440 AT_TRIG=24 AT_V3A=1 AT_V3B=0 AT_V3C=0 → net=0.0$ صفقات=0 | 12633s
  1918/1920 | AT_TRAIL=8.0 AT_STOP=1.6 AT_PB=1440 AT_TRIG=24 AT_V3A=1 AT_V3B=0 AT_V3C=1 → net=0.0$ صفقات=0 | 12644s
  1919/1920 | AT_TRAIL=8.0 AT_STOP=1.6 AT_PB=1440 AT_TRIG=24 AT_V3A=1 AT_V3B=1 AT_V3C=0 → net=0.0$ صفقات=0 | 12657s
  1920/1920 | AT_TRAIL=8.0 AT_STOP=1.6 AT_PB=1440 AT_TRIG=24 AT_V3A=1 AT_V3B=1 AT_V3C=1 → net=0.0$ صفقات=0 | 12669s
اكتمل التدريب (1920/1920)

أفضل 20 على التدريب (قبل الهضبة):
NOVA_AT_TRAIL NOVA_AT_STOP NOVA_AT_PB NOVA_AT_TRIG NOVA_AT_V3A NOVA_AT_V3B NOVA_AT_V3C        net  trades   win_pct
          8.0          1.2       1440           12           0           0           0 935.101376      17 17.647059
          8.0          1.2       1440           12           0           1           0 935.101376      17 17.647059
          8.0          1.6       1440           12           0           1           0 933.349281      17 17.647059
          8.0          1.6       1440           12           0           0           0 933.349281      17 17.647059
          8.0          1.2       1440            6           0           0           0 932.931319      17 17.647059
          8.0          1.2       1440            6           0           1           0 932.931319      17 17.647059
          8.0          0.5       1440           24           0           1           0 931.199336      18 16.666667
          8.0          0.5       1440           24           0           0           0 931.199336      18 16.666667
          8.0          1.2       1440           24           0           1           0 931.199336      18 16.666667
          8.0          1.2       1440           24           0           0           0 931.199336      18 16.666667
          8.0          0.8       1440           24           0           1           0 931.199336      18 16.666667
          8.0          0.8       1440           24           0           0           0 931.199336      18 16.666667
          8.0          1.6       1440            6           0           0           0 931.179156      17 17.647059
          8.0          1.6       1440            6           0           1           0 931.179156      17 17.647059
          8.0          1.6       1440           24           0           1           0 929.749460      18 16.666667
          8.0          1.6       1440           24           0           0           0 929.749460      18 16.666667
          8.0          0.8       1440           12           0           1           0 922.317451      18 16.666667
          8.0          0.8       1440           12           0           0           0 922.317451      18 16.666667
          8.0          0.8       1440            6           0           0           0 920.071352      18 16.666667
          8.0          0.8       1440            6           0           1           0 920.071352      18 16.666667

بعد الهضبة (الأثبت فوق الأعلى المعزول):
NOVA_AT_TRAIL NOVA_AT_STOP NOVA_AT_PB NOVA_AT_TRIG NOVA_AT_V3A NOVA_AT_V3B NOVA_AT_V3C        net  trades   win_pct  plateau_mean
          8.0          0.5       1440           24           0           1           0 931.199336      18 16.666667    758.948743
          8.0          0.5       1440           24           0           0           0 931.199336      18 16.666667    758.948743
          8.0          1.2       1440           12           0           0           0 935.101376      17 17.647059    754.394824
          8.0          1.2       1440           12           0           1           0 935.101376      17 17.647059    754.394824
          8.0          1.2       1440            6           0           0           0 932.931319      17 17.647059    753.100472
          8.0          1.2       1440            6           0           1           0 932.931319      17 17.647059    753.100472
          8.0          1.6       1440           12           0           1           0 933.349281      17 17.647059    752.687709
          8.0          1.6       1440           12           0           0           0 933.349281      17 17.647059    752.687709
  اختبار 1/8 | 12690s
  اختبار 2/8 | 12701s
  اختبار 3/8 | 12712s
  اختبار 4/8 | 12722s
  اختبار 5/8 | 12733s
  اختبار 6/8 | 12743s
  اختبار 7/8 | 12752s
  اختبار 8/8 | 12762s

============================================================
🏆 الفائز على نافذة الاختبار (القرار الرسمي):
NOVA_AT_TRAIL NOVA_AT_STOP NOVA_AT_PB NOVA_AT_TRIG NOVA_AT_V3A NOVA_AT_V3B NOVA_AT_V3C  train_net    plateau         net  trades  win_pct
          8.0          1.2       1440            6           0           1           0 932.931319 753.100472 -161.468315      22 9.090909
