category,kind,strategy,symbol,regime,trigger,side,entry_bar,exit_bar,entry_time,exit_time,bars_held,net_frac,pnl_usd,notional_usd,reason,cycles,success,risk_accepted,risk_reason,risk_would_block,entry_px,entry_ref_px,entry_cost_pct,exit_px,mult,experiment,series,snapshot
اتجاهي,dir,directional,TONUSDT,هابط,FVG,-1,25112,25114,2025-01-18T10:32:00+00:00,2025-01-18T10:34:00+00:00,2,-0.0019450874970216494,-0.03890174994043299,20.0,قفل-ربح,0,False,True,,False,5.3054079000000005,5.307,0.0003,5.301938089819174,1,baseline,0,"{""close"": 5.306, ""rsi"": 39.62626606209836, ""rsi7"": 35.58918609014853, ""macd"": -0.00036887642610308573, ""adx"": 18.934128675148184, ""stoch_k"": 32.539682539683184, ""stoch_d"": 39.36507936507926, ""mss"": 0.0, ""sfp"": 1.0, ""vr"": 1.1943019626777798, ""hurst"": 0.3283028560991378, ""atr14"": 0.007711549827598828, ""vol_sma20"": 6636.448499999999, ""vol_ratio"": 2.3215218199915215, ""atr_pct"": 0.001453364083603247, ""retest_entry"": true}"
اتجاهي,dir,directional,TONUSDT,هابط,Bollinger,-1,25118,25119,2025-01-18T10:38:00+00:00,2025-01-18T10:39:00+00:00,1,-0.0030077234744509363,-0.06015446948901873,20.0,زمني,0,False,True,,False,5.291823,5.295,0.0006,5.294,1,baseline,0,"{""close"": 5.295, ""rsi"": 37.34234468652857, ""rsi7"": 33.106530412001135, ""macd"": -0.00130681657498253, ""adx"": 25.621132831954494, ""stoch_k"": 17.198808003405883, ""stoch_d"": 28.366680857101716, ""mss"": 0.0, ""sfp"": 0.0, ""vr"": 1.3547935981176396, ""hurst"": 0.33072960284153546, ""atr14"": 0.008867712181972817, ""vol_sma20"": 7282.4924999999985, ""vol_ratio"": 0.7795737517065758, ""atr_pct"": 0.001674733178842836, ""retest_entry"": true}"
اتجاهي,dir,directional,TONUSDT,هابط,FVG,-1,25122,25122,2025-01-18T10:42:00+00:00,2025-01-18T10:42:00+00:00,0,-0.005290809190808995,-0.1058161838161799,20.0,وقف,0,False,True,,False,5.288413,5.29,0.0003,5.304278238999999,1,baseline,0,"{""close"": 5.289, ""rsi"": 35.1213275809729, ""rsi7"": 30.294492285127475, ""macd"": -0.0017002616369309201, ""adx"": 31.907659577592508, ""stoch_k"": 5.960061443931731, ""stoch_d"": 5.954058301110268, ""mss"": 0.0, ""sfp"": 0.0, ""vr"": 1.1927152938380754, ""hurst"": 0.3522124687909128, ""atr14"": 0.007889387953699672, ""vol_sma20"": 7924.5554999999995, ""vol_ratio"": 0.8216082277422375, ""atr_pct"": 0.0014916596622612352, ""retest_entry"": true}"
اتجاهي,dir,directional,TONUSDT,هابط,FVG,-1,25127,25128,2025-01-18T10:47:00+00:00,2025-01-18T10:48:00+00:00,1,-0.0055896103896101905,-0.11179220779220381,20.0,وقف,0,False,True,,False,5.2788308,5.282,0.0006,5.294667292399999,1,baseline,0,"{""close"": 5.282, ""rsi"": 35.48692499851171, ""rsi7"": 30.60447178972997, ""macd"": -0.0006798657165145603, ""adx"": 28.543379613293343, ""stoch_k"": 24.385964912280215, ""stoch_d"": 36.690746474027435, ""mss"": 0.0, ""sfp"": 0.0, ""vr"": 1.2891448604948017, ""hurst"": 0.3122023550956703, ""atr14"": 0.008683836201978734, ""vol_sma20"": 9055.82, ""vol_ratio"": 1.8650337572964126, ""atr_pct"": 0.0016440432037066895, ""retest_entry"": true}"
اتجاهي,dir,directional,TONUSDT,هابط,Stochastic,-1,25135,25141,2025-01-18T10:55:00+00:00,2025-01-18T11:01:00+00:00,6,-0.0015972985508632207,-0.031945971017264416,20.0,قفل-ربح,0,False,True,,False,5.3214031,5.323,0.0003,5.317667385771153,1,baseline,0,"{""close"": 5.322, ""rsi"": 61.27289698815252, ""rsi7"": 74.13383708324112, ""macd"": 0.004035893806609365, ""adx"": 22.163596597403835, ""stoch_k"": 98.29059829059925, ""stoch_d"": 98.5754985754993, ""mss"": 0.0, ""sfp"": 0.0, ""vr"": 1.193824547541761, ""hurst"": 0.26879954148063806, ""atr14"": 0.008302518361462893, ""vol_sma20"": 6970.866499999999, ""vol_ratio"": 0.3809598132455987, ""atr_pct"": 0.001560037271977244, ""retest_entry"": true}"
اتجاهي,dir,directional,TONUSDT,هابط,FVG,-1,25145,25146,2025-01-18T11:05:00+00:00,2025-01-18T11:06:00+00:00,1,-0.0022212784056548935,-0.04442556811309787,20.0,قفل-ربح,0,False,True,,False,5.3094067,5.311,0.0003,5.309,1,baseline,0,"{""close"": 5.311, ""rsi"": 49.89783645569101, ""rsi7"": 44.934653463618346, ""macd"": 8.205127605835465e-06, ""adx"": 15.872031214605197, ""stoch_k"": 52.45701521998839, ""stoch_d"": 66.37772682185953, ""mss"": 0.0, ""sfp"": 0.0, ""vr"": 1.0351812072783302, ""hurst"": 0.3223632506790612, ""atr14"": 0.007351644975775236, ""vol_sma20"": 5476.905, ""vol_ratio"": 0.3061674431088361, ""atr_pct"": 0.001384229895645874, ""retest_entry"": true}"
اتجاهي,dir,directional,TONUSDT,هابط,SFP,-1,25168,25169,2025-01-18T11:28:00+00:00,2025-01-18T11:29:00+00:00,1,-0.0020354811424430908,-0.040709622848861815,20.0,تتبع,0,False,True,,False,5.329400700000001,5.331,0.0003,5.328,1,baseline,0,"{""close"": 5.33, ""rsi"": 61.513660783051435, ""rsi7"": 63.67122381600659, ""macd"": 0.0020487367874269954, ""adx"": 23.47577128646345, ""stoch_k"": 89.92063492063464, ""stoch_d"": 95.76029445594621, ""mss"": 0.0, ""sfp"": -1.0, ""vr"": 0.8700409288123488, ""hurst"": 0.36565662610675725, ""atr14"": 0.006242291815786483, ""vol_sma20"": 2757.1824999999994, ""vol_ratio"": 2.2861199793629914, ""atr_pct"": 0.0011711616915171638, ""retest_entry"": true}"
اتجاهي,dir,directional,TONUSDT,هابط,FVG,-1,25190,25195,2025-01-18T11:50:00+00:00,2025-01-18T11:55:00+00:00,5,-0.0006450705850053457,-0.012901411700106913,20.0,تتبع,0,False,True,,False,5.3683890000000005,5.37,0.0003,5.359496598000001,1,baseline,0,"{""close"": 5.37, ""rsi"": 71.79983226590227, ""rsi7"": 70.20468862694561, ""macd"": 0.0020955439136249986, ""adx"": 40.52021056178173, ""stoch_k"": 84.62887200467647, ""stoch_d"": 88.31361155580468, ""mss"": 0.0, ""sfp"": 0.0, ""vr"": 0.9736885736006953, ""hurst"": 0.4100456212877856, ""atr14"": 0.0070999916363176565, ""vol_sma20"": 7402.942999999999, ""vol_ratio"": 0.19367567736236793, ""atr_pct"": 0.0013221585914930459, ""retest_entry"": true}"
اتجاهي,dir,directional,TONUSDT,هابط,Bollinger,-1,25209,25210,2025-01-18T12:09:00+00:00,2025-01-18T12:10:00+00:00,1,-0.004274416585672633,-0.08548833171345266,20.0,زمني,0,False,True,,False,5.353393500000001,5.355,0.0003,5.364,1,baseline,0,"{""close"": 5.356, ""rsi"": 47.71192192295996, ""rsi7"": 38.21499265243118, ""macd"": -0.001751832436245773, ""adx"": 20.744947466239314, ""stoch_k"": 40.74074074074132, ""stoch_d"": 54.93827160493803, ""mss"": 0.0, ""sfp"": 0.0, ""vr"": 0.8797730540711958, ""hurst"": 0.3136591448295261, ""atr14"": 0.006392941220224483, ""vol_sma20"": 2945.6199999999994, ""vol_ratio"": 0.4384000651815238, ""atr_pct"": 0.0011936036632233912, ""retest_entry"": true}"
اتجاهي,dir,directional,TONUSDT,هابط,FVG,-1,25213,25214,2025-01-18T12:13:00+00:00,2025-01-18T12:14:00+00:00,1,-0.0025971028071656095,-0.05194205614331219,20.0,زمني,0,False,True,,False,5.3493947,5.351,0.0003,5.351,1,baseline,0,"{""close"": 5.352, ""rsi"": 44.551460328435276, ""rsi7"": 36.46847906977578, ""macd"": -0.001996467990682284, ""adx"": 19.90990079117704, ""stoch_k"": 24.414488017429978, ""stoch_d"": 30.437545388525475, ""mss"": 0.0, ""sfp"": 0.0, ""vr"": 0.9078922901613665, ""hurst"": 0.2943221378850622, ""atr14"": 0.006557444663443164, ""vol_sma20"": 2563.268499999999, ""vol_ratio"": 0.4956211181154064, ""atr_pct"": 0.0012252325604340739, ""retest_entry"": true}"
اتجاهي,dir,directional,TONUSDT,هابط,FVG,-1,25217,25231,2025-01-18T12:17:00+00:00,2025-01-18T12:31:00+00:00,14,-0.0018079706793793341,-0.03615941358758668,20.0,قفل-ربح,0,False,True,,False,5.3463956,5.348,0.0003,5.3437712711040835,1,baseline,0,"{""close"": 5.349, ""rsi"": 41.920904065289, ""rsi7"": 31.78764096446416, ""macd"": -0.002117693134756756, ""adx"": 21.907808940794702, ""stoch_k"": 8.477075040543951, ""stoch_d"": 7.985650400513113, ""mss"": 0.0, ""sfp"": 0.0, ""vr"": 0.8191361332897243, ""hurst"": 0.3251627770448469, ""atr14"": 0.005834682867362597, ""vol_sma20"": 2722.0944999999992, ""vol_ratio"": 0.5316090238601195, ""atr_pct"": 0.0010907988161081691, ""retest_entry"": true}"
اتجاهي,dir,directional,TONUSDT,هابط,Bollinger,-1,25234,25236,2025-01-18T12:34:00+00:00,2025-01-18T12:36:00+00:00,2,-0.0018481334276445448,-0.0369626685528909,20.0,تتبع,0,False,True,,False,5.328401,5.33,0.0003,5.326,1,baseline,0,"{""close"": 5.331, ""rsi"": 32.98892267344145, ""rsi7"": 25.512019067568545, ""macd"": -0.001339145901846321, ""adx"": 22.17744927350757, ""stoch_k"": 9.523809523809955, ""stoch_d"": 15.873015873016016, ""mss"": 0.0, ""sfp"": 0.0, ""vr"": 0.8501119644895205, ""hurst"": 0.5320309228383328, ""atr14"": 0.005597691969637779, ""vol_sma20"": 2136.1034999999993, ""vol_ratio"": 0.7375157617596716, ""atr_pct"": 0.0010500266309581277, ""retest_entry"": true}"
اتجاهي,dir,directional,TONUSDT,هابط,Stochastic,-1,25255,25256,2025-01-18T12:55:00+00:00,2025-01-18T12:56:00+00:00,1,-0.0025971028071656095,-0.05194205614331219,20.0,زمني,0,False,True,,False,5.334399200000001,5.336,0.0003,5.336,1,baseline,0,"{""close"": 5.336, ""rsi"": 50.569228578074714, ""rsi7"": 56.30191732754862, ""macd"": 0.00145914471742909, ""adx"": 16.922386476805897, ""stoch_k"": 84.35672514619664, ""stoch_d"": 87.75031011872916, ""mss"": 0.0, ""sfp"": 0.0, ""vr"": 0.7358790176396921, ""hurst"": 0.5714435069675068, ""atr14"": 0.004465030960388741, ""vol_sma20"": 2405.195999999999, ""vol_ratio"": 0.30664444810319, ""atr_pct"": 0.0008367749176140818, ""retest_entry"": true}"
اتجاهي,dir,directional,TONUSDT,هابط,MicroBurst,-1,25265,25267,2025-01-18T13:05:00+00:00,2025-01-18T13:07:00+00:00,2,-0.0007482969152085028,-0.014965938304170055,20.0,تتبع,0,False,True,,False,5.3323998,5.334,0.0003,5.3241187236,1,baseline,0,"{""close"": 5.334, ""rsi"": 45.64592551660166, ""rsi7"": 40.000337863069575, ""macd"": 0.00044248481942080236, ""adx"": 14.012102979653477, ""stoch_k"": 52.28438228438015, ""stoch_d"": 72.64352931019523, ""mss"": 0.0, ""sfp"": 0.0, ""vr"": 0.7402888092594637, ""hurst"": 0.5047774919071696, ""atr14"": 0.0043011331412506106, ""vol_sma20"": 1766.684999999999, ""vol_ratio"": 2.3081534059552227, ""atr_pct"": 0.0008063616687758925, ""retest_entry"": true}"
اتجاهي,dir,directional,TONUSDT,هابط,EMA,-1,25277,25278,2025-01-18T13:17:00+00:00,2025-01-18T13:18:00+00:00,1,-0.003908291224485828,-0.07816582448971655,20.0,زمني,0,False,True,,False,5.3264016000000005,5.328,0.0003,5.335,1,baseline,0,"{""close"": 5.327, ""rsi"": 43.73659883322843, ""rsi7"": 40.85707761460088, ""macd"": 0.000334943610478692, ""adx"": 16.300894871943783, ""stoch_k"": 51.28205128205061, ""stoch_d"": 60.683760683760106, ""mss"": 0.0, ""sfp"": 0.0, ""vr"": 0.8901222005611377, ""hurst"": 0.28454213495645364, ""atr14"": 0.0050330726885471746, ""vol_sma20"": 3499.352999999999, ""vol_ratio"": 3.3555688723029666, ""atr_pct"": 0.0009448231065416134, ""retest_entry"": true}"
اتجاهي,dir,directional,TONUSDT,هابط,Bollinger,-1,25284,25285,2025-01-18T13:24:00+00:00,2025-01-18T13:25:00+00:00,1,-0.0042800736304571835,-0.08560147260914366,20.0,زمني,0,False,True,,False,5.3353988999999995,5.337,0.0003,5.346,1,baseline,0,"{""close"": 5.337, ""rsi"": 54.22981025391396, ""rsi7"": 56.066308029385375, ""macd"": 0.0011797872470281235, ""adx"": 17.268383763885367, ""stoch_k"": 79.90740740740678, ""stoch_d"": 85.58080808080773, ""mss"": 0.0, ""sfp"": 0.0, ""vr"": 0.8870809668294323, ""hurst"": 0.2895214217988476, ""atr14"": 0.004927360209556663, ""vol_sma20"": 4115.7215, ""vol_ratio"": 0.3787258200050708, ""atr_pct"": 0.0009232453081425264, ""retest_entry"": true}"
اتجاهي,dir,directional,TONUSDT,هابط,Stochastic,-1,25295,25296,2025-01-18T13:35:00+00:00,2025-01-18T13:36:00+00:00,1,-0.00259710280716572,-0.0519420561433144,20.0,زمني,0,False,True,,False,5.3573923,5.359,0.0003,5.359,1,baseline,0,"{""close"": 5.358, ""rsi"": 69.75237950882205, ""rsi7"": 77.76230360702192, ""macd"": 0.001799448749665318, ""adx"": 28.459999276764606, ""stoch_k"": 90.4067197170645, ""stoch_d"": 91.59499504327091, ""mss"": 0.0, ""sfp"": 0.0, ""vr"": 0.9707216432064654, ""hurst"": 0.39326405862939295, ""atr14"": 0.005187769119498846, ""vol_sma20"": 3705.873999999999, ""vol_ratio"": 0.2603218565984705, ""atr_pct"": 0.0009682286523887357, ""retest_entry"": true}"
اتجاهي,dir,directional,TONUSDT,هابط,Bollinger,-1,25299,25314,2025-01-18T13:39:00+00:00,2025-01-18T13:54:00+00:00,15,-0.0007550986206881752,-0.015101972413763504,20.0,تتبع,0,False,True,,False,5.353393500000001,5.355,0.0003,5.3451163170000004,1,baseline,0,"{""close"": 5.355, ""rsi"": 61.066774408760416, ""rsi7"": 55.862835597118746, ""macd"": 0.0008211179728836405, ""adx"": 33.209572609094664, ""stoch_k"": 81.70594837261426, ""stoch_d"": 87.61834872945929, ""mss"": 0.0, ""sfp"": 0.0, ""vr"": 0.9511832474821011, ""hurst"": 0.4365227386310725, ""atr14"": 0.0050259234126927834, ""vol_sma20"": 2752.114499999999, ""vol_ratio"": 0.9782877856281056, ""atr_pct"": 0.0009385477894851135, ""retest_entry"": true}"
اتجاهي,dir,directional,TONUSDT,هابط,FVG,-1,25322,25325,2025-01-18T14:02:00+00:00,2025-01-18T14:05:00+00:00,3,-0.001861409480390315,-0.0372281896078063,20.0,قفل-ربح,0,False,True,,False,5.3513941,5.353,0.0003,5.349053948219442,1,baseline,0,"{""close"": 5.353, ""rsi"": 54.587166927837394, ""rsi7"": 55.426712789307835, ""macd"": 0.0006662921078667379, ""adx"": 20.260140129619433, ""stoch_k"": 74.99999999999817, ""stoch_d"": 81.11111111110961, ""mss"": 0.0, ""sfp"": 0.0, ""vr"": 1.0554392482573103, ""hurst"": 0.3198930892378069, ""atr14"": 0.005201897859486897, ""vol_sma20"": 2620.855999999999, ""vol_ratio"": 4.695339995787638, ""atr_pct"": 0.0009717724377894446, ""retest_entry"": true}"
اتجاهي,dir,directional,TONUSDT,هابط,FVG,-1,25329,25330,2025-01-18T14:09:00+00:00,2025-01-18T14:10:00+00:00,1,-0.0035326124605326256,-0.07065224921065251,20.0,زمني,0,False,True,,False,5.3323998,5.334,0.0003,5.339,1,baseline,0,"{""close"": 5.333, ""rsi"": 31.11372595013961, ""rsi7"": 18.36432864265737, ""macd"": -0.0017142047140605273, ""adx"": 17.933660784517443, ""stoch_k"": 8.771929824561177, ""stoch_d"": 17.660818713449782, ""mss"": 0.0, ""sfp"": 0.0, ""vr"": 1.1086811855647396, ""hurst"": 0.31250118671935656, ""atr14"": 0.005469425305018657, ""vol_sma20"": 3350.6819999999993, ""vol_ratio"": 4.334007225991605, ""atr_pct"": 0.0010255813435249685, ""retest_entry"": true}"
اتجاهي,dir,directional,TONUSDT,هابط,ADX,-1,25333,25337,2025-01-18T14:13:00+00:00,2025-01-18T14:17:00+00:00,4,-0.0018134625620046545,-0.03626925124009309,20.0,قفل-ربح,0,False,True,,False,5.3363986,5.338,0.0003,5.333808552594484,1,baseline,0,"{""close"": 5.339, ""rsi"": 41.607530611611104, ""rsi7"": 40.630019485542576, ""macd"": -0.0011738206918569505, ""adx"": 22.748109651021917, ""stoch_k"": 33.33333333333335, ""stoch_d"": 27.08333333333304, ""mss"": 0.0, ""sfp"": 0.0, ""vr"": 1.1644849226327767, ""hurst"": 0.3549792883352186, ""atr14"": 0.0057584666841066345, ""vol_sma20"": 3965.9919999999993, ""vol_ratio"": 1.9242247589001695, ""atr_pct"": 0.001078566526335762, ""retest_entry"": true}"
اتجاهي,dir,directional,TONUSDT,هابط,FVG,-1,25346,25347,2025-01-18T14:26:00+00:00,2025-01-18T14:27:00+00:00,1,-0.0027845913846992177,-0.055691827693984355,20.0,زمني,0,False,True,,False,5.3214031,5.323,0.0003,5.324,1,baseline,0,"{""close"": 5.322, ""rsi"": 31.735931339500297, ""rsi7"": 24.197697898861094, ""macd"": -0.00046107423668187214, ""adx"": 26.423931583240485, ""stoch_k"": 29.41176470588268, ""stoch_d"": 39.869281045752224, ""mss"": 0.0, ""sfp"": 0.0, ""vr"": 1.1021757545380482, ""hurst"": 0.42081269028213664, ""atr14"": 0.0054625704427980195, ""vol_sma20"": 4408.139999999999, ""vol_ratio"": 0.9798010045053017, ""atr_pct"": 0.0010264130858320217, ""retest_entry"": true}"
اتجاهي,dir,directional,TONUSDT,هابط,MicroBurst,-1,25355,25356,2025-01-18T14:35:00+00:00,2025-01-18T14:36:00+00:00,1,-0.0018595160638695083,-0.037190321277390165,20.0,قفل-ربح,0,False,True,,False,5.308407,5.31,0.0003,5.30607557220201,1,baseline,0,"{""close"": 5.311, ""rsi"": 28.511684632899872, ""rsi7"": 21.897175620645683, ""macd"": -0.0008820359499074918, ""adx"": 32.5240155333706, ""stoch_k"": 6.172839506172209, ""stoch_d"": 6.487533284918416, ""mss"": 0.0, ""sfp"": 0.0, ""vr"": 1.0436676797343427, ""hurst"": 0.46895516293027517, ""atr14"": 0.0051834814035442295, ""vol_sma20"": 3236.6989999999996, ""vol_ratio"": 4.325558230777716, ""atr_pct"": 0.0009759897201175352, ""retest_entry"": true}"
اتجاهي,dir,directional,TONUSDT,هابط,FVG,-1,25361,25362,2025-01-18T14:41:00+00:00,2025-01-18T14:42:00+00:00,1,-0.002974062844261562,-0.059481256885231246,20.0,زمني,0,False,True,,False,5.2934115,5.295,0.0003,5.297,1,baseline,0,"{""close"": 5.294, ""rsi"": 19.12227913417904, ""rsi7"": 10.032180002228671, ""macd"": -0.0021479710007158113, ""adx"": 43.91364431877214, ""stoch_k"": 6.131523968335404, ""stoch_d"": 6.670810389974908, ""mss"": 0.0, ""sfp"": 0.0, ""vr"": 1.1023092734257292, ""hurst"": 0.4995923087824396, ""atr14"": 0.005566586797640646, ""vol_sma20"": 3931.4739999999993, ""vol_ratio"": 1.061141444659179, ""atr_pct"": 0.0010514897615490455, ""retest_entry"": true}"
اتجاهي,dir,directional,TONUSDT,هابط,FVG,-1,25372,25374,2025-01-18T14:52:00+00:00,2025-01-18T14:54:00+00:00,2,-0.0031617963368970226,-0.06323592673794046,20.0,زمني,0,False,True,,False,5.3004093999999995,5.302,0.0003,5.305,1,baseline,0,"{""close"": 5.303, ""rsi"": 41.272608175491946, ""rsi7"": 44.69569773520449, ""macd"": 0.0020990287457128753, ""adx"": 32.77184296460375, ""stoch_k"": 69.6969696969707, ""stoch_d"": 78.12802353032379, ""mss"": 0.0, ""sfp"": 0.0, ""vr"": 1.0252934977921044, ""hurst"": 0.4708365496194708, ""atr14"": 0.0052640645179726385, ""vol_sma20"": 4174.124999999999, ""vol_ratio"": 0.7465780253346511, ""atr_pct"": 0.0009926578385767752, ""retest_entry"": true}"
اتجاهي,dir,directional,TONUSDT,هابط,MicroBurst,-1,25380,25385,2025-01-18T15:00:00+00:00,2025-01-18T15:05:00+00:00,5,0.0006634341304612756,0.013268682609225512,20.0,تتبع,0,True,True,,False,5.2914121000000005,5.293,0.0003,5.2757074222,1,baseline,0,"{""close"": 5.292, ""rsi"": 35.31297373419956, ""rsi7"": 31.734014755802733, ""macd"": 9.96073057612486e-05, ""adx"": 25.695242263871343, ""stoch_k"": 17.322291235333683, ""stoch_d"": 21.647112951460098, ""mss"": 0.0, ""sfp"": 0.0, ""vr"": 1.0191177423664697, ""hurst"": 0.3887874730974503, ""atr14"": 0.00523938085880238, ""vol_sma20"": 2978.684999999999, ""vol_ratio"": 3.012587769435171, ""atr_pct"": 0.0009900568516255442, ""retest_entry"": true}"
اتجاهي,dir,directional,TONUSDT,هابط,Bollinger,-1,25403,25404,2025-01-18T15:23:00+00:00,2025-01-18T15:24:00+00:00,1,-0.0037604710946068857,-0.07520942189213771,20.0,زمني,0,False,True,,False,5.3028164,5.306,0.0006,5.309,1,baseline,0,"{""close"": 5.307, ""rsi"": 61.755569310489584, ""rsi7"": 68.91776674681682, ""macd"": 0.003929584452457144, ""adx"": 26.043991826674468, ""stoch_k"": 79.58656330749415, ""stoch_d"": 87.0465764589299, ""mss"": 0.0, ""sfp"": 0.0, ""vr"": 1.2702604764770182, ""hurst"": 0.30152856844613685, ""atr14"": 0.006915450324363487, ""vol_sma20"": 5768.594499999999, ""vol_ratio"": 0.9456705615206616, ""atr_pct"": 0.0013030808977507983, ""retest_entry"": true}"
اتجاهي,dir,directional,TONUSDT,هابط,MicroBurst,-1,25409,25412,2025-01-18T15:29:00+00:00,2025-01-18T15:32:00+00:00,3,-0.002009000886227219,-0.04018001772454438,20.0,قفل-ربح,0,False,True,,False,5.316808,5.32,0.0006,5.313671434150526,1,baseline,0,"{""close"": 5.319, ""rsi"": 67.98427570929415, ""rsi7"": 76.27449806075228, ""macd"": 0.00284587375130391, ""adx"": 30.870056888842942, ""stoch_k"": 94.16666666666697, ""stoch_d"": 90.12108262108273, ""mss"": 0.0, ""sfp"": 0.0, ""vr"": 1.2487633689528277, ""hurst"": 0.3980714385751202, ""atr14"": 0.006973019966262329, ""vol_sma20"": 6226.996999999999, ""vol_ratio"": 1.993087518751013, ""atr_pct"": 0.0013109644606622165, ""retest_entry"": true}"
اتجاهي,dir,directional,TONUSDT,هابط,Stochastic,-1,25417,25418,2025-01-18T15:37:00+00:00,2025-01-18T15:38:00+00:00,1,-0.0020340023567921597,-0.040680047135843195,20.0,زمني,0,False,True,,False,5.315404900000001,5.317,0.0003,5.314,1,baseline,0,"{""close"": 5.317, ""rsi"": 58.475362229197515, ""rsi7"": 55.80733249847965, ""macd"": 0.00025463250625553605, ""adx"": 26.868160529318356, ""stoch_k"": 81.74603174603264, ""stoch_d"": 85.89441210130855, ""mss"": 0.0, ""sfp"": 0.0, ""vr"": 1.1988459401278804, ""hurst"": 0.5101778350048346, ""atr14"": 0.006956889493037798, ""vol_sma20"": 6535.5575, ""vol_ratio"": 1.0685867272990865, ""atr_pct"": 0.0013084238279175847, ""retest_entry"": true}"
اتجاهي,dir,directional,TONUSDT,هابط,MicroBurst,-1,25421,25429,2025-01-18T15:41:00+00:00,2025-01-18T15:49:00+00:00,8,-0.0017655442102646572,-0.035310884205293144,20.0,تتبع,0,False,True,,False,5.3054079000000005,5.307,0.0003,5.3025780822,1,baseline,0,"{""close"": 5.307, ""rsi"": 47.651232064428726, ""rsi7"": 36.058654790122056, ""macd"": -0.0014446605628680893, ""adx"": 21.881578487108605, ""stoch_k"": 31.578947368423613, ""stoch_d"": 49.89367357788589, ""mss"": 0.0, ""sfp"": 0.0, ""vr"": 1.1163487525133706, ""hurst"": 0.5329911007727612, ""atr14"": 0.006559186818269793, ""vol_sma20"": 5751.799499999999, ""vol_ratio"": 1.7510467810986807, ""atr_pct"": 0.0012359500317071402, ""retest_entry"": true}"
اتجاهي,dir,directional,TONUSDT,هابط,FVG,-1,25431,25432,2025-01-18T15:51:00+00:00,2025-01-18T15:52:00+00:00,1,-0.003196203436347537,-0.06392406872695074,20.0,زمني,0,False,True,,False,5.285826599999999,5.289,0.0006,5.289,1,baseline,0,"{""close"": 5.288, ""rsi"": 33.85869754155351, ""rsi7"": 22.282524254218103, ""macd"": -0.003183054201050166, ""adx"": 29.271115939138827, ""stoch_k"": 7.357130886542353, ""stoch_d"": 13.667951511087976, ""mss"": 0.0, ""sfp"": 0.0, ""vr"": 1.2823792777424563, ""hurst"": 0.5135363887439097, ""atr14"": 0.007731753775057007, ""vol_sma20"": 10305.911499999998, ""vol_ratio"": 2.235509202655195, ""atr_pct"": 0.001462131954435894, ""retest_entry"": true}"
اتجاهي,dir,directional,TONUSDT,هابط,FVG,-1,25439,25440,2025-01-18T15:59:00+00:00,2025-01-18T16:00:00+00:00,1,-0.004031546208174506,-0.08063092416349012,20.0,زمني,0,False,True,,False,5.2748332,5.278,0.0006,5.284,1,baseline,0,"{""close"": 5.278, ""rsi"": 29.12743553867486, ""rsi7"": 18.194503167365426, ""macd"": -0.0021921700186849297, ""adx"": 39.77362382971485, ""stoch_k"": 5.423280423280288, ""stoch_d"": 10.14109347442723, ""mss"": 0.0, ""sfp"": 0.0, ""vr"": 1.2109616057277621, ""hurst"": 0.5065756152024363, ""atr14"": 0.0074830710924595565, ""vol_sma20"": 10984.064, ""vol_ratio"": 0.6445155454301795, ""atr_pct"": 0.0014177853528722162, ""retest_entry"": true}"
اتجاهي,dir,directional,TONUSDT,هابط,FVG,-1,25451,25453,2025-01-18T16:11:00+00:00,2025-01-18T16:13:00+00:00,2,-0.00178450996689684,-0.0356901993379368,20.0,قفل-ربح,0,False,True,,False,5.2658385999999995,5.269,0.0006,5.261546891313337,1,baseline,0,"{""close"": 5.269, ""rsi"": 35.05910750041866, ""rsi7"": 30.49835495248466, ""macd"": -0.00030036039017055077, ""adx"": 34.15997010452188, ""stoch_k"": 36.07253086419663, ""stoch_d"": 47.78407478359503, ""mss"": 0.0, ""sfp"": 0.0, ""vr"": 1.4578991013620284, ""hurst"": 0.47922340703967425, ""atr14"": 0.009542856128482621, ""vol_sma20"": 8463.655499999999, ""vol_ratio"": 2.1768927149740445, ""atr_pct"": 0.001811132307550317, ""retest_entry"": true}"
اتجاهي,dir,directional,TONUSDT,هابط,FVG,-1,25458,25459,2025-01-18T16:18:00+00:00,2025-01-18T16:19:00+00:00,1,-0.005888411588411275,-0.1177682317682255,20.0,وقف,0,False,True,,False,5.2123047,5.217,0.0009,5.227941614099999,1,baseline,0,"{""close"": 5.221, ""rsi"": 19.85838606791998, ""rsi7"": 12.489248099247902, ""macd"": -0.004632566337532805, ""adx"": 37.45154610729834, ""stoch_k"": 9.108946608946779, ""stoch_d"": 9.722222222222783, ""mss"": 0.0, ""sfp"": 0.0, ""vr"": 1.6745348632889316, ""hurst"": 0.46575027977160277, ""atr14"": 0.011523608540767642, ""vol_sma20"": 17622.606, ""vol_ratio"": 3.9575020856733674, ""atr_pct"": 0.002207165014512094, ""retest_entry"": true}"
اتجاهي,dir,directional,TONUSDT,هابط,Bollinger,-1,25470,25471,2025-01-18T16:30:00+00:00,2025-01-18T16:31:00+00:00,1,-0.0055896103896103016,-0.11179220779220603,20.0,وقف,0,False,True,,False,5.251847,5.255,0.0006,5.267602541,1,baseline,0,"{""close"": 5.257, ""rsi"": 48.6235615743334, ""rsi7"": 54.285729694544045, ""macd"": 0.003687928062844119, ""adx"": 23.709246680025476, ""stoch_k"": 85.38786482334821, ""stoch_d"": 83.9413722478238, ""mss"": 0.0, ""sfp"": 0.0, ""vr"": 1.4264898690756036, ""hurst"": 0.4533878129968085, ""atr14"": 0.010925161493887732, ""vol_sma20"": 16971.351499999997, ""vol_ratio"": 0.060168455057925126, ""atr_pct"": 0.0020782121921034302, ""retest_entry"": true}"
اتجاهي,dir,directional,TONUSDT,هابط,EMA,-1,25476,25482,2025-01-18T16:36:00+00:00,2025-01-18T16:42:00+00:00,6,0.0018391074688558645,0.03678214937711729,20.0,تتبع,0,True,True,,False,5.2578434,5.261,0.0006,5.2344561787999995,1,baseline,0,"{""close"": 5.262, ""rsi"": 50.01785625328473, ""rsi7"": 50.06981037960942, ""macd"": 0.003155613100694638, ""adx"": 19.675338802886717, ""stoch_k"": 74.53376571656024, ""stoch_d"": 85.71197731622856, ""mss"": 0.0, ""sfp"": 0.0, ""vr"": 1.283796571126884, ""hurst"": 0.4531887272535323, ""atr14"": 0.010242584778816389, ""vol_sma20"": 16680.816499999997, ""vol_ratio"": 0.3132862231294254, ""atr_pct"": 0.0019465193422304047, ""retest_entry"": true}"
اتجاهي,dir,directional,TONUSDT,هابط,FVG,-1,25489,25495,2025-01-18T16:49:00+00:00,2025-01-18T16:55:00+00:00,6,-0.001475946449390421,-0.02951892898780842,20.0,قفل-ربح,0,False,True,,False,5.2284310000000005,5.23,0.0003,5.224124611449388,1,baseline,0,"{""close"": 5.233, ""rsi"": 39.413067401327964, ""rsi7"": 35.845901311479324, ""macd"": -0.0002676389256530687, ""adx"": 19.91787209869446, ""stoch_k"": 31.805555555555355, ""stoch_d"": 33.74999999999996, ""mss"": 0.0, ""sfp"": 0.0, ""vr"": 1.1241631689902662, ""hurst"": 0.3517111467859929, ""atr14"": 0.009578115110911943, ""vol_sma20"": 8730.222, ""vol_ratio"": 0.7477507444827863, ""atr_pct"": 0.0018303296600252136, ""retest_entry"": true}"
اتجاهي,dir,directional,TONUSDT,هابط,MicroBurst,-1,25500,25502,2025-01-18T17:00:00+00:00,2025-01-18T17:02:00+00:00,2,-0.005290809190808885,-0.10581618381617769,20.0,وقف,0,False,True,,False,5.1954409,5.197,0.0003,5.211027222699999,1,baseline,0,"{""close"": 5.197, ""rsi"": 28.552667015931945, ""rsi7"": 21.812868061568665, ""macd"": -0.0013024563713099069, ""adx"": 26.904876130771587, ""stoch_k"": 10.317460317460302, ""stoch_d"": 20.634920634920512, ""mss"": 0.0, ""sfp"": 0.0, ""vr"": 1.082201737919666, ""hurst"": 0.2585838558895644, ""atr14"": 0.009588839827687668, ""vol_sma20"": 8732.7395, ""vol_ratio"": 3.294943127526019, ""atr_pct"": 0.0018450721238575463, ""retest_entry"": true}"
اتجاهي,dir,directional,TONUSDT,هابط,Bollinger,-1,25506,25507,2025-01-18T17:06:00+00:00,2025-01-18T17:07:00+00:00,1,-0.0031719885780250277,-0.06343977156050055,20.0,زمني,0,False,True,,False,5.2064376,5.208,0.0003,5.211,1,baseline,0,"{""close"": 5.208, ""rsi"": 40.39205875928954, ""rsi7"": 41.8206753932505, ""macd"": 0.0009864783231595085, ""adx"": 23.51897529122434, ""stoch_k"": 48.48484848484842, ""stoch_d"": 51.955451955451565, ""mss"": 0.0, ""sfp"": 0.0, ""vr"": 1.0664836090403955, ""hurst"": 0.2540585561160177, ""atr14"": 0.009626583547756593, ""vol_sma20"": 8128.105999999998, ""vol_ratio"": 0.6217930720883809, ""atr_pct"": 0.0018484223401990386, ""retest_entry"": true}"
اتجاهي,dir,directional,TONUSDT,هابط,Bollinger,-1,25510,25511,2025-01-18T17:10:00+00:00,2025-01-18T17:11:00+00:00,1,-0.005290809190808885,-0.10581618381617769,20.0,وقف,0,False,True,,False,5.182444800000001,5.184,0.0003,5.1979921344,1,baseline,0,"{""close"": 5.184, ""rsi"": 30.499592322197316, ""rsi7"": 23.37510876107349, ""macd"": -0.0005669922617625462, ""adx"": 22.607013956084476, ""stoch_k"": 25.055432372506232, ""stoch_d"": 38.31814075716563, ""mss"": 0.0, ""sfp"": 0.0, ""vr"": 1.1567193225547132, ""hurst"": 0.2541734611682287, ""atr14"": 0.010574756682306202, ""vol_sma20"": 8674.284, ""vol_ratio"": 2.1638961786356083, ""atr_pct"": 0.0020398836192720296, ""retest_entry"": true}"
اتجاهي,dir,directional,TONUSDT,هابط,RSI,-1,26688,26689,2025-01-19T12:48:00+00:00,2025-01-19T12:49:00+00:00,1,-0.0023969821538246056,-0.04793964307649211,20.0,زمني,0,False,True,,False,4.9855039,4.987,0.0003,4.986,1,baseline,0,"{""close"": 4.988, ""rsi"": 55.27515997345233, ""rsi7"": 46.55922505131269, ""macd"": -0.0002295626226916283, ""adx"": 27.749057971962944, ""stoch_k"": 53.2632722640598, ""stoch_d"": 70.94771634918222, ""mss"": 0.0, ""sfp"": 0.0, ""vr"": 0.8872359018170302, ""hurst"": 0.4640857476929481, ""atr14"": 0.008446197729116332, ""vol_sma20"": 5951.289499999998, ""vol_ratio"": 0.7748623218547849, ""atr_pct"": 0.0016933034741612534, ""retest_entry"": true}"
اتجاهي,dir,directional,TONUSDT,هابط,FVG,-1,26712,26713,2025-01-19T13:12:00+00:00,2025-01-19T13:13:00+00:00,1,-0.00319458935568598,-0.0638917871137196,20.0,زمني,0,False,True,,False,5.009496700000001,5.011,0.0003,5.014,1,baseline,0,"{""close"": 5.011, ""rsi"": 64.78722197749447, ""rsi7"": 64.27640613854821, ""macd"": 0.0011510145546225238, ""adx"": 24.839627693810062, ""stoch_k"": 82.4561403508781, ""stoch_d"": 87.99397483608061, ""mss"": 0.0, ""sfp"": 0.0, ""vr"": 0.823059618816002, ""hurst"": 0.460827351493286, ""atr14"": 0.007830183576645408, ""vol_sma20"": 6593.954999999999, ""vol_ratio"": 1.8899916666097967, ""atr_pct"": 0.0015625989975345056, ""retest_entry"": true}"
اتجاهي,dir,directional,TONUSDT,هابط,Stochastic,-1,26726,26727,2025-01-19T13:26:00+00:00,2025-01-19T13:27:00+00:00,1,-0.005290809190809106,-0.10581618381618212,20.0,وقف,0,False,True,,False,5.0224928,5.024,0.0003,5.0375602784,1,baseline,0,"{""close"": 5.024, ""rsi"": 64.00272158769548, ""rsi7"": 62.499748554715815, ""macd"": -0.00016423124927638592, ""adx"": 30.981372516833883, ""stoch_k"": 81.81818181818272, ""stoch_d"": 84.81877599524744, ""mss"": 0.0, ""sfp"": 0.0, ""vr"": 0.7271752279693341, ""hurst"": 0.47165651756390015, ""atr14"": 0.0067473491739980405, ""vol_sma20"": 6372.796999999998, ""vol_ratio"": 0.18322096247534647, ""atr_pct"": 0.0013430233228499285, ""retest_entry"": true}"
اتجاهي,dir,directional,TONUSDT,هابط,MicroBurst,-1,26736,26737,2025-01-19T13:36:00+00:00,2025-01-19T13:37:00+00:00,1,-0.003391215954737994,-0.06782431909475987,20.0,زمني,0,False,True,,False,5.0254919000000005,5.027,0.0003,5.031,1,baseline,0,"{""close"": 5.027, ""rsi"": 55.26055529355753, ""rsi7"": 49.1450943185244, ""macd"": -0.0010519955632168707, ""adx"": 29.29793307012608, ""stoch_k"": 63.10252281266833, ""stoch_d"": 64.73787797459318, ""mss"": 0.0, ""sfp"": 0.0, ""vr"": 0.8046565091590774, ""hurst"": 0.32131257100839367, ""atr14"": 0.007167141888074325, ""vol_sma20"": 5541.1264999999985, ""vol_ratio"": 1.6231464847445736, ""atr_pct"": 0.0014257294386461757, ""retest_entry"": true}"
اتجاهي,dir,directional,TONUSDT,هابط,MicroBurst,-1,26748,26749,2025-01-19T13:48:00+00:00,2025-01-19T13:49:00+00:00,1,-0.0025971028071656095,-0.05194205614331219,20.0,زمني,0,False,True,,False,5.0104964,5.012,0.0003,5.012,1,baseline,0,"{""close"": 5.011, ""rsi"": 39.57876190964159, ""rsi7"": 27.314321863611866, ""macd"": -0.0020684000889836353, ""adx"": 18.4549089861607, ""stoch_k"": 9.259259259259215, ""stoch_d"": 12.962962962962978, ""mss"": 0.0, ""sfp"": 0.0, ""vr"": 0.8194735719980465, ""hurst"": 0.2723029576416579, ""atr14"": 0.006980880471169826, ""vol_sma20"": 8451.735499999999, ""vol_ratio"": 2.2788562183471077, ""atr_pct"": 0.001393111249485098, ""retest_entry"": true}"
اتجاهي,dir,directional,TONUSDT,هابط,Stochastic,-1,26767,26771,2025-01-19T14:07:00+00:00,2025-01-19T14:11:00+00:00,4,-0.0055896103896101905,-0.11179220779220381,20.0,وقف,0,False,True,,False,5.086945999999999,5.09,0.0006,5.102206837999999,1,baseline,0,"{""close"": 5.088, ""rsi"": 81.05690421174462, ""rsi7"": 89.42104561833442, ""macd"": 0.005112036915386095, ""adx"": 44.16375667629648, ""stoch_k"": 94.6347736625515, ""stoch_d"": 95.14380120861581, ""mss"": 0.0, ""sfp"": -1.0, ""vr"": 1.2788441580771313, ""hurst"": 0.3354392814497159, ""atr14"": 0.010234025695703022, ""vol_sma20"": 13648.178499999998, ""vol_ratio"": 1.2310734359167417, ""atr_pct"": 0.0020114044213252794, ""retest_entry"": true}"
اتجاهي,dir,directional,TONUSDT,هابط,RSI,-1,26778,26779,2025-01-19T14:18:00+00:00,2025-01-19T14:19:00+00:00,1,-0.002611094154595447,-0.05222188309190894,20.0,زمني,0,False,True,,False,5.1139298,5.117,0.0006,5.114,1,baseline,0,"{""close"": 5.118, ""rsi"": 77.44607039347383, ""rsi7"": 73.89929834142453, ""macd"": 0.0015778348234119638, ""adx"": 60.776836039306076, ""stoch_k"": 89.17353940732153, ""stoch_d"": 94.0916334497087, ""mss"": 0.0, ""sfp"": 0.0, ""vr"": 1.3272827007348347, ""hurst"": 0.5341175923689083, ""atr14"": 0.01064906886433239, ""vol_sma20"": 19854.131, ""vol_ratio"": 0.8583493279056131, ""atr_pct"": 0.0020807090395334876, ""retest_entry"": true}"
اتجاهي,dir,directional,TONUSDT,هابط,FVG,-1,26785,26786,2025-01-19T14:25:00+00:00,2025-01-19T14:26:00+00:00,1,-0.005888411588411275,-0.1177682317682255,20.0,وقف,0,False,True,,False,5.1083983,5.113,0.0009,5.123723494899999,1,baseline,0,"{""close"": 5.115, ""rsi"": 60.04262137799696, ""rsi7"": 48.98279291853495, ""macd"": -0.002229117001965361, ""adx"": 54.583837535040736, ""stoch_k"": 66.77248677248751, ""stoch_d"": 81.99139484853782, ""mss"": 0.0, ""sfp"": 0.0, ""vr"": 1.5312037174287876, ""hurst"": 0.5860664701299836, ""atr14"": 0.012645874485566111, ""vol_sma20"": 19612.988999999998, ""vol_ratio"": 0.9222362792331145, ""atr_pct"": 0.002472311727383404, ""retest_entry"": true}"
اتجاهي,dir,directional,TONUSDT,هابط,Bollinger,-1,26793,26794,2025-01-19T14:33:00+00:00,2025-01-19T14:34:00+00:00,1,-0.005357120940300716,-0.10714241880601431,20.0,زمني,0,False,True,,False,5.1073992,5.112,0.0009,5.12,1,baseline,0,"{""close"": 5.111, ""rsi"": 51.8204388542343, ""rsi7"": 42.673936836794596, ""macd"": -0.00427627892729418, ""adx"": 38.4978808608752, ""stoch_k"": 41.000337381915934, ""stoch_d"": 58.12949842555133, ""mss"": 0.0, ""sfp"": 0.0, ""vr"": 1.6040504430315028, ""hurst"": 0.5756520182190563, ""atr14"": 0.013857408712743819, ""vol_sma20"": 17965.4165, ""vol_ratio"": 1.527435225339752, ""atr_pct"": 0.0027112910805603247, ""retest_entry"": true}"
اتجاهي,dir,directional,TONUSDT,هابط,Stochastic,-1,26801,26803,2025-01-19T14:41:00+00:00,2025-01-19T14:43:00+00:00,2,-0.0017125032302604713,-0.03425006460520943,20.0,تتبع,0,False,True,,False,5.131919,5.135,0.0006,5.127365942,1,baseline,0,"{""close"": 5.136, ""rsi"": 62.92605430507495, ""rsi7"": 64.90697989682491, ""macd"": -0.0003258757299832594, ""adx"": 27.293832677205607, ""stoch_k"": 89.62962962962949, ""stoch_d"": 91.01614434947732, ""mss"": 0.0, ""sfp"": 0.0, ""vr"": 1.2681930506178798, ""hurst"": 0.5648710819133997, ""atr14"": 0.011515434424280099, ""vol_sma20"": 13896.290499999997, ""vol_ratio"": 0.34314841072155194, ""atr_pct"": 0.002242101718123072, ""retest_entry"": true}"
اتجاهي,dir,directional,TONUSDT,هابط,MicroBurst,-1,26960,26961,2025-01-19T17:20:00+00:00,2025-01-19T17:21:00+00:00,1,-0.0035770730528569446,-0.07154146105713889,20.0,زمني,0,False,True,,False,5.0904723999999995,5.092,0.0003,5.097,1,baseline,0,"{""close"": 5.091, ""rsi"": 34.777359332138815, ""rsi7"": 31.413604980210195, ""macd"": -0.0008036899426009381, ""adx"": 27.172759507422356, ""stoch_k"": 15.481646641066456, ""stoch_d"": 22.587637805028717, ""mss"": 0.0, ""sfp"": 0.0, ""vr"": 1.013682636777228, ""hurst"": 0.40777652162082334, ""atr14"": 0.006808469615837336, ""vol_sma20"": 3930.648999999999, ""vol_ratio"": 1.3659016615322308, ""atr_pct"": 0.0013373540789309243, ""retest_entry"": true}"
اتجاهي,dir,directional,TONUSDT,هابط,Bollinger,-1,26968,26969,2025-01-19T17:28:00+00:00,2025-01-19T17:29:00+00:00,1,-0.003182784554942555,-0.06365569109885111,20.0,زمني,0,False,True,,False,5.1104664,5.112,0.0003,5.115,1,baseline,0,"{""close"": 5.112, ""rsi"": 57.25620863584271, ""rsi7"": 65.22763402761927, ""macd"": 0.002581277931113316, ""adx"": 21.392321124550605, ""stoch_k"": 93.33333333333398, ""stoch_d"": 90.85748792270594, ""mss"": 0.0, ""sfp"": 0.0, ""vr"": 1.0833705036210564, ""hurst"": 0.3539549227166267, ""atr14"": 0.007207437232569804, ""vol_sma20"": 11768.422499999999, ""vol_ratio"": 0.2440828411794359, ""atr_pct"": 0.0014099055619268006, ""retest_entry"": true}"
اتجاهي,dir,directional,TONUSDT,هابط,Bollinger,-1,26971,26972,2025-01-19T17:31:00+00:00,2025-01-19T17:32:00+00:00,1,-0.0031830137845895853,-0.06366027569179171,20.0,زمني,0,False,True,,False,5.108467,5.11,0.0003,5.113,1,baseline,0,"{""close"": 5.11, ""rsi"": 53.15168055724264, ""rsi7"": 53.54986556274883, ""macd"": 0.0020991402216930756, ""adx"": 21.952155399261493, ""stoch_k"": 87.4999999999996, ""stoch_d"": 90.39351851851836, ""mss"": 0.0, ""sfp"": 0.0, ""vr"": 1.0370772335366545, ""hurst"": 0.3373039215718829, ""atr14"": 0.0069004153061063235, ""vol_sma20"": 11870.8085, ""vol_ratio"": 0.31008250196269277, ""atr_pct"": 0.0013503748152849948, ""retest_entry"": true}"
اتجاهي,dir,directional,TONUSDT,هابط,FVG,-1,26975,26982,2025-01-19T17:35:00+00:00,2025-01-19T17:42:00+00:00,7,-0.005290809190808995,-0.1058161838161799,20.0,وقف,0,False,True,,False,5.103468500000001,5.105,0.0003,5.1187789055,1,baseline,0,"{""close"": 5.103, ""rsi"": 45.65611115055586, ""rsi7"": 39.458571558602834, ""macd"": 0.00020015473872780183, ""adx"": 17.93456860925511, ""stoch_k"": 57.66792084726839, ""stoch_d"": 68.26110182088405, ""mss"": 0.0, ""sfp"": 0.0, ""vr"": 0.9924496397727431, ""hurst"": 0.3072570023126172, ""atr14"": 0.006606772218807436, ""vol_sma20"": 11632.949999999999, ""vol_ratio"": 0.24752706751082057, ""atr_pct"": 0.0012946839543028486, ""retest_entry"": true}"
اتجاهي,dir,directional,TONUSDT,هابط,ADX,-1,26995,26996,2025-01-19T17:55:00+00:00,2025-01-19T17:56:00+00:00,1,-0.003179820809235606,-0.06359641618471212,20.0,زمني,0,False,True,,False,5.1364586,5.138,0.0003,5.141,1,baseline,0,"{""close"": 5.138, ""rsi"": 68.96807009763555, ""rsi7"": 75.923039766195, ""macd"": 0.0022025291884355397, ""adx"": 23.933576742704382, ""stoch_k"": 96.70003707823496, ""stoch_d"": 96.75219005029855, ""mss"": 0.0, ""sfp"": 0.0, ""vr"": 0.920424866393583, ""hurst"": 0.4330235760986667, ""atr14"": 0.0060609986956145145, ""vol_sma20"": 4062.4349999999986, ""vol_ratio"": 0.5638120979166438, ""atr_pct"": 0.0011796416301312796, ""retest_entry"": true}"
اتجاهي,dir,directional,TONUSDT,هابط,RSI,-1,27005,27009,2025-01-19T18:05:00+00:00,2025-01-19T18:09:00+00:00,4,-0.0009249417127967584,-0.018498834255935168,20.0,تتبع,0,False,True,,False,5.1454559,5.147,0.0003,5.1383761538,1,baseline,0,"{""close"": 5.148, ""rsi"": 68.28516663092361, ""rsi7"": 64.14831805254536, ""macd"": 0.0006813415844241343, ""adx"": 44.166175715980295, ""stoch_k"": 87.15161888460925, ""stoch_d"": 91.0459753720336, ""mss"": 0.0, ""sfp"": 0.0, ""vr"": 0.8163290395472311, ""hurst"": 0.42585058094650435, ""atr14"": 0.005295239941007141, ""vol_sma20"": 5617.967999999998, ""vol_ratio"": 0.3769031792277921, ""atr_pct"": 0.0010286013871420245, ""retest_entry"": true}"
اتجاهي,dir,directional,TONUSDT,صاعد,FVG,1,28071,28072,2025-01-20T11:51:00+00:00,2025-01-20T11:52:00+00:00,1,-0.002203547919304267,-0.04407095838608534,20.0,زمني,0,False,True,symbol_collision,True,5.072521299999999,5.071,0.0003,5.073,1,baseline,0,"{""close"": 5.07, ""rsi"": 57.21170773769544, ""rsi7"": 63.827424560065744, ""macd"": 0.002126560882445991, ""adx"": 21.058753818216896, ""stoch_k"": 76.76767676767763, ""stoch_d"": 77.10437710437772, ""mss"": 0.0, ""sfp"": 0.0, ""vr"": 0.857467769040227, ""hurst"": 0.24295713201075766, ""atr14"": 0.006968490559430083, ""vol_sma20"": 4391.9275, ""vol_ratio"": 0.3214898242286559, ""atr_pct"": 0.0013744557316430143, ""retest_entry"": true}"
اتجاهي,dir,directional,TONUSDT,صاعد,FVG,1,28075,28076,2025-01-20T11:55:00+00:00,2025-01-20T11:56:00+00:00,1,-0.0020075576051484865,-0.04015115210296973,20.0,زمني,0,False,True,symbol_collision,True,5.0785231,5.077,0.0003,5.08,1,baseline,0,"{""close"": 5.078, ""rsi"": 63.89731148579463, ""rsi7"": 75.67451975520271, ""macd"": 0.0021295497163387606, ""adx"": 21.939886648860075, ""stoch_k"": 95.79973118279713, ""stoch_d"": 91.80277234712861, ""mss"": 0.0, ""sfp"": 0.0, ""vr"": 0.7859552551531277, ""hurst"": 0.2725787327719503, ""atr14"": 0.006377838891812916, ""vol_sma20"": 3982.7875, ""vol_ratio"": 0.7079689790128145, ""atr_pct"": 0.001255974574992697, ""retest_entry"": true}"
اتجاهي,dir,directional,TONUSDT,صاعد,FVG,1,28079,28080,2025-01-20T11:59:00+00:00,2025-01-20T12:00:00+00:00,1,-0.0031847835803306677,-0.06369567160661335,20.0,زمني,0,False,True,symbol_collision,True,5.091526999999999,5.09,0.0003,5.087,1,baseline,0,"{""close"": 5.09, ""rsi"": 72.85177287839811, ""rsi7"": 87.8235715650943, ""macd"": 0.0024318278425475735, ""adx"": 26.78739756602851, ""stoch_k"": 92.0472196334265, ""stoch_d"": 94.10025988168401, ""mss"": 0.0, ""sfp"": 0.0, ""vr"": 0.7581874495545485, ""hurst"": 0.31110570461593523, ""atr14"": 0.006112985646321025, ""vol_sma20"": 5315.5525, ""vol_ratio"": 0.6051243026947811, ""atr_pct"": 0.001200979498294897, ""retest_entry"": true}"
اتجاهي,dir,directional,TONUSDT,صاعد,FVG,1,28096,28096,2025-01-20T12:16:00+00:00,2025-01-20T12:16:00+00:00,0,-0.005589610389610413,-0.11179220779220825,20.0,وقف,0,False,True,symbol_collision,True,5.0490276,5.046,0.0006,5.033880517199999,1,baseline,0,"{""close"": 5.048, ""rsi"": 41.76626030778027, ""rsi7"": 43.35923884920426, ""macd"": -0.004494817920705129, ""adx"": 34.17896195666187, ""stoch_k"": 21.126760563379936, ""stoch_d"": 17.103047701128713, ""mss"": 0.0, ""sfp"": 0.0, ""vr"": 1.3268427061703323, ""hurst"": 0.30681401740379866, ""atr14"": 0.010780278304781489, ""vol_sma20"": 9958.219000000001, ""vol_ratio"": 0.6482183209668315, ""atr_pct"": 0.0021355543392990273, ""retest_entry"": true}"
اتجاهي,dir,directional,TONUSDT,صاعد,RSI,1,28102,28102,2025-01-20T12:22:00+00:00,2025-01-20T12:22:00+00:00,0,-0.006477069553745674,-0.12954139107491347,20.0,وقف,0,False,True,symbol_collision,True,5.004499999999999,5.0,0.0009,4.986532001726978,1,baseline,0,"{""close"": 4.998, ""rsi"": 33.01239124163381, ""rsi7"": 34.210776672895165, ""macd"": -0.00678196723088292, ""adx"": 43.54496121658948, ""stoch_k"": 17.91684965598044, ""stoch_d"": 12.475579032137878, ""mss"": 0.0, ""sfp"": 0.0, ""vr"": 1.8532493152093898, ""hurst"": 0.3726666039373479, ""atr14"": 0.015604052938192189, ""vol_sma20"": 19689.538999999997, ""vol_ratio"": 1.3078635309846514, ""atr_pct"": 0.003122059411402999, ""retest_entry"": true}"
اتجاهي,dir,directional,TONUSDT,صاعد,FVG,1,28105,28108,2025-01-20T12:25:00+00:00,2025-01-20T12:28:00+00:00,3,-0.002207688479595836,-0.04415376959191672,20.0,تتبع,0,False,True,symbol_collision,True,5.0295225,5.025,0.0009,5.033,1,baseline,0,"{""close"": 5.026, ""rsi"": 47.21767941746582, ""rsi7"": 55.63002128763908, ""macd"": -0.0009814453462476218, ""adx"": 42.109161866213675, ""stoch_k"": 48.8323599880203, ""stoch_d"": 36.2801769600375, ""mss"": 0.0, ""sfp"": 0.0, ""vr"": 1.9389663246388922, ""hurst"": 0.36960081110489096, ""atr14"": 0.016797049673909676, ""vol_sma20"": 21061.0355, ""vol_ratio"": 0.48013878519885683, ""atr_pct"": 0.0033420313716493585, ""retest_entry"": true}"
اتجاهي,dir,directional,TONUSDT,صاعد,FVG,1,28125,28126,2025-01-20T12:45:00+00:00,2025-01-20T12:46:00+00:00,1,0.0003951653370649055,0.00790330674129811,20.0,تتبع,0,True,True,symbol_collision,True,4.999998199999999,4.997,0.0006,5.015,1,baseline,0,"{""close"": 4.996, ""rsi"": 40.46207953378003, ""rsi7"": 40.60307549205119, ""macd"": -0.0029634373802753383, ""adx"": 29.21334480461597, ""stoch_k"": 17.412935323383365, ""stoch_d"": 9.639744539712845, ""mss"": 0.0, ""sfp"": 0.0, ""vr"": 1.3569944407645962, ""hurst"": 0.4104871830070307, ""atr14"": 0.013356911548570377, ""vol_sma20"": 9608.905499999999, ""vol_ratio"": 0.9968762831521238, ""atr_pct"": 0.0026735211266153674, ""retest_entry"": true}"
اتجاهي,dir,directional,TONUSDT,صاعد,FVG,1,28144,28145,2025-01-20T13:04:00+00:00,2025-01-20T13:05:00+00:00,1,-0.003391508424304264,-0.06783016848608528,20.0,زمني,0,False,True,symbol_collision,True,5.0225063,5.021,0.0003,5.017,1,baseline,0,"{""close"": 5.02, ""rsi"": 51.84954386745862, ""rsi7"": 56.0410374982448, ""macd"": 0.00028365514599696566, ""adx"": 15.70759796734736, ""stoch_k"": 49.4949494949498, ""stoch_d"": 29.257487152224382, ""mss"": 0.0, ""sfp"": 0.0, ""vr"": 1.0899309241572053, ""hurst"": 0.3908579414264071, ""atr14"": 0.011458383504825564, ""vol_sma20"": 8705.2885, ""vol_ratio"": 0.32473248876243443, ""atr_pct"": 0.002282546514905491, ""retest_entry"": true}"
اتجاهي,dir,directional,TONUSDT,صاعد,FVG,1,28148,28149,2025-01-20T13:08:00+00:00,2025-01-20T13:09:00+00:00,1,-0.005290809190809106,-0.10581618381618212,20.0,وقف,0,False,True,symbol_collision,True,5.0305086999999995,5.029,0.0003,5.0154171738999995,1,baseline,0,"{""close"": 5.029, ""rsi"": 55.27598309404905, ""rsi7"": 59.71465531710878, ""macd"": 0.0021420390979411965, ""adx"": 14.357062248339943, ""stoch_k"": 82.53968253968314, ""stoch_d"": 76.67147667147759, ""mss"": 0.0, ""sfp"": 0.0, ""vr"": 1.0811127660165794, ""hurst"": 0.3748952091086913, ""atr14"": 0.011461575678918175, ""vol_sma20"": 4613.1905, ""vol_ratio"": 0.9835514054752347, ""atr_pct"": 0.0022790963767982055, ""retest_entry"": true}"
اتجاهي,dir,directional,TONUSDT,صاعد,FVG,1,28155,28157,2025-01-20T13:15:00+00:00,2025-01-20T13:17:00+00:00,2,-0.00200240519364726,-0.040048103872945204,20.0,زمني,0,False,True,symbol_collision,True,5.0345099,5.033,0.0003,5.036,1,baseline,0,"{""close"": 5.033, ""rsi"": 57.22886415845222, ""rsi7"": 63.89105523665842, ""macd"": 0.0008978637352084376, ""adx"": 13.59624397287448, ""stoch_k"": 64.2857142857142, ""stoch_d"": 56.08465608465551, ""mss"": 0.0, ""sfp"": 0.0, ""vr"": 1.0118305653300683, ""hurst"": 0.36139825626726346, ""atr14"": 0.010953013470981663, ""vol_sma20"": 5316.1625, ""vol_ratio"": 2.14849715372696, ""atr_pct"": 0.0021762395134078405, ""retest_entry"": true}"
اتجاهي,dir,directional,TONUSDT,صاعد,FVG,1,28161,28165,2025-01-20T13:21:00+00:00,2025-01-20T13:25:00+00:00,4,-0.001429204941009229,-0.02858409882018458,20.0,قفل-ربح,0,False,True,symbol_collision,True,5.0405117,5.039,0.0003,5.0448994528376065,1,baseline,0,"{""close"": 5.039, ""rsi"": 58.7454288796551, ""rsi7"": 64.02158950671709, ""macd"": 0.0018748863447477651, ""adx"": 12.527186880726935, ""stoch_k"": 83.41397164926614, ""stoch_d"": 82.9819839307508, ""mss"": 0.0, ""sfp"": -1.0, ""vr"": 0.8857227470169947, ""hurst"": 0.3736880787910744, ""atr14"": 0.009747637570078056, ""vol_sma20"": 5645.8915, ""vol_ratio"": 0.7006475416681317, ""atr_pct"": 0.0019344388906683979, ""retest_entry"": true}"
اتجاهي,dir,directional,TONUSDT,صاعد,FVG,1,28173,28177,2025-01-20T13:33:00+00:00,2025-01-20T13:37:00+00:00,4,-0.0004174568233239551,-0.008349136466479102,20.0,تتبع,0,False,True,symbol_collision,True,5.0355102,5.034,0.0003,5.045,1,baseline,0,"{""close"": 5.036, ""rsi"": 52.05685408317751, ""rsi7"": 50.219521079756795, ""macd"": -0.0017904654862987805, ""adx"": 12.473516793008452, ""stoch_k"": 24.99999999999962, ""stoch_d"": 18.898999574287156, ""mss"": 0.0, ""sfp"": 0.0, ""vr"": 0.8729660402202133, ""hurst"": 0.3630900626459034, ""atr14"": 0.009885595547410116, ""vol_sma20"": 8872.1545, ""vol_ratio"": 1.0584024432847736, ""atr_pct"": 0.001962985613067934, ""retest_entry"": true}"
اتجاهي,dir,directional,TONUSDT,هابط,MACD,-1,44643,44645,2025-02-01T00:03:00+00:00,2025-02-01T00:05:00+00:00,2,-0.002016599590328836,-0.04033199180657672,20.0,تتبع,0,False,True,,False,4.818554000000001,4.82,0.0003,4.817196372000001,1,baseline,0,"{""close"": 4.82, ""rsi"": 47.764879349258145, ""rsi7"": 35.942105048980224, ""macd"": -0.0009599546781998468, ""adx"": 27.559600708753198, ""stoch_k"": 22.592113768585676, ""stoch_d"": 42.565459232126535, ""mss"": 0.0, ""sfp"": 0.0, ""vr"": 0.8864997485563002, ""hurst"": 0.48941476210883667, ""atr14"": 0.003032103816012343, ""vol_sma20"": 1786.1754999999969, ""vol_ratio"": 0.23288305096559703, ""atr_pct"": 0.0006290671817452993, ""retest_entry"": true}"
اتجاهي,dir,directional,TONUSDT,هابط,FVG,-1,44666,44671,2025-02-01T00:26:00+00:00,2025-02-01T00:31:00+00:00,5,-0.0019595982960059627,-0.039191965920119254,20.0,قفل-ربح,0,False,True,,False,4.8355489,4.837,0.0003,4.833910216359346,1,baseline,0,"{""close"": 4.837, ""rsi"": 58.39856088590045, ""rsi7"": 53.425250671533036, ""macd"": 5.011287565512973e-05, ""adx"": 35.66373296031514, ""stoch_k"": 82.2222222222211, ""stoch_d"": 89.78557504873214, ""mss"": 0.0, ""sfp"": 0.0, ""vr"": 1.0465204135437256, ""hurst"": 0.24289838747375042, ""atr14"": 0.0036426119850484417, ""vol_sma20"": 1742.3089999999968, ""vol_ratio"": 0.14739061785251667, ""atr_pct"": 0.0007530725625487785, ""retest_entry"": true}"
اتجاهي,dir,directional,TONUSDT,هابط,Bollinger,-1,44686,44687,2025-02-01T00:46:00+00:00,2025-02-01T00:47:00+00:00,1,-0.0028028339343996083,-0.05605667868799216,20.0,زمني,0,False,True,,False,4.8495447,4.851,0.0003,4.852,1,baseline,0,"{""close"": 4.851, ""rsi"": 67.93829575711047, ""rsi7"": 72.9998592660094, ""macd"": 0.00047749961129446485, ""adx"": 31.744174413929702, ""stoch_k"": 90.962962962963, ""stoch_d"": 92.98765432098737, ""mss"": 0.0, ""sfp"": 0.0, ""vr"": 0.9404487686766341, ""hurst"": 0.29607593434223056, ""atr14"": 0.0032579747339791924, ""vol_sma20"": 1478.940999999997, ""vol_ratio"": 0.4904793362277477, ""atr_pct"": 0.0006716088917706024, ""retest_entry"": true}"
اتجاهي,dir,directional,TONUSDT,هابط,MACD,-1,44701,44702,2025-02-01T01:01:00+00:00,2025-02-01T01:02:00+00:00,1,-0.003623431168140204,-0.07246862336280407,20.0,زمني,0,False,True,,False,4.860541400000001,4.862,0.0003,4.867,1,baseline,0,"{""close"": 4.862, ""rsi"": 67.50839551586691, ""rsi7"": 63.659819888529945, ""macd"": -7.494580528036657e-05, ""adx"": 43.92720888060134, ""stoch_k"": 71.24183006536111, ""stoch_d"": 77.41084737988893, ""mss"": 0.0, ""sfp"": 0.0, ""vr"": 0.9007474619466036, ""hurst"": 0.3310684874479345, ""atr14"": 0.002983042487850107, ""vol_sma20"": 2117.1014999999975, ""vol_ratio"": 0.2435216261478255, ""atr_pct"": 0.0006135422640580229, ""retest_entry"": true}"
اتجاهي,dir,directional,TONUSDT,هابط,FVG,-1,44705,44707,2025-02-01T01:05:00+00:00,2025-02-01T01:07:00+00:00,2,-0.0020200158584247545,-0.04040031716849509,20.0,تتبع,0,False,True,,False,4.860541400000001,4.862,0.0003,4.8591885852,1,baseline,0,"{""close"": 4.862, ""rsi"": 59.659871633154275, ""rsi7"": 50.112778182743774, ""macd"": -0.00044174177058198087, ""adx"": 42.44922102814125, ""stoch_k"": 69.86111111111241, ""stoch_d"": 78.69281045751804, ""mss"": 0.0, ""sfp"": 0.0, ""vr"": 0.9762680754644615, ""hurst"": 0.33886861894575837, ""atr14"": 0.0032259911624189716, ""vol_sma20"": 2292.6184999999973, ""vol_ratio"": 0.22587273024273363, ""atr_pct"": 0.0006635111399463126, ""retest_entry"": true}"
اتجاهي,dir,directional,TONUSDT,هابط,Bollinger,-1,44713,44714,2025-02-01T01:13:00+00:00,2025-02-01T01:14:00+00:00,1,-0.002802664433985682,-0.05605328867971364,20.0,زمني,0,False,True,,False,4.853543500000001,4.855,0.0003,4.856,1,baseline,0,"{""close"": 4.855, ""rsi"": 45.61498838775765, ""rsi7"": 34.91753756619197, ""macd"": -0.0015685566453082682, ""adx"": 27.135171893462715, ""stoch_k"": 10.555555555557158, ""stoch_d"": 20.185185185186324, ""mss"": 0.0, ""sfp"": 0.0, ""vr"": 1.0385131554740636, ""hurst"": 0.292997044123134, ""atr14"": 0.003452741079860514, ""vol_sma20"": 1834.3504999999973, ""vol_ratio"": 0.40378324644063446, ""atr_pct"": 0.0007111722100639575, ""retest_entry"": true}"
اتجاهي,dir,directional,TONUSDT,هابط,FVG,-1,44717,44722,2025-02-01T01:17:00+00:00,2025-02-01T01:22:00+00:00,5,-0.0018624015022000015,-0.03724803004400003,20.0,تتبع,0,False,True,,False,4.853543500000001,4.855,0.0003,4.851425883,1,baseline,0,"{""close"": 4.855, ""rsi"": 46.56252417482488, ""rsi7"": 41.08141242072126, ""macd"": -0.0014447393793401795, ""adx"": 27.155472495965114, ""stoch_k"": 16.481481481481843, ""stoch_d"": 14.876543209876997, ""mss"": 0.0, ""sfp"": 0.0, ""vr"": 0.9799645141926973, ""hurst"": 0.3139873282591422, ""atr14"": 0.0032746443664592555, ""vol_sma20"": 1386.4769999999971, ""vol_ratio"": 0.7091354562679382, ""atr_pct"": 0.0006744890559133379, ""retest_entry"": true}"
اتجاهي,dir,directional,TONUSDT,هابط,FVG,-1,44731,44732,2025-02-01T01:31:00+00:00,2025-02-01T01:32:00+00:00,1,-0.002019045819413267,-0.04038091638826534,20.0,تتبع,0,False,True,,False,4.848545,4.85,0.0003,4.84719081,1,baseline,0,"{""close"": 4.85, ""rsi"": 40.76155662578342, ""rsi7"": 32.88372707020419, ""macd"": 1.59115225677346e-05, ""adx"": 22.760299243066083, ""stoch_k"": 52.77777777777633, ""stoch_d"": 69.44444444444223, ""mss"": 0.0, ""sfp"": 0.0, ""vr"": 0.9266749147990614, ""hurst"": 0.45065999674577134, ""atr14"": 0.003130010031817306, ""vol_sma20"": 1831.2504999999971, ""vol_ratio"": 7.222288813026957, ""atr_pct"": 0.0006453628931582075, ""retest_entry"": true}"
اتجاهي,dir,directional,TONUSDT,هابط,FVG,-1,44740,44741,2025-02-01T01:40:00+00:00,2025-02-01T01:41:00+00:00,1,-0.0032126466177404495,-0.06425293235480899,20.0,زمني,0,False,True,,False,4.8625408,4.864,0.0003,4.867,1,baseline,0,"{""close"": 4.864, ""rsi"": 58.61316899876572, ""rsi7"": 60.81277951997532, ""macd"": 0.0011655667418351274, ""adx"": 17.50525806123224, ""stoch_k"": 89.39393939394019, ""stoch_d"": 94.44444444444508, ""mss"": 0.0, ""sfp"": 0.0, ""vr"": 0.9856041534709092, ""hurst"": 0.4374280672574917, ""atr14"": 0.0034010869384075546, ""vol_sma20"": 2758.725999999997, ""vol_ratio"": 0.8501750445676746, ""atr_pct"": 0.0006992366238502374, ""retest_entry"": true}"
اتجاهي,dir,directional,TONUSDT,هابط,FVG,-1,44748,44749,2025-02-01T01:48:00+00:00,2025-02-01T01:49:00+00:00,1,-0.0017846523522357907,-0.03569304704471581,20.0,تتبع,0,False,True,,False,4.8595417,4.861,0.0003,4.8570427706,1,baseline,0,"{""close"": 4.861, ""rsi"": 48.59667370925674, ""rsi7"": 37.743662332837786, ""macd"": -4.66091560225629e-05, ""adx"": 17.078619858077644, ""stoch_k"": 64.67171717171577, ""stoch_d"": 83.70377689942792, ""mss"": 0.0, ""sfp"": 0.0, ""vr"": 0.9756873433387905, ""hurst"": 0.4228785891448052, ""atr14"": 0.003374394423921571, ""vol_sma20"": 3447.980999999997, ""vol_ratio"": 1.4235084242053548, ""atr_pct"": 0.0006941770055382784, ""retest_entry"": true}"
اتجاهي,dir,directional,TONUSDT,هابط,FVG,-1,44757,44759,2025-02-01T01:57:00+00:00,2025-02-01T01:59:00+00:00,2,-0.002241121254356934,-0.04482242508713868,20.0,تتبع,0,False,True,,False,4.8575423,4.859,0.0003,4.855807141400001,1,baseline,0,"{""close"": 4.86, ""rsi"": 49.80794109104804, ""rsi7"": 49.730874911094816, ""macd"": -0.0005910333171818809, ""adx"": 18.061816743415147, ""stoch_k"": 41.17647058823621, ""stoch_d"": 43.79084967320383, ""mss"": 0.0, ""sfp"": 0.0, ""vr"": 1.1889277745107303, ""hurst"": 0.3928112344063082, ""atr14"": 0.004101566621510991, ""vol_sma20"": 2838.1224999999968, ""vol_ratio"": 0.19824725676922, ""atr_pct"": 0.0008439437492820969, ""retest_entry"": true}"
اتجاهي,dir,directional,TONUSDT,هابط,FVG,-1,44783,44784,2025-02-01T02:23:00+00:00,2025-02-01T02:24:00+00:00,1,-0.0028020312872913235,-0.05604062574582647,20.0,زمني,0,False,True,,False,4.868539,4.87,0.0003,4.871,1,baseline,0,"{""close"": 4.871, ""rsi"": 55.43949280058472, ""rsi7"": 50.21035079333255, ""macd"": 0.0001850025956911124, ""adx"": 25.604031489990696, ""stoch_k"": 69.62962962963003, ""stoch_d"": 79.97563352826592, ""mss"": 0.0, ""sfp"": 0.0, ""vr"": 1.1304665217746575, ""hurst"": 0.23923261368004373, ""atr14"": 0.004190741335877764, ""vol_sma20"": 4642.450999999996, ""vol_ratio"": 0.24476941167499686, ""atr_pct"": 0.0008603451726293911, ""retest_entry"": true}"
اتجاهي,dir,directional,TONUSDT,هابط,OBV,-1,44791,44801,2025-02-01T02:31:00+00:00,2025-02-01T02:41:00+00:00,10,-0.005290809190808995,-0.1058161838161799,20.0,وقف,0,False,True,,False,4.8665396,4.868,0.0003,4.8811392188,1,baseline,0,"{""close"": 4.868, ""rsi"": 48.39570958647651, ""rsi7"": 40.84046457197673, ""macd"": -0.0008192238403260154, ""adx"": 22.536607402109926, ""stoch_k"": 30.303030303032205, ""stoch_d"": 39.73063973064117, ""mss"": 0.0, ""sfp"": 0.0, ""vr"": 1.1798962803698712, ""hurst"": 0.25327265126854204, ""atr14"": 0.004484335462127106, ""vol_sma20"": 3857.212499999997, ""vol_ratio"": 0.7474724298959422, ""atr_pct"": 0.0009211864137483784, ""retest_entry"": true}"
اتجاهي,dir,directional,TONUSDT,صاعد,Bollinger,1,44815,44816,2025-02-01T02:55:00+00:00,2025-02-01T02:56:00+00:00,1,-0.0023927047365470866,-0.04785409473094173,20.0,زمني,0,False,True,,False,4.8854652000000005,4.884,0.0003,4.885,1,baseline,0,"{""close"": 4.884, ""rsi"": 61.196860126684115, ""rsi7"": 63.51433856722091, ""macd"": -0.0001500395321115582, ""adx"": 38.411040885665535, ""stoch_k"": 73.33333333333478, ""stoch_d"": 66.94444444444476, ""mss"": 0.0, ""sfp"": 0.0, ""vr"": 0.9624666914823179, ""hurst"": 0.20158390486058678, ""atr14"": 0.003782881539032283, ""vol_sma20"": 4362.765999999997, ""vol_ratio"": 0.8206536862164973, ""atr_pct"": 0.0007745457696626295, ""retest_entry"": true}"
اتجاهي,dir,directional,TONUSDT,صاعد,MACD,1,44818,44819,2025-02-01T02:58:00+00:00,2025-02-01T02:59:00+00:00,1,-0.0034131286845485945,-0.06826257369097188,20.0,زمني,0,False,True,,False,4.8894664,4.888,0.0003,4.884,1,baseline,0,"{""close"": 4.887, ""rsi"": 65.88308564599603, ""rsi7"": 73.44990374573413, ""macd"": 9.871071627515432e-05, ""adx"": 40.35405230893667, ""stoch_k"": 92.80303030303183, ""stoch_d"": 87.8787878787915, ""mss"": 0.0, ""sfp"": 0.0, ""vr"": 0.9062389460858264, ""hurst"": 0.20197428072706458, ""atr14"": 0.003570331902789272, ""vol_sma20"": 4861.173999999997, ""vol_ratio"": 1.2092552128354186, ""atr_pct"": 0.0007305774304868575, ""retest_entry"": true}"
اتجاهي,dir,directional,TONUSDT,صاعد,Bollinger,1,44830,44831,2025-02-01T03:10:00+00:00,2025-02-01T03:11:00+00:00,1,-0.0028013509880607883,-0.05602701976121577,20.0,زمني,0,False,True,,False,4.880463699999999,4.879,0.0003,4.878,1,baseline,0,"{""close"": 4.88, ""rsi"": 49.61377716438837, ""rsi7"": 47.670086621548904, ""macd"": -0.0007425402750435743, ""adx"": 21.887705568291484, ""stoch_k"": 30.55555555555225, ""stoch_d"": 25.92592592592261, ""mss"": 0.0, ""sfp"": 0.0, ""vr"": 1.0290541501138848, ""hurst"": 0.18079800916831854, ""atr14"": 0.004200711159978, ""vol_sma20"": 4342.3314999999975, ""vol_ratio"": 0.9119133350367198, ""atr_pct"": 0.0008608014672086066, ""retest_entry"": true}"
اتجاهي,dir,directional,TONUSDT,صاعد,MACD,1,44848,44852,2025-02-01T03:28:00+00:00,2025-02-01T03:32:00+00:00,4,-0.005290809190808995,-0.1058161838161799,20.0,وقف,0,False,True,,False,4.8824643,4.881,0.0003,4.8678169071,1,baseline,0,"{""close"": 4.881, ""rsi"": 53.54265950537091, ""rsi7"": 58.19275110711152, ""macd"": 7.85090556158794e-05, ""adx"": 15.093069554342964, ""stoch_k"": 45.45454545454418, ""stoch_d"": 41.41414141413889, ""mss"": 0.0, ""sfp"": 0.0, ""vr"": 0.9641063859362037, ""hurst"": 0.3156535535592992, ""atr14"": 0.004042623608652107, ""vol_sma20"": 2726.943999999997, ""vol_ratio"": 0.6224220226011249, ""atr_pct"": 0.0008282367565359777, ""retest_entry"": true}"
اتجاهي,dir,directional,TONUSDT,صاعد,Stochastic,1,44854,44855,2025-02-01T03:34:00+00:00,2025-02-01T03:35:00+00:00,1,-0.0019427830458064942,-0.03885566091612989,20.0,تتبع,0,False,True,,False,4.8734616,4.872,0.0003,4.8751952688,1,baseline,0,"{""close"": 4.872, ""rsi"": 42.263982092340456, ""rsi7"": 39.155893693198045, ""macd"": -0.0008251004033492365, ""adx"": 15.905110061950266, ""stoch_k"": 21.259029927761386, ""stoch_d"": 20.5767687191831, ""mss"": 0.0, ""sfp"": 0.0, ""vr"": 1.0214982387493468, ""hurst"": 0.3294401508478456, ""atr14"": 0.004321076228051086, ""vol_sma20"": 3565.612499999997, ""vol_ratio"": 0.7796388418539598, ""atr_pct"": 0.0008869204080564627, ""retest_entry"": true}"
اتجاهي,dir,directional,TONUSDT,صاعد,FVG,1,44861,44862,2025-02-01T03:41:00+00:00,2025-02-01T03:42:00+00:00,1,-0.003005778755385943,-0.060115575107718866,20.0,زمني,0,False,True,,False,4.880463699999999,4.879,0.0003,4.877,1,baseline,0,"{""close"": 4.879, ""rsi"": 54.45642504849038, ""rsi7"": 62.16485923085021, ""macd"": 9.146736987193605e-05, ""adx"": 13.104022082694481, ""stoch_k"": 36.84210526315923, ""stoch_d"": 26.900584795323937, ""mss"": 0.0, ""sfp"": 0.0, ""vr"": 1.0700173200838807, ""hurst"": 0.3241965714388973, ""atr14"": 0.004549386814370068, ""vol_sma20"": 4884.213499999996, ""vol_ratio"": 1.0107563889252598, ""atr_pct"": 0.0009324424706640844, ""retest_entry"": true}"
اتجاهي,dir,directional,TONUSDT,صاعد,OBV,1,44871,44872,2025-02-01T03:51:00+00:00,2025-02-01T03:52:00+00:00,1,-0.003005946422203658,-0.06011892844407316,20.0,زمني,0,False,True,,False,4.878463099999999,4.877,0.0003,4.875,1,baseline,0,"{""close"": 4.878, ""rsi"": 52.522223129351715, ""rsi7"": 55.83409086342853, ""macd"": 0.0004166764283443392, ""adx"": 9.869375130281682, ""stoch_k"": 62.500000000000654, ""stoch_d"": 62.500000000000654, ""mss"": 0.0, ""sfp"": 0.0, ""vr"": 1.0754111534449982, ""hurst"": 0.28572193424776143, ""atr14"": 0.004502294561101656, ""vol_sma20"": 5029.778499999997, ""vol_ratio"": 0.4912900240040394, ""atr_pct"": 0.0009229796148219877, ""retest_entry"": true}"
اتجاهي,dir,directional,TONUSDT,صاعد,FVG,1,44878,44879,2025-02-01T03:58:00+00:00,2025-02-01T03:59:00+00:00,1,-0.0021875642727452274,-0.043751285454904545,20.0,زمني,0,False,True,,False,4.8744619,4.873,0.0003,4.875,1,baseline,0,"{""close"": 4.872, ""rsi"": 45.087624071899036, ""rsi7"": 43.45576349519365, ""macd"": -0.0005419581573620485, ""adx"": 9.972138326218259, ""stoch_k"": 29.411764705883055, ""stoch_d"": 21.350762527233396, ""mss"": 0.0, ""sfp"": 0.0, ""vr"": 1.02335372138727, ""hurst"": 0.26030718646087425, ""atr14"": 0.004240727144468149, ""vol_sma20"": 2499.944999999997, ""vol_ratio"": 0.09776615085531894, ""atr_pct"": 0.0008704283958267957, ""retest_entry"": true}"
اتجاهي,dir,directional,TONUSDT,صاعد,FVG,1,44881,44882,2025-02-01T04:01:00+00:00,2025-02-01T04:02:00+00:00,1,-0.0034149696236713497,-0.06829939247342699,20.0,زمني,0,False,True,,False,4.878463099999999,4.877,0.0003,4.873,1,baseline,0,"{""close"": 4.876, ""rsi"": 52.54424254716972, ""rsi7"": 59.478832316173765, ""macd"": 8.057263483171129e-05, ""adx"": 9.011315629008896, ""stoch_k"": 53.333333333335496, ""stoch_d"": 43.61655773420677, ""mss"": 0.0, ""sfp"": 0.0, ""vr"": 0.9665542497488132, ""hurst"": 0.2598660489691015, ""atr14"": 0.003993031172156131, ""vol_sma20"": 1994.5784999999973, ""vol_ratio"": 0.5106342016621563, ""atr_pct"": 0.0008189153347325944, ""retest_entry"": true}"
اتجاهي,dir,directional,TONUSDT,صاعد,FVG,1,44899,44903,2025-02-01T04:19:00+00:00,2025-02-01T04:23:00+00:00,4,-0.0013425559056037927,-0.026851118112075856,20.0,تتبع,0,False,True,,False,4.8674598,4.866,0.0003,4.8721196436,1,baseline,0,"{""close"": 4.866, ""rsi"": 44.001939411910044, ""rsi7"": 47.04864062130907, ""macd"": -0.0001776961158228437, ""adx"": 20.849429865220113, ""stoch_k"": 29.84126984126873, ""stoch_d"": 27.942732648614243, ""mss"": 0.0, ""sfp"": 0.0, ""vr"": 0.9056586661670343, ""hurst"": 0.09681067908337994, ""atr14"": 0.0036791956069716363, ""vol_sma20"": 1657.624499999997, ""vol_ratio"": 0.44396061954924126, ""atr_pct"": 0.0007561026730315734, ""retest_entry"": true}"
اتجاهي,dir,directional,TONUSDT,صاعد,MicroBurst,1,44909,44910,2025-02-01T04:29:00+00:00,2025-02-01T04:30:00+00:00,1,-0.003210835660279758,-0.06421671320559516,20.0,زمني,0,False,True,,False,4.875462199999999,4.874,0.0003,4.871,1,baseline,0,"{""close"": 4.874, ""rsi"": 56.917426969207206, ""rsi7"": 64.25681746642276, ""macd"": 0.0008014313341280141, ""adx"": 12.757635038151324, ""stoch_k"": 83.33333333333458, ""stoch_d"": 80.95238095238221, ""mss"": 0.0, ""sfp"": 0.0, ""vr"": 0.7532170585937681, ""hurst"": 0.0978114407182245, ""atr14"": 0.003042161878745092, ""vol_sma20"": 1859.747499999997, ""vol_ratio"": 2.8681366690908354, ""atr_pct"": 0.0006241612389710899, ""retest_entry"": true}"
اتجاهي,dir,directional,TONUSDT,هابط,FVG,-1,62809,62810,2025-02-13T14:49:00+00:00,2025-02-13T14:50:00+00:00,1,-0.0021120085441784643,-0.04224017088356929,20.0,زمني,0,False,True,,False,3.6797907999999997,3.682,0.0006,3.678,1,baseline,0,"{""close"": 3.681, ""rsi"": 51.639223094910115, ""rsi7"": 48.86425752294139, ""macd"": 0.0004689619156007562, ""adx"": 20.126149006188566, ""stoch_k"": 65.0406504065043, ""stoch_d"": 71.27371273712751, ""mss"": 0.0, ""sfp"": 0.0, ""vr"": 1.2336902722364804, ""hurst"": 0.2953157863509328, ""atr14"": 0.008787881081589873, ""vol_sma20"": 9974.579000000002, ""vol_ratio"": 0.6067554329861942, ""atr_pct"": 0.0023873624236864636, ""retest_entry"": true}"
اتجاهي,dir,directional,TONUSDT,هابط,KAMA,-1,62812,62822,2025-02-13T14:52:00+00:00,2025-02-13T15:02:00+00:00,10,-0.005290809190808995,-0.1058161838161799,20.0,وقف,0,False,True,,False,3.6698987,3.671,0.0003,3.6809083960999995,1,baseline,0,"{""close"": 3.672, ""rsi"": 44.45409804809245, ""rsi7"": 35.652665070775484, ""macd"": -0.0009148594972838119, ""adx"": 18.304230880278794, ""stoch_k"": 49.593495934959435, ""stoch_d"": 55.01355013550156, ""mss"": 0.0, ""sfp"": 0.0, ""vr"": 1.1747237863281232, ""hurst"": 0.30192118496567083, ""atr14"": 0.008493066594844388, ""vol_sma20"": 9866.967500000002, ""vol_ratio"": 0.18393898631975827, ""atr_pct"": 0.0023129266325828944, ""retest_entry"": true}"
اتجاهي,dir,directional,TONUSDT,هابط,FVG,-1,62826,62828,2025-02-13T15:06:00+00:00,2025-02-13T15:08:00+00:00,2,-0.0025971028071656095,-0.05194205614331219,20.0,قفل-ربح,0,False,True,,False,3.668899,3.67,0.0003,3.67,1,baseline,0,"{""close"": 3.671, ""rsi"": 46.731615892850186, ""rsi7"": 45.204842711232594, ""macd"": -0.0001223082733054744, ""adx"": 11.04633093687196, ""stoch_k"": 52.38095238095253, ""stoch_d"": 59.391534391534854, ""mss"": 0.0, ""sfp"": 0.0, ""vr"": 0.948092864707298, ""hurst"": 0.25216035273182735, ""atr14"": 0.007039132847647508, ""vol_sma20"": 3607.3360000000016, ""vol_ratio"": 0.5976598797561411, ""atr_pct"": 0.0019174973706476458, ""retest_entry"": true}"
اتجاهي,dir,directional,TONUSDT,هابط,FVG,-1,62832,62833,2025-02-13T15:12:00+00:00,2025-02-13T15:13:00+00:00,1,-0.004501167099202297,-0.09002334198404593,20.0,زمني,0,False,True,,False,3.6678993,3.669,0.0003,3.676,1,baseline,0,"{""close"": 3.668, ""rsi"": 45.126908845324465, ""rsi7"": 42.260243262276, ""macd"": -0.00021466807713417524, ""adx"": 10.006456974841639, ""stoch_k"": 43.47826086956557, ""stoch_d"": 48.30917874396177, ""mss"": 0.0, ""sfp"": 0.0, ""vr"": 0.8426786890478826, ""hurst"": 0.23039829844610224, ""atr14"": 0.006293744764779733, ""vol_sma20"": 2938.064000000001, ""vol_ratio"": 0.41998064031280447, ""atr_pct"": 0.0017158518987949107, ""retest_entry"": true}"
اتجاهي,dir,directional,TONUSDT,هابط,MicroBurst,-1,62840,62842,2025-02-13T15:20:00+00:00,2025-02-13T15:22:00+00:00,2,-0.005304649465363678,-0.10609298930727357,20.0,وقف,0,False,True,,False,3.6848942,3.686,0.0003,3.696,1,baseline,0,"{""close"": 3.686, ""rsi"": 55.750858597053835, ""rsi7"": 55.247816932747085, ""macd"": 0.002463632155052805, ""adx"": 16.51739206415576, ""stoch_k"": 79.36507936507948, ""stoch_d"": 87.25348725348753, ""mss"": 0.0, ""sfp"": 0.0, ""vr"": 0.9672196156182736, ""hurst"": 0.2110671906272459, ""atr14"": 0.007096561457875292, ""vol_sma20"": 4422.3245000000015, ""vol_ratio"": 2.92352811287367, ""atr_pct"": 0.0019252744052835843, ""retest_entry"": true}"
اتجاهي,dir,directional,TONUSDT,هابط,FVG,-1,62845,62846,2025-02-13T15:25:00+00:00,2025-02-13T15:26:00+00:00,1,-0.00286763728756995,-0.057352745751399,20.0,زمني,0,False,True,,False,3.6878933000000003,3.689,0.0003,3.69,1,baseline,0,"{""close"": 3.689, ""rsi"": 54.26582563775515, ""rsi7"": 51.015240538420244, ""macd"": 0.0012113938331277324, ""adx"": 20.82704159110437, ""stoch_k"": 76.85185185185242, ""stoch_d"": 80.43209876543254, ""mss"": 0.0, ""sfp"": 0.0, ""vr"": 0.978922590093225, ""hurst"": 0.21466100727902568, ""atr14"": 0.007153677770755629, ""vol_sma20"": 4916.559500000001, ""vol_ratio"": 0.39948870749962434, ""atr_pct"": 0.0019391915887112033, ""retest_entry"": true}"
اتجاهي,dir,directional,TONUSDT,هابط,MicroBurst,-1,62849,62851,2025-02-13T15:29:00+00:00,2025-02-13T15:31:00+00:00,2,-0.0014807134013149694,-0.029614268026299385,20.0,تتبع,0,False,True,,False,3.6828948,3.684,0.0003,3.6798789864,1,baseline,0,"{""close"": 3.683, ""rsi"": 48.85165565079288, ""rsi7"": 41.02415817216382, ""macd"": -0.0007312945744129508, ""adx"": 18.415510975583853, ""stoch_k"": 43.88007054673694, ""stoch_d"": 55.385067607290075, ""mss"": 0.0, ""sfp"": 0.0, ""vr"": 0.9661498762370634, ""hurst"": 0.21994346521967165, ""atr14"": 0.007046860443839884, ""vol_sma20"": 5065.672000000001, ""vol_ratio"": 1.6279893368540241, ""atr_pct"": 0.0019133479347922576, ""retest_entry"": true}"
اتجاهي,dir,directional,TONUSDT,هابط,ADX,-1,62865,62869,2025-02-13T15:45:00+00:00,2025-02-13T15:49:00+00:00,4,-0.0015283063112663416,-0.030566126225326833,20.0,قفل-ربح,0,False,True,,False,3.7138855,3.715,0.0003,3.7110214707155498,1,baseline,0,"{""close"": 3.714, ""rsi"": 68.7270960012748, ""rsi7"": 77.32275913343653, ""macd"": 0.0030493751591288585, ""adx"": 22.582245952842413, ""stoch_k"": 90.7657657657661, ""stoch_d"": 90.45727545727586, ""mss"": 0.0, ""sfp"": 0.0, ""vr"": 0.8833636937289522, ""hurst"": 0.19472715460179468, ""atr14"": 0.006364705740388804, ""vol_sma20"": 4651.397500000001, ""vol_ratio"": 1.186299386367215, ""atr_pct"": 0.0017137064459851385, ""retest_entry"": true}"
اتجاهي,dir,directional,TONUSDT,هابط,Bollinger,-1,62881,62882,2025-02-13T16:01:00+00:00,2025-02-13T16:02:00+00:00,1,-0.003227079517906054,-0.06454159035812107,20.0,زمني,0,False,True,,False,3.7106574,3.714,0.0009,3.713,1,baseline,0,"{""close"": 3.716, ""rsi"": 51.73870199251734, ""rsi7"": 43.69448707143714, ""macd"": -0.00012207476075619048, ""adx"": 38.74017910873019, ""stoch_k"": 38.33333333333381, ""stoch_d"": 46.851851851852395, ""mss"": 0.0, ""sfp"": 0.0, ""vr"": 1.512607420997838, ""hurst"": 0.22453890984583527, ""atr14"": 0.01108548976040307, ""vol_sma20"": 22509.498, ""vol_ratio"": 0.19134367190241205, ""atr_pct"": 0.0029831780840697173, ""retest_entry"": true}"
اتجاهي,dir,directional,TONUSDT,هابط,Bollinger,-1,62891,62893,2025-02-13T16:11:00+00:00,2025-02-13T16:13:00+00:00,2,-0.006023852141220358,-0.12047704282440716,20.0,وقف,0,False,True,,False,3.7077739999999997,3.71,0.0006,3.7205115851676784,1,baseline,0,"{""close"": 3.711, ""rsi"": 48.204860235155394, ""rsi7"": 42.960111102186836, ""macd"": -0.0021376456290091135, ""adx"": 28.701915066089626, ""stoch_k"": 21.741271910763203, ""stoch_d"": 26.995992080737768, ""mss"": 0.0, ""sfp"": 1.0, ""vr"": 1.4389424081006317, ""hurst"": 0.20954247571405812, ""atr14"": 0.011085797982306442, ""vol_sma20"": 24829.838499999998, ""vol_ratio"": 0.2722909373735959, ""atr_pct"": 0.0029872805126128924, ""retest_entry"": true}"
اتجاهي,dir,directional,TONUSDT,هابط,FVG,-1,62897,62898,2025-02-13T16:17:00+00:00,2025-02-13T16:18:00+00:00,1,-0.005091485527419438,-0.10182971054838875,20.0,زمني,0,False,True,,False,3.6837883999999996,3.686,0.0006,3.693,1,baseline,0,"{""close"": 3.685, ""rsi"": 35.82152285170079, ""rsi7"": 23.680409690320076, ""macd"": -0.0035191027915420685, ""adx"": 22.624077831981115, ""stoch_k"": 17.559523809523956, ""stoch_d"": 29.722222222222328, ""mss"": 0.0, ""sfp"": 0.0, ""vr"": 1.3993736013470202, ""hurst"": 0.19903850132009837, ""atr14"": 0.01106437839903793, ""vol_sma20"": 10476.439000000002, ""vol_ratio"": 0.8217906867018459, ""atr_pct"": 0.003002545020091704, ""retest_entry"": true}"
اتجاهي,dir,directional,TONUSDT,هابط,Bollinger,-1,62921,62922,2025-02-13T16:41:00+00:00,2025-02-13T16:42:00+00:00,1,-0.00394831008879545,-0.078966201775909,20.0,زمني,0,False,True,,False,3.6918921,3.693,0.0003,3.698,1,baseline,0,"{""close"": 3.693, ""rsi"": 49.439253876956236, ""rsi7"": 51.84171298768103, ""macd"": 0.0021117463041209652, ""adx"": 14.378136560302615, ""stoch_k"": 68.51851851851877, ""stoch_d"": 79.49074074074095, ""mss"": 0.0, ""sfp"": 0.0, ""vr"": 0.9418041795226065, ""hurst"": 0.42399622805072634, ""atr14"": 0.007687873832946448, ""vol_sma20"": 4272.420000000002, ""vol_ratio"": 0.9042650301234425, ""atr_pct"": 0.0020817421697661652, ""retest_entry"": true}"
اتجاهي,dir,directional,TONUSDT,هابط,Stochastic,-1,62927,62928,2025-02-13T16:47:00+00:00,2025-02-13T16:48:00+00:00,1,-0.0031370009398200265,-0.06274001879640054,20.0,زمني,0,False,True,,False,3.6958909,3.697,0.0003,3.699,1,baseline,0,"{""close"": 3.698, ""rsi"": 53.09968844617729, ""rsi7"": 56.12633545662268, ""macd"": 0.0014538796259794735, ""adx"": 14.626208417570284, ""stoch_k"": 75.00672043010796, ""stoch_d"": 77.22780480173014, ""mss"": 0.0, ""sfp"": 0.0, ""vr"": 0.8193985006657359, ""hurst"": 0.43047559871421537, ""atr14"": 0.006683492795270597, ""vol_sma20"": 3716.867000000001, ""vol_ratio"": 0.5292656422734522, ""atr_pct"": 0.0018073263372824762, ""retest_entry"": true}"
اتجاهي,dir,directional,TONUSDT,هابط,FVG,-1,62934,62936,2025-02-13T16:54:00+00:00,2025-02-13T16:56:00+00:00,2,-0.00014713249068737752,-0.0029426498137475506,20.0,تتبع,0,False,True,,False,3.6958909,3.697,0.0003,3.6879243238,1,baseline,0,"{""close"": 3.697, ""rsi"": 50.108787427312755, ""rsi7"": 46.815650243048424, ""macd"": 0.000477472502812922, ""adx"": 13.570898593963442, ""stoch_k"": 66.82539682539789, ""stoch_d"": 70.15873015873125, ""mss"": 0.0, ""sfp"": 0.0, ""vr"": 0.7764308156481737, ""hurst"": 0.4180800393081856, ""atr14"": 0.006329056799813971, ""vol_sma20"": 2512.677000000001, ""vol_ratio"": 0.6151009461224023, ""atr_pct"": 0.0017119439545074304, ""retest_entry"": true}"
اتجاهي,dir,directional,TONUSDT,هابط,Bollinger,-1,62944,62945,2025-02-13T17:04:00+00:00,2025-02-13T17:05:00+00:00,1,-0.0034062933732832133,-0.06812586746566426,20.0,زمني,0,False,True,,False,3.6988900000000005,3.7,0.0003,3.703,1,baseline,0,"{""close"": 3.701, ""rsi"": 54.31737460513334, ""rsi7"": 56.41907315719574, ""macd"": 0.001186342915040983, ""adx"": 15.843246170041374, ""stoch_k"": 86.37226970560245, ""stoch_d"": 83.15165778933847, ""mss"": 0.0, ""sfp"": 0.0, ""vr"": 0.835329055974551, ""hurst"": 0.40342415886326216, ""atr14"": 0.006790212220854265, ""vol_sma20"": 2380.456500000001, ""vol_ratio"": 1.2377037765655448, ""atr_pct"": 0.001834696628169215, ""retest_entry"": true}"
اتجاهي,dir,directional,TONUSDT,هابط,FVG,-1,62951,62958,2025-02-13T17:11:00+00:00,2025-02-13T17:18:00+00:00,7,-0.00015217562012745915,-0.003043512402549183,20.0,تتبع,0,False,True,,False,3.7038885,3.705,0.0003,3.695923407,1,baseline,0,"{""close"": 3.705, ""rsi"": 54.97074289356541, ""rsi7"": 54.59774058213505, ""macd"": 0.0007327157936303872, ""adx"": 16.432451255050058, ""stoch_k"": 83.90804597701224, ""stoch_d"": 87.57221918141504, ""mss"": 0.0, ""sfp"": 0.0, ""vr"": 0.7590304980547996, ""hurst"": 0.3684457992982109, ""atr14"": 0.006140796903723848, ""vol_sma20"": 2814.6975000000016, ""vol_ratio"": 0.27792329371095814, ""atr_pct"": 0.001657435061733832, ""retest_entry"": true}"
اتجاهي,dir,directional,TONUSDT,هابط,MicroBurst,-1,62972,62982,2025-02-13T17:32:00+00:00,2025-02-13T17:42:00+00:00,10,-0.001621512107317249,-0.032430242146344976,20.0,قفل-ربح,0,False,True,,False,3.7038885,3.705,0.0003,3.701378199005658,1,baseline,0,"{""close"": 3.707, ""rsi"": 55.6088220547066, ""rsi7"": 56.17939035552524, ""macd"": 0.0013476241872925675, ""adx"": 21.553225344505034, ""stoch_k"": 83.33333333333361, ""stoch_d"": 90.6267806267811, ""mss"": 0.0, ""sfp"": 0.0, ""vr"": 0.6973764683116744, ""hurst"": 0.3381131352350762, ""atr14"": 0.005583132901200809, ""vol_sma20"": 2465.569000000002, ""vol_ratio"": 2.8246623801645763, ""atr_pct"": 0.0015061054494741864, ""retest_entry"": true}"
اتجاهي,dir,directional,TONUSDT,صاعد,FVG,1,84421,84421,2025-02-28T15:01:00+00:00,2025-02-28T15:01:00+00:00,0,-0.005290809190809106,-0.10581618381618212,20.0,وقف,0,False,True,,False,3.3189954,3.318,0.0003,3.3090384137999997,1,baseline,0,"{""close"": 3.316, ""rsi"": 53.20764924251684, ""rsi7"": 55.53096307317306, ""macd"": -0.0010630812808038648, ""adx"": 18.473182373046768, ""stoch_k"": 38.88888888888881, ""stoch_d"": 32.59259259259269, ""mss"": 0.0, ""sfp"": 0.0, ""vr"": 0.891019784207782, ""hurst"": 0.18626685779703145, ""atr14"": 0.0063826745965167245, ""vol_sma20"": 7124.018500000003, ""vol_ratio"": 0.2699684174037447, ""atr_pct"": 0.0019248113982257915, ""retest_entry"": true}"
اتجاهي,dir,directional,TONUSDT,صاعد,FVG,1,84426,84435,2025-02-28T15:06:00+00:00,2025-02-28T15:15:00+00:00,9,0.0014162638497068785,0.02832527699413757,20.0,تتبع,0,True,True,,False,3.3209959999999996,3.32,0.0003,3.333358472,1,baseline,0,"{""close"": 3.32, ""rsi"": 55.37438907618659, ""rsi7"": 58.63219541786879, ""macd"": 0.0002654663191252154, ""adx"": 13.87094871990083, ""stoch_k"": 73.70129870129831, ""stoch_d"": 60.80567580567588, ""mss"": 0.0, ""sfp"": 0.0, ""vr"": 0.944589077152304, ""hurst"": 0.19915093106122214, ""atr14"": 0.006804749135338883, ""vol_sma20"": 7442.865500000003, ""vol_ratio"": 0.9214636486444633, ""atr_pct"": 0.0020496232335358083, ""retest_entry"": true}"
اتجاهي,dir,directional,TONUSDT,صاعد,MACD,1,84445,84446,2025-02-28T15:25:00+00:00,2025-02-28T15:26:00+00:00,1,0.0003857414825514205,0.00771482965102841,20.0,تتبع,0,True,True,,False,3.3450032,3.344,0.0003,3.354,1,baseline,0,"{""close"": 3.344, ""rsi"": 62.83684523231036, ""rsi7"": 66.63450812695997, ""macd"": 0.0001162694234740488, ""adx"": 25.00476773522465, ""stoch_k"": 89.58333333333364, ""stoch_d"": 73.28431372549055, ""mss"": 0.0, ""sfp"": 0.0, ""vr"": 0.8425496669698797, ""hurst"": 0.3000674862649157, ""atr14"": 0.005661066145631985, ""vol_sma20"": 4980.660500000004, ""vol_ratio"": 0.7734335636809611, ""atr_pct"": 0.0016929025555119572, ""retest_entry"": true}"
اتجاهي,dir,directional,TONUSDT,صاعد,FVG,1,84459,84460,2025-02-28T15:39:00+00:00,2025-02-28T15:40:00+00:00,1,-0.0028943890951109263,-0.05788778190221853,20.0,زمني,0,False,True,,False,3.3540059,3.353,0.0003,3.352,1,baseline,0,"{""close"": 3.353, ""rsi"": 58.87395022000802, ""rsi7"": 58.61012559203802, ""macd"": -0.0011619459837034765, ""adx"": 34.55488523406317, ""stoch_k"": 32.779720279720344, ""stoch_d"": 32.13211519663128, ""mss"": 0.0, ""sfp"": 0.0, ""vr"": 0.9182905279615122, ""hurst"": 0.36639763815902837, ""atr14"": 0.00593165798589035, ""vol_sma20"": 9262.699000000004, ""vol_ratio"": 0.7034245634020923, ""atr_pct"": 0.0017690599421086638, ""retest_entry"": true}"
اتجاهي,dir,directional,TONUSDT,صاعد,Bollinger,1,84466,84469,2025-02-28T15:46:00+00:00,2025-02-28T15:49:00+00:00,3,-0.005290809190809106,-0.10581618381618212,20.0,وقف,0,False,True,,False,3.3620083000000003,3.361,0.0003,3.3519222751,1,baseline,0,"{""close"": 3.361, ""rsi"": 63.68104329647241, ""rsi7"": 70.51419256602324, ""macd"": -0.0002467324346140838, ""adx"": 30.186135539682954, ""stoch_k"": 57.575757575757414, ""stoch_d"": 41.414141414141504, ""mss"": 0.0, ""sfp"": 0.0, ""vr"": 0.8712935453765563, ""hurst"": 0.34216050804240095, ""atr14"": 0.0055515032492025685, ""vol_sma20"": 3936.4770000000035, ""vol_ratio"": 0.6084298218940434, ""atr_pct"": 0.0016517415201435788, ""retest_entry"": true}"
اتجاهي,dir,directional,TONUSDT,صاعد,Bollinger,1,84473,84476,2025-02-28T15:53:00+00:00,2025-02-28T15:56:00+00:00,3,-0.005290809190809106,-0.10581618381618212,20.0,وقف,0,False,True,,False,3.3590074,3.358,0.0003,3.3489303778,1,baseline,0,"{""close"": 3.359, ""rsi"": 58.76729146463826, ""rsi7"": 60.35003769147268, ""macd"": -0.0001498387411722436, ""adx"": 27.534292426508074, ""stoch_k"": 72.22222222222206, ""stoch_d"": 61.773879142300224, ""mss"": 0.0, ""sfp"": 0.0, ""vr"": 0.821904497986571, ""hurst"": 0.2787541261490385, ""atr14"": 0.00513351789357219, ""vol_sma20"": 3244.0000000000036, ""vol_ratio"": 0.5385542540073976, ""atr_pct"": 0.0015282875539065763, ""retest_entry"": true}"
اتجاهي,dir,directional,TONUSDT,صاعد,Bollinger,1,84480,84482,2025-02-28T16:00:00+00:00,2025-02-28T16:02:00+00:00,2,-0.0016398565561130838,-0.03279713112226168,20.0,قفل-ربح,0,False,True,,False,3.3570067999999997,3.356,0.0003,3.3592202785425984,1,baseline,0,"{""close"": 3.357, ""rsi"": 54.976974576277705, ""rsi7"": 56.16572064635121, ""macd"": -0.0009432691841781585, ""adx"": 21.195934682117855, ""stoch_k"": 35.416666666667446, ""stoch_d"": 23.61111111111156, ""mss"": 0.0, ""sfp"": 0.0, ""vr"": 0.8048426347422444, ""hurst"": 0.25758545072080347, ""atr14"": 0.004918831242101766, ""vol_sma20"": 2355.368000000003, ""vol_ratio"": 0.97952421872081, ""atr_pct"": 0.0014652461251420214, ""retest_entry"": true}"
اتجاهي,dir,directional,TONUSDT,صاعد,Stochastic,1,84500,84502,2025-02-28T16:20:00+00:00,2025-02-28T16:22:00+00:00,2,-0.0002673643988484407,-0.005347287976968814,20.0,تتبع,0,False,True,,False,3.3400016999999997,3.339,0.0003,3.3467986493999997,1,baseline,0,"{""close"": 3.339, ""rsi"": 37.358710109670255, ""rsi7"": 31.008956676623868, ""macd"": -0.0008048927845931151, ""adx"": 24.47691189350024, ""stoch_k"": 10.35087719298135, ""stoch_d"": 8.40833968980362, ""mss"": 0.0, ""sfp"": 1.0, ""vr"": 0.7124234709817798, ""hurst"": 0.39795285062003605, ""atr14"": 0.004089588309931939, ""vol_sma20"": 4727.846500000003, ""vol_ratio"": 0.2553593903693783, ""atr_pct"": 0.0012247943425971668, ""retest_entry"": true}"
اتجاهي,dir,directional,TONUSDT,صاعد,MACD,1,84509,84514,2025-02-28T16:29:00+00:00,2025-02-28T16:34:00+00:00,5,-0.0017200681806401037,-0.03440136361280208,20.0,قفل-ربح,0,False,True,,False,3.3410019999999996,3.34,0.0003,3.3429363212347174,1,baseline,0,"{""close"": 3.341, ""rsi"": 45.20574072059557, ""rsi7"": 47.59250626963748, ""macd"": 9.737033460022583e-05, ""adx"": 18.354440880431227, ""stoch_k"": 19.04761904761838, ""stoch_d"": 15.07936507936416, ""mss"": 0.0, ""sfp"": 0.0, ""vr"": 0.7747696206770794, ""hurst"": 0.4384279353731531, ""atr14"": 0.004298489059531937, ""vol_sma20"": 5196.419500000004, ""vol_ratio"": 0.1973204819202913, ""atr_pct"": 0.0012865875664567305, ""retest_entry"": true}"
اتجاهي,dir,directional,TONUSDT,صاعد,MicroBurst,1,84520,84521,2025-02-28T16:40:00+00:00,2025-02-28T16:41:00+00:00,1,-0.00046345879241775157,-0.009269175848355031,20.0,تتبع,0,False,True,,False,3.3590074,3.358,0.0003,3.3651828268,1,baseline,0,"{""close"": 3.358, ""rsi"": 66.6114611036564, ""rsi7"": 78.89479369247502, ""macd"": 0.0017941464718299821, ""adx"": 15.403580593367268, ""stoch_k"": 90.95238095238186, ""stoch_d"": 79.60927960928095, ""mss"": 0.0, ""sfp"": 0.0, ""vr"": 0.9357165539421273, ""hurst"": 0.39066370755237173, ""atr14"": 0.004991720984070429, ""vol_sma20"": 3503.8970000000036, ""vol_ratio"": 1.6627486481480462, ""atr_pct"": 0.0014865160762568281, ""retest_entry"": true}"
اتجاهي,dir,directional,TONUSDT,صاعد,FVG,1,84533,84538,2025-02-28T16:53:00+00:00,2025-02-28T16:58:00+00:00,5,-0.005290809190809106,-0.10581618381618212,20.0,وقف,0,False,True,,False,3.3460035,3.345,0.0003,3.3359654895,1,baseline,0,"{""close"": 3.346, ""rsi"": 48.48056020638617, ""rsi7"": 47.85639180480356, ""macd"": -0.001488401636095522, ""adx"": 18.681528069170408, ""stoch_k"": 18.095238095238653, ""stoch_d"": 12.671210957502042, ""mss"": 0.0, ""sfp"": 0.0, ""vr"": 1.1114487435163303, ""hurst"": 0.26972522873664434, ""atr14"": 0.005853615468712486, ""vol_sma20"": 3898.2595000000038, ""vol_ratio"": 1.0951041099239278, ""atr_pct"": 0.001749436780846529, ""retest_entry"": true}"
اتجاهي,dir,directional,TONUSDT,صاعد,MicroBurst,1,84545,84546,2025-02-28T17:05:00+00:00,2025-02-28T17:06:00+00:00,1,-0.003794645318339246,-0.07589290636678492,20.0,زمني,0,False,True,,False,3.3319992999999997,3.331,0.0003,3.327,1,baseline,0,"{""close"": 3.333, ""rsi"": 40.84748485720801, ""rsi7"": 39.36497186618572, ""macd"": -0.00133776551910709, ""adx"": 26.55544428309505, ""stoch_k"": 17.391304347826733, ""stoch_d"": 10.772946859903806, ""mss"": 0.0, ""sfp"": 0.0, ""vr"": 0.9821344701290761, ""hurst"": 0.22618009207613346, ""atr14"": 0.005117564143125458, ""vol_sma20"": 2773.854000000004, ""vol_ratio"": 1.8709564382263786, ""atr_pct"": 0.001535422785216159, ""retest_entry"": true}"
اتجاهي,dir,directional,TONUSDT,صاعد,Stochastic,1,84549,84552,2025-02-28T17:09:00+00:00,2025-02-28T17:12:00+00:00,3,-0.0016251701693646618,-0.03250340338729324,20.0,قفل-ربح,0,False,True,,False,3.3329996,3.332,0.0003,3.335246311589117,1,baseline,0,"{""close"": 3.332, ""rsi"": 42.64607583043215, ""rsi7"": 44.41296031450821, ""macd"": -0.0004369634021913326, ""adx"": 29.009851307906562, ""stoch_k"": 19.806763285023873, ""stoch_d"": 17.532206119162705, ""mss"": 0.0, ""sfp"": 0.0, ""vr"": 0.9662839065177289, ""hurst"": 0.2301319775591056, ""atr14"": 0.004991195061740102, ""vol_sma20"": 2768.559500000004, ""vol_ratio"": 0.6427132954881402, ""atr_pct"": 0.0014979577016026719, ""retest_entry"": true}"
اتجاهي,dir,directional,TONUSDT,صاعد,FVG,1,84559,84563,2025-02-28T17:19:00+00:00,2025-02-28T17:23:00+00:00,4,-0.005290809190809106,-0.10581618381618212,20.0,وقف,0,False,True,,False,3.3370007999999998,3.336,0.0003,3.3269897975999996,1,baseline,0,"{""close"": 3.335, ""rsi"": 48.63050927745534, ""rsi7"": 51.1786046600187, ""macd"": 0.0007403222486373554, ""adx"": 21.009627870810977, ""stoch_k"": 57.14285714285709, ""stoch_d"": 49.99999999999964, ""mss"": 0.0, ""sfp"": 0.0, ""vr"": 1.0348623411643894, ""hurst"": 0.26862377485312766, ""atr14"": 0.005236752881592742, ""vol_sma20"": 3409.588500000004, ""vol_ratio"": 1.3375749009007962, ""atr_pct"": 0.0015702407441057697, ""retest_entry"": true}"
اتجاهي,dir,directional,TONUSDT,صاعد,FVG,1,84567,84570,2025-02-28T17:27:00+00:00,2025-02-28T17:30:00+00:00,3,-0.001382562547411018,-0.02765125094822036,20.0,تتبع,0,False,True,,False,3.3319992999999997,3.331,0.0003,3.3350555673999995,1,baseline,0,"{""close"": 3.332, ""rsi"": 47.443761892240126, ""rsi7"": 49.782061246378376, ""macd"": -0.00017723712057646007, ""adx"": 16.446242245520537, ""stoch_k"": 35.29411764705958, ""stoch_d"": 29.084967320262546, ""mss"": 0.0, ""sfp"": 0.0, ""vr"": 1.0454650101387188, ""hurst"": 0.27184912507637243, ""atr14"": 0.00526271410282125, ""vol_sma20"": 4248.870000000004, ""vol_ratio"": 0.18182952173166023, ""atr_pct"": 0.001579446009250075, ""retest_entry"": true}"
اتجاهي,dir,directional,TONUSDT,صاعد,RSI,1,84585,84595,2025-02-28T17:45:00+00:00,2025-02-28T17:55:00+00:00,10,0.0004906446597115704,0.009812893194231407,20.0,تتبع,0,True,True,,False,3.3179951,3.317,0.0003,3.3272681282,1,baseline,0,"{""close"": 3.316, ""rsi"": 29.524800961965482, ""rsi7"": 13.717351497253631, ""macd"": -0.0008529434166674177, ""adx"": 19.08763900689151, ""stoch_k"": 4.50793650793612, ""stoch_d"": 1.9470899470898857, ""mss"": 0.0, ""sfp"": 0.0, ""vr"": 0.8512062265769198, ""hurst"": 0.2830242071725377, ""atr14"": 0.004232973613523692, ""vol_sma20"": 2408.9915000000037, ""vol_ratio"": 1.0433660724830272, ""atr_pct"": 0.0012765300402664934, ""retest_entry"": true}"
اتجاهي,dir,directional,TONUSDT,صاعد,FVG,1,84601,84603,2025-02-28T18:01:00+00:00,2025-02-28T18:03:00+00:00,2,-0.003794645318339246,-0.07589290636678492,20.0,قفل-ربح,0,False,True,,False,3.3319992999999997,3.331,0.0003,3.327,1,baseline,0,"{""close"": 3.331, ""rsi"": 59.33746377143831, ""rsi7"": 68.24517178499674, ""macd"": 0.000984331783521446, ""adx"": 13.861751399642332, ""stoch_k"": 68.22612085769892, ""stoch_d"": 60.75373619233224, ""mss"": 0.0, ""sfp"": 0.0, ""vr"": 0.8266450068869626, ""hurst"": 0.18628644418199886, ""atr14"": 0.0040521271889908395, ""vol_sma20"": 2581.704000000004, ""vol_ratio"": 0.35841056914347985, ""atr_pct"": 0.0012164896994868927, ""retest_entry"": true}"
اتجاهي,dir,directional,TONUSDT,صاعد,Bollinger,1,84606,84617,2025-02-28T18:06:00+00:00,2025-02-28T18:17:00+00:00,11,0.0003964833722390816,0.007929667444781633,20.0,تتبع,0,True,True,,False,3.3329996,3.332,0.0003,3.342,1,baseline,0,"{""close"": 3.332, ""rsi"": 57.71645040106585, ""rsi7"": 62.1207760760119, ""macd"": 0.0006810431940365364, ""adx"": 20.72895762029489, ""stoch_k"": 41.52777777777691, ""stoch_d"": 46.183862433861854, ""mss"": 0.0, ""sfp"": 0.0, ""vr"": 0.9557959617117089, ""hurst"": 0.16812678917568377, ""atr14"": 0.004685745634969771, ""vol_sma20"": 2657.746500000004, ""vol_ratio"": 0.4426908284894734, ""atr_pct"": 0.0014062862049729204, ""retest_entry"": true}"
اتجاهي,dir,directional,TONUSDT,صاعد,FVG,1,84629,84638,2025-02-28T18:29:00+00:00,2025-02-28T18:38:00+00:00,9,0.006690999693099148,0.13381999386198296,20.0,حصد-اعادة,0,True,True,,False,3.3299987,3.329,0.0003,3.36,1,baseline,0,"{""close"": 3.329, ""rsi"": 49.68581898744913, ""rsi7"": 52.42044250938688, ""macd"": -0.0005795162882858669, ""adx"": 20.31886273047062, ""stoch_k"": 25.925925925926194, ""stoch_d"": 19.341563786008503, ""mss"": 0.0, ""sfp"": 0.0, ""vr"": 0.9488960427424062, ""hurst"": 0.31097799342638865, ""atr14"": 0.004545299285137972, ""vol_sma20"": 3288.7790000000036, ""vol_ratio"": 0.15755087222339945, ""atr_pct"": 0.0013653647597290394, ""retest_entry"": true}"
اتجاهي,dir,directional,TONUSDT,صاعد,FVG,1,84638,84639,2025-02-28T18:38:00+00:00,2025-02-28T18:39:00+00:00,1,-0.004378000143555906,-0.17512000574223624,40.0,زمني,0,False,True,,False,3.3610079999999996,3.36,0.0003,3.354,2,baseline,1,"{""close"": 3.36, ""rsi"": 74.19370876617508, ""rsi7"": 85.373745747268, ""macd"": 0.0029585004597479643, ""adx"": 30.127796881863222, ""stoch_k"": 97.10317460317462, ""stoch_d"": 93.82160110420995, ""mss"": 0.0, ""sfp"": 0.0, ""vr"": 1.1313249444987752, ""hurst"": 0.327088242890778, ""atr14"": 0.005341494095681861, ""vol_sma20"": 3222.745000000004, ""vol_ratio"": 1.439058938885948, ""atr_pct"": 0.0015897303856196017}"
اتجاهي,dir,directional,TONUSDT,صاعد,Bollinger,1,84653,84655,2025-02-28T18:53:00+00:00,2025-02-28T18:55:00+00:00,2,-0.005290809190808995,-0.1058161838161799,20.0,وقف,0,False,True,,False,3.3650092,3.364,0.0003,3.3549141724,1,baseline,0,"{""close"": 3.363, ""rsi"": 67.16330614194749, ""rsi7"": 73.06889143607566, ""macd"": 3.928725119421977e-05, ""adx"": 34.47928276504174, ""stoch_k"": 64.09090909090924, ""stoch_d"": 47.424242424242415, ""mss"": 0.0, ""sfp"": 0.0, ""vr"": 1.1468167645584495, ""hurst"": 0.3663477467310964, ""atr14"": 0.005441492390972708, ""vol_sma20"": 4371.284000000004, ""vol_ratio"": 6.796792429867281, ""atr_pct"": 0.0016180470981185574, ""retest_entry"": true}"
اتجاهي,dir,directional,TONUSDT,صاعد,Stochastic,1,84661,84671,2025-02-28T19:01:00+00:00,2025-02-28T19:11:00+00:00,10,-0.005290809190809106,-0.10581618381618212,20.0,وقف,0,False,True,,False,3.3560124,3.354,0.0006,3.3459443628,1,baseline,0,"{""close"": 3.353, ""rsi"": 51.99391675665802, ""rsi7"": 49.693203331143806, ""macd"": -0.001810468718151062, ""adx"": 26.185719068859022, ""stoch_k"": 13.333333333333181, ""stoch_d"": 7.555555555555311, ""mss"": 0.0, ""sfp"": 0.0, ""vr"": 1.2196512331367708, ""hurst"": 0.31711779577998556, ""atr14"": 0.005872067924729308, ""vol_sma20"": 5602.393000000005, ""vol_ratio"": 0.085170747571618, ""atr_pct"": 0.0017512877795196264, ""retest_entry"": true}"
اتجاهي,dir,directional,TONUSDT,صاعد,EMA,1,84676,84677,2025-02-28T19:16:00+00:00,2025-02-28T19:17:00+00:00,1,-0.002894744384301047,-0.05789488768602094,20.0,زمني,0,False,True,,False,3.3500047,3.349,0.0003,3.348,1,baseline,0,"{""close"": 3.348, ""rsi"": 48.56387488880424, ""rsi7"": 50.6964619234996, ""macd"": -0.0006277008801801836, ""adx"": 15.235730646798665, ""stoch_k"": 19.047619047618834, ""stoch_d"": 13.858363858364044, ""mss"": 0.0, ""sfp"": 0.0, ""vr"": 0.954319619176983, ""hurst"": 0.33041348175639995, ""atr14"": 0.004603836792539378, ""vol_sma20"": 1359.6225000000036, ""vol_ratio"": 0.32563450516595516, ""atr_pct"": 0.0013751005951431834, ""retest_entry"": true}"
اتجاهي,dir,directional,TONUSDT,صاعد,MACD,1,84679,84686,2025-02-28T19:19:00+00:00,2025-02-28T19:26:00+00:00,7,-0.005290809190809106,-0.10581618381618212,20.0,وقف,0,False,True,,False,3.3520053,3.351,0.0003,3.3419492841,1,baseline,0,"{""close"": 3.351, ""rsi"": 53.183148237154334, ""rsi7"": 59.97422908546404, ""macd"": 6.336364861980065e-05, ""adx"": 13.44244292721213, ""stoch_k"": 48.48484848484808, ""stoch_d"": 37.59018759018735, ""mss"": 0.0, ""sfp"": 0.0, ""vr"": 0.9171871086946474, ""hurst"": 0.345240187252654, ""atr14"": 0.004422241047087811, ""vol_sma20"": 1253.4005000000036, ""vol_ratio"": 0.6117198772459383, ""atr_pct"": 0.0013196780206170726, ""retest_entry"": true}"
اتجاهي,dir,directional,TONUSDT,صاعد,KAMA,1,84689,84694,2025-02-28T19:29:00+00:00,2025-02-28T19:34:00+00:00,5,-0.001810099872054208,-0.03620199744108416,20.0,قفل-ربح,0,False,True,,False,3.3450032,3.344,0.0003,3.346637987930103,1,baseline,0,"{""close"": 3.345, ""rsi"": 47.20241481998645, ""rsi7"": 50.26226348178504, ""macd"": -0.0002752396971660671, ""adx"": 11.463349850818016, ""stoch_k"": 18.181818181818144, ""stoch_d"": 10.303030303030075, ""mss"": 0.0, ""sfp"": 0.0, ""vr"": 0.7574289909865863, ""hurst"": 0.3885964316815277, ""atr14"": 0.0036328585915149686, ""vol_sma20"": 888.9145000000037, ""vol_ratio"": 0.4842535474446622, ""atr_pct"": 0.0010860563801240563, ""retest_entry"": true}"
اتجاهي,dir,directional,TONUSDT,صاعد,FVG,1,84706,84721,2025-02-28T19:46:00+00:00,2025-02-28T20:01:00+00:00,15,-0.005290809190809106,-0.10581618381618212,20.0,وقف,0,False,True,,False,3.3410019999999996,3.34,0.0003,3.3309789939999996,1,baseline,0,"{""close"": 3.34, ""rsi"": 46.43907926757114, ""rsi7"": 49.58733594736426, ""macd"": -9.329568662645466e-05, ""adx"": 19.43408277657694, ""stoch_k"": 44.444444444444805, ""stoch_d"": 33.95061728395127, ""mss"": 0.0, ""sfp"": 0.0, ""vr"": 0.8183405125552805, ""hurst"": 0.4009554039397621, ""atr14"": 0.0038529614884452138, ""vol_sma20"": 3607.3200000000033, ""vol_ratio"": 0.1966030183072196, ""atr_pct"": 0.001153581283965633, ""retest_entry"": true}"
اتجاهي,dir,directional,TONUSDT,صاعد,MACD,1,84724,84731,2025-02-28T20:04:00+00:00,2025-02-28T20:11:00+00:00,7,-0.0019994969992446817,-0.039989939984893634,20.0,قفل-ربح,0,False,True,,False,3.3400016999999997,3.339,0.0003,3.341,1,baseline,0,"{""close"": 3.337, ""rsi"": 50.32374224373132, ""rsi7"": 57.969855142825544, ""macd"": 0.00029497610484454295, ""adx"": 29.83274806634796, ""stoch_k"": 31.46853146853176, ""stoch_d"": 21.315721315721998, ""mss"": 0.0, ""sfp"": 0.0, ""vr"": 0.7462686188292609, ""hurst"": 0.2994054032122358, ""atr14"": 0.0033739973154865853, ""vol_sma20"": 1100.9470000000038, ""vol_ratio"": 1.253184758212698, ""atr_pct"": 0.0010110869989471338, ""retest_entry"": true}"
اتجاهي,dir,directional,TONUSDT,صاعد,RSI,1,84745,84754,2025-02-28T20:25:00+00:00,2025-02-28T20:34:00+00:00,9,-0.001377593897550838,-0.02755187795101676,20.0,تتبع,0,False,True,,False,3.3159945,3.315,0.0003,3.319052601,1,baseline,0,"{""close"": 3.314, ""rsi"": 32.44948149452799, ""rsi7"": 30.288067052720507, ""macd"": -0.0018576960177526629, ""adx"": 39.45765992943413, ""stoch_k"": 8.222643896267845, ""stoch_d"": 5.5247108799710105, ""mss"": 0.0, ""sfp"": 0.0, ""vr"": 1.019711964688132, ""hurst"": 0.16150991543380316, ""atr14"": 0.004340772529295476, ""vol_sma20"": 1890.1155000000035, ""vol_ratio"": 0.23793254962461247, ""atr_pct"": 0.0013098287656292927, ""retest_entry"": true}"
اتجاهي,dir,directional,TONUSDT,صاعد,Bollinger,1,84758,84761,2025-02-28T20:38:00+00:00,2025-02-28T20:41:00+00:00,3,-0.001782684548626753,-0.03565369097253506,20.0,قفل-ربح,0,False,True,,False,3.3259975,3.325,0.0003,3.3277143926540766,1,baseline,0,"{""close"": 3.326, ""rsi"": 53.50496060683388, ""rsi7"": 64.54884751606552, ""macd"": 0.0013892736931879726, ""adx"": 27.521616598845554, ""stoch_k"": 88.51540616246513, ""stoch_d"": 81.09243697479013, ""mss"": 0.0, ""sfp"": 0.0, ""vr"": 0.9365169214692894, ""hurst"": 0.20914324599005196, ""atr14"": 0.0038153198768585855, ""vol_sma20"": 1880.0950000000037, ""vol_ratio"": 0.5666362604017339, ""atr_pct"": 0.0011471196262352933, ""retest_entry"": true}"
اتجاهي,dir,directional,TONUSDT,صاعد,OBV,1,84765,84766,2025-02-28T20:45:00+00:00,2025-02-28T20:46:00+00:00,1,-0.0028962638800334155,-0.05792527760066831,20.0,زمني,0,False,True,,False,3.3329996,3.332,0.0003,3.331,1,baseline,0,"{""close"": 3.332, ""rsi"": 60.722475298228844, ""rsi7"": 71.46158392890901, ""macd"": 0.0014903683230885014, ""adx"": 22.7589461038754, ""stoch_k"": 94.44444444444514, ""stoch_d"": 88.88888888888947, ""mss"": 0.0, ""sfp"": 0.0, ""vr"": 0.8647912395252856, ""hurst"": 0.23945944791713278, ""atr14"": 0.0033962783094042513, ""vol_sma20"": 1313.1995000000036, ""vol_ratio"": 0.6181391327060343, ""atr_pct"": 0.0010192912093049975, ""retest_entry"": true}"
اتجاهي,dir,directional,TONUSDT,صاعد,FVG,1,84775,84776,2025-02-28T20:55:00+00:00,2025-02-28T20:56:00+00:00,1,-0.0031945284195252117,-0.06389056839050423,20.0,زمني,0,False,True,,False,3.3390014,3.338,0.0003,3.336,1,baseline,0,"{""close"": 3.337, ""rsi"": 63.240570371066795, ""rsi7"": 70.0519917163338, ""macd"": 0.0006369812453508534, ""adx"": 23.682934719827685, ""stoch_k"": 76.29629629629704, ""stoch_d"": 65.18518518518609, ""mss"": 0.0, ""sfp"": 0.0, ""vr"": 0.9884394937202184, ""hurst"": 0.3840147418887451, ""atr14"": 0.003735265969896231, ""vol_sma20"": 1009.4445000000038, ""vol_ratio"": 1.7808408486053402, ""atr_pct"": 0.0011193485076104977, ""retest_entry"": true}"
اتجاهي,dir,directional,TONUSDT,صاعد,FVG,1,84787,84794,2025-02-28T21:07:00+00:00,2025-02-28T21:14:00+00:00,7,-0.00045075204901047,-0.0090150409802094,20.0,تتبع,0,False,True,,False,3.3380011,3.337,0.0003,3.3441804202,1,baseline,0,"{""close"": 3.337, ""rsi"": 58.611188618898, ""rsi7"": 62.797665258769065, ""macd"": -0.0002409325394636527, ""adx"": 22.581253837532202, ""stoch_k"": 40.59829059829112, ""stoch_d"": 33.40455840455821, ""mss"": 0.0, ""sfp"": 0.0, ""vr"": 0.9301086916717685, ""hurst"": 0.4810424311854894, ""atr14"": 0.0034480680247739224, ""vol_sma20"": 1146.7135000000037, ""vol_ratio"": 0.2528704859583489, ""atr_pct"": 0.0010332837952573934, ""retest_entry"": true}"
اتجاهي,dir,directional,TONUSDT,صاعد,MicroBurst,1,84810,84811,2025-02-28T21:30:00+00:00,2025-02-28T21:31:00+00:00,1,-0.005290809190809106,-0.10581618381618212,20.0,وقف,0,False,True,,False,3.3410019999999996,3.34,0.0003,3.3309789939999996,1,baseline,0,"{""close"": 3.34, ""rsi"": 49.09245395586837, ""rsi7"": 44.36717365776553, ""macd"": -0.0010608719474839887, ""adx"": 23.506792324579973, ""stoch_k"": 28.205128205127853, ""stoch_d"": 19.658119658120178, ""mss"": 0.0, ""sfp"": 0.0, ""vr"": 0.7904256785226526, ""hurst"": 0.5117064344558311, ""atr14"": 0.0028180198014728084, ""vol_sma20"": 1093.7635000000034, ""vol_ratio"": 1.532918222266509, ""atr_pct"": 0.0008437185034349727, ""retest_entry"": true}"
اتجاهي,dir,directional,TONUSDT,صاعد,MicroBurst,1,84814,84815,2025-02-28T21:34:00+00:00,2025-02-28T21:35:00+00:00,1,-0.0028958153624139894,-0.057916307248279786,20.0,زمني,0,False,True,,False,3.3380011,3.337,0.0003,3.336,1,baseline,0,"{""close"": 3.338, ""rsi"": 48.122692431114594, ""rsi7"": 48.33396779916489, ""macd"": -0.0010279995936775452, ""adx"": 23.148127415214937, ""stoch_k"": 27.777777777778415, ""stoch_d"": 18.850902184236528, ""mss"": 0.0, ""sfp"": 0.0, ""vr"": 0.9327095508491459, ""hurst"": 0.4632873443342441, ""atr14"": 0.0033049370978203187, ""vol_sma20"": 1084.4340000000036, ""vol_ratio"": 1.9389746171735607, ""atr_pct"": 0.000990094996351204, ""retest_entry"": true}"
اتجاهي,dir,directional,TONUSDT,صاعد,EMA,1,84819,84820,2025-02-28T21:39:00+00:00,2025-02-28T21:40:00+00:00,1,-0.0028958153624139894,-0.057916307248279786,20.0,زمني,0,False,True,,False,3.3380011,3.337,0.0003,3.336,1,baseline,0,"{""close"": 3.338, ""rsi"": 49.556590919000094, ""rsi7"": 52.239618816995396, ""macd"": -0.0003720209137699984, ""adx"": 25.626878641460152, ""stoch_k"": 49.333999334, ""stoch_d"": 41.28845011198019, ""mss"": 0.0, ""sfp"": 0.0, ""vr"": 0.9483702095383316, ""hurst"": 0.4369414490897455, ""atr14"": 0.003351968320233062, ""vol_sma20"": 964.3915000000037, ""vol_ratio"": 1.922175796862574, ""atr_pct"": 0.0010041846375773104, ""retest_entry"": true}"
اتجاهي,dir,directional,TONUSDT,صاعد,MACD,1,84824,84829,2025-02-28T21:44:00+00:00,2025-02-28T21:49:00+00:00,5,-0.00026802764927604704,-0.005360552985520941,20.0,تتبع,0,False,True,,False,3.3410019999999996,3.34,0.0003,3.3477987639999998,1,baseline,0,"{""close"": 3.341, ""rsi"": 55.211349182707295, ""rsi7"": 62.63411163502465, ""macd"": 0.00019737003425398256, ""adx"": 25.981757914739635, ""stoch_k"": 63.636363636362745, ""stoch_d"": 52.52525252525127, ""mss"": 0.0, ""sfp"": 0.0, ""vr"": 0.9060766618942947, ""hurst"": 0.42460573830905585, ""atr14"": 0.0032007373667301735, ""vol_sma20"": 807.2590000000035, ""vol_ratio"": 0.5663114316470897, ""atr_pct"": 0.000958017769150007, ""retest_entry"": true}"
اتجاهي,dir,directional,TONUSDT,صاعد,Bollinger,1,84839,84841,2025-02-28T21:59:00+00:00,2025-02-28T22:01:00+00:00,2,-0.0019996758693708516,-0.039993517387417035,20.0,قفل-ربح,0,False,True,,False,3.3410019999999996,3.34,0.0003,3.342,1,baseline,0,"{""close"": 3.341, ""rsi"": 49.87165103530707, ""rsi7"": 46.45340896605101, ""macd"": -0.0004255419791559783, ""adx"": 18.903446602400766, ""stoch_k"": 20.673076923078927, ""stoch_d"": 26.655982905984107, ""mss"": 0.0, ""sfp"": 0.0, ""vr"": 0.8315783274604, ""hurst"": 0.3501974208144508, ""atr14"": 0.002894969268836317, ""vol_sma20"": 997.6315000000035, ""vol_ratio"": 0.013692430521690576, ""atr_pct"": 0.0008664978356289486, ""retest_entry"": true}"
اتجاهي,dir,directional,TONUSDT,صاعد,FVG,1,84844,84845,2025-02-28T22:04:00+00:00,2025-02-28T22:05:00+00:00,1,-0.0031930995965753677,-0.06386199193150735,20.0,زمني,0,False,True,,False,3.3470038,3.346,0.0003,3.344,1,baseline,0,"{""close"": 3.346, ""rsi"": 59.19840931004054, ""rsi7"": 67.33731027611393, ""macd"": 0.00027086645461894235, ""adx"": 19.72930100507153, ""stoch_k"": 61.771561771561075, ""stoch_d"": 45.249195249195246, ""mss"": 0.0, ""sfp"": 0.0, ""vr"": 0.9060732543550444, ""hurst"": 0.33749419300705524, ""atr14"": 0.0030946105505407348, ""vol_sma20"": 1364.3665000000037, ""vol_ratio"": 0.13887031087321441, ""atr_pct"": 0.0009248686642381156, ""retest_entry"": true}"
اتجاهي,dir,directional,TONUSDT,صاعد,FVG,1,84854,84855,2025-02-28T22:14:00+00:00,2025-02-28T22:15:00+00:00,1,-0.004990930005684661,-0.09981860011369323,20.0,زمني,0,False,True,,False,3.3339999000000002,3.333,0.0003,3.325,1,baseline,0,"{""close"": 3.334, ""rsi"": 39.26372526921876, ""rsi7"": 35.16216924736584, ""macd"": -0.0012353534844349889, ""adx"": 18.237297722295274, ""stoch_k"": 21.05263157894704, ""stoch_d"": 15.470494417862364, ""mss"": 0.0, ""sfp"": 0.0, ""vr"": 0.9461412752080706, ""hurst"": 0.2879422957037368, ""atr14"": 0.003132272381679408, ""vol_sma20"": 2330.258000000004, ""vol_ratio"": 0.3713837695225157, ""atr_pct"": 0.0009394938157406742, ""retest_entry"": true}"
اتجاهي,dir,directional,TONUSDT,صاعد,Bollinger,1,84859,84863,2025-02-28T22:19:00+00:00,2025-02-28T22:23:00+00:00,4,-0.005290809190809106,-0.10581618381618212,20.0,وقف,0,False,True,,False,3.3370007999999998,3.336,0.0003,3.3269897975999996,1,baseline,0,"{""close"": 3.335, ""rsi"": 47.96529053150877, ""rsi7"": 53.80228784023408, ""macd"": -0.0007131094829375185, ""adx"": 21.030790385935717, ""stoch_k"": 29.166666666667208, ""stoch_d"": 18.88401559454268, ""mss"": 0.0, ""sfp"": 0.0, ""vr"": 1.1700519949955426, ""hurst"": 0.30315443132834363, ""atr14"": 0.003857585026720473, ""vol_sma20"": 2539.818000000004, ""vol_ratio"": 0.5336524113145108, ""atr_pct"": 0.0011566971594364236, ""retest_entry"": true}"
اتجاهي,dir,directional,TONUSDT,صاعد,Bollinger,1,84868,84869,2025-02-28T22:28:00+00:00,2025-02-28T22:29:00+00:00,1,-0.0034965652021965027,-0.06993130404393005,20.0,زمني,0,False,True,,False,3.3269978,3.326,0.0003,3.323,1,baseline,0,"{""close"": 3.327, ""rsi"": 42.49448916354106, ""rsi7"": 45.53605009428023, ""macd"": -0.0004710807512763892, ""adx"": 22.67000471490833, ""stoch_k"": 18.095238095238038, ""stoch_d"": 9.947089947090282, ""mss"": 0.0, ""sfp"": 0.0, ""vr"": 1.0835887528055521, ""hurst"": 0.2969570417931186, ""atr14"": 0.0035780292025862116, ""vol_sma20"": 2443.4410000000034, ""vol_ratio"": 0.09019247855790244, ""atr_pct"": 0.0010754521198034902, ""retest_entry"": true}"
اتجاهي,dir,directional,TONUSDT,صاعد,Bollinger,1,84876,84887,2025-02-28T22:36:00+00:00,2025-02-28T22:47:00+00:00,11,-0.0004403479016473151,-0.008806958032946302,20.0,تتبع,0,False,True,,False,3.3209959999999996,3.32,0.0003,3.327178472,1,baseline,0,"{""close"": 3.32, ""rsi"": 41.240444772705565, ""rsi7"": 45.3288477315319, ""macd"": -0.0003816872384482849, ""adx"": 23.447382556697434, ""stoch_k"": 21.158645276291747, ""stoch_d"": 12.82168086089633, ""mss"": 0.0, ""sfp"": 0.0, ""vr"": 1.1989273842498238, ""hurst"": 0.3525029522238462, ""atr14"": 0.00397067390719608, ""vol_sma20"": 1124.0640000000037, ""vol_ratio"": 0.5930801093176169, ""atr_pct"": 0.0011959861166253253, ""retest_entry"": true}"
اتجاهي,dir,directional,TONUSDT,صاعد,FVG,1,84897,84898,2025-02-28T22:57:00+00:00,2025-02-28T22:58:00+00:00,1,-0.0034957544704618984,-0.06991508940923796,20.0,زمني,0,False,True,,False,3.3299987,3.329,0.0003,3.326,1,baseline,0,"{""close"": 3.328, ""rsi"": 53.82598501083752, ""rsi7"": 60.701525168473985, ""macd"": 8.146456776731743e-05, ""adx"": 13.37433524428427, ""stoch_k"": 33.333333333333414, ""stoch_d"": 22.83950617284023, ""mss"": 0.0, ""sfp"": 0.0, ""vr"": 0.7631382974570955, ""hurst"": 0.34889384448121163, ""atr14"": 0.002452583815899149, ""vol_sma20"": 885.7915000000037, ""vol_ratio"": 1.1145173553821592, ""atr_pct"": 0.0007369542716043116, ""retest_entry"": true}"
اتجاهي,dir,directional,TONUSDT,صاعد,Bollinger,1,84902,84903,2025-02-28T23:02:00+00:00,2025-02-28T23:03:00+00:00,1,-0.004092728674813957,-0.08185457349627914,20.0,زمني,0,False,True,,False,3.3350002,3.334,0.0003,3.329,1,baseline,0,"{""close"": 3.334, ""rsi"": 62.29980541697074, ""rsi7"": 71.51033044056709, ""macd"": 0.0007570104980819122, ""adx"": 13.156361842451174, ""stoch_k"": 81.48148148148174, ""stoch_d"": 70.37037037037072, ""mss"": 0.0, ""sfp"": 0.0, ""vr"": 0.8629020247284914, ""hurst"": 0.3507451572389605, ""atr14"": 0.002750388979957457, ""vol_sma20"": 424.7600000000037, ""vol_ratio"": 2.4448629814483263, ""atr_pct"": 0.0008249517036465078, ""retest_entry"": true}"
اتجاهي,dir,directional,TONUSDT,صاعد,MicroBurst,1,84915,84916,2025-02-28T23:15:00+00:00,2025-02-28T23:16:00+00:00,1,-0.0022970425602491205,-0.04594085120498241,20.0,زمني,0,False,True,,False,3.3269978,3.326,0.0003,3.327,1,baseline,0,"{""close"": 3.326, ""rsi"": 49.15296732380304, ""rsi7"": 49.987631961293246, ""macd"": -0.0004525007988129603, ""adx"": 11.47747976951649, ""stoch_k"": 25.641025641024232, ""stoch_d"": 21.367521367520492, ""mss"": 0.0, ""sfp"": 0.0, ""vr"": 1.0114403200258137, ""hurst"": 0.35582435525627476, ""atr14"": 0.003242018114888855, ""vol_sma20"": 524.3310000000037, ""vol_ratio"": 1.9406443639609194, ""atr_pct"": 0.0009747498842119228, ""retest_entry"": true}"
اتجاهي,dir,directional,TONUSDT,هابط,FVG,-1,99377,99380,2025-03-11T00:17:00+00:00,2025-03-11T00:20:00+00:00,3,-0.0014066435250044023,-0.028132870500088045,20.0,قفل-ربح,0,False,True,,False,2.5142455000000004,2.515,0.0003,2.512,1,baseline,0,"{""close"": 2.516, ""rsi"": 33.604056272267385, ""rsi7"": 23.224318162882184, ""macd"": -0.0019412362077774678, ""adx"": 28.838916654179645, ""stoch_k"": 10.609567901234547, ""stoch_d"": 13.093337590464325, ""mss"": 0.0, ""sfp"": 0.0, ""vr"": 1.1892464906478837, ""hurst"": 0.3237164447303792, ""atr14"": 0.005398598643076262, ""vol_sma20"": 4377.359, ""vol_ratio"": 2.3727754566166492, ""atr_pct"": 0.0021457069328601995, ""retest_entry"": true}"
اتجاهي,dir,directional,TONUSDT,هابط,FVG,-1,99383,99385,2025-03-11T00:23:00+00:00,2025-03-11T00:25:00+00:00,2,0.0012282178318388406,0.024564356636776814,20.0,تتبع,0,True,True,,False,2.4975006,2.499,0.0006,2.4879212292,1,baseline,0,"{""close"": 2.499, ""rsi"": 26.05169900473865, ""rsi7"": 16.7476309726504, ""macd"": -0.002428683345014419, ""adx"": 38.01327031846077, ""stoch_k"": 7.420634920635028, ""stoch_d"": 10.517265385686377, ""mss"": 0.0, ""sfp"": 0.0, ""vr"": 1.2624893715670458, ""hurst"": 0.37440430811840225, ""atr14"": 0.0057963881861761764, ""vol_sma20"": 8346.1655, ""vol_ratio"": 5.629691862688321, ""atr_pct"": 0.0023194830676975496, ""retest_entry"": true}"
اتجاهي,dir,directional,TONUSDT,هابط,MicroBurst,-1,99390,99390,2025-03-11T00:30:00+00:00,2025-03-11T00:30:00+00:00,0,-0.006487902027355095,-0.1297580405471019,20.0,وقف,0,False,True,,False,2.4627814999999997,2.465,0.0009,2.471650548213475,1,baseline,0,"{""close"": 2.464, ""rsi"": 19.705809443448373, ""rsi7"": 13.747678663050408, ""macd"": -0.003527213981266448, ""adx"": 48.7509251779717, ""stoch_k"": 5.391903531438416, ""stoch_d"": 14.574293468545319, ""mss"": 0.0, ""sfp"": 0.0, ""vr"": 1.6266572752877453, ""hurst"": 0.41738607261605315, ""atr14"": 0.007716031578258449, ""vol_sma20"": 12542.164999999999, ""vol_ratio"": 2.768843337653428, ""atr_pct"": 0.0031315063223451498, ""retest_entry"": true}"
اتجاهي,dir,directional,TONUSDT,هابط,FVG,-1,99396,99396,2025-03-11T00:36:00+00:00,2025-03-11T00:36:00+00:00,0,-0.00796535537192647,-0.15930710743852938,20.0,وقف,0,False,True,,False,2.4268139,2.429,0.0009,2.439149342601108,1,baseline,0,"{""close"": 2.428, ""rsi"": 18.170676095382106, ""rsi7"": 13.60972171038847, ""macd"": -0.005171244501958185, ""adx"": 55.77733942965813, ""stoch_k"": 5.561953697141708, ""stoch_d"": 8.32680096500103, ""mss"": 0.0, ""sfp"": 0.0, ""vr"": 2.1296938225117157, ""hurst"": 0.4622863187113897, ""atr14"": 0.010731714366758035, ""vol_sma20"": 20004.500500000002, ""vol_ratio"": 2.9029972530431336, ""atr_pct"": 0.00441998120541929, ""retest_entry"": true}"
اتجاهي,dir,directional,TONUSDT,هابط,MACD,-1,99412,99412,2025-03-11T00:52:00+00:00,2025-03-11T00:52:00+00:00,0,-0.010311523548948672,-0.20623047097897346,20.0,وقف,0,False,True,,False,2.3578759999999996,2.36,0.0009,2.3754090796447254,1,baseline,0,"{""close"": 2.36, ""rsi"": 20.67767303480855, ""rsi7"": 15.700687893735733, ""macd"": -0.002368006040562136, ""adx"": 58.14983865345875, ""stoch_k"": 1.3888888888889526, ""stoch_d"": 10.648148148148152, ""mss"": 0.0, ""sfp"": 0.0, ""vr"": 2.3910685005969388, ""hurst"": 0.5709918296488442, ""atr14"": 0.015259890113907815, ""vol_sma20"": 36790.24, ""vol_ratio"": 4.3814275199074535, ""atr_pct"": 0.0064660551330117865, ""retest_entry"": true}"
اتجاهي,dir,directional,TONUSDT,هابط,FVG,-1,138558,138558,2025-04-07T05:18:00+00:00,2025-04-07T05:18:00+00:00,0,-0.0059486169415781205,-0.11897233883156241,20.0,وقف,0,False,True,,False,2.9651102000000003,2.966,0.0003,2.9759604949976333,1,baseline,0,"{""close"": 2.967, ""rsi"": 55.44488066496607, ""rsi7"": 51.059990764824626, ""macd"": 0.00016257537193102405, ""adx"": 34.667700389316586, ""stoch_k"": 72.22222222222233, ""stoch_d"": 74.38271604938267, ""mss"": 0.0, ""sfp"": 0.0, ""vr"": 1.1221765890424062, ""hurst"": 0.17530863557024937, ""atr14"": 0.00944105250924317, ""vol_sma20"": 6441.087999999994, ""vol_ratio"": 0.6589212878321185, ""atr_pct"": 0.0031820197200010687, ""retest_entry"": true}"
اتجاهي,dir,directional,TONUSDT,هابط,FVG,-1,138563,138565,2025-04-07T05:23:00+00:00,2025-04-07T05:25:00+00:00,2,-0.006023100014832658,-0.12046200029665316,20.0,وقف,0,False,True,,False,2.9711084,2.972,0.0003,2.982202451277819,1,baseline,0,"{""close"": 2.972, ""rsi"": 54.352298449513825, ""rsi7"": 48.6265342101289, ""macd"": -0.00024612274581251557, ""adx"": 35.2583204990639, ""stoch_k"": 72.72727272727302, ""stoch_d"": 83.44556677890036, ""mss"": 0.0, ""sfp"": 0.0, ""vr"": 1.1347905868821349, ""hurst"": 0.1713283276940644, ""atr14"": 0.00964989607997123, ""vol_sma20"": 6703.257499999994, ""vol_ratio"": 0.4684036082456929, ""atr_pct"": 0.0032469367698422717, ""retest_entry"": true}"
اتجاهي,dir,directional,TONUSDT,هابط,Stochastic,-1,138575,138577,2025-04-07T05:35:00+00:00,2025-04-07T05:37:00+00:00,2,-0.0009330018827723243,-0.018660037655446486,20.0,قفل-ربح,0,False,True,,False,3.0000997,3.001,0.0003,2.995996033691072,1,baseline,0,"{""close"": 3.0, ""rsi"": 64.68060825677826, ""rsi7"": 70.62510032923612, ""macd"": 0.0011256265741462334, ""adx"": 34.238552132238674, ""stoch_k"": 92.91251384274686, ""stoch_d"": 94.96434648731893, ""mss"": 0.0, ""sfp"": -1.0, ""vr"": 1.0599996829825173, ""hurst"": 0.15317565189585644, ""atr14"": 0.00911895541099879, ""vol_sma20"": 14033.797999999995, ""vol_ratio"": 1.707806397099346, ""atr_pct"": 0.0030396518036662633, ""retest_entry"": true}"
اتجاهي,dir,directional,TONUSDT,هابط,Stochastic,-1,138582,138583,2025-04-07T05:42:00+00:00,2025-04-07T05:43:00+00:00,1,-0.00562219066022975,-0.11244381320459501,20.0,وقف,0,False,True,,False,3.0040985,3.005,0.0003,3.014108590711565,1,baseline,0,"{""close"": 3.006, ""rsi"": 64.4417764094817, ""rsi7"": 68.780976066601, ""macd"": -2.1427735471483272e-05, ""adx"": 34.233365951759474, ""stoch_k"": 83.27272727272772, ""stoch_d"": 84.12533498247835, ""mss"": 0.0, ""sfp"": 0.0, ""vr"": 1.0052943736483861, ""hurst"": 0.18232220043085845, ""atr14"": 0.008709936334431118, ""vol_sma20"": 17508.494499999993, ""vol_ratio"": 0.2672953976711134, ""atr_pct"": 0.0028975170773223946, ""retest_entry"": true}"
اتجاهي,dir,directional,TONUSDT,هابط,RSI,-1,138586,138586,2025-04-07T05:46:00+00:00,2025-04-07T05:46:00+00:00,0,-0.005440960171540369,-0.10881920343080737,20.0,وقف,0,False,True,,False,3.0130958,3.014,0.0003,3.0225885486082675,1,baseline,0,"{""close"": 3.014, ""rsi"": 68.01619993992168, ""rsi7"": 74.83842271552805, ""macd"": 0.0004781772175796867, ""adx"": 36.9322060717608, ""stoch_k"": 83.61391694725101, ""stoch_d"": 86.95955725840837, ""mss"": 0.0, ""sfp"": 0.0, ""vr"": 0.9504125714319865, ""hurst"": 0.180086003977644, ""atr14"": 0.008257041119525388, ""vol_sma20"": 13884.440999999995, ""vol_ratio"": 0.9602309520419299, ""atr_pct"": 0.002739562415237355, ""retest_entry"": true}"
اتجاهي,dir,directional,TONUSDT,هابط,FVG,-1,138589,138590,2025-04-07T05:49:00+00:00,2025-04-07T05:50:00+00:00,1,-0.0032613302269405777,-0.06522660453881156,20.0,زمني,0,False,True,,False,3.0040985,3.005,0.0003,3.007,1,baseline,0,"{""close"": 3.005, ""rsi"": 56.35663403141528, ""rsi7"": 45.85748151715292, ""macd"": -0.000825484991840264, ""adx"": 36.46755296135089, ""stoch_k"": 60.18518518518538, ""stoch_d"": 69.41638608305301, ""mss"": 0.0, ""sfp"": 0.0, ""vr"": 0.9634792362200696, ""hurst"": 0.17481833331734695, ""atr14"": 0.00838546623163167, ""vol_sma20"": 12897.482499999995, ""vol_ratio"": 0.6070773889400511, ""atr_pct"": 0.0027905045695945656, ""retest_entry"": true}"
اتجاهي,dir,directional,TONUSDT,هابط,Bollinger,-1,138596,138600,2025-04-07T05:56:00+00:00,2025-04-07T06:00:00+00:00,4,-0.005290809190809106,-0.10581618381618212,20.0,وقف,0,False,True,,False,3.0080973,3.009,0.0003,3.0171215919,1,baseline,0,"{""close"": 3.009, ""rsi"": 57.68542666445694, ""rsi7"": 52.32758198639216, ""macd"": -0.001479512906253943, ""adx"": 33.963055789173424, ""stoch_k"": 30.830039525691813, ""stoch_d"": 35.349143610013265, ""mss"": 0.0, ""sfp"": 0.0, ""vr"": 0.8397146296718592, ""hurst"": 0.14896216794955375, ""atr14"": 0.007273920544264063, ""vol_sma20"": 10005.221499999994, ""vol_ratio"": 0.12477484881269253, ""atr_pct"": 0.0024173880173692466, ""retest_entry"": true}"
اتجاهي,dir,directional,TONUSDT,هابط,MicroBurst,-1,138606,138606,2025-04-07T06:06:00+00:00,2025-04-07T06:06:00+00:00,0,-0.005737005115113404,-0.11474010230226808,20.0,وقف,0,False,True,,False,3.039088,3.04,0.0003,3.049564415604968,1,baseline,0,"{""close"": 3.041, ""rsi"": 69.00530444826947, ""rsi7"": 69.47816553276566, ""macd"": 0.0028353490593146444, ""adx"": 41.79555225233276, ""stoch_k"": 81.09602815485182, ""stoch_d"": 88.66074263713595, ""mss"": 0.0, ""sfp"": 0.0, ""vr"": 1.059994664553081, ""hurst"": 0.11160387383969202, ""atr14"": 0.009115657996800374, ""vol_sma20"": 9113.870999999994, ""vol_ratio"": 1.8623645210690398, ""atr_pct"": 0.002997585661558821, ""retest_entry"": true}"
اتجاهي,dir,directional,TONUSDT,هابط,Stochastic,-1,138610,138625,2025-04-07T06:10:00+00:00,2025-04-07T06:25:00+00:00,15,0.014739537640301788,0.2947907528060357,20.0,حصد-اعادة,0,True,True,,False,3.0500847,3.051,0.0003,2.998,1,baseline,0,"{""close"": 3.052, ""rsi"": 65.52381036556321, ""rsi7"": 62.33598839199908, ""macd"": 0.0026429183533780397, ""adx"": 45.33770820192853, ""stoch_k"": 84.8958333333337, ""stoch_d"": 87.30596405228772, ""mss"": 0.0, ""sfp"": 0.0, ""vr"": 1.1809094595704237, ""hurst"": 0.11574064538810123, ""atr14"": 0.010239595690509576, ""vol_sma20"": 11171.835999999994, ""vol_ratio"": 0.8531793699800109, ""atr_pct"": 0.003355044459537869, ""retest_entry"": true}"
اتجاهي,dir,directional,TONUSDT,هابط,MicroBurst,-1,138625,138627,2025-04-07T06:25:00+00:00,2025-04-07T06:27:00+00:00,2,0.002564879725477385,0.10259518901909541,40.0,تتبع,0,True,True,,False,2.9971006000000004,2.998,0.0003,2.9815884292000003,2,baseline,1,"{""close"": 2.999, ""rsi"": 34.90223595559658, ""rsi7"": 24.87344742347183, ""macd"": -0.005769314413991298, ""adx"": 34.09996505650588, ""stoch_k"": 4.8359847083490495, ""stoch_d"": 6.41363603442803, ""mss"": 0.0, ""sfp"": 0.0, ""vr"": 1.1863265387163344, ""hurst"": 0.2135321805779233, ""atr14"": 0.010717506370596689, ""vol_sma20"": 13699.877499999993, ""vol_ratio"": 1.7892795026816855, ""atr_pct"": 0.0035736933546504463}"
اتجاهي,dir,directional,TONUSDT,هابط,FVG,-1,142818,142819,2025-04-10T04:18:00+00:00,2025-04-10T04:19:00+00:00,1,-0.0032541151167192303,-0.06508230233438461,20.0,زمني,0,False,True,symbol_collision,True,3.0370885999999997,3.038,0.0003,3.04,1,baseline,0,"{""close"": 3.038, ""rsi"": 43.79038155565524, ""rsi7"": 37.6882068989244, ""macd"": -0.0008318184635811357, ""adx"": 20.48995940594989, ""stoch_k"": 42.10526315789502, ""stoch_d"": 47.22918407128947, ""mss"": 0.0, ""sfp"": 0.0, ""vr"": 0.8983809258977468, ""hurst"": 0.6036728778704997, ""atr14"": 0.003920373206171914, ""vol_sma20"": 3925.0624999999973, ""vol_ratio"": 0.5673259979936629, ""atr_pct"": 0.001290445426653033, ""retest_entry"": true}"
اتجاهي,dir,directional,TONUSDT,هابط,FVG,-1,142826,142839,2025-04-10T04:26:00+00:00,2025-04-10T04:39:00+00:00,13,0.0019924763302222965,0.039849526604445934,20.0,تتبع,0,True,True,symbol_collision,True,3.0310904,3.032,0.0003,3.0180565327999997,1,baseline,0,"{""close"": 3.034, ""rsi"": 40.45208581387128, ""rsi7"": 33.922612122679, ""macd"": -0.0006071703956243119, ""adx"": 24.454473011672988, ""stoch_k"": 23.310023310024942, ""stoch_d"": 37.92873792873984, ""mss"": 0.0, ""sfp"": 0.0, ""vr"": 0.9372107268147384, ""hurst"": 0.5875818347753209, ""atr14"": 0.004063746416655736, ""vol_sma20"": 3756.711999999997, ""vol_ratio"": 1.2216640509040895, ""atr_pct"": 0.0013394022467553513, ""retest_entry"": true}"
اتجاهي,dir,directional,TONUSDT,هابط,Bollinger,-1,142845,142846,2025-04-10T04:45:00+00:00,2025-04-10T04:46:00+00:00,1,-0.004245602473851595,-0.0849120494770319,20.0,زمني,0,False,True,,False,3.0260919000000004,3.027,0.0003,3.032,1,baseline,0,"{""close"": 3.027, ""rsi"": 51.172896588487916, ""rsi7"": 60.44696840658404, ""macd"": 0.0019537057941130774, ""adx"": 33.360173856373336, ""stoch_k"": 91.22807017543916, ""stoch_d"": 90.39264828738531, ""mss"": 0.0, ""sfp"": 0.0, ""vr"": 0.9087886018518947, ""hurst"": 0.4631544983870398, ""atr14"": 0.004047288234875584, ""vol_sma20"": 4415.743499999998, ""vol_ratio"": 0.4235458875725007, ""atr_pct"": 0.0013370625156510021, ""retest_entry"": true}"
اتجاهي,dir,directional,TONUSDT,هابط,KAMA,-1,142854,142862,2025-04-10T04:54:00+00:00,2025-04-10T05:02:00+00:00,8,-0.0014071661457816709,-0.028143322915633418,20.0,تتبع,0,False,True,,False,3.0340895000000003,3.035,0.0003,3.031381311,1,baseline,0,"{""close"": 3.036, ""rsi"": 57.244593875164846, ""rsi7"": 57.734234570904775, ""macd"": 0.0018221946745856877, ""adx"": 31.164159483958567, ""stoch_k"": 89.39682539682615, ""stoch_d"": 92.98412698412749, ""mss"": 0.0, ""sfp"": 0.0, ""vr"": 0.8320583446850334, ""hurst"": 0.48763991130500434, ""atr14"": 0.0037151548776575565, ""vol_sma20"": 3483.497999999997, ""vol_ratio"": 0.297967732434467, ""atr_pct"": 0.001223700552588128, ""retest_entry"": true}"
اتجاهي,dir,directional,TONUSDT,هابط,SFP,-1,142882,142883,2025-04-10T05:22:00+00:00,2025-04-10T05:23:00+00:00,1,-0.0032530355697102235,-0.06506071139420447,20.0,زمني,0,False,True,,False,3.0420871000000003,3.043,0.0003,3.045,1,baseline,0,"{""close"": 3.043, ""rsi"": 56.73083141247032, ""rsi7"": 49.25474833248917, ""macd"": 0.00018857787960312525, ""adx"": 26.83988257108186, ""stoch_k"": 64.16666666666767, ""stoch_d"": 75.8888888888895, ""mss"": 0.0, ""sfp"": 0.0, ""vr"": 0.9243030716811655, ""hurst"": 0.4802348867868448, ""atr14"": 0.0037338482451231437, ""vol_sma20"": 2878.667499999997, ""vol_ratio"": 0.8399337540719803, ""atr_pct"": 0.0012270286707601523, ""retest_entry"": true}"
اتجاهي,dir,directional,TONUSDT,هابط,FVG,-1,142890,142894,2025-04-10T05:30:00+00:00,2025-04-10T05:34:00+00:00,4,-0.0019411700446209951,-0.0388234008924199,20.0,تتبع,0,False,True,,False,3.0420871000000003,3.043,0.0003,3.041,1,baseline,0,"{""close"": 3.043, ""rsi"": 50.53785848622808, ""rsi7"": 40.5421875155866, ""macd"": -0.0005578623487375897, ""adx"": 28.59276396081245, ""stoch_k"": 48.48484848484966, ""stoch_d"": 60.89466089466118, ""mss"": 0.0, ""sfp"": 0.0, ""vr"": 0.9108743405724269, ""hurst"": 0.49299007136896783, ""atr14"": 0.003596420843155275, ""vol_sma20"": 4099.970499999998, ""vol_ratio"": 2.7831834399784112, ""atr_pct"": 0.0011818668561141225, ""retest_entry"": true}"
اتجاهي,dir,directional,TONUSDT,هابط,EMA,-1,142906,142908,2025-04-10T05:46:00+00:00,2025-04-10T05:48:00+00:00,2,-0.0018321815999987549,-0.0366436319999751,20.0,قفل-ربح,0,False,True,,False,3.0380883,3.039,0.0003,3.036670749906793,1,baseline,0,"{""close"": 3.039, ""rsi"": 46.19275113271095, ""rsi7"": 42.35516943532644, ""macd"": -0.00015368524783778594, ""adx"": 15.073846982430451, ""stoch_k"": 60.0000000000012, ""stoch_d"": 63.16239316239389, ""mss"": 0.0, ""sfp"": 0.0, ""vr"": 0.8242929450565534, ""hurst"": 0.39196800432612056, ""atr14"": 0.003151056635228196, ""vol_sma20"": 2694.652999999997, ""vol_ratio"": 0.4956556558488241, ""atr_pct"": 0.0010368728645041778, ""retest_entry"": true}"
اتجاهي,dir,directional,TONUSDT,هابط,FVG,-1,142911,142912,2025-04-10T05:51:00+00:00,2025-04-10T05:52:00+00:00,1,-0.00259710280716572,-0.0519420561433144,20.0,زمني,0,False,True,,False,3.0300907,3.031,0.0003,3.031,1,baseline,0,"{""close"": 3.032, ""rsi"": 36.00287034730254, ""rsi7"": 27.267183024992747, ""macd"": -0.0008850081117765284, ""adx"": 19.769539912674254, ""stoch_k"": 8.372183372182747, ""stoch_d"": 11.797461797461557, ""mss"": 0.0, ""sfp"": 0.0, ""vr"": 0.8467574375937598, ""hurst"": 0.40479978927890464, ""atr14"": 0.003192169317962367, ""vol_sma20"": 2052.537499999997, ""vol_ratio"": 1.834300225939845, ""atr_pct"": 0.0010528262922039468, ""retest_entry"": true}"
اتجاهي,dir,directional,TONUSDT,هابط,Bollinger,-1,142921,142922,2025-04-10T06:01:00+00:00,2025-04-10T06:02:00+00:00,1,-0.004573343793723705,-0.09146687587447411,20.0,زمني,0,False,True,,False,3.0290909999999998,3.03,0.0003,3.036,1,baseline,0,"{""close"": 3.031, ""rsi"": 38.57198081496231, ""rsi7"": 34.072555296554825, ""macd"": 5.254960081926049e-05, ""adx"": 17.67707966203829, ""stoch_k"": 28.855218855221267, ""stoch_d"": 38.98681565348398, ""mss"": 0.0, ""sfp"": 0.0, ""vr"": 0.8643691248236758, ""hurst"": 0.4142822158710659, ""atr14"": 0.003172585334352112, ""vol_sma20"": 2151.741499999997, ""vol_ratio"": 0.8370615150565264, ""atr_pct"": 0.0010467124164804064, ""retest_entry"": true}"
اتجاهي,dir,directional,TONUSDT,هابط,FVG,-1,142934,142935,2025-04-10T06:14:00+00:00,2025-04-10T06:15:00+00:00,1,-0.00226838024517231,-0.0453676049034462,20.0,زمني,0,False,True,,False,3.0350892000000003,3.036,0.0003,3.035,1,baseline,0,"{""close"": 3.035, ""rsi"": 49.32186864223469, ""rsi7"": 48.90233631916449, ""macd"": 0.0005335743994636671, ""adx"": 19.570881059157397, ""stoch_k"": 58.333333333334565, ""stoch_d"": 71.66666666666718, ""mss"": 0.0, ""sfp"": 0.0, ""vr"": 0.9518369141694653, ""hurst"": 0.4421364778356313, ""atr14"": 0.0034341689876706445, ""vol_sma20"": 3269.192999999997, ""vol_ratio"": 0.3253891709666578, ""atr_pct"": 0.0011315219069755007, ""retest_entry"": true}"
اتجاهي,dir,directional,TONUSDT,هابط,Bollinger,-1,142943,142948,2025-04-10T06:23:00+00:00,2025-04-10T06:28:00+00:00,5,-0.0029256089619426415,-0.05851217923885283,20.0,قفل-ربح,0,False,True,,False,3.0370885999999997,3.038,0.0003,3.039,1,baseline,0,"{""close"": 3.037, ""rsi"": 51.684824820959506, ""rsi7"": 49.820857710412106, ""macd"": 0.0004144815149332647, ""adx"": 23.507837670555492, ""stoch_k"": 70.83333333333503, ""stoch_d"": 74.64646464646597, ""mss"": 0.0, ""sfp"": 0.0, ""vr"": 0.8790633228790637, ""hurst"": 0.40926753450418657, ""atr14"": 0.0031066409999728124, ""vol_sma20"": 3075.4789999999966, ""vol_ratio"": 0.8478354103539653, ""atr_pct"": 0.0010229308528063262, ""retest_entry"": true}"
اتجاهي,dir,directional,TONUSDT,هابط,Bollinger,-1,142950,142956,2025-04-10T06:30:00+00:00,2025-04-10T06:36:00+00:00,6,-0.0006254168706262268,-0.012508337412524535,20.0,تتبع,0,False,True,,False,3.0360889,3.037,0.0003,3.031,1,baseline,0,"{""close"": 3.038, ""rsi"": 50.43872808557898, ""rsi7"": 45.64489983520393, ""macd"": 0.00011125082367642006, ""adx"": 19.757912670618268, ""stoch_k"": 48.71794871794973, ""stoch_d"": 58.97435897436, ""mss"": 0.0, ""sfp"": 0.0, ""vr"": 1.040658258771463, ""hurst"": 0.3823773755478017, ""atr14"": 0.003635317630649031, ""vol_sma20"": 4532.129999999997, ""vol_ratio"": 0.45671681968522554, ""atr_pct"": 0.0011966154149601815, ""retest_entry"": true}"
اتجاهي,dir,directional,TONUSDT,هابط,FVG,-1,142959,142965,2025-04-10T06:39:00+00:00,2025-04-10T06:45:00+00:00,6,-0.0004458591259758106,-0.008917182519516212,20.0,تتبع,0,False,True,,False,3.0270916000000003,3.028,0.0003,3.0214729912,1,baseline,0,"{""close"": 3.027, ""rsi"": 30.638905920860054, ""rsi7"": 15.473438449152994, ""macd"": -0.0013311273374582975, ""adx"": 23.844378791857537, ""stoch_k"": 6.842105263158989, ""stoch_d"": 10.594541910331872, ""mss"": 0.0, ""sfp"": 0.0, ""vr"": 0.9451894317932398, ""hurst"": 0.35444872210590483, ""atr14"": 0.0032763271879474695, ""vol_sma20"": 5495.339999999997, ""vol_ratio"": 0.24801741111559988, ""atr_pct"": 0.0010823677528732968, ""retest_entry"": true}"
اتجاهي,dir,directional,TONUSDT,هابط,Stochastic,-1,142977,142979,2025-04-10T06:57:00+00:00,2025-04-10T06:59:00+00:00,2,-0.0018550065431341017,-0.03710013086268203,20.0,قفل-ربح,0,False,True,,False,3.0280913,3.029,0.0003,3.026747689620389,1,baseline,0,"{""close"": 3.028, ""rsi"": 50.24253480432264, ""rsi7"": 57.31005347414632, ""macd"": 0.0010444946738251914, ""adx"": 26.214180194526154, ""stoch_k"": 79.48717948717918, ""stoch_d"": 83.47578347578319, ""mss"": 0.0, ""sfp"": 0.0, ""vr"": 0.8826234032901822, ""hurst"": 0.3547578827033117, ""atr14"": 0.0029857108186793295, ""vol_sma20"": 4126.096999999996, ""vol_ratio"": 0.20947156598596706, ""atr_pct"": 0.0009860339559707165, ""retest_entry"": true}"
اتجاهي,dir,directional,TONUSDT,هابط,FVG,-1,142989,142990,2025-04-10T07:09:00+00:00,2025-04-10T07:10:00+00:00,1,-0.005234702273863364,-0.10469404547726728,20.0,زمني,0,False,True,,False,3.0260919000000004,3.027,0.0003,3.035,1,baseline,0,"{""close"": 3.027, ""rsi"": 48.35115595328818, ""rsi7"": 46.84872984721323, ""macd"": 0.00048112746269002326, ""adx"": 18.302436982655426, ""stoch_k"": 60.6060606060614, ""stoch_d"": 74.32659932659885, ""mss"": 0.0, ""sfp"": 0.0, ""vr"": 1.0808494924389245, ""hurst"": 0.36338945099987013, ""atr14"": 0.0035950581931034854, ""vol_sma20"": 2780.5159999999973, ""vol_ratio"": 0.9572719595931124, ""atr_pct"": 0.0011876637572195193, ""retest_entry"": true}"
اتجاهي,dir,directional,TONUSDT,هابط,MicroBurst,-1,142994,142996,2025-04-10T07:14:00+00:00,2025-04-10T07:16:00+00:00,2,-0.005290809190809106,-0.10581618381618212,20.0,وقف,0,False,True,,False,3.0350892000000003,3.036,0.0003,3.0441944676,1,baseline,0,"{""close"": 3.037, ""rsi"": 59.935173981114794, ""rsi7"": 61.6041738296709, ""macd"": 0.0014425223009517589, ""adx"": 20.601520042022727, ""stoch_k"": 87.71929824561471, ""stoch_d"": 87.66613503455669, ""mss"": 0.0, ""sfp"": 0.0, ""vr"": 1.1993963963522989, ""hurst"": 0.3356625152699822, ""atr14"": 0.004014538104829746, ""vol_sma20"": 3258.496499999997, ""vol_ratio"": 3.136145765385972, ""atr_pct"": 0.0013218762281296498, ""retest_entry"": true}"
اتجاهي,dir,directional,TONUSDT,هابط,FVG,-1,142999,143013,2025-04-10T07:19:00+00:00,2025-04-10T07:33:00+00:00,14,0.006324204638983192,0.12648409277966383,20.0,حصد-اعادة,0,True,True,,False,3.038176,3.04,0.0006,3.011,1,baseline,0,"{""close"": 3.039, ""rsi"": 57.72918033994457, ""rsi7"": 56.128905303678785, ""macd"": 0.0008028692612455932, ""adx"": 20.750992873573747, ""stoch_k"": 75.07936507936593, ""stoch_d"": 83.72134038800755, ""mss"": 0.0, ""sfp"": 0.0, ""vr"": 1.2503907757673516, ""hurst"": 0.39665784313967495, ""atr14"": 0.004222940769762145, ""vol_sma20"": 4331.443499999997, ""vol_ratio"": 4.203815656374143, ""atr_pct"": 0.0013895823526693467, ""retest_entry"": true}"
اتجاهي,dir,directional,TONUSDT,هابط,ADX,-1,143013,143016,2025-04-10T07:33:00+00:00,2025-04-10T07:36:00+00:00,3,-0.000544588960780503,-0.021783558431220124,40.0,تتبع,0,False,True,,False,3.0091934,3.011,0.0006,3.003,2,baseline,1,"{""close"": 3.01, ""rsi"": 24.750904287217097, ""rsi7"": 11.482426601671008, ""macd"": -0.003288995722083076, ""adx"": 23.048379444977126, ""stoch_k"": 6.617903169627415, ""stoch_d"": 5.220016254499677, ""mss"": 0.0, ""sfp"": 0.0, ""vr"": 1.3659016017292784, ""hurst"": 0.3822696337584648, ""atr14"": 0.004745921792135088, ""vol_sma20"": 5829.533499999998, ""vol_ratio"": 2.2131925307573934, ""atr_pct"": 0.0015767182033671388}"
اتجاهي,dir,directional,TONUSDT,هابط,Stochastic,-1,143032,143033,2025-04-10T07:52:00+00:00,2025-04-10T07:53:00+00:00,1,-0.003196203436347537,-0.06392406872695074,20.0,زمني,0,False,True,,False,3.0081939999999996,3.01,0.0006,3.01,1,baseline,0,"{""close"": 3.009, ""rsi"": 44.86350962905082, ""rsi7"": 49.08950986818658, ""macd"": 0.001653527622697569, ""adx"": 29.52181975870338, ""stoch_k"": 80.6938159879333, ""stoch_d"": 84.56510809451902, ""mss"": 0.0, ""sfp"": 0.0, ""vr"": 1.279090614711815, ""hurst"": 0.5017955828053859, ""atr14"": 0.0048324218796254245, ""vol_sma20"": 6789.711499999998, ""vol_ratio"": 0.5203961906187032, ""atr_pct"": 0.0016059893252327766, ""retest_entry"": true}"
اتجاهي,dir,directional,TONUSDT,هابط,MicroBurst,-1,143043,143044,2025-04-10T08:03:00+00:00,2025-04-10T08:04:00+00:00,1,-0.0022331269323655543,-0.04466253864731109,20.0,زمني,0,False,True,,False,3.0060979000000003,3.007,0.0003,3.005,1,baseline,0,"{""close"": 3.008, ""rsi"": 43.256647028826954, ""rsi7"": 38.502918065275, ""macd"": 0.0007760322310251795, ""adx"": 18.64990844417709, ""stoch_k"": 62.44658119658314, ""stoch_d"": 77.54629629629719, ""mss"": 0.0, ""sfp"": 0.0, ""vr"": 1.1653262299493343, ""hurst"": 0.5152635228463818, ""atr14"": 0.004537731647259847, ""vol_sma20"": 3862.1839999999975, ""vol_ratio"": 9.058366975783656, ""atr_pct"": 0.0015085544040092577, ""retest_entry"": true}"
اتجاهي,dir,directional,TONUSDT,هابط,EMA,-1,143055,143056,2025-04-10T08:15:00+00:00,2025-04-10T08:16:00+00:00,1,-0.0029280052269971563,-0.05856010453994313,20.0,زمني,0,False,True,,False,3.0150952,3.016,0.0003,3.017,1,baseline,0,"{""close"": 3.015, ""rsi"": 51.13472853439993, ""rsi7"": 49.17368266201017, ""macd"": 0.0006036929873296522, ""adx"": 12.625034390685148, ""stoch_k"": 87.49999999999892, ""stoch_d"": 90.97222222222099, ""mss"": 0.0, ""sfp"": 0.0, ""vr"": 1.070575009907095, ""hurst"": 0.5299277005424322, ""atr14"": 0.004352668621906668, ""vol_sma20"": 3823.291499999998, ""vol_ratio"": 0.5056716182901568, ""atr_pct"": 0.001443671184711996, ""retest_entry"": true}"
اتجاهي,dir,directional,TONUSDT,هابط,EMA,-1,143058,143062,2025-04-10T08:18:00+00:00,2025-04-10T08:22:00+00:00,4,-0.005290809190808995,-0.1058161838161799,20.0,وقف,0,False,True,,False,3.0140955000000003,3.015,0.0003,3.0231377865,1,baseline,0,"{""close"": 3.016, ""rsi"": 51.43551690807058, ""rsi7"": 49.50311015193657, ""macd"": 0.0003494848865093305, ""adx"": 11.246901221313669, ""stoch_k"": 83.33333333333364, ""stoch_d"": 85.72530864197529, ""mss"": 0.0, ""sfp"": 0.0, ""vr"": 1.075581456672143, ""hurst"": 0.53588709973539, ""atr14"": 0.004405544082481383, ""vol_sma20"": 4446.946499999997, ""vol_ratio"": 0.9816511172329154, ""atr_pct"": 0.001460724165278973, ""retest_entry"": true}"
اتجاهي,dir,directional,TONUSDT,هابط,MicroBurst,-1,143072,143074,2025-04-10T08:32:00+00:00,2025-04-10T08:34:00+00:00,2,-0.0016131969211536962,-0.03226393842307392,20.0,قفل-ربح,0,False,True,,False,3.0150952,3.016,0.0003,3.0130265980934414,1,baseline,0,"{""close"": 3.017, ""rsi"": 47.20187728465137, ""rsi7"": 39.701747617699056, ""macd"": -0.00022794898525420847, ""adx"": 14.220577933978259, ""stoch_k"": 56.86274509803881, ""stoch_d"": 70.58823529411748, ""mss"": 0.0, ""sfp"": 0.0, ""vr"": 1.0851686585593996, ""hurst"": 0.511149256230875, ""atr14"": 0.004599797233664233, ""vol_sma20"": 3444.150499999997, ""vol_ratio"": 1.5396713935700557, ""atr_pct"": 0.0015246261961101204, ""retest_entry"": true}"
اتجاهي,dir,directional,TONUSDT,هابط,OBV,-1,143079,143081,2025-04-10T08:39:00+00:00,2025-04-10T08:41:00+00:00,2,-0.00259710280716572,-0.0519420561433144,20.0,زمني,0,False,True,,False,3.0100967,3.011,0.0003,3.011,1,baseline,0,"{""close"": 3.011, ""rsi"": 41.84984062790804, ""rsi7"": 33.755613434545694, ""macd"": -0.001344395093548906, ""adx"": 18.456519167766526, ""stoch_k"": 17.46031746031803, ""stoch_d"": 21.16402116402151, ""mss"": 0.0, ""sfp"": 0.0, ""vr"": 0.9515520428789843, ""hurst"": 0.4911293961018775, ""atr14"": 0.0041219608344784065, ""vol_sma20"": 3559.2379999999976, ""vol_ratio"": 0.9356131846198548, ""atr_pct"": 0.001368967397701231, ""retest_entry"": true}"
اتجاهي,dir,directional,TONUSDT,هابط,Bollinger,-1,143091,143103,2025-04-10T08:51:00+00:00,2025-04-10T09:03:00+00:00,12,-0.00022502281273571205,-0.004500456254714241,20.0,تتبع,0,False,True,,False,3.0040985,3.005,0.0003,2.997857627,1,baseline,0,"{""close"": 3.005, ""rsi"": 38.39374492110187, ""rsi7"": 33.2135820653544, ""macd"": -0.00046197462940882885, ""adx"": 24.043504324360818, ""stoch_k"": 18.51851851851809, ""stoch_d"": 23.70370370370338, ""mss"": 0.0, ""sfp"": 0.0, ""vr"": 0.8936113214457412, ""hurst"": 0.4964937138856548, ""atr14"": 0.003933478264651213, ""vol_sma20"": 3274.006999999997, ""vol_ratio"": 2.6048417123115524, ""atr_pct"": 0.0013089777918972422, ""retest_entry"": true}"
اتجاهي,dir,directional,TONUSDT,هابط,FVG,-1,143108,143109,2025-04-10T09:08:00+00:00,2025-04-10T09:09:00+00:00,1,-0.0029306595244823694,-0.05861319048964739,20.0,زمني,0,False,True,,False,2.9911024,2.992,0.0003,2.993,1,baseline,0,"{""close"": 2.992, ""rsi"": 31.30683074108387, ""rsi7"": 25.975856601009582, ""macd"": -0.0010541438512851773, ""adx"": 32.043301856002216, ""stoch_k"": 13.267543859649003, ""stoch_d"": 16.240253411306494, ""mss"": 0.0, ""sfp"": 0.0, ""vr"": 0.8841654671682521, ""hurst"": 0.353362065759075, ""atr14"": 0.0038457414166124288, ""vol_sma20"": 4521.220499999998, ""vol_ratio"": 0.5425039544078865, ""atr_pct"": 0.0012853413825576298, ""retest_entry"": true}"
اتجاهي,dir,directional,TONUSDT,هابط,Stochastic,-1,143120,143131,2025-04-10T09:20:00+00:00,2025-04-10T09:31:00+00:00,11,0.0010041341140913814,0.020082682281827628,20.0,تتبع,0,True,True,,False,3.0060979000000003,3.007,0.0003,2.9961493978000004,1,baseline,0,"{""close"": 3.007, ""rsi"": 58.5302390724458, ""rsi7"": 68.79122169203997, ""macd"": 0.0018343848379794897, ""adx"": 26.332908933542242, ""stoch_k"": 86.66666666666771, ""stoch_d"": 90.3174603174608, ""mss"": 0.0, ""sfp"": 0.0, ""vr"": 0.922190803439806, ""hurst"": 0.38978910075583895, ""atr14"": 0.0039234789981385364, ""vol_sma20"": 5340.149999999998, ""vol_ratio"": 0.9161671488628601, ""atr_pct"": 0.001304781841748765, ""retest_entry"": true}"
اتجاهي,dir,directional,TONUSDT,هابط,EMA,-1,143136,143137,2025-04-10T09:36:00+00:00,2025-04-10T09:37:00+00:00,1,-0.0028639792691567425,-0.05727958538313485,20.0,زمني,0,False,True,,False,3.0021975999999997,3.004,0.0006,3.003,1,baseline,0,"{""close"": 3.004, ""rsi"": 51.46152761727134, ""rsi7"": 53.38412464835998, ""macd"": -5.096041596689056e-05, ""adx"": 21.04212830751225, ""stoch_k"": 67.74891774891726, ""stoch_d"": 61.904761904761244, ""mss"": 0.0, ""sfp"": 0.0, ""vr"": 1.2469004703265747, ""hurst"": 0.2852850862915421, ""atr14"": 0.0052194284758571505, ""vol_sma20"": 14213.878499999997, ""vol_ratio"": 0.21992660201787997, ""atr_pct"": 0.0017374928348392645, ""retest_entry"": true}"
اتجاهي,dir,directional,TONUSDT,هابط,MACD,-1,143140,143147,2025-04-10T09:40:00+00:00,2025-04-10T09:47:00+00:00,7,0.0006000658357074662,0.012001316714149324,20.0,تتبع,0,True,True,,False,3.0000997,3.001,0.0003,2.9913860854,1,baseline,0,"{""close"": 3.002, ""rsi"": 48.39028174004376, ""rsi7"": 46.12014619564338, ""macd"": -3.852024079702767e-05, ""adx"": 17.994851465799666, ""stoch_k"": 57.57575757575746, ""stoch_d"": 61.11111111111101, ""mss"": 0.0, ""sfp"": 0.0, ""vr"": 1.117556471216923, ""hurst"": 0.28225432510011217, ""atr14"": 0.004711659118569266, ""vol_sma20"": 13714.374, ""vol_ratio"": 0.14774425722967743, ""atr_pct"": 0.001569506701721941, ""retest_entry"": true}"
اتجاهي,dir,directional,TONUSDT,هابط,FVG,-1,143161,143162,2025-04-10T10:01:00+00:00,2025-04-10T10:02:00+00:00,1,-0.0022638802034221544,-0.045277604068443084,20.0,زمني,0,False,True,,False,2.9941015,2.995,0.0003,2.994,1,baseline,0,"{""close"": 2.995, ""rsi"": 45.47080050223497, ""rsi7"": 40.96623381611132, ""macd"": 0.00046343493526898084, ""adx"": 13.862606304654326, ""stoch_k"": 62.50000000000165, ""stoch_d"": 74.30555555555702, ""mss"": 0.0, ""sfp"": 0.0, ""vr"": 0.8341024209640956, ""hurst"": 0.2771827317868791, ""atr14"": 0.0034271007154560765, ""vol_sma20"": 3663.1094999999973, ""vol_ratio"": 0.4918853777098395, ""atr_pct"": 0.0011442740285329137, ""retest_entry"": true}"
اتجاهي,dir,directional,TONUSDT,هابط,OBV,-1,143175,143176,2025-04-10T10:15:00+00:00,2025-04-10T10:16:00+00:00,1,-0.0035964369509025166,-0.07192873901805033,20.0,زمني,0,False,True,,False,2.9951012,2.996,0.0003,2.999,1,baseline,0,"{""close"": 2.996, ""rsi"": 48.61348349936083, ""rsi7"": 46.9497978226479, ""macd"": 0.00023033058362514257, ""adx"": 12.519001756305183, ""stoch_k"": 63.33333333333393, ""stoch_d"": 64.94949494949533, ""mss"": 0.0, ""sfp"": 0.0, ""vr"": 0.912403240588056, ""hurst"": 0.24982686935762097, ""atr14"": 0.003676798973849957, ""vol_sma20"": 3318.909499999997, ""vol_ratio"": 3.1666365111793526, ""atr_pct"": 0.0012272359725800925, ""retest_entry"": true}"
اتجاهي,dir,directional,TONUSDT,هابط,EMA,-1,143180,143181,2025-04-10T10:20:00+00:00,2025-04-10T10:21:00+00:00,1,-0.0017372847220775735,-0.03474569444155147,20.0,قفل-ربح,0,False,True,,False,2.9951012,2.996,0.0003,2.9934188270545636,1,baseline,0,"{""close"": 2.996, ""rsi"": 47.40285464584354, ""rsi7"": 41.945971275140515, ""macd"": 0.0001311149311287825, ""adx"": 14.52807258486542, ""stoch_k"": 64.81481481481678, ""stoch_d"": 73.82716049382913, ""mss"": 0.0, ""sfp"": 0.0, ""vr"": 0.9352693472951286, ""hurst"": 0.23973281968032625, ""atr14"": 0.0037397284639541493, ""vol_sma20"": 5699.165499999997, ""vol_ratio"": 2.745179096834441, ""atr_pct"": 0.0012482404752850965, ""retest_entry"": true}"
اتجاهي,dir,directional,TONUSDT,هابط,Bollinger,-1,143194,143195,2025-04-10T10:34:00+00:00,2025-04-10T10:35:00+00:00,1,-0.00393356306590246,-0.07867126131804919,20.0,زمني,0,False,True,,False,2.9861039000000003,2.987,0.0003,2.991,1,baseline,0,"{""close"": 2.987, ""rsi"": 38.48797026658151, ""rsi7"": 31.40828205018505, ""macd"": -0.00033146448311702095, ""adx"": 17.784300580831562, ""stoch_k"": 34.4322344322346, ""stoch_d"": 53.05250305250351, ""mss"": 0.0, ""sfp"": 0.0, ""vr"": 1.046449547896855, ""hurst"": 0.19888409895223144, ""atr14"": 0.004224846838893029, ""vol_sma20"": 6914.2734999999975, ""vol_ratio"": 0.8740658002608664, ""atr_pct"": 0.0014144113956789516, ""retest_entry"": true}"
اتجاهي,dir,directional,TONUSDT,هابط,Bollinger,-1,143203,143208,2025-04-10T10:43:00+00:00,2025-04-10T10:48:00+00:00,5,-0.0016768443574243777,-0.03353688714848756,20.0,قفل-ربح,0,False,True,,False,2.9851042000000003,2.986,0.0003,2.9832466061572327,1,baseline,0,"{""close"": 2.987, ""rsi"": 41.27852104334961, ""rsi7"": 36.303771536390016, ""macd"": -0.00016099208961203805, ""adx"": 15.51982173523856, ""stoch_k"": 29.743589743589023, ""stoch_d"": 42.39316239316162, ""mss"": 0.0, ""sfp"": 1.0, ""vr"": 1.0076117863487148, ""hurst"": 0.19067082094455046, ""atr14"": 0.004130607946503075, ""vol_sma20"": 3960.498499999997, ""vol_ratio"": 0.8230150825710457, ""atr_pct"": 0.0013828617162715351, ""retest_entry"": true}"
اتجاهي,dir,directional,TONUSDT,هابط,FVG,-1,143225,143240,2025-04-10T11:05:00+00:00,2025-04-10T11:20:00+00:00,15,0.001642786913167662,0.03285573826335324,20.0,تتبع,0,True,True,,False,2.9891030000000005,2.99,0.0003,2.9772973460000003,1,baseline,0,"{""close"": 2.99, ""rsi"": 49.310923900584825, ""rsi7"": 46.16390907578047, ""macd"": 0.0002707542935822421, ""adx"": 16.003559374440414, ""stoch_k"": 57.4074074074072, ""stoch_d"": 66.0493827160486, ""mss"": 0.0, ""sfp"": 0.0, ""vr"": 0.9186033029279044, ""hurst"": 0.14718185772463832, ""atr14"": 0.0037556877460197097, ""vol_sma20"": 6409.775999999996, ""vol_ratio"": 0.4671629710617035, ""atr_pct"": 0.0012560828582005718, ""retest_entry"": true}"
اتجاهي,dir,directional,TONUSDT,هابط,Bollinger,-1,143267,143268,2025-04-10T11:47:00+00:00,2025-04-10T11:48:00+00:00,1,-0.0022620904881955417,-0.04524180976391083,20.0,زمني,0,False,True,,False,2.9781063000000003,2.979,0.0003,2.978,1,baseline,0,"{""close"": 2.979, ""rsi"": 43.969994138746486, ""rsi7"": 36.32347499821216, ""macd"": -0.00042622744743922537, ""adx"": 17.313400356527517, ""stoch_k"": 31.445221445221033, ""stoch_d"": 43.72960372960339, ""mss"": 0.0, ""sfp"": 0.0, ""vr"": 0.9609240869461879, ""hurst"": 0.21877127376172967, ""atr14"": 0.0036359969437724862, ""vol_sma20"": 2725.454999999997, ""vol_ratio"": 0.9859014366408555, ""atr_pct"": 0.0012205427807225533, ""retest_entry"": true}"
اتجاهي,dir,directional,TONUSDT,هابط,ADX,-1,143273,143274,2025-04-10T11:53:00+00:00,2025-04-10T11:54:00+00:00,1,-0.0036034910742699794,-0.07206982148539959,20.0,زمني,0,False,True,,False,2.9741075,2.975,0.0003,2.978,1,baseline,0,"{""close"": 2.975, ""rsi"": 39.71569147311176, ""rsi7"": 32.04530650899959, ""macd"": -0.0008680524647561521, ""adx"": 22.597337878344817, ""stoch_k"": 7.326007326006913, ""stoch_d"": 12.637362637362726, ""mss"": 0.0, ""sfp"": 0.0, ""vr"": 0.8469409457628635, ""hurst"": 0.22724774128807876, ""atr14"": 0.003190643988178496, ""vol_sma20"": 2321.617999999997, ""vol_ratio"": 0.5053113819758468, ""atr_pct"": 0.0010724853741776457, ""retest_entry"": true}"
اتجاهي,dir,directional,TONUSDT,هابط,MicroBurst,-1,143281,143282,2025-04-10T12:01:00+00:00,2025-04-10T12:02:00+00:00,1,-0.0025971028071656095,-0.05194205614331219,20.0,زمني,0,False,True,,False,2.9861039000000003,2.987,0.0003,2.987,1,baseline,0,"{""close"": 2.987, ""rsi"": 59.88001851416541, ""rsi7"": 67.12529192127585, ""macd"": 0.001292224147705221, ""adx"": 23.160168867722202, ""stoch_k"": 86.15196078431283, ""stoch_d"": 92.68790849673125, ""mss"": 0.0, ""sfp"": 0.0, ""vr"": 0.8815799037987048, ""hurst"": 0.2522081666511653, ""atr14"": 0.003278996609479656, ""vol_sma20"": 4920.175999999998, ""vol_ratio"": 9.510456536514146, ""atr_pct"": 0.001097755811677153, ""retest_entry"": true}"
اتجاهي,dir,directional,TONUSDT,هابط,MicroBurst,-1,143289,143290,2025-04-10T12:09:00+00:00,2025-04-10T12:10:00+00:00,1,-0.0038644333648653042,-0.07728866729730609,20.0,زمني,0,False,True,,False,2.9852078,2.987,0.0006,2.989,1,baseline,0,"{""close"": 2.987, ""rsi"": 52.00723094837917, ""rsi7"": 46.69761327263884, ""macd"": 0.0004365427718217912, ""adx"": 29.76181232498117, ""stoch_k"": 38.43408331074441, ""stoch_d"": 49.88055915317227, ""mss"": 0.0, ""sfp"": 0.0, ""vr"": 1.3686658697492968, ""hurst"": 0.27568946421803814, ""atr14"": 0.005108443101510181, ""vol_sma20"": 11384.843499999997, ""vol_ratio"": 0.10459080970239075, ""atr_pct"": 0.0017102253436592505, ""retest_entry"": true}"
اتجاهي,dir,directional,TONUSDT,هابط,RSI,-1,143305,143308,2025-04-10T12:25:00+00:00,2025-04-10T12:28:00+00:00,3,-0.0055896103896101905,-0.11179220779220381,20.0,وقف,0,False,True,,False,3.0071945999999996,3.009,0.0006,3.0162161837999992,1,baseline,0,"{""close"": 3.01, ""rsi"": 65.36208169361826, ""rsi7"": 64.36508169353306, ""macd"": 0.0010574213511280375, ""adx"": 40.42818820800041, ""stoch_k"": 84.14974113898806, ""stoch_d"": 83.60546926855154, ""mss"": 0.0, ""sfp"": 0.0, ""vr"": 1.353063820511803, ""hurst"": 0.4330703697653729, ""atr14"": 0.00523334577168544, ""vol_sma20"": 6278.950999999997, ""vol_ratio"": 0.29038449256890214, ""atr_pct"": 0.0017386530802941662, ""retest_entry"": true}"
اتجاهي,dir,directional,TONUSDT,هابط,MicroBurst,-1,143314,143316,2025-04-10T12:34:00+00:00,2025-04-10T12:36:00+00:00,2,-0.002142984186558551,-0.042859683731171015,20.0,تتبع,0,False,True,,False,3.017282,3.02,0.0009,3.015,1,baseline,0,"{""close"": 3.021, ""rsi"": 57.74984932732262, ""rsi7"": 53.07700410975348, ""macd"": 0.0006407637077502411, ""adx"": 47.90989146929921, ""stoch_k"": 45.83333333333351, ""stoch_d"": 63.10032560032571, ""mss"": 0.0, ""sfp"": 0.0, ""vr"": 2.171290425186024, ""hurst"": 0.3973467409132522, ""atr14"": 0.008977139584339188, ""vol_sma20"": 17064.6255, ""vol_ratio"": 0.5310975034289501, ""atr_pct"": 0.0029715788097779508, ""retest_entry"": true}"
اتجاهي,dir,directional,TONUSDT,هابط,FVG,-1,143332,143333,2025-04-10T12:52:00+00:00,2025-04-10T12:53:00+00:00,1,-0.0041975426319074294,-0.08395085263814858,20.0,زمني,0,False,True,,False,2.988206,2.99,0.0006,2.993,1,baseline,0,"{""close"": 2.989, ""rsi"": 35.82530282258702, ""rsi7"": 27.648751928967272, ""macd"": -0.003464091756796836, ""adx"": 29.23285138025979, ""stoch_k"": 5.911680911680985, ""stoch_d"": 4.677113010446409, ""mss"": 0.0, ""sfp"": 0.0, ""vr"": 1.4079828177092735, ""hurst"": 0.3335663946478084, ""atr14"": 0.0068405341636109986, ""vol_sma20"": 6430.687499999997, ""vol_ratio"": 0.5948757422903852, ""atr_pct"": 0.002288569475948812, ""retest_entry"": true}"
اتجاهي,dir,directional,TONUSDT,هابط,FVG,-1,143345,143346,2025-04-10T13:05:00+00:00,2025-04-10T13:06:00+00:00,1,-0.0022645464265553146,-0.04529092853110629,20.0,زمني,0,False,True,,False,3.0000997,3.001,0.0003,3.0,1,baseline,0,"{""close"": 3.001, ""rsi"": 48.404945962439655, ""rsi7"": 49.751607246106744, ""macd"": 0.000951212624506191, ""adx"": 16.502541631269168, ""stoch_k"": 87.30158730158753, ""stoch_d"": 92.5925925925929, ""mss"": 0.0, ""sfp"": 0.0, ""vr"": 0.9565813619814209, ""hurst"": 0.41832408982779706, ""atr14"": 0.004926769069699268, ""vol_sma20"": 4539.488499999998, ""vol_ratio"": 0.4437262039544766, ""atr_pct"": 0.0016417091201930251, ""retest_entry"": true}"
اتجاهي,dir,directional,TONUSDT,هابط,KAMA,-1,143350,143351,2025-04-10T13:10:00+00:00,2025-04-10T13:11:00+00:00,1,-0.004593771759906576,-0.09187543519813152,20.0,زمني,0,False,True,,False,2.9981003000000004,2.999,0.0003,3.005,1,baseline,0,"{""close"": 2.999, ""rsi"": 45.59001720929217, ""rsi7"": 41.1887798377957, ""macd"": 0.0003090139938558168, ""adx"": 14.262202855588864, ""stoch_k"": 48.14814814814918, ""stoch_d"": 56.88509021842421, ""mss"": 0.0, ""sfp"": 0.0, ""vr"": 0.8637761490924522, ""hurst"": 0.43689945700392663, ""atr14"": 0.004489992763795996, ""vol_sma20"": 6669.908499999996, ""vol_ratio"": 3.2120935392142203, ""atr_pct"": 0.0014971633090350102, ""retest_entry"": true}"
اتجاهي,dir,directional,TONUSDT,هابط,FVG,-1,143354,143356,2025-04-10T13:14:00+00:00,2025-04-10T13:16:00+00:00,2,-0.0015995648683587505,-0.03199129736717501,20.0,قفل-ربح,0,False,True,,False,2.9971006000000004,2.998,0.0003,2.995003393134599,1,baseline,0,"{""close"": 2.999, ""rsi"": 45.91827570681863, ""rsi7"": 42.35351965972816, ""macd"": 0.0002609933941855316, ""adx"": 12.385294635222541, ""stoch_k"": 45.74074074074179, ""stoch_d"": 59.01234567901355, ""mss"": 0.0, ""sfp"": 0.0, ""vr"": 0.889599519201636, ""hurst"": 0.446945347091764, ""atr14"": 0.004663413247781556, ""vol_sma20"": 7767.556999999996, ""vol_ratio"": 1.3824732795652488, ""atr_pct"": 0.0015549894123979846, ""retest_entry"": true}"
اتجاهي,dir,directional,TONUSDT,هابط,FVG,-1,143366,143370,2025-04-10T13:26:00+00:00,2025-04-10T13:30:00+00:00,4,-0.0015121782068940692,-0.030243564137881384,20.0,قفل-ربح,0,False,True,,False,3.0050982,3.006,0.0003,3.0027321865741707,1,baseline,0,"{""close"": 3.006, ""rsi"": 53.80754093910602, ""rsi7"": 54.07498506023562, ""macd"": 0.0009131606516705717, ""adx"": 12.050948039113687, ""stoch_k"": 77.77777777777808, ""stoch_d"": 85.19360269360266, ""mss"": 0.0, ""sfp"": 0.0, ""vr"": 0.973001773764472, ""hurst"": 0.4424538298673966, ""atr14"": 0.005259385428582839, ""vol_sma20"": 10429.530999999997, ""vol_ratio"": 0.5392879123711317, ""atr_pct"": 0.0017496292177587621, ""retest_entry"": true}"
اتجاهي,dir,directional,TONUSDT,هابط,FVG,-1,143373,143374,2025-04-10T13:33:00+00:00,2025-04-10T13:34:00+00:00,1,-0.0015876890878804156,-0.03175378175760831,20.0,قفل-ربح,0,False,True,,False,2.9852078,2.987,0.0006,2.9821857458643475,1,baseline,0,"{""close"": 2.986, ""rsi"": 37.34380820885614, ""rsi7"": 31.386824220730844, ""macd"": -0.0019012337905377902, ""adx"": 14.053660798284644, ""stoch_k"": 26.832664884136033, ""stoch_d"": 32.987967914439125, ""mss"": 0.0, ""sfp"": 0.0, ""vr"": 1.2122062344423448, ""hurst"": 0.3921911392349737, ""atr14"": 0.006717458030566779, ""vol_sma20"": 11190.778499999997, ""vol_ratio"": 3.51619415932502, ""atr_pct"": 0.002249651048414862, ""retest_entry"": true}"
اتجاهي,dir,directional,TONUSDT,هابط,FVG,-1,143377,143378,2025-04-10T13:37:00+00:00,2025-04-10T13:38:00+00:00,1,0.002328797289119167,0.04657594578238334,20.0,تتبع,0,True,True,,False,2.973215,2.975,0.0006,2.95763213,1,baseline,0,"{""close"": 2.975, ""rsi"": 34.015803536242146, ""rsi7"": 30.373051520819132, ""macd"": -0.003241306788594283, ""adx"": 21.53494368457799, ""stoch_k"": 6.57867169495112, ""stoch_d"": 7.816696188789687, ""mss"": 0.0, ""sfp"": 0.0, ""vr"": 1.2868699789087645, ""hurst"": 0.3901710674089719, ""atr14"": 0.007345593471756985, ""vol_sma20"": 12026.401499999996, ""vol_ratio"": 1.3564764156593314, ""atr_pct"": 0.002469107049330079, ""retest_entry"": true}"
اتجاهي,dir,directional,TONUSDT,هابط,FVG,-1,143384,143385,2025-04-10T13:44:00+00:00,2025-04-10T13:45:00+00:00,1,-0.004550343732468997,-0.09100687464937994,20.0,زمني,0,False,True,,False,2.9462311999999997,2.948,0.0006,2.952,1,baseline,0,"{""close"": 2.948, ""rsi"": 30.03526746567654, ""rsi7"": 26.902087412322558, ""macd"": -0.0030688956708933984, ""adx"": 35.30024170481767, ""stoch_k"": 6.742613688987729, ""stoch_d"": 9.780494581828334, ""mss"": 0.0, ""sfp"": 0.0, ""vr"": 1.4569274201273097, ""hurst"": 0.39189579222194654, ""atr14"": 0.008911341433424215, ""vol_sma20"": 23192.54, ""vol_ratio"": 0.2415677627375009, ""atr_pct"": 0.003022843091392203, ""retest_entry"": true}"
اتجاهي,dir,directional,TONUSDT,هابط,Bollinger,-1,143394,143399,2025-04-10T13:54:00+00:00,2025-04-10T13:59:00+00:00,5,-0.0010691524467038966,-0.02138304893407793,20.0,قفل-ربح,0,False,True,,False,2.9622216,2.964,0.0006,2.958573981954331,1,baseline,0,"{""close"": 2.964, ""rsi"": 45.177221120472275, ""rsi7"": 49.35696030339087, ""macd"": 0.0025621507106663097, ""adx"": 27.08411784852855, ""stoch_k"": 68.81720430107579, ""stoch_d"": 76.22461170848322, ""mss"": 0.0, ""sfp"": 0.0, ""vr"": 1.2531787504323395, ""hurst"": 0.34919086276665856, ""atr14"": 0.008110684289838051, ""vol_sma20"": 16064.0275, ""vol_ratio"": 0.41642172238562214, ""atr_pct"": 0.002736398208447386, ""retest_entry"": true}"
اتجاهي,dir,directional,TONUSDT,هابط,Bollinger,-1,143413,143414,2025-04-10T14:13:00+00:00,2025-04-10T14:14:00+00:00,1,-0.003952622940560259,-0.07905245881120518,20.0,زمني,0,False,True,,False,2.9441165,2.945,0.0003,2.949,1,baseline,0,"{""close"": 2.945, ""rsi"": 36.52579343956356, ""rsi7"": 28.522438378109285, ""macd"": -0.00022264695362323068, ""adx"": 16.179246613184937, ""stoch_k"": 21.286549707603022, ""stoch_d"": 26.042884990254418, ""mss"": 0.0, ""sfp"": 0.0, ""vr"": 1.0002578877545014, ""hurst"": 0.4382811878451108, ""atr14"": 0.006688959378566091, ""vol_sma20"": 6674.008499999998, ""vol_ratio"": 7.925058830836074, ""atr_pct"": 0.002271293507153172, ""retest_entry"": true}"
اتجاهي,dir,directional,TONUSDT,هابط,Bollinger,-1,143428,143432,2025-04-10T14:28:00+00:00,2025-04-10T14:32:00+00:00,4,-0.005292583423537651,-0.10585166847075303,20.0,وقف,0,False,True,,False,2.9611114000000005,2.962,0.0003,2.97,1,baseline,0,"{""close"": 2.962, ""rsi"": 55.18692918325769, ""rsi7"": 59.352978774291266, ""macd"": 0.001499743141475413, ""adx"": 10.827346500591245, ""stoch_k"": 82.39459815546813, ""stoch_d"": 87.57826173493386, ""mss"": 0.0, ""sfp"": 0.0, ""vr"": 0.8907546807705047, ""hurst"": 0.46801288009079783, ""atr14"": 0.005710235849306616, ""vol_sma20"": 7411.6614999999965, ""vol_ratio"": 0.9908574480904184, ""atr_pct"": 0.001927831144262868, ""retest_entry"": true}"
اتجاهي,dir,directional,TONUSDT,هابط,MicroBurst,-1,143439,143451,2025-04-10T14:39:00+00:00,2025-04-10T14:51:00+00:00,12,-0.0014542449281582529,-0.029084898563165058,20.0,قفل-ربح,0,False,True,,False,2.9721081,2.973,0.0003,2.969595480267842,1,baseline,0,"{""close"": 2.972, ""rsi"": 57.86207915250839, ""rsi7"": 55.288617287467765, ""macd"": 0.0011092368545798283, ""adx"": 20.155788695081384, ""stoch_k"": 72.2222222222219, ""stoch_d"": 84.2962962962962, ""mss"": 0.0, ""sfp"": 0.0, ""vr"": 0.8854175800317845, ""hurst"": 0.48612571644239294, ""atr14"": 0.005583396320965822, ""vol_sma20"": 5303.926999999998, ""vol_ratio"": 1.9126451023930013, ""atr_pct"": 0.0018786663260315685, ""retest_entry"": true}"
اتجاهي,dir,directional,TONUSDT,هابط,EMA,-1,143457,143463,2025-04-10T14:57:00+00:00,2025-04-10T15:03:00+00:00,6,0.0008477578236013647,0.016955156472027295,20.0,تتبع,0,True,True,,False,2.9621111,2.963,0.0003,2.9527724402,1,baseline,0,"{""close"": 2.963, ""rsi"": 42.67760047528824, ""rsi7"": 34.65049827361963, ""macd"": -0.0011027375052280021, ""adx"": 15.180289049326174, ""stoch_k"": 27.0833333333334, ""stoch_d"": 34.02777777777761, ""mss"": 0.0, ""sfp"": 0.0, ""vr"": 0.7747605237114308, ""hurst"": 0.5014128698701802, ""atr14"": 0.0049061448862682475, ""vol_sma20"": 4043.977999999998, ""vol_ratio"": 1.16471454592483, ""atr_pct"": 0.0016558032015755138, ""retest_entry"": true}"
اتجاهي,dir,directional,TONUSDT,هابط,FVG,-1,143477,143478,2025-04-10T15:17:00+00:00,2025-04-10T15:18:00+00:00,1,-0.0025971028071656095,-0.05194205614331219,20.0,زمني,0,False,True,,False,2.919124,2.92,0.0003,2.92,1,baseline,0,"{""close"": 2.92, ""rsi"": 19.428369982051066, ""rsi7"": 11.768727169468832, ""macd"": -0.002925194523541858, ""adx"": 44.71597584183072, ""stoch_k"": 5.617565617565664, ""stoch_d"": 7.128211601895693, ""mss"": 0.0, ""sfp"": 0.0, ""vr"": 0.9836446129286182, ""hurst"": 0.41344121825339214, ""atr14"": 0.0061440425718199895, ""vol_sma20"": 7849.5004999999965, ""vol_ratio"": 1.6182571107550099, ""atr_pct"": 0.0021041241684315033, ""retest_entry"": true}"
اتجاهي,dir,directional,TONUSDT,هابط,FVG,-1,143493,143494,2025-04-10T15:33:00+00:00,2025-04-10T15:34:00+00:00,1,-0.0010044381764408837,-0.020088763528817673,20.0,تتبع,0,False,True,,False,2.9011294000000003,2.902,0.0003,2.8964959692,1,baseline,0,"{""close"": 2.903, ""rsi"": 26.312344811461685, ""rsi7"": 27.044435332892036, ""macd"": -0.00013040254386033692, ""adx"": 69.88761967920583, ""stoch_k"": 19.337606837606828, ""stoch_d"": 24.317663817663526, ""mss"": 0.0, ""sfp"": 0.0, ""vr"": 1.1165150285105312, ""hurst"": 0.6148243786642448, ""atr14"": 0.006518339423799923, ""vol_sma20"": 15738.902499999997, ""vol_ratio"": 0.7624019527409871, ""atr_pct"": 0.002245380442232147, ""retest_entry"": true}"
اتجاهي,dir,directional,TONUSDT,هابط,FVG,-1,143497,143499,2025-04-10T15:37:00+00:00,2025-04-10T15:39:00+00:00,2,-0.0028497954536188534,-0.05699590907237707,20.0,تتبع,0,False,True,,False,2.8792713999999995,2.881,0.0006,2.88,1,baseline,0,"{""close"": 2.881, ""rsi"": 22.020550094615672, ""rsi7"": 19.969743451763136, ""macd"": -0.0015663509523077632, ""adx"": 74.746061576174, ""stoch_k"": 14.365079365079355, ""stoch_d"": 14.537037037037209, ""mss"": 0.0, ""sfp"": 0.0, ""vr"": 1.3520199129903585, ""hurst"": 0.6152466389905802, ""atr14"": 0.00786912464293914, ""vol_sma20"": 18101.105499999998, ""vol_ratio"": 3.3978289337079444, ""atr_pct"": 0.0027313865473582574, ""retest_entry"": true}"
اتجاهي,dir,directional,TONUSDT,هابط,FVG,-1,146114,146115,2025-04-12T11:14:00+00:00,2025-04-12T11:15:00+00:00,1,-0.001911190987088743,-0.03822381974177486,20.0,تتبع,0,False,True,,False,2.9091270000000002,2.91,0.0003,2.908,1,baseline,0,"{""close"": 2.911, ""rsi"": 51.75173532820519, ""rsi7"": 43.164180372113755, ""macd"": -0.00025493778765658904, ""adx"": 26.047503559122315, ""stoch_k"": 59.16666666666766, ""stoch_d"": 68.61111111111163, ""mss"": 0.0, ""sfp"": 0.0, ""vr"": 0.9112690794851852, ""hurst"": 0.49167926521214633, ""atr14"": 0.0026677803842039497, ""vol_sma20"": 1616.1215, ""vol_ratio"": 0.355140377750064, ""atr_pct"": 0.0009164480880123496, ""retest_entry"": true}"
اتجاهي,dir,directional,TONUSDT,هابط,ADX,-1,146125,146130,2025-04-12T11:25:00+00:00,2025-04-12T11:30:00+00:00,5,-0.002939353046607327,-0.05878706093214654,20.0,تتبع,0,False,True,,False,2.9151252,2.916,0.0003,2.917,1,baseline,0,"{""close"": 2.916, ""rsi"": 58.97500415602037, ""rsi7"": 61.26849708831929, ""macd"": 0.0002723492188316315, ""adx"": 22.635189613653594, ""stoch_k"": 69.23076923076918, ""stoch_d"": 73.84615384615438, ""mss"": 0.0, ""sfp"": 0.0, ""vr"": 1.0611491544017098, ""hurst"": 0.47187904723632984, ""atr14"": 0.0031145431086974655, ""vol_sma20"": 2236.154, ""vol_ratio"": 1.2744113330298361, ""atr_pct"": 0.0010680874858358936, ""retest_entry"": true}"
اتجاهي,dir,directional,TONUSDT,هابط,Bollinger,-1,146135,146136,2025-04-12T11:35:00+00:00,2025-04-12T11:36:00+00:00,1,-0.0025971028071656095,-0.05194205614331219,20.0,زمني,0,False,True,,False,2.9171246,2.918,0.0003,2.918,1,baseline,0,"{""close"": 2.918, ""rsi"": 56.561875957292344, ""rsi7"": 55.38637268745154, ""macd"": 0.00015594206798576205, ""adx"": 28.581665942119294, ""stoch_k"": 83.79629629629828, ""stoch_d"": 81.8518518518528, ""mss"": 0.0, ""sfp"": 0.0, ""vr"": 1.117629786388889, ""hurst"": 0.4778343460889151, ""atr14"": 0.0033045853014777803, ""vol_sma20"": 4110.3625, ""vol_ratio"": 0.4090855733527152, ""atr_pct"": 0.0011324829682925908, ""retest_entry"": true}"
اتجاهي,dir,directional,TONUSDT,هابط,MACD,-1,146138,146139,2025-04-12T11:38:00+00:00,2025-04-12T11:39:00+00:00,1,-0.002939235717077286,-0.058784714341545724,20.0,زمني,0,False,True,,False,2.9161249,2.917,0.0003,2.918,1,baseline,0,"{""close"": 2.917, ""rsi"": 53.54185353726547, ""rsi7"": 49.03724042544272, ""macd"": -0.00010304507494111469, ""adx"": 27.351805822184257, ""stoch_k"": 69.90740740740901, ""stoch_d"": 76.54320987654528, ""mss"": 0.0, ""sfp"": 0.0, ""vr"": 1.094343102224733, ""hurst"": 0.4790332693373216, ""atr14"": 0.0032438680420359568, ""vol_sma20"": 4420.581, ""vol_ratio"": 0.8251290950216725, ""atr_pct"": 0.0011120562365567216, ""retest_entry"": true}"
اتجاهي,dir,directional,TONUSDT,هابط,Bollinger,-1,146143,146144,2025-04-12T11:43:00+00:00,2025-04-12T11:44:00+00:00,1,-0.002939353046607327,-0.05878706093214654,20.0,زمني,0,False,True,,False,2.9151252,2.916,0.0003,2.917,1,baseline,0,"{""close"": 2.915, ""rsi"": 47.94315925724826, ""rsi7"": 37.60125479450221, ""macd"": -0.0005602925946295951, ""adx"": 22.45773234619104, ""stoch_k"": 40.74074074074189, ""stoch_d"": 51.851851851853475, ""mss"": 0.0, ""sfp"": 0.0, ""vr"": 0.9992052818535977, ""hurst"": 0.48743462308447355, ""atr14"": 0.0029730478686924903, ""vol_sma20"": 3824.5615, ""vol_ratio"": 0.0771016494309217, ""atr_pct"": 0.0010199135055548852, ""retest_entry"": true}"
اتجاهي,dir,directional,TONUSDT,هابط,FVG,-1,146160,146161,2025-04-12T12:00:00+00:00,2025-04-12T12:01:00+00:00,1,-0.003238041225893142,-0.06476082451786284,20.0,زمني,0,False,True,,False,2.9221231000000003,2.923,0.0003,2.924,1,baseline,0,"{""close"": 2.923, ""rsi"": 54.247762638658095, ""rsi7"": 50.036695137795036, ""macd"": 5.136221545396077e-05, ""adx"": 20.45123325791399, ""stoch_k"": 64.28571428571475, ""stoch_d"": 72.03500203500221, ""mss"": 0.0, ""sfp"": 0.0, ""vr"": 1.195600804935814, ""hurst"": 0.18019412122568912, ""atr14"": 0.0035255219670234286, ""vol_sma20"": 4362.4655, ""vol_ratio"": 0.4602924653501558, ""atr_pct"": 0.0012061313605964518, ""retest_entry"": true}"
اتجاهي,dir,directional,TONUSDT,صاعد,Bollinger,1,146165,146166,2025-04-12T12:05:00+00:00,2025-04-12T12:06:00+00:00,1,-0.002596923220735855,-0.0519384644147171,20.0,زمني,0,False,True,,False,2.9238769,2.923,0.0003,2.923,1,baseline,0,"{""close"": 2.923, ""rsi"": 52.108407842556424, ""rsi7"": 47.00522626744171, ""macd"": -0.00032325002629947147, ""adx"": 20.1662505766866, ""stoch_k"": 48.46153846153814, ""stoch_d"": 56.324786324785755, ""mss"": 0.0, ""sfp"": 0.0, ""vr"": 1.1410074707181863, ""hurst"": 0.1371193917093325, ""atr14"": 0.003393181835883143, ""vol_sma20"": 4564.886, ""vol_ratio"": 0.41655585703564113, ""atr_pct"": 0.0011608559137472265, ""retest_entry"": true}"
اتجاهي,dir,directional,TONUSDT,صاعد,Stochastic,1,146170,146171,2025-04-12T12:10:00+00:00,2025-04-12T12:11:00+00:00,1,-0.0032793748641017973,-0.06558749728203594,20.0,زمني,0,False,True,,False,2.9238769,2.923,0.0003,2.921,1,baseline,0,"{""close"": 2.923, ""rsi"": 52.19138301345102, ""rsi7"": 50.516083825117896, ""macd"": -0.0005882744338927247, ""adx"": 16.22272050102099, ""stoch_k"": 24.242424242424235, ""stoch_d"": 23.13131313131321, ""mss"": 0.0, ""sfp"": 0.0, ""vr"": 1.0670360339145875, ""hurst"": 0.16332475671142618, ""atr14"": 0.003199356412860998, ""vol_sma20"": 3401.3479999999995, ""vol_ratio"": 0.32236336887610445, ""atr_pct"": 0.0010945454713859042, ""retest_entry"": true}"
اتجاهي,dir,directional,TONUSDT,صاعد,EMA,1,146176,146177,2025-04-12T12:16:00+00:00,2025-04-12T12:17:00+00:00,1,-0.002938382678722603,-0.05876765357445206,20.0,زمني,0,False,True,,False,2.9218762999999996,2.921,0.0003,2.92,1,baseline,0,"{""close"": 2.922, ""rsi"": 51.67415037732398, ""rsi7"": 54.23787747227104, ""macd"": -0.0006003142626423384, ""adx"": 15.205257130929196, ""stoch_k"": 34.03263403263421, ""stoch_d"": 18.49261849261826, ""mss"": 0.0, ""sfp"": 0.0, ""vr"": 1.1126057244555878, ""hurst"": 0.14499423216715915, ""atr14"": 0.0033549665381512133, ""vol_sma20"": 3399.9875, ""vol_ratio"": 1.01883021628756, ""atr_pct"": 0.0011481747221598949, ""retest_entry"": true}"
اتجاهي,dir,directional,TONUSDT,صاعد,MicroBurst,1,146181,146197,2025-04-12T12:21:00+00:00,2025-04-12T12:37:00+00:00,16,-0.005290809190809106,-0.10581618381618212,20.0,وقف,0,False,True,,False,2.9238769,2.923,0.0003,2.9151052692999997,1,baseline,0,"{""close"": 2.923, ""rsi"": 54.0131981990611, ""rsi7"": 59.084417214596996, ""macd"": -2.051283982287049e-05, ""adx"": 12.142084348791853, ""stoch_k"": 62.96296296296356, ""stoch_d"": 50.68462401795782, ""mss"": 0.0, ""sfp"": 0.0, ""vr"": 1.0840468990924526, ""hurst"": 0.13924635529356744, ""atr14"": 0.0032981599758466528, ""vol_sma20"": 2170.0559999999996, ""vol_ratio"": 2.57306263064179, ""atr_pct"": 0.0011283475798312189, ""retest_entry"": true}"
اتجاهي,dir,directional,TONUSDT,صاعد,MicroBurst,1,146214,146215,2025-04-12T12:54:00+00:00,2025-04-12T12:55:00+00:00,1,-0.0032798421367092397,-0.0655968427341848,20.0,زمني,0,False,True,,False,2.9218762999999996,2.921,0.0003,2.919,1,baseline,0,"{""close"": 2.921, ""rsi"": 53.47685968629946, ""rsi7"": 60.49584306963039, ""macd"": 0.00024910428733410203, ""adx"": 11.138377791774504, ""stoch_k"": 34.46637426900468, ""stoch_d"": 32.4021860206062, ""mss"": 0.0, ""sfp"": 0.0, ""vr"": 1.115039394627257, ""hurst"": 0.22475896792674369, ""atr14"": 0.0035904813479326766, ""vol_sma20"": 5848.5545, ""vol_ratio"": 1.6826619295417353, ""atr_pct"": 0.0012291959424624022, ""retest_entry"": true}"
اتجاهي,dir,directional,TONUSDT,صاعد,EMA,1,146217,146219,2025-04-12T12:57:00+00:00,2025-04-12T12:59:00+00:00,2,-0.0017743010310936668,-0.03548602062187334,20.0,قفل-ربح,0,False,True,,False,2.9218762999999996,2.921,0.0003,2.9234091357565326,1,baseline,0,"{""close"": 2.922, ""rsi"": 54.739478999888995, ""rsi7"": 61.613605200377606, ""macd"": 0.0005485062626930962, ""adx"": 12.424905869187494, ""stoch_k"": 66.6666666666669, ""stoch_d"": 50.91780376868064, ""mss"": 0.0, ""sfp"": 0.0, ""vr"": 1.052258991620553, ""hurst"": 0.2081618989450653, ""atr14"": 0.003406445889725954, ""vol_sma20"": 6047.139, ""vol_ratio"": 0.5565309479408361, ""atr_pct"": 0.0011657925700636392, ""retest_entry"": true}"
اتجاهي,dir,directional,TONUSDT,صاعد,MicroBurst,1,146222,146231,2025-04-12T13:02:00+00:00,2025-04-12T13:11:00+00:00,9,0.00836053594529854,0.16721071890597078,20.0,حصد-اعادة,0,True,True,,False,2.9238769,2.923,0.0003,2.956,1,baseline,0,"{""close"": 2.924, ""rsi"": 55.84346638006284, ""rsi7"": 60.09740945454866, ""macd"": 0.0007740946735834601, ""adx"": 20.332775424727384, ""stoch_k"": 70.08547008546874, ""stoch_d"": 77.99145299145192, ""mss"": 0.0, ""sfp"": 0.0, ""vr"": 1.068413447156874, ""hurst"": 0.18672121919874557, ""atr14"": 0.0034884730204194194, ""vol_sma20"": 2514.066, ""vol_ratio"": 1.7881312582883664, ""atr_pct"": 0.0011930482285976126, ""retest_entry"": true}"
اتجاهي,dir,directional,TONUSDT,صاعد,MicroBurst,1,146231,146237,2025-04-12T13:11:00+00:00,2025-04-12T13:17:00+00:00,6,-0.0055896103896101905,-0.22358441558440761,40.0,وقف,0,False,True,,False,2.9577736,2.956,0.0006,2.9489002792,2,baseline,1,"{""close"": 2.956, ""rsi"": 77.89358223864441, ""rsi7"": 85.8832263048815, ""macd"": 0.003000637404294189, ""adx"": 45.52547396010668, ""stoch_k"": 94.75806451612891, ""stoch_d"": 94.42204301075238, ""mss"": 0.0, ""sfp"": 0.0, ""vr"": 1.2930661073541234, ""hurst"": 0.37247390093890287, ""atr14"": 0.004312595621232868, ""vol_sma20"": 7568.438, ""vol_ratio"": 8.81238506545208, ""atr_pct"": 0.001458929506506383}"
اتجاهي,dir,directional,TONUSDT,صاعد,FVG,1,146246,146247,2025-04-12T13:26:00+00:00,2025-04-12T13:27:00+00:00,1,-0.0031954853062187475,-0.06390970612437495,20.0,زمني,0,False,True,,False,2.9387621999999998,2.937,0.0006,2.937,1,baseline,0,"{""close"": 2.936, ""rsi"": 47.561928720154356, ""rsi7"": 42.81602974632847, ""macd"": -0.0027626757552256602, ""adx"": 34.906073358994334, ""stoch_k"": 20.20202020202006, ""stoch_d"": 11.805555555555351, ""mss"": 0.0, ""sfp"": 0.0, ""vr"": 1.3599407454729642, ""hurst"": 0.43882317724109404, ""atr14"": 0.004868288657905897, ""vol_sma20"": 13618.789499999999, ""vol_ratio"": 0.3415722080145229, ""atr_pct"": 0.0016581364638644065, ""retest_entry"": true}"
اتجاهي,dir,directional,TONUSDT,صاعد,Bollinger,1,146251,146252,2025-04-12T13:31:00+00:00,2025-04-12T13:32:00+00:00,1,-0.002518768052523096,-0.05037536105046192,20.0,قفل-ربح,0,False,True,,False,2.9477676,2.946,0.0006,2.948,1,baseline,0,"{""close"": 2.946, ""rsi"": 59.357740307804654, ""rsi7"": 68.61846251689295, ""macd"": -0.0003352679550319472, ""adx"": 28.39835805912554, ""stoch_k"": 50.869291998324734, ""stoch_d"": 40.51459293394788, ""mss"": 0.0, ""sfp"": 0.0, ""vr"": 1.3867680914010725, ""hurst"": 0.449044496211133, ""atr14"": 0.005102501005272841, ""vol_sma20"": 13176.775, ""vol_ratio"": 4.253675121568063, ""atr_pct"": 0.0017320098456459064, ""retest_entry"": true}"
اتجاهي,dir,directional,TONUSDT,صاعد,Bollinger,1,146259,146260,2025-04-12T13:39:00+00:00,2025-04-12T13:40:00+00:00,1,-0.004545711536755523,-0.09091423073511046,20.0,زمني,0,False,True,,False,2.9547717999999996,2.953,0.0006,2.949,1,baseline,0,"{""close"": 2.952, ""rsi"": 62.48467679285602, ""rsi7"": 69.71517625538367, ""macd"": 0.0006730240124413348, ""adx"": 28.29645604474687, ""stoch_k"": 76.74025974025966, ""stoch_d"": 69.34199134199143, ""mss"": 0.0, ""sfp"": 0.0, ""vr"": 1.3251896815987427, ""hurst"": 0.4400831544525625, ""atr14"": 0.005113641516890624, ""vol_sma20"": 9589.125, ""vol_ratio"": 0.3065357892404156, ""atr_pct"": 0.0017322633864805639, ""retest_entry"": true}"
اتجاهي,dir,directional,TONUSDT,صاعد,FVG,1,146276,146277,2025-04-12T13:56:00+00:00,2025-04-12T13:57:00+00:00,1,-0.0017560796994828326,-0.035121593989656655,20.0,قفل-ربح,0,False,True,,False,2.9807874,2.979,0.0006,2.9833017354348397,1,baseline,0,"{""close"": 2.98, ""rsi"": 76.88740848501126, ""rsi7"": 84.83332762914026, ""macd"": 0.0014969010425601812, ""adx"": 38.08341316267043, ""stoch_k"": 98.66666666666704, ""stoch_d"": 93.35265700483076, ""mss"": 0.0, ""sfp"": 0.0, ""vr"": 1.326833889104688, ""hurst"": 0.40120545805926294, ""atr14"": 0.005585936115643875, ""vol_sma20"": 10989.3175, ""vol_ratio"": 1.7446633969762, ""atr_pct"": 0.0018744752065919044, ""retest_entry"": true}"
اتجاهي,dir,directional,TONUSDT,صاعد,FVG,1,146282,146283,2025-04-12T14:02:00+00:00,2025-04-12T14:03:00+00:00,1,-0.002529172127947348,-0.050583442558946964,20.0,زمني,0,False,True,,False,2.9937951999999997,2.992,0.0006,2.994,1,baseline,0,"{""close"": 2.992, ""rsi"": 76.74223566511944, ""rsi7"": 80.94051072637484, ""macd"": 0.0014439800951100493, ""adx"": 46.009322820768084, ""stoch_k"": 90.62499999999989, ""stoch_d"": 84.73063973063945, ""mss"": 0.0, ""sfp"": 0.0, ""vr"": 1.36480543132906, ""hurst"": 0.42028998427972997, ""atr14"": 0.005965776737957702, ""vol_sma20"": 13320.9125, ""vol_ratio"": 0.5059030302916561, ""atr_pct"": 0.001993909337552708, ""retest_entry"": true}"
اتجاهي,dir,directional,TONUSDT,صاعد,FVG,1,146302,146305,2025-04-12T14:22:00+00:00,2025-04-12T14:25:00+00:00,3,9.778422924924045e-05,0.001955684584984809,20.0,تتبع,0,True,True,symbol_collision,True,3.016809,3.015,0.0006,3.024961038,1,baseline,0,"{""close"": 3.015, ""rsi"": 67.03762986354596, ""rsi7"": 67.61154272917972, ""macd"": -0.0010286244449833094, ""adx"": 44.669688034354, ""stoch_k"": 67.0454545454554, ""stoch_d"": 56.86026936026962, ""mss"": 0.0, ""sfp"": 0.0, ""vr"": 1.2664241970162302, ""hurst"": 0.44290350051589183, ""atr14"": 0.006352091946863617, ""vol_sma20"": 13771.788, ""vol_ratio"": 0.9553995457960869, ""atr_pct"": 0.002106829833122261, ""retest_entry"": true}"
اتجاهي,dir,directional,TONUSDT,صاعد,FVG,1,146313,146313,2025-04-12T14:33:00+00:00,2025-04-12T14:33:00+00:00,0,-0.0055896103896103016,-0.11179220779220603,20.0,وقف,0,False,True,symbol_collision,True,3.0428246,3.041,0.0006,3.0336961261999997,1,baseline,0,"{""close"": 3.041, ""rsi"": 76.79748221963538, ""rsi7"": 83.49559216944938, ""macd"": 0.00045341440034944204, ""adx"": 42.91941703182903, ""stoch_k"": 86.94223635400151, ""stoch_d"": 79.98763469351745, ""mss"": 0.0, ""sfp"": 0.0, ""vr"": 1.3622731246374995, ""hurst"": 0.42057540627688283, ""atr14"": 0.007247894013040051, ""vol_sma20"": 16481.0345, ""vol_ratio"": 3.877115844882188, ""atr_pct"": 0.00238339165177246, ""retest_entry"": true}"
اتجاهي,dir,directional,TONUSDT,صاعد,Stochastic,1,146324,146325,2025-04-12T14:44:00+00:00,2025-04-12T14:45:00+00:00,1,-0.004257048182086156,-0.08514096364172313,20.0,زمني,0,False,True,symbol_collision,True,3.0049012,3.004,0.0003,2.999,1,baseline,0,"{""close"": 3.005, ""rsi"": 41.5649396920805, ""rsi7"": 31.98027450849402, ""macd"": -0.003893659353320077, ""adx"": 30.239339406824403, ""stoch_k"": 6.521739130434966, ""stoch_d"": 5.277288157723274, ""mss"": 0.0, ""sfp"": 0.0, ""vr"": 1.1861371492055521, ""hurst"": 0.42121073353161564, ""atr14"": 0.00679570206452924, ""vol_sma20"": 16295.2835, ""vol_ratio"": 0.33229124243220437, ""atr_pct"": 0.002261464913320879, ""retest_entry"": true}"
اتجاهي,dir,directional,TONUSDT,صاعد,FVG,1,146335,146344,2025-04-12T14:55:00+00:00,2025-04-12T15:04:00+00:00,9,-0.005290809190809106,-0.10581618381618212,20.0,وقف,0,False,True,symbol_collision,True,2.9938979,2.993,0.0003,2.9849162063,1,baseline,0,"{""close"": 2.993, ""rsi"": 38.69774902176739, ""rsi7"": 39.84774096124063, ""macd"": -0.001178985485336504, ""adx"": 30.731871425317813, ""stoch_k"": 19.399512365028865, ""stoch_d"": 12.717520027864339, ""mss"": 0.0, ""sfp"": 0.0, ""vr"": 1.0280833340414977, ""hurst"": 0.5175408476128004, ""atr14"": 0.006156793237529389, ""vol_sma20"": 13944.665999999997, ""vol_ratio"": 0.1761906667395261, ""atr_pct"": 0.002057064229044233, ""retest_entry"": true}"
اتجاهي,dir,directional,TONUSDT,صاعد,FVG,1,146355,146355,2025-04-12T15:15:00+00:00,2025-04-12T15:15:00+00:00,0,-0.005290809190809106,-0.10581618381618212,20.0,وقف,0,False,True,symbol_collision,True,2.9868958,2.986,0.0003,2.9779351126,1,baseline,0,"{""close"": 2.986, ""rsi"": 51.62909703586066, ""rsi7"": 65.71427411533972, ""macd"": 0.0006647897453232691, ""adx"": 39.8533170639492, ""stoch_k"": 31.37829912023508, ""stoch_d"": 16.71554252199424, ""mss"": 0.0, ""sfp"": 0.0, ""vr"": 0.99830947826512, ""hurst"": 0.6320826223836853, ""atr14"": 0.006080791488630935, ""vol_sma20"": 12462.176, ""vol_ratio"": 3.89793724627224, ""atr_pct"": 0.002036433854196562, ""retest_entry"": true}"
اتجاهي,dir,directional,TONUSDT,صاعد,FVG,1,146360,146361,2025-04-12T15:20:00+00:00,2025-04-12T15:21:00+00:00,1,-0.002596923220735855,-0.0519384644147171,20.0,زمني,0,False,True,symbol_collision,True,3.0008999999999997,3.0,0.0003,3.0,1,baseline,0,"{""close"": 3.001, ""rsi"": 62.26669663681958, ""rsi7"": 73.83083414925265, ""macd"": 0.0036939542904767487, ""adx"": 33.08776720885842, ""stoch_k"": 90.34794996389748, ""stoch_d"": 85.72097652362247, ""mss"": 0.0, ""sfp"": 0.0, ""vr"": 1.1659195392910517, ""hurst"": 0.5935507382039352, ""atr14"": 0.007214658167334049, ""vol_sma20"": 18541.8285, ""vol_ratio"": 1.8237365317018224, ""atr_pct"": 0.002404084694213279, ""retest_entry"": true}"
اتجاهي,dir,directional,TONUSDT,صاعد,OBV,1,146378,146379,2025-04-12T15:38:00+00:00,2025-04-12T15:39:00+00:00,1,-0.004254840569105624,-0.08509681138211247,20.0,زمني,0,False,True,symbol_collision,True,3.0089023999999998,3.008,0.0003,3.003,1,baseline,0,"{""close"": 3.008, ""rsi"": 58.556079252610424, ""rsi7"": 58.706643986288, ""macd"": -0.00047363771565713236, ""adx"": 25.888910706825282, ""stoch_k"": 41.9306184012077, ""stoch_d"": 44.84665661136328, ""mss"": 0.0, ""sfp"": 0.0, ""vr"": 0.8586978637559615, ""hurst"": 0.5219271715005089, ""atr14"": 0.0054102750004427335, ""vol_sma20"": 10699.5025, ""vol_ratio"": 1.087704778796958, ""atr_pct"": 0.001798628657062079, ""retest_entry"": true}"
اتجاهي,dir,directional,TONUSDT,صاعد,FVG,1,146382,146383,2025-04-12T15:42:00+00:00,2025-04-12T15:43:00+00:00,1,-0.0029282863691676396,-0.05856572738335279,20.0,زمني,0,False,True,symbol_collision,True,3.010903,3.01,0.0003,3.009,1,baseline,0,"{""close"": 3.011, ""rsi"": 60.58824783573066, ""rsi7"": 64.95535596702078, ""macd"": -0.000525317542509147, ""adx"": 24.158291688404045, ""stoch_k"": 43.58974358974505, ""stoch_d"": 31.62393162393309, ""mss"": 0.0, ""sfp"": 0.0, ""vr"": 0.8471663283019043, ""hurst"": 0.5109265990024493, ""atr14"": 0.005315568104114043, ""vol_sma20"": 9080.8485, ""vol_ratio"": 2.0242612791084444, ""atr_pct"": 0.0017653829638372774, ""retest_entry"": true}"
اتجاهي,dir,directional,TONUSDT,صاعد,Stochastic,1,146391,146392,2025-04-12T15:51:00+00:00,2025-04-12T15:52:00+00:00,1,-0.004927304241248248,-0.09854608482496496,20.0,زمني,0,False,True,symbol_collision,True,2.9968988,2.996,0.0003,2.989,1,baseline,0,"{""close"": 2.995, ""rsi"": 42.141904403059726, ""rsi7"": 33.44145357914837, ""macd"": -0.002062355120916675, ""adx"": 22.311530010862825, ""stoch_k"": 12.272727272728337, ""stoch_d"": 7.951739618407039, ""mss"": 0.0, ""sfp"": 0.0, ""vr"": 0.8450131860081525, ""hurst"": 0.5426144621061213, ""atr14"": 0.005219569351138969, ""vol_sma20"": 7930.806000000001, ""vol_ratio"": 0.18429274401618193, ""atr_pct"": 0.0017427610521332116, ""retest_entry"": true}"
اتجاهي,dir,directional,TONUSDT,صاعد,FVG,1,146402,146405,2025-04-12T16:02:00+00:00,2025-04-12T16:05:00+00:00,3,-0.001648461653568191,-0.03296923307136382,20.0,تتبع,0,False,True,symbol_collision,True,2.9948982,2.994,0.0003,2.9968470876,1,baseline,0,"{""close"": 2.994, ""rsi"": 46.870732217117485, ""rsi7"": 52.52294548142905, ""macd"": -0.0001531531272482914, ""adx"": 21.997946159794182, ""stoch_k"": 31.339031339033085, ""stoch_d"": 16.360059693394557, ""mss"": 0.0, ""sfp"": 0.0, ""vr"": 0.7305159037909478, ""hurst"": 0.5586594898524927, ""atr14"": 0.004380406475037559, ""vol_sma20"": 5135.7235, ""vol_ratio"": 0.5857402564604578, ""atr_pct"": 0.001463061614909004, ""retest_entry"": true}"
اتجاهي,dir,directional,TONUSDT,صاعد,FVG,1,146410,146411,2025-04-12T16:10:00+00:00,2025-04-12T16:11:00+00:00,1,-0.004597063080587331,-0.09194126161174662,20.0,زمني,0,False,True,symbol_collision,True,2.9928976,2.992,0.0003,2.986,1,baseline,0,"{""close"": 2.992, ""rsi"": 46.31818631961713, ""rsi7"": 48.57472276094638, ""macd"": 7.078171390725299e-05, ""adx"": 17.262892286057053, ""stoch_k"": 25.64102564102552, ""stoch_d"": 20.12432012431974, ""mss"": 0.0, ""sfp"": 0.0, ""vr"": 0.7546586930251411, ""hurst"": 0.5527057223717641, ""atr14"": 0.004395031202992939, ""vol_sma20"": 5115.3355, ""vol_ratio"": 0.2884737472253775, ""atr_pct"": 0.0014689275411072656, ""retest_entry"": true}"
اتجاهي,dir,directional,TONUSDT,صاعد,OBV,1,146415,146416,2025-04-12T16:15:00+00:00,2025-04-12T16:16:00+00:00,1,-0.003262968681022721,-0.06525937362045442,20.0,زمني,0,False,True,symbol_collision,True,2.9958985,2.995,0.0003,2.993,1,baseline,0,"{""close"": 2.996, ""rsi"": 54.39300034702516, ""rsi7"": 63.71632352152029, ""macd"": 0.00047641260219753257, ""adx"": 16.40073188740914, ""stoch_k"": 47.91666666666713, ""stoch_d"": 29.86111111111165, ""mss"": 0.0, ""sfp"": 0.0, ""vr"": 0.7910291140537473, ""hurst"": 0.5291242673421659, ""atr14"": 0.004504109746781182, ""vol_sma20"": 6173.782, ""vol_ratio"": 0.19296113792161756, ""atr_pct"": 0.0015033744148134787, ""retest_entry"": true}"
اتجاهي,dir,directional,TONUSDT,صاعد,EMA,1,146418,146423,2025-04-12T16:18:00+00:00,2025-04-12T16:23:00+00:00,5,6.370519348028584e-05,0.0012741038696057168,20.0,تتبع,0,True,True,symbol_collision,True,2.9998997,2.999,0.0003,3.007,1,baseline,0,"{""close"": 2.998, ""rsi"": 56.65743634657029, ""rsi7"": 65.73975136210183, ""macd"": 0.0010174946268109912, ""adx"": 15.12906078773927, ""stoch_k"": 66.6666666666669, ""stoch_d"": 62.5, ""mss"": 0.0, ""sfp"": 0.0, ""vr"": 0.7774263099814464, ""hurst"": 0.494835871949937, ""atr14"": 0.004357335682827362, ""vol_sma20"": 6371.9555, ""vol_ratio"": 1.1545403918781292, ""atr_pct"": 0.00145341417038938, ""retest_entry"": true}"
اتجاهي,dir,directional,TONUSDT,صاعد,FVG,1,146425,146426,2025-04-12T16:25:00+00:00,2025-04-12T16:26:00+00:00,1,-0.0022668758756730968,-0.045337517513461933,20.0,زمني,0,False,True,symbol_collision,True,3.0229065999999998,3.022,0.0003,3.023,1,baseline,0,"{""close"": 3.022, ""rsi"": 72.40931098844247, ""rsi7"": 79.7661480572244, ""macd"": 0.0033362923826811826, ""adx"": 27.74483983054545, ""stoch_k"": 88.41991341991339, ""stoch_d"": 88.63636363636355, ""mss"": 0.0, ""sfp"": 0.0, ""vr"": 1.008815941722411, ""hurst"": 0.4462607796217727, ""atr14"": 0.005498575060825198, ""vol_sma20"": 10680.959499999999, ""vol_ratio"": 0.5068439778280219, ""atr_pct"": 0.0018195152418349432, ""retest_entry"": true}"
اتجاهي,dir,directional,TONUSDT,صاعد,FVG,1,146440,146444,2025-04-12T16:40:00+00:00,2025-04-12T16:44:00+00:00,4,-0.005290809190809217,-0.10581618381618434,20.0,وقف,0,False,True,symbol_collision,True,3.0329096,3.032,0.0003,3.0238108712,1,baseline,0,"{""close"": 3.032, ""rsi"": 68.60686489659611, ""rsi7"": 73.42327654146354, ""macd"": -7.788127398729739e-05, ""adx"": 44.11327366312969, ""stoch_k"": 68.8338493292053, ""stoch_d"": 59.11019378511596, ""mss"": 0.0, ""sfp"": 0.0, ""vr"": 1.0808661766513001, ""hurst"": 0.4778076495903767, ""atr14"": 0.005820308106471215, ""vol_sma20"": 12567.030499999999, ""vol_ratio"": 1.0771773013521373, ""atr_pct"": 0.0019196266841923534, ""retest_entry"": true}"
اتجاهي,dir,directional,TONUSDT,صاعد,Stochastic,1,146453,146454,2025-04-12T16:53:00+00:00,2025-04-12T16:54:00+00:00,1,-0.002596923220735966,-0.05193846441471932,20.0,زمني,0,False,True,symbol_collision,True,3.0199057000000002,3.019,0.0003,3.019,1,baseline,0,"{""close"": 3.019, ""rsi"": 49.746146245172525, ""rsi7"": 47.346588677570246, ""macd"": -0.0018951788074938625, ""adx"": 27.35959389825051, ""stoch_k"": 23.18840579710137, ""stoch_d"": 18.95560156429711, ""mss"": 0.0, ""sfp"": 0.0, ""vr"": 1.1257154897494699, ""hurst"": 0.4979493226520955, ""atr14"": 0.006143454831353137, ""vol_sma20"": 8107.0025, ""vol_ratio"": 0.25968290992879306, ""atr_pct"": 0.002034930384681397, ""retest_entry"": true}"
اتجاهي,dir,directional,TONUSDT,صاعد,FVG,1,146458,146461,2025-04-12T16:58:00+00:00,2025-04-12T17:01:00+00:00,3,-0.0006192568424556889,-0.012385136849113777,20.0,تتبع,0,False,True,symbol_collision,True,3.0269077999999996,3.026,0.0003,3.032,1,baseline,0,"{""close"": 3.026, ""rsi"": 57.092932982138564, ""rsi7"": 62.627777220594965, ""macd"": -0.0002160379655026781, ""adx"": 21.433150223996233, ""stoch_k"": 60.714285714285154, ""stoch_d"": 50.25879917184243, ""mss"": 0.0, ""sfp"": 0.0, ""vr"": 1.0102482886484958, ""hurst"": 0.5108515350962357, ""atr14"": 0.005474656717992474, ""vol_sma20"": 6034.7105, ""vol_ratio"": 0.4011990301771725, ""atr_pct"": 0.0018092057891581212, ""retest_entry"": true}"
اتجاهي,dir,directional,TONUSDT,صاعد,Stochastic,1,146476,146479,2025-04-12T17:16:00+00:00,2025-04-12T17:19:00+00:00,3,-3.255749014597031e-05,-0.0006511498029194063,20.0,تتبع,0,False,True,symbol_collision,True,3.0199057000000002,3.019,0.0003,3.0267619774,1,baseline,0,"{""close"": 3.019, ""rsi"": 44.518243609262335, ""rsi7"": 41.94369039049143, ""macd"": -0.0020246281766987248, ""adx"": 18.615698335201056, ""stoch_k"": 10.34482758620704, ""stoch_d"": 6.695894477004131, ""mss"": 0.0, ""sfp"": 0.0, ""vr"": 0.9984156409312064, ""hurst"": 0.4407628838540491, ""atr14"": 0.005259743628121498, ""vol_sma20"": 9008.689499999999, ""vol_ratio"": 0.161883701286408, ""atr_pct"": 0.0017422138549590919, ""retest_entry"": true}"
اتجاهي,dir,directional,TONUSDT,صاعد,FVG,1,146484,146485,2025-04-12T17:24:00+00:00,2025-04-12T17:25:00+00:00,1,-0.0022670941609544996,-0.045341883219089996,20.0,زمني,0,False,True,symbol_collision,True,3.0249072,3.024,0.0003,3.025,1,baseline,0,"{""close"": 3.023, ""rsi"": 49.55715863216926, ""rsi7"": 51.19200635615849, ""macd"": -8.232731940788815e-05, ""adx"": 15.509167570787184, ""stoch_k"": 50.877192982456656, ""stoch_d"": 45.71846282372647, ""mss"": 0.0, ""sfp"": 0.0, ""vr"": 0.9522318851958562, ""hurst"": 0.3807766003640273, ""atr14"": 0.005014145151678579, ""vol_sma20"": 8500.7265, ""vol_ratio"": 0.1416502460113262, ""atr_pct"": 0.0016586652833868933, ""retest_entry"": true}"
اتجاهي,dir,directional,TONUSDT,صاعد,Stochastic,1,146496,146502,2025-04-12T17:36:00+00:00,2025-04-12T17:42:00+00:00,6,-0.0015282883790658287,-0.030565767581316572,20.0,تتبع,0,False,True,symbol_collision,True,3.0189053999999995,3.018,0.0003,3.0212335371999997,1,baseline,0,"{""close"": 3.017, ""rsi"": 44.629666351973775, ""rsi7"": 42.99898935808635, ""macd"": -0.0006511702801929734, ""adx"": 11.667967454859633, ""stoch_k"": 16.666666666667513, ""stoch_d"": 15.079365079365907, ""mss"": 0.0, ""sfp"": 0.0, ""vr"": 0.8656930510397839, ""hurst"": 0.41576169396237983, ""atr14"": 0.0045103941009060336, ""vol_sma20"": 3713.9215000000004, ""vol_ratio"": 1.4895010570363427, ""atr_pct"": 0.0014949930728889737, ""retest_entry"": true}"
اتجاهي,dir,directional,TONUSDT,صاعد,Bollinger,1,146521,146539,2025-04-12T18:01:00+00:00,2025-04-12T18:19:00+00:00,18,-0.001788842672868506,-0.03577685345737012,20.0,قفل-ربح,0,False,True,symbol_collision,True,3.0189053999999995,3.018,0.0003,3.0204451369263254,1,baseline,0,"{""close"": 3.017, ""rsi"": 45.72495263119408, ""rsi7"": 48.401560574810695, ""macd"": -0.0004696797852589, ""adx"": 12.230156130062996, ""stoch_k"": 28.205128205127824, ""stoch_d"": 15.384615384615103, ""mss"": 0.0, ""sfp"": 0.0, ""vr"": 0.680002815213661, ""hurst"": 0.22749282271682159, ""atr14"": 0.0034194780272384625, ""vol_sma20"": 3017.721, ""vol_ratio"": 3.062920660988872, ""atr_pct"": 0.001133403389870223, ""retest_entry"": true}"
اتجاهي,dir,directional,TONUSDT,صاعد,FVG,1,146545,146546,2025-04-12T18:25:00+00:00,2025-04-12T18:26:00+00:00,1,-0.003587065255923687,-0.07174130511847374,20.0,زمني,0,False,True,symbol_collision,True,3.0229065999999998,3.022,0.0003,3.019,1,baseline,0,"{""close"": 3.022, ""rsi"": 57.911365948571486, ""rsi7"": 65.41721099225992, ""macd"": 0.00047813842657002574, ""adx"": 10.848858094579837, ""stoch_k"": 73.93939393939327, ""stoch_d"": 66.86868686868604, ""mss"": 0.0, ""sfp"": -1.0, ""vr"": 0.6639575468035158, ""hurst"": 0.21055728160933193, ""atr14"": 0.002931363043346713, ""vol_sma20"": 2192.991, ""vol_ratio"": 3.1526303573521277, ""atr_pct"": 0.0009700076251974565, ""retest_entry"": true}"
اتجاهي,dir,directional,TONUSDT,صاعد,KAMA,1,146549,146550,2025-04-12T18:29:00+00:00,2025-04-12T18:30:00+00:00,1,-0.002926752280517432,-0.05853504561034864,20.0,تتبع,0,False,True,symbol_collision,True,3.0249072,3.024,0.0003,3.023,1,baseline,0,"{""close"": 3.024, ""rsi"": 60.704835824414985, ""rsi7"": 68.47415539329427, ""macd"": 0.0004178118044563094, ""adx"": 9.72424730015836, ""stoch_k"": 70.00000000000126, ""stoch_d"": 63.53535353535462, ""mss"": 0.0, ""sfp"": 0.0, ""vr"": 0.6866631791207105, ""hurst"": 0.20310338463172378, ""atr14"": 0.0029540727790770887, ""vol_sma20"": 2205.952, ""vol_ratio"": 0.42058032087733543, ""atr_pct"": 0.0009768759190069737, ""retest_entry"": true}"
اتجاهي,dir,directional,TONUSDT,صاعد,FVG,1,146555,146556,2025-04-12T18:35:00+00:00,2025-04-12T18:36:00+00:00,1,-0.004579175112314542,-0.09158350224629083,20.0,زمني,0,False,True,symbol_collision,True,3.0199057000000002,3.019,0.0003,3.013,1,baseline,0,"{""close"": 3.019, ""rsi"": 49.259239577692654, ""rsi7"": 47.56902061949837, ""macd"": -0.00020811558333637192, ""adx"": 8.973745671609837, ""stoch_k"": 22.22222222222246, ""stoch_d"": 18.518518518517855, ""mss"": 0.0, ""sfp"": 0.0, ""vr"": 0.7047217863370785, ""hurst"": 0.18405456747863946, ""atr14"": 0.0029052709325919153, ""vol_sma20"": 2685.674, ""vol_ratio"": 0.22036181606553887, ""atr_pct"": 0.0009623288945319362, ""retest_entry"": true}"
اتجاهي,dir,directional,TONUSDT,صاعد,MACD,1,146565,146567,2025-04-12T18:45:00+00:00,2025-04-12T18:47:00+00:00,2,-0.00188835205739146,-0.037767041147829195,20.0,قفل-ربح,0,False,True,symbol_collision,True,3.0169048,3.016,0.0003,3.0181426148348645,1,baseline,0,"{""close"": 3.016, ""rsi"": 47.869611333376525, ""rsi7"": 50.16374846342235, ""macd"": 5.653902471674426e-06, ""adx"": 10.463955120997639, ""stoch_k"": 46.94989106753721, ""stoch_d"": 34.27741466957061, ""mss"": 0.0, ""sfp"": 0.0, ""vr"": 0.7124740630467127, ""hurst"": 0.11715704208985359, ""atr14"": 0.002749874670631817, ""vol_sma20"": 2042.5355, ""vol_ratio"": 0.13747619074429795, ""atr_pct"": 0.0009117621586975519, ""retest_entry"": true}"
اتجاهي,dir,directional,TONUSDT,صاعد,Bollinger,1,146578,146579,2025-04-12T18:58:00+00:00,2025-04-12T18:59:00+00:00,1,-0.002596923220735855,-0.0519384644147171,20.0,زمني,0,False,True,symbol_collision,True,3.0169048,3.016,0.0003,3.016,1,baseline,0,"{""close"": 3.017, ""rsi"": 51.38480112502047, ""rsi7"": 55.48494041205215, ""macd"": 0.0001728204422831544, ""adx"": 8.647580827868026, ""stoch_k"": 37.50000000000163, ""stoch_d"": 37.50000000000163, ""mss"": 0.0, ""sfp"": 0.0, ""vr"": 0.7280866742108574, ""hurst"": 0.1484370757275085, ""atr14"": 0.0025468298834794944, ""vol_sma20"": 2542.1635, ""vol_ratio"": 0.2965190869902742, ""atr_pct"": 0.0008441597227310224, ""retest_entry"": true}"
اتجاهي,dir,directional,TONUSDT,صاعد,FVG,1,146585,146587,2025-04-12T19:05:00+00:00,2025-04-12T19:07:00+00:00,2,-0.0019075254114800178,-0.03815050822960035,20.0,تتبع,0,False,True,symbol_collision,True,3.0219063,3.021,0.0003,3.0230880933999997,1,baseline,0,"{""close"": 3.021, ""rsi"": 60.999728641955805, ""rsi7"": 71.41432939353376, ""macd"": 0.0004478986717777236, ""adx"": 8.461240653754645, ""stoch_k"": 66.66666666666691, ""stoch_d"": 52.380952380952955, ""mss"": 0.0, ""sfp"": 0.0, ""vr"": 0.8048353911610536, ""hurst"": 0.16410273407928, ""atr14"": 0.002660643993388334, ""vol_sma20"": 2749.8085, ""vol_ratio"": 0.6301020598343485, ""atr_pct"": 0.0008807163169110673, ""retest_entry"": true}"
اتجاهي,dir,directional,TONUSDT,صاعد,Bollinger,1,146593,146600,2025-04-12T19:13:00+00:00,2025-04-12T19:20:00+00:00,7,-0.001867504303222333,-0.03735008606444666,20.0,قفل-ربح,0,False,True,symbol_collision,True,3.0219063,3.021,0.0003,3.0232093119633476,1,baseline,0,"{""close"": 3.021, ""rsi"": 56.30863449265142, ""rsi7"": 58.997585200460506, ""macd"": 0.0001709323336239561, ""adx"": 11.55277841870231, ""stoch_k"": 52.77777777777834, ""stoch_d"": 47.22222222222291, ""mss"": 0.0, ""sfp"": 0.0, ""vr"": 0.9172881760856462, ""hurst"": 0.19302503987288666, ""atr14"": 0.002894713726655446, ""vol_sma20"": 2686.31, ""vol_ratio"": 0.510190558796267, ""atr_pct"": 0.0009581971951855168, ""retest_entry"": true}"
اتجاهي,dir,directional,TONUSDT,صاعد,FVG,1,146605,146606,2025-04-12T19:25:00+00:00,2025-04-12T19:26:00+00:00,1,-0.0038517094765239766,-0.07703418953047952,20.0,زمني,0,False,True,symbol_collision,True,3.0398227999999996,3.038,0.0006,3.036,1,baseline,0,"{""close"": 3.037, ""rsi"": 72.3290138731001, ""rsi7"": 80.5502350559797, ""macd"": 0.0010232800385027, ""adx"": 22.424167074772296, ""stoch_k"": 60.333333333334316, ""stoch_d"": 53.49494949495075, ""mss"": 0.0, ""sfp"": 0.0, ""vr"": 1.4767563033916349, ""hurst"": 0.1957262402609555, ""atr14"": 0.004445590811281383, ""vol_sma20"": 6370.9905, ""vol_ratio"": 6.963488644348159, ""atr_pct"": 0.0014638099477383548, ""retest_entry"": true}"
اتجاهي,dir,directional,TONUSDT,صاعد,FVG,1,146616,146617,2025-04-12T19:36:00+00:00,2025-04-12T19:37:00+00:00,1,-0.003914931911557435,-0.07829863823114872,20.0,زمني,0,False,True,symbol_collision,True,3.0279081,3.027,0.0003,3.023,1,baseline,0,"{""close"": 3.026, ""rsi"": 50.79273779538721, ""rsi7"": 46.15046868635014, ""macd"": -0.0009560980980639409, ""adx"": 23.070923483437454, ""stoch_k"": 18.181818181818247, ""stoch_d"": 15.151515151515506, ""mss"": 0.0, ""sfp"": 0.0, ""vr"": 1.1943866698447865, ""hurst"": 0.2478184188618732, ""atr14"": 0.0036394997812745763, ""vol_sma20"": 7295.2305, ""vol_ratio"": 0.5993628302765759, ""atr_pct"": 0.001202742822628743, ""retest_entry"": true}"
اتجاهي,dir,directional,TONUSDT,صاعد,Stochastic,1,146621,146624,2025-04-12T19:41:00+00:00,2025-04-12T19:44:00+00:00,3,-0.0017882606326912124,-0.03576521265382425,20.0,قفل-ربح,0,False,True,symbol_collision,True,3.0249072,3.024,0.0003,3.0264517627057494,1,baseline,0,"{""close"": 3.024, ""rsi"": 47.41973578440252, ""rsi7"": 41.97604076209956, ""macd"": -0.0008692786907500783, ""adx"": 16.94232750571834, ""stoch_k"": 17.314425770309214, ""stoch_d"": 15.519692725576201, ""mss"": 0.0, ""sfp"": 0.0, ""vr"": 1.12191538671887, ""hurst"": 0.25613112486099665, ""atr14"": 0.0034313321686812314, ""vol_sma20"": 7263.941499999999, ""vol_ratio"": 0.20830701899237491, ""atr_pct"": 0.001134699791230566, ""retest_entry"": true}"
اتجاهي,dir,directional,TONUSDT,صاعد,MACD,1,146629,146641,2025-04-12T19:49:00+00:00,2025-04-12T20:01:00+00:00,12,-0.0018225869157556204,-0.036451738315112406,20.0,قفل-ربح,0,False,True,symbol_collision,True,3.030909,3.03,0.0003,3.0323523478708996,1,baseline,0,"{""close"": 3.03, ""rsi"": 59.62073580106823, ""rsi7"": 69.16763512808379, ""macd"": 0.00021100500086518472, ""adx"": 17.519923594618692, ""stoch_k"": 76.19047619047734, ""stoch_d"": 62.69841269841337, ""mss"": 0.0, ""sfp"": 0.0, ""vr"": 1.047738134754758, ""hurst"": 0.24885042745086508, ""atr14"": 0.0032064777697801746, ""vol_sma20"": 2362.3695, ""vol_ratio"": 1.0169196647687841, ""atr_pct"": 0.0010582434883762953, ""retest_entry"": true}"
اتجاهي,dir,directional,TONUSDT,صاعد,Bollinger,1,146646,146653,2025-04-12T20:06:00+00:00,2025-04-12T20:13:00+00:00,7,-0.001809494925663303,-0.03618989851326606,20.0,قفل-ربح,0,False,True,symbol_collision,True,3.0359105,3.035,0.0003,3.0373960672782987,1,baseline,0,"{""close"": 3.035, ""rsi"": 60.9666876252178, ""rsi7"": 65.75513095021695, ""macd"": 0.0002378822182440303, ""adx"": 20.801091659186067, ""stoch_k"": 67.69230769230889, ""stoch_d"": 60.17094017094098, ""mss"": 0.0, ""sfp"": 0.0, ""vr"": 1.0671234045165523, ""hurst"": 0.20532790166546383, ""atr14"": 0.003300270537280127, ""vol_sma20"": 2120.7425000000003, ""vol_ratio"": 0.5482796709171434, ""atr_pct"": 0.001087403801410256, ""retest_entry"": true}"
اتجاهي,dir,directional,TONUSDT,صاعد,Bollinger,1,146660,146662,2025-04-12T20:20:00+00:00,2025-04-12T20:22:00+00:00,2,-0.0009569970833152447,-0.019139941666304894,20.0,تتبع,0,False,True,symbol_collision,True,3.0419123,3.041,0.0003,3.046,1,baseline,0,"{""close"": 3.042, ""rsi"": 65.14449300743453, ""rsi7"": 71.00370117996005, ""macd"": 0.00040889653988385047, ""adx"": 34.153694641248215, ""stoch_k"": 80.08658008658038, ""stoch_d"": 72.44792244792292, ""mss"": 0.0, ""sfp"": 0.0, ""vr"": 1.031121603846785, ""hurst"": 0.1959715530021252, ""atr14"": 0.0032094994502111476, ""vol_sma20"": 2297.175, ""vol_ratio"": 1.6527691621230423, ""atr_pct"": 0.0010550622781759196, ""retest_entry"": true}"
اتجاهي,dir,directional,TONUSDT,صاعد,FVG,1,146665,146669,2025-04-12T20:25:00+00:00,2025-04-12T20:29:00+00:00,4,-0.0008647859161958905,-0.01729571832391781,20.0,تتبع,0,False,True,symbol_collision,True,3.0489144,3.048,0.0003,3.0532933008,1,baseline,0,"{""close"": 3.049, ""rsi"": 72.27991150214667, ""rsi7"": 80.91200711583893, ""macd"": 0.001049364080873646, ""adx"": 41.361718594082944, ""stoch_k"": 89.06088751289984, ""stoch_d"": 86.9551329303652, ""mss"": 0.0, ""sfp"": 0.0, ""vr"": 1.1023962741240174, ""hurst"": 0.23204170495492374, ""atr14"": 0.003468741966456023, ""vol_sma20"": 4044.4300000000003, ""vol_ratio"": 0.16314783541809352, ""atr_pct"": 0.0011376654530849534, ""retest_entry"": true}"
اتجاهي,dir,directional,TONUSDT,صاعد,FVG,1,146680,146682,2025-04-12T20:40:00+00:00,2025-04-12T20:42:00+00:00,2,-0.0018303686899141863,-0.03660737379828373,20.0,تتبع,0,False,True,symbol_collision,True,3.061836,3.06,0.0006,3.064190648,1,baseline,0,"{""close"": 3.061, ""rsi"": 67.05346324461276, ""rsi7"": 64.67062833124857, ""macd"": 7.559607601582453e-05, ""adx"": 49.93362441956008, ""stoch_k"": 75.16339869281067, ""stoch_d"": 69.2619347934105, ""mss"": 0.0, ""sfp"": 0.0, ""vr"": 1.2931710515700907, ""hurst"": 0.3501364065689586, ""atr14"": 0.004308690378607602, ""vol_sma20"": 5770.416, ""vol_ratio"": 0.3379340414971815, ""atr_pct"": 0.001407608748320027, ""retest_entry"": true}"
اتجاهي,dir,directional,TONUSDT,صاعد,MicroBurst,1,146684,146685,2025-04-12T20:44:00+00:00,2025-04-12T20:45:00+00:00,1,-0.0038448693548790614,-0.07689738709758123,20.0,زمني,0,False,True,symbol_collision,True,3.0718419999999997,3.07,0.0006,3.068,1,baseline,0,"{""close"": 3.07, ""rsi"": 75.4402048513517, ""rsi7"": 80.02907257305061, ""macd"": 0.000558648403467768, ""adx"": 52.45288289219577, ""stoch_k"": 98.14814814814862, ""stoch_d"": 92.71604938271678, ""mss"": 0.0, ""sfp"": 0.0, ""vr"": 1.2030163185241558, ""hurst"": 0.3927801532954285, ""atr14"": 0.004091042948339524, ""vol_sma20"": 4462.4574999999995, ""vol_ratio"": 1.9404308052233552, ""atr_pct"": 0.0013325872795894214, ""retest_entry"": true}"
اتجاهي,dir,directional,TONUSDT,هابط,MicroBurst,-1,147137,147138,2025-04-13T04:17:00+00:00,2025-04-13T04:18:00+00:00,1,-0.00203184946847377,-0.04063698936947539,20.0,قفل-ربح,0,False,True,,False,2.8961308999999997,2.897,0.0003,2.8944887187017483,1,baseline,0,"{""close"": 2.897, ""rsi"": 24.91661994721302, ""rsi7"": 16.921020078499723, ""macd"": -0.0008352803628491009, ""adx"": 24.37134126190684, ""stoch_k"": 17.12962962962806, ""stoch_d"": 36.54320987654116, ""mss"": 0.0, ""sfp"": 0.0, ""vr"": 1.13287523698647, ""hurst"": 0.4282646291179803, ""atr14"": 0.0036503868899588855, ""vol_sma20"": 9833.583499999999, ""vol_ratio"": 8.720816780576483, ""atr_pct"": 0.0012600576078560185, ""retest_entry"": true}"
اتجاهي,dir,directional,TONUSDT,هابط,FVG,-1,147152,147163,2025-04-13T04:32:00+00:00,2025-04-13T04:43:00+00:00,11,-0.0019062051275452233,-0.03812410255090447,20.0,تتبع,0,False,True,,False,2.8881333,2.889,0.0003,2.887,1,baseline,0,"{""close"": 2.888, ""rsi"": 27.22020718753248, ""rsi7"": 19.658373339145015, ""macd"": -0.00019751240829579426, ""adx"": 33.621365837215656, ""stoch_k"": 24.01960784313665, ""stoch_d"": 34.47854504120453, ""mss"": 0.0, ""sfp"": 0.0, ""vr"": 1.1593219286307082, ""hurst"": 0.35457103126260847, ""atr14"": 0.003743103878056683, ""vol_sma20"": 13231.142499999998, ""vol_ratio"": 0.5884314223053679, ""atr_pct"": 0.0012960886004351397, ""retest_entry"": true}"
اتجاهي,dir,directional,TONUSDT,هابط,Bollinger,-1,147170,147174,2025-04-13T04:50:00+00:00,2025-04-13T04:54:00+00:00,4,-0.0014880232434882031,-0.029760464869764063,20.0,تتبع,0,False,True,,False,2.8871336,2.888,0.0003,2.8847905648,1,baseline,0,"{""close"": 2.887, ""rsi"": 39.66261240720544, ""rsi7"": 40.120626624652495, ""macd"": 0.0007936925728228295, ""adx"": 41.735883308856714, ""stoch_k"": 55.555555555558506, ""stoch_d"": 65.96119929453496, ""mss"": 0.0, ""sfp"": 0.0, ""vr"": 1.1277718970381256, ""hurst"": 0.38111225989250286, ""atr14"": 0.003671992293976672, ""vol_sma20"": 6645.0575, ""vol_ratio"": 0.528434855529843, ""atr_pct"": 0.0012719058863791728, ""retest_entry"": true}"
اتجاهي,dir,directional,TONUSDT,هابط,Bollinger,-1,147183,147184,2025-04-13T05:03:00+00:00,2025-04-13T05:04:00+00:00,1,-0.004325543573032901,-0.08651087146065801,20.0,زمني,0,False,True,,False,2.8861339,2.887,0.0003,2.892,1,baseline,0,"{""close"": 2.886, ""rsi"": 47.129890583726095, ""rsi7"": 56.65748173681271, ""macd"": 0.0007676366862343631, ""adx"": 39.208783086473794, ""stoch_k"": 61.428571428573285, ""stoch_d"": 59.22619047619214, ""mss"": 0.0, ""sfp"": 0.0, ""vr"": 1.033956549216542, ""hurst"": 0.33185800670465165, ""atr14"": 0.0034480226004902515, ""vol_sma20"": 5451.798000000001, ""vol_ratio"": 0.7268611199461167, ""atr_pct"": 0.001194741025810898, ""retest_entry"": true}"
اتجاهي,dir,directional,TONUSDT,هابط,Stochastic,-1,147190,147195,2025-04-13T05:10:00+00:00,2025-04-13T05:15:00+00:00,5,-0.0017353064811697141,-0.03470612962339428,20.0,قفل-ربح,0,False,True,,False,2.8941315000000003,2.895,0.0003,2.892500104089774,1,baseline,0,"{""close"": 2.894, ""rsi"": 62.437527246199586, ""rsi7"": 74.08624988574428, ""macd"": 0.0013744286291089097, ""adx"": 28.566003413393858, ""stoch_k"": 85.44973544973608, ""stoch_d"": 87.47795414462153, ""mss"": 0.0, ""sfp"": 0.0, ""vr"": 1.067743243632858, ""hurst"": 0.32452871240622533, ""atr14"": 0.0036251595219076323, ""vol_sma20"": 5357.05, ""vol_ratio"": 0.5418691257315127, ""atr_pct"": 0.0012526466903620013, ""retest_entry"": true}"
اتجاهي,dir,directional,TONUSDT,هابط,Bollinger,-1,147211,147212,2025-04-13T05:31:00+00:00,2025-04-13T05:32:00+00:00,1,-0.005290809190808995,-0.1058161838161799,20.0,وقف,0,False,True,,False,2.9171246,2.918,0.0003,2.9258759737999998,1,baseline,0,"{""close"": 2.917, ""rsi"": 84.49370588195032, ""rsi7"": 94.46575047616793, ""macd"": 0.0010462933651684356, ""adx"": 47.04431000241796, ""stoch_k"": 91.11247947454801, ""stoch_d"": 93.64704168652933, ""mss"": 0.0, ""sfp"": 0.0, ""vr"": 1.0001509821187786, ""hurst"": 0.5646218806904252, ""atr14"": 0.0035800802532550084, ""vol_sma20"": 7532.5205000000005, ""vol_ratio"": 0.8822345720798237, ""atr_pct"": 0.0012273158221648983, ""retest_entry"": true}"
اتجاهي,dir,directional,TONUSDT,هابط,FVG,-1,147215,147218,2025-04-13T05:35:00+00:00,2025-04-13T05:38:00+00:00,3,-0.001758151081825206,-0.03516302163650412,20.0,تتبع,0,False,True,,False,2.9141255,2.915,0.0003,2.912549559,1,baseline,0,"{""close"": 2.914, ""rsi"": 62.711499671394236, ""rsi7"": 49.557016238994684, ""macd"": -0.0001731190740598609, ""adx"": 49.12162740060128, ""stoch_k"": 63.00375738056935, ""stoch_d"": 77.20907139023107, ""mss"": 0.0, ""sfp"": 0.0, ""vr"": 1.13856024179738, ""hurst"": 0.5792212869916139, ""atr14"": 0.004119577054175745, ""vol_sma20"": 6988.2815, ""vol_ratio"": 0.3953761736701648, ""atr_pct"": 0.0014137189616251697, ""retest_entry"": true}"
اتجاهي,dir,directional,TONUSDT,هابط,FVG,-1,147226,147235,2025-04-13T05:46:00+00:00,2025-04-13T05:55:00+00:00,9,-0.005290809190808995,-0.1058161838161799,20.0,وقف,0,False,True,,False,2.9061279,2.907,0.0003,2.9148462836999998,1,baseline,0,"{""close"": 2.907, ""rsi"": 45.911919817893455, ""rsi7"": 36.586153493572326, ""macd"": -0.001510880081325455, ""adx"": 32.19057098556035, ""stoch_k"": 11.11111111111078, ""stoch_d"": 15.432098765431983, ""mss"": 0.0, ""sfp"": 0.0, ""vr"": 1.0300818547830692, ""hurst"": 0.545767390408018, ""atr14"": 0.0038439092842920968, ""vol_sma20"": 5141.5779999999995, ""vol_ratio"": 0.8985859983063565, ""atr_pct"": 0.0013222942154427577, ""retest_entry"": true}"
اتجاهي,dir,directional,TONUSDT,هابط,MicroBurst,-1,147243,147245,2025-04-13T06:03:00+00:00,2025-04-13T06:05:00+00:00,2,-0.0019128369873429214,-0.03825673974685843,20.0,قفل-ربح,0,False,True,,False,2.9161249,2.917,0.0003,2.915,1,baseline,0,"{""close"": 2.917, ""rsi"": 60.570607894473156, ""rsi7"": 65.05652077624569, ""macd"": 0.0007134641169773749, ""adx"": 23.080277157911503, ""stoch_k"": 95.23809523809501, ""stoch_d"": 91.57509157509189, ""mss"": 0.0, ""sfp"": 0.0, ""vr"": 0.9304932277306219, ""hurst"": 0.5320892446427308, ""atr14"": 0.003489301880475736, ""vol_sma20"": 5962.664, ""vol_ratio"": 2.0013017671295916, ""atr_pct"": 0.0011961953652642222, ""retest_entry"": true}"
اتجاهي,dir,directional,TONUSDT,هابط,FVG,-1,147258,147259,2025-04-13T06:18:00+00:00,2025-04-13T06:19:00+00:00,1,-0.0025971028071656095,-0.05194205614331219,20.0,زمني,0,False,True,,False,2.9211234000000004,2.922,0.0003,2.922,1,baseline,0,"{""close"": 2.921, ""rsi"": 56.44544127031428, ""rsi7"": 51.01614919991552, ""macd"": 0.0003496003954425748, ""adx"": 22.577589733210242, ""stoch_k"": 73.68421052631614, ""stoch_d"": 81.68859649122805, ""mss"": 0.0, ""sfp"": 0.0, ""vr"": 1.0119542593365274, ""hurst"": 0.4719059241839535, ""atr14"": 0.00377522726374936, ""vol_sma20"": 6000.394, ""vol_ratio"": 1.2349289063351507, ""atr_pct"": 0.0012924434316156658, ""retest_entry"": true}"
اتجاهي,dir,directional,TONUSDT,هابط,Bollinger,-1,147262,147263,2025-04-13T06:22:00+00:00,2025-04-13T06:23:00+00:00,1,-0.0029387672023084024,-0.05877534404616805,20.0,زمني,0,False,True,,False,2.9201237,2.921,0.0003,2.922,1,baseline,0,"{""close"": 2.921, ""rsi"": 55.50039496649636, ""rsi7"": 49.01650430423077, ""macd"": -0.0002885562031562216, ""adx"": 23.278609332336544, ""stoch_k"": 52.005012531329136, ""stoch_d"": 57.39348370927411, ""mss"": 0.0, ""sfp"": 0.0, ""vr"": 0.9647310957773702, ""hurst"": 0.4588586080911395, ""atr14"": 0.0035956962171997744, ""vol_sma20"": 6177.992, ""vol_ratio"": 0.9308461390043885, ""atr_pct"": 0.0012309812451899262, ""retest_entry"": true}"
اتجاهي,dir,directional,TONUSDT,هابط,Bollinger,-1,147267,147270,2025-04-13T06:27:00+00:00,2025-04-13T06:30:00+00:00,3,-0.0017597176305839404,-0.03519435261167881,20.0,تتبع,0,False,True,,False,2.9211234000000004,2.922,0.0003,2.9195482612,1,baseline,0,"{""close"": 2.922, ""rsi"": 54.84336074714378, ""rsi7"": 50.16665914895992, ""macd"": -0.00040837772346374087, ""adx"": 27.378775787532273, ""stoch_k"": 25.92592592592852, ""stoch_d"": 31.6429249762604, ""mss"": 0.0, ""sfp"": 0.0, ""vr"": 0.9422302465781356, ""hurst"": 0.45402396300403014, ""atr14"": 0.003513056010093945, ""vol_sma20"": 5769.643, ""vol_ratio"": 0.6663462540056637, ""atr_pct"": 0.0012022778953093582, ""retest_entry"": true}"
اتجاهي,dir,directional,TONUSDT,هابط,FVG,-1,147272,147273,2025-04-13T06:32:00+00:00,2025-04-13T06:33:00+00:00,1,-0.002939940903425274,-0.05879881806850548,20.0,زمني,0,False,True,,False,2.9101267,2.911,0.0003,2.912,1,baseline,0,"{""close"": 2.911, ""rsi"": 34.038731204056546, ""rsi7"": 18.147510912230956, ""macd"": -0.0015697913233552374, ""adx"": 23.783184776606635, ""stoch_k"": 0.0, ""stoch_d"": 1.234567901234443, ""mss"": 0.0, ""sfp"": 0.0, ""vr"": 0.9761460739872563, ""hurst"": 0.45743990025529596, ""atr14"": 0.0036334248846384945, ""vol_sma20"": 6856.452499999999, ""vol_ratio"": 0.5235374998951718, ""atr_pct"": 0.0012481706920778064, ""retest_entry"": true}"
اتجاهي,dir,directional,TONUSDT,هابط,EMA,-1,147284,147285,2025-04-13T06:44:00+00:00,2025-04-13T06:45:00+00:00,1,-0.0025971028071656095,-0.05194205614331219,20.0,زمني,0,False,True,,False,2.9091270000000002,2.91,0.0003,2.91,1,baseline,0,"{""close"": 2.91, ""rsi"": 39.72129283942298, ""rsi7"": 37.55710845095027, ""macd"": -0.000312443492808236, ""adx"": 14.504361071033259, ""stoch_k"": 19.44444444444744, ""stoch_d"": 22.063492063494426, ""mss"": 0.0, ""sfp"": 0.0, ""vr"": 0.8509339129470841, ""hurst"": 0.4202074060920576, ""atr14"": 0.0031422696410599847, ""vol_sma20"": 5269.8345, ""vol_ratio"": 0.19066822686746615, ""atr_pct"": 0.0010798177460687231, ""retest_entry"": true}"
اتجاهي,dir,directional,TONUSDT,هابط,Bollinger,-1,147293,147294,2025-04-13T06:53:00+00:00,2025-04-13T06:54:00+00:00,1,-0.0032830146272424753,-0.06566029254484951,20.0,زمني,0,False,True,,False,2.9091270000000002,2.91,0.0003,2.912,1,baseline,0,"{""close"": 2.911, ""rsi"": 43.661870358279735, ""rsi7"": 42.34077699007125, ""macd"": 0.0002326267577003058, ""adx"": 10.773301757403214, ""stoch_k"": 38.888888888890754, ""stoch_d"": 53.70370370370412, ""mss"": 0.0, ""sfp"": 0.0, ""vr"": 0.7648314198499224, ""hurst"": 0.41373175263868994, ""atr14"": 0.002769816593984727, ""vol_sma20"": 3921.41, ""vol_ratio"": 1.3926240816441027, ""atr_pct"": 0.0009515000322860622, ""retest_entry"": true}"
اتجاهي,dir,directional,TONUSDT,هابط,FVG,-1,147314,147323,2025-04-13T07:14:00+00:00,2025-04-13T07:23:00+00:00,9,-0.00015531653143805252,-0.00310633062876105,20.0,تتبع,0,False,True,,False,2.9141255,2.915,0.0003,2.907867941,1,baseline,0,"{""close"": 2.915, ""rsi"": 47.62284604460048, ""rsi7"": 40.73646578907175, ""macd"": -9.924586327750501e-05, ""adx"": 25.097355765488096, ""stoch_k"": 36.57407407407345, ""stoch_d"": 49.49294532627871, ""mss"": 0.0, ""sfp"": 0.0, ""vr"": 0.8422095043727043, ""hurst"": 0.4517269034734069, ""atr14"": 0.0028213703738462935, ""vol_sma20"": 3316.608, ""vol_ratio"": 1.1198278482111845, ""atr_pct"": 0.0009678800596385226, ""retest_entry"": true}"
اتجاهي,dir,directional,TONUSDT,هابط,MicroBurst,-1,147326,147336,2025-04-13T07:26:00+00:00,2025-04-13T07:36:00+00:00,10,-0.000996039200131902,-0.01992078400263804,20.0,تتبع,0,False,True,,False,2.9031288,2.904,0.0003,2.8993412016,1,baseline,0,"{""close"": 2.903, ""rsi"": 29.799017855167904, ""rsi7"": 22.06882362869078, ""macd"": -0.0009282537360948255, ""adx"": 26.99735459293896, ""stoch_k"": 13.071895424836889, ""stoch_d"": 11.801016702977842, ""mss"": 0.0, ""sfp"": 0.0, ""vr"": 0.9439167935461376, ""hurst"": 0.44545652198979846, ""atr14"": 0.003018044130482664, ""vol_sma20"": 7663.601999999999, ""vol_ratio"": 4.106537630738131, ""atr_pct"": 0.0010396293938968874, ""retest_entry"": true}"
اتجاهي,dir,directional,TONUSDT,هابط,Bollinger,-1,147353,147363,2025-04-13T07:53:00+00:00,2025-04-13T08:03:00+00:00,10,-0.0009980841693373074,-0.01996168338674615,20.0,تتبع,0,False,True,,False,2.9071276,2.908,0.0003,2.9033407432,1,baseline,0,"{""close"": 2.908, ""rsi"": 53.76465629715521, ""rsi7"": 53.350574199622066, ""macd"": 0.0010349691082989234, ""adx"": 33.8907858409045, ""stoch_k"": 74.28571428571585, ""stoch_d"": 80.43650793650932, ""mss"": 0.0, ""sfp"": 0.0, ""vr"": 1.0085491633919024, ""hurst"": 0.42817528029714735, ""atr14"": 0.0030013513720129697, ""vol_sma20"": 7788.414499999999, ""vol_ratio"": 0.2868504237929299, ""atr_pct"": 0.0010321015722190405, ""retest_entry"": true}"
اتجاهي,dir,directional,TONUSDT,هابط,MicroBurst,-1,147370,147372,2025-04-13T08:10:00+00:00,2025-04-13T08:12:00+00:00,2,-0.000993988589631983,-0.01987977179263966,20.0,تتبع,0,False,True,,False,2.89913,2.9,0.0003,2.8953416599999997,1,baseline,0,"{""close"": 2.901, ""rsi"": 39.122626185135985, ""rsi7"": 29.577270755091277, ""macd"": -0.0006196332314518192, ""adx"": 20.528504188464584, ""stoch_k"": 14.444444444445864, ""stoch_d"": 21.728395061729717, ""mss"": 0.0, ""sfp"": 0.0, ""vr"": 1.0531433763945817, ""hurst"": 0.4730953352877865, ""atr14"": 0.003014929317109567, ""vol_sma20"": 3628.0150000000003, ""vol_ratio"": 3.198691295377775, ""atr_pct"": 0.0010392724292001266, ""retest_entry"": true}"
اتجاهي,dir,directional,TONUSDT,هابط,FVG,-1,147384,147385,2025-04-13T08:24:00+00:00,2025-04-13T08:25:00+00:00,1,-0.00259710280716572,-0.0519420561433144,20.0,زمني,0,False,True,,False,2.8961308999999997,2.897,0.0003,2.897,1,baseline,0,"{""close"": 2.897, ""rsi"": 40.788686474866736, ""rsi7"": 37.278923889884695, ""macd"": 0.000296254045976633, ""adx"": 21.65093141985455, ""stoch_k"": 61.111111111111946, ""stoch_d"": 69.8717948717961, ""mss"": 0.0, ""sfp"": 0.0, ""vr"": 1.119153379076256, ""hurst"": 0.39103024340705067, ""atr14"": 0.0031542670296565867, ""vol_sma20"": 5710.1720000000005, ""vol_ratio"": 2.039210027298652, ""atr_pct"": 0.0010888046357116282, ""retest_entry"": true}"
اتجاهي,dir,directional,TONUSDT,هابط,MACD,-1,147387,147388,2025-04-13T08:27:00+00:00,2025-04-13T08:28:00+00:00,1,-0.003286092588464814,-0.06572185176929629,20.0,زمني,0,False,True,,False,2.8961308999999997,2.897,0.0003,2.899,1,baseline,0,"{""close"": 2.897, ""rsi"": 41.919153552030444, ""rsi7"": 39.637836249615184, ""macd"": -1.3606635647094197e-05, ""adx"": 21.41273780177841, ""stoch_k"": 38.888888888889724, ""stoch_d"": 41.66666666666753, ""mss"": 0.0, ""sfp"": 0.0, ""vr"": 1.0599308484693852, ""hurst"": 0.38987477310143503, ""atr14"": 0.002990497326587327, ""vol_sma20"": 5792.827499999999, ""vol_ratio"": 0.48925157878428116, ""atr_pct"": 0.0010322738441792638, ""retest_entry"": true}"
اتجاهي,dir,directional,TONUSDT,هابط,MACD,-1,147391,147392,2025-04-13T08:31:00+00:00,2025-04-13T08:32:00+00:00,1,-0.003286092588464814,-0.06572185176929629,20.0,زمني,0,False,True,,False,2.8961308999999997,2.897,0.0003,2.899,1,baseline,0,"{""close"": 2.897, ""rsi"": 42.985754004963546, ""rsi7"": 41.78777210874054, ""macd"": -7.316110475896927e-06, ""adx"": 20.034267969496778, ""stoch_k"": 20.740740740740524, ""stoch_d"": 26.80134680134638, ""mss"": 0.0, ""sfp"": 0.0, ""vr"": 0.9508279066846885, ""hurst"": 0.39317706067069025, ""atr14"": 0.0026792116343362948, ""vol_sma20"": 5501.402, ""vol_ratio"": 0.4945212147739794, ""atr_pct"": 0.0009248227940408336, ""retest_entry"": true}"
اتجاهي,dir,directional,TONUSDT,هابط,FVG,-1,147395,147406,2025-04-13T08:35:00+00:00,2025-04-13T08:46:00+00:00,11,-0.005290809190808995,-0.1058161838161799,20.0,وقف,0,False,True,,False,2.8941315000000003,2.895,0.0003,2.9028138945,1,baseline,0,"{""close"": 2.895, ""rsi"": 40.89650686528246, ""rsi7"": 38.292241492374266, ""macd"": -0.0001453020107955198, ""adx"": 19.765835765375133, ""stoch_k"": 16.66666666666805, ""stoch_d"": 19.13580246913718, ""mss"": 0.0, ""sfp"": 0.0, ""vr"": 1.0064232152630532, ""hurst"": 0.39728756114882385, ""atr14"": 0.0028369680208319373, ""vol_sma20"": 4669.1105, ""vol_ratio"": 1.3530542916043646, ""atr_pct"": 0.000979954411340911, ""retest_entry"": true}"
اتجاهي,dir,directional,TONUSDT,هابط,Bollinger,-1,147415,147423,2025-04-13T08:55:00+00:00,2025-04-13T09:03:00+00:00,8,-0.0018752464911766763,-0.037504929823533525,20.0,قفل-ربح,0,False,True,,False,2.9001297,2.901,0.0003,2.898901701794259,1,baseline,0,"{""close"": 2.902, ""rsi"": 55.80200837338235, ""rsi7"": 55.52039458435669, ""macd"": 0.0005568229868679441, ""adx"": 29.931253946849537, ""stoch_k"": 72.22222222222182, ""stoch_d"": 74.9999999999992, ""mss"": 0.0, ""sfp"": 0.0, ""vr"": 0.9533817203661976, ""hurst"": 0.3150280498351275, ""atr14"": 0.0027306447655002157, ""vol_sma20"": 3728.8340000000003, ""vol_ratio"": 0.7305554497733071, ""atr_pct"": 0.0009409527103722314, ""retest_entry"": true}"
اتجاهي,dir,directional,TONUSDT,هابط,FVG,-1,147431,147432,2025-04-13T09:11:00+00:00,2025-04-13T09:12:00+00:00,1,-0.002941954810694107,-0.05883909621388214,20.0,زمني,0,False,True,,False,2.8931318000000004,2.894,0.0003,2.895,1,baseline,0,"{""close"": 2.894, ""rsi"": 37.30329167816507, ""rsi7"": 27.764196859618053, ""macd"": -0.0003422464250065285, ""adx"": 19.94662051339349, ""stoch_k"": 33.333333333333556, ""stoch_d"": 48.91975308641943, ""mss"": 0.0, ""sfp"": 0.0, ""vr"": 1.0321481414915334, ""hurst"": 0.31135130488410945, ""atr14"": 0.002950375678887869, ""vol_sma20"": 3808.5275, ""vol_ratio"": 0.8584997745191546, ""atr_pct"": 0.0010194801931195125, ""retest_entry"": true}"
اتجاهي,dir,directional,TONUSDT,هابط,FVG,-1,147445,147446,2025-04-13T09:25:00+00:00,2025-04-13T09:26:00+00:00,1,-0.0036316588177512134,-0.07263317635502427,20.0,زمني,0,False,True,,False,2.8931318000000004,2.894,0.0003,2.897,1,baseline,0,"{""close"": 2.895, ""rsi"": 46.68347502412959, ""rsi7"": 49.035127074088216, ""macd"": 0.00017401048071160143, ""adx"": 16.902873587243835, ""stoch_k"": 41.11111111111185, ""stoch_d"": 39.8148148148149, ""mss"": 0.0, ""sfp"": 0.0, ""vr"": 0.8775189892068093, ""hurst"": 0.30326482969725976, ""atr14"": 0.0025023882183804903, ""vol_sma20"": 4397.39, ""vol_ratio"": 0.7767266492169218, ""atr_pct"": 0.0008643828042765078, ""retest_entry"": true}"
اتجاهي,dir,directional,TONUSDT,هابط,ADX,-1,147452,147453,2025-04-13T09:32:00+00:00,2025-04-13T09:33:00+00:00,1,-0.0025971028071656095,-0.05194205614331219,20.0,زمني,0,False,True,,False,2.89913,2.9,0.0003,2.9,1,baseline,0,"{""close"": 2.9, ""rsi"": 56.281890035160984, ""rsi7"": 58.39032285766138, ""macd"": 0.0008324546246955798, ""adx"": 22.66061403424282, ""stoch_k"": 70.7264957264967, ""stoch_d"": 78.8299663299667, ""mss"": 0.0, ""sfp"": 0.0, ""vr"": 1.035679618282251, ""hurst"": 0.293721257006991, ""atr14"": 0.0029393368487365935, ""vol_sma20"": 6876.544499999999, ""vol_ratio"": 0.2404478004904935, ""atr_pct"": 0.0010135644305988253, ""retest_entry"": true}"
اتجاهي,dir,directional,TONUSDT,هابط,Bollinger,-1,147456,147457,2025-04-13T09:36:00+00:00,2025-04-13T09:37:00+00:00,1,-0.004318388937230788,-0.08636777874461576,20.0,زمني,0,False,True,,False,2.8981303,2.899,0.0003,2.904,1,baseline,0,"{""close"": 2.899, ""rsi"": 53.14042264103238, ""rsi7"": 51.474865275567886, ""macd"": 0.0002917165923993038, ""adx"": 25.410755580173788, ""stoch_k"": 52.777777777779534, ""stoch_d"": 55.55555555555685, ""mss"": 0.0, ""sfp"": 0.0, ""vr"": 0.9343537482316838, ""hurst"": 0.2899194018813909, ""atr14"": 0.0026411755450011713, ""vol_sma20"": 7326.6625, ""vol_ratio"": 0.6249079986965415, ""atr_pct"": 0.0009110643480514561, ""retest_entry"": true}"
اتجاهي,dir,directional,TONUSDT,هابط,Bollinger,-1,147463,147464,2025-04-13T09:43:00+00:00,2025-04-13T09:44:00+00:00,1,-0.004316017202983229,-0.08632034405966459,20.0,زمني,0,False,True,,False,2.9021291000000002,2.903,0.0003,2.908,1,baseline,0,"{""close"": 2.903, ""rsi"": 58.108022885538226, ""rsi7"": 57.54200546447004, ""macd"": 0.00038290931372084776, ""adx"": 30.527804147832637, ""stoch_k"": 83.06878306878463, ""stoch_d"": 81.94324194324366, ""mss"": 0.0, ""sfp"": 0.0, ""vr"": 0.8817926177668747, ""hurst"": 0.265868909236246, ""atr14"": 0.0024767674318603885, ""vol_sma20"": 6872.209999999999, ""vol_ratio"": 0.7320439858502579, ""atr_pct"": 0.0008531751401517012, ""retest_entry"": true}"
اتجاهي,dir,directional,TONUSDT,هابط,Bollinger,-1,147466,147470,2025-04-13T09:46:00+00:00,2025-04-13T09:50:00+00:00,4,-0.0018476443150481883,-0.036952886300963765,20.0,قفل-ربح,0,False,True,,False,2.9051282,2.906,0.0003,2.9038177127533995,1,baseline,0,"{""close"": 2.906, ""rsi"": 61.52296685511113, ""rsi7"": 62.47583320520486, ""macd"": 0.000493010013124635, ""adx"": 31.749298684535145, ""stoch_k"": 78.57142857142848, ""stoch_d"": 81.48148148148192, ""mss"": 0.0, ""sfp"": 0.0, ""vr"": 1.0398989107054386, ""hurst"": 0.27280852893420027, ""atr14"": 0.002913067801675407, ""vol_sma20"": 7002.7305, ""vol_ratio"": 1.1126474166041376, ""atr_pct"": 0.0010024321409757078, ""retest_entry"": true}"
اتجاهي,dir,directional,TONUSDT,هابط,FVG,-1,147480,147481,2025-04-13T10:00:00+00:00,2025-04-13T10:01:00+00:00,1,-0.002939705518532545,-0.058794110370650896,20.0,زمني,0,False,True,,False,2.9121261,2.913,0.0003,2.914,1,baseline,0,"{""close"": 2.913, ""rsi"": 65.25437227384661, ""rsi7"": 68.46073359686065, ""macd"": 0.0009578384726444552, ""adx"": 27.295467339018646, ""stoch_k"": 84.31372549019619, ""stoch_d"": 89.54248366013108, ""mss"": 0.0, ""sfp"": 0.0, ""vr"": 1.127062642721472, ""hurst"": 0.31490110532799553, ""atr14"": 0.0031583670796508628, ""vol_sma20"": 5518.0575, ""vol_ratio"": 0.8026357101208169, ""atr_pct"": 0.0010842317472196576, ""retest_entry"": true}"
اتجاهي,dir,directional,TONUSDT,هابط,MicroBurst,-1,147483,147492,2025-04-13T10:03:00+00:00,2025-04-13T10:12:00+00:00,9,-0.0003654470563031275,-0.00730894112606255,20.0,تتبع,0,False,True,,False,2.9121261,2.913,0.0003,2.9064861702,1,baseline,0,"{""close"": 2.913, ""rsi"": 62.625790543049035, ""rsi7"": 61.96995521902984, ""macd"": 0.0006445510310005105, ""adx"": 29.446321986833144, ""stoch_k"": 83.33333333333437, ""stoch_d"": 83.5875090777058, ""mss"": 0.0, ""sfp"": 0.0, ""vr"": 1.1799778413312634, ""hurst"": 0.3365911946597853, ""atr14"": 0.0033163019220090926, ""vol_sma20"": 6574.806, ""vol_ratio"": 1.9396602728658459, ""atr_pct"": 0.001138448994853791, ""retest_entry"": true}"
اتجاهي,dir,directional,TONUSDT,هابط,KAMA,-1,147495,147496,2025-04-13T10:15:00+00:00,2025-04-13T10:16:00+00:00,1,-0.0022530829180889356,-0.04506165836177871,20.0,زمني,0,False,True,,False,2.9001297,2.901,0.0003,2.9,1,baseline,0,"{""close"": 2.901, ""rsi"": 34.933020165100714, ""rsi7"": 16.451835609901735, ""macd"": -0.0014600511321356834, ""adx"": 20.410550838707202, ""stoch_k"": 8.385854341736911, ""stoch_d"": 8.203003423591957, ""mss"": 0.0, ""sfp"": 0.0, ""vr"": 1.1130449827026085, ""hurst"": 0.35057980768269137, ""atr14"": 0.003168699790388472, ""vol_sma20"": 6622.3685, ""vol_ratio"": 0.42894622973638513, ""atr_pct"": 0.001092278452391752, ""retest_entry"": true}"
اتجاهي,dir,directional,TONUSDT,هابط,Bollinger,-1,147505,147506,2025-04-13T10:25:00+00:00,2025-04-13T10:26:00+00:00,1,-0.003284905493734718,-0.06569810987469436,20.0,زمني,0,False,True,,False,2.9011294000000003,2.902,0.0003,2.904,1,baseline,0,"{""close"": 2.902, ""rsi"": 43.709826201506104, ""rsi7"": 41.61000720386762, ""macd"": -6.011772673554592e-05, ""adx"": 14.735173138186077, ""stoch_k"": 49.410774410774, ""stoch_d"": 53.57204523871119, ""mss"": 0.0, ""sfp"": 0.0, ""vr"": 1.0673739781213476, ""hurst"": 0.3781473515533808, ""atr14"": 0.0030702482793781524, ""vol_sma20"": 6597.785000000001, ""vol_ratio"": 0.3894018977581112, ""atr_pct"": 0.001057976664155118, ""retest_entry"": true}"
اتجاهي,dir,directional,TONUSDT,هابط,MACD,-1,147509,147512,2025-04-13T10:29:00+00:00,2025-04-13T10:32:00+00:00,3,-0.001520097912154407,-0.03040195824308814,20.0,تتبع,0,False,True,,False,2.8981303,2.899,0.0003,2.895,1,baseline,0,"{""close"": 2.899, ""rsi"": 38.224497934013016, ""rsi7"": 31.00841576434044, ""macd"": -0.0001619924580686218, ""adx"": 12.85455971638062, ""stoch_k"": 44.44444444444357, ""stoch_d"": 55.5555555555546, ""mss"": 0.0, ""sfp"": 0.0, ""vr"": 1.1028028628718138, ""hurst"": 0.37206333037048567, ""atr14"": 0.0031815483420272487, ""vol_sma20"": 6077.2075, ""vol_ratio"": 1.0385954404222664, ""atr_pct"": 0.0010974640710683852, ""retest_entry"": true}"
اتجاهي,dir,directional,TONUSDT,هابط,FVG,-1,147522,147525,2025-04-13T10:42:00+00:00,2025-04-13T10:45:00+00:00,3,-0.001806432122009915,-0.0361286424401983,20.0,قفل-ربح,0,False,True,,False,2.89913,2.9,0.0003,2.8977024638424362,1,baseline,0,"{""close"": 2.899, ""rsi"": 45.73543519931935, ""rsi7"": 46.21858499682382, ""macd"": 0.00030923475235162786, ""adx"": 14.871984772472848, ""stoch_k"": 64.65201465201616, ""stoch_d"": 67.95685795685903, ""mss"": 0.0, ""sfp"": 0.0, ""vr"": 1.0719661027771403, ""hurst"": 0.42251999580191285, ""atr14"": 0.0031721603230222095, ""vol_sma20"": 5670.8605, ""vol_ratio"": 0.2935462792639671, ""atr_pct"": 0.0010942257064581612, ""retest_entry"": true}"
اتجاهي,dir,directional,TONUSDT,هابط,Bollinger,-1,147536,147768,2025-04-13T10:56:00+00:00,2025-04-13T14:48:00+00:00,232,0.01512265830156184,0.3024531660312368,20.0,تتبع,0,True,True,,False,2.9112522,2.913,0.0006,2.8604203404,1,baseline,0,"{""close"": 2.913, ""rsi"": 67.11861281534587, ""rsi7"": 72.93491779518723, ""macd"": 0.0019805573311098912, ""adx"": 34.043426792352726, ""stoch_k"": 53.5087719298246, ""stoch_d"": 53.80116959064326, ""mss"": 0.0, ""sfp"": 0.0, ""vr"": 1.4165366829976327, ""hurst"": 0.35679106489577983, ""atr14"": 0.004425203627336171, ""vol_sma20"": 15014.884, ""vol_ratio"": 0.9074528980710074, ""atr_pct"": 0.0015191224261366877, ""retest_entry"": true}"
اتجاهي,dir,directional,TONUSDT,هابط,FVG,-1,159713,159714,2025-04-21T21:53:00+00:00,2025-04-21T21:54:00+00:00,1,-0.004571808396018846,-0.09143616792037693,20.0,زمني,0,False,True,,False,2.9002588,2.902,0.0006,2.906,1,baseline,0,"{""close"": 2.902, ""rsi"": 61.850431411970796, ""rsi7"": 64.80997625515364, ""macd"": 0.0012543508110328956, ""adx"": 24.548198161587063, ""stoch_k"": 58.33333333333443, ""stoch_d"": 63.888888888890044, ""mss"": 0.0, ""sfp"": 0.0, ""vr"": 1.388977238416223, ""hurst"": 0.17892977828740544, ""atr14"": 0.0035827271446016093, ""vol_sma20"": 4535.894999999995, ""vol_ratio"": 0.39670009998026895, ""atr_pct"": 0.001234571724535358, ""retest_entry"": true}"
اتجاهي,dir,directional,TONUSDT,هابط,FVG,-1,159722,159743,2025-04-21T22:02:00+00:00,2025-04-21T22:23:00+00:00,21,0.0009154227301208499,0.018308454602416997,20.0,تتبع,0,True,True,,False,2.9031288,2.904,0.0003,2.8937792016,1,baseline,0,"{""close"": 2.903, ""rsi"": 55.88608093969693, ""rsi7"": 47.41715501424603, ""macd"": 1.6903034725720533e-05, ""adx"": 33.04206704694026, ""stoch_k"": 56.66666666666794, ""stoch_d"": 63.80952380952501, ""mss"": 0.0, ""sfp"": 0.0, ""vr"": 1.1442570212573313, ""hurst"": 0.2949454753786133, ""atr14"": 0.0030234357019090323, ""vol_sma20"": 4625.663999999995, ""vol_ratio"": 0.6887919226299193, ""atr_pct"": 0.0010414866351736245, ""retest_entry"": true}"
اتجاهي,dir,directional,TONUSDT,هابط,Stochastic,-1,159759,159775,2025-04-21T22:39:00+00:00,2025-04-21T22:55:00+00:00,16,-0.0018675720450237342,-0.03735144090047468,20.0,قفل-ربح,0,False,True,,False,2.8971306,2.898,0.0003,2.8958815866220715,1,baseline,0,"{""close"": 2.899, ""rsi"": 59.91348673382823, ""rsi7"": 64.92578450223806, ""macd"": 0.0012253265420928525, ""adx"": 17.549800141766266, ""stoch_k"": 78.57142857142934, ""stoch_d"": 79.2063492063504, ""mss"": 0.0, ""sfp"": 0.0, ""vr"": 1.015764382880055, ""hurst"": 0.350393427923286, ""atr14"": 0.002777376256059834, ""vol_sma20"": 2738.816499999996, ""vol_ratio"": 1.020086595797858, ""atr_pct"": 0.0009580463111624126, ""retest_entry"": true}"
اتجاهي,dir,directional,TONUSDT,هابط,EMA,-1,159781,159791,2025-04-21T23:01:00+00:00,2025-04-21T23:11:00+00:00,10,0.0007162570333772724,0.014325140667545448,20.0,تتبع,0,True,True,,False,2.8911324,2.892,0.0003,2.8823985768,1,baseline,0,"{""close"": 2.892, ""rsi"": 43.11464248203792, ""rsi7"": 36.504994894499525, ""macd"": -0.00044119509505401145, ""adx"": 18.16072792128241, ""stoch_k"": 38.8888888888873, ""stoch_d"": 47.15099715099549, ""mss"": 0.0, ""sfp"": 0.0, ""vr"": 1.0211490843784747, ""hurst"": 0.3602679803830767, ""atr14"": 0.0028329101135184903, ""vol_sma20"": 3469.206999999995, ""vol_ratio"": 0.7636673164789545, ""atr_pct"": 0.0009795678124199484, ""retest_entry"": true}"
اتجاهي,dir,directional,TONUSDT,هابط,Stochastic,-1,159802,159803,2025-04-21T23:22:00+00:00,2025-04-21T23:23:00+00:00,1,-0.003635246043863107,-0.07270492087726214,20.0,زمني,0,False,True,,False,2.8831348,2.884,0.0003,2.887,1,baseline,0,"{""close"": 2.885, ""rsi"": 47.83137151342147, ""rsi7"": 52.212823189157085, ""macd"": 0.0008929510802187113, ""adx"": 26.229816558177923, ""stoch_k"": 86.66666666666565, ""stoch_d"": 90.86419753086358, ""mss"": 0.0, ""sfp"": 0.0, ""vr"": 1.0624307481656017, ""hurst"": 0.3671406134186146, ""atr14"": 0.003047151945577143, ""vol_sma20"": 3707.519499999996, ""vol_ratio"": 0.8418458756589152, ""atr_pct"": 0.001056205180442684, ""retest_entry"": true}"
اتجاهي,dir,directional,TONUSDT,هابط,MicroBurst,-1,159808,159809,2025-04-21T23:28:00+00:00,2025-04-21T23:29:00+00:00,1,-0.00398225436609939,-0.0796450873219878,20.0,زمني,0,False,True,,False,2.8811354000000002,2.882,0.0003,2.886,1,baseline,0,"{""close"": 2.883, ""rsi"": 43.270711260938874, ""rsi7"": 37.603129309166945, ""macd"": 0.0005510801064132517, ""adx"": 21.641074528884246, ""stoch_k"": 76.66666666666742, ""stoch_d"": 90.00000000000053, ""mss"": 0.0, ""sfp"": 0.0, ""vr"": 0.9714282699972603, ""hurst"": 0.38164858404848684, ""atr14"": 0.002790209706850326, ""vol_sma20"": 3416.658999999995, ""vol_ratio"": 5.977192924432912, ""atr_pct"": 0.0009678146745925515, ""retest_entry"": true}"
اتجاهي,dir,directional,TONUSDT,هابط,FVG,-1,159815,159816,2025-04-21T23:35:00+00:00,2025-04-21T23:36:00+00:00,1,-0.0025971028071656095,-0.05194205614331219,20.0,زمني,0,False,True,,False,2.8811354000000002,2.882,0.0003,2.882,1,baseline,0,"{""close"": 2.882, ""rsi"": 42.412973662647744, ""rsi7"": 36.416877141169046, ""macd"": -0.0001042197943431137, ""adx"": 19.600848357034167, ""stoch_k"": 28.703703703704047, ""stoch_d"": 45.83333333333272, ""mss"": 0.0, ""sfp"": 0.0, ""vr"": 1.050164696294372, ""hurst"": 0.3969579722433801, ""atr14"": 0.002979022651821404, ""vol_sma20"": 3320.3739999999952, ""vol_ratio"": 0.3927629839289194, ""atr_pct"": 0.0010336650422697446, ""retest_entry"": true}"
اتجاهي,dir,directional,TONUSDT,هابط,FVG,-1,159825,159828,2025-04-21T23:45:00+00:00,2025-04-21T23:48:00+00:00,3,-0.001970991558761772,-0.03941983117523544,20.0,قفل-ربح,0,False,True,,False,2.8821351,2.883,0.0003,2.881191306956308,1,baseline,0,"{""close"": 2.883, ""rsi"": 45.51746805866464, ""rsi7"": 43.71815289391715, ""macd"": 1.716792363491964e-05, ""adx"": 17.91939353606944, ""stoch_k"": 37.77777777777791, ""stoch_d"": 38.14814814814784, ""mss"": 0.0, ""sfp"": 0.0, ""vr"": 0.7600541906289807, ""hurst"": 0.407342948885612, ""atr14"": 0.0020979472590491126, ""vol_sma20"": 3163.6814999999956, ""vol_ratio"": 0.26254855300699553, ""atr_pct"": 0.0007276958928370145, ""retest_entry"": true}"
اتجاهي,dir,directional,TONUSDT,هابط,Stochastic,-1,159841,159846,2025-04-22T00:01:00+00:00,2025-04-22T00:06:00+00:00,5,-0.0009903863765105647,-0.019807727530211296,20.0,تتبع,0,False,True,,False,2.8921321,2.893,0.0003,2.8883424622000002,1,baseline,0,"{""close"": 2.893, ""rsi"": 56.9727092450041, ""rsi7"": 49.80632715333717, ""macd"": 0.0005930761583367895, ""adx"": 31.302920559197492, ""stoch_k"": 87.7192982456133, ""stoch_d"": 92.39766081871267, ""mss"": 0.0, ""sfp"": 0.0, ""vr"": 0.9399909604000742, ""hurst"": 0.38045409697043686, ""atr14"": 0.0025077529640660807, ""vol_sma20"": 1943.4649999999958, ""vol_ratio"": 0.28496010990679077, ""atr_pct"": 0.0008668347611704393, ""retest_entry"": true}"
اتجاهي,dir,directional,TONUSDT,هابط,FVG,-1,159850,159851,2025-04-22T00:10:00+00:00,2025-04-22T00:11:00+00:00,1,-0.0025971028071656095,-0.05194205614331219,20.0,زمني,0,False,True,,False,2.8821351,2.883,0.0003,2.883,1,baseline,0,"{""close"": 2.884, ""rsi"": 37.70254576875291, ""rsi7"": 26.176352153887294, ""macd"": -0.0012237321419603083, ""adx"": 22.643989816912903, ""stoch_k"": 18.675213675214064, ""stoch_d"": 23.746438746438205, ""mss"": 0.0, ""sfp"": 0.0, ""vr"": 1.0452730409507445, ""hurst"": 0.37000243122831983, ""atr14"": 0.002799918730055664, ""vol_sma20"": 1880.0514999999955, ""vol_ratio"": 0.4806570458309265, ""atr_pct"": 0.0009708456068154176, ""retest_entry"": true}"
اتجاهي,dir,directional,TONUSDT,هابط,MicroBurst,-1,159853,159859,2025-04-22T00:13:00+00:00,2025-04-22T00:19:00+00:00,6,-0.005290809190809106,-0.10581618381618212,20.0,وقف,0,False,True,,False,2.8781363,2.879,0.0003,2.8867707089,1,baseline,0,"{""close"": 2.879, ""rsi"": 29.963434994888047, ""rsi7"": 16.600534830104635, ""macd"": -0.0015918847081841526, ""adx"": 24.570298338027854, ""stoch_k"": 4.305555555555231, ""stoch_d"": 5.947293447293269, ""mss"": 0.0, ""sfp"": 0.0, ""vr"": 1.0366908593524164, ""hurst"": 0.3684637616381792, ""atr14"": 0.002793156505077338, ""vol_sma20"": 1681.9084999999955, ""vol_ratio"": 1.8350225354114142, ""atr_pct"": 0.0009701828777621875, ""retest_entry"": true}"
اتجاهي,dir,directional,TONUSDT,هابط,MicroBurst,-1,159864,159869,2025-04-22T00:24:00+00:00,2025-04-22T00:29:00+00:00,5,-0.005290809190808885,-0.10581618381617769,20.0,وقف,0,False,True,,False,2.8821351,2.883,0.0003,2.8907815052999997,1,baseline,0,"{""close"": 2.883, ""rsi"": 43.38027224810361, ""rsi7"": 40.120839785445526, ""macd"": 0.00021004162143828343, ""adx"": 18.668121471918134, ""stoch_k"": 70.47619047619081, ""stoch_d"": 70.79365079365107, ""mss"": 0.0, ""sfp"": 0.0, ""vr"": 1.0376204879197617, ""hurst"": 0.31361333368134503, ""atr14"": 0.0028117660118486226, ""vol_sma20"": 1979.8654999999956, ""vol_ratio"": 1.8309981157811015, ""atr_pct"": 0.0009752917141341043, ""retest_entry"": true}"
اتجاهي,dir,directional,TONUSDT,صاعد,MicroBurst,1,183401,183402,2025-05-08T08:41:00+00:00,2025-05-08T08:42:00+00:00,1,-0.0022777542361667757,-0.04555508472333551,20.0,زمني,0,False,True,symbol_collision,True,3.1259375,3.125,0.0003,3.126,1,baseline,0,"{""close"": 3.125, ""rsi"": 56.07535812405593, ""rsi7"": 64.05871302409389, ""macd"": 5.2063760971965325e-05, ""adx"": 22.134817391190264, ""stoch_k"": 62.1428571428579, ""stoch_d"": 55.7142857142861, ""mss"": 0.0, ""sfp"": 0.0, ""vr"": 0.8257308863116775, ""hurst"": 0.3053952608152739, ""atr14"": 0.00230787526403495, ""vol_sma20"": 3205.541499999997, ""vol_ratio"": 4.4752345274581575, ""atr_pct"": 0.000738520084491184, ""retest_entry"": true}"
اتجاهي,dir,directional,TONUSDT,صاعد,Bollinger,1,183409,183410,2025-05-08T08:49:00+00:00,2025-05-08T08:50:00+00:00,1,-0.005143755207405098,-0.10287510414810197,20.0,زمني,0,False,True,symbol_collision,True,3.1339399,3.133,0.0003,3.125,1,baseline,0,"{""close"": 3.133, ""rsi"": 71.99834357000634, ""rsi7"": 85.03991978577324, ""macd"": 0.0008750148180623764, ""adx"": 23.281025861798085, ""stoch_k"": 91.25541125541243, ""stoch_d"": 88.91454224787641, ""mss"": 0.0, ""sfp"": 0.0, ""vr"": 0.8553050021540807, ""hurst"": 0.3403064436423347, ""atr14"": 0.002374621679745882, ""vol_sma20"": 2649.0209999999975, ""vol_ratio"": 3.0625314031108126, ""atr_pct"": 0.0007579386146651394, ""retest_entry"": true}"
اتجاهي,dir,directional,TONUSDT,صاعد,Bollinger,1,183426,183433,2025-05-08T09:06:00+00:00,2025-05-08T09:13:00+00:00,7,-0.0019347807845666771,-0.03869561569133354,20.0,قفل-ربح,0,False,True,symbol_collision,True,3.1189354,3.118,0.0003,3.120069935579748,1,baseline,0,"{""close"": 3.119, ""rsi"": 43.73974199289934, ""rsi7"": 47.55553543282642, ""macd"": -0.0006595330119077724, ""adx"": 21.149962177646547, ""stoch_k"": 20.138888888891383, ""stoch_d"": 11.245126705654522, ""mss"": 0.0, ""sfp"": 0.0, ""vr"": 0.918988664267249, ""hurst"": 0.3432877463078529, ""atr14"": 0.0025212423966016503, ""vol_sma20"": 3370.694499999997, ""vol_ratio"": 0.47310131487739443, ""atr_pct"": 0.0008083495981409587, ""retest_entry"": true}"
اتجاهي,dir,directional,TONUSDT,صاعد,FVG,1,183442,183443,2025-05-08T09:22:00+00:00,2025-05-08T09:23:00+00:00,1,-0.002596923220735966,-0.05193846441471932,20.0,زمني,0,False,True,symbol_collision,True,3.1249372,3.124,0.0003,3.124,1,baseline,0,"{""close"": 3.124, ""rsi"": 59.17326670335758, ""rsi7"": 69.53771118720006, ""macd"": 0.0006640775400139781, ""adx"": 19.25726469082762, ""stoch_k"": 81.48148148148044, ""stoch_d"": 76.5432098765415, ""mss"": 0.0, ""sfp"": 0.0, ""vr"": 0.9098599416637554, ""hurst"": 0.3544181997120036, ""atr14"": 0.0023761570461446626, ""vol_sma20"": 1902.7544999999968, ""vol_ratio"": 0.9892763359645204, ""atr_pct"": 0.0007606136511346551, ""retest_entry"": true}"
اتجاهي,dir,directional,TONUSDT,صاعد,Bollinger,1,183453,183462,2025-05-08T09:33:00+00:00,2025-05-08T09:42:00+00:00,9,-0.0009005993935535323,-0.018011987871070646,20.0,تتبع,0,False,True,symbol_collision,True,3.1179351,3.117,0.0003,3.1223012082,1,baseline,0,"{""close"": 3.117, ""rsi"": 40.312273049398534, ""rsi7"": 33.05320551095414, ""macd"": -0.0006085541744263205, ""adx"": 19.178466079425682, ""stoch_k"": 12.121212121211558, ""stoch_d"": 14.702581369248144, ""mss"": 0.0, ""sfp"": 0.0, ""vr"": 1.02669727438264, ""hurst"": 0.3170517327314981, ""atr14"": 0.002563561559387072, ""vol_sma20"": 2101.039499999997, ""vol_ratio"": 2.7572827640794033, ""atr_pct"": 0.0008224451586099044, ""retest_entry"": true}"
اتجاهي,dir,directional,TONUSDT,صاعد,Bollinger,1,183466,183467,2025-05-08T09:46:00+00:00,2025-05-08T09:47:00+00:00,1,-0.002596923220735855,-0.0519384644147171,20.0,زمني,0,False,True,symbol_collision,True,3.1239369,3.123,0.0003,3.123,1,baseline,0,"{""close"": 3.123, ""rsi"": 56.54245839021054, ""rsi7"": 60.996881464998104, ""macd"": 0.0004918246523046344, ""adx"": 17.226354859262702, ""stoch_k"": 70.00000000000011, ""stoch_d"": 71.11111111111057, ""mss"": 0.0, ""sfp"": 0.0, ""vr"": 0.935599591839832, ""hurst"": 0.22913840051063888, ""atr14"": 0.00229591247506738, ""vol_sma20"": 1914.795999999997, ""vol_ratio"": 0.4150572698083771, ""atr_pct"": 0.0007351624960190138, ""retest_entry"": true}"
اتجاهي,dir,directional,TONUSDT,صاعد,MicroBurst,1,183476,183477,2025-05-08T09:56:00+00:00,2025-05-08T09:57:00+00:00,1,-0.0029159901039026766,-0.05831980207805353,20.0,زمني,0,False,True,symbol_collision,True,3.1269378,3.126,0.0003,3.125,1,baseline,0,"{""close"": 3.125, ""rsi"": 60.45537309691932, ""rsi7"": 67.33040472783927, ""macd"": 0.0002256888591873718, ""adx"": 16.60449134573091, ""stoch_k"": 70.00000000000345, ""stoch_d"": 74.04761904762215, ""mss"": 0.0, ""sfp"": 0.0, ""vr"": 0.9105581240022848, ""hurst"": 0.2387144230087463, ""atr14"": 0.002195940079335261, ""vol_sma20"": 1511.863999999997, ""vol_ratio"": 4.4617240704190415, ""atr_pct"": 0.0007027008253872835, ""retest_entry"": true}"
اتجاهي,dir,directional,TONUSDT,صاعد,Bollinger,1,183480,183481,2025-05-08T10:00:00+00:00,2025-05-08T10:01:00+00:00,1,-0.003553511849360561,-0.07107023698721122,20.0,زمني,0,False,True,symbol_collision,True,3.1289384,3.128,0.0003,3.125,1,baseline,0,"{""close"": 3.128, ""rsi"": 66.71297293029247, ""rsi7"": 76.45156909924332, ""macd"": 0.0004307187547246895, ""adx"": 19.80396580483443, ""stoch_k"": 88.57142857142806, ""stoch_d"": 79.04761904761996, ""mss"": 0.0, ""sfp"": 0.0, ""vr"": 0.9156622074926145, ""hurst"": 0.24955780934768654, ""atr14"": 0.0022021617192288195, ""vol_sma20"": 1645.2509999999972, ""vol_ratio"": 0.4099070597738589, ""atr_pct"": 0.0007040158948941239, ""retest_entry"": true}"
اتجاهي,dir,directional,TONUSDT,صاعد,FVG,1,183487,183488,2025-05-08T10:07:00+00:00,2025-05-08T10:08:00+00:00,1,-0.003234445161790192,-0.06468890323580384,20.0,زمني,0,False,True,symbol_collision,True,3.1299387,3.129,0.0003,3.127,1,baseline,0,"{""close"": 3.128, ""rsi"": 59.59991618478752, ""rsi7"": 60.275503343575224, ""macd"": 0.00023044825878699732, ""adx"": 19.421775878026548, ""stoch_k"": 75.00000000000134, ""stoch_d"": 58.3333333333346, ""mss"": 0.0, ""sfp"": 0.0, ""vr"": 1.0802273110166543, ""hurst"": 0.3121726861007305, ""atr14"": 0.0026142000466635776, ""vol_sma20"": 2830.447999999997, ""vol_ratio"": 0.8132917474548207, ""atr_pct"": 0.0008357417028975632, ""retest_entry"": true}"
اتجاهي,dir,directional,TONUSDT,صاعد,FVG,1,183500,183501,2025-05-08T10:20:00+00:00,2025-05-08T10:21:00+00:00,1,-0.0022773451762697094,-0.045546903525394186,20.0,زمني,0,False,True,symbol_collision,True,3.1219362999999998,3.121,0.0003,3.122,1,baseline,0,"{""close"": 3.121, ""rsi"": 44.80213028452771, ""rsi7"": 43.59539202252944, ""macd"": -0.0007828211534802137, ""adx"": 21.161682097932975, ""stoch_k"": 23.07692307692454, ""stoch_d"": 17.404817404818292, ""mss"": 0.0, ""sfp"": 0.0, ""vr"": 1.1988763715257769, ""hurst"": 0.26952716846312075, ""atr14"": 0.0030007877181113933, ""vol_sma20"": 4948.391999999997, ""vol_ratio"": 0.25978944271189525, ""atr_pct"": 0.0009614827677383509, ""retest_entry"": true}"
اتجاهي,dir,directional,TONUSDT,صاعد,FVG,1,183503,183531,2025-05-08T10:23:00+00:00,2025-05-08T10:51:00+00:00,28,-0.0018760507983180447,-0.03752101596636089,20.0,قفل-ربح,0,False,True,symbol_collision,True,3.1249372,3.124,0.0003,3.126257868959965,1,baseline,0,"{""close"": 3.124, ""rsi"": 52.35244861908573, ""rsi7"": 57.88364637837933, ""macd"": -0.0002069078202137129, ""adx"": 19.978650130100664, ""stoch_k"": 38.888888888889916, ""stoch_d"": 30.698005698006735, ""mss"": 0.0, ""sfp"": 0.0, ""vr"": 1.1628321878213181, ""hurst"": 0.2614541678019333, ""atr14"": 0.002933939729114701, ""vol_sma20"": 4316.512999999997, ""vol_ratio"": 0.2038149775061492, ""atr_pct"": 0.000939161244915077, ""retest_entry"": true}"
اتجاهي,dir,directional,TONUSDT,صاعد,MicroBurst,1,183537,183539,2025-05-08T10:57:00+00:00,2025-05-08T10:59:00+00:00,2,-0.0031954853062186365,-0.06390970612437273,20.0,زمني,0,False,True,symbol_collision,True,3.1308773999999997,3.129,0.0006,3.129,1,baseline,0,"{""close"": 3.129, ""rsi"": 57.74397153514192, ""rsi7"": 59.73882611754682, ""macd"": 0.00034737367058337116, ""adx"": 16.02952425924545, ""stoch_k"": 68.01346801346982, ""stoch_d"": 71.89955106621919, ""mss"": 0.0, ""sfp"": 0.0, ""vr"": 1.2709905146196074, ""hurst"": 0.23813426910315547, ""atr14"": 0.0033512992228130556, ""vol_sma20"": 5390.910999999996, ""vol_ratio"": 1.5025939029600017, ""atr_pct"": 0.0010710448139383368, ""retest_entry"": true}"
اتجاهي,dir,directional,TONUSDT,صاعد,MicroBurst,1,183565,183573,2025-05-08T11:25:00+00:00,2025-05-08T11:33:00+00:00,8,-0.0018546275329949223,-0.03709255065989844,20.0,قفل-ربح,0,False,True,symbol_collision,True,3.1179351,3.117,0.0003,3.119319759897032,1,baseline,0,"{""close"": 3.118, ""rsi"": 46.82899104681653, ""rsi7"": 53.87732130178917, ""macd"": -8.675126812647711e-05, ""adx"": 43.66546193682622, ""stoch_k"": 40.0000000000013, ""stoch_d"": 30.00000000000065, ""mss"": 0.0, ""sfp"": 0.0, ""vr"": 1.0753753359114473, ""hurst"": 0.26507625464560935, ""atr14"": 0.003077086041796215, ""vol_sma20"": 3558.830999999997, ""vol_ratio"": 3.7388316556757015, ""atr_pct"": 0.0009868781404093058, ""retest_entry"": true}"
اتجاهي,dir,directional,TONUSDT,صاعد,Bollinger,1,183586,183587,2025-05-08T11:46:00+00:00,2025-05-08T11:47:00+00:00,1,-0.002276523902785702,-0.045530478055714044,20.0,زمني,0,False,True,symbol_collision,True,3.1139338999999997,3.113,0.0003,3.114,1,baseline,0,"{""close"": 3.113, ""rsi"": 40.53585962251313, ""rsi7"": 41.09701105872517, ""macd"": -0.0005735075687589776, ""adx"": 32.59662529708165, ""stoch_k"": 8.33333333333282, ""stoch_d"": 4.629629629629471, ""mss"": 0.0, ""sfp"": 0.0, ""vr"": 0.7916792808723112, ""hurst"": 0.2716516712101417, ""atr14"": 0.0023228054542154277, ""vol_sma20"": 4658.4789999999975, ""vol_ratio"": 1.391602280486829, ""atr_pct"": 0.0007461630113123764, ""retest_entry"": true}"
اتجاهي,dir,directional,TONUSDT,صاعد,MACD,1,183590,183592,2025-05-08T11:50:00+00:00,2025-05-08T11:52:00+00:00,2,-0.0018002385128288328,-0.036004770256576654,20.0,تتبع,0,False,True,symbol_collision,True,3.1149342,3.114,0.0003,3.1164873356,1,baseline,0,"{""close"": 3.113, ""rsi"": 41.88900497363205, ""rsi7"": 42.38229646295506, ""macd"": 1.8564348110118633e-05, ""adx"": 30.258259523136648, ""stoch_k"": 37.4999999999981, ""stoch_d"": 31.944444444442485, ""mss"": 0.0, ""sfp"": 0.0, ""vr"": 0.7236508146429396, ""hurst"": 0.27860982361593445, ""atr14"": 0.002112079513167627, ""vol_sma20"": 4783.446999999997, ""vol_ratio"": 0.06436780840260176, ""atr_pct"": 0.0006784707719780363, ""retest_entry"": true}"
اتجاهي,dir,directional,TONUSDT,صاعد,KAMA,1,183601,183604,2025-05-08T12:01:00+00:00,2025-05-08T12:04:00+00:00,3,-0.0022773451762697094,-0.045546903525394186,20.0,قفل-ربح,0,False,True,symbol_collision,True,3.1219362999999998,3.121,0.0003,3.122,1,baseline,0,"{""close"": 3.122, ""rsi"": 64.40498302829288, ""rsi7"": 77.94003311331203, ""macd"": 0.0007178709216073158, ""adx"": 20.404233302498863, ""stoch_k"": 86.90476190475988, ""stoch_d"": 80.15873015872752, ""mss"": 0.0, ""sfp"": 0.0, ""vr"": 0.7584462792240673, ""hurst"": 0.26997993394812325, ""atr14"": 0.0021407259960546077, ""vol_sma20"": 2403.6989999999973, ""vol_ratio"": 1.3392733449570864, ""atr_pct"": 0.0006856905816959026, ""retest_entry"": true}"
اتجاهي,dir,directional,TONUSDT,صاعد,EMA,1,183612,183622,2025-05-08T12:12:00+00:00,2025-05-08T12:22:00+00:00,10,-0.0009036388199408745,-0.01807277639881749,20.0,تتبع,0,False,True,symbol_collision,True,3.1239369,3.123,0.0003,3.1283018958,1,baseline,0,"{""close"": 3.123, ""rsi"": 59.933213171915156, ""rsi7"": 62.816717367192474, ""macd"": 0.00012059666771505767, ""adx"": 24.233268830902073, ""stoch_k"": 58.33333333333466, ""stoch_d"": 52.00617283950692, ""mss"": 0.0, ""sfp"": 0.0, ""vr"": 0.8289130364556314, ""hurst"": 0.23690805223163366, ""atr14"": 0.002273382861601477, ""vol_sma20"": 1741.4774999999972, ""vol_ratio"": 0.29371036949946283, ""atr_pct"": 0.0007279484026901943, ""retest_entry"": true}"
اتجاهي,dir,directional,TONUSDT,هابط,Bollinger,-1,216167,216170,2025-05-31T02:47:00+00:00,2025-05-31T02:50:00+00:00,3,-0.001604066291532131,-0.03208132583064262,20.0,قفل-ربح,0,False,True,,False,3.0140955000000003,3.015,0.0003,3.012,1,baseline,0,"{""close"": 3.014, ""rsi"": 51.41413250706775, ""rsi7"": 54.811418363904515, ""macd"": 0.0013885126635127514, ""adx"": 19.255067483553574, ""stoch_k"": 74.24242424242452, ""stoch_d"": 78.28282828282859, ""mss"": 0.0, ""sfp"": 0.0, ""vr"": 0.6936791940644307, ""hurst"": 0.3532044235880315, ""atr14"": 0.005209361828358594, ""vol_sma20"": 3941.069000000009, ""vol_ratio"": 0.3472890223439369, ""atr_pct"": 0.0017283881315058377, ""retest_entry"": true}"
اتجاهي,dir,directional,TONUSDT,هابط,FVG,-1,216174,216185,2025-05-31T02:54:00+00:00,2025-05-31T03:05:00+00:00,11,-0.0015210086491944134,-0.030420172983888268,20.0,قفل-ربح,0,False,True,,False,3.0070976000000003,3.008,0.0003,3.0047566275358277,1,baseline,0,"{""close"": 3.007, ""rsi"": 43.24826899064866, ""rsi7"": 37.37526488928917, ""macd"": -1.939088182907546e-05, ""adx"": 14.915421166883464, ""stoch_k"": 39.21568627451041, ""stoch_d"": 55.36881419234399, ""mss"": 0.0, ""sfp"": 0.0, ""vr"": 0.71795447620516, ""hurst"": 0.37867382149837164, ""atr14"": 0.005201992187318903, ""vol_sma20"": 6046.841500000009, ""vol_ratio"": 3.248615000078962, ""atr_pct"": 0.0017299608205250758, ""retest_entry"": true}"
اتجاهي,dir,directional,TONUSDT,هابط,Bollinger,-1,216199,216200,2025-05-31T03:19:00+00:00,2025-05-31T03:20:00+00:00,1,-0.005290809190808995,-0.1058161838161799,20.0,وقف,0,False,True,,False,3.0000997,3.001,0.0003,3.0090999990999996,1,baseline,0,"{""close"": 3.002, ""rsi"": 46.314248629596165, ""rsi7"": 45.52843326255332, ""macd"": 5.290293623105716e-05, ""adx"": 15.29979521563043, ""stoch_k"": 43.13725490196011, ""stoch_d"": 51.372549019607426, ""mss"": 0.0, ""sfp"": 0.0, ""vr"": 1.0486878534487323, ""hurst"": 0.2681108296981807, ""atr14"": 0.006950097900703635, ""vol_sma20"": 4280.952000000008, ""vol_ratio"": 0.8341789396377238, ""atr_pct"": 0.00231515586299255, ""retest_entry"": true}"
اتجاهي,dir,directional,TONUSDT,هابط,Bollinger,-1,216213,216225,2025-05-31T03:33:00+00:00,2025-05-31T03:45:00+00:00,12,-0.005290809190808995,-0.1058161838161799,20.0,وقف,0,False,True,,False,3.0290909999999998,3.03,0.0003,3.0381782729999993,1,baseline,0,"{""close"": 3.032, ""rsi"": 64.92465990009802, ""rsi7"": 67.15871235148674, ""macd"": 0.002293329848047973, ""adx"": 26.613739512121732, ""stoch_k"": 91.12573099415293, ""stoch_d"": 94.91228070175504, ""mss"": 0.0, ""sfp"": 0.0, ""vr"": 0.9328245694630573, ""hurst"": 0.2653377571759015, ""atr14"": 0.005952613278832474, ""vol_sma20"": 4391.145500000009, ""vol_ratio"": 0.8751771035598781, ""atr_pct"": 0.001963262954760051, ""retest_entry"": true}"
اتجاهي,dir,directional,TONUSDT,هابط,MicroBurst,-1,216234,216235,2025-05-31T03:54:00+00:00,2025-05-31T03:55:00+00:00,1,-0.003915467005595889,-0.07830934011191779,20.0,زمني,0,False,True,,False,3.0270916000000003,3.028,0.0003,3.032,1,baseline,0,"{""close"": 3.027, ""rsi"": 47.235751422594305, ""rsi7"": 36.90527670577966, ""macd"": -0.0014372272291264428, ""adx"": 26.18558856997964, ""stoch_k"": 22.91666666666818, ""stoch_d"": 45.13888888889, ""mss"": 0.0, ""sfp"": 0.0, ""vr"": 0.8870826086266186, ""hurst"": 0.40607876619484584, ""atr14"": 0.005326459116882805, ""vol_sma20"": 4665.433500000008, ""vol_ratio"": 0.5130048472451693, ""atr_pct"": 0.0017596495265552708, ""retest_entry"": true}"
اتجاهي,dir,directional,TONUSDT,هابط,OBV,-1,216240,216241,2025-05-31T04:00:00+00:00,2025-05-31T04:01:00+00:00,1,-0.001658889264559101,-0.03317778529118202,20.0,تتبع,0,False,True,,False,3.0360889,3.037,0.0003,3.0341449402,1,baseline,0,"{""close"": 3.037, ""rsi"": 56.65038247238927, ""rsi7"": 57.04383876715859, ""macd"": -7.870240414703956e-05, ""adx"": 25.457321409976913, ""stoch_k"": 77.0833333333353, ""stoch_d"": 75.00000000000199, ""mss"": 0.0, ""sfp"": 0.0, ""vr"": 0.8191650878698727, ""hurst"": 0.393573055676857, ""atr14"": 0.004805536729421603, ""vol_sma20"": 4686.005000000009, ""vol_ratio"": 0.9899498613424422, ""atr_pct"": 0.0015823301710311502, ""retest_entry"": true}"
اتجاهي,dir,directional,TONUSDT,هابط,FVG,-1,216244,216245,2025-05-31T04:04:00+00:00,2025-05-31T04:05:00+00:00,1,-0.0035868565574582517,-0.07173713114916504,20.0,زمني,0,False,True,,False,3.0240925,3.025,0.0003,3.028,1,baseline,0,"{""close"": 3.026, ""rsi"": 43.88425736645881, ""rsi7"": 34.48675693339362, ""macd"": -0.0015140300372276493, ""adx"": 21.425568871200703, ""stoch_k"": 18.45238095238115, ""stoch_d"": 34.42460317460367, ""mss"": 0.0, ""sfp"": 0.0, ""vr"": 0.8361556664069172, ""hurst"": 0.35774651721896633, ""atr14"": 0.004835717787614779, ""vol_sma20"": 4387.250500000009, ""vol_ratio"": 0.4994130150535046, ""atr_pct"": 0.0015980561095884928, ""retest_entry"": true}"
اتجاهي,dir,directional,TONUSDT,هابط,MicroBurst,-1,216259,216260,2025-05-31T04:19:00+00:00,2025-05-31T04:20:00+00:00,1,-0.005290809190808995,-0.1058161838161799,20.0,وقف,0,False,True,,False,3.0270916000000003,3.028,0.0003,3.0361728748,1,baseline,0,"{""close"": 3.028, ""rsi"": 42.84249315822933, ""rsi7"": 30.81680352424611, ""macd"": -0.0005202018641014044, ""adx"": 21.205973155138548, ""stoch_k"": 41.7948717948722, ""stoch_d"": 60.17094017094042, ""mss"": 0.0, ""sfp"": 0.0, ""vr"": 0.8634167646182983, ""hurst"": 0.36779080757442695, ""atr14"": 0.004853688143209937, ""vol_sma20"": 4312.786500000008, ""vol_ratio"": 1.741567777584164, ""atr_pct"": 0.001602935318101036, ""retest_entry"": true}"
اتجاهي,dir,directional,TONUSDT,هابط,MicroBurst,-1,216265,216265,2025-05-31T04:25:00+00:00,2025-05-31T04:25:00+00:00,0,-0.005290809190809106,-0.10581618381618212,20.0,وقف,0,False,True,,False,3.0440865,3.045,0.0003,3.0532187595,1,baseline,0,"{""close"": 3.045, ""rsi"": 62.31741898616659, ""rsi7"": 66.69856617290088, ""macd"": 0.0014168439195832298, ""adx"": 30.005849725903907, ""stoch_k"": 87.87878787878878, ""stoch_d"": 94.44444444444491, ""mss"": 0.0, ""sfp"": 0.0, ""vr"": 0.8666721035591574, ""hurst"": 0.3374141194832893, ""atr14"": 0.004853852961568826, ""vol_sma20"": 4432.078500000009, ""vol_ratio"": 2.1415324660878596, ""atr_pct"": 0.0015940403814675948, ""retest_entry"": true}"
اتجاهي,dir,directional,TONUSDT,هابط,MACD,-1,216279,216282,2025-05-31T04:39:00+00:00,2025-05-31T04:42:00+00:00,3,-0.0016643060833267497,-0.033286121666534996,20.0,تتبع,0,False,True,,False,3.0580823,3.059,0.0003,3.0561408614,1,baseline,0,"{""close"": 3.06, ""rsi"": 62.031808521032424, ""rsi7"": 55.1529885043292, ""macd"": -0.000109157099331284, ""adx"": 45.48905402120783, ""stoch_k"": 73.45191040843237, ""stoch_d"": 76.67592971191154, ""mss"": 0.0, ""sfp"": 0.0, ""vr"": 0.8308231547618272, ""hurst"": 0.3421067965211551, ""atr14"": 0.00461193449951707, ""vol_sma20"": 7634.744000000009, ""vol_ratio"": 0.2739646542176133, ""atr_pct"": 0.0015071681370970817, ""retest_entry"": true}"
اتجاهي,dir,directional,TONUSDT,هابط,FVG,-1,216284,216285,2025-05-31T04:44:00+00:00,2025-05-31T04:45:00+00:00,1,-0.0029245311858440595,-0.05849062371688119,20.0,زمني,0,False,True,,False,3.0470856,3.048,0.0003,3.049,1,baseline,0,"{""close"": 3.05, ""rsi"": 47.001826788546914, ""rsi7"": 31.759601751572035, ""macd"": -0.002058367659672704, ""adx"": 34.676135404559055, ""stoch_k"": 16.805555555554804, ""stoch_d"": 17.175925925924787, ""mss"": 0.0, ""sfp"": 0.0, ""vr"": 0.8491808681078832, ""hurst"": 0.3332172944506473, ""atr14"": 0.0046809476634162945, ""vol_sma20"": 9411.276000000009, ""vol_ratio"": 0.15433082612814655, ""atr_pct"": 0.0015347369388250148, ""retest_entry"": true}"
اتجاهي,dir,directional,TONUSDT,هابط,RSI,-1,216305,216315,2025-05-31T05:05:00+00:00,2025-05-31T05:15:00+00:00,10,-0.005290809190808885,-0.10581618381617769,20.0,وقف,0,False,True,,False,3.0700787000000003,3.071,0.0003,3.0792889360999998,1,baseline,0,"{""close"": 3.071, ""rsi"": 56.28245192976677, ""rsi7"": 46.852634555484855, ""macd"": 0.00033129781496326824, ""adx"": 30.931150270994614, ""stoch_k"": 69.19644102306714, ""stoch_d"": 81.70306529439715, ""mss"": 0.0, ""sfp"": 0.0, ""vr"": 1.0135836503416886, ""hurst"": 0.29884283728874894, ""atr14"": 0.0052120719449230005, ""vol_sma20"": 7183.308000000009, ""vol_ratio"": 0.17271151397100035, ""atr_pct"": 0.0016971904737619668, ""retest_entry"": true}"
اتجاهي,dir,directional,TONUSDT,هابط,FVG,-1,216320,216321,2025-05-31T05:20:00+00:00,2025-05-31T05:21:00+00:00,1,-0.0019467269855875362,-0.038934539711750725,20.0,زمني,0,False,True,,False,3.0680793,3.069,0.0003,3.067,1,baseline,0,"{""close"": 3.068, ""rsi"": 45.32134173127646, ""rsi7"": 33.27255682916635, ""macd"": -0.0014629401926446461, ""adx"": 20.272514095067976, ""stoch_k"": 20.745920745921346, ""stoch_d"": 38.03190273778626, ""mss"": 0.0, ""sfp"": 0.0, ""vr"": 0.9161122513153531, ""hurst"": 0.2706706957765175, ""atr14"": 0.004526287879441051, ""vol_sma20"": 4287.8365000000085, ""vol_ratio"": 0.8777386917621491, ""atr_pct"": 0.0014753219946026892, ""retest_entry"": true}"
اتجاهي,dir,directional,TONUSDT,هابط,Bollinger,-1,216327,216328,2025-05-31T05:27:00+00:00,2025-05-31T05:28:00+00:00,1,-0.003901680190449048,-0.07803360380898096,20.0,زمني,0,False,True,,False,3.059082,3.06,0.0003,3.064,1,baseline,0,"{""close"": 3.061, ""rsi"": 39.44765452929289, ""rsi7"": 30.86104549668687, ""macd"": -0.0015911052359514107, ""adx"": 16.101338605934036, ""stoch_k"": 15.555555555556056, ""stoch_d"": 34.07407407407427, ""mss"": 0.0, ""sfp"": 0.0, ""vr"": 1.012717312560075, ""hurst"": 0.22160933731781465, ""atr14"": 0.004942208362127903, ""vol_sma20"": 4461.117000000008, ""vol_ratio"": 0.41901389270893286, ""atr_pct"": 0.00161457313365825, ""retest_entry"": true}"
اتجاهي,dir,directional,TONUSDT,هابط,Bollinger,-1,216331,216332,2025-05-31T05:31:00+00:00,2025-05-31T05:32:00+00:00,1,-0.0035758556985141837,-0.07151711397028368,20.0,زمني,0,False,True,,False,3.0580823,3.059,0.0003,3.062,1,baseline,0,"{""close"": 3.06, ""rsi"": 40.08312719263526, ""rsi7"": 33.80751555343488, ""macd"": -0.0016480985750958286, ""adx"": 18.169030733891354, ""stoch_k"": 10.087719298245634, ""stoch_d"": 15.029239766081723, ""mss"": 0.0, ""sfp"": 0.0, ""vr"": 0.976475846941462, ""hurst"": 0.31346872914620605, ""atr14"": 0.0047430865532781296, ""vol_sma20"": 3609.449500000009, ""vol_ratio"": 0.8534320815404102, ""atr_pct"": 0.0015500282853850096, ""retest_entry"": true}"
اتجاهي,dir,directional,TONUSDT,هابط,FVG,-1,216341,216342,2025-05-31T05:41:00+00:00,2025-05-31T05:42:00+00:00,1,-0.0032479027407891986,-0.06495805481578397,20.0,زمني,0,False,True,,False,3.0660799,3.067,0.0003,3.069,1,baseline,0,"{""close"": 3.066, ""rsi"": 48.05833549899402, ""rsi7"": 47.26458147772472, ""macd"": 0.00026228776781960417, ""adx"": 15.130523636501312, ""stoch_k"": 60.00000000000116, ""stoch_d"": 63.58674463937726, ""mss"": 0.0, ""sfp"": 0.0, ""vr"": 0.9328986646124299, ""hurst"": 0.41973606903598626, ""atr14"": 0.004472657411430548, ""vol_sma20"": 2220.0895000000087, ""vol_ratio"": 0.15475502226374147, ""atr_pct"": 0.0014587923716342297, ""retest_entry"": true}"
اتجاهي,dir,directional,TONUSDT,هابط,MicroBurst,-1,216354,216363,2025-05-31T05:54:00+00:00,2025-05-31T06:03:00+00:00,9,-0.005290809190809106,-0.10581618381618212,20.0,وقف,0,False,True,,False,3.0660799,3.067,0.0003,3.0752781397,1,baseline,0,"{""close"": 3.067, ""rsi"": 48.15486678902753, ""rsi7"": 45.32497057241266, ""macd"": 7.338063291374328e-07, ""adx"": 11.498655710778522, ""stoch_k"": 56.66666666666645, ""stoch_d"": 55.555555555554854, ""mss"": 0.0, ""sfp"": 0.0, ""vr"": 0.8531915539006703, ""hurst"": 0.4144879761756636, ""atr14"": 0.00398608046870808, ""vol_sma20"": 1527.5735000000088, ""vol_ratio"": 2.1385484888288393, ""atr_pct"": 0.0012996675802765176, ""retest_entry"": true}"
اتجاهي,dir,directional,TONUSDT,هابط,Bollinger,-1,216372,216379,2025-05-31T06:12:00+00:00,2025-05-31T06:19:00+00:00,7,-0.005290809190808995,-0.1058161838161799,20.0,وقف,0,False,True,,False,3.069079,3.07,0.0003,3.0782862369999995,1,baseline,0,"{""close"": 3.07, ""rsi"": 47.70116977407513, ""rsi7"": 40.10415808189873, ""macd"": 1.8355647311546442e-05, ""adx"": 17.919989442275725, ""stoch_k"": 51.28205128205147, ""stoch_d"": 67.70451770451747, ""mss"": 0.0, ""sfp"": 0.0, ""vr"": 0.9731847947363514, ""hurst"": 0.383463560185306, ""atr14"": 0.0043427096590838545, ""vol_sma20"": 2606.8305000000087, ""vol_ratio"": 1.4433696398749314, ""atr_pct"": 0.001414563406867705, ""retest_entry"": true}"
اتجاهي,dir,directional,TONUSDT,هابط,Bollinger,-1,216383,216395,2025-05-31T06:23:00+00:00,2025-05-31T06:35:00+00:00,12,-0.0016869858681203176,-0.03373971736240635,20.0,قفل-ربح,0,False,True,,False,3.0840745000000003,3.085,0.0003,3.082186667355391,1,baseline,0,"{""close"": 3.084, ""rsi"": 64.60350489959559, ""rsi7"": 69.76111463111796, ""macd"": 0.0013466742794520585, ""adx"": 23.291373154765818, ""stoch_k"": 92.98245614035051, ""stoch_d"": 87.98511430090338, ""mss"": 0.0, ""sfp"": 0.0, ""vr"": 0.9577874792679353, ""hurst"": 0.3347748139733193, ""atr14"": 0.004195082314339594, ""vol_sma20"": 3388.8055000000086, ""vol_ratio"": 3.3657729840204675, ""atr_pct"": 0.0013602731239752248, ""retest_entry"": true}"
اتجاهي,dir,directional,TONUSDT,هابط,FVG,-1,216409,216410,2025-05-31T06:49:00+00:00,2025-05-31T06:50:00+00:00,1,-0.0017923778295134468,-0.035847556590268934,20.0,تتبع,0,False,True,,False,3.0750772,3.076,0.0003,3.0735197096,1,baseline,0,"{""close"": 3.077, ""rsi"": 44.12996442092731, ""rsi7"": 32.649137844917334, ""macd"": -0.0005820838296233949, ""adx"": 21.880221207409623, ""stoch_k"": 38.46153846153829, ""stoch_d"": 49.85754985754985, ""mss"": 0.0, ""sfp"": 0.0, ""vr"": 0.8623907962876501, ""hurst"": 0.20080779557719783, ""atr14"": 0.0035447467303220724, ""vol_sma20"": 2890.3865000000087, ""vol_ratio"": 0.5965465172218299, ""atr_pct"": 0.0011520138870074984, ""retest_entry"": true}"
اتجاهي,dir,directional,TONUSDT,هابط,FVG,-1,216415,216418,2025-05-31T06:55:00+00:00,2025-05-31T06:58:00+00:00,3,-0.0022721266761945307,-0.04544253352389061,20.0,زمني,0,False,True,,False,3.0700787000000003,3.071,0.0003,3.07,1,baseline,0,"{""close"": 3.071, ""rsi"": 38.356507662242684, ""rsi7"": 29.83967865297126, ""macd"": -0.001039643944367745, ""adx"": 22.06768498090632, ""stoch_k"": 26.03174603174591, ""stoch_d"": 35.66137566137497, ""mss"": 0.0, ""sfp"": 0.0, ""vr"": 0.9395041226682548, ""hurst"": 0.17495751502214726, ""atr14"": 0.003817978082665267, ""vol_sma20"": 3572.4045000000087, ""vol_ratio"": 5.607461305123748, ""atr_pct"": 0.0012432361063709758, ""retest_entry"": true}"
اتجاهي,dir,directional,TONUSDT,هابط,FVG,-1,216429,216434,2025-05-31T07:09:00+00:00,2025-05-31T07:14:00+00:00,5,-0.001543087118100788,-0.030861742362015762,20.0,تتبع,0,False,True,,False,3.0700787000000003,3.071,0.0003,3.0677566366,1,baseline,0,"{""close"": 3.071, ""rsi"": 45.76037752044857, ""rsi7"": 48.56848326388197, ""macd"": 0.00045182790988821655, ""adx"": 24.2322166131019, ""stoch_k"": 48.48484848485105, ""stoch_d"": 54.62962962963218, ""mss"": 0.0, ""sfp"": 0.0, ""vr"": 0.9089043067977233, ""hurst"": 0.320895385768597, ""atr14"": 0.003555097710257493, ""vol_sma20"": 3367.619500000009, ""vol_ratio"": 0.20822720619119772, ""atr_pct"": 0.0011576352036006164, ""retest_entry"": true}"
اتجاهي,dir,directional,TONUSDT,هابط,FVG,-1,216437,216451,2025-05-31T07:17:00+00:00,2025-05-31T07:31:00+00:00,14,-0.0017720438536590283,-0.03544087707318057,20.0,قفل-ربح,0,False,True,,False,3.0630808000000003,3.064,0.0003,3.061466957583265,1,baseline,0,"{""close"": 3.064, ""rsi"": 35.70019634267949, ""rsi7"": 30.158285610595783, ""macd"": -0.000410389849519438, ""adx"": 20.638371544393465, ""stoch_k"": 13.60042735042814, ""stoch_d"": 13.821225071224733, ""mss"": 0.0, ""sfp"": 0.0, ""vr"": 0.9377224549904273, ""hurst"": 0.3676769368062168, ""atr14"": 0.003587392699444053, ""vol_sma20"": 2006.5235000000084, ""vol_ratio"": 1.5027434266281892, ""atr_pct"": 0.0011708200716201217, ""retest_entry"": true}"
اتجاهي,dir,directional,TONUSDT,هابط,MACD,-1,216470,216471,2025-05-31T07:50:00+00:00,2025-05-31T07:51:00+00:00,1,-0.005290809190808995,-0.1058161838161799,20.0,وقف,0,False,True,,False,3.0680793,3.069,0.0003,3.0772835378999996,1,baseline,0,"{""close"": 3.068, ""rsi"": 49.99939221214194, ""rsi7"": 47.701810762433475, ""macd"": -4.898214954173819e-05, ""adx"": 16.77695197591412, ""stoch_k"": 31.85185185185397, ""stoch_d"": 43.62773029439838, ""mss"": 0.0, ""sfp"": 0.0, ""vr"": 0.9018402746244923, ""hurst"": 0.2785396889697009, ""atr14"": 0.003357455046876539, ""vol_sma20"": 2676.2155000000084, ""vol_ratio"": 2.2443073063435963, ""atr_pct"": 0.00109434649507058, ""retest_entry"": true}"
اتجاهي,dir,directional,TONUSDT,هابط,OBV,-1,216480,216485,2025-05-31T08:00:00+00:00,2025-05-31T08:05:00+00:00,5,-0.0016696705462944945,-0.03339341092588989,20.0,قفل-ربح,0,False,True,,False,3.0810754,3.082,0.0003,3.079135930496785,1,baseline,0,"{""close"": 3.083, ""rsi"": 57.75704267808272, ""rsi7"": 53.25131423374905, ""macd"": 0.0010770900408771109, ""adx"": 34.52072314178555, ""stoch_k"": 79.76190476190526, ""stoch_d"": 86.77248677248703, ""mss"": 0.0, ""sfp"": 0.0, ""vr"": 1.1647644442790364, ""hurst"": 0.3710360329799136, ""atr14"": 0.004312624437279022, ""vol_sma20"": 2720.9435000000085, ""vol_ratio"": 3.0315182950325776, ""atr_pct"": 0.0013988402326561861, ""retest_entry"": true}"
اتجاهي,dir,directional,TONUSDT,هابط,FVG,-1,216491,216492,2025-05-31T08:11:00+00:00,2025-05-31T08:12:00+00:00,1,-0.002921973151635584,-0.05843946303271168,20.0,زمني,0,False,True,,False,3.0710784,3.072,0.0003,3.073,1,baseline,0,"{""close"": 3.071, ""rsi"": 42.355375402458236, ""rsi7"": 32.45009854072211, ""macd"": -0.0016761628983597604, ""adx"": 23.657311245920074, ""stoch_k"": 8.604845446950861, ""stoch_d"": 17.432470064049596, ""mss"": 0.0, ""sfp"": 0.0, ""vr"": 1.182097586102825, ""hurst"": 0.3882722592733082, ""atr14"": 0.004445295141345326, ""vol_sma20"": 2718.2080000000087, ""vol_ratio"": 0.27522176375023455, ""atr_pct"": 0.001447507372629543, ""retest_entry"": true}"
اتجاهي,dir,directional,TONUSDT,هابط,MicroBurst,-1,216503,216504,2025-05-31T08:23:00+00:00,2025-05-31T08:24:00+00:00,1,-0.004222512739106697,-0.08445025478213394,20.0,زمني,0,False,True,,False,3.069079,3.07,0.0003,3.075,1,baseline,0,"{""close"": 3.07, ""rsi"": 41.6300732051605, ""rsi7"": 33.034720511518685, ""macd"": -0.0005416372638116518, ""adx"": 13.849396144932303, ""stoch_k"": 17.777777777778915, ""stoch_d"": 17.051960385295374, ""mss"": 0.0, ""sfp"": 0.0, ""vr"": 1.026468247476154, ""hurst"": 0.3928152816827798, ""atr14"": 0.00386750016301805, ""vol_sma20"": 1624.0810000000088, ""vol_ratio"": 2.6871874001358163, ""atr_pct"": 0.001259772040071026, ""retest_entry"": true}"
اتجاهي,dir,directional,TONUSDT,هابط,KAMA,-1,216509,216510,2025-05-31T08:29:00+00:00,2025-05-31T08:30:00+00:00,1,-0.0022722324626957458,-0.045444649253914914,20.0,زمني,0,False,True,,False,3.0710784,3.072,0.0003,3.071,1,baseline,0,"{""close"": 3.072, ""rsi"": 45.30576731699348, ""rsi7"": 41.329580581768006, ""macd"": 9.024571831137184e-05, ""adx"": 10.767765777006122, ""stoch_k"": 50.00000000000036, ""stoch_d"": 61.111111111112, ""mss"": 0.0, ""sfp"": 0.0, ""vr"": 0.8948332485481334, ""hurst"": 0.36522987014900815, ""atr14"": 0.0033753323703289316, ""vol_sma20"": 1195.2565000000088, ""vol_ratio"": 0.21475725084950226, ""atr_pct"": 0.001098741005966449, ""retest_entry"": true}"
اتجاهي,dir,directional,TONUSDT,هابط,KAMA,-1,216956,216958,2025-05-31T15:56:00+00:00,2025-05-31T15:58:00+00:00,2,-0.0018284234965159998,-0.036568469930319994,20.0,قفل-ربح,0,False,True,,False,3.0900727000000003,3.091,0.0003,3.0886192548033984,1,baseline,0,"{""close"": 3.091, ""rsi"": 46.26753449547919, ""rsi7"": 50.22057319210807, ""macd"": 0.0005365059797504622, ""adx"": 25.7265050131587, ""stoch_k"": 76.26262626262553, ""stoch_d"": 67.40938799762255, ""mss"": 0.0, ""sfp"": 0.0, ""vr"": 0.8972666275381663, ""hurst"": 0.4325875007231969, ""atr14"": 0.0032308474689115873, ""vol_sma20"": 3368.9760000000088, ""vol_ratio"": 0.03565475087979246, ""atr_pct"": 0.0010452434386643763, ""retest_entry"": true}"
اتجاهي,dir,directional,TONUSDT,هابط,FVG,-1,216962,216963,2025-05-31T16:02:00+00:00,2025-05-31T16:03:00+00:00,1,-0.0032447353173615393,-0.06489470634723078,20.0,زمني,0,False,True,,False,3.0810754,3.082,0.0003,3.084,1,baseline,0,"{""close"": 3.082, ""rsi"": 32.92296896452427, ""rsi7"": 26.270472011824722, ""macd"": -0.00036641996009788335, ""adx"": 26.780730943248155, ""stoch_k"": 18.181818181817707, ""stoch_d"": 26.262626262626068, ""mss"": 0.0, ""sfp"": 0.0, ""vr"": 0.956829561399088, ""hurst"": 0.4602666838071786, ""atr14"": 0.00338346514852572, ""vol_sma20"": 1831.3075000000088, ""vol_ratio"": 0.4968690402895175, ""atr_pct"": 0.0010978147788856976, ""retest_entry"": true}"
اتجاهي,dir,directional,TONUSDT,هابط,SFP,-1,216974,216975,2025-05-31T16:14:00+00:00,2025-05-31T16:15:00+00:00,1,-0.0038856782729006687,-0.07771356545801338,20.0,زمني,0,False,True,,False,3.0970706,3.098,0.0003,3.102,1,baseline,0,"{""close"": 3.097, ""rsi"": 59.225148353348416, ""rsi7"": 62.90481343008418, ""macd"": 0.0013924024688863322, ""adx"": 23.971164396640518, ""stoch_k"": 91.57894736842165, ""stoch_d"": 93.44460688758961, ""mss"": 0.0, ""sfp"": -1.0, ""vr"": 0.8944644986246308, ""hurst"": 0.45888876787960836, ""atr14"": 0.0031152072058055445, ""vol_sma20"": 1989.3275000000085, ""vol_ratio"": 0.11289744901229136, ""atr_pct"": 0.0010058789815323038, ""retest_entry"": true}"
اتجاهي,dir,directional,TONUSDT,هابط,Bollinger,-1,216988,216989,2025-05-31T16:28:00+00:00,2025-05-31T16:29:00+00:00,1,-0.0025971028071656095,-0.05194205614331219,20.0,زمني,0,False,True,,False,3.1070676,3.108,0.0003,3.108,1,baseline,0,"{""close"": 3.108, ""rsi"": 65.35807432444045, ""rsi7"": 64.22053895686076, ""macd"": 0.00021716794809042636, ""adx"": 37.09404063335228, ""stoch_k"": 57.89473684210551, ""stoch_d"": 64.05757984705373, ""mss"": 0.0, ""sfp"": 0.0, ""vr"": 1.0508594495874501, ""hurst"": 0.45356976157794, ""atr14"": 0.0036706752618145596, ""vol_sma20"": 2721.211000000009, ""vol_ratio"": 0.6222045993493318, ""atr_pct"": 0.001181040946529781, ""retest_entry"": true}"
اتجاهي,dir,directional,TONUSDT,هابط,MicroBurst,-1,216991,216992,2025-05-31T16:31:00+00:00,2025-05-31T16:32:00+00:00,1,-0.004525608504193344,-0.09051217008386687,20.0,زمني,0,False,True,,False,3.1040685,3.105,0.0003,3.111,1,baseline,0,"{""close"": 3.106, ""rsi"": 57.885193914747646, ""rsi7"": 47.716131129889675, ""macd"": -0.0003244933910996105, ""adx"": 35.87676613638008, ""stoch_k"": 50.21929824561383, ""stoch_d"": 55.62865497076033, ""mss"": 0.0, ""sfp"": 0.0, ""vr"": 1.0534300489746085, ""hurst"": 0.4633948085154575, ""atr14"": 0.0036896769497837207, ""vol_sma20"": 3467.084500000009, ""vol_ratio"": 4.522531827534045, ""atr_pct"": 0.0011879191724995881, ""retest_entry"": true}"
اتجاهي,dir,directional,TONUSDT,هابط,MicroBurst,-1,216997,217003,2025-05-31T16:37:00+00:00,2025-05-31T16:43:00+00:00,6,0.0006832100520366939,0.013664201040733879,20.0,تتبع,0,True,True,,False,3.1160649,3.117,0.0003,3.1067547918,1,baseline,0,"{""close"": 3.116, ""rsi"": 67.74399460727781, ""rsi7"": 67.4538122902641, ""macd"": 0.0005140910509558597, ""adx"": 36.36670649010006, ""stoch_k"": 88.23529411764692, ""stoch_d"": 85.36953242835575, ""mss"": 0.0, ""sfp"": 0.0, ""vr"": 1.0960423809980622, ""hurst"": 0.5062406228736909, ""atr14"": 0.0038528166819719765, ""vol_sma20"": 4465.810000000009, ""vol_ratio"": 2.4054516425911494, ""atr_pct"": 0.001236462349798452, ""retest_entry"": true}"
اتجاهي,dir,directional,TONUSDT,هابط,FVG,-1,217007,217008,2025-05-31T16:47:00+00:00,2025-05-31T16:48:00+00:00,1,-0.0032405597370249424,-0.06481119474049885,20.0,زمني,0,False,True,,False,3.1010694,3.102,0.0003,3.104,1,baseline,0,"{""close"": 3.102, ""rsi"": 40.31175499235588, ""rsi7"": 26.596529775845283, ""macd"": -0.00166267521305031, ""adx"": 23.936011313330898, ""stoch_k"": 13.859649122807355, ""stoch_d"": 18.654970760234118, ""mss"": 0.0, ""sfp"": 1.0, ""vr"": 1.121706288468102, ""hurst"": 0.49094729271872434, ""atr14"": 0.003954826616751428, ""vol_sma20"": 4622.070500000009, ""vol_ratio"": 1.4008592036837144, ""atr_pct"": 0.0012749279873473336, ""retest_entry"": true}"
اتجاهي,dir,directional,TONUSDT,هابط,MACD,-1,217028,217029,2025-05-31T17:08:00+00:00,2025-05-31T17:09:00+00:00,1,-0.002918210174672588,-0.05836420349345176,20.0,زمني,0,False,True,,False,3.1070676,3.108,0.0003,3.109,1,baseline,0,"{""close"": 3.108, ""rsi"": 49.65893909773686, ""rsi7"": 45.026429471793726, ""macd"": -2.8460211440722578e-05, ""adx"": 14.71646741512349, ""stoch_k"": 61.904761904762886, ""stoch_d"": 65.07936507936557, ""mss"": 0.0, ""sfp"": 0.0, ""vr"": 0.856243911640355, ""hurst"": 0.49979364516217256, ""atr14"": 0.0029972056998146244, ""vol_sma20"": 1774.6830000000086, ""vol_ratio"": 2.022203401959664, ""atr_pct"": 0.0009643518982672537, ""retest_entry"": true}"
اتجاهي,dir,directional,TONUSDT,هابط,Bollinger,-1,217033,217034,2025-05-31T17:13:00+00:00,2025-05-31T17:14:00+00:00,1,-0.003239110975844878,-0.06478221951689755,20.0,زمني,0,False,True,,False,3.1080673,3.109,0.0003,3.111,1,baseline,0,"{""close"": 3.109, ""rsi"": 51.51718320177527, ""rsi7"": 49.41118318301272, ""macd"": -5.085883683766425e-05, ""adx"": 12.381677190326798, ""stoch_k"": 61.90476190476078, ""stoch_d"": 61.90476190476068, ""mss"": 0.0, ""sfp"": 0.0, ""vr"": 0.823339760801538, ""hurst"": 0.44221540265119047, ""atr14"": 0.0028559166119423805, ""vol_sma20"": 1740.2040000000084, ""vol_ratio"": 0.4797770836062875, ""atr_pct"": 0.0009185965300554456, ""retest_entry"": true}"
اتجاهي,dir,directional,TONUSDT,هابط,Stochastic,-1,217045,217046,2025-05-31T17:25:00+00:00,2025-05-31T17:26:00+00:00,1,-0.00259710280716572,-0.0519420561433144,20.0,زمني,0,False,True,,False,3.1150652,3.116,0.0003,3.116,1,baseline,0,"{""close"": 3.116, ""rsi"": 59.692665328258855, ""rsi7"": 59.14987583628736, ""macd"": 0.0005129482288288465, ""adx"": 20.775002640578947, ""stoch_k"": 83.33333333333297, ""stoch_d"": 86.16161616161605, ""mss"": 0.0, ""sfp"": 0.0, ""vr"": 0.8868082462624952, ""hurst"": 0.4232680166432588, ""atr14"": 0.003007874541686676, ""vol_sma20"": 2046.1825000000088, ""vol_ratio"": 0.6377925722656675, ""atr_pct"": 0.0009652999171009872, ""retest_entry"": true}"
اتجاهي,dir,directional,TONUSDT,صاعد,FVG,1,217054,217055,2025-05-31T17:34:00+00:00,2025-05-31T17:35:00+00:00,1,-0.002596923220735966,-0.05193846441471932,20.0,زمني,0,False,True,,False,3.1289384,3.128,0.0003,3.128,1,baseline,0,"{""close"": 3.128, ""rsi"": 69.64291652654578, ""rsi7"": 73.99445767233067, ""macd"": 0.0007138345257083271, ""adx"": 31.534465593561503, ""stoch_k"": 84.12698412698496, ""stoch_d"": 80.48552754435222, ""mss"": 0.0, ""sfp"": 0.0, ""vr"": 1.0596519622736482, ""hurst"": 0.4100560826651055, ""atr14"": 0.003599499682028272, ""vol_sma20"": 4012.408000000008, ""vol_ratio"": 1.3078480553323564, ""atr_pct"": 0.0011507351924642812, ""retest_entry"": true}"
اتجاهي,dir,directional,TONUSDT,صاعد,OBV,1,217062,217063,2025-05-31T17:42:00+00:00,2025-05-31T17:43:00+00:00,1,-0.0038703392140704766,-0.07740678428140953,20.0,زمني,0,False,True,,False,3.1339399,3.133,0.0003,3.129,1,baseline,0,"{""close"": 3.133, ""rsi"": 72.74046964256304, ""rsi7"": 78.33701903083407, ""macd"": 0.0005339084755707152, ""adx"": 42.275253314399464, ""stoch_k"": 98.0392156862751, ""stoch_d"": 95.26143790849689, ""mss"": 0.0, ""sfp"": 0.0, ""vr"": 0.8985795611823921, ""hurst"": 0.43796376436065954, ""atr14"": 0.0030573254466932432, ""vol_sma20"": 5716.960500000009, ""vol_ratio"": 0.40180966791706824, ""atr_pct"": 0.0009758459772401032, ""retest_entry"": true}"
اتجاهي,dir,directional,TONUSDT,صاعد,Stochastic,1,217083,217099,2025-05-31T18:03:00+00:00,2025-05-31T18:19:00+00:00,16,0.0004884352521147454,0.009768705042294908,20.0,تتبع,0,True,True,,False,3.1129336,3.112,0.0003,3.1216266351999997,1,baseline,0,"{""close"": 3.111, ""rsi"": 37.96828456208332, ""rsi7"": 38.590279992426005, ""macd"": -0.001061593287651701, ""adx"": 42.031946396941365, ""stoch_k"": 10.350877192982662, ""stoch_d"": 8.88239116309345, ""mss"": 0.0, ""sfp"": 0.0, ""vr"": 1.0105840776936983, ""hurst"": 0.4570081527018127, ""atr14"": 0.003446476859635629, ""vol_sma20"": 6211.138500000009, ""vol_ratio"": 0.43449522176972805, ""atr_pct"": 0.0011078356990149884, ""retest_entry"": true}"
اتجاهي,dir,directional,TONUSDT,صاعد,Stochastic,1,217110,217111,2025-05-31T18:30:00+00:00,2025-05-31T18:31:00+00:00,1,-0.003236079309668369,-0.06472158619336738,20.0,زمني,0,False,True,,False,3.1219362999999998,3.121,0.0003,3.119,1,baseline,0,"{""close"": 3.12, ""rsi"": 47.603922637077474, ""rsi7"": 45.30090248817725, ""macd"": -0.0005258923131856508, ""adx"": 16.173032942684898, ""stoch_k"": 22.222222222223696, ""stoch_d"": 18.37742504409292, ""mss"": 0.0, ""sfp"": 0.0, ""vr"": 0.8267157241641392, ""hurst"": 0.5072046750253284, ""atr14"": 0.0026465237368650365, ""vol_sma20"": 1012.6855000000087, ""vol_ratio"": 0.24238522226298087, ""atr_pct"": 0.0008482447874567425, ""retest_entry"": true}"
اتجاهي,dir,directional,TONUSDT,صاعد,FVG,1,217114,217117,2025-05-31T18:34:00+00:00,2025-05-31T18:37:00+00:00,3,-0.0019583809180603704,-0.039167618361207406,20.0,قفل-ربح,0,False,True,,False,3.1249372,3.124,0.0003,3.126,1,baseline,0,"{""close"": 3.123, ""rsi"": 55.75145575595433, ""rsi7"": 64.07661720758969, ""macd"": 3.8520262933778425e-05, ""adx"": 15.318427189256344, ""stoch_k"": 64.55026455026704, ""stoch_d"": 44.62081128748056, ""mss"": 0.0, ""sfp"": 0.0, ""vr"": 0.8646509308090694, ""hurst"": 0.5049318147421188, ""atr14"": 0.0027368378917274946, ""vol_sma20"": 951.6970000000086, ""vol_ratio"": 0.43342576471292465, ""atr_pct"": 0.0008763489887055698, ""retest_entry"": true}"
اتجاهي,dir,directional,TONUSDT,صاعد,FVG,1,217122,217124,2025-05-31T18:42:00+00:00,2025-05-31T18:44:00+00:00,2,-0.0029156841912629126,-0.058313683825258256,20.0,قفل-ربح,0,False,True,,False,3.1299387,3.129,0.0003,3.128,1,baseline,0,"{""close"": 3.13, ""rsi"": 66.83097225351844, ""rsi7"": 75.44138136343332, ""macd"": 0.0008425464453313868, ""adx"": 20.898763692874148, ""stoch_k"": 94.44444444444419, ""stoch_d"": 92.59259259259248, ""mss"": 0.0, ""sfp"": 0.0, ""vr"": 0.7996814624705089, ""hurst"": 0.490633666836794, ""atr14"": 0.002493446705488363, ""vol_sma20"": 918.0860000000088, ""vol_ratio"": 0.20633143300300646, ""atr_pct"": 0.0007966283404116176, ""retest_entry"": true}"
اتجاهي,dir,directional,TONUSDT,صاعد,FVG,1,217132,217133,2025-05-31T18:52:00+00:00,2025-05-31T18:53:00+00:00,1,-0.0032334280559491945,-0.06466856111898389,20.0,زمني,0,False,True,,False,3.1349402,3.134,0.0003,3.132,1,baseline,0,"{""close"": 3.133, ""rsi"": 66.41881488088138, ""rsi7"": 74.57327097635812, ""macd"": 3.75606683093309e-05, ""adx"": 17.983651514224192, ""stoch_k"": 44.44444444444372, ""stoch_d"": 23.45679012345586, ""mss"": 0.0, ""sfp"": 0.0, ""vr"": 0.9015030491379163, ""hurst"": 0.39110521667150805, ""atr14"": 0.002775714735426135, ""vol_sma20"": 1594.3525000000088, ""vol_ratio"": 1.6888674242364754, ""atr_pct"": 0.0008859606560568576, ""retest_entry"": true}"
اتجاهي,dir,directional,TONUSDT,صاعد,Bollinger,1,217147,217148,2025-05-31T19:07:00+00:00,2025-05-31T19:08:00+00:00,1,-0.0029148712847394875,-0.05829742569478975,20.0,زمني,0,False,True,,False,3.1379411,3.137,0.0003,3.136,1,baseline,0,"{""close"": 3.136, ""rsi"": 62.93535168452541, ""rsi7"": 66.52750905649374, ""macd"": -7.242116745922794e-05, ""adx"": 22.598200821856512, ""stoch_k"": 84.44444444444282, ""stoch_d"": 86.49831649831397, ""mss"": 0.0, ""sfp"": 0.0, ""vr"": 0.8192354829915194, ""hurst"": 0.39807861703591424, ""atr14"": 0.0024640550288553466, ""vol_sma20"": 1087.6245000000088, ""vol_ratio"": 0.8746860704222756, ""atr_pct"": 0.000785731833180914, ""retest_entry"": true}"
اتجاهي,dir,directional,TONUSDT,صاعد,Bollinger,1,217154,217155,2025-05-31T19:14:00+00:00,2025-05-31T19:15:00+00:00,1,-0.0022786708031292966,-0.04557341606258593,20.0,زمني,0,False,True,,False,3.1349402,3.134,0.0003,3.135,1,baseline,0,"{""close"": 3.134, ""rsi"": 54.585806323907285, ""rsi7"": 53.45751626600821, ""macd"": -0.0005149026926347651, ""adx"": 18.913736066652703, ""stoch_k"": 37.499999999999915, ""stoch_d"": 24.007936507936638, ""mss"": 0.0, ""sfp"": 0.0, ""vr"": 0.9271042292955284, ""hurst"": 0.3435603222296187, ""atr14"": 0.00272866148028877, ""vol_sma20"": 939.2560000000088, ""vol_ratio"": 0.30206887153235895, ""atr_pct"": 0.0008706641609089886, ""retest_entry"": true}"
اتجاهي,dir,directional,TONUSDT,صاعد,MACD,1,217159,217160,2025-05-31T19:19:00+00:00,2025-05-31T19:20:00+00:00,1,-0.0022789751567322226,-0.045579503134644456,20.0,زمني,0,False,True,,False,3.1379411,3.137,0.0003,3.138,1,baseline,0,"{""close"": 3.138, ""rsi"": 63.22495294870183, ""rsi7"": 71.23170698169376, ""macd"": 4.153349817964669e-05, ""adx"": 14.908293593040765, ""stoch_k"": 74.99999999999946, ""stoch_d"": 63.88888888888814, ""mss"": 0.0, ""sfp"": 0.0, ""vr"": 0.9536488779894252, ""hurst"": 0.31495400484212605, ""atr14"": 0.0027687606112796513, ""vol_sma20"": 1056.4245000000087, ""vol_ratio"": 0.9364985382296528, ""atr_pct"": 0.0008823328907838278, ""retest_entry"": true}"
اتجاهي,dir,directional,TONUSDT,صاعد,Bollinger,1,217163,217165,2025-05-31T19:23:00+00:00,2025-05-31T19:25:00+00:00,2,-0.0007158832762113075,-0.014317665524226149,20.0,تتبع,0,False,True,,False,3.140942,3.14,0.0003,3.145921844,1,baseline,0,"{""close"": 3.14, ""rsi"": 65.96689618450827, ""rsi7"": 74.34444593064916, ""macd"": 0.00042576238482712903, ""adx"": 15.524513764949843, ""stoch_k"": 100.0, ""stoch_d"": 97.2222222222227, ""mss"": 0.0, ""sfp"": 0.0, ""vr"": 0.9095888604556325, ""hurst"": 0.2661736849323007, ""atr14"": 0.0026236352514254235, ""vol_sma20"": 1018.1120000000088, ""vol_ratio"": 2.9344021090017347, ""atr_pct"": 0.0008355526278424915, ""retest_entry"": true}"
اتجاهي,dir,directional,TONUSDT,صاعد,FVG,1,217174,217175,2025-05-31T19:34:00+00:00,2025-05-31T19:35:00+00:00,1,-0.003865480393110295,-0.07730960786220589,20.0,زمني,0,False,True,,False,3.1459435,3.145,0.0003,3.141,1,baseline,0,"{""close"": 3.145, ""rsi"": 65.71533774737728, ""rsi7"": 70.71090176015744, ""macd"": 7.451433119065338e-05, ""adx"": 25.73550155646893, ""stoch_k"": 59.90231990231976, ""stoch_d"": 56.27035002034978, ""mss"": 0.0, ""sfp"": 0.0, ""vr"": 0.972254824922767, ""hurst"": 0.18542164233184757, ""atr14"": 0.002774562049978582, ""vol_sma20"": 2387.1590000000087, ""vol_ratio"": 0.38705004568191587, ""atr_pct"": 0.0008822136883874665, ""retest_entry"": true}"
اتجاهي,dir,directional,TONUSDT,صاعد,MicroBurst,1,217187,217189,2025-05-31T19:47:00+00:00,2025-05-31T19:49:00+00:00,2,-0.002596923220735855,-0.0519384644147171,20.0,زمني,0,False,True,,False,3.140942,3.14,0.0003,3.14,1,baseline,0,"{""close"": 3.141, ""rsi"": 53.687588997354545, ""rsi7"": 55.93614088556, ""macd"": -0.00047932532876824793, ""adx"": 21.068155957587678, ""stoch_k"": 25.000000000001307, ""stoch_d"": 13.888888888889491, ""mss"": 0.0, ""sfp"": 0.0, ""vr"": 0.8964722242454995, ""hurst"": 0.20662232948871848, ""atr14"": 0.002456810195796598, ""vol_sma20"": 954.0565000000088, ""vol_ratio"": 1.9719901284672163, ""atr_pct"": 0.000782174529066093, ""retest_entry"": true}"
اتجاهي,dir,directional,TONUSDT,صاعد,Stochastic,1,217195,217197,2025-05-31T19:55:00+00:00,2025-05-31T19:57:00+00:00,2,-0.0019364297395660839,-0.03872859479132168,20.0,قفل-ربح,0,False,True,,False,3.1369408,3.136,0.0003,3.1380767005889307,1,baseline,0,"{""close"": 3.135, ""rsi"": 40.10792099547495, ""rsi7"": 34.54711285234943, ""macd"": -0.0007858128586979071, ""adx"": 21.14745978966141, ""stoch_k"": 16.66666666666705, ""stoch_d"": 16.296296296296518, ""mss"": 0.0, ""sfp"": 0.0, ""vr"": 0.9430924553754158, ""hurst"": 0.22838060736758012, ""atr14"": 0.002522661814194483, ""vol_sma20"": 813.6050000000088, ""vol_ratio"": 0.429262357040574, ""atr_pct"": 0.0008046768147350823, ""retest_entry"": true}"
اتجاهي,dir,directional,TONUSDT,صاعد,Bollinger,1,217200,217201,2025-05-31T20:00:00+00:00,2025-05-31T20:01:00+00:00,1,-0.0032320095478797243,-0.06464019095759449,20.0,زمني,0,False,True,,False,3.1419422999999997,3.141,0.0003,3.139,1,baseline,0,"{""close"": 3.142, ""rsi"": 57.345544143781495, ""rsi7"": 65.71908133288461, ""macd"": 0.00024162127587205238, ""adx"": 17.439572091953004, ""stoch_k"": 76.66666666666913, ""stoch_d"": 65.55555555555743, ""mss"": 0.0, ""sfp"": 0.0, ""vr"": 0.9554527207506086, ""hurst"": 0.2677856478208222, ""atr14"": 0.0025374465865742736, ""vol_sma20"": 981.7025000000089, ""vol_ratio"": 0.5258823319692018, ""atr_pct"": 0.0008075896201700425, ""retest_entry"": true}"
اتجاهي,dir,directional,TONUSDT,صاعد,MicroBurst,1,217207,217221,2025-05-31T20:07:00+00:00,2025-05-31T20:21:00+00:00,14,-0.005290809190809106,-0.10581618381618212,20.0,وقف,0,False,True,,False,3.1469438,3.146,0.0003,3.1375029685999998,1,baseline,0,"{""close"": 3.146, ""rsi"": 64.1998141368138, ""rsi7"": 74.21616351405265, ""macd"": 0.0005692809030130011, ""adx"": 15.681706366252849, ""stoch_k"": 80.76923076923292, ""stoch_d"": 78.52801519468359, ""mss"": 0.0, ""sfp"": 0.0, ""vr"": 1.044144465163147, ""hurst"": 0.27170605412877735, ""atr14"": 0.0027449510005306747, ""vol_sma20"": 1130.8040000000087, ""vol_ratio"": 2.8181895359407783, ""atr_pct"": 0.0008725209791896614, ""retest_entry"": true}"
اتجاهي,dir,directional,TONUSDT,صاعد,FVG,1,217224,217232,2025-05-31T20:24:00+00:00,2025-05-31T20:32:00+00:00,8,-0.0019287355181865085,-0.03857471036373017,20.0,قفل-ربح,0,False,True,,False,3.1429425999999996,3.142,0.0003,3.144104912056407,1,baseline,0,"{""close"": 3.142, ""rsi"": 52.57320315638363, ""rsi7"": 55.30836611492489, ""macd"": -0.0001858903337478199, ""adx"": 12.428360347600348, ""stoch_k"": 46.01851851851767, ""stoch_d"": 33.6728395061732, ""mss"": 0.0, ""sfp"": 0.0, ""vr"": 0.994892005606642, ""hurst"": 0.2544892292224807, ""atr14"": 0.00258214103859392, ""vol_sma20"": 989.5825000000086, ""vol_ratio"": 1.5624265788855265, ""atr_pct"": 0.0008218144616785233, ""retest_entry"": true}"
اتجاهي,dir,directional,TONUSDT,صاعد,Bollinger,1,217238,217244,2025-05-31T20:38:00+00:00,2025-05-31T20:44:00+00:00,6,-0.0018068458984814315,-0.03613691796962863,20.0,تتبع,0,False,True,,False,3.1489444,3.148,0.0003,3.1504936392,1,baseline,0,"{""close"": 3.148, ""rsi"": 61.72261428200228, ""rsi7"": 66.48874759449464, ""macd"": 0.00021130254086067224, ""adx"": 17.811559452177782, ""stoch_k"": 75.37878787878793, ""stoch_d"": 67.97138047138064, ""mss"": 0.0, ""sfp"": 0.0, ""vr"": 0.8252785973539934, ""hurst"": 0.23083723056123717, ""atr14"": 0.002109088411262942, ""vol_sma20"": 1605.0440000000087, ""vol_ratio"": 0.34212769244955094, ""atr_pct"": 0.0006699772589780628, ""retest_entry"": true}"
اتجاهي,dir,directional,TONUSDT,صاعد,MicroBurst,1,217247,217251,2025-05-31T20:47:00+00:00,2025-05-31T20:51:00+00:00,4,-0.0019289517897245383,-0.03857903579449076,20.0,تتبع,0,False,True,,False,3.1559464999999998,3.155,0.0003,3.157112937,1,baseline,0,"{""close"": 3.155, ""rsi"": 71.57683929642107, ""rsi7"": 78.22362213884651, ""macd"": 0.00048380277979542677, ""adx"": 30.140309237626177, ""stoch_k"": 85.18518518518539, ""stoch_d"": 83.95061728395085, ""mss"": 0.0, ""sfp"": 0.0, ""vr"": 0.8457295149173624, ""hurst"": 0.2298534779791334, ""atr14"": 0.0021337270524927313, ""vol_sma20"": 1940.7255000000089, ""vol_ratio"": 3.1933882457874496, ""atr_pct"": 0.0006763001751165552, ""retest_entry"": true}"
اتجاهي,dir,directional,TONUSDT,صاعد,FVG,1,217262,217263,2025-05-31T21:02:00+00:00,2025-05-31T21:03:00+00:00,1,-0.004803567195911339,-0.09607134391822678,20.0,زمني,0,False,True,,False,3.1649492,3.164,0.0003,3.157,1,baseline,0,"{""close"": 3.165, ""rsi"": 77.3323272081586, ""rsi7"": 83.07301452345877, ""macd"": 0.00022776701422822952, ""adx"": 52.003562879313115, ""stoch_k"": 89.56228956229104, ""stoch_d"": 88.77665544332318, ""mss"": 0.0, ""sfp"": 0.0, ""vr"": 0.937205674289972, ""hurst"": 0.4007533916093866, ""atr14"": 0.0023035130630817088, ""vol_sma20"": 2962.710000000009, ""vol_ratio"": 0.6298996526828459, ""atr_pct"": 0.0007278082347809507, ""retest_entry"": true}"
اتجاهي,dir,directional,TONUSDT,صاعد,FVG,1,217269,217272,2025-05-31T21:09:00+00:00,2025-05-31T21:12:00+00:00,3,-0.0022231805362457916,-0.044463610724915836,20.0,تتبع,0,False,True,,False,3.1608954,3.159,0.0006,3.1620813572,1,baseline,0,"{""close"": 3.159, ""rsi"": 55.88185076396006, ""rsi7"": 54.77288439791838, ""macd"": -0.0006292974835187871, ""adx"": 36.740419241321504, ""stoch_k"": 38.46153846153833, ""stoch_d"": 25.64102564102522, ""mss"": 0.0, ""sfp"": 0.0, ""vr"": 1.2255819391961424, ""hurst"": 0.34159217228331207, ""atr14"": 0.003004850522742418, ""vol_sma20"": 2857.6960000000086, ""vol_ratio"": 0.7994797207260651, ""atr_pct"": 0.0009512030777912054, ""retest_entry"": true}"
اتجاهي,dir,directional,TONUSDT,صاعد,EMA,1,217288,217293,2025-05-31T21:28:00+00:00,2025-05-31T21:33:00+00:00,5,-0.0018609427494473767,-0.03721885498894754,20.0,قفل-ربح,0,False,True,,False,3.1559464999999998,3.155,0.0003,3.157328064190872,1,baseline,0,"{""close"": 3.155, ""rsi"": 46.2137893645315, ""rsi7"": 43.27860194467143, ""macd"": -0.000500093860986111, ""adx"": 21.041320541122534, ""stoch_k"": 12.777777777776981, ""stoch_d"": 12.777777777776762, ""mss"": 0.0, ""sfp"": 0.0, ""vr"": 1.195711151348884, ""hurst"": 0.3305017096319854, ""atr14"": 0.0030692218798177846, ""vol_sma20"": 3478.318000000009, ""vol_ratio"": 0.11021418973193338, ""atr_pct"": 0.0009728120062813898, ""retest_entry"": true}"
اتجاهي,dir,directional,TONUSDT,صاعد,Bollinger,1,217303,217304,2025-05-31T21:43:00+00:00,2025-05-31T21:44:00+00:00,1,-0.0038293832487903837,-0.07658766497580767,20.0,زمني,0,False,True,,False,3.146887,3.145,0.0006,3.143,1,baseline,0,"{""close"": 3.146, ""rsi"": 40.84730327533907, ""rsi7"": 42.02763643492558, ""macd"": -0.001260790681773957, ""adx"": 30.909358723555183, ""stoch_k"": 28.735632183907914, ""stoch_d"": 25.287356321839056, ""mss"": 0.0, ""sfp"": 0.0, ""vr"": 1.4489961265684053, ""hurst"": 0.3629168193349333, ""atr14"": 0.00393586629982117, ""vol_sma20"": 2385.2015000000088, ""vol_ratio"": 0.1493877980539584, ""atr_pct"": 0.0012510700253722728, ""retest_entry"": true}"
اتجاهي,dir,directional,TONUSDT,صاعد,FVG,1,217307,217308,2025-05-31T21:47:00+00:00,2025-05-31T21:48:00+00:00,1,-0.002578920510514411,-0.051578410210288216,20.0,زمني,0,False,True,,False,3.146887,3.145,0.0006,3.146,1,baseline,0,"{""close"": 3.146, ""rsi"": 43.01403979591383, ""rsi7"": 46.706774396162736, ""macd"": -0.0003755874629962487, ""adx"": 31.94348066742623, ""stoch_k"": 30.665024630541524, ""stoch_d"": 29.11877394635988, ""mss"": 0.0, ""sfp"": 0.0, ""vr"": 1.2383816918581922, ""hurst"": 0.4178359627950876, ""atr14"": 0.0034206132181693436, ""vol_sma20"": 2206.1120000000087, ""vol_ratio"": 0.11841193919438314, ""atr_pct"": 0.0010872896434104716, ""retest_entry"": true}"
اتجاهي,dir,directional,TONUSDT,صاعد,Bollinger,1,217310,217311,2025-05-31T21:50:00+00:00,2025-05-31T21:51:00+00:00,1,-0.004180605463954679,-0.08361210927909357,20.0,زمني,0,False,True,,False,3.1499447,3.149,0.0003,3.144,1,baseline,0,"{""close"": 3.148, ""rsi"": 47.19386225429614, ""rsi7"": 55.66530126154158, ""macd"": 0.0003103650479249261, ""adx"": 30.279134879051497, ""stoch_k"": 55.63909774436123, ""stoch_d"": 46.48426622110818, ""mss"": 0.0, ""sfp"": 0.0, ""vr"": 1.0829420353903396, ""hurst"": 0.44200207273131925, ""atr14"": 0.003009507011777716, ""vol_sma20"": 2206.5090000000087, ""vol_ratio"": 0.8846598858196328, ""atr_pct"": 0.0009560060393194778, ""retest_entry"": true}"
اتجاهي,dir,directional,TONUSDT,صاعد,FVG,1,217315,217321,2025-05-31T21:55:00+00:00,2025-05-31T22:01:00+00:00,6,-0.005290809190809106,-0.10581618381618212,20.0,وقف,0,False,True,,False,3.1459435,3.145,0.0003,3.1365056695,1,baseline,0,"{""close"": 3.146, ""rsi"": 45.35225577752432, ""rsi7"": 50.73101897061169, ""macd"": 0.00037838181388889043, ""adx"": 26.505872519193023, ""stoch_k"": 47.222222222223756, ""stoch_d"": 53.02706552706665, ""mss"": 0.0, ""sfp"": 0.0, ""vr"": 0.9520174020713488, ""hurst"": 0.45458791072405363, ""atr14"": 0.0026609799617049266, ""vol_sma20"": 1958.917000000009, ""vol_ratio"": 0.06483174121210823, ""atr_pct"": 0.0008458296127479106, ""retest_entry"": true}"
اتجاهي,dir,directional,TONUSDT,صاعد,MicroBurst,1,217326,217329,2025-05-31T22:06:00+00:00,2025-05-31T22:09:00+00:00,3,-0.0019255597808471854,-0.03851119561694371,20.0,تتبع,0,False,True,,False,3.1339399,3.133,0.0003,3.1351088582,1,baseline,0,"{""close"": 3.133, ""rsi"": 29.67187641416136, ""rsi7"": 26.461057805905426, ""macd"": -0.0008678960114586781, ""adx"": 38.793558126553734, ""stoch_k"": 14.364035087719586, ""stoch_d"": 8.040935672514518, ""mss"": 0.0, ""sfp"": 0.0, ""vr"": 1.0592644025642994, ""hurst"": 0.45059623066827403, ""atr14"": 0.00299290992200733, ""vol_sma20"": 2477.7595000000083, ""vol_ratio"": 5.237094237757924, ""atr_pct"": 0.0009552856437942324, ""retest_entry"": true}"
اتجاهي,dir,directional,TONUSDT,هابط,FVG,-1,219497,219498,2025-06-02T10:17:00+00:00,2025-06-02T10:18:00+00:00,1,-0.0022768198488178405,-0.04553639697635681,20.0,زمني,0,False,True,,False,3.1150652,3.116,0.0003,3.115,1,baseline,0,"{""close"": 3.115, ""rsi"": 44.020467646059366, ""rsi7"": 36.029254982012745, ""macd"": 0.0002531709132054074, ""adx"": 22.32123048603722, ""stoch_k"": 68.888888888889, ""stoch_d"": 80.47619047618974, ""mss"": 0.0, ""sfp"": 0.0, ""vr"": 0.944884226851851, ""hurst"": 0.20408381048838536, ""atr14"": 0.003423138068729855, ""vol_sma20"": 3578.376000000009, ""vol_ratio"": 3.096647753058922, ""atr_pct"": 0.001098920728324191, ""retest_entry"": true}"
اتجاهي,dir,directional,TONUSDT,هابط,FVG,-1,219503,219504,2025-06-02T10:23:00+00:00,2025-06-02T10:24:00+00:00,1,-0.0022762019395735893,-0.04552403879147179,20.0,زمني,0,False,True,,False,3.109067,3.11,0.0003,3.109,1,baseline,0,"{""close"": 3.11, ""rsi"": 38.15052013738478, ""rsi7"": 29.0836183247349, ""macd"": -0.0006923908534095169, ""adx"": 17.53599295308184, ""stoch_k"": 23.43434343434367, ""stoch_d"": 33.623413623413676, ""mss"": 0.0, ""sfp"": 0.0, ""vr"": 1.001879742054773, ""hurst"": 0.20014770521705436, ""atr14"": 0.0036556366339689315, ""vol_sma20"": 4427.552000000009, ""vol_ratio"": 0.8090452692593996, ""atr_pct"": 0.0011754458630125182, ""retest_entry"": true}"
اتجاهي,dir,directional,TONUSDT,هابط,FVG,-1,219509,219510,2025-06-02T10:29:00+00:00,2025-06-02T10:30:00+00:00,1,-0.0029179005243664146,-0.05835801048732829,20.0,زمني,0,False,True,,False,3.1100667000000004,3.111,0.0003,3.112,1,baseline,0,"{""close"": 3.111, ""rsi"": 42.451548105101175, ""rsi7"": 39.622189700461995, ""macd"": -0.0005339242477268244, ""adx"": 16.102526712471867, ""stoch_k"": 25.41666666666701, ""stoch_d"": 29.30555555555566, ""mss"": 0.0, ""sfp"": 0.0, ""vr"": 0.9326229516959271, ""hurst"": 0.2043755135347764, ""atr14"": 0.003413620946306791, ""vol_sma20"": 3169.024000000009, ""vol_ratio"": 0.2212952631472649, ""atr_pct"": 0.0010972744925447737, ""retest_entry"": true}"
اتجاهي,dir,directional,TONUSDT,هابط,Bollinger,-1,219514,219515,2025-06-02T10:34:00+00:00,2025-06-02T10:35:00+00:00,1,-0.00259710280716572,-0.0519420561433144,20.0,زمني,0,False,True,,False,3.1050682,3.106,0.0003,3.106,1,baseline,0,"{""close"": 3.107, ""rsi"": 39.05458483448653, ""rsi7"": 34.5392415945816, ""macd"": -0.0005637893747253207, ""adx"": 17.581182124399607, ""stoch_k"": 10.000000000000968, ""stoch_d"": 18.08080808080886, ""mss"": 0.0, ""sfp"": 0.0, ""vr"": 0.8755245329987813, ""hurst"": 0.22433047628684735, ""atr14"": 0.0032046181688007496, ""vol_sma20"": 3875.030500000009, ""vol_ratio"": 0.5790689905537504, ""atr_pct"": 0.0010314187862248952, ""retest_entry"": true}"
اتجاهي,dir,directional,TONUSDT,هابط,FVG,-1,219525,219533,2025-06-02T10:45:00+00:00,2025-06-02T10:53:00+00:00,8,-0.005290809190809106,-0.10581618381618212,20.0,وقف,0,False,True,,False,3.1020691000000005,3.103,0.0003,3.1113753073000003,1,baseline,0,"{""close"": 3.104, ""rsi"": 36.15549506169298, ""rsi7"": 28.138512012929468, ""macd"": 3.053215221846418e-05, ""adx"": 18.879579616963635, ""stoch_k"": 44.444444444443725, ""stoch_d"": 59.629629629628425, ""mss"": 0.0, ""sfp"": 0.0, ""vr"": 0.7961781825871024, ""hurst"": 0.2634919565883213, ""atr14"": 0.0028839498928378174, ""vol_sma20"": 2287.9400000000087, ""vol_ratio"": 0.8227138823570517, ""atr_pct"": 0.0009291075685688844, ""retest_entry"": true}"
اتجاهي,dir,directional,TONUSDT,هابط,MicroBurst,-1,219537,219539,2025-06-02T10:57:00+00:00,2025-06-02T10:59:00+00:00,2,-0.0019553010719813475,-0.03910602143962695,20.0,تتبع,0,False,True,,False,3.109067,3.11,0.0003,3.108,1,baseline,0,"{""close"": 3.109, ""rsi"": 49.78767238526376, ""rsi7"": 50.19295295372504, ""macd"": 0.0009489175813120574, ""adx"": 17.4444596285583, ""stoch_k"": 80.55555555555686, ""stoch_d"": 87.65432098765494, ""mss"": 0.0, ""sfp"": 0.0, ""vr"": 0.8271439236327799, ""hurst"": 0.227735815834716, ""atr14"": 0.002887544047153921, ""vol_sma20"": 1385.0660000000087, ""vol_ratio"": 1.7785795045145751, ""atr_pct"": 0.000928769394388524, ""retest_entry"": true}"
اتجاهي,dir,directional,TONUSDT,هابط,FVG,-1,219542,219543,2025-06-02T11:02:00+00:00,2025-06-02T11:03:00+00:00,1,-0.003240145138487512,-0.06480290276975025,20.0,زمني,0,False,True,,False,3.1030688000000004,3.104,0.0003,3.106,1,baseline,0,"{""close"": 3.105, ""rsi"": 41.24120590044202, ""rsi7"": 32.809465290204855, ""macd"": -7.73675127567771e-05, ""adx"": 16.513330342267448, ""stoch_k"": 36.111111111112415, ""stoch_d"": 43.51851851851999, ""mss"": 0.0, ""sfp"": 0.0, ""vr"": 0.8134566391881983, ""hurst"": 0.19346884082314783, ""atr14"": 0.0027991868936676914, ""vol_sma20"": 1794.3770000000088, ""vol_ratio"": 0.6882388706498099, ""atr_pct"": 0.000901509466559643, ""retest_entry"": true}"
اتجاهي,dir,directional,TONUSDT,هابط,Bollinger,-1,219547,219557,2025-06-02T11:07:00+00:00,2025-06-02T11:17:00+00:00,10,-0.005290809190809106,-0.10581618381618212,20.0,وقف,0,False,True,,False,3.1020691000000005,3.103,0.0003,3.1113753073000003,1,baseline,0,"{""close"": 3.102, ""rsi"": 35.90453384172126, ""rsi7"": 25.194454961827446, ""macd"": -0.0005565003711449721, ""adx"": 21.507753052572934, ""stoch_k"": 5.555555555556551, ""stoch_d"": 15.74074074074173, ""mss"": 0.0, ""sfp"": 0.0, ""vr"": 0.8229600772079616, ""hurst"": 0.20043079115694856, ""atr14"": 0.002794675394386552, ""vol_sma20"": 2021.5240000000085, ""vol_ratio"": 0.7115770082373467, ""atr_pct"": 0.0009009269485449878, ""retest_entry"": true}"
اتجاهي,dir,directional,TONUSDT,هابط,EMA,-1,219560,219577,2025-06-02T11:20:00+00:00,2025-06-02T11:37:00+00:00,17,-0.005290809190808885,-0.10581618381617769,20.0,وقف,0,False,True,,False,3.1060679,3.107,0.0003,3.1153861036999997,1,baseline,0,"{""close"": 3.107, ""rsi"": 48.3788266298399, ""rsi7"": 43.25843126467705, ""macd"": 0.0004653516771431753, ""adx"": 17.272284240127373, ""stoch_k"": 75.0000000000007, ""stoch_d"": 86.02693602693618, ""mss"": 0.0, ""sfp"": 0.0, ""vr"": 0.8500627152300334, ""hurst"": 0.21629064483497615, ""atr14"": 0.002768411365871838, ""vol_sma20"": 1520.6910000000087, ""vol_ratio"": 0.4267336362219519, ""atr_pct"": 0.0008910239349442671, ""retest_entry"": true}"
اتجاهي,dir,directional,TONUSDT,هابط,MACD,-1,219581,219582,2025-06-02T11:41:00+00:00,2025-06-02T11:42:00+00:00,1,-0.002276305089964582,-0.04552610179929164,20.0,زمني,0,False,True,,False,3.1100667000000004,3.111,0.0003,3.11,1,baseline,0,"{""close"": 3.111, ""rsi"": 50.90941672103746, ""rsi7"": 45.407347138057524, ""macd"": -1.715013317359548e-05, ""adx"": 15.931352484536541, ""stoch_k"": 56.66666666666837, ""stoch_d"": 72.22222222222322, ""mss"": 0.0, ""sfp"": 0.0, ""vr"": 0.8859328188810777, ""hurst"": 0.2857915187932638, ""atr14"": 0.0026759767930062696, ""vol_sma20"": 2960.126000000009, ""vol_ratio"": 0.19732943800365196, ""atr_pct"": 0.0008601661179705141, ""retest_entry"": true}"
اتجاهي,dir,directional,TONUSDT,هابط,MicroBurst,-1,219584,219588,2025-06-02T11:44:00+00:00,2025-06-02T11:48:00+00:00,4,-0.005290809190808885,-0.10581618381617769,20.0,وقف,0,False,True,,False,3.1060679,3.107,0.0003,3.1153861036999997,1,baseline,0,"{""close"": 3.108, ""rsi"": 43.46545871698776, ""rsi7"": 33.5069924932811, ""macd"": -0.0004768471137795654, ""adx"": 14.82071399176884, ""stoch_k"": 37.037037037037045, ""stoch_d"": 47.901234567902065, ""mss"": 0.0, ""sfp"": 0.0, ""vr"": 0.9172953726813885, ""hurst"": 0.29405589792924697, ""atr14"": 0.0027504085328843874, ""vol_sma20"": 3294.1660000000093, ""vol_ratio"": 1.6892925250275743, ""atr_pct"": 0.0008849448304003821, ""retest_entry"": true}"
اتجاهي,dir,directional,TONUSDT,هابط,Bollinger,-1,219592,219593,2025-06-02T11:52:00+00:00,2025-06-02T11:53:00+00:00,1,-0.004522508012718949,-0.09045016025437898,20.0,زمني,0,False,True,,False,3.109067,3.11,0.0003,3.116,1,baseline,0,"{""close"": 3.11, ""rsi"": 47.709746995118394, ""rsi7"": 42.89604062510917, ""macd"": 6.431539626094529e-05, ""adx"": 13.335198321304945, ""stoch_k"": 69.69696969696837, ""stoch_d"": 82.82828282828204, ""mss"": 0.0, ""sfp"": 0.0, ""vr"": 1.0825838964366072, ""hurst"": 0.26543515746947155, ""atr14"": 0.003191900667932856, ""vol_sma20"": 1541.5860000000089, ""vol_ratio"": 0.27650744103799435, ""atr_pct"": 0.0010263346199141017, ""retest_entry"": true}"
اتجاهي,dir,directional,TONUSDT,هابط,FVG,-1,219601,219602,2025-06-02T12:01:00+00:00,2025-06-02T12:02:00+00:00,1,-0.0029175914706892152,-0.058351829413784306,20.0,زمني,0,False,True,,False,3.1130657999999998,3.114,0.0003,3.115,1,baseline,0,"{""close"": 3.113, ""rsi"": 50.15697777718617, ""rsi7"": 46.156792459576266, ""macd"": -0.0001816197251877222, ""adx"": 12.61943476778039, ""stoch_k"": 53.809523809524045, ""stoch_d"": 67.93650793650781, ""mss"": 0.0, ""sfp"": 0.0, ""vr"": 1.0867795118026193, ""hurst"": 0.140956740262922, ""atr14"": 0.0031764732641036994, ""vol_sma20"": 2111.5000000000086, ""vol_ratio"": 2.417632015155093, ""atr_pct"": 0.001020389741119081, ""retest_entry"": true}"
اتجاهي,dir,directional,TONUSDT,هابط,Bollinger,-1,219617,219618,2025-06-02T12:17:00+00:00,2025-06-02T12:18:00+00:00,1,-0.0035582601409168205,-0.07116520281833641,20.0,زمني,0,False,True,,False,3.1140655,3.115,0.0003,3.118,1,baseline,0,"{""close"": 3.116, ""rsi"": 52.66215611112052, ""rsi7"": 51.40494602727847, ""macd"": 0.00015385071805709076, ""adx"": 16.328441499866802, ""stoch_k"": 81.81818181818038, ""stoch_d"": 83.83838383838248, ""mss"": 0.0, ""sfp"": 0.0, ""vr"": 1.1123407928879165, ""hurst"": 0.10012798258980385, ""atr14"": 0.003242011545299364, ""vol_sma20"": 2034.0085000000086, ""vol_ratio"": 0.3617733160898772, ""atr_pct"": 0.0010404401621628254, ""retest_entry"": true}"
اتجاهي,dir,directional,TONUSDT,هابط,FVG,-1,219621,219622,2025-06-02T12:21:00+00:00,2025-06-02T12:22:00+00:00,1,-0.00259710280716572,-0.0519420561433144,20.0,زمني,0,False,True,,False,3.1130657999999998,3.114,0.0003,3.114,1,baseline,0,"{""close"": 3.114, ""rsi"": 47.964142413833585, ""rsi7"": 41.83208169571304, ""macd"": -0.00022511332847438407, ""adx"": 19.825283460887476, ""stoch_k"": 58.008658008655345, ""stoch_d"": 73.88167388167147, ""mss"": 0.0, ""sfp"": 0.0, ""vr"": 1.083905071925258, ""hurst"": 0.08919964065639131, ""atr14"": 0.0031704261699629405, ""vol_sma20"": 1388.6385000000087, ""vol_ratio"": 1.1875732957137437, ""atr_pct"": 0.0010181201573419847, ""retest_entry"": true}"
اتجاهي,dir,directional,TONUSDT,صاعد,MACD,1,219778,219781,2025-06-02T14:58:00+00:00,2025-06-02T15:01:00+00:00,3,-0.0018102864727874083,-0.03620572945574817,20.0,تتبع,0,False,True,,False,3.1669498,3.166,0.0003,3.1684969763999997,1,baseline,0,"{""close"": 3.166, ""rsi"": 54.95602819190074, ""rsi7"": 60.815172748287374, ""macd"": 0.00011506476781943697, ""adx"": 15.647606344204439, ""stoch_k"": 70.63492063492055, ""stoch_d"": 56.87830687830701, ""mss"": 0.0, ""sfp"": 0.0, ""vr"": 1.019911529835517, ""hurst"": 0.40115641993966344, ""atr14"": 0.003893727019346393, ""vol_sma20"": 2397.5585000000087, ""vol_ratio"": 1.117299119083013, ""atr_pct"": 0.0012298569233564097, ""retest_entry"": true}"
اتجاهي,dir,directional,TONUSDT,صاعد,Bollinger,1,219788,219791,2025-06-02T15:08:00+00:00,2025-06-02T15:11:00+00:00,3,-0.0005387699878672609,-0.010775399757345218,20.0,تتبع,0,False,True,,False,3.1719513,3.171,0.0003,3.1775433966,1,baseline,0,"{""close"": 3.172, ""rsi"": 60.04415734113584, ""rsi7"": 66.00738985942283, ""macd"": 0.00041120587219300466, ""adx"": 14.198118240637069, ""stoch_k"": 76.68997668997712, ""stoch_d"": 65.46231546231564, ""mss"": 0.0, ""sfp"": 0.0, ""vr"": 0.9281552002411871, ""hurst"": 0.3924544052254179, ""atr14"": 0.00363915024016166, ""vol_sma20"": 2587.7280000000087, ""vol_ratio"": 2.5581436688863657, ""atr_pct"": 0.001147273089584382, ""retest_entry"": true}"
اتجاهي,dir,directional,TONUSDT,صاعد,FVG,1,219794,219801,2025-06-02T15:14:00+00:00,2025-06-02T15:21:00+00:00,7,-0.001747541847884294,-0.03495083695768588,20.0,قفل-ربح,0,False,True,,False,3.1849552,3.184,0.0003,3.186711471775175,1,baseline,0,"{""close"": 3.186, ""rsi"": 71.38476253374824, ""rsi7"": 79.44992943384905, ""macd"": 0.0016708449769608528, ""adx"": 25.103228282942595, ""stoch_k"": 92.15686274509837, ""stoch_d"": 89.99497234791399, ""mss"": 0.0, ""sfp"": 0.0, ""vr"": 0.983595172449663, ""hurst"": 0.37463319021416597, ""atr14"": 0.0039041064590918458, ""vol_sma20"": 4619.291500000008, ""vol_ratio"": 1.106925163739935, ""atr_pct"": 0.0012253943688298324, ""retest_entry"": true}"
اتجاهي,dir,directional,TONUSDT,صاعد,Bollinger,1,219813,219814,2025-06-02T15:33:00+00:00,2025-06-02T15:34:00+00:00,1,-0.002596923220735966,-0.05193846441471932,20.0,زمني,0,False,True,,False,3.1949582,3.194,0.0003,3.194,1,baseline,0,"{""close"": 3.193, ""rsi"": 63.90618696963346, ""rsi7"": 67.39953319987967, ""macd"": -0.0003647340400667566, ""adx"": 30.65366330745492, ""stoch_k"": 69.69696969696973, ""stoch_d"": 44.444444444444294, ""mss"": 0.0, ""sfp"": 0.0, ""vr"": 0.962630469459415, ""hurst"": 0.3647358605873249, ""atr14"": 0.003940535977163962, ""vol_sma20"": 4653.3140000000085, ""vol_ratio"": 0.7000279800589416, ""atr_pct"": 0.001234117124072647, ""retest_entry"": true}"
اتجاهي,dir,directional,TONUSDT,صاعد,Bollinger,1,219821,219827,2025-06-02T15:41:00+00:00,2025-06-02T15:47:00+00:00,6,-0.0018151876863385262,-0.03630375372677053,20.0,تتبع,0,False,True,,False,3.1929576,3.192,0.0003,3.1945017968,1,baseline,0,"{""close"": 3.192, ""rsi"": 57.35277896380609, ""rsi7"": 56.97255135173432, ""macd"": -0.0005877967835018977, ""adx"": 27.02909396509835, ""stoch_k"": 54.76190476190561, ""stoch_d"": 53.17460317460378, ""mss"": 0.0, ""sfp"": 0.0, ""vr"": 0.975909085365017, ""hurst"": 0.33901300051411387, ""atr14"": 0.004025770737778413, ""vol_sma20"": 4328.111500000008, ""vol_ratio"": 0.38452567592124115, ""atr_pct"": 0.0012612063714844651, ""retest_entry"": true}"
اتجاهي,dir,directional,TONUSDT,صاعد,FVG,1,219832,219833,2025-06-02T15:52:00+00:00,2025-06-02T15:53:00+00:00,1,-0.0029091971959328447,-0.058183943918656895,20.0,زمني,0,False,True,,False,3.1949582,3.194,0.0003,3.193,1,baseline,0,"{""close"": 3.194, ""rsi"": 55.381699987386305, ""rsi7"": 53.24238653644524, ""macd"": -0.0002953303481037883, ""adx"": 27.15912974356712, ""stoch_k"": 64.5454545454552, ""stoch_d"": 58.18181818181912, ""mss"": 0.0, ""sfp"": 0.0, ""vr"": 0.9023412349995285, ""hurst"": 0.3578199896740544, ""atr14"": 0.003669350175953242, ""vol_sma20"": 3840.2260000000088, ""vol_ratio"": 0.45634032997016216, ""atr_pct"": 0.0011488259786954422, ""retest_entry"": true}"
اتجاهي,dir,directional,TONUSDT,صاعد,Stochastic,1,219838,219839,2025-06-02T15:58:00+00:00,2025-06-02T15:59:00+00:00,1,-0.002596923220735966,-0.05193846441471932,20.0,زمني,0,False,True,,False,3.1919573,3.191,0.0003,3.191,1,baseline,0,"{""close"": 3.192, ""rsi"": 52.13421406138383, ""rsi7"": 50.43578463678047, ""macd"": -0.0006701122147977491, ""adx"": 19.767885754405594, ""stoch_k"": 22.22222222222207, ""stoch_d"": 17.283950617283647, ""mss"": 0.0, ""sfp"": 0.0, ""vr"": 0.8103074092045017, ""hurst"": 0.3586344185447605, ""atr14"": 0.003248066740559172, ""vol_sma20"": 2786.4265000000087, ""vol_ratio"": 0.23082611366206787, ""atr_pct"": 0.0010175647683456053, ""retest_entry"": true}"
اتجاهي,dir,directional,TONUSDT,صاعد,FVG,1,219842,219843,2025-06-02T16:02:00+00:00,2025-06-02T16:03:00+00:00,1,-0.0032216667702376182,-0.06443333540475236,20.0,زمني,0,False,True,,False,3.1939579,3.193,0.0003,3.191,1,baseline,0,"{""close"": 3.193, ""rsi"": 53.50368940583043, ""rsi7"": 53.924095616330824, ""macd"": -0.00028443894419310427, ""adx"": 16.927279074200193, ""stoch_k"": 40.7407407407404, ""stoch_d"": 35.80246913580253, ""mss"": 0.0, ""sfp"": 0.0, ""vr"": 0.7754002809447323, ""hurst"": 0.3604366723616665, ""atr14"": 0.0030656506189377384, ""vol_sma20"": 2524.303500000009, ""vol_ratio"": 1.1469064635056718, ""atr_pct"": 0.0009601160723262569, ""retest_entry"": true}"
اتجاهي,dir,directional,TONUSDT,صاعد,OBV,1,219846,219866,2025-06-02T16:06:00+00:00,2025-06-02T16:26:00+00:00,20,-0.0018512056044029557,-0.03702411208805911,20.0,قفل-ربح,0,False,True,,False,3.1959584999999997,3.195,0.0003,3.197388771239685,1,baseline,0,"{""close"": 3.195, ""rsi"": 57.3506703178998, ""rsi7"": 63.64138775880779, ""macd"": -0.00010883788878495902, ""adx"": 14.235000308953351, ""stoch_k"": 47.08994708994579, ""stoch_d"": 34.215167548499885, ""mss"": 0.0, ""sfp"": 0.0, ""vr"": 0.8153671679629345, ""hurst"": 0.3679249497728246, ""atr14"": 0.0031774273044429748, ""vol_sma20"": 2185.3395000000087, ""vol_ratio"": 1.2133355023326993, ""atr_pct"": 0.0009944999387927933, ""retest_entry"": true}"
اتجاهي,dir,directional,TONUSDT,صاعد,MACD,1,219869,219870,2025-06-02T16:29:00+00:00,2025-06-02T16:30:00+00:00,1,-0.00228533213145784,-0.0457066426291568,20.0,زمني,0,False,True,,False,3.2019603,3.201,0.0003,3.202,1,baseline,0,"{""close"": 3.202, ""rsi"": 58.88521824452423, ""rsi7"": 61.41469206900989, ""macd"": 0.00012263460250202716, ""adx"": 10.278387560636034, ""stoch_k"": 55.555555555555394, ""stoch_d"": 54.25925925925969, ""mss"": 0.0, ""sfp"": 0.0, ""vr"": 1.0136851914852523, ""hurst"": 0.34692572365170665, ""atr14"": 0.003631140215942899, ""vol_sma20"": 5547.2205000000085, ""vol_ratio"": 0.5631649219640711, ""atr_pct"": 0.0011340225533862896, ""retest_entry"": true}"
اتجاهي,dir,directional,TONUSDT,صاعد,MicroBurst,1,219879,219884,2025-06-02T16:39:00+00:00,2025-06-02T16:44:00+00:00,5,-0.0055896103896103016,-0.11179220779220603,20.0,وقف,0,False,True,,False,3.1949158,3.193,0.0006,3.1853310526,1,baseline,0,"{""close"": 3.193, ""rsi"": 49.07346907467942, ""rsi7"": 52.50124587412486, ""macd"": -0.0011222666658968431, ""adx"": 20.763367022785637, ""stoch_k"": 30.434782608695723, ""stoch_d"": 21.688278667683964, ""mss"": 0.0, ""sfp"": 0.0, ""vr"": 1.356313146514278, ""hurst"": 0.26991999654860027, ""atr14"": 0.004874807357029871, ""vol_sma20"": 7265.702000000009, ""vol_ratio"": 2.157901604001923, ""atr_pct"": 0.001526716992492913, ""retest_entry"": true}"
اتجاهي,dir,directional,TONUSDT,صاعد,FVG,1,219887,219888,2025-06-02T16:47:00+00:00,2025-06-02T16:48:00+00:00,1,-0.0035205209576940136,-0.07041041915388027,20.0,زمني,0,False,True,,False,3.1949158,3.193,0.0006,3.191,1,baseline,0,"{""close"": 3.193, ""rsi"": 51.205815035309065, ""rsi7"": 56.797989348348594, ""macd"": 2.414316073102822e-05, ""adx"": 18.359920978620096, ""stoch_k"": 50.95704948646136, ""stoch_d"": 36.933179068728855, ""mss"": 0.0, ""sfp"": 0.0, ""vr"": 1.2175166265431965, ""hurst"": 0.17324032802414416, ""atr14"": 0.004477329909868963, ""vol_sma20"": 4139.200000000009, ""vol_ratio"": 0.6313200618476986, ""atr_pct"": 0.0014022329814810405, ""retest_entry"": true}"
اتجاهي,dir,directional,TONUSDT,صاعد,FVG,1,219894,219899,2025-06-02T16:54:00+00:00,2025-06-02T16:59:00+00:00,5,-0.0018728412068479896,-0.03745682413695979,20.0,قفل-ربح,0,False,True,,False,3.20192,3.2,0.0006,3.2042460292420394,1,baseline,0,"{""close"": 3.199, ""rsi"": 57.65164489259029, ""rsi7"": 64.3847661262565, ""macd"": 0.001041190523163301, ""adx"": 16.902444358457277, ""stoch_k"": 66.23931623931581, ""stoch_d"": 48.183760683760205, ""mss"": 0.0, ""sfp"": 0.0, ""vr"": 1.378533972051123, ""hurst"": 0.12703597949925727, ""atr14"": 0.005164240029095516, ""vol_sma20"": 3728.677500000008, ""vol_ratio"": 1.179683681412509, ""atr_pct"": 0.0016143294870570543, ""retest_entry"": true}"
اتجاهي,dir,directional,TONUSDT,صاعد,Bollinger,1,219912,219913,2025-06-02T17:12:00+00:00,2025-06-02T17:13:00+00:00,1,-0.00446588588802994,-0.0893177177605988,20.0,زمني,0,False,True,,False,3.2029606,3.202,0.0003,3.196,1,baseline,0,"{""close"": 3.203, ""rsi"": 54.86493507707528, ""rsi7"": 55.263482380133034, ""macd"": -0.000359442246155162, ""adx"": 15.520279953378795, ""stoch_k"": 42.63888888888771, ""stoch_d"": 33.97792022791907, ""mss"": 0.0, ""sfp"": 0.0, ""vr"": 1.1344849702820432, ""hurst"": 0.21773834461378697, ""atr14"": 0.00448034263927849, ""vol_sma20"": 5154.074500000009, ""vol_ratio"": 0.08454670183754605, ""atr_pct"": 0.0013987957038022138, ""retest_entry"": true}"
اتجاهي,dir,directional,TONUSDT,صاعد,FVG,1,219918,219928,2025-06-02T17:18:00+00:00,2025-06-02T17:28:00+00:00,10,-0.001662441887088813,-0.03324883774177626,20.0,تتبع,0,False,True,,False,3.2029606,3.202,0.0003,3.205,1,baseline,0,"{""close"": 3.202, ""rsi"": 54.426835846192496, ""rsi7"": 58.865555830048905, ""macd"": -0.0005560622434055082, ""adx"": 13.909087872200116, ""stoch_k"": 38.88888888888865, ""stoch_d"": 20.925925925926183, ""mss"": 0.0, ""sfp"": 0.0, ""vr"": 1.0703490509005817, ""hurst"": 0.2221122817528067, ""atr14"": 0.0042516783470260685, ""vol_sma20"": 3615.6490000000094, ""vol_ratio"": 0.7290032854405927, ""atr_pct"": 0.0013278195961980226, ""retest_entry"": true}"
اتجاهي,dir,directional,TONUSDT,صاعد,FVG,1,219932,219933,2025-06-02T17:32:00+00:00,2025-06-02T17:33:00+00:00,1,-0.002596923220735855,-0.0519384644147171,20.0,زمني,0,False,True,,False,3.2149642,3.214,0.0003,3.214,1,baseline,0,"{""close"": 3.214, ""rsi"": 68.28714012287429, ""rsi7"": 79.45401048022981, ""macd"": 0.000957111061423716, ""adx"": 18.329921213631053, ""stoch_k"": 90.79365079365027, ""stoch_d"": 89.3121693121692, ""mss"": 0.0, ""sfp"": 0.0, ""vr"": 0.9442466560594129, ""hurst"": 0.2517472233535533, ""atr14"": 0.00375680847129705, ""vol_sma20"": 3274.2030000000086, ""vol_ratio"": 0.8179150773485923, ""atr_pct"": 0.0011688887589598785, ""retest_entry"": true}"
اتجاهي,dir,directional,TONUSDT,صاعد,MicroBurst,1,219940,219941,2025-06-02T17:40:00+00:00,2025-06-02T17:41:00+00:00,1,-0.003524452430387975,-0.0704890486077595,20.0,زمني,0,False,True,symbol_collision,True,3.2269677999999997,3.226,0.0003,3.223,1,baseline,0,"{""close"": 3.226, ""rsi"": 79.202559520732, ""rsi7"": 90.3608475410125, ""macd"": 0.001350678989880054, ""adx"": 33.85491543020779, ""stoch_k"": 94.33333333333299, ""stoch_d"": 94.4691358024693, ""mss"": 0.0, ""sfp"": 0.0, ""vr"": 1.0063172009707606, ""hurst"": 0.29349436949099306, ""atr14"": 0.004040052835945459, ""vol_sma20"": 4358.9390000000085, ""vol_ratio"": 4.206663594053499, ""atr_pct"": 0.0012523412386687722, ""retest_entry"": true}"
اتجاهي,dir,directional,TONUSDT,صاعد,FVG,1,219949,219950,2025-06-02T17:49:00+00:00,2025-06-02T17:50:00+00:00,1,-0.0035129845426834757,-0.07025969085366951,20.0,زمني,0,False,True,symbol_collision,True,3.2339392,3.232,0.0006,3.23,1,baseline,0,"{""close"": 3.231, ""rsi"": 64.85640013542734, ""rsi7"": 64.12937693337898, ""macd"": 0.00012425387396280355, ""adx"": 47.47560751792343, ""stoch_k"": 68.25396825396847, ""stoch_d"": 63.19300667126777, ""mss"": 0.0, ""sfp"": 0.0, ""vr"": 1.22766948964311, ""hurst"": 0.3582792800670861, ""atr14"": 0.005111055341128596, ""vol_sma20"": 9960.03400000001, ""vol_ratio"": 0.07701379332640823, ""atr_pct"": 0.0015818803284211066, ""retest_entry"": true}"
اتجاهي,dir,directional,TONUSDT,صاعد,Stochastic,1,219966,219990,2025-06-02T18:06:00+00:00,2025-06-02T18:30:00+00:00,24,0.0013340671065354126,0.026681342130708254,20.0,تتبع,0,True,True,symbol_collision,True,3.230969,3.23,0.0003,3.242730158,1,baseline,0,"{""close"": 3.229, ""rsi"": 50.66743382333964, ""rsi7"": 45.982250440616575, ""macd"": -0.0019500597947808597, ""adx"": 32.23406737644869, ""stoch_k"": 23.809523809524492, ""stoch_d"": 15.770308123250112, ""mss"": 0.0, ""sfp"": 0.0, ""vr"": 1.171682693222611, ""hurst"": 0.29320621816979275, ""atr14"": 0.005264029026158206, ""vol_sma20"": 5140.286500000009, ""vol_ratio"": 0.8092311586134339, ""atr_pct"": 0.0016302350653943033, ""retest_entry"": true}"
اتجاهي,dir,directional,TONUSDT,صاعد,Bollinger,1,219999,220000,2025-06-02T18:39:00+00:00,2025-06-02T18:40:00+00:00,1,-0.002596923220735966,-0.05193846441471932,20.0,زمني,0,False,True,symbol_collision,True,3.2489744000000003,3.248,0.0003,3.248,1,baseline,0,"{""close"": 3.249, ""rsi"": 63.77283004890915, ""rsi7"": 66.69374726993411, ""macd"": 0.00019248308822917767, ""adx"": 31.101259645571368, ""stoch_k"": 86.41025641025699, ""stoch_d"": 81.70940170940203, ""mss"": 0.0, ""sfp"": 0.0, ""vr"": 0.9406868625358804, ""hurst"": 0.38464091949870843, ""atr14"": 0.004220653588480407, ""vol_sma20"": 7040.601000000008, ""vol_ratio"": 0.44135720799971434, ""atr_pct"": 0.0012990623541029262, ""retest_entry"": true}"
اتجاهي,dir,directional,TONUSDT,صاعد,Bollinger,1,220023,220024,2025-06-02T19:03:00+00:00,2025-06-02T19:04:00+00:00,1,-0.003523877753058719,-0.07047755506117438,20.0,زمني,0,False,True,symbol_collision,True,3.2289684000000003,3.228,0.0003,3.225,1,baseline,0,"{""close"": 3.229, ""rsi"": 39.36481699144967, ""rsi7"": 39.68186833273103, ""macd"": -0.0013362802130074164, ""adx"": 28.62523717410753, ""stoch_k"": 8.761528326745859, ""stoch_d"": 4.459710981450363, ""mss"": 0.0, ""sfp"": 0.0, ""vr"": 0.9337895014031364, ""hurst"": 0.42897322768022894, ""atr14"": 0.0040831885022748335, ""vol_sma20"": 6665.910000000008, ""vol_ratio"": 0.4797709540032788, ""atr_pct"": 0.0012645365445261175, ""retest_entry"": true}"
اتجاهي,dir,directional,TONUSDT,صاعد,FVG,1,220027,220028,2025-06-02T19:07:00+00:00,2025-06-02T19:08:00+00:00,1,-0.003830569574204356,-0.07661139148408712,20.0,زمني,0,False,True,symbol_collision,True,3.2349702,3.234,0.0003,3.23,1,baseline,0,"{""close"": 3.235, ""rsi"": 50.467300307952726, ""rsi7"": 59.402270987034704, ""macd"": 0.00032762869734738074, ""adx"": 28.540628068558895, ""stoch_k"": 42.69927536231783, ""stoch_d"": 27.59057971014451, ""mss"": 0.0, ""sfp"": 0.0, ""vr"": 0.9719061545689965, ""hurst"": 0.4044672077456705, ""atr14"": 0.004268896991187863, ""vol_sma20"": 6873.833000000009, ""vol_ratio"": 0.23195355487978803, ""atr_pct"": 0.0013195972152049036, ""retest_entry"": true}"
اتجاهي,dir,directional,TONUSDT,صاعد,FVG,1,220039,220041,2025-06-02T19:19:00+00:00,2025-06-02T19:21:00+00:00,2,-0.001977225751472509,-0.03954451502945018,20.0,تتبع,0,False,True,symbol_collision,True,3.2199657,3.219,0.0003,3.221,1,baseline,0,"{""close"": 3.219, ""rsi"": 41.896874573822814, ""rsi7"": 47.31448216144426, ""macd"": -0.00035824353738812473, ""adx"": 40.56882782008695, ""stoch_k"": 34.48275862068989, ""stoch_d"": 27.085175361037674, ""mss"": 0.0, ""sfp"": 0.0, ""vr"": 1.014606683653451, ""hurst"": 0.4563331605546953, ""atr14"": 0.004549651325076914, ""vol_sma20"": 5980.8325000000095, ""vol_ratio"": 0.32463540819777126, ""atr_pct"": 0.0014133741301885414, ""retest_entry"": true}"
اتجاهي,dir,directional,TONUSDT,صاعد,Bollinger,1,220044,220052,2025-06-02T19:24:00+00:00,2025-06-02T19:32:00+00:00,8,-0.005290809190809106,-0.10581618381618212,20.0,وقف,0,False,True,symbol_collision,True,3.2269677999999997,3.226,0.0003,3.2172868965999997,1,baseline,0,"{""close"": 3.226, ""rsi"": 51.89669560782714, ""rsi7"": 65.36109374684614, ""macd"": 0.0014422409898342849, ""adx"": 34.96606149217792, ""stoch_k"": 76.06060606060625, ""stoch_d"": 65.42966611932151, ""mss"": 0.0, ""sfp"": 0.0, ""vr"": 0.961178904394849, ""hurst"": 0.46379986472176365, ""atr14"": 0.004313784229491037, ""vol_sma20"": 6229.883500000009, ""vol_ratio"": 0.434751307949819, ""atr_pct"": 0.0013371928795694473, ""retest_entry"": true}"
اتجاهي,dir,directional,TONUSDT,صاعد,MicroBurst,1,220058,220059,2025-06-02T19:38:00+00:00,2025-06-02T19:39:00+00:00,1,-0.0035264694246308183,-0.07052938849261636,20.0,زمني,0,False,True,symbol_collision,True,3.2199657,3.219,0.0003,3.216,1,baseline,0,"{""close"": 3.22, ""rsi"": 45.69213770819511, ""rsi7"": 49.70114262627683, ""macd"": -0.00022206841385333438, ""adx"": 28.528921273004993, ""stoch_k"": 27.083333333334405, ""stoch_d"": 19.444444444445036, ""mss"": 0.0, ""sfp"": 0.0, ""vr"": 0.8336263563388024, ""hurst"": 0.47488889726188327, ""atr14"": 0.0036219995772652437, ""vol_sma20"": 2368.900500000009, ""vol_ratio"": 2.524301886043748, ""atr_pct"": 0.0011248445892128086, ""retest_entry"": true}"
اتجاهي,dir,directional,TONUSDT,صاعد,Bollinger,1,220066,220071,2025-06-02T19:46:00+00:00,2025-06-02T19:51:00+00:00,5,-0.00037167869988501335,-0.007433573997700267,20.0,تتبع,0,False,True,symbol_collision,True,3.2129636,3.212,0.0003,3.2191660952,1,baseline,0,"{""close"": 3.212, ""rsi"": 39.522213214111915, ""rsi7"": 41.01324073669651, ""macd"": -0.00047355590668319517, ""adx"": 32.178534345839736, ""stoch_k"": 31.719924812030484, ""stoch_d"": 23.69743803954344, ""mss"": 0.0, ""sfp"": 0.0, ""vr"": 0.8938023984162008, ""hurst"": 0.46799662692039484, ""atr14"": 0.003783043754069086, ""vol_sma20"": 3201.960500000009, ""vol_ratio"": 1.3117963197859523, ""atr_pct"": 0.0011777844813415585, ""retest_entry"": true}"
اتجاهي,dir,directional,TONUSDT,صاعد,FVG,1,220079,220080,2025-06-02T19:59:00+00:00,2025-06-02T20:00:00+00:00,1,-0.0022872668789851963,-0.04574533757970393,20.0,زمني,0,False,True,symbol_collision,True,3.2219663,3.221,0.0003,3.222,1,baseline,0,"{""close"": 3.222, ""rsi"": 57.640500274867044, ""rsi7"": 66.59494052938895, ""macd"": 0.0008512817269066483, ""adx"": 17.47286033666537, ""stoch_k"": 71.79487179487279, ""stoch_d"": 68.0178481649081, ""mss"": 0.0, ""sfp"": 0.0, ""vr"": 0.8304057741238161, ""hurst"": 0.33518392457798585, ""atr14"": 0.0034009941608413607, ""vol_sma20"": 3651.1055000000088, ""vol_ratio"": 0.34391501423335946, ""atr_pct"": 0.0010555537432778896, ""retest_entry"": true}"
اتجاهي,dir,directional,TONUSDT,صاعد,FVG,1,220082,220083,2025-06-02T20:02:00+00:00,2025-06-02T20:03:00+00:00,1,-0.0022876509488663228,-0.045753018977326455,20.0,زمني,0,False,True,symbol_collision,True,3.2259675,3.225,0.0003,3.226,1,baseline,0,"{""close"": 3.224, ""rsi"": 59.041932918631574, ""rsi7"": 65.73919037060213, ""macd"": 0.0009015827722923255, ""adx"": 18.789825105626367, ""stoch_k"": 76.80911680911753, ""stoch_d"": 76.37226970560363, ""mss"": 0.0, ""sfp"": 0.0, ""vr"": 0.8942315045236718, ""hurst"": 0.3208542133892707, ""atr14"": 0.0036479534152217617, ""vol_sma20"": 2995.863000000009, ""vol_ratio"": 0.5369170753135224, ""atr_pct"": 0.0011314991982697771, ""retest_entry"": true}"
اتجاهي,dir,directional,TONUSDT,صاعد,FVG,1,220085,220087,2025-06-02T20:05:00+00:00,2025-06-02T20:07:00+00:00,2,-0.0022879383766284556,-0.04575876753256911,20.0,زمني,0,False,True,symbol_collision,True,3.2289684000000003,3.228,0.0003,3.229,1,baseline,0,"{""close"": 3.228, ""rsi"": 64.4894262836358, ""rsi7"": 74.4276665334354, ""macd"": 0.0012107614420355476, ""adx"": 22.686522306932666, ""stoch_k"": 82.38095238095336, ""stoch_d"": 84.03880070546819, ""mss"": 0.0, ""sfp"": 0.0, ""vr"": 0.9024384828144247, ""hurst"": 0.34527625906711684, ""atr14"": 0.003661280485875421, ""vol_sma20"": 2936.327000000009, ""vol_ratio"": 0.21395096663280286, ""atr_pct"": 0.0011342256771609109, ""retest_entry"": true}"
اتجاهي,dir,directional,TONUSDT,صاعد,MicroBurst,1,220094,220095,2025-06-02T20:14:00+00:00,2025-06-02T20:15:00+00:00,1,-0.003829807122811625,-0.0765961424562325,20.0,زمني,0,False,True,symbol_collision,True,3.2369708,3.236,0.0003,3.232,1,baseline,0,"{""close"": 3.236, ""rsi"": 69.2109554303145, ""rsi7"": 76.50651508765706, ""macd"": 0.0008611284131102024, ""adx"": 34.60894142934434, ""stoch_k"": 94.32404540763774, ""stoch_d"": 95.41193670450714, ""mss"": 0.0, ""sfp"": 0.0, ""vr"": 0.9101917678017243, ""hurst"": 0.4508504160148658, ""atr14"": 0.00361846128584048, ""vol_sma20"": 3347.3380000000084, ""vol_ratio"": 8.265965373081514, ""atr_pct"": 0.0011181895197282076, ""retest_entry"": true}"
اتجاهي,dir,directional,TONUSDT,صاعد,MicroBurst,1,220103,220104,2025-06-02T20:23:00+00:00,2025-06-02T20:24:00+00:00,1,-0.0029056211708377547,-0.05811242341675509,20.0,زمني,0,False,True,symbol_collision,True,3.2319693,3.231,0.0003,3.23,1,baseline,0,"{""close"": 3.231, ""rsi"": 54.73967286972461, ""rsi7"": 54.25540832039229, ""macd"": -0.0008102308055264319, ""adx"": 33.49039853553805, ""stoch_k"": 18.181818181817707, ""stoch_d"": 17.171717171716722, ""mss"": 0.0, ""sfp"": 0.0, ""vr"": 1.0646289392127615, ""hurst"": 0.4481738488802975, ""atr14"": 0.004203866399604824, ""vol_sma20"": 4428.169500000009, ""vol_ratio"": 1.6481708751211952, ""atr_pct"": 0.0013011038067486302, ""retest_entry"": true}"
اتجاهي,dir,directional,TONUSDT,صاعد,Bollinger,1,220107,220111,2025-06-02T20:27:00+00:00,2025-06-02T20:31:00+00:00,4,-0.0017397220449974875,-0.03479444089994975,20.0,قفل-ربح,0,False,True,symbol_collision,True,3.2349702,3.234,0.0003,3.2367794065076376,1,baseline,0,"{""close"": 3.234, ""rsi"": 58.092748607999916, ""rsi7"": 61.3323422221435, ""macd"": -0.00016947496543220962, ""adx"": 36.92325751920506, ""stoch_k"": 57.57575757575771, ""stoch_d"": 43.434343434343845, ""mss"": 0.0, ""sfp"": 0.0, ""vr"": 1.0167958798576948, ""hurst"": 0.40624499698245614, ""atr14"": 0.00401925312992279, ""vol_sma20"": 4564.128500000009, ""vol_ratio"": 0.7029622413128801, ""atr_pct"": 0.0012428117284857111, ""retest_entry"": true}"
اتجاهي,dir,directional,TONUSDT,صاعد,FVG,1,220120,220121,2025-06-02T20:40:00+00:00,2025-06-02T20:41:00+00:00,1,-0.00352072971358482,-0.0704145942716964,20.0,زمني,0,False,True,symbol_collision,True,3.2399717,3.239,0.0003,3.236,1,baseline,0,"{""close"": 3.239, ""rsi"": 57.62175567496011, ""rsi7"": 57.598010784873864, ""macd"": -8.577822197832581e-05, ""adx"": 40.8521799374676, ""stoch_k"": 55.12820512820482, ""stoch_d"": 57.6923076923077, ""mss"": 0.0, ""sfp"": 0.0, ""vr"": 1.021439174480411, ""hurst"": 0.39896705095523244, ""atr14"": 0.003997659733793919, ""vol_sma20"": 3786.2905000000087, ""vol_ratio"": 0.3009383458559235, ""atr_pct"": 0.00123422653096447, ""retest_entry"": true}"
اتجاهي,dir,directional,TONUSDT,صاعد,FVG,1,220126,220127,2025-06-02T20:46:00+00:00,2025-06-02T20:47:00+00:00,1,-0.003829807122811625,-0.0765961424562325,20.0,زمني,0,False,True,symbol_collision,True,3.2369708,3.236,0.0003,3.232,1,baseline,0,"{""close"": 3.237, ""rsi"": 53.90195778575925, ""rsi7"": 52.321436664663096, ""macd"": -0.0004575328815859829, ""adx"": 32.63811707879622, ""stoch_k"": 43.58974358974371, ""stoch_d"": 38.46153846153843, ""mss"": 0.0, ""sfp"": 0.0, ""vr"": 0.9121069987055208, ""hurst"": 0.38499111603499425, ""atr14"": 0.0035533092586335197, ""vol_sma20"": 3148.710000000009, ""vol_ratio"": 0.21832115374232558, ""atr_pct"": 0.0010977167929050106, ""retest_entry"": true}"
اتجاهي,dir,directional,TONUSDT,صاعد,FVG,1,220139,220145,2025-06-02T20:59:00+00:00,2025-06-02T21:05:00+00:00,6,-0.005290809190809106,-0.10581618381618212,20.0,وقف,0,False,True,symbol_collision,True,3.2349702,3.234,0.0003,3.2252652894,1,baseline,0,"{""close"": 3.235, ""rsi"": 53.71904628552702, ""rsi7"": 60.808875483569345, ""macd"": -0.00013162483870384628, ""adx"": 17.391041334130147, ""stoch_k"": 45.45454545454486, ""stoch_d"": 30.303030303029498, ""mss"": 0.0, ""sfp"": 0.0, ""vr"": 0.8645452788276247, ""hurst"": 0.39091774194564094, ""atr14"": 0.0032420361289647714, ""vol_sma20"": 1459.1000000000088, ""vol_ratio"": 0.4365636351175356, ""atr_pct"": 0.0010021750012255862, ""retest_entry"": true}"
اتجاهي,dir,directional,TONUSDT,صاعد,Stochastic,1,220153,220174,2025-06-02T21:13:00+00:00,2025-06-02T21:34:00+00:00,21,-0.0018384138719149661,-0.03676827743829932,20.0,قفل-ربح,0,False,True,symbol_collision,True,3.2199657,3.219,0.0003,3.221447998858936,1,baseline,0,"{""close"": 3.219, ""rsi"": 31.160373466389046, ""rsi7"": 24.88305759484281, ""macd"": -0.0013075535196041873, ""adx"": 27.352612167265875, ""stoch_k"": 12.698412698411735, ""stoch_d"": 11.807296017821614, ""mss"": 0.0, ""sfp"": 0.0, ""vr"": 0.9057715268732849, ""hurst"": 0.4203761491463711, ""atr14"": 0.0032930095614335645, ""vol_sma20"": 3069.783000000009, ""vol_ratio"": 1.2974956210259776, ""atr_pct"": 0.0010229914760588894, ""retest_entry"": true}"
اتجاهي,dir,directional,TONUSDT,صاعد,FVG,1,220179,220201,2025-06-02T21:39:00+00:00,2025-06-02T22:01:00+00:00,22,-0.002596923220735855,-0.0519384644147171,20.0,قفل-ربح,0,False,True,symbol_collision,True,3.2189653999999996,3.218,0.0003,3.218,1,baseline,0,"{""close"": 3.218, ""rsi"": 45.75232171350776, ""rsi7"": 47.298605919420396, ""macd"": 3.594528270119764e-05, ""adx"": 26.066383191212726, ""stoch_k"": 36.36363636363503, ""stoch_d"": 23.90572390572309, ""mss"": 0.0, ""sfp"": 0.0, ""vr"": 0.8349987801855826, ""hurst"": 0.3978117067477024, ""atr14"": 0.002939221164923006, ""vol_sma20"": 1909.580000000009, ""vol_ratio"": 0.9773458037893102, ""atr_pct"": 0.0009133689138977644, ""retest_entry"": true}"
اتجاهي,dir,directional,TONUSDT,صاعد,FVG,1,220205,220206,2025-06-02T22:05:00+00:00,2025-06-02T22:06:00+00:00,1,-0.0022870744861042376,-0.04574148972208475,20.0,زمني,0,False,True,symbol_collision,True,3.2199657,3.219,0.0003,3.22,1,baseline,0,"{""close"": 3.219, ""rsi"": 51.82106670012212, ""rsi7"": 55.89095636625495, ""macd"": 7.87769232571551e-05, ""adx"": 13.590082076238163, ""stoch_k"": 38.88888888888866, ""stoch_d"": 26.234567901234016, ""mss"": 0.0, ""sfp"": 0.0, ""vr"": 0.972912881842745, ""hurst"": 0.31461735993475926, ""atr14"": 0.003120378338481807, ""vol_sma20"": 3271.7945000000086, ""vol_ratio"": 1.3723202970113153, ""atr_pct"": 0.0009693626400999711, ""retest_entry"": true}"
اتجاهي,dir,directional,TONUSDT,صاعد,FVG,1,220210,220213,2025-06-02T22:10:00+00:00,2025-06-02T22:13:00+00:00,3,-0.0035152760923920392,-0.07030552184784078,20.0,قفل-ربح,0,False,True,symbol_collision,True,3.2239668999999997,3.223,0.0003,3.221,1,baseline,0,"{""close"": 3.223, ""rsi"": 57.9047287759832, ""rsi7"": 62.682290454786134, ""macd"": 0.0006343610650865826, ""adx"": 13.647332421124485, ""stoch_k"": 66.66666666666582, ""stoch_d"": 53.703703703703376, ""mss"": 0.0, ""sfp"": 0.0, ""vr"": 1.1616319778354671, ""hurst"": 0.3174515977298808, ""atr14"": 0.0037093373193273576, ""vol_sma20"": 4260.301000000009, ""vol_ratio"": 0.507806842755945, ""atr_pct"": 0.001150895848379571, ""retest_entry"": true}"
اتجاهي,dir,directional,TONUSDT,صاعد,Stochastic,1,220225,220235,2025-06-02T22:25:00+00:00,2025-06-02T22:35:00+00:00,10,-0.0018171592844860066,-0.036343185689720135,20.0,تتبع,0,False,True,symbol_collision,True,3.2249337999999996,3.223,0.0006,3.2264870884,1,baseline,0,"{""close"": 3.222, ""rsi"": 53.20771880539189, ""rsi7"": 55.35527619559319, ""macd"": -0.00022160615636579754, ""adx"": 24.58030994956284, ""stoch_k"": 22.222222222221372, ""stoch_d"": 19.42501942501924, ""mss"": 0.0, ""sfp"": 0.0, ""vr"": 1.2568966625877531, ""hurst"": 0.3194125167625825, ""atr14"": 0.004037836521341528, ""vol_sma20"": 4284.066500000009, ""vol_ratio"": 0.7729338468485476, ""atr_pct"": 0.0012532081071823487, ""retest_entry"": true}"
اتجاهي,dir,directional,TONUSDT,صاعد,FVG,1,220250,220251,2025-06-02T22:50:00+00:00,2025-06-02T22:51:00+00:00,1,-0.0029068682414876306,-0.05813736482975261,20.0,زمني,0,False,True,symbol_collision,True,3.2189653999999996,3.218,0.0003,3.217,1,baseline,0,"{""close"": 3.218, ""rsi"": 45.09261337564854, ""rsi7"": 44.75179346836556, ""macd"": -0.0004005454866172715, ""adx"": 13.426043932974293, ""stoch_k"": 20.71428571428731, ""stoch_d"": 17.252747252747938, ""mss"": 0.0, ""sfp"": 0.0, ""vr"": 0.8803019838646977, ""hurst"": 0.14949802718519642, ""atr14"": 0.0028436148318441903, ""vol_sma20"": 2396.4570000000085, ""vol_ratio"": 2.5874864435289173, ""atr_pct"": 0.0008836590527794252, ""retest_entry"": true}"
اتجاهي,dir,directional,TONUSDT,صاعد,MACD,1,220256,220260,2025-06-02T22:56:00+00:00,2025-06-02T23:00:00+00:00,4,-0.001938261481933261,-0.03876522963866522,20.0,تتبع,0,False,True,symbol_collision,True,3.2179651,3.217,0.0003,3.2191244318,1,baseline,0,"{""close"": 3.218, ""rsi"": 47.02269310811512, ""rsi7"": 49.153775482511136, ""macd"": 4.731390420540955e-06, ""adx"": 12.345958592348683, ""stoch_k"": 44.76190476190547, ""stoch_d"": 39.682539682540884, ""mss"": 0.0, ""sfp"": 0.0, ""vr"": 0.87310801259095, ""hurst"": 0.17617651082869257, ""atr14"": 0.002787493367835504, ""vol_sma20"": 2257.730000000009, ""vol_ratio"": 0.6075615773365258, ""atr_pct"": 0.000866219194479647, ""retest_entry"": true}"
اتجاهي,dir,directional,TONUSDT,صاعد,Bollinger,1,220265,220266,2025-06-02T23:05:00+00:00,2025-06-02T23:06:00+00:00,1,-0.004760487378608258,-0.09520974757216516,20.0,زمني,0,False,True,symbol_collision,True,3.2279680999999996,3.227,0.0003,3.22,1,baseline,0,"{""close"": 3.226, ""rsi"": 63.75662557340775, ""rsi7"": 74.97878750513478, ""macd"": 0.0009124321839680207, ""adx"": 16.60897578589255, ""stoch_k"": 92.80303030302953, ""stoch_d"": 87.74651274651235, ""mss"": 0.0, ""sfp"": 0.0, ""vr"": 0.9536921335412472, ""hurst"": 0.20648365672595362, ""atr14"": 0.002979188488509686, ""vol_sma20"": 2459.7605000000085, ""vol_ratio"": 2.2868974438771503, ""atr_pct"": 0.0009234930218566913, ""retest_entry"": true}"
اتجاهي,dir,directional,TONUSDT,صاعد,Stochastic,1,220273,220279,2025-06-02T23:13:00+00:00,2025-06-02T23:19:00+00:00,6,-0.005290809190809106,-0.10581618381618212,20.0,وقف,0,False,True,symbol_collision,True,3.2139639,3.213,0.0003,3.2043220083,1,baseline,0,"{""close"": 3.213, ""rsi"": 37.85134365024397, ""rsi7"": 28.692626663737684, ""macd"": -0.000815027309776895, ""adx"": 15.518747911458739, ""stoch_k"": 10.416666666667739, ""stoch_d"": 7.575757575758001, ""mss"": 0.0, ""sfp"": 0.0, ""vr"": 0.9780389398816264, ""hurst"": 0.2262425932454882, ""atr14"": 0.003060510001320199, ""vol_sma20"": 2757.715000000009, ""vol_ratio"": 0.6190088533441616, ""atr_pct"": 0.0009525396829505754, ""retest_entry"": true}"
اتجاهي,dir,directional,TONUSDT,صاعد,FVG,1,220282,220283,2025-06-02T23:22:00+00:00,2025-06-02T23:23:00+00:00,1,-0.002596923220735966,-0.05193846441471932,20.0,زمني,0,False,True,symbol_collision,True,3.2139639,3.213,0.0003,3.213,1,baseline,0,"{""close"": 3.213, ""rsi"": 47.11209474838809, ""rsi7"": 54.21040891416127, ""macd"": -0.00027359567665223355, ""adx"": 24.094717751282772, ""stoch_k"": 44.15204678362661, ""stoch_d"": 25.448343079923138, ""mss"": 0.0, ""sfp"": 0.0, ""vr"": 1.0816568794768289, ""hurst"": 0.27507010257591513, ""atr14"": 0.003405981160913702, ""vol_sma20"": 4837.368000000009, ""vol_ratio"": 0.27158157080461887, ""atr_pct"": 0.0010600626084387493, ""retest_entry"": true}"
اتجاهي,dir,directional,TONUSDT,صاعد,MACD,1,220286,220287,2025-06-02T23:26:00+00:00,2025-06-02T23:27:00+00:00,1,-0.0029073505711184116,-0.058147011422368236,20.0,زمني,0,False,True,symbol_collision,True,3.2139639,3.213,0.0003,3.212,1,baseline,0,"{""close"": 3.214, ""rsi"": 49.71000358142668, ""rsi7"": 55.97662535512733, ""macd"": 0.0005591018989190544, ""adx"": 22.36780374213614, ""stoch_k"": 91.66666666666798, ""stoch_d"": 79.44444444444548, ""mss"": 0.0, ""sfp"": 0.0, ""vr"": 0.9582525705177511, ""hurst"": 0.2663019693744749, ""atr14"": 0.0030310607022297, ""vol_sma20"": 4680.880500000008, ""vol_ratio"": 0.4276033109582687, ""atr_pct"": 0.0009430804922929994, ""retest_entry"": true}"
اتجاهي,dir,directional,TONUSDT,صاعد,Bollinger,1,220296,220297,2025-06-02T23:36:00+00:00,2025-06-02T23:37:00+00:00,1,-0.0029079313519423332,-0.058158627038846666,20.0,زمني,0,False,True,symbol_collision,True,3.2079620999999996,3.207,0.0003,3.206,1,baseline,0,"{""close"": 3.208, ""rsi"": 43.71579618017844, ""rsi7"": 46.46887244312617, ""macd"": -0.00012134937551957744, ""adx"": 31.82416134581856, ""stoch_k"": 33.33333333333618, ""stoch_d"": 25.925925925928258, ""mss"": 0.0, ""sfp"": 0.0, ""vr"": 0.8944857450262031, ""hurst"": 0.2805541918620011, ""atr14"": 0.0028981116149149606, ""vol_sma20"": 6032.979000000009, ""vol_ratio"": 0.01422680238071438, ""atr_pct"": 0.0009034013762203742, ""retest_entry"": true}"
اتجاهي,dir,directional,TONUSDT,صاعد,Bollinger,1,220302,220303,2025-06-02T23:42:00+00:00,2025-06-02T23:43:00+00:00,1,-0.002596923220735966,-0.05193846441471932,20.0,زمني,0,False,True,symbol_collision,True,3.2119633,3.211,0.0003,3.211,1,baseline,0,"{""close"": 3.211, ""rsi"": 52.299545383943574, ""rsi7"": 61.03918263369884, ""macd"": 0.0006066765602200637, ""adx"": 28.552435854766482, ""stoch_k"": 75.18518518518432, ""stoch_d"": 58.20987654320974, ""mss"": 0.0, ""sfp"": 0.0, ""vr"": 0.8312316698426968, ""hurst"": 0.2543807299448875, ""atr14"": 0.0027268096235778553, ""vol_sma20"": 3323.9255000000094, ""vol_ratio"": 0.5918062844669636, ""atr_pct"": 0.0008492088519395376, ""retest_entry"": true}"
اتجاهي,dir,directional,TONUSDT,صاعد,FVG,1,220306,220307,2025-06-02T23:46:00+00:00,2025-06-02T23:47:00+00:00,1,-0.002596923220735966,-0.05193846441471932,20.0,زمني,0,False,True,symbol_collision,True,3.2139639,3.213,0.0003,3.213,1,baseline,0,"{""close"": 3.215, ""rsi"": 60.28437248520837, ""rsi7"": 74.79753443940305, ""macd"": 0.001043098825084493, ""adx"": 23.01201316367142, ""stoch_k"": 96.29629629629558, ""stoch_d"": 92.59259259259056, ""mss"": 0.0, ""sfp"": 0.0, ""vr"": 0.7623782575076461, ""hurst"": 0.204998685039072, ""atr14"": 0.0024838715550553757, ""vol_sma20"": 3618.218500000009, ""vol_ratio"": 1.998041301264692, ""atr_pct"": 0.0007725883530498836, ""retest_entry"": true}"
اتجاهي,dir,directional,TONUSDT,صاعد,FVG,1,220318,220320,2025-06-02T23:58:00+00:00,2025-06-03T00:00:00+00:00,2,-0.001981106848399864,-0.03962213696799728,20.0,قفل-ربح,0,False,True,symbol_collision,True,3.2139639,3.213,0.0003,3.2149837697019192,1,baseline,0,"{""close"": 3.214, ""rsi"": 55.62987080976565, ""rsi7"": 60.09974536443341, ""macd"": 9.169159382472092e-05, ""adx"": 16.860014824942315, ""stoch_k"": 52.380952380952465, ""stoch_d"": 36.507936507937096, ""mss"": 0.0, ""sfp"": 0.0, ""vr"": 0.7352767060532648, ""hurst"": 0.2833932074017282, ""atr14"": 0.0022664025718586093, ""vol_sma20"": 1186.1155000000088, ""vol_ratio"": 0.3540211724743475, ""atr_pct"": 0.0007051657037519008, ""retest_entry"": true}"
اتجاهي,dir,directional,TONUSDT,صاعد,MicroBurst,1,220326,220336,2025-06-03T00:06:00+00:00,2025-06-03T00:16:00+00:00,10,-0.001938463434628809,-0.03876926869257618,20.0,قفل-ربح,0,False,True,symbol_collision,True,3.2199657,3.219,0.0003,3.2211251007750277,1,baseline,0,"{""close"": 3.219, ""rsi"": 64.03438744929336, ""rsi7"": 73.11125022387567, ""macd"": 0.00045410805569466497, ""adx"": 15.194116289143306, ""stoch_k"": 91.66666666666798, ""stoch_d"": 81.94444444444487, ""mss"": 0.0, ""sfp"": 0.0, ""vr"": 0.8700294075641593, ""hurst"": 0.36566134833744407, ""atr14"": 0.002575673464689597, ""vol_sma20"": 1447.1125000000088, ""vol_ratio"": 1.7415715778835332, ""atr_pct"": 0.000800147084401863, ""retest_entry"": true}"
اتجاهي,dir,directional,TONUSDT,صاعد,MicroBurst,1,220353,220355,2025-06-03T00:33:00+00:00,2025-06-03T00:35:00+00:00,2,-0.00210383202628026,-0.0420766405256052,20.0,قفل-ربح,0,False,True,symbol_collision,True,3.2109254,3.209,0.0006,3.212514345414456,1,baseline,0,"{""close"": 3.21, ""rsi"": 43.025840673482996, ""rsi7"": 43.47369662272648, ""macd"": -0.0011188779086893, ""adx"": 17.477986995195273, ""stoch_k"": 15.686274509804404, ""stoch_d"": 8.976417077552986, ""mss"": 0.0, ""sfp"": 0.0, ""vr"": 1.21380082020024, ""hurst"": 0.40558324892409775, ""atr14"": 0.003529972166212159, ""vol_sma20"": 4304.197000000008, ""vol_ratio"": 1.6937189445557408, ""atr_pct"": 0.001099679802558305, ""retest_entry"": true}"
اتجاهي,dir,directional,TONUSDT,صاعد,MACD,1,220360,220371,2025-06-03T00:40:00+00:00,2025-06-03T00:51:00+00:00,11,-0.0015781520672248058,-0.03156304134449611,20.0,تتبع,0,False,True,symbol_collision,True,3.2159283999999997,3.214,0.0006,3.2182477512,1,baseline,0,"{""close"": 3.214, ""rsi"": 51.86465819567364, ""rsi7"": 58.086163985731034, ""macd"": 0.00016565243289127563, ""adx"": 14.464875247641173, ""stoch_k"": 51.190476190475806, ""stoch_d"": 37.27824463118591, ""mss"": 0.0, ""sfp"": 0.0, ""vr"": 1.2950901957277743, ""hurst"": 0.3523522398904452, ""atr14"": 0.003871530619844378, ""vol_sma20"": 3664.8890000000088, ""vol_ratio"": 0.3038400344457901, ""atr_pct"": 0.0012045832669086427, ""retest_entry"": true}"
اتجاهي,dir,directional,TONUSDT,صاعد,SFP,1,220388,220389,2025-06-03T01:08:00+00:00,2025-06-03T01:09:00+00:00,1,-0.0029073505711184116,-0.058147011422368236,20.0,زمني,0,False,True,symbol_collision,True,3.2139639,3.213,0.0003,3.212,1,baseline,0,"{""close"": 3.214, ""rsi"": 51.28433687870982, ""rsi7"": 59.89243625632481, ""macd"": -0.0002520226015477984, ""adx"": 15.170636757705127, ""stoch_k"": 38.09523809523893, ""stoch_d"": 28.571428571429127, ""mss"": 0.0, ""sfp"": 0.0, ""vr"": 1.036667447806366, ""hurst"": 0.285644093155278, ""atr14"": 0.0031079959983450066, ""vol_sma20"": 2674.6775000000084, ""vol_ratio"": 2.259472403682306, ""atr_pct"": 0.000967018045533605, ""retest_entry"": true}"
اتجاهي,dir,directional,TONUSDT,صاعد,MicroBurst,1,220398,220403,2025-06-03T01:18:00+00:00,2025-06-03T01:23:00+00:00,5,-0.002596923220735855,-0.0519384644147171,20.0,تتبع,0,False,True,symbol_collision,True,3.2179651,3.217,0.0003,3.217,1,baseline,0,"{""close"": 3.217, ""rsi"": 59.42204242338896, ""rsi7"": 69.72571552552512, ""macd"": 0.0005569455542804337, ""adx"": 14.303173214201834, ""stoch_k"": 77.77777777777816, ""stoch_d"": 64.19753086419762, ""mss"": 0.0, ""sfp"": 0.0, ""vr"": 1.002943111341104, ""hurst"": 0.24668053843104767, ""atr14"": 0.003005961767867492, ""vol_sma20"": 1767.3350000000087, ""vol_ratio"": 1.508717928406322, ""atr_pct"": 0.0009343990574658042, ""retest_entry"": true}"
اتجاهي,dir,directional,TONUSDT,صاعد,FVG,1,220411,220412,2025-06-03T01:31:00+00:00,2025-06-03T01:32:00+00:00,1,-0.004453132420697341,-0.08906264841394682,20.0,زمني,0,False,True,symbol_collision,True,3.2249672,3.224,0.0003,3.218,1,baseline,0,"{""close"": 3.223, ""rsi"": 64.39906036326593, ""rsi7"": 70.9812495018528, ""macd"": 0.0004929367926339162, ""adx"": 27.242489245316364, ""stoch_k"": 81.8181818181811, ""stoch_d"": 72.1704221704221, ""mss"": 0.0, ""sfp"": 0.0, ""vr"": 0.9363956579991038, ""hurst"": 0.18069415638527878, ""atr14"": 0.002836841746749529, ""vol_sma20"": 2059.9465000000087, ""vol_ratio"": 1.273916579872336, ""atr_pct"": 0.0008801867039247686, ""retest_entry"": true}"
اتجاهي,dir,directional,TONUSDT,صاعد,MACD,1,220423,220424,2025-06-03T01:43:00+00:00,2025-06-03T01:44:00+00:00,1,-0.0022873629858572407,-0.045747259717144814,20.0,زمني,0,False,True,symbol_collision,True,3.2229666,3.222,0.0003,3.223,1,baseline,0,"{""close"": 3.223, ""rsi"": 57.151090391684534, ""rsi7"": 60.006157371107875, ""macd"": 6.042296087820434e-07, ""adx"": 23.412789782241397, ""stoch_k"": 62.96296296296206, ""stoch_d"": 56.79012345678918, ""mss"": 0.0, ""sfp"": 0.0, ""vr"": 1.11869949083223, ""hurst"": 0.23769593492762953, ""atr14"": 0.0035478652757002195, ""vol_sma20"": 3910.159500000009, ""vol_ratio"": 0.3027063218265131, ""atr_pct"": 0.0011007959279243622, ""retest_entry"": true}"
اتجاهي,dir,directional,TONUSDT,صاعد,FVG,1,220436,220437,2025-06-03T01:56:00+00:00,2025-06-03T01:57:00+00:00,1,-0.002906675729052622,-0.05813351458105244,20.0,زمني,0,False,True,symbol_collision,True,3.220966,3.22,0.0003,3.219,1,baseline,0,"{""close"": 3.219, ""rsi"": 48.150695179096516, ""rsi7"": 45.14094984399252, ""macd"": -0.0005982049344541248, ""adx"": 16.673415264997264, ""stoch_k"": 33.33333333333371, ""stoch_d"": 25.246913580246936, ""mss"": 0.0, ""sfp"": 0.0, ""vr"": 0.982461018900274, ""hurst"": 0.20957482960376178, ""atr14"": 0.003192655884667534, ""vol_sma20"": 2688.4130000000087, ""vol_ratio"": 0.7899716301029616, ""atr_pct"": 0.0009918160561253602, ""retest_entry"": true}"
اتجاهي,dir,directional,TONUSDT,صاعد,EMA,1,220447,220448,2025-06-03T02:07:00+00:00,2025-06-03T02:08:00+00:00,1,-0.0035261807456856012,-0.07052361491371202,20.0,زمني,0,False,True,symbol_collision,True,3.220966,3.22,0.0003,3.217,1,baseline,0,"{""close"": 3.22, ""rsi"": 49.94186461711995, ""rsi7"": 49.647789866902215, ""macd"": -0.00016062176329705393, ""adx"": 12.571039512559123, ""stoch_k"": 44.44444444444483, ""stoch_d"": 48.39506172839532, ""mss"": 0.0, ""sfp"": 0.0, ""vr"": 0.9643445527939061, ""hurst"": 0.2225804370295918, ""atr14"": 0.003118132503254416, ""vol_sma20"": 2930.3590000000086, ""vol_ratio"": 0.3936173008153597, ""atr_pct"": 0.0009683641314454707, ""retest_entry"": true}"
اتجاهي,dir,directional,TONUSDT,صاعد,FVG,1,220456,220457,2025-06-03T02:16:00+00:00,2025-06-03T02:17:00+00:00,1,-0.004457749856518096,-0.08915499713036192,20.0,زمني,0,False,True,symbol_collision,True,3.2169648,3.216,0.0003,3.21,1,baseline,0,"{""close"": 3.217, ""rsi"": 47.03457302992587, ""rsi7"": 49.06254485891658, ""macd"": -0.0001471600582843845, ""adx"": 15.025900845027957, ""stoch_k"": 36.36363636363503, ""stoch_d"": 25.252525252523814, ""mss"": 0.0, ""sfp"": 0.0, ""vr"": 0.8771445938174103, ""hurst"": 0.2956293059988561, ""atr14"": 0.002780668342960401, ""vol_sma20"": 2055.434500000009, ""vol_ratio"": 0.3636068188988736, ""atr_pct"": 0.0008643669079765002, ""retest_entry"": true}"
اتجاهي,dir,directional,TONUSDT,صاعد,RSI,1,220465,220466,2025-06-03T02:25:00+00:00,2025-06-03T02:26:00+00:00,1,-0.0029082225580579425,-0.05816445116115885,20.0,زمني,0,False,True,symbol_collision,True,3.2049612,3.204,0.0003,3.203,1,baseline,0,"{""close"": 3.205, ""rsi"": 32.55543958855769, ""rsi7"": 30.158926122322626, ""macd"": -0.0008336814219633932, ""adx"": 33.223985915134584, ""stoch_k"": 20.370370370371205, ""stoch_d"": 22.677063027940658, ""mss"": 0.0, ""sfp"": 0.0, ""vr"": 0.9794710238673321, ""hurst"": 0.3798740936612701, ""atr14"": 0.003056311208362643, ""vol_sma20"": 2922.1320000000087, ""vol_ratio"": 0.21150653016359225, ""atr_pct"": 0.0009536072412987966, ""retest_entry"": true}"
اتجاهي,dir,directional,TONUSDT,صاعد,FVG,1,220476,220477,2025-06-03T02:36:00+00:00,2025-06-03T02:37:00+00:00,1,-0.002596923220735966,-0.05193846441471932,20.0,زمني,0,False,True,symbol_collision,True,3.2029606,3.202,0.0003,3.202,1,baseline,0,"{""close"": 3.202, ""rsi"": 44.502626827039656, ""rsi7"": 56.1553757475142, ""macd"": 0.00028547477942760836, ""adx"": 48.27091959866979, ""stoch_k"": 46.031746031745264, ""stoch_d"": 30.925925925925597, ""mss"": 0.0, ""sfp"": 0.0, ""vr"": 1.0393229087983724, ""hurst"": 0.48941654461797807, ""atr14"": 0.0032440221967618968, ""vol_sma20"": 5333.673500000009, ""vol_ratio"": 0.7201059457426469, ""atr_pct"": 0.0010131237341542464, ""retest_entry"": true}"
اتجاهي,dir,directional,TONUSDT,صاعد,FVG,1,220495,220496,2025-06-03T02:55:00+00:00,2025-06-03T02:56:00+00:00,1,-0.002596923220735855,-0.0519384644147171,20.0,زمني,0,False,True,symbol_collision,True,3.1979591,3.197,0.0003,3.197,1,baseline,0,"{""close"": 3.198, ""rsi"": 52.108020685171915, ""rsi7"": 64.63035998640402, ""macd"": 0.0005935204523904373, ""adx"": 42.2233133780933, ""stoch_k"": 61.03896103896176, ""stoch_d"": 42.94131794131883, ""mss"": 0.0, ""sfp"": 0.0, ""vr"": 1.0399743552399587, ""hurst"": 0.3988979032694583, ""atr14"": 0.0032431863997515846, ""vol_sma20"": 2769.659500000009, ""vol_ratio"": 0.1433678038762522, ""atr_pct"": 0.0010141295809104392, ""retest_entry"": true}"
اتجاهي,dir,directional,TONUSDT,صاعد,FVG,1,220499,220500,2025-06-03T02:59:00+00:00,2025-06-03T03:00:00+00:00,1,-0.0032201053992922182,-0.06440210798584436,20.0,زمني,0,False,True,symbol_collision,True,3.2019603,3.201,0.0003,3.199,1,baseline,0,"{""close"": 3.202, ""rsi"": 59.16389538478045, ""rsi7"": 73.00598530903063, ""macd"": 0.0014585634523128846, ""adx"": 32.974577143747666, ""stoch_k"": 89.92673992674052, ""stoch_d"": 87.3015873015874, ""mss"": 0.0, ""sfp"": 0.0, ""vr"": 0.9960053266347159, ""hurst"": 0.36384517991327747, ""atr14"": 0.0031141099219935482, ""vol_sma20"": 2708.263500000009, ""vol_ratio"": 0.035517223490254796, ""atr_pct"": 0.0009725515059317765, ""retest_entry"": true}"
اتجاهي,dir,directional,TONUSDT,صاعد,Bollinger,1,220514,220515,2025-06-03T03:14:00+00:00,2025-06-03T03:15:00+00:00,1,-0.0022838651300958494,-0.04567730260191699,20.0,زمني,0,False,True,symbol_collision,True,3.1869558,3.186,0.0003,3.187,1,baseline,0,"{""close"": 3.187, ""rsi"": 42.50169098658397, ""rsi7"": 45.72894387824523, ""macd"": -0.0002707595719091799, ""adx"": 34.77966012991271, ""stoch_k"": 22.592592592592652, ""stoch_d"": 21.419753086420112, ""mss"": 0.0, ""sfp"": 0.0, ""vr"": 1.078830824254162, ""hurst"": 0.28434776527331895, ""atr14"": 0.003428343394151321, ""vol_sma20"": 3218.248500000009, ""vol_ratio"": 0.17837652996653253, ""atr_pct"": 0.0010757274534519362, ""retest_entry"": true}"
اتجاهي,dir,directional,TONUSDT,صاعد,MACD,1,220517,220521,2025-06-03T03:17:00+00:00,2025-06-03T03:21:00+00:00,4,-0.0018259720468640007,-0.03651944093728001,20.0,قفل-ربح,0,False,True,symbol_collision,True,3.1919573,3.191,0.0003,3.1934665105343063,1,baseline,0,"{""close"": 3.191, ""rsi"": 50.69698099168976, ""rsi7"": 59.69915606149721, ""macd"": 0.00039052472679230186, ""adx"": 32.44574028322144, ""stoch_k"": 47.787114845937516, ""stoch_d"": 31.658367050523648, ""mss"": 0.0, ""sfp"": 0.0, ""vr"": 1.0591694699088612, ""hurst"": 0.26999205551489386, ""atr14"": 0.0033527953487428705, ""vol_sma20"": 3045.0880000000084, ""vol_ratio"": 0.2765141762733943, ""atr_pct"": 0.001050703650499176, ""retest_entry"": true}"
اتجاهي,dir,directional,TONUSDT,صاعد,Bollinger,1,220542,220543,2025-06-03T03:42:00+00:00,2025-06-03T03:43:00+00:00,1,-0.0029095887620460446,-0.058191775240920895,20.0,زمني,0,False,True,symbol_collision,True,3.190957,3.19,0.0003,3.189,1,baseline,0,"{""close"": 3.19, ""rsi"": 50.97927387012735, ""rsi7"": 55.63169386222444, ""macd"": 0.00035666627863022756, ""adx"": 14.990114856796898, ""stoch_k"": 63.4343434343426, ""stoch_d"": 56.094276094275834, ""mss"": 0.0, ""sfp"": 0.0, ""vr"": 0.7811187410749602, ""hurst"": 0.339814928107075, ""atr14"": 0.002361936914083392, ""vol_sma20"": 792.5380000000088, ""vol_ratio"": 0.061990718426118946, ""atr_pct"": 0.0007404190953239474, ""retest_entry"": true}"
اتجاهي,dir,directional,TONUSDT,صاعد,FVG,1,220546,220563,2025-06-03T03:46:00+00:00,2025-06-03T04:03:00+00:00,17,-0.005290809190809106,-0.10581618381618212,20.0,وقف,0,False,True,symbol_collision,True,3.1919573,3.191,0.0003,3.1823814281,1,baseline,0,"{""close"": 3.191, ""rsi"": 52.88774088128646, ""rsi7"": 57.40873059521375, ""macd"": 0.00046971653047836497, ""adx"": 14.965511977519224, ""stoch_k"": 83.33333333333188, ""stoch_d"": 76.85185185185041, ""mss"": 0.0, ""sfp"": 0.0, ""vr"": 0.7381440642992088, ""hurst"": 0.34108344571191346, ""atr14"": 0.002206796131901713, ""vol_sma20"": 845.5660000000087, ""vol_ratio"": 4.901474278767072, ""atr_pct"": 0.0006915688285495811, ""retest_entry"": true}"
اتجاهي,dir,directional,TONUSDT,صاعد,OBV,1,220578,220587,2025-06-03T04:18:00+00:00,2025-06-03T04:27:00+00:00,9,-0.0009314535391791258,-0.018629070783582516,20.0,تتبع,0,False,True,,False,3.1799536999999996,3.179,0.0003,3.1843083134,1,baseline,0,"{""close"": 3.178, ""rsi"": 43.22104493168158, ""rsi7"": 48.72721074799144, ""macd"": -0.00017316126363316805, ""adx"": 27.630620263467268, ""stoch_k"": 19.047619047619737, ""stoch_d"": 10.439560439560779, ""mss"": 0.0, ""sfp"": 0.0, ""vr"": 1.002800214619899, ""hurst"": 0.2944280926136399, ""atr14"": 0.00271418035174206, ""vol_sma20"": 2552.970500000009, ""vol_ratio"": 4.042584902567407, ""atr_pct"": 0.0008540529741164443, ""retest_entry"": true}"
اتجاهي,dir,directional,TONUSDT,صاعد,MicroBurst,1,220591,220592,2025-06-03T04:31:00+00:00,2025-06-03T04:32:00+00:00,1,-0.004475271764576222,-0.08950543529152444,20.0,زمني,0,False,True,,False,3.1869558,3.186,0.0003,3.18,1,baseline,0,"{""close"": 3.186, ""rsi"": 57.64119778836404, ""rsi7"": 65.16250608256063, ""macd"": 0.0007323432249473827, ""adx"": 17.053274492054925, ""stoch_k"": 80.55555555555678, ""stoch_d"": 80.02645502645616, ""mss"": 0.0, ""sfp"": 0.0, ""vr"": 0.9180579034821618, ""hurst"": 0.2963424956218112, ""atr14"": 0.0024256466845662974, ""vol_sma20"": 2053.802500000009, ""vol_ratio"": 2.7678805532664295, ""atr_pct"": 0.0007613454753817631, ""retest_entry"": true}"
اتجاهي,dir,directional,TONUSDT,صاعد,Bollinger,1,220604,220605,2025-06-03T04:44:00+00:00,2025-06-03T04:45:00+00:00,1,-0.0022830770669350006,-0.04566154133870001,20.0,زمني,0,False,True,,False,3.1789533999999997,3.178,0.0003,3.179,1,baseline,0,"{""close"": 3.178, ""rsi"": 39.15598734147961, ""rsi7"": 27.821862191919536, ""macd"": -0.0004250028192646116, ""adx"": 12.366873330517768, ""stoch_k"": 9.999999999999112, ""stoch_d"": 11.111111111110281, ""mss"": 0.0, ""sfp"": 0.0, ""vr"": 0.8187326010257581, ""hurst"": 0.3273541727654703, ""atr14"": 0.0020857057008485435, ""vol_sma20"": 1511.001500000009, ""vol_ratio"": 0.23084027381838995, ""atr_pct"": 0.0006562950600530345, ""retest_entry"": true}"
اتجاهي,dir,directional,TONUSDT,هابط,FVG,-1,220610,220611,2025-06-03T04:50:00+00:00,2025-06-03T04:51:00+00:00,1,-0.0025971028071656095,-0.05194205614331219,20.0,زمني,0,False,True,,False,3.1750472000000003,3.176,0.0003,3.176,1,baseline,0,"{""close"": 3.177, ""rsi"": 38.6149932945078, ""rsi7"": 31.389823461685566, ""macd"": -6.88471978673832e-05, ""adx"": 11.37372214187717, ""stoch_k"": 33.33333333333372, ""stoch_d"": 48.14814814814898, ""mss"": 0.0, ""sfp"": 0.0, ""vr"": 0.816499117510398, ""hurst"": 0.32995843882155235, ""atr14"": 0.002018851898471155, ""vol_sma20"": 1262.0685000000087, ""vol_ratio"": 1.7592389002657025, ""atr_pct"": 0.0006354585767929351, ""retest_entry"": true}"
اتجاهي,dir,directional,TONUSDT,هابط,MicroBurst,-1,220613,220614,2025-06-03T04:53:00+00:00,2025-06-03T04:54:00+00:00,1,-0.0029114340506970855,-0.05822868101394171,20.0,زمني,0,False,True,,False,3.1740475,3.175,0.0003,3.176,1,baseline,0,"{""close"": 3.175, ""rsi"": 35.04949778206803, ""rsi7"": 27.110788401661438, ""macd"": -0.0003314212856226019, ""adx"": 12.277774177506322, ""stoch_k"": 11.111111111110676, ""stoch_d"": 14.814814814814, ""mss"": 0.0, ""sfp"": 0.0, ""vr"": 0.8882524225166617, ""hurst"": 0.31355385742849834, ""atr14"": 0.0021579510280397415, ""vol_sma20"": 928.9490000000087, ""vol_ratio"": 4.421868154225863, ""atr_pct"": 0.0006796696151306272, ""retest_entry"": true}"
اتجاهي,dir,directional,TONUSDT,هابط,Bollinger,-1,220640,220642,2025-06-03T05:20:00+00:00,2025-06-03T05:22:00+00:00,2,-0.0019335836171155906,-0.038671672342311815,20.0,تتبع,0,False,True,,False,3.1860439,3.187,0.0003,3.1848811302,1,baseline,0,"{""close"": 3.188, ""rsi"": 63.108649673144924, ""rsi7"": 61.980135393662216, ""macd"": 0.0008219110026362877, ""adx"": 36.710074849127615, ""stoch_k"": 79.0740740740746, ""stoch_d"": 80.32627865961227, ""mss"": 0.0, ""sfp"": 0.0, ""vr"": 1.1726568759219531, ""hurst"": 0.4143488865365838, ""atr14"": 0.00267138112210783, ""vol_sma20"": 1569.8590000000086, ""vol_ratio"": 0.7730375785341189, ""atr_pct"": 0.0008379489090677007, ""retest_entry"": true}"
اتجاهي,dir,directional,TONUSDT,هابط,Stochastic,-1,220653,220660,2025-06-03T05:33:00+00:00,2025-06-03T05:40:00+00:00,7,-0.005290809190808995,-0.1058161838161799,20.0,وقف,0,False,True,,False,3.189043,3.19,0.0003,3.1986101289999995,1,baseline,0,"{""close"": 3.191, ""rsi"": 61.057243341246455, ""rsi7"": 62.065787625829046, ""macd"": 0.00032852121521302104, ""adx"": 31.61986570202715, ""stoch_k"": 77.77777777777817, ""stoch_d"": 79.06846240179664, ""mss"": 0.0, ""sfp"": 0.0, ""vr"": 1.1560993923421747, ""hurst"": 0.42582118462043494, ""atr14"": 0.0026960106908888934, ""vol_sma20"": 2025.3560000000084, ""vol_ratio"": 0.11256292720884578, ""atr_pct"": 0.0008448795646784374, ""retest_entry"": true}"
اتجاهي,dir,directional,TONUSDT,هابط,MicroBurst,-1,220663,220666,2025-06-03T05:43:00+00:00,2025-06-03T05:46:00+00:00,3,-0.0019370018878782727,-0.03874003775756545,20.0,قفل-ربح,0,False,True,,False,3.1970406000000002,3.198,0.0003,3.195884770393013,1,baseline,0,"{""close"": 3.199, ""rsi"": 69.85137968454865, ""rsi7"": 77.09906356412957, ""macd"": 0.0005904394809676502, ""adx"": 39.568936184351706, ""stoch_k"": 89.743589743589, ""stoch_d"": 94.01709401709384, ""mss"": 0.0, ""sfp"": 0.0, ""vr"": 1.0722029919539846, ""hurst"": 0.4668508941052171, ""atr14"": 0.0025700844245027, ""vol_sma20"": 2766.5820000000085, ""vol_ratio"": 5.3080913560487115, ""atr_pct"": 0.0008034024459214443, ""retest_entry"": true}"
اتجاهي,dir,directional,TONUSDT,هابط,FVG,-1,220672,220673,2025-06-03T05:52:00+00:00,2025-06-03T05:53:00+00:00,1,-0.003221830004794359,-0.06443660009588718,20.0,زمني,0,False,True,,False,3.1940415,3.195,0.0003,3.197,1,baseline,0,"{""close"": 3.194, ""rsi"": 50.81419506727072, ""rsi7"": 40.66617386865831, ""macd"": -0.0006423533272038161, ""adx"": 31.260876658715613, ""stoch_k"": 29.629629629628738, ""stoch_d"": 46.913580246912716, ""mss"": 0.0, ""sfp"": 0.0, ""vr"": 1.0746613338307671, ""hurst"": 0.46754608465263614, ""atr14"": 0.002598553020351872, ""vol_sma20"": 3068.6420000000085, ""vol_ratio"": 0.1236735989405082, ""atr_pct"": 0.0008135732687388454, ""retest_entry"": true}"
اتجاهي,dir,directional,TONUSDT,صاعد,MicroBurst,1,220686,220688,2025-06-03T06:06:00+00:00,2025-06-03T06:08:00+00:00,2,-0.0007522540430320553,-0.015045080860641106,20.0,تتبع,0,False,True,,False,3.2069617999999998,3.206,0.0003,3.2119294076,1,baseline,0,"{""close"": 3.207, ""rsi"": 71.31905800586048, ""rsi7"": 80.04295991657014, ""macd"": 0.00031845649027410425, ""adx"": 35.226975983265845, ""stoch_k"": 95.83333333333418, ""stoch_d"": 94.44444444444535, ""mss"": 0.0, ""sfp"": 0.0, ""vr"": 0.9152667675141262, ""hurst"": 0.4352118703109638, ""atr14"": 0.002168904108107376, ""vol_sma20"": 2437.620000000009, ""vol_ratio"": 3.5911955103748605, ""atr_pct"": 0.0006763031207070085, ""retest_entry"": true}"
اتجاهي,dir,directional,TONUSDT,صاعد,Bollinger,1,220698,220699,2025-06-03T06:18:00+00:00,2025-06-03T06:19:00+00:00,1,-0.0035287853292184676,-0.07057570658436935,20.0,زمني,0,False,True,,False,3.2119633,3.211,0.0003,3.208,1,baseline,0,"{""close"": 3.21, ""rsi"": 61.830587426299815, ""rsi7"": 60.62966465111256, ""macd"": -0.0002308682670007253, ""adx"": 35.15506150836925, ""stoch_k"": 62.222222222223, ""stoch_d"": 54.8148148148155, ""mss"": 0.0, ""sfp"": 0.0, ""vr"": 1.062383242237183, ""hurst"": 0.2121104671112241, ""atr14"": 0.002535364792171604, ""vol_sma20"": 4969.335500000008, ""vol_ratio"": 0.021892263060121382, ""atr_pct"": 0.0007898332685892847, ""retest_entry"": true}"
اتجاهي,dir,directional,TONUSDT,صاعد,FVG,1,220704,220705,2025-06-03T06:24:00+00:00,2025-06-03T06:25:00+00:00,1,-0.004149059972648859,-0.08298119945297719,20.0,زمني,0,False,True,,False,3.2139639,3.213,0.0003,3.208,1,baseline,0,"{""close"": 3.212, ""rsi"": 60.62844451801154, ""rsi7"": 61.11059379254959, ""macd"": -0.00029108282116651566, ""adx"": 27.271732272585236, ""stoch_k"": 67.261904761905, ""stoch_d"": 57.254689754689814, ""mss"": 0.0, ""sfp"": 0.0, ""vr"": 1.1248723080149545, ""hurst"": 0.17496851040633896, ""atr14"": 0.0027096853773109974, ""vol_sma20"": 5225.671500000009, ""vol_ratio"": 0.15713578628124608, ""atr_pct"": 0.0008436131311678074, ""retest_entry"": true}"
اتجاهي,dir,directional,TONUSDT,صاعد,FVG,1,220713,220716,2025-06-03T06:33:00+00:00,2025-06-03T06:36:00+00:00,3,-0.0019358935058840282,-0.03871787011768056,20.0,تتبع,0,False,True,,False,3.2019603,3.201,0.0003,3.2031214654,1,baseline,0,"{""close"": 3.202, ""rsi"": 46.052876971825945, ""rsi7"": 45.61291508359441, ""macd"": -0.0012053364460667476, ""adx"": 26.32939657456226, ""stoch_k"": 15.55555555555607, ""stoch_d"": 8.888888888889431, ""mss"": 0.0, ""sfp"": 0.0, ""vr"": 1.1158534435102734, ""hurst"": 0.21647722194433447, ""atr14"": 0.0027778239904653556, ""vol_sma20"": 3682.217000000008, ""vol_ratio"": 0.42335636384276015, ""atr_pct"": 0.0008675277921503297, ""retest_entry"": true}"
اتجاهي,dir,directional,TONUSDT,صاعد,MACD,1,220720,220721,2025-06-03T06:40:00+00:00,2025-06-03T06:41:00+00:00,1,-0.0022861089244507397,-0.045722178489014796,20.0,زمني,0,False,True,,False,3.2099627,3.209,0.0003,3.21,1,baseline,0,"{""close"": 3.209, ""rsi"": 59.060175013163935, ""rsi7"": 69.34674330491814, ""macd"": 0.0005803538287504277, ""adx"": 18.72632853253326, ""stoch_k"": 76.66666666666781, ""stoch_d"": 57.777777777778425, ""mss"": 0.0, ""sfp"": 0.0, ""vr"": 1.0251982798235375, ""hurst"": 0.2678176100518332, ""atr14"": 0.002589906449639729, ""vol_sma20"": 3466.3365000000076, ""vol_ratio"": 0.10123656488629977, ""atr_pct"": 0.0008070758646431066, ""retest_entry"": true}"
اتجاهي,dir,directional,TONUSDT,صاعد,OBV,1,220741,220751,2025-06-03T07:01:00+00:00,2025-06-03T07:11:00+00:00,10,-0.001982745755342978,-0.03965491510685956,20.0,قفل-ربح,0,False,True,,False,3.2039609,3.203,0.0003,3.2049723324175075,1,baseline,0,"{""close"": 3.203, ""rsi"": 46.82396712652502, ""rsi7"": 48.840464597746895, ""macd"": -0.00030829306395262386, ""adx"": 19.525151144073238, ""stoch_k"": 16.666666666665808, ""stoch_d"": 13.756613756612674, ""mss"": 0.0, ""sfp"": 0.0, ""vr"": 0.8889978873522302, ""hurst"": 0.37610412907054397, ""atr14"": 0.0022469535084080464, ""vol_sma20"": 896.3935000000083, ""vol_ratio"": 0.6731753409635326, ""atr_pct"": 0.0007015153007830304, ""retest_entry"": true}"
اتجاهي,dir,directional,TONUSDT,هابط,MACD,-1,224762,224799,2025-06-06T02:02:00+00:00,2025-06-06T02:39:00+00:00,37,0.0021545993866589866,0.04309198773317973,20.0,تتبع,0,True,True,,False,3.0580823,3.059,0.0003,3.0444354386,1,baseline,0,"{""close"": 3.058, ""rsi"": 45.29178101801671, ""rsi7"": 37.671046454450995, ""macd"": -9.271664074966975e-05, ""adx"": 17.10782514941012, ""stoch_k"": 57.57575757575632, ""stoch_d"": 73.13131313131285, ""mss"": 0.0, ""sfp"": 0.0, ""vr"": 0.9531126757404048, ""hurst"": 0.33708039505609083, ""atr14"": 0.0037992177315379254, ""vol_sma20"": 5137.8895000000075, ""vol_ratio"": 0.10577494903306099, ""atr_pct"": 0.0012423864393518397, ""retest_entry"": true}"
اتجاهي,dir,directional,TONUSDT,هابط,EMA,-1,224806,224812,2025-06-06T02:46:00+00:00,2025-06-06T02:52:00+00:00,6,-0.0006331768677526228,-0.012663537355052457,20.0,تتبع,0,False,True,,False,3.0480853,3.049,0.0003,3.043,1,baseline,0,"{""close"": 3.048, ""rsi"": 52.43054080399805, ""rsi7"": 54.408243580688904, ""macd"": 0.0015099577538224126, ""adx"": 25.403478271635752, ""stoch_k"": 87.49999999999989, ""stoch_d"": 93.75000000000004, ""mss"": 0.0, ""sfp"": 0.0, ""vr"": 0.7868927243337951, ""hurst"": 0.4214302571541574, ""atr14"": 0.0026046352903733496, ""vol_sma20"": 1205.8445000000072, ""vol_ratio"": 0.8125342861372209, ""atr_pct"": 0.0008545391372615977, ""retest_entry"": true}"
اتجاهي,dir,directional,TONUSDT,هابط,Stochastic,-1,224819,224832,2025-06-06T02:59:00+00:00,2025-06-06T03:12:00+00:00,13,-5.849971496185636e-05,-0.0011699942992371272,20.0,تتبع,0,False,True,,False,3.0520841,3.053,0.0003,3.0452341262,1,baseline,0,"{""close"": 3.053, ""rsi"": 60.29048594678604, ""rsi7"": 65.98075331954911, ""macd"": 0.001225243289614849, ""adx"": 21.841798898376773, ""stoch_k"": 88.23529411764689, ""stoch_d"": 89.19054801407758, ""mss"": 0.0, ""sfp"": 0.0, ""vr"": 0.9328608820162135, ""hurst"": 0.3824111333961782, ""atr14"": 0.003025931750760678, ""vol_sma20"": 2154.3180000000075, ""vol_ratio"": 1.0095770448002535, ""atr_pct"": 0.0009911338849527278, ""retest_entry"": true}"
اتجاهي,dir,directional,TONUSDT,صاعد,FVG,1,225260,225261,2025-06-06T10:20:00+00:00,2025-06-06T10:21:00+00:00,1,-0.003549552711451493,-0.07099105422902986,20.0,زمني,0,False,True,,False,3.1419422999999997,3.141,0.0003,3.138,1,baseline,0,"{""close"": 3.141, ""rsi"": 66.21818092350827, ""rsi7"": 68.41847766669885, ""macd"": 0.00031886673688655796, ""adx"": 45.25972432480358, ""stoch_k"": 69.79020979021, ""stoch_d"": 61.14219114219164, ""mss"": 0.0, ""sfp"": 0.0, ""vr"": 1.184592192795043, ""hurst"": 0.15794647389325933, ""atr14"": 0.003575073593718418, ""vol_sma20"": 6748.632000000008, ""vol_ratio"": 1.6968994605128842, ""atr_pct"": 0.001138195986538815, ""retest_entry"": true}"
اتجاهي,dir,directional,TONUSDT,صاعد,Bollinger,1,225267,225268,2025-06-06T10:27:00+00:00,2025-06-06T10:28:00+00:00,1,-0.0032340379296334383,-0.06468075859266877,20.0,زمني,0,False,True,,False,3.1319392999999995,3.131,0.0003,3.129,1,baseline,0,"{""close"": 3.132, ""rsi"": 50.472770513874714, ""rsi7"": 45.63092496056011, ""macd"": -0.0010944380520538396, ""adx"": 33.607859886441105, ""stoch_k"": 13.333333333333082, ""stoch_d"": 12.11640211640161, ""mss"": 0.0, ""sfp"": 0.0, ""vr"": 1.082404517200572, ""hurst"": 0.12344557904441608, ""atr14"": 0.003311767695073379, ""vol_sma20"": 6540.015000000008, ""vol_ratio"": 0.29807423989088677, ""atr_pct"": 0.001057397092935306, ""retest_entry"": true}"
اتجاهي,dir,directional,TONUSDT,صاعد,FVG,1,225282,225283,2025-06-06T10:42:00+00:00,2025-06-06T10:43:00+00:00,1,-0.0032358745831824105,-0.06471749166364821,20.0,زمني,0,False,True,,False,3.1229365999999996,3.122,0.0003,3.12,1,baseline,0,"{""close"": 3.122, ""rsi"": 41.72143073218748, ""rsi7"": 41.976151285689156, ""macd"": -0.0011745348133284773, ""adx"": 24.80759000983336, ""stoch_k"": 26.405228758169873, ""stoch_d"": 15.119825708060873, ""mss"": 0.0, ""sfp"": 0.0, ""vr"": 1.0677244918217466, ""hurst"": 0.29585625024098455, ""atr14"": 0.003259815753708414, ""vol_sma20"": 4951.014000000007, ""vol_ratio"": 0.4564095355012118, ""atr_pct"": 0.0010441434188688066, ""retest_entry"": true}"
اتجاهي,dir,directional,TONUSDT,صاعد,FVG,1,225286,225302,2025-06-06T10:46:00+00:00,2025-06-06T11:02:00+00:00,16,8.322493518185306e-05,0.0016644987036370613,20.0,تتبع,0,True,True,,False,3.1239369,3.123,0.0003,3.1313918958,1,baseline,0,"{""close"": 3.122, ""rsi"": 43.56539584823071, ""rsi7"": 47.261863160796246, ""macd"": -0.00038381703683703456, ""adx"": 26.421481831042744, ""stoch_k"": 31.11111111111165, ""stoch_d"": 29.62962962963012, ""mss"": 0.0, ""sfp"": 0.0, ""vr"": 1.0561263040187667, ""hurst"": 0.3434824872270078, ""atr14"": 0.003245954751709364, ""vol_sma20"": 4904.159000000007, ""vol_ratio"": 0.09629377840318785, ""atr_pct"": 0.0010397036360375927, ""retest_entry"": true}"
اتجاهي,dir,directional,TONUSDT,صاعد,MicroBurst,1,225312,225324,2025-06-06T11:12:00+00:00,2025-06-06T11:24:00+00:00,12,0.000657245973261828,0.013144919465236559,20.0,تتبع,0,True,True,,False,3.1419422999999997,3.141,0.0003,3.1512479586,1,baseline,0,"{""close"": 3.141, ""rsi"": 76.27555766235997, ""rsi7"": 88.03375217239002, ""macd"": 0.001057100601709608, ""adx"": 32.958778212492554, ""stoch_k"": 95.95588235294109, ""stoch_d"": 92.90577342047891, ""mss"": 0.0, ""sfp"": 0.0, ""vr"": 0.9536788060261424, ""hurst"": 0.4344434015467061, ""atr14"": 0.00290351734129738, ""vol_sma20"": 4148.219500000007, ""vol_ratio"": 1.703330790475284, ""atr_pct"": 0.0009243926588020949, ""retest_entry"": true}"
اتجاهي,dir,directional,TONUSDT,صاعد,Stochastic,1,225333,225334,2025-06-06T11:33:00+00:00,2025-06-06T11:34:00+00:00,1,-0.00449673860507722,-0.08993477210154441,20.0,زمني,0,False,True,,False,3.1509449999999997,3.15,0.0003,3.144,1,baseline,0,"{""close"": 3.151, ""rsi"": 60.77508342348337, ""rsi7"": 57.4621600879784, ""macd"": -0.0010520589592879995, ""adx"": 39.15116675564308, ""stoch_k"": 20.000000000000636, ""stoch_d"": 16.666666666667684, ""mss"": 0.0, ""sfp"": 0.0, ""vr"": 1.0554245350022042, ""hurst"": 0.5490412624562018, ""atr14"": 0.003205248764824672, ""vol_sma20"": 8482.724500000008, ""vol_ratio"": 0.8377308493279481, ""atr_pct"": 0.0010172163645905021, ""retest_entry"": true}"
اتجاهي,dir,directional,TONUSDT,صاعد,FVG,1,225339,225340,2025-06-06T11:39:00+00:00,2025-06-06T11:40:00+00:00,1,-0.0022803878107772457,-0.045607756215544915,20.0,زمني,0,False,True,,False,3.1519452999999995,3.151,0.0003,3.152,1,baseline,0,"{""close"": 3.15, ""rsi"": 56.546863382851505, ""rsi7"": 56.9128863684401, ""macd"": -0.000897163497864627, ""adx"": 28.857634014879153, ""stoch_k"": 46.29370629370729, ""stoch_d"": 33.89277389277469, ""mss"": 0.0, ""sfp"": 0.0, ""vr"": 1.0866562894968992, ""hurst"": 0.5417876406311148, ""atr14"": 0.003335801247951333, ""vol_sma20"": 6200.639000000007, ""vol_ratio"": 0.8437178813344873, ""atr_pct"": 0.0010589845231591534, ""retest_entry"": true}"
اتجاهي,dir,directional,TONUSDT,صاعد,Bollinger,1,225345,225346,2025-06-06T11:45:00+00:00,2025-06-06T11:46:00+00:00,1,-0.002596923220735966,-0.05193846441471932,20.0,زمني,0,False,True,,False,3.1529456000000002,3.152,0.0003,3.152,1,baseline,0,"{""close"": 3.153, ""rsi"": 59.20633913794825, ""rsi7"": 62.01710276928249, ""macd"": -4.6629890344247835e-05, ""adx"": 22.29469121874052, ""stoch_k"": 81.11888111888216, ""stoch_d"": 75.9906759906768, ""mss"": 0.0, ""sfp"": 0.0, ""vr"": 1.0703978592483316, ""hurst"": 0.5413924454837895, ""atr14"": 0.0033330269602035406, ""vol_sma20"": 3130.137500000007, ""vol_ratio"": 0.36268694266625584, ""atr_pct"": 0.0010570970378063877, ""retest_entry"": true}"
اتجاهي,dir,directional,TONUSDT,صاعد,FVG,1,225356,225357,2025-06-06T11:56:00+00:00,2025-06-06T11:57:00+00:00,1,-0.002596923220735966,-0.05193846441471932,20.0,زمني,0,False,True,,False,3.1459435,3.145,0.0003,3.145,1,baseline,0,"{""close"": 3.145, ""rsi"": 46.884813686391496, ""rsi7"": 46.866584443573174, ""macd"": -0.0008193936393342704, ""adx"": 23.357707628633026, ""stoch_k"": 27.083333333335293, ""stoch_d"": 17.84188034188144, ""mss"": 0.0, ""sfp"": 0.0, ""vr"": 1.0198515614252197, ""hurst"": 0.5123395686149623, ""atr14"": 0.003255329762056179, ""vol_sma20"": 2719.2655000000073, ""vol_ratio"": 0.32736413564618744, ""atr_pct"": 0.0010350810054232684, ""retest_entry"": true}"
اتجاهي,dir,directional,TONUSDT,صاعد,MACD,1,225362,225391,2025-06-06T12:02:00+00:00,2025-06-06T12:31:00+00:00,29,-0.003213376175081396,-0.06426752350162793,20.0,قفل-ربح,0,False,True,,False,3.1479440999999997,3.147,0.0003,3.146,1,baseline,0,"{""close"": 3.147, ""rsi"": 52.603002360175005, ""rsi7"": 59.921627153186115, ""macd"": 3.968556638406511e-06, ""adx"": 17.44208499269826, ""stoch_k"": 49.150849150849275, ""stoch_d"": 41.194361194361754, ""mss"": 0.0, ""sfp"": 0.0, ""vr"": 0.9433527015968917, ""hurst"": 0.5224823741061398, ""atr14"": 0.0029946221113041353, ""vol_sma20"": 2774.0630000000074, ""vol_ratio"": 0.9226070208210819, ""atr_pct"": 0.0009515799527499636, ""retest_entry"": true}"
اتجاهي,dir,directional,TONUSDT,صاعد,Bollinger,1,225397,225398,2025-06-06T12:37:00+00:00,2025-06-06T12:38:00+00:00,1,-0.0055896103896101905,-0.11179220779220381,20.0,وقف,0,False,True,,False,3.1508893999999996,3.149,0.0006,3.1414367318,1,baseline,0,"{""close"": 3.148, ""rsi"": 54.76164617271814, ""rsi7"": 58.1788396274968, ""macd"": 0.0004851499196407339, ""adx"": 20.1581232218978, ""stoch_k"": 36.50793650793651, ""stoch_d"": 30.6878306878303, ""mss"": 0.0, ""sfp"": 0.0, ""vr"": 1.3260915897868064, ""hurst"": 0.4077317408178919, ""atr14"": 0.004211638183360464, ""vol_sma20"": 8421.748500000009, ""vol_ratio"": 0.5656224476425524, ""atr_pct"": 0.0013378774407117103, ""retest_entry"": true}"
اتجاهي,dir,directional,TONUSDT,صاعد,Bollinger,1,225407,225414,2025-06-06T12:47:00+00:00,2025-06-06T12:54:00+00:00,7,-0.005589610389610413,-0.11179220779220825,20.0,وقف,0,False,True,,False,3.1448277999999994,3.142,0.0009,3.135393316599999,1,baseline,0,"{""close"": 3.142, ""rsi"": 50.4791270011182, ""rsi7"": 56.673526892115156, ""macd"": -0.00027440801866847504, ""adx"": 19.061529560223065, ""stoch_k"": 43.93939393939388, ""stoch_d"": 29.96904529162585, ""mss"": 0.0, ""sfp"": 0.0, ""vr"": 1.5001356773108483, ""hurst"": 0.2172658354222384, ""atr14"": 0.005023599826033224, ""vol_sma20"": 13615.760500000008, ""vol_ratio"": 0.20881389621975197, ""atr_pct"": 0.0015988541776044633, ""retest_entry"": true}"
اتجاهي,dir,directional,TONUSDT,صاعد,MACD,1,225422,225425,2025-06-06T13:02:00+00:00,2025-06-06T13:05:00+00:00,3,-0.0019616346368002513,-0.03923269273600503,20.0,تتبع,0,False,True,,False,3.140942,3.14,0.0003,3.142,1,baseline,0,"{""close"": 3.14, ""rsi"": 52.7246115613779, ""rsi7"": 63.094627308391054, ""macd"": 0.00012171805210511714, ""adx"": 18.857860295243693, ""stoch_k"": 38.09523809523889, ""stoch_d"": 30.15873015873048, ""mss"": 0.0, ""sfp"": 0.0, ""vr"": 1.079784222352092, ""hurst"": 0.07873614308021784, ""atr14"": 0.0038052304841069517, ""vol_sma20"": 6133.615500000007, ""vol_ratio"": 0.34418525256433136, ""atr_pct"": 0.0012118568420722777, ""retest_entry"": true}"
اتجاهي,dir,directional,TONUSDT,صاعد,FVG,1,225429,225458,2025-06-06T13:09:00+00:00,2025-06-06T13:38:00+00:00,29,-0.00032807805217715353,-0.006561561043543071,20.0,تتبع,0,False,True,,False,3.1479440999999997,3.147,0.0003,3.1541586462,1,baseline,0,"{""close"": 3.146, ""rsi"": 59.884778331464936, ""rsi7"": 67.75392669619325, ""macd"": 0.0012236942173220065, ""adx"": 14.77847439766435, ""stoch_k"": 88.39285714285786, ""stoch_d"": 85.81349206349272, ""mss"": 0.0, ""sfp"": 0.0, ""vr"": 1.0425541723740823, ""hurst"": 0.05648680941413077, ""atr14"": 0.0037054287059929735, ""vol_sma20"": 2707.2815000000073, ""vol_ratio"": 0.9158116730749992, ""atr_pct"": 0.0011778222205953508, ""retest_entry"": true}"
اتجاهي,dir,directional,TONUSDT,صاعد,MicroBurst,1,225462,225463,2025-06-06T13:42:00+00:00,2025-06-06T13:43:00+00:00,1,-0.0044865406696388355,-0.0897308133927767,20.0,زمني,0,False,True,,False,3.1679500999999997,3.167,0.0003,3.161,1,baseline,0,"{""close"": 3.167, ""rsi"": 78.04651643887739, ""rsi7"": 85.71471364487195, ""macd"": 0.002102071216871792, ""adx"": 23.746545997109983, ""stoch_k"": 97.01104613385326, ""stoch_d"": 91.36885423435172, ""mss"": 0.0, ""sfp"": 0.0, ""vr"": 1.0737412553453196, ""hurst"": 0.310434780722118, ""atr14"": 0.003721110936077469, ""vol_sma20"": 4679.192500000007, ""vol_ratio"": 2.754894140388535, ""atr_pct"": 0.0011749639836051372, ""retest_entry"": true}"
اتجاهي,dir,directional,TONUSDT,صاعد,FVG,1,225467,225468,2025-06-06T13:47:00+00:00,2025-06-06T13:48:00+00:00,1,-0.003226398182414199,-0.06452796364828398,20.0,زمني,0,False,True,,False,3.1699507,3.169,0.0003,3.167,1,baseline,0,"{""close"": 3.168, ""rsi"": 70.41371411844665, ""rsi7"": 72.71910456700812, ""macd"": 0.0013067227605580026, ""adx"": 31.29150785580209, ""stoch_k"": 86.71794871794891, ""stoch_d"": 80.46153846153858, ""mss"": 0.0, ""sfp"": 0.0, ""vr"": 1.1671938826990662, ""hurst"": 0.33647679669141173, ""atr14"": 0.004107238507000475, ""vol_sma20"": 5721.133000000007, ""vol_ratio"": 1.32557309889492, ""atr_pct"": 0.00129647680145217, ""retest_entry"": true}"
اتجاهي,dir,directional,TONUSDT,صاعد,FVG,1,225481,225482,2025-06-06T14:01:00+00:00,2025-06-06T14:02:00+00:00,1,-0.004170610624931548,-0.08341221249863097,20.0,زمني,0,False,True,,False,3.1699507,3.169,0.0003,3.164,1,baseline,0,"{""close"": 3.168, ""rsi"": 59.99681935960247, ""rsi7"": 60.248040139776705, ""macd"": -0.0007036653667358236, ""adx"": 24.437982949181265, ""stoch_k"": 43.58974358974288, ""stoch_d"": 41.082621082620385, ""mss"": 0.0, ""sfp"": 0.0, ""vr"": 1.0539684220799057, ""hurst"": 0.37107591387071803, ""atr14"": 0.0038679919613158697, ""vol_sma20"": 7809.266000000008, ""vol_ratio"": 0.8526985762810478, ""atr_pct"": 0.001220957058496171, ""retest_entry"": true}"
اتجاهي,dir,directional,TONUSDT,صاعد,EMA,1,225495,225505,2025-06-06T14:15:00+00:00,2025-06-06T14:25:00+00:00,10,0.0004414546056846409,0.008829092113692818,20.0,تتبع,0,True,True,,False,3.1629486,3.162,0.0003,3.1716323652000002,1,baseline,0,"{""close"": 3.163, ""rsi"": 52.54282420852886, ""rsi7"": 56.16470638530328, ""macd"": -0.000769639302799335, ""adx"": 21.186579105276426, ""stoch_k"": 25.00000000000034, ""stoch_d"": 15.82977207977226, ""mss"": 0.0, ""sfp"": 0.0, ""vr"": 1.1240541776578163, ""hurst"": 0.2827904766915509, ""atr14"": 0.004259798040112079, ""vol_sma20"": 5508.381000000008, ""vol_ratio"": 0.40105068984879527, ""atr_pct"": 0.0013467587859981281, ""retest_entry"": true}"
اتجاهي,dir,directional,TONUSDT,صاعد,Bollinger,1,225518,225519,2025-06-06T14:38:00+00:00,2025-06-06T14:39:00+00:00,1,-0.0022825825094912743,-0.045651650189825484,20.0,زمني,0,False,True,,False,3.1739519,3.173,0.0003,3.174,1,baseline,0,"{""close"": 3.172, ""rsi"": 55.54302976601423, ""rsi7"": 55.80287666562672, ""macd"": -0.00037926241914720154, ""adx"": 15.754272626550875, ""stoch_k"": 43.33333333333382, ""stoch_d"": 40.00000000000038, ""mss"": 0.0, ""sfp"": 0.0, ""vr"": 1.0058941488147384, ""hurst"": 0.3266329415477647, ""atr14"": 0.003677565435155846, ""vol_sma20"": 4656.8940000000075, ""vol_ratio"": 0.3148665183274512, ""atr_pct"": 0.0011593838067956639, ""retest_entry"": true}"
اتجاهي,dir,directional,TONUSDT,صاعد,MicroBurst,1,225521,225527,2025-06-06T14:41:00+00:00,2025-06-06T14:47:00+00:00,6,-0.0016553847593330704,-0.03310769518666141,20.0,تتبع,0,False,True,,False,3.1789533999999997,3.178,0.0003,3.181,1,baseline,0,"{""close"": 3.178, ""rsi"": 65.30462558923148, ""rsi7"": 75.55384724786231, ""macd"": 0.00018508939060184865, ""adx"": 17.629852163381084, ""stoch_k"": 75.00000000000064, ""stoch_d"": 61.543209876544154, ""mss"": 0.0, ""sfp"": 0.0, ""vr"": 0.9745698602438438, ""hurst"": 0.33570879683129123, ""atr14"": 0.003557438506208927, ""vol_sma20"": 4677.848500000007, ""vol_ratio"": 1.5887795425610702, ""atr_pct"": 0.0011193953764030609, ""retest_entry"": true}"
اتجاهي,dir,directional,TONUSDT,صاعد,FVG,1,225530,225541,2025-06-06T14:50:00+00:00,2025-06-06T15:01:00+00:00,11,2.7760224132520566e-05,0.0005552044826504113,20.0,تتبع,0,True,True,,False,3.1929576,3.192,0.0003,3.2003998032000003,1,baseline,0,"{""close"": 3.192, ""rsi"": 80.72307825715873, ""rsi7"": 92.96667085739662, ""macd"": 0.001462807309831434, ""adx"": 35.34809784617244, ""stoch_k"": 91.6666666666672, ""stoch_d"": 83.44211344211367, ""mss"": 0.0, ""sfp"": 0.0, ""vr"": 1.1577936347038413, ""hurst"": 0.3366994146366618, ""atr14"": 0.004211639039216789, ""vol_sma20"": 9132.406500000008, ""vol_ratio"": 0.6644196138224897, ""atr_pct"": 0.0013194357892283173, ""retest_entry"": true}"
اتجاهي,dir,directional,TONUSDT,صاعد,Bollinger,1,225555,225560,2025-06-06T15:15:00+00:00,2025-06-06T15:20:00+00:00,5,-0.005290809190809106,-0.10581618381618212,20.0,وقف,0,False,True,,False,3.1999596999999995,3.199,0.0003,3.1903598208999995,1,baseline,0,"{""close"": 3.199, ""rsi"": 60.649389859735315, ""rsi7"": 62.73357505304565, ""macd"": -0.0006760655108343267, ""adx"": 35.9531152537569, ""stoch_k"": 49.99999999999941, ""stoch_d"": 32.037037037036846, ""mss"": 0.0, ""sfp"": 0.0, ""vr"": 1.0770889735666394, ""hurst"": 0.3279862393857483, ""atr14"": 0.004265578976664363, ""vol_sma20"": 7751.688000000007, ""vol_ratio"": 0.8363120393906455, ""atr_pct"": 0.0013334101208703855, ""retest_entry"": true}"
اتجاهي,dir,directional,TONUSDT,صاعد,KAMA,1,225570,225575,2025-06-06T15:30:00+00:00,2025-06-06T15:35:00+00:00,5,-0.0003511068023761891,-0.007022136047523782,20.0,تتبع,0,False,True,,False,3.1819543,3.181,0.0003,3.1881625426,1,baseline,0,"{""close"": 3.181, ""rsi"": 39.93061867884848, ""rsi7"": 36.33209464481198, ""macd"": -0.0014022633933093464, ""adx"": 24.19292135207516, ""stoch_k"": 8.97435897435953, ""stoch_d"": 9.104422147900559, ""mss"": 0.0, ""sfp"": 0.0, ""vr"": 1.0569846437372035, ""hurst"": 0.3954823763259441, ""atr14"": 0.00433467110923898, ""vol_sma20"": 8892.049500000006, ""vol_ratio"": 0.1220753438225911, ""atr_pct"": 0.0013626756080600377, ""retest_entry"": true}"
اتجاهي,dir,directional,TONUSDT,صاعد,FVG,1,225579,225580,2025-06-06T15:39:00+00:00,2025-06-06T15:40:00+00:00,1,-0.0029091971959328447,-0.058183943918656895,20.0,زمني,0,False,True,,False,3.1949582,3.194,0.0003,3.193,1,baseline,0,"{""close"": 3.194, ""rsi"": 59.83474594959648, ""rsi7"": 72.08245265979963, ""macd"": 0.001451354288299167, ""adx"": 19.637010453569918, ""stoch_k"": 87.03703703703691, ""stoch_d"": 81.60493827160441, ""mss"": 0.0, ""sfp"": 0.0, ""vr"": 1.055902839128292, ""hurst"": 0.4588709794741456, ""atr14"": 0.004354549454423458, ""vol_sma20"": 9084.473000000007, ""vol_ratio"": 0.4825970642435722, ""atr_pct"": 0.0013633529913661421, ""retest_entry"": true}"
اتجاهي,dir,directional,TONUSDT,صاعد,MicroBurst,1,225588,225605,2025-06-06T15:48:00+00:00,2025-06-06T16:05:00+00:00,17,-0.005290809190809106,-0.10581618381618212,20.0,وقف,0,False,True,,False,3.1989593999999997,3.198,0.0003,3.1893625217999997,1,baseline,0,"{""close"": 3.198, ""rsi"": 62.68512868845473, ""rsi7"": 72.02596079780214, ""macd"": 0.0011663572211109746, ""adx"": 16.081472316096413, ""stoch_k"": 100.0, ""stoch_d"": 95.34313725490152, ""mss"": 0.0, ""sfp"": 0.0, ""vr"": 0.9347931784393939, ""hurst"": 0.467818196642754, ""atr14"": 0.003862604253717336, ""vol_sma20"": 4678.485000000007, ""vol_ratio"": 1.5668832966227293, ""atr_pct"": 0.0012078187159841576, ""retest_entry"": true}"
اتجاهي,dir,directional,TONUSDT,صاعد,FVG,1,225617,225627,2025-06-06T16:17:00+00:00,2025-06-06T16:27:00+00:00,10,-0.005290809190809106,-0.10581618381618212,20.0,وقف,0,False,True,,False,3.1889564,3.188,0.0003,3.1793895308,1,baseline,0,"{""close"": 3.189, ""rsi"": 45.24069029589245, ""rsi7"": 48.610319662039416, ""macd"": -0.0005631776285376004, ""adx"": 13.151999771258678, ""stoch_k"": 30.972222222222864, ""stoch_d"": 19.76491101491143, ""mss"": 0.0, ""sfp"": 0.0, ""vr"": 0.892400639556322, ""hurst"": 0.4082106470726242, ""atr14"": 0.0034583022348024708, ""vol_sma20"": 3647.4875000000075, ""vol_ratio"": 2.441804118588476, ""atr_pct"": 0.0010844472357486581, ""retest_entry"": true}"
اتجاهي,dir,directional,TONUSDT,صاعد,SFP,1,225632,225642,2025-06-06T16:32:00+00:00,2025-06-06T16:42:00+00:00,10,-0.005290809190809106,-0.10581618381618212,20.0,وقف,0,False,True,,False,3.1719513,3.171,0.0003,3.1624354461,1,baseline,0,"{""close"": 3.17, ""rsi"": 27.208519493854794, ""rsi7"": 26.01746199626683, ""macd"": -0.0018486862940998968, ""adx"": 30.28745578144978, ""stoch_k"": 8.111111111111795, ""stoch_d"": 4.55555555555616, ""mss"": 0.0, ""sfp"": 1.0, ""vr"": 0.9617403617334503, ""hurst"": 0.368517732587538, ""atr14"": 0.003697967709796723, ""vol_sma20"": 8296.773000000007, ""vol_ratio"": 0.5078143032236747, ""atr_pct"": 0.0011665513280115845, ""retest_entry"": true}"
اتجاهي,dir,directional,TONUSDT,صاعد,FVG,1,225646,225651,2025-06-06T16:46:00+00:00,2025-06-06T16:51:00+00:00,5,-0.0007303921758798623,-0.014607843517597245,20.0,تتبع,0,False,True,,False,3.1669498,3.166,0.0003,3.1719248236,1,baseline,0,"{""close"": 3.166, ""rsi"": 34.93365564276249, ""rsi7"": 40.08394900351688, ""macd"": 0.00010353819138677126, ""adx"": 33.14299517590517, ""stoch_k"": 25.64102564102564, ""stoch_d"": 16.239316239316, ""mss"": 0.0, ""sfp"": 0.0, ""vr"": 0.8564013391961733, ""hurst"": 0.44216207383769324, ""atr14"": 0.003206119960025968, ""vol_sma20"": 7507.944500000008, ""vol_ratio"": 0.6692204504175537, ""atr_pct"": 0.0010126721288774379, ""retest_entry"": true}"
اتجاهي,dir,directional,TONUSDT,صاعد,FVG,1,225659,225665,2025-06-06T16:59:00+00:00,2025-06-06T17:05:00+00:00,6,-0.005290809190809106,-0.10581618381618212,20.0,وقف,0,False,True,,False,3.1649492,3.164,0.0003,3.1554543524,1,baseline,0,"{""close"": 3.165, ""rsi"": 42.91900253564585, ""rsi7"": 47.39155249418098, ""macd"": 8.70876822810303e-05, ""adx"": 26.235976837166245, ""stoch_k"": 38.88888888888952, ""stoch_d"": 29.243827160493982, ""mss"": 0.0, ""sfp"": 0.0, ""vr"": 1.0033449840245916, ""hurst"": 0.4660379592194357, ""atr14"": 0.0036332304173023844, ""vol_sma20"": 5063.296000000008, ""vol_ratio"": 0.5743610486133924, ""atr_pct"": 0.001147940100253518, ""retest_entry"": true}"
اتجاهي,dir,directional,TONUSDT,صاعد,RSI,1,225669,225670,2025-06-06T17:09:00+00:00,2025-06-06T17:10:00+00:00,1,-0.0022807891234998927,-0.045615782469997854,20.0,زمني,0,False,True,,False,3.1559464999999998,3.155,0.0003,3.156,1,baseline,0,"{""close"": 3.156, ""rsi"": 32.01100638557041, ""rsi7"": 28.508065291510505, ""macd"": -0.00036031753625515115, ""adx"": 28.530766224146134, ""stoch_k"": 11.904761904762859, ""stoch_d"": 11.245331465920623, ""mss"": 0.0, ""sfp"": 0.0, ""vr"": 1.0236323946741621, ""hurst"": 0.38158817662424815, ""atr14"": 0.0035927423661978697, ""vol_sma20"": 6416.039000000008, ""vol_ratio"": 0.2826619351908549, ""atr_pct"": 0.0011383847801640905, ""retest_entry"": true}"
اتجاهي,dir,directional,TONUSDT,صاعد,MACD,1,225672,225673,2025-06-06T17:12:00+00:00,2025-06-06T17:13:00+00:00,1,-0.002596923220735855,-0.0519384644147171,20.0,زمني,0,False,True,,False,3.1579471,3.157,0.0003,3.157,1,baseline,0,"{""close"": 3.158, ""rsi"": 41.106734617965756, ""rsi7"": 49.43140803076588, ""macd"": 9.864255045349086e-05, ""adx"": 28.221397115357714, ""stoch_k"": 19.999999999999957, ""stoch_d"": 14.338624338624589, ""mss"": 0.0, ""sfp"": 0.0, ""vr"": 1.0350532770599064, ""hurst"": 0.3262696963520153, ""atr14"": 0.003612337820166451, ""vol_sma20"": 7245.436000000007, ""vol_ratio"": 0.5827226960530734, ""atr_pct"": 0.0011438688474244621, ""retest_entry"": true}"
اتجاهي,dir,directional,TONUSDT,صاعد,Bollinger,1,228696,228709,2025-06-08T19:36:00+00:00,2025-06-08T19:49:00+00:00,13,-0.002054138714725217,-0.04108277429450434,20.0,تتبع,0,False,True,,False,3.1949582,3.194,0.0003,3.1957381676,1,baseline,0,"{""close"": 3.194, ""rsi"": 60.47064305821903, ""rsi7"": 76.92685699452163, ""macd"": 0.0005847600994470415, ""adx"": 29.909272353463148, ""stoch_k"": 93.33333333333194, ""stoch_d"": 92.77777777777722, ""mss"": 0.0, ""sfp"": 0.0, ""vr"": 0.916308495832606, ""hurst"": 0.2545463829496778, ""atr14"": 0.001986544858362417, ""vol_sma20"": 2380.0445000000072, ""vol_ratio"": 1.1025550152528627, ""atr_pct"": 0.0006219614459494105, ""retest_entry"": true}"
اتجاهي,dir,directional,TONUSDT,صاعد,EMA,1,228721,228722,2025-06-08T20:01:00+00:00,2025-06-08T20:02:00+00:00,1,-0.004158293096720914,-0.08316586193441827,20.0,زمني,0,False,True,,False,3.1949582,3.194,0.0003,3.189,1,baseline,0,"{""close"": 3.194, ""rsi"": 51.24218133929435, ""rsi7"": 51.490635951870075, ""macd"": -0.0003504223792637773, ""adx"": 16.999283161488485, ""stoch_k"": 38.09523809523998, ""stoch_d"": 34.81481481481602, ""mss"": 0.0, ""sfp"": 0.0, ""vr"": 0.9342379058585486, ""hurst"": 0.270390619703945, ""atr14"": 0.0019811299822970743, ""vol_sma20"": 2437.8885000000073, ""vol_ratio"": 1.0933600941962653, ""atr_pct"": 0.0006202661184399105, ""retest_entry"": true}"
اتجاهي,dir,directional,TONUSDT,صاعد,MicroBurst,1,228727,228728,2025-06-08T20:07:00+00:00,2025-06-08T20:08:00+00:00,1,-0.0022842576794258876,-0.045685153588517755,20.0,زمني,0,False,True,,False,3.190957,3.19,0.0003,3.191,1,baseline,0,"{""close"": 3.189, ""rsi"": 39.994174927317374, ""rsi7"": 37.07215805548173, ""macd"": -0.0006874264900572011, ""adx"": 23.99089144691475, ""stoch_k"": 21.212121212123055, ""stoch_d"": 22.446689113356985, ""mss"": 0.0, ""sfp"": 0.0, ""vr"": 1.0642918784919957, ""hurst"": 0.27988615851669724, ""atr14"": 0.002259112650330764, ""vol_sma20"": 3804.553000000008, ""vol_ratio"": 2.0137372248461207, ""atr_pct"": 0.0007084078552307192, ""retest_entry"": true}"
اتجاهي,dir,directional,TONUSDT,صاعد,MACD,1,228732,228773,2025-06-08T20:12:00+00:00,2025-06-08T20:53:00+00:00,41,-0.005290809190809106,-0.10581618381618212,20.0,وقف,0,False,True,,False,3.1929576,3.192,0.0003,3.1833787272,1,baseline,0,"{""close"": 3.192, ""rsi"": 50.82621602509426, ""rsi7"": 58.346760769877015, ""macd"": 0.00011618776454962773, ""adx"": 22.26712827808038, ""stoch_k"": 62.96296296296535, ""stoch_d"": 58.024691358025855, ""mss"": 0.0, ""sfp"": 0.0, ""vr"": 1.031886044412594, ""hurst"": 0.27636017900993526, ""atr14"": 0.002188018223952949, ""vol_sma20"": 3864.233500000007, ""vol_ratio"": 1.0382369491905685, ""atr_pct"": 0.0006854693684063123, ""retest_entry"": true}"
اتجاهي,dir,directional,TONUSDT,صاعد,MicroBurst,1,228781,228787,2025-06-08T21:01:00+00:00,2025-06-08T21:07:00+00:00,6,-0.0016454627886754048,-0.032909255773508096,20.0,تتبع,0,False,True,,False,3.1889564,3.188,0.0003,3.192,1,baseline,0,"{""close"": 3.188, ""rsi"": 53.59088737781408, ""rsi7"": 62.772291358589555, ""macd"": 0.00018833013756036502, ""adx"": 26.78544042456908, ""stoch_k"": 54.16666666666658, ""stoch_d"": 43.308080808080426, ""mss"": 0.0, ""sfp"": 0.0, ""vr"": 1.1375601878127883, ""hurst"": 0.27651768606627064, ""atr14"": 0.0023161339891673593, ""vol_sma20"": 2614.905500000007, ""vol_ratio"": 3.551371168097652, ""atr_pct"": 0.0007265163077689332, ""retest_entry"": true}"
اتجاهي,dir,directional,TONUSDT,صاعد,MACD,1,228809,228810,2025-06-08T21:29:00+00:00,2025-06-08T21:30:00+00:00,1,-0.0029101779559053587,-0.05820355911810717,20.0,زمني,0,False,True,,False,3.1849552,3.184,0.0003,3.183,1,baseline,0,"{""close"": 3.183, ""rsi"": 45.25786716106614, ""rsi7"": 46.80949343345098, ""macd"": 2.1535265522108684e-06, ""adx"": 32.06490280487237, ""stoch_k"": 59.03263403263344, ""stoch_d"": 49.82517482517438, ""mss"": 0.0, ""sfp"": 0.0, ""vr"": 1.0752965849737546, ""hurst"": 0.16862662380440668, ""atr14"": 0.0023086096695813974, ""vol_sma20"": 3476.3975000000073, ""vol_ratio"": 0.03157291420213016, ""atr_pct"": 0.0007252936442291541, ""retest_entry"": true}"
اتجاهي,dir,directional,TONUSDT,صاعد,Bollinger,1,228822,228823,2025-06-08T21:42:00+00:00,2025-06-08T21:43:00+00:00,1,-0.0022841596344143284,-0.045683192688286564,20.0,زمني,0,False,True,,False,3.1899566999999998,3.189,0.0003,3.19,1,baseline,0,"{""close"": 3.189, ""rsi"": 61.627251988852606, ""rsi7"": 72.36323531706681, ""macd"": 0.0005618910830359435, ""adx"": 27.641616826141245, ""stoch_k"": 74.99999999999946, ""stoch_d"": 47.22222222222223, ""mss"": 0.0, ""sfp"": 0.0, ""vr"": 1.0087758628973993, ""hurst"": 0.1568618624197883, ""atr14"": 0.0021994938783453013, ""vol_sma20"": 1068.8525000000072, ""vol_ratio"": 0.5149447655312555, ""atr_pct"": 0.0006897127244732835, ""retest_entry"": true}"
اتجاهي,dir,directional,TONUSDT,صاعد,MACD,1,228833,228837,2025-06-08T21:53:00+00:00,2025-06-08T21:57:00+00:00,4,-0.002596923220735966,-0.05193846441471932,20.0,قفل-ربح,0,False,True,,False,3.1929576,3.192,0.0003,3.192,1,baseline,0,"{""close"": 3.191, ""rsi"": 63.733497943959776, ""rsi7"": 73.11825622289265, ""macd"": 0.00016196119925293443, ""adx"": 21.70938806176999, ""stoch_k"": 63.33333333333268, ""stoch_d"": 50.277777777778205, ""mss"": 0.0, ""sfp"": 0.0, ""vr"": 0.9725228612982778, ""hurst"": 0.16672353870988416, ""atr14"": 0.0020916807615497476, ""vol_sma20"": 1264.5530000000074, ""vol_ratio"": 2.907019318288738, ""atr_pct"": 0.0006554938143371193, ""retest_entry"": true}"
اتجاهي,dir,directional,TONUSDT,صاعد,EMA,1,228840,228841,2025-06-08T22:00:00+00:00,2025-06-08T22:01:00+00:00,1,-0.005290809190809106,-0.10581618381618212,20.0,وقف,0,False,True,,False,3.1959584999999997,3.195,0.0003,3.1863706245,1,baseline,0,"{""close"": 3.194, ""rsi"": 64.46624566120926, ""rsi7"": 68.09523777429341, ""macd"": 0.0004958765188119987, ""adx"": 29.285216085335524, ""stoch_k"": 72.72727272727239, ""stoch_d"": 73.73737373737366, ""mss"": 0.0, ""sfp"": 0.0, ""vr"": 0.9485790540688065, ""hurst"": 0.2715168742329868, ""atr14"": 0.0020311982782080357, ""vol_sma20"": 1447.0070000000073, ""vol_ratio"": 0.4314284588809845, ""atr_pct"": 0.0006359418529142254, ""retest_entry"": true}"
اتجاهي,dir,directional,TONUSDT,صاعد,FVG,1,228846,228877,2025-06-08T22:06:00+00:00,2025-06-08T22:37:00+00:00,31,-0.005290809190809106,-0.10581618381618212,20.0,وقف,0,False,True,,False,3.1899566999999998,3.189,0.0003,3.1803868298999998,1,baseline,0,"{""close"": 3.189, ""rsi"": 50.706817133914036, ""rsi7"": 49.12657592126028, ""macd"": -0.0006133714629404374, ""adx"": 23.47035844006812, ""stoch_k"": 24.44444444444464, ""stoch_d"": 14.126984126984174, ""mss"": 0.0, ""sfp"": 0.0, ""vr"": 1.1722385929659331, ""hurst"": 0.2327529074454863, ""atr14"": 0.00254370217899732, ""vol_sma20"": 3424.5900000000074, ""vol_ratio"": 0.4840462653923525, ""atr_pct"": 0.0007976488488546002, ""retest_entry"": true}"
اتجاهي,dir,directional,TONUSDT,صاعد,Stochastic,1,228882,228883,2025-06-08T22:42:00+00:00,2025-06-08T22:43:00+00:00,1,-0.0022830770669350006,-0.04566154133870001,20.0,زمني,0,False,True,,False,3.1789533999999997,3.178,0.0003,3.179,1,baseline,0,"{""close"": 3.179, ""rsi"": 34.237062292652666, ""rsi7"": 28.30451453571608, ""macd"": -0.00045085056354330906, ""adx"": 24.846072870538773, ""stoch_k"": 18.518518518517084, ""stoch_d"": 16.464646464645494, ""mss"": 0.0, ""sfp"": 0.0, ""vr"": 0.953168473347077, ""hurst"": 0.27925736281677216, ""atr14"": 0.00228886595061259, ""vol_sma20"": 3661.9840000000077, ""vol_ratio"": 0.8454160367713223, ""atr_pct"": 0.0007199955805638849, ""retest_entry"": true}"
اتجاهي,dir,directional,TONUSDT,صاعد,Bollinger,1,228886,228887,2025-06-08T22:46:00+00:00,2025-06-08T22:47:00+00:00,1,-0.0032236295209428396,-0.06447259041885679,20.0,زمني,0,False,True,,False,3.1839549,3.183,0.0003,3.181,1,baseline,0,"{""close"": 3.182, ""rsi"": 47.92245291001176, ""rsi7"": 58.80577647915388, ""macd"": 0.00020557222261979717, ""adx"": 23.664493896919442, ""stoch_k"": 44.44444444444374, ""stoch_d"": 30.86419753086312, ""mss"": 0.0, ""sfp"": 0.0, ""vr"": 0.8974539441489007, ""hurst"": 0.28873190869758975, ""atr14"": 0.002152470335679052, ""vol_sma20"": 3387.7915000000075, ""vol_ratio"": 0.6001313835281762, ""atr_pct"": 0.0006764520225264148, ""retest_entry"": true}"
اتجاهي,dir,directional,TONUSDT,صاعد,FVG,1,228894,228895,2025-06-08T22:54:00+00:00,2025-06-08T22:55:00+00:00,1,-0.002596923220735855,-0.0519384644147171,20.0,زمني,0,False,True,,False,3.1799536999999996,3.179,0.0003,3.179,1,baseline,0,"{""close"": 3.179, ""rsi"": 44.686024104452834, ""rsi7"": 48.896502646170795, ""macd"": 8.313469679690285e-05, ""adx"": 25.201576606934193, ""stoch_k"": 48.14814814814872, ""stoch_d"": 39.50617283950753, ""mss"": 0.0, ""sfp"": 0.0, ""vr"": 0.9342353411545039, ""hurst"": 0.32351970002518915, ""atr14"": 0.0022421914828555053, ""vol_sma20"": 3847.696000000007, ""vol_ratio"": 0.3371082330828624, ""atr_pct"": 0.0007053134579602093, ""retest_entry"": true}"
اتجاهي,dir,directional,TONUSDT,صاعد,FVG,1,228898,228901,2025-06-08T22:58:00+00:00,2025-06-08T23:01:00+00:00,3,-0.002596923220735855,-0.0519384644147171,20.0,قفل-ربح,0,False,True,,False,3.180954,3.18,0.0003,3.18,1,baseline,0,"{""close"": 3.18, ""rsi"": 48.595537952524666, ""rsi7"": 55.86455733589977, ""macd"": 0.00037223350673849884, ""adx"": 21.210442291740645, ""stoch_k"": 62.96296296296537, ""stoch_d"": 56.79012345679143, ""mss"": 0.0, ""sfp"": 0.0, ""vr"": 0.8606939982654875, ""hurst"": 0.3274356101073705, ""atr14"": 0.002047043704233564, ""vol_sma20"": 3054.4625000000074, ""vol_ratio"": 0.03912636020249052, ""atr_pct"": 0.0006437244352935736, ""retest_entry"": true}"
اتجاهي,dir,directional,TONUSDT,صاعد,OBV,1,228910,228915,2025-06-08T23:10:00+00:00,2025-06-08T23:15:00+00:00,5,-0.0016550883984701472,-0.033101767969402944,20.0,تتبع,0,False,True,,False,3.1779531,3.177,0.0003,3.18,1,baseline,0,"{""close"": 3.177, ""rsi"": 43.869979012898106, ""rsi7"": 43.96351419622813, ""macd"": -0.00021156868193408004, ""adx"": 12.438430315266096, ""stoch_k"": 11.111111111113154, ""stoch_d"": 13.668430335097218, ""mss"": 0.0, ""sfp"": 0.0, ""vr"": 0.9988082169023076, ""hurst"": 0.21141599771708983, ""atr14"": 0.0023402311681157795, ""vol_sma20"": 2995.3885000000073, ""vol_ratio"": 0.14273941426963446, ""atr_pct"": 0.0007366166723688321, ""retest_entry"": true}"
اتجاهي,dir,directional,TONUSDT,صاعد,Stochastic,1,228925,228950,2025-06-08T23:25:00+00:00,2025-06-08T23:50:00+00:00,25,-0.0019366317208196512,-0.038732634416393026,20.0,قفل-ربح,0,False,True,,False,3.1718520999999997,3.169,0.0009,3.173,1,baseline,0,"{""close"": 3.17, ""rsi"": 41.841284186606465, ""rsi7"": 43.339607073828134, ""macd"": -0.000967917179304906, ""adx"": 22.76880313741498, ""stoch_k"": 17.54385964912312, ""stoch_d"": 14.170040485830441, ""mss"": 0.0, ""sfp"": 0.0, ""vr"": 1.5132659178341428, ""hurst"": 0.11173007845396303, ""atr14"": 0.003711136268973725, ""vol_sma20"": 8721.479000000008, ""vol_ratio"": 0.5770580884274324, ""atr_pct"": 0.0011707054476257808, ""retest_entry"": true}"
اتجاهي,dir,directional,TONUSDT,صاعد,Bollinger,1,228955,228956,2025-06-08T23:55:00+00:00,2025-06-08T23:56:00+00:00,1,-0.004169122269883727,-0.08338244539767455,20.0,زمني,0,False,True,,False,3.1729516,3.172,0.0003,3.167,1,baseline,0,"{""close"": 3.173, ""rsi"": 53.65375572393574, ""rsi7"": 55.47910300078701, ""macd"": 0.0005600824593146239, ""adx"": 16.55884560110369, ""stoch_k"": 66.66666666666707, ""stoch_d"": 66.66666666666654, ""mss"": 0.0, ""sfp"": 0.0, ""vr"": 0.9583526683588395, ""hurst"": 0.21858556390773465, ""atr14"": 0.0024691810346491173, ""vol_sma20"": 2361.9810000000075, ""vol_ratio"": 0.23676735756976802, ""atr_pct"": 0.0007781850093441907, ""retest_entry"": true}"
اتجاهي,dir,directional,TONUSDT,صاعد,Bollinger,1,228961,228963,2025-06-09T00:01:00+00:00,2025-06-09T00:03:00+00:00,2,-0.001931843410742649,-0.03863686821485298,20.0,تتبع,0,False,True,,False,3.1749522,3.174,0.0003,3.1761164595999998,1,baseline,0,"{""close"": 3.173, ""rsi"": 54.7641932158541, ""rsi7"": 60.5147161790682, ""macd"": -9.88830795935738e-06, ""adx"": 14.877775907093957, ""stoch_k"": 45.45454545454573, ""stoch_d"": 30.303030303030095, ""mss"": 0.0, ""sfp"": 0.0, ""vr"": 1.0139524674451572, ""hurst"": 0.21455669075046926, ""atr14"": 0.0025883625817943925, ""vol_sma20"": 2669.3705000000073, ""vol_ratio"": 0.3302239235804837, ""atr_pct"": 0.0008157461650785983, ""retest_entry"": true}"
اتجاهي,dir,directional,TONUSDT,صاعد,MicroBurst,1,228976,228977,2025-06-09T00:16:00+00:00,2025-06-09T00:17:00+00:00,1,-0.002596923220735966,-0.05193846441471932,20.0,زمني,0,False,True,,False,3.1739519,3.173,0.0003,3.173,1,baseline,0,"{""close"": 3.173, ""rsi"": 53.461363488510585, ""rsi7"": 58.14569649834388, ""macd"": -0.00011568718776142154, ""adx"": 13.30230531861637, ""stoch_k"": 33.33333333333224, ""stoch_d"": 27.777777777776123, ""mss"": 0.0, ""sfp"": 0.0, ""vr"": 0.9524076395487066, ""hurst"": 0.25539683385930756, ""atr14"": 0.002437633508352798, ""vol_sma20"": 2641.2275000000072, ""vol_ratio"": 1.9353690660876377, ""atr_pct"": 0.0007682425176025207, ""retest_entry"": true}"
اتجاهي,dir,directional,TONUSDT,صاعد,Stochastic,1,228983,228989,2025-06-09T00:23:00+00:00,2025-06-09T00:29:00+00:00,6,-0.001022242013316742,-0.020444840266334842,20.0,تتبع,0,False,True,,False,3.1679500999999997,3.167,0.0003,3.172,1,baseline,0,"{""close"": 3.166, ""rsi"": 41.93578402296671, ""rsi7"": 39.12030924130099, ""macd"": -0.0007559682583815086, ""adx"": 14.796023216722883, ""stoch_k"": 13.333333333334911, ""stoch_d"": 10.317460317461073, ""mss"": 0.0, ""sfp"": 0.0, ""vr"": 1.0018302698231878, ""hurst"": 0.2543187411900457, ""atr14"": 0.002584341534066119, ""vol_sma20"": 2859.0090000000073, ""vol_ratio"": 0.3218143069853917, ""atr_pct"": 0.0008162797012211368, ""retest_entry"": true}"
اتجاهي,dir,directional,TONUSDT,هابط,Bollinger,-1,260689,260699,2025-07-01T00:49:00+00:00,2025-07-01T00:59:00+00:00,10,-0.002072221442900629,-0.041444428858012576,20.0,قفل-ربح,0,False,True,symbol_collision,True,2.9021291000000002,2.903,0.0003,2.9014732184291954,1,baseline,0,"{""close"": 2.903, ""rsi"": 38.54325506385604, ""rsi7"": 32.77472364388409, ""macd"": 6.937576355778362e-05, ""adx"": 30.78421144881523, ""stoch_k"": 26.666666666664685, ""stoch_d"": 42.22222222222174, ""mss"": 0.0, ""sfp"": 0.0, ""vr"": 0.8791747419694808, ""hurst"": 0.1532898419778384, ""atr14"": 0.0014579519873846381, ""vol_sma20"": 2587.8595000000087, ""vol_ratio"": 0.2815995226943339, ""atr_pct"": 0.0005022225240732477, ""retest_entry"": true}"
اتجاهي,dir,directional,TONUSDT,هابط,Bollinger,-1,260711,260712,2025-07-01T01:11:00+00:00,2025-07-01T01:12:00+00:00,1,-0.0025971028071656095,-0.05194205614331219,20.0,زمني,0,False,True,symbol_collision,True,2.89913,2.9,0.0003,2.9,1,baseline,0,"{""close"": 2.9, ""rsi"": 40.21952975904816, ""rsi7"": 38.503056692813644, ""macd"": 8.445271436767401e-05, ""adx"": 26.677686788434343, ""stoch_k"": 26.666666666664693, ""stoch_d"": 37.777777777776706, ""mss"": 0.0, ""sfp"": 0.0, ""vr"": 0.869469376164439, ""hurst"": 0.17917017534329346, ""atr14"": 0.00142487777785262, ""vol_sma20"": 2259.619500000009, ""vol_ratio"": 0.05689896020104247, ""atr_pct"": 0.0004913371647767655, ""retest_entry"": true}"
اتجاهي,dir,directional,TONUSDT,هابط,FVG,-1,260726,260727,2025-07-01T01:26:00+00:00,2025-07-01T01:27:00+00:00,1,-0.002940885686329089,-0.058817713726581775,20.0,زمني,0,False,True,symbol_collision,True,2.9021291000000002,2.903,0.0003,2.904,1,baseline,0,"{""close"": 2.903, ""rsi"": 50.3657580756583, ""rsi7"": 48.69943237449307, ""macd"": 0.00012891361653042142, ""adx"": 14.843580712152065, ""stoch_k"": 66.66666666666494, ""stoch_d"": 68.25396825396625, ""mss"": 0.0, ""sfp"": 0.0, ""vr"": 0.9351021562928531, ""hurst"": 0.2047549419594044, ""atr14"": 0.0015489483853948188, ""vol_sma20"": 2356.3260000000087, ""vol_ratio"": 1.2264304684496072, ""atr_pct"": 0.0005335681658266686, ""retest_entry"": true}"
اتجاهي,dir,directional,TONUSDT,هابط,FVG,-1,260730,260733,2025-07-01T01:30:00+00:00,2025-07-01T01:33:00+00:00,3,-0.0020593298517543896,-0.04118659703508779,20.0,قفل-ربح,0,False,True,symbol_collision,True,2.9011294000000003,2.902,0.0003,2.900436258055072,1,baseline,0,"{""close"": 2.902, ""rsi"": 46.10811559375679, ""rsi7"": 39.99246490253973, ""macd"": -6.521675648915159e-05, ""adx"": 14.178305005778613, ""stoch_k"": 36.666666666667574, ""stoch_d"": 47.46031746031642, ""mss"": 0.0, ""sfp"": 0.0, ""vr"": 0.9274517001012863, ""hurst"": 0.20231156928080424, ""atr14"": 0.0015407776664738886, ""vol_sma20"": 3084.8950000000086, ""vol_ratio"": 0.03014040996533099, ""atr_pct"": 0.0005309364805216707, ""retest_entry"": true}"
اتجاهي,dir,directional,TONUSDT,هابط,FVG,-1,260738,260739,2025-07-01T01:38:00+00:00,2025-07-01T01:39:00+00:00,1,-0.00259710280716572,-0.0519420561433144,20.0,زمني,0,False,True,symbol_collision,True,2.8981303,2.899,0.0003,2.899,1,baseline,0,"{""close"": 2.9, ""rsi"": 43.09096336438018, ""rsi7"": 39.57690722783882, ""macd"": -0.00023864757103676126, ""adx"": 16.088327579496973, ""stoch_k"": 27.777777777778578, ""stoch_d"": 40.74074074074215, ""mss"": 0.0, ""sfp"": 0.0, ""vr"": 0.9646290015411, ""hurst"": 0.21686895369268716, ""atr14"": 0.0016177585082819774, ""vol_sma20"": 3000.5805000000087, ""vol_ratio"": 0.28256865629833877, ""atr_pct"": 0.0005578477614765439, ""retest_entry"": true}"
اتجاهي,dir,directional,TONUSDT,هابط,Bollinger,-1,260742,260743,2025-07-01T01:42:00+00:00,2025-07-01T01:43:00+00:00,1,-0.00259710280716572,-0.0519420561433144,20.0,زمني,0,False,True,symbol_collision,True,2.8981303,2.899,0.0003,2.899,1,baseline,0,"{""close"": 2.899, ""rsi"": 40.02487443839688, ""rsi7"": 33.74507475652156, ""macd"": -0.00029114605533423225, ""adx"": 17.80642000897868, ""stoch_k"": 0.0, ""stoch_d"": 5.555555555555322, ""mss"": 0.0, ""sfp"": 0.0, ""vr"": 0.8725118562760009, ""hurst"": 0.20794335910625242, ""atr14"": 0.0014592826102415785, ""vol_sma20"": 2613.980000000009, ""vol_ratio"": 0.9286107774351722, ""atr_pct"": 0.0005033744774893338, ""retest_entry"": true}"
اتجاهي,dir,directional,TONUSDT,هابط,Bollinger,-1,260761,260762,2025-07-01T02:01:00+00:00,2025-07-01T02:02:00+00:00,1,-0.002941478824491939,-0.05882957648983878,20.0,زمني,0,False,True,symbol_collision,True,2.8971306,2.898,0.0003,2.899,1,baseline,0,"{""close"": 2.898, ""rsi"": 40.6024812411432, ""rsi7"": 36.467875974938366, ""macd"": 2.6109269375638945e-05, ""adx"": 16.004811439905666, ""stoch_k"": 33.33333333333373, ""stoch_d"": 40.74074074074105, ""mss"": 0.0, ""sfp"": 0.0, ""vr"": 0.8080188426822252, ""hurst"": 0.20866169198765944, ""atr14"": 0.0012399315280981484, ""vol_sma20"": 1482.3345000000086, ""vol_ratio"": 0.5650613947121889, ""atr_pct"": 0.00042785767015118993, ""retest_entry"": true}"
اتجاهي,dir,directional,TONUSDT,هابط,MACD,-1,260787,260796,2025-07-01T02:27:00+00:00,2025-07-01T02:36:00+00:00,9,-0.0020826897591729536,-0.041653795183459075,20.0,قفل-ربح,0,False,True,symbol_collision,True,2.9011294000000003,2.902,0.0003,2.9005041842434243,1,baseline,0,"{""close"": 2.902, ""rsi"": 51.69041565260337, ""rsi7"": 47.411982569728885, ""macd"": -3.5177610462508837e-05, ""adx"": 15.953506767892172, ""stoch_k"": 52.77777777778423, ""stoch_d"": 59.25925925926436, ""mss"": 0.0, ""sfp"": 0.0, ""vr"": 0.980376415001089, ""hurst"": 0.26627875061704165, ""atr14"": 0.0013897852835316443, ""vol_sma20"": 1718.2085000000086, ""vol_ratio"": 0.34879934536466145, ""atr_pct"": 0.00047890602464908483, ""retest_entry"": true}"
اتجاهي,dir,directional,TONUSDT,هابط,Bollinger,-1,260801,260802,2025-07-01T02:41:00+00:00,2025-07-01T02:42:00+00:00,1,-0.00259710280716572,-0.0519420561433144,20.0,زمني,0,False,True,symbol_collision,True,2.8981303,2.899,0.0003,2.899,1,baseline,0,"{""close"": 2.899, ""rsi"": 38.98332490253996, ""rsi7"": 31.833000448071033, ""macd"": -0.0004185509217947299, ""adx"": 18.002129016024572, ""stoch_k"": 8.333333333332797, ""stoch_d"": 23.888888888886644, ""mss"": 0.0, ""sfp"": 0.0, ""vr"": 0.9682915538524339, ""hurst"": 0.2958108012238766, ""atr14"": 0.0013662181250792688, ""vol_sma20"": 847.5170000000087, ""vol_ratio"": 0.007929044491142869, ""atr_pct"": 0.00047127220596042386, ""retest_entry"": true}"
اتجاهي,dir,directional,TONUSDT,هابط,FVG,-1,260809,260810,2025-07-01T02:49:00+00:00,2025-07-01T02:50:00+00:00,1,-0.0022529642905408137,-0.04505928581081627,20.0,زمني,0,False,True,symbol_collision,True,2.89913,2.9,0.0003,2.899,1,baseline,0,"{""close"": 2.899, ""rsi"": 41.49147198383698, ""rsi7"": 36.56826929084767, ""macd"": -0.00011020807680874387, ""adx"": 17.21909868095032, ""stoch_k"": 16.666666666665208, ""stoch_d"": 33.33333333332982, ""mss"": 0.0, ""sfp"": 0.0, ""vr"": 0.9361359638638198, ""hurst"": 0.28725794267710203, ""atr14"": 0.0013136630301817942, ""vol_sma20"": 856.8315000000086, ""vol_ratio"": 0.5275482985861227, ""atr_pct"": 0.0004531435081689528, ""retest_entry"": true}"
اتجاهي,dir,directional,TONUSDT,هابط,FVG,-1,260831,260832,2025-07-01T03:11:00+00:00,2025-07-01T03:12:00+00:00,1,-0.0028967131697949875,-0.05793426339589975,20.0,زمني,0,False,True,,False,2.8901327,2.891,0.0003,2.891,1,baseline,0,"{""close"": 2.891, ""rsi"": 21.465147243580518, ""rsi7"": 11.104458213909936, ""macd"": -0.0005010254549072442, ""adx"": 29.589446098021096, ""stoch_k"": 11.111111111111496, ""stoch_d"": 33.33333333333487, ""mss"": 0.0, ""sfp"": 0.0, ""vr"": 1.1782253313291227, ""hurst"": 0.26278495568121046, ""atr14"": 0.0015671785011221054, ""vol_sma20"": 2788.247500000009, ""vol_ratio"": 8.010881386964366, ""atr_pct"": 0.0005420887240131807, ""retest_entry"": true}"
اتجاهي,dir,directional,TONUSDT,هابط,FVG,-1,260839,260840,2025-07-01T03:19:00+00:00,2025-07-01T03:20:00+00:00,1,-0.0028509936825455227,-0.057019873650910456,20.0,زمني,0,False,True,,False,2.8892653999999998,2.891,0.0006,2.89,1,baseline,0,"{""close"": 2.891, ""rsi"": 32.40386429537065, ""rsi7"": 30.56031190292343, ""macd"": -0.0003418525682716293, ""adx"": 37.58058727063772, ""stoch_k"": 30.303030303032397, ""stoch_d"": 37.373737373739424, ""mss"": 0.0, ""sfp"": 0.0, ""vr"": 1.2993590316180241, ""hurst"": 0.30982980168192453, ""atr14"": 0.0017391668404241386, ""vol_sma20"": 3479.306000000009, ""vol_ratio"": 0.5844700063748329, ""atr_pct"": 0.0006015796749997021, ""retest_entry"": true}"
اتجاهي,dir,directional,TONUSDT,هابط,Bollinger,-1,260852,260854,2025-07-01T03:32:00+00:00,2025-07-01T03:34:00+00:00,2,-0.0021840519687024375,-0.04368103937404875,20.0,تتبع,0,False,True,,False,2.8881333,2.889,0.0003,2.8869363794,1,baseline,0,"{""close"": 2.889, ""rsi"": 33.526352247372955, ""rsi7"": 28.393540747335564, ""macd"": 0.00013396991037267487, ""adx"": 26.162617031837065, ""stoch_k"": 14.999999999998863, ""stoch_d"": 23.333333333331435, ""mss"": 0.0, ""sfp"": 0.0, ""vr"": 1.196290145054624, ""hurst"": 0.3428680076192926, ""atr14"": 0.0016583057785798942, ""vol_sma20"": 4331.755500000009, ""vol_ratio"": 1.416056377143167, ""atr_pct"": 0.0005740068461681878, ""retest_entry"": true}"
اتجاهي,dir,directional,TONUSDT,هابط,FVG,-1,260866,260867,2025-07-01T03:46:00+00:00,2025-07-01T03:47:00+00:00,1,-0.0035423711083008348,-0.0708474221660167,20.0,زمني,0,False,True,,False,2.8812702,2.883,0.0006,2.884,1,baseline,0,"{""close"": 2.884, ""rsi"": 30.18845948327659, ""rsi7"": 24.964698643779954, ""macd"": -3.1539020740891776e-05, ""adx"": 25.542592092400874, ""stoch_k"": 15.079365079368012, ""stoch_d"": 16.997354497358277, ""mss"": 0.0, ""sfp"": 0.0, ""vr"": 1.3040034529127646, ""hurst"": 0.2955275453321114, ""atr14"": 0.0019033537137665008, ""vol_sma20"": 8911.38550000001, ""vol_ratio"": 0.22249177751315977, ""atr_pct"": 0.0006599700810563456, ""retest_entry"": true}"
اتجاهي,dir,directional,TONUSDT,هابط,OBV,-1,260882,260892,2025-07-01T04:02:00+00:00,2025-07-01T04:12:00+00:00,10,-0.0016273017855119919,-0.03254603571023984,20.0,تتبع,0,False,True,,False,2.8831348,2.884,0.0003,2.8811974935999998,1,baseline,0,"{""close"": 2.884, ""rsi"": 38.68134207128895, ""rsi7"": 41.58968583587203, ""macd"": 0.00023543201484962722, ""adx"": 30.19287813133357, ""stoch_k"": 50.0, ""stoch_d"": 47.222222222221966, ""mss"": 0.0, ""sfp"": 0.0, ""vr"": 0.9307747287832976, ""hurst"": 0.22844642798810974, ""atr14"": 0.0014025376357504429, ""vol_sma20"": 4069.003500000009, ""vol_ratio"": 0.4598423176583642, ""atr_pct"": 0.0004863167946430107, ""retest_entry"": true}"
اتجاهي,dir,directional,TONUSDT,هابط,FVG,-1,260899,260909,2025-07-01T04:19:00+00:00,2025-07-01T04:29:00+00:00,10,-0.0020893501888096756,-0.041787003776193515,20.0,قفل-ربح,0,False,True,,False,2.879136,2.88,0.0003,2.8785347444363216,1,baseline,0,"{""close"": 2.881, ""rsi"": 36.491660827937096, ""rsi7"": 34.10574777483001, ""macd"": 4.193750889726691e-07, ""adx"": 34.692709439214795, ""stoch_k"": 26.666666666667638, ""stoch_d"": 33.33333333333646, ""mss"": 0.0, ""sfp"": 0.0, ""vr"": 0.8841492355072497, ""hurst"": 0.1813618769019124, ""atr14"": 0.00133698850315369, ""vol_sma20"": 3093.351500000009, ""vol_ratio"": 0.2616902734784578, ""atr_pct"": 0.0004640709833924645, ""retest_entry"": true}"
اتجاهي,dir,directional,TONUSDT,هابط,FVG,-1,260914,260915,2025-07-01T04:34:00+00:00,2025-07-01T04:35:00+00:00,1,-0.0029442338326305328,-0.05888467665261066,20.0,زمني,0,False,True,,False,2.8741375000000002,2.875,0.0003,2.876,1,baseline,0,"{""close"": 2.875, ""rsi"": 29.41448847701359, ""rsi7"": 23.845526645802764, ""macd"": -0.0003183592822572118, ""adx"": 39.66285675366523, ""stoch_k"": 3.703703703703717, ""stoch_d"": 4.409171075838095, ""mss"": 0.0, ""sfp"": 0.0, ""vr"": 1.00574590812581, ""hurst"": 0.17860008634031793, ""atr14"": 0.0015460024365037564, ""vol_sma20"": 1620.2135000000087, ""vol_ratio"": 0.5777139864591888, ""atr_pct"": 0.00053773997791435, ""retest_entry"": true}"
اتجاهي,dir,directional,TONUSDT,هابط,FVG,-1,260918,260924,2025-07-01T04:38:00+00:00,2025-07-01T04:44:00+00:00,6,-0.0020588600765952232,-0.04117720153190446,20.0,قفل-ربح,0,False,True,,False,2.8741375000000002,2.875,0.0003,2.8734494536901467,1,baseline,0,"{""close"": 2.875, ""rsi"": 32.18885212481125, ""rsi7"": 29.71791447333088, ""macd"": -0.00011739189653757888, ""adx"": 37.59332765354721, ""stoch_k"": 17.857142857141707, ""stoch_d"": 19.2680776014094, ""mss"": 0.0, ""sfp"": 0.0, ""vr"": 0.9886753311536557, ""hurst"": 0.1684357924445358, ""atr14"": 0.0015294506348652172, ""vol_sma20"": 1907.4535000000087, ""vol_ratio"": 1.2674909244183352, ""atr_pct"": 0.0005319828295183364, ""retest_entry"": true}"
اتجاهي,dir,directional,TONUSDT,هابط,Bollinger,-1,260930,260936,2025-07-01T04:50:00+00:00,2025-07-01T04:56:00+00:00,6,-0.001409723723659092,-0.028194474473181838,20.0,تتبع,0,False,True,,False,2.8731378000000003,2.874,0.0003,2.8705806396000004,1,baseline,0,"{""close"": 2.873, ""rsi"": 35.02493655770188, ""rsi7"": 32.40945638288321, ""macd"": 0.00010366230676309152, ""adx"": 34.8327584983406, ""stoch_k"": 33.33333333333963, ""stoch_d"": 40.00000000000551, ""mss"": 0.0, ""sfp"": 0.0, ""vr"": 0.9516765266072671, ""hurst"": 0.13550030818382217, ""atr14"": 0.0015069777632212855, ""vol_sma20"": 1812.5425000000087, ""vol_ratio"": 0.38272206031030814, ""atr_pct"": 0.0005245310696906667, ""retest_entry"": true}"
اتجاهي,dir,directional,TONUSDT,هابط,Bollinger,-1,260940,260941,2025-07-01T05:00:00+00:00,2025-07-01T05:01:00+00:00,1,-0.003292574373863606,-0.06585148747727211,20.0,زمني,0,False,True,,False,2.869139,2.87,0.0003,2.872,1,baseline,0,"{""close"": 2.869, ""rsi"": 31.16229567713954, ""rsi7"": 27.57630723751349, ""macd"": -0.0001565457814830275, ""adx"": 43.209388025886966, ""stoch_k"": 16.666666666665808, ""stoch_d"": 27.513227513225786, ""mss"": 0.0, ""sfp"": 0.0, ""vr"": 1.0324336167640495, ""hurst"": 0.1618017430576677, ""atr14"": 0.0016189127505606658, ""vol_sma20"": 2853.9835000000085, ""vol_ratio"": 0.5230443693875579, ""atr_pct"": 0.0005642777101989076, ""retest_entry"": true}"
اتجاهي,dir,directional,TONUSDT,هابط,MACD,-1,260948,260949,2025-07-01T05:08:00+00:00,2025-07-01T05:09:00+00:00,1,-0.002249003156586059,-0.04498006313172118,20.0,زمني,0,False,True,,False,2.8661399000000003,2.867,0.0003,2.866,1,baseline,0,"{""close"": 2.868, ""rsi"": 38.20500087048362, ""rsi7"": 37.36038644945484, ""macd"": -3.5835623577221663e-06, ""adx"": 37.81562466716412, ""stoch_k"": 26.66666666666823, ""stoch_d"": 32.59259259259494, ""mss"": 0.0, ""sfp"": 0.0, ""vr"": 1.1523598212210384, ""hurst"": 0.1578409431646904, ""atr14"": 0.0018151022501219488, ""vol_sma20"": 4470.525500000009, ""vol_ratio"": 0.2069935626136118, ""atr_pct"": 0.0006328808403493546, ""retest_entry"": true}"
اتجاهي,dir,directional,TONUSDT,هابط,Bollinger,-1,260954,260955,2025-07-01T05:14:00+00:00,2025-07-01T05:15:00+00:00,1,-0.003642130763408154,-0.07284261526816307,20.0,زمني,0,False,True,,False,2.8641405000000004,2.865,0.0003,2.868,1,baseline,0,"{""close"": 2.865, ""rsi"": 33.29104882868205, ""rsi7"": 29.331636008158256, ""macd"": -0.0002600570133163222, ""adx"": 39.19027430189925, ""stoch_k"": 0.0, ""stoch_d"": 3.1746031746029444, ""mss"": 0.0, ""sfp"": 0.0, ""vr"": 1.100621455760437, ""hurst"": 0.18967739478976553, ""atr14"": 0.0017437161966963911, ""vol_sma20"": 5447.605500000009, ""vol_ratio"": 0.1458971285641001, ""atr_pct"": 0.0006086269447456862, ""retest_entry"": true}"
اتجاهي,dir,directional,TONUSDT,هابط,Bollinger,-1,260959,260960,2025-07-01T05:19:00+00:00,2025-07-01T05:20:00+00:00,1,-0.003196203436347537,-0.06392406872695074,20.0,زمني,0,False,True,,False,2.8622815999999998,2.864,0.0006,2.864,1,baseline,0,"{""close"": 2.864, ""rsi"": 35.50063153912504, ""rsi7"": 33.070607166275124, ""macd"": -1.8851111371354697e-05, ""adx"": 39.629864524079316, ""stoch_k"": 29.16666666666751, ""stoch_d"": 36.94444444444491, ""mss"": 0.0, ""sfp"": 0.0, ""vr"": 1.2555231308314823, ""hurst"": 0.1532394147889098, ""atr14"": 0.0019996924975828373, ""vol_sma20"": 5722.8900000000085, ""vol_ratio"": 0.15068610439830205, ""atr_pct"": 0.0006982166541839516, ""retest_entry"": true}"
اتجاهي,dir,directional,TONUSDT,هابط,Bollinger,-1,260977,260978,2025-07-01T05:37:00+00:00,2025-07-01T05:38:00+00:00,1,-0.0032945183894239677,-0.06589036778847936,20.0,زمني,0,False,True,,False,2.8611414,2.862,0.0003,2.864,1,baseline,0,"{""close"": 2.862, ""rsi"": 37.62303245903257, ""rsi7"": 32.52122820039352, ""macd"": 0.0001960788127500319, ""adx"": 27.946254367306814, ""stoch_k"": 26.666666666670597, ""stoch_d"": 40.00000000000452, ""mss"": 0.0, ""sfp"": 0.0, ""vr"": 1.1059459449153675, ""hurst"": 0.04152646219841241, ""atr14"": 0.0017620811646218196, ""vol_sma20"": 2475.920500000009, ""vol_ratio"": 1.311649546098103, ""atr_pct"": 0.0006156817486449404, ""retest_entry"": true}"
اتجاهي,dir,directional,TONUSDT,هابط,Bollinger,-1,260981,260994,2025-07-01T05:41:00+00:00,2025-07-01T05:54:00+00:00,13,-0.005290809190808995,-0.1058161838161799,20.0,وقف,0,False,True,,False,2.8621411,2.863,0.0003,2.8707275233,1,baseline,0,"{""close"": 2.863, ""rsi"": 44.06951169954709, ""rsi7"": 44.4254274213173, ""macd"": 4.2417946550697954e-05, ""adx"": 25.609231735801348, ""stoch_k"": 16.666666666665808, ""stoch_d"": 24.074074074074236, ""mss"": 0.0, ""sfp"": 0.0, ""vr"": 1.0858060116084707, ""hurst"": 0.05736372849492428, ""atr14"": 0.0017472875922210532, ""vol_sma20"": 2350.2430000000086, ""vol_ratio"": 0.3861600694055877, ""atr_pct"": 0.0006102995432137804, ""retest_entry"": true}"
اتجاهي,dir,directional,TONUSDT,هابط,MicroBurst,-1,261002,261003,2025-07-01T06:02:00+00:00,2025-07-01T06:03:00+00:00,1,-0.003292574373863606,-0.06585148747727211,20.0,زمني,0,False,True,,False,2.869139,2.87,0.0003,2.872,1,baseline,0,"{""close"": 2.87, ""rsi"": 54.89921645000987, ""rsi7"": 48.90466841302905, ""macd"": 0.00021385532628495217, ""adx"": 29.763524859130452, ""stoch_k"": 75.46296296296086, ""stoch_d"": 85.33950617283757, ""mss"": 0.0, ""sfp"": 0.0, ""vr"": 1.176507982623111, ""hurst"": 0.44439597666427527, ""atr14"": 0.0020003888194788104, ""vol_sma20"": 6728.167500000009, ""vol_ratio"": 1.7600676558661754, ""atr_pct"": 0.000696999588668575, ""retest_entry"": true}"
اتجاهي,dir,directional,TONUSDT,هابط,Bollinger,-1,261008,261009,2025-07-01T06:08:00+00:00,2025-07-01T06:09:00+00:00,1,-0.002944838590514663,-0.058896771810293264,20.0,زمني,0,False,True,,False,2.869139,2.87,0.0003,2.871,1,baseline,0,"{""close"": 2.87, ""rsi"": 52.55944289662888, ""rsi7"": 44.63406457898167, ""macd"": -0.00022077057414655182, ""adx"": 27.811104686209905, ""stoch_k"": 61.11111111110984, ""stoch_d"": 67.9894179894158, ""mss"": 0.0, ""sfp"": 0.0, ""vr"": 1.024077808341481, ""hurst"": 0.47420553197532395, ""atr14"": 0.0017658325502872023, ""vol_sma20"": 5604.648000000008, ""vol_ratio"": 0.4679972765461803, ""atr_pct"": 0.0006152726656052969, ""retest_entry"": true}"
اتجاهي,dir,directional,TONUSDT,هابط,MicroBurst,-1,261027,261031,2025-07-01T06:27:00+00:00,2025-07-01T06:31:00+00:00,4,-0.001880733015359924,-0.037614660307198476,20.0,تتبع,0,False,True,,False,2.869139,2.87,0.0003,2.8679399020000003,1,baseline,0,"{""close"": 2.87, ""rsi"": 49.19073974123618, ""rsi7"": 45.033888280912095, ""macd"": -0.00011543089230232109, ""adx"": 17.651916501389348, ""stoch_k"": 33.33333333333002, ""stoch_d"": 54.62962962962715, ""mss"": 0.0, ""sfp"": 0.0, ""vr"": 0.9218690755835358, ""hurst"": 0.4632737552765476, ""atr14"": 0.0015893923944614082, ""vol_sma20"": 2490.0445000000086, ""vol_ratio"": 4.189069713412738, ""atr_pct"": 0.0005537952593942188, ""retest_entry"": true}"
اتجاهي,dir,directional,TONUSDT,هابط,MicroBurst,-1,261051,261056,2025-07-01T06:51:00+00:00,2025-07-01T06:56:00+00:00,5,-0.002073300763934775,-0.0414660152786955,20.0,قفل-ربح,0,False,True,,False,2.8661399000000003,2.867,0.0003,2.8654952526026425,1,baseline,0,"{""close"": 2.867, ""rsi"": 44.35983158841017, ""rsi7"": 40.76377360641582, ""macd"": 2.9863480085125715e-05, ""adx"": 10.134423817192374, ""stoch_k"": 27.777777777772823, ""stoch_d"": 48.14814814814298, ""mss"": 0.0, ""sfp"": 0.0, ""vr"": 0.8507018730559308, ""hurst"": 0.37542312172026904, ""atr14"": 0.0014329796658064278, ""vol_sma20"": 1631.4875000000088, ""vol_ratio"": 0.9948773741754021, ""atr_pct"": 0.0004998185091755939, ""retest_entry"": true}"
اتجاهي,dir,directional,TONUSDT,هابط,FVG,-1,261078,261079,2025-07-01T07:18:00+00:00,2025-07-01T07:19:00+00:00,1,-0.0011892713801950475,-0.02378542760390095,20.0,تتبع,0,False,True,,False,2.8601417000000002,2.861,0.0003,2.8569641294,1,baseline,0,"{""close"": 2.861, ""rsi"": 28.74970285242385, ""rsi7"": 19.04088828335074, ""macd"": -0.00044307293409375946, ""adx"": 19.533136880601948, ""stoch_k"": 10.370370370373632, ""stoch_d"": 13.45679012345863, ""mss"": 0.0, ""sfp"": 0.0, ""vr"": 0.9781080897186102, ""hurst"": 0.34774278734941444, ""atr14"": 0.0015711506086093056, ""vol_sma20"": 1520.3230000000087, ""vol_ratio"": 4.247275085623228, ""atr_pct"": 0.0005491613451972406, ""retest_entry"": true}"
اتجاهي,dir,directional,TONUSDT,هابط,Bollinger,-1,261091,261093,2025-07-01T07:31:00+00:00,2025-07-01T07:33:00+00:00,2,-0.0022677639650495827,-0.045355279300991654,20.0,قفل-ربح,0,False,True,,False,2.858284,2.86,0.0006,2.857339345523372,1,baseline,0,"{""close"": 2.859, ""rsi"": 46.03154986328328, ""rsi7"": 51.417101203440026, ""macd"": 0.0006296220281545003, ""adx"": 34.226480088463816, ""stoch_k"": 64.80186480186505, ""stoch_d"": 61.22211122211172, ""mss"": 0.0, ""sfp"": 0.0, ""vr"": 1.281804920812012, ""hurst"": 0.2755728422404834, ""atr14"": 0.0020997580278382215, ""vol_sma20"": 4702.926500000009, ""vol_ratio"": 1.4481514861012579, ""atr_pct"": 0.0007344379250920677, ""retest_entry"": true}"
اتجاهي,dir,directional,TONUSDT,هابط,Bollinger,-1,261099,261100,2025-07-01T07:39:00+00:00,2025-07-01T07:40:00+00:00,1,-0.003545643701838322,-0.07091287403676644,20.0,زمني,0,False,True,,False,2.8542864,2.856,0.0006,2.857,1,baseline,0,"{""close"": 2.856, ""rsi"": 41.03588653536395, ""rsi7"": 39.48338319792682, ""macd"": 0.00017376904615537168, ""adx"": 34.13506773952412, ""stoch_k"": 38.69047619047397, ""stoch_d"": 50.396825396824376, ""mss"": 0.0, ""sfp"": 0.0, ""vr"": 1.2407959184426838, ""hurst"": 0.2974266496459331, ""atr14"": 0.002049786487896289, ""vol_sma20"": 4739.236500000008, ""vol_ratio"": 2.8822849418888414, ""atr_pct"": 0.0007177123557059836, ""retest_entry"": true}"
اتجاهي,dir,directional,TONUSDT,هابط,FVG,-1,261122,261154,2025-07-01T08:02:00+00:00,2025-07-01T08:34:00+00:00,32,-0.0007538879457113214,-0.015077758914226427,20.0,تتبع,0,False,True,,False,2.8531438000000002,2.854,0.0003,2.8487289316,1,baseline,0,"{""close"": 2.854, ""rsi"": 37.35452831492764, ""rsi7"": 29.753908778144464, ""macd"": -0.0002952469306370676, ""adx"": 39.948219224670254, ""stoch_k"": 19.444444444443075, ""stoch_d"": 19.444444444444027, ""mss"": 0.0, ""sfp"": 0.0, ""vr"": 1.0398458268873287, ""hurst"": 0.3653870151535023, ""atr14"": 0.0017619147417533942, ""vol_sma20"": 3677.409500000008, ""vol_ratio"": 0.016367500002379357, ""atr_pct"": 0.000617349243781848, ""retest_entry"": true}"
اتجاهي,dir,directional,TONUSDT,هابط,Bollinger,-1,261159,261160,2025-07-01T08:39:00+00:00,2025-07-01T08:40:00+00:00,1,-0.002947771007521073,-0.058955420150421455,20.0,زمني,0,False,True,,False,2.8451462000000003,2.846,0.0003,2.847,1,baseline,0,"{""close"": 2.847, ""rsi"": 33.90662173298993, ""rsi7"": 29.405205624528662, ""macd"": -0.0005104760298519598, ""adx"": 40.962727115217874, ""stoch_k"": 22.222222222222054, ""stoch_d"": 29.62962962962975, ""mss"": 0.0, ""sfp"": 0.0, ""vr"": 1.0279476739508158, ""hurst"": 0.2667896567456375, ""atr14"": 0.00174287218244722, ""vol_sma20"": 5382.2025000000085, ""vol_ratio"": 0.9154765172807957, ""atr_pct"": 0.0006121784975227327, ""retest_entry"": true}"
اتجاهي,dir,directional,TONUSDT,هابط,Bollinger,-1,261164,261165,2025-07-01T08:44:00+00:00,2025-07-01T08:45:00+00:00,1,-0.0032989324120965917,-0.06597864824193184,20.0,زمني,0,False,True,,False,2.8431468,2.844,0.0003,2.846,1,baseline,0,"{""close"": 2.844, ""rsi"": 29.744402036514046, ""rsi7"": 23.859540766610706, ""macd"": -0.000548312373488334, ""adx"": 46.4845198076809, ""stoch_k"": 6.734006734006381, ""stoch_d"": 10.886644219976759, ""mss"": 0.0, ""sfp"": 0.0, ""vr"": 0.9973333451973216, ""hurst"": 0.263705361607659, ""atr14"": 0.0017037102123322483, ""vol_sma20"": 5935.2070000000085, ""vol_ratio"": 0.8201348327025482, ""atr_pct"": 0.0005990542237455164, ""retest_entry"": true}"
اتجاهي,dir,directional,TONUSDT,هابط,Bollinger,-1,261189,261190,2025-07-01T09:09:00+00:00,2025-07-01T09:10:00+00:00,1,-0.0025971028071656095,-0.05194205614331219,20.0,زمني,0,False,True,,False,2.8431468,2.844,0.0003,2.844,1,baseline,0,"{""close"": 2.844, ""rsi"": 44.304261432383726, ""rsi7"": 44.604009502055696, ""macd"": 0.00018190846918177193, ""adx"": 34.72369480517149, ""stoch_k"": 58.33333333333095, ""stoch_d"": 61.11111111110957, ""mss"": 0.0, ""sfp"": 0.0, ""vr"": 0.8609274348726913, ""hurst"": 0.2604676167203322, ""atr14"": 0.0014517887390903272, ""vol_sma20"": 2067.6940000000086, ""vol_ratio"": 0.06409072135432006, ""atr_pct"": 0.0005104742401864723, ""retest_entry"": true}"
اتجاهي,dir,directional,TONUSDT,هابط,FVG,-1,261202,261212,2025-07-01T09:22:00+00:00,2025-07-01T09:32:00+00:00,10,-0.0020548603661396116,-0.041097207322792234,20.0,قفل-ربح,0,False,True,,False,2.8421471,2.843,0.0003,2.841455317999359,1,baseline,0,"{""close"": 2.843, ""rsi"": 43.62562123448954, ""rsi7"": 41.952060768538196, ""macd"": 4.449304067328467e-05, ""adx"": 24.605800289399184, ""stoch_k"": 33.33333333333372, ""stoch_d"": 44.25925925925767, ""mss"": 0.0, ""sfp"": 0.0, ""vr"": 0.957117753962076, ""hurst"": 0.30137738581200113, ""atr14"": 0.0015377546611557611, ""vol_sma20"": 2103.4930000000086, ""vol_ratio"": 0.33489058437560626, ""atr_pct"": 0.0005408915445500391, ""retest_entry"": true}"
اتجاهي,dir,directional,TONUSDT,هابط,MicroBurst,-1,261216,261217,2025-07-01T09:36:00+00:00,2025-07-01T09:37:00+00:00,1,-0.0029487595013909145,-0.058975190027818286,20.0,زمني,0,False,True,,False,2.8371486000000004,2.838,0.0003,2.839,1,baseline,0,"{""close"": 2.838, ""rsi"": 35.48632434760192, ""rsi7"": 32.45778975093319, ""macd"": -0.00046429844985363474, ""adx"": 29.465182125076335, ""stoch_k"": 10.31746031745969, ""stoch_d"": 18.959435626101744, ""mss"": 0.0, ""sfp"": 0.0, ""vr"": 1.1055432640988963, ""hurst"": 0.29236624974141845, ""atr14"": 0.0017159850136801913, ""vol_sma20"": 2539.713000000009, ""vol_ratio"": 0.527004429240625, ""atr_pct"": 0.0006046458821987988, ""retest_entry"": true}"
اتجاهي,dir,directional,TONUSDT,هابط,Bollinger,-1,261225,261226,2025-07-01T09:45:00+00:00,2025-07-01T09:46:00+00:00,1,-0.0020564128681287157,-0.04112825736257431,20.0,قفل-ربح,0,False,True,,False,2.8371486000000004,2.838,0.0003,2.8364624494630255,1,baseline,0,"{""close"": 2.837, ""rsi"": 35.12965821864512, ""rsi7"": 30.243444881188594, ""macd"": -6.840873133826214e-05, ""adx"": 31.219386754014604, ""stoch_k"": 11.111111111110679, ""stoch_d"": 20.370370370369177, ""mss"": 0.0, ""sfp"": 0.0, ""vr"": 0.9898207977845828, ""hurst"": 0.28679854947677935, ""atr14"": 0.001524699108422847, ""vol_sma20"": 2714.4395000000086, ""vol_ratio"": 0.08218639612339833, ""atr_pct"": 0.0005374335947912749, ""retest_entry"": true}"
اتجاهي,dir,directional,TONUSDT,هابط,OBV,-1,261229,261230,2025-07-01T09:49:00+00:00,2025-07-01T09:50:00+00:00,1,-0.0029490074962390147,-0.0589801499247803,20.0,زمني,0,False,True,,False,2.8351492,2.836,0.0003,2.837,1,baseline,0,"{""close"": 2.836, ""rsi"": 34.4902660305538, ""rsi7"": 30.615770913311195, ""macd"": -7.868192786361096e-05, ""adx"": 32.11717069046089, ""stoch_k"": 40.27777777777904, ""stoch_d"": 32.870370370371084, ""mss"": 0.0, ""sfp"": 0.0, ""vr"": 1.1713053347562412, ""hurst"": 0.28663132611274866, ""atr14"": 0.0018127585182128915, ""vol_sma20"": 4068.9850000000088, ""vol_ratio"": 0.3898539807839047, ""atr_pct"": 0.0006391955282838123, ""retest_entry"": true}"
اتجاهي,dir,directional,TONUSDT,هابط,FVG,-1,261233,261234,2025-07-01T09:53:00+00:00,2025-07-01T09:54:00+00:00,1,-0.0025971028071656095,-0.05194205614331219,20.0,زمني,0,False,True,,False,2.8341495,2.835,0.0003,2.835,1,baseline,0,"{""close"": 2.835, ""rsi"": 36.45918427841854, ""rsi7"": 36.43968879931626, ""macd"": -0.00010903873962677768, ""adx"": 29.008328664980116, ""stoch_k"": 22.222222222223436, ""stoch_d"": 29.629629629630216, ""mss"": 0.0, ""sfp"": 0.0, ""vr"": 1.1922750119064205, ""hurst"": 0.27967134647045433, ""atr14"": 0.0018600894429060648, ""vol_sma20"": 3969.8045000000093, ""vol_ratio"": 0.702294029844541, ""atr_pct"": 0.0006561162056106049, ""retest_entry"": true}"
اتجاهي,dir,directional,TONUSDT,هابط,Bollinger,-1,261242,261243,2025-07-01T10:02:00+00:00,2025-07-01T10:03:00+00:00,1,-0.0036531892602998054,-0.0730637852059961,20.0,زمني,0,False,True,,False,2.8341495,2.835,0.0003,2.838,1,baseline,0,"{""close"": 2.834, ""rsi"": 35.48977943615782, ""rsi7"": 30.727284415810885, ""macd"": 0.00011908264809604055, ""adx"": 19.372748340820866, ""stoch_k"": 19.999999999998614, ""stoch_d"": 37.77777777777769, ""mss"": 0.0, ""sfp"": 0.0, ""vr"": 1.0887694717512777, ""hurst"": 0.24227090629651044, ""atr14"": 0.0017337089895058705, ""vol_sma20"": 4175.3365000000085, ""vol_ratio"": 0.021825785777984556, ""atr_pct"": 0.0006117533484494955, ""retest_entry"": true}"
اتجاهي,dir,directional,TONUSDT,هابط,MicroBurst,-1,261246,261247,2025-07-01T10:06:00+00:00,2025-07-01T10:07:00+00:00,1,-0.002245198118092315,-0.044903962361846295,20.0,زمني,0,False,True,,False,2.8351492,2.836,0.0003,2.835,1,baseline,0,"{""close"": 2.836, ""rsi"": 46.8719424923894, ""rsi7"": 50.00177528083319, ""macd"": 0.00029270340679570374, ""adx"": 16.93376031956882, ""stoch_k"": 59.99999999999728, ""stoch_d"": 47.777777777776436, ""mss"": 0.0, ""sfp"": 0.0, ""vr"": 1.1567096636648577, ""hurst"": 0.21787671324858618, ""atr14"": 0.0018636105385588856, ""vol_sma20"": 4213.287000000009, ""vol_ratio"": 2.720215831487381, ""atr_pct"": 0.0006571264240334576, ""retest_entry"": true}"
اتجاهي,dir,directional,TONUSDT,هابط,FVG,-1,261252,261253,2025-07-01T10:12:00+00:00,2025-07-01T10:13:00+00:00,1,-0.0025971028071656095,-0.05194205614331219,20.0,زمني,0,False,True,,False,2.8321501000000002,2.833,0.0003,2.833,1,baseline,0,"{""close"": 2.832, ""rsi"": 34.79130010298259, ""rsi7"": 27.84938906177466, ""macd"": -0.00012196838162494385, ""adx"": 13.259460615177986, ""stoch_k"": 16.66666666666521, ""stoch_d"": 24.99999999999754, ""mss"": 0.0, ""sfp"": 0.0, ""vr"": 1.0754035902292576, ""hurst"": 0.18580836971967332, ""atr14"": 0.001752961553010812, ""vol_sma20"": 2591.9785000000084, ""vol_ratio"": 1.305300178994536, ""atr_pct"": 0.0006189835992269817, ""retest_entry"": true}"
اتجاهي,dir,directional,TONUSDT,هابط,OBV,-1,261257,261316,2025-07-01T10:17:00+00:00,2025-07-01T11:16:00+00:00,59,-0.0020362784673288595,-0.04072556934657719,20.0,قفل-ربح,0,False,True,,False,2.8311504,2.832,0.0003,2.830408565302781,1,baseline,0,"{""close"": 2.831, ""rsi"": 33.09615813968399, ""rsi7"": 25.153771344905522, ""macd"": -0.0002360548976111914, ""adx"": 12.860991699579449, ""stoch_k"": 11.111111111114795, ""stoch_d"": 14.814814814819258, ""mss"": 0.0, ""sfp"": 0.0, ""vr"": 1.0132133939226684, ""hurst"": 0.2036956707776563, ""atr14"": 0.0016484339745010653, ""vol_sma20"": 2471.4820000000086, ""vol_ratio"": 0.31314409734725857, ""atr_pct"": 0.0005822797507951485, ""retest_entry"": true}"
اتجاهي,dir,directional,TONUSDT,هابط,MicroBurst,-1,261323,261324,2025-07-01T11:23:00+00:00,2025-07-01T11:24:00+00:00,1,-0.003302653671931667,-0.06605307343863334,20.0,زمني,0,False,True,,False,2.8281513000000005,2.829,0.0003,2.831,1,baseline,0,"{""close"": 2.828, ""rsi"": 30.127513332102524, ""rsi7"": 23.256707937594555, ""macd"": -0.0003471124643241374, ""adx"": 30.076808460454316, ""stoch_k"": 13.095238095240921, ""stoch_d"": 15.674603174606808, ""mss"": 0.0, ""sfp"": 0.0, ""vr"": 0.955250822277748, ""hurst"": 0.2695036297666569, ""atr14"": 0.0015797388202313642, ""vol_sma20"": 2632.4135000000088, ""vol_ratio"": 2.001380102328142, ""atr_pct"": 0.0005586063720761543, ""retest_entry"": true}"
اتجاهي,dir,directional,TONUSDT,هابط,Stochastic,-1,261337,261338,2025-07-01T11:37:00+00:00,2025-07-01T11:38:00+00:00,1,-0.002244576597977553,-0.04489153195955106,20.0,زمني,0,False,True,,False,2.8301507,2.831,0.0003,2.83,1,baseline,0,"{""close"": 2.831, ""rsi"": 49.91299165247311, ""rsi7"": 54.2003241073184, ""macd"": 0.0003866810343058821, ""adx"": 18.888184049126696, ""stoch_k"": 85.0000000000019, ""stoch_d"": 90.55555555555678, ""mss"": 0.0, ""sfp"": 0.0, ""vr"": 0.8963905551265817, ""hurst"": 0.29778989157377306, ""atr14"": 0.0014550702327896295, ""vol_sma20"": 3052.3670000000084, ""vol_ratio"": 0.04812330889437593, ""atr_pct"": 0.0005139774753760613, ""retest_entry"": true}"
اتجاهي,dir,directional,TONUSDT,هابط,MACD,-1,261346,261347,2025-07-01T11:46:00+00:00,2025-07-01T11:47:00+00:00,1,-0.0025971028071656095,-0.05194205614331219,20.0,زمني,0,False,True,,False,2.8281513000000005,2.829,0.0003,2.829,1,baseline,0,"{""close"": 2.829, ""rsi"": 42.564703525080745, ""rsi7"": 37.99521678365309, ""macd"": -2.933678676717656e-05, ""adx"": 16.820584871986412, ""stoch_k"": 41.66666666667353, ""stoch_d"": 50.000000000005734, ""mss"": 0.0, ""sfp"": 0.0, ""vr"": 0.896542712740246, ""hurst"": 0.3071269654346406, ""atr14"": 0.001431086673168219, ""vol_sma20"": 3350.7045000000085, ""vol_ratio"": 0.11703807363496214, ""atr_pct"": 0.000505863087015984, ""retest_entry"": true}"
اتجاهي,dir,directional,TONUSDT,هابط,FVG,-1,261353,261354,2025-07-01T11:53:00+00:00,2025-07-01T11:54:00+00:00,1,-0.0033029031595077866,-0.06605806319015572,20.0,زمني,0,False,True,,False,2.8271516,2.828,0.0003,2.83,1,baseline,0,"{""close"": 2.828, ""rsi"": 42.07884422797231, ""rsi7"": 39.65969286241525, ""macd"": -0.00014658224958969117, ""adx"": 21.57257932937614, ""stoch_k"": 23.333333333334974, ""stoch_d"": 35.55555555555924, ""mss"": 0.0, ""sfp"": 0.0, ""vr"": 0.9434036835396765, ""hurst"": 0.28518451717319115, ""atr14"": 0.0014881560377669651, ""vol_sma20"": 2759.181500000009, ""vol_ratio"": 0.7671804120171121, ""atr_pct"": 0.0005262220784183045, ""retest_entry"": true}"
اتجاهي,dir,directional,TONUSDT,هابط,Bollinger,-1,261363,261364,2025-07-01T12:03:00+00:00,2025-07-01T12:04:00+00:00,1,-0.003655055137425605,-0.0731011027485121,20.0,زمني,0,False,True,,False,2.829151,2.83,0.0003,2.833,1,baseline,0,"{""close"": 2.829, ""rsi"": 46.68028292157741, ""rsi7"": 45.23652677890773, ""macd"": 7.054786102828005e-05, ""adx"": 14.545509049501316, ""stoch_k"": 58.33333333333834, ""stoch_d"": 61.11111111111574, ""mss"": 0.0, ""sfp"": 0.0, ""vr"": 0.8227607498312075, ""hurst"": 0.2421777495665221, ""atr14"": 0.0012784439858235179, ""vol_sma20"": 1522.4100000000085, ""vol_ratio"": 0.047792644556985044, ""atr_pct"": 0.0004519066757948101, ""retest_entry"": true}"
اتجاهي,dir,directional,TONUSDT,هابط,KAMA,-1,261367,261372,2025-07-01T12:07:00+00:00,2025-07-01T12:12:00+00:00,5,-0.0013938104681036564,-0.027876209362073127,20.0,تتبع,0,False,True,,False,2.8311504,2.832,0.0003,2.8285854528,1,baseline,0,"{""close"": 2.831, ""rsi"": 53.264050874472034, ""rsi7"": 54.35731404493462, ""macd"": 0.0003151803178296573, ""adx"": 20.182975720898586, ""stoch_k"": 81.11111111110925, ""stoch_d"": 80.74074074074099, ""mss"": 0.0, ""sfp"": 0.0, ""vr"": 0.9041638849695288, ""hurst"": 0.2311121631593008, ""atr14"": 0.001396518083067102, ""vol_sma20"": 1943.6325000000088, ""vol_ratio"": 0.025761042789724794, ""atr_pct"": 0.000493294978123314, ""retest_entry"": true}"
اتجاهي,dir,directional,TONUSDT,هابط,OBV,-1,261381,261384,2025-07-01T12:21:00+00:00,2025-07-01T12:24:00+00:00,3,-0.0011737150821051962,-0.023474301642103925,20.0,تتبع,0,False,True,,False,2.8261519,2.827,0.0003,2.8229680258000003,1,baseline,0,"{""close"": 2.828, ""rsi"": 44.04695140834165, ""rsi7"": 40.86951951304306, ""macd"": -7.843176349364711e-05, ""adx"": 20.284996992528104, ""stoch_k"": 31.111111111113498, ""stoch_d"": 27.777777777779068, ""mss"": 0.0, ""sfp"": 0.0, ""vr"": 0.8824616858111758, ""hurst"": 0.2569841985954332, ""atr14"": 0.00130988974540998, ""vol_sma20"": 1173.738000000009, ""vol_ratio"": 0.9405591367068218, ""atr_pct"": 0.00046318590714638613, ""retest_entry"": true}"
اتجاهي,dir,directional,TONUSDT,هابط,MACD,-1,261404,261408,2025-07-01T12:44:00+00:00,2025-07-01T12:48:00+00:00,4,-0.003086999344511147,-0.06173998689022294,20.0,تتبع,0,False,True,,False,2.8154638,2.818,0.0009,2.816,1,baseline,0,"{""close"": 2.818, ""rsi"": 32.32274344078577, ""rsi7"": 29.286728477182265, ""macd"": -3.883541082276131e-05, ""adx"": 46.679047495545284, ""stoch_k"": 29.62962962963056, ""stoch_d"": 40.27777777777909, ""mss"": 0.0, ""sfp"": 0.0, ""vr"": 1.5435140427638405, ""hurst"": 0.3426677508969968, ""atr14"": 0.0023931940206431725, ""vol_sma20"": 9813.68350000001, ""vol_ratio"": 0.20019598145793047, ""atr_pct"": 0.0008492526687874991, ""retest_entry"": true}"
اتجاهي,dir,directional,TONUSDT,هابط,FVG,-1,261411,261412,2025-07-01T12:51:00+00:00,2025-07-01T12:52:00+00:00,1,-0.00355098530561212,-0.0710197061122424,20.0,زمني,0,False,True,,False,2.8113122,2.813,0.0006,2.814,1,baseline,0,"{""close"": 2.813, ""rsi"": 29.91568135857355, ""rsi7"": 28.018762158303204, ""macd"": -0.0002475220200649376, ""adx"": 46.009919565503026, ""stoch_k"": 16.45299145299231, ""stoch_d"": 19.373219373219115, ""mss"": 0.0, ""sfp"": 0.0, ""vr"": 1.481296785533499, ""hurst"": 0.38936193138101977, ""atr14"": 0.0024023604289695804, ""vol_sma20"": 12668.063500000007, ""vol_ratio"": 0.8252018945121322, ""atr_pct"": 0.0008540207710521082, ""retest_entry"": true}"
اتجاهي,dir,directional,TONUSDT,هابط,FVG,-1,261417,261438,2025-07-01T12:57:00+00:00,2025-07-01T13:18:00+00:00,21,-0.002486134849907532,-0.04972269699815064,20.0,قفل-ربح,0,False,True,,False,2.8093133999999997,2.811,0.0006,2.809,1,baseline,0,"{""close"": 2.812, ""rsi"": 31.46210642106952, ""rsi7"": 29.342643076857428, ""macd"": 9.635559550214348e-06, ""adx"": 46.13260877454928, ""stoch_k"": 17.870370370371923, ""stoch_d"": 19.140550807219167, ""mss"": 0.0, ""sfp"": 0.0, ""vr"": 1.3208663515391046, ""hurst"": 0.40902622505427977, ""atr14"": 0.0022054810468791364, ""vol_sma20"": 7202.441500000008, ""vol_ratio"": 0.43361685061933464, ""atr_pct"": 0.0007843104718631353, ""retest_entry"": true}"
اتجاهي,dir,directional,TONUSDT,هابط,FVG,-1,261445,261446,2025-07-01T13:25:00+00:00,2025-07-01T13:26:00+00:00,1,-0.003907537291116879,-0.07815074582233758,20.0,زمني,0,False,True,,False,2.8043164,2.806,0.0006,2.808,1,baseline,0,"{""close"": 2.805, ""rsi"": 31.201248143167504, ""rsi7"": 27.401904976349442, ""macd"": -0.00017641831232863628, ""adx"": 52.656543528411746, ""stoch_k"": 19.57671957672129, ""stoch_d"": 17.636684303351046, ""mss"": 0.0, ""sfp"": 0.0, ""vr"": 1.346174039081184, ""hurst"": 0.2649574891641966, ""atr14"": 0.0024406964512299085, ""vol_sma20"": 8653.957000000008, ""vol_ratio"": 0.1685552632165839, ""atr_pct"": 0.0008701235120249228, ""retest_entry"": true}"
اتجاهي,dir,directional,TONUSDT,هابط,Bollinger,-1,261452,261465,2025-07-01T13:32:00+00:00,2025-07-01T13:45:00+00:00,13,-0.0003652783235808055,-0.00730556647161611,20.0,تتبع,0,False,True,,False,2.8051582,2.806,0.0003,2.7988804324,1,baseline,0,"{""close"": 2.806, ""rsi"": 38.33749294745329, ""rsi7"": 35.68415155820756, ""macd"": 0.00028897205998189854, ""adx"": 46.32313531017855, ""stoch_k"": 66.66666666666951, ""stoch_d"": 72.22222222222335, ""mss"": 0.0, ""sfp"": 0.0, ""vr"": 1.162612060838039, ""hurst"": 0.20453140296357233, ""atr14"": 0.0021697526605494806, ""vol_sma20"": 6590.809000000008, ""vol_ratio"": 0.18423990135353618, ""atr_pct"": 0.0007732546901459303, ""retest_entry"": true}"
اتجاهي,dir,directional,TONUSDT,هابط,MACD,-1,300554,300556,2025-07-28T17:14:00+00:00,2025-07-28T17:16:00+00:00,2,-0.001790165479638499,-0.035803309592769984,20.0,قفل-ربح,0,False,True,,False,3.3010094000000003,3.302,0.0003,3.299330157794051,1,baseline,0,"{""close"": 3.302, ""rsi"": 44.953910297184144, ""rsi7"": 36.925164635090134, ""macd"": -0.0003034859482085019, ""adx"": 7.728256052980012, ""stoch_k"": 48.484848484849714, ""stoch_d"": 61.61616161616218, ""mss"": 0.0, ""sfp"": 0.0, ""vr"": 0.8629311525981493, ""hurst"": 0.3189249258634393, ""atr14"": 0.003732769177307497, ""vol_sma20"": 4386.468500000009, ""vol_ratio"": 0.9333499146295001, ""atr_pct"": 0.0011304570494571464, ""retest_entry"": true}"
اتجاهي,dir,directional,TONUSDT,هابط,FVG,-1,300560,300561,2025-07-28T17:20:00+00:00,2025-07-28T17:21:00+00:00,1,-0.00259710280716572,-0.0519420561433144,20.0,قفل-ربح,0,False,True,,False,3.2950112,3.296,0.0003,3.296,1,baseline,0,"{""close"": 3.297, ""rsi"": 41.9618608767739, ""rsi7"": 37.89212722827889, ""macd"": -0.0009472910949343057, ""adx"": 14.400802325632789, ""stoch_k"": 40.000000000000576, ""stoch_d"": 41.48148148148159, ""mss"": 0.0, ""sfp"": 0.0, ""vr"": 1.0014320731700372, ""hurst"": 0.25350931922461223, ""atr14"": 0.004325919666225226, ""vol_sma20"": 5078.635500000009, ""vol_ratio"": 0.6341880609466842, ""atr_pct"": 0.0013120775451092588, ""retest_entry"": true}"
اتجاهي,dir,directional,TONUSDT,هابط,Stochastic,-1,300572,300578,2025-07-28T17:32:00+00:00,2025-07-28T17:38:00+00:00,6,-5.5258108816619146e-05,-0.001105162176332383,20.0,تتبع,0,False,True,,False,3.3020091000000003,3.303,0.0003,3.2945874762000003,1,baseline,0,"{""close"": 3.303, ""rsi"": 50.87727724434859, ""rsi7"": 50.586319263193474, ""macd"": 0.0008174487472747654, ""adx"": 13.04279033281896, ""stoch_k"": 84.99999999999983, ""stoch_d"": 92.02614379084969, ""mss"": 0.0, ""sfp"": 0.0, ""vr"": 0.9617038229917574, ""hurst"": 0.2541811508811191, ""atr14"": 0.004172756689157122, ""vol_sma20"": 4774.656000000008, ""vol_ratio"": 0.24396312530159198, ""atr_pct"": 0.0012633232483067278, ""retest_entry"": true}"
اتجاهي,dir,directional,TONUSDT,هابط,ADX,-1,300584,300585,2025-07-28T17:44:00+00:00,2025-07-28T17:45:00+00:00,1,-0.002293666596094871,-0.04587333192189742,20.0,زمني,0,False,True,,False,3.2880133000000002,3.289,0.0003,3.288,1,baseline,0,"{""close"": 3.288, ""rsi"": 32.8877901620654, ""rsi7"": 22.906113081091945, ""macd"": -0.0009383374271620961, ""adx"": 22.889474417932654, ""stoch_k"": 6.666666666666306, ""stoch_d"": 9.064327485379762, ""mss"": 0.0, ""sfp"": 0.0, ""vr"": 0.9439645143681649, ""hurst"": 0.29972304061805927, ""atr14"": 0.004012623492023681, ""vol_sma20"": 2890.1725000000088, ""vol_ratio"": 0.5322485076582782, ""atr_pct"": 0.0012203842737298302, ""retest_entry"": true}"
اتجاهي,dir,directional,TONUSDT,هابط,MicroBurst,-1,300587,300594,2025-07-28T17:47:00+00:00,2025-07-28T17:54:00+00:00,7,-0.0016856857311732755,-0.03371371462346551,20.0,تتبع,0,False,True,,False,3.2840145,3.285,0.0003,3.282,1,baseline,0,"{""close"": 3.285, ""rsi"": 32.34491509367281, ""rsi7"": 25.598999787807983, ""macd"": -0.0008461118858446928, ""adx"": 27.530227636511107, ""stoch_k"": 15.145502645503292, ""stoch_d"": 11.009700176367167, ""mss"": 0.0, ""sfp"": 0.0, ""vr"": 1.0003380229145364, ""hurst"": 0.3290798265803895, ""atr14"": 0.004229494829437336, ""vol_sma20"": 3666.0555000000086, ""vol_ratio"": 6.828838243174427, ""atr_pct"": 0.0012875174518835117, ""retest_entry"": true}"
اتجاهي,dir,directional,TONUSDT,هابط,MicroBurst,-1,300600,300607,2025-07-28T18:00:00+00:00,2025-07-28T18:07:00+00:00,7,0.0026807501400255137,0.05361500280051028,20.0,تتبع,0,True,True,,False,3.2720181000000004,3.273,0.0003,3.2547029142,1,baseline,0,"{""close"": 3.274, ""rsi"": 29.17400128048186, ""rsi7"": 24.85823420234503, ""macd"": -0.0005374613267263998, ""adx"": 43.66617719448605, ""stoch_k"": 12.938596491228873, ""stoch_d"": 18.934355118566064, ""mss"": 0.0, ""sfp"": 0.0, ""vr"": 1.1049775181748671, ""hurst"": 0.38970798907691906, ""atr14"": 0.00460143543285392, ""vol_sma20"": 4948.427000000009, ""vol_ratio"": 4.28977935816775, ""atr_pct"": 0.0014054475970842761, ""retest_entry"": true}"
اتجاهي,dir,directional,TONUSDT,هابط,Bollinger,-1,300619,300624,2025-07-28T18:19:00+00:00,2025-07-28T18:24:00+00:00,5,-0.0055896103896101905,-0.11179220779220381,20.0,وقف,0,False,True,,False,3.2540463999999996,3.256,0.0006,3.2638085391999994,1,baseline,0,"{""close"": 3.256, ""rsi"": 35.16526975199096, ""rsi7"": 34.68288605294519, ""macd"": 0.0010610782659306907, ""adx"": 47.05331308334028, ""stoch_k"": 59.10973084886132, ""stoch_d"": 65.27331572309093, ""mss"": 0.0, ""sfp"": 0.0, ""vr"": 1.2556881657882513, ""hurst"": 0.401463948048373, ""atr14"": 0.005378988742754335, ""vol_sma20"": 12138.260500000008, ""vol_ratio"": 0.3622668997753012, ""atr_pct"": 0.001652023569641995, ""retest_entry"": true}"
اتجاهي,dir,directional,TONUSDT,هابط,Bollinger,-1,300629,300635,2025-07-28T18:29:00+00:00,2025-07-28T18:35:00+00:00,6,0.0009237643184426955,0.01847528636885391,20.0,تتبع,0,True,True,,False,3.2580223,3.259,0.0003,3.2475025186,1,baseline,0,"{""close"": 3.259, ""rsi"": 44.64149253967391, ""rsi7"": 46.86174746266653, ""macd"": 0.0011894196042246822, ""adx"": 32.1391447008255, ""stoch_k"": 61.11111111111122, ""stoch_d"": 68.51851851851902, ""mss"": 0.0, ""sfp"": 0.0, ""vr"": 1.1241339644617, ""hurst"": 0.37428682541284, ""atr14"": 0.004975818534907505, ""vol_sma20"": 6196.298500000009, ""vol_ratio"": 0.9100174886668213, ""atr_pct"": 0.001526793045384322, ""retest_entry"": true}"
اتجاهي,dir,directional,TONUSDT,هابط,Bollinger,-1,300646,300650,2025-07-28T18:46:00+00:00,2025-07-28T18:50:00+00:00,4,-0.0017099800165952697,-0.034199600331905396,20.0,تتبع,0,False,True,,False,3.2570226,3.258,0.0003,3.2551039667999997,1,baseline,0,"{""close"": 3.258, ""rsi"": 51.50821402168384, ""rsi7"": 55.2015723256009, ""macd"": 0.0016305719644550802, ""adx"": 22.415467650785075, ""stoch_k"": 87.8787878787888, ""stoch_d"": 90.78884078884168, ""mss"": 0.0, ""sfp"": 0.0, ""vr"": 1.012800044403198, ""hurst"": 0.3375888712713246, ""atr14"": 0.004693428141373092, ""vol_sma20"": 7006.4475000000075, ""vol_ratio"": 0.9406378910282269, ""atr_pct"": 0.0014405856787517166, ""retest_entry"": true}"
اتجاهي,dir,directional,TONUSDT,هابط,FVG,-1,300654,300663,2025-07-28T18:54:00+00:00,2025-07-28T19:03:00+00:00,9,-0.005290809190808995,-0.1058161838161799,20.0,وقف,0,False,True,,False,3.249025,3.25,0.0003,3.2587720749999995,1,baseline,0,"{""close"": 3.251, ""rsi"": 40.75290154302872, ""rsi7"": 33.39920414684654, ""macd"": -0.0002575907567335217, ""adx"": 20.817545221275022, ""stoch_k"": 27.326007326007186, ""stoch_d"": 41.76350882233214, ""mss"": 0.0, ""sfp"": 0.0, ""vr"": 0.9442938653386086, ""hurst"": 0.38363033580910055, ""atr14"": 0.004445158874876492, ""vol_sma20"": 7539.636000000009, ""vol_ratio"": 0.28283063001980435, ""atr_pct"": 0.001367320478276374, ""retest_entry"": true}"
اتجاهي,dir,directional,TONUSDT,هابط,Bollinger,-1,300669,300678,2025-07-28T19:09:00+00:00,2025-07-28T19:18:00+00:00,9,-0.005290809190808995,-0.1058161838161799,20.0,وقف,0,False,True,,False,3.2580223,3.259,0.0003,3.2677963668999994,1,baseline,0,"{""close"": 3.259, ""rsi"": 53.24483607721571, ""rsi7"": 52.23536562351614, ""macd"": 0.0014242882660633917, ""adx"": 22.700835686154075, ""stoch_k"": 84.69696969696956, ""stoch_d"": 92.11323763955346, ""mss"": 0.0, ""sfp"": 0.0, ""vr"": 1.00897093580182, ""hurst"": 0.42657267727292353, ""atr14"": 0.004777816571258332, ""vol_sma20"": 8704.82200000001, ""vol_ratio"": 0.35978564524352097, ""atr_pct"": 0.0014660376100823357, ""retest_entry"": true}"
اتجاهي,dir,directional,TONUSDT,هابط,FVG,-1,300684,300685,2025-07-28T19:24:00+00:00,2025-07-28T19:25:00+00:00,1,-0.0029034262258924525,-0.05806852451784905,20.0,زمني,0,False,True,,False,3.2570226,3.258,0.0003,3.259,1,baseline,0,"{""close"": 3.258, ""rsi"": 46.88749482324369, ""rsi7"": 38.78021927727598, ""macd"": -0.0005543472263624314, ""adx"": 19.59288684553632, ""stoch_k"": 26.363636363635905, ""stoch_d"": 32.12121212121166, ""mss"": 0.0, ""sfp"": 0.0, ""vr"": 0.8413510764312495, ""hurst"": 0.387091932176058, ""atr14"": 0.003982847373534376, ""vol_sma20"": 2326.1865000000084, ""vol_ratio"": 0.7462471302279476, ""atr_pct"": 0.0012224823123187156, ""retest_entry"": true}"
اتجاهي,dir,directional,TONUSDT,هابط,FVG,-1,300690,300692,2025-07-28T19:30:00+00:00,2025-07-28T19:32:00+00:00,2,-0.00021103733927307658,-0.004220746785461532,20.0,تتبع,0,False,True,,False,3.2570226,3.258,0.0003,3.2502106332,1,baseline,0,"{""close"": 3.258, ""rsi"": 46.69139895327398, ""rsi7"": 40.75628442573293, ""macd"": -0.0006067671079089097, ""adx"": 15.79713366751889, ""stoch_k"": 21.21212121212122, ""stoch_d"": 32.32323232323237, ""mss"": 0.0, ""sfp"": 0.0, ""vr"": 0.784646163015695, ""hurst"": 0.34342497277110656, ""atr14"": 0.0036967192331906953, ""vol_sma20"": 1464.8425000000086, ""vol_ratio"": 0.4321829821294756, ""atr_pct"": 0.00113465906482219, ""retest_entry"": true}"
اتجاهي,dir,directional,TONUSDT,هابط,FVG,-1,300701,300710,2025-07-28T19:41:00+00:00,2025-07-28T19:50:00+00:00,9,0.001882066999259069,0.037641339985181384,20.0,تتبع,0,True,True,,False,3.249025,3.25,0.0003,3.23541355,1,baseline,0,"{""close"": 3.249, ""rsi"": 41.68847665215578, ""rsi7"": 39.79422261143126, ""macd"": -0.0005008302705355261, ""adx"": 26.746783249101057, ""stoch_k"": 19.607843137255845, ""stoch_d"": 24.18300653594821, ""mss"": 0.0, ""sfp"": 0.0, ""vr"": 0.7792322104037986, ""hurst"": 0.249574091179733, ""atr14"": 0.003653843779439809, ""vol_sma20"": 4480.092500000008, ""vol_ratio"": 0.24305524941728282, ""atr_pct"": 0.0011246056569528499, ""retest_entry"": true}"
اتجاهي,dir,directional,TONUSDT,هابط,Bollinger,-1,300721,300722,2025-07-28T20:01:00+00:00,2025-07-28T20:02:00+00:00,1,-0.0035191862979680635,-0.07038372595936127,20.0,زمني,0,False,True,,False,3.2460259,3.247,0.0003,3.25,1,baseline,0,"{""close"": 3.247, ""rsi"": 52.18875831703653, ""rsi7"": 60.774578008708346, ""macd"": 0.0015349353046388721, ""adx"": 23.40521827136169, ""stoch_k"": 88.64734299517012, ""stoch_d"": 90.41867954911521, ""mss"": 0.0, ""sfp"": 0.0, ""vr"": 0.8879411295223297, ""hurst"": 0.36494019977678066, ""atr14"": 0.0039413723187575606, ""vol_sma20"": 6557.95850000001, ""vol_ratio"": 0.8505924519040478, ""atr_pct"": 0.0012138504215452913, ""retest_entry"": true}"
اتجاهي,dir,directional,TONUSDT,هابط,Stochastic,-1,300725,300728,2025-07-28T20:05:00+00:00,2025-07-28T20:08:00+00:00,3,-0.00039393392325149626,-0.007878678465029924,20.0,تتبع,0,False,True,,False,3.2470256,3.248,0.0003,3.2408297792000003,1,baseline,0,"{""close"": 3.247, ""rsi"": 51.241797861839856, ""rsi7"": 53.3991382371828, ""macd"": 0.0010244597068698347, ""adx"": 22.20440519540628, ""stoch_k"": 85.2173913043489, ""stoch_d"": 85.95813204508958, ""mss"": 0.0, ""sfp"": 0.0, ""vr"": 0.8738325681240362, ""hurst"": 0.3753027113936056, ""atr14"": 0.003827794012808057, ""vol_sma20"": 6694.623000000009, ""vol_ratio"": 1.0374012098963588, ""atr_pct"": 0.0011788709617517885, ""retest_entry"": true}"
اتجاهي,dir,directional,TONUSDT,هابط,FVG,-1,300731,300735,2025-07-28T20:11:00+00:00,2025-07-28T20:15:00+00:00,4,-0.0014695846675537175,-0.02939169335107435,20.0,تتبع,0,False,True,,False,3.2350292000000005,3.236,0.0003,3.2323440456000005,1,baseline,0,"{""close"": 3.236, ""rsi"": 36.915184235901776, ""rsi7"": 29.556689422260618, ""macd"": -0.0008227233796221799, ""adx"": 17.76107501513065, ""stoch_k"": 11.607142857144082, ""stoch_d"": 11.805555555556202, ""mss"": 0.0, ""sfp"": 0.0, ""vr"": 0.9287344420212038, ""hurst"": 0.3833685644384087, ""atr14"": 0.004018515296449648, ""vol_sma20"": 5020.330000000009, ""vol_ratio"": 1.503136248015566, ""atr_pct"": 0.0012418156045888899, ""retest_entry"": true}"
اتجاهي,dir,directional,TONUSDT,هابط,FVG,-1,300738,300739,2025-07-28T20:18:00+00:00,2025-07-28T20:19:00+00:00,1,-0.005290809190808995,-0.1058161838161799,20.0,وقف,0,False,True,,False,3.2260319,3.227,0.0003,3.2357099956999997,1,baseline,0,"{""close"": 3.227, ""rsi"": 32.73201003105066, ""rsi7"": 28.793140968174512, ""macd"": -0.001132660240786204, ""adx"": 22.953951137028337, ""stoch_k"": 9.913043478260908, ""stoch_d"": 10.06763285024162, ""mss"": 0.0, ""sfp"": 0.0, ""vr"": 0.9314817741749621, ""hurst"": 0.363126061198774, ""atr14"": 0.0039505510450922095, ""vol_sma20"": 4779.5285000000085, ""vol_ratio"": 1.5240457296153767, ""atr_pct"": 0.0012242178633691384, ""retest_entry"": true}"
اتجاهي,dir,directional,TONUSDT,هابط,MicroBurst,-1,300747,300748,2025-07-28T20:27:00+00:00,2025-07-28T20:28:00+00:00,1,-0.0016997861522950275,-0.03399572304590055,20.0,قفل-ربح,0,False,True,,False,3.2200337,3.221,0.0003,3.218103955884527,1,baseline,0,"{""close"": 3.221, ""rsi"": 31.380149651128065, ""rsi7"": 23.51576589680407, ""macd"": -0.0004119363209406125, ""adx"": 19.59378784803627, ""stoch_k"": 18.627450980391714, ""stoch_d"": 28.64923747276649, ""mss"": 0.0, ""sfp"": 0.0, ""vr"": 1.0275420762867022, ""hurst"": 0.3443866959327394, ""atr14"": 0.004289607138749541, ""vol_sma20"": 7085.842500000009, ""vol_ratio"": 2.366668466029266, ""atr_pct"": 0.0013317625391957594, ""retest_entry"": true}"
اتجاهي,dir,directional,TONUSDT,هابط,Bollinger,-1,300763,300764,2025-07-28T20:43:00+00:00,2025-07-28T20:44:00+00:00,1,-0.0025971028071656095,-0.05194205614331219,20.0,زمني,0,False,True,,False,3.2110364000000002,3.212,0.0003,3.212,1,baseline,0,"{""close"": 3.211, ""rsi"": 34.855715597771066, ""rsi7"": 34.918435895675486, ""macd"": -3.4170354324290428e-06, ""adx"": 37.22138699884642, ""stoch_k"": 40.97222222222171, ""stoch_d"": 42.92508417508399, ""mss"": 0.0, ""sfp"": 0.0, ""vr"": 1.1410312693671971, ""hurst"": 0.2984461877197254, ""atr14"": 0.004782313567305266, ""vol_sma20"": 10554.554000000007, ""vol_ratio"": 0.7127359431767553, ""atr_pct"": 0.0014893533376846048, ""retest_entry"": true}"
اتجاهي,dir,directional,TONUSDT,هابط,Bollinger,-1,300778,300782,2025-07-28T20:58:00+00:00,2025-07-28T21:02:00+00:00,4,-0.0015848393986350442,-0.03169678797270088,20.0,تتبع,0,False,True,,False,3.2250322000000002,3.226,0.0003,3.2227278996,1,baseline,0,"{""close"": 3.226, ""rsi"": 57.313974211518804, ""rsi7"": 62.19592990829831, ""macd"": 0.0018089189463711209, ""adx"": 23.727334919710508, ""stoch_k"": 92.59259259259306, ""stoch_d"": 95.32627865961267, ""mss"": 0.0, ""sfp"": 0.0, ""vr"": 1.0342026269283209, ""hurst"": 0.29955913927995104, ""atr14"": 0.004332759381772323, ""vol_sma20"": 7623.927000000009, ""vol_ratio"": 0.16348661260791172, ""atr_pct"": 0.0013430748238599886, ""retest_entry"": true}"
اتجاهي,dir,directional,TONUSDT,هابط,EMA,-1,300787,300791,2025-07-28T21:07:00+00:00,2025-07-28T21:11:00+00:00,4,4.224032186965051e-06,8.448064373930102e-05,20.0,تتبع,0,True,True,,False,3.2230328000000004,3.224,0.0003,3.2155965296,1,baseline,0,"{""close"": 3.223, ""rsi"": 51.11701971934136, ""rsi7"": 48.61073384994343, ""macd"": 0.00023270786984821306, ""adx"": 16.3246814347913, ""stoch_k"": 66.66666666666582, ""stoch_d"": 68.9458689458683, ""mss"": 0.0, ""sfp"": 0.0, ""vr"": 0.9253381851014931, ""hurst"": 0.37204208332946076, ""atr14"": 0.003875146608707508, ""vol_sma20"": 5719.580000000009, ""vol_ratio"": 0.35336510722815256, ""atr_pct"": 0.0012023414857919665, ""retest_entry"": true}"
اتجاهي,dir,directional,TONUSDT,هابط,FVG,-1,300801,300807,2025-07-28T21:21:00+00:00,2025-07-28T21:27:00+00:00,6,0.0002030257902265274,0.004060515804530548,20.0,تتبع,0,True,True,,False,3.2140355,3.215,0.0003,3.205979561,1,baseline,0,"{""close"": 3.214, ""rsi"": 43.20724851127572, ""rsi7"": 40.19526930651308, ""macd"": -0.00010221382031820126, ""adx"": 12.371294589274783, ""stoch_k"": 28.496732026145025, ""stoch_d"": 33.028322440088246, ""mss"": 0.0, ""sfp"": 1.0, ""vr"": 0.9258116313265636, ""hurst"": 0.38890129981605354, ""atr14"": 0.003863210422085126, ""vol_sma20"": 4678.635500000009, ""vol_ratio"": 1.5308309441930206, ""atr_pct"": 0.0012019945308292242, ""retest_entry"": true}"
اتجاهي,dir,directional,TONUSDT,هابط,Stochastic,-1,300819,300820,2025-07-28T21:39:00+00:00,2025-07-28T21:40:00+00:00,1,-0.004143912630804393,-0.08287825261608786,20.0,زمني,0,False,True,,False,3.2250322000000002,3.226,0.0003,3.231,1,baseline,0,"{""close"": 3.226, ""rsi"": 63.50930555889898, ""rsi7"": 72.21416175467935, ""macd"": 0.002029606484100571, ""adx"": 17.456987261423986, ""stoch_k"": 96.15384615384693, ""stoch_d"": 97.307692307693, ""mss"": 0.0, ""sfp"": 0.0, ""vr"": 0.905862382882813, ""hurst"": 0.35108497217028073, ""atr14"": 0.0037675468432160474, ""vol_sma20"": 5838.059000000008, ""vol_ratio"": 0.12577981825808868, ""atr_pct"": 0.001167869449230021, ""retest_entry"": true}"
اتجاهي,dir,directional,TONUSDT,هابط,Bollinger,-1,300828,300832,2025-07-28T21:48:00+00:00,2025-07-28T21:52:00+00:00,4,-0.0018391839113927027,-0.036783678227854055,20.0,قفل-ربح,0,False,True,,False,3.2320301000000002,3.233,0.0003,3.230544741863241,1,baseline,0,"{""close"": 3.232, ""rsi"": 62.939852091623685, ""rsi7"": 61.76639498512673, ""macd"": 0.0007362791081472007, ""adx"": 29.563756491244288, ""stoch_k"": 78.93939393939456, ""stoch_d"": 84.05050505050546, ""mss"": 0.0, ""sfp"": 0.0, ""vr"": 0.7979931127912062, ""hurst"": 0.3885524294724477, ""atr14"": 0.003300765119047292, ""vol_sma20"": 4864.933500000009, ""vol_ratio"": 0.02751322294539067, ""atr_pct"": 0.00102127633633889, ""retest_entry"": true}"
اتجاهي,dir,directional,TONUSDT,هابط,FVG,-1,300835,300838,2025-07-28T21:55:00+00:00,2025-07-28T21:58:00+00:00,3,-0.00018779209349999225,-0.003755841869999845,20.0,تتبع,0,False,True,,False,3.2240325000000003,3.225,0.0003,3.2172144150000004,1,baseline,0,"{""close"": 3.226, ""rsi"": 50.06510228597422, ""rsi7"": 41.57622189593382, ""macd"": -0.0011294599621847683, ""adx"": 24.908165534237554, ""stoch_k"": 22.52747252747262, ""stoch_d"": 28.306878306878275, ""mss"": 0.0, ""sfp"": 0.0, ""vr"": 0.8292573923864898, ""hurst"": 0.3614470527624559, ""atr14"": 0.003385011138473768, ""vol_sma20"": 5119.272000000009, ""vol_ratio"": 1.6801490524433913, ""atr_pct"": 0.0010492904954971381, ""retest_entry"": true}"
اتجاهي,dir,directional,TONUSDT,هابط,MicroBurst,-1,300850,300852,2025-07-28T22:10:00+00:00,2025-07-28T22:12:00+00:00,2,-0.0017633087663803762,-0.03526617532760752,20.0,قفل-ربح,0,False,True,,False,3.2210334,3.222,0.0003,3.219308136444834,1,baseline,0,"{""close"": 3.222, ""rsi"": 45.51885491368032, ""rsi7"": 39.11657110678969, ""macd"": -5.042096186863457e-06, ""adx"": 14.6739186881678, ""stoch_k"": 76.47058823529521, ""stoch_d"": 83.41933264533992, ""mss"": 0.0, ""sfp"": 0.0, ""vr"": 0.9562079681128974, ""hurst"": 0.35704147806269837, ""atr14"": 0.003835069532340327, ""vol_sma20"": 6297.693000000008, ""vol_ratio"": 1.9630664752949984, ""atr_pct"": 0.0011902760808008464, ""retest_entry"": true}"
اتجاهي,dir,directional,TONUSDT,هابط,MicroBurst,-1,300857,300858,2025-07-28T22:17:00+00:00,2025-07-28T22:18:00+00:00,1,-0.0038372416058134306,-0.07674483211626862,20.0,زمني,0,False,True,,False,3.2180343,3.219,0.0003,3.223,1,baseline,0,"{""close"": 3.218, ""rsi"": 43.148058147261736, ""rsi7"": 39.22790441118517, ""macd"": -0.0006301229778123123, ""adx"": 17.73188422439256, ""stoch_k"": 41.17647058823572, ""stoch_d"": 43.13725490196132, ""mss"": 0.0, ""sfp"": 0.0, ""vr"": 1.0023221992384903, ""hurst"": 0.3705912031007249, ""atr14"": 0.003982644403379649, ""vol_sma20"": 6618.95850000001, ""vol_ratio"": 1.5047382454505471, ""atr_pct"": 0.0012376147928463794, ""retest_entry"": true}"
اتجاهي,dir,directional,TONUSDT,هابط,FVG,-1,300861,300863,2025-07-28T22:21:00+00:00,2025-07-28T22:23:00+00:00,2,-0.0019756820735343417,-0.03951364147068683,20.0,زمني,0,False,True,,False,3.2110364000000002,3.212,0.0003,3.21,1,baseline,0,"{""close"": 3.212, ""rsi"": 37.90369627411606, ""rsi7"": 31.023548835000796, ""macd"": -0.0008256522618403513, ""adx"": 18.33968653135786, ""stoch_k"": 23.52941176470554, ""stoch_d"": 37.25490196078402, ""mss"": 0.0, ""sfp"": 0.0, ""vr"": 1.111996121263668, ""hurst"": 0.3753688292122505, ""atr14"": 0.004390157923909976, ""vol_sma20"": 7054.104500000009, ""vol_ratio"": 2.047884320398143, ""atr_pct"": 0.001366798855513691, ""retest_entry"": true}"
اتجاهي,dir,directional,TONUSDT,هابط,FVG,-1,300870,300872,2025-07-28T22:30:00+00:00,2025-07-28T22:32:00+00:00,2,-0.0007540225489400953,-0.015080450978801906,20.0,تتبع,0,False,True,,False,3.2100367,3.211,0.0003,3.2050700194,1,baseline,0,"{""close"": 3.21, ""rsi"": 39.983293273533995, ""rsi7"": 36.957613560345436, ""macd"": -0.00015924574315244466, ""adx"": 22.097051195981763, ""stoch_k"": 31.249999999999684, ""stoch_d"": 36.80555555555496, ""mss"": 0.0, ""sfp"": 0.0, ""vr"": 1.0015656562153785, ""hurst"": 0.39417995695497166, ""atr14"": 0.00391199471035836, ""vol_sma20"": 6500.445500000009, ""vol_ratio"": 0.5786603395105758, ""atr_pct"": 0.0012186899409216076, ""retest_entry"": true}"
اتجاهي,dir,directional,TONUSDT,هابط,MicroBurst,-1,300882,300884,2025-07-28T22:42:00+00:00,2025-07-28T22:44:00+00:00,2,-0.0019226912185872187,-0.038453824371744376,20.0,قفل-ربح,0,False,True,,False,3.1910841999999997,3.193,0.0006,3.188925532250282,1,baseline,0,"{""close"": 3.192, ""rsi"": 28.28890674699639, ""rsi7"": 18.979500278737333, ""macd"": -0.0007387413380354497, ""adx"": 29.566527118510805, ""stoch_k"": 16.666666666667158, ""stoch_d"": 23.333333333333655, ""mss"": 0.0, ""sfp"": 0.0, ""vr"": 1.2390992054015413, ""hurst"": 0.42015207074150374, ""atr14"": 0.004798416132255125, ""vol_sma20"": 10183.535000000009, ""vol_ratio"": 9.456624836071159, ""atr_pct"": 0.0015032631993280466, ""retest_entry"": true}"
اتجاهي,dir,directional,TONUSDT,هابط,Stochastic,-1,300900,300901,2025-07-28T23:00:00+00:00,2025-07-28T23:01:00+00:00,1,-0.0028848145445405206,-0.05769629089081041,20.0,زمني,0,False,True,,False,3.203077,3.205,0.0006,3.204,1,baseline,0,"{""close"": 3.205, ""rsi"": 54.12412100276946, ""rsi7"": 59.646961662461905, ""macd"": 0.001968003191703717, ""adx"": 24.26138455020439, ""stoch_k"": 75.30864197530927, ""stoch_d"": 78.21095949751003, ""mss"": 0.0, ""sfp"": 0.0, ""vr"": 1.3658424255251278, ""hurst"": 0.3899119170166724, ""atr14"": 0.005638062729699228, ""vol_sma20"": 15339.116500000007, ""vol_ratio"": 0.32180732182326127, ""atr_pct"": 0.0017591459375036593, ""retest_entry"": true}"
اتجاهي,dir,directional,TONUSDT,هابط,Stochastic,-1,300909,300923,2025-07-28T23:09:00+00:00,2025-07-28T23:23:00+00:00,14,-0.005290809190809106,-0.10581618381618212,20.0,وقف,0,False,True,,False,3.2050758,3.207,0.0006,3.2146910274,1,baseline,0,"{""close"": 3.207, ""rsi"": 53.98673283084562, ""rsi7"": 54.313305843389536, ""macd"": 0.0010892594579902512, ""adx"": 25.132088717040872, ""stoch_k"": 77.19298245614107, ""stoch_d"": 80.36635706914474, ""mss"": 0.0, ""sfp"": 0.0, ""vr"": 1.224060107889385, ""hurst"": 0.33133267087780544, ""atr14"": 0.005228076245037121, ""vol_sma20"": 9337.283000000009, ""vol_ratio"": 0.4799233353000007, ""atr_pct"": 0.0016302077471272594, ""retest_entry"": true}"
اتجاهي,dir,directional,TONUSDT,هابط,MicroBurst,-1,300926,300947,2025-07-28T23:26:00+00:00,2025-07-28T23:47:00+00:00,21,-0.0016979240908493783,-0.03395848181698757,20.0,تتبع,0,False,True,,False,3.2020391,3.203,0.0003,3.2001141638,1,baseline,0,"{""close"": 3.203, ""rsi"": 44.789692800323614, ""rsi7"": 36.416726219846765, ""macd"": 2.3247571286781447e-05, ""adx"": 15.589225890056959, ""stoch_k"": 64.4444444444441, ""stoch_d"": 82.83950617283993, ""mss"": 0.0, ""sfp"": 0.0, ""vr"": 1.0031225712050458, ""hurst"": 0.39442160049584524, ""atr14"": 0.004380992890036986, ""vol_sma20"": 3481.526000000009, ""vol_ratio"": 2.422328599585348, ""atr_pct"": 0.001367777986274426, ""retest_entry"": true}"
اتجاهي,dir,directional,TONUSDT,هابط,FVG,-1,300953,300955,2025-07-28T23:53:00+00:00,2025-07-28T23:55:00+00:00,2,-0.0022846414113573436,-0.045692828227146876,20.0,زمني,0,False,True,,False,3.1930418,3.194,0.0003,3.193,1,baseline,0,"{""close"": 3.194, ""rsi"": 36.13200832640416, ""rsi7"": 28.093606580637882, ""macd"": -0.0008446124692779485, ""adx"": 18.483339037956487, ""stoch_k"": 18.74999999999953, ""stoch_d"": 34.02777777777728, ""mss"": 0.0, ""sfp"": 0.0, ""vr"": 0.804499820811015, ""hurst"": 0.3527051106024912, ""atr14"": 0.0035094496679693907, ""vol_sma20"": 2752.450000000009, ""vol_ratio"": 3.8370070301004437, ""atr_pct"": 0.0010987632022446433, ""retest_entry"": true}"
اتجاهي,dir,directional,TONUSDT,هابط,ADX,-1,300971,300976,2025-07-29T00:11:00+00:00,2025-07-29T00:16:00+00:00,5,-0.005290809190808995,-0.1058161838161799,20.0,وقف,0,False,True,,False,3.2170346000000003,3.218,0.0003,3.2266857038,1,baseline,0,"{""close"": 3.217, ""rsi"": 64.75255782518491, ""rsi7"": 73.26658909927345, ""macd"": 0.0020468736216141033, ""adx"": 22.893293682325158, ""stoch_k"": 90.71794871794951, ""stoch_d"": 94.2735042735049, ""mss"": 0.0, ""sfp"": 0.0, ""vr"": 1.0118320230139928, ""hurst"": 0.2380384108788447, ""atr14"": 0.00437979091438955, ""vol_sma20"": 5694.291000000009, ""vol_ratio"": 1.1542631031677146, ""atr_pct"": 0.0013614519472768263, ""retest_entry"": true}"
اتجاهي,dir,directional,TONUSDT,هابط,MicroBurst,-1,300980,300981,2025-07-29T00:20:00+00:00,2025-07-29T00:21:00+00:00,1,-0.004144872190248394,-0.08289744380496789,20.0,زمني,0,False,True,,False,3.2230328000000004,3.224,0.0003,3.229,1,baseline,0,"{""close"": 3.224, ""rsi"": 65.2336863171671, ""rsi7"": 65.99229748291026, ""macd"": 0.0010932079878995223, ""adx"": 34.30395493158383, ""stoch_k"": 82.24121557454957, ""stoch_d"": 88.5324194502942, ""mss"": 0.0, ""sfp"": 0.0, ""vr"": 0.9564915400027432, ""hurst"": 0.3293557443498742, ""atr14"": 0.0041432821402740605, ""vol_sma20"": 6090.974000000008, ""vol_ratio"": 1.5086470571044936, ""atr_pct"": 0.0012851371402835174, ""retest_entry"": true}"
اتجاهي,dir,directional,TONUSDT,هابط,RSI,-1,300985,300986,2025-07-29T00:25:00+00:00,2025-07-29T00:26:00+00:00,1,-0.0025971028071656095,-0.05194205614331219,20.0,زمني,0,False,True,,False,3.2260319,3.227,0.0003,3.227,1,baseline,0,"{""close"": 3.228, ""rsi"": 66.65797626421038, ""rsi7"": 67.12898143213215, ""macd"": 0.0003933357160173087, ""adx"": 40.48550649605248, ""stoch_k"": 89.35574229692021, ""stoch_d"": 89.9291703213284, ""mss"": 0.0, ""sfp"": 0.0, ""vr"": 0.8792845124303537, ""hurst"": 0.3838060919557043, ""atr14"": 0.0037760562111560604, ""vol_sma20"": 5379.759000000008, ""vol_ratio"": 0.2774826902097283, ""atr_pct"": 0.0011697819737162517, ""retest_entry"": true}"
اتجاهي,dir,directional,TONUSDT,هابط,MicroBurst,-1,300990,301001,2025-07-29T00:30:00+00:00,2025-07-29T00:41:00+00:00,11,0.0073147700490653845,0.1462954009813077,20.0,حصد-اعادة,0,True,True,,False,3.2210334,3.222,0.0003,3.19,1,baseline,0,"{""close"": 3.222, ""rsi"": 51.91365231173989, ""rsi7"": 37.971390180404896, ""macd"": -0.0007917992356703185, ""adx"": 41.76801007424495, ""stoch_k"": 67.59906759906802, ""stoch_d"": 81.14108114108164, ""mss"": 0.0, ""sfp"": 0.0, ""vr"": 0.8930975643753555, ""hurst"": 0.42582506980622015, ""atr14"": 0.0037683689065731055, ""vol_sma20"": 5042.797500000009, ""vol_ratio"": 5.124183550896096, ""atr_pct"": 0.0011695744588991637, ""retest_entry"": true}"
اتجاهي,dir,directional,TONUSDT,هابط,MicroBurst,-1,301001,301003,2025-07-29T00:41:00+00:00,2025-07-29T00:43:00+00:00,2,-0.0019254601826453716,-0.07701840730581487,40.0,قفل-ربح,0,False,True,,False,3.189043,3.19,0.0003,3.186894566398799,2,baseline,1,"{""close"": 3.19, ""rsi"": 20.682228672666838, ""rsi7"": 6.527331040838561, ""macd"": -0.003682258219646238, ""adx"": 39.545610796608756, ""stoch_k"": 5.714285714285512, ""stoch_d"": 7.013888888888602, ""mss"": 0.0, ""sfp"": 0.0, ""vr"": 1.169160846382009, ""hurst"": 0.42263632014087754, ""atr14"": 0.004775729610440265, ""vol_sma20"": 7110.344500000008, ""vol_ratio"": 2.2750290087913436, ""atr_pct"": 0.0014970939217681081}"
اتجاهي,dir,directional,TONUSDT,هابط,EMA,-1,301023,301025,2025-07-29T01:03:00+00:00,2025-07-29T01:05:00+00:00,2,-0.005290809190808995,-0.1058161838161799,20.0,وقف,0,False,True,,False,3.2020391,3.203,0.0003,3.2116452172999996,1,baseline,0,"{""close"": 3.203, ""rsi"": 46.212440629744655, ""rsi7"": 40.07199092215715, ""macd"": 0.000934300534241666, ""adx"": 18.823943362033923, ""stoch_k"": 74.40476190476137, ""stoch_d"": 88.90977443609033, ""mss"": 0.0, ""sfp"": 0.0, ""vr"": 1.0776890615977741, ""hurst"": 0.519843840857452, ""atr14"": 0.004445593375835358, ""vol_sma20"": 3581.9965000000093, ""vol_ratio"": 0.4063236801040973, ""atr_pct"": 0.0013879467298892783, ""retest_entry"": true}"
اتجاهي,dir,directional,TONUSDT,صاعد,EMA,1,301482,301483,2025-07-29T08:42:00+00:00,2025-07-29T08:43:00+00:00,1,-0.00290091684364955,-0.058018336872990996,20.0,زمني,0,False,True,,False,3.2819843,3.281,0.0003,3.28,1,baseline,0,"{""close"": 3.281, ""rsi"": 49.46206961881981, ""rsi7"": 53.33115557309674, ""macd"": -7.95407576893503e-05, ""adx"": 13.78156961860029, ""stoch_k"": 41.85185185185262, ""stoch_d"": 35.97081930415317, ""mss"": 0.0, ""sfp"": 0.0, ""vr"": 0.8632926078066698, ""hurst"": 0.35250555457772986, ""atr14"": 0.0032675562423688815, ""vol_sma20"": 1925.2180000000087, ""vol_ratio"": 0.06466280701717905, ""atr_pct"": 0.0009959025426299548, ""retest_entry"": true}"
اتجاهي,dir,directional,TONUSDT,صاعد,Bollinger,1,301485,301488,2025-07-29T08:45:00+00:00,2025-07-29T08:48:00+00:00,3,-0.001885925907999849,-0.03771851815999698,20.0,قفل-ربح,0,False,True,,False,3.2819843,3.281,0.0003,3.283338856012576,1,baseline,0,"{""close"": 3.282, ""rsi"": 51.8417640464361, ""rsi7"": 58.748616171243725, ""macd"": 0.00019151065730362135, ""adx"": 12.944630665927946, ""stoch_k"": 58.33333333333463, ""stoch_d"": 52.9012345679022, ""mss"": 0.0, ""sfp"": 0.0, ""vr"": 0.7924504361464294, ""hurst"": 0.3446460433254177, ""atr14"": 0.003010138871896705, ""vol_sma20"": 1905.4950000000088, ""vol_ratio"": 0.27796976638616083, ""atr_pct"": 0.0009171660182500625, ""retest_entry"": true}"
اتجاهي,dir,directional,TONUSDT,صاعد,EMA,1,301497,301498,2025-07-29T08:57:00+00:00,2025-07-29T08:58:00+00:00,1,-0.00290091684364955,-0.058018336872990996,20.0,زمني,0,False,True,,False,3.2819843,3.281,0.0003,3.28,1,baseline,0,"{""close"": 3.282, ""rsi"": 51.352422112016235, ""rsi7"": 54.72352021578159, ""macd"": -5.7994587789272266e-05, ""adx"": 9.771953801053279, ""stoch_k"": 40.74074074074037, ""stoch_d"": 31.790123456788915, ""mss"": 0.0, ""sfp"": 0.0, ""vr"": 0.7095480969047291, ""hurst"": 0.3582759784593034, ""atr14"": 0.00269754389069583, ""vol_sma20"": 1067.9440000000088, ""vol_ratio"": 0.8856456892870714, ""atr_pct"": 0.0008219207467080531, ""retest_entry"": true}"
اتجاهي,dir,directional,TONUSDT,صاعد,MACD,1,301502,301503,2025-07-29T09:02:00+00:00,2025-07-29T09:03:00+00:00,1,-0.003204910466563023,-0.06409820933126047,20.0,زمني,0,False,True,,False,3.2819843,3.281,0.0003,3.279,1,baseline,0,"{""close"": 3.281, ""rsi"": 49.334814825236464, ""rsi7"": 50.105174082159245, ""macd"": 2.225799814186357e-06, ""adx"": 9.103364681704411, ""stoch_k"": 44.44444444444372, ""stoch_d"": 39.50617283950419, ""mss"": 0.0, ""sfp"": 0.0, ""vr"": 0.7098950464120314, ""hurst"": 0.37576331908607563, ""atr14"": 0.0026724173034452774, ""vol_sma20"": 1402.0370000000087, ""vol_ratio"": 2.253307152378989, ""atr_pct"": 0.0008145130458534829, ""retest_entry"": true}"
اتجاهي,dir,directional,TONUSDT,صاعد,MicroBurst,1,301516,301517,2025-07-29T09:16:00+00:00,2025-07-29T09:17:00+00:00,1,-0.0038162423855026433,-0.07632484771005286,20.0,زمني,0,False,True,,False,3.2729815999999996,3.272,0.0003,3.268,1,baseline,0,"{""close"": 3.271, ""rsi"": 29.594792424077255, ""rsi7"": 22.339210068969123, ""macd"": -0.0008751822532491269, ""adx"": 20.761742584686775, ""stoch_k"": 10.256410256409575, ""stoch_d"": 9.401709401708827, ""mss"": 0.0, ""sfp"": 0.0, ""vr"": 0.6956848005649137, ""hurst"": 0.3095452517582485, ""atr14"": 0.002515512845090563, ""vol_sma20"": 2758.487000000009, ""vol_ratio"": 2.330629073111448, ""atr_pct"": 0.0007690348043688668, ""retest_entry"": true}"
اتجاهي,dir,directional,TONUSDT,صاعد,FVG,1,301520,301525,2025-07-29T09:20:00+00:00,2025-07-29T09:25:00+00:00,5,-0.0007876755445907807,-0.015753510891815613,20.0,تتبع,0,False,True,,False,3.2739819,3.273,0.0003,3.2789370858,1,baseline,0,"{""close"": 3.273, ""rsi"": 43.076535231346575, ""rsi7"": 50.47898397729243, ""macd"": -0.0002753589505265757, ""adx"": 22.97568024135269, ""stoch_k"": 30.7692307692314, ""stoch_d"": 19.65811965812025, ""mss"": 0.0, ""sfp"": 0.0, ""vr"": 0.7398506458138685, ""hurst"": 0.29595721814499804, ""atr14"": 0.002630298895476696, ""vol_sma20"": 3296.9045000000087, ""vol_ratio"": 0.24798716493001174, ""atr_pct"": 0.0008036354706619907, ""retest_entry"": true}"
اتجاهي,dir,directional,TONUSDT,صاعد,FVG,1,301539,301540,2025-07-29T09:39:00+00:00,2025-07-29T09:40:00+00:00,1,-0.0029022195405336475,-0.05804439081067295,20.0,زمني,0,False,True,,False,3.2679801,3.267,0.0003,3.266,1,baseline,0,"{""close"": 3.266, ""rsi"": 41.889998519053485, ""rsi7"": 43.516171797030125, ""macd"": -0.000736357999727091, ""adx"": 25.333345931016087, ""stoch_k"": 33.33333333333311, ""stoch_d"": 29.333333333333158, ""mss"": 0.0, ""sfp"": 0.0, ""vr"": 1.0891075539529824, ""hurst"": 0.13530324126766524, ""atr14"": 0.0036384931889623844, ""vol_sma20"": 8255.042500000007, ""vol_ratio"": 0.17057816480048393, ""atr_pct"": 0.001114051803111569, ""retest_entry"": true}"
اتجاهي,dir,directional,TONUSDT,صاعد,FVG,1,301543,301562,2025-07-29T09:43:00+00:00,2025-07-29T10:02:00+00:00,19,-0.005290809190809106,-0.10581618381618212,20.0,وقف,0,False,True,,False,3.2689804,3.268,0.0003,3.2591734588,1,baseline,0,"{""close"": 3.268, ""rsi"": 45.76581804403887, ""rsi7"": 51.185708338226725, ""macd"": 0.00014672017369980013, ""adx"": 23.628959085362897, ""stoch_k"": 54.385964912280656, ""stoch_d"": 48.17862838915487, ""mss"": 0.0, ""sfp"": 0.0, ""vr"": 0.915341606776645, ""hurst"": 0.14831959097212463, ""atr14"": 0.003027957204549004, ""vol_sma20"": 8021.576500000008, ""vol_ratio"": 0.05968153516955171, ""atr_pct"": 0.0009265474922120576, ""retest_entry"": true}"
اتجاهي,dir,directional,TONUSDT,صاعد,RSI,1,301565,301566,2025-07-29T10:05:00+00:00,2025-07-29T10:06:00+00:00,1,-0.003821857917425225,-0.0764371583485045,20.0,زمني,0,False,True,,False,3.2579771,3.257,0.0003,3.253,1,baseline,0,"{""close"": 3.257, ""rsi"": 33.63647201621106, ""rsi7"": 27.881035606743765, ""macd"": -0.0006086456438550848, ""adx"": 23.88833660719899, ""stoch_k"": 12.8205128205152, ""stoch_d"": 12.742812742814813, ""mss"": 0.0, ""sfp"": 0.0, ""vr"": 0.9567831671591773, ""hurst"": 0.2451568531923802, ""atr14"": 0.002840659623215188, ""vol_sma20"": 2700.0965000000087, ""vol_ratio"": 4.236241186194628, ""atr_pct"": 0.0008721705935570119, ""retest_entry"": true}"
اتجاهي,dir,directional,TONUSDT,صاعد,Stochastic,1,301569,301570,2025-07-29T10:09:00+00:00,2025-07-29T10:10:00+00:00,1,-0.004129503240372076,-0.08259006480744152,20.0,زمني,0,False,True,,False,3.2549761999999998,3.254,0.0003,3.249,1,baseline,0,"{""close"": 3.254, ""rsi"": 31.317443337357233, ""rsi7"": 26.39182114486151, ""macd"": -0.000645596046847381, ""adx"": 26.6502766394194, ""stoch_k"": 5.1587301587299885, ""stoch_d"": 4.222629222629557, ""mss"": 0.0, ""sfp"": 0.0, ""vr"": 0.9168971506348705, ""hurst"": 0.250966442864863, ""atr14"": 0.002681488949881496, ""vol_sma20"": 2651.3170000000086, ""vol_ratio"": 0.26772732193094895, ""atr_pct"": 0.0008240592962143504, ""retest_entry"": true}"
شبكة,grid,grid,TONUSDT,عرضي,,0,17610,17972,2025-01-13T05:30:00+00:00,2025-01-13T11:32:00+00:00,362,-0.04302960250826336,-43.02960250826336,1000.0,خروج-من-النطاق,0,False,True,,False,,,,,1,baseline,0,
افتتاح-سوق,market_open,market_open,TONUSDT,صاعد,Asia-Expansion,1,293,293,2025-01-02T00:25:00+00:00,2025-01-02T00:25:00+00:00,0,-0.004754636745407127,-0.09509273490814255,20.0,وقف-افتتاح,0,False,True,,False,5.5486641,5.547,0.0003,5.535,1,baseline,293,"""{\""session\"": \""Asia\"", \""pre_high\"": 5.535, \""pre_low\"": 5.504, \""tf\"": \""5min\""}"""
افتتاح-سوق,market_open,market_open,TONUSDT,صاعد,Asia-Expansion,1,582,585,2025-01-03T00:30:00+00:00,2025-01-03T00:45:00+00:00,3,-0.0031263303740157837,-0.06252660748031567,20.0,وقف-افتتاح,0,False,True,,False,5.6536956,5.652,0.0003,5.649,1,baseline,582,"""{\""session\"": \""Asia\"", \""pre_high\"": 5.649, \""pre_low\"": 5.628, \""tf\"": \""5min\""}"""
افتتاح-سوق,market_open,market_open,TONUSDT,صاعد,London-Expansion,1,683,683,2025-01-03T08:55:00+00:00,2025-01-03T08:55:00+00:00,0,-0.0033056836234924914,-0.06611367246984982,20.0,وقف-افتتاح,0,False,True,,False,5.630688699999999,5.629,0.0003,5.625,1,baseline,683,"""{\""session\"": \""London\"", \""pre_high\"": 5.625, \""pre_low\"": 5.595, \""tf\"": \""5min\""}"""
افتتاح-سوق,market_open,market_open,TONUSDT,صاعد,NewYork-Expansion,1,755,755,2025-01-03T14:55:00+00:00,2025-01-03T14:55:00+00:00,0,-0.003464985080421916,-0.06929970160843832,20.0,وقف-افتتاح,0,False,True,symbol_collision,True,5.7467235,5.745,0.0003,5.74,1,baseline,755,"""{\""session\"": \""NewYork\"", \""pre_high\"": 5.74, \""pre_low\"": 5.692, \""tf\"": \""5min\""}"""
افتتاح-سوق,market_open,market_open,TONUSDT,صاعد,Asia-Expansion,1,869,869,2025-01-04T00:25:00+00:00,2025-01-04T00:25:00+00:00,0,-0.003625350521075421,-0.07250701042150842,20.0,وقف-افتتاح,0,False,True,symbol_collision,True,5.8207457,5.819,0.0003,5.813,1,baseline,869,"""{\""session\"": \""Asia\"", \""pre_high\"": 5.813, \""pre_low\"": 5.787, \""tf\"": \""5min\""}"""
افتتاح-سوق,market_open,market_open,TONUSDT,صاعد,NewYork-Expansion,1,1619,1619,2025-01-06T14:55:00+00:00,2025-01-06T14:55:00+00:00,0,-0.004336377487877842,-0.08672754975755684,20.0,وقف-افتتاح,0,False,True,,False,5.735720199999999,5.734,0.0003,5.724,1,baseline,1619,"""{\""session\"": \""NewYork\"", \""pre_high\"": 5.724, \""pre_low\"": 5.661, \""tf\"": \""5min\""}"""
افتتاح-سوق,market_open,market_open,TONUSDT,صاعد,London-Expansion,1,2113,2126,2025-01-08T08:05:00+00:00,2025-01-08T09:10:00+00:00,13,0.005671460990012087,0.11342921980024173,20.0,تتبع-افتتاح,0,True,True,,False,5.2175648,5.216,0.0003,5.259240183479808,1,baseline,2113,"""{\""session\"": \""London\"", \""pre_high\"": 5.209, \""pre_low\"": 5.1, \""tf\"": \""5min\""}"""
افتتاح-سوق,market_open,market_open,TONUSDT,صاعد,NewYork-Expansion,1,2490,2494,2025-01-09T15:30:00+00:00,2025-01-09T15:50:00+00:00,4,0.0040829672666873726,0.08165934533374745,20.0,تتبع-افتتاح,0,True,True,,False,5.2275678,5.226,0.0003,5.261,1,baseline,2490,"""{\""session\"": \""NewYork\"", \""pre_high\"": 5.218, \""pre_low\"": 5.101, \""tf\"": \""5min\""}"""
افتتاح-سوق,market_open,market_open,TONUSDT,صاعد,Asia-Expansion,1,2593,2595,2025-01-10T00:05:00+00:00,2025-01-10T00:15:00+00:00,2,-0.0004906775220276133,-0.009813550440552266,20.0,تتبع-افتتاح,0,False,True,,False,5.2105627,5.209,0.0003,5.22,1,baseline,2593,"""{\""session\"": \""Asia\"", \""pre_high\"": 5.203, \""pre_low\"": 5.174, \""tf\"": \""5min\""}"""
افتتاح-سوق,market_open,market_open,TONUSDT,صاعد,London-Expansion,1,2980,2980,2025-01-11T08:20:00+00:00,2025-01-11T08:20:00+00:00,0,-0.003153820527703664,-0.06307641055407329,20.0,وقف-افتتاح,0,False,True,symbol_collision,True,5.3746119,5.373,0.0003,5.37,1,baseline,2980,"""{\""session\"": \""London\"", \""pre_high\"": 5.37, \""pre_low\"": 5.334, \""tf\"": \""5min\""}"""
افتتاح-سوق,market_open,market_open,TONUSDT,صاعد,NewYork-Expansion,1,3057,3057,2025-01-11T14:45:00+00:00,2025-01-11T14:45:00+00:00,0,-0.0033330140523072393,-0.06666028104614478,20.0,وقف-افتتاح,0,False,True,symbol_collision,True,5.421626,5.42,0.0003,5.416,1,baseline,3057,"""{\""session\"": \""NewYork\"", \""pre_high\"": 5.416, \""pre_low\"": 5.382, \""tf\"": \""5min\""}"""
افتتاح-سوق,market_open,market_open,TONUSDT,صاعد,London-Expansion,1,3265,3268,2025-01-12T08:05:00+00:00,2025-01-12T08:20:00+00:00,3,-0.003523017071041554,-0.07046034142083107,20.0,وقف-افتتاح,0,False,True,,False,5.3866155,5.385,0.0003,5.38,1,baseline,3265,"""{\""session\"": \""London\"", \""pre_high\"": 5.38, \""pre_low\"": 5.35, \""tf\"": \""5min\""}"""
افتتاح-سوق,market_open,market_open,TONUSDT,صاعد,Asia-Expansion,1,3457,3457,2025-01-13T00:05:00+00:00,2025-01-13T00:05:00+00:00,0,-0.00447174103423099,-0.0894348206846198,20.0,وقف-افتتاح,0,False,True,,False,5.321596,5.32,0.0003,5.31,1,baseline,3457,"""{\""session\"": \""Asia\"", \""pre_high\"": 5.31, \""pre_low\"": 5.28, \""tf\"": \""5min\""}"""
افتتاح-سوق,market_open,market_open,TONUSDT,صاعد,NewYork-Expansion,1,3635,3635,2025-01-13T14:55:00+00:00,2025-01-13T14:55:00+00:00,0,-0.003561529677969284,-0.07123059355938569,20.0,وقف-افتتاح,0,False,True,,False,5.171551,5.17,0.0003,5.165,1,baseline,3635,"""{\""session\"": \""NewYork\"", \""pre_high\"": 5.165, \""pre_low\"": 5.088, \""tf\"": \""5min\""}"""
افتتاح-سوق,market_open,market_open,TONUSDT,صاعد,Asia-Expansion,1,4609,4613,2025-01-17T00:05:00+00:00,2025-01-17T00:25:00+00:00,4,-0.00368757721393352,-0.0737515442786704,20.0,وقف-افتتاح,0,False,True,,False,5.4886460999999995,5.487,0.0003,5.481,1,baseline,4609,"""{\""session\"": \""Asia\"", \""pre_high\"": 5.481, \""pre_low\"": 5.448, \""tf\"": \""5min\""}"""
افتتاح-سوق,market_open,market_open,TONUSDT,صاعد,NewYork-Expansion,1,5361,5361,2025-01-19T14:45:00+00:00,2025-01-19T14:45:00+00:00,0,-0.0033732634244949375,-0.06746526848989876,20.0,وقف-افتتاح,0,False,True,,False,5.1405417,5.139,0.0003,5.135,1,baseline,5361,"""{\""session\"": \""NewYork\"", \""pre_high\"": 5.135, \""pre_low\"": 5.009, \""tf\"": \""5min\""}"""
افتتاح-سوق,market_open,market_open,TONUSDT,صاعد,NewYork-Expansion,1,5652,5652,2025-01-20T15:00:00+00:00,2025-01-20T15:00:00+00:00,0,-0.0031835158947876047,-0.06367031789575209,20.0,وقف-افتتاح,0,False,True,symbol_collision,True,5.1025303,5.101,0.0003,5.098,1,baseline,5652,"""{\""session\"": \""NewYork\"", \""pre_high\"": 5.098, \""pre_low\"": 5.02, \""tf\"": \""5min\""}"""
افتتاح-سوق,market_open,market_open,TONUSDT,صاعد,Asia-Expansion,1,6059,6062,2025-01-22T00:55:00+00:00,2025-01-22T01:10:00+00:00,3,-0.0029781935100246,-0.059563870200491996,20.0,وقف-افتتاح,0,False,True,symbol_collision,True,5.2335696,5.232,0.0003,5.23,1,baseline,6059,"""{\""session\"": \""Asia\"", \""pre_high\"": 5.23, \""pre_low\"": 5.178, \""tf\"": \""5min\""}"""
افتتاح-سوق,market_open,market_open,TONUSDT,صاعد,Asia-Expansion,1,6337,6338,2025-01-23T00:05:00+00:00,2025-01-23T00:10:00+00:00,1,-0.004664664239313448,-0.09329328478626897,20.0,وقف-افتتاح,0,False,True,symbol_collision,True,5.3075918,5.306,0.0003,5.295,1,baseline,6337,"""{\""session\"": \""Asia\"", \""pre_high\"": 5.295, \""pre_low\"": 5.246, \""tf\"": \""5min\""}"""
افتتاح-سوق,market_open,market_open,TONUSDT,صاعد,London-Expansion,1,6732,6732,2025-01-24T09:00:00+00:00,2025-01-24T09:00:00+00:00,0,-0.0039544619213881275,-0.07908923842776255,20.0,وقف-افتتاح,0,False,True,,False,5.144542899999999,5.143,0.0003,5.136,1,baseline,6732,"""{\""session\"": \""London\"", \""pre_high\"": 5.136, \""pre_low\"": 5.096, \""tf\"": \""5min\""}"""
افتتاح-سوق,market_open,market_open,TONUSDT,صاعد,NewYork-Expansion,1,6801,6801,2025-01-24T14:45:00+00:00,2025-01-24T14:45:00+00:00,0,-0.0037553472355784,-0.07510694471156801,20.0,وقف-افتتاح,0,False,True,,False,5.167549800000001,5.166,0.0003,5.16,1,baseline,6801,"""{\""session\"": \""NewYork\"", \""pre_high\"": 5.16, \""pre_low\"": 5.119, \""tf\"": \""5min\""}"""
افتتاح-سوق,market_open,market_open,TONUSDT,صاعد,Asia-Expansion,1,6916,6918,2025-01-25T00:20:00+00:00,2025-01-25T00:30:00+00:00,2,-0.0031867535440826766,-0.06373507088165353,20.0,وقف-افتتاح,0,False,True,,False,5.074521900000001,5.073,0.0003,5.07,1,baseline,6916,"""{\""session\"": \""Asia\"", \""pre_high\"": 5.07, \""pre_low\"": 5.041, \""tf\"": \""5min\""}"""
افتتاح-سوق,market_open,market_open,TONUSDT,صاعد,NewYork-Expansion,1,7092,7092,2025-01-25T15:00:00+00:00,2025-01-25T15:00:00+00:00,0,-0.003183745976244433,-0.06367491952488866,20.0,وقف-افتتاح,0,False,True,,False,5.1005297,5.099,0.0003,5.096,1,baseline,7092,"""{\""session\"": \""NewYork\"", \""pre_high\"": 5.096, \""pre_low\"": 5.066, \""tf\"": \""5min\""}"""
افتتاح-سوق,market_open,market_open,TONUSDT,صاعد,NewYork-Expansion,1,7375,7376,2025-01-26T14:35:00+00:00,2025-01-26T14:40:00+00:00,1,-0.0018058043813314068,-0.036116087626628136,20.0,تتبع-افتتاح,0,False,True,,False,5.0445129,5.043,0.0003,5.047,1,baseline,7375,"""{\""session\"": \""NewYork\"", \""pre_high\"": 5.04, \""pre_low\"": 5.026, \""tf\"": \""5min\""}"""
افتتاح-سوق,market_open,market_open,TONUSDT,صاعد,NewYork-Expansion,1,7665,7665,2025-01-27T14:45:00+00:00,2025-01-27T14:45:00+00:00,0,-0.002596923220735855,-0.0519384644147171,20.0,تتبع-افتتاح,0,False,True,,False,4.958487099999999,4.957,0.0003,4.957,1,baseline,7665,"""{\""session\"": \""NewYork\"", \""pre_high\"": 4.949, \""pre_low\"": 4.901, \""tf\"": \""5min\""}"""
افتتاح-سوق,market_open,market_open,TONUSDT,صاعد,Asia-Expansion,1,7777,7777,2025-01-28T00:05:00+00:00,2025-01-28T00:05:00+00:00,0,-0.003193337259073219,-0.06386674518146439,20.0,وقف-افتتاح,0,False,True,,False,5.0185051000000005,5.017,0.0003,5.014,1,baseline,7777,"""{\""session\"": \""Asia\"", \""pre_high\"": 5.014, \""pre_low\"": 4.994, \""tf\"": \""5min\""}"""
افتتاح-سوق,market_open,market_open,TONUSDT,صاعد,Asia-Expansion,1,8066,8066,2025-01-29T00:10:00+00:00,2025-01-29T00:10:00+00:00,0,-0.003425331091814928,-0.06850662183629856,20.0,وقف-افتتاح,0,False,True,,False,4.8174448,4.816,0.0003,4.812,1,baseline,8066,"""{\""session\"": \""Asia\"", \""pre_high\"": 4.812, \""pre_low\"": 4.759, \""tf\"": \""5min\""}"""
افتتاح-سوق,market_open,market_open,TONUSDT,صاعد,London-Expansion,1,8161,8162,2025-01-29T08:05:00+00:00,2025-01-29T08:10:00+00:00,1,-0.004229668179654247,-0.08459336359308495,20.0,وقف-افتتاح,0,False,True,,False,4.8884661,4.887,0.0003,4.879,1,baseline,8161,"""{\""session\"": \""London\"", \""pre_high\"": 4.879, \""pre_low\"": 4.86, \""tf\"": \""5min\""}"""
افتتاح-سوق,market_open,market_open,TONUSDT,صاعد,NewYork-Expansion,1,9398,9399,2025-02-02T15:10:00+00:00,2025-02-02T15:15:00+00:00,1,-0.0041104332006740825,-0.08220866401348165,20.0,وقف-افتتاح,0,False,True,,False,4.6143839,4.613,0.0003,4.606,1,baseline,9398,"""{\""session\"": \""NewYork\"", \""pre_high\"": 4.606, \""pre_low\"": 4.513, \""tf\"": \""5min\""}"""
افتتاح-سوق,market_open,market_open,TONUSDT,صاعد,NewYork-Expansion,1,9968,9968,2025-02-04T14:40:00+00:00,2025-02-04T14:40:00+00:00,0,-0.00412629159811269,-0.0825258319622538,20.0,وقف-افتتاح,0,False,True,,False,3.9141738999999998,3.913,0.0003,3.907,1,baseline,9968,"""{\""session\"": \""NewYork\"", \""pre_high\"": 3.907, \""pre_low\"": 3.843, \""tf\"": \""5min\""}"""
افتتاح-سوق,market_open,market_open,TONUSDT,صاعد,London-Expansion,1,10177,10178,2025-02-05T08:05:00+00:00,2025-02-05T08:10:00+00:00,1,-0.0036429673495028143,-0.07285934699005628,20.0,وقف-افتتاح,0,False,True,,False,3.8151441999999998,3.814,0.0003,3.81,1,baseline,10177,"""{\""session\"": \""London\"", \""pre_high\"": 3.81, \""pre_low\"": 3.764, \""tf\"": \""5min\""}"""
افتتاح-سوق,market_open,market_open,TONUSDT,صاعد,Asia-Expansion,1,10377,10377,2025-02-06T00:45:00+00:00,2025-02-06T00:45:00+00:00,0,-0.003649036170924905,-0.0729807234184981,20.0,وقف-افتتاح,0,False,True,,False,3.7931375999999997,3.792,0.0003,3.788,1,baseline,10377,"""{\""session\"": \""Asia\"", \""pre_high\"": 3.788, \""pre_low\"": 3.752, \""tf\"": \""5min\""}"""
افتتاح-سوق,market_open,market_open,TONUSDT,صاعد,Asia-Expansion,1,10661,10661,2025-02-07T00:25:00+00:00,2025-02-07T00:25:00+00:00,0,-0.003922199697987056,-0.07844399395974111,20.0,وقف-افتتاح,0,False,True,,False,3.7641288999999998,3.763,0.0003,3.758,1,baseline,10661,"""{\""session\"": \""Asia\"", \""pre_high\"": 3.758, \""pre_low\"": 3.695, \""tf\"": \""5min\""}"""
افتتاح-سوق,market_open,market_open,TONUSDT,صاعد,NewYork-Expansion,1,11119,11119,2025-02-08T14:35:00+00:00,2025-02-08T14:35:00+00:00,0,-0.0039243161895665644,-0.07848632379133129,20.0,وقف-افتتاح,0,False,True,,False,3.7581271,3.757,0.0003,3.752,1,baseline,11119,"""{\""session\"": \""NewYork\"", \""pre_high\"": 3.752, \""pre_low\"": 3.723, \""tf\"": \""5min\""}"""
افتتاح-سوق,market_open,market_open,TONUSDT,صاعد,NewYork-Expansion,1,11413,11413,2025-02-09T15:05:00+00:00,2025-02-09T15:05:00+00:00,0,-0.002596923220735855,-0.0519384644147171,20.0,تتبع-افتتاح,0,False,True,,False,3.7781331,3.777,0.0003,3.777,1,baseline,11413,"""{\""session\"": \""NewYork\"", \""pre_high\"": 3.772, \""pre_low\"": 3.734, \""tf\"": \""5min\""}"""
افتتاح-سوق,market_open,market_open,TONUSDT,صاعد,Asia-Expansion,1,11814,11814,2025-02-11T00:30:00+00:00,2025-02-11T00:30:00+00:00,0,-0.0033789956803120273,-0.06757991360624055,20.0,وقف-افتتاح,0,False,True,,False,3.8271478,3.826,0.0003,3.823,1,baseline,11814,"""{\""session\"": \""Asia\"", \""pre_high\"": 3.823, \""pre_low\"": 3.8, \""tf\"": \""5min\""}"""
افتتاح-سوق,market_open,market_open,TONUSDT,صاعد,London-Expansion,1,12202,12203,2025-02-12T08:50:00+00:00,2025-02-12T08:55:00+00:00,1,-0.004459238914909061,-0.08918477829818122,20.0,وقف-افتتاح,0,False,True,,False,3.7501247,3.749,0.0003,3.742,1,baseline,12202,"""{\""session\"": \""London\"", \""pre_high\"": 3.742, \""pre_low\"": 3.707, \""tf\"": \""5min\""}"""
افتتاح-سوق,market_open,market_open,TONUSDT,صاعد,Asia-Expansion,1,12677,12679,2025-02-14T00:25:00+00:00,2025-02-14T00:35:00+00:00,2,-0.0005867972005524913,-0.011735944011049826,20.0,تتبع-افتتاح,0,False,True,,False,3.7291184,3.728,0.0003,3.735513261165628,1,baseline,12677,"""{\""session\"": \""Asia\"", \""pre_high\"": 3.725, \""pre_low\"": 3.706, \""tf\"": \""5min\""}"""
افتتاح-سوق,market_open,market_open,TONUSDT,صاعد,London-Expansion,1,12774,12774,2025-02-14T08:30:00+00:00,2025-02-14T08:30:00+00:00,0,-0.0031221486429472488,-0.06244297285894498,20.0,وقف-افتتاح,0,False,True,symbol_collision,True,3.7991394,3.798,0.0003,3.796,1,baseline,12774,"""{\""session\"": \""London\"", \""pre_high\"": 3.796, \""pre_low\"": 3.775, \""tf\"": \""5min\""}"""
افتتاح-سوق,market_open,market_open,TONUSDT,صاعد,Asia-Expansion,1,12961,12961,2025-02-15T00:05:00+00:00,2025-02-15T00:05:00+00:00,0,-0.002855518781218027,-0.05711037562436054,20.0,وقف-افتتاح,0,False,True,symbol_collision,True,3.8581571,3.857,0.0003,3.856,1,baseline,12961,"""{\""session\"": \""Asia\"", \""pre_high\"": 3.856, \""pre_low\"": 3.822, \""tf\"": \""5min\""}"""
افتتاح-سوق,market_open,market_open,TONUSDT,صاعد,Asia-Expansion,1,13252,13252,2025-02-16T00:20:00+00:00,2025-02-16T00:20:00+00:00,0,-0.003121182393813042,-0.06242364787626084,20.0,وقف-افتتاح,0,False,True,,False,3.8061415,3.805,0.0003,3.803,1,baseline,13252,"""{\""session\"": \""Asia\"", \""pre_high\"": 3.803, \""pre_low\"": 3.776, \""tf\"": \""5min\""}"""
افتتاح-سوق,market_open,market_open,TONUSDT,صاعد,NewYork-Expansion,1,13425,13425,2025-02-16T14:45:00+00:00,2025-02-16T14:45:00+00:00,0,-0.0039058511430183885,-0.07811702286036777,20.0,وقف-افتتاح,0,False,True,,False,3.811143,3.81,0.0003,3.805,1,baseline,13425,"""{\""session\"": \""NewYork\"", \""pre_high\"": 3.805, \""pre_low\"": 3.757, \""tf\"": \""5min\""}"""
افتتاح-سوق,market_open,market_open,TONUSDT,صاعد,Asia-Expansion,1,13547,13553,2025-02-17T00:55:00+00:00,2025-02-17T01:25:00+00:00,6,-0.004170114193573766,-0.08340228387147533,20.0,وقف-افتتاح,0,False,True,,False,3.8051411999999996,3.804,0.0003,3.798,1,baseline,13547,"""{\""session\"": \""Asia\"", \""pre_high\"": 3.798, \""pre_low\"": 3.767, \""tf\"": \""5min\""}"""
افتتاح-سوق,market_open,market_open,TONUSDT,صاعد,London-Expansion,1,13642,13643,2025-02-17T08:50:00+00:00,2025-02-17T08:55:00+00:00,1,-0.0039061947838487984,-0.07812389567697597,20.0,وقف-افتتاح,0,False,True,,False,3.8101427,3.809,0.0003,3.804,1,baseline,13642,"""{\""session\"": \""London\"", \""pre_high\"": 3.804, \""pre_low\"": 3.769, \""tf\"": \""5min\""}"""
افتتاح-سوق,market_open,market_open,TONUSDT,صاعد,Asia-Expansion,1,14114,14120,2025-02-19T00:10:00+00:00,2025-02-19T00:40:00+00:00,6,-0.004763424609341507,-0.09526849218683014,20.0,وقف-افتتاح,0,False,True,,False,3.6841049,3.683,0.0003,3.675,1,baseline,14114,"""{\""session\"": \""Asia\"", \""pre_high\"": 3.675, \""pre_low\"": 3.646, \""tf\"": \""5min\""}"""
افتتاح-سوق,market_open,market_open,TONUSDT,صاعد,London-Expansion,1,14502,14503,2025-02-20T08:30:00+00:00,2025-02-20T08:35:00+00:00,1,-0.00315569245142459,-0.06311384902849179,20.0,وقف-افتتاح,0,False,True,,False,3.571071,3.57,0.0003,3.568,1,baseline,14502,"""{\""session\"": \""London\"", \""pre_high\"": 3.568, \""pre_low\"": 3.545, \""tf\"": \""5min\""}"""
افتتاح-سوق,market_open,market_open,TONUSDT,صاعد,NewYork-Expansion,1,14575,14575,2025-02-20T14:35:00+00:00,2025-02-20T14:35:00+00:00,0,-0.003976838932937324,-0.07953677865874648,20.0,وقف-افتتاح,0,False,True,,False,3.6150841999999996,3.614,0.0003,3.609,1,baseline,14575,"""{\""session\"": \""NewYork\"", \""pre_high\"": 3.609, \""pre_low\"": 3.573, \""tf\"": \""5min\""}"""
افتتاح-سوق,market_open,market_open,TONUSDT,صاعد,NewYork-Expansion,1,15154,15154,2025-02-22T14:50:00+00:00,2025-02-22T14:50:00+00:00,0,-0.0034102445663018927,-0.06820489132603785,20.0,وقف-افتتاح,0,False,True,,False,3.6801036999999996,3.679,0.0003,3.676,1,baseline,15154,"""{\""session\"": \""NewYork\"", \""pre_high\"": 3.676, \""pre_low\"": 3.655, \""tf\"": \""5min\""}"""
افتتاح-سوق,market_open,market_open,TONUSDT,صاعد,Asia-Expansion,1,15270,15276,2025-02-23T00:30:00+00:00,2025-02-23T01:00:00+00:00,6,-0.0002101570173289753,-0.004203140346579506,20.0,تتبع-افتتاح,0,False,True,symbol_collision,True,3.7621283,3.761,0.0003,3.77,1,baseline,15270,"""{\""session\"": \""Asia\"", \""pre_high\"": 3.759, \""pre_low\"": 3.715, \""tf\"": \""5min\""}"""
افتتاح-سوق,market_open,market_open,TONUSDT,صاعد,London-Expansion,1,15365,15366,2025-02-23T08:25:00+00:00,2025-02-23T08:30:00+00:00,1,-0.0036518180666156234,-0.07303636133231246,20.0,وقف-افتتاح,0,False,True,symbol_collision,True,3.7831346,3.782,0.0003,3.778,1,baseline,15365,"""{\""session\"": \""London\"", \""pre_high\"": 3.778, \""pre_low\"": 3.758, \""tf\"": \""5min\""}"""
افتتاح-سوق,market_open,market_open,TONUSDT,صاعد,Asia-Expansion,1,15554,15560,2025-02-24T00:10:00+00:00,2025-02-24T00:40:00+00:00,6,-0.004444454720459417,-0.08888909440918835,20.0,وقف-افتتاح,0,False,True,symbol_collision,True,3.7801337,3.779,0.0003,3.772,1,baseline,15554,"""{\""session\"": \""Asia\"", \""pre_high\"": 3.772, \""pre_low\"": 3.745, \""tf\"": \""5min\""}"""
افتتاح-سوق,market_open,market_open,TONUSDT,صاعد,NewYork-Expansion,1,16307,16307,2025-02-26T14:55:00+00:00,2025-02-26T14:55:00+00:00,0,-0.003722342771403545,-0.07444685542807089,20.0,وقف-افتتاح,0,False,True,,False,3.5460635,3.545,0.0003,3.541,1,baseline,16307,"""{\""session\"": \""NewYork\"", \""pre_high\"": 3.541, \""pre_low\"": 3.46, \""tf\"": \""5min\""}"""
افتتاح-سوق,market_open,market_open,TONUSDT,صاعد,Asia-Expansion,1,16705,16705,2025-02-28T00:05:00+00:00,2025-02-28T00:05:00+00:00,0,-0.003469796391779674,-0.06939592783559348,20.0,وقف-افتتاح,0,False,True,,False,3.4290284,3.428,0.0003,3.425,1,baseline,16705,"""{\""session\"": \""Asia\"", \""pre_high\"": 3.425, \""pre_low\"": 3.401, \""tf\"": \""5min\""}"""
افتتاح-سوق,market_open,market_open,TONUSDT,صاعد,London-Expansion,1,17091,17093,2025-03-01T08:15:00+00:00,2025-03-01T08:25:00+00:00,2,-0.00016928501388226115,-0.003385700277645223,20.0,تتبع-افتتاح,0,False,True,,False,3.3059915,3.305,0.0003,3.313044234533104,1,baseline,17091,"""{\""session\"": \""London\"", \""pre_high\"": 3.302, \""pre_low\"": 3.281, \""tf\"": \""5min\""}"""
افتتاح-سوق,market_open,market_open,TONUSDT,صاعد,Asia-Expansion,1,17288,17288,2025-03-02T00:40:00+00:00,2025-03-02T00:40:00+00:00,0,-0.0031957842695374953,-0.0639156853907499,20.0,وقف-افتتاح,0,False,True,symbol_collision,True,3.3319992999999997,3.331,0.0003,3.329,1,baseline,17288,"""{\""session\"": \""Asia\"", \""pre_high\"": 3.329, \""pre_low\"": 3.3, \""tf\"": \""5min\""}"""
افتتاح-سوق,market_open,market_open,TONUSDT,صاعد,London-Expansion,1,17385,17385,2025-03-02T08:45:00+00:00,2025-03-02T08:45:00+00:00,0,-0.0038026084147875514,-0.07605216829575102,20.0,وقف-افتتاح,0,False,True,symbol_collision,True,3.3099927,3.309,0.0003,3.305,1,baseline,17385,"""{\""session\"": \""London\"", \""pre_high\"": 3.305, \""pre_low\"": 3.289, \""tf\"": \""5min\""}"""
افتتاح-سوق,market_open,market_open,TONUSDT,صاعد,London-Expansion,1,18247,18248,2025-03-05T08:35:00+00:00,2025-03-05T08:40:00+00:00,1,-0.0016057972749467892,-0.03211594549893579,20.0,تتبع-افتتاح,0,False,True,,False,3.0199057000000002,3.019,0.0003,3.022,1,baseline,18247,"""{\""session\"": \""London\"", \""pre_high\"": 3.014, \""pre_low\"": 2.991, \""tf\"": \""5min\""}"""
افتتاح-سوق,market_open,market_open,TONUSDT,صاعد,NewYork-Expansion,1,18614,18614,2025-03-06T15:10:00+00:00,2025-03-06T15:10:00+00:00,0,-0.0035677892915786185,-0.07135578583157237,20.0,وقف-افتتاح,0,False,True,,False,3.0829245999999997,3.082,0.0003,3.079,1,baseline,18614,"""{\""session\"": \""NewYork\"", \""pre_high\"": 3.079, \""pre_low\"": 3.054, \""tf\"": \""5min\""}"""
افتتاح-سوق,market_open,market_open,TONUSDT,صاعد,London-Expansion,1,19969,19970,2025-03-11T08:05:00+00:00,2025-03-11T08:10:00+00:00,1,-0.0006847240704689083,-0.013694481409378166,20.0,تتبع-افتتاح,0,False,True,,False,2.6087824,2.608,0.0003,2.613,1,baseline,19969,"""{\""session\"": \""London\"", \""pre_high\"": 2.603, \""pre_low\"": 2.582, \""tf\"": \""5min\""}"""
افتتاح-سوق,market_open,market_open,TONUSDT,صاعد,London-Expansion,1,20262,20265,2025-03-12T08:30:00+00:00,2025-03-12T08:45:00+00:00,3,0.0007538149991272613,0.015076299982545225,20.0,تتبع-افتتاح,0,True,True,,False,2.6798037,2.679,0.0003,2.688,1,baseline,20262,"""{\""session\"": \""London\"", \""pre_high\"": 2.674, \""pre_low\"": 2.634, \""tf\"": \""5min\""}"""
افتتاح-سوق,market_open,market_open,TONUSDT,صاعد,London-Expansion,1,20546,20547,2025-03-13T08:10:00+00:00,2025-03-13T08:15:00+00:00,1,-0.004426349260316404,-0.08852698520632808,20.0,وقف-افتتاح,0,False,True,,False,2.7268178,2.726,0.0003,2.721,1,baseline,20546,"""{\""session\"": \""London\"", \""pre_high\"": 2.721, \""pre_low\"": 2.694, \""tf\"": \""5min\""}"""
افتتاح-سوق,market_open,market_open,TONUSDT,صاعد,Asia-Expansion,1,20742,20742,2025-03-14T00:30:00+00:00,2025-03-14T00:30:00+00:00,0,-0.003313963534739856,-0.06627927069479712,20.0,وقف-افتتاح,0,False,True,,False,2.7828346,2.782,0.0003,2.78,1,baseline,20742,"""{\""session\"": \""Asia\"", \""pre_high\"": 2.78, \""pre_low\"": 2.751, \""tf\"": \""5min\""}"""
افتتاح-سوق,market_open,market_open,TONUSDT,صاعد,London-Expansion,1,20844,20844,2025-03-14T09:00:00+00:00,2025-03-14T09:00:00+00:00,0,-0.002596923220735855,-0.0519384644147171,20.0,تتبع-افتتاح,0,False,True,symbol_collision,True,2.8168447999999997,2.816,0.0003,2.816,1,baseline,20844,"""{\""session\"": \""London\"", \""pre_high\"": 2.812, \""pre_low\"": 2.79, \""tf\"": \""5min\""}"""
افتتاح-سوق,market_open,market_open,TONUSDT,صاعد,London-Expansion,1,21989,21993,2025-03-18T08:25:00+00:00,2025-03-18T08:45:00+00:00,4,-0.003449404482940284,-0.06898808965880568,20.0,وقف-افتتاح,0,False,True,symbol_collision,True,3.5110529999999995,3.51,0.0003,3.507,1,baseline,21989,"""{\""session\"": \""London\"", \""pre_high\"": 3.507, \""pre_low\"": 3.43, \""tf\"": \""5min\""}"""
افتتاح-سوق,market_open,market_open,TONUSDT,صاعد,NewYork-Expansion,1,22633,22635,2025-03-20T14:05:00+00:00,2025-03-20T14:15:00+00:00,2,-0.0003914990598088706,-0.007829981196177413,20.0,تتبع-افتتاح,0,False,True,,False,3.6190854,3.618,0.0003,3.626,1,baseline,22633,"""{\""session\"": \""NewYork\"", \""pre_high\"": 3.613, \""pre_low\"": 3.59, \""tf\"": \""5min\""}"""
افتتاح-سوق,market_open,market_open,TONUSDT,صاعد,Asia-Expansion,1,22753,22753,2025-03-21T00:05:00+00:00,2025-03-21T00:05:00+00:00,0,-0.003673160692307798,-0.07346321384615595,20.0,وقف-افتتاح,0,False,True,symbol_collision,True,3.7081120999999997,3.707,0.0003,3.703,1,baseline,22753,"""{\""session\"": \""Asia\"", \""pre_high\"": 3.703, \""pre_low\"": 3.681, \""tf\"": \""5min\""}"""
افتتاح-سوق,market_open,market_open,TONUSDT,صاعد,Asia-Expansion,1,23051,23056,2025-03-22T00:55:00+00:00,2025-03-22T01:20:00+00:00,5,-0.0037017729319286726,-0.07403545863857346,20.0,وقف-افتتاح,0,False,True,,False,3.6120833,3.611,0.0003,3.607,1,baseline,23051,"""{\""session\"": \""Asia\"", \""pre_high\"": 3.607, \""pre_low\"": 3.58, \""tf\"": \""5min\""}"""
افتتاح-سوق,market_open,market_open,TONUSDT,صاعد,NewYork-Expansion,1,23214,23214,2025-03-22T14:30:00+00:00,2025-03-22T14:30:00+00:00,0,-0.0034251018064922647,-0.06850203612984529,20.0,وقف-افتتاح,0,False,True,,False,3.6140839,3.613,0.0003,3.61,1,baseline,23214,"""{\""session\"": \""NewYork\"", \""pre_high\"": 3.61, \""pre_low\"": 3.589, \""tf\"": \""5min\""}"""
افتتاح-سوق,market_open,market_open,TONUSDT,صاعد,Asia-Expansion,1,23617,23618,2025-03-24T00:05:00+00:00,2025-03-24T00:10:00+00:00,1,-0.0020563253471425863,-0.04112650694285173,20.0,تتبع-افتتاح,0,False,True,,False,3.6911069999999997,3.69,0.0003,3.692,1,baseline,23617,"""{\""session\"": \""Asia\"", \""pre_high\"": 3.683, \""pre_low\"": 3.638, \""tf\"": \""5min\""}"""
افتتاح-سوق,market_open,market_open,TONUSDT,صاعد,NewYork-Expansion,1,23787,23787,2025-03-24T14:15:00+00:00,2025-03-24T14:15:00+00:00,0,-0.003668535443974502,-0.07337070887949004,20.0,وقف-افتتاح,0,False,True,symbol_collision,True,3.7241169,3.723,0.0003,3.719,1,baseline,23787,"""{\""session\"": \""NewYork\"", \""pre_high\"": 3.719, \""pre_low\"": 3.68, \""tf\"": \""5min\""}"""
افتتاح-سوق,market_open,market_open,TONUSDT,صاعد,London-Expansion,1,24005,24006,2025-03-25T08:25:00+00:00,2025-03-25T08:30:00+00:00,1,-0.0023261105471601624,-0.046522210943203246,20.0,تتبع-افتتاح,0,False,True,,False,3.6841049,3.683,0.0003,3.684,1,baseline,24005,"""{\""session\"": \""London\"", \""pre_high\"": 3.678, \""pre_low\"": 3.656, \""tf\"": \""5min\""}"""
افتتاح-سوق,market_open,market_open,TONUSDT,صاعد,Asia-Expansion,1,24196,24196,2025-03-26T00:20:00+00:00,2025-03-26T00:20:00+00:00,0,-0.003980667777865858,-0.07961335555731716,20.0,وقف-افتتاح,0,False,True,,False,3.6050812,3.604,0.0003,3.599,1,baseline,24196,"""{\""session\"": \""Asia\"", \""pre_high\"": 3.599, \""pre_low\"": 3.574, \""tf\"": \""5min\""}"""
افتتاح-سوق,market_open,market_open,TONUSDT,صاعد,London-Expansion,1,24582,24582,2025-03-27T08:30:00+00:00,2025-03-27T08:30:00+00:00,0,-0.003905507682529789,-0.07811015365059579,20.0,وقف-افتتاح,0,False,True,symbol_collision,True,3.8121433,3.811,0.0003,3.806,1,baseline,24582,"""{\""session\"": \""London\"", \""pre_high\"": 3.806, \""pre_low\"": 3.78, \""tf\"": \""5min\""}"""
افتتاح-سوق,market_open,market_open,TONUSDT,صاعد,London-Expansion,1,25439,25443,2025-03-30T07:55:00+00:00,2025-03-30T08:15:00+00:00,4,-0.004665687704592341,-0.09331375409184682,20.0,وقف-افتتاح,0,False,True,symbol_collision,True,3.8581571,3.857,0.0003,3.849,1,baseline,25439,"""{\""session\"": \""London\"", \""pre_high\"": 3.849, \""pre_low\"": 3.756, \""tf\"": \""5min\""}"""
افتتاح-سوق,market_open,market_open,TONUSDT,صاعد,NewYork-Expansion,1,25799,25800,2025-03-31T13:55:00+00:00,2025-03-31T14:00:00+00:00,1,-7.631903377778684e-05,-0.0015263806755557367,20.0,تتبع-افتتاح,0,False,True,,False,3.9581870999999995,3.957,0.0003,3.967,1,baseline,25799,"""{\""session\"": \""NewYork\"", \""pre_high\"": 3.953, \""pre_low\"": 3.911, \""tf\"": \""5min\""}"""
افتتاح-سوق,market_open,market_open,TONUSDT,صاعد,Asia-Expansion,1,25921,25922,2025-04-01T00:05:00+00:00,2025-04-01T00:10:00+00:00,1,-0.0035641019618552327,-0.07128203923710466,20.0,وقف-افتتاح,0,False,True,symbol_collision,True,4.1262375,4.125,0.0003,4.121,1,baseline,25921,"""{\""session\"": \""Asia\"", \""pre_high\"": 4.121, \""pre_low\"": 4.076, \""tf\"": \""5min\""}"""
افتتاح-سوق,market_open,market_open,TONUSDT,صاعد,London-Expansion,1,26294,26295,2025-04-02T07:10:00+00:00,2025-04-02T07:15:00+00:00,1,-0.0033453497415807153,-0.0669069948316143,20.0,وقف-افتتاح,0,False,True,,False,3.9991994,3.998,0.0003,3.995,1,baseline,26294,"""{\""session\"": \""London\"", \""pre_high\"": 3.995, \""pre_low\"": 3.965, \""tf\"": \""5min\""}"""
افتتاح-سوق,market_open,market_open,TONUSDT,صاعد,NewYork-Expansion,1,26374,26374,2025-04-02T13:50:00+00:00,2025-04-02T13:50:00+00:00,0,-0.004074192650673235,-0.0814838530134647,20.0,وقف-افتتاح,0,False,True,,False,4.0522153,4.051,0.0003,4.045,1,baseline,26374,"""{\""session\"": \""NewYork\"", \""pre_high\"": 4.045, \""pre_low\"": 4.015, \""tf\"": \""5min\""}"""
افتتاح-سوق,market_open,market_open,TONUSDT,صاعد,London-Expansion,1,26871,26871,2025-04-04T07:15:00+00:00,2025-04-04T07:15:00+00:00,0,-0.0034455361618412764,-0.06891072323682552,20.0,وقف-افتتاح,0,False,True,,False,3.5270577999999997,3.526,0.0003,3.523,1,baseline,26871,"""{\""session\"": \""London\"", \""pre_high\"": 3.523, \""pre_low\"": 3.495, \""tf\"": \""5min\""}"""
افتتاح-سوق,market_open,market_open,TONUSDT,صاعد,NewYork-Expansion,1,27815,27815,2025-04-07T13:55:00+00:00,2025-04-07T13:55:00+00:00,0,-0.004531124403888826,-0.09062248807777652,20.0,وقف-افتتاح,0,False,True,,False,3.0949281999999996,3.094,0.0003,3.088,1,baseline,27815,"""{\""session\"": \""NewYork\"", \""pre_high\"": 3.088, \""pre_low\"": 3.026, \""tf\"": \""5min\""}"""
افتتاح-سوق,market_open,market_open,TONUSDT,صاعد,Asia-Expansion,1,28227,28227,2025-04-09T00:15:00+00:00,2025-04-09T00:15:00+00:00,0,-0.0032616370339843288,-0.06523274067968657,20.0,وقف-افتتاح,0,False,True,,False,3.0019003,3.001,0.0003,2.999,1,baseline,28227,"""{\""session\"": \""Asia\"", \""pre_high\"": 2.999, \""pre_low\"": 2.973, \""tf\"": \""5min\""}"""
افتتاح-سوق,market_open,market_open,TONUSDT,صاعد,London-Expansion,1,28309,28309,2025-04-09T07:05:00+00:00,2025-04-09T07:05:00+00:00,0,-0.003575089036472418,-0.07150178072944836,20.0,وقف-افتتاح,0,False,True,,False,3.0599177,3.059,0.0003,3.056,1,baseline,28309,"""{\""session\"": \""London\"", \""pre_high\"": 3.056, \""pre_low\"": 2.985, \""tf\"": \""5min\""}"""
افتتاح-سوق,market_open,market_open,TONUSDT,صاعد,NewYork-Expansion,1,28970,28970,2025-04-11T14:10:00+00:00,2025-04-11T14:10:00+00:00,0,-0.0036119195675261783,-0.07223839135052357,20.0,وقف-افتتاح,0,False,True,,False,2.9488844,2.948,0.0003,2.945,1,baseline,28970,"""{\""session\"": \""NewYork\"", \""pre_high\"": 2.945, \""pre_low\"": 2.914, \""tf\"": \""5min\""}"""
افتتاح-سوق,market_open,market_open,TONUSDT,صاعد,Asia-Expansion,1,29667,29668,2025-04-14T00:15:00+00:00,2025-04-14T00:20:00+00:00,1,0.001629361002904887,0.03258722005809774,20.0,تتبع-افتتاح,0,True,True,,False,2.8328496,2.832,0.0003,2.844,1,baseline,29667,"""{\""session\"": \""Asia\"", \""pre_high\"": 2.827, \""pre_low\"": 2.803, \""tf\"": \""5min\""}"""
افتتاح-سوق,market_open,market_open,TONUSDT,صاعد,London-Expansion,1,30040,30043,2025-04-15T07:20:00+00:00,2025-04-15T07:35:00+00:00,3,0.001810364338112097,0.03620728676224194,20.0,تتبع-افتتاح,0,True,True,symbol_collision,True,2.9428826,2.942,0.0003,2.955,1,baseline,30040,"""{\""session\"": \""London\"", \""pre_high\"": 2.938, \""pre_low\"": 2.912, \""tf\"": \""5min\""}"""
افتتاح-سوق,market_open,market_open,TONUSDT,صاعد,Asia-Expansion,1,30247,30247,2025-04-16T00:35:00+00:00,2025-04-16T00:35:00+00:00,0,-0.0029456655552741818,-0.05891331110548363,20.0,وقف-افتتاح,0,False,True,,False,2.860858,2.86,0.0003,2.859,1,baseline,30247,"""{\""session\"": \""Asia\"", \""pre_high\"": 2.859, \""pre_low\"": 2.822, \""tf\"": \""5min\""}"""
افتتاح-سوق,market_open,market_open,TONUSDT,صاعد,NewYork-Expansion,1,30983,30985,2025-04-18T13:55:00+00:00,2025-04-18T14:05:00+00:00,2,-0.004253738962894112,-0.08507477925788223,20.0,وقف-افتتاح,0,False,True,symbol_collision,True,3.010903,3.01,0.0003,3.005,1,baseline,30983,"""{\""session\"": \""NewYork\"", \""pre_high\"": 3.005, \""pre_low\"": 2.992, \""tf\"": \""5min\""}"""
افتتاح-سوق,market_open,market_open,TONUSDT,صاعد,NewYork-Expansion,1,31270,31270,2025-04-19T13:50:00+00:00,2025-04-19T13:50:00+00:00,0,-0.003601020277896286,-0.07202040555792573,20.0,وقف-افتتاح,0,False,True,,False,2.9808939999999997,2.98,0.0003,2.977,1,baseline,31270,"""{\""session\"": \""NewYork\"", \""pre_high\"": 2.977, \""pre_low\"": 2.965, \""tf\"": \""5min\""}"""
افتتاح-سوق,market_open,market_open,TONUSDT,صاعد,Asia-Expansion,1,31979,31979,2025-04-22T00:55:00+00:00,2025-04-22T00:55:00+00:00,0,-0.004657673379370565,-0.09315346758741129,20.0,وقف-افتتاح,0,False,True,,False,2.9048711999999997,2.904,0.0003,2.898,1,baseline,31979,"""{\""session\"": \""Asia\"", \""pre_high\"": 2.898, \""pre_low\"": 2.877, \""tf\"": \""5min\""}"""
افتتاح-سوق,market_open,market_open,TONUSDT,صاعد,London-Expansion,1,32059,32059,2025-04-22T07:35:00+00:00,2025-04-22T07:35:00+00:00,0,-0.004291457839796745,-0.0858291567959349,20.0,وقف-افتتاح,0,False,True,,False,2.9438828999999997,2.943,0.0003,2.938,1,baseline,32059,"""{\""session\"": \""London\"", \""pre_high\"": 2.938, \""pre_low\"": 2.918, \""tf\"": \""5min\""}"""
افتتاح-سوق,market_open,market_open,TONUSDT,صاعد,NewYork-Expansion,1,32133,32133,2025-04-22T13:45:00+00:00,2025-04-22T13:45:00+00:00,0,-0.0032745068326783876,-0.06549013665356775,20.0,وقف-افتتاح,0,False,True,,False,2.9448832,2.944,0.0003,2.942,1,baseline,32133,"""{\""session\"": \""NewYork\"", \""pre_high\"": 2.942, \""pre_low\"": 2.916, \""tf\"": \""5min\""}"""
افتتاح-سوق,market_open,market_open,TONUSDT,صاعد,Asia-Expansion,1,32260,32260,2025-04-23T00:20:00+00:00,2025-04-23T00:20:00+00:00,0,-0.002596923220735966,-0.05193846441471932,20.0,تتبع-افتتاح,0,False,True,symbol_collision,True,3.0979291,3.097,0.0003,3.097,1,baseline,32260,"""{\""session\"": \""Asia\"", \""pre_high\"": 3.092, \""pre_low\"": 3.067, \""tf\"": \""5min\""}"""
افتتاح-سوق,market_open,market_open,TONUSDT,صاعد,London-Expansion,1,32631,32631,2025-04-24T07:15:00+00:00,2025-04-24T07:15:00+00:00,0,-0.004821850415590936,-0.09643700831181871,20.0,وقف-افتتاح,0,False,True,symbol_collision,True,3.1389413999999998,3.138,0.0003,3.131,1,baseline,32631,"""{\""session\"": \""London\"", \""pre_high\"": 3.131, \""pre_low\"": 3.107, \""tf\"": \""5min\""}"""
افتتاح-سوق,market_open,market_open,TONUSDT,صاعد,Asia-Expansion,1,32844,32846,2025-04-25T01:00:00+00:00,2025-04-25T01:10:00+00:00,2,0.0002091498305345807,0.004182996610691614,20.0,تتبع-افتتاح,0,True,True,,False,3.1999596999999995,3.199,0.0003,3.208,1,baseline,32844,"""{\""session\"": \""Asia\"", \""pre_high\"": 3.194, \""pre_low\"": 3.16, \""tf\"": \""5min\""}"""
افتتاح-سوق,market_open,market_open,TONUSDT,صاعد,London-Expansion,1,32918,32920,2025-04-25T07:10:00+00:00,2025-04-25T07:20:00+00:00,2,-0.004124807835900028,-0.08249615671800056,20.0,وقف-افتتاح,0,False,True,,False,3.2649791999999995,3.264,0.0003,3.259,1,baseline,32918,"""{\""session\"": \""London\"", \""pre_high\"": 3.259, \""pre_low\"": 3.211, \""tf\"": \""5min\""}"""
افتتاح-سوق,market_open,market_open,TONUSDT,صاعد,Asia-Expansion,1,33130,33132,2025-04-26T00:50:00+00:00,2025-04-26T01:00:00+00:00,2,-0.004764517612991356,-0.09529035225982711,20.0,وقف-افتتاح,0,False,True,,False,3.2219663,3.221,0.0003,3.214,1,baseline,33130,"""{\""session\"": \""Asia\"", \""pre_high\"": 3.214, \""pre_low\"": 3.193, \""tf\"": \""5min\""}"""
افتتاح-سوق,market_open,market_open,TONUSDT,صاعد,London-Expansion,1,33783,33786,2025-04-28T07:15:00+00:00,2025-04-28T07:30:00+00:00,3,0.0015192852373516073,0.030385704747032147,20.0,تتبع-افتتاح,0,True,True,,False,3.3169948,3.316,0.0003,3.329684885844842,1,baseline,33783,"""{\""session\"": \""London\"", \""pre_high\"": 3.314, \""pre_low\"": 3.272, \""tf\"": \""5min\""}"""
افتتاح-سوق,market_open,market_open,TONUSDT,صاعد,Asia-Expansion,1,33990,33998,2025-04-29T00:30:00+00:00,2025-04-29T01:10:00+00:00,8,-0.00016423278956681053,-0.0032846557913362106,20.0,تتبع-افتتاح,0,False,True,,False,3.2809839999999997,3.28,0.0003,3.288,1,baseline,33990,"""{\""session\"": \""Asia\"", \""pre_high\"": 3.277, \""pre_low\"": 3.254, \""tf\"": \""5min\""}"""
افتتاح-سوق,market_open,market_open,TONUSDT,صاعد,NewYork-Expansion,1,34147,34147,2025-04-29T13:35:00+00:00,2025-04-29T13:35:00+00:00,0,-0.004428140619963326,-0.08856281239926653,20.0,وقف-افتتاح,0,False,True,,False,3.2689804,3.268,0.0003,3.262,1,baseline,34147,"""{\""session\"": \""NewYork\"", \""pre_high\"": 3.262, \""pre_low\"": 3.233, \""tf\"": \""5min\""}"""
افتتاح-سوق,market_open,market_open,TONUSDT,صاعد,Asia-Expansion,1,34853,34854,2025-05-02T00:25:00+00:00,2025-05-02T00:30:00+00:00,1,-0.0032160436904933062,-0.06432087380986612,20.0,وقف-افتتاح,0,False,True,symbol_collision,True,3.2229666,3.222,0.0003,3.22,1,baseline,34853,"""{\""session\"": \""Asia\"", \""pre_high\"": 3.22, \""pre_low\"": 3.194, \""tf\"": \""5min\""}"""
افتتاح-سوق,market_open,market_open,TONUSDT,صاعد,NewYork-Expansion,1,35020,35021,2025-05-02T14:20:00+00:00,2025-05-02T14:25:00+00:00,1,-0.0035349198446663127,-0.07069839689332626,20.0,وقف-افتتاح,0,False,True,,False,3.190957,3.19,0.0003,3.187,1,baseline,35020,"""{\""session\"": \""NewYork\"", \""pre_high\"": 3.187, \""pre_low\"": 3.15, \""tf\"": \""5min\""}"""
افتتاح-سوق,market_open,market_open,TONUSDT,صاعد,Asia-Expansion,1,35142,35144,2025-05-03T00:30:00+00:00,2025-05-03T00:40:00+00:00,2,-0.002911363030565585,-0.0582272606113117,20.0,وقف-افتتاح,0,False,True,,False,3.1729516,3.172,0.0003,3.171,1,baseline,35142,"""{\""session\"": \""Asia\"", \""pre_high\"": 3.171, \""pre_low\"": 3.147, \""tf\"": \""5min\""}"""
افتتاح-سوق,market_open,market_open,TONUSDT,صاعد,London-Expansion,1,35223,35223,2025-05-03T07:15:00+00:00,2025-05-03T07:15:00+00:00,0,-0.0038471934517347534,-0.07694386903469506,20.0,وقف-افتتاح,0,False,True,,False,3.1919573,3.191,0.0003,3.187,1,baseline,35223,"""{\""session\"": \""London\"", \""pre_high\"": 3.187, \""pre_low\"": 3.163, \""tf\"": \""5min\""}"""
افتتاح-سوق,market_open,market_open,TONUSDT,صاعد,London-Expansion,1,35511,35511,2025-05-04T07:15:00+00:00,2025-05-04T07:15:00+00:00,0,-0.0032368995292243134,-0.06473799058448626,20.0,وقف-افتتاح,0,False,True,,False,3.1179351,3.117,0.0003,3.115,1,baseline,35511,"""{\""session\"": \""London\"", \""pre_high\"": 3.115, \""pre_low\"": 3.087, \""tf\"": \""5min\""}"""
افتتاح-سوق,market_open,market_open,TONUSDT,صاعد,NewYork-Expansion,1,36164,36165,2025-05-06T13:40:00+00:00,2025-05-06T13:45:00+00:00,1,-0.0005572392229148016,-0.011144784458296031,20.0,تتبع-افتتاح,0,False,True,,False,2.9868958,2.986,0.0003,2.9921063541503807,1,baseline,36164,"""{\""session\"": \""NewYork\"", \""pre_high\"": 2.983, \""pre_low\"": 2.969, \""tf\"": \""5min\""}"""
افتتاح-سوق,market_open,market_open,TONUSDT,صاعد,NewYork-Expansion,1,36457,36464,2025-05-07T14:05:00+00:00,2025-05-07T14:40:00+00:00,7,-0.001110456133805467,-0.02220912267610934,20.0,تتبع-افتتاح,0,False,True,symbol_collision,True,3.0199057000000002,3.019,0.0003,3.023499328546223,1,baseline,36457,"""{\""session\"": \""NewYork\"", \""pre_high\"": 3.016, \""pre_low\"": 2.997, \""tf\"": \""5min\""}"""
افتتاح-سوق,market_open,market_open,TONUSDT,صاعد,London-Expansion,1,37240,37240,2025-05-10T07:20:00+00:00,2025-05-10T07:20:00+00:00,0,-0.003190262350289413,-0.06380524700578827,20.0,وقف-افتتاح,0,False,True,symbol_collision,True,3.3630086,3.362,0.0003,3.36,1,baseline,37240,"""{\""session\"": \""London\"", \""pre_high\"": 3.36, \""pre_low\"": 3.324, \""tf\"": \""5min\""}"""
افتتاح-سوق,market_open,market_open,TONUSDT,صاعد,NewYork-Expansion,1,37319,37319,2025-05-10T13:55:00+00:00,2025-05-10T13:55:00+00:00,0,-0.0031864049446006177,-0.06372809889201235,20.0,وقف-افتتاح,0,False,True,symbol_collision,True,3.3850152,3.384,0.0003,3.382,1,baseline,37319,"""{\""session\"": \""NewYork\"", \""pre_high\"": 3.382, \""pre_low\"": 3.338, \""tf\"": \""5min\""}"""
افتتاح-سوق,market_open,market_open,TONUSDT,صاعد,Asia-Expansion,1,37450,37450,2025-05-11T00:50:00+00:00,2025-05-11T00:50:00+00:00,0,-0.0048560468374499715,-0.09712093674899944,20.0,وقف-افتتاح,0,False,True,symbol_collision,True,3.5330596,3.532,0.0003,3.524,1,baseline,37450,"""{\""session\"": \""Asia\"", \""pre_high\"": 3.524, \""pre_low\"": 3.458, \""tf\"": \""5min\""}"""
افتتاح-سوق,market_open,market_open,TONUSDT,صاعد,Asia-Expansion,1,37734,37737,2025-05-12T00:30:00+00:00,2025-05-12T00:45:00+00:00,3,-0.0003615437955302552,-0.007230875910605104,20.0,تتبع-افتتاح,0,False,True,,False,3.4260274999999996,3.425,0.0003,3.4326761087965076,1,baseline,37734,"""{\""session\"": \""Asia\"", \""pre_high\"": 3.42, \""pre_low\"": 3.369, \""tf\"": \""5min\""}"""
افتتاح-سوق,market_open,market_open,TONUSDT,صاعد,Asia-Expansion,1,38316,38316,2025-05-14T01:00:00+00:00,2025-05-14T01:00:00+00:00,0,-0.003471071403715088,-0.06942142807430175,20.0,وقف-افتتاح,0,False,True,symbol_collision,True,3.4240269,3.423,0.0003,3.42,1,baseline,38316,"""{\""session\"": \""Asia\"", \""pre_high\"": 3.42, \""pre_low\"": 3.387, \""tf\"": \""5min\""}"""
افتتاح-سوق,market_open,market_open,TONUSDT,صاعد,London-Expansion,1,38970,38970,2025-05-16T07:30:00+00:00,2025-05-16T07:30:00+00:00,0,-0.0038691210227503195,-0.07738242045500639,20.0,وقف-افتتاح,0,False,True,,False,3.1369408,3.136,0.0003,3.132,1,baseline,38970,"""{\""session\"": \""London\"", \""pre_high\"": 3.132, \""pre_low\"": 3.102, \""tf\"": \""5min\""}"""
افتتاح-سوق,market_open,market_open,TONUSDT,صاعد,NewYork-Expansion,1,39044,39044,2025-05-16T13:40:00+00:00,2025-05-16T13:40:00+00:00,0,-0.0044901274158247175,-0.08980254831649435,20.0,وقف-افتتاح,0,False,True,symbol_collision,True,3.1619482999999997,3.161,0.0003,3.155,1,baseline,39044,"""{\""session\"": \""NewYork\"", \""pre_high\"": 3.155, \""pre_low\"": 3.126, \""tf\"": \""5min\""}"""
افتتاح-سوق,market_open,market_open,TONUSDT,صاعد,London-Expansion,1,39254,39254,2025-05-17T07:10:00+00:00,2025-05-17T07:10:00+00:00,0,-0.004206676411147867,-0.08413352822295733,20.0,وقف-افتتاح,0,False,True,,False,3.0989294,3.098,0.0003,3.093,1,baseline,39254,"""{\""session\"": \""London\"", \""pre_high\"": 3.093, \""pre_low\"": 3.055, \""tf\"": \""5min\""}"""
افتتاح-سوق,market_open,market_open,TONUSDT,صاعد,Asia-Expansion,1,40033,40035,2025-05-20T00:05:00+00:00,2025-05-20T00:15:00+00:00,2,-0.0016116715808484167,-0.03223343161696834,20.0,تتبع-افتتاح,0,False,True,,False,3.0379110999999996,3.037,0.0003,3.04,1,baseline,40033,"""{\""session\"": \""Asia\"", \""pre_high\"": 3.031, \""pre_low\"": 3.011, \""tf\"": \""5min\""}"""
افتتاح-سوق,market_open,market_open,TONUSDT,صاعد,Asia-Expansion,1,40619,40619,2025-05-22T00:55:00+00:00,2025-05-22T00:55:00+00:00,0,-0.00419635086149802,-0.0839270172299604,20.0,وقف-افتتاح,0,False,True,,False,3.1189354,3.118,0.0003,3.113,1,baseline,40619,"""{\""session\"": \""Asia\"", \""pre_high\"": 3.113, \""pre_low\"": 3.082, \""tf\"": \""5min\""}"""
افتتاح-سوق,market_open,market_open,TONUSDT,صاعد,London-Expansion,1,40693,40693,2025-05-22T07:05:00+00:00,2025-05-22T07:05:00+00:00,0,-0.002596923220735855,-0.0519384644147171,20.0,تتبع-افتتاح,0,False,True,symbol_collision,True,3.1419422999999997,3.141,0.0003,3.141,1,baseline,40693,"""{\""session\"": \""London\"", \""pre_high\"": 3.138, \""pre_low\"": 3.103, \""tf\"": \""5min\""}"""
افتتاح-سوق,market_open,market_open,TONUSDT,صاعد,Asia-Expansion,1,40906,40906,2025-05-23T00:50:00+00:00,2025-05-23T00:50:00+00:00,0,-0.0029107693745367095,-0.05821538749073419,20.0,وقف-افتتاح,0,False,True,symbol_collision,True,3.1789533999999997,3.178,0.0003,3.177,1,baseline,40906,"""{\""session\"": \""Asia\"", \""pre_high\"": 3.177, \""pre_low\"": 3.163, \""tf\"": \""5min\""}"""
افتتاح-سوق,market_open,market_open,TONUSDT,صاعد,London-Expansion,1,41269,41269,2025-05-24T07:05:00+00:00,2025-05-24T07:05:00+00:00,0,-0.0029263165750222173,-0.05852633150044435,20.0,وقف-افتتاح,0,False,True,,False,3.0289083999999997,3.028,0.0003,3.027,1,baseline,41269,"""{\""session\"": \""London\"", \""pre_high\"": 3.027, \""pre_low\"": 3.008, \""tf\"": \""5min\""}"""
افتتاح-سوق,market_open,market_open,TONUSDT,صاعد,NewYork-Expansion,1,41354,41364,2025-05-24T14:10:00+00:00,2025-05-24T15:00:00+00:00,10,-0.0005350723966621232,-0.010701447933242465,20.0,تتبع-افتتاح,0,False,True,,False,3.0059015,3.005,0.0003,3.011211993797281,1,baseline,41354,"""{\""session\"": \""NewYork\"", \""pre_high\"": 3.002, \""pre_low\"": 2.985, \""tf\"": \""5min\""}"""
افتتاح-سوق,market_open,market_open,TONUSDT,صاعد,Asia-Expansion,1,41479,41479,2025-05-25T00:35:00+00:00,2025-05-25T00:35:00+00:00,0,-0.0032524625416556464,-0.06504925083311293,20.0,وقف-افتتاح,0,False,True,symbol_collision,True,3.0439129,3.043,0.0003,3.041,1,baseline,41479,"""{\""session\"": \""Asia\"", \""pre_high\"": 3.041, \""pre_low\"": 3.02, \""tf\"": \""5min\""}"""
افتتاح-سوق,market_open,market_open,TONUSDT,صاعد,Asia-Expansion,1,41768,41781,2025-05-26T00:40:00+00:00,2025-05-26T01:45:00+00:00,13,-0.004257601004251047,-0.08515202008502094,20.0,وقف-افتتاح,0,False,True,,False,3.0039009,3.003,0.0003,2.998,1,baseline,41768,"""{\""session\"": \""Asia\"", \""pre_high\"": 2.998, \""pre_low\"": 2.981, \""tf\"": \""5min\""}"""
افتتاح-سوق,market_open,market_open,TONUSDT,صاعد,London-Expansion,1,41846,41846,2025-05-26T07:10:00+00:00,2025-05-26T07:10:00+00:00,0,-0.004582463519566447,-0.09164927039132895,20.0,وقف-افتتاح,0,False,True,,False,3.0149041999999997,3.014,0.0003,3.008,1,baseline,41846,"""{\""session\"": \""London\"", \""pre_high\"": 3.008, \""pre_low\"": 2.987, \""tf\"": \""5min\""}"""
افتتاح-سوق,market_open,market_open,TONUSDT,صاعد,Asia-Expansion,1,42626,42626,2025-05-29T00:10:00+00:00,2025-05-29T00:10:00+00:00,0,-0.0037804332495454786,-0.07560866499090957,20.0,وقف-افتتاح,0,False,True,symbol_collision,True,3.3720113,3.371,0.0003,3.367,1,baseline,42626,"""{\""session\"": \""Asia\"", \""pre_high\"": 3.367, \""pre_low\"": 3.305, \""tf\"": \""5min\""}"""
افتتاح-سوق,market_open,market_open,TONUSDT,صاعد,London-Expansion,1,42713,42713,2025-05-29T07:25:00+00:00,2025-05-29T07:25:00+00:00,0,-0.0037989757386983204,-0.0759795147739664,20.0,وقف-افتتاح,0,False,True,symbol_collision,True,3.3199956999999998,3.319,0.0003,3.315,1,baseline,42713,"""{\""session\"": \""London\"", \""pre_high\"": 3.315, \""pre_low\"": 3.267, \""tf\"": \""5min\""}"""
افتتاح-سوق,market_open,market_open,TONUSDT,صاعد,Asia-Expansion,1,43500,43500,2025-06-01T01:00:00+00:00,2025-06-01T01:00:00+00:00,0,-0.0032281909908493736,-0.06456381981698747,20.0,وقف-افتتاح,0,False,True,,False,3.160948,3.16,0.0003,3.158,1,baseline,43500,"""{\""session\"": \""Asia\"", \""pre_high\"": 3.158, \""pre_low\"": 3.128, \""tf\"": \""5min\""}"""
افتتاح-سوق,market_open,market_open,TONUSDT,صاعد,NewYork-Expansion,1,43662,43666,2025-06-01T14:30:00+00:00,2025-06-01T14:50:00+00:00,4,-0.004508267347428715,-0.0901653469485743,20.0,وقف-افتتاح,0,False,True,,False,3.1319392999999995,3.131,0.0003,3.125,1,baseline,43662,"""{\""session\"": \""NewYork\"", \""pre_high\"": 3.125, \""pre_low\"": 3.08, \""tf\"": \""5min\""}"""
افتتاح-سوق,market_open,market_open,TONUSDT,صاعد,NewYork-Expansion,1,43939,43940,2025-06-02T13:35:00+00:00,2025-06-02T13:40:00+00:00,1,-0.003231807419831382,-0.06463614839662764,20.0,وقف-افتتاح,0,False,True,,False,3.1429425999999996,3.142,0.0003,3.14,1,baseline,43939,"""{\""session\"": \""NewYork\"", \""pre_high\"": 3.14, \""pre_low\"": 3.119, \""tf\"": \""5min\""}"""
افتتاح-سوق,market_open,market_open,TONUSDT,صاعد,Asia-Expansion,1,44357,44357,2025-06-04T00:25:00+00:00,2025-06-04T00:25:00+00:00,0,-0.003221862491900937,-0.06443724983801874,20.0,وقف-افتتاح,0,False,True,,False,3.1929576,3.192,0.0003,3.19,1,baseline,44357,"""{\""session\"": \""Asia\"", \""pre_high\"": 3.19, \""pre_low\"": 3.174, \""tf\"": \""5min\""}"""
افتتاح-سوق,market_open,market_open,TONUSDT,صاعد,Asia-Expansion,1,44936,44936,2025-06-06T00:40:00+00:00,2025-06-06T00:40:00+00:00,0,-0.0029230851163471456,-0.058461702326942915,20.0,وقف-افتتاح,0,False,True,,False,3.0589174,3.058,0.0003,3.057,1,baseline,44936,"""{\""session\"": \""Asia\"", \""pre_high\"": 3.057, \""pre_low\"": 3.029, \""tf\"": \""5min\""}"""
افتتاح-سوق,market_open,market_open,TONUSDT,صاعد,London-Expansion,1,45014,45016,2025-06-06T07:10:00+00:00,2025-06-06T07:20:00+00:00,2,-0.004199949702219843,-0.08399899404439685,20.0,وقف-افتتاح,0,False,True,,False,3.1119333,3.111,0.0003,3.106,1,baseline,45014,"""{\""session\"": \""London\"", \""pre_high\"": 3.106, \""pre_low\"": 3.06, \""tf\"": \""5min\""}"""
افتتاح-سوق,market_open,market_open,TONUSDT,صاعد,London-Expansion,1,45307,45314,2025-06-07T07:35:00+00:00,2025-06-07T08:10:00+00:00,7,-0.004158293096720914,-0.08316586193441827,20.0,وقف-افتتاح,0,False,True,,False,3.1949582,3.194,0.0003,3.189,1,baseline,45307,"""{\""session\"": \""London\"", \""pre_high\"": 3.189, \""pre_low\"": 3.171, \""tf\"": \""5min\""}"""
افتتاح-سوق,market_open,market_open,TONUSDT,صاعد,NewYork-Expansion,1,45667,45669,2025-06-08T13:35:00+00:00,2025-06-08T13:45:00+00:00,2,-0.0003874860253389284,-0.007749720506778569,20.0,تتبع-افتتاح,0,False,True,,False,3.160948,3.16,0.0003,3.167,1,baseline,45667,"""{\""session\"": \""NewYork\"", \""pre_high\"": 3.158, \""pre_low\"": 3.136, \""tf\"": \""5min\""}"""
افتتاح-سوق,market_open,market_open,TONUSDT,صاعد,Asia-Expansion,1,45804,45804,2025-06-09T01:00:00+00:00,2025-06-09T01:00:00+00:00,0,-0.003848369992102493,-0.07696739984204987,20.0,وقف-افتتاح,0,False,True,,False,3.1889564,3.188,0.0003,3.184,1,baseline,45804,"""{\""session\"": \""Asia\"", \""pre_high\"": 3.184, \""pre_low\"": 3.164, \""tf\"": \""5min\""}"""
افتتاح-سوق,market_open,market_open,TONUSDT,صاعد,Asia-Expansion,1,46086,46086,2025-06-10T00:30:00+00:00,2025-06-10T00:30:00+00:00,0,-0.00289707461308598,-0.0579414922617196,20.0,وقف-افتتاح,0,False,True,symbol_collision,True,3.3239969,3.323,0.0003,3.322,1,baseline,46086,"""{\""session\"": \""Asia\"", \""pre_high\"": 3.322, \""pre_low\"": 3.301, \""tf\"": \""5min\""}"""
افتتاح-سوق,market_open,market_open,TONUSDT,صاعد,London-Expansion,1,46750,46750,2025-06-12T07:50:00+00:00,2025-06-12T07:50:00+00:00,0,-0.0032148929089512086,-0.06429785817902417,20.0,وقف-افتتاح,0,False,True,,False,3.2289684000000003,3.228,0.0003,3.226,1,baseline,46750,"""{\""session\"": \""London\"", \""pre_high\"": 3.226, \""pre_low\"": 3.207, \""tf\"": \""5min\""}"""
افتتاح-سوق,market_open,market_open,TONUSDT,صاعد,NewYork-Expansion,1,46819,46821,2025-06-12T13:35:00+00:00,2025-06-12T13:45:00+00:00,2,-0.003842509329732835,-0.0768501865946567,20.0,وقف-افتتاح,0,False,True,,False,3.2039609,3.203,0.0003,3.199,1,baseline,46819,"""{\""session\"": \""NewYork\"", \""pre_high\"": 3.199, \""pre_low\"": 3.162, \""tf\"": \""5min\""}"""
افتتاح-سوق,market_open,market_open,TONUSDT,صاعد,Asia-Expansion,1,47528,47529,2025-06-15T00:40:00+00:00,2025-06-15T00:45:00+00:00,1,-0.0032710719715160997,-0.065421439430322,20.0,وقف-افتتاح,0,False,True,,False,2.9598877,2.959,0.0003,2.957,1,baseline,47528,"""{\""session\"": \""Asia\"", \""pre_high\"": 2.957, \""pre_low\"": 2.948, \""tf\"": \""5min\""}"""
افتتاح-سوق,market_open,market_open,TONUSDT,صاعد,London-Expansion,1,47893,47893,2025-06-16T07:05:00+00:00,2025-06-16T07:05:00+00:00,0,-0.002927189140199284,-0.05854378280398567,20.0,وقف-افتتاح,0,False,True,symbol_collision,True,3.020906,3.02,0.0003,3.019,1,baseline,47893,"""{\""session\"": \""London\"", \""pre_high\"": 3.019, \""pre_low\"": 3.006, \""tf\"": \""5min\""}"""
افتتاح-سوق,market_open,market_open,TONUSDT,صاعد,NewYork-Expansion,1,47976,47977,2025-06-16T14:00:00+00:00,2025-06-16T14:05:00+00:00,1,-0.0004917146927494368,-0.009834293854988735,20.0,تتبع-افتتاح,0,False,True,symbol_collision,True,2.9998997,2.999,0.0003,3.0053299587924056,1,baseline,47976,"""{\""session\"": \""NewYork\"", \""pre_high\"": 2.994, \""pre_low\"": 2.978, \""tf\"": \""5min\""}"""
افتتاح-سوق,market_open,market_open,TONUSDT,صاعد,Asia-Expansion,1,48677,48682,2025-06-19T00:25:00+00:00,2025-06-19T00:50:00+00:00,5,-0.003270844218559634,-0.06541688437119268,20.0,وقف-افتتاح,0,False,True,,False,2.9608879999999997,2.96,0.0003,2.958,1,baseline,48677,"""{\""session\"": \""Asia\"", \""pre_high\"": 2.958, \""pre_low\"": 2.939, \""tf\"": \""5min\""}"""
افتتاح-سوق,market_open,market_open,TONUSDT,صاعد,Asia-Expansion,1,48961,48973,2025-06-20T00:05:00+00:00,2025-06-20T01:05:00+00:00,12,-0.003603046028516039,-0.07206092057032078,20.0,زمني-افتتاح,0,False,True,symbol_collision,True,2.9748922,2.974,0.0003,2.971,1,baseline,48961,"""{\""session\"": \""Asia\"", \""pre_high\"": 2.97, \""pre_low\"": 2.96, \""tf\"": \""5min\""}"""
افتتاح-سوق,market_open,market_open,TONUSDT,صاعد,London-Expansion,1,49049,49051,2025-06-20T07:25:00+00:00,2025-06-20T07:35:00+00:00,2,-0.001290583601610983,-0.02581167203221966,20.0,تتبع-افتتاح,0,False,True,symbol_collision,True,2.9658895,2.965,0.0003,2.968883381815116,1,baseline,49049,"""{\""session\"": \""London\"", \""pre_high\"": 2.961, \""pre_low\"": 2.95, \""tf\"": \""5min\""}"""
افتتاح-سوق,market_open,market_open,TONUSDT,صاعد,London-Expansion,1,49335,49335,2025-06-21T07:15:00+00:00,2025-06-21T07:15:00+00:00,0,-0.0032740468302263404,-0.06548093660452681,20.0,وقف-افتتاح,0,False,True,,False,2.9468838,2.946,0.0003,2.944,1,baseline,49335,"""{\""session\"": \""London\"", \""pre_high\"": 2.944, \""pre_low\"": 2.933, \""tf\"": \""5min\""}"""
افتتاح-سوق,market_open,market_open,TONUSDT,صاعد,Asia-Expansion,1,49539,49542,2025-06-22T00:15:00+00:00,2025-06-22T00:30:00+00:00,3,0.000540660732781431,0.01081321465562862,20.0,تتبع-افتتاح,0,True,True,,False,2.8618583,2.861,0.0003,2.87,1,baseline,49539,"""{\""session\"": \""Asia\"", \""pre_high\"": 2.857, \""pre_low\"": 2.81, \""tf\"": \""5min\""}"""
افتتاح-سوق,market_open,market_open,TONUSDT,صاعد,NewYork-Expansion,1,50284,50284,2025-06-24T14:20:00+00:00,2025-06-24T14:20:00+00:00,0,-0.0036223547595768553,-0.07244709519153711,20.0,وقف-افتتاح,0,False,True,symbol_collision,True,2.9188754,2.918,0.0003,2.915,1,baseline,50284,"""{\""session\"": \""NewYork\"", \""pre_high\"": 2.915, \""pre_low\"": 2.894, \""tf\"": \""5min\""}"""
افتتاح-سوق,market_open,market_open,TONUSDT,صاعد,Asia-Expansion,1,50412,50413,2025-06-25T01:00:00+00:00,2025-06-25T01:05:00+00:00,1,-0.0032828950754670697,-0.0656579015093414,20.0,وقف-افتتاح,0,False,True,symbol_collision,True,2.9088724,2.908,0.0003,2.906,1,baseline,50412,"""{\""session\"": \""Asia\"", \""pre_high\"": 2.906, \""pre_low\"": 2.884, \""tf\"": \""5min\""}"""
افتتاح-سوق,market_open,market_open,TONUSDT,صاعد,London-Expansion,1,50490,50497,2025-06-25T07:30:00+00:00,2025-06-25T08:05:00+00:00,7,-0.00465483878492961,-0.09309677569859219,20.0,وقف-افتتاح,0,False,True,symbol_collision,True,2.9088724,2.908,0.0003,2.902,1,baseline,50490,"""{\""session\"": \""London\"", \""pre_high\"": 2.902, \""pre_low\"": 2.883, \""tf\"": \""5min\""}"""
افتتاح-سوق,market_open,market_open,TONUSDT,صاعد,Asia-Expansion,1,50692,50692,2025-06-26T00:20:00+00:00,2025-06-26T00:20:00+00:00,0,-0.003650889134909286,-0.07301778269818572,20.0,وقف-افتتاح,0,False,True,,False,2.8398517,2.839,0.0003,2.836,1,baseline,50692,"""{\""session\"": \""Asia\"", \""pre_high\"": 2.836, \""pre_low\"": 2.821, \""tf\"": \""5min\""}"""
افتتاح-سوق,market_open,market_open,TONUSDT,صاعد,London-Expansion,1,50775,50775,2025-06-26T07:15:00+00:00,2025-06-26T07:15:00+00:00,0,-0.0029465212147000573,-0.058930424294001145,20.0,وقف-افتتاح,0,False,True,,False,2.8538559,2.853,0.0003,2.852,1,baseline,50775,"""{\""session\"": \""London\"", \""pre_high\"": 2.852, \""pre_low\"": 2.843, \""tf\"": \""5min\""}"""
افتتاح-سوق,market_open,market_open,TONUSDT,صاعد,Asia-Expansion,1,50982,50984,2025-06-27T00:30:00+00:00,2025-06-27T00:40:00+00:00,2,-0.002950737721189674,-0.05901475442379348,20.0,وقف-افتتاح,0,False,True,,False,2.8198456999999997,2.819,0.0003,2.818,1,baseline,50982,"""{\""session\"": \""Asia\"", \""pre_high\"": 2.818, \""pre_low\"": 2.811, \""tf\"": \""5min\""}"""
افتتاح-سوق,market_open,market_open,TONUSDT,صاعد,NewYork-Expansion,1,51145,51147,2025-06-27T14:05:00+00:00,2025-06-27T14:15:00+00:00,2,-0.003991404977854785,-0.07982809955709569,20.0,وقف-افتتاح,0,False,True,symbol_collision,True,2.8618583,2.861,0.0003,2.857,1,baseline,51145,"""{\""session\"": \""NewYork\"", \""pre_high\"": 2.857, \""pre_low\"": 2.83, \""tf\"": \""5min\""}"""
افتتاح-سوق,market_open,market_open,TONUSDT,صاعد,London-Expansion,1,51360,51360,2025-06-28T08:00:00+00:00,2025-06-28T08:00:00+00:00,0,-0.0029468892125882966,-0.058937784251765934,20.0,وقف-افتتاح,0,False,True,symbol_collision,True,2.850855,2.85,0.0003,2.849,1,baseline,51360,"""{\""session\"": \""London\"", \""pre_high\"": 2.849, \""pre_low\"": 2.839, \""tf\"": \""5min\""}"""
افتتاح-سوق,market_open,market_open,TONUSDT,صاعد,NewYork-Expansion,1,51430,51430,2025-06-28T13:50:00+00:00,2025-06-28T13:50:00+00:00,0,-0.002596923220735966,-0.05193846441471932,20.0,تتبع-افتتاح,0,False,True,,False,2.8338499,2.833,0.0003,2.833,1,baseline,51430,"""{\""session\"": \""NewYork\"", \""pre_high\"": 2.83, \""pre_low\"": 2.822, \""tf\"": \""5min\""}"""
افتتاح-سوق,market_open,market_open,TONUSDT,صاعد,NewYork-Expansion,1,52013,52013,2025-06-30T14:25:00+00:00,2025-06-30T14:25:00+00:00,0,-0.003622003464085657,-0.07244006928171313,20.0,وقف-افتتاح,0,False,True,symbol_collision,True,2.9198757,2.919,0.0003,2.916,1,baseline,52013,"""{\""session\"": \""NewYork\"", \""pre_high\"": 2.916, \""pre_low\"": 2.891, \""tf\"": \""5min\""}"""
افتتاح-سوق,market_open,market_open,TONUSDT,صاعد,London-Expansion,1,52509,52511,2025-07-02T07:45:00+00:00,2025-07-02T07:55:00+00:00,2,-0.0033063137447610085,-0.06612627489522017,20.0,وقف-افتتاح,0,False,True,,False,2.8128436,2.812,0.0003,2.81,1,baseline,52509,"""{\""session\"": \""London\"", \""pre_high\"": 2.81, \""pre_low\"": 2.796, \""tf\"": \""5min\""}"""
افتتاح-سوق,market_open,market_open,TONUSDT,صاعد,London-Expansion,1,53369,53370,2025-07-05T07:25:00+00:00,2025-07-05T07:30:00+00:00,1,-0.0033207280660037747,-0.06641456132007549,20.0,وقف-افتتاح,0,False,True,,False,2.7568268,2.756,0.0003,2.754,1,baseline,53369,"""{\""session\"": \""London\"", \""pre_high\"": 2.754, \""pre_low\"": 2.732, \""tf\"": \""5min\""}"""
افتتاح-سوق,market_open,market_open,TONUSDT,صاعد,Asia-Expansion,1,53864,53864,2025-07-07T00:40:00+00:00,2025-07-07T00:40:00+00:00,0,-0.0036497765741271898,-0.0729955314825438,20.0,وقف-افتتاح,0,False,True,,False,2.8428526,2.842,0.0003,2.839,1,baseline,53864,"""{\""session\"": \""Asia\"", \""pre_high\"": 2.839, \""pre_low\"": 2.818, \""tf\"": \""5min\""}"""
افتتاح-سوق,market_open,market_open,TONUSDT,صاعد,NewYork-Expansion,1,54025,54026,2025-07-07T14:05:00+00:00,2025-07-07T14:10:00+00:00,1,-0.004023313033791714,-0.08046626067583428,20.0,وقف-افتتاح,0,False,True,,False,2.7978391,2.797,0.0003,2.793,1,baseline,54025,"""{\""session\"": \""NewYork\"", \""pre_high\"": 2.793, \""pre_low\"": 2.772, \""tf\"": \""5min\""}"""
افتتاح-سوق,market_open,market_open,TONUSDT,صاعد,NewYork-Expansion,1,54309,54311,2025-07-08T13:45:00+00:00,2025-07-08T13:55:00+00:00,2,-0.004036696698583964,-0.08073393397167929,20.0,وقف-افتتاح,0,False,True,,False,2.7718312999999997,2.771,0.0003,2.767,1,baseline,54309,"""{\""session\"": \""NewYork\"", \""pre_high\"": 2.767, \""pre_low\"": 2.757, \""tf\"": \""5min\""}"""
افتتاح-سوق,market_open,market_open,TONUSDT,صاعد,London-Expansion,1,54806,54807,2025-07-10T07:10:00+00:00,2025-07-10T07:15:00+00:00,1,-0.004323729101586459,-0.08647458203172918,20.0,وقف-افتتاح,0,False,True,symbol_collision,True,2.8888664,2.888,0.0003,2.883,1,baseline,54806,"""{\""session\"": \""London\"", \""pre_high\"": 2.883, \""pre_low\"": 2.871, \""tf\"": \""5min\""}"""
افتتاح-سوق,market_open,market_open,TONUSDT,صاعد,NewYork-Expansion,1,55180,55183,2025-07-11T14:20:00+00:00,2025-07-11T14:35:00+00:00,3,-0.000931253419835452,-0.018625068396709042,20.0,تتبع-افتتاح,0,False,True,symbol_collision,True,2.9948982,2.994,0.0003,2.999,1,baseline,55180,"""{\""session\"": \""NewYork\"", \""pre_high\"": 2.99, \""pre_low\"": 2.954, \""tf\"": \""5min\""}"""
افتتاح-سوق,market_open,market_open,TONUSDT,صاعد,London-Expansion,1,55391,55391,2025-07-12T07:55:00+00:00,2025-07-12T07:55:00+00:00,0,-0.003263413749823272,-0.06526827499646544,20.0,وقف-افتتاح,0,False,True,,False,2.9938979,2.993,0.0003,2.991,1,baseline,55391,"""{\""session\"": \""London\"", \""pre_high\"": 2.991, \""pre_low\"": 2.968, \""tf\"": \""5min\""}"""
افتتاح-سوق,market_open,market_open,TONUSDT,صاعد,Asia-Expansion,1,55590,55591,2025-07-13T00:30:00+00:00,2025-07-13T00:35:00+00:00,1,-0.003592666725008018,-0.07185333450016036,20.0,وقف-افتتاح,0,False,True,,False,3.0059015,3.005,0.0003,3.002,1,baseline,55590,"""{\""session\"": \""Asia\"", \""pre_high\"": 3.002, \""pre_low\"": 2.987, \""tf\"": \""5min\""}"""
افتتاح-سوق,market_open,market_open,TONUSDT,صاعد,London-Expansion,1,55673,55674,2025-07-13T07:25:00+00:00,2025-07-13T07:30:00+00:00,1,-0.003924139557102221,-0.07848279114204443,20.0,وقف-افتتاح,0,False,True,,False,3.0069017999999996,3.006,0.0003,3.002,1,baseline,55673,"""{\""session\"": \""London\"", \""pre_high\"": 3.002, \""pre_low\"": 2.987, \""tf\"": \""5min\""}"""
افتتاح-سوق,market_open,market_open,TONUSDT,صاعد,NewYork-Expansion,1,55752,55752,2025-07-13T14:00:00+00:00,2025-07-13T14:00:00+00:00,0,-0.003915367472922633,-0.07830734945845266,20.0,وقف-افتتاح,0,False,True,symbol_collision,True,3.0269077999999996,3.026,0.0003,3.022,1,baseline,55752,"""{\""session\"": \""NewYork\"", \""pre_high\"": 3.022, \""pre_low\"": 3.007, \""tf\"": \""5min\""}"""
افتتاح-سوق,market_open,market_open,TONUSDT,صاعد,London-Expansion,1,55962,55969,2025-07-14T07:30:00+00:00,2025-07-14T08:05:00+00:00,7,-0.004238468771722193,-0.08476937543444385,20.0,وقف-افتتاح,0,False,True,symbol_collision,True,3.0389114,3.038,0.0003,3.033,1,baseline,55962,"""{\""session\"": \""London\"", \""pre_high\"": 3.033, \""pre_low\"": 3.009, \""tf\"": \""5min\""}"""
افتتاح-سوق,market_open,market_open,TONUSDT,صاعد,NewYork-Expansion,1,56328,56328,2025-07-15T14:00:00+00:00,2025-07-15T14:00:00+00:00,0,-0.0035900228657203418,-0.07180045731440683,20.0,وقف-افتتاح,0,False,True,,False,3.0139039,3.013,0.0003,3.01,1,baseline,56328,"""{\""session\"": \""NewYork\"", \""pre_high\"": 3.01, \""pre_low\"": 2.978, \""tf\"": \""5min\""}"""
افتتاح-سوق,market_open,market_open,TONUSDT,صاعد,Asia-Expansion,1,56740,56740,2025-07-17T00:20:00+00:00,2025-07-17T00:20:00+00:00,0,-0.0038511238831431087,-0.07702247766286217,20.0,وقف-افتتاح,0,False,True,symbol_collision,True,3.1819543,3.181,0.0003,3.177,1,baseline,56740,"""{\""session\"": \""Asia\"", \""pre_high\"": 3.177, \""pre_low\"": 3.143, \""tf\"": \""5min\""}"""
افتتاح-سوق,market_open,market_open,TONUSDT,صاعد,London-Expansion,1,56828,56829,2025-07-17T07:40:00+00:00,2025-07-17T07:45:00+00:00,1,-0.0035381655077247527,-0.07076331015449505,20.0,وقف-افتتاح,0,False,True,,False,3.1799536999999996,3.179,0.0003,3.176,1,baseline,56828,"""{\""session\"": \""London\"", \""pre_high\"": 3.176, \""pre_low\"": 3.137, \""tf\"": \""5min\""}"""
افتتاح-سوق,market_open,market_open,TONUSDT,صاعد,Asia-Expansion,1,57030,57034,2025-07-18T00:30:00+00:00,2025-07-18T00:50:00+00:00,4,8.097743046250187e-05,0.0016195486092500375,20.0,تتبع-افتتاح,0,True,True,,False,3.2149642,3.214,0.0003,3.222629182016105,1,baseline,57030,"""{\""session\"": \""Asia\"", \""pre_high\"": 3.211, \""pre_low\"": 3.184, \""tf\"": \""5min\""}"""
افتتاح-سوق,market_open,market_open,TONUSDT,صاعد,NewYork-Expansion,1,57190,57190,2025-07-18T13:50:00+00:00,2025-07-18T13:50:00+00:00,0,-0.0032006781098274373,-0.06401356219654875,20.0,وقف-افتتاح,0,False,True,symbol_collision,True,3.3049912,3.304,0.0003,3.302,1,baseline,57190,"""{\""session\"": \""NewYork\"", \""pre_high\"": 3.302, \""pre_low\"": 3.266, \""tf\"": \""5min\""}"""
افتتاح-سوق,market_open,market_open,TONUSDT,صاعد,Asia-Expansion,1,57318,57318,2025-07-19T00:30:00+00:00,2025-07-19T00:30:00+00:00,0,-0.0032201053992922182,-0.06440210798584436,20.0,وقف-افتتاح,0,False,True,,False,3.2019603,3.201,0.0003,3.199,1,baseline,57318,"""{\""session\"": \""Asia\"", \""pre_high\"": 3.199, \""pre_low\"": 3.164, \""tf\"": \""5min\""}"""
افتتاح-سوق,market_open,market_open,TONUSDT,صاعد,NewYork-Expansion,1,57763,57763,2025-07-20T13:35:00+00:00,2025-07-20T13:35:00+00:00,0,-0.003203985349025336,-0.06407970698050672,20.0,وقف-افتتاح,0,False,True,,False,3.2869858,3.286,0.0003,3.284,1,baseline,57763,"""{\""session\"": \""NewYork\"", \""pre_high\"": 3.284, \""pre_low\"": 3.253, \""tf\"": \""5min\""}"""
افتتاح-سوق,market_open,market_open,TONUSDT,صاعد,Asia-Expansion,1,58181,58183,2025-07-22T00:25:00+00:00,2025-07-22T00:35:00+00:00,2,-0.004682917107038551,-0.09365834214077101,20.0,وقف-افتتاح,0,False,True,,False,3.3480041,3.347,0.0003,3.34,1,baseline,58181,"""{\""session\"": \""Asia\"", \""pre_high\"": 3.34, \""pre_low\"": 3.32, \""tf\"": \""5min\""}"""
افتتاح-سوق,market_open,market_open,TONUSDT,صاعد,Asia-Expansion,1,58756,58764,2025-07-24T00:20:00+00:00,2025-07-24T01:00:00+00:00,8,0.002424020986830915,0.0484804197366183,20.0,تتبع-افتتاح,0,True,True,,False,3.2049612,3.204,0.0003,3.2201289909922792,1,baseline,58756,"""{\""session\"": \""Asia\"", \""pre_high\"": 3.199, \""pre_low\"": 3.182, \""tf\"": \""5min\""}"""
افتتاح-سوق,market_open,market_open,TONUSDT,صاعد,London-Expansion,1,58847,58848,2025-07-24T07:55:00+00:00,2025-07-24T08:00:00+00:00,1,-0.0032391660261314402,-0.0647833205226288,20.0,وقف-افتتاح,0,False,True,,False,3.1069318,3.106,0.0003,3.104,1,baseline,58847,"""{\""session\"": \""London\"", \""pre_high\"": 3.104, \""pre_low\"": 3.018, \""tf\"": \""5min\""}"""
افتتاح-سوق,market_open,market_open,TONUSDT,صاعد,NewYork-Expansion,1,58915,58915,2025-07-24T13:35:00+00:00,2025-07-24T13:35:00+00:00,0,-0.0035414337101101296,-0.0708286742022026,20.0,وقف-افتتاح,0,False,True,,False,3.1689504,3.168,0.0003,3.165,1,baseline,58915,"""{\""session\"": \""NewYork\"", \""pre_high\"": 3.165, \""pre_low\"": 3.112, \""tf\"": \""5min\""}"""
افتتاح-سوق,market_open,market_open,TONUSDT,صاعد,London-Expansion,1,59128,59128,2025-07-25T07:20:00+00:00,2025-07-25T07:20:00+00:00,0,-0.0035584300428238825,-0.07116860085647765,20.0,وقف-افتتاح,0,False,True,,False,3.1129336,3.112,0.0003,3.109,1,baseline,59128,"""{\""session\"": \""London\"", \""pre_high\"": 3.109, \""pre_low\"": 3.067, \""tf\"": \""5min\""}"""
افتتاح-سوق,market_open,market_open,TONUSDT,صاعد,Asia-Expansion,1,59333,59333,2025-07-26T00:25:00+00:00,2025-07-26T00:25:00+00:00,0,-0.0035322809044924823,-0.07064561808984965,20.0,وقف-افتتاح,0,False,True,symbol_collision,True,3.1999596999999995,3.199,0.0003,3.196,1,baseline,59333,"""{\""session\"": \""Asia\"", \""pre_high\"": 3.196, \""pre_low\"": 3.181, \""tf\"": \""5min\""}"""
افتتاح-سوق,market_open,market_open,TONUSDT,صاعد,Asia-Expansion,1,60195,60198,2025-07-29T00:15:00+00:00,2025-07-29T00:30:00+00:00,3,-0.0038359332540021463,-0.07671866508004292,20.0,وقف-افتتاح,0,False,True,symbol_collision,True,3.220966,3.22,0.0003,3.216,1,baseline,60195,"""{\""session\"": \""Asia\"", \""pre_high\"": 3.216, \""pre_low\"": 3.19, \""tf\"": \""5min\""}"""
شبكة-ديناميكية,dynamic_grid,dynamic_grid,TONUSDT,عرضي,,0,17610,18014,2025-01-13T05:30:00+00:00,2025-01-13T12:14:00+00:00,404,-0.049160587621359685,-49.16058762135968,1000.0,نهاية-الحالة,1,False,True,"symbol_collision,symbol_exposure",True,,,,,1,baseline,0,"""{\""resets\"": 0, \""capital\"": 1000.0}"""
دوناتشيان,donchian,donchian,TONUSDT,عرضي,Donchian-96/48,1,1480,2525,2025-01-02T00:40:00+00:00,2025-01-02T18:05:00+00:00,1045,0.003793381162467799,3.793381162467799,1000.0,كسر-سفلي,0,True,True,,False,5.568006699999999,5.563,0.0009,5.602,1,baseline,0,"""{\""system\"": \""Donchian-96/48\"", \""channel_tf\"": \""15m\"", \""capital\"": 1000.0}"""
دوناتشيان,donchian,donchian,TONUSDT,عرضي,Donchian-96/48,1,3618,4926,2025-01-03T12:18:00+00:00,2025-01-04T10:06:00+00:00,1308,0.00458115754948523,4.58115754948523,1000.0,كسر-سفلي,0,True,True,,False,5.6987091,5.697,0.0003,5.738,1,baseline,0,"""{\""system\"": \""Donchian-96/48\"", \""channel_tf\"": \""15m\"", \""capital\"": 1000.0}"""
دوناتشيان,donchian,donchian,TONUSDT,عرضي,Donchian-96/48,1,7179,7771,2025-01-05T23:39:00+00:00,2025-01-06T09:31:00+00:00,592,-0.019584452266541298,-19.584452266541298,1000.0,كسر-سفلي,0,False,True,,False,5.7461668999999995,5.741,0.0009,5.65,1,baseline,0,"""{\""system\"": \""Donchian-96/48\"", \""channel_tf\"": \""15m\"", \""capital\"": 1000.0}"""
دوناتشيان,donchian,donchian,TONUSDT,عرضي,Donchian-96/48,1,8120,8823,2025-01-06T15:20:00+00:00,2025-01-07T03:03:00+00:00,703,-0.01724900580945932,-17.24900580945932,1000.0,كسر-سفلي,0,False,True,,False,5.769459599999999,5.766,0.0006,5.683,1,baseline,0,"""{\""system\"": \""Donchian-96/48\"", \""channel_tf\"": \""15m\"", \""capital\"": 1000.0}"""
دوناتشيان,donchian,donchian,TONUSDT,عرضي,Donchian-96/48,1,13521,13777,2025-01-10T09:21:00+00:00,2025-01-10T13:37:00+00:00,256,-0.0248821908631568,-24.8821908631568,1000.0,كسر-سفلي,0,False,True,,False,5.2875858,5.286,0.0003,5.171,1,baseline,0,"""{\""system\"": \""Donchian-96/48\"", \""channel_tf\"": \""15m\"", \""capital\"": 1000.0}"""
دوناتشيان,donchian,donchian,TONUSDT,عرضي,Donchian-96/48,1,14037,16162,2025-01-10T17:57:00+00:00,2025-01-12T05:22:00+00:00,2125,0.012244825331827995,12.244825331827995,1000.0,كسر-سفلي,0,True,True,,False,5.3105927,5.309,0.0003,5.388,1,baseline,0,"""{\""system\"": \""Donchian-96/48\"", \""channel_tf\"": \""15m\"", \""capital\"": 1000.0}"""
دوناتشيان,donchian,donchian,TONUSDT,عرضي,Donchian-96/48,1,19441,20844,2025-01-14T12:01:00+00:00,2025-01-15T11:24:00+00:00,1403,-0.005996022433097736,-5.996022433097735,1000.0,كسر-سفلي,0,False,True,,False,5.3422034,5.339,0.0006,5.324,1,baseline,0,"""{\""system\"": \""Donchian-96/48\"", \""channel_tf\"": \""15m\"", \""capital\"": 1000.0}"""
دوناتشيان,donchian,donchian,TONUSDT,عرضي,Donchian-96/48,1,21150,22488,2025-01-15T16:30:00+00:00,2025-01-16T14:48:00+00:00,1338,-0.005085964853478133,-5.085964853478133,1000.0,كسر-سفلي,0,False,True,,False,5.466639499999999,5.465,0.0003,5.453,1,baseline,0,"""{\""system\"": \""Donchian-96/48\"", \""channel_tf\"": \""15m\"", \""capital\"": 1000.0}"""
دوناتشيان,donchian,donchian,TONUSDT,عرضي,Donchian-96/48,1,23593,24702,2025-01-17T09:13:00+00:00,2025-01-18T03:42:00+00:00,1109,-0.0165868460413413,-16.5868460413413,1000.0,كسر-سفلي,0,False,True,,False,5.5846749,5.583,0.0003,5.508,1,baseline,0,"""{\""system\"": \""Donchian-96/48\"", \""channel_tf\"": \""15m\"", \""capital\"": 1000.0}"""
دوناتشيان,donchian,donchian,TONUSDT,عرضي,Donchian-96/48,1,27793,28420,2025-01-20T07:13:00+00:00,2025-01-20T17:40:00+00:00,627,-0.06646135138006798,-66.46135138006798,1000.0,كسر-سفلي,0,False,True,,False,5.234707,5.23,0.0009,4.901,1,baseline,0,"""{\""system\"": \""Donchian-96/48\"", \""channel_tf\"": \""15m\"", \""capital\"": 1000.0}"""
دوناتشيان,donchian,donchian,TONUSDT,عرضي,Donchian-96/48,1,29597,31816,2025-01-21T13:17:00+00:00,2025-01-23T02:16:00+00:00,2219,0.017849645124016832,17.84964512401683,1000.0,كسر-سفلي,0,True,True,,False,5.1235365999999996,5.122,0.0003,5.227,1,baseline,0,"""{\""system\"": \""Donchian-96/48\"", \""channel_tf\"": \""15m\"", \""capital\"": 1000.0}"""
دوناتشيان,donchian,donchian,TONUSDT,عرضي,Donchian-96/48,1,36268,36450,2025-01-26T04:28:00+00:00,2025-01-26T07:30:00+00:00,182,-0.011767100178604698,-11.767100178604698,1000.0,كسر-سفلي,0,False,True,,False,5.1135336,5.112,0.0003,5.065,1,baseline,0,"""{\""system\"": \""Donchian-96/48\"", \""channel_tf\"": \""15m\"", \""capital\"": 1000.0}"""
دوناتشيان,donchian,donchian,TONUSDT,عرضي,Donchian-96/48,1,38890,39442,2025-01-28T00:10:00+00:00,2025-01-28T09:22:00+00:00,552,-0.015998032498537137,-15.998032498537137,1000.0,كسر-سفلي,0,False,True,,False,5.0245068999999996,5.023,0.0003,4.957,1,baseline,0,"""{\""system\"": \""Donchian-96/48\"", \""channel_tf\"": \""15m\"", \""capital\"": 1000.0}"""
دوناتشيان,donchian,donchian,TONUSDT,عرضي,Donchian-96/48,1,41954,42437,2025-01-30T03:14:00+00:00,2025-01-30T11:17:00+00:00,483,-0.0230297669984996,-23.0297669984996,1000.0,كسر-سفلي,0,False,True,,False,4.9044709,4.903,0.0003,4.804,1,baseline,0,"""{\""system\"": \""Donchian-96/48\"", \""channel_tf\"": \""15m\"", \""capital\"": 1000.0}"""
دوناتشيان,donchian,donchian,TONUSDT,عرضي,Donchian-96/48,1,43767,44476,2025-01-31T09:27:00+00:00,2025-01-31T21:16:00+00:00,709,-0.011919530649016888,-11.919530649016888,1000.0,كسر-سفلي,0,False,True,,False,4.8649172,4.862,0.0006,4.818,1,baseline,0,"""{\""system\"": \""Donchian-96/48\"", \""channel_tf\"": \""15m\"", \""capital\"": 1000.0}"""
دوناتشيان,donchian,donchian,TONUSDT,عرضي,Donchian-96/48,1,52233,52733,2025-02-06T06:33:00+00:00,2025-02-06T14:53:00+00:00,500,-0.02742175340949131,-27.42175340949131,1000.0,كسر-سفلي,0,False,True,,False,3.9041709,3.903,0.0003,3.807,1,baseline,0,"""{\""system\"": \""Donchian-96/48\"", \""channel_tf\"": \""15m\"", \""capital\"": 1000.0}"""
دوناتشيان,donchian,donchian,TONUSDT,عرضي,Donchian-96/48,1,54167,54510,2025-02-07T14:47:00+00:00,2025-02-07T20:30:00+00:00,343,-0.038793291426592214,-38.79329142659221,1000.0,كسر-سفلي,0,False,True,,False,3.8621583,3.861,0.0003,3.722,1,baseline,0,"""{\""system\"": \""Donchian-96/48\"", \""channel_tf\"": \""15m\"", \""capital\"": 1000.0}"""
دوناتشيان,donchian,donchian,TONUSDT,عرضي,Donchian-96/48,1,56390,56995,2025-02-09T03:50:00+00:00,2025-02-09T13:55:00+00:00,605,-0.023089939639454993,-23.089939639454993,1000.0,كسر-سفلي,0,False,True,,False,3.8174325999999996,3.814,0.0009,3.739,1,baseline,0,"""{\""system\"": \""Donchian-96/48\"", \""channel_tf\"": \""15m\"", \""capital\"": 1000.0}"""
دوناتشيان,donchian,donchian,TONUSDT,عرضي,Donchian-96/48,1,57067,57469,2025-02-09T15:07:00+00:00,2025-02-09T21:49:00+00:00,402,-0.0338326623556581,-33.8326623556581,1000.0,كسر-سفلي,0,False,True,,False,3.8504623,3.847,0.0009,3.731,1,baseline,0,"""{\""system\"": \""Donchian-96/48\"", \""channel_tf\"": \""15m\"", \""capital\"": 1000.0}"""
دوناتشيان,donchian,donchian,TONUSDT,عرضي,Donchian-96/48,1,59378,59855,2025-02-11T05:38:00+00:00,2025-02-11T13:35:00+00:00,477,-0.019441678010454193,-19.441678010454194,1000.0,كسر-سفلي,0,False,True,,False,3.8581571,3.857,0.0003,3.793,1,baseline,0,"""{\""system\"": \""Donchian-96/48\"", \""channel_tf\"": \""15m\"", \""capital\"": 1000.0}"""
دوناتشيان,donchian,donchian,TONUSDT,عرضي,Donchian-96/48,1,61821,62274,2025-02-12T22:21:00+00:00,2025-02-13T05:54:00+00:00,453,-0.021151031912623977,-21.151031912623978,1000.0,كسر-سفلي,0,False,True,,False,3.7914091999999995,3.788,0.0009,3.722,1,baseline,0,"""{\""system\"": \""Donchian-96/48\"", \""channel_tf\"": \""15m\"", \""capital\"": 1000.0}"""
دوناتشيان,donchian,donchian,TONUSDT,عرضي,Donchian-96/48,1,63780,65231,2025-02-14T07:00:00+00:00,2025-02-15T07:11:00+00:00,1451,0.0007837849835898783,0.7837849835898784,1000.0,كسر-سفلي,0,True,True,,False,3.7941379,3.793,0.0003,3.807,1,baseline,0,"""{\""system\"": \""Donchian-96/48\"", \""channel_tf\"": \""15m\"", \""capital\"": 1000.0}"""
دوناتشيان,donchian,donchian,TONUSDT,عرضي,Donchian-96/48,1,66921,67096,2025-02-16T11:21:00+00:00,2025-02-16T14:16:00+00:00,175,-0.018256052990825503,-18.256052990825502,1000.0,كسر-سفلي,0,False,True,,False,3.8322979999999998,3.83,0.0006,3.771,1,baseline,0,"""{\""system\"": \""Donchian-96/48\"", \""channel_tf\"": \""15m\"", \""capital\"": 1000.0}"""
دوناتشيان,donchian,donchian,TONUSDT,عرضي,Donchian-96/48,1,68581,68761,2025-02-17T15:01:00+00:00,2025-02-17T18:01:00+00:00,180,-0.028496769410797325,-28.496769410797324,1000.0,كسر-سفلي,0,False,True,,False,3.8521552999999997,3.851,0.0003,3.751,1,baseline,0,"""{\""system\"": \""Donchian-96/48\"", \""channel_tf\"": \""15m\"", \""capital\"": 1000.0}"""
دوناتشيان,donchian,donchian,TONUSDT,عرضي,Donchian-96/48,1,73220,73513,2025-02-20T20:20:00+00:00,2025-02-21T01:13:00+00:00,293,-0.021849740022717792,-21.849740022717793,1000.0,كسر-سفلي,0,False,True,,False,3.631089,3.63,0.0003,3.561,1,baseline,0,"""{\""system\"": \""Donchian-96/48\"", \""channel_tf\"": \""15m\"", \""capital\"": 1000.0}"""
دوناتشيان,donchian,donchian,TONUSDT,عرضي,Donchian-96/48,1,73999,74622,2025-02-21T09:19:00+00:00,2025-02-21T19:42:00+00:00,623,-0.02759103868550155,-27.591038685501548,1000.0,كسر-سفلي,0,False,True,,False,3.6452777999999997,3.642,0.0009,3.555,1,baseline,0,"""{\""system\"": \""Donchian-96/48\"", \""channel_tf\"": \""15m\"", \""capital\"": 1000.0}"""
دوناتشيان,donchian,donchian,TONUSDT,عرضي,Donchian-96/48,1,75935,77968,2025-02-22T17:35:00+00:00,2025-02-24T03:28:00+00:00,2033,0.005971108070043034,5.971108070043034,1000.0,كسر-سفلي,0,True,True,,False,3.6981091,3.697,0.0003,3.731,1,baseline,0,"""{\""system\"": \""Donchian-96/48\"", \""channel_tf\"": \""15m\"", \""capital\"": 1000.0}"""
دوناتشيان,donchian,donchian,TONUSDT,عرضي,Donchian-96/48,1,80514,81479,2025-02-25T21:54:00+00:00,2025-02-26T13:59:00+00:00,965,-0.019889705871830504,-19.889705871830504,1000.0,كسر-سفلي,0,False,True,,False,3.5770728,3.576,0.0003,3.514,1,baseline,0,"""{\""system\"": \""Donchian-96/48\"", \""channel_tf\"": \""15m\"", \""capital\"": 1000.0}"""
دوناتشيان,donchian,donchian,TONUSDT,عرضي,Donchian-96/48,1,86290,88233,2025-03-01T22:10:00+00:00,2025-03-03T06:33:00+00:00,1943,0.004244017621530177,4.244017621530177,1000.0,كسر-سفلي,0,True,True,,False,3.3530149999999996,3.35,0.0009,3.375,1,baseline,0,"""{\""system\"": \""Donchian-96/48\"", \""channel_tf\"": \""15m\"", \""capital\"": 1000.0}"""
دوناتشيان,donchian,donchian,TONUSDT,عرضي,Donchian-96/48,1,93078,93216,2025-03-06T15:18:00+00:00,2025-03-06T17:36:00+00:00,138,-0.029980405625851362,-29.98040562585136,1000.0,كسر-سفلي,0,False,True,,False,3.0969288,3.096,0.0003,3.011,1,baseline,0,"""{\""system\"": \""Donchian-96/48\"", \""channel_tf\"": \""15m\"", \""capital\"": 1000.0}"""
دوناتشيان,donchian,donchian,TONUSDT,عرضي,Donchian-96/48,1,100453,101041,2025-03-11T18:13:00+00:00,2025-03-12T04:01:00+00:00,588,-0.02944291257703743,-29.44291257703743,1000.0,كسر-سفلي,0,False,True,,False,2.6758024999999996,2.675,0.0003,2.603,1,baseline,0,"""{\""system\"": \""Donchian-96/48\"", \""channel_tf\"": \""15m\"", \""capital\"": 1000.0}"""
دوناتشيان,donchian,donchian,TONUSDT,عرضي,Donchian-96/48,1,102160,102561,2025-03-12T22:40:00+00:00,2025-03-13T05:21:00+00:00,401,-0.02292985816781962,-22.92985816781962,1000.0,كسر-سفلي,0,False,True,,False,2.7478241,2.747,0.0003,2.691,1,baseline,0,"""{\""system\"": \""Donchian-96/48\"", \""channel_tf\"": \""15m\"", \""capital\"": 1000.0}"""
دوناتشيان,donchian,donchian,TONUSDT,عرضي,Donchian-96/48,1,103773,107134,2025-03-14T01:33:00+00:00,2025-03-16T09:34:00+00:00,3361,0.21564071817680056,215.64071817680056,1000.0,كسر-سفلي,0,True,True,,False,2.7978391,2.797,0.0003,3.409,1,baseline,0,"""{\""system\"": \""Donchian-96/48\"", \""channel_tf\"": \""15m\"", \""capital\"": 1000.0}"""
دوناتشيان,donchian,donchian,TONUSDT,عرضي,Donchian-96/48,1,108260,108634,2025-03-17T04:20:00+00:00,2025-03-17T10:34:00+00:00,374,-0.05473960573617402,-54.73960573617402,1000.0,كسر-سفلي,0,False,True,,False,3.5780730999999997,3.577,0.0003,3.39,1,baseline,0,"""{\""system\"": \""Donchian-96/48\"", \""channel_tf\"": \""15m\"", \""capital\"": 1000.0}"""
دوناتشيان,donchian,donchian,TONUSDT,عرضي,Donchian-96/48,1,109918,112453,2025-03-18T07:58:00+00:00,2025-03-20T02:13:00+00:00,2535,0.029834323428675487,29.834323428675486,1000.0,كسر-سفلي,0,True,True,,False,3.5070517999999997,3.506,0.0003,3.62,1,baseline,0,"""{\""system\"": \""Donchian-96/48\"", \""channel_tf\"": \""15m\"", \""capital\"": 1000.0}"""
دوناتشيان,donchian,donchian,TONUSDT,عرضي,Donchian-96/48,1,113180,114247,2025-03-20T14:20:00+00:00,2025-03-21T08:07:00+00:00,1067,-0.04470511700881143,-44.705117008811435,1000.0,كسر-سفلي,0,False,True,,False,3.8264406999999996,3.823,0.0009,3.666,1,baseline,0,"""{\""system\"": \""Donchian-96/48\"", \""channel_tf\"": \""15m\"", \""capital\"": 1000.0}"""
دوناتشيان,donchian,donchian,TONUSDT,عرضي,Donchian-96/48,1,116171,117728,2025-03-22T16:11:00+00:00,2025-03-23T18:08:00+00:00,1557,-0.0034160333303273516,-3.416033330327352,1000.0,كسر-سفلي,0,False,True,,False,3.6540958999999997,3.653,0.0003,3.65,1,baseline,0,"""{\""system\"": \""Donchian-96/48\"", \""channel_tf\"": \""15m\"", \""capital\"": 1000.0}"""
دوناتشيان,donchian,donchian,TONUSDT,عرضي,Donchian-96/48,1,118738,119331,2025-03-24T10:58:00+00:00,2025-03-24T20:51:00+00:00,593,-0.01605337258801389,-16.05337258801389,1000.0,كسر-سفلي,0,False,True,,False,3.7243489,3.721,0.0009,3.673,1,baseline,0,"""{\""system\"": \""Donchian-96/48\"", \""channel_tf\"": \""15m\"", \""capital\"": 1000.0}"""
دوناتشيان,donchian,donchian,TONUSDT,عرضي,Donchian-96/48,1,122207,124791,2025-03-26T20:47:00+00:00,2025-03-28T15:51:00+00:00,2584,0.06685967594361736,66.85967594361736,1000.0,كسر-سفلي,0,True,True,,False,3.6460935,3.645,0.0003,3.9,1,baseline,0,"""{\""system\"": \""Donchian-96/48\"", \""channel_tf\"": \""15m\"", \""capital\"": 1000.0}"""
دوناتشيان,donchian,donchian,TONUSDT,عرضي,Donchian-96/48,1,127034,128739,2025-03-30T05:14:00+00:00,2025-03-31T09:39:00+00:00,1705,0.01612106889993746,16.12106889993746,1000.0,كسر-سفلي,0,True,True,,False,3.7761324999999997,3.775,0.0003,3.847,1,baseline,0,"""{\""system\"": \""Donchian-96/48\"", \""channel_tf\"": \""15m\"", \""capital\"": 1000.0}"""
دوناتشيان,donchian,donchian,TONUSDT,عرضي,Donchian-96/48,1,129006,130351,2025-03-31T14:06:00+00:00,2025-04-01T12:31:00+00:00,1345,0.015323958829445122,15.323958829445122,1000.0,كسر-سفلي,0,True,True,,False,3.997397,3.995,0.0006,4.068,1,baseline,0,"""{\""system\"": \""Donchian-96/48\"", \""channel_tf\"": \""15m\"", \""capital\"": 1000.0}"""
دوناتشيان,donchian,donchian,TONUSDT,عرضي,Donchian-96/48,1,142162,142834,2025-04-09T17:22:00+00:00,2025-04-10T04:34:00+00:00,672,-0.030187616939230843,-30.187616939230843,1000.0,كسر-سفلي,0,False,True,,False,3.1047917999999997,3.102,0.0009,3.018,1,baseline,0,"""{\""system\"": \""Donchian-96/48\"", \""channel_tf\"": \""15m\"", \""capital\"": 1000.0}"""
دوناتشيان,donchian,donchian,TONUSDT,عرضي,Donchian-96/48,1,145060,145445,2025-04-11T17:40:00+00:00,2025-04-12T00:05:00+00:00,385,-0.022726147777330608,-22.72614777733061,1000.0,كسر-سفلي,0,False,True,,False,2.9738919,2.973,0.0003,2.913,1,baseline,0,"""{\""system\"": \""Donchian-96/48\"", \""channel_tf\"": \""15m\"", \""capital\"": 1000.0}"""
دوناتشيان,donchian,donchian,TONUSDT,صاعد,Donchian-96/48,1,146286,146987,2025-04-12T14:06:00+00:00,2025-04-13T01:47:00+00:00,701,-0.023796111943223428,-23.79611194322343,1000.0,كسر-سفلي,0,False,True,,False,3.0018,3.0,0.0006,2.938,1,baseline,0,"""{\""system\"": \""Donchian-96/48\"", \""channel_tf\"": \""15m\"", \""capital\"": 1000.0}"""
دوناتشيان,donchian,donchian,TONUSDT,عرضي,Donchian-96/48,1,149761,151036,2025-04-15T00:01:00+00:00,2025-04-15T21:16:00+00:00,1275,0.006348395853517475,6.348395853517475,1000.0,كسر-سفلي,0,True,True,,False,2.8998697,2.899,0.0003,2.925,1,baseline,0,"""{\""system\"": \""Donchian-96/48\"", \""channel_tf\"": \""15m\"", \""capital\"": 1000.0}"""
دوناتشيان,donchian,donchian,TONUSDT,عرضي,Donchian-96/48,1,152705,155466,2025-04-17T01:05:00+00:00,2025-04-18T23:06:00+00:00,2761,0.016138448781606713,16.138448781606712,1000.0,كسر-سفلي,0,True,True,,False,2.9288784,2.928,0.0003,2.983,1,baseline,0,"""{\""system\"": \""Donchian-96/48\"", \""channel_tf\"": \""15m\"", \""capital\"": 1000.0}"""
دوناتشيان,donchian,donchian,TONUSDT,عرضي,Donchian-96/48,1,157271,159184,2025-04-20T05:11:00+00:00,2025-04-21T13:04:00+00:00,1913,-0.005881306141868111,-5.881306141868111,1000.0,كسر-سفلي,0,False,True,,False,3.0078035999999995,3.006,0.0006,2.997,1,baseline,0,"""{\""system\"": \""Donchian-96/48\"", \""channel_tf\"": \""15m\"", \""capital\"": 1000.0}"""
دوناتشيان,donchian,donchian,TONUSDT,عرضي,Donchian-96/48,1,160893,162120,2025-04-22T17:33:00+00:00,2025-04-23T14:00:00+00:00,1227,0.02707050622675943,27.070506226759427,1000.0,كسر-سفلي,0,True,True,,False,2.9978990999999997,2.997,0.0003,3.088,1,baseline,0,"""{\""system\"": \""Donchian-96/48\"", \""channel_tf\"": \""15m\"", \""capital\"": 1000.0}"""
دوناتشيان,donchian,donchian,TONUSDT,عرضي,Donchian-96/48,1,162322,163220,2025-04-23T17:22:00+00:00,2025-04-24T08:20:00+00:00,898,-0.027438682698936245,-27.438682698936244,1000.0,كسر-سفلي,0,False,True,,False,3.1699507,3.169,0.0003,3.091,1,baseline,0,"""{\""system\"": \""Donchian-96/48\"", \""channel_tf\"": \""15m\"", \""capital\"": 1000.0}"""
دوناتشيان,donchian,donchian,TONUSDT,عرضي,Donchian-96/48,1,164229,166425,2025-04-25T01:09:00+00:00,2025-04-26T13:45:00+00:00,2196,-0.0013390461859482522,-1.3390461859482523,1000.0,كسر-سفلي,0,False,True,symbol_collision,True,3.2019603,3.201,0.0003,3.206,1,baseline,0,"""{\""system\"": \""Donchian-96/48\"", \""channel_tf\"": \""15m\"", \""capital\"": 1000.0}"""
دوناتشيان,donchian,donchian,TONUSDT,عرضي,Donchian-96/48,1,166503,167326,2025-04-26T15:03:00+00:00,2025-04-27T04:46:00+00:00,823,0.0010614343207694399,1.0614343207694399,1000.0,كسر-سفلي,0,True,True,,False,3.2759825,3.275,0.0003,3.288,1,baseline,0,"""{\""system\"": \""Donchian-96/48\"", \""channel_tf\"": \""15m\"", \""capital\"": 1000.0}"""
دوناتشيان,donchian,donchian,TONUSDT,عرضي,Donchian-96/48,1,173605,174665,2025-05-01T13:25:00+00:00,2025-05-02T07:05:00+00:00,1060,-0.009422076467747908,-9.422076467747909,1000.0,كسر-سفلي,0,False,True,,False,3.2159644999999997,3.215,0.0003,3.193,1,baseline,0,"""{\""system\"": \""Donchian-96/48\"", \""channel_tf\"": \""15m\"", \""capital\"": 1000.0}"""
دوناتشيان,donchian,donchian,TONUSDT,عرضي,Donchian-96/48,1,181142,182430,2025-05-06T19:02:00+00:00,2025-05-07T16:30:00+00:00,1288,-0.020331452738707526,-20.331452738707526,1000.0,كسر-سفلي,0,False,True,,False,3.0379110999999996,3.037,0.0003,2.983,1,baseline,0,"""{\""system\"": \""Donchian-96/48\"", \""channel_tf\"": \""15m\"", \""capital\"": 1000.0}"""
دوناتشيان,donchian,donchian,TONUSDT,عرضي,Donchian-96/48,1,183032,187626,2025-05-08T02:32:00+00:00,2025-05-11T07:06:00+00:00,4594,0.10009109759842431,100.09109759842431,1000.0,كسر-سفلي,0,True,True,,False,3.040912,3.04,0.0003,3.355,1,baseline,0,"""{\""system\"": \""Donchian-96/48\"", \""channel_tf\"": \""15m\"", \""capital\"": 1000.0}"""
دوناتشيان,donchian,donchian,TONUSDT,عرضي,Donchian-96/48,1,189062,189604,2025-05-12T07:02:00+00:00,2025-05-12T16:04:00+00:00,542,-0.029487988878153393,-29.487988878153395,1000.0,كسر-سفلي,0,False,True,,False,3.4890464,3.488,0.0003,3.396,1,baseline,0,"""{\""system\"": \""Donchian-96/48\"", \""channel_tf\"": \""15m\"", \""capital\"": 1000.0}"""
دوناتشيان,donchian,donchian,TONUSDT,عرضي,Donchian-96/48,1,191245,192009,2025-05-13T19:25:00+00:00,2025-05-14T08:09:00+00:00,764,-0.01610355125271788,-16.103551252717878,1000.0,كسر-سفلي,0,False,True,,False,3.3990194,3.398,0.0003,3.354,1,baseline,0,"""{\""system\"": \""Donchian-96/48\"", \""channel_tf\"": \""15m\"", \""capital\"": 1000.0}"""
دوناتشيان,donchian,donchian,TONUSDT,عرضي,Donchian-96/48,1,195075,195769,2025-05-16T11:15:00+00:00,2025-05-16T22:49:00+00:00,694,-0.018082585692910772,-18.082585692910772,1000.0,كسر-سفلي,0,False,True,,False,3.1569468,3.156,0.0003,3.107,1,baseline,0,"""{\""system\"": \""Donchian-96/48\"", \""channel_tf\"": \""15m\"", \""capital\"": 1000.0}"""
دوناتشيان,donchian,donchian,TONUSDT,عرضي,Donchian-96/48,1,197599,198481,2025-05-18T05:19:00+00:00,2025-05-18T20:01:00+00:00,882,-0.02571134063433068,-25.711340634330682,1000.0,كسر-سفلي,0,False,True,,False,3.1039309,3.103,0.0003,3.032,1,baseline,0,"""{\""system\"": \""Donchian-96/48\"", \""channel_tf\"": \""15m\"", \""capital\"": 1000.0}"""
دوناتشيان,donchian,donchian,TONUSDT,عرضي,Donchian-96/48,1,201401,202147,2025-05-20T20:41:00+00:00,2025-05-21T09:07:00+00:00,746,-0.017178839547918066,-17.178839547918066,1000.0,كسر-سفلي,0,False,True,,False,3.0789234,3.078,0.0003,3.033,1,baseline,0,"""{\""system\"": \""Donchian-96/48\"", \""channel_tf\"": \""15m\"", \""capital\"": 1000.0}"""
دوناتشيان,donchian,donchian,TONUSDT,عرضي,Donchian-96/48,1,202589,202650,2025-05-21T16:29:00+00:00,2025-05-21T17:30:00+00:00,61,-0.031063089898138503,-31.063089898138504,1000.0,كسر-سفلي,0,False,True,,False,3.1129336,3.112,0.0003,3.025,1,baseline,0,"""{\""system\"": \""Donchian-96/48\"", \""channel_tf\"": \""15m\"", \""capital\"": 1000.0}"""
دوناتشيان,donchian,donchian,TONUSDT,عرضي,Donchian-96/48,1,203462,204896,2025-05-22T07:02:00+00:00,2025-05-23T06:56:00+00:00,1434,-0.0067236705148575006,-6.723670514857501,1000.0,كسر-سفلي,0,False,True,,False,3.1429425999999996,3.142,0.0003,3.129,1,baseline,0,"""{\""system\"": \""Donchian-96/48\"", \""channel_tf\"": \""15m\"", \""capital\"": 1000.0}"""
دوناتشيان,donchian,donchian,TONUSDT,عرضي,Donchian-96/48,1,207316,207845,2025-05-24T23:16:00+00:00,2025-05-25T08:05:00+00:00,529,-0.02092974371935143,-20.92974371935143,1000.0,كسر-سفلي,0,False,True,,False,3.0428246,3.041,0.0006,2.986,1,baseline,0,"""{\""system\"": \""Donchian-96/48\"", \""channel_tf\"": \""15m\"", \""capital\"": 1000.0}"""
دوناتشيان,donchian,donchian,TONUSDT,عرضي,Donchian-96/48,1,210746,212043,2025-05-27T08:26:00+00:00,2025-05-28T06:03:00+00:00,1297,-0.00921978561634857,-9.21978561634857,1000.0,كسر-سفلي,0,False,True,,False,3.0129036,3.012,0.0003,2.992,1,baseline,0,"""{\""system\"": \""Donchian-96/48\"", \""channel_tf\"": \""15m\"", \""capital\"": 1000.0}"""
دوناتشيان,donchian,donchian,TONUSDT,عرضي,Donchian-96/48,1,212230,214614,2025-05-28T09:10:00+00:00,2025-05-30T00:54:00+00:00,2384,0.07851731866930751,78.51731866930751,1000.0,كسر-سفلي,0,True,True,,False,3.0647557999999995,3.062,0.0009,3.314,1,baseline,0,"""{\""system\"": \""Donchian-96/48\"", \""channel_tf\"": \""15m\"", \""capital\"": 1000.0}"""
دوناتشيان,donchian,donchian,TONUSDT,عرضي,Donchian-96/48,1,217512,217989,2025-06-01T01:12:00+00:00,2025-06-01T09:09:00+00:00,477,-0.019212193009237852,-19.212193009237854,1000.0,كسر-سفلي,0,False,True,,False,3.1759044,3.174,0.0006,3.123,1,baseline,0,"""{\""system\"": \""Donchian-96/48\"", \""channel_tf\"": \""15m\"", \""capital\"": 1000.0}"""
دوناتشيان,donchian,donchian,TONUSDT,عرضي,Donchian-96/48,1,218762,219336,2025-06-01T22:02:00+00:00,2025-06-02T07:36:00+00:00,574,-0.023532172410483873,-23.532172410483874,1000.0,كسر-سفلي,0,False,True,,False,3.1909134,3.189,0.0006,3.123,1,baseline,0,"""{\""system\"": \""Donchian-96/48\"", \""channel_tf\"": \""15m\"", \""capital\"": 1000.0}"""
دوناتشيان,donchian,donchian,TONUSDT,صاعد,Donchian-96/48,1,219938,220568,2025-06-02T17:38:00+00:00,2025-06-03T04:08:00+00:00,630,-0.015602489574268748,-15.602489574268748,1000.0,كسر-سفلي,0,False,True,,False,3.2219663,3.221,0.0003,3.179,1,baseline,0,"""{\""system\"": \""Donchian-96/48\"", \""channel_tf\"": \""15m\"", \""capital\"": 1000.0}"""
دوناتشيان,donchian,donchian,TONUSDT,عرضي,Donchian-96/48,1,223747,224358,2025-06-05T09:07:00+00:00,2025-06-05T19:18:00+00:00,611,-0.029392798127871423,-29.392798127871423,1000.0,كسر-سفلي,0,False,True,,False,3.2329069999999995,3.23,0.0009,3.147,1,baseline,0,"""{\""system\"": \""Donchian-96/48\"", \""channel_tf\"": \""15m\"", \""capital\"": 1000.0}"""
دوناتشيان,donchian,donchian,TONUSDT,عرضي,Donchian-96/48,1,229539,230767,2025-06-09T09:39:00+00:00,2025-06-10T06:07:00+00:00,1228,0.01950532972911661,19.50532972911661,1000.0,كسر-سفلي,0,True,True,,False,3.2049612,3.204,0.0003,3.275,1,baseline,0,"""{\""system\"": \""Donchian-96/48\"", \""channel_tf\"": \""15m\"", \""capital\"": 1000.0}"""
دوناتشيان,donchian,donchian,TONUSDT,عرضي,Donchian-96/48,1,231103,232295,2025-06-10T11:43:00+00:00,2025-06-11T07:35:00+00:00,1192,-0.023180528075854766,-23.180528075854767,1000.0,كسر-سفلي,0,False,True,,False,3.3430046,3.341,0.0006,3.275,1,baseline,0,"""{\""system\"": \""Donchian-96/48\"", \""channel_tf\"": \""15m\"", \""capital\"": 1000.0}"""
دوناتشيان,donchian,donchian,TONUSDT,عرضي,Donchian-96/48,1,236508,236761,2025-06-14T05:48:00+00:00,2025-06-14T10:01:00+00:00,253,-0.01440663301814711,-14.406633018147112,1000.0,كسر-سفلي,0,False,True,,False,3.0329096,3.032,0.0003,2.997,1,baseline,0,"""{\""system\"": \""Donchian-96/48\"", \""channel_tf\"": \""15m\"", \""capital\"": 1000.0}"""
دوناتشيان,donchian,donchian,TONUSDT,عرضي,Donchian-96/48,1,238662,240410,2025-06-15T17:42:00+00:00,2025-06-16T22:50:00+00:00,1748,-0.005870332802232997,-5.870332802232997,1000.0,كسر-سفلي,0,False,True,,False,2.9828946000000003,2.982,0.0003,2.974,1,baseline,0,"""{\""system\"": \""Donchian-96/48\"", \""channel_tf\"": \""15m\"", \""capital\"": 1000.0}"""
دوناتشيان,donchian,donchian,TONUSDT,عرضي,Donchian-96/48,1,244681,245841,2025-06-19T22:01:00+00:00,2025-06-20T17:21:00+00:00,1160,-0.016271629293119826,-16.271629293119826,1000.0,كسر-سفلي,0,False,True,,False,2.9747837999999995,2.973,0.0006,2.934,1,baseline,0,"""{\""system\"": \""Donchian-96/48\"", \""channel_tf\"": \""15m\"", \""capital\"": 1000.0}"""
دوناتشيان,donchian,donchian,TONUSDT,عرضي,Donchian-96/48,1,249936,250115,2025-06-23T13:36:00+00:00,2025-06-23T16:35:00+00:00,179,-0.03156480590934356,-31.56480590934356,1000.0,كسر-سفلي,0,False,True,,False,2.8118433,2.811,0.0003,2.731,1,baseline,0,"""{\""system\"": \""Donchian-96/48\"", \""channel_tf\"": \""15m\"", \""capital\"": 1000.0}"""
دوناتشيان,donchian,donchian,TONUSDT,عرضي,Donchian-96/48,1,250331,252528,2025-06-23T20:11:00+00:00,2025-06-25T08:48:00+00:00,2197,0.0022837629291801204,2.2837629291801202,1000.0,كسر-سفلي,0,True,True,,False,2.8618583,2.861,0.0003,2.875,1,baseline,0,"""{\""system\"": \""Donchian-96/48\"", \""channel_tf\"": \""15m\"", \""capital\"": 1000.0}"""
دوناتشيان,donchian,donchian,TONUSDT,عرضي,Donchian-96/48,1,255626,256860,2025-06-27T12:26:00+00:00,2025-06-28T09:00:00+00:00,1234,-0.009876041969701235,-9.876041969701234,1000.0,كسر-سفلي,0,False,True,,False,2.8587142,2.857,0.0006,2.837,1,baseline,0,"""{\""system\"": \""Donchian-96/48\"", \""channel_tf\"": \""15m\"", \""capital\"": 1000.0}"""
دوناتشيان,donchian,donchian,TONUSDT,عرضي,Donchian-96/48,1,258337,260831,2025-06-29T09:37:00+00:00,2025-07-01T03:11:00+00:00,2494,0.0075095370261538215,7.509537026153821,1000.0,كسر-سفلي,0,True,True,,False,2.8628586,2.862,0.0003,2.891,1,baseline,0,"""{\""system\"": \""Donchian-96/48\"", \""channel_tf\"": \""15m\"", \""capital\"": 1000.0}"""
دوناتشيان,donchian,donchian,TONUSDT,عرضي,Donchian-96/48,1,262901,264456,2025-07-02T13:41:00+00:00,2025-07-03T15:36:00+00:00,1555,0.007620204729316475,7.620204729316475,1000.0,كسر-سفلي,0,True,True,,False,2.8318493,2.831,0.0003,2.86,1,baseline,0,"""{\""system\"": \""Donchian-96/48\"", \""channel_tf\"": \""15m\"", \""capital\"": 1000.0}"""
دوناتشيان,donchian,donchian,TONUSDT,عرضي,Donchian-96/48,1,268316,269091,2025-07-06T07:56:00+00:00,2025-07-06T20:51:00+00:00,775,-0.004498219207809103,-4.498219207809103,1000.0,كسر-سفلي,0,False,True,,False,2.8305451999999995,2.828,0.0009,2.826,1,baseline,0,"""{\""system\"": \""Donchian-96/48\"", \""channel_tf\"": \""15m\"", \""capital\"": 1000.0}"""
دوناتشيان,donchian,donchian,TONUSDT,عرضي,Donchian-96/48,1,271795,274577,2025-07-08T17:55:00+00:00,2025-07-10T16:17:00+00:00,2782,0.023565644010628217,23.56564401062822,1000.0,كسر-سفلي,0,True,True,,False,2.7838349,2.783,0.0003,2.856,1,baseline,0,"""{\""system\"": \""Donchian-96/48\"", \""channel_tf\"": \""15m\"", \""capital\"": 1000.0}"""
دوناتشيان,donchian,donchian,TONUSDT,عرضي,Donchian-96/48,1,274635,276378,2025-07-10T17:15:00+00:00,2025-07-11T22:18:00+00:00,1743,0.009162423281380543,9.162423281380542,1000.0,كسر-سفلي,0,True,True,,False,2.8948682,2.894,0.0003,2.929,1,baseline,0,"""{\""system\"": \""Donchian-96/48\"", \""channel_tf\"": \""15m\"", \""capital\"": 1000.0}"""
دوناتشيان,donchian,donchian,TONUSDT,عرضي,Donchian-96/48,1,277151,277302,2025-07-12T11:11:00+00:00,2025-07-12T13:42:00+00:00,151,-0.027350474100432984,-27.350474100432983,1000.0,كسر-سفلي,0,False,True,,False,3.0229065999999998,3.022,0.0003,2.947,1,baseline,0,"""{\""system\"": \""Donchian-96/48\"", \""channel_tf\"": \""15m\"", \""capital\"": 1000.0}"""
دوناتشيان,donchian,donchian,TONUSDT,عرضي,Donchian-96/48,1,278752,278908,2025-07-13T13:52:00+00:00,2025-07-13T16:28:00+00:00,156,-0.019331402458513235,-19.331402458513235,1000.0,كسر-سفلي,0,False,True,,False,3.0288162,3.027,0.0006,2.978,1,baseline,0,"""{\""system\"": \""Donchian-96/48\"", \""channel_tf\"": \""15m\"", \""capital\"": 1000.0}"""
دوناتشيان,donchian,donchian,TONUSDT,عرضي,Donchian-96/48,1,279671,280313,2025-07-14T05:11:00+00:00,2025-07-14T15:53:00+00:00,642,-0.023498624895219297,-23.498624895219297,1000.0,كسر-سفلي,0,False,True,,False,3.0549161999999996,3.054,0.0003,2.99,1,baseline,0,"""{\""system\"": \""Donchian-96/48\"", \""channel_tf\"": \""15m\"", \""capital\"": 1000.0}"""
دوناتشيان,donchian,donchian,TONUSDT,عرضي,Donchian-96/48,1,282182,283886,2025-07-15T23:02:00+00:00,2025-07-17T03:26:00+00:00,1704,0.019028616427112618,19.028616427112617,1000.0,كسر-سفلي,0,True,True,,False,3.0479141,3.047,0.0003,3.114,1,baseline,0,"""{\""system\"": \""Donchian-96/48\"", \""channel_tf\"": \""15m\"", \""capital\"": 1000.0}"""
دوناتشيان,donchian,donchian,TONUSDT,عرضي,Donchian-96/48,1,284235,284889,2025-07-17T09:15:00+00:00,2025-07-17T20:09:00+00:00,654,-0.027117706939133908,-27.117706939133907,1000.0,كسر-سفلي,0,False,True,,False,3.2079235999999995,3.206,0.0006,3.13,1,baseline,0,"""{\""system\"": \""Donchian-96/48\"", \""channel_tf\"": \""15m\"", \""capital\"": 1000.0}"""
دوناتشيان,donchian,donchian,TONUSDT,عرضي,Donchian-96/48,1,285335,286000,2025-07-18T03:35:00+00:00,2025-07-18T14:40:00+00:00,665,-0.01477271695301622,-14.77271695301622,1000.0,كسر-سفلي,0,False,True,,False,3.2729815999999996,3.272,0.0003,3.234,1,baseline,0,"""{\""system\"": \""Donchian-96/48\"", \""channel_tf\"": \""15m\"", \""capital\"": 1000.0}"""
دوناتشيان,donchian,donchian,TONUSDT,عرضي,Donchian-96/48,1,287814,289334,2025-07-19T20:54:00+00:00,2025-07-20T22:14:00+00:00,1520,0.002987502695158754,2.9875026951587538,1000.0,كسر-سفلي,0,True,True,"symbol_collision,symbol_exposure",True,3.2249672,3.224,0.0003,3.244,1,baseline,0,"""{\""system\"": \""Donchian-96/48\"", \""channel_tf\"": \""15m\"", \""capital\"": 1000.0}"""
دوناتشيان,donchian,donchian,TONUSDT,عرضي,Donchian-96/48,1,289660,290418,2025-07-21T03:40:00+00:00,2025-07-21T16:18:00+00:00,758,-0.01069343292315505,-10.69343292315505,1000.0,كسر-سفلي,0,False,True,,False,3.3259975,3.325,0.0003,3.299,1,baseline,0,"""{\""system\"": \""Donchian-96/48\"", \""channel_tf\"": \""15m\"", \""capital\"": 1000.0}"""
دوناتشيان,donchian,donchian,TONUSDT,عرضي,Donchian-96/48,1,291685,292486,2025-07-22T13:25:00+00:00,2025-07-23T02:46:00+00:00,801,-0.03037893684734292,-30.37893684734292,1000.0,كسر-سفلي,0,False,True,,False,3.3760357,3.373,0.0009,3.282,1,baseline,0,"""{\""system\"": \""Donchian-96/48\"", \""channel_tf\"": \""15m\"", \""capital\"": 1000.0}"""
دوناتشيان,donchian,donchian,TONUSDT,عرضي,Donchian-96/48,1,294695,295205,2025-07-24T15:35:00+00:00,2025-07-25T00:05:00+00:00,510,-0.0537044907891364,-53.7044907891364,1000.0,كسر-سفلي,0,False,True,,False,3.2789483999999995,3.276,0.0009,3.11,1,baseline,0,"""{\""system\"": \""Donchian-96/48\"", \""channel_tf\"": \""15m\"", \""capital\"": 1000.0}"""
دوناتشيان,donchian,donchian,TONUSDT,عرضي,Donchian-96/48,1,296483,298623,2025-07-25T21:23:00+00:00,2025-07-27T09:03:00+00:00,2140,0.03453038373823992,34.53038373823992,1000.0,كسر-سفلي,0,True,True,,False,3.1709509999999996,3.17,0.0003,3.288,1,baseline,0,"""{\""system\"": \""Donchian-96/48\"", \""channel_tf\"": \""15m\"", \""capital\"": 1000.0}"""
دوناتشيان,donchian,donchian,TONUSDT,عرضي,Donchian-96/48,1,299424,300321,2025-07-27T22:24:00+00:00,2025-07-28T13:21:00+00:00,897,-0.008209654571958745,-8.209654571958744,1000.0,كسر-سفلي,0,False,True,,False,3.381014,3.38,0.0003,3.363,1,baseline,0,"""{\""system\"": \""Donchian-96/48\"", \""channel_tf\"": \""15m\"", \""capital\"": 1000.0}"""
دوناتشيان,donchian,donchian,TONUSDT,عرضي,Donchian-96/48,1,301998,303136,2025-07-29T17:18:00+00:00,2025-07-30T12:16:00+00:00,1138,0.0061379284559779,6.1379284559779,1000.0,كسر-سفلي,0,True,True,,False,3.3119932999999997,3.311,0.0003,3.341,1,baseline,0,"""{\""system\"": \""Donchian-96/48\"", \""channel_tf\"": \""15m\"", \""capital\"": 1000.0}"""
دوناتشيان,donchian,donchian,TONUSDT,عرضي,Donchian-96/48,1,304290,305280,2025-07-31T07:30:00+00:00,2025-08-01T00:00:00+00:00,990,0.008815011296189383,8.815011296189383,1000.0,نهاية-البيانات,0,True,True,,False,3.4970488,3.496,0.0003,3.536,1,baseline,0,"""{\""system\"": \""Donchian-96/48\"", \""channel_tf\"": \""15m\"", \""capital\"": 1000.0}"""
دوناتشيان,donchian,donchian,TONUSDT,عرضي,Donchian-288/96,1,14310,16414,2025-01-10T22:30:00+00:00,2025-01-12T09:34:00+00:00,2104,-0.008538266939450723,-8.538266939450724,1000.0,كسر-سفلي,0,False,True,symbol_exposure,True,5.373611599999999,5.372,0.0003,5.34,1,baseline,0,"""{\""system\"": \""Donchian-288/96\"", \""channel_tf\"": \""15m\"", \""capital\"": 1000.0}"""
دوناتشيان,donchian,donchian,TONUSDT,عرضي,Donchian-288/96,1,20718,24704,2025-01-15T09:18:00+00:00,2025-01-18T03:44:00+00:00,3986,0.00419718483469477,4.19718483469477,1000.0,كسر-سفلي,0,True,True,symbol_exposure,True,5.4442645999999995,5.441,0.0006,5.483,1,baseline,0,"""{\""system\"": \""Donchian-288/96\"", \""channel_tf\"": \""15m\"", \""capital\"": 1000.0}"""
دوناتشيان,donchian,donchian,TONUSDT,عرضي,Donchian-288/96,1,31159,31959,2025-01-22T15:19:00+00:00,2025-01-23T04:39:00+00:00,800,-0.030353551006031182,-30.353551006031182,1000.0,كسر-سفلي,0,False,True,symbol_exposure,True,5.3035906,5.302,0.0003,5.156,1,baseline,0,"""{\""system\"": \""Donchian-288/96\"", \""channel_tf\"": \""15m\"", \""capital\"": 1000.0}"""
دوناتشيان,donchian,donchian,TONUSDT,عرضي,Donchian-288/96,1,44118,45769,2025-01-31T15:18:00+00:00,2025-02-01T18:49:00+00:00,1651,-0.03327382886024385,-33.273828860243846,1000.0,كسر-سفلي,0,False,True,symbol_exposure,True,4.9434826,4.942,0.0003,4.79,1,baseline,0,"""{\""system\"": \""Donchian-288/96\"", \""channel_tf\"": \""15m\"", \""capital\"": 1000.0}"""
دوناتشيان,donchian,donchian,TONUSDT,عرضي,Donchian-288/96,1,57068,57470,2025-02-09T15:08:00+00:00,2025-02-09T21:50:00+00:00,402,-0.044916756128368235,-44.916756128368235,1000.0,كسر-سفلي,0,False,True,symbol_exposure,True,3.8794883999999996,3.876,0.0009,3.716,1,baseline,0,"""{\""system\"": \""Donchian-288/96\"", \""channel_tf\"": \""15m\"", \""capital\"": 1000.0}"""
دوناتشيان,donchian,donchian,TONUSDT,عرضي,Donchian-288/96,1,64437,65640,2025-02-14T17:57:00+00:00,2025-02-15T14:00:00+00:00,1203,-0.034126241761946424,-34.126241761946424,1000.0,كسر-سفلي,0,False,True,symbol_exposure,True,3.8921673,3.891,0.0003,3.768,1,baseline,0,"""{\""system\"": \""Donchian-288/96\"", \""channel_tf\"": \""15m\"", \""capital\"": 1000.0}"""
دوناتشيان,donchian,donchian,TONUSDT,عرضي,Donchian-288/96,1,76242,77968,2025-02-22T22:42:00+00:00,2025-02-24T03:28:00+00:00,1726,2.0216868768263266e-05,0.020216868768263264,1000.0,كسر-سفلي,0,True,True,symbol_exposure,True,3.7201156999999996,3.719,0.0003,3.731,1,baseline,0,"""{\""system\"": \""Donchian-288/96\"", \""channel_tf\"": \""15m\"", \""capital\"": 1000.0}"""
دوناتشيان,donchian,donchian,TONUSDT,عرضي,Donchian-288/96,1,103773,114513,2025-03-14T01:33:00+00:00,2025-03-21T12:33:00+00:00,10740,0.2651604178079021,265.1604178079021,1000.0,كسر-سفلي,0,True,True,symbol_exposure,True,2.7978391,2.797,0.0003,3.55,1,baseline,0,"""{\""system\"": \""Donchian-288/96\"", \""channel_tf\"": \""15m\"", \""capital\"": 1000.0}"""
دوناتشيان,donchian,donchian,TONUSDT,عرضي,Donchian-288/96,1,118746,120627,2025-03-24T11:06:00+00:00,2025-03-25T18:27:00+00:00,1881,-0.032866077606197225,-32.86607760619722,1000.0,كسر-سفلي,0,False,True,symbol_exposure,True,3.7353587999999998,3.732,0.0009,3.622,1,baseline,0,"""{\""system\"": \""Donchian-288/96\"", \""channel_tf\"": \""15m\"", \""capital\"": 1000.0}"""
دوناتشيان,donchian,donchian,TONUSDT,عرضي,Donchian-288/96,1,122725,124816,2025-03-27T05:25:00+00:00,2025-03-28T16:16:00+00:00,2091,0.022263366848647697,22.263366848647696,1000.0,كسر-سفلي,0,True,True,symbol_exposure,True,3.7672589999999997,3.765,0.0006,3.86,1,baseline,0,"""{\""system\"": \""Donchian-288/96\"", \""channel_tf\"": \""15m\"", \""capital\"": 1000.0}"""
دوناتشيان,donchian,donchian,TONUSDT,عرضي,Donchian-288/96,1,129006,130606,2025-03-31T14:06:00+00:00,2025-04-01T16:46:00+00:00,1600,0.0020957951573801602,2.0957951573801603,1000.0,كسر-سفلي,0,True,True,symbol_exposure,True,3.997397,3.995,0.0006,4.015,1,baseline,0,"""{\""system\"": \""Donchian-288/96\"", \""channel_tf\"": \""15m\"", \""capital\"": 1000.0}"""
دوناتشيان,donchian,donchian,TONUSDT,عرضي,Donchian-288/96,1,142224,143378,2025-04-09T18:24:00+00:00,2025-04-10T13:38:00+00:00,1154,-0.08564322915390714,-85.64322915390714,1000.0,كسر-سفلي,0,False,True,symbol_exposure,True,3.2169648,3.216,0.0003,2.95,1,baseline,0,"""{\""system\"": \""Donchian-288/96\"", \""channel_tf\"": \""15m\"", \""capital\"": 1000.0}"""
دوناتشيان,donchian,donchian,TONUSDT,عرضي,Donchian-288/96,1,154628,156127,2025-04-18T09:08:00+00:00,2025-04-19T10:07:00+00:00,1499,-0.017097843989188337,-17.097843989188338,1000.0,كسر-سفلي,0,False,True,symbol_exposure,True,3.0208114,3.019,0.0006,2.976,1,baseline,0,"""{\""system\"": \""Donchian-288/96\"", \""channel_tf\"": \""15m\"", \""capital\"": 1000.0}"""
دوناتشيان,donchian,donchian,TONUSDT,عرضي,Donchian-288/96,1,158433,159347,2025-04-21T00:33:00+00:00,2025-04-21T15:47:00+00:00,914,-0.024822171247549932,-24.82217124754993,1000.0,كسر-سفلي,0,False,True,symbol_exposure,True,3.0397332999999995,3.037,0.0009,2.972,1,baseline,0,"""{\""system\"": \""Donchian-288/96\"", \""channel_tf\"": \""15m\"", \""capital\"": 1000.0}"""
دوناتشيان,donchian,donchian,TONUSDT,عرضي,Donchian-288/96,1,161155,168034,2025-04-22T21:55:00+00:00,2025-04-27T16:34:00+00:00,6879,0.04858303077749459,48.58303077749459,1000.0,كسر-سفلي,0,True,True,symbol_exposure,True,3.0637548999999997,3.061,0.0009,3.22,1,baseline,0,"""{\""system\"": \""Donchian-288/96\"", \""channel_tf\"": \""15m\"", \""capital\"": 1000.0}"""
دوناتشيان,donchian,donchian,TONUSDT,عرضي,Donchian-288/96,1,183076,187665,2025-05-08T03:16:00+00:00,2025-05-11T07:45:00+00:00,4589,0.0880764770777619,88.0764770777619,1000.0,كسر-سفلي,0,True,True,symbol_exposure,True,3.0479141,3.047,0.0003,3.325,1,baseline,0,"""{\""system\"": \""Donchian-288/96\"", \""channel_tf\"": \""15m\"", \""capital\"": 1000.0}"""
دوناتشيان,donchian,donchian,TONUSDT,عرضي,Donchian-288/96,1,198267,198481,2025-05-18T16:27:00+00:00,2025-05-18T20:01:00+00:00,214,-0.051377498885265244,-51.37749888526525,1000.0,كسر-سفلي,0,False,True,symbol_exposure,True,3.1879115999999996,3.186,0.0006,3.032,1,baseline,0,"""{\""system\"": \""Donchian-288/96\"", \""channel_tf\"": \""15m\"", \""capital\"": 1000.0}"""
دوناتشيان,donchian,donchian,TONUSDT,عرضي,Donchian-288/96,1,203462,204952,2025-05-22T07:02:00+00:00,2025-05-23T07:52:00+00:00,1490,-0.007675996813500957,-7.675996813500957,1000.0,كسر-سفلي,0,False,True,symbol_exposure,True,3.1429425999999996,3.142,0.0003,3.126,1,baseline,0,"""{\""system\"": \""Donchian-288/96\"", \""channel_tf\"": \""15m\"", \""capital\"": 1000.0}"""
دوناتشيان,donchian,donchian,TONUSDT,عرضي,Donchian-288/96,1,211742,214972,2025-05-28T01:02:00+00:00,2025-05-30T06:52:00+00:00,3230,0.0693000282267456,69.3000282267456,1000.0,كسر-سفلي,0,True,True,symbol_exposure,True,3.0408234,3.039,0.0006,3.261,1,baseline,0,"""{\""system\"": \""Donchian-288/96\"", \""channel_tf\"": \""15m\"", \""capital\"": 1000.0}"""
دوناتشيان,donchian,donchian,TONUSDT,عرضي,Donchian-288/96,1,229582,232297,2025-06-09T10:22:00+00:00,2025-06-11T07:37:00+00:00,2715,0.013268629521308056,13.268629521308057,1000.0,كسر-سفلي,0,True,True,symbol_exposure,True,3.2119259999999996,3.21,0.0006,3.264,1,baseline,0,"""{\""system\"": \""Donchian-288/96\"", \""channel_tf\"": \""15m\"", \""capital\"": 1000.0}"""
دوناتشيان,donchian,donchian,TONUSDT,عرضي,Donchian-288/96,1,240153,240484,2025-06-16T18:33:00+00:00,2025-06-17T00:04:00+00:00,331,-0.03268820684006839,-32.68820684006839,1000.0,كسر-سفلي,0,False,True,symbol_exposure,True,3.0398227999999996,3.038,0.0006,2.949,1,baseline,0,"""{\""system\"": \""Donchian-288/96\"", \""channel_tf\"": \""15m\"", \""capital\"": 1000.0}"""
دوناتشيان,donchian,donchian,TONUSDT,عرضي,Donchian-288/96,1,251583,252585,2025-06-24T17:03:00+00:00,2025-06-25T09:45:00+00:00,1002,-0.024653990796265124,-24.653990796265123,1000.0,كسر-سفلي,0,False,True,symbol_exposure,True,2.9338798999999995,2.933,0.0003,2.869,1,baseline,0,"""{\""system\"": \""Donchian-288/96\"", \""channel_tf\"": \""15m\"", \""capital\"": 1000.0}"""
دوناتشيان,donchian,donchian,TONUSDT,عرضي,Donchian-288/96,1,258385,260948,2025-06-29T10:25:00+00:00,2025-07-01T05:08:00+00:00,2563,-0.004236783580321849,-4.236783580321849,1000.0,كسر-سفلي,0,False,True,symbol_exposure,True,2.8725829999999997,2.87,0.0009,2.867,1,baseline,0,"""{\""system\"": \""Donchian-288/96\"", \""channel_tf\"": \""15m\"", \""capital\"": 1000.0}"""
دوناتشيان,donchian,donchian,TONUSDT,عرضي,Donchian-288/96,1,273771,280987,2025-07-10T02:51:00+00:00,2025-07-15T03:07:00+00:00,7216,0.03329908628570831,33.29908628570831,1000.0,كسر-سفلي,0,True,True,symbol_exposure,True,2.8705811999999997,2.868,0.0009,2.973,1,baseline,0,"""{\""system\"": \""Donchian-288/96\"", \""channel_tf\"": \""15m\"", \""capital\"": 1000.0}"""
دوناتشيان,donchian,donchian,TONUSDT,عرضي,Donchian-288/96,1,282200,286624,2025-07-15T23:20:00+00:00,2025-07-19T01:04:00+00:00,4424,0.025471027374315346,25.471027374315348,1000.0,كسر-سفلي,0,True,True,symbol_exposure,True,3.0589174,3.058,0.0003,3.145,1,baseline,0,"""{\""system\"": \""Donchian-288/96\"", \""channel_tf\"": \""15m\"", \""capital\"": 1000.0}"""
دوناتشيان,donchian,donchian,TONUSDT,عرضي,Donchian-288/96,1,289822,291103,2025-07-21T06:22:00+00:00,2025-07-22T03:43:00+00:00,1281,-0.028539744793767984,-28.539744793767984,1000.0,كسر-سفلي,0,False,True,symbol_exposure,True,3.3450032,3.344,0.0003,3.258,1,baseline,0,"""{\""system\"": \""Donchian-288/96\"", \""channel_tf\"": \""15m\"", \""capital\"": 1000.0}"""
دوناتشيان,donchian,donchian,TONUSDT,عرضي,Donchian-288/96,1,291687,293098,2025-07-22T13:27:00+00:00,2025-07-23T12:58:00+00:00,1411,-0.04893656139776453,-48.936561397764535,1000.0,كسر-سفلي,0,False,True,symbol_exposure,True,3.4020591,3.399,0.0009,3.244,1,baseline,0,"""{\""system\"": \""Donchian-288/96\"", \""channel_tf\"": \""15m\"", \""capital\"": 1000.0}"""
دوناتشيان,donchian,donchian,TONUSDT,عرضي,Donchian-288/96,1,296854,300378,2025-07-26T03:34:00+00:00,2025-07-28T14:18:00+00:00,3524,-0.011815808848792077,-11.815808848792077,1000.0,كسر-سفلي,0,False,True,symbol_exposure,True,3.3560176999999998,3.353,0.0009,3.325,1,baseline,0,"""{\""system\"": \""Donchian-288/96\"", \""channel_tf\"": \""15m\"", \""capital\"": 1000.0}"""
دوناتشيان,donchian,donchian,TONUSDT,عرضي,Donchian-288/96,1,302600,303546,2025-07-30T03:20:00+00:00,2025-07-30T19:06:00+00:00,946,-0.04454364213426985,-44.543642134269845,1000.0,كسر-سفلي,0,False,True,symbol_exposure,True,3.4501022999999997,3.447,0.0009,3.306,1,baseline,0,"""{\""system\"": \""Donchian-288/96\"", \""channel_tf\"": \""15m\"", \""capital\"": 1000.0}"""
دوناتشيان,donchian,donchian,TONUSDT,عرضي,Donchian-288/96,1,304290,305280,2025-07-31T07:30:00+00:00,2025-08-01T00:00:00+00:00,990,0.008815011296189383,8.815011296189383,1000.0,نهاية-البيانات,0,True,True,symbol_exposure,True,3.4970488,3.496,0.0003,3.536,1,baseline,0,"""{\""system\"": \""Donchian-288/96\"", \""channel_tf\"": \""15m\"", \""capital\"": 1000.0}"""
اتجاه-تكيفي,adaptive_trend,adaptive_trend,TONUSDT,عرضي,AdaptiveTrend-4h,1,116194,116203,2025-03-22T16:34:00+00:00,2025-03-22T16:43:00+00:00,9,-0.002869140217673552,-2.869140217673552,1000.0,تتبع,0,False,True,"symbol_collision,symbol_exposure",True,3.6650992000000002,3.664,0.0003,3.663,1,baseline,0,"""{\""tf\"": \""4h\"", \""capital\"": 1000.0}"""
اتجاه-تكيفي,adaptive_trend,adaptive_trend,TONUSDT,عرضي,AdaptiveTrend-4h,1,116218,116238,2025-03-22T16:58:00+00:00,2025-03-22T17:18:00+00:00,20,-0.0091437087193983,-9.1437087193983,1000.0,تتبع,0,False,True,"symbol_collision,symbol_exposure",True,3.6721012999999996,3.671,0.0003,3.648,1,baseline,0,"""{\""tf\"": \""4h\"", \""capital\"": 1000.0}"""
اتجاه-تكيفي,adaptive_trend,adaptive_trend,TONUSDT,عرضي,AdaptiveTrend-4h,1,120028,120036,2025-03-25T08:28:00+00:00,2025-03-25T08:36:00+00:00,8,-0.002654478785353835,-2.654478785353835,1000.0,تتبع,0,False,True,symbol_collision,True,3.687211,3.685,0.0006,3.687,1,baseline,0,"""{\""tf\"": \""4h\"", \""capital\"": 1000.0}"""
اتجاه-تكيفي,adaptive_trend,adaptive_trend,TONUSDT,عرضي,AdaptiveTrend-4h,1,120210,120219,2025-03-25T11:30:00+00:00,2025-03-25T11:39:00+00:00,9,-0.003956894691664842,-3.9568946916648415,1000.0,تتبع,0,False,True,,False,3.6681000999999998,3.667,0.0003,3.662,1,baseline,0,"""{\""tf\"": \""4h\"", \""capital\"": 1000.0}"""
اتجاه-تكيفي,adaptive_trend,adaptive_trend,TONUSDT,عرضي,AdaptiveTrend-4h,1,120225,120240,2025-03-25T11:45:00+00:00,2025-03-25T12:00:00+00:00,15,-0.0047710988649413595,-4.77109886494136,1000.0,تتبع,0,False,True,,False,3.6711009999999997,3.67,0.0003,3.662,1,baseline,0,"""{\""tf\"": \""4h\"", \""capital\"": 1000.0}"""
اتجاه-تكيفي,adaptive_trend,adaptive_trend,TONUSDT,عرضي,AdaptiveTrend-4h,1,122433,122440,2025-03-27T00:33:00+00:00,2025-03-27T00:40:00+00:00,7,-0.003135477797830536,-3.1354777978305357,1000.0,تتبع,0,False,True,"symbol_collision,symbol_exposure",True,3.7051112,3.704,0.0003,3.702,1,baseline,0,"""{\""tf\"": \""4h\"", \""capital\"": 1000.0}"""
اتجاه-تكيفي,adaptive_trend,adaptive_trend,TONUSDT,عرضي,AdaptiveTrend-4h,1,122441,122442,2025-03-27T00:41:00+00:00,2025-03-27T00:42:00+00:00,1,-0.006142233401255501,-6.142233401255501,1000.0,تتبع,0,False,True,"symbol_collision,symbol_exposure",True,3.7232326,3.721,0.0006,3.71,1,baseline,0,"""{\""tf\"": \""4h\"", \""capital\"": 1000.0}"""
اتجاه-تكيفي,adaptive_trend,adaptive_trend,TONUSDT,عرضي,AdaptiveTrend-4h,1,122448,122472,2025-03-27T00:48:00+00:00,2025-03-27T01:12:00+00:00,24,-0.003698355305202152,-3.6983553052021523,1000.0,تتبع,0,False,True,"symbol_collision,symbol_exposure",True,3.7302368,3.728,0.0006,3.725,1,baseline,0,"""{\""tf\"": \""4h\"", \""capital\"": 1000.0}"""
اتجاه-تكيفي,adaptive_trend,adaptive_trend,TONUSDT,عرضي,AdaptiveTrend-4h,1,127293,127294,2025-03-30T09:33:00+00:00,2025-03-30T09:34:00+00:00,1,0.0007509311552338601,0.7509311552338601,1000.0,تتبع,0,True,True,"symbol_collision,symbol_exposure",True,3.8741619000000003,3.873,0.0003,3.886,1,baseline,0,"""{\""tf\"": \""4h\"", \""capital\"": 1000.0}"""
اتجاه-تكيفي,adaptive_trend,adaptive_trend,TONUSDT,عرضي,AdaptiveTrend-4h,1,127610,127614,2025-03-30T14:50:00+00:00,2025-03-30T14:54:00+00:00,4,0.0013381231105868499,1.3381231105868499,1000.0,تتبع,0,True,True,"symbol_collision,symbol_exposure",True,3.8031406,3.802,0.0003,3.817,1,baseline,0,"""{\""tf\"": \""4h\"", \""capital\"": 1000.0}"""
اتجاه-تكيفي,adaptive_trend,adaptive_trend,TONUSDT,عرضي,AdaptiveTrend-4h,1,127999,128013,2025-03-30T21:19:00+00:00,2025-03-30T21:33:00+00:00,14,0.0016866794358574699,1.68667943585747,1000.0,تتبع,0,True,True,"symbol_collision,symbol_exposure",True,3.9171747999999997,3.916,0.0003,3.934,1,baseline,0,"""{\""tf\"": \""4h\"", \""capital\"": 1000.0}"""
اتجاه-تكيفي,adaptive_trend,adaptive_trend,TONUSDT,عرضي,AdaptiveTrend-4h,1,215621,215646,2025-05-30T17:41:00+00:00,2025-05-30T18:06:00+00:00,25,0.0007388730226730402,0.7388730226730402,1000.0,تتبع,0,True,True,,False,3.2899867,3.289,0.0003,3.3,1,baseline,0,"""{\""tf\"": \""4h\"", \""capital\"": 1000.0}"""
اتجاه-تكيفي,adaptive_trend,adaptive_trend,TONUSDT,عرضي,AdaptiveTrend-4h,1,215660,215671,2025-05-30T18:20:00+00:00,2025-05-30T18:31:00+00:00,11,-0.002596923220735855,-2.5969232207358552,1000.0,تتبع,0,False,True,,False,3.3209959999999996,3.32,0.0003,3.32,1,baseline,0,"""{\""tf\"": \""4h\"", \""capital\"": 1000.0}"""
اتجاه-تكيفي,adaptive_trend,adaptive_trend,TONUSDT,عرضي,AdaptiveTrend-4h,1,215699,215705,2025-05-30T18:59:00+00:00,2025-05-30T19:05:00+00:00,6,-0.005288565706796821,-5.288565706796821,1000.0,تتبع,0,False,True,,False,3.3360005,3.335,0.0003,3.326,1,baseline,0,"""{\""tf\"": \""4h\"", \""capital\"": 1000.0}"""
اتجاه-تكيفي,adaptive_trend,adaptive_trend,TONUSDT,عرضي,AdaptiveTrend-4h,1,218946,218954,2025-06-02T01:06:00+00:00,2025-06-02T01:14:00+00:00,8,-0.00415244891752195,-4.1524489175219506,1000.0,تتبع,0,False,True,"symbol_collision,symbol_exposure",True,3.2069617999999998,3.206,0.0003,3.201,1,baseline,0,"""{\""tf\"": \""4h\"", \""capital\"": 1000.0}"""
اتجاه-تكيفي,adaptive_trend,adaptive_trend,TONUSDT,صاعد,AdaptiveTrend-4h,1,219986,220009,2025-06-02T18:26:00+00:00,2025-06-02T18:49:00+00:00,23,-0.0022893675387193804,-2.28936753871938,1000.0,تتبع,0,False,True,"symbol_collision,symbol_exposure",True,3.2439728999999997,3.243,0.0003,3.244,1,baseline,0,"""{\""tf\"": \""4h\"", \""capital\"": 1000.0}"""
اتجاه-تكيفي,adaptive_trend,adaptive_trend,TONUSDT,عرضي,AdaptiveTrend-4h,1,221205,221230,2025-06-03T14:45:00+00:00,2025-06-03T15:10:00+00:00,25,-0.004776018581988915,-4.776018581988915,1000.0,تتبع,0,False,True,,False,3.2049612,3.204,0.0003,3.197,1,baseline,0,"""{\""tf\"": \""4h\"", \""capital\"": 1000.0}"""
اتجاه-تكيفي,adaptive_trend,adaptive_trend,TONUSDT,عرضي,AdaptiveTrend-4h,1,221239,221252,2025-06-03T15:19:00+00:00,2025-06-03T15:32:00+00:00,13,-0.004771945506547444,-4.7719455065474445,1000.0,تتبع,0,False,True,,False,3.210963,3.21,0.0003,3.203,1,baseline,0,"""{\""tf\"": \""4h\"", \""capital\"": 1000.0}"""
اتجاه-تكيفي,adaptive_trend,adaptive_trend,TONUSDT,عرضي,AdaptiveTrend-4h,1,222282,222289,2025-06-04T08:42:00+00:00,2025-06-04T08:49:00+00:00,7,-0.004468223552404257,-4.4682235524042575,1000.0,تتبع,0,False,True,,False,3.1989593999999997,3.198,0.0003,3.192,1,baseline,0,"""{\""tf\"": \""4h\"", \""capital\"": 1000.0}"""
اتجاه-تكيفي,adaptive_trend,adaptive_trend,TONUSDT,عرضي,AdaptiveTrend-4h,1,222355,222365,2025-06-04T09:55:00+00:00,2025-06-04T10:05:00+00:00,10,-0.004465302384231214,-4.465302384231213,1000.0,تتبع,0,False,True,,False,3.2039609,3.203,0.0003,3.197,1,baseline,0,"""{\""tf\"": \""4h\"", \""capital\"": 1000.0}"""
اتجاه-تكيفي,adaptive_trend,adaptive_trend,TONUSDT,عرضي,AdaptiveTrend-4h,1,223564,223567,2025-06-05T06:04:00+00:00,2025-06-05T06:07:00+00:00,3,-0.003841732052909732,-3.841732052909732,1000.0,تتبع,0,False,True,,False,3.2059615,3.205,0.0003,3.201,1,baseline,0,"""{\""tf\"": \""4h\"", \""capital\"": 1000.0}"""
اتجاه-تكيفي,adaptive_trend,adaptive_trend,TONUSDT,عرضي,AdaptiveTrend-4h,1,223970,223983,2025-06-05T12:50:00+00:00,2025-06-05T13:03:00+00:00,13,-0.004129503240372076,-4.129503240372076,1000.0,تتبع,0,False,True,"symbol_collision,symbol_exposure",True,3.2549761999999998,3.254,0.0003,3.249,1,baseline,0,"""{\""tf\"": \""4h\"", \""capital\"": 1000.0}"""
اتجاه-تكيفي,adaptive_trend,adaptive_trend,TONUSDT,عرضي,AdaptiveTrend-4h,1,224146,224160,2025-06-05T15:46:00+00:00,2025-06-05T16:00:00+00:00,14,-0.004745176001491353,-4.7451760014913535,1000.0,تتبع,0,False,True,"symbol_collision,symbol_exposure",True,3.250975,3.25,0.0003,3.243,1,baseline,0,"""{\""tf\"": \""4h\"", \""capital\"": 1000.0}"""
اتجاه-تكيفي,adaptive_trend,adaptive_trend,TONUSDT,عرضي,AdaptiveTrend-4h,1,226535,226545,2025-06-07T07:35:00+00:00,2025-06-07T07:45:00+00:00,10,-0.003520325417230849,-3.520325417230849,1000.0,تتبع,0,False,True,symbol_collision,True,3.1959163999999998,3.194,0.0006,3.192,1,baseline,0,"""{\""tf\"": \""4h\"", \""capital\"": 1000.0}"""
اتجاه-تكيفي,adaptive_trend,adaptive_trend,TONUSDT,عرضي,AdaptiveTrend-4h,1,232844,232861,2025-06-11T16:44:00+00:00,2025-06-11T17:01:00+00:00,17,-0.006523706987583233,-6.523706987583233,1000.0,تتبع,0,False,True,,False,3.3029905999999998,3.302,0.0003,3.289,1,baseline,0,"""{\""tf\"": \""4h\"", \""capital\"": 1000.0}"""
اتجاه-تكيفي,adaptive_trend,adaptive_trend,TONUSDT,عرضي,AdaptiveTrend-4h,1,232888,232898,2025-06-11T17:28:00+00:00,2025-06-11T17:38:00+00:00,10,-0.005310534977390466,-5.310534977390466,1000.0,تتبع,0,False,True,,False,3.3089923999999997,3.308,0.0003,3.299,1,baseline,0,"""{\""tf\"": \""4h\"", \""capital\"": 1000.0}"""
اتجاه-تكيفي,adaptive_trend,adaptive_trend,TONUSDT,عرضي,AdaptiveTrend-4h,1,233091,233094,2025-06-11T20:51:00+00:00,2025-06-11T20:54:00+00:00,3,-0.004432634404992177,-4.432634404992178,1000.0,تتبع,0,False,True,,False,3.2609779999999997,3.26,0.0003,3.254,1,baseline,0,"""{\""tf\"": \""4h\"", \""capital\"": 1000.0}"""
اتجاه-تكيفي,adaptive_trend,adaptive_trend,TONUSDT,عرضي,AdaptiveTrend-4h,1,233115,233119,2025-06-11T21:15:00+00:00,2025-06-11T21:19:00+00:00,4,-0.004120606503319715,-4.120606503319714,1000.0,تتبع,0,False,True,,False,3.2739819,3.273,0.0003,3.268,1,baseline,0,"""{\""tf\"": \""4h\"", \""capital\"": 1000.0}"""
اتجاه-تكيفي,adaptive_trend,adaptive_trend,TONUSDT,عرضي,AdaptiveTrend-4h,1,281766,281775,2025-07-15T16:06:00+00:00,2025-07-15T16:15:00+00:00,9,-0.004911850786205052,-4.911850786205052,1000.0,تتبع,0,False,True,,False,3.0169048,3.016,0.0003,3.009,1,baseline,0,"""{\""tf\"": \""4h\"", \""capital\"": 1000.0}"""
اتجاه-تكيفي,adaptive_trend,adaptive_trend,TONUSDT,عرضي,AdaptiveTrend-4h,1,281792,281795,2025-07-15T16:32:00+00:00,2025-07-15T16:35:00+00:00,3,-0.0042471599460489826,-4.247159946048982,1000.0,تتبع,0,False,True,,False,3.0229065999999998,3.022,0.0003,3.017,1,baseline,0,"""{\""tf\"": \""4h\"", \""capital\"": 1000.0}"""
اتجاه-تكيفي,adaptive_trend,adaptive_trend,TONUSDT,عرضي,AdaptiveTrend-4h,1,281833,281884,2025-07-15T17:13:00+00:00,2025-07-15T18:04:00+00:00,51,0.0030101707955496253,3.0101707955496253,1000.0,تتبع,0,True,True,,False,3.0249072,3.024,0.0003,3.041,1,baseline,0,"""{\""tf\"": \""4h\"", \""capital\"": 1000.0}"""
اتجاه-تكيفي,adaptive_trend,adaptive_trend,TONUSDT,عرضي,AdaptiveTrend-4h,1,287136,287152,2025-07-19T09:36:00+00:00,2025-07-19T09:52:00+00:00,16,-0.0032224503933789084,-3.2224503933789084,1000.0,تتبع,0,False,True,,False,3.1899566999999998,3.189,0.0003,3.187,1,baseline,0,"""{\""tf\"": \""4h\"", \""capital\"": 1000.0}"""
اتجاه-تكيفي,adaptive_trend,adaptive_trend,TONUSDT,عرضي,AdaptiveTrend-4h,1,287197,287204,2025-07-19T10:37:00+00:00,2025-07-19T10:44:00+00:00,7,-0.001972961333479623,-1.972961333479623,1000.0,تتبع,0,False,True,,False,3.1979591,3.197,0.0003,3.199,1,baseline,0,"""{\""tf\"": \""4h\"", \""capital\"": 1000.0}"""
اتجاه-تكيفي,adaptive_trend,adaptive_trend,TONUSDT,عرضي,AdaptiveTrend-4h,1,287785,287819,2025-07-19T20:25:00+00:00,2025-07-19T20:59:00+00:00,34,-0.0032171987659967496,-3.21719876599675,1000.0,تتبع,0,False,True,,False,3.2169648,3.216,0.0003,3.214,1,baseline,0,"""{\""tf\"": \""4h\"", \""capital\"": 1000.0}"""
اتجاه-تكيفي,adaptive_trend,adaptive_trend,TONUSDT,عرضي,AdaptiveTrend-4h,1,287891,287909,2025-07-19T22:11:00+00:00,2025-07-19T22:29:00+00:00,18,-0.003840567954874649,-3.840567954874649,1000.0,تتبع,0,False,True,,False,3.2089624,3.208,0.0003,3.204,1,baseline,0,"""{\""tf\"": \""4h\"", \""capital\"": 1000.0}"""
اتجاه-تكيفي,adaptive_trend,adaptive_trend,TONUSDT,عرضي,AdaptiveTrend-4h,1,288084,288091,2025-07-20T01:24:00+00:00,2025-07-20T01:31:00+00:00,7,-0.00506800474521772,-5.06800474521772,1000.0,تتبع,0,False,True,,False,3.1959163999999998,3.194,0.0006,3.188,1,baseline,0,"""{\""tf\"": \""4h\"", \""capital\"": 1000.0}"""
اتجاه-تكيفي,adaptive_trend,adaptive_trend,TONUSDT,عرضي,AdaptiveTrend-4h,1,288209,288215,2025-07-20T03:29:00+00:00,2025-07-20T03:35:00+00:00,6,-0.0016603945101449523,-1.6603945101449522,1000.0,تتبع,0,False,True,,False,3.1959584999999997,3.195,0.0003,3.198,1,baseline,0,"""{\""tf\"": \""4h\"", \""capital\"": 1000.0}"""
اتجاه-تكيفي,adaptive_trend,adaptive_trend,TONUSDT,عرضي,AdaptiveTrend-4h,1,288216,288223,2025-07-20T03:36:00+00:00,2025-07-20T03:43:00+00:00,7,-0.002596923220735966,-2.5969232207359663,1000.0,تتبع,0,False,True,,False,3.2039609,3.203,0.0003,3.203,1,baseline,0,"""{\""tf\"": \""4h\"", \""capital\"": 1000.0}"""
اتجاه-تكيفي,adaptive_trend,adaptive_trend,TONUSDT,عرضي,AdaptiveTrend-4h,1,288483,288495,2025-07-20T08:03:00+00:00,2025-07-20T08:15:00+00:00,12,0.0017411569039106024,1.7411569039106023,1000.0,تتبع,0,True,True,,False,3.2259675,3.225,0.0003,3.24,1,baseline,0,"""{\""tf\"": \""4h\"", \""capital\"": 1000.0}"""
اتجاه-تكيفي,adaptive_trend,adaptive_trend,TONUSDT,عرضي,AdaptiveTrend-4h,1,288508,288518,2025-07-20T08:28:00+00:00,2025-07-20T08:38:00+00:00,10,-0.002289272672685493,-2.289272672685493,1000.0,تتبع,0,False,True,,False,3.2429726,3.242,0.0003,3.243,1,baseline,0,"""{\""tf\"": \""4h\"", \""capital\"": 1000.0}"""
اتجاه-تكيفي,adaptive_trend,adaptive_trend,TONUSDT,عرضي,AdaptiveTrend-4h,1,288520,288540,2025-07-20T08:40:00+00:00,2025-07-20T09:00:00+00:00,20,-0.0007532946130107787,-0.7532946130107787,1000.0,تتبع,0,False,True,,False,3.2469737999999997,3.246,0.0003,3.252,1,baseline,0,"""{\""tf\"": \""4h\"", \""capital\"": 1000.0}"""
اتجاه-تكيفي,adaptive_trend,adaptive_trend,TONUSDT,عرضي,AdaptiveTrend-4h,1,288541,288545,2025-07-20T09:01:00+00:00,2025-07-20T09:05:00+00:00,4,-0.0031954853062186365,-3.1954853062186364,1000.0,تتبع,0,False,True,,False,3.2589542,3.257,0.0006,3.257,1,baseline,0,"""{\""tf\"": \""4h\"", \""capital\"": 1000.0}"""
اتجاه-تكيفي,adaptive_trend,adaptive_trend,TONUSDT,عرضي,AdaptiveTrend-4h,1,289423,289449,2025-07-20T23:43:00+00:00,2025-07-21T00:09:00+00:00,26,-0.00503481647286972,-5.0348164728697204,1000.0,تتبع,0,False,True,,False,3.2739819,3.273,0.0003,3.265,1,baseline,0,"""{\""tf\"": \""4h\"", \""capital\"": 1000.0}"""
اتجاه-تكيفي,adaptive_trend,adaptive_trend,TONUSDT,عرضي,AdaptiveTrend-4h,1,289771,289778,2025-07-21T05:31:00+00:00,2025-07-21T05:38:00+00:00,7,0.0016127973324474723,1.6127973324474723,1000.0,تتبع,0,True,True,"symbol_collision,symbol_exposure",True,3.3179951,3.317,0.0003,3.331,1,baseline,0,"""{\""tf\"": \""4h\"", \""capital\"": 1000.0}"""
اتجاه-تكيفي,adaptive_trend,adaptive_trend,TONUSDT,عرضي,AdaptiveTrend-4h,1,289780,289790,2025-07-21T05:40:00+00:00,2025-07-21T05:50:00+00:00,10,-0.002896084311551453,-2.896084311551453,1000.0,تتبع,0,False,True,"symbol_collision,symbol_exposure",True,3.3350002,3.334,0.0003,3.333,1,baseline,0,"""{\""tf\"": \""4h\"", \""capital\"": 1000.0}"""
اتجاه-تكيفي,adaptive_trend,adaptive_trend,TONUSDT,عرضي,AdaptiveTrend-4h,1,296837,296838,2025-07-26T03:17:00+00:00,2025-07-26T03:18:00+00:00,1,-0.0007289174060881715,-0.7289174060881715,1000.0,تتبع,0,False,True,"symbol_collision,symbol_exposure",True,3.220966,3.22,0.0003,3.227,1,baseline,0,"""{\""tf\"": \""4h\"", \""capital\"": 1000.0}"""
اتجاه-تكيفي,adaptive_trend,adaptive_trend,TONUSDT,عرضي,AdaptiveTrend-4h,1,296839,296841,2025-07-26T03:19:00+00:00,2025-07-26T03:21:00+00:00,2,-0.0007180284618454972,-0.7180284618454972,1000.0,تتبع,0,False,True,"symbol_collision,symbol_exposure",True,3.2419150999999995,3.239,0.0009,3.249,1,baseline,0,"""{\""tf\"": \""4h\"", \""capital\"": 1000.0}"""
اتجاه-تكيفي,adaptive_trend,adaptive_trend,TONUSDT,عرضي,AdaptiveTrend-4h,1,296842,296844,2025-07-26T03:22:00+00:00,2025-07-26T03:24:00+00:00,2,0.000488438643960768,0.48843864396076797,1000.0,تتبع,0,True,True,"symbol_collision,symbol_exposure",True,3.2599313,3.257,0.0009,3.271,1,baseline,0,"""{\""tf\"": \""4h\"", \""capital\"": 1000.0}"""
اتجاه-تكيفي,adaptive_trend,adaptive_trend,TONUSDT,عرضي,AdaptiveTrend-4h,1,296846,296850,2025-07-26T03:26:00+00:00,2025-07-26T03:30:00+00:00,4,0.009286272152745852,9.286272152745852,1000.0,تتبع,0,True,True,"symbol_collision,symbol_exposure",True,3.2779475,3.275,0.0009,3.318,1,baseline,0,"""{\""tf\"": \""4h\"", \""capital\"": 1000.0}"""
اتجاه-تكيفي,adaptive_trend,adaptive_trend,TONUSDT,عرضي,AdaptiveTrend-4h,1,296852,296853,2025-07-26T03:32:00+00:00,2025-07-26T03:33:00+00:00,1,-0.001998722250495566,-1.9987222504955662,1000.0,تتبع,0,False,True,"symbol_collision,symbol_exposure",True,3.3329969999999998,3.33,0.0009,3.336,1,baseline,0,"""{\""tf\"": \""4h\"", \""capital\"": 1000.0}"""
اتجاه-تكيفي,adaptive_trend,adaptive_trend,TONUSDT,عرضي,AdaptiveTrend-4h,1,296854,296856,2025-07-26T03:34:00+00:00,2025-07-26T03:36:00+00:00,2,-0.01716359135519938,-17.16359135519938,1000.0,تتبع,0,False,True,"symbol_collision,symbol_exposure",True,3.3560176999999998,3.353,0.0009,3.308,1,baseline,0,"""{\""tf\"": \""4h\"", \""capital\"": 1000.0}"""
اتجاه-تكيفي,adaptive_trend,adaptive_trend,TONUSDT,عرضي,AdaptiveTrend-4h,1,302216,302220,2025-07-29T20:56:00+00:00,2025-07-29T21:00:00+00:00,4,-0.004075872029720538,-4.075872029720538,1000.0,تتبع,0,False,True,"symbol_collision,symbol_exposure",True,3.3730116,3.372,0.0003,3.367,1,baseline,0,"""{\""tf\"": \""4h\"", \""capital\"": 1000.0}"""
اتجاه-تكيفي,adaptive_trend,adaptive_trend,TONUSDT,عرضي,AdaptiveTrend-4h,1,302221,302224,2025-07-29T21:01:00+00:00,2025-07-29T21:04:00+00:00,3,-0.006735525199073125,-6.735525199073125,1000.0,تتبع,0,False,True,"symbol_collision,symbol_exposure",True,3.3750122,3.374,0.0003,3.36,1,baseline,0,"""{\""tf\"": \""4h\"", \""capital\"": 1000.0}"""
اتجاه-تكيفي,adaptive_trend,adaptive_trend,TONUSDT,عرضي,AdaptiveTrend-4h,1,303321,303332,2025-07-30T15:21:00+00:00,2025-07-30T15:32:00+00:00,11,-0.009119773306688183,-9.119773306688183,1000.0,تتبع,0,False,True,,False,3.3650092,3.364,0.0003,3.342,1,baseline,0,"""{\""tf\"": \""4h\"", \""capital\"": 1000.0}"""
