category,kind,strategy,symbol,regime,trigger,side,entry_bar,exit_bar,entry_time,exit_time,bars_held,net_frac,pnl_usd,notional_usd,reason,cycles,success,risk_accepted,risk_reason,risk_would_block,entry_px,entry_ref_px,entry_cost_pct,exit_px,mult,experiment,series,snapshot
اتجاهي,dir,directional,XLMUSDT,هابط,Bollinger,-1,21883,21906,2024-09-16T04:43:00+00:00,2024-09-16T05:06:00+00:00,23,-0.0018478236372550666,-0.03695647274510133,20.0,قفل-ربح,0,False,True,,False,0.09467159000000001,0.0947,0.0003,0.09462890118572176,1,baseline,0,"{""close"": 0.0947, ""rsi"": 54.390450353433124, ""rsi7"": 53.64460556223892, ""macd"": 1.4311278037568154e-05, ""adx"": 24.568469509250473, ""stoch_k"": 83.33333333333552, ""stoch_d"": 86.11111111111336, ""mss"": 0.0, ""sfp"": 0.0, ""vr"": 1.0166408936289124, ""hurst"": 0.2868951560319482, ""atr14"": 9.489249947929644e-05, ""vol_sma20"": 37454.1, ""vol_ratio"": 0.3523245786175612, ""atr_pct"": 0.0010020327294540277, ""retest_entry"": true}"
اتجاهي,dir,directional,XLMUSDT,هابط,RSI,-1,21920,21924,2024-09-16T05:20:00+00:00,2024-09-16T05:24:00+00:00,4,-0.00259710280716572,-0.0519420561433144,20.0,قفل-ربح,0,False,True,,False,0.09487153,0.0949,0.0003,0.0949,1,baseline,0,"{""close"": 0.0949, ""rsi"": 72.53766850524943, ""rsi7"": 89.65996939216713, ""macd"": 2.050417913834144e-05, ""adx"": 32.75350769905933, ""stoch_k"": 100.0, ""stoch_d"": 100.0, ""mss"": 0.0, ""sfp"": 0.0, ""vr"": 0.6020327627121126, ""hurst"": 0.15264497797828686, ""atr14"": 4.807988180406296e-05, ""vol_sma20"": 9402.05, ""vol_ratio"": 2.75812189894757, ""atr_pct"": 0.0005066373214337509, ""retest_entry"": true}"
اتجاهي,dir,directional,XLMUSDT,هابط,FVG,-1,21952,21953,2024-09-16T05:52:00+00:00,2024-09-16T05:53:00+00:00,1,-0.00259710280716572,-0.0519420561433144,20.0,زمني,0,False,True,,False,0.09487153,0.0949,0.0003,0.0949,1,baseline,0,"{""close"": 0.0949, ""rsi"": 56.49329995361986, ""rsi7"": 56.87656194287656, ""macd"": 1.6237357989470005e-05, ""adx"": 18.97019775451132, ""stoch_k"": 77.77777777777719, ""stoch_d"": 88.88888888888903, ""mss"": 0.0, ""sfp"": 0.0, ""vr"": 0.7876274948019373, ""hurst"": 0.15247045063564507, ""atr14"": 5.5798886077546754e-05, ""vol_sma20"": 3158.65, ""vol_ratio"": 0.3330536779953461, ""atr_pct"": 0.0005879756172554979, ""retest_entry"": true}"
اتجاهي,dir,directional,XLMUSDT,هابط,MicroBurst,-1,21960,21961,2024-09-16T06:00:00+00:00,2024-09-16T06:01:00+00:00,1,-0.0025971028071656095,-0.05194205614331219,20.0,تتبع,0,False,True,,False,0.09507147,0.0951,0.0003,0.0951,1,baseline,0,"{""close"": 0.095, ""rsi"": 64.34267054841791, ""rsi7"": 73.8832420260074, ""macd"": 1.0104726056428525e-05, ""adx"": 20.174853600707923, ""stoch_k"": 77.77777777777823, ""stoch_d"": 85.18518518518583, ""mss"": 0.0, ""sfp"": 0.0, ""vr"": 0.905433549915831, ""hurst"": 0.16405780579147555, ""atr14"": 6.180623958430778e-05, ""vol_sma20"": 3334.35, ""vol_ratio"": 2.2385172522380676, ""atr_pct"": 0.0006505919956242924, ""retest_entry"": true}"
اتجاهي,dir,directional,XLMUSDT,هابط,Bollinger,-1,21968,21969,2024-09-16T06:08:00+00:00,2024-09-16T06:09:00+00:00,1,-0.0025971028071656095,-0.05194205614331219,20.0,زمني,0,False,True,,False,0.09517144000000001,0.0952,0.0003,0.0952,1,baseline,0,"{""close"": 0.0951, ""rsi"": 65.4355656911031, ""rsi7"": 68.6646000892479, ""macd"": 7.12144283503431e-06, ""adx"": 20.602607618939185, ""stoch_k"": 77.77777777777823, ""stoch_d"": 88.88888888888954, ""mss"": 0.0, ""sfp"": 0.0, ""vr"": 1.0168622039746456, ""hurst"": 0.1982004522666845, ""atr14"": 6.701083781340058e-05, ""vol_sma20"": 6489.05, ""vol_ratio"": 0.23963446113067396, ""atr_pct"": 0.0007046355185425928, ""retest_entry"": true}"
اتجاهي,dir,directional,XLMUSDT,هابط,FVG,-1,21981,21982,2024-09-16T06:21:00+00:00,2024-09-16T06:22:00+00:00,1,-0.003196203436347537,-0.06392406872695074,20.0,زمني,0,False,True,,False,0.09524281999999999,0.0953,0.0006,0.0953,1,baseline,0,"{""close"": 0.0952, ""rsi"": 52.979402034317815, ""rsi7"": 45.83429223489742, ""macd"": -1.1046533614689086e-05, ""adx"": 30.678008821372543, ""stoch_k"": 55.55555555555703, ""stoch_d"": 64.81481481481599, ""mss"": 0.0, ""sfp"": 0.0, ""vr"": 1.295469089985671, ""hurst"": 0.2619446866080427, ""atr14"": 8.119328993642495e-05, ""vol_sma20"": 13284.1, ""vol_ratio"": 0.0053447354355959376, ""atr_pct"": 0.0008528706926095057, ""retest_entry"": true}"
اتجاهي,dir,directional,XLMUSDT,هابط,FVG,-1,22004,22007,2024-09-16T06:44:00+00:00,2024-09-16T06:47:00+00:00,3,-0.0025971028071656095,-0.05194205614331219,20.0,قفل-ربح,0,False,True,,False,0.09517144000000001,0.0952,0.0003,0.0952,1,baseline,0,"{""close"": 0.0952, ""rsi"": 42.24818264275295, ""rsi7"": 28.833836920135752, ""macd"": -2.5769804435417025e-05, ""adx"": 21.713906108767638, ""stoch_k"": 16.666666666665957, ""stoch_d"": 27.777777777776663, ""mss"": 0.0, ""sfp"": 0.0, ""vr"": 0.8775543766142841, ""hurst"": 0.28472722570976694, ""atr14"": 5.2663813736837e-05, ""vol_sma20"": 17637.55, ""vol_ratio"": 0.0, ""atr_pct"": 0.0005531913207650945, ""retest_entry"": true}"
اتجاهي,dir,directional,XLMUSDT,هابط,MicroBurst,-1,22013,22014,2024-09-16T06:53:00+00:00,2024-09-16T06:54:00+00:00,1,-0.003946421527948283,-0.07892843055896565,20.0,زمني,0,False,True,,False,0.09504294,0.0951,0.0006,0.0952,1,baseline,0,"{""close"": 0.0951, ""rsi"": 42.07991335617751, ""rsi7"": 39.56912567934097, ""macd"": -1.5992160373134842e-05, ""adx"": 32.227328444965856, ""stoch_k"": 16.666666666668267, ""stoch_d"": 37.037037037038786, ""mss"": 0.0, ""sfp"": 0.0, ""vr"": 1.234148672018148, ""hurst"": 0.3629996467054281, ""atr14"": 7.366307715496196e-05, ""vol_sma20"": 14078.75, ""vol_ratio"": 8.416727337299122, ""atr_pct"": 0.0007745854590427125, ""retest_entry"": true}"
اتجاهي,dir,directional,XLMUSDT,هابط,FVG,-1,22020,22021,2024-09-16T07:00:00+00:00,2024-09-16T07:01:00+00:00,1,-0.004245626568042108,-0.08491253136084216,20.0,زمني,0,False,True,,False,0.09504294,0.0951,0.0006,0.0952,1,baseline,0,"{""close"": 0.095, ""rsi"": 39.69017236389966, ""rsi7"": 35.468865426612936, ""macd"": -1.2101648321858457e-05, ""adx"": 26.236515558522786, ""stoch_k"": 16.666666666668267, ""stoch_d"": 16.666666666668267, ""mss"": 0.0, ""sfp"": 0.0, ""vr"": 1.220983442645472, ""hurst"": 0.3851664645024231, ""atr14"": 7.402476488335438e-05, ""vol_sma20"": 16935.85, ""vol_ratio"": 0.057747322986445915, ""atr_pct"": 0.0007792080514037302, ""retest_entry"": true}"
اتجاهي,dir,directional,XLMUSDT,هابط,FVG,-1,22025,22026,2024-09-16T07:05:00+00:00,2024-09-16T07:06:00+00:00,1,-0.003646526254286298,-0.07293052508572596,20.0,زمني,0,False,True,,False,0.09507147,0.0951,0.0003,0.0952,1,baseline,0,"{""close"": 0.0951, ""rsi"": 45.95911512858004, ""rsi7"": 45.34358482450255, ""macd"": 2.220908059208951e-06, ""adx"": 20.01467158409605, ""stoch_k"": 55.55555555555703, ""stoch_d"": 57.40740740741011, ""mss"": 0.0, ""sfp"": 0.0, ""vr"": 1.109228646946871, ""hurst"": 0.4165604957227231, ""atr14"": 6.876594764799557e-05, ""vol_sma20"": 14979.45, ""vol_ratio"": 0.14092640250476485, ""atr_pct"": 0.000723090932155579, ""retest_entry"": true}"
اتجاهي,dir,directional,XLMUSDT,هابط,Bollinger,-1,22039,22040,2024-09-16T07:19:00+00:00,2024-09-16T07:20:00+00:00,1,-0.0028967131697949875,-0.05793426339589975,20.0,زمني,0,False,True,,False,0.09517144000000001,0.0952,0.0003,0.0952,1,baseline,0,"{""close"": 0.0951, ""rsi"": 47.571879480148084, ""rsi7"": 46.85106776496757, ""macd"": 3.757391859021612e-06, ""adx"": 18.038116960504997, ""stoch_k"": 66.66666666666711, ""stoch_d"": 66.66666666666711, ""mss"": 0.0, ""sfp"": 0.0, ""vr"": 1.1861187188775912, ""hurst"": 0.43239283593803923, ""atr14"": 7.659962557020022e-05, ""vol_sma20"": 10195.05, ""vol_ratio"": 0.08278527324534947, ""atr_pct"": 0.0008054639912744502, ""retest_entry"": true}"
اتجاهي,dir,directional,XLMUSDT,هابط,MACD,-1,22058,22059,2024-09-16T07:38:00+00:00,2024-09-16T07:39:00+00:00,1,-0.0025971028071656095,-0.05194205614331219,20.0,زمني,0,False,True,,False,0.09527141,0.0953,0.0003,0.0953,1,baseline,0,"{""close"": 0.0953, ""rsi"": 54.22316450050005, ""rsi7"": 51.37911211368006, ""macd"": -1.619126471798494e-06, ""adx"": 20.477454018150457, ""stoch_k"": 49.99999999999653, ""stoch_d"": 49.99999999999653, ""mss"": 0.0, ""sfp"": 0.0, ""vr"": 0.867349690861137, ""hurst"": 0.3358523662898946, ""atr14"": 5.864787260024381e-05, ""vol_sma20"": 16565.25, ""vol_ratio"": 0.01044354899563846, ""atr_pct"": 0.0006154026505796833, ""retest_entry"": true}"
اتجاهي,dir,directional,XLMUSDT,هابط,Bollinger,-1,22063,22064,2024-09-16T07:43:00+00:00,2024-09-16T07:44:00+00:00,1,-0.0025971028071656095,-0.05194205614331219,20.0,زمني,0,False,True,,False,0.09527141,0.0953,0.0003,0.0953,1,baseline,0,"{""close"": 0.0953, ""rsi"": 54.22316450050005, ""rsi7"": 51.37911211368006, ""macd"": -7.253896921786577e-06, ""adx"": 27.960833825243018, ""stoch_k"": 16.666666666665957, ""stoch_d"": 33.33333333333169, ""mss"": 0.0, ""sfp"": 0.0, ""vr"": 0.8843861825554681, ""hurst"": 0.299569134040276, ""atr14"": 5.950895564601546e-05, ""vol_sma20"": 15538.55, ""vol_ratio"": 0.14653876970502397, ""atr_pct"": 0.0006244381494859964, ""retest_entry"": true}"
اتجاهي,dir,directional,XLMUSDT,هابط,FVG,-1,22080,22082,2024-09-16T08:00:00+00:00,2024-09-16T08:02:00+00:00,2,-0.003641037637931016,-0.07282075275862032,20.0,زمني,0,False,True,,False,0.09557132,0.0956,0.0003,0.0957,1,baseline,0,"{""close"": 0.0955, ""rsi"": 50.83302787212204, ""rsi7"": 41.2473462300214, ""macd"": -5.087337894930691e-06, ""adx"": 49.32006557063027, ""stoch_k"": 75.00000000000189, ""stoch_d"": 86.11111111111298, ""mss"": 0.0, ""sfp"": 0.0, ""vr"": 1.1624488483781217, ""hurst"": 0.4052660116152715, ""atr14"": 8.014827333792806e-05, ""vol_sma20"": 6220.15, ""vol_ratio"": 2.658617557454402, ""atr_pct"": 0.0008392489354756865, ""retest_entry"": true}"
اتجاهي,dir,directional,XLMUSDT,هابط,FVG,-1,22085,22086,2024-09-16T08:05:00+00:00,2024-09-16T08:06:00+00:00,1,-0.004241231078485362,-0.08482462156970724,20.0,زمني,0,False,True,,False,0.09544269999999999,0.0955,0.0006,0.0956,1,baseline,0,"{""close"": 0.0955, ""rsi"": 49.7930866105549, ""rsi7"": 44.15476226843974, ""macd"": -2.126304987642111e-05, ""adx"": 40.444847167619464, ""stoch_k"": 33.333333333333776, ""stoch_d"": 37.037037037038026, ""mss"": 0.0, ""sfp"": 0.0, ""vr"": 1.2463430913387599, ""hurst"": 0.3749564540136591, ""atr14"": 8.622484837504249e-05, ""vol_sma20"": 6387.65, ""vol_ratio"": 0.15279484630497914, ""atr_pct"": 0.0009028779934559424, ""retest_entry"": true}"
اتجاهي,dir,directional,XLMUSDT,هابط,MACD,-1,22099,22100,2024-09-16T08:19:00+00:00,2024-09-16T08:20:00+00:00,1,-0.00259710280716572,-0.0519420561433144,20.0,تتبع,0,False,True,,False,0.09557132,0.0956,0.0003,0.0956,1,baseline,0,"{""close"": 0.0956, ""rsi"": 51.551823653920756, ""rsi7"": 44.40561647446408, ""macd"": -4.731911928196835e-06, ""adx"": 23.619660715149127, ""stoch_k"": 66.66666666666943, ""stoch_d"": 83.33333333333518, ""mss"": 0.0, ""sfp"": 0.0, ""vr"": 0.9149438243870934, ""hurst"": 0.26682147284632235, ""atr14"": 6.508050921470452e-05, ""vol_sma20"": 6806.7, ""vol_ratio"": 4.542729957248006, ""atr_pct"": 0.0006807584645889594, ""retest_entry"": true}"
اتجاهي,dir,directional,XLMUSDT,هابط,FVG,-1,22114,22115,2024-09-16T08:34:00+00:00,2024-09-16T08:35:00+00:00,1,-0.001552074850922843,-0.03104149701845686,20.0,تتبع,0,False,True,,False,0.09547135000000001,0.0955,0.0003,0.0954,1,baseline,0,"{""close"": 0.0955, ""rsi"": 41.41130659989665, ""rsi7"": 31.33367625800271, ""macd"": -1.2895099753769926e-05, ""adx"": 15.962092334701683, ""stoch_k"": 50.0000000000016, ""stoch_d"": 72.2222222222242, ""mss"": 0.0, ""sfp"": 0.0, ""vr"": 0.9875344669247141, ""hurst"": 0.19984160987514765, ""atr14"": 7.254553265043976e-05, ""vol_sma20"": 30197.75, ""vol_ratio"": 0.25289963656232667, ""atr_pct"": 0.000759639085344919, ""retest_entry"": true}"
اتجاهي,dir,directional,XLMUSDT,هابط,FVG,-1,22120,22126,2024-09-16T08:40:00+00:00,2024-09-16T08:46:00+00:00,6,-0.0011856444319093295,-0.02371288863818659,20.0,تتبع,0,False,True,,False,0.09507147,0.0951,0.0003,0.09496550154,1,baseline,0,"{""close"": 0.0952, ""rsi"": 26.720626026947244, ""rsi7"": 13.669503754149176, ""macd"": -4.924035862669452e-05, ""adx"": 24.729468874634204, ""stoch_k"": 0.0, ""stoch_d"": 0.0, ""mss"": 0.0, ""sfp"": 0.0, ""vr"": 1.0004103059869915, ""hurst"": 0.2860651633677083, ""atr14"": 7.402971841916097e-05, ""vol_sma20"": 15686.25, ""vol_ratio"": 0.23064786038728186, ""atr_pct"": 0.0007776230926382455, ""retest_entry"": true}"
اتجاهي,dir,directional,XLMUSDT,هابط,Stochastic,-1,22146,22147,2024-09-16T09:06:00+00:00,2024-09-16T09:07:00+00:00,1,-0.0025971028071656095,-0.05194205614331219,20.0,زمني,0,False,True,,False,0.09527141,0.0953,0.0003,0.0953,1,baseline,0,"{""close"": 0.0952, ""rsi"": 52.75325248326334, ""rsi7"": 62.1471152293096, ""macd"": 3.0739645090486107e-05, ""adx"": 29.18845748509434, ""stoch_k"": 77.77777777778029, ""stoch_d"": 83.33333333333519, ""mss"": 0.0, ""sfp"": 0.0, ""vr"": 0.7994767769692458, ""hurst"": 0.5128629084073613, ""atr14"": 5.935228246215227e-05, ""vol_sma20"": 12580.75, ""vol_ratio"": 0.004689704508872682, ""atr_pct"": 0.0006234483451906751, ""retest_entry"": true}"
اتجاهي,dir,directional,XLMUSDT,هابط,Bollinger,-1,22165,22176,2024-09-16T09:25:00+00:00,2024-09-16T09:36:00+00:00,11,-0.0025971028071656095,-0.05194205614331219,20.0,قفل-ربح,0,False,True,,False,0.09517144000000001,0.0952,0.0003,0.0952,1,baseline,0,"{""close"": 0.0953, ""rsi"": 44.06121225534504, ""rsi7"": 29.795924275453203, ""macd"": -2.0947281142301593e-05, ""adx"": 32.02763387770326, ""stoch_k"": 0.0, ""stoch_d"": 33.33333333333402, ""mss"": 0.0, ""sfp"": 0.0, ""vr"": 0.7265102329643457, ""hurst"": 0.5338412154335238, ""atr14"": 5.2747617395504575e-05, ""vol_sma20"": 13030.7, ""vol_ratio"": 0.9276554597987828, ""atr_pct"": 0.0005534902140136892, ""retest_entry"": true}"
اتجاهي,dir,directional,XLMUSDT,هابط,Bollinger,-1,22182,22183,2024-09-16T09:42:00+00:00,2024-09-16T09:43:00+00:00,1,-0.00259710280716572,-0.0519420561433144,20.0,زمني,0,False,True,,False,0.0949715,0.095,0.0003,0.095,1,baseline,0,"{""close"": 0.0949, ""rsi"": 28.945116692966238, ""rsi7"": 18.950879539674403, ""macd"": -2.6831751087984608e-05, ""adx"": 24.309805518735413, ""stoch_k"": 19.444444444445693, ""stoch_d"": 27.777777777779676, ""mss"": 0.0, ""sfp"": 0.0, ""vr"": 1.1815507223526127, ""hurst"": 0.5449627418640206, ""atr14"": 8.382915861166666e-05, ""vol_sma20"": 28803.45, ""vol_ratio"": 1.3425475073298512, ""atr_pct"": 0.0008833420296276782, ""retest_entry"": true}"
اتجاهي,dir,directional,XLMUSDT,هابط,Bollinger,-1,22186,22189,2024-09-16T09:46:00+00:00,2024-09-16T09:49:00+00:00,3,-0.001722822564267377,-0.034456451285347536,20.0,تتبع,0,False,True,,False,0.09484305999999999,0.0949,0.0006,0.09478841108,1,baseline,0,"{""close"": 0.0949, ""rsi"": 32.93566283892366, ""rsi7"": 28.140445758169903, ""macd"": -2.6354835524679593e-05, ""adx"": 28.376960442516566, ""stoch_k"": 13.333333333334147, ""stoch_d"": 11.111111111112246, ""mss"": 0.0, ""sfp"": 0.0, ""vr"": 1.2408666480354031, ""hurst"": 0.5462543241703782, ""atr14"": 8.797752496636401e-05, ""vol_sma20"": 24127.9, ""vol_ratio"": 0.6207336734651585, ""atr_pct"": 0.0009270550576013068, ""retest_entry"": true}"
اتجاهي,dir,directional,XLMUSDT,هابط,Stochastic,-1,44597,44598,2024-10-01T23:17:00+00:00,2024-10-01T23:18:00+00:00,1,-0.0036610705024874785,-0.07322141004974957,20.0,زمني,0,False,True,,False,0.09377186,0.0938,0.0003,0.0939,1,baseline,0,"{""close"": 0.0937, ""rsi"": 54.316993044965024, ""rsi7"": 53.95856315556795, ""macd"": 1.7456346193861623e-05, ""adx"": 30.89367744078275, ""stoch_k"": 77.77777777778084, ""stoch_d"": 86.11111111111411, ""mss"": 0.0, ""sfp"": 0.0, ""vr"": 0.7951772891338051, ""hurst"": 0.27214799356335856, ""atr14"": 0.00011330909621000597, ""vol_sma20"": 22746.65, ""vol_ratio"": 0.5627641872539473, ""atr_pct"": 0.0012092753064034789, ""retest_entry"": true}"
اتجاهي,dir,directional,XLMUSDT,هابط,FVG,-1,44603,44604,2024-10-01T23:23:00+00:00,2024-10-01T23:24:00+00:00,1,-0.0036610705024874785,-0.07322141004974957,20.0,زمني,0,False,True,,False,0.09377186,0.0938,0.0003,0.0939,1,baseline,0,"{""close"": 0.0938, ""rsi"": 53.72575802545466, ""rsi7"": 50.24913216976731, ""macd"": 1.630451691390419e-05, ""adx"": 31.84326628153475, ""stoch_k"": 75.00000000000016, ""stoch_d"": 83.33333333333445, ""mss"": 0.0, ""sfp"": 0.0, ""vr"": 0.8212870775001061, ""hurst"": 0.3516433549372947, ""atr14"": 0.00011431136863789835, ""vol_sma20"": 21845.3, ""vol_ratio"": 0.4413764059088225, ""atr_pct"": 0.0012186713074402809, ""retest_entry"": true}"
اتجاهي,dir,directional,XLMUSDT,هابط,MicroBurst,-1,44611,44614,2024-10-01T23:31:00+00:00,2024-10-01T23:34:00+00:00,3,-0.001780967533047863,-0.03561935066095726,20.0,قفل-ربح,0,False,True,,False,0.09367189000000001,0.0937,0.0003,0.09362337500495053,1,baseline,0,"{""close"": 0.0936, ""rsi"": 42.88874882334916, ""rsi7"": 33.27966582368691, ""macd"": -3.292498122804253e-05, ""adx"": 21.224888082612452, ""stoch_k"": 0.0, ""stoch_d"": 7.4074074074082565, ""mss"": 0.0, ""sfp"": 0.0, ""vr"": 0.7955196012473549, ""hurst"": 0.36470681845581815, ""atr14"": 0.00010772835874552596, ""vol_sma20"": 15991.6, ""vol_ratio"": 1.9793516596213012, ""atr_pct"": 0.0011509440036915166, ""retest_entry"": true}"
اتجاهي,dir,directional,XLMUSDT,هابط,ADX,-1,44623,44624,2024-10-01T23:43:00+00:00,2024-10-01T23:44:00+00:00,1,-0.0047227720259340415,-0.09445544051868082,20.0,زمني,0,False,True,,False,0.09387183,0.0939,0.0003,0.0941,1,baseline,0,"{""close"": 0.0939, ""rsi"": 56.78925831097051, ""rsi7"": 60.19203093257507, ""macd"": 2.5372363974508136e-05, ""adx"": 22.34365968417679, ""stoch_k"": 72.22222222222258, ""stoch_d"": 76.66666666666778, ""mss"": 0.0, ""sfp"": 0.0, ""vr"": 0.8748099850249637, ""hurst"": 0.36630025075942324, ""atr14"": 0.00011529100486085742, ""vol_sma20"": 17181.15, ""vol_ratio"": 0.10779255172092671, ""atr_pct"": 0.0012278062285501323, ""retest_entry"": true}"
اتجاهي,dir,directional,XLMUSDT,هابط,MicroBurst,-1,44631,44637,2024-10-01T23:51:00+00:00,2024-10-01T23:57:00+00:00,6,-0.00173368781274298,-0.0346737562548596,20.0,قفل-ربح,0,False,True,,False,0.09387183,0.0939,0.0003,0.09381876299597329,1,baseline,0,"{""close"": 0.0939, ""rsi"": 53.07997616209665, ""rsi7"": 50.66031324077365, ""macd"": -1.5710828937987882e-06, ""adx"": 34.50749888173605, ""stoch_k"": 49.999999999998266, ""stoch_d"": 55.92592592592584, ""mss"": 0.0, ""sfp"": 0.0, ""vr"": 0.9160818290841526, ""hurst"": 0.3887771417307401, ""atr14"": 0.00011796206423417473, ""vol_sma20"": 19343.5, ""vol_ratio"": 1.7814252849794505, ""atr_pct"": 0.0012562520152734264, ""retest_entry"": true}"
اتجاهي,dir,directional,XLMUSDT,هابط,Bollinger,-1,44642,44645,2024-10-02T00:02:00+00:00,2024-10-02T00:05:00+00:00,3,-0.0025971028071656095,-0.05194205614331219,20.0,قفل-ربح,0,False,True,,False,0.09367189000000001,0.0937,0.0003,0.0937,1,baseline,0,"{""close"": 0.0937, ""rsi"": 42.30666959947052, ""rsi7"": 33.29735962113142, ""macd"": -1.700964633417253e-05, ""adx"": 28.42289893228356, ""stoch_k"": 33.3333333333328, ""stoch_d"": 46.29629629629621, ""mss"": 0.0, ""sfp"": 0.0, ""vr"": 0.9832802626483306, ""hurst"": 0.2977683183260534, ""atr14"": 0.00012308704963456325, ""vol_sma20"": 40215.85, ""vol_ratio"": 1.260174781833531, ""atr_pct"": 0.001313629131638882, ""retest_entry"": true}"
اتجاهي,dir,directional,XLMUSDT,هابط,Bollinger,-1,44656,44658,2024-10-02T00:16:00+00:00,2024-10-02T00:18:00+00:00,2,-0.0004623398163384573,-0.009246796326769146,20.0,تتبع,0,False,True,,False,0.09347195,0.0935,0.0003,0.0933,1,baseline,0,"{""close"": 0.0935, ""rsi"": 37.74917098971999, ""rsi7"": 28.923844261035143, ""macd"": -2.0423432422101067e-05, ""adx"": 17.775279039924087, ""stoch_k"": 25.00000000000188, ""stoch_d"": 38.88888888889159, ""mss"": 0.0, ""sfp"": 0.0, ""vr"": 1.033653836680261, ""hurst"": 0.23717189537473607, ""atr14"": 0.00012907226438213477, ""vol_sma20"": 47428.5, ""vol_ratio"": 0.24166903865819075, ""atr_pct"": 0.0013804520254773773, ""retest_entry"": true}"
اتجاهي,dir,directional,XLMUSDT,هابط,Bollinger,-1,44663,44664,2024-10-02T00:23:00+00:00,2024-10-02T00:24:00+00:00,1,-0.003196203436347426,-0.06392406872694852,20.0,زمني,0,False,True,,False,0.09314408,0.0932,0.0006,0.0932,1,baseline,0,"{""close"": 0.0932, ""rsi"": 36.861001593982834, ""rsi7"": 34.26882819351454, ""macd"": -3.975934452022513e-05, ""adx"": 20.058033666858236, ""stoch_k"": 19.047619047620156, ""stoch_d"": 30.952380952382555, ""mss"": 0.0, ""sfp"": 0.0, ""vr"": 1.258909571366535, ""hurst"": 0.33663927118123116, ""atr14"": 0.00016122151082095598, ""vol_sma20"": 68368.65, ""vol_ratio"": 0.6097385278194026, ""atr_pct"": 0.001729844536705536, ""retest_entry"": true}"
اتجاهي,dir,directional,XLMUSDT,هابط,Stochastic,-1,44676,44677,2024-10-02T00:36:00+00:00,2024-10-02T00:37:00+00:00,1,-0.0025971028071656095,-0.05194205614331219,20.0,زمني,0,False,True,,False,0.09397180000000001,0.094,0.0003,0.094,1,baseline,0,"{""close"": 0.094, ""rsi"": 63.46961842335749, ""rsi7"": 71.03217346313463, ""macd"": 8.352130361994184e-05, ""adx"": 23.894351529027066, ""stoch_k"": 96.66666666666758, ""stoch_d"": 97.30158730158878, ""mss"": 0.0, ""sfp"": 0.0, ""vr"": 1.076834810091027, ""hurst"": 0.2956609091639252, ""atr14"": 0.00014001760024748533, ""vol_sma20"": 65882.65, ""vol_ratio"": 1.2752978212017885, ""atr_pct"": 0.0014895489388030354, ""retest_entry"": true}"
اتجاهي,dir,directional,XLMUSDT,هابط,Stochastic,-1,44683,44689,2024-10-02T00:43:00+00:00,2024-10-02T00:49:00+00:00,6,0.0004938178319225195,0.009876356638450389,20.0,تتبع,0,True,True,,False,0.09407177000000001,0.0941,0.0003,0.09378021614000001,1,baseline,0,"{""close"": 0.0941, ""rsi"": 64.39113970875239, ""rsi7"": 70.15045374065215, ""macd"": 2.808984476590959e-05, ""adx"": 32.35552777951972, ""stoch_k"": 83.33333333333294, ""stoch_d"": 83.64197530864298, ""mss"": 0.0, ""sfp"": 0.0, ""vr"": 1.122059177068417, ""hurst"": 0.3438129060276341, ""atr14"": 0.00014568261168349672, ""vol_sma20"": 32985.5, ""vol_ratio"": 0.4625062527474193, ""atr_pct"": 0.001548168030642898, ""retest_entry"": true}"
اتجاهي,dir,directional,XLMUSDT,هابط,FVG,-1,44708,44709,2024-10-02T01:08:00+00:00,2024-10-02T01:09:00+00:00,1,-0.0025971028071656095,-0.05194205614331219,20.0,تتبع,0,False,True,,False,0.09397180000000001,0.094,0.0003,0.094,1,baseline,0,"{""close"": 0.0939, ""rsi"": 53.27846023470214, ""rsi7"": 56.47871333598478, ""macd"": 1.948988151348725e-05, ""adx"": 15.839694597444888, ""stoch_k"": 66.66666666666676, ""stoch_d"": 67.40740740740813, ""mss"": 0.0, ""sfp"": 0.0, ""vr"": 1.1472525961128335, ""hurst"": 0.3614970105434238, ""atr14"": 0.00015906966538598217, ""vol_sma20"": 70140.1, ""vol_ratio"": 1.4981729424394887, ""atr_pct"": 0.0016940326452181275, ""retest_entry"": true}"
اتجاهي,dir,directional,XLMUSDT,هابط,FVG,-1,44722,44723,2024-10-02T01:22:00+00:00,2024-10-02T01:23:00+00:00,1,-0.0025971028071656095,-0.05194205614331219,20.0,زمني,0,False,True,,False,0.09437168,0.0944,0.0003,0.0944,1,baseline,0,"{""close"": 0.0943, ""rsi"": 57.88306397938572, ""rsi7"": 52.37369900085088, ""macd"": 2.5820581688476975e-05, ""adx"": 30.933274216689625, ""stoch_k"": 85.71428571428645, ""stoch_d"": 93.65079365079488, ""mss"": 0.0, ""sfp"": 0.0, ""vr"": 1.0678986829611696, ""hurst"": 0.37376858108802247, ""atr14"": 0.00015579320198156588, ""vol_sma20"": 151088.7, ""vol_ratio"": 0.01646052947705553, ""atr_pct"": 0.001652101823770582, ""retest_entry"": true}"
اتجاهي,dir,directional,XLMUSDT,هابط,Bollinger,-1,44729,44730,2024-10-02T01:29:00+00:00,2024-10-02T01:30:00+00:00,1,-0.0036509588770829164,-0.07301917754165833,20.0,زمني,0,False,True,,False,0.09467159000000001,0.0947,0.0003,0.0948,1,baseline,0,"{""close"": 0.0946, ""rsi"": 61.982856447008096, ""rsi7"": 59.29961381789678, ""macd"": 1.938122194820497e-05, ""adx"": 32.21493960042761, ""stoch_k"": 87.50000000000175, ""stoch_d"": 89.44444444444677, ""mss"": 0.0, ""sfp"": 0.0, ""vr"": 1.0213907231898833, ""hurst"": 0.35482804917324784, ""atr14"": 0.00015121683350004784, ""vol_sma20"": 111667.2, ""vol_ratio"": 0.08380258482347547, ""atr_pct"": 0.0015984866120512457, ""retest_entry"": true}"
اتجاهي,dir,directional,XLMUSDT,هابط,MACD,-1,44733,44734,2024-10-02T01:33:00+00:00,2024-10-02T01:34:00+00:00,1,-0.0036531892602998054,-0.0730637852059961,20.0,زمني,0,False,True,,False,0.09447165,0.0945,0.0003,0.0946,1,baseline,0,"{""close"": 0.0945, ""rsi"": 53.83740645908938, ""rsi7"": 45.523480461100405, ""macd"": -8.55811871937394e-06, ""adx"": 32.59030916129607, ""stoch_k"": 73.33333333333545, ""stoch_d"": 77.222222222225, ""mss"": 0.0, ""sfp"": 0.0, ""vr"": 1.0935229709186391, ""hurst"": 0.32154552852520935, ""atr14"": 0.0001637313614534263, ""vol_sma20"": 93048.3, ""vol_ratio"": 1.1743685806188828, ""atr_pct"": 0.0017326069995071565, ""retest_entry"": true}"
اتجاهي,dir,directional,XLMUSDT,هابط,Bollinger,-1,44740,44741,2024-10-02T01:40:00+00:00,2024-10-02T01:41:00+00:00,1,-0.0016069272549002192,-0.03213854509800439,20.0,تتبع,0,False,True,,False,0.09467159000000001,0.0947,0.0003,0.09460604262000001,1,baseline,0,"{""close"": 0.0946, ""rsi"": 55.81636583616112, ""rsi7"": 51.030047037035665, ""macd"": -2.5014430374737246e-05, ""adx"": 25.8356775914632, ""stoch_k"": 58.33333333333636, ""stoch_d"": 61.66666666667035, ""mss"": 0.0, ""sfp"": 0.0, ""vr"": 1.007846938022033, ""hurst"": 0.2991857836673298, ""atr14"": 0.0001545194315672644, ""vol_sma20"": 46935.7, ""vol_ratio"": 0.11730942544800653, ""atr_pct"": 0.0016333977966941267, ""retest_entry"": true}"
اتجاهي,dir,directional,XLMUSDT,صاعد,FVG,1,101140,101141,2024-11-10T05:40:00+00:00,2024-11-10T05:41:00+00:00,1,-0.002596923220735966,-0.05193846441471932,20.0,زمني,0,False,True,symbol_collision,True,0.10723216,0.1072,0.0003,0.1072,1,baseline,0,"{""close"": 0.1072, ""rsi"": 82.15414141908636, ""rsi7"": 83.23603879928947, ""macd"": 4.6680528672723987e-05, ""adx"": 59.241847038516894, ""stoch_k"": 92.80303030303243, ""stoch_d"": 94.82323232323536, ""mss"": 0.0, ""sfp"": 0.0, ""vr"": 1.0078090676907576, ""hurst"": 0.32391811614583127, ""atr14"": 0.00019913330758570378, ""vol_sma20"": 272806.85, ""vol_ratio"": 0.9965842133362854, ""atr_pct"": 0.0018575868244935054, ""retest_entry"": true}"
اتجاهي,dir,directional,XLMUSDT,صاعد,Bollinger,1,101388,101391,2024-11-10T09:48:00+00:00,2024-11-10T09:51:00+00:00,3,-0.005290809190809106,-0.10581618381618212,20.0,وقف,0,False,True,symbol_collision,True,0.10833248999999999,0.1083,0.0003,0.10800749252999998,1,baseline,0,"{""close"": 0.1084, ""rsi"": 57.535488685102976, ""rsi7"": 58.67509559057433, ""macd"": -1.2953076275416765e-05, ""adx"": 34.24754987138124, ""stoch_k"": 61.11111111111282, ""stoch_d"": 57.40740740740904, ""mss"": 0.0, ""sfp"": 0.0, ""vr"": 0.825182670505924, ""hurst"": 0.29298222632961557, ""atr14"": 0.00013802719038426894, ""vol_sma20"": 61912.75, ""vol_ratio"": 1.0403834428288197, ""atr_pct"": 0.0012733135644305252, ""retest_entry"": true}"
اتجاهي,dir,directional,XLMUSDT,صاعد,FVG,1,101398,101399,2024-11-10T09:58:00+00:00,2024-11-10T09:59:00+00:00,1,-0.005290809190809106,-0.10581618381618212,20.0,وقف,0,False,True,symbol_collision,True,0.10833248999999999,0.1083,0.0003,0.10800749252999998,1,baseline,0,"{""close"": 0.1083, ""rsi"": 54.862475572525, ""rsi7"": 60.563931496541194, ""macd"": -1.5873961973094385e-05, ""adx"": 28.884487196209367, ""stoch_k"": 46.666666666669386, ""stoch_d"": 31.111111111114884, ""mss"": 0.0, ""sfp"": 0.0, ""vr"": 1.008020211133952, ""hurst"": 0.27791057702189703, ""atr14"": 0.00016375015421812332, ""vol_sma20"": 59027.1, ""vol_ratio"": 1.151504986692553, ""atr_pct"": 0.001512005117434195, ""retest_entry"": true}"
اتجاهي,dir,directional,XLMUSDT,صاعد,FVG,1,101402,101403,2024-11-10T10:02:00+00:00,2024-11-10T10:03:00+00:00,1,-0.0035170367602001687,-0.07034073520400337,20.0,زمني,0,False,True,symbol_collision,True,0.10843251999999999,0.1084,0.0003,0.1083,1,baseline,0,"{""close"": 0.1084, ""rsi"": 58.11185817311343, ""rsi7"": 65.14510822742089, ""macd"": 1.1431348078505953e-05, ""adx"": 24.187911126505288, ""stoch_k"": 66.66666666666994, ""stoch_d"": 55.55555555555969, ""mss"": 0.0, ""sfp"": 0.0, ""vr"": 1.0989661447162222, ""hurst"": 0.25555770396245103, ""atr14"": 0.00017876843384589182, ""vol_sma20"": 113983.85, ""vol_ratio"": 1.0828112930033509, ""atr_pct"": 0.00164915529378129, ""retest_entry"": true}"
اتجاهي,dir,directional,XLMUSDT,صاعد,OBV,1,101416,101418,2024-11-10T10:16:00+00:00,2024-11-10T10:18:00+00:00,2,-0.002596923220735855,-0.0519384644147171,20.0,تتبع,0,False,True,symbol_collision,True,0.10833248999999999,0.1083,0.0003,0.1083,1,baseline,0,"{""close"": 0.1084, ""rsi"": 57.00767870763064, ""rsi7"": 63.30362335123723, ""macd"": 1.4148820696396185e-05, ""adx"": 11.653910905802123, ""stoch_k"": 100.0, ""stoch_d"": 91.6666666666688, ""mss"": 0.0, ""sfp"": 0.0, ""vr"": 0.9212134714114475, ""hurst"": 0.22439876570783654, ""atr14"": 0.00014898375757257864, ""vol_sma20"": 127313.15, ""vol_ratio"": 0.7360119516326475, ""atr_pct"": 0.001374388907496113, ""retest_entry"": true}"
اتجاهي,dir,directional,XLMUSDT,صاعد,Bollinger,1,101431,101433,2024-11-10T10:31:00+00:00,2024-11-10T10:33:00+00:00,2,-0.0017083888540504455,-0.03416777708100891,20.0,تتبع,0,False,True,symbol_collision,True,0.10833248999999999,0.1083,0.0003,0.10839647881999999,1,baseline,0,"{""close"": 0.1082, ""rsi"": 50.06635863133433, ""rsi7"": 55.080469784175826, ""macd"": -1.5792590909288434e-05, ""adx"": 18.426355508199666, ""stoch_k"": 20.000000000002903, ""stoch_d"": 11.111111111114633, ""mss"": 0.0, ""sfp"": 0.0, ""vr"": 0.9431892483303214, ""hurst"": 0.2340606920101879, ""atr14"": 0.00014805671194584305, ""vol_sma20"": 74477.45, ""vol_ratio"": 0.09914410334940307, ""atr_pct"": 0.001368361478242542, ""retest_entry"": true}"
اتجاهي,dir,directional,XLMUSDT,صاعد,FVG,1,101436,101441,2024-11-10T10:36:00+00:00,2024-11-10T10:41:00+00:00,5,-0.0016793490930641646,-0.03358698186128329,20.0,قفل-ربح,0,False,True,symbol_collision,True,0.10873261000000001,0.1087,0.0003,0.1088,1,baseline,0,"{""close"": 0.1086, ""rsi"": 61.72356764074455, ""rsi7"": 66.76117543695833, ""macd"": 5.732560730751863e-05, ""adx"": 21.471505517080413, ""stoch_k"": 88.57142857143064, ""stoch_d"": 88.96825396825687, ""mss"": 0.0, ""sfp"": 0.0, ""vr"": 1.085932080544167, ""hurst"": 0.19436262911660038, ""atr14"": 0.00016894062137150543, ""vol_sma20"": 100323.55, ""vol_ratio"": 1.5309964609505944, ""atr_pct"": 0.001555622664562665, ""retest_entry"": true}"
اتجاهي,dir,directional,XLMUSDT,صاعد,FVG,1,101449,101450,2024-11-10T10:49:00+00:00,2024-11-10T10:50:00+00:00,1,-0.0022801459906138404,-0.04560291981227681,20.0,زمني,0,False,True,symbol_collision,True,0.10896534,0.1089,0.0006,0.109,1,baseline,0,"{""close"": 0.1089, ""rsi"": 61.348775180681834, ""rsi7"": 62.19133070358837, ""macd"": 1.3222928269104991e-05, ""adx"": 23.009348904044273, ""stoch_k"": 79.0476190476216, ""stoch_d"": 69.02998236331949, ""mss"": 0.0, ""sfp"": 0.0, ""vr"": 1.2709345749763663, ""hurst"": 0.246526786228542, ""atr14"": 0.0001985884881124509, ""vol_sma20"": 171745.15, ""vol_ratio"": 0.22949701927536237, ""atr_pct"": 0.0018235857494256283, ""retest_entry"": true}"
اتجاهي,dir,directional,XLMUSDT,صاعد,Bollinger,1,101459,101460,2024-11-10T10:59:00+00:00,2024-11-10T11:00:00+00:00,1,-0.005290809190809106,-0.10581618381618212,20.0,وقف,0,False,True,symbol_collision,True,0.10923276,0.1092,0.0003,0.10890506172,1,baseline,0,"{""close"": 0.1092, ""rsi"": 64.83481093362781, ""rsi7"": 69.1238844264376, ""macd"": -1.0918130393384573e-06, ""adx"": 17.66335539111665, ""stoch_k"": 80.95238095238291, ""stoch_d"": 71.42857142857406, ""mss"": 0.0, ""sfp"": 0.0, ""vr"": 1.1592914633006528, ""hurst"": 0.30874038614920524, ""atr14"": 0.000185173414036156, ""vol_sma20"": 171070.95, ""vol_ratio"": 0.37845116309928717, ""atr_pct"": 0.0016957272347633333, ""retest_entry"": true}"
اتجاهي,dir,directional,XLMUSDT,صاعد,FVG,1,101474,101474,2024-11-10T11:14:00+00:00,2024-11-10T11:14:00+00:00,0,-0.005290809190809106,-0.10581618381618212,20.0,وقف,0,False,True,symbol_collision,True,0.10953285,0.1095,0.0003,0.10920425145,1,baseline,0,"{""close"": 0.1094, ""rsi"": 65.9107785505969, ""rsi7"": 73.91911880170025, ""macd"": 8.116133485070357e-06, ""adx"": 13.35831230247384, ""stoch_k"": 94.44444444444666, ""stoch_d"": 87.03703703704021, ""mss"": 0.0, ""sfp"": 0.0, ""vr"": 0.9777510343602338, ""hurst"": 0.32294494133507556, ""atr14"": 0.0001601724164397367, ""vol_sma20"": 89608.3, ""vol_ratio"": 4.347130790339734, ""atr_pct"": 0.001464098870564321, ""retest_entry"": true}"
اتجاهي,dir,directional,XLMUSDT,هابط,Bollinger,-1,105714,105715,2024-11-13T09:54:00+00:00,2024-11-13T09:55:00+00:00,1,-0.003400646847593749,-0.06801293695187498,20.0,زمني,0,False,True,,False,0.12416274000000001,0.1242,0.0003,0.1243,1,baseline,0,"{""close"": 0.1242, ""rsi"": 53.5193600383576, ""rsi7"": 53.050825762658036, ""macd"": 0.00013148773867994418, ""adx"": 28.637706837415013, ""stoch_k"": 79.72652218782521, ""stoch_d"": 88.73925008600277, ""mss"": 0.0, ""sfp"": 0.0, ""vr"": 0.9007262485194768, ""hurst"": 0.36169982846174314, ""atr14"": 0.000348064918960302, ""vol_sma20"": 159365.1, ""vol_ratio"": 0.3915411843621972, ""atr_pct"": 0.0028024550640926085, ""retest_entry"": true}"
اتجاهي,dir,directional,XLMUSDT,هابط,Bollinger,-1,105720,105721,2024-11-13T10:00:00+00:00,2024-11-13T10:01:00+00:00,1,-0.0017909625016635233,-0.03581925003327047,20.0,زمني,0,False,True,,False,0.12376286,0.1238,0.0003,0.1237,1,baseline,0,"{""close"": 0.1238, ""rsi"": 44.020779467784294, ""rsi7"": 34.26229700914638, ""macd"": -2.253905966719711e-05, ""adx"": 22.864920046688162, ""stoch_k"": 31.74603174603402, ""stoch_d"": 42.32804232804573, ""mss"": 0.0, ""sfp"": 0.0, ""vr"": 0.8320295188249222, ""hurst"": 0.3481894633567199, ""atr14"": 0.00031665718623589197, ""vol_sma20"": 142097.15, ""vol_ratio"": 0.16928559087919778, ""atr_pct"": 0.002557812489789111, ""retest_entry"": true}"
اتجاهي,dir,directional,XLMUSDT,هابط,FVG,-1,105727,105728,2024-11-13T10:07:00+00:00,2024-11-13T10:08:00+00:00,1,-0.005864980954724601,-0.11729961909449202,20.0,وقف,0,False,True,,False,0.12316304,0.1232,0.0003,0.12360340872014612,1,baseline,0,"{""close"": 0.1231, ""rsi"": 34.61837363201553, ""rsi7"": 25.788621407496805, ""macd"": -8.916742906014455e-05, ""adx"": 19.20735441611583, ""stoch_k"": 18.207282913167806, ""stoch_d"": 31.46591970121734, ""mss"": 0.0, ""sfp"": 0.0, ""vr"": 1.0176742247046373, ""hurst"": 0.3702889495611711, ""atr14"": 0.00038273332260822226, ""vol_sma20"": 166222.35, ""vol_ratio"": 2.6759939322239155, ""atr_pct"": 0.0031091252852008307, ""retest_entry"": true}"
اتجاهي,dir,directional,XLMUSDT,هابط,MicroBurst,-1,105754,105756,2024-11-13T10:34:00+00:00,2024-11-13T10:36:00+00:00,2,0.0024791752630313694,0.04958350526062739,20.0,تتبع,0,True,True,,False,0.12426271,0.1243,0.0003,0.12366775522000001,1,baseline,0,"{""close"": 0.1244, ""rsi"": 61.094214332903036, ""rsi7"": 61.89946774131677, ""macd"": 9.935776775436763e-05, ""adx"": 23.619596848185623, ""stoch_k"": 87.18954248366288, ""stoch_d"": 88.49840791017641, ""mss"": 0.0, ""sfp"": 0.0, ""vr"": 0.938491069938073, ""hurst"": 0.28778467817907527, ""atr14"": 0.0003380475889010364, ""vol_sma20"": 99701.9, ""vol_ratio"": 2.893395211124362, ""atr_pct"": 0.0027174243480790707, ""retest_entry"": true}"
اتجاهي,dir,directional,XLMUSDT,هابط,FVG,-1,105776,105777,2024-11-13T10:56:00+00:00,2024-11-13T10:57:00+00:00,1,-0.0025971028071656095,-0.05194205614331219,20.0,زمني,0,False,True,,False,0.12446265000000001,0.1245,0.0003,0.1245,1,baseline,0,"{""close"": 0.1244, ""rsi"": 56.90854408603081, ""rsi7"": 54.010208612102694, ""macd"": 9.31410788111944e-05, ""adx"": 25.65936554401545, ""stoch_k"": 82.4242424242447, ""stoch_d"": 88.0327080327112, ""mss"": 0.0, ""sfp"": 0.0, ""vr"": 1.0483660619632527, ""hurst"": 0.23732259686359294, ""atr14"": 0.00036887220249355243, ""vol_sma20"": 245069.55, ""vol_ratio"": 0.9426385285320025, ""atr_pct"": 0.0029652106309771098, ""retest_entry"": true}"
اتجاهي,dir,directional,XLMUSDT,هابط,Bollinger,-1,105781,105782,2024-11-13T11:01:00+00:00,2024-11-13T11:02:00+00:00,1,-0.005567032698209858,-0.11134065396419716,20.0,وقف,0,False,True,,False,0.1239628,0.124,0.0003,0.12436900869722901,1,baseline,0,"{""close"": 0.124, ""rsi"": 46.55562005478298, ""rsi7"": 35.860968564238576, ""macd"": -3.155162561928638e-05, ""adx"": 23.714964979118154, ""stoch_k"": 50.23148148148388, ""stoch_d"": 65.54093567251788, ""mss"": 0.0, ""sfp"": 0.0, ""vr"": 1.0098980398267534, ""hurst"": 0.24391046363337587, ""atr14"": 0.00035333095339820956, ""vol_sma20"": 176699.7, ""vol_ratio"": 0.6794635191797156, ""atr_pct"": 0.0028494431725662062, ""retest_entry"": true}"
اتجاهي,dir,directional,XLMUSDT,هابط,Stochastic,-1,105791,105792,2024-11-13T11:11:00+00:00,2024-11-13T11:12:00+00:00,1,-0.0025971028071656095,-0.05194205614331219,20.0,زمني,0,False,True,,False,0.1249625,0.125,0.0003,0.125,1,baseline,0,"{""close"": 0.1249, ""rsi"": 57.71199367246417, ""rsi7"": 56.86404978615294, ""macd"": 4.588969183861615e-05, ""adx"": 22.183032996454568, ""stoch_k"": 86.274509803924, ""stoch_d"": 90.28944911298186, ""mss"": 0.0, ""sfp"": 0.0, ""vr"": 1.0865355237745287, ""hurst"": 0.25411736863784784, ""atr14"": 0.0003792053779329748, ""vol_sma20"": 164345.25, ""vol_ratio"": 1.0372797510119702, ""atr_pct"": 0.0030360718809685733, ""retest_entry"": true}"
اتجاهي,dir,directional,XLMUSDT,هابط,MicroBurst,-1,105797,105798,2024-11-13T11:17:00+00:00,2024-11-13T11:18:00+00:00,1,-0.005437506620494607,-0.10875013240989215,20.0,وقف,0,False,True,,False,0.12526241,0.1253,0.0003,0.12565661522264723,1,baseline,0,"{""close"": 0.1252, ""rsi"": 60.19870475271471, ""rsi7"": 60.359135886264404, ""macd"": 2.6839859868884556e-05, ""adx"": 23.782270296908397, ""stoch_k"": 85.38011695906657, ""stoch_d"": 86.87612276879868, ""mss"": 0.0, ""sfp"": 0.0, ""vr"": 0.981251457152787, ""hurst"": 0.3297489300879632, ""atr14"": 0.00034261636189206, ""vol_sma20"": 143075.65, ""vol_ratio"": 1.7069990595884066, ""atr_pct"": 0.0027365524112784347, ""retest_entry"": true}"
اتجاهي,dir,directional,XLMUSDT,هابط,MACD,-1,105803,105803,2024-11-13T11:23:00+00:00,2024-11-13T11:23:00+00:00,0,-0.005378288428044236,-0.1075657685608847,20.0,وقف,0,False,True,,False,0.1249625,0.125,0.0003,0.12534834429964672,1,baseline,0,"{""close"": 0.1251, ""rsi"": 51.950062090245964, ""rsi7"": 40.96876555060613, ""macd"": -8.999689262152006e-06, ""adx"": 24.216277384099943, ""stoch_k"": 72.43589743589958, ""stoch_d"": 84.61538461538795, ""mss"": 0.0, ""sfp"": 0.0, ""vr"": 0.9634505855898748, ""hurst"": 0.3452222071219863, ""atr14"": 0.0003358859615158034, ""vol_sma20"": 197606.85, ""vol_ratio"": 0.6268962842128195, ""atr_pct"": 0.00268493974033416, ""retest_entry"": true}"
اتجاهي,dir,directional,XLMUSDT,هابط,MicroBurst,-1,105820,105825,2024-11-13T11:40:00+00:00,2024-11-13T11:45:00+00:00,5,-0.005595203195400663,-0.11190406390801325,20.0,وقف,0,False,True,,False,0.1249625,0.125,0.0003,0.1253755129367023,1,baseline,0,"{""close"": 0.1251, ""rsi"": 51.48184860338565, ""rsi7"": 48.1495476439021, ""macd"": 5.3989961892024095e-08, ""adx"": 17.645827562071702, ""stoch_k"": 77.77777777777875, ""stoch_d"": 81.14478114478327, ""mss"": 0.0, ""sfp"": 0.0, ""vr"": 1.0144211232847238, ""hurst"": 0.27728934606782657, ""atr14"": 0.00035953685849377014, ""vol_sma20"": 101525.5, ""vol_ratio"": 2.8010795317432566, ""atr_pct"": 0.002873995671413031, ""retest_entry"": true}"
اتجاهي,dir,directional,XLMUSDT,هابط,Bollinger,-1,105841,105842,2024-11-13T12:01:00+00:00,2024-11-13T12:02:00+00:00,1,-0.00259710280716572,-0.0519420561433144,20.0,زمني,0,False,True,,False,0.12546235,0.1255,0.0003,0.1255,1,baseline,0,"{""close"": 0.1256, ""rsi"": 57.97011279452553, ""rsi7"": 58.06621562488165, ""macd"": 4.481320866258964e-05, ""adx"": 10.153021758177147, ""stoch_k"": 85.18518518518707, ""stoch_d"": 86.94885361552353, ""mss"": 0.0, ""sfp"": 0.0, ""vr"": 0.9180050997080529, ""hurst"": 0.29391209034946186, ""atr14"": 0.0003198345472021636, ""vol_sma20"": 116812.65, ""vol_ratio"": 0.41649598737807936, ""atr_pct"": 0.0025464534012911116, ""retest_entry"": true}"
اتجاهي,dir,directional,XLMUSDT,هابط,MACD,-1,105849,105850,2024-11-13T12:09:00+00:00,2024-11-13T12:10:00+00:00,1,-0.0012012273608516604,-0.024024547217033208,20.0,قفل-ربح,0,False,True,,False,0.12516244,0.1252,0.0003,0.12502488646443022,1,baseline,0,"{""close"": 0.1251, ""rsi"": 41.40047916156409, ""rsi7"": 27.105968367612036, ""macd"": -5.015378569779691e-05, ""adx"": 9.063764590232392, ""stoch_k"": 28.57142857143148, ""stoch_d"": 49.60317460317813, ""mss"": 0.0, ""sfp"": 0.0, ""vr"": 0.8795203829188051, ""hurst"": 0.27130678064345337, ""atr14"": 0.0003055220311173827, ""vol_sma20"": 142369.6, ""vol_ratio"": 0.3192675964531754, ""atr_pct"": 0.002442222470962292, ""retest_entry"": true}"
اتجاهي,dir,directional,XLMUSDT,هابط,MicroBurst,-1,105853,105854,2024-11-13T12:13:00+00:00,2024-11-13T12:14:00+00:00,1,-0.004999996141543804,-0.09999992283087608,20.0,زمني,0,False,True,,False,0.12456262000000001,0.1246,0.0003,0.1249,1,baseline,0,"{""close"": 0.1246, ""rsi"": 30.5478259940391, ""rsi7"": 14.474005360466066, ""macd"": -0.00012255570541601713, ""adx"": 16.935838272526478, ""stoch_k"": 8.095238095240669, ""stoch_d"": 9.365079365082877, ""mss"": 0.0, ""sfp"": 0.0, ""vr"": 0.8723363028825186, ""hurst"": 0.29419798413524395, ""atr14"": 0.0003026815579639625, ""vol_sma20"": 178051.75, ""vol_ratio"": 1.0170020794516201, ""atr_pct"": 0.002429225986869683, ""retest_entry"": true}"
اتجاهي,dir,directional,XLMUSDT,صاعد,FVG,1,106063,106069,2024-11-13T15:43:00+00:00,2024-11-13T15:49:00+00:00,6,0.0036765923300832717,0.07353184660166544,20.0,تتبع,0,True,True,,False,0.13013903,0.1301,0.0003,0.13091830946,1,baseline,0,"{""close"": 0.1301, ""rsi"": 48.89614888068023, ""rsi7"": 49.70002156464109, ""macd"": -9.685046817328479e-05, ""adx"": 18.957498370805308, ""stoch_k"": 39.58333333333502, ""stoch_d"": 23.232323232325996, ""mss"": 0.0, ""sfp"": 0.0, ""vr"": 0.8012931844018629, ""hurst"": 0.31805540161165097, ""atr14"": 0.00045947581238890207, ""vol_sma20"": 260107.95, ""vol_ratio"": 0.8194559220508254, ""atr_pct"": 0.0035317126240499777, ""retest_entry"": true}"
اتجاهي,dir,directional,XLMUSDT,صاعد,FVG,1,106077,106080,2024-11-13T15:57:00+00:00,2024-11-13T16:00:00+00:00,3,-0.0009588850284794169,-0.019177700569588337,20.0,تتبع,0,False,True,,False,0.13113933,0.1311,0.0003,0.13131530594,1,baseline,0,"{""close"": 0.1311, ""rsi"": 59.31213409481589, ""rsi7"": 64.67849528102339, ""macd"": 3.6657646409085355e-05, ""adx"": 13.455688142401284, ""stoch_k"": 70.64102564102848, ""stoch_d"": 62.89044289044651, ""mss"": 0.0, ""sfp"": 0.0, ""vr"": 0.8276675734420853, ""hurst"": 0.27160190466554507, ""atr14"": 0.00045324753805210135, ""vol_sma20"": 177620.15, ""vol_ratio"": 1.0401522575000641, ""atr_pct"": 0.0034572657364767456, ""retest_entry"": true}"
اتجاهي,dir,directional,XLMUSDT,صاعد,Stochastic,1,154950,154951,2024-12-17T14:30:00+00:00,2024-12-17T14:31:00+00:00,1,-0.0009616832436809798,-0.019233664873619594,20.0,تتبع,0,False,True,symbol_collision,True,0.44673398,0.4466,0.0003,0.44733219964,1,baseline,0,"{""close"": 0.4466, ""rsi"": 44.261657383724554, ""rsi7"": 38.276732474677374, ""macd"": -0.00017551411615480844, ""adx"": 14.757728986585562, ""stoch_k"": 19.84126984127227, ""stoch_d"": 18.227513227516337, ""mss"": 0.0, ""sfp"": 0.0, ""vr"": 1.0486223429963175, ""hurst"": 0.2733663082703918, ""atr14"": 0.001347543328641544, ""vol_sma20"": 339895.4, ""vol_ratio"": 0.378904804242717, ""atr_pct"": 0.003017338398212145, ""retest_entry"": true}"
اتجاهي,dir,directional,XLMUSDT,صاعد,SFP,1,154959,154960,2024-12-17T14:39:00+00:00,2024-12-17T14:40:00+00:00,1,-0.0011830939575772107,-0.023661879151544215,20.0,تتبع,0,False,True,symbol_collision,True,0.44606747999999996,0.4458,0.0006,0.4467,1,baseline,0,"{""close"": 0.4458, ""rsi"": 46.506098502568136, ""rsi7"": 48.784174774048125, ""macd"": -0.00016313328057345302, ""adx"": 14.904157916359729, ""stoch_k"": 36.653231302453655, ""stoch_d"": 30.548713471930444, ""mss"": 0.0, ""sfp"": 1.0, ""vr"": 1.2793391887524512, ""hurst"": 0.31313527336193453, ""atr14"": 0.0016676018087840175, ""vol_sma20"": 365601.05, ""vol_ratio"": 3.1065474237560315, ""atr_pct"": 0.0037406949501660332, ""retest_entry"": true}"
اتجاهي,dir,directional,XLMUSDT,صاعد,Bollinger,1,154963,154974,2024-12-17T14:43:00+00:00,2024-12-17T14:54:00+00:00,11,-0.006711534964429469,-0.13423069928858938,20.0,وقف,0,False,True,symbol_collision,True,0.44736825999999996,0.4471,0.0006,0.44538910384831776,1,baseline,0,"{""close"": 0.4472, ""rsi"": 52.949728871889334, ""rsi7"": 59.79171255927576, ""macd"": 0.00012366460076173875, ""adx"": 13.535033466826341, ""stoch_k"": 59.649122807019474, ""stoch_d"": 57.30994152047064, ""mss"": 0.0, ""sfp"": 0.0, ""vr"": 1.3036366174413334, ""hurst"": 0.32266290783248913, ""atr14"": 0.001720358060721584, ""vol_sma20"": 402900.55, ""vol_ratio"": 1.346227995965754, ""atr_pct"": 0.0038469545186081934, ""retest_entry"": true}"
اتجاهي,dir,directional,XLMUSDT,صاعد,SFP,1,154990,154991,2024-12-17T15:10:00+00:00,2024-12-17T15:11:00+00:00,1,-0.006133634586227852,-0.12267269172455703,20.0,وقف,0,False,True,symbol_collision,True,0.44253272,0.4424,0.0003,0.4408312850596511,1,baseline,0,"{""close"": 0.4424, ""rsi"": 39.486571103408714, ""rsi7"": 41.98145881588409, ""macd"": -0.0003125422675563823, ""adx"": 23.953513974375962, ""stoch_k"": 15.013586956523666, ""stoch_d"": 11.251265596561359, ""mss"": 0.0, ""sfp"": 1.0, ""vr"": 1.0548630960680885, ""hurst"": 0.30801189668787476, ""atr14"": 0.00147906492430437, ""vol_sma20"": 444057.95, ""vol_ratio"": 1.2633688913800551, ""atr_pct"": 0.003343275145353458, ""retest_entry"": true}"
اتجاهي,dir,directional,XLMUSDT,صاعد,Bollinger,1,154999,154999,2024-12-17T15:19:00+00:00,2024-12-17T15:19:00+00:00,0,-0.006666373242847047,-0.13332746485694094,20.0,وقف,0,False,True,symbol_collision,True,0.43883161,0.4387,0.0003,0.43691008400087855,1,baseline,0,"{""close"": 0.4389, ""rsi"": 39.093196813026275, ""rsi7"": 45.47826471529412, ""macd"": -0.00017558978580348595, ""adx"": 34.83516495814356, ""stoch_k"": 30.034843205577033, ""stoch_d"": 18.899682070416734, ""mss"": 0.0, ""sfp"": 0.0, ""vr"": 1.1605668594302407, ""hurst"": 0.363405368713566, ""atr14"": 0.0016711525744354122, ""vol_sma20"": 757612.4, ""vol_ratio"": 0.5629514511642101, ""atr_pct"": 0.00380759301534612, ""retest_entry"": true}"
اتجاهي,dir,directional,XLMUSDT,صاعد,MACD,1,155006,155007,2024-12-17T15:26:00+00:00,2024-12-17T15:27:00+00:00,1,-0.005250752346824468,-0.10501504693648936,20.0,زمني,0,False,True,symbol_collision,True,0.4367619,0.4365,0.0006,0.4356,1,baseline,0,"{""close"": 0.4366, ""rsi"": 38.71546129470939, ""rsi7"": 42.623190147282656, ""macd"": 3.126539666169345e-05, ""adx"": 39.53162047443326, ""stoch_k"": 34.70209174946512, ""stoch_d"": 29.926367044465554, ""mss"": 0.0, ""sfp"": 0.0, ""vr"": 1.3112292139650792, ""hurst"": 0.4564332861824614, ""atr14"": 0.0019564816479922175, ""vol_sma20"": 997844.35, ""vol_ratio"": 0.5333336807489064, ""atr_pct"": 0.0044811764727261056, ""retest_entry"": true}"
اتجاهي,dir,directional,XLMUSDT,صاعد,Bollinger,1,155012,155013,2024-12-17T15:32:00+00:00,2024-12-17T15:33:00+00:00,1,-0.00781816329526524,-0.1563632659053048,20.0,وقف,0,False,True,symbol_collision,True,0.43746231999999996,0.4372,0.0006,0.43517248629292976,1,baseline,0,"{""close"": 0.4373, ""rsi"": 46.30735995902601, ""rsi7"": 52.98836688929149, ""macd"": 0.00035907840769222187, ""adx"": 36.65188491509231, ""stoch_k"": 57.52688172043235, ""stoch_d"": 42.29390681003878, ""mss"": 0.0, ""sfp"": 0.0, ""vr"": 1.2950309301577585, ""hurst"": 0.46682245952798596, ""atr14"": 0.001990420927247535, ""vol_sma20"": 986971.75, ""vol_ratio"": 0.7936751989102019, ""atr_pct"": 0.004551614285953658, ""retest_entry"": true}"
اتجاهي,dir,directional,XLMUSDT,صاعد,FVG,1,155018,155019,2024-12-17T15:38:00+00:00,2024-12-17T15:39:00+00:00,1,-0.005922098977594494,-0.11844197955188987,20.0,زمني,0,False,True,symbol_collision,True,0.43896321999999993,0.4387,0.0006,0.4375,1,baseline,0,"{""close"": 0.4387, ""rsi"": 53.125632449120324, ""rsi7"": 62.937434364408475, ""macd"": 0.00048048276894117436, ""adx"": 27.788102721829386, ""stoch_k"": 69.4102882243069, ""stoch_d"": 59.91821129039908, ""mss"": 0.0, ""sfp"": 0.0, ""vr"": 1.2463336027430525, ""hurst"": 0.454996078105749, ""atr14"": 0.001968609147419805, ""vol_sma20"": 770620.5, ""vol_ratio"": 0.7459482326255271, ""atr_pct"": 0.004487369836835663, ""retest_entry"": true}"
اتجاهي,dir,directional,XLMUSDT,صاعد,FVG,1,155038,155040,2024-12-17T15:58:00+00:00,2024-12-17T16:00:00+00:00,2,-0.0057989077368827465,-0.11597815473765494,20.0,وقف,0,False,True,symbol_collision,True,0.43573068,0.4356,0.0003,0.4342015839656947,1,baseline,0,"{""close"": 0.4357, ""rsi"": 47.42289725899201, ""rsi7"": 54.33378663273909, ""macd"": -0.00014012361438178484, ""adx"": 22.189271912988747, ""stoch_k"": 24.213836477989577, ""stoch_d"": 11.651662761543731, ""mss"": 0.0, ""sfp"": 0.0, ""vr"": 0.8235519590783361, ""hurst"": 0.4147709722179396, ""atr14"": 0.0013295551042971675, ""vol_sma20"": 256204.95, ""vol_ratio"": 0.2891591282682087, ""atr_pct"": 0.0030515379947146375, ""retest_entry"": true}"
اتجاهي,dir,directional,XLMUSDT,صاعد,FVG,1,155046,155050,2024-12-17T16:06:00+00:00,2024-12-17T16:10:00+00:00,4,0.003463312626360672,0.06926625252721344,20.0,تتبع,0,True,True,symbol_collision,True,0.43553062,0.4354,0.0003,0.43804549684,1,baseline,0,"{""close"": 0.4355, ""rsi"": 49.3522154541857, ""rsi7"": 52.78635330891753, ""macd"": 0.0001582257016019598, ""adx"": 18.25568405801512, ""stoch_k"": 53.33333333333559, ""stoch_d"": 38.55413105413415, ""mss"": 0.0, ""sfp"": 0.0, ""vr"": 0.9531706609936591, ""hurst"": 0.39422462461113206, ""atr14"": 0.0015377982105306742, ""vol_sma20"": 295417.7, ""vol_ratio"": 1.491098874576574, ""atr_pct"": 0.003531109553457346, ""retest_entry"": true}"
اتجاهي,dir,directional,XLMUSDT,صاعد,FVG,1,155053,155058,2024-12-17T16:13:00+00:00,2024-12-17T16:18:00+00:00,5,-0.0068601010835278595,-0.1372020216705572,20.0,وقف,0,False,True,symbol_collision,True,0.44243269,0.4423,0.0003,0.4404094869139549,1,baseline,0,"{""close"": 0.4423, ""rsi"": 69.45985446337528, ""rsi7"": 82.17409177567373, ""macd"": 0.0008600432899636017, ""adx"": 21.848048219002894, ""stoch_k"": 93.63523250421584, ""stoch_d"": 90.27284658024064, ""mss"": 0.0, ""sfp"": 0.0, ""vr"": 1.0794857928957036, ""hurst"": 0.41318212254383385, ""atr14"": 0.001758779397524379, ""vol_sma20"": 487062.0, ""vol_ratio"": 1.1635027984117012, ""atr_pct"": 0.00397643996727194, ""retest_entry"": true}"
اتجاهي,dir,directional,XLMUSDT,صاعد,Bollinger,1,155080,155081,2024-12-17T16:40:00+00:00,2024-12-17T16:41:00+00:00,1,-0.0032745068326782765,-0.06549013665356553,20.0,زمني,0,False,True,symbol_collision,True,0.44173248,0.4416,0.0003,0.4413,1,baseline,0,"{""close"": 0.4416, ""rsi"": 51.72240729669494, ""rsi7"": 48.97341142333046, ""macd"": -0.0002696372509644672, ""adx"": 22.37364213390045, ""stoch_k"": 48.03921568627661, ""stoch_d"": 38.64681675139485, ""mss"": 0.0, ""sfp"": 0.0, ""vr"": 0.8545728890008051, ""hurst"": 0.44439675158663755, ""atr14"": 0.0013776516344241947, ""vol_sma20"": 242597.35, ""vol_ratio"": 0.5013574962793287, ""atr_pct"": 0.003119682143170731, ""retest_entry"": true}"
اتجاهي,dir,directional,XLMUSDT,صاعد,FVG,1,155088,155097,2024-12-17T16:48:00+00:00,2024-12-17T16:57:00+00:00,9,-0.0009424764474112188,-0.018849528948224375,20.0,قفل-ربح,0,False,True,symbol_collision,True,0.44173248,0.4416,0.0003,0.4423325059568288,1,baseline,0,"{""close"": 0.4415, ""rsi"": 52.847315343909, ""rsi7"": 56.782795766019014, ""macd"": -0.00021105118006923158, ""adx"": 17.455508469826285, ""stoch_k"": 34.640522875819, ""stoch_d"": 17.498514557341142, ""mss"": 0.0, ""sfp"": 0.0, ""vr"": 0.8317422617636021, ""hurst"": 0.3853475346400152, ""atr14"": 0.0013326892629671875, ""vol_sma20"": 240490.45, ""vol_ratio"": 0.3902774517657562, ""atr_pct"": 0.0030185487269924973, ""retest_entry"": true}"
اتجاهي,dir,directional,XLMUSDT,صاعد,FVG,1,155109,155110,2024-12-17T17:09:00+00:00,2024-12-17T17:10:00+00:00,1,-0.004623250013289761,-0.09246500026579522,20.0,زمني,0,False,True,symbol_collision,True,0.4431329,0.443,0.0003,0.4421,1,baseline,0,"{""close"": 0.4432, ""rsi"": 55.95936695278278, ""rsi7"": 59.80322536645582, ""macd"": -6.940388879351123e-05, ""adx"": 15.046293466064348, ""stoch_k"": 58.88888888889114, ""stoch_d"": 43.703703703706765, ""mss"": 0.0, ""sfp"": 0.0, ""vr"": 0.7701872765725113, ""hurst"": 0.36928081627195986, ""atr14"": 0.0011370935773790786, ""vol_sma20"": 215486.2, ""vol_ratio"": 0.4961849065044536, ""atr_pct"": 0.002565644353292145, ""retest_entry"": true}"
اتجاهي,dir,directional,XLMUSDT,صاعد,FVG,1,155119,155121,2024-12-17T17:19:00+00:00,2024-12-17T17:21:00+00:00,2,-0.0012809848680713748,-0.025619697361427496,20.0,قفل-ربح,0,False,True,symbol_collision,True,0.44243269,0.4423,0.0003,0.44288355498086396,1,baseline,0,"{""close"": 0.4422, ""rsi"": 50.858601379692566, ""rsi7"": 53.35746023274468, ""macd"": -6.408917089001121e-05, ""adx"": 14.713980079489074, ""stoch_k"": 40.740740740742126, ""stoch_d"": 35.802469135805204, ""mss"": 0.0, ""sfp"": 0.0, ""vr"": 0.7211912915657774, ""hurst"": 0.3605511729817224, ""atr14"": 0.0010013952356510802, ""vol_sma20"": 211068.8, ""vol_ratio"": 1.002891000469989, ""atr_pct"": 0.0022645753859137953, ""retest_entry"": true}"
اتجاهي,dir,directional,XLMUSDT,صاعد,MicroBurst,1,155125,155128,2024-12-17T17:25:00+00:00,2024-12-17T17:28:00+00:00,3,-0.001169608676435704,-0.02339217352871408,20.0,قفل-ربح,0,False,True,symbol_collision,True,0.4451335,0.445,0.0003,0.4456368087155542,1,baseline,0,"{""close"": 0.4449, ""rsi"": 63.77893535991925, ""rsi7"": 71.92054252459383, ""macd"": 0.0002906004794437257, ""adx"": 18.08980682812062, ""stoch_k"": 89.38872780336426, ""stoch_d"": 80.84748145724045, ""mss"": 0.0, ""sfp"": 0.0, ""vr"": 0.8300719961700436, ""hurst"": 0.3458645212145845, ""atr14"": 0.0011178771090274036, ""vol_sma20"": 188386.7, ""vol_ratio"": 1.626011815059131, ""atr_pct"": 0.002512648031079801, ""retest_entry"": true}"
اتجاهي,dir,directional,XLMUSDT,صاعد,EMA,1,155136,155137,2024-12-17T17:36:00+00:00,2024-12-17T17:37:00+00:00,1,-0.0037120876625732647,-0.07424175325146529,20.0,زمني,0,False,True,symbol_collision,True,0.44733416,0.4472,0.0003,0.4467,1,baseline,0,"{""close"": 0.4472, ""rsi"": 67.49956395811495, ""rsi7"": 72.5167381153359, ""macd"": 0.00014717207565194184, ""adx"": 27.41042149700744, ""stoch_k"": 85.91666666666852, ""stoch_d"": 81.09652871495243, ""mss"": 0.0, ""sfp"": 0.0, ""vr"": 0.8288601184261044, ""hurst"": 0.31190823227358405, ""atr14"": 0.0010848809329103485, ""vol_sma20"": 259942.0, ""vol_ratio"": 0.5526732886567003, ""atr_pct"": 0.002425941263216343, ""retest_entry"": true}"
اتجاهي,dir,directional,XLMUSDT,صاعد,MicroBurst,1,155142,155145,2024-12-17T17:42:00+00:00,2024-12-17T17:45:00+00:00,3,-0.005290809190809106,-0.10581618381618212,20.0,وقف,0,False,True,symbol_collision,True,0.4481344,0.448,0.0003,0.4467899968,1,baseline,0,"{""close"": 0.4481, ""rsi"": 67.55355038522907, ""rsi7"": 72.30151212790413, ""macd"": -8.951197044983292e-06, ""adx"": 25.923128138239445, ""stoch_k"": 67.85714285714552, ""stoch_d"": 60.94771241830418, ""mss"": 0.0, ""sfp"": 0.0, ""vr"": 0.8901350159401431, ""hurst"": 0.25971299815638965, ""atr14"": 0.0011502267537999789, ""vol_sma20"": 294590.05, ""vol_ratio"": 2.1494751774542284, ""atr_pct"": 0.0025668974644052194, ""retest_entry"": true}"
اتجاهي,dir,directional,XLMUSDT,صاعد,FVG,1,155157,155159,2024-12-17T17:57:00+00:00,2024-12-17T17:59:00+00:00,2,-0.005290809190809106,-0.10581618381618212,20.0,وقف,0,False,True,symbol_collision,True,0.44853452,0.4484,0.0003,0.44718891644,1,baseline,0,"{""close"": 0.4483, ""rsi"": 64.29223463171479, ""rsi7"": 72.58663532799577, ""macd"": -5.087762222875697e-05, ""adx"": 16.85264641115009, ""stoch_k"": 55.86758920092492, ""stoch_d"": 42.06575317686737, ""mss"": 0.0, ""sfp"": -1.0, ""vr"": 0.8284189931602374, ""hurst"": 0.24758560539275612, ""atr14"": 0.0010001548959713094, ""vol_sma20"": 339308.05, ""vol_ratio"": 0.5388672623593811, ""atr_pct"": 0.0022309946374555194, ""retest_entry"": true}"
اتجاهي,dir,directional,XLMUSDT,صاعد,FVG,1,155163,155171,2024-12-17T18:03:00+00:00,2024-12-17T18:11:00+00:00,8,0.0019231516191239833,0.03846303238247967,20.0,تتبع,0,True,True,symbol_collision,True,0.44783430999999996,0.4477,0.0003,0.44972890642,1,baseline,0,"{""close"": 0.4476, ""rsi"": 56.065993041513686, ""rsi7"": 56.15888276734885, ""macd"": -5.844949127430441e-05, ""adx"": 15.383360846100775, ""stoch_k"": 46.9135802469157, ""stoch_d"": 41.975308641978096, ""mss"": 0.0, ""sfp"": 0.0, ""vr"": 0.8053993579446396, ""hurst"": 0.2490359991682019, ""atr14"": 0.0009358378063758991, ""vol_sma20"": 231794.3, ""vol_ratio"": 1.1006741753356317, ""atr_pct"": 0.00209079045213561, ""retest_entry"": true}"
اتجاهي,dir,directional,XLMUSDT,صاعد,Stochastic,1,155186,155186,2024-12-17T18:26:00+00:00,2024-12-17T18:26:00+00:00,0,-0.005290809190809106,-0.10581618381618212,20.0,وقف,0,False,True,symbol_collision,True,0.44613379999999997,0.446,0.0003,0.44479539859999995,1,baseline,0,"{""close"": 0.446, ""rsi"": 44.13627090671324, ""rsi7"": 44.58349594181429, ""macd"": -0.00024494804921562874, ""adx"": 21.603940287194586, ""stoch_k"": 8.27228327228567, ""stoch_d"": 6.573056573059748, ""mss"": 0.0, ""sfp"": 0.0, ""vr"": 0.889503457708349, ""hurst"": 0.31760628555764236, ""atr14"": 0.0009384341678966244, ""vol_sma20"": 231076.95, ""vol_ratio"": 0.1586571053495383, ""atr_pct"": 0.0021041124840731487, ""retest_entry"": true}"
اتجاهي,dir,directional,XLMUSDT,صاعد,Stochastic,1,155190,155191,2024-12-17T18:30:00+00:00,2024-12-17T18:31:00+00:00,1,-0.001208956563175562,-0.02417913126351124,20.0,قفل-ربح,0,False,True,symbol_collision,True,0.44273278,0.4426,0.0003,0.44321591352276546,1,baseline,0,"{""close"": 0.4427, ""rsi"": 30.9273918960952, ""rsi7"": 23.789038805243123, ""macd"": -0.0004412570660003054, ""adx"": 28.40579336936641, ""stoch_k"": 8.11401386873283, ""stoch_d"": 6.836118417697315, ""mss"": 0.0, ""sfp"": 1.0, ""vr"": 1.027716927659312, ""hurst"": 0.3873110827166855, ""atr14"": 0.001073550558863374, ""vol_sma20"": 417024.0, ""vol_ratio"": 1.4271528736955188, ""atr_pct"": 0.002425006909562625, ""retest_entry"": true}"
اتجاهي,dir,directional,XLMUSDT,صاعد,Bollinger,1,155195,155196,2024-12-17T18:35:00+00:00,2024-12-17T18:36:00+00:00,1,-0.0023728380540814675,-0.04745676108162935,20.0,زمني,0,False,True,symbol_collision,True,0.44523353,0.4451,0.0003,0.4452,1,baseline,0,"{""close"": 0.4451, ""rsi"": 48.484004979998346, ""rsi7"": 56.62430925485273, ""macd"": 4.851147115998689e-05, ""adx"": 27.280774706001075, ""stoch_k"": 53.364341085273644, ""stoch_d"": 41.83084873782869, ""mss"": 0.0, ""sfp"": 0.0, ""vr"": 0.9847632925740301, ""hurst"": 0.41907362046717755, ""atr14"": 0.0010219224275079882, ""vol_sma20"": 364517.05, ""vol_ratio"": 0.3722349887337232, ""atr_pct"": 0.0022959389519388636, ""retest_entry"": true}"
اتجاهي,dir,directional,XLMUSDT,هابط,MicroBurst,-1,155532,155532,2024-12-18T00:12:00+00:00,2024-12-18T00:12:00+00:00,0,-0.009063709535915057,-0.18127419071830114,20.0,وقف,0,False,True,,False,0.43930427,0.4397,0.0009,0.44202115773115763,1,baseline,0,"{""close"": 0.4398, ""rsi"": 68.9647447175464, ""rsi7"": 66.54749150074318, ""macd"": 0.0007495906031345558, ""adx"": 40.29686241910509, ""stoch_k"": 86.21937663954697, ""stoch_d"": 88.82308478947441, ""mss"": 0.0, ""sfp"": 0.0, ""vr"": 1.9107136339067907, ""hurst"": 0.5113606573703279, ""atr14"": 0.002365177030574967, ""vol_sma20"": 1079332.0, ""vol_ratio"": 1.791568303358003, ""atr_pct"": 0.005377846818042217, ""retest_entry"": true}"
اتجاهي,dir,directional,XLMUSDT,هابط,RSI,-1,155537,155542,2024-12-18T00:17:00+00:00,2024-12-18T00:22:00+00:00,5,0.00683616746780754,0.1367233493561508,20.0,حصد-اعادة,0,True,True,,False,0.44080292,0.4412,0.0009,0.4365,1,baseline,0,"{""close"": 0.4412, ""rsi"": 66.11636572205711, ""rsi7"": 62.411200785490706, ""macd"": 0.00011900903385630556, ""adx"": 41.532792498495375, ""stoch_k"": 85.86666666666899, ""stoch_d"": 86.59698057627124, ""mss"": 0.0, ""sfp"": 0.0, ""vr"": 1.763864067601807, ""hurst"": 0.5380986789312749, ""atr14"": 0.002293778215946609, ""vol_sma20"": 1289977.9, ""vol_ratio"": 0.609459278333373, ""atr_pct"": 0.005198953345300564, ""retest_entry"": true}"
اتجاهي,dir,directional,XLMUSDT,هابط,FVG,-1,155542,155543,2024-12-18T00:22:00+00:00,2024-12-18T00:23:00+00:00,1,-0.0017375696625163389,-0.06950278650065356,40.0,زمني,0,False,True,,False,0.43610715,0.4365,0.0009,0.4356,2,baseline,1,"{""close"": 0.4364, ""rsi"": 49.13665426784928, ""rsi7"": 34.06851108127641, ""macd"": -0.0008241836727375124, ""adx"": 33.10378864085673, ""stoch_k"": 19.333999334001913, ""stoch_d"": 38.43160032606442, ""mss"": 0.0, ""sfp"": 0.0, ""vr"": 1.6163769264586723, ""hurst"": 0.49580407395251475, ""atr14"": 0.0021959326752496447, ""vol_sma20"": 1387598.05, ""vol_ratio"": 0.35095465866358055, ""atr_pct"": 0.0050319263869148595}"
اتجاهي,dir,directional,XLMUSDT,هابط,FVG,-1,155552,155553,2024-12-18T00:32:00+00:00,2024-12-18T00:33:00+00:00,1,-0.0079253504768979,-0.15850700953795802,20.0,وقف,0,False,True,,False,0.43134103999999995,0.4316,0.0006,0.4336451873777912,1,baseline,0,"{""close"": 0.4316, ""rsi"": 38.38785058890229, ""rsi7"": 29.65080388229474, ""macd"": -0.0008592889315781282, ""adx"": 24.462481080029747, ""stoch_k"": 10.737827715357994, ""stoch_d"": 13.566791510614934, ""mss"": 0.0, ""sfp"": 0.0, ""vr"": 1.374075981510122, ""hurst"": 0.4561960165978791, ""atr14"": 0.0020048093010512514, ""vol_sma20"": 726689.85, ""vol_ratio"": 0.412120796788341, ""atr_pct"": 0.004645063255447756, ""retest_entry"": true}"
اتجاهي,dir,directional,XLMUSDT,هابط,RSI,-1,155572,155576,2024-12-18T00:52:00+00:00,2024-12-18T00:56:00+00:00,4,0.006221019373390732,0.12442038746781464,20.0,حصد-اعادة,0,True,True,,False,0.44483293999999995,0.4451,0.0006,0.4409,1,baseline,0,"{""close"": 0.4452, ""rsi"": 65.42692050503786, ""rsi7"": 68.40388687437857, ""macd"": 0.0007102755183786896, ""adx"": 32.94814043622373, ""stoch_k"": 89.56545382119896, ""stoch_d"": 89.25687349197307, ""mss"": 0.0, ""sfp"": 0.0, ""vr"": 1.3597907866686287, ""hurst"": 0.4312381442848553, ""atr14"": 0.0022902466972661278, ""vol_sma20"": 950256.8, ""vol_ratio"": 1.1075637659209594, ""atr_pct"": 0.0051443097422869, ""retest_entry"": true}"
اتجاهي,dir,directional,XLMUSDT,هابط,OBV,-1,155576,155578,2024-12-18T00:56:00+00:00,2024-12-18T00:58:00+00:00,2,-0.0033495300951623813,-0.13398120380649525,40.0,زمني,0,False,True,,False,0.44063546,0.4409,0.0006,0.4411,2,baseline,1,"{""close"": 0.4409, ""rsi"": 51.518299691832894, ""rsi7"": 40.826601804625405, ""macd"": -0.00026708510042708486, ""adx"": 31.060172148002817, ""stoch_k"": 42.54602715264882, ""stoch_d"": 56.834558273953945, ""mss"": 0.0, ""sfp"": 0.0, ""vr"": 1.252997494785878, ""hurst"": 0.41520769694968984, ""atr14"": 0.0021592392732355716, ""vol_sma20"": 961211.95, ""vol_ratio"": 0.569448808870926, ""atr_pct"": 0.004897344688672197}"
اتجاهي,dir,directional,XLMUSDT,صاعد,MicroBurst,1,159636,159641,2024-12-20T20:36:00+00:00,2024-12-20T20:41:00+00:00,5,-0.0015212660875148249,-0.030425321750296497,20.0,تتبع,0,False,True,,False,0.37101127,0.3709,0.0003,0.3713,1,baseline,0,"{""close"": 0.3709, ""rsi"": 44.93258830920398, ""rsi7"": 49.28383220987115, ""macd"": -0.00022524383112271923, ""adx"": 24.869741592895824, ""stoch_k"": 23.278710188980572, ""stoch_d"": 13.464131202339678, ""mss"": 0.0, ""sfp"": 0.0, ""vr"": 1.0260565964814568, ""hurst"": 0.49669802449590444, ""atr14"": 0.0010687889277790693, ""vol_sma20"": 125792.7, ""vol_ratio"": 1.7304501771565441, ""atr_pct"": 0.0028816094035564012, ""retest_entry"": true}"
اتجاهي,dir,directional,XLMUSDT,صاعد,MicroBurst,1,159649,159653,2024-12-20T20:49:00+00:00,2024-12-20T20:53:00+00:00,4,-0.005290809190809106,-0.10581618381618212,20.0,وقف,0,False,True,,False,0.37131136,0.3712,0.0003,0.37019742592,1,baseline,0,"{""close"": 0.3713, ""rsi"": 51.31417723258274, ""rsi7"": 59.706013770785205, ""macd"": 9.993950357419196e-05, ""adx"": 16.843824296770308, ""stoch_k"": 52.74509803921824, ""stoch_d"": 47.97385620915346, ""mss"": 0.0, ""sfp"": 0.0, ""vr"": 0.8717760842374983, ""hurst"": 0.38336562349512915, ""atr14"": 0.0009136406741744566, ""vol_sma20"": 121042.65, ""vol_ratio"": 1.6436520515702524, ""atr_pct"": 0.0024606535797857703, ""retest_entry"": true}"
اتجاهي,dir,directional,XLMUSDT,صاعد,FVG,1,159662,159663,2024-12-20T21:02:00+00:00,2024-12-20T21:03:00+00:00,1,-0.0050171517704834506,-0.10034303540966902,20.0,زمني,0,False,True,,False,0.37101127,0.3709,0.0003,0.37,1,baseline,0,"{""close"": 0.3709, ""rsi"": 52.77299246030402, ""rsi7"": 60.00831241129509, ""macd"": 3.0509605796724703e-05, ""adx"": 15.237407278770426, ""stoch_k"": 36.93693693693928, ""stoch_d"": 20.140460657705265, ""mss"": 0.0, ""sfp"": 0.0, ""vr"": 0.914967801861207, ""hurst"": 0.11365294303330951, ""atr14"": 0.0009528352197016716, ""vol_sma20"": 104700.05, ""vol_ratio"": 0.8619766657227002, ""atr_pct"": 0.0025689814497214117, ""retest_entry"": true}"
اتجاهي,dir,directional,XLMUSDT,صاعد,MicroBurst,1,159678,159680,2024-12-20T21:18:00+00:00,2024-12-20T21:20:00+00:00,2,-0.006059149518912166,-0.12118299037824332,20.0,وقف,0,False,True,,False,0.36590974,0.3658,0.0003,0.36453022009921754,1,baseline,0,"{""close"": 0.3659, ""rsi"": 40.58996506482203, ""rsi7"": 47.915681345415464, ""macd"": -0.0002469812687912816, ""adx"": 33.29882031617075, ""stoch_k"": 29.216661994208547, ""stoch_d"": 18.97011182755836, ""mss"": 0.0, ""sfp"": 0.0, ""vr"": 1.1735006416581228, ""hurst"": 0.21998972593689087, ""atr14"": 0.0011995505912285908, ""vol_sma20"": 244915.4, ""vol_ratio"": 1.6175912172121476, ""atr_pct"": 0.003278356357552858, ""retest_entry"": true}"
اتجاهي,dir,directional,XLMUSDT,صاعد,OBV,1,159689,159690,2024-12-20T21:29:00+00:00,2024-12-20T21:30:00+00:00,1,-0.005926848533805468,-0.11853697067610935,20.0,وقف,0,False,True,,False,0.36640989,0.3663,0.0003,0.36507707250902405,1,baseline,0,"{""close"": 0.3664, ""rsi"": 49.806869682237526, ""rsi7"": 61.07565618532547, ""macd"": 0.00035311745867330963, ""adx"": 24.769042146413337, ""stoch_k"": 82.05128205128368, ""stoch_d"": 78.14407814408088, ""mss"": 0.0, ""sfp"": 0.0, ""vr"": 1.1189563381125405, ""hurst"": 0.25792464648003194, ""atr14"": 0.0011589404487478707, ""vol_sma20"": 272906.85, ""vol_ratio"": 0.976344126210097, ""atr_pct"": 0.0031630470762769396, ""retest_entry"": true}"
اتجاهي,dir,directional,XLMUSDT,صاعد,Bollinger,1,159705,159706,2024-12-20T21:45:00+00:00,2024-12-20T21:46:00+00:00,1,-0.0044998454168259224,-0.08999690833651845,20.0,زمني,0,False,True,,False,0.36701006999999997,0.3669,0.0003,0.3662,1,baseline,0,"{""close"": 0.367, ""rsi"": 52.57966418989775, ""rsi7"": 55.32384171244611, ""macd"": 9.435862912603089e-05, ""adx"": 12.459933481930694, ""stoch_k"": 54.89101541733341, ""stoch_d"": 49.583554846715884, ""mss"": 0.0, ""sfp"": 0.0, ""vr"": 0.9314045132593975, ""hurst"": 0.28800336874321103, ""atr14"": 0.0009724703688446296, ""vol_sma20"": 122366.55, ""vol_ratio"": 0.15728154467050023, ""atr_pct"": 0.0026497830213750126, ""retest_entry"": true}"
اتجاهي,dir,directional,XLMUSDT,صاعد,FVG,1,159710,159710,2024-12-20T21:50:00+00:00,2024-12-20T21:50:00+00:00,0,-0.005290809190809106,-0.10581618381618212,20.0,وقف,0,False,True,,False,0.36721012999999997,0.3671,0.0003,0.36610849960999997,1,baseline,0,"{""close"": 0.3672, ""rsi"": 54.141256285301935, ""rsi7"": 58.93573215443993, ""macd"": 4.136813823028567e-05, ""adx"": 12.481456955437793, ""stoch_k"": 46.182266009854324, ""stoch_d"": 33.94909688013434, ""mss"": 0.0, ""sfp"": 0.0, ""vr"": 0.9115637760285835, ""hurst"": 0.3441501308922199, ""atr14"": 0.0009485416059146257, ""vol_sma20"": 86164.6, ""vol_ratio"": 0.8302249415653296, ""atr_pct"": 0.002583174308046366, ""retest_entry"": true}"
اتجاهي,dir,directional,XLMUSDT,صاعد,FVG,1,159713,159720,2024-12-20T21:53:00+00:00,2024-12-20T22:00:00+00:00,7,-0.0011132683137099948,-0.022265366274199894,20.0,قفل-ربح,0,False,True,,False,0.3681104,0.368,0.0003,0.3685474065786408,1,baseline,0,"{""close"": 0.3679, ""rsi"": 57.91319657972836, ""rsi7"": 64.37165662509139, ""macd"": 0.00011758090451388668, ""adx"": 11.27826636137856, ""stoch_k"": 76.00000000000138, ""stoch_d"": 66.76190476190716, ""mss"": 0.0, ""sfp"": 0.0, ""vr"": 0.9356239206990971, ""hurst"": 0.37214328647029704, ""atr14"": 0.0009705706662516214, ""vol_sma20"": 86761.75, ""vol_ratio"": 1.7839543347154707, ""atr_pct"": 0.002638137173828816, ""retest_entry"": true}"
اتجاهي,dir,directional,XLMUSDT,صاعد,EMA,1,159727,159729,2024-12-20T22:07:00+00:00,2024-12-20T22:09:00+00:00,2,0.001356287196054904,0.02712574392109808,20.0,تتبع,0,True,True,,False,0.36941079,0.3693,0.0003,0.37076372178,1,baseline,0,"{""close"": 0.3693, ""rsi"": 58.19186189637307, ""rsi7"": 60.106606389781895, ""macd"": 1.8828019487667912e-05, ""adx"": 11.170965595934161, ""stoch_k"": 78.39687194526205, ""stoch_d"": 76.70856025695089, ""mss"": 0.0, ""sfp"": 0.0, ""vr"": 0.8752825283179774, ""hurst"": 0.45271750622042917, ""atr14"": 0.0008893296773163539, ""vol_sma20"": 97843.35, ""vol_ratio"": 0.21414843216222665, ""atr_pct"": 0.0024081496813332087, ""retest_entry"": true}"
اتجاهي,dir,directional,XLMUSDT,صاعد,Bollinger,1,159738,159742,2024-12-20T22:18:00+00:00,2024-12-20T22:22:00+00:00,4,0.006260531443880879,0.12521062887761758,20.0,حصد-اعادة,0,True,True,,False,0.37171148,0.3716,0.0003,0.3749,1,baseline,0,"{""close"": 0.3715, ""rsi"": 61.82099661749797, ""rsi7"": 65.68751732211402, ""macd"": 3.918725110322479e-06, ""adx"": 21.62260516243265, ""stoch_k"": 63.507320310234455, ""stoch_d"": 53.40335669749968, ""mss"": 0.0, ""sfp"": 0.0, ""vr"": 1.0459564743889411, ""hurst"": 0.48962176641332267, ""atr14"": 0.0010543199640242295, ""vol_sma20"": 117689.1, ""vol_ratio"": 0.6664763346818015, ""atr_pct"": 0.0028380079785309004, ""retest_entry"": true}"
اتجاهي,dir,directional,XLMUSDT,صاعد,FVG,1,159742,159744,2024-12-20T22:22:00+00:00,2024-12-20T22:24:00+00:00,2,-0.002596923220735855,-0.1038769288294342,40.0,زمني,0,False,True,,False,0.37501247,0.3749,0.0003,0.3749,2,baseline,1,"{""close"": 0.3749, ""rsi"": 73.68908042318637, ""rsi7"": 83.48757876234147, ""macd"": 0.00036363778852892823, ""adx"": 29.195985466072372, ""stoch_k"": 98.5185185185209, ""stoch_d"": 93.39506172839843, ""mss"": 0.0, ""sfp"": 0.0, ""vr"": 1.043697924383201, ""hurst"": 0.4845415336745398, ""atr14"": 0.001052577897034985, ""vol_sma20"": 146748.8, ""vol_ratio"": 2.681303015765717, ""atr_pct"": 0.0028076230915843824}"
اتجاهي,dir,directional,XLMUSDT,صاعد,FVG,1,159759,159760,2024-12-20T22:39:00+00:00,2024-12-20T22:40:00+00:00,1,-0.0023303804423339732,-0.046607608846679464,20.0,زمني,0,False,True,,False,0.37431225999999995,0.3742,0.0003,0.3743,1,baseline,0,"{""close"": 0.3743, ""rsi"": 58.22369916883588, ""rsi7"": 59.791869600489335, ""macd"": -0.00024176323173834388, ""adx"": 26.500260012224118, ""stoch_k"": 41.61084529505852, ""stoch_d"": 22.30343361015203, ""mss"": 0.0, ""sfp"": 0.0, ""vr"": 1.0280537441683875, ""hurst"": 0.3612928953613113, ""atr14"": 0.0010588141550973956, ""vol_sma20"": 202961.3, ""vol_ratio"": 1.0169623470090112, ""atr_pct"": 0.0028287848119086176, ""retest_entry"": true}"
اتجاهي,dir,directional,XLMUSDT,صاعد,FVG,1,159767,159768,2024-12-20T22:47:00+00:00,2024-12-20T22:48:00+00:00,1,-0.002064406895706806,-0.04128813791413612,20.0,زمني,0,False,True,,False,0.37471237999999996,0.3746,0.0003,0.3748,1,baseline,0,"{""close"": 0.3744, ""rsi"": 58.288951219159884, ""rsi7"": 62.11436293611451, ""macd"": -8.856760277525832e-05, ""adx"": 24.851055505597884, ""stoch_k"": 68.38383838384041, ""stoch_d"": 59.225589225592124, ""mss"": 0.0, ""sfp"": 0.0, ""vr"": 0.7752586708758538, ""hurst"": 0.223164921484343, ""atr14"": 0.0007992627028551501, ""vol_sma20"": 109542.95, ""vol_ratio"": 0.22844920645281144, ""atr_pct"": 0.0021347828601900377, ""retest_entry"": true}"
اتجاهي,dir,directional,XLMUSDT,صاعد,FVG,1,159771,159774,2024-12-20T22:51:00+00:00,2024-12-20T22:54:00+00:00,3,-0.001420725620779919,-0.02841451241559838,20.0,قفل-ربح,0,False,True,,False,0.37611279999999997,0.376,0.0003,0.3764434017779567,1,baseline,0,"{""close"": 0.376, ""rsi"": 67.6525988509854, ""rsi7"": 80.34453236195789, ""macd"": 0.00010040643318454145, ""adx"": 27.80287598549182, ""stoch_k"": 99.12280701754617, ""stoch_d"": 96.37426900585082, ""mss"": 0.0, ""sfp"": 0.0, ""vr"": 0.7179060190112863, ""hurst"": 0.1820750558488921, ""atr14"": 0.0007344502825969891, ""vol_sma20"": 100006.45, ""vol_ratio"": 0.9936459098388154, ""atr_pct"": 0.0019533252196728434, ""retest_entry"": true}"
اتجاهي,dir,directional,XLMUSDT,صاعد,FVG,1,159792,159793,2024-12-20T23:12:00+00:00,2024-12-20T23:13:00+00:00,1,-0.004702815174875328,-0.09405630349750656,20.0,زمني,0,False,True,,False,0.37901367,0.3789,0.0003,0.3781,1,baseline,0,"{""close"": 0.379, ""rsi"": 63.53623465640849, ""rsi7"": 65.8222520675194, ""macd"": -3.081110369951886e-05, ""adx"": 23.784051466383552, ""stoch_k"": 81.66666666666907, ""stoch_d"": 74.32275132275457, ""mss"": 0.0, ""sfp"": 0.0, ""vr"": 0.9365709523252183, ""hurst"": 0.20140635439967777, ""atr14"": 0.000894196936320446, ""vol_sma20"": 132115.65, ""vol_ratio"": 0.7932671110500535, ""atr_pct"": 0.0023593586710302004, ""retest_entry"": true}"
اتجاهي,dir,directional,XLMUSDT,صاعد,Stochastic,1,159800,159804,2024-12-20T23:20:00+00:00,2024-12-20T23:24:00+00:00,4,-0.0009918471677729656,-0.01983694335545931,20.0,تتبع,0,False,True,,False,0.37571267999999997,0.3756,0.0003,0.37620443624,1,baseline,0,"{""close"": 0.3756, ""rsi"": 42.452389150092976, ""rsi7"": 33.43238830128159, ""macd"": -0.0004368107783722136, ""adx"": 23.108525439201777, ""stoch_k"": 9.401709401711502, ""stoch_d"": 6.375871893116539, ""mss"": 0.0, ""sfp"": 0.0, ""vr"": 0.8951417026006232, ""hurst"": 0.20590186101169253, ""atr14"": 0.000834501161174536, ""vol_sma20"": 160972.3, ""vol_ratio"": 0.8013366274818712, ""atr_pct"": 0.0022217815792719277, ""retest_entry"": true}"
اتجاهي,dir,directional,XLMUSDT,صاعد,Stochastic,1,159809,159812,2024-12-20T23:29:00+00:00,2024-12-20T23:32:00+00:00,3,-0.005290809190809106,-0.10581618381618212,20.0,وقف,0,False,True,,False,0.37591274,0.3758,0.0003,0.37478500178,1,baseline,0,"{""close"": 0.3757, ""rsi"": 44.69406581008599, ""rsi7"": 41.11594871492754, ""macd"": -0.00014659607494712265, ""adx"": 21.670117229607836, ""stoch_k"": 20.152505446625263, ""stoch_d"": 18.054857270546844, ""mss"": 0.0, ""sfp"": 0.0, ""vr"": 0.7964894085605092, ""hurst"": 0.30680100322769993, ""atr14"": 0.0007266610891162484, ""vol_sma20"": 120181.1, ""vol_ratio"": 0.2781052927623395, ""atr_pct"": 0.0019341524863355029, ""retest_entry"": true}"
اتجاهي,dir,directional,XLMUSDT,صاعد,KAMA,1,159815,159815,2024-12-20T23:35:00+00:00,2024-12-20T23:35:00+00:00,0,-0.005290809190808995,-0.1058161838161799,20.0,وقف,0,False,True,,False,0.37501247,0.3749,0.0003,0.37388743259,1,baseline,0,"{""close"": 0.3748, ""rsi"": 40.25703479826183, ""rsi7"": 34.95165872871202, ""macd"": -0.00016046478485256394, ""adx"": 26.341473106383148, ""stoch_k"": 12.345679012347318, ""stoch_d"": 12.843837990039711, ""mss"": 0.0, ""sfp"": 0.0, ""vr"": 0.7484924459226452, ""hurst"": 0.35089678428520327, ""atr14"": 0.0006701804314231471, ""vol_sma20"": 127744.15, ""vol_ratio"": 0.4337341475128215, ""atr_pct"": 0.0017881014712463903, ""retest_entry"": true}"
اتجاهي,dir,directional,XLMUSDT,صاعد,Bollinger,1,159821,159822,2024-12-20T23:41:00+00:00,2024-12-20T23:42:00+00:00,1,-0.003931063237829533,-0.07862126475659066,20.0,زمني,0,False,True,,False,0.37391214,0.3738,0.0003,0.3733,1,baseline,0,"{""close"": 0.3737, ""rsi"": 36.44081582275177, ""rsi7"": 32.72479209301872, ""macd"": -0.00015102469478667528, ""adx"": 37.790437772419395, ""stoch_k"": 20.43010752688354, ""stoch_d"": 14.531490015363879, ""mss"": 0.0, ""sfp"": 0.0, ""vr"": 0.7675308491789891, ""hurst"": 0.42486434081902796, ""atr14"": 0.0006774402085357108, ""vol_sma20"": 111552.4, ""vol_ratio"": 0.09941516273966317, ""atr_pct"": 0.0018127915668603447, ""retest_entry"": true}"
اتجاهي,dir,directional,XLMUSDT,صاعد,RSI,1,159825,159826,2024-12-20T23:45:00+00:00,2024-12-20T23:46:00+00:00,1,-0.004468223552404257,-0.08936447104808515,20.0,زمني,0,False,True,,False,0.37321192999999997,0.3731,0.0003,0.3724,1,baseline,0,"{""close"": 0.3731, ""rsi"": 33.24593512080223, ""rsi7"": 27.288716259720644, ""macd"": -8.758958927092633e-05, ""adx"": 44.54516377100189, ""stoch_k"": 12.35570841239973, ""stoch_d"": 12.235794855580124, ""mss"": 0.0, ""sfp"": 0.0, ""vr"": 0.8103511202888601, ""hurst"": 0.45879497698803723, ""atr14"": 0.0007078605215532139, ""vol_sma20"": 121538.7, ""vol_ratio"": 1.225634304135226, ""atr_pct"": 0.001897240743911053, ""retest_entry"": true}"
اتجاهي,dir,directional,XLMUSDT,صاعد,MACD,1,159830,159831,2024-12-20T23:50:00+00:00,2024-12-20T23:51:00+00:00,1,-0.0014929288988330181,-0.02985857797666036,20.0,تتبع,0,False,True,,False,0.37321192999999997,0.3731,0.0003,0.37351297274,1,baseline,0,"{""close"": 0.3732, ""rsi"": 40.44662162113624, ""rsi7"": 48.80700321563987, ""macd"": 1.6464998804733145e-05, ""adx"": 51.04773398074421, ""stoch_k"": 33.76026272578153, ""stoch_d"": 20.678708264918015, ""mss"": 0.0, ""sfp"": 0.0, ""vr"": 0.793288970910975, ""hurst"": 0.4793924280714259, ""atr14"": 0.0006846099404806343, ""vol_sma20"": 130142.4, ""vol_ratio"": 0.4134086969350496, ""atr_pct"": 0.001834431780494733, ""retest_entry"": true}"
اتجاهي,dir,directional,XLMUSDT,صاعد,Bollinger,1,159835,159836,2024-12-20T23:55:00+00:00,2024-12-20T23:56:00+00:00,1,-0.0023303804423339732,-0.046607608846679464,20.0,زمني,0,False,True,,False,0.37431225999999995,0.3742,0.0003,0.3743,1,baseline,0,"{""close"": 0.3742, ""rsi"": 52.28236848592259, ""rsi7"": 65.72669181144755, ""macd"": 0.00024656085833997716, ""adx"": 41.298435079592984, ""stoch_k"": 93.65079365079566, ""stoch_d"": 87.83068783069074, ""mss"": 0.0, ""sfp"": 0.0, ""vr"": 0.7477669942153135, ""hurst"": 0.48034316318882514, ""atr14"": 0.0006338935760227795, ""vol_sma20"": 107423.9, ""vol_ratio"": 0.6630088834979926, ""atr_pct"": 0.0016939967290827886, ""retest_entry"": true}"
اتجاهي,dir,directional,XLMUSDT,صاعد,FVG,1,159839,159840,2024-12-20T23:59:00+00:00,2024-12-21T00:00:00+00:00,1,-0.005290809190809217,-0.10581618381618434,20.0,وقف,0,False,True,,False,0.37531255999999996,0.3752,0.0003,0.37418662231999994,1,baseline,0,"{""close"": 0.3753, ""rsi"": 62.46258701573649, ""rsi7"": 78.29088302259515, ""macd"": 0.0003378220694723703, ""adx"": 33.83070347187693, ""stoch_k"": 95.42857142857416, ""stoch_d"": 94.03174603174928, ""mss"": 0.0, ""sfp"": 0.0, ""vr"": 0.7371448458751516, ""hurst"": 0.49705194570857664, ""atr14"": 0.0006122275724902824, ""vol_sma20"": 87201.75, ""vol_ratio"": 0.5092328995691027, ""atr_pct"": 0.001631301818519271, ""retest_entry"": true}"
اتجاهي,dir,directional,XLMUSDT,صاعد,RSI,1,159856,159857,2024-12-21T00:16:00+00:00,2024-12-21T00:17:00+00:00,1,-0.005290809190809106,-0.10581618381618212,20.0,وقف,0,False,True,,False,0.36961085,0.3695,0.0003,0.36850201745,1,baseline,0,"{""close"": 0.3695, ""rsi"": 25.252837138686814, ""rsi7"": 17.263029588265567, ""macd"": -0.0004105396901167625, ""adx"": 32.91163567208334, ""stoch_k"": 5.73965461062452, ""stoch_d"": 5.4257630064111515, ""mss"": 0.0, ""sfp"": 0.0, ""vr"": 1.114696256682277, ""hurst"": 0.45663916287189366, ""atr14"": 0.0008812026069989902, ""vol_sma20"": 188254.3, ""vol_ratio"": 1.4680833319610762, ""atr_pct"": 0.0023848514397807586, ""retest_entry"": true}"
اتجاهي,dir,directional,XLMUSDT,صاعد,Stochastic,1,159860,159868,2024-12-21T00:20:00+00:00,2024-12-21T00:28:00+00:00,8,-0.001161865293601002,-0.02323730587202004,20.0,قفل-ربح,0,False,True,,False,0.37021103,0.3701,0.0003,0.37063249779472074,1,baseline,0,"{""close"": 0.37, ""rsi"": 37.906648732344486, ""rsi7"": 45.18127087440813, ""macd"": -0.00017078500263406995, ""adx"": 34.715759974491064, ""stoch_k"": 14.543269230771266, ""stoch_d"": 9.634647759650642, ""mss"": 0.0, ""sfp"": 0.0, ""vr"": 1.1928944050098214, ""hurst"": 0.41917001411580357, ""atr14"": 0.0009360612156002208, ""vol_sma20"": 201382.3, ""vol_ratio"": 1.403291153194695, ""atr_pct"": 0.002529895177297894, ""retest_entry"": true}"
اتجاهي,dir,directional,XLMUSDT,صاعد,Stochastic,1,159889,159890,2024-12-21T00:49:00+00:00,2024-12-21T00:50:00+00:00,1,-0.0020577864224767877,-0.04115572844953576,20.0,زمني,0,False,True,,False,0.37011099999999997,0.37,0.0003,0.3702,1,baseline,0,"{""close"": 0.3701, ""rsi"": 46.782704100278856, ""rsi7"": 47.04807289429872, ""macd"": -5.716749733035572e-05, ""adx"": 18.43934299202478, ""stoch_k"": 17.777777777780496, ""stoch_d"": 16.058201058204347, ""mss"": 0.0, ""sfp"": 0.0, ""vr"": 1.080808763530254, ""hurst"": 0.3117061020569881, ""atr14"": 0.0008618739567715724, ""vol_sma20"": 75728.45, ""vol_ratio"": 0.40946302215349717, ""atr_pct"": 0.0023287596778480747, ""retest_entry"": true}"
اتجاهي,dir,directional,XLMUSDT,صاعد,FVG,1,159896,159903,2024-12-21T00:56:00+00:00,2024-12-21T01:03:00+00:00,7,0.002531807079346944,0.05063614158693888,20.0,تتبع,0,True,True,,False,0.36961085,0.3695,0.0003,0.3714,1,baseline,0,"{""close"": 0.3696, ""rsi"": 45.312483234805285, ""rsi7"": 45.85925595327385, ""macd"": -4.8624038788558615e-05, ""adx"": 19.823844938376467, ""stoch_k"": 21.959595959597454, ""stoch_d"": 13.25925925926191, ""mss"": 0.0, ""sfp"": 0.0, ""vr"": 0.9643111840413049, ""hurst"": 0.3233208189414072, ""atr14"": 0.0007635245321921812, ""vol_sma20"": 64755.9, ""vol_ratio"": 0.4427241378777841, ""atr_pct"": 0.0020658131282255987, ""retest_entry"": true}"
اتجاهي,dir,directional,XLMUSDT,صاعد,FVG,1,159911,159913,2024-12-21T01:11:00+00:00,2024-12-21T01:13:00+00:00,2,-0.0021003370977614,-0.042006741955228,20.0,زمني,0,False,True,,False,0.37581270999999994,0.3757,0.0003,0.376,1,baseline,0,"{""close"": 0.3756, ""rsi"": 78.75570377739878, ""rsi7"": 89.27969176812911, ""macd"": 0.0004945446540710463, ""adx"": 35.35856672971619, ""stoch_k"": 95.20047169811521, ""stoch_d"": 93.10432681109084, ""mss"": 0.0, ""sfp"": 0.0, ""vr"": 1.1863600486180501, ""hurst"": 0.40595612164869105, ""atr14"": 0.0009430887115127675, ""vol_sma20"": 109444.8, ""vol_ratio"": 7.1450813560808735, ""atr_pct"": 0.0025108858133992746, ""retest_entry"": true}"
اتجاهي,dir,directional,XLMUSDT,صاعد,Stochastic,1,159924,159928,2024-12-21T01:24:00+00:00,2024-12-21T01:28:00+00:00,4,-0.005476727908414238,-0.10953455816828475,20.0,وقف,0,False,True,,False,0.37432445999999997,0.3741,0.0006,0.3731317324220476,1,baseline,0,"{""close"": 0.374, ""rsi"": 53.19716188907307, ""rsi7"": 48.7366590016998, ""macd"": -0.00037306574616588137, ""adx"": 32.75530487430914, ""stoch_k"": 20.91503267974032, ""stoch_d"": 17.48032546352162, ""mss"": 0.0, ""sfp"": 0.0, ""vr"": 1.2345379324384367, ""hurst"": 0.47526476369046244, ""atr14"": 0.0010362554224707039, ""vol_sma20"": 203795.5, ""vol_ratio"": 0.9595305097511967, ""atr_pct"": 0.0027707364237184594, ""retest_entry"": true}"
اتجاهي,dir,directional,XLMUSDT,صاعد,Bollinger,1,159937,159938,2024-12-21T01:37:00+00:00,2024-12-21T01:38:00+00:00,1,-0.0055735764527139325,-0.11147152905427865,20.0,وقف,0,False,True,,False,0.37262344,0.3724,0.0006,0.3713999613135634,1,baseline,0,"{""close"": 0.3722, ""rsi"": 45.18462054993419, ""rsi7"": 44.00271996331721, ""macd"": -0.0003088066025799916, ""adx"": 22.47427435003794, ""stoch_k"": 23.347925786952278, ""stoch_d"": 17.142658606076125, ""mss"": 0.0, ""sfp"": 0.0, ""vr"": 1.2021300719059682, ""hurst"": 0.44886333400790834, ""atr14"": 0.0010626855267115809, ""vol_sma20"": 140823.55, ""vol_ratio"": 0.30671716484920314, ""atr_pct"": 0.0028551464984190784, ""retest_entry"": true}"
اتجاهي,dir,directional,XLMUSDT,صاعد,KAMA,1,159943,159947,2024-12-21T01:43:00+00:00,2024-12-21T01:47:00+00:00,4,-0.0011338066704942866,-0.02267613340988573,20.0,قفل-ربح,0,False,True,,False,0.37241169,0.3723,0.0003,0.37284613656638593,1,baseline,0,"{""close"": 0.3722, ""rsi"": 47.97758564646778, ""rsi7"": 52.38329376860109, ""macd"": -0.00011242769717967604, ""adx"": 21.882947206207195, ""stoch_k"": 27.310924369749756, ""stoch_d"": 17.346429726733643, ""mss"": 0.0, ""sfp"": 0.0, ""vr"": 1.0660879594232244, ""hurst"": 0.40542018956116166, ""atr14"": 0.0009648880308828081, ""vol_sma20"": 95770.0, ""vol_ratio"": 0.5928578886916571, ""atr_pct"": 0.002592391270507276, ""retest_entry"": true}"
اتجاهي,dir,directional,XLMUSDT,صاعد,Bollinger,1,159966,159976,2024-12-21T02:06:00+00:00,2024-12-21T02:16:00+00:00,10,-0.0023266242839393315,-0.04653248567878663,20.0,تتبع,0,False,True,,False,0.36911069999999996,0.369,0.0003,0.3691,1,baseline,0,"{""close"": 0.3689, ""rsi"": 38.1365124700042, ""rsi7"": 37.15795752684901, ""macd"": -0.00026032445642468465, ""adx"": 29.568190528649836, ""stoch_k"": 37.986696724279255, ""stoch_d"": 27.786923729421474, ""mss"": 0.0, ""sfp"": 0.0, ""vr"": 1.1313012997394885, ""hurst"": 0.46152351321767693, ""atr14"": 0.0010254976490512932, ""vol_sma20"": 312310.75, ""vol_ratio"": 0.7747315774432997, ""atr_pct"": 0.0027798797751458207, ""retest_entry"": true}"
اتجاهي,dir,directional,XLMUSDT,صاعد,Bollinger,1,159979,159980,2024-12-21T02:19:00+00:00,2024-12-21T02:20:00+00:00,1,-0.003672870444877534,-0.07345740889755067,20.0,زمني,0,False,True,,False,0.37091124000000003,0.3708,0.0003,0.3704,1,baseline,0,"{""close"": 0.371, ""rsi"": 56.435147412774135, ""rsi7"": 70.27374909529291, ""macd"": 0.00028195398466085507, ""adx"": 26.139564660842538, ""stoch_k"": 80.30555555555823, ""stoch_d"": 73.3122268230996, ""mss"": 0.0, ""sfp"": 0.0, ""vr"": 1.0059862161926778, ""hurst"": 0.48106873369411635, ""atr14"": 0.0009222505142950295, ""vol_sma20"": 356716.5, ""vol_ratio"": 0.22019166480944952, ""atr_pct"": 0.0024858504428437456, ""retest_entry"": true}"
اتجاهي,dir,directional,XLMUSDT,صاعد,FVG,1,159993,159994,2024-12-21T02:33:00+00:00,2024-12-21T02:34:00+00:00,1,-0.0036676726322006485,-0.07335345264401297,20.0,زمني,0,False,True,,False,0.37271178,0.3726,0.0003,0.3722,1,baseline,0,"{""close"": 0.3726, ""rsi"": 57.62606173362268, ""rsi7"": 57.73889486209512, ""macd"": 0.00010141065562912187, ""adx"": 29.840177682400306, ""stoch_k"": 56.96408529742106, ""stoch_d"": 56.1485222596367, ""mss"": 0.0, ""sfp"": 0.0, ""vr"": 0.9600556232352413, ""hurst"": 0.384060163905478, ""atr14"": 0.0008840142226930348, ""vol_sma20"": 88908.1, ""vol_ratio"": 2.203792455355586, ""atr_pct"": 0.0023725556164601045, ""retest_entry"": true}"
اتجاهي,dir,directional,XLMUSDT,صاعد,FVG,1,159997,159998,2024-12-21T02:37:00+00:00,2024-12-21T02:38:00+00:00,1,-0.002062409246041739,-0.04124818492083478,20.0,زمني,0,False,True,,False,0.37331195999999994,0.3732,0.0003,0.3734,1,baseline,0,"{""close"": 0.3732, ""rsi"": 60.421576761049984, ""rsi7"": 64.56175332425195, ""macd"": 3.1190784183353294e-05, ""adx"": 28.601652395676947, ""stoch_k"": 48.575268817206215, ""stoch_d"": 46.26957875832892, ""mss"": 0.0, ""sfp"": 0.0, ""vr"": 0.9170041950010449, ""hurst"": 0.358470597485598, ""atr14"": 0.0008477361051211944, ""vol_sma20"": 73000.95, ""vol_ratio"": 0.5971429138935863, ""atr_pct"": 0.002271532971921743, ""retest_entry"": true}"
اتجاهي,dir,directional,XLMUSDT,صاعد,FVG,1,160000,160003,2024-12-21T02:40:00+00:00,2024-12-21T02:43:00+00:00,3,0.002198283879164307,0.043965677583286136,20.0,تتبع,0,True,True,,False,0.37451232,0.3744,0.0003,0.3762,1,baseline,0,"{""close"": 0.3745, ""rsi"": 67.62317680976896, ""rsi7"": 77.82452278921258, ""macd"": 0.0001229054025663898, ""adx"": 29.267010526982602, ""stoch_k"": 71.25237191651033, ""stoch_d"": 61.74362218005746, ""mss"": 0.0, ""sfp"": 0.0, ""vr"": 0.9424161637642565, ""hurst"": 0.3615364270926795, ""atr14"": 0.0008749548917460849, ""vol_sma20"": 75767.5, ""vol_ratio"": 1.2037747055135777, ""atr_pct"": 0.0023363281488546993, ""retest_entry"": true}"
اتجاهي,dir,directional,XLMUSDT,صاعد,FVG,1,160022,160023,2024-12-21T03:02:00+00:00,2024-12-21T03:03:00+00:00,1,-0.005290809190809106,-0.10581618381618212,20.0,وقف,0,False,True,,False,0.37351202,0.3734,0.0003,0.37239148394,1,baseline,0,"{""close"": 0.3734, ""rsi"": 49.65421169530802, ""rsi7"": 51.12812364189477, ""macd"": -0.0002490816762862264, ""adx"": 20.223434929514855, ""stoch_k"": 20.512820512822767, ""stoch_d"": 12.358512358515332, ""mss"": 0.0, ""sfp"": 0.0, ""vr"": 0.8639654630132969, ""hurst"": 0.483895422252234, ""atr14"": 0.0007972242413301932, ""vol_sma20"": 75175.5, ""vol_ratio"": 1.0579111545649846, ""atr_pct"": 0.002135040817702713, ""retest_entry"": true}"
اتجاهي,dir,directional,XLMUSDT,صاعد,FVG,1,160030,160031,2024-12-21T03:10:00+00:00,2024-12-21T03:11:00+00:00,1,-0.0034021463720645987,-0.06804292744129198,20.0,زمني,0,False,True,,False,0.37171148,0.3716,0.0003,0.3713,1,baseline,0,"{""close"": 0.3716, ""rsi"": 41.46081646931935, ""rsi7"": 41.292630289705066, ""macd"": -0.00016848894514220295, ""adx"": 20.508964757115614, ""stoch_k"": 28.899129544293448, ""stoch_d"": 18.58660989391361, ""mss"": 0.0, ""sfp"": 0.0, ""vr"": 0.9215319037311901, ""hurst"": 0.4724143833176159, ""atr14"": 0.0008379776141794003, ""vol_sma20"": 52269.4, ""vol_ratio"": 0.3298488216815192, ""atr_pct"": 0.0022550527830446725, ""retest_entry"": true}"
اتجاهي,dir,directional,XLMUSDT,صاعد,FVG,1,160037,160038,2024-12-21T03:17:00+00:00,2024-12-21T03:18:00+00:00,1,-0.0020592396213940764,-0.04118479242788153,20.0,زمني,0,False,True,,False,0.3711113,0.371,0.0003,0.3712,1,baseline,0,"{""close"": 0.371, ""rsi"": 40.73510859398912, ""rsi7"": 42.491135985389015, ""macd"": -4.081837523024941e-05, ""adx"": 20.51021205094009, ""stoch_k"": 19.235836627142664, ""stoch_d"": 12.001171131608634, ""mss"": 0.0, ""sfp"": 0.0, ""vr"": 0.8367090834215447, ""hurst"": 0.4945237289004597, ""atr14"": 0.0007471929542248716, ""vol_sma20"": 50093.85, ""vol_ratio"": 1.5836474936544107, ""atr_pct"": 0.0020139971811991147, ""retest_entry"": true}"
اتجاهي,dir,directional,XLMUSDT,صاعد,MicroBurst,1,160050,160053,2024-12-21T03:30:00+00:00,2024-12-21T03:33:00+00:00,3,-0.001073328020223768,-0.021466560404475362,20.0,تتبع,0,False,True,,False,0.37011099999999997,0.37,0.0003,0.370565198,1,baseline,0,"{""close"": 0.3701, ""rsi"": 40.064307795964595, ""rsi7"": 45.15571358706924, ""macd"": -3.3168571548252714e-05, ""adx"": 23.43736846611894, ""stoch_k"": 17.460317460318716, ""stoch_d"": 12.169312169314269, ""mss"": 0.0, ""sfp"": 0.0, ""vr"": 0.7794539167169514, ""hurst"": 0.5187587382924543, ""atr14"": 0.0006681019850872843, ""vol_sma20"": 76130.9, ""vol_ratio"": 1.8179346362646442, ""atr_pct"": 0.0018051931507357046, ""retest_entry"": true}"
اتجاهي,dir,directional,XLMUSDT,صاعد,Bollinger,1,160066,160075,2024-12-21T03:46:00+00:00,2024-12-21T03:55:00+00:00,9,-0.0014125930284608398,-0.028251860569216795,20.0,قفل-ربح,0,False,True,,False,0.37041109,0.3703,0.0003,0.37073969933561424,1,baseline,0,"{""close"": 0.3702, ""rsi"": 47.60116864537174, ""rsi7"": 49.99578030986425, ""macd"": -2.4806558454877874e-05, ""adx"": 15.781408647468435, ""stoch_k"": 20.833333333334405, ""stoch_d"": 22.22222222222455, ""mss"": 0.0, ""sfp"": 0.0, ""vr"": 0.8788464795771442, ""hurst"": 0.5311008529732502, ""atr14"": 0.000729826816916667, ""vol_sma20"": 56494.3, ""vol_ratio"": 0.5094142240898639, ""atr_pct"": 0.0019714392677381604, ""retest_entry"": true}"
اتجاهي,dir,directional,XLMUSDT,صاعد,FVG,1,160080,160081,2024-12-21T04:00:00+00:00,2024-12-21T04:01:00+00:00,1,-0.002328443253904436,-0.04656886507808872,20.0,زمني,0,False,True,,False,0.37161145,0.3715,0.0003,0.3716,1,baseline,0,"{""close"": 0.3714, ""rsi"": 58.60212426078497, ""rsi7"": 67.46784795533146, ""macd"": 9.577250166095138e-05, ""adx"": 11.059327620679118, ""stoch_k"": 64.0557275541821, ""stoch_d"": 50.24767801857828, ""mss"": 0.0, ""sfp"": 0.0, ""vr"": 0.8345438976562688, ""hurst"": 0.3482791430977814, ""atr14"": 0.0006600262044931611, ""vol_sma20"": 48434.35, ""vol_ratio"": 0.9445569105397306, ""atr_pct"": 0.0017771303298146502, ""retest_entry"": true}"
اتجاهي,dir,directional,XLMUSDT,صاعد,FVG,1,160083,160084,2024-12-21T04:03:00+00:00,2024-12-21T04:04:00+00:00,1,0.0004951332851460583,0.009902665702921165,20.0,تتبع,0,True,True,,False,0.37271178,0.3726,0.0003,0.37375509996,1,baseline,0,"{""close"": 0.3726, ""rsi"": 67.58068958787472, ""rsi7"": 80.55103281848405, ""macd"": 0.00022283255664381666, ""adx"": 13.47056831393452, ""stoch_k"": 88.97435897436168, ""stoch_d"": 86.04826546003402, ""mss"": 0.0, ""sfp"": 0.0, ""vr"": 0.8646359082127074, ""hurst"": 0.3453672172322831, ""atr14"": 0.0006775792898219647, ""vol_sma20"": 53654.65, ""vol_ratio"": 0.7675196837552756, ""atr_pct"": 0.0018185166125119826, ""retest_entry"": true}"
اتجاهي,dir,directional,XLMUSDT,صاعد,FVG,1,160094,160097,2024-12-21T04:14:00+00:00,2024-12-21T04:17:00+00:00,3,-0.001336318799222197,-0.02672637598444394,20.0,قفل-ربح,0,False,True,,False,0.37351202,0.3734,0.0003,0.3738719352706563,1,baseline,0,"{""close"": 0.3734, ""rsi"": 60.68363196243056, ""rsi7"": 62.45665491309328, ""macd"": -3.906615400745678e-05, ""adx"": 23.125698622942753, ""stoch_k"": 47.97343074782295, ""stoch_d"": 45.677232110161846, ""mss"": 0.0, ""sfp"": 0.0, ""vr"": 1.0368887755318867, ""hurst"": 0.37804090284733205, ""atr14"": 0.0007995718410172421, ""vol_sma20"": 67358.1, ""vol_ratio"": 0.17153096658011432, ""atr_pct"": 0.0021413279084553883, ""retest_entry"": true}"
اتجاهي,dir,directional,XLMUSDT,صاعد,FVG,1,165863,165869,2024-12-25T04:23:00+00:00,2024-12-25T04:29:00+00:00,6,0.0009882499760327935,0.01976499952065587,20.0,تتبع,0,True,True,,False,0.39081720999999997,0.3907,0.0003,0.39210437422,1,baseline,0,"{""close"": 0.3906, ""rsi"": 55.52534034523294, ""rsi7"": 56.33813328131566, ""macd"": -2.7146067852651097e-05, ""adx"": 13.144326954351436, ""stoch_k"": 55.416666666669705, ""stoch_d"": 54.027777777782056, ""mss"": 0.0, ""sfp"": 0.0, ""vr"": 0.9923332869146586, ""hurst"": 0.5045409074793259, ""atr14"": 0.0005975195703289434, ""vol_sma20"": 64094.95, ""vol_ratio"": 0.5123648586979161, ""atr_pct"": 0.0015297480039143457, ""retest_entry"": true}"
اتجاهي,dir,directional,XLMUSDT,صاعد,Stochastic,1,165882,165883,2024-12-25T04:42:00+00:00,2024-12-25T04:43:00+00:00,1,-0.004133753847514398,-0.08267507695028795,20.0,زمني,0,False,True,,False,0.38951682,0.3894,0.0003,0.3888,1,baseline,0,"{""close"": 0.3893, ""rsi"": 41.24093136304347, ""rsi7"": 38.00197545218714, ""macd"": -0.00033764744097037773, ""adx"": 21.872247208505023, ""stoch_k"": 9.379509379510937, ""stoch_d"": 5.529100529103065, ""mss"": 0.0, ""sfp"": 0.0, ""vr"": 1.0141092963437235, ""hurst"": 0.3528981158620054, ""atr14"": 0.0006274175903475351, ""vol_sma20"": 164088.95, ""vol_ratio"": 0.2186497018842524, ""atr_pct"": 0.0016116557676535707, ""retest_entry"": true}"
اتجاهي,dir,directional,XLMUSDT,صاعد,Bollinger,1,165887,165888,2024-12-25T04:47:00+00:00,2024-12-25T04:48:00+00:00,1,-0.0033663264684443933,-0.06732652936888786,20.0,زمني,0,False,True,,False,0.38901667,0.3889,0.0003,0.3886,1,baseline,0,"{""close"": 0.389, ""rsi"": 41.78799776026902, ""rsi7"": 42.15500126432813, ""macd"": -0.00015666208072200076, ""adx"": 20.683544079107566, ""stoch_k"": 12.375356125357973, ""stoch_d"": 10.030429898318642, ""mss"": 0.0, ""sfp"": 0.0, ""vr"": 0.9841473105413092, ""hurst"": 0.3061899573023232, ""atr14"": 0.0006138498084371575, ""vol_sma20"": 108657.35, ""vol_ratio"": 0.32059497125597114, ""atr_pct"": 0.0015780200731032325, ""retest_entry"": true}"
اتجاهي,dir,directional,XLMUSDT,صاعد,Bollinger,1,165893,165905,2024-12-25T04:53:00+00:00,2024-12-25T05:05:00+00:00,12,0.0002118293453375379,0.004236586906750758,20.0,تتبع,0,True,True,,False,0.38901667,0.3889,0.0003,0.38999516794,1,baseline,0,"{""close"": 0.3888, ""rsi"": 43.37166280893379, ""rsi7"": 47.82560630259465, ""macd"": -3.181266006087682e-05, ""adx"": 18.859206112351345, ""stoch_k"": 27.038183694531924, ""stoch_d"": 17.98258077703804, ""mss"": 0.0, ""sfp"": 0.0, ""vr"": 0.9884469845492437, ""hurst"": 0.34419578839401, ""atr14"": 0.0006191877666847949, ""vol_sma20"": 117295.8, ""vol_ratio"": 0.39151444467747354, ""atr_pct"": 0.0015925611283045136, ""retest_entry"": true}"
اتجاهي,dir,directional,XLMUSDT,صاعد,Bollinger,1,165910,165911,2024-12-25T05:10:00+00:00,2024-12-25T05:11:00+00:00,1,-0.003107757062876509,-0.06215514125753018,20.0,زمني,0,False,True,,False,0.39061715,0.3905,0.0003,0.3903,1,baseline,0,"{""close"": 0.3904, ""rsi"": 56.79720866754212, ""rsi7"": 58.82191314851801, ""macd"": 0.0001354103544438029, ""adx"": 17.48498340966524, ""stoch_k"": 81.81818181818372, ""stoch_d"": 77.77246145667509, ""mss"": 0.0, ""sfp"": 0.0, ""vr"": 0.9307169693931405, ""hurst"": 0.4128030656657313, ""atr14"": 0.000561120085818241, ""vol_sma20"": 46418.2, ""vol_ratio"": 1.536272410390752, ""atr_pct"": 0.001437295301788527, ""retest_entry"": true}"
اتجاهي,dir,directional,XLMUSDT,صاعد,Bollinger,1,165915,165916,2024-12-25T05:15:00+00:00,2024-12-25T05:16:00+00:00,1,-0.0017295441408364384,-0.03459088281672877,20.0,تتبع,0,False,True,,False,0.39091723999999994,0.3908,0.0003,0.39113985432,1,baseline,0,"{""close"": 0.3909, ""rsi"": 59.309274304617176, ""rsi7"": 61.823654318600845, ""macd"": 0.0001127941975101154, ""adx"": 19.956262244788764, ""stoch_k"": 90.63405797101666, ""stoch_d"": 87.10199824330458, ""mss"": 0.0, ""sfp"": 0.0, ""vr"": 0.8842337620923932, ""hurst"": 0.4108350974347803, ""atr14"": 0.0005288229235283493, ""vol_sma20"": 38313.65, ""vol_ratio"": 1.0283541244438992, ""atr_pct"": 0.0013528342888931932, ""retest_entry"": true}"
اتجاهي,dir,directional,XLMUSDT,صاعد,FVG,1,165924,165925,2024-12-25T05:24:00+00:00,2024-12-25T05:25:00+00:00,1,-0.005290809190809217,-0.10581618381618434,20.0,وقف,0,False,True,,False,0.39331795999999997,0.3932,0.0003,0.39213800611999994,1,baseline,0,"{""close"": 0.3932, ""rsi"": 72.87787585919742, ""rsi7"": 81.54434703417019, ""macd"": 0.00017366671337062158, ""adx"": 30.205117370832543, ""stoch_k"": 83.71749953900307, ""stoch_d"": 82.51836179668219, ""mss"": 0.0, ""sfp"": 0.0, ""vr"": 1.124221816853094, ""hurst"": 0.4273715158301584, ""atr14"": 0.0006661046009315497, ""vol_sma20"": 148204.4, ""vol_ratio"": 4.445225647821522, ""atr_pct"": 0.0016940605313620286, ""retest_entry"": true}"
اتجاهي,dir,directional,XLMUSDT,صاعد,Bollinger,1,165936,165972,2024-12-25T05:36:00+00:00,2024-12-25T06:12:00+00:00,36,-0.005290809190808995,-0.1058161838161799,20.0,وقف,0,False,True,,False,0.39021702999999996,0.3901,0.0003,0.38904637891,1,baseline,0,"{""close"": 0.3901, ""rsi"": 43.962499194947235, ""rsi7"": 38.666212606782324, ""macd"": -0.00023415225027147228, ""adx"": 20.775668715051378, ""stoch_k"": 14.634146341465316, ""stoch_d"": 11.653116531167951, ""mss"": 0.0, ""sfp"": 0.0, ""vr"": 0.9871963858348549, ""hurst"": 0.39962175794855526, ""atr14"": 0.0005965587061754241, ""vol_sma20"": 142479.35, ""vol_ratio"": 0.3896985773727912, ""atr_pct"": 0.0015292455938872701, ""retest_entry"": true}"
اتجاهي,dir,directional,XLMUSDT,صاعد,OBV,1,165977,165982,2024-12-25T06:17:00+00:00,2024-12-25T06:22:00+00:00,5,-0.0017999773533479563,-0.035999547066959126,20.0,قفل-ربح,0,False,True,,False,0.38961685,0.3895,0.0003,0.3898112186262248,1,baseline,0,"{""close"": 0.3896, ""rsi"": 49.2046733042733, ""rsi7"": 55.50362613946104, ""macd"": -4.6671773346670855e-05, ""adx"": 12.122842435287238, ""stoch_k"": 27.631578947370258, ""stoch_d"": 13.157894736844904, ""mss"": 0.0, ""sfp"": 0.0, ""vr"": 0.8082916148585306, ""hurst"": 0.419784862031133, ""atr14"": 0.0004319116005446005, ""vol_sma20"": 41742.35, ""vol_ratio"": 1.0104605993673093, ""atr_pct"": 0.0011086026708023626, ""retest_entry"": true}"
اتجاهي,dir,directional,XLMUSDT,صاعد,FVG,1,165991,165992,2024-12-25T06:31:00+00:00,2024-12-25T06:32:00+00:00,1,-0.002596923220735966,-0.05193846441471932,20.0,زمني,0,False,True,,False,0.38921673,0.3891,0.0003,0.3891,1,baseline,0,"{""close"": 0.3891, ""rsi"": 46.01055697123547, ""rsi7"": 47.43914037254616, ""macd"": -0.00012501669222132983, ""adx"": 18.227040529124576, ""stoch_k"": 25.490196078433865, ""stoch_d"": 18.4767060584084, ""mss"": 0.0, ""sfp"": 0.0, ""vr"": 1.1564265299458456, ""hurst"": 0.30055298306207867, ""atr14"": 0.0006058532804428451, ""vol_sma20"": 116048.85, ""vol_ratio"": 0.3848637879651543, ""atr_pct"": 0.0015570631725593553, ""retest_entry"": true}"
اتجاهي,dir,directional,XLMUSDT,صاعد,Bollinger,1,165998,166009,2024-12-25T06:38:00+00:00,2024-12-25T06:49:00+00:00,11,-0.005290809190809106,-0.10581618381618212,20.0,وقف,0,False,True,,False,0.3891167,0.389,0.0003,0.38794934989999996,1,baseline,0,"{""close"": 0.3891, ""rsi"": 48.18107600160369, ""rsi7"": 52.51786754782129, ""macd"": 1.0166477081069404e-05, ""adx"": 15.74323797429479, ""stoch_k"": 44.952449370555094, ""stoch_d"": 34.71172472820871, ""mss"": 0.0, ""sfp"": 0.0, ""vr"": 1.0374107494523805, ""hurst"": 0.18435536625548152, ""atr14"": 0.0005434522797702822, ""vol_sma20"": 115464.75, ""vol_ratio"": 0.04825715207455089, ""atr_pct"": 0.001396690515986333, ""retest_entry"": true}"
شبكة,grid,grid,XLMUSDT,عرضي,,0,8190,8264,2024-09-06T16:30:00+00:00,2024-09-06T17:44:00+00:00,74,-0.013782980365778344,-13.782980365778343,1000.0,نهاية-الحالة,2,False,True,,False,,,,,1,baseline,0,
افتتاح-سوق,market_open,market_open,XLMUSDT,صاعد,London-Expansion,1,669,669,2024-09-03T07:45:00+00:00,2024-09-03T07:45:00+00:00,0,-0.003661387550276211,-0.07322775100552423,20.0,وقف-افتتاح,0,False,True,symbol_collision,True,0.09372811,0.0937,0.0003,0.0936,1,baseline,669,"""{\""session\"": \""London\"", \""pre_high\"": 0.0936, \""pre_low\"": 0.0933, \""tf\"": \""5min\""}"""
افتتاح-سوق,market_open,market_open,XLMUSDT,صاعد,London-Expansion,1,951,951,2024-09-04T07:15:00+00:00,2024-09-04T07:15:00+00:00,0,-0.002596923220735855,-0.0519384644147171,20.0,وقف-افتتاح,0,False,True,,False,0.09032709,0.0903,0.0003,0.0903,1,baseline,951,"""{\""session\"": \""London\"", \""pre_high\"": 0.0903, \""pre_low\"": 0.0898, \""tf\"": \""5min\""}"""
افتتاح-سوق,market_open,market_open,XLMUSDT,صاعد,Asia-Expansion,1,1158,1158,2024-09-05T00:30:00+00:00,2024-09-05T00:30:00+00:00,0,-0.002596923220735966,-0.05193846441471932,20.0,وقف-افتتاح,0,False,True,symbol_collision,True,0.0920276,0.092,0.0003,0.092,1,baseline,1158,"""{\""session\"": \""Asia\"", \""pre_high\"": 0.092, \""pre_low\"": 0.0916, \""tf\"": \""5min\""}"""
افتتاح-سوق,market_open,market_open,XLMUSDT,صاعد,NewYork-Expansion,1,1320,1321,2024-09-05T14:00:00+00:00,2024-09-05T14:05:00+00:00,1,-0.0036893690879640706,-0.07378738175928141,20.0,وقف-افتتاح,0,False,True,,False,0.09132739000000001,0.0913,0.0003,0.0912,1,baseline,1320,"""{\""session\"": \""NewYork\"", \""pre_high\"": 0.0912, \""pre_low\"": 0.0907, \""tf\"": \""5min\""}"""
افتتاح-سوق,market_open,market_open,XLMUSDT,صاعد,Asia-Expansion,1,1737,1737,2024-09-07T00:45:00+00:00,2024-09-07T00:45:00+00:00,0,-0.002596923220735966,-0.05193846441471932,20.0,وقف-افتتاح,0,False,True,,False,0.08832649000000001,0.0883,0.0003,0.0883,1,baseline,1737,"""{\""session\"": \""Asia\"", \""pre_high\"": 0.0883, \""pre_low\"": 0.0875, \""tf\"": \""5min\""}"""
افتتاح-سوق,market_open,market_open,XLMUSDT,صاعد,Asia-Expansion,1,2028,2029,2024-09-08T01:00:00+00:00,2024-09-08T01:05:00+00:00,1,-0.0014749850016366201,-0.029499700032732404,20.0,تتبع-افتتاح,0,False,True,,False,0.08892667,0.0889,0.0003,0.089,1,baseline,2028,"""{\""session\"": \""Asia\"", \""pre_high\"": 0.0887, \""pre_low\"": 0.0882, \""tf\"": \""5min\""}"""
افتتاح-سوق,market_open,market_open,XLMUSDT,صاعد,Asia-Expansion,1,2306,2308,2024-09-09T00:10:00+00:00,2024-09-09T00:20:00+00:00,2,-0.0012847367647835456,-0.02569473529567091,20.0,تتبع-افتتاح,0,False,True,symbol_collision,True,0.09032709,0.0903,0.0003,0.09041879894872104,1,baseline,2306,"""{\""session\"": \""Asia\"", \""pre_high\"": 0.0901, \""pre_low\"": 0.0895, \""tf\"": \""5min\""}"""
افتتاح-سوق,market_open,market_open,XLMUSDT,صاعد,London-Expansion,1,2389,2389,2024-09-09T07:05:00+00:00,2024-09-09T07:05:00+00:00,0,-0.003692970557856057,-0.07385941115712115,20.0,وقف-افتتاح,0,False,True,symbol_collision,True,0.09102729999999999,0.091,0.0003,0.0909,1,baseline,2389,"""{\""session\"": \""London\"", \""pre_high\"": 0.0909, \""pre_low\"": 0.0901, \""tf\"": \""5min\""}"""
افتتاح-سوق,market_open,market_open,XLMUSDT,صاعد,NewYork-Expansion,1,2473,2473,2024-09-09T14:05:00+00:00,2024-09-09T14:05:00+00:00,0,-0.002596923220735855,-0.0519384644147171,20.0,وقف-افتتاح,0,False,True,symbol_collision,True,0.09172751,0.0917,0.0003,0.0917,1,baseline,2473,"""{\""session\"": \""NewYork\"", \""pre_high\"": 0.0917, \""pre_low\"": 0.0908, \""tf\"": \""5min\""}"""
افتتاح-سوق,market_open,market_open,XLMUSDT,صاعد,London-Expansion,1,2678,2678,2024-09-10T07:10:00+00:00,2024-09-10T07:10:00+00:00,0,-0.0036625247984915575,-0.07325049596983114,20.0,وقف-افتتاح,0,False,True,symbol_collision,True,0.09362808,0.0936,0.0003,0.0935,1,baseline,2678,"""{\""session\"": \""London\"", \""pre_high\"": 0.0935, \""pre_low\"": 0.0931, \""tf\"": \""5min\""}"""
افتتاح-سوق,market_open,market_open,XLMUSDT,صاعد,London-Expansion,1,2966,2966,2024-09-11T07:10:00+00:00,2024-09-11T07:10:00+00:00,0,-0.003672870444877534,-0.07345740889755067,20.0,وقف-افتتاح,0,False,True,,False,0.09272781000000001,0.0927,0.0003,0.0926,1,baseline,2966,"""{\""session\"": \""London\"", \""pre_high\"": 0.0926, \""pre_low\"": 0.0919, \""tf\"": \""5min\""}"""
افتتاح-سوق,market_open,market_open,XLMUSDT,صاعد,NewYork-Expansion,1,3917,3919,2024-09-14T14:25:00+00:00,2024-09-14T14:35:00+00:00,2,-0.0036241148549061904,-0.07248229709812382,20.0,وقف-افتتاح,0,False,True,symbol_collision,True,0.09712913000000001,0.0971,0.0003,0.097,1,baseline,3917,"""{\""session\"": \""NewYork\"", \""pre_high\"": 0.097, \""pre_low\"": 0.0965, \""tf\"": \""5min\""}"""
افتتاح-سوق,market_open,market_open,XLMUSDT,صاعد,NewYork-Expansion,1,4487,4488,2024-09-16T13:55:00+00:00,2024-09-16T14:00:00+00:00,1,-0.004690109111143588,-0.09380218222287176,20.0,وقف-افتتاح,0,False,True,,False,0.09532858999999999,0.0953,0.0003,0.0951,1,baseline,4487,"""{\""session\"": \""NewYork\"", \""pre_high\"": 0.0951, \""pre_low\"": 0.0946, \""tf\"": \""5min\""}"""
افتتاح-سوق,market_open,market_open,XLMUSDT,صاعد,Asia-Expansion,1,5771,5771,2024-09-21T00:55:00+00:00,2024-09-21T00:55:00+00:00,0,-0.0036305015386419517,-0.07261003077283903,20.0,وقف-افتتاح,0,False,True,,False,0.09652895,0.0965,0.0003,0.0964,1,baseline,5771,"""{\""session\"": \""Asia\"", \""pre_high\"": 0.0964, \""pre_low\"": 0.0959, \""tf\"": \""5min\""}"""
افتتاح-سوق,market_open,market_open,XLMUSDT,صاعد,London-Expansion,1,5852,5862,2024-09-21T07:40:00+00:00,2024-09-21T08:30:00+00:00,10,-0.000534041986445875,-0.0106808397289175,20.0,تتبع-افتتاح,0,False,True,,False,0.09672900999999999,0.0967,0.0003,0.0969,1,baseline,5852,"""{\""session\"": \""London\"", \""pre_high\"": 0.0966, \""pre_low\"": 0.0959, \""tf\"": \""5min\""}"""
افتتاح-سوق,market_open,market_open,XLMUSDT,صاعد,NewYork-Expansion,1,5928,5928,2024-09-21T14:00:00+00:00,2024-09-21T14:00:00+00:00,0,-0.0036188526026818112,-0.07237705205363623,20.0,وقف-افتتاح,0,False,True,symbol_collision,True,0.09762928,0.0976,0.0003,0.0975,1,baseline,5928,"""{\""session\"": \""NewYork\"", \""pre_high\"": 0.0975, \""pre_low\"": 0.0972, \""tf\"": \""5min\""}"""
افتتاح-سوق,market_open,market_open,XLMUSDT,صاعد,Asia-Expansion,1,6628,6628,2024-09-24T00:20:00+00:00,2024-09-24T00:20:00+00:00,0,-0.0036305015386419517,-0.07261003077283903,20.0,وقف-افتتاح,0,False,True,,False,0.09652895,0.0965,0.0003,0.0964,1,baseline,6628,"""{\""session\"": \""Asia\"", \""pre_high\"": 0.0964, \""pre_low\"": 0.0959, \""tf\"": \""5min\""}"""
افتتاح-سوق,market_open,market_open,XLMUSDT,صاعد,London-Expansion,1,6712,6712,2024-09-24T07:20:00+00:00,2024-09-24T07:20:00+00:00,0,-0.004666224209904601,-0.09332448419809201,20.0,وقف-افتتاح,0,False,True,,False,0.09642892,0.0964,0.0003,0.0962,1,baseline,6712,"""{\""session\"": \""London\"", \""pre_high\"": 0.0962, \""pre_low\"": 0.0958, \""tf\"": \""5min\""}"""
افتتاح-سوق,market_open,market_open,XLMUSDT,صاعد,Asia-Expansion,1,6920,6920,2024-09-25T00:40:00+00:00,2024-09-25T00:40:00+00:00,0,-0.00362517381535366,-0.0725034763070732,20.0,وقف-افتتاح,0,False,True,symbol_collision,True,0.0970291,0.097,0.0003,0.0969,1,baseline,6920,"""{\""session\"": \""Asia\"", \""pre_high\"": 0.0969, \""pre_low\"": 0.0966, \""tf\"": \""5min\""}"""
افتتاح-سوق,market_open,market_open,XLMUSDT,صاعد,London-Expansion,1,7005,7005,2024-09-25T07:45:00+00:00,2024-09-25T07:45:00+00:00,0,-0.002596923220735855,-0.0519384644147171,20.0,وقف-افتتاح,0,False,True,symbol_collision,True,0.09682903999999999,0.0968,0.0003,0.0968,1,baseline,7005,"""{\""session\"": \""London\"", \""pre_high\"": 0.0968, \""pre_low\"": 0.0962, \""tf\"": \""5min\""}"""
افتتاح-سوق,market_open,market_open,XLMUSDT,صاعد,Asia-Expansion,1,7201,7201,2024-09-26T00:05:00+00:00,2024-09-26T00:05:00+00:00,0,-0.002596923220735855,-0.0519384644147171,20.0,وقف-افتتاح,0,False,True,,False,0.09612883,0.0961,0.0003,0.0961,1,baseline,7201,"""{\""session\"": \""Asia\"", \""pre_high\"": 0.0961, \""pre_low\"": 0.0956, \""tf\"": \""5min\""}"""
افتتاح-سوق,market_open,market_open,XLMUSDT,صاعد,London-Expansion,1,7289,7290,2024-09-26T07:25:00+00:00,2024-09-26T07:30:00+00:00,1,-0.0036283638378808453,-0.0725672767576169,20.0,وقف-افتتاح,0,False,True,,False,0.09672900999999999,0.0967,0.0003,0.0966,1,baseline,7289,"""{\""session\"": \""London\"", \""pre_high\"": 0.0966, \""pre_low\"": 0.096, \""tf\"": \""5min\""}"""
افتتاح-سوق,market_open,market_open,XLMUSDT,صاعد,NewYork-Expansion,1,7950,7950,2024-09-28T14:30:00+00:00,2024-09-28T14:30:00+00:00,0,-0.004556457752718786,-0.09112915505437572,20.0,وقف-افتتاح,0,False,True,symbol_collision,True,0.10183054,0.1018,0.0003,0.1016,1,baseline,7950,"""{\""session\"": \""NewYork\"", \""pre_high\"": 0.1016, \""pre_low\"": 0.1007, \""tf\"": \""5min\""}"""
افتتاح-سوق,market_open,market_open,XLMUSDT,صاعد,Asia-Expansion,1,8353,8353,2024-09-30T00:05:00+00:00,2024-09-30T00:05:00+00:00,0,-0.0035747693744408635,-0.07149538748881727,20.0,وقف-افتتاح,0,False,True,symbol_collision,True,0.10203059999999999,0.102,0.0003,0.1019,1,baseline,8353,"""{\""session\"": \""Asia\"", \""pre_high\"": 0.1019, \""pre_low\"": 0.1013, \""tf\"": \""5min\""}"""
افتتاح-سوق,market_open,market_open,XLMUSDT,صاعد,London-Expansion,1,8732,8732,2024-10-01T07:40:00+00:00,2024-10-01T07:40:00+00:00,0,-0.0035893640931530424,-0.07178728186306085,20.0,وقف-افتتاح,0,False,True,,False,0.10053015,0.1005,0.0003,0.1004,1,baseline,8732,"""{\""session\"": \""London\"", \""pre_high\"": 0.1004, \""pre_low\"": 0.0996, \""tf\"": \""5min\""}"""
افتتاح-سوق,market_open,market_open,XLMUSDT,صاعد,Asia-Expansion,1,9796,9796,2024-10-05T00:20:00+00:00,2024-10-05T00:20:00+00:00,0,-0.0036810569998439293,-0.07362113999687858,20.0,وقف-افتتاح,0,False,True,symbol_collision,True,0.0920276,0.092,0.0003,0.0919,1,baseline,9796,"""{\""session\"": \""Asia\"", \""pre_high\"": 0.0919, \""pre_low\"": 0.0916, \""tf\"": \""5min\""}"""
افتتاح-سوق,market_open,market_open,XLMUSDT,صاعد,London-Expansion,1,9879,9879,2024-10-05T07:15:00+00:00,2024-10-05T07:15:00+00:00,0,-0.002596923220735855,-0.0519384644147171,20.0,وقف-افتتاح,0,False,True,symbol_collision,True,0.09242771999999999,0.0924,0.0003,0.0924,1,baseline,9879,"""{\""session\"": \""London\"", \""pre_high\"": 0.0924, \""pre_low\"": 0.0919, \""tf\"": \""5min\""}"""
افتتاح-سوق,market_open,market_open,XLMUSDT,صاعد,Asia-Expansion,1,10372,10372,2024-10-07T00:20:00+00:00,2024-10-07T00:20:00+00:00,0,-0.003672870444877534,-0.07345740889755067,20.0,وقف-افتتاح,0,False,True,,False,0.09272781000000001,0.0927,0.0003,0.0926,1,baseline,10372,"""{\""session\"": \""Asia\"", \""pre_high\"": 0.0926, \""pre_low\"": 0.0919, \""tf\"": \""5min\""}"""
افتتاح-سوق,market_open,market_open,XLMUSDT,صاعد,NewYork-Expansion,1,10539,10539,2024-10-07T14:15:00+00:00,2024-10-07T14:15:00+00:00,0,-0.00367519681725399,-0.0735039363450798,20.0,وقف-افتتاح,0,False,True,,False,0.09252774999999999,0.0925,0.0003,0.0924,1,baseline,10539,"""{\""session\"": \""NewYork\"", \""pre_high\"": 0.0924, \""pre_low\"": 0.0917, \""tf\"": \""5min\""}"""
افتتاح-سوق,market_open,market_open,XLMUSDT,صاعد,Asia-Expansion,1,11522,11522,2024-10-11T00:10:00+00:00,2024-10-11T00:10:00+00:00,0,-0.0037014670488413593,-0.07402934097682719,20.0,وقف-افتتاح,0,False,True,,False,0.09032709,0.0903,0.0003,0.0902,1,baseline,11522,"""{\""session\"": \""Asia\"", \""pre_high\"": 0.0902, \""pre_low\"": 0.0897, \""tf\"": \""5min\""}"""
افتتاح-سوق,market_open,market_open,XLMUSDT,صاعد,London-Expansion,1,11607,11607,2024-10-11T07:15:00+00:00,2024-10-11T07:15:00+00:00,0,-0.002596923220735966,-0.05193846441471932,20.0,وقف-افتتاح,0,False,True,symbol_collision,True,0.09072721,0.0907,0.0003,0.0907,1,baseline,11607,"""{\""session\"": \""London\"", \""pre_high\"": 0.0907, \""pre_low\"": 0.0903, \""tf\"": \""5min\""}"""
افتتاح-سوق,market_open,market_open,XLMUSDT,صاعد,London-Expansion,1,12757,12760,2024-10-15T07:05:00+00:00,2024-10-15T07:20:00+00:00,3,-0.00472812637624726,-0.0945625275249452,20.0,وقف-افتتاح,0,False,True,,False,0.09362808,0.0936,0.0003,0.0934,1,baseline,12757,"""{\""session\"": \""London\"", \""pre_high\"": 0.0934, \""pre_low\"": 0.0925, \""tf\"": \""5min\""}"""
افتتاح-سوق,market_open,market_open,XLMUSDT,صاعد,Asia-Expansion,1,12964,12966,2024-10-16T00:20:00+00:00,2024-10-16T00:30:00+00:00,2,-0.0036682476855901705,-0.0733649537118034,20.0,وقف-افتتاح,0,False,True,,False,0.09312793,0.0931,0.0003,0.093,1,baseline,12964,"""{\""session\"": \""Asia\"", \""pre_high\"": 0.093, \""pre_low\"": 0.0925, \""tf\"": \""5min\""}"""
افتتاح-سوق,market_open,market_open,XLMUSDT,صاعد,NewYork-Expansion,1,13130,13130,2024-10-16T14:10:00+00:00,2024-10-16T14:10:00+00:00,0,-0.002596923220735855,-0.0519384644147171,20.0,وقف-افتتاح,0,False,True,,False,0.09412823,0.0941,0.0003,0.0941,1,baseline,13130,"""{\""session\"": \""NewYork\"", \""pre_high\"": 0.0941, \""pre_low\"": 0.0936, \""tf\"": \""5min\""}"""
افتتاح-سوق,market_open,market_open,XLMUSDT,صاعد,NewYork-Expansion,1,14280,14280,2024-10-20T14:00:00+00:00,2024-10-20T14:00:00+00:00,0,-0.002596923220735855,-0.0519384644147171,20.0,وقف-افتتاح,0,False,True,,False,0.09672900999999999,0.0967,0.0003,0.0967,1,baseline,14280,"""{\""session\"": \""NewYork\"", \""pre_high\"": 0.0967, \""pre_low\"": 0.0962, \""tf\"": \""5min\""}"""
افتتاح-سوق,market_open,market_open,XLMUSDT,صاعد,Asia-Expansion,1,15266,15266,2024-10-24T00:10:00+00:00,2024-10-24T00:10:00+00:00,0,-0.003649036170924794,-0.07298072341849587,20.0,وقف-افتتاح,0,False,True,,False,0.09482843999999999,0.0948,0.0003,0.0947,1,baseline,15266,"""{\""session\"": \""Asia\"", \""pre_high\"": 0.0947, \""pre_low\"": 0.0942, \""tf\"": \""5min\""}"""
افتتاح-سوق,market_open,market_open,XLMUSDT,صاعد,London-Expansion,1,15927,15927,2024-10-26T07:15:00+00:00,2024-10-26T07:15:00+00:00,0,-0.003649036170924794,-0.07298072341849587,20.0,وقف-افتتاح,0,False,True,,False,0.09482843999999999,0.0948,0.0003,0.0947,1,baseline,15927,"""{\""session\"": \""London\"", \""pre_high\"": 0.0947, \""pre_low\"": 0.0942, \""tf\"": \""5min\""}"""
افتتاح-سوق,market_open,market_open,XLMUSDT,صاعد,Asia-Expansion,1,16134,16134,2024-10-27T00:30:00+00:00,2024-10-27T00:30:00+00:00,0,-0.002596923220735966,-0.05193846441471932,20.0,وقف-افتتاح,0,False,True,,False,0.09442832,0.0944,0.0003,0.0944,1,baseline,16134,"""{\""session\"": \""Asia\"", \""pre_high\"": 0.0944, \""pre_low\"": 0.094, \""tf\"": \""5min\""}"""
افتتاح-سوق,market_open,market_open,XLMUSDT,صاعد,Asia-Expansion,1,16707,16707,2024-10-29T00:15:00+00:00,2024-10-29T00:15:00+00:00,0,-0.0036523762120367247,-0.07304752424073449,20.0,وقف-افتتاح,0,False,True,symbol_collision,True,0.09452835,0.0945,0.0003,0.0944,1,baseline,16707,"""{\""session\"": \""Asia\"", \""pre_high\"": 0.0944, \""pre_low\"": 0.0941, \""tf\"": \""5min\""}"""
افتتاح-سوق,market_open,market_open,XLMUSDT,صاعد,London-Expansion,1,16809,16810,2024-10-29T08:45:00+00:00,2024-10-29T08:50:00+00:00,1,-0.004690109111143588,-0.09380218222287176,20.0,وقف-افتتاح,0,False,True,symbol_collision,True,0.09532858999999999,0.0953,0.0003,0.0951,1,baseline,16809,"""{\""session\"": \""London\"", \""pre_high\"": 0.0951, \""pre_low\"": 0.0946, \""tf\"": \""5min\""}"""
افتتاح-سوق,market_open,market_open,XLMUSDT,صاعد,London-Expansion,1,17671,17671,2024-11-01T08:35:00+00:00,2024-11-01T08:35:00+00:00,0,-0.0036834189470749137,-0.07366837894149827,20.0,وقف-افتتاح,0,False,True,,False,0.09182754,0.0918,0.0003,0.0917,1,baseline,17671,"""{\""session\"": \""London\"", \""pre_high\"": 0.0917, \""pre_low\"": 0.0908, \""tf\"": \""5min\""}"""
افتتاح-سوق,market_open,market_open,XLMUSDT,صاعد,Asia-Expansion,1,18444,18445,2024-11-04T01:00:00+00:00,2024-11-04T01:05:00+00:00,1,-0.003694176330503952,-0.07388352661007903,20.0,وقف-افتتاح,0,False,True,,False,0.09092726999999999,0.0909,0.0003,0.0908,1,baseline,18444,"""{\""session\"": \""Asia\"", \""pre_high\"": 0.0908, \""pre_low\"": 0.0904, \""tf\"": \""5min\""}"""
افتتاح-سوق,market_open,market_open,XLMUSDT,صاعد,London-Expansion,1,18828,18828,2024-11-05T09:00:00+00:00,2024-11-05T09:00:00+00:00,0,-0.003674032374925105,-0.0734806474985021,20.0,وقف-افتتاح,0,False,True,symbol_collision,True,0.09262777999999999,0.0926,0.0003,0.0925,1,baseline,18828,"""{\""session\"": \""London\"", \""pre_high\"": 0.0925, \""pre_low\"": 0.0917, \""tf\"": \""5min\""}"""
افتتاح-سوق,market_open,market_open,XLMUSDT,صاعد,Asia-Expansion,1,19009,19009,2024-11-06T00:05:00+00:00,2024-11-06T00:05:00+00:00,0,-0.003659120320607359,-0.07318240641214718,20.0,وقف-افتتاح,0,False,True,symbol_collision,True,0.09392816999999999,0.0939,0.0003,0.0938,1,baseline,19009,"""{\""session\"": \""Asia\"", \""pre_high\"": 0.0938, \""pre_low\"": 0.0933, \""tf\"": \""5min\""}"""
افتتاح-سوق,market_open,market_open,XLMUSDT,صاعد,London-Expansion,1,19394,19394,2024-11-07T08:10:00+00:00,2024-11-07T08:10:00+00:00,0,-0.002596923220735966,-0.05193846441471932,20.0,وقف-افتتاح,0,False,True,symbol_collision,True,0.09812943,0.0981,0.0003,0.0981,1,baseline,19394,"""{\""session\"": \""London\"", \""pre_high\"": 0.0981, \""pre_low\"": 0.0976, \""tf\"": \""5min\""}"""
افتتاح-سوق,market_open,market_open,XLMUSDT,صاعد,Asia-Expansion,1,19585,19589,2024-11-08T00:05:00+00:00,2024-11-08T00:25:00+00:00,4,0.002971194632494679,0.059423892649893575,20.0,تتبع-افتتاح,0,True,True,symbol_collision,True,0.10243072,0.1024,0.0003,0.10297165982484431,1,baseline,19585,"""{\""session\"": \""Asia\"", \""pre_high\"": 0.1023, \""pre_low\"": 0.1009, \""tf\"": \""5min\""}"""
افتتاح-سوق,market_open,market_open,XLMUSDT,صاعد,Asia-Expansion,1,19881,19881,2024-11-09T00:45:00+00:00,2024-11-09T00:45:00+00:00,0,-0.00456224948039965,-0.09124498960799299,20.0,وقف-افتتاح,0,False,True,,False,0.10153045000000001,0.1015,0.0003,0.1013,1,baseline,19881,"""{\""session\"": \""Asia\"", \""pre_high\"": 0.1013, \""pre_low\"": 0.1008, \""tf\"": \""5min\""}"""
افتتاح-سوق,market_open,market_open,XLMUSDT,صاعد,London-Expansion,1,20257,20258,2024-11-10T08:05:00+00:00,2024-11-10T08:10:00+00:00,1,-0.005372627516040011,-0.10745255032080021,20.0,وقف-افتتاح,0,False,True,symbol_collision,True,0.10783234,0.1078,0.0003,0.1075,1,baseline,20257,"""{\""session\"": \""London\"", \""pre_high\"": 0.1075, \""pre_low\"": 0.1066, \""tf\"": \""5min\""}"""
افتتاح-سوق,market_open,market_open,XLMUSDT,صاعد,NewYork-Expansion,1,20344,20344,2024-11-10T15:20:00+00:00,2024-11-10T15:20:00+00:00,0,-0.00348587426955861,-0.0697174853911722,20.0,وقف-افتتاح,0,False,True,symbol_collision,True,0.11223365999999999,0.1122,0.0003,0.1121,1,baseline,20344,"""{\""session\"": \""NewYork\"", \""pre_high\"": 0.1121, \""pre_low\"": 0.1108, \""tf\"": \""5min\""}"""
افتتاح-سوق,market_open,market_open,XLMUSDT,صاعد,Asia-Expansion,1,20452,20452,2024-11-11T00:20:00+00:00,2024-11-11T00:20:00+00:00,0,-0.004428701139522276,-0.08857402279044552,20.0,وقف-افتتاح,0,False,True,,False,0.10893267,0.1089,0.0003,0.1087,1,baseline,20452,"""{\""session\"": \""Asia\"", \""pre_high\"": 0.1087, \""pre_low\"": 0.1077, \""tf\"": \""5min\""}"""
افتتاح-سوق,market_open,market_open,XLMUSDT,صاعد,London-Expansion,1,20545,20545,2024-11-11T08:05:00+00:00,2024-11-11T08:05:00+00:00,0,-0.0044219974691881506,-0.08843994938376301,20.0,وقف-افتتاح,0,False,True,,False,0.10933278999999999,0.1093,0.0003,0.1091,1,baseline,20545,"""{\""session\"": \""London\"", \""pre_high\"": 0.1091, \""pre_low\"": 0.1073, \""tf\"": \""5min\""}"""
افتتاح-سوق,market_open,market_open,XLMUSDT,صاعد,Asia-Expansion,1,22178,22178,2024-11-17T00:10:00+00:00,2024-11-17T00:10:00+00:00,0,-0.008816808777488607,-0.17633617554977216,20.0,وقف-افتتاح,0,False,True,symbol_collision,True,0.22456735,0.2245,0.0003,0.2231,1,baseline,22178,"""{\""session\"": \""Asia\"", \""pre_high\"": 0.2231, \""pre_low\"": 0.2073, \""tf\"": \""5min\""}"""
افتتاح-سوق,market_open,market_open,XLMUSDT,صاعد,NewYork-Expansion,1,22640,22640,2024-11-18T14:40:00+00:00,2024-11-18T14:40:00+00:00,0,-0.00461759395975392,-0.0923518791950784,20.0,وقف-افتتاح,0,False,True,symbol_collision,True,0.24687404,0.2468,0.0003,0.2463,1,baseline,22640,"""{\""session\"": \""NewYork\"", \""pre_high\"": 0.2463, \""pre_low\"": 0.2371, \""tf\"": \""5min\""}"""
افتتاح-سوق,market_open,market_open,XLMUSDT,صاعد,London-Expansion,1,23723,23726,2024-11-22T08:55:00+00:00,2024-11-22T09:10:00+00:00,3,-0.004699670395955871,-0.09399340791911742,20.0,وقف-افتتاح,0,False,True,symbol_collision,True,0.28468538,0.2846,0.0003,0.284,1,baseline,23723,"""{\""session\"": \""London\"", \""pre_high\"": 0.284, \""pre_low\"": 0.2758, \""tf\"": \""5min\""}"""
افتتاح-سوق,market_open,market_open,XLMUSDT,صاعد,NewYork-Expansion,1,23793,23794,2024-11-22T14:45:00+00:00,2024-11-22T14:50:00+00:00,1,0.00757028449362971,0.1514056898725942,20.0,تتبع-افتتاح,0,True,True,symbol_collision,True,0.29438829,0.2943,0.0003,0.2973,1,baseline,23793,"""{\""session\"": \""NewYork\"", \""pre_high\"": 0.2936, \""pre_low\"": 0.2852, \""tf\"": \""5min\""}"""
افتتاح-سوق,market_open,market_open,XLMUSDT,صاعد,London-Expansion,1,24580,24581,2024-11-25T08:20:00+00:00,2024-11-25T08:25:00+00:00,1,0.003565649618379648,0.07131299236759296,20.0,تتبع-افتتاح,0,True,True,,False,0.53426023,0.5341,0.0003,0.5374,1,baseline,24580,"""{\""session\"": \""London\"", \""pre_high\"": 0.5325, \""pre_low\"": 0.5132, \""tf\"": \""5min\""}"""
افتتاح-سوق,market_open,market_open,XLMUSDT,صاعد,London-Expansion,1,25160,25160,2024-11-27T08:40:00+00:00,2024-11-27T08:40:00+00:00,0,-0.007996148704029789,-0.15992297408059578,20.0,وقف-افتتاح,0,False,True,symbol_collision,True,0.48044409,0.4803,0.0003,0.4777,1,baseline,25160,"""{\""session\"": \""London\"", \""pre_high\"": 0.4777, \""pre_low\"": 0.4394, \""tf\"": \""5min\""}"""
افتتاح-سوق,market_open,market_open,XLMUSDT,صاعد,Asia-Expansion,1,25635,25635,2024-11-29T00:15:00+00:00,2024-11-29T00:15:00+00:00,0,-0.004173222038245689,-0.08346444076491377,20.0,وقف-افتتاح,0,False,True,symbol_collision,True,0.50635186,0.5062,0.0003,0.5054,1,baseline,25635,"""{\""session\"": \""Asia\"", \""pre_high\"": 0.5054, \""pre_low\"": 0.4908, \""tf\"": \""5min\""}"""
افتتاح-سوق,market_open,market_open,XLMUSDT,صاعد,London-Expansion,1,26884,26885,2024-12-03T08:20:00+00:00,2024-12-03T08:25:00+00:00,1,-0.004262654839034944,-0.08525309678069888,20.0,وقف-افتتاح,0,False,True,,False,0.53906167,0.5389,0.0003,0.538,1,baseline,26884,"""{\""session\"": \""London\"", \""pre_high\"": 0.538, \""pre_low\"": 0.5266, \""tf\"": \""5min\""}"""
افتتاح-سوق,market_open,market_open,XLMUSDT,صاعد,Asia-Expansion,1,27362,27362,2024-12-05T00:10:00+00:00,2024-12-05T00:10:00+00:00,0,-0.0054252892476570344,-0.10850578495314069,20.0,وقف-افتتاح,0,False,True,,False,0.49384811,0.4937,0.0003,0.4923,1,baseline,27362,"""{\""session\"": \""Asia\"", \""pre_high\"": 0.4923, \""pre_low\"": 0.4775, \""tf\"": \""5min\""}"""
افتتاح-سوق,market_open,market_open,XLMUSDT,صاعد,Asia-Expansion,1,27656,27661,2024-12-06T00:40:00+00:00,2024-12-06T01:05:00+00:00,5,0.0031279408299857182,0.06255881659971436,20.0,تتبع-افتتاح,0,True,True,,False,0.47724313,0.4771,0.0003,0.4798384441678475,1,baseline,27656,"""{\""session\"": \""Asia\"", \""pre_high\"": 0.4765, \""pre_low\"": 0.4648, \""tf\"": \""5min\""}"""
افتتاح-سوق,market_open,market_open,XLMUSDT,صاعد,NewYork-Expansion,1,27826,27826,2024-12-06T14:50:00+00:00,2024-12-06T14:50:00+00:00,0,-0.005540976156622472,-0.11081952313244944,20.0,وقف-افتتاح,0,False,True,,False,0.47444229,0.4743,0.0003,0.4729,1,baseline,27826,"""{\""session\"": \""NewYork\"", \""pre_high\"": 0.4729, \""pre_low\"": 0.4585, \""tf\"": \""5min\""}"""
افتتاح-سوق,market_open,market_open,XLMUSDT,صاعد,NewYork-Expansion,1,28691,28693,2024-12-09T14:55:00+00:00,2024-12-09T15:05:00+00:00,2,-0.003884171760351926,-0.07768343520703852,20.0,وقف-افتتاح,0,False,True,,False,0.46503946999999995,0.4649,0.0003,0.4643,1,baseline,28691,"""{\""session\"": \""NewYork\"", \""pre_high\"": 0.4643, \""pre_low\"": 0.4586, \""tf\"": \""5min\""}"""
افتتاح-سوق,market_open,market_open,XLMUSDT,صاعد,Asia-Expansion,1,28812,28813,2024-12-10T01:00:00+00:00,2024-12-10T01:05:00+00:00,1,-0.0068950451699882325,-0.13790090339976466,20.0,وقف-افتتاح,0,False,True,,False,0.41782531,0.4177,0.0003,0.4159,1,baseline,28812,"""{\""session\"": \""Asia\"", \""pre_high\"": 0.4159, \""pre_low\"": 0.3993, \""tf\"": \""5min\""}"""
افتتاح-سوق,market_open,market_open,XLMUSDT,صاعد,London-Expansion,1,29193,29193,2024-12-11T08:45:00+00:00,2024-12-11T08:45:00+00:00,0,-0.003075638400375645,-0.061512768007512895,20.0,وقف-افتتاح,0,False,True,symbol_collision,True,0.41682501,0.4167,0.0003,0.4165,1,baseline,29193,"""{\""session\"": \""London\"", \""pre_high\"": 0.4165, \""pre_low\"": 0.4055, \""tf\"": \""5min\""}"""
افتتاح-سوق,market_open,market_open,XLMUSDT,صاعد,NewYork-Expansion,1,29272,29273,2024-12-11T15:20:00+00:00,2024-12-11T15:25:00+00:00,1,0.006634016869771016,0.13268033739542032,20.0,تتبع-افتتاح,0,True,True,symbol_collision,True,0.43232965999999995,0.4322,0.0003,0.4362,1,baseline,29272,"""{\""session\"": \""NewYork\"", \""pre_high\"": 0.4315, \""pre_low\"": 0.4212, \""tf\"": \""5min\""}"""
افتتاح-سوق,market_open,market_open,XLMUSDT,صاعد,London-Expansion,1,29478,29478,2024-12-12T08:30:00+00:00,2024-12-12T08:30:00+00:00,0,-0.00416235405873036,-0.0832470811746072,20.0,وقف-افتتاح,0,False,True,symbol_collision,True,0.44613379999999997,0.446,0.0003,0.4453,1,baseline,29478,"""{\""session\"": \""London\"", \""pre_high\"": 0.4453, \""pre_low\"": 0.4394, \""tf\"": \""5min\""}"""
افتتاح-سوق,market_open,market_open,XLMUSDT,صاعد,Asia-Expansion,1,29665,29666,2024-12-13T00:05:00+00:00,2024-12-13T00:10:00+00:00,1,-0.004000069401433548,-0.08000138802867096,20.0,وقف-افتتاح,0,False,True,,False,0.42662795,0.4265,0.0003,0.4259,1,baseline,29665,"""{\""session\"": \""Asia\"", \""pre_high\"": 0.4259, \""pre_low\"": 0.4215, \""tf\"": \""5min\""}"""
افتتاح-سوق,market_open,market_open,XLMUSDT,صاعد,London-Expansion,1,29765,29765,2024-12-13T08:25:00+00:00,2024-12-13T08:25:00+00:00,0,-0.004267215454576725,-0.0853443090915345,20.0,وقف-افتتاح,0,False,True,,False,0.4181254,0.418,0.0003,0.4173,1,baseline,29765,"""{\""session\"": \""London\"", \""pre_high\"": 0.4173, \""pre_low\"": 0.4123, \""tf\"": \""5min\""}"""
افتتاح-سوق,market_open,market_open,XLMUSDT,صاعد,NewYork-Expansion,1,29848,29848,2024-12-13T15:20:00+00:00,2024-12-13T15:20:00+00:00,0,-0.005025306099127225,-0.1005061219825445,20.0,وقف-افتتاح,0,False,True,symbol_collision,True,0.45193553999999997,0.4518,0.0003,0.4507,1,baseline,29848,"""{\""session\"": \""NewYork\"", \""pre_high\"": 0.4507, \""pre_low\"": 0.4305, \""tf\"": \""5min\""}"""
افتتاح-سوق,market_open,market_open,XLMUSDT,صاعد,NewYork-Expansion,1,30137,30137,2024-12-14T15:25:00+00:00,2024-12-14T15:25:00+00:00,0,-0.003769510896234751,-0.07539021792469502,20.0,وقف-افتتاح,0,False,True,,False,0.42542759,0.4253,0.0003,0.4248,1,baseline,30137,"""{\""session\"": \""NewYork\"", \""pre_high\"": 0.4248, \""pre_low\"": 0.4187, \""tf\"": \""5min\""}"""
افتتاح-سوق,market_open,market_open,XLMUSDT,صاعد,London-Expansion,1,30337,30337,2024-12-15T08:05:00+00:00,2024-12-15T08:05:00+00:00,0,-0.004008342669008509,-0.08016685338017018,20.0,وقف-افتتاح,0,False,True,,False,0.4241272,0.424,0.0003,0.4234,1,baseline,30337,"""{\""session\"": \""London\"", \""pre_high\"": 0.4234, \""pre_low\"": 0.4173, \""tf\"": \""5min\""}"""
افتتاح-سوق,market_open,market_open,XLMUSDT,صاعد,Asia-Expansion,1,30535,30535,2024-12-16T00:35:00+00:00,2024-12-16T00:35:00+00:00,0,-0.0037438908803257734,-0.07487781760651546,20.0,وقف-افتتاح,0,False,True,,False,0.43493044000000003,0.4348,0.0003,0.4343,1,baseline,30535,"""{\""session\"": \""Asia\"", \""pre_high\"": 0.4343, \""pre_low\"": 0.4229, \""tf\"": \""5min\""}"""
افتتاح-سوق,market_open,market_open,XLMUSDT,صاعد,NewYork-Expansion,1,30711,30711,2024-12-16T15:15:00+00:00,2024-12-16T15:15:00+00:00,0,-0.0038029728903601514,-0.07605945780720302,20.0,وقف-افتتاح,0,False,True,,False,0.41362404999999997,0.4135,0.0003,0.413,1,baseline,30711,"""{\""session\"": \""NewYork\"", \""pre_high\"": 0.413, \""pre_low\"": 0.4097, \""tf\"": \""5min\""}"""
افتتاح-سوق,market_open,market_open,XLMUSDT,صاعد,London-Expansion,1,30914,30915,2024-12-17T08:10:00+00:00,2024-12-17T08:15:00+00:00,1,-0.003991892558888719,-0.07983785117777437,20.0,وقف-افتتاح,0,False,True,,False,0.4291287,0.429,0.0003,0.4284,1,baseline,30914,"""{\""session\"": \""London\"", \""pre_high\"": 0.4284, \""pre_low\"": 0.4195, \""tf\"": \""5min\""}"""
افتتاح-سوق,market_open,market_open,XLMUSDT,صاعد,London-Expansion,1,32641,32641,2024-12-23T08:05:00+00:00,2024-12-23T08:05:00+00:00,0,-0.00456031510415971,-0.0912063020831942,20.0,وقف-افتتاح,0,False,True,,False,0.35570668,0.3556,0.0003,0.3549,1,baseline,32641,"""{\""session\"": \""London\"", \""pre_high\"": 0.3549, \""pre_low\"": 0.3508, \""tf\"": \""5min\""}"""
افتتاح-سوق,market_open,market_open,XLMUSDT,صاعد,London-Expansion,1,32929,32931,2024-12-24T08:05:00+00:00,2024-12-24T08:15:00+00:00,2,-0.0031346068200777447,-0.0626921364015549,20.0,وقف-افتتاح,0,False,True,symbol_collision,True,0.3711113,0.371,0.0003,0.3708,1,baseline,32929,"""{\""session\"": \""London\"", \""pre_high\"": 0.3708, \""pre_low\"": 0.3668, \""tf\"": \""5min\""}"""
افتتاح-سوق,market_open,market_open,XLMUSDT,صاعد,NewYork-Expansion,1,33012,33013,2024-12-24T15:00:00+00:00,2024-12-24T15:05:00+00:00,1,-0.0038828993382955396,-0.07765798676591079,20.0,وقف-افتتاح,0,False,True,symbol_collision,True,0.38791633999999997,0.3878,0.0003,0.3873,1,baseline,33012,"""{\""session\"": \""NewYork\"", \""pre_high\"": 0.3873, \""pre_low\"": 0.3776, \""tf\"": \""5min\""}"""
افتتاح-سوق,market_open,market_open,XLMUSDT,صاعد,Asia-Expansion,1,33698,33698,2024-12-27T00:10:00+00:00,2024-12-27T00:10:00+00:00,0,-0.0039958055163590266,-0.07991611032718053,20.0,وقف-افتتاح,0,False,True,,False,0.35660695,0.3565,0.0003,0.356,1,baseline,33698,"""{\""session\"": \""Asia\"", \""pre_high\"": 0.356, \""pre_low\"": 0.3523, \""tf\"": \""5min\""}"""
افتتاح-سوق,market_open,market_open,XLMUSDT,صاعد,London-Expansion,1,34089,34089,2024-12-28T08:45:00+00:00,2024-12-28T08:45:00+00:00,0,-0.0028826302034857224,-0.057652604069714446,20.0,وقف-افتتاح,0,False,True,,False,0.34920473,0.3491,0.0003,0.349,1,baseline,34089,"""{\""session\"": \""London\"", \""pre_high\"": 0.349, \""pre_low\"": 0.3459, \""tf\"": \""5min\""}"""
افتتاح-سوق,market_open,market_open,XLMUSDT,صاعد,Asia-Expansion,1,34571,34573,2024-12-30T00:55:00+00:00,2024-12-30T01:05:00+00:00,2,-0.0043575641329677344,-0.08715128265935469,20.0,وقف-افتتاح,0,False,True,,False,0.34000197,0.3399,0.0003,0.3393,1,baseline,34571,"""{\""session\"": \""Asia\"", \""pre_high\"": 0.3393, \""pre_low\"": 0.3353, \""tf\"": \""5min\""}"""
شبكة-ديناميكية,dynamic_grid,dynamic_grid,XLMUSDT,عرضي,,0,8190,8264,2024-09-06T16:30:00+00:00,2024-09-06T17:44:00+00:00,74,-0.013372902237972136,-13.372902237972136,1000.0,نهاية-الحالة,1,False,True,"symbol_collision,symbol_exposure",True,,,,,1,baseline,0,"""{\""resets\"": 0, \""capital\"": 1000.0}"""
دوناتشيان,donchian,donchian,XLMUSDT,عرضي,Donchian-96/48,1,1962,3735,2024-09-02T08:42:00+00:00,2024-09-03T14:15:00+00:00,1773,0.010498084351858256,10.498084351858255,1000.0,كسر-سفلي,0,True,True,,False,0.09142742,0.0914,0.0003,0.0926,1,baseline,0,"""{\""system\"": \""Donchian-96/48\"", \""channel_tf\"": \""15m\"", \""capital\"": 1000.0}"""
دوناتشيان,donchian,donchian,XLMUSDT,عرضي,Donchian-96/48,1,5644,5949,2024-09-04T22:04:00+00:00,2024-09-05T03:09:00+00:00,305,-0.020143728731152454,-20.143728731152454,1000.0,كسر-سفلي,0,False,True,,False,0.09252774999999999,0.0925,0.0003,0.0909,1,baseline,0,"""{\""system\"": \""Donchian-96/48\"", \""channel_tf\"": \""15m\"", \""capital\"": 1000.0}"""
دوناتشيان,donchian,donchian,XLMUSDT,عرضي,Donchian-96/48,1,10251,10995,2024-09-08T02:51:00+00:00,2024-09-08T15:15:00+00:00,744,-0.014295107276902315,-14.295107276902314,1000.0,كسر-سفلي,0,False,True,,False,0.08988082,0.0898,0.0009,0.0888,1,baseline,0,"""{\""system\"": \""Donchian-96/48\"", \""channel_tf\"": \""15m\"", \""capital\"": 1000.0}"""
دوناتشيان,donchian,donchian,XLMUSDT,عرضي,Donchian-96/48,1,11423,14495,2024-09-08T22:23:00+00:00,2024-09-11T01:35:00+00:00,3072,0.025292916158397002,25.292916158397002,1000.0,كسر-سفلي,0,True,True,,False,0.090054,0.09,0.0006,0.0926,1,baseline,0,"""{\""system\"": \""Donchian-96/48\"", \""channel_tf\"": \""15m\"", \""capital\"": 1000.0}"""
دوناتشيان,donchian,donchian,XLMUSDT,عرضي,Donchian-96/48,1,15962,16447,2024-09-12T02:02:00+00:00,2024-09-12T10:07:00+00:00,485,-0.01326433580661047,-13.26433580661047,1000.0,كسر-سفلي,0,False,True,,False,0.09352805,0.0935,0.0003,0.0925,1,baseline,0,"""{\""system\"": \""Donchian-96/48\"", \""channel_tf\"": \""15m\"", \""capital\"": 1000.0}"""
دوناتشيان,donchian,donchian,XLMUSDT,عرضي,Donchian-96/48,1,16611,21425,2024-09-12T12:51:00+00:00,2024-09-15T21:05:00+00:00,4814,0.009925254270597957,9.925254270597957,1000.0,كسر-سفلي,0,True,True,,False,0.09448495999999999,0.0944,0.0009,0.0957,1,baseline,0,"""{\""system\"": \""Donchian-96/48\"", \""channel_tf\"": \""15m\"", \""capital\"": 1000.0}"""
دوناتشيان,donchian,donchian,XLMUSDT,عرضي,Donchian-96/48,1,23541,24366,2024-09-17T08:21:00+00:00,2024-09-17T22:06:00+00:00,825,-0.013304148803225018,-13.304148803225019,1000.0,كسر-سفلي,0,False,True,,False,0.09585748,0.0958,0.0006,0.0948,1,baseline,0,"""{\""system\"": \""Donchian-96/48\"", \""channel_tf\"": \""15m\"", \""capital\"": 1000.0}"""
دوناتشيان,donchian,donchian,XLMUSDT,عرضي,Donchian-96/48,1,25887,26688,2024-09-18T23:27:00+00:00,2024-09-19T12:48:00+00:00,801,-0.008869898546391678,-8.869898546391678,1000.0,كسر-سفلي,0,False,True,,False,0.09542861999999999,0.0954,0.0003,0.0948,1,baseline,0,"""{\""system\"": \""Donchian-96/48\"", \""channel_tf\"": \""15m\"", \""capital\"": 1000.0}"""
دوناتشيان,donchian,donchian,XLMUSDT,عرضي,Donchian-96/48,1,29332,30555,2024-09-21T08:52:00+00:00,2024-09-22T05:15:00+00:00,1223,-0.005974013471764108,-5.974013471764108,1000.0,كسر-سفلي,0,False,True,,False,0.09722916,0.0972,0.0003,0.0969,1,baseline,0,"""{\""system\"": \""Donchian-96/48\"", \""channel_tf\"": \""15m\"", \""capital\"": 1000.0}"""
دوناتشيان,donchian,donchian,XLMUSDT,عرضي,Donchian-96/48,1,34498,35233,2024-09-24T22:58:00+00:00,2024-09-25T11:13:00+00:00,735,-0.01083992385527525,-10.83992385527525,1000.0,كسر-سفلي,0,False,True,,False,0.09682903999999999,0.0968,0.0003,0.096,1,baseline,0,"""{\""system\"": \""Donchian-96/48\"", \""channel_tf\"": \""15m\"", \""capital\"": 1000.0}"""
دوناتشيان,donchian,donchian,XLMUSDT,عرضي,Donchian-96/48,1,36482,40355,2024-09-26T08:02:00+00:00,2024-09-29T00:35:00+00:00,3873,0.01657414042321404,16.57414042321404,1000.0,كسر-سفلي,0,True,True,,False,0.09732919,0.0973,0.0003,0.0992,1,baseline,0,"""{\""system\"": \""Donchian-96/48\"", \""channel_tf\"": \""15m\"", \""capital\"": 1000.0}"""
دوناتشيان,donchian,donchian,XLMUSDT,عرضي,Donchian-96/48,1,41232,41950,2024-09-29T15:12:00+00:00,2024-09-30T03:10:00+00:00,718,-0.017868112130773117,-17.868112130773117,1000.0,كسر-سفلي,0,False,True,,False,0.10199171,0.1019,0.0009,0.1004,1,baseline,0,"""{\""system\"": \""Donchian-96/48\"", \""channel_tf\"": \""15m\"", \""capital\"": 1000.0}"""
دوناتشيان,donchian,donchian,XLMUSDT,عرضي,Donchian-96/48,1,48513,49786,2024-10-04T16:33:00+00:00,2024-10-05T13:46:00+00:00,1273,-0.0031961440538865508,-3.1961440538865507,1000.0,كسر-سفلي,0,False,True,,False,0.09162748,0.0916,0.0003,0.0916,1,baseline,0,"""{\""system\"": \""Donchian-96/48\"", \""channel_tf\"": \""15m\"", \""capital\"": 1000.0}"""
دوناتشيان,donchian,donchian,XLMUSDT,عرضي,Donchian-96/48,1,51138,51710,2024-10-06T12:18:00+00:00,2024-10-06T21:50:00+00:00,572,-0.012587040655728392,-12.587040655728392,1000.0,كسر-سفلي,0,False,True,,False,0.09265556,0.0926,0.0006,0.0917,1,baseline,0,"""{\""system\"": \""Donchian-96/48\"", \""channel_tf\"": \""15m\"", \""capital\"": 1000.0}"""
دوناتشيان,donchian,donchian,XLMUSDT,عرضي,Donchian-96/48,1,57717,60041,2024-10-11T01:57:00+00:00,2024-10-12T16:41:00+00:00,2324,0.010628310946502796,10.628310946502797,1000.0,كسر-سفلي,0,True,True,,False,0.09052715,0.0905,0.0003,0.0917,1,baseline,0,"""{\""system\"": \""Donchian-96/48\"", \""channel_tf\"": \""15m\"", \""capital\"": 1000.0}"""
دوناتشيان,donchian,donchian,XLMUSDT,عرضي,Donchian-96/48,1,62374,63693,2024-10-14T07:34:00+00:00,2024-10-15T05:33:00+00:00,1319,0.006878990542715156,6.878990542715156,1000.0,كسر-سفلي,0,True,True,,False,0.09182754,0.0918,0.0003,0.0927,1,baseline,0,"""{\""system\"": \""Donchian-96/48\"", \""channel_tf\"": \""15m\"", \""capital\"": 1000.0}"""
دوناتشيان,donchian,donchian,XLMUSDT,عرضي,Donchian-96/48,1,65743,66873,2024-10-16T15:43:00+00:00,2024-10-17T10:33:00+00:00,1130,-0.0007862617508293977,-0.7862617508293976,1000.0,كسر-سفلي,0,False,True,,False,0.09452835,0.0945,0.0003,0.0947,1,baseline,0,"""{\""system\"": \""Donchian-96/48\"", \""channel_tf\"": \""15m\"", \""capital\"": 1000.0}"""
دوناتشيان,donchian,donchian,XLMUSDT,عرضي,Donchian-96/48,1,68274,69813,2024-10-18T09:54:00+00:00,2024-10-19T11:33:00+00:00,1539,-0.0046705262909629616,-4.670526290962962,1000.0,كسر-سفلي,0,False,True,,False,0.09622885999999999,0.0962,0.0003,0.096,1,baseline,0,"""{\""system\"": \""Donchian-96/48\"", \""channel_tf\"": \""15m\"", \""capital\"": 1000.0}"""
دوناتشيان,donchian,donchian,XLMUSDT,عرضي,Donchian-96/48,1,74647,75431,2024-10-22T20:07:00+00:00,2024-10-23T09:11:00+00:00,784,-0.02278045082922945,-22.78045082922945,1000.0,كسر-سفلي,0,False,True,,False,0.09678702999999998,0.0967,0.0009,0.0948,1,baseline,0,"""{\""system\"": \""Donchian-96/48\"", \""channel_tf\"": \""15m\"", \""capital\"": 1000.0}"""
دوناتشيان,donchian,donchian,XLMUSDT,عرضي,Donchian-96/48,1,77611,78837,2024-10-24T21:31:00+00:00,2024-10-25T17:57:00+00:00,1226,-0.011187890168194095,-11.187890168194095,1000.0,كسر-سفلي,0,False,True,,False,0.09625771999999999,0.0962,0.0006,0.0954,1,baseline,0,"""{\""system\"": \""Donchian-96/48\"", \""channel_tf\"": \""15m\"", \""capital\"": 1000.0}"""
دوناتشيان,donchian,donchian,XLMUSDT,عرضي,Donchian-96/48,1,83420,85489,2024-10-28T22:20:00+00:00,2024-10-30T08:49:00+00:00,2069,0.009449636129598805,9.449636129598805,1000.0,كسر-سفلي,0,True,True,,False,0.09468514,0.0946,0.0009,0.0958,1,baseline,0,"""{\""system\"": \""Donchian-96/48\"", \""channel_tf\"": \""15m\"", \""capital\"": 1000.0}"""
دوناتشيان,donchian,donchian,XLMUSDT,عرضي,Donchian-96/48,1,88654,90035,2024-11-01T13:34:00+00:00,2024-11-02T12:35:00+00:00,1381,-0.014948386728492254,-14.948386728492254,1000.0,كسر-سفلي,0,False,True,,False,0.09332798999999999,0.0933,0.0003,0.0922,1,baseline,0,"""{\""system\"": \""Donchian-96/48\"", \""channel_tf\"": \""15m\"", \""capital\"": 1000.0}"""
دوناتشيان,donchian,donchian,XLMUSDT,عرضي,Donchian-96/48,1,92843,93462,2024-11-04T11:23:00+00:00,2024-11-04T21:42:00+00:00,619,-0.02023746348709734,-20.23746348709734,1000.0,كسر-سفلي,0,False,True,,False,0.0920276,0.092,0.0003,0.0904,1,baseline,0,"""{\""system\"": \""Donchian-96/48\"", \""channel_tf\"": \""15m\"", \""capital\"": 1000.0}"""
دوناتشيان,donchian,donchian,XLMUSDT,عرضي,Donchian-96/48,1,94061,98924,2024-11-05T07:41:00+00:00,2024-11-08T16:44:00+00:00,4863,0.08267888096277269,82.6788809627727,1000.0,كسر-سفلي,0,True,True,,False,0.09242771999999999,0.0924,0.0003,0.1003,1,baseline,0,"""{\""system\"": \""Donchian-96/48\"", \""channel_tf\"": \""15m\"", \""capital\"": 1000.0}"""
دوناتشيان,donchian,donchian,XLMUSDT,عرضي,Donchian-96/48,1,100766,102047,2024-11-09T23:26:00+00:00,2024-11-10T20:47:00+00:00,1281,0.05015505145710964,50.15505145710964,1000.0,كسر-سفلي,0,True,True,,False,0.10213062999999999,0.1021,0.0003,0.1075,1,baseline,0,"""{\""system\"": \""Donchian-96/48\"", \""channel_tf\"": \""15m\"", \""capital\"": 1000.0}"""
دوناتشيان,donchian,donchian,XLMUSDT,عرضي,Donchian-96/48,1,103285,105517,2024-11-11T17:25:00+00:00,2024-11-13T06:37:00+00:00,2232,0.09701779275675247,97.01779275675247,1000.0,كسر-سفلي,0,True,True,,False,0.11250115999999999,0.1124,0.0009,0.1237,1,baseline,0,"""{\""system\"": \""Donchian-96/48\"", \""channel_tf\"": \""15m\"", \""capital\"": 1000.0}"""
دوناتشيان,donchian,donchian,XLMUSDT,عرضي,Donchian-96/48,1,107622,113484,2024-11-14T17:42:00+00:00,2024-11-18T19:24:00+00:00,5862,0.7130125728076713,713.0125728076713,1000.0,كسر-سفلي,0,True,True,,False,0.13127872000000002,0.1312,0.0006,0.2254,1,baseline,0,"""{\""system\"": \""Donchian-96/48\"", \""channel_tf\"": \""15m\"", \""capital\"": 1000.0}"""
دوناتشيان,donchian,donchian,XLMUSDT,عرضي,Donchian-96/48,1,115789,116784,2024-11-20T09:49:00+00:00,2024-11-21T02:24:00+00:00,995,-0.00745084195645059,-7.45084195645059,1000.0,كسر-سفلي,0,False,True,,False,0.24094447999999996,0.2408,0.0006,0.2397,1,baseline,0,"""{\""system\"": \""Donchian-96/48\"", \""channel_tf\"": \""15m\"", \""capital\"": 1000.0}"""
دوناتشيان,donchian,donchian,XLMUSDT,عرضي,Donchian-96/48,1,117775,121820,2024-11-21T18:55:00+00:00,2024-11-24T14:20:00+00:00,4045,0.9713637153712428,971.3637153712427,1000.0,كسر-سفلي,0,True,True,,False,0.25562986,0.2554,0.0009,0.5051,1,baseline,0,"""{\""system\"": \""Donchian-96/48\"", \""channel_tf\"": \""15m\"", \""capital\"": 1000.0}"""
دوناتشيان,donchian,donchian,XLMUSDT,عرضي,Donchian-96/48,1,125754,126731,2024-11-27T07:54:00+00:00,2024-11-28T00:11:00+00:00,977,0.012290092385342406,12.290092385342406,1000.0,كسر-سفلي,0,True,True,,False,0.47018193999999996,0.4699,0.0006,0.4772,1,baseline,0,"""{\""system\"": \""Donchian-96/48\"", \""channel_tf\"": \""15m\"", \""capital\"": 1000.0}"""
دوناتشيان,donchian,donchian,XLMUSDT,عرضي,Donchian-96/48,1,128105,130501,2024-11-28T23:05:00+00:00,2024-11-30T15:01:00+00:00,2396,0.0332688215238058,33.2688215238058,1000.0,كسر-سفلي,0,True,True,,False,0.5034527,0.503,0.0009,0.5214,1,baseline,0,"""{\""system\"": \""Donchian-96/48\"", \""channel_tf\"": \""15m\"", \""capital\"": 1000.0}"""
دوناتشيان,donchian,donchian,XLMUSDT,عرضي,Donchian-96/48,1,132227,132984,2024-12-01T19:47:00+00:00,2024-12-02T08:24:00+00:00,757,-0.027559973256867442,-27.55997325686744,1000.0,كسر-سفلي,0,False,True,,False,0.53878447,0.5383,0.0009,0.5253,1,baseline,0,"""{\""system\"": \""Donchian-96/48\"", \""channel_tf\"": \""15m\"", \""capital\"": 1000.0}"""
دوناتشيان,donchian,donchian,XLMUSDT,عرضي,Donchian-96/48,1,133465,134752,2024-12-02T16:25:00+00:00,2024-12-03T13:52:00+00:00,1287,-0.14119326642556743,-141.19326642556743,1000.0,كسر-سفلي,0,False,True,"symbol_collision,symbol_exposure",True,0.59305562,0.5927,0.0006,0.5108,1,baseline,0,"""{\""system\"": \""Donchian-96/48\"", \""channel_tf\"": \""15m\"", \""capital\"": 1000.0}"""
دوناتشيان,donchian,donchian,XLMUSDT,عرضي,Donchian-96/48,1,139513,141401,2024-12-06T21:13:00+00:00,2024-12-08T04:41:00+00:00,1888,-0.0026923764984164694,-2.6923764984164693,1000.0,كسر-سفلي,0,False,True,,False,0.48854652,0.4884,0.0003,0.4885,1,baseline,0,"""{\""system\"": \""Donchian-96/48\"", \""channel_tf\"": \""15m\"", \""capital\"": 1000.0}"""
دوناتشيان,donchian,donchian,XLMUSDT,عرضي,Donchian-96/48,1,145267,148057,2024-12-10T21:07:00+00:00,2024-12-12T19:37:00+00:00,2790,-0.0005035521395637453,-0.5035521395637453,1000.0,كسر-سفلي,0,False,True,,False,0.42428151,0.4239,0.0009,0.4253,1,baseline,0,"""{\""system\"": \""Donchian-96/48\"", \""channel_tf\"": \""15m\"", \""capital\"": 1000.0}"""
دوناتشيان,donchian,donchian,XLMUSDT,عرضي,Donchian-96/48,1,149077,149797,2024-12-13T12:37:00+00:00,2024-12-14T00:37:00+00:00,720,-0.04067541537596435,-40.67541537596435,1000.0,كسر-سفلي,0,False,True,,False,0.4472021199999999,0.4468,0.0009,0.43,1,baseline,0,"""{\""system\"": \""Donchian-96/48\"", \""channel_tf\"": \""15m\"", \""capital\"": 1000.0}"""
دوناتشيان,donchian,donchian,XLMUSDT,عرضي,Donchian-96/48,1,151900,152478,2024-12-15T11:40:00+00:00,2024-12-15T21:18:00+00:00,578,-0.02446979771150906,-24.469797711509063,1000.0,كسر-سفلي,0,False,True,,False,0.43332995999999996,0.4332,0.0003,0.4237,1,baseline,0,"""{\""system\"": \""Donchian-96/48\"", \""channel_tf\"": \""15m\"", \""capital\"": 1000.0}"""
دوناتشيان,donchian,donchian,XLMUSDT,عرضي,Donchian-96/48,1,154624,155425,2024-12-17T09:04:00+00:00,2024-12-17T22:25:00+00:00,801,-0.03407698327754147,-34.076983277541466,1000.0,كسر-سفلي,0,False,True,,False,0.44680176,0.4464,0.0009,0.4327,1,baseline,0,"""{\""system\"": \""Donchian-96/48\"", \""channel_tf\"": \""15m\"", \""capital\"": 1000.0}"""
دوناتشيان,donchian,donchian,XLMUSDT,عرضي,Donchian-96/48,1,160178,160596,2024-12-21T05:38:00+00:00,2024-12-21T12:36:00+00:00,418,-0.03679910273609547,-36.79910273609547,1000.0,كسر-سفلي,0,False,True,,False,0.37951382,0.3794,0.0003,0.3665,1,baseline,0,"""{\""system\"": \""Donchian-96/48\"", \""channel_tf\"": \""15m\"", \""capital\"": 1000.0}"""
دوناتشيان,donchian,donchian,XLMUSDT,عرضي,Donchian-96/48,1,163979,165804,2024-12-23T20:59:00+00:00,2024-12-25T03:24:00+00:00,1825,0.05036974343829361,50.36974343829361,1000.0,كسر-سفلي,0,True,True,,False,0.36731016,0.3672,0.0003,0.3867,1,baseline,0,"""{\""system\"": \""Donchian-96/48\"", \""channel_tf\"": \""15m\"", \""capital\"": 1000.0}"""
دوناتشيان,donchian,donchian,XLMUSDT,عرضي,Donchian-96/48,1,169027,169360,2024-12-27T09:07:00+00:00,2024-12-27T14:40:00+00:00,333,-0.047588691834930794,-47.58869183493079,1000.0,كسر-سفلي,0,False,True,,False,0.3662196,0.366,0.0006,0.3497,1,baseline,0,"""{\""system\"": \""Donchian-96/48\"", \""channel_tf\"": \""15m\"", \""capital\"": 1000.0}"""
دوناتشيان,donchian,donchian,XLMUSDT,عرضي,Donchian-96/48,1,170961,171737,2024-12-28T17:21:00+00:00,2024-12-29T06:17:00+00:00,776,-0.019066775314208258,-19.066775314208257,1000.0,كسر-سفلي,0,False,True,,False,0.35740719,0.3573,0.0003,0.3514,1,baseline,0,"""{\""system\"": \""Donchian-96/48\"", \""channel_tf\"": \""15m\"", \""capital\"": 1000.0}"""
دوناتشيان,donchian,donchian,XLMUSDT,عرضي,Donchian-96/48,1,175049,175679,2024-12-31T13:29:00+00:00,2024-12-31T23:59:00+00:00,630,-0.041234226445246616,-41.23422644524662,1000.0,نهاية-البيانات,0,False,True,,False,0.34621130999999994,0.3459,0.0009,0.3327,1,baseline,0,"""{\""system\"": \""Donchian-96/48\"", \""channel_tf\"": \""15m\"", \""capital\"": 1000.0}"""
دوناتشيان,donchian,donchian,XLMUSDT,عرضي,Donchian-288/96,1,11584,14659,2024-09-09T01:04:00+00:00,2024-09-11T04:19:00+00:00,3075,0.013576018242821833,13.576018242821833,1000.0,كسر-سفلي,0,True,True,symbol_exposure,True,0.09085448,0.0908,0.0006,0.0923,1,baseline,0,"""{\""system\"": \""Donchian-288/96\"", \""channel_tf\"": \""15m\"", \""capital\"": 1000.0}"""
دوناتشيان,donchian,donchian,XLMUSDT,عرضي,Donchian-288/96,1,16612,21425,2024-09-12T12:52:00+00:00,2024-09-15T21:05:00+00:00,4813,0.00354677898046778,3.54677898046778,1000.0,كسر-سفلي,0,True,True,symbol_exposure,True,0.09508549999999999,0.095,0.0009,0.0957,1,baseline,0,"""{\""system\"": \""Donchian-288/96\"", \""channel_tf\"": \""15m\"", \""capital\"": 1000.0}"""
دوناتشيان,donchian,donchian,XLMUSDT,عرضي,Donchian-288/96,1,25956,31056,2024-09-19T00:36:00+00:00,2024-09-22T13:36:00+00:00,5100,-0.008360275537792792,-8.360275537792791,1000.0,كسر-سفلي,0,False,True,symbol_exposure,True,0.0965579,0.0965,0.0006,0.096,1,baseline,0,"""{\""system\"": \""Donchian-288/96\"", \""channel_tf\"": \""15m\"", \""capital\"": 1000.0}"""
دوناتشيان,donchian,donchian,XLMUSDT,عرضي,Donchian-288/96,1,36482,42720,2024-09-26T08:02:00+00:00,2024-09-30T16:00:00+00:00,6238,0.025797091293988918,25.797091293988917,1000.0,كسر-سفلي,0,True,True,symbol_exposure,True,0.09732919,0.0973,0.0003,0.1001,1,baseline,0,"""{\""system\"": \""Donchian-288/96\"", \""channel_tf\"": \""15m\"", \""capital\"": 1000.0}"""
دوناتشيان,donchian,donchian,XLMUSDT,عرضي,Donchian-288/96,1,51278,52967,2024-10-06T14:38:00+00:00,2024-10-07T18:47:00+00:00,1689,-0.022488475913195187,-22.488475913195188,1000.0,كسر-سفلي,0,False,True,symbol_exposure,True,0.0930558,0.093,0.0006,0.0912,1,baseline,0,"""{\""system\"": \""Donchian-288/96\"", \""channel_tf\"": \""15m\"", \""capital\"": 1000.0}"""
دوناتشيان,donchian,donchian,XLMUSDT,عرضي,Donchian-288/96,1,58150,60546,2024-10-11T09:10:00+00:00,2024-10-13T01:06:00+00:00,2396,-0.003983887471948965,-3.9838874719489654,1000.0,كسر-سفلي,0,False,True,symbol_exposure,True,0.09172751,0.0917,0.0003,0.0916,1,baseline,0,"""{\""system\"": \""Donchian-288/96\"", \""channel_tf\"": \""15m\"", \""capital\"": 1000.0}"""
دوناتشيان,donchian,donchian,XLMUSDT,عرضي,Donchian-288/96,1,62779,64075,2024-10-14T14:19:00+00:00,2024-10-15T11:55:00+00:00,1296,-0.011788627674268462,-11.788627674268461,1000.0,كسر-سفلي,0,False,True,symbol_exposure,True,0.09285567999999998,0.0928,0.0006,0.092,1,baseline,0,"""{\""system\"": \""Donchian-288/96\"", \""channel_tf\"": \""15m\"", \""capital\"": 1000.0}"""
دوناتشيان,donchian,donchian,XLMUSDT,عرضي,Donchian-288/96,1,65992,72801,2024-10-16T19:52:00+00:00,2024-10-21T13:21:00+00:00,6809,0.009725029228039181,9.725029228039181,1000.0,كسر-سفلي,0,True,True,symbol_exposure,True,0.09482843999999999,0.0948,0.0003,0.096,1,baseline,0,"""{\""system\"": \""Donchian-288/96\"", \""channel_tf\"": \""15m\"", \""capital\"": 1000.0}"""
دوناتشيان,donchian,donchian,XLMUSDT,عرضي,Donchian-288/96,1,83651,85645,2024-10-29T02:11:00+00:00,2024-10-30T11:25:00+00:00,1994,-5.429460865429199e-05,-0.05429460865429199,1000.0,كسر-سفلي,0,False,True,symbol_exposure,True,0.09525712,0.0952,0.0006,0.0955,1,baseline,0,"""{\""system\"": \""Donchian-288/96\"", \""channel_tf\"": \""15m\"", \""capital\"": 1000.0}"""
دوناتشيان,donchian,donchian,XLMUSDT,عرضي,Donchian-288/96,1,94473,100396,2024-11-05T14:33:00+00:00,2024-11-09T17:16:00+00:00,5923,0.06779025045680541,67.79025045680541,1000.0,كسر-سفلي,0,True,True,symbol_exposure,True,0.09315586,0.0931,0.0006,0.0997,1,baseline,0,"""{\""system\"": \""Donchian-288/96\"", \""channel_tf\"": \""15m\"", \""capital\"": 1000.0}"""
دوناتشيان,donchian,donchian,XLMUSDT,عرضي,Donchian-288/96,1,100927,106289,2024-11-10T02:07:00+00:00,2024-11-13T19:29:00+00:00,5362,0.18075509892747355,180.75509892747354,1000.0,كسر-سفلي,0,True,True,symbol_exposure,True,0.10353104999999999,0.1035,0.0003,0.1226,1,baseline,0,"""{\""system\"": \""Donchian-288/96\"", \""channel_tf\"": \""15m\"", \""capital\"": 1000.0}"""
دوناتشيان,donchian,donchian,XLMUSDT,عرضي,Donchian-288/96,1,108774,114268,2024-11-15T12:54:00+00:00,2024-11-19T08:28:00+00:00,5494,0.5736437347248737,573.6437347248738,1000.0,كسر-سفلي,0,True,True,symbol_exposure,True,0.14182752999999998,0.1417,0.0009,0.2237,1,baseline,0,"""{\""system\"": \""Donchian-288/96\"", \""channel_tf\"": \""15m\"", \""capital\"": 1000.0}"""
دوناتشيان,donchian,donchian,XLMUSDT,عرضي,Donchian-288/96,1,116051,121873,2024-11-20T14:11:00+00:00,2024-11-24T15:13:00+00:00,5822,0.7532941425117747,753.2941425117747,1000.0,كسر-سفلي,0,True,True,symbol_exposure,True,0.2581548,0.258,0.0006,0.4538,1,baseline,0,"""{\""system\"": \""Donchian-288/96\"", \""channel_tf\"": \""15m\"", \""capital\"": 1000.0}"""
دوناتشيان,donchian,donchian,XLMUSDT,عرضي,Donchian-288/96,1,128598,131079,2024-11-29T07:18:00+00:00,2024-12-01T00:39:00+00:00,2481,-0.03853130275140608,-38.53130275140608,1000.0,كسر-سفلي,0,False,True,symbol_exposure,True,0.53518123,0.5347,0.0009,0.5159,1,baseline,0,"""{\""system\"": \""Donchian-288/96\"", \""channel_tf\"": \""15m\"", \""capital\"": 1000.0}"""
دوناتشيان,donchian,donchian,XLMUSDT,عرضي,Donchian-288/96,1,133465,134752,2024-12-02T16:25:00+00:00,2024-12-03T13:52:00+00:00,1287,-0.14119326642556743,-141.19326642556743,1000.0,كسر-سفلي,0,False,True,"symbol_collision,symbol_exposure",True,0.59305562,0.5927,0.0006,0.5108,1,baseline,0,"""{\""system\"": \""Donchian-288/96\"", \""channel_tf\"": \""15m\"", \""capital\"": 1000.0}"""
دوناتشيان,donchian,donchian,XLMUSDT,عرضي,Donchian-288/96,1,140642,141640,2024-12-07T16:02:00+00:00,2024-12-08T08:40:00+00:00,998,-0.058649237021577004,-58.649237021577,1000.0,كسر-سفلي,0,False,True,symbol_exposure,True,0.5099585499999999,0.5095,0.0009,0.4813,1,baseline,0,"""{\""system\"": \""Donchian-288/96\"", \""channel_tf\"": \""15m\"", \""capital\"": 1000.0}"""
دوناتشيان,donchian,donchian,XLMUSDT,عرضي,Donchian-288/96,1,149238,150512,2024-12-13T15:18:00+00:00,2024-12-14T12:32:00+00:00,1274,-0.05589871125127494,-55.89871125127494,1000.0,كسر-سفلي,0,False,True,symbol_exposure,True,0.45163545,0.4515,0.0003,0.4275,1,baseline,0,"""{\""system\"": \""Donchian-288/96\"", \""channel_tf\"": \""15m\"", \""capital\"": 1000.0}"""
دوناتشيان,donchian,donchian,XLMUSDT,عرضي,Donchian-288/96,1,154624,156715,2024-12-17T09:04:00+00:00,2024-12-18T19:55:00+00:00,2091,-0.07018442191625025,-70.18442191625026,1000.0,كسر-سفلي,0,False,True,symbol_exposure,True,0.44680176,0.4464,0.0009,0.4164,1,baseline,0,"""{\""system\"": \""Donchian-288/96\"", \""channel_tf\"": \""15m\"", \""capital\"": 1000.0}"""
دوناتشيان,donchian,donchian,XLMUSDT,عرضي,Donchian-288/96,1,164965,166525,2024-12-24T13:25:00+00:00,2024-12-25T15:25:00+00:00,1560,0.009276749087639913,9.276749087639914,1000.0,كسر-سفلي,0,True,True,symbol_exposure,True,0.37702608,0.3768,0.0006,0.3814,1,baseline,0,"""{\""system\"": \""Donchian-288/96\"", \""channel_tf\"": \""15m\"", \""capital\"": 1000.0}"""
اتجاه-تكيفي,adaptive_trend,adaptive_trend,XLMUSDT,عرضي,AdaptiveTrend-4h,1,72093,72103,2024-10-21T01:33:00+00:00,2024-10-21T01:43:00+00:00,10,-0.0036209510203039606,-3.6209510203039605,1000.0,تتبع,0,False,True,,False,0.09742922,0.0974,0.0003,0.0973,1,baseline,0,"""{\""tf\"": \""4h\"", \""capital\"": 1000.0}"""
اتجاه-تكيفي,adaptive_trend,adaptive_trend,XLMUSDT,عرضي,AdaptiveTrend-4h,1,125783,125787,2024-11-27T08:23:00+00:00,2024-11-27T08:27:00+00:00,4,-0.018326849326315484,-18.326849326315486,1000.0,تتبع,0,False,True,"symbol_collision,symbol_exposure",True,0.48118853999999994,0.4809,0.0006,0.4736,1,baseline,0,"""{\""tf\"": \""4h\"", \""capital\"": 1000.0}"""
اتجاه-تكيفي,adaptive_trend,adaptive_trend,XLMUSDT,عرضي,AdaptiveTrend-4h,1,125804,125822,2024-11-27T08:44:00+00:00,2024-11-27T09:02:00+00:00,18,0.0316607040137168,31.660704013716803,1000.0,تتبع,0,True,True,"symbol_collision,symbol_exposure",True,0.48358998,0.4833,0.0006,0.5002,1,baseline,0,"""{\""tf\"": \""4h\"", \""capital\"": 1000.0}"""
اتجاه-تكيفي,adaptive_trend,adaptive_trend,XLMUSDT,عرضي,AdaptiveTrend-4h,1,125860,125874,2024-11-27T09:40:00+00:00,2024-11-27T09:54:00+00:00,14,0.012680585613957384,12.680585613957385,1000.0,تتبع,0,True,True,"symbol_collision,symbol_exposure",True,0.50285081,0.5027,0.0003,0.5104,1,baseline,0,"""{\""tf\"": \""4h\"", \""capital\"": 1000.0}"""
اتجاه-تكيفي,adaptive_trend,adaptive_trend,XLMUSDT,عرضي,AdaptiveTrend-4h,1,125892,125911,2024-11-27T10:12:00+00:00,2024-11-27T10:31:00+00:00,19,0.0012326144132794124,1.2326144132794123,1000.0,تتبع,0,True,True,"symbol_collision,symbol_exposure",True,0.52105627,0.5209,0.0003,0.5229,1,baseline,0,"""{\""tf\"": \""4h\"", \""capital\"": 1000.0}"""
اتجاه-تكيفي,adaptive_trend,adaptive_trend,XLMUSDT,عرضي,AdaptiveTrend-4h,1,128170,128174,2024-11-29T00:10:00+00:00,2024-11-29T00:14:00+00:00,4,0.00842491030387867,8.42491030387867,1000.0,تتبع,0,True,True,"symbol_collision,symbol_exposure",True,0.5019009600000001,0.5016,0.0006,0.5076,1,baseline,0,"""{\""tf\"": \""4h\"", \""capital\"": 1000.0}"""
اتجاه-تكيفي,adaptive_trend,adaptive_trend,XLMUSDT,عرضي,AdaptiveTrend-4h,1,128177,128180,2024-11-29T00:17:00+00:00,2024-11-29T00:20:00+00:00,3,-0.028835795384550104,-28.835795384550103,1000.0,تتبع,0,False,True,"symbol_collision,symbol_exposure",True,0.5096582799999999,0.5092,0.0009,0.4964,1,baseline,0,"""{\""tf\"": \""4h\"", \""capital\"": 1000.0}"""
اتجاه-تكيفي,adaptive_trend,adaptive_trend,XLMUSDT,عرضي,AdaptiveTrend-4h,1,131994,132003,2024-12-01T15:54:00+00:00,2024-12-01T16:03:00+00:00,9,-0.008563302029475528,-8.563302029475528,1000.0,تتبع,0,False,True,,False,0.51150672,0.5112,0.0006,0.5086,1,baseline,0,"""{\""tf\"": \""4h\"", \""capital\"": 1000.0}"""
اتجاه-تكيفي,adaptive_trend,adaptive_trend,XLMUSDT,عرضي,AdaptiveTrend-4h,1,132241,132249,2024-12-01T20:01:00+00:00,2024-12-01T20:09:00+00:00,8,0.006543082487962063,6.543082487962063,1000.0,تتبع,0,True,True,"symbol_collision,symbol_exposure",True,0.5401857299999999,0.5397,0.0009,0.5453,1,baseline,0,"""{\""tf\"": \""4h\"", \""capital\"": 1000.0}"""
اتجاه-تكيفي,adaptive_trend,adaptive_trend,XLMUSDT,عرضي,AdaptiveTrend-4h,1,133453,133467,2024-12-02T16:13:00+00:00,2024-12-02T16:27:00+00:00,14,0.030504615842687335,30.504615842687336,1000.0,تتبع,0,True,True,,False,0.5830496199999999,0.5827,0.0006,0.6024,1,baseline,0,"""{\""tf\"": \""4h\"", \""capital\"": 1000.0}"""
اتجاه-تكيفي,adaptive_trend,adaptive_trend,XLMUSDT,عرضي,AdaptiveTrend-4h,1,133786,133796,2024-12-02T21:46:00+00:00,2024-12-02T21:56:00+00:00,10,-0.009195024027595903,-9.195024027595903,1000.0,تتبع,0,False,True,,False,0.53852292,0.5382,0.0006,0.5348,1,baseline,0,"""{\""tf\"": \""4h\"", \""capital\"": 1000.0}"""
اتجاه-تكيفي,adaptive_trend,adaptive_trend,XLMUSDT,عرضي,AdaptiveTrend-4h,1,133859,133873,2024-12-02T22:59:00+00:00,2024-12-02T23:13:00+00:00,14,-0.004082812348153937,-4.082812348153937,1000.0,تتبع,0,False,True,,False,0.5371611000000001,0.537,0.0003,0.5362,1,baseline,0,"""{\""tf\"": \""4h\"", \""capital\"": 1000.0}"""
اتجاه-تكيفي,adaptive_trend,adaptive_trend,XLMUSDT,عرضي,AdaptiveTrend-4h,1,133882,133893,2024-12-02T23:22:00+00:00,2024-12-02T23:33:00+00:00,11,-0.002596923220735966,-2.5969232207359663,1000.0,تتبع,0,False,True,,False,0.53886161,0.5387,0.0003,0.5387,1,baseline,0,"""{\""tf\"": \""4h\"", \""capital\"": 1000.0}"""
اتجاه-تكيفي,adaptive_trend,adaptive_trend,XLMUSDT,عرضي,AdaptiveTrend-4h,1,134420,134422,2024-12-03T08:20:00+00:00,2024-12-03T08:22:00+00:00,2,0.0033256780887715234,3.3256780887715234,1000.0,تتبع,0,True,True,symbol_collision,True,0.53906167,0.5389,0.0003,0.5421,1,baseline,0,"""{\""tf\"": \""4h\"", \""capital\"": 1000.0}"""
اتجاه-تكيفي,adaptive_trend,adaptive_trend,XLMUSDT,عرضي,AdaptiveTrend-4h,1,134423,134426,2024-12-03T08:23:00+00:00,2024-12-03T08:26:00+00:00,3,-0.007378866793714226,-7.378866793714226,1000.0,تتبع,0,False,True,symbol_collision,True,0.54246269,0.5423,0.0003,0.5397,1,baseline,0,"""{\""tf\"": \""4h\"", \""capital\"": 1000.0}"""
اتجاه-تكيفي,adaptive_trend,adaptive_trend,XLMUSDT,عرضي,AdaptiveTrend-4h,1,134450,134464,2024-12-03T08:50:00+00:00,2024-12-03T09:04:00+00:00,14,-0.009673320605610356,-9.673320605610357,1000.0,تتبع,0,False,True,,False,0.54456332,0.5444,0.0003,0.5407,1,baseline,0,"""{\""tf\"": \""4h\"", \""capital\"": 1000.0}"""
اتجاه-تكيفي,adaptive_trend,adaptive_trend,XLMUSDT,عرضي,AdaptiveTrend-4h,1,134540,134549,2024-12-03T10:20:00+00:00,2024-12-03T10:29:00+00:00,9,-0.006088844808870432,-6.088844808870432,1000.0,تتبع,0,False,True,,False,0.5428628099999999,0.5427,0.0003,0.5408,1,baseline,0,"""{\""tf\"": \""4h\"", \""capital\"": 1000.0}"""
اتجاه-تكيفي,adaptive_trend,adaptive_trend,XLMUSDT,عرضي,AdaptiveTrend-4h,1,134624,134635,2024-12-03T11:44:00+00:00,2024-12-03T11:55:00+00:00,11,0.00499223343786725,4.99223343786725,1000.0,تتبع,0,True,True,,False,0.5436630499999999,0.5435,0.0003,0.5478,1,baseline,0,"""{\""tf\"": \""4h\"", \""capital\"": 1000.0}"""
اتجاه-تكيفي,adaptive_trend,adaptive_trend,XLMUSDT,عرضي,AdaptiveTrend-4h,1,134636,134643,2024-12-03T11:56:00+00:00,2024-12-03T12:03:00+00:00,7,-0.002715932019767345,-2.715932019767345,1000.0,تتبع,0,False,True,,False,0.5550991399999999,0.5546,0.0009,0.5552,1,baseline,0,"""{\""tf\"": \""4h\"", \""capital\"": 1000.0}"""
