category,kind,strategy,symbol,regime,trigger,side,entry_bar,exit_bar,entry_time,exit_time,bars_held,net_frac,pnl_usd,notional_usd,reason,cycles,success,risk_accepted,risk_reason,risk_would_block,entry_px,entry_ref_px,entry_cost_pct,exit_px,mult,experiment,series,snapshot
اتجاهي,dir,directional,FILUSDT,هابط,Stochastic,-1,14935,14936,2024-09-11T08:55:00+00:00,2024-09-11T08:56:00+00:00,1,-0.0028786265584242227,-0.05757253116848445,20.0,زمني,0,False,True,,False,3.5439365,3.545,0.0003,3.546,1,baseline,0,"{""close"": 3.545, ""rsi"": 42.972828686526405, ""rsi7"": 47.481685246097875, ""macd"": 0.0012906469240166708, ""adx"": 29.855549348936798, ""stoch_k"": 77.77777777777904, ""stoch_d"": 82.4074074074086, ""mss"": 0.0, ""sfp"": 0.0, ""vr"": 1.1736913722513922, ""hurst"": 0.4032925675210492, ""atr14"": 0.0035279873348472287, ""vol_sma20"": 2102.8075, ""vol_ratio"": 0.44095334451679485, ""atr_pct"": 0.0009952009407185412, ""retest_entry"": true}"
اتجاهي,dir,directional,FILUSDT,هابط,FVG,-1,14941,14950,2024-09-11T09:01:00+00:00,2024-09-11T09:10:00+00:00,9,-0.005290809190808995,-0.1058161838161799,20.0,وقف,0,False,True,,False,3.5429368,3.544,0.0003,3.5535656103999997,1,baseline,0,"{""close"": 3.544, ""rsi"": 43.51382565018225, ""rsi7"": 45.23327550444341, ""macd"": 0.00066877587329194, ""adx"": 23.955766785032676, ""stoch_k"": 52.22222222222317, ""stoch_d"": 61.851851851852636, ""mss"": 0.0, ""sfp"": 0.0, ""vr"": 1.1368714085532572, ""hurst"": 0.3686816199327018, ""atr14"": 0.0034499210867345426, ""vol_sma20"": 1816.2044999999998, ""vol_ratio"": 7.891622336581591, ""atr_pct"": 0.0009734540312456385, ""retest_entry"": true}"
اتجاهي,dir,directional,FILUSDT,هابط,FVG,-1,14955,14959,2024-09-11T09:15:00+00:00,2024-09-11T09:19:00+00:00,4,-0.005290809190808995,-0.1058161838161799,20.0,وقف,0,False,True,,False,3.5549332000000002,3.556,0.0003,3.5655979996,1,baseline,0,"{""close"": 3.556, ""rsi"": 63.464254952903204, ""rsi7"": 71.23561376792904, ""macd"": 0.00136827661474719, ""adx"": 22.659840793231584, ""stoch_k"": 86.73245614034994, ""stoch_d"": 91.85985797827841, ""mss"": 0.0, ""sfp"": 0.0, ""vr"": 0.9104761515783938, ""hurst"": 0.40315587033592204, ""atr14"": 0.002743977167587694, ""vol_sma20"": 2053.6795, ""vol_ratio"": 0.8261172203355002, ""atr_pct"": 0.0007716471224937273, ""retest_entry"": true}"
اتجاهي,dir,directional,FILUSDT,هابط,FVG,-1,14966,14967,2024-09-11T09:26:00+00:00,2024-09-11T09:27:00+00:00,1,-0.0042800736304569615,-0.08560147260913922,20.0,زمني,0,False,True,,False,3.5569326,3.558,0.0003,3.564,1,baseline,0,"{""close"": 3.558, ""rsi"": 51.87965385087465, ""rsi7"": 44.31281018696807, ""macd"": -3.3012692592350457e-05, ""adx"": 29.09476244078575, ""stoch_k"": 64.28571428571355, ""stoch_d"": 77.4509803921569, ""mss"": 0.0, ""sfp"": 0.0, ""vr"": 1.0956444693654086, ""hurst"": 0.5359719744686406, ""atr14"": 0.0033180423588576344, ""vol_sma20"": 2244.688, ""vol_ratio"": 1.6410610294170058, ""atr_pct"": 0.0009325582796114768, ""retest_entry"": true}"
اتجاهي,dir,directional,FILUSDT,هابط,MACD,-1,14978,15009,2024-09-11T09:38:00+00:00,2024-09-11T10:09:00+00:00,31,-0.0010971321506692156,-0.021942643013384312,20.0,تتبع,0,False,True,,False,3.5599317,3.561,0.0003,3.5556479093999998,1,baseline,0,"{""close"": 3.561, ""rsi"": 49.483823136961455, ""rsi7"": 41.22527525706422, ""macd"": -0.000686615669537829, ""adx"": 22.730036380323902, ""stoch_k"": 52.77777777777811, ""stoch_d"": 66.66666666666714, ""mss"": 0.0, ""sfp"": 0.0, ""vr"": 1.0170597811560718, ""hurst"": 0.5763461882910139, ""atr14"": 0.0031224380995621423, ""vol_sma20"": 2359.249, ""vol_ratio"": 0.7313089885806882, ""atr_pct"": 0.0008768430495821798, ""retest_entry"": true}"
اتجاهي,dir,directional,FILUSDT,هابط,MACD,-1,15028,15029,2024-09-11T10:28:00+00:00,2024-09-11T10:29:00+00:00,1,-0.004879173753787007,-0.09758347507574014,20.0,زمني,0,False,True,,False,3.5558651999999995,3.558,0.0006,3.564,1,baseline,0,"{""close"": 3.557, ""rsi"": 45.101933349304716, ""rsi7"": 42.14310164556162, ""macd"": -8.620639963560404e-05, ""adx"": 19.235287458644134, ""stoch_k"": 54.901960784314106, ""stoch_d"": 68.6274509803926, ""mss"": 0.0, ""sfp"": 0.0, ""vr"": 1.2517506970460355, ""hurst"": 0.36949265863977776, ""atr14"": 0.003920897699154924, ""vol_sma20"": 1446.856, ""vol_ratio"": 2.2497954184797937, ""atr_pct"": 0.0011023046666165093, ""retest_entry"": true}"
اتجاهي,dir,directional,FILUSDT,هابط,FVG,-1,15034,15035,2024-09-11T10:34:00+00:00,2024-09-11T10:35:00+00:00,1,-0.002916180597334783,-0.058323611946695664,20.0,زمني,0,False,True,,False,3.5618616,3.564,0.0006,3.563,1,baseline,0,"{""close"": 3.565, ""rsi"": 53.453408965697356, ""rsi7"": 53.17929395054945, ""macd"": 0.0008036437788266938, ""adx"": 14.466825986804974, ""stoch_k"": 81.33333333333358, ""stoch_d"": 89.3464052287586, ""mss"": 0.0, ""sfp"": 0.0, ""vr"": 1.3473329808535806, ""hurst"": 0.33391833527489423, ""atr14"": 0.004280999958345423, ""vol_sma20"": 3135.4155, ""vol_ratio"": 0.026044395072997502, ""atr_pct"": 0.0012008415030421943, ""retest_entry"": true}"
اتجاهي,dir,directional,FILUSDT,هابط,FVG,-1,15039,15040,2024-09-11T10:39:00+00:00,2024-09-11T10:40:00+00:00,1,-0.0020556541865449584,-0.04111308373089917,20.0,زمني,0,False,True,,False,3.5588634,3.561,0.0006,3.558,1,baseline,0,"{""close"": 3.56, ""rsi"": 46.69245637403314, ""rsi7"": 41.67578977104133, ""macd"": -0.0004049906399103925, ""adx"": 13.952186713988803, ""stoch_k"": 53.3333333333336, ""stoch_d"": 58.222222222222605, ""mss"": 0.0, ""sfp"": 0.0, ""vr"": 1.2425263693881516, ""hurst"": 0.2997130211812635, ""atr14"": 0.003997665253937984, ""vol_sma20"": 3462.892, ""vol_ratio"": 0.06085376038294004, ""atr_pct"": 0.0011229396780724674, ""retest_entry"": true}"
اتجاهي,dir,directional,FILUSDT,هابط,FVG,-1,15042,15045,2024-09-11T10:42:00+00:00,2024-09-11T10:45:00+00:00,3,-0.0009226178593596275,-0.018452357187192552,20.0,تتبع,0,False,True,,False,3.5569326,3.558,0.0003,3.5520302532,1,baseline,0,"{""close"": 3.558, ""rsi"": 44.39428035211101, ""rsi7"": 38.300940800586446, ""macd"": -0.0007492553453883894, ""adx"": 14.856331194960944, ""stoch_k"": 21.87822497419933, ""stoch_d"": 33.51221190230448, ""mss"": 0.0, ""sfp"": 0.0, ""vr"": 1.1760539376077053, ""hurst"": 0.2365256325540938, ""atr14"": 0.0037984222168008937, ""vol_sma20"": 3469.808, ""vol_ratio"": 0.06394878333325647, ""atr_pct"": 0.0010675722925241411, ""retest_entry"": true}"
اتجاهي,dir,directional,FILUSDT,هابط,FVG,-1,15052,15053,2024-09-11T10:52:00+00:00,2024-09-11T10:53:00+00:00,1,-0.0023159755682327994,-0.04631951136465599,20.0,زمني,0,False,True,,False,3.5489349999999997,3.55,0.0003,3.549,1,baseline,0,"{""close"": 3.55, ""rsi"": 36.55233310896598, ""rsi7"": 28.383673075386255, ""macd"": -0.0006712742838304152, ""adx"": 23.60946667550928, ""stoch_k"": 19.369658119657853, ""stoch_d"": 30.11396011396023, ""mss"": 0.0, ""sfp"": 0.0, ""vr"": 1.0283410626189649, ""hurst"": 0.1450313214425014, ""atr14"": 0.0033743586523954103, ""vol_sma20"": 1545.643, ""vol_ratio"": 0.04061740000763436, ""atr_pct"": 0.0009505235640550452, ""retest_entry"": true}"
اتجاهي,dir,directional,FILUSDT,هابط,FVG,-1,15060,15061,2024-09-11T11:00:00+00:00,2024-09-11T11:01:00+00:00,1,-0.003438115474198155,-0.0687623094839631,20.0,زمني,0,False,True,,False,3.558932,3.56,0.0003,3.563,1,baseline,0,"{""close"": 3.559, ""rsi"": 54.60583174319252, ""rsi7"": 64.47666069093204, ""macd"": 0.0010782119603569371, ""adx"": 19.60622459314957, ""stoch_k"": 83.3333333333352, ""stoch_d"": 87.7314814814829, ""mss"": 0.0, ""sfp"": 0.0, ""vr"": 0.918335918011552, ""hurst"": 0.1303316426081129, ""atr14"": 0.003038859242923625, ""vol_sma20"": 1634.6275, ""vol_ratio"": 0.276876536091556, ""atr_pct"": 0.0008538519929540952, ""retest_entry"": true}"
اتجاهي,dir,directional,FILUSDT,هابط,FVG,-1,15067,15070,2024-09-11T11:07:00+00:00,2024-09-11T11:10:00+00:00,3,-0.0018389968276442763,-0.03677993655288553,20.0,قفل-ربح,0,False,True,,False,3.5649302,3.566,0.0003,3.5632911810392534,1,baseline,0,"{""close"": 3.565, ""rsi"": 58.12861104553982, ""rsi7"": 58.98401840100607, ""macd"": 0.001268577877707654, ""adx"": 20.93486743221388, ""stoch_k"": 79.48717948717969, ""stoch_d"": 86.75311467073531, ""mss"": 0.0, ""sfp"": 0.0, ""vr"": 1.099017524491913, ""hurst"": 0.12727096488128423, ""atr14"": 0.003642335671387974, ""vol_sma20"": 1461.9555, ""vol_ratio"": 1.6926301792359617, ""atr_pct"": 0.0010216930354524471, ""retest_entry"": true}"
اتجاهي,dir,directional,FILUSDT,هابط,Stochastic,-1,15075,15077,2024-09-11T11:15:00+00:00,2024-09-11T11:17:00+00:00,2,-0.0018388754900987596,-0.036777509801975194,20.0,قفل-ربح,0,False,True,,False,3.5679293,3.569,0.0003,3.5662884682466367,1,baseline,0,"{""close"": 3.568, ""rsi"": 57.578839880733, ""rsi7"": 55.99459134058609, ""macd"": 0.0006039718723648965, ""adx"": 19.367249571071326, ""stoch_k"": 80.00000000000041, ""stoch_d"": 84.86772486772543, ""mss"": 0.0, ""sfp"": 0.0, ""vr"": 1.0892963191410103, ""hurst"": 0.1877315249196672, ""atr14"": 0.0036463650380569204, ""vol_sma20"": 1289.7350000000001, ""vol_ratio"": 1.217823816520448, ""atr_pct"": 0.0010219632954195405, ""retest_entry"": true}"
اتجاهي,dir,directional,FILUSDT,هابط,MicroBurst,-1,15085,15088,2024-09-11T11:25:00+00:00,2024-09-11T11:28:00+00:00,3,-0.0018688106441729418,-0.03737621288345884,20.0,قفل-ربح,0,False,True,,False,3.5669296000000004,3.568,0.0003,3.5653962504851306,1,baseline,0,"{""close"": 3.569, ""rsi"": 53.67907660785736, ""rsi7"": 47.7454139042382, ""macd"": -7.714509059301121e-05, ""adx"": 16.95755941009344, ""stoch_k"": 69.75867269984839, ""stoch_d"": 79.5123177476115, ""mss"": 0.0, ""sfp"": 0.0, ""vr"": 1.0014129327111017, ""hurst"": 0.2999062238403372, ""atr14"": 0.003409421193678841, ""vol_sma20"": 2358.3775, ""vol_ratio"": 4.7414377045235545, ""atr_pct"": 0.0009552875297503057, ""retest_entry"": true}"
اتجاهي,dir,directional,FILUSDT,هابط,FVG,-1,15094,15095,2024-09-11T11:34:00+00:00,2024-09-11T11:35:00+00:00,1,-0.003157777918520529,-0.06315555837041058,20.0,زمني,0,False,True,,False,3.558932,3.56,0.0003,3.562,1,baseline,0,"{""close"": 3.561, ""rsi"": 42.342568550752546, ""rsi7"": 34.35149634608423, ""macd"": -0.000871684274813093, ""adx"": 13.237034381837717, ""stoch_k"": 30.793650793650105, ""stoch_d"": 34.07407407407371, ""mss"": 0.0, ""sfp"": 0.0, ""vr"": 1.0164928359430374, ""hurst"": 0.28257054889077393, ""atr14"": 0.003484105548776239, ""vol_sma20"": 3659.5765, ""vol_ratio"": 6.886400653190335, ""atr_pct"": 0.0009784065006392135, ""retest_entry"": true}"
اتجاهي,dir,directional,FILUSDT,هابط,FVG,-1,15104,15111,2024-09-11T11:44:00+00:00,2024-09-11T11:51:00+00:00,7,-0.0018538392509512196,-0.037076785019024394,20.0,قفل-ربح,0,False,True,,False,3.5639305,3.565,0.0003,3.562344959850617,1,baseline,0,"{""close"": 3.564, ""rsi"": 45.53780890378807, ""rsi7"": 38.37347782502526, ""macd"": 8.659662826731814e-05, ""adx"": 15.319275859471047, ""stoch_k"": 54.76190476190592, ""stoch_d"": 72.16117216117347, ""mss"": 0.0, ""sfp"": 0.0, ""vr"": 1.0134685455915349, ""hurst"": 0.2677249653388893, ""atr14"": 0.0035234912642411165, ""vol_sma20"": 3228.7720000000004, ""vol_ratio"": 0.3725719871208001, ""atr_pct"": 0.0009886339125255658, ""retest_entry"": true}"
اتجاهي,dir,directional,FILUSDT,هابط,Bollinger,-1,15116,15117,2024-09-11T11:56:00+00:00,2024-09-11T11:57:00+00:00,1,-0.0025971028071656095,-0.05194205614331219,20.0,زمني,0,False,True,,False,3.5529338,3.554,0.0003,3.554,1,baseline,0,"{""close"": 3.556, ""rsi"": 38.30633046796653, ""rsi7"": 31.682198063585716, ""macd"": -0.0005989891913553026, ""adx"": 14.619524128820068, ""stoch_k"": 11.764705882354244, ""stoch_d"": 18.954248366014024, ""mss"": 0.0, ""sfp"": 0.0, ""vr"": 0.9804584553639358, ""hurst"": 0.301889868661666, ""atr14"": 0.003438934613276475, ""vol_sma20"": 1525.99, ""vol_ratio"": 1.0018348744093997, ""atr_pct"": 0.0009670794750496274, ""retest_entry"": true}"
اتجاهي,dir,directional,FILUSDT,صاعد,FVG,1,26102,26103,2024-09-19T03:02:00+00:00,2024-09-19T03:03:00+00:00,1,-0.005290809190809106,-0.10581618381618212,20.0,وقف,0,False,True,symbol_collision,True,3.6891064,3.688,0.0003,3.6780390808,1,baseline,0,"{""close"": 3.687, ""rsi"": 56.99908848684073, ""rsi7"": 70.78961671554787, ""macd"": 0.0015332237043587651, ""adx"": 15.816116645281364, ""stoch_k"": 88.9687988086157, ""stoch_d"": 90.16865836087838, ""mss"": 0.0, ""sfp"": -1.0, ""vr"": 0.7365274582627781, ""hurst"": 0.26626146473377, ""atr14"": 0.004174679689106944, ""vol_sma20"": 8547.465999999999, ""vol_ratio"": 0.434315854546833, ""atr_pct"": 0.001132270054002426, ""retest_entry"": true}"
اتجاهي,dir,directional,FILUSDT,صاعد,MACD,1,26109,26110,2024-09-19T03:09:00+00:00,2024-09-19T03:10:00+00:00,1,-0.0031389901102899477,-0.06277980220579896,20.0,زمني,0,False,True,symbol_collision,True,3.681104,3.68,0.0003,3.678,1,baseline,0,"{""close"": 3.68, ""rsi"": 47.71857220948509, ""rsi7"": 50.28386503619106, ""macd"": 3.256276464437633e-05, ""adx"": 13.157573963461298, ""stoch_k"": 34.681372549019464, ""stoch_d"": 30.591866376179823, ""mss"": 0.0, ""sfp"": 0.0, ""vr"": 0.8353501564897823, ""hurst"": 0.28142383156196177, ""atr14"": 0.004585580453159791, ""vol_sma20"": 7042.3324999999995, ""vol_ratio"": 0.1610134142345594, ""atr_pct"": 0.0012460816448803778, ""retest_entry"": true}"
اتجاهي,dir,directional,FILUSDT,صاعد,Stochastic,1,26120,26122,2024-09-19T03:20:00+00:00,2024-09-19T03:22:00+00:00,2,-0.0008044419513346065,-0.01608883902669213,20.0,تتبع,0,False,True,symbol_collision,True,3.6741019,3.673,0.0003,3.6796009258,1,baseline,0,"{""close"": 3.673, ""rsi"": 43.12321778817147, ""rsi7"": 46.42712400000763, ""macd"": -0.0004416617433270929, ""adx"": 15.636354737880998, ""stoch_k"": 17.647058823529704, ""stoch_d"": 9.803921568627702, ""mss"": 0.0, ""sfp"": 0.0, ""vr"": 0.8059989363582122, ""hurst"": 0.3141393480102599, ""atr14"": 0.004160809083835397, ""vol_sma20"": 4698.801999999999, ""vol_ratio"": 0.5182384786590285, ""atr_pct"": 0.001132809442917342, ""retest_entry"": true}"
اتجاهي,dir,directional,FILUSDT,صاعد,Bollinger,1,26142,26147,2024-09-19T03:42:00+00:00,2024-09-19T03:47:00+00:00,5,-0.005290809190809106,-0.10581618381618212,20.0,وقف,0,False,True,symbol_collision,True,3.681104,3.68,0.0003,3.670060688,1,baseline,0,"{""close"": 3.681, ""rsi"": 58.141418965966764, ""rsi7"": 67.92767540853816, ""macd"": 0.0006930545014263427, ""adx"": 13.449362867448857, ""stoch_k"": 81.81818181818132, ""stoch_d"": 66.07744107744077, ""mss"": 0.0, ""sfp"": 0.0, ""vr"": 0.9654802854079816, ""hurst"": 0.18553432475881604, ""atr14"": 0.004427110943555761, ""vol_sma20"": 1655.4669999999994, ""vol_ratio"": 0.1716071658329644, ""atr_pct"": 0.0012026924595370174, ""retest_entry"": true}"
اتجاهي,dir,directional,FILUSDT,صاعد,Stochastic,1,26152,26156,2024-09-19T03:52:00+00:00,2024-09-19T03:56:00+00:00,4,-0.005290809190809106,-0.10581618381618212,20.0,وقف,0,False,True,symbol_collision,True,3.6731016,3.672,0.0003,3.6620822952,1,baseline,0,"{""close"": 3.672, ""rsi"": 44.60098650273387, ""rsi7"": 40.665550212236894, ""macd"": -0.0004651065216432952, ""adx"": 14.261090581395848, ""stoch_k"": 20.51282051282182, ""stoch_d"": 20.085470085471137, ""mss"": 0.0, ""sfp"": 0.0, ""vr"": 0.9066118636940662, ""hurst"": 0.15901515591169088, ""atr14"": 0.0040456503744629654, ""vol_sma20"": 1662.116999999999, ""vol_ratio"": 0.1531300143130719, ""atr_pct"": 0.0011017566379256441, ""retest_entry"": true}"
اتجاهي,dir,directional,FILUSDT,صاعد,Bollinger,1,26163,26166,2024-09-19T04:03:00+00:00,2024-09-19T04:06:00+00:00,3,-0.002324631908483683,-0.04649263816967366,20.0,قفل-ربح,0,False,True,symbol_collision,True,3.6640988999999995,3.663,0.0003,3.664,1,baseline,0,"{""close"": 3.664, ""rsi"": 41.304996629491825, ""rsi7"": 42.43994760813839, ""macd"": -0.00044444400941924186, ""adx"": 24.514052420835412, ""stoch_k"": 34.733893557423364, ""stoch_d"": 25.210084033613782, ""mss"": 0.0, ""sfp"": 0.0, ""vr"": 0.9283815053417014, ""hurst"": 0.1724442218263335, ""atr14"": 0.003990915062491587, ""vol_sma20"": 4887.355499999999, ""vol_ratio"": 0.13077624494473547, ""atr_pct"": 0.0010892235432564375, ""retest_entry"": true}"
اتجاهي,dir,directional,FILUSDT,صاعد,MACD,1,26171,26172,2024-09-19T04:11:00+00:00,2024-09-19T04:12:00+00:00,1,-0.0028692888888897494,-0.05738577777779499,20.0,زمني,0,False,True,symbol_collision,True,3.6630985999999996,3.662,0.0003,3.661,1,baseline,0,"{""close"": 3.663, ""rsi"": 44.25535803755826, ""rsi7"": 47.250606253744344, ""macd"": 2.77769598246453e-05, ""adx"": 21.07701348816146, ""stoch_k"": 33.33333333333209, ""stoch_d"": 28.518518518517183, ""mss"": 0.0, ""sfp"": 0.0, ""vr"": 0.963407460260936, ""hurst"": 0.19043550586119215, ""atr14"": 0.004123190399492971, ""vol_sma20"": 4737.467999999999, ""vol_ratio"": 0.01739325732648749, ""atr_pct"": 0.001125632104693686, ""retest_entry"": true}"
اتجاهي,dir,directional,FILUSDT,صاعد,MACD,1,26174,26182,2024-09-19T04:14:00+00:00,2024-09-19T04:22:00+00:00,8,-0.005290809190809106,-0.10581618381618212,20.0,وقف,0,False,True,symbol_collision,True,3.6600976999999997,3.659,0.0003,3.6491174069,1,baseline,0,"{""close"": 3.662, ""rsi"": 44.833373645411996, ""rsi7"": 48.07593101458662, ""macd"": 9.4256956240487e-05, ""adx"": 22.280418133800826, ""stoch_k"": 27.777777777777157, ""stoch_d"": 29.629629629628894, ""mss"": 0.0, ""sfp"": 0.0, ""vr"": 0.955034466408818, ""hurst"": 0.20958681210594474, ""atr14"": 0.004078953829331626, ""vol_sma20"": 6198.946499999999, ""vol_ratio"": 0.2257625549760754, ""atr_pct"": 0.0011138595929359983, ""retest_entry"": true}"
اتجاهي,dir,directional,FILUSDT,صاعد,Bollinger,1,26190,26191,2024-09-19T04:30:00+00:00,2024-09-19T04:31:00+00:00,1,-0.0018997713045915251,-0.0379954260918305,20.0,قفل-ربح,0,False,True,symbol_collision,True,3.6500947,3.649,0.0003,3.6515505308748653,1,baseline,0,"{""close"": 3.649, ""rsi"": 36.29405360322061, ""rsi7"": 36.59526030972809, ""macd"": -0.000515183435787458, ""adx"": 33.102537763813295, ""stoch_k"": 6.250000000001147, ""stoch_d"": 3.472222222223156, ""mss"": 0.0, ""sfp"": 0.0, ""vr"": 0.7774581718712029, ""hurst"": 0.25446753877696987, ""atr14"": 0.0032342094590850938, ""vol_sma20"": 4630.0554999999995, ""vol_ratio"": 0.20658283685800313, ""atr_pct"": 0.0008863276127939418, ""retest_entry"": true}"
اتجاهي,dir,directional,FILUSDT,صاعد,FVG,1,26202,26203,2024-09-19T04:42:00+00:00,2024-09-19T04:43:00+00:00,1,-0.0028701094921078267,-0.05740218984215653,20.0,زمني,0,False,True,symbol_collision,True,3.6520952999999996,3.651,0.0003,3.65,1,baseline,0,"{""close"": 3.651, ""rsi"": 47.72160873232351, ""rsi7"": 56.18620748346465, ""macd"": 0.00041902331254597015, ""adx"": 21.794686303967318, ""stoch_k"": 39.39393939393889, ""stoch_d"": 19.191919191919073, ""mss"": 0.0, ""sfp"": 0.0, ""vr"": 0.8194677726140466, ""hurst"": 0.24381168599347472, ""atr14"": 0.003304965071691672, ""vol_sma20"": 4288.589499999999, ""vol_ratio"": 1.7065494377580324, ""atr_pct"": 0.0009052218766616467, ""retest_entry"": true}"
اتجاهي,dir,directional,FILUSDT,صاعد,FVG,1,26207,26208,2024-09-19T04:47:00+00:00,2024-09-19T04:48:00+00:00,1,-0.002324185163098853,-0.04648370326197706,20.0,زمني,0,False,True,symbol_collision,True,3.6580971,3.657,0.0003,3.658,1,baseline,0,"{""close"": 3.658, ""rsi"": 60.28577304800376, ""rsi7"": 75.75126835605614, ""macd"": 0.001387390851352289, ""adx"": 19.36401028656287, ""stoch_k"": 87.87878787878749, ""stoch_d"": 72.72727272727231, ""mss"": 0.0, ""sfp"": 0.0, ""vr"": 0.8122179622948004, ""hurst"": 0.23616078997915382, ""atr14"": 0.0032244105810890445, ""vol_sma20"": 2127.784999999999, ""vol_ratio"": 2.3238297102385825, ""atr_pct"": 0.0008814681741632161, ""retest_entry"": true}"
اتجاهي,dir,directional,FILUSDT,صاعد,FVG,1,26212,26213,2024-09-19T04:52:00+00:00,2024-09-19T04:53:00+00:00,1,-0.002324631908483683,-0.04649263816967366,20.0,زمني,0,False,True,symbol_collision,True,3.6640988999999995,3.663,0.0003,3.664,1,baseline,0,"{""close"": 3.663, ""rsi"": 66.49205073519242, ""rsi7"": 81.10219365829181, ""macd"": 0.0018210842125096832, ""adx"": 25.83721739972877, ""stoch_k"": 98.24561403508788, ""stoch_d"": 94.2143962848295, ""mss"": 0.0, ""sfp"": 0.0, ""vr"": 0.754656472708004, ""hurst"": 0.23798152804421488, ""atr14"": 0.0029457407588435866, ""vol_sma20"": 2201.8979999999992, ""vol_ratio"": 1.0657623559311107, ""atr_pct"": 0.0008041880313523305, ""retest_entry"": true}"
اتجاهي,dir,directional,FILUSDT,صاعد,FVG,1,26216,26217,2024-09-19T04:56:00+00:00,2024-09-19T04:57:00+00:00,1,-0.00286869517626146,-0.0573739035252292,20.0,زمني,0,False,True,symbol_collision,True,3.6711009999999997,3.67,0.0003,3.669,1,baseline,0,"{""close"": 3.671, ""rsi"": 74.21582958512066, ""rsi7"": 86.74006392251522, ""macd"": 0.001945551305270157, ""adx"": 33.66355338706769, ""stoch_k"": 96.82539682539715, ""stoch_d"": 95.81529581529632, ""mss"": 0.0, ""sfp"": 0.0, ""vr"": 0.7862017807559348, ""hurst"": 0.3205180010420766, ""atr14"": 0.0030307242246285465, ""vol_sma20"": 2447.1914999999995, ""vol_ratio"": 0.1016675646348069, ""atr_pct"": 0.0008255854602638372, ""retest_entry"": true}"
اتجاهي,dir,directional,FILUSDT,صاعد,FVG,1,26225,26239,2024-09-19T05:05:00+00:00,2024-09-19T05:19:00+00:00,14,-0.005290809190809217,-0.10581618381618434,20.0,وقف,0,False,True,symbol_collision,True,3.6771028,3.676,0.0003,3.6660714916,1,baseline,0,"{""close"": 3.676, ""rsi"": 67.62216762375553, ""rsi7"": 69.78092670097881, ""macd"": 0.0005038162541366022, ""adx"": 46.536794651405216, ""stoch_k"": 80.95238095238109, ""stoch_d"": 78.88227513227498, ""mss"": 0.0, ""sfp"": 0.0, ""vr"": 0.9058749485140143, ""hurst"": 0.4880875276199381, ""atr14"": 0.0033943344979073774, ""vol_sma20"": 2082.175999999999, ""vol_ratio"": 1.4185352246880194, ""atr_pct"": 0.0009233771757092974, ""retest_entry"": true}"
اتجاهي,dir,directional,FILUSDT,صاعد,Bollinger,1,26244,26245,2024-09-19T05:24:00+00:00,2024-09-19T05:25:00+00:00,1,-0.00314091180910745,-0.062818236182149,20.0,زمني,0,False,True,symbol_collision,True,3.6681000999999998,3.667,0.0003,3.665,1,baseline,0,"{""close"": 3.668, ""rsi"": 49.40024873860214, ""rsi7"": 47.325744064335744, ""macd"": -0.0008948452441554222, ""adx"": 29.89927346606526, ""stoch_k"": 55.55555555555588, ""stoch_d"": 40.000000000000284, ""mss"": 0.0, ""sfp"": 0.0, ""vr"": 1.000375270450719, ""hurst"": 0.5262144760253543, ""atr14"": 0.0036074086312612714, ""vol_sma20"": 2330.7884999999997, ""vol_ratio"": 0.3776318614923662, ""atr_pct"": 0.0009834810881301176, ""retest_entry"": true}"
اتجاهي,dir,directional,FILUSDT,صاعد,EMA,1,26252,26257,2024-09-19T05:32:00+00:00,2024-09-19T05:37:00+00:00,5,-0.005290809190809217,-0.10581618381618434,20.0,وقف,0,False,True,symbol_collision,True,3.6681000999999998,3.667,0.0003,3.6570957996999995,1,baseline,0,"{""close"": 3.666, ""rsi"": 49.98481554211247, ""rsi7"": 54.639127431163885, ""macd"": -0.0005937234473917081, ""adx"": 21.85783710982921, ""stoch_k"": 27.222222222220477, ""stoch_d"": 13.3333333333324, ""mss"": 0.0, ""sfp"": 0.0, ""vr"": 0.9641995109130466, ""hurst"": 0.507253097328575, ""atr14"": 0.0033980236906705572, ""vol_sma20"": 1780.4909999999993, ""vol_ratio"": 0.6503711616627101, ""atr_pct"": 0.0009269022615031525, ""retest_entry"": true}"
اتجاهي,dir,directional,FILUSDT,صاعد,Stochastic,1,26265,26266,2024-09-19T05:45:00+00:00,2024-09-19T05:46:00+00:00,1,-0.0031425485362607483,-0.06285097072521496,20.0,زمني,0,False,True,symbol_collision,True,3.6570968,3.656,0.0003,3.654,1,baseline,0,"{""close"": 3.656, ""rsi"": 39.48692372812263, ""rsi7"": 36.24883295494172, ""macd"": -0.0003506940172031932, ""adx"": 22.5457035636771, ""stoch_k"": 14.285714285714578, ""stoch_d"": 12.433862433862059, ""mss"": 0.0, ""sfp"": 0.0, ""vr"": 0.8963678918578736, ""hurst"": 0.5116763262297359, ""atr14"": 0.0030974839189735637, ""vol_sma20"": 1258.7674999999992, ""vol_ratio"": 0.09205035878349264, ""atr_pct"": 0.0008472330194129003, ""retest_entry"": true}"
اتجاهي,dir,directional,FILUSDT,صاعد,MicroBurst,1,26273,26274,2024-09-19T05:53:00+00:00,2024-09-19T05:54:00+00:00,1,-0.0034164820348518807,-0.06832964069703762,20.0,زمني,0,False,True,symbol_collision,True,3.6520952999999996,3.651,0.0003,3.648,1,baseline,0,"{""close"": 3.652, ""rsi"": 40.20710652219496, ""rsi7"": 44.495090408740516, ""macd"": -0.00023369576166331826, ""adx"": 31.196069380944653, ""stoch_k"": 21.611721611722093, ""stoch_d"": 13.00366300366295, ""mss"": 0.0, ""sfp"": 0.0, ""vr"": 0.8988532328856131, ""hurst"": 0.5288291325652071, ""atr14"": 0.003026934990707922, ""vol_sma20"": 2224.129499999999, ""vol_ratio"": 4.6900416544989865, ""atr_pct"": 0.0008288430971270323, ""retest_entry"": true}"
اتجاهي,dir,directional,FILUSDT,صاعد,FVG,1,26280,26287,2024-09-19T06:00:00+00:00,2024-09-19T06:07:00+00:00,7,-0.005290809190809106,-0.10581618381618212,20.0,وقف,0,False,True,symbol_collision,True,3.6550961999999996,3.654,0.0003,3.6441309113999996,1,baseline,0,"{""close"": 3.654, ""rsi"": 49.9714168663283, ""rsi7"": 60.49222431696251, ""macd"": 0.0006607766022907737, ""adx"": 29.855964974676077, ""stoch_k"": 50.90909090909006, ""stoch_d"": 31.111111111111445, ""mss"": 0.0, ""sfp"": 0.0, ""vr"": 0.9404108165621877, ""hurst"": 0.5546917079989865, ""atr14"": 0.003104112474264546, ""vol_sma20"": 2014.1679999999992, ""vol_ratio"": 1.290731458349056, ""atr_pct"": 0.0008495108030280641, ""retest_entry"": true}"
اتجاهي,dir,directional,FILUSDT,صاعد,MicroBurst,1,26291,26310,2024-09-19T06:11:00+00:00,2024-09-19T06:30:00+00:00,19,-0.0020499514210214147,-0.040999028420428296,20.0,تتبع,0,False,True,symbol_collision,True,3.6480941,3.647,0.0003,3.649,1,baseline,0,"{""close"": 3.648, ""rsi"": 44.61431324060145, ""rsi7"": 51.50516870469386, ""macd"": 4.473797277757289e-05, ""adx"": 24.832437204025847, ""stoch_k"": 21.428571428572933, ""stoch_d"": 13.614163614164482, ""mss"": 0.0, ""sfp"": 0.0, ""vr"": 0.8698812902732939, ""hurst"": 0.5322294590117701, ""atr14"": 0.002803136843347798, ""vol_sma20"": 2159.5124999999994, ""vol_ratio"": 1.6373047157633962, ""atr_pct"": 0.0007684037399527955, ""retest_entry"": true}"
اتجاهي,dir,directional,FILUSDT,صاعد,FVG,1,26313,26328,2024-09-19T06:33:00+00:00,2024-09-19T06:48:00+00:00,15,-0.0018906473075291526,-0.03781294615058305,20.0,تتبع,0,False,True,symbol_collision,True,3.6550961999999996,3.654,0.0003,3.6565874515999996,1,baseline,0,"{""close"": 3.654, ""rsi"": 58.80737965991388, ""rsi7"": 67.03188235507051, ""macd"": 0.0009753679656147021, ""adx"": 10.869913589508917, ""stoch_k"": 90.90909090909174, ""stoch_d"": 88.18958818958936, ""mss"": 0.0, ""sfp"": 0.0, ""vr"": 1.024551593095254, ""hurst"": 0.22314888537788105, ""atr14"": 0.0033303144381442067, ""vol_sma20"": 2535.793999999999, ""vol_ratio"": 0.5520164492857071, ""atr_pct"": 0.0009114161023930506, ""retest_entry"": true}"
اتجاهي,dir,directional,FILUSDT,صاعد,FVG,1,26347,26361,2024-09-19T07:07:00+00:00,2024-09-19T07:21:00+00:00,14,-0.0006080591061086849,-0.012161182122173698,20.0,تتبع,0,False,True,symbol_collision,True,3.6581935999999997,3.656,0.0006,3.6654899552,1,baseline,0,"{""close"": 3.655, ""rsi"": 55.000920491510456, ""rsi7"": 62.58162887461174, ""macd"": -0.00029381192705175887, ""adx"": 18.80647884402149, ""stoch_k"": 48.88888888888899, ""stoch_d"": 21.481481481481648, ""mss"": 0.0, ""sfp"": 0.0, ""vr"": 1.2783606896034934, ""hurst"": 0.35015806307763975, ""atr14"": 0.004280960549005181, ""vol_sma20"": 1808.7819999999992, ""vol_ratio"": 0.20010703335172517, ""atr_pct"": 0.0011712614361163286, ""retest_entry"": true}"
اتجاهي,dir,directional,FILUSDT,صاعد,EMA,1,26366,26367,2024-09-19T07:26:00+00:00,2024-09-19T07:27:00+00:00,1,-0.0028687692487487535,-0.057375384974975074,20.0,زمني,0,False,True,symbol_collision,True,3.6701007,3.669,0.0003,3.668,1,baseline,0,"{""close"": 3.669, ""rsi"": 61.81751069588383, ""rsi7"": 64.5516435165389, ""macd"": 0.0007984472940692935, ""adx"": 18.400060406615246, ""stoch_k"": 88.33333333333387, ""stoch_d"": 85.55555555555623, ""mss"": 0.0, ""sfp"": 0.0, ""vr"": 1.1646535614550675, ""hurst"": 0.2193910050753598, ""atr14"": 0.004117896840944157, ""vol_sma20"": 2218.2634999999996, ""vol_ratio"": 0.8582929845800558, ""atr_pct"": 0.0011223485529964997, ""retest_entry"": true}"
اتجاهي,dir,directional,FILUSDT,هابط,FVG,-1,44575,44576,2024-10-01T22:55:00+00:00,2024-10-01T22:56:00+00:00,1,-0.0028788650031600404,-0.057577300063200804,20.0,زمني,0,False,True,,False,3.5409374,3.542,0.0003,3.543,1,baseline,0,"{""close"": 3.542, ""rsi"": 47.74984276042053, ""rsi7"": 50.756569091813994, ""macd"": 0.001590836105596917, ""adx"": 18.90469718814064, ""stoch_k"": 76.66666666666687, ""stoch_d"": 74.23076923076964, ""mss"": 0.0, ""sfp"": 0.0, ""vr"": 0.8082061625462408, ""hurst"": 0.505131195555091, ""atr14"": 0.004764936364452952, ""vol_sma20"": 2620.586, ""vol_ratio"": 1.3756884910474223, ""atr_pct"": 0.0013452671836400205, ""retest_entry"": true}"
اتجاهي,dir,directional,FILUSDT,هابط,FVG,-1,44583,44584,2024-10-01T23:03:00+00:00,2024-10-01T23:04:00+00:00,1,-0.005290809190808995,-0.1058161838161799,20.0,وقف,0,False,True,,False,3.5349392,3.536,0.0003,3.5455440175999997,1,baseline,0,"{""close"": 3.537, ""rsi"": 42.834955552116234, ""rsi7"": 38.940698140458885, ""macd"": 7.558875185867484e-05, ""adx"": 18.17733216733014, ""stoch_k"": 43.33333333333428, ""stoch_d"": 51.111111111112045, ""mss"": 0.0, ""sfp"": 0.0, ""vr"": 0.8069015951839758, ""hurst"": 0.46603953567646134, ""atr14"": 0.004430324908232917, ""vol_sma20"": 2494.1279999999997, ""vol_ratio"": 0.6058309757959496, ""atr_pct"": 0.001252565707727712, ""retest_entry"": true}"
اتجاهي,dir,directional,FILUSDT,هابط,EMA,-1,44591,44597,2024-10-01T23:11:00+00:00,2024-10-01T23:17:00+00:00,6,-0.005290809190809106,-0.10581618381618212,20.0,وقف,0,False,True,,False,3.5409374,3.542,0.0003,3.5515602121999996,1,baseline,0,"{""close"": 3.542, ""rsi"": 46.75050567312829, ""rsi7"": 41.61290807022503, ""macd"": 0.0008546943809217296, ""adx"": 17.570786756187786, ""stoch_k"": 73.33333333333319, ""stoch_d"": 87.7192982456141, ""mss"": 0.0, ""sfp"": 0.0, ""vr"": 0.9843720199344701, ""hurst"": 0.33726433407860695, ""atr14"": 0.0051900677610507255, ""vol_sma20"": 4720.4800000000005, ""vol_ratio"": 0.8813722333322034, ""atr_pct"": 0.0014652929873096346, ""retest_entry"": true}"
اتجاهي,dir,directional,FILUSDT,هابط,FVG,-1,44609,44612,2024-10-01T23:29:00+00:00,2024-10-01T23:32:00+00:00,3,-0.0013348293004638752,-0.026696586009277504,20.0,تتبع,0,False,True,,False,3.5379383000000004,3.539,0.0003,3.5345238694,1,baseline,0,"{""close"": 3.539, ""rsi"": 40.62782124001293, ""rsi7"": 30.25102163828133, ""macd"": -0.0012594708494337735, ""adx"": 14.025645841056392, ""stoch_k"": 22.222222222221404, ""stoch_d"": 46.66666666666569, ""mss"": 0.0, ""sfp"": 0.0, ""vr"": 0.9895171418846435, ""hurst"": 0.3219956126631721, ""atr14"": 0.004996791552276308, ""vol_sma20"": 2491.9035000000003, ""vol_ratio"": 1.285647698636805, ""atr_pct"": 0.0014119218853564021, ""retest_entry"": true}"
اتجاهي,dir,directional,FILUSDT,هابط,Stochastic,-1,44622,44644,2024-10-01T23:42:00+00:00,2024-10-02T00:04:00+00:00,22,-0.0016613963468830625,-0.03322792693766125,20.0,تتبع,0,False,True,,False,3.5539335000000003,3.555,0.0003,3.551666903,1,baseline,0,"{""close"": 3.555, ""rsi"": 61.33758276497831, ""rsi7"": 71.73556585062803, ""macd"": 0.0021087051022525153, ""adx"": 22.239672574576648, ""stoch_k"": 85.55555555555513, ""stoch_d"": 86.06837606837566, ""mss"": 0.0, ""sfp"": 0.0, ""vr"": 1.056026278181424, ""hurst"": 0.2368855984559835, ""atr14"": 0.005358286997150876, ""vol_sma20"": 3624.6719999999996, ""vol_ratio"": 0.26157953050648447, ""atr_pct"": 0.001507253726343425, ""retest_entry"": true}"
اتجاهي,dir,directional,FILUSDT,هابط,MicroBurst,-1,44652,44659,2024-10-02T00:12:00+00:00,2024-10-02T00:19:00+00:00,7,0.0016609950461004704,0.03321990092200941,20.0,تتبع,0,True,True,,False,3.5608622,3.563,0.0006,3.5467333603999998,1,baseline,0,"{""close"": 3.563, ""rsi"": 56.91633837979827, ""rsi7"": 57.14956792855833, ""macd"": 0.0008824373787800301, ""adx"": 20.72443874161611, ""stoch_k"": 84.00000000000036, ""stoch_d"": 89.83006535947726, ""mss"": 0.0, ""sfp"": 0.0, ""vr"": 1.2045449702229931, ""hurst"": 0.15788917595943944, ""atr14"": 0.005999693905493841, ""vol_sma20"": 3509.1285000000003, ""vol_ratio"": 1.664872061538926, ""atr_pct"": 0.0016838882698551334, ""retest_entry"": true}"
اتجاهي,dir,directional,FILUSDT,هابط,FVG,-1,44662,44666,2024-10-02T00:22:00+00:00,2024-10-02T00:26:00+00:00,4,-0.0055896103896101905,-0.11179220779220381,20.0,وقف,0,False,True,,False,3.537876,3.54,0.0006,3.5484896279999996,1,baseline,0,"{""close"": 3.539, ""rsi"": 40.038801267517094, ""rsi7"": 35.88762434677251, ""macd"": -0.0020282478881548326, ""adx"": 14.543432957414122, ""stoch_k"": 21.875000000000643, ""stoch_d"": 24.305555555556186, ""mss"": 0.0, ""sfp"": 0.0, ""vr"": 1.3946434070432283, ""hurst"": 0.17503229079954458, ""atr14"": 0.007118980686412357, ""vol_sma20"": 3327.7125, ""vol_ratio"": 0.9828703651532397, ""atr_pct"": 0.002011579736200157, ""retest_entry"": true}"
اتجاهي,dir,directional,FILUSDT,هابط,Bollinger,-1,44676,44677,2024-10-02T00:36:00+00:00,2024-10-02T00:37:00+00:00,1,-0.004592790895403625,-0.0918558179080725,20.0,زمني,0,False,True,,False,3.5708561999999997,3.573,0.0006,3.578,1,baseline,0,"{""close"": 3.571, ""rsi"": 63.14212639379406, ""rsi7"": 71.82523670240504, ""macd"": 0.003236690164257621, ""adx"": 22.96352898696885, ""stoch_k"": 93.18181818181777, ""stoch_d"": 94.79000531632094, ""mss"": 0.0, ""sfp"": 0.0, ""vr"": 1.2827763427661856, ""hurst"": 0.20361505736515456, ""atr14"": 0.006983975632175247, ""vol_sma20"": 7119.802000000001, ""vol_ratio"": 1.2375948095185791, ""atr_pct"": 0.0019557478667530793, ""retest_entry"": true}"
اتجاهي,dir,directional,FILUSDT,هابط,Bollinger,-1,44685,44688,2024-10-02T00:45:00+00:00,2024-10-02T00:48:00+00:00,3,0.0011402237229439186,0.02280447445887837,20.0,تتبع,0,True,True,,False,3.5739275000000004,3.575,0.0003,3.561612305,1,baseline,0,"{""close"": 3.575, ""rsi"": 60.91210443128699, ""rsi7"": 60.25216479916333, ""macd"": 0.00031397699716960697, ""adx"": 30.21103913105409, ""stoch_k"": 78.32919768403661, ""stoch_d"": 82.02371105596914, ""mss"": 0.0, ""sfp"": 0.0, ""vr"": 1.0849976590655035, ""hurst"": 0.255837127653166, ""atr14"": 0.006107705870893856, ""vol_sma20"": 6495.706, ""vol_ratio"": 0.12639426722822739, ""atr_pct"": 0.001708449194655624, ""retest_entry"": true}"
اتجاهي,dir,directional,FILUSDT,هابط,FVG,-1,44696,44697,2024-10-02T00:56:00+00:00,2024-10-02T00:57:00+00:00,1,-0.0028779926743797346,-0.057559853487594695,20.0,زمني,0,False,True,,False,3.5519341,3.553,0.0003,3.554,1,baseline,0,"{""close"": 3.552, ""rsi"": 38.2092861530749, ""rsi7"": 25.00291012919358, ""macd"": -0.0021944459694488157, ""adx"": 20.296502109163338, ""stoch_k"": 15.632183908046159, ""stoch_d"": 22.834659593280502, ""mss"": 0.0, ""sfp"": 0.0, ""vr"": 1.0483779100734905, ""hurst"": 0.2599062829699229, ""atr14"": 0.0060490756658040925, ""vol_sma20"": 4465.504, ""vol_ratio"": 1.8124650655334762, ""atr_pct"": 0.001703005536543945, ""retest_entry"": true}"
اتجاهي,dir,directional,FILUSDT,هابط,Bollinger,-1,44710,44711,2024-10-02T01:10:00+00:00,2024-10-02T01:11:00+00:00,1,-0.0028763422302803313,-0.05752684460560663,20.0,زمني,0,False,True,,False,3.5729278,3.574,0.0003,3.575,1,baseline,0,"{""close"": 3.574, ""rsi"": 60.95994162088962, ""rsi7"": 66.0893295598064, ""macd"": 0.001786966760307303, ""adx"": 19.655752661978415, ""stoch_k"": 87.7289377289378, ""stoch_d"": 88.7667887667892, ""mss"": 0.0, ""sfp"": 0.0, ""vr"": 0.8571708637553777, ""hurst"": 0.2680573681428006, ""atr14"": 0.0049972775206248285, ""vol_sma20"": 2638.4865, ""vol_ratio"": 0.07721093134264663, ""atr_pct"": 0.001398230979469734, ""retest_entry"": true}"
اتجاهي,dir,directional,FILUSDT,هابط,Stochastic,-1,44720,44721,2024-10-02T01:20:00+00:00,2024-10-02T01:21:00+00:00,1,-0.0025971028071656095,-0.05194205614331219,20.0,زمني,0,False,True,,False,3.5829248000000002,3.584,0.0003,3.584,1,baseline,0,"{""close"": 3.585, ""rsi"": 64.6402777728378, ""rsi7"": 65.64966266918795, ""macd"": 0.0008995319583371677, ""adx"": 29.525089902936116, ""stoch_k"": 75.03607503607502, ""stoch_d"": 77.02020202020249, ""mss"": 0.0, ""sfp"": 0.0, ""vr"": 0.8942306834573445, ""hurst"": 0.28536827069040666, ""atr14"": 0.00518758515018453, ""vol_sma20"": 2789.792, ""vol_ratio"": 0.8124261593695874, ""atr_pct"": 0.0014470251464949876, ""retest_entry"": true}"
اتجاهي,dir,directional,FILUSDT,هابط,Stochastic,-1,44729,44730,2024-10-02T01:29:00+00:00,2024-10-02T01:30:00+00:00,1,-0.0017757951581582737,-0.035515903163165476,20.0,تتبع,0,False,True,,False,3.5939215000000004,3.595,0.0003,3.5920414870000004,1,baseline,0,"{""close"": 3.595, ""rsi"": 67.32645441444885, ""rsi7"": 69.21975229409108, ""macd"": 0.0006622965818337103, ""adx"": 37.68261676937499, ""stoch_k"": 90.52287581699345, ""stoch_d"": 92.21132897603474, ""mss"": 0.0, ""sfp"": 0.0, ""vr"": 0.8163972368952165, ""hurst"": 0.3150090289748123, ""atr14"": 0.00470377993663789, ""vol_sma20"": 2128.2165, ""vol_ratio"": 0.48585752436371016, ""atr_pct"": 0.0013084227918325143, ""retest_entry"": true}"
اتجاهي,dir,directional,FILUSDT,هابط,Bollinger,-1,44735,44736,2024-10-02T01:35:00+00:00,2024-10-02T01:36:00+00:00,1,-0.0023193400189074572,-0.04638680037814914,20.0,زمني,0,False,True,,False,3.5919221,3.593,0.0003,3.592,1,baseline,0,"{""close"": 3.591, ""rsi"": 56.52120498710604, ""rsi7"": 50.564956200116605, ""macd"": -0.0005545420022245841, ""adx"": 36.730690590516616, ""stoch_k"": 63.3333333333328, ""stoch_d"": 70.03267973856175, ""mss"": 0.0, ""sfp"": 0.0, ""vr"": 0.8897326588277547, ""hurst"": 0.2890282939055948, ""atr14"": 0.0051371741010579125, ""vol_sma20"": 6553.9235, ""vol_ratio"": 0.8641785336676573, ""atr_pct"": 0.0014305692289217243, ""retest_entry"": true}"
اتجاهي,dir,directional,FILUSDT,هابط,FVG,-1,44740,44744,2024-10-02T01:40:00+00:00,2024-10-02T01:44:00+00:00,4,-0.0017013587357279098,-0.0340271747145582,20.0,قفل-ربح,0,False,True,,False,3.588923,3.59,0.0003,3.586777839935319,1,baseline,0,"{""close"": 3.591, ""rsi"": 54.52468799137891, ""rsi7"": 48.139029159577674, ""macd"": -0.0009792749450380136, ""adx"": 35.21846353461802, ""stoch_k"": 41.298701298701985, ""stoch_d"": 54.40115440115445, ""mss"": 0.0, ""sfp"": 0.0, ""vr"": 0.8218680360039408, ""hurst"": 0.2757967268722506, ""atr14"": 0.0047697811616887915, ""vol_sma20"": 6175.165, ""vol_ratio"": 0.16134143784012248, ""atr_pct"": 0.001328259861233303, ""retest_entry"": true}"
اتجاهي,dir,directional,FILUSDT,هابط,Stochastic,-1,44753,44754,2024-10-02T01:53:00+00:00,2024-10-02T01:54:00+00:00,1,-0.0031510865419487042,-0.06302173083897408,20.0,زمني,0,False,True,,False,3.6019191000000004,3.603,0.0003,3.605,1,baseline,0,"{""close"": 3.602, ""rsi"": 63.743575047232554, ""rsi7"": 70.49550683635378, ""macd"": 0.0011476245193690147, ""adx"": 29.13354948290885, ""stoch_k"": 89.7435897435895, ""stoch_d"": 92.47863247863238, ""mss"": 0.0, ""sfp"": 0.0, ""vr"": 0.81312061219943, ""hurst"": 0.2732899417947644, ""atr14"": 0.004623450434033807, ""vol_sma20"": 4360.331499999999, ""vol_ratio"": 0.3287135393260811, ""atr_pct"": 0.001283578687960524, ""retest_entry"": true}"
اتجاهي,dir,directional,FILUSDT,هابط,FVG,-1,44761,44764,2024-10-02T02:01:00+00:00,2024-10-02T02:04:00+00:00,3,-0.0018173896602780427,-0.036347793205560856,20.0,قفل-ربح,0,False,True,,False,3.6019191000000004,3.603,0.0003,3.600185068449012,1,baseline,0,"{""close"": 3.603, ""rsi"": 59.051489631298914, ""rsi7"": 55.42955680334321, ""macd"": 0.00018545525170076196, ""adx"": 32.34037353191207, ""stoch_k"": 87.74509803921516, ""stoch_d"": 90.24276377217501, ""mss"": 0.0, ""sfp"": 0.0, ""vr"": 0.6988513687886782, ""hurst"": 0.3048875137521448, ""atr14"": 0.0038545598145852122, ""vol_sma20"": 2007.9949999999997, ""vol_ratio"": 1.3511288623726654, ""atr_pct"": 0.0010698195433209027, ""retest_entry"": true}"
اتجاهي,dir,directional,FILUSDT,هابط,Bollinger,-1,44771,44775,2024-10-02T02:11:00+00:00,2024-10-02T02:15:00+00:00,4,-0.005290809190808995,-0.1058161838161799,20.0,وقف,0,False,True,,False,3.608917,3.61,0.0003,3.6197437509999997,1,baseline,0,"{""close"": 3.61, ""rsi"": 59.162498514002486, ""rsi7"": 57.61138813834295, ""macd"": 0.0008470309175108884, ""adx"": 25.582108963596976, ""stoch_k"": 87.99999999999993, ""stoch_d"": 88.17927170868366, ""mss"": 0.0, ""sfp"": 0.0, ""vr"": 0.9274129266692284, ""hurst"": 0.3064570253245095, ""atr14"": 0.0048400131176821485, ""vol_sma20"": 5904.3985, ""vol_ratio"": 0.515219289483933, ""atr_pct"": 0.0013407238553136147, ""retest_entry"": true}"
اتجاهي,dir,directional,FILUSDT,هابط,FVG,-1,44786,44787,2024-10-02T02:26:00+00:00,2024-10-02T02:27:00+00:00,1,-0.005290809190808995,-0.1058161838161799,20.0,وقف,0,False,True,,False,3.6129158,3.614,0.0003,3.6237545474,1,baseline,0,"{""close"": 3.614, ""rsi"": 53.90184496338497, ""rsi7"": 46.42580127285092, ""macd"": -0.0005260197810156853, ""adx"": 15.540052219615179, ""stoch_k"": 64.1025641025642, ""stoch_d"": 72.8327228327229, ""mss"": 0.0, ""sfp"": 0.0, ""vr"": 0.8937015676879786, ""hurst"": 0.26218703430082807, ""atr14"": 0.004415854042252914, ""vol_sma20"": 6442.2455, ""vol_ratio"": 0.5632352880684227, ""atr_pct"": 0.0012218743891125939, ""retest_entry"": true}"
اتجاهي,dir,directional,FILUSDT,هابط,FVG,-1,44792,44793,2024-10-02T02:32:00+00:00,2024-10-02T02:33:00+00:00,1,-0.004252163666555072,-0.08504327333110144,20.0,زمني,0,False,True,,False,3.6169146,3.618,0.0003,3.624,1,baseline,0,"{""close"": 3.618, ""rsi"": 52.87587909554294, ""rsi7"": 45.96823576897744, ""macd"": -0.00020701228673078616, ""adx"": 16.26744692891683, ""stoch_k"": 66.66666666666576, ""stoch_d"": 79.44444444444369, ""mss"": 0.0, ""sfp"": 0.0, ""vr"": 0.9970764613010995, ""hurst"": 0.2395453646958488, ""atr14"": 0.004826035632717986, ""vol_sma20"": 3610.6639999999998, ""vol_ratio"": 0.41099088699474673, ""atr_pct"": 0.0013338959736644517, ""retest_entry"": true}"
اتجاهي,dir,directional,FILUSDT,هابط,FVG,-1,44797,44798,2024-10-02T02:37:00+00:00,2024-10-02T02:38:00+00:00,1,-0.004529075121181817,-0.09058150242363633,20.0,زمني,0,False,True,,False,3.6149152000000004,3.616,0.0003,3.623,1,baseline,0,"{""close"": 3.616, ""rsi"": 49.64786970987851, ""rsi7"": 43.374529892551664, ""macd"": -0.0011935270376216434, ""adx"": 12.785390349310813, ""stoch_k"": 25.000000000000757, ""stoch_d"": 37.99019607843202, ""mss"": 0.0, ""sfp"": 0.0, ""vr"": 0.991123137298917, ""hurst"": 0.19585357139626494, ""atr14"": 0.004740112468351605, ""vol_sma20"": 2918.4065, ""vol_ratio"": 0.13973036312796042, ""atr_pct"": 0.0013108718109379439, ""retest_entry"": true}"
اتجاهي,dir,directional,FILUSDT,هابط,OBV,-1,44801,44808,2024-10-02T02:41:00+00:00,2024-10-02T02:48:00+00:00,7,-0.005290809190808995,-0.1058161838161799,20.0,وقف,0,False,True,,False,3.6179143000000002,3.619,0.0003,3.6287680429,1,baseline,0,"{""close"": 3.619, ""rsi"": 51.565596555413585, ""rsi7"": 47.16260944354292, ""macd"": -0.0006400733950375336, ""adx"": 14.123693533005891, ""stoch_k"": 48.134920634920945, ""stoch_d"": 51.83201058201132, ""mss"": 0.0, ""sfp"": 0.0, ""vr"": 0.9900082403731045, ""hurst"": 0.1487106563173109, ""atr14"": 0.004717054149536402, ""vol_sma20"": 2346.5755, ""vol_ratio"": 0.2598680502715553, ""atr_pct"": 0.0013034136914994202, ""retest_entry"": true}"
اتجاهي,dir,directional,FILUSDT,هابط,ADX,-1,44813,44814,2024-10-02T02:53:00+00:00,2024-10-02T02:54:00+00:00,1,-0.00259710280716572,-0.0519420561433144,20.0,زمني,0,False,True,,False,3.6349092,3.636,0.0003,3.636,1,baseline,0,"{""close"": 3.635, ""rsi"": 64.30533144072193, ""rsi7"": 68.74716729270848, ""macd"": 0.0015616804535729238, ""adx"": 23.56278333715842, ""stoch_k"": 88.46153846153739, ""stoch_d"": 92.53561253561169, ""mss"": 0.0, ""sfp"": 0.0, ""vr"": 0.9863411667715359, ""hurst"": 0.14746605065276552, ""atr14"": 0.004601922976880361, ""vol_sma20"": 2566.294, ""vol_ratio"": 1.358511534531897, ""atr_pct"": 0.0012660035699808422, ""retest_entry"": true}"
اتجاهي,dir,directional,FILUSDT,هابط,Bollinger,-1,44818,44819,2024-10-02T02:58:00+00:00,2024-10-02T02:59:00+00:00,1,-0.0020479959580807687,-0.04095991916161537,20.0,زمني,0,False,True,,False,3.6339095,3.635,0.0003,3.633,1,baseline,0,"{""close"": 3.633, ""rsi"": 59.43529011966245, ""rsi7"": 56.67890156922225, ""macd"": 0.0002863393813318212, ""adx"": 28.7573370127033, ""stoch_k"": 72.54738015607516, ""stoch_d"": 76.96023782980272, ""mss"": 0.0, ""sfp"": 0.0, ""vr"": 0.9013147127297985, ""hurst"": 0.14661962400744563, ""atr14"": 0.004185818758283078, ""vol_sma20"": 3722.2069999999994, ""vol_ratio"": 0.5958051231433396, ""atr_pct"": 0.0011521659119964431, ""retest_entry"": true}"
اتجاهي,dir,directional,FILUSDT,هابط,FVG,-1,44832,44833,2024-10-02T03:12:00+00:00,2024-10-02T03:13:00+00:00,1,-0.003972518598526976,-0.07945037197053952,20.0,زمني,0,False,True,,False,3.6269116,3.628,0.0003,3.633,1,baseline,0,"{""close"": 3.628, ""rsi"": 45.89412380155948, ""rsi7"": 37.76465220472916, ""macd"": -0.0012137508230488981, ""adx"": 22.065396656508725, ""stoch_k"": 23.593073593074298, ""stoch_d"": 34.126984126984745, ""mss"": 0.0, ""sfp"": 0.0, ""vr"": 0.9959305786447656, ""hurst"": 0.14443489205288668, ""atr14"": 0.004526148401999555, ""vol_sma20"": 3573.2885, ""vol_ratio"": 0.5155391175383683, ""atr_pct"": 0.0012475601990075951, ""retest_entry"": true}"
اتجاهي,dir,directional,FILUSDT,هابط,Stochastic,-1,44841,44842,2024-10-02T03:21:00+00:00,2024-10-02T03:22:00+00:00,1,-0.0023227003605855888,-0.04645400721171178,20.0,زمني,0,False,True,,False,3.6359089,3.637,0.0003,3.636,1,baseline,0,"{""close"": 3.636, ""rsi"": 53.08898136087339, ""rsi7"": 51.058538664566726, ""macd"": 0.00010071397365209243, ""adx"": 17.621915614060228, ""stoch_k"": 81.25000000000006, ""stoch_d"": 84.72222222222199, ""mss"": 0.0, ""sfp"": 0.0, ""vr"": 0.9288907255335485, ""hurst"": 0.13923768649511212, ""atr14"": 0.004171916447566476, ""vol_sma20"": 2036.9140000000002, ""vol_ratio"": 0.7049634888856378, ""atr_pct"": 0.0011473917622570066, ""retest_entry"": true}"
اتجاهي,dir,directional,FILUSDT,هابط,Stochastic,-1,44861,44862,2024-10-02T03:41:00+00:00,2024-10-02T03:42:00+00:00,1,-0.002870453039488846,-0.05740906078977692,20.0,زمني,0,False,True,,False,3.6499047,3.651,0.0003,3.652,1,baseline,0,"{""close"": 3.65, ""rsi"": 64.29434163642097, ""rsi7"": 68.60452579033658, ""macd"": 0.0008715259889840632, ""adx"": 28.592075803578272, ""stoch_k"": 94.73684210526204, ""stoch_d"": 96.92007797270873, ""mss"": 0.0, ""sfp"": 0.0, ""vr"": 0.709165630543655, ""hurst"": 0.13428633395286252, ""atr14"": 0.0030914022510346996, ""vol_sma20"": 2758.066, ""vol_ratio"": 0.1908982598676029, ""atr_pct"": 0.0008469595208314245, ""retest_entry"": true}"
اتجاهي,dir,directional,FILUSDT,هابط,FVG,-1,44871,44900,2024-10-02T03:51:00+00:00,2024-10-02T04:20:00+00:00,29,0.0020771412258835643,0.04154282451767129,20.0,تتبع,0,True,True,,False,3.6509044000000004,3.652,0.0003,3.6348954808,1,baseline,0,"{""close"": 3.652, ""rsi"": 57.823278943265336, ""rsi7"": 50.718505615953916, ""macd"": -0.0003623092678872843, ""adx"": 37.60684070894828, ""stoch_k"": 58.20512820512946, ""stoch_d"": 68.48290598290696, ""mss"": 0.0, ""sfp"": 0.0, ""vr"": 0.7474264985021772, ""hurst"": 0.17669628982518001, ""atr14"": 0.0031808193540137845, ""vol_sma20"": 2138.383, ""vol_ratio"": 0.38038555300897925, ""atr_pct"": 0.0008709801078898643, ""retest_entry"": true}"
اتجاهي,dir,directional,FILUSDT,هابط,FVG,-1,44904,44909,2024-10-02T04:24:00+00:00,2024-10-02T04:29:00+00:00,5,-0.005290809190808995,-0.1058161838161799,20.0,وقف,0,False,True,,False,3.6309104000000003,3.632,0.0003,3.6418031312,1,baseline,0,"{""close"": 3.632, ""rsi"": 43.61577680013804, ""rsi7"": 45.33516609673173, ""macd"": 0.0008911640275766504, ""adx"": 38.83475877032124, ""stoch_k"": 56.86274509803919, ""stoch_d"": 69.33551198257054, ""mss"": 0.0, ""sfp"": 0.0, ""vr"": 0.9279075071105327, ""hurst"": 0.5009427185673326, ""atr14"": 0.0033126891059116897, ""vol_sma20"": 2122.831, ""vol_ratio"": 0.09457182413484633, ""atr_pct"": 0.0009120840049316326, ""retest_entry"": true}"
اتجاهي,dir,directional,FILUSDT,هابط,MicroBurst,-1,44915,44916,2024-10-02T04:35:00+00:00,2024-10-02T04:36:00+00:00,1,-0.0023223982384313435,-0.04644796476862687,20.0,زمني,0,False,True,,False,3.6319101000000003,3.633,0.0003,3.632,1,baseline,0,"{""close"": 3.632, ""rsi"": 45.0650088048953, ""rsi7"": 41.51233657355925, ""macd"": 0.0004966645715575246, ""adx"": 23.693840854309403, ""stoch_k"": 45.238095238094985, ""stoch_d"": 55.602240896358545, ""mss"": 0.0, ""sfp"": 0.0, ""vr"": 1.100557239088898, ""hurst"": 0.5224060045199519, ""atr14"": 0.003823245710186019, ""vol_sma20"": 2229.0485, ""vol_ratio"": 4.392075811719664, ""atr_pct"": 0.001052655757209807, ""retest_entry"": true}"
اتجاهي,dir,directional,FILUSDT,هابط,FVG,-1,44925,44930,2024-10-02T04:45:00+00:00,2024-10-02T04:50:00+00:00,5,-0.0018732925580278639,-0.03746585116055728,20.0,قفل-ربح,0,False,True,,False,3.6329098,3.634,0.0003,3.631364406844117,1,baseline,0,"{""close"": 3.634, ""rsi"": 48.1897161108496, ""rsi7"": 46.90869880031838, ""macd"": 0.00010042935834748924, ""adx"": 16.45641407611964, ""stoch_k"": 33.33333333333439, ""stoch_d"": 39.814814814816465, ""mss"": 0.0, ""sfp"": 0.0, ""vr"": 0.9984981552327874, ""hurst"": 0.5194774180304789, ""atr14"": 0.0034352375843488365, ""vol_sma20"": 2433.757, ""vol_ratio"": 0.15426766106887416, ""atr_pct"": 0.0009453047838054036, ""retest_entry"": true}"
اتجاهي,dir,directional,FILUSDT,هابط,FVG,-1,44937,44947,2024-10-02T04:57:00+00:00,2024-10-02T05:07:00+00:00,10,-0.005290809190808885,-0.10581618381617769,20.0,وقف,0,False,True,,False,3.6349092,3.636,0.0003,3.6458139275999994,1,baseline,0,"{""close"": 3.636, ""rsi"": 52.10317452154055, ""rsi7"": 52.87073340715456, ""macd"": 0.0007125107967529376, ""adx"": 14.411616610911702, ""stoch_k"": 70.13888888888908, ""stoch_d"": 82.48456790123494, ""mss"": 0.0, ""sfp"": 0.0, ""vr"": 1.0729466498438733, ""hurst"": 0.4698271247445444, ""atr14"": 0.003543628596650002, ""vol_sma20"": 1705.807, ""vol_ratio"": 2.183635077121855, ""atr_pct"": 0.0009745953236111116, ""retest_entry"": true}"
اتجاهي,dir,directional,FILUSDT,هابط,MicroBurst,-1,44952,44957,2024-10-02T05:12:00+00:00,2024-10-02T05:17:00+00:00,5,-0.001829081010612782,-0.03658162021225564,20.0,قفل-ربح,0,False,True,,False,3.6459059,3.647,0.0003,3.6441934161063574,1,baseline,0,"{""close"": 3.648, ""rsi"": 62.722556451750926, ""rsi7"": 64.87611833967776, ""macd"": 0.0013627464445497913, ""adx"": 19.56021499504007, ""stoch_k"": 85.34571723426116, ""stoch_d"": 90.60887512899825, ""mss"": 0.0, ""sfp"": 0.0, ""vr"": 1.178269169593264, ""hurst"": 0.4193361967702328, ""atr14"": 0.0038077055411098876, ""vol_sma20"": 1372.741, ""vol_ratio"": 1.5034227141172296, ""atr_pct"": 0.001043778931225298, ""retest_entry"": true}"
اتجاهي,dir,directional,FILUSDT,هابط,MicroBurst,-1,44963,44968,2024-10-02T05:23:00+00:00,2024-10-02T05:28:00+00:00,5,-0.001104635182744088,-0.022092703654881758,20.0,تتبع,0,False,True,,False,3.6398148,3.642,0.0006,3.6343672536,1,baseline,0,"{""close"": 3.642, ""rsi"": 48.63883150755986, ""rsi7"": 39.80380377065764, ""macd"": -0.0003185117633127425, ""adx"": 19.51258679567687, ""stoch_k"": 53.84615384615429, ""stoch_d"": 65.06410256410274, ""mss"": 0.0, ""sfp"": 0.0, ""vr"": 1.2262340764329631, ""hurst"": 0.4309339798807101, ""atr14"": 0.004000659406635655, ""vol_sma20"": 2393.5865, ""vol_ratio"": 3.5461722398584716, ""atr_pct"": 0.001098478694847791, ""retest_entry"": true}"
اتجاهي,dir,directional,FILUSDT,هابط,Stochastic,-1,44986,44987,2024-10-02T05:46:00+00:00,2024-10-02T05:47:00+00:00,1,-0.002322851172592494,-0.04645702345184988,20.0,زمني,0,False,True,,False,3.6379083,3.639,0.0003,3.638,1,baseline,0,"{""close"": 3.638, ""rsi"": 51.536326541697, ""rsi7"": 55.54486294827404, ""macd"": 0.0007921005650469101, ""adx"": 18.944627238538317, ""stoch_k"": 88.88888888888708, ""stoch_d"": 93.20987654320913, ""mss"": 0.0, ""sfp"": 0.0, ""vr"": 0.9422393467364507, ""hurst"": 0.2686305486451969, ""atr14"": 0.003292690377838851, ""vol_sma20"": 1595.6545, ""vol_ratio"": 0.757701620244232, ""atr_pct"": 0.0009050825667506463, ""retest_entry"": true}"
اتجاهي,dir,directional,FILUSDT,هابط,FVG,-1,44994,44997,2024-10-02T05:54:00+00:00,2024-10-02T05:57:00+00:00,3,-0.005290809190808885,-0.10581618381617769,20.0,وقف,0,False,True,,False,3.6349092,3.636,0.0003,3.6458139275999994,1,baseline,0,"{""close"": 3.636, ""rsi"": 45.78425238385882, ""rsi7"": 39.50669466339257, ""macd"": 7.996550283529021e-05, ""adx"": 14.685903768968243, ""stoch_k"": 57.57575757575814, ""stoch_d"": 70.70707070707165, ""mss"": 0.0, ""sfp"": 0.0, ""vr"": 1.0340201033626424, ""hurst"": 0.2877041131742499, ""atr14"": 0.0036864906605895286, ""vol_sma20"": 2587.9545000000003, ""vol_ratio"": 1.0813559511962052, ""atr_pct"": 0.0010138863202941498, ""retest_entry"": true}"
اتجاهي,dir,directional,FILUSDT,هابط,Stochastic,-1,45001,45010,2024-10-02T06:01:00+00:00,2024-10-02T06:10:00+00:00,9,-0.0004079024820508775,-0.00815804964101755,20.0,تتبع,0,False,True,,False,3.6459059,3.647,0.0003,3.639,1,baseline,0,"{""close"": 3.648, ""rsi"": 61.73416271336988, ""rsi7"": 67.10998177043996, ""macd"": 0.0011537984327829622, ""adx"": 19.581560607945292, ""stoch_k"": 77.77777777777789, ""stoch_d"": 83.64197530864224, ""mss"": 0.0, ""sfp"": 0.0, ""vr"": 1.098067855890802, ""hurst"": 0.3049707104090308, ""atr14"": 0.00398779479796387, ""vol_sma20"": 4046.8799999999997, ""vol_ratio"": 0.3641644921519788, ""atr_pct"": 0.0010931455038278152, ""retest_entry"": true}"
اتجاهي,dir,directional,FILUSDT,هابط,MicroBurst,-1,45024,45025,2024-10-02T06:24:00+00:00,2024-10-02T06:25:00+00:00,1,-0.005290809190808995,-0.1058161838161799,20.0,وقف,0,False,True,,False,3.648905,3.65,0.0003,3.659851715,1,baseline,0,"{""close"": 3.649, ""rsi"": 54.059372339917864, ""rsi7"": 48.92851752810917, ""macd"": -0.00016057951440526892, ""adx"": 14.212349306498211, ""stoch_k"": 75.55555555555571, ""stoch_d"": 79.07407407407409, ""mss"": 0.0, ""sfp"": 0.0, ""vr"": 0.9725453182413077, ""hurst"": 0.2968956900741918, ""atr14"": 0.00362702941415462, ""vol_sma20"": 7651.524, ""vol_ratio"": 2.906079886830388, ""atr_pct"": 0.0009939790118264236, ""retest_entry"": true}"
اتجاهي,dir,directional,FILUSDT,هابط,RSI,-1,45040,45048,2024-10-02T06:40:00+00:00,2024-10-02T06:48:00+00:00,8,-0.005290809190808995,-0.1058161838161799,20.0,وقف,0,False,True,,False,3.6717956,3.674,0.0006,3.6828109867999994,1,baseline,0,"{""close"": 3.674, ""rsi"": 69.49365202781088, ""rsi7"": 68.9449374613244, ""macd"": 0.0015022524297688715, ""adx"": 33.210805864142834, ""stoch_k"": 82.38916256157655, ""stoch_d"": 88.47153804050406, ""mss"": 0.0, ""sfp"": 0.0, ""vr"": 1.2074482570794138, ""hurst"": 0.37357964486592926, ""atr14"": 0.004634318304924326, ""vol_sma20"": 5022.8715, ""vol_ratio"": 1.3796510621464237, ""atr_pct"": 0.001261382227796496, ""retest_entry"": true}"
اتجاهي,dir,directional,FILUSDT,هابط,Bollinger,-1,45057,45058,2024-10-02T06:57:00+00:00,2024-10-02T06:58:00+00:00,1,-0.002868446390148648,-0.05736892780297296,20.0,زمني,0,False,True,,False,3.6768966,3.678,0.0003,3.679,1,baseline,0,"{""close"": 3.678, ""rsi"": 58.27050979995841, ""rsi7"": 52.37790867560397, ""macd"": -0.0007265605343139206, ""adx"": 40.3129053449987, ""stoch_k"": 54.901960784313054, ""stoch_d"": 58.16993464052252, ""mss"": 0.0, ""sfp"": 0.0, ""vr"": 1.1152662824515136, ""hurst"": 0.3717502383698041, ""atr14"": 0.004467175381117863, ""vol_sma20"": 4144.9915, ""vol_ratio"": 0.6823126175288899, ""atr_pct"": 0.001214566444023345, ""retest_entry"": true}"
اتجاهي,dir,directional,FILUSDT,هابط,MicroBurst,-1,45064,45074,2024-10-02T07:04:00+00:00,2024-10-02T07:14:00+00:00,10,0.001039722916682941,0.02079445833365882,20.0,تتبع,0,True,True,,False,3.6758969,3.677,0.0003,3.6636006158,1,baseline,0,"{""close"": 3.678, ""rsi"": 56.17882719567817, ""rsi7"": 49.33872752849751, ""macd"": -0.0008930356321743683, ""adx"": 39.21657041891356, ""stoch_k"": 38.150738150738675, ""stoch_d"": 41.20694120694147, ""mss"": 0.0, ""sfp"": 0.0, ""vr"": 1.0405244475001825, ""hurst"": 0.28430281037254634, ""atr14"": 0.0041801731336438205, ""vol_sma20"": 3691.0175000000004, ""vol_ratio"": 2.2858114327553305, ""atr_pct"": 0.00113653429408478, ""retest_entry"": true}"
اتجاهي,dir,directional,FILUSDT,هابط,FVG,-1,45082,45083,2024-10-02T07:22:00+00:00,2024-10-02T07:23:00+00:00,1,-0.0017648347106020618,-0.035296694212041235,20.0,قفل-ربح,0,False,True,,False,3.6629008,3.664,0.0003,3.66094446381076,1,baseline,0,"{""close"": 3.662, ""rsi"": 43.831257993025574, ""rsi7"": 44.82580708607678, ""macd"": -3.827366150352613e-05, ""adx"": 21.597374433057574, ""stoch_k"": 44.292929292928825, ""stoch_d"": 41.430976430975925, ""mss"": 0.0, ""sfp"": 0.0, ""vr"": 1.0478796576468394, ""hurst"": 0.4767724985481511, ""atr14"": 0.004346344614809033, ""vol_sma20"": 3421.2204999999994, ""vol_ratio"": 0.37643875920888475, ""atr_pct"": 0.0011868772842187419, ""retest_entry"": true}"
اتجاهي,dir,directional,FILUSDT,هابط,Bollinger,-1,45086,45087,2024-10-02T07:26:00+00:00,2024-10-02T07:27:00+00:00,1,-0.00450793756851192,-0.0901587513702384,20.0,زمني,0,False,True,,False,3.6549032,3.656,0.0003,3.663,1,baseline,0,"{""close"": 3.655, ""rsi"": 36.03322438778915, ""rsi7"": 29.7186577235711, ""macd"": -0.0004908626069654734, ""adx"": 22.08507708613643, ""stoch_k"": 9.393939393938448, ""stoch_d"": 18.383838383837254, ""mss"": 0.0, ""sfp"": 0.0, ""vr"": 1.0228540313830905, ""hurst"": 0.5107258473477211, ""atr14"": 0.0042865719633371656, ""vol_sma20"": 3607.3315000000002, ""vol_ratio"": 0.23739431765558555, ""atr_pct"": 0.0011727967067953942, ""retest_entry"": true}"
اتجاهي,dir,directional,FILUSDT,هابط,MicroBurst,-1,45099,45100,2024-10-02T07:39:00+00:00,2024-10-02T07:40:00+00:00,1,-0.00368218212025258,-0.0736436424050516,20.0,زمني,0,False,True,,False,3.6778963,3.679,0.0003,3.683,1,baseline,0,"{""close"": 3.679, ""rsi"": 63.70287391106445, ""rsi7"": 68.69412901768715, ""macd"": 0.0021810800797210685, ""adx"": 27.90165922003989, ""stoch_k"": 88.88888888888857, ""stoch_d"": 92.09424527502324, ""mss"": 0.0, ""sfp"": 0.0, ""vr"": 1.0150715915923623, ""hurst"": 0.5297201430117076, ""atr14"": 0.0043116624622296365, ""vol_sma20"": 2352.011, ""vol_ratio"": 3.451884366187063, ""atr_pct"": 0.0011719658772029456, ""retest_entry"": true}"
اتجاهي,dir,directional,FILUSDT,هابط,Stochastic,-1,45103,45108,2024-10-02T07:43:00+00:00,2024-10-02T07:48:00+00:00,5,-0.005290809190808995,-0.1058161838161799,20.0,وقف,0,False,True,,False,3.6738975,3.675,0.0003,3.6849191924999993,1,baseline,0,"{""close"": 3.676, ""rsi"": 55.31168287818791, ""rsi7"": 49.596057263768465, ""macd"": 0.0010356496028918038, ""adx"": 31.006837791413027, ""stoch_k"": 79.34914361001287, ""stoch_d"": 84.60197174140158, ""mss"": 0.0, ""sfp"": 0.0, ""vr"": 1.0012832389392954, ""hurst"": 0.5343878311143082, ""atr14"": 0.004260891076211521, ""vol_sma20"": 2372.2475, ""vol_ratio"": 0.958091430173285, ""atr_pct"": 0.0011591107389041133, ""retest_entry"": true}"
اتجاهي,dir,directional,FILUSDT,هابط,MSS,-1,45110,45118,2024-10-02T07:50:00+00:00,2024-10-02T07:58:00+00:00,8,3.673325891525296e-05,0.0007346651783050592,20.0,تتبع,0,True,True,,False,3.6708984000000004,3.672,0.0003,3.6623091888,1,baseline,0,"{""close"": 3.671, ""rsi"": 45.73177235809559, ""rsi7"": 36.00661988320744, ""macd"": -0.000642019130291255, ""adx"": 26.129590345995624, ""stoch_k"": 49.05982905982845, ""stoch_d"": 63.91025641025567, ""mss"": -1.0, ""sfp"": 0.0, ""vr"": 1.1833001123962086, ""hurst"": 0.516221316133134, ""atr14"": 0.005101722793797026, ""vol_sma20"": 3623.7299999999996, ""vol_ratio"": 0.6143752431886482, ""atr_pct"": 0.001389736527866256, ""retest_entry"": true}"
اتجاهي,dir,directional,FILUSDT,هابط,FVG,-1,45122,45123,2024-10-02T08:02:00+00:00,2024-10-02T08:03:00+00:00,1,-0.002324051726943621,-0.046481034538872416,20.0,زمني,0,False,True,,False,3.6539034999999997,3.655,0.0003,3.654,1,baseline,0,"{""close"": 3.656, ""rsi"": 34.27857421135768, ""rsi7"": 26.38433322852609, ""macd"": -0.0014627421108243345, ""adx"": 26.961193450654445, ""stoch_k"": 13.194243214526935, ""stoch_d"": 14.701857754595723, ""mss"": 0.0, ""sfp"": 0.0, ""vr"": 1.0132998686082852, ""hurst"": 0.45119137712041835, ""atr14"": 0.004408522754066721, ""vol_sma20"": 3277.7805, ""vol_ratio"": 0.8611192848331364, ""atr_pct"": 0.0012058322631473526, ""retest_entry"": true}"
اتجاهي,dir,directional,FILUSDT,هابط,FVG,-1,45130,45131,2024-10-02T08:10:00+00:00,2024-10-02T08:11:00+00:00,1,-0.003417827887931767,-0.06835655775863535,20.0,زمني,0,False,True,,False,3.6469056,3.648,0.0003,3.651,1,baseline,0,"{""close"": 3.647, ""rsi"": 30.577372187947574, ""rsi7"": 23.415865397056095, ""macd"": -0.000853175507407271, ""adx"": 31.771823630644306, ""stoch_k"": 13.888888888889653, ""stoch_d"": 26.499118165786047, ""mss"": 0.0, ""sfp"": 0.0, ""vr"": 0.9424917121867357, ""hurst"": 0.4299309485880051, ""atr14"": 0.0041448273537812936, ""vol_sma20"": 4203.255500000001, ""vol_ratio"": 10.626808196646621, ""atr_pct"": 0.0011365032502827787, ""retest_entry"": true}"
اتجاهي,dir,directional,FILUSDT,هابط,OBV,-1,45157,45158,2024-10-02T08:37:00+00:00,2024-10-02T08:38:00+00:00,1,-0.0023246480710991625,-0.04649296142198325,20.0,زمني,0,False,True,,False,3.6619011,3.663,0.0003,3.662,1,baseline,0,"{""close"": 3.662, ""rsi"": 57.82079265827429, ""rsi7"": 63.900356324129376, ""macd"": 0.0015153819296342336, ""adx"": 20.580489102796907, ""stoch_k"": 83.22440087145955, ""stoch_d"": 88.09005083514893, ""mss"": 0.0, ""sfp"": 0.0, ""vr"": 0.9469257282424451, ""hurst"": 0.4428337634877634, ""atr14"": 0.004089824841129807, ""vol_sma20"": 2974.4759999999997, ""vol_ratio"": 2.6466409545748566, ""atr_pct"": 0.001116828192553197, ""retest_entry"": true}"
اتجاهي,dir,directional,FILUSDT,هابط,Stochastic,-1,45163,45177,2024-10-02T08:43:00+00:00,2024-10-02T08:57:00+00:00,14,-0.0018061130079950927,-0.03612226015990185,20.0,قفل-ربح,0,False,True,,False,3.6589020000000003,3.66,0.0003,3.657099180622487,1,baseline,0,"{""close"": 3.661, ""rsi"": 53.13982255429428, ""rsi7"": 48.65176802139876, ""macd"": 0.0005414909015160085, ""adx"": 24.469408393492927, ""stoch_k"": 78.15789473684208, ""stoch_d"": 83.34957764782364, ""mss"": 0.0, ""sfp"": 0.0, ""vr"": 0.9291745969508726, ""hurst"": 0.45364444010504096, ""atr14"": 0.004008562460102296, ""vol_sma20"": 2938.638, ""vol_ratio"": 1.4280220973117477, ""atr_pct"": 0.001094936481863506, ""retest_entry"": true}"
اتجاهي,dir,directional,FILUSDT,هابط,FVG,-1,45185,45186,2024-10-02T09:05:00+00:00,2024-10-02T09:06:00+00:00,1,-0.0025971028071656095,-0.05194205614331219,20.0,زمني,0,False,True,,False,3.6479053,3.649,0.0003,3.649,1,baseline,0,"{""close"": 3.649, ""rsi"": 37.21716272555794, ""rsi7"": 30.62195511821669, ""macd"": -0.0006847498556988363, ""adx"": 11.771944003793806, ""stoch_k"": 19.444444444443974, ""stoch_d"": 26.1111111111101, ""mss"": 0.0, ""sfp"": 0.0, ""vr"": 0.868149084152629, ""hurst"": 0.42262111665688834, ""atr14"": 0.0035729824597848475, ""vol_sma20"": 1922.5275000000001, ""vol_ratio"": 1.0800989842798085, ""atr_pct"": 0.0009791675691380782, ""retest_entry"": true}"
اتجاهي,dir,directional,FILUSDT,هابط,Bollinger,-1,45189,45193,2024-10-02T09:09:00+00:00,2024-10-02T09:13:00+00:00,4,-0.0018556132929465547,-0.03711226585893109,20.0,قفل-ربح,0,False,True,,False,3.6479053,3.649,0.0003,3.6462888871409405,1,baseline,0,"{""close"": 3.648, ""rsi"": 39.552803408906136, ""rsi7"": 36.57201797740919, ""macd"": -0.0005506534402012048, ""adx"": 11.891561077524559, ""stoch_k"": 15.45454545454622, ""stoch_d"": 22.44107744107704, ""mss"": 0.0, ""sfp"": 0.0, ""vr"": 0.877483142725791, ""hurst"": 0.4196154789528572, ""atr14"": 0.0035921218251227156, ""vol_sma20"": 2164.0865, ""vol_ratio"": 0.20380885884182542, ""atr_pct"": 0.0009846825178516216, ""retest_entry"": true}"
اتجاهي,dir,directional,FILUSDT,هابط,OBV,-1,45196,45198,2024-10-02T09:16:00+00:00,2024-10-02T09:18:00+00:00,2,-0.0006193932944391563,-0.012387865888783127,20.0,تتبع,0,False,True,,False,3.6399077,3.641,0.0003,3.6337847414,1,baseline,0,"{""close"": 3.641, ""rsi"": 32.505710331562085, ""rsi7"": 25.5955719334372, ""macd"": -0.0007413384431137729, ""adx"": 18.18346714094409, ""stoch_k"": 11.06442577030847, ""stoch_d"": 13.112745098039534, ""mss"": 0.0, ""sfp"": 0.0, ""vr"": 0.846701699797247, ""hurst"": 0.4533216795714915, ""atr14"": 0.003432227937416711, ""vol_sma20"": 2271.788, ""vol_ratio"": 0.7753848510512424, ""atr_pct"": 0.000942660790281986, ""retest_entry"": true}"
اتجاهي,dir,directional,FILUSDT,هابط,Bollinger,-1,45204,45205,2024-10-02T09:24:00+00:00,2024-10-02T09:25:00+00:00,1,-0.0025971028071656095,-0.05194205614331219,20.0,زمني,0,False,True,,False,3.6319101000000003,3.633,0.0003,3.633,1,baseline,0,"{""close"": 3.633, ""rsi"": 32.90998314518667, ""rsi7"": 30.64891612013126, ""macd"": -0.0003705226817183379, ""adx"": 29.03330527876391, ""stoch_k"": 30.15873015872963, ""stoch_d"": 38.09523809523791, ""mss"": 0.0, ""sfp"": 0.0, ""vr"": 1.056521853326812, ""hurst"": 0.4188676978147335, ""atr14"": 0.004265197343369703, ""vol_sma20"": 2362.452, ""vol_ratio"": 0.9640195864296923, ""atr_pct"": 0.0011740152335176723, ""retest_entry"": true}"
اتجاهي,dir,directional,FILUSDT,هابط,FVG,-1,45210,45212,2024-10-02T09:30:00+00:00,2024-10-02T09:32:00+00:00,2,-0.0020717115920869354,-0.04143423184173871,20.0,قفل-ربح,0,False,True,,False,3.6269116,3.628,0.0003,3.625,1,baseline,0,"{""close"": 3.627, ""rsi"": 32.23604201180922, ""rsi7"": 29.545882446848466, ""macd"": -0.00020243226803867177, ""adx"": 33.18386345180969, ""stoch_k"": 29.343681917209846, ""stoch_d"": 29.469575354507707, ""mss"": 0.0, ""sfp"": 0.0, ""vr"": 1.1767796386201839, ""hurst"": 0.4222781637207055, ""atr14"": 0.004728856721550006, ""vol_sma20"": 2836.832, ""vol_ratio"": 4.401067810853798, ""atr_pct"": 0.0013037928650537652, ""retest_entry"": true}"
اتجاهي,dir,directional,FILUSDT,هابط,MicroBurst,-1,45214,45223,2024-10-02T09:34:00+00:00,2024-10-02T09:43:00+00:00,9,-6.945082213756242e-05,-0.0013890164427512485,20.0,تتبع,0,False,True,,False,3.6158292,3.618,0.0006,3.6066647544,1,baseline,0,"{""close"": 3.619, ""rsi"": 28.879471153386476, ""rsi7"": 24.304644607489294, ""macd"": -0.0007847700134095675, ""adx"": 38.49616542802109, ""stoch_k"": 25.01341921631838, ""stoch_d"": 30.34532116657688, ""mss"": 0.0, ""sfp"": 1.0, ""vr"": 1.353786203306164, ""hurst"": 0.4476523149191532, ""atr14"": 0.005458425573307748, ""vol_sma20"": 3981.3424999999997, ""vol_ratio"": 2.07404411954008, ""atr_pct"": 0.001508269017216841, ""retest_entry"": true}"
اتجاهي,dir,directional,FILUSDT,هابط,Bollinger,-1,45271,45273,2024-10-02T10:31:00+00:00,2024-10-02T10:33:00+00:00,2,-0.005290809190808885,-0.10581618381617769,20.0,وقف,0,False,True,,False,3.6169146,3.618,0.0003,3.6277653437999993,1,baseline,0,"{""close"": 3.619, ""rsi"": 68.75562988759, ""rsi7"": 77.51152146627679, ""macd"": 0.0019042570795428588, ""adx"": 32.91565015580367, ""stoch_k"": 94.50292397660827, ""stoch_d"": 93.19688109161787, ""mss"": 0.0, ""sfp"": 0.0, ""vr"": 1.1000010761594616, ""hurst"": 0.545543173754823, ""atr14"": 0.005922876869858332, ""vol_sma20"": 3691.6865000000007, ""vol_ratio"": 0.6001538863064346, ""atr_pct"": 0.0016366059325389145, ""retest_entry"": true}"
اتجاهي,dir,directional,FILUSDT,هابط,FVG,-1,45276,45300,2024-10-02T10:36:00+00:00,2024-10-02T11:00:00+00:00,24,0.008441364696225714,0.1688272939245143,20.0,حصد-اعادة,0,True,True,,False,3.6078339999999995,3.61,0.0006,3.569,1,baseline,0,"{""close"": 3.61, ""rsi"": 50.56782087801522, ""rsi7"": 40.13793933342006, ""macd"": -6.426196428233662e-05, ""adx"": 34.902263071733245, ""stoch_k"": 59.30521091811385, ""stoch_d"": 79.10731244064559, ""mss"": 0.0, ""sfp"": 0.0, ""vr"": 1.205939369771957, ""hurst"": 0.5862793582045622, ""atr14"": 0.006643752829253268, ""vol_sma20"": 5639.633, ""vol_ratio"": 5.565287670314717, ""atr_pct"": 0.0018403747449455036, ""retest_entry"": true}"
اتجاهي,dir,directional,FILUSDT,هابط,FVG,-1,45300,45301,2024-10-02T11:00:00+00:00,2024-10-02T11:01:00+00:00,1,-0.004834147801756474,-0.19336591207025897,40.0,زمني,0,False,True,,False,3.5679293,3.569,0.0003,3.577,2,baseline,1,"{""close"": 3.568, ""rsi"": 21.633346372609537, ""rsi7"": 10.67926197360751, ""macd"": -0.0041538654747383915, ""adx"": 28.871518327071303, ""stoch_k"": 3.6613756613757302, ""stoch_d"": 3.372134038800928, ""mss"": 0.0, ""sfp"": 0.0, ""vr"": 0.9911729520937429, ""hurst"": 0.5487706320062711, ""atr14"": 0.005997587627474986, ""vol_sma20"": 4849.335000000001, ""vol_ratio"": 2.986397103932807, ""atr_pct"": 0.0016809382363999399}"
اتجاهي,dir,directional,FILUSDT,هابط,FVG,-1,45308,45310,2024-10-02T11:08:00+00:00,2024-10-02T11:10:00+00:00,2,-0.001683823813893025,-0.033676476277860495,20.0,قفل-ربح,0,False,True,,False,3.5579323000000005,3.559,0.0003,3.5546733838202074,1,baseline,0,"{""close"": 3.56, ""rsi"": 27.428108050364784, ""rsi7"": 22.545407072929464, ""macd"": -0.0011867611368215954, ""adx"": 30.62167332009882, ""stoch_k"": 8.946013682855794, ""stoch_d"": 16.834250351580426, ""mss"": 0.0, ""sfp"": 0.0, ""vr"": 1.1585093328293972, ""hurst"": 0.5425111583393951, ""atr14"": 0.007246244679849987, ""vol_sma20"": 9052.779499999999, ""vol_ratio"": 0.7760191220828919, ""atr_pct"": 0.0020354619887219066, ""retest_entry"": true}"
اتجاهي,dir,directional,FILUSDT,هابط,EMA,-1,45318,45324,2024-10-02T11:18:00+00:00,2024-10-02T11:24:00+00:00,6,-0.005641841925121481,-0.11283683850242962,20.0,وقف,0,False,True,,False,3.5788514,3.581,0.0006,3.589775369898009,1,baseline,0,"{""close"": 3.582, ""rsi"": 50.99267042486074, ""rsi7"": 54.69715474711952, ""macd"": 0.0039411345248370425, ""adx"": 25.07063126104761, ""stoch_k"": 82.98470535312573, ""stoch_d"": 87.7684312466917, ""mss"": 0.0, ""sfp"": 0.0, ""vr"": 1.435140278567799, ""hurst"": 0.4569305671849278, ""atr14"": 0.009507461376080965, ""vol_sma20"": 10300.0635, ""vol_ratio"": 0.5359733947271296, ""atr_pct"": 0.0026542326566390186, ""retest_entry"": true}"
اتجاهي,dir,directional,FILUSDT,هابط,OBV,-1,45329,45330,2024-10-02T11:29:00+00:00,2024-10-02T11:30:00+00:00,1,-0.005290809190808885,-0.10581618381617769,20.0,وقف,0,False,True,,False,3.5899227000000002,3.591,0.0003,3.6006924680999997,1,baseline,0,"{""close"": 3.591, ""rsi"": 56.34168166145926, ""rsi7"": 61.41164949086605, ""macd"": 0.002290145389340909, ""adx"": 19.982515973746136, ""stoch_k"": 74.7126436781604, ""stoch_d"": 75.98473612656007, ""mss"": 0.0, ""sfp"": 0.0, ""vr"": 1.1812717166171833, ""hurst"": 0.4761603522223132, ""atr14"": 0.00820478764468424, ""vol_sma20"": 6051.936, ""vol_ratio"": 1.092395887861339, ""atr_pct"": 0.0022848197283999554, ""retest_entry"": true}"
اتجاهي,dir,directional,FILUSDT,هابط,FVG,-1,45340,45341,2024-10-02T11:40:00+00:00,2024-10-02T11:41:00+00:00,1,-0.002875252667313897,-0.05750505334627794,20.0,زمني,0,False,True,,False,3.5869236,3.588,0.0003,3.589,1,baseline,0,"{""close"": 3.589, ""rsi"": 48.922589776568095, ""rsi7"": 40.018801938278706, ""macd"": -0.00014018777098169077, ""adx"": 29.79783937910422, ""stoch_k"": 45.90017825311933, ""stoch_d"": 65.95773507538227, ""mss"": 0.0, ""sfp"": 0.0, ""vr"": 1.0195112121349952, ""hurst"": 0.47253881910549916, ""atr14"": 0.007227762051202873, ""vol_sma20"": 4662.163500000001, ""vol_ratio"": 0.6617271144609149, ""atr_pct"": 0.0020138651577606224, ""retest_entry"": true}"
اتجاهي,dir,directional,FILUSDT,هابط,FVG,-1,45347,45348,2024-10-02T11:47:00+00:00,2024-10-02T11:48:00+00:00,1,-0.005290809190808995,-0.1058161838161799,20.0,وقف,0,False,True,,False,3.5769266,3.578,0.0003,3.5876573798,1,baseline,0,"{""close"": 3.578, ""rsi"": 38.31889835693186, ""rsi7"": 21.088256308070854, ""macd"": -0.0021075111087105877, ""adx"": 22.002842623488284, ""stoch_k"": 12.73015873015791, ""stoch_d"": 16.687830687830246, ""mss"": 0.0, ""sfp"": 0.0, ""vr"": 0.9537562208055425, ""hurst"": 0.47028019573449453, ""atr14"": 0.006741844080449678, ""vol_sma20"": 4054.888, ""vol_ratio"": 0.6410978552305268, ""atr_pct"": 0.0018842493237701727, ""retest_entry"": true}"
اتجاهي,dir,directional,FILUSDT,هابط,FVG,-1,45352,45353,2024-10-02T11:52:00+00:00,2024-10-02T11:53:00+00:00,1,-0.004270198696875273,-0.08540397393750546,20.0,زمني,0,False,True,,False,3.5779263,3.579,0.0003,3.585,1,baseline,0,"{""close"": 3.579, ""rsi"": 41.50668489235284, ""rsi7"": 34.116831120045006, ""macd"": -0.0012573414357605296, ""adx"": 17.722536561182174, ""stoch_k"": 28.996003996004134, ""stoch_d"": 35.672660672660506, ""mss"": 0.0, ""sfp"": 0.0, ""vr"": 0.9338651441277188, ""hurst"": 0.4596780912537139, ""atr14"": 0.006574067937024791, ""vol_sma20"": 2199.272, ""vol_ratio"": 1.515037703385484, ""atr_pct"": 0.0018368449111552923, ""retest_entry"": true}"
اتجاهي,dir,directional,FILUSDT,هابط,FVG,-1,45360,45361,2024-10-02T12:00:00+00:00,2024-10-02T12:01:00+00:00,1,-0.0015813477438767342,-0.03162695487753468,20.0,قفل-ربح,0,False,True,,False,3.5829248000000002,3.584,0.0003,3.580352244536908,1,baseline,0,"{""close"": 3.583, ""rsi"": 45.483056844518124, ""rsi7"": 40.849964129965386, ""macd"": 3.0494354168836236e-06, ""adx"": 12.510464722494183, ""stoch_k"": 53.703703703704825, ""stoch_d"": 56.790123456790745, ""mss"": 0.0, ""sfp"": 0.0, ""vr"": 0.8223550637941871, ""hurst"": 0.4394594935305998, ""atr14"": 0.005716909904481851, ""vol_sma20"": 1685.0135000000002, ""vol_ratio"": 0.2336183063221748, ""atr_pct"": 0.0015955651421942088, ""retest_entry"": true}"
اتجاهي,dir,directional,FILUSDT,هابط,Bollinger,-1,45367,45368,2024-10-02T12:07:00+00:00,2024-10-02T12:08:00+00:00,1,-0.005290809190808995,-0.1058161838161799,20.0,وقف,0,False,True,,False,3.5529338,3.554,0.0003,3.5635926013999994,1,baseline,0,"{""close"": 3.554, ""rsi"": 25.138175633278905, ""rsi7"": 14.149853743195706, ""macd"": -0.0027443241615573936, ""adx"": 16.651898937221688, ""stoch_k"": 1.8518518518514624, ""stoch_d"": 9.876543209876356, ""mss"": 0.0, ""sfp"": 0.0, ""vr"": 0.9755655130922548, ""hurst"": 0.4240519043874935, ""atr14"": 0.006730238218139969, ""vol_sma20"": 3771.6825, ""vol_ratio"": 2.2753479382212047, ""atr_pct"": 0.0018937079961001602, ""retest_entry"": true}"
اتجاهي,dir,directional,FILUSDT,هابط,Bollinger,-1,45385,45386,2024-10-02T12:25:00+00:00,2024-10-02T12:26:00+00:00,1,-0.004273008261761487,-0.08546016523522973,20.0,زمني,0,False,True,,False,3.5719281,3.573,0.0003,3.579,1,baseline,0,"{""close"": 3.574, ""rsi"": 52.030403634866424, ""rsi7"": 55.29215938624872, ""macd"": 0.002196948391518153, ""adx"": 14.248891195260025, ""stoch_k"": 83.76756066411242, ""stoch_d"": 84.87867177522367, ""mss"": 0.0, ""sfp"": 0.0, ""vr"": 1.0544532796888662, ""hurst"": 0.360219892759825, ""atr14"": 0.007530907476146404, ""vol_sma20"": 4972.027499999999, ""vol_ratio"": 0.4548164707455863, ""atr_pct"": 0.0021071369547135993, ""retest_entry"": true}"
اتجاهي,dir,directional,FILUSDT,هابط,FVG,-1,45389,45390,2024-10-02T12:29:00+00:00,2024-10-02T12:30:00+00:00,1,-0.003155425435535781,-0.06310850871071562,20.0,زمني,0,False,True,,False,3.5739275000000004,3.575,0.0003,3.577,1,baseline,0,"{""close"": 3.574, ""rsi"": 51.11005276159673, ""rsi7"": 51.11545222100092, ""macd"": 0.0013467482166990997, ""adx"": 15.206658296933208, ""stoch_k"": 75.16283524904195, ""stoch_d"": 80.32886334610488, ""mss"": 0.0, ""sfp"": 0.0, ""vr"": 0.9994257437591758, ""hurst"": 0.342525205022247, ""atr14"": 0.007214682643331381, ""vol_sma20"": 5048.486, ""vol_ratio"": 0.4019918050678956, ""atr_pct"": 0.002018657706584046, ""retest_entry"": true}"
اتجاهي,dir,directional,FILUSDT,هابط,Stochastic,-1,45395,45401,2024-10-02T12:35:00+00:00,2024-10-02T12:41:00+00:00,6,-0.005290809190808995,-0.1058161838161799,20.0,وقف,0,False,True,,False,3.5879233,3.589,0.0003,3.5986870698999995,1,baseline,0,"{""close"": 3.588, ""rsi"": 62.305651658507934, ""rsi7"": 72.25052798948236, ""macd"": 0.0018265665169082657, ""adx"": 19.83897232540049, ""stoch_k"": 82.3717948717949, ""stoch_d"": 85.05698005698001, ""mss"": 0.0, ""sfp"": 0.0, ""vr"": 0.9289988568572825, ""hurst"": 0.3337537033604576, ""atr14"": 0.006805473021840348, ""vol_sma20"": 5419.3165, ""vol_ratio"": 0.27611600097539973, ""atr_pct"": 0.001896731611438224, ""retest_entry"": true}"
اتجاهي,dir,directional,FILUSDT,هابط,SFP,-1,45403,45415,2024-10-02T12:43:00+00:00,2024-10-02T12:55:00+00:00,12,0.006844204298900054,0.13688408597800106,20.0,حصد-اعادة,0,True,True,,False,3.5929218,3.594,0.0003,3.56,1,baseline,0,"{""close"": 3.594, ""rsi"": 64.05112237585112, ""rsi7"": 67.92884278636598, ""macd"": 0.0010488543727295609, ""adx"": 21.54687846560167, ""stoch_k"": 89.25282602701905, ""stoch_d"": 92.78678430291318, ""mss"": 0.0, ""sfp"": -1.0, ""vr"": 0.8478324326930492, ""hurst"": 0.3657424720879232, ""atr14"": 0.006233596074893168, ""vol_sma20"": 4758.455, ""vol_ratio"": 2.2531430895111964, ""atr_pct"": 0.0017344452072602027, ""retest_entry"": true}"
اتجاهي,dir,directional,FILUSDT,هابط,MicroBurst,-1,45415,45417,2024-10-02T12:55:00+00:00,2024-10-02T12:57:00+00:00,2,-0.0015142855176718277,-0.06057142070687311,40.0,قفل-ربح,0,False,True,,False,3.558932,3.56,0.0003,3.5561374519126514,2,baseline,1,"{""close"": 3.56, ""rsi"": 29.327668340555903, ""rsi7"": 15.81937624997613, ""macd"": -0.003237690902135492, ""adx"": 25.05385586322281, ""stoch_k"": 2.551942186088431, ""stoch_d"": 3.0255605361638644, ""mss"": 0.0, ""sfp"": 0.0, ""vr"": 0.869809243077948, ""hurst"": 0.4106255731390042, ""atr14"": 0.006211970451910265, ""vol_sma20"": 4347.8165, ""vol_ratio"": 2.1413208216124118, ""atr_pct"": 0.0017449355201995126}"
اتجاهي,dir,directional,FILUSDT,هابط,MACD,-1,45426,45427,2024-10-02T13:06:00+00:00,2024-10-02T13:07:00+00:00,1,-0.005290809190808995,-0.1058161838161799,20.0,وقف,0,False,True,,False,3.5559329,3.557,0.0003,3.5666006987,1,baseline,0,"{""close"": 3.556, ""rsi"": 34.45528299916913, ""rsi7"": 28.682081638062016, ""macd"": -0.00016107732445824838, ""adx"": 23.432319659632853, ""stoch_k"": 46.423751686909725, ""stoch_d"": 52.654071075123746, ""mss"": 0.0, ""sfp"": 0.0, ""vr"": 1.0150753929013991, ""hurst"": 0.44951935249780733, ""atr14"": 0.007008589077058498, ""vol_sma20"": 3139.133, ""vol_ratio"": 0.9488256789374646, ""atr_pct"": 0.0019709193130085763, ""retest_entry"": true}"
اتجاهي,dir,directional,FILUSDT,هابط,FVG,-1,45437,45438,2024-10-02T13:17:00+00:00,2024-10-02T13:18:00+00:00,1,-0.003993299922738997,-0.07986599845477993,20.0,زمني,0,False,True,,False,3.5729278,3.574,0.0003,3.579,1,baseline,0,"{""close"": 3.573, ""rsi"": 52.49700184693559, ""rsi7"": 54.246416054941015, ""macd"": 0.001367051515134976, ""adx"": 14.33501317861711, ""stoch_k"": 74.07407407407415, ""stoch_d"": 82.74927791836008, ""mss"": 0.0, ""sfp"": 0.0, ""vr"": 1.0243472772178934, ""hurst"": 0.42733756090147523, ""atr14"": 0.006959925873352266, ""vol_sma20"": 8875.416000000001, ""vol_ratio"": 1.5334740365972703, ""atr_pct"": 0.0019479221587887674, ""retest_entry"": true}"
اتجاهي,dir,directional,FILUSDT,هابط,FVG,-1,45446,45448,2024-10-02T13:26:00+00:00,2024-10-02T13:28:00+00:00,2,-0.0014808278613868706,-0.02961655722773741,20.0,قفل-ربح,0,False,True,,False,3.5799257,3.581,0.0003,3.5769946154520613,1,baseline,0,"{""close"": 3.583, ""rsi"": 56.178203883777435, ""rsi7"": 54.21897762890193, ""macd"": 0.0010548575440934194, ""adx"": 18.09415044770379, ""stoch_k"": 74.26373626373613, ""stoch_d"": 78.11233211233176, ""mss"": 0.0, ""sfp"": 0.0, ""vr"": 0.9577956621830526, ""hurst"": 0.4124999875230315, ""atr14"": 0.006519114774591032, ""vol_sma20"": 9539.9465, ""vol_ratio"": 0.4463934886846587, ""atr_pct"": 0.0018194570958947897, ""retest_entry"": true}"
اتجاهي,dir,directional,FILUSDT,هابط,OBV,-1,45451,45452,2024-10-02T13:31:00+00:00,2024-10-02T13:32:00+00:00,1,-0.005290809190809106,-0.10581618381618212,20.0,وقف,0,False,True,,False,3.558932,3.56,0.0003,3.569608796,1,baseline,0,"{""close"": 3.561, ""rsi"": 36.05696270316623, ""rsi7"": 21.602405333437673, ""macd"": -0.0024976322775180455, ""adx"": 16.76945172116203, ""stoch_k"": 8.88888888888884, ""stoch_d"": 19.25925925925922, ""mss"": 0.0, ""sfp"": 0.0, ""vr"": 1.006459034897301, ""hurst"": 0.3993198688461051, ""atr14"": 0.0068534087024793204, ""vol_sma20"": 6158.3835, ""vol_ratio"": 0.6456710596214088, ""atr_pct"": 0.001924574193338759, ""retest_entry"": true}"
اتجاهي,dir,directional,FILUSDT,هابط,Bollinger,-1,45470,45470,2024-10-02T13:50:00+00:00,2024-10-02T13:50:00+00:00,0,-0.005592228155894207,-0.11184456311788413,20.0,وقف,0,False,True,,False,3.5898448,3.592,0.0006,3.600623756247012,1,baseline,0,"{""close"": 3.591, ""rsi"": 64.838837588861, ""rsi7"": 75.20071261255465, ""macd"": 0.004391686051973926, ""adx"": 24.157747309673095, ""stoch_k"": 94.44444444444433, ""stoch_d"": 93.26071169208427, ""mss"": 0.0, ""sfp"": 0.0, ""vr"": 1.2894817716171232, ""hurst"": 0.33935105436489893, ""atr14"": 0.00937602163385286, ""vol_sma20"": 11978.946500000002, ""vol_ratio"": 1.1208197649100442, ""atr_pct"": 0.002610977898594503, ""retest_entry"": true}"
اتجاهي,dir,directional,FILUSDT,هابط,MicroBurst,-1,45472,45473,2024-10-02T13:52:00+00:00,2024-10-02T13:53:00+00:00,1,-0.005798207927102192,-0.11596415854204385,20.0,وقف,0,False,True,,False,3.5898448,3.592,0.0006,3.601365117270636,1,baseline,0,"{""close"": 3.59, ""rsi"": 60.03121846699655, ""rsi7"": 62.06975162869314, ""macd"": 0.004407751810672376, ""adx"": 28.2402236290345, ""stoch_k"": 87.01626561850861, ""stoch_d"": 91.60408611084468, ""mss"": 0.0, ""sfp"": 0.0, ""vr"": 1.3688456065775156, ""hurst"": 0.32451891734428934, ""atr14"": 0.010018100286332318, ""vol_sma20"": 12710.041000000001, ""vol_ratio"": 1.6190821099632957, ""atr_pct"": 0.0027905571828223726, ""retest_entry"": true}"
اتجاهي,dir,directional,FILUSDT,هابط,Stochastic,-1,45477,45477,2024-10-02T13:57:00+00:00,2024-10-02T13:57:00+00:00,0,-0.005672320475682977,-0.11344640951365954,20.0,وقف,0,False,True,,False,3.5978399999999997,3.6,0.0006,3.608931872597888,1,baseline,0,"{""close"": 3.603, ""rsi"": 64.33803147213793, ""rsi7"": 67.79135121775431, ""macd"": 0.003026364413958881, ""adx"": 36.18783073979973, ""stoch_k"": 88.67102396514156, ""stoch_d"": 89.75689041048497, ""mss"": 0.0, ""sfp"": 0.0, ""vr"": 1.3014535535383926, ""hurst"": 0.32816032663506556, ""atr14"": 0.009658939559434285, ""vol_sma20"": 10135.981499999998, ""vol_ratio"": 0.27373570087909105, ""atr_pct"": 0.0026808047625407395, ""retest_entry"": true}"
اتجاهي,dir,directional,FILUSDT,هابط,Stochastic,-1,45485,45488,2024-10-02T14:05:00+00:00,2024-10-02T14:08:00+00:00,3,-0.0011539868851462444,-0.023079737702924888,20.0,تتبع,0,False,True,,False,3.6098328,3.612,0.0006,3.6056946704,1,baseline,0,"{""close"": 3.611, ""rsi"": 60.720640103456546, ""rsi7"": 56.344497494434904, ""macd"": 0.0005536026944369474, ""adx"": 42.28962791809481, ""stoch_k"": 75.25337837837844, ""stoch_d"": 81.75023819188391, ""mss"": 0.0, ""sfp"": 0.0, ""vr"": 1.2498929121427018, ""hurst"": 0.4326570381414894, ""atr14"": 0.009514371867596192, ""vol_sma20"": 8359.148, ""vol_ratio"": 0.387654339892056, ""atr_pct"": 0.002634830204263692, ""retest_entry"": true}"
اتجاهي,dir,directional,FILUSDT,هابط,FVG,-1,45494,45497,2024-10-02T14:14:00+00:00,2024-10-02T14:17:00+00:00,3,-0.0011795280522022566,-0.02359056104404513,20.0,قفل-ربح,0,False,True,,False,3.5919221,3.593,0.0003,3.5878964554832824,1,baseline,0,"{""close"": 3.594, ""rsi"": 46.19859270540443, ""rsi7"": 36.37706896945538, ""macd"": -0.0031501175408753723, ""adx"": 29.029887642333247, ""stoch_k"": 13.102349661489084, ""stoch_d"": 17.363600159298702, ""mss"": 0.0, ""sfp"": 0.0, ""vr"": 1.1476988352233386, ""hurst"": 0.46557324996564764, ""atr14"": 0.008951051826407439, ""vol_sma20"": 6475.5705, ""vol_ratio"": 0.411767580941324, ""atr_pct"": 0.0024905542087945015, ""retest_entry"": true}"
اتجاهي,dir,directional,FILUSDT,هابط,Bollinger,-1,45503,45505,2024-10-02T14:23:00+00:00,2024-10-02T14:25:00+00:00,2,-0.0013320905401534282,-0.026641810803068565,20.0,قفل-ربح,0,False,True,,False,3.5858472,3.588,0.0006,3.5812981686365077,1,baseline,0,"{""close"": 3.589, ""rsi"": 45.244522945690015, ""rsi7"": 40.213627323132705, ""macd"": -0.001026285615416027, ""adx"": 22.24807589601424, ""stoch_k"": 53.968253968253386, ""stoch_d"": 69.35083435083398, ""mss"": 0.0, ""sfp"": 0.0, ""vr"": 1.2514270120867934, ""hurst"": 0.3746875954953727, ""atr14"": 0.010117846729078351, ""vol_sma20"": 6331.997, ""vol_ratio"": 1.1420062264716802, ""atr_pct"": 0.002819126979403274, ""retest_entry"": true}"
اتجاهي,dir,directional,FILUSDT,صاعد,FVG,1,52682,52684,2024-10-07T14:02:00+00:00,2024-10-07T14:04:00+00:00,2,-0.0015181074650809543,-0.030362149301619085,20.0,تتبع,0,False,True,symbol_collision,True,3.7613821999999995,3.758,0.0009,3.7665841995999996,1,baseline,0,"{""close"": 3.758, ""rsi"": 70.85794298041169, ""rsi7"": 79.15845718243497, ""macd"": 0.0016723850481101237, ""adx"": 29.20061417280544, ""stoch_k"": 43.42723004694838, ""stoch_d"": 46.791862284820176, ""mss"": 0.0, ""sfp"": 0.0, ""vr"": 2.244081260844529, ""hurst"": 0.253465155469099, ""atr14"": 0.009389941250049237, ""vol_sma20"": 18626.3495, ""vol_ratio"": 1.3786281632909336, ""atr_pct"": 0.0024986538717533895, ""retest_entry"": true}"
اتجاهي,dir,directional,FILUSDT,صاعد,FVG,1,52702,52705,2024-10-07T14:22:00+00:00,2024-10-07T14:25:00+00:00,3,-0.0019122269688829335,-0.03824453937765867,20.0,قفل-ربح,0,False,True,symbol_collision,True,3.7944118999999996,3.791,0.0009,3.7981597829445977,1,baseline,0,"{""close"": 3.791, ""rsi"": 70.43639071648508, ""rsi7"": 74.75862659545317, ""macd"": 0.001540414937648794, ""adx"": 54.076978391450794, ""stoch_k"": 88.25348185570122, ""stoch_d"": 91.09974806790954, ""mss"": 0.0, ""sfp"": 0.0, ""vr"": 1.607923974886793, ""hurst"": 0.4207983083463688, ""atr14"": 0.008321139740006558, ""vol_sma20"": 9703.477499999997, ""vol_ratio"": 0.6228684510269644, ""atr_pct"": 0.002194972234240717, ""retest_entry"": true}"
اتجاهي,dir,directional,FILUSDT,صاعد,FVG,1,52717,52718,2024-10-07T14:37:00+00:00,2024-10-07T14:38:00+00:00,1,-0.00503412340973836,-0.1006824681947672,20.0,زمني,0,False,True,symbol_collision,True,3.797277,3.795,0.0006,3.788,1,baseline,0,"{""close"": 3.794, ""rsi"": 60.236740802971894, ""rsi7"": 61.9248685989302, ""macd"": -0.0015835678275593458, ""adx"": 43.34254335735873, ""stoch_k"": 21.33333333333321, ""stoch_d"": 13.814814814814989, ""mss"": 0.0, ""sfp"": 0.0, ""vr"": 1.4135615512331836, ""hurst"": 0.4040099418632427, ""atr14"": 0.008437288463658559, ""vol_sma20"": 16037.985999999995, ""vol_ratio"": 0.14608629786807398, ""atr_pct"": 0.0022238504121398417, ""retest_entry"": true}"
اتجاهي,dir,directional,FILUSDT,صاعد,Bollinger,1,52722,52723,2024-10-07T14:42:00+00:00,2024-10-07T14:43:00+00:00,1,-0.004207598545865325,-0.0841519709173065,20.0,زمني,0,False,True,symbol_collision,True,3.8032806,3.801,0.0006,3.796,1,baseline,0,"{""close"": 3.8, ""rsi"": 61.95214154151966, ""rsi7"": 65.45775879525974, ""macd"": -0.00030506432833005744, ""adx"": 38.614433214352026, ""stoch_k"": 82.46187363834332, ""stoch_d"": 63.38489469861964, ""mss"": 0.0, ""sfp"": 0.0, ""vr"": 1.2318672740710208, ""hurst"": 0.3916010745261919, ""atr14"": 0.007614978404714537, ""vol_sma20"": 13947.886499999997, ""vol_ratio"": 0.4331925127150985, ""atr_pct"": 0.002003941685451194, ""retest_entry"": true}"
اتجاهي,dir,directional,FILUSDT,صاعد,Bollinger,1,63813,63822,2024-10-15T07:33:00+00:00,2024-10-15T07:42:00+00:00,9,-0.005290809190809106,-0.10581618381618212,20.0,وقف,0,False,True,symbol_collision,True,3.8302967999999997,3.828,0.0006,3.8188059095999995,1,baseline,0,"{""close"": 3.829, ""rsi"": 43.89612367826229, ""rsi7"": 53.08608201766131, ""macd"": -0.0009676556073700921, ""adx"": 47.248766053792345, ""stoch_k"": 61.69467787114814, ""stoch_d"": 56.36692948784429, ""mss"": 0.0, ""sfp"": 0.0, ""vr"": 1.2448875176667415, ""hurst"": 0.41422766659138055, ""atr14"": 0.005048103559227613, ""vol_sma20"": 18242.203499999996, ""vol_ratio"": 0.7169216153081508, ""atr_pct"": 0.0013183869311119386, ""retest_entry"": true}"
اتجاهي,dir,directional,FILUSDT,صاعد,Bollinger,1,63826,63826,2024-10-15T07:46:00+00:00,2024-10-15T07:46:00+00:00,0,-0.005290809190809106,-0.10581618381618212,20.0,وقف,0,False,True,symbol_collision,True,3.8331495999999996,3.832,0.0003,3.8216501511999996,1,baseline,0,"{""close"": 3.833, ""rsi"": 54.04302961101966, ""rsi7"": 62.42214617472509, ""macd"": 0.0008818522021872277, ""adx"": 41.232897811548725, ""stoch_k"": 71.11111111111033, ""stoch_d"": 60.62678062677954, ""mss"": 0.0, ""sfp"": 0.0, ""vr"": 1.197896811370471, ""hurst"": 0.4996111071265802, ""atr14"": 0.0047184299834612245, ""vol_sma20"": 19799.188499999997, ""vol_ratio"": 0.34745666470118214, ""atr_pct"": 0.001231001821930922, ""retest_entry"": true}"
اتجاهي,dir,directional,FILUSDT,صاعد,MACD,1,63831,63832,2024-10-15T07:51:00+00:00,2024-10-15T07:52:00+00:00,1,-0.002973209011304067,-0.05946418022608134,20.0,زمني,0,False,True,symbol_collision,True,3.8284425,3.825,0.0009,3.827,1,baseline,0,"{""close"": 3.826, ""rsi"": 48.32958977498794, ""rsi7"": 52.3310713107916, ""macd"": 9.450953390091566e-05, ""adx"": 41.462026609050326, ""stoch_k"": 68.57142857142894, ""stoch_d"": 59.04761904761936, ""mss"": 0.0, ""sfp"": 0.0, ""vr"": 1.5505767269311963, ""hurst"": 0.4362888962765517, ""atr14"": 0.006198710031254249, ""vol_sma20"": 21380.849499999997, ""vol_ratio"": 0.2427695868679119, ""atr_pct"": 0.0016201542162190927, ""retest_entry"": true}"
اتجاهي,dir,directional,FILUSDT,صاعد,FVG,1,63834,63835,2024-10-15T07:54:00+00:00,2024-10-15T07:55:00+00:00,1,-0.002935087052641433,-0.05870174105282866,20.0,زمني,0,False,True,symbol_collision,True,3.8302967999999997,3.828,0.0006,3.829,1,baseline,0,"{""close"": 3.828, ""rsi"": 50.90583356738484, ""rsi7"": 56.496217049854096, ""macd"": 0.0006697250293758259, ""adx"": 38.936419237545714, ""stoch_k"": 75.23809523809484, ""stoch_d"": 73.33333333333329, ""mss"": 0.0, ""sfp"": 0.0, ""vr"": 1.331417938309657, ""hurst"": 0.4328643894156471, ""atr14"": 0.005356620240038492, ""vol_sma20"": 20288.825999999994, ""vol_ratio"": 0.1338899549929602, ""atr_pct"": 0.0013993260815147576, ""retest_entry"": true}"
اتجاهي,dir,directional,FILUSDT,صاعد,FVG,1,63843,63844,2024-10-15T08:03:00+00:00,2024-10-15T08:04:00+00:00,1,-0.0028567312636582614,-0.05713462527316523,20.0,زمني,0,False,True,symbol_collision,True,3.8401517,3.839,0.0003,3.838,1,baseline,0,"{""close"": 3.838, ""rsi"": 62.34070390987879, ""rsi7"": 74.00429728158645, ""macd"": 0.0016875269407168522, ""adx"": 29.688638559586717, ""stoch_k"": 96.6988727858294, ""stoch_d"": 87.94034199831297, ""mss"": 0.0, ""sfp"": 0.0, ""vr"": 1.0731334898771827, ""hurst"": 0.4321643058434261, ""atr14"": 0.004307594032690044, ""vol_sma20"": 19384.015499999998, ""vol_ratio"": 0.02090485327975517, ""atr_pct"": 0.0011223538386373225, ""retest_entry"": true}"
اتجاهي,dir,directional,FILUSDT,صاعد,FVG,1,63850,63851,2024-10-15T08:10:00+00:00,2024-10-15T08:11:00+00:00,1,-0.003375333530397152,-0.06750667060794303,20.0,زمني,0,False,True,symbol_collision,True,3.8451532,3.844,0.0003,3.841,1,baseline,0,"{""close"": 3.844, ""rsi"": 65.26901256429362, ""rsi7"": 71.72123591911443, ""macd"": 0.0015412906710675117, ""adx"": 22.193392829362804, ""stoch_k"": 93.3977455716577, ""stoch_d"": 93.44195004893974, ""mss"": 0.0, ""sfp"": 0.0, ""vr"": 1.0235836645268908, ""hurst"": 0.44790971337218055, ""atr14"": 0.004104085652909771, ""vol_sma20"": 3339.9769999999967, ""vol_ratio"": 0.964332987921774, ""atr_pct"": 0.0010676601594458302, ""retest_entry"": true}"
اتجاهي,dir,directional,FILUSDT,صاعد,MicroBurst,1,63861,63862,2024-10-15T08:21:00+00:00,2024-10-15T08:22:00+00:00,1,-0.0036345337037312826,-0.07269067407462565,20.0,زمني,0,False,True,symbol_collision,True,3.8461535000000002,3.845,0.0003,3.841,1,baseline,0,"{""close"": 3.847, ""rsi"": 65.24301481988772, ""rsi7"": 70.94419427302553, ""macd"": 8.654702086070614e-05, ""adx"": 18.10121497053666, ""stoch_k"": 87.87878787878873, ""stoch_d"": 85.85858585858678, ""mss"": 0.0, ""sfp"": 0.0, ""vr"": 0.8038155151542922, ""hurst"": 0.4809757060698354, ""atr14"": 0.003219097779983348, ""vol_sma20"": 2951.814999999997, ""vol_ratio"": 2.2797499165767525, ""atr_pct"": 0.0008367813309028718, ""retest_entry"": true}"
اتجاهي,dir,directional,FILUSDT,صاعد,FVG,1,63866,63869,2024-10-15T08:26:00+00:00,2024-10-15T08:29:00+00:00,3,-0.001917021870516629,-0.03834043741033258,20.0,قفل-ربح,0,False,True,symbol_collision,True,3.8471538,3.846,0.0003,3.848621708969845,1,baseline,0,"{""close"": 3.847, ""rsi"": 61.8243933495831, ""rsi7"": 65.11361152090328, ""macd"": -0.00040967659425631634, ""adx"": 15.306731692614068, ""stoch_k"": 50.00000000000159, ""stoch_d"": 31.94444444444693, ""mss"": 0.0, ""sfp"": 0.0, ""vr"": 0.818664364121139, ""hurst"": 0.47936542548061406, ""atr14"": 0.003261889525241285, ""vol_sma20"": 2997.1224999999968, ""vol_ratio"": 1.8591098628768112, ""atr_pct"": 0.0008479047375204796, ""retest_entry"": true}"
اتجاهي,dir,directional,FILUSDT,صاعد,FVG,1,63874,63878,2024-10-15T08:34:00+00:00,2024-10-15T08:38:00+00:00,4,-0.001042124971664546,-0.02084249943329092,20.0,تتبع,0,False,True,symbol_collision,True,3.8501547,3.849,0.0003,3.855,1,baseline,0,"{""close"": 3.849, ""rsi"": 59.80132017248543, ""rsi7"": 61.83491533419877, ""macd"": -0.0003732082572288952, ""adx"": 14.995089273280394, ""stoch_k"": 51.51515151515309, ""stoch_d"": 41.414141414142556, ""mss"": 0.0, ""sfp"": 0.0, ""vr"": 0.7984513307125284, ""hurst"": 0.49519735953051314, ""atr14"": 0.003154102483226046, ""vol_sma20"": 2704.538499999997, ""vol_ratio"": 0.9106322575921929, ""atr_pct"": 0.0008194602450574295, ""retest_entry"": true}"
اتجاهي,dir,directional,FILUSDT,صاعد,Bollinger,1,63898,63899,2024-10-15T08:58:00+00:00,2024-10-15T08:59:00+00:00,1,-0.0019478851183450632,-0.03895770236690126,20.0,قفل-ربح,0,False,True,symbol_collision,True,3.8531555999999996,3.852,0.0003,3.854506604229137,1,baseline,0,"{""close"": 3.852, ""rsi"": 56.42731948460616, ""rsi7"": 60.86501040684073, ""macd"": 8.63690581313605e-05, ""adx"": 13.022006199814838, ""stoch_k"": 80.68181818181888, ""stoch_d"": 70.50865800865894, ""mss"": 0.0, ""sfp"": 0.0, ""vr"": 0.7623593591955367, ""hurst"": 0.25719323627416446, ""atr14"": 0.003001331220938691, ""vol_sma20"": 2811.635499999997, ""vol_ratio"": 0.9029904480861771, ""atr_pct"": 0.0007791617915209479, ""retest_entry"": true}"
اتجاهي,dir,directional,FILUSDT,صاعد,FVG,1,63912,63915,2024-10-15T09:12:00+00:00,2024-10-15T09:15:00+00:00,3,-0.0023371151778135597,-0.046742303556271195,20.0,زمني,0,False,True,symbol_collision,True,3.8401517,3.839,0.0003,3.84,1,baseline,0,"{""close"": 3.838, ""rsi"": 40.464173266985945, ""rsi7"": 42.39095646081651, ""macd"": -0.001968158998428456, ""adx"": 25.849750649936276, ""stoch_k"": 14.444444444444168, ""stoch_d"": 6.296296296296247, ""mss"": 0.0, ""sfp"": 0.0, ""vr"": 0.9898977979046268, ""hurst"": 0.29464475600455764, ""atr14"": 0.0038385495188153177, ""vol_sma20"": 2928.236999999997, ""vol_ratio"": 2.8526481975331945, ""atr_pct"": 0.0010001431784302547, ""retest_entry"": true}"
اتجاهي,dir,directional,FILUSDT,صاعد,FVG,1,63919,63926,2024-10-15T09:19:00+00:00,2024-10-15T09:26:00+00:00,7,-0.0018090559515188892,-0.03618111903037778,20.0,قفل-ربح,0,False,True,symbol_collision,True,3.8381511,3.837,0.0003,3.8400309177727303,1,baseline,0,"{""close"": 3.839, ""rsi"": 45.059190480806436, ""rsi7"": 47.09423288743768, ""macd"": 0.0001747778835031362, ""adx"": 20.164190829254082, ""stoch_k"": 48.93841594608775, ""stoch_d"": 42.856526400146095, ""mss"": 0.0, ""sfp"": 0.0, ""vr"": 1.0968270957370987, ""hurst"": 0.33597388467792855, ""atr14"": 0.004178296755382714, ""vol_sma20"": 2929.462499999997, ""vol_ratio"": 0.12370870082822373, ""atr_pct"": 0.0010883815460752055, ""retest_entry"": true}"
اتجاهي,dir,directional,FILUSDT,صاعد,FVG,1,63933,63934,2024-10-15T09:33:00+00:00,2024-10-15T09:34:00+00:00,1,-0.0029367094716668445,-0.058734189433336886,20.0,زمني,0,False,True,symbol_collision,True,3.8543111999999997,3.852,0.0006,3.853,1,baseline,0,"{""close"": 3.851, ""rsi"": 59.30267113154796, ""rsi7"": 66.72672791186676, ""macd"": 0.0007833538468816532, ""adx"": 16.0788368933032, ""stoch_k"": 71.42857142857162, ""stoch_d"": 62.69841269841306, ""mss"": 0.0, ""sfp"": 0.0, ""vr"": 1.2880966714840698, ""hurst"": 0.35391283412441965, ""atr14"": 0.004667045863475444, ""vol_sma20"": 3082.427999999997, ""vol_ratio"": 2.66110351969292, ""atr_pct"": 0.0012119049242989986, ""retest_entry"": true}"
اتجاهي,dir,directional,FILUSDT,صاعد,FVG,1,63945,63948,2024-10-15T09:45:00+00:00,2024-10-15T09:48:00+00:00,3,-0.0008790955902350006,-0.017581911804700014,20.0,تتبع,0,False,True,symbol_collision,True,3.8451532,3.844,0.0003,3.8506205224,1,baseline,0,"{""close"": 3.844, ""rsi"": 49.678449412313505, ""rsi7"": 49.54906568781439, ""macd"": -0.0005605746853833016, ""adx"": 14.615124752299234, ""stoch_k"": 41.90476190476095, ""stoch_d"": 44.12698412698368, ""mss"": 0.0, ""sfp"": 0.0, ""vr"": 1.0364067077363346, ""hurst"": 0.3096855046951609, ""atr14"": 0.0037063213770921516, ""vol_sma20"": 1797.3614999999972, ""vol_ratio"": 0.7836598258057726, ""atr_pct"": 0.00096418350080441, ""retest_entry"": true}"
اتجاهي,dir,directional,FILUSDT,صاعد,MicroBurst,1,63954,63955,2024-10-15T09:54:00+00:00,2024-10-15T09:55:00+00:00,1,-0.003890571828750585,-0.0778114365750117,20.0,زمني,0,False,True,symbol_collision,True,3.8561565,3.855,0.0003,3.85,1,baseline,0,"{""close"": 3.856, ""rsi"": 62.801349564217006, ""rsi7"": 72.06823112880065, ""macd"": 0.0009856495749845896, ""adx"": 16.43552878955881, ""stoch_k"": 96.49122807017481, ""stoch_d"": 93.64522417153965, ""mss"": 0.0, ""sfp"": 0.0, ""vr"": 1.0186361933100831, ""hurst"": 0.30229140386974124, ""atr14"": 0.0036261227890219553, ""vol_sma20"": 1520.2194999999972, ""vol_ratio"": 1.583488437031629, ""atr_pct"": 0.0009403845407214615, ""retest_entry"": true}"
اتجاهي,dir,directional,FILUSDT,صاعد,FVG,1,63965,63965,2024-10-15T10:05:00+00:00,2024-10-15T10:05:00+00:00,0,-0.005290809190809106,-0.10581618381618212,20.0,وقف,0,False,True,symbol_collision,True,3.8501547,3.849,0.0003,3.8386042359,1,baseline,0,"{""close"": 3.85, ""rsi"": 54.48480151281682, ""rsi7"": 60.30550360652425, ""macd"": -0.0004476681895425296, ""adx"": 13.88924488279226, ""stoch_k"": 37.03703703703714, ""stoch_d"": 24.691358024691734, ""mss"": 0.0, ""sfp"": 0.0, ""vr"": 1.0873571830461757, ""hurst"": 0.278237356510052, ""atr14"": 0.0039028453120934924, ""vol_sma20"": 1782.8464999999971, ""vol_ratio"": 0.01885187535774956, ""atr_pct"": 0.0010137260550892187, ""retest_entry"": true}"
اتجاهي,dir,directional,FILUSDT,صاعد,FVG,1,63973,63987,2024-10-15T10:13:00+00:00,2024-10-15T10:27:00+00:00,14,-0.0018583954834064775,-0.03716790966812955,20.0,قفل-ربح,0,False,True,symbol_collision,True,3.8463063999999996,3.844,0.0006,3.848,1,baseline,0,"{""close"": 3.843, ""rsi"": 50.134361505352096, ""rsi7"": 56.10720463975249, ""macd"": -0.00045894998093357195, ""adx"": 20.68563126108855, ""stoch_k"": 38.59649122807007, ""stoch_d"": 18.713450292397756, ""mss"": 0.0, ""sfp"": 0.0, ""vr"": 1.2446711159261392, ""hurst"": 0.27926674895921144, ""atr14"": 0.004597663386104909, ""vol_sma20"": 3720.570499999997, ""vol_ratio"": 0.23183541341307753, ""atr_pct"": 0.00119637350666274, ""retest_entry"": true}"
اتجاهي,dir,directional,FILUSDT,صاعد,FVG,1,63991,63993,2024-10-15T10:31:00+00:00,2024-10-15T10:33:00+00:00,2,-0.0019182151940209096,-0.03836430388041819,20.0,تتبع,0,False,True,symbol_collision,True,3.8591574,3.858,0.0003,3.8606252732,1,baseline,0,"{""close"": 3.858, ""rsi"": 65.69897172189945, ""rsi7"": 76.40326030370154, ""macd"": 0.0011533180297890896, ""adx"": 20.316800493221756, ""stoch_k"": 94.28571428571321, ""stoch_d"": 86.98412698412558, ""mss"": 0.0, ""sfp"": 0.0, ""vr"": 0.9049628218812089, ""hurst"": 0.23112704991746608, ""atr14"": 0.0034566133676579612, ""vol_sma20"": 1850.4224999999974, ""vol_ratio"": 1.300330059756625, ""atr_pct"": 0.0008959599190404254, ""retest_entry"": true}"
اتجاهي,dir,directional,FILUSDT,صاعد,FVG,1,64002,64003,2024-10-15T10:42:00+00:00,2024-10-15T10:43:00+00:00,1,-0.002338862916265247,-0.04677725832530494,20.0,زمني,0,False,True,symbol_collision,True,3.8661595,3.865,0.0003,3.866,1,baseline,0,"{""close"": 3.864, ""rsi"": 66.44269922004105, ""rsi7"": 73.43926680147217, ""macd"": 2.218214773835707e-05, ""adx"": 25.013214926309985, ""stoch_k"": 66.50793650793621, ""stoch_d"": 56.24338624338666, ""mss"": 0.0, ""sfp"": 0.0, ""vr"": 1.0235146200826089, ""hurst"": 0.24175362206994486, ""atr14"": 0.003976255568837154, ""vol_sma20"": 4206.282999999998, ""vol_ratio"": 1.683360344513197, ""atr_pct"": 0.0010290516482497811, ""retest_entry"": true}"
اتجاهي,dir,directional,FILUSDT,صاعد,FVG,1,64010,64011,2024-10-15T10:50:00+00:00,2024-10-15T10:51:00+00:00,1,-0.002596923220735855,-0.0519384644147171,20.0,زمني,0,False,True,symbol_collision,True,3.8721612999999997,3.871,0.0003,3.871,1,baseline,0,"{""close"": 3.871, ""rsi"": 66.91307602383498, ""rsi7"": 69.93313942697803, ""macd"": 0.0005185309166897897, ""adx"": 34.09760166040718, ""stoch_k"": 87.49999999999928, ""stoch_d"": 81.94444444444353, ""mss"": 0.0, ""sfp"": 0.0, ""vr"": 1.011751905905485, ""hurst"": 0.3219642282044444, ""atr14"": 0.00396475397161895, ""vol_sma20"": 4642.804999999998, ""vol_ratio"": 1.8553309906403574, ""atr_pct"": 0.0010242195741717772, ""retest_entry"": true}"
اتجاهي,dir,directional,FILUSDT,صاعد,FVG,1,64015,64016,2024-10-15T10:55:00+00:00,2024-10-15T10:56:00+00:00,1,-0.004138901695529837,-0.08277803391059674,20.0,زمني,0,False,True,symbol_collision,True,3.8821642999999995,3.881,0.0003,3.875,1,baseline,0,"{""close"": 3.88, ""rsi"": 71.68669167734257, ""rsi7"": 77.3643572756769, ""macd"": 0.0009028362289477225, ""adx"": 36.243414061963826, ""stoch_k"": 94.78114478114503, ""stoch_d"": 92.08754208754245, ""mss"": 0.0, ""sfp"": 0.0, ""vr"": 1.0743145606529316, ""hurst"": 0.35511505641648655, ""atr14"": 0.004232539634498089, ""vol_sma20"": 4856.825499999997, ""vol_ratio"": 1.5772771741541887, ""atr_pct"": 0.0010908607305407446, ""retest_entry"": true}"
اتجاهي,dir,directional,FILUSDT,صاعد,FVG,1,64025,64026,2024-10-15T11:05:00+00:00,2024-10-15T11:06:00+00:00,1,-0.004483679302979849,-0.08967358605959697,20.0,زمني,0,False,True,symbol_collision,True,3.8713214,3.869,0.0006,3.864,1,baseline,0,"{""close"": 3.869, ""rsi"": 53.27929867342673, ""rsi7"": 52.11708479330988, ""macd"": -0.001126321823499206, ""adx"": 24.996922904506786, ""stoch_k"": 36.11111111111054, ""stoch_d"": 29.086151368759573, ""mss"": 0.0, ""sfp"": 0.0, ""vr"": 1.2642729277940532, ""hurst"": 0.3428469950046846, ""atr14"": 0.005043282443855797, ""vol_sma20"": 6001.910499999996, ""vol_ratio"": 3.8019943816223205, ""atr_pct"": 0.0013035105825422064, ""retest_entry"": true}"
اتجاهي,dir,directional,FILUSDT,صاعد,MicroBurst,1,64034,64035,2024-10-15T11:14:00+00:00,2024-10-15T11:15:00+00:00,1,-0.00509694120875748,-0.1019388241751496,20.0,زمني,0,False,True,symbol_collision,True,3.8254398,3.822,0.0009,3.817,1,baseline,0,"{""close"": 3.825, ""rsi"": 29.09271906150113, ""rsi7"": 25.241520431300955, ""macd"": -0.00525081211734267, ""adx"": 34.15924821533045, ""stoch_k"": 7.777777777777636, ""stoch_d"": 3.6261843238587534, ""mss"": 0.0, ""sfp"": 0.0, ""vr"": 1.7644294374251017, ""hurst"": 0.3807281492722443, ""atr14"": 0.007335767879297533, ""vol_sma20"": 8121.821499999996, ""vol_ratio"": 2.3431147803482273, ""atr_pct"": 0.0019178478115810544, ""retest_entry"": true}"
اتجاهي,dir,directional,FILUSDT,صاعد,RSI,1,64042,64043,2024-10-15T11:22:00+00:00,2024-10-15T11:23:00+00:00,1,-0.00405516005019746,-0.0811032010039492,20.0,زمني,0,False,True,symbol_collision,True,3.8134289999999997,3.81,0.0009,3.809,1,baseline,0,"{""close"": 3.81, ""rsi"": 32.15817157078348, ""rsi7"": 35.34459803442027, ""macd"": -0.0021683274027252675, ""adx"": 48.248063395744595, ""stoch_k"": 22.86340263805049, ""stoch_d"": 16.047722230820884, ""mss"": 0.0, ""sfp"": 0.0, ""vr"": 1.8508917958726125, ""hurst"": 0.522229579495651, ""atr14"": 0.008216042921562363, ""vol_sma20"": 12529.912999999997, ""vol_ratio"": 0.24222275126730736, ""atr_pct"": 0.002156441711696158, ""retest_entry"": true}"
اتجاهي,dir,directional,FILUSDT,صاعد,FVG,1,64049,64050,2024-10-15T11:29:00+00:00,2024-10-15T11:30:00+00:00,1,-0.005888411588411497,-0.11776823176822994,20.0,وقف,0,False,True,,False,3.8054217999999995,3.802,0.0009,3.7940055345999997,1,baseline,0,"{""close"": 3.802, ""rsi"": 40.64653951243135, ""rsi7"": 47.50849422386304, ""macd"": -3.147613781661479e-05, ""adx"": 49.11869610671535, ""stoch_k"": 34.04255319148933, ""stoch_d"": 18.933424075267983, ""mss"": 0.0, ""sfp"": 0.0, ""vr"": 1.9856952795818528, ""hurst"": 0.587850114613769, ""atr14"": 0.009511185729452526, ""vol_sma20"": 16581.537999999997, ""vol_ratio"": 0.6611015214632082, ""atr_pct"": 0.00250162696724159, ""retest_entry"": true}"
اتجاهي,dir,directional,FILUSDT,صاعد,FVG,1,64053,64054,2024-10-15T11:33:00+00:00,2024-10-15T11:34:00+00:00,1,-0.004837929993968686,-0.09675859987937373,20.0,زمني,0,False,True,,False,3.8194343999999996,3.816,0.0009,3.812,1,baseline,0,"{""close"": 3.814, ""rsi"": 48.72480940015448, ""rsi7"": 60.49719396439152, ""macd"": 0.0031945356636713176, ""adx"": 44.26512635129179, ""stoch_k"": 81.36050940928965, ""stoch_d"": 69.2807279211017, ""mss"": 0.0, ""sfp"": 0.0, ""vr"": 1.865356962884574, ""hurst"": 0.5888571433736532, ""atr14"": 0.00934956725371962, ""vol_sma20"": 15776.054999999997, ""vol_ratio"": 0.27965736681318626, ""atr_pct"": 0.0024513810313895176, ""retest_entry"": true}"
اتجاهي,dir,directional,FILUSDT,صاعد,MACD,1,64061,64061,2024-10-15T11:41:00+00:00,2024-10-15T11:41:00+00:00,0,-0.005888411588411497,-0.11776823176822994,20.0,وقف,0,False,True,,False,3.8014181999999996,3.798,0.0009,3.7900139453999997,1,baseline,0,"{""close"": 3.796, ""rsi"": 43.041520446830816, ""rsi7"": 46.61695150456297, ""macd"": 3.4030491762985365e-05, ""adx"": 39.179357460671596, ""stoch_k"": 27.17100078802156, ""stoch_d"": 28.468610454425956, ""mss"": 0.0, ""sfp"": 0.0, ""vr"": 1.7675835646997484, ""hurst"": 0.5751093484969211, ""atr14"": 0.009662215028591976, ""vol_sma20"": 11886.322499999998, ""vol_ratio"": 0.6171833214183782, ""atr_pct"": 0.002545367499629077, ""retest_entry"": true}"
اتجاهي,dir,directional,FILUSDT,صاعد,FVG,1,64069,64069,2024-10-15T11:49:00+00:00,2024-10-15T11:49:00+00:00,0,-0.005888411588411497,-0.11776823176822994,20.0,وقف,0,False,True,,False,3.7954127999999994,3.792,0.0009,3.7840265615999993,1,baseline,0,"{""close"": 3.792, ""rsi"": 46.937562744550355, ""rsi7"": 53.44631894936044, ""macd"": 0.0008374241336556419, ""adx"": 35.9361305947493, ""stoch_k"": 35.373093681916814, ""stoch_d"": 23.38335728302326, ""mss"": 0.0, ""sfp"": 0.0, ""vr"": 1.6237209789464762, ""hurst"": 0.5505191497073362, ""atr14"": 0.009592724928521526, ""vol_sma20"": 8003.681499999996, ""vol_ratio"": 0.20134609304480705, ""atr_pct"": 0.002529727038112217, ""retest_entry"": true}"
اتجاهي,dir,directional,FILUSDT,صاعد,MicroBurst,1,64077,64078,2024-10-15T11:57:00+00:00,2024-10-15T11:58:00+00:00,1,-0.00405998269965584,-0.08119965399311681,20.0,زمني,0,False,True,,False,3.7443668999999997,3.741,0.0009,3.74,1,baseline,0,"{""close"": 3.74, ""rsi"": 30.670454337093616, ""rsi7"": 27.47890692577934, ""macd"": -0.003775876113679747, ""adx"": 42.10075080388311, ""stoch_k"": 9.163386704370135, ""stoch_d"": 5.867725699130368, ""mss"": 0.0, ""sfp"": 0.0, ""vr"": 1.724043200866947, ""hurst"": 0.47282921863039806, ""atr14"": 0.011023411481578012, ""vol_sma20"": 17301.422, ""vol_ratio"": 2.117634030312653, ""atr_pct"": 0.0029474362250208586, ""retest_entry"": true}"
اتجاهي,dir,directional,FILUSDT,صاعد,FVG,1,64082,64084,2024-10-15T12:02:00+00:00,2024-10-15T12:04:00+00:00,2,-0.0017222508958555788,-0.034445017917111576,20.0,تتبع,0,False,True,,False,3.7653858,3.762,0.0009,3.7698224244,1,baseline,0,"{""close"": 3.763, ""rsi"": 47.16382710493586, ""rsi7"": 59.371492727678266, ""macd"": 0.0015575162079513108, ""adx"": 43.95373084963721, ""stoch_k"": 41.41414141414112, ""stoch_d"": 32.49158249158253, ""mss"": 0.0, ""sfp"": 0.0, ""vr"": 1.6352244158891205, ""hurst"": 0.42218684610491025, ""atr14"": 0.011032842564165138, ""vol_sma20"": 16696.625999999997, ""vol_ratio"": 0.3501515815231174, ""atr_pct"": 0.002931927335680345, ""retest_entry"": true}"
اتجاهي,dir,directional,FILUSDT,صاعد,FVG,1,64090,64090,2024-10-15T12:10:00+00:00,2024-10-15T12:10:00+00:00,0,-0.0055896103896101905,-0.11179220779220381,20.0,وقف,0,False,True,,False,3.7842691999999998,3.782,0.0006,3.7729163924,1,baseline,0,"{""close"": 3.779, ""rsi"": 55.18264759965839, ""rsi7"": 65.00456611274373, ""macd"": 0.004813696460021388, ""adx"": 29.34214632068698, ""stoch_k"": 94.8484848484843, ""stoch_d"": 90.0606060606056, ""mss"": 0.0, ""sfp"": 0.0, ""vr"": 1.3376787025236134, ""hurst"": 0.321764521094352, ""atr14"": 0.009770146788882246, ""vol_sma20"": 15808.666499999998, ""vol_ratio"": 0.588513901536224, ""atr_pct"": 0.0025853788803604782, ""retest_entry"": true}"
اتجاهي,dir,directional,FILUSDT,صاعد,MACD,1,96027,96031,2024-11-06T16:27:00+00:00,2024-11-06T16:31:00+00:00,4,-0.0014589552800822795,-0.02917910560164559,20.0,تتبع,0,False,True,symbol_collision,True,3.5990794,3.598,0.0003,3.6021050692,1,baseline,0,"{""close"": 3.597, ""rsi"": 55.816897115481886, ""rsi7"": 65.4985961970662, ""macd"": 0.00020704042508598152, ""adx"": 16.77823136710808, ""stoch_k"": 43.137254901959494, ""stoch_d"": 24.183006535946372, ""mss"": 0.0, ""sfp"": 0.0, ""vr"": 0.8337531172419708, ""hurst"": 0.33604872508748285, ""atr14"": 0.005004415659262446, ""vol_sma20"": 3574.020499999994, ""vol_ratio"": 1.300006533258555, ""atr_pct"": 0.001391274856620085, ""retest_entry"": true}"
اتجاهي,dir,directional,FILUSDT,صاعد,EMA,1,96037,96038,2024-11-06T16:37:00+00:00,2024-11-06T16:38:00+00:00,1,-0.002045567180504109,-0.04091134361008218,20.0,زمني,0,False,True,symbol_collision,True,3.6190854,3.618,0.0003,3.62,1,baseline,0,"{""close"": 3.618, ""rsi"": 74.51348842092158, ""rsi7"": 88.64072194766203, ""macd"": 0.002382160873143747, ""adx"": 27.110001466321652, ""stoch_k"": 99.07407407407351, ""stoch_d"": 98.30246913580164, ""mss"": 0.0, ""sfp"": 0.0, ""vr"": 0.7450767511009627, ""hurst"": 0.3000785733866678, ""atr14"": 0.004327613882768176, ""vol_sma20"": 5291.679999999995, ""vol_ratio"": 0.40828810510083796, ""atr_pct"": 0.0011961342959558256, ""retest_entry"": true}"
اتجاهي,dir,directional,FILUSDT,صاعد,FVG,1,96060,96061,2024-11-06T17:00:00+00:00,2024-11-06T17:01:00+00:00,1,-0.003423043935903601,-0.06846087871807202,20.0,زمني,0,False,True,symbol_collision,True,3.6230865999999997,3.622,0.0003,3.619,1,baseline,0,"{""close"": 3.622, ""rsi"": 64.76924518000354, ""rsi7"": 66.60330494160823, ""macd"": -0.00021049725898693826, ""adx"": 29.049584735860844, ""stoch_k"": 80.85858585858462, ""stoch_d"": 78.16498316498297, ""mss"": 0.0, ""sfp"": 0.0, ""vr"": 0.7194415784381631, ""hurst"": 0.4426646804936831, ""atr14"": 0.0036430046069244933, ""vol_sma20"": 2586.2454999999945, ""vol_ratio"": 0.032699911899315114, ""atr_pct"": 0.0010057991736401142, ""retest_entry"": true}"
اتجاهي,dir,directional,FILUSDT,صاعد,Bollinger,1,96070,96071,2024-11-06T17:10:00+00:00,2024-11-06T17:11:00+00:00,1,-0.0028723728414979635,-0.05744745682995927,20.0,زمني,0,False,True,symbol_collision,True,3.6220863,3.621,0.0003,3.62,1,baseline,0,"{""close"": 3.621, ""rsi"": 57.71637006929849, ""rsi7"": 58.043901096410956, ""macd"": -0.00029072870048832324, ""adx"": 18.90069945726158, ""stoch_k"": 71.79487179486988, ""stoch_d"": 64.67236467236273, ""mss"": 0.0, ""sfp"": 0.0, ""vr"": 0.8379560461337919, ""hurst"": 0.4492897351540631, ""atr14"": 0.004029621523239748, ""vol_sma20"": 4202.068999999994, ""vol_ratio"": 0.4149265516582432, ""atr_pct"": 0.0011128477004252273, ""retest_entry"": true}"
اتجاهي,dir,directional,FILUSDT,صاعد,Bollinger,1,96079,96080,2024-11-06T17:19:00+00:00,2024-11-06T17:20:00+00:00,1,-0.004250077491640825,-0.08500154983281649,20.0,زمني,0,False,True,symbol_collision,True,3.621086,3.62,0.0003,3.614,1,baseline,0,"{""close"": 3.62, ""rsi"": 54.13711334919302, ""rsi7"": 54.697213026917595, ""macd"": -0.00024385069217751658, ""adx"": 13.841375232018391, ""stoch_k"": 48.61111111110929, ""stoch_d"": 45.940170940169224, ""mss"": 0.0, ""sfp"": 0.0, ""vr"": 0.7572853325626875, ""hurst"": 0.4625271705088701, ""atr14"": 0.00346830550667531, ""vol_sma20"": 3470.6919999999946, ""vol_ratio"": 0.24539486649924608, ""atr_pct"": 0.0009580954438329585, ""retest_entry"": true}"
اتجاهي,dir,directional,FILUSDT,صاعد,MicroBurst,1,96085,96086,2024-11-06T17:25:00+00:00,2024-11-06T17:26:00+00:00,1,-0.002596923220735855,-0.0519384644147171,20.0,زمني,0,False,True,symbol_collision,True,3.6170847999999998,3.616,0.0003,3.616,1,baseline,0,"{""close"": 3.618, ""rsi"": 52.27615728229309, ""rsi7"": 55.59965907845141, ""macd"": -0.000599025251277941, ""adx"": 17.011990692915223, ""stoch_k"": 42.5396825396813, ""stoch_d"": 23.924963924962658, ""mss"": 0.0, ""sfp"": 0.0, ""vr"": 0.8626457734903036, ""hurst"": 0.4473916357510389, ""atr14"": 0.0038206524591116735, ""vol_sma20"": 2931.8354999999938, ""vol_ratio"": 2.4623482456638563, ""atr_pct"": 0.0010560122883116843, ""retest_entry"": true}"
اتجاهي,dir,directional,FILUSDT,صاعد,Bollinger,1,96089,96090,2024-11-06T17:29:00+00:00,2024-11-06T17:30:00+00:00,1,-0.00287275371763268,-0.057455074352653596,20.0,زمني,0,False,True,symbol_collision,True,3.6170847999999998,3.616,0.0003,3.615,1,baseline,0,"{""close"": 3.617, ""rsi"": 51.15238541175913, ""rsi7"": 53.64551327776569, ""macd"": -0.0001895667412323214, ""adx"": 15.57038961813687, ""stoch_k"": 54.76190476190458, ""stoch_d"": 53.1746031746028, ""mss"": 0.0, ""sfp"": 0.0, ""vr"": 0.8555185129104601, ""hurst"": 0.432976840350762, ""atr14"": 0.00372890605176721, ""vol_sma20"": 1552.8989999999942, ""vol_ratio"": 0.8858914842497839, ""atr_pct"": 0.0010309389139527814, ""retest_entry"": true}"
اتجاهي,dir,directional,FILUSDT,صاعد,FVG,1,96096,96097,2024-11-06T17:36:00+00:00,2024-11-06T17:37:00+00:00,1,-0.003975694407878958,-0.07951388815757916,20.0,زمني,0,False,True,symbol_collision,True,3.6180851,3.617,0.0003,3.612,1,baseline,0,"{""close"": 3.616, ""rsi"": 50.78748340785576, ""rsi7"": 54.48867765425983, ""macd"": 2.1884474574360288e-05, ""adx"": 15.094317697983856, ""stoch_k"": 60.606060606059735, ""stoch_d"": 54.040404040403075, ""mss"": 0.0, ""sfp"": 0.0, ""vr"": 0.8102957905158066, ""hurst"": 0.416500404410589, ""atr14"": 0.0034392375457011574, ""vol_sma20"": 2480.1664999999944, ""vol_ratio"": 0.003729588315945732, ""atr_pct"": 0.0009511165779040811, ""retest_entry"": true}"
اتجاهي,dir,directional,FILUSDT,صاعد,MACD,1,96100,96106,2024-11-06T17:40:00+00:00,2024-11-06T17:46:00+00:00,6,-0.002321016422180067,-0.04642032844360134,20.0,قفل-ربح,0,False,True,symbol_collision,True,3.6160845,3.615,0.0003,3.616,1,baseline,0,"{""close"": 3.615, ""rsi"": 49.372683004339756, ""rsi7"": 50.91794091892013, ""macd"": 4.6248217851212474e-05, ""adx"": 13.831216454434353, ""stoch_k"": 28.57142857142891, ""stoch_d"": 37.18133718133715, ""mss"": 0.0, ""sfp"": 0.0, ""vr"": 0.8278199226280026, ""hurst"": 0.4252435539889166, ""atr14"": 0.0034544737490309076, ""vol_sma20"": 2253.838499999994, ""vol_ratio"": 0.22016218109682717, ""atr_pct"": 0.0009555943980721736, ""retest_entry"": true}"
اتجاهي,dir,directional,FILUSDT,صاعد,Bollinger,1,96113,96114,2024-11-06T17:53:00+00:00,2024-11-06T17:54:00+00:00,1,-0.002321016422180067,-0.04642032844360134,20.0,زمني,0,False,True,symbol_collision,True,3.6160845,3.615,0.0003,3.616,1,baseline,0,"{""close"": 3.614, ""rsi"": 48.74847703506706, ""rsi7"": 50.62554204156329, ""macd"": -0.00032363939771745144, ""adx"": 18.808712398042044, ""stoch_k"": 38.461538461537664, ""stoch_d"": 33.33333333333307, ""mss"": 0.0, ""sfp"": 0.0, ""vr"": 0.8328257633051341, ""hurst"": 0.41833307456015706, ""atr14"": 0.0032899059333698867, ""vol_sma20"": 2247.5409999999943, ""vol_ratio"": 0.01575944554515361, ""atr_pct"": 0.0009103226157636654, ""retest_entry"": true}"
اتجاهي,dir,directional,FILUSDT,صاعد,FVG,1,96116,96117,2024-11-06T17:56:00+00:00,2024-11-06T17:57:00+00:00,1,-0.002596923220735966,-0.05193846441471932,20.0,زمني,0,False,True,symbol_collision,True,3.621086,3.62,0.0003,3.62,1,baseline,0,"{""close"": 3.618, ""rsi"": 56.10172337752009, ""rsi7"": 64.80202155982134, ""macd"": 0.000309862707779888, ""adx"": 17.33943440677887, ""stoch_k"": 61.53846153846066, ""stoch_d"": 51.282051282050325, ""mss"": 0.0, ""sfp"": 0.0, ""vr"": 0.8111657470977015, ""hurst"": 0.4299526803597396, ""atr14"": 0.003165788387614331, ""vol_sma20"": 2979.376499999994, ""vol_ratio"": 2.299853677438892, ""atr_pct"": 0.0008750106101753265, ""retest_entry"": true}"
اتجاهي,dir,directional,FILUSDT,صاعد,FVG,1,96120,96124,2024-11-06T18:00:00+00:00,2024-11-06T18:04:00+00:00,4,-0.0012913547568650773,-0.025827095137301546,20.0,تتبع,0,False,True,symbol_collision,True,3.6230865999999997,3.622,0.0003,3.6267410812,1,baseline,0,"{""close"": 3.623, ""rsi"": 62.99019574852688, ""rsi7"": 73.78508778304628, ""macd"": 0.001106278426498254, ""adx"": 17.13198677673077, ""stoch_k"": 97.43589743589742, ""stoch_d"": 94.87179487179475, ""mss"": 0.0, ""sfp"": 0.0, ""vr"": 0.7612753632150814, ""hurst"": 0.39423624327085394, ""atr14"": 0.002914412800360628, ""vol_sma20"": 3184.3629999999944, ""vol_ratio"": 0.3154100207796667, ""atr_pct"": 0.0008044197627271951, ""retest_entry"": true}"
اتجاهي,dir,directional,FILUSDT,صاعد,FVG,1,96130,96131,2024-11-06T18:10:00+00:00,2024-11-06T18:11:00+00:00,1,-0.002596923220735855,-0.0519384644147171,20.0,زمني,0,False,True,symbol_collision,True,3.6350901999999996,3.634,0.0003,3.634,1,baseline,0,"{""close"": 3.634, ""rsi"": 72.94416707382045, ""rsi7"": 81.35282823018123, ""macd"": 0.0009956601570702901, ""adx"": 27.913054160443725, ""stoch_k"": 94.53044375644951, ""stoch_d"": 96.2160302717577, ""mss"": 0.0, ""sfp"": 0.0, ""vr"": 0.7653784993059183, ""hurst"": 0.29125095425531344, ""atr14"": 0.002774662606918925, ""vol_sma20"": 2193.4619999999945, ""vol_ratio"": 4.506652041384817, ""atr_pct"": 0.0007635285104344869, ""retest_entry"": true}"
اتجاهي,dir,directional,FILUSDT,صاعد,FVG,1,96146,96147,2024-11-06T18:26:00+00:00,2024-11-06T18:27:00+00:00,1,-0.0028713874686113364,-0.05742774937222673,20.0,زمني,0,False,True,symbol_collision,True,3.6350901999999996,3.634,0.0003,3.633,1,baseline,0,"{""close"": 3.633, ""rsi"": 58.500545704124626, ""rsi7"": 60.203573944359405, ""macd"": -0.0007451393150660168, ""adx"": 25.506829585600723, ""stoch_k"": 36.11111111111177, ""stoch_d"": 21.29629629629655, ""mss"": 0.0, ""sfp"": 0.0, ""vr"": 0.8603446976339316, ""hurst"": 0.41294817948371854, ""atr14"": 0.002972571005552928, ""vol_sma20"": 2356.491499999994, ""vol_ratio"": 0.9104000587313832, ""atr_pct"": 0.000818213874360839, ""retest_entry"": true}"
اتجاهي,dir,directional,FILUSDT,صاعد,Bollinger,1,96162,96164,2024-11-06T18:42:00+00:00,2024-11-06T18:44:00+00:00,2,-0.0020482966658519177,-0.04096593331703835,20.0,تتبع,0,False,True,symbol_collision,True,3.6370908,3.636,0.0003,3.638,1,baseline,0,"{""close"": 3.636, ""rsi"": 61.15881957855893, ""rsi7"": 67.56619969341777, ""macd"": -2.6253041443337864e-05, ""adx"": 18.476312596420094, ""stoch_k"": 66.66666666666852, ""stoch_d"": 44.97354497354545, ""mss"": 0.0, ""sfp"": 0.0, ""vr"": 0.8847998651515552, ""hurst"": 0.3939334189168269, ""atr14"": 0.0028895127115420682, ""vol_sma20"": 1436.972999999994, ""vol_ratio"": 0.8021375488613947, ""atr_pct"": 0.0007946954652205908, ""retest_entry"": true}"
اتجاهي,dir,directional,FILUSDT,صاعد,Bollinger,1,96378,96383,2024-11-06T22:18:00+00:00,2024-11-06T22:23:00+00:00,5,-0.0019061487275669625,-0.03812297455133925,20.0,قفل-ربح,0,False,True,symbol_collision,True,3.6761025,3.675,0.0003,3.6775452059668727,1,baseline,0,"{""close"": 3.673, ""rsi"": 41.40376035743623, ""rsi7"": 33.0869777160794, ""macd"": -0.00185760972800004, ""adx"": 29.099574577227866, ""stoch_k"": 9.803921568627032, ""stoch_d"": 5.228758169934147, ""mss"": 0.0, ""sfp"": 0.0, ""vr"": 0.7868476919208716, ""hurst"": 0.17116793814457554, ""atr14"": 0.0032033074983478125, ""vol_sma20"": 1426.5469999999941, ""vol_ratio"": 0.946936904287069, ""atr_pct"": 0.0008721229235904744, ""retest_entry"": true}"
اتجاهي,dir,directional,FILUSDT,صاعد,Bollinger,1,96390,96391,2024-11-06T22:30:00+00:00,2024-11-06T22:31:00+00:00,1,-0.002325816105547102,-0.04651632211094204,20.0,زمني,0,False,True,symbol_collision,True,3.6801036999999996,3.679,0.0003,3.68,1,baseline,0,"{""close"": 3.681, ""rsi"": 55.87273037956835, ""rsi7"": 63.132194024184905, ""macd"": 0.00020564183532886674, ""adx"": 15.300321370518523, ""stoch_k"": 85.8585858585872, ""stoch_d"": 81.16582491582626, ""mss"": 0.0, ""sfp"": 0.0, ""vr"": 0.6452257702642558, ""hurst"": 0.2011499771868314, ""atr14"": 0.002591820171034502, ""vol_sma20"": 1490.877999999994, ""vol_ratio"": 0.06798678362682957, ""atr_pct"": 0.0007041076259262434, ""retest_entry"": true}"
اتجاهي,dir,directional,FILUSDT,صاعد,FVG,1,96394,96400,2024-11-06T22:34:00+00:00,2024-11-06T22:40:00+00:00,6,-0.00047645288200340866,-0.009529057640068173,20.0,تتبع,0,False,True,symbol_collision,True,3.6881060999999997,3.687,0.0003,3.6948385301999997,1,baseline,0,"{""close"": 3.687, ""rsi"": 66.69941934594308, ""rsi7"": 80.01039399237956, ""macd"": 0.000705948862523885, ""adx"": 16.143829802314237, ""stoch_k"": 92.59259259259306, ""stoch_d"": 89.56228956229045, ""mss"": 0.0, ""sfp"": 0.0, ""vr"": 0.6654933748890592, ""hurst"": 0.2451046994066665, ""atr14"": 0.0026488175735348675, ""vol_sma20"": 1463.7519999999943, ""vol_ratio"": 3.0751725702168247, ""atr_pct"": 0.0007184208227650848, ""retest_entry"": true}"
اتجاهي,dir,directional,FILUSDT,صاعد,OBV,1,96406,96415,2024-11-06T22:46:00+00:00,2024-11-06T22:55:00+00:00,9,0.010858477664960127,0.21716955329920254,20.0,حصد-اعادة,0,True,True,symbol_collision,True,3.6981091,3.697,0.0003,3.748,1,baseline,0,"{""close"": 3.697, ""rsi"": 68.00445387019512, ""rsi7"": 69.43635822302485, ""macd"": 0.00040441493423779397, ""adx"": 31.908785140286287, ""stoch_k"": 75.55555555555456, ""stoch_d"": 73.85040885040779, ""mss"": 0.0, ""sfp"": 0.0, ""vr"": 0.8126955757087725, ""hurst"": 0.25135723175355895, ""atr14"": 0.0030618480821449252, ""vol_sma20"": 4204.108999999995, ""vol_ratio"": 0.7532202423866754, ""atr_pct"": 0.0008281980205964093, ""retest_entry"": true}"
اتجاهي,dir,directional,FILUSDT,صاعد,MicroBurst,1,96415,96416,2024-11-06T22:55:00+00:00,2024-11-06T22:56:00+00:00,1,-0.0037273980675282025,-0.1490959227011281,40.0,زمني,0,False,True,symbol_collision,True,3.7502488,3.748,0.0006,3.746,2,baseline,1,"{""close"": 3.749, ""rsi"": 92.37397696894057, ""rsi7"": 97.31125859822495, ""macd"": 0.004775315237963365, ""adx"": 51.19152078820316, ""stoch_k"": 97.8535353535347, ""stoch_d"": 96.22722956056225, ""mss"": 0.0, ""sfp"": 0.0, ""vr"": 1.4410968144452527, ""hurst"": 0.37040166045452, ""atr14"": 0.005303920043111777, ""vol_sma20"": 13426.875499999995, ""vol_ratio"": 2.4245126872592224, ""atr_pct"": 0.001414755946415518}"
اتجاهي,dir,directional,FILUSDT,صاعد,Stochastic,1,96439,96450,2024-11-06T23:19:00+00:00,2024-11-06T23:30:00+00:00,11,-0.001313290112080502,-0.02626580224161004,20.0,تتبع,0,False,True,symbol_collision,True,3.733357,3.73,0.0009,3.7370406259999998,1,baseline,0,"{""close"": 3.73, ""rsi"": 50.564973643800634, ""rsi7"": 44.40406896468224, ""macd"": -0.002376653208513744, ""adx"": 25.742128876307927, ""stoch_k"": 13.492063492063657, ""stoch_d"": 11.291005291005002, ""mss"": 0.0, ""sfp"": 0.0, ""vr"": 1.521942756888966, ""hurst"": 0.5545069258763665, ""atr14"": 0.0061600328379306365, ""vol_sma20"": 4613.5574999999935, ""vol_ratio"": 0.6279319158805334, ""atr_pct"": 0.0016514833345658542, ""retest_entry"": true}"
اتجاهي,dir,directional,FILUSDT,صاعد,Bollinger,1,96461,96462,2024-11-06T23:41:00+00:00,2024-11-06T23:42:00+00:00,1,-0.003938600752050482,-0.07877201504100964,20.0,زمني,0,False,True,symbol_collision,True,3.7181151,3.717,0.0003,3.712,1,baseline,0,"{""close"": 3.718, ""rsi"": 41.933736790558704, ""rsi7"": 45.45143147596836, ""macd"": -0.0017835033225911054, ""adx"": 32.88066118984313, ""stoch_k"": 13.725490196078036, ""stoch_d"": 8.25163398692773, ""mss"": 0.0, ""sfp"": 0.0, ""vr"": 1.1378497663408933, ""hurst"": 0.5615857288981825, ""atr14"": 0.005043492025829223, ""vol_sma20"": 4079.140499999994, ""vol_ratio"": 0.04624503617857739, ""atr_pct"": 0.0013565067309922602, ""retest_entry"": true}"
اتجاهي,dir,directional,FILUSDT,هابط,ADX,-1,104734,104735,2024-11-12T17:34:00+00:00,2024-11-12T17:35:00+00:00,1,-0.004487705124403217,-0.08975410248806434,20.0,زمني,0,False,True,,False,4.2217331,4.223,0.0003,4.231,1,baseline,0,"{""close"": 4.223, ""rsi"": 67.47371833557145, ""rsi7"": 75.52846027132601, ""macd"": 0.002551566043841892, ""adx"": 22.803358171174754, ""stoch_k"": 96.21212121212034, ""stoch_d"": 92.84576286491988, ""mss"": 0.0, ""sfp"": 0.0, ""vr"": 0.687141101788631, ""hurst"": 0.38111251661352624, ""atr14"": 0.009123590219171519, ""vol_sma20"": 4548.638999999997, ""vol_ratio"": 0.7196482288438371, ""atr_pct"": 0.0021604523370048587, ""retest_entry"": true}"
اتجاهي,dir,directional,FILUSDT,هابط,FVG,-1,104741,104745,2024-11-12T17:41:00+00:00,2024-11-12T17:45:00+00:00,4,0.00028564426597603497,0.005712885319520699,20.0,تتبع,0,True,True,,False,4.2317301,4.233,0.0003,4.2207728982,1,baseline,0,"{""close"": 4.231, ""rsi"": 66.83561538718857, ""rsi7"": 67.60808764536489, ""macd"": 0.0016401818597011515, ""adx"": 31.03066741758296, ""stoch_k"": 86.86024120806707, ""stoch_d"": 91.61340895640406, ""mss"": 0.0, ""sfp"": 0.0, ""vr"": 0.6414694254651178, ""hurst"": 0.3198881518452001, ""atr14"": 0.008330061184274037, ""vol_sma20"": 4378.661499999999, ""vol_ratio"": 0.370674919721472, ""atr_pct"": 0.001968816162674081, ""retest_entry"": true}"
اتجاهي,dir,directional,FILUSDT,هابط,FVG,-1,104755,104760,2024-11-12T17:55:00+00:00,2024-11-12T18:00:00+00:00,5,0.002064168671240457,0.04128337342480914,20.0,تتبع,0,True,True,,False,4.2037385,4.205,0.0003,4.185360107,1,baseline,0,"{""close"": 4.203, ""rsi"": 40.10459340027117, ""rsi7"": 29.251443268235704, ""macd"": -0.003145873096446591, ""adx"": 17.971860846654668, ""stoch_k"": 15.590828924162095, ""stoch_d"": 20.235155790711357, ""mss"": 0.0, ""sfp"": 0.0, ""vr"": 0.6516377533272603, ""hurst"": 0.26750423040096144, ""atr14"": 0.007732783165167485, ""vol_sma20"": 3016.3219999999988, ""vol_ratio"": 1.769575662014865, ""atr_pct"": 0.0018398246883577169, ""retest_entry"": true}"
اتجاهي,dir,directional,FILUSDT,هابط,Stochastic,-1,104773,104774,2024-11-12T18:13:00+00:00,2024-11-12T18:14:00+00:00,1,-0.005290809190809106,-0.10581618381618212,20.0,وقف,0,False,True,,False,4.2017391,4.203,0.0003,4.2143443173,1,baseline,0,"{""close"": 4.205, ""rsi"": 52.59746418621102, ""rsi7"": 59.05027553657194, ""macd"": 0.0021050232443624445, ""adx"": 16.303204269657552, ""stoch_k"": 92.15686274509767, ""stoch_d"": 92.81045751633941, ""mss"": 0.0, ""sfp"": 0.0, ""vr"": 0.7666629466567123, ""hurst"": 0.370629853214152, ""atr14"": 0.008004787691899728, ""vol_sma20"": 4075.6169999999984, ""vol_ratio"": 1.6483835453625801, ""atr_pct"": 0.0019036355985492812, ""retest_entry"": true}"
اتجاهي,dir,directional,FILUSDT,هابط,SFP,-1,104779,104780,2024-11-12T18:19:00+00:00,2024-11-12T18:20:00+00:00,1,-0.0021238919497867637,-0.042477838995735276,20.0,زمني,0,False,True,,False,4.2167346000000006,4.218,0.0003,4.216,1,baseline,0,"{""close"": 4.219, ""rsi"": 59.80264218505723, ""rsi7"": 64.17095970963773, ""macd"": 0.002936816767186502, ""adx"": 22.56533421949527, ""stoch_k"": 84.13940256045514, ""stoch_d"": 90.3462512576758, ""mss"": 0.0, ""sfp"": -1.0, ""vr"": 0.8430392391746168, ""hurst"": 0.395437612189736, ""atr14"": 0.00841159684665177, ""vol_sma20"": 6352.621499999998, ""vol_ratio"": 0.23763732814870211, ""atr_pct"": 0.001993741845615494, ""retest_entry"": true}"
اتجاهي,dir,directional,FILUSDT,هابط,FVG,-1,104782,104783,2024-11-12T18:22:00+00:00,2024-11-12T18:23:00+00:00,1,-0.005290809190808995,-0.1058161838161799,20.0,وقف,0,False,True,,False,4.212735800000001,4.214,0.0003,4.2253740074,1,baseline,0,"{""close"": 4.215, ""rsi"": 55.31821291984172, ""rsi7"": 53.07448362530125, ""macd"": 0.001239912130313121, ""adx"": 24.075845557788295, ""stoch_k"": 60.66202825216076, ""stoch_d"": 68.94304271314148, ""mss"": 0.0, ""sfp"": 0.0, ""vr"": 0.7850287053058268, ""hurst"": 0.4106118387790952, ""atr14"": 0.0076502471837076565, ""vol_sma20"": 6233.4969999999985, ""vol_ratio"": 0.10930942936204191, ""atr_pct"": 0.00181500526303859, ""retest_entry"": true}"
اتجاهي,dir,directional,FILUSDT,هابط,Stochastic,-1,104793,104795,2024-11-12T18:33:00+00:00,2024-11-12T18:35:00+00:00,2,-0.005290809190809106,-0.10581618381618212,20.0,وقف,0,False,True,,False,4.2477253,4.249,0.0003,4.2604684759,1,baseline,0,"{""close"": 4.248, ""rsi"": 70.58228806061318, ""rsi7"": 76.6816316052589, ""macd"": 0.002095302026474958, ""adx"": 39.56077352457878, ""stoch_k"": 91.90669763840482, ""stoch_d"": 92.22240771021252, ""mss"": 0.0, ""sfp"": -1.0, ""vr"": 0.8874990021219551, ""hurst"": 0.44769530133119023, ""atr14"": 0.008121794924969152, ""vol_sma20"": 7385.1664999999975, ""vol_ratio"": 0.989586355297474, ""atr_pct"": 0.0019119102930718341, ""retest_entry"": true}"
اتجاهي,dir,directional,FILUSDT,هابط,FVG,-1,104798,104804,2024-11-12T18:38:00+00:00,2024-11-12T18:44:00+00:00,6,-0.0013413995412894662,-0.026827990825789325,20.0,قفل-ربح,0,False,True,,False,4.2477253,4.249,0.0003,4.243653833569353,1,baseline,0,"{""close"": 4.248, ""rsi"": 61.84164034999493, ""rsi7"": 57.10171500985236, ""macd"": 0.00045056480754250734, ""adx"": 42.18927403720097, ""stoch_k"": 74.81146304675754, ""stoch_d"": 83.78253010605967, ""mss"": 0.0, ""sfp"": 0.0, ""vr"": 1.0102644145299657, ""hurst"": 0.47850869095858983, ""atr14"": 0.00904828829333853, ""vol_sma20"": 4696.316999999998, ""vol_ratio"": 0.9978564053491282, ""atr_pct"": 0.0021300113684883546, ""retest_entry"": true}"
اتجاهي,dir,directional,FILUSDT,هابط,SFP,-1,104821,104821,2024-11-12T19:01:00+00:00,2024-11-12T19:01:00+00:00,0,-0.005290809190808995,-0.1058161838161799,20.0,وقف,0,False,True,,False,4.2417271,4.243,0.0003,4.2544522813,1,baseline,0,"{""close"": 4.243, ""rsi"": 50.84335729173238, ""rsi7"": 45.15811754379886, ""macd"": 4.967281341094424e-05, ""adx"": 19.754054986649344, ""stoch_k"": 75.36231884057985, ""stoch_d"": 85.42136339237732, ""mss"": 0.0, ""sfp"": -1.0, ""vr"": 0.9028260942106623, ""hurst"": 0.473127458932609, ""atr14"": 0.007560833590644769, ""vol_sma20"": 3756.800999999998, ""vol_ratio"": 0.6509953548244906, ""atr_pct"": 0.0017819546525205676, ""retest_entry"": true}"
اتجاهي,dir,directional,FILUSDT,هابط,Bollinger,-1,104825,104826,2024-11-12T19:05:00+00:00,2024-11-12T19:06:00+00:00,1,-0.0015152568991933897,-0.030305137983867792,20.0,تتبع,0,False,True,,False,4.249724700000001,4.251,0.0003,4.2463918646000005,1,baseline,0,"{""close"": 4.251, ""rsi"": 55.268936944919304, ""rsi7"": 53.66532033611701, ""macd"": 0.00032699057347554926, ""adx"": 16.792550921968676, ""stoch_k"": 75.30864197530788, ""stoch_d"": 79.38808373590915, ""mss"": 0.0, ""sfp"": 0.0, ""vr"": 0.9139646491512703, ""hurst"": 0.47110644106640504, ""atr14"": 0.0075942047111205, ""vol_sma20"": 3575.892499999999, ""vol_ratio"": 0.6481318999382674, ""atr_pct"": 0.0017864513552388848, ""retest_entry"": true}"
اتجاهي,dir,directional,FILUSDT,هابط,FVG,-1,104839,104847,2024-11-12T19:19:00+00:00,2024-11-12T19:27:00+00:00,8,-0.005290809190808885,-0.10581618381617769,20.0,وقف,0,False,True,,False,4.2537235,4.255,0.0003,4.2664846705,1,baseline,0,"{""close"": 4.255, ""rsi"": 50.14994437279941, ""rsi7"": 42.627745672507416, ""macd"": 7.595140918673863e-05, ""adx"": 16.11428671191129, ""stoch_k"": 59.64912280701727, ""stoch_d"": 74.77834370873332, ""mss"": 0.0, ""sfp"": 0.0, ""vr"": 1.0732878869410238, ""hurst"": 0.40621366708882695, ""atr14"": 0.008749758851885923, ""vol_sma20"": 4212.784499999999, ""vol_ratio"": 0.8892218436523399, ""atr_pct"": 0.0020563475562599114, ""retest_entry"": true}"
اتجاهي,dir,directional,FILUSDT,صاعد,FVG,1,106129,106130,2024-11-13T16:49:00+00:00,2024-11-13T16:50:00+00:00,1,-0.002122872328730624,-0.04245744657461248,20.0,زمني,0,False,True,,False,4.2092624,4.208,0.0003,4.21,1,baseline,0,"{""close"": 4.208, ""rsi"": 62.665327287573014, ""rsi7"": 76.61026354541121, ""macd"": 0.00402085071226154, ""adx"": 18.077017000354044, ""stoch_k"": 92.25749559082863, ""stoch_d"": 86.19307870515554, ""mss"": 0.0, ""sfp"": -1.0, ""vr"": 1.0453451917993253, ""hurst"": 0.1436275859836507, ""atr14"": 0.015257550697158336, ""vol_sma20"": 16970.880499999996, ""vol_ratio"": 0.6714872572463169, ""atr_pct"": 0.0036258437968532168, ""retest_entry"": true}"
اتجاهي,dir,directional,FILUSDT,صاعد,MACD,1,106143,106153,2024-11-13T17:03:00+00:00,2024-11-13T17:13:00+00:00,10,0.009971398954561535,0.1994279790912307,20.0,حصد-اعادة,0,True,True,,False,4.2072618,4.206,0.0003,4.259,1,baseline,0,"{""close"": 4.205, ""rsi"": 58.88336452444013, ""rsi7"": 66.55902030890508, ""macd"": 0.0005946201851647769, ""adx"": 11.114719264664568, ""stoch_k"": 48.67647058823548, ""stoch_d"": 36.6042780748665, ""mss"": 0.0, ""sfp"": 0.0, ""vr"": 0.9009325100943824, ""hurst"": 0.1434904839461149, ""atr14"": 0.012297498543896947, ""vol_sma20"": 12828.414499999997, ""vol_ratio"": 0.9230259904682688, ""atr_pct"": 0.002924494302948144, ""retest_entry"": true}"
اتجاهي,dir,directional,FILUSDT,صاعد,MicroBurst,1,106153,106157,2024-11-13T17:13:00+00:00,2024-11-13T17:17:00+00:00,4,-0.005418984146118925,-0.216759365844757,40.0,وقف,0,False,True,,False,4.2602777000000005,4.259,0.0003,4.246949548421269,2,baseline,1,"{""close"": 4.259, ""rsi"": 76.05203060681275, ""rsi7"": 86.89533850977617, ""macd"": 0.004652620345902841, ""adx"": 26.961490236613717, ""stoch_k"": 94.6379781420759, ""stoch_d"": 95.30352388958893, ""mss"": 0.0, ""sfp"": 0.0, ""vr"": 0.8726017513969763, ""hurst"": 0.24242981440384542, ""atr14"": 0.011586221158635997, ""vol_sma20"": 12995.252999999997, ""vol_ratio"": 4.042634645127725, ""atr_pct"": 0.0027204088186513257}"
اتجاهي,dir,directional,FILUSDT,صاعد,Bollinger,1,106167,106170,2024-11-13T17:27:00+00:00,2024-11-13T17:30:00+00:00,3,-0.001143789841367233,-0.02287579682734466,20.0,تتبع,0,False,True,,False,4.2072618,4.206,0.0003,4.2121277924000005,1,baseline,0,"{""close"": 4.206, ""rsi"": 43.55382299486886, ""rsi7"": 36.49714173071214, ""macd"": -0.005025673245399459, ""adx"": 25.60050317044542, ""stoch_k"": 21.296296296295683, ""stoch_d"": 17.599302200750724, ""mss"": 0.0, ""sfp"": 0.0, ""vr"": 0.8798837505399464, ""hurst"": 0.28765944633454404, ""atr14"": 0.011525127710392408, ""vol_sma20"": 17270.04, ""vol_ratio"": 0.5773605619905918, ""atr_pct"": 0.0027401635069882087, ""retest_entry"": true}"
اتجاهي,dir,directional,FILUSDT,صاعد,Bollinger,1,106172,106173,2024-11-13T17:32:00+00:00,2024-11-13T17:33:00+00:00,1,-0.0021237718560397404,-0.04247543712079481,20.0,زمني,0,False,True,,False,4.2172648,4.216,0.0003,4.218,1,baseline,0,"{""close"": 4.214, ""rsi"": 49.9203592721346, ""rsi7"": 52.327221795399446, ""macd"": -0.0018552114966380634, ""adx"": 22.404353492639977, ""stoch_k"": 33.24463118580753, ""stoch_d"": 28.049669143019198, ""mss"": 0.0, ""sfp"": 0.0, ""vr"": 0.8665909207012666, ""hurst"": 0.3015020669787818, ""atr14"": 0.011327295254534473, ""vol_sma20"": 14875.678999999998, ""vol_ratio"": 1.0885782087661344, ""atr_pct"": 0.0026880150105682184, ""retest_entry"": true}"
اتجاهي,dir,directional,FILUSDT,صاعد,MACD,1,106175,106176,2024-11-13T17:35:00+00:00,2024-11-13T17:36:00+00:00,1,-0.0010369359491572735,-0.02073871898314547,20.0,قفل-ربح,0,False,True,,False,4.2232666000000005,4.222,0.0003,4.228603414821893,1,baseline,0,"{""close"": 4.225, ""rsi"": 56.26244582311752, ""rsi7"": 64.34228701593182, ""macd"": 0.0005495335625753466, ""adx"": 19.3668962973956, ""stoch_k"": 77.5608375778145, ""stoch_d"": 63.967131089371804, ""mss"": 0.0, ""sfp"": 0.0, ""vr"": 0.9066756116401915, ""hurst"": 0.29697169137587764, ""atr14"": 0.011864456149494247, ""vol_sma20"": 11986.099999999997, ""vol_ratio"": 0.9017553666330169, ""atr_pct"": 0.0028081553016554434, ""retest_entry"": true}"
اتجاهي,dir,directional,FILUSDT,صاعد,MACD,1,106188,106199,2024-11-13T17:48:00+00:00,2024-11-13T17:59:00+00:00,11,-0.00535300091712073,-0.1070600183424146,20.0,وقف,0,False,True,,False,4.239271400000001,4.238,0.0003,4.226289331014503,1,baseline,0,"{""close"": 4.236, ""rsi"": 59.45616171229608, ""rsi7"": 66.92809289902218, ""macd"": 0.0006555842671623789, ""adx"": 12.832292352177223, ""stoch_k"": 52.24483043837757, ""stoch_d"": 45.61662531017308, ""mss"": 0.0, ""sfp"": 0.0, ""vr"": 0.8563432538195553, ""hurst"": 0.328231769054477, ""atr14"": 0.01128004422863517, ""vol_sma20"": 10400.863999999998, ""vol_ratio"": 1.2351300815009216, ""atr_pct"": 0.002662899959545602, ""retest_entry"": true}"
اتجاهي,dir,directional,FILUSDT,صاعد,Bollinger,1,106204,106208,2024-11-13T18:04:00+00:00,2024-11-13T18:08:00+00:00,4,0.0007171649745742458,0.014343299491484916,20.0,تتبع,0,True,True,,False,4.239271400000001,4.238,0.0003,4.2520816748,1,baseline,0,"{""close"": 4.238, ""rsi"": 54.91696865004079, ""rsi7"": 56.92302921366326, ""macd"": -0.0011174651102361086, ""adx"": 16.423491780095375, ""stoch_k"": 52.35381902048542, ""stoch_d"": 37.90448234892659, ""mss"": 0.0, ""sfp"": 0.0, ""vr"": 0.7503062093203272, ""hurst"": 0.33381921219284233, ""atr14"": 0.00947235458449116, ""vol_sma20"": 8110.599499999998, ""vol_ratio"": 3.46791874016218, ""atr_pct"": 0.002235100185108815, ""retest_entry"": true}"
اتجاهي,dir,directional,FILUSDT,صاعد,EMA,1,106221,106224,2024-11-13T18:21:00+00:00,2024-11-13T18:24:00+00:00,3,0.0010138297591449903,0.020276595182899808,20.0,تتبع,0,True,True,,False,4.2322693,4.231,0.0003,4.2463168726,1,baseline,0,"{""close"": 4.233, ""rsi"": 47.83009647064974, ""rsi7"": 47.125406031900205, ""macd"": -0.0024122094595326903, ""adx"": 15.602203583895282, ""stoch_k"": 19.455473624503608, ""stoch_d"": 15.40489027159417, ""mss"": 0.0, ""sfp"": 0.0, ""vr"": 0.9235723915573674, ""hurst"": 0.3197730862316248, ""atr14"": 0.010652688292022903, ""vol_sma20"": 11054.730999999996, ""vol_ratio"": 1.465991347957721, ""atr_pct"": 0.0025165812171091197, ""retest_entry"": true}"
اتجاهي,dir,directional,FILUSDT,صاعد,Bollinger,1,106227,106232,2024-11-13T18:27:00+00:00,2024-11-13T18:32:00+00:00,5,-0.005290809190809106,-0.10581618381618212,20.0,وقف,0,False,True,,False,4.251275,4.25,0.0003,4.238521175,1,baseline,0,"{""close"": 4.25, ""rsi"": 58.43703077796779, ""rsi7"": 64.88801798033367, ""macd"": 0.0012782850554718672, ""adx"": 16.39869605958304, ""stoch_k"": 80.70175438596532, ""stoch_d"": 79.08496732026178, ""mss"": 0.0, ""sfp"": 0.0, ""vr"": 0.8576019942522359, ""hurst"": 0.24151368899642242, ""atr14"": 0.009626634326754082, ""vol_sma20"": 11383.800499999998, ""vol_ratio"": 0.9459108142311525, ""atr_pct"": 0.00226509042982449, ""retest_entry"": true}"
اتجاهي,dir,directional,FILUSDT,صاعد,Stochastic,1,106239,106239,2024-11-13T18:39:00+00:00,2024-11-13T18:39:00+00:00,0,-0.005290809190808995,-0.1058161838161799,20.0,وقف,0,False,True,,False,4.218265099999999,4.217,0.0003,4.2056103046999995,1,baseline,0,"{""close"": 4.218, ""rsi"": 34.1872975422106, ""rsi7"": 21.18278950693164, ""macd"": -0.0031889642778133035, ""adx"": 18.904675777792, ""stoch_k"": 6.042627993846885, ""stoch_d"": 5.617812934885303, ""mss"": 0.0, ""sfp"": 1.0, ""vr"": 0.7959961587211509, ""hurst"": 0.2356051753609535, ""atr14"": 0.008415690797692875, ""vol_sma20"": 8090.438499999997, ""vol_ratio"": 0.9021105592731473, ""atr_pct"": 0.0019951851108802455, ""retest_entry"": true}"
اتجاهي,dir,directional,FILUSDT,صاعد,FVG,1,106243,106244,2024-11-13T18:43:00+00:00,2024-11-13T18:44:00+00:00,1,-0.0021230975310545016,-0.04246195062109003,20.0,زمني,0,False,True,,False,4.211263,4.21,0.0003,4.212,1,baseline,0,"{""close"": 4.209, ""rsi"": 38.862856443758965, ""rsi7"": 40.4051777202596, ""macd"": -0.0037856129451028656, ""adx"": 25.499831540030126, ""stoch_k"": 20.619235836626185, ""stoch_d"": 12.574852851252155, ""mss"": 0.0, ""sfp"": 0.0, ""vr"": 0.9704653413859196, ""hurst"": 0.27505428510888985, ""atr14"": 0.010158854250127735, ""vol_sma20"": 8920.808499999996, ""vol_ratio"": 0.8360049428255302, ""atr_pct"": 0.002413602815425929, ""retest_entry"": true}"
اتجاهي,dir,directional,FILUSDT,صاعد,FVG,1,106249,106250,2024-11-13T18:49:00+00:00,2024-11-13T18:50:00+00:00,1,-0.0013275417624175518,-0.026550835248351036,20.0,تتبع,0,False,True,,False,4.2172648,4.216,0.0003,4.2213656464,1,baseline,0,"{""close"": 4.216, ""rsi"": 47.67330497711975, ""rsi7"": 54.643616757871115, ""macd"": 0.0001882176790316513, ""adx"": 25.729701951585625, ""stoch_k"": 46.18174927587231, ""stoch_d"": 35.228448228324545, ""mss"": 0.0, ""sfp"": 0.0, ""vr"": 0.9663980205400008, ""hurst"": 0.30842722266871925, ""atr14"": 0.009999772778057575, ""vol_sma20"": 9430.593499999997, ""vol_ratio"": 0.9475024026854728, ""atr_pct"": 0.0023718626133912655, ""retest_entry"": true}"
اتجاهي,dir,directional,FILUSDT,صاعد,FVG,1,106261,106261,2024-11-13T19:01:00+00:00,2024-11-13T19:01:00+00:00,0,-0.005290809190809106,-0.10581618381618212,20.0,وقف,0,False,True,,False,4.2122633,4.211,0.0003,4.1996265101,1,baseline,0,"{""close"": 4.211, ""rsi"": 46.56139423004629, ""rsi7"": 47.73139624080844, ""macd"": -8.11422199230331e-05, ""adx"": 17.219425922145906, ""stoch_k"": 37.25490196078534, ""stoch_d"": 31.43580012650301, ""mss"": 0.0, ""sfp"": 0.0, ""vr"": 1.0550984109082855, ""hurst"": 0.33166023403287476, ""atr14"": 0.010644721982294056, ""vol_sma20"": 9948.342499999995, ""vol_ratio"": 2.4156466265611596, ""atr_pct"": 0.0025278370891223118, ""retest_entry"": true}"
اتجاهي,dir,directional,FILUSDT,صاعد,EMA,1,106263,106263,2024-11-13T19:03:00+00:00,2024-11-13T19:03:00+00:00,0,-0.005534096419055182,-0.11068192838110363,20.0,وقف,0,False,True,,False,4.2282681,4.227,0.0003,4.214552243021561,1,baseline,0,"{""close"": 4.227, ""rsi"": 55.579586059958295, ""rsi7"": 63.301684842712795, ""macd"": 0.0012614291863179425, ""adx"": 16.668987050480624, ""stoch_k"": 66.72268907563084, ""stoch_d"": 52.95985060691027, ""mss"": 0.0, ""sfp"": -1.0, ""vr"": 1.18139494480555, ""hurst"": 0.31700865603593087, ""atr14"": 0.011923255178610634, ""vol_sma20"": 9556.937999999998, ""vol_ratio"": 1.2303836228716774, ""atr_pct"": 0.0028207369715189576, ""retest_entry"": true}"
اتجاهي,dir,directional,FILUSDT,صاعد,FVG,1,106270,106270,2024-11-13T19:10:00+00:00,2024-11-13T19:10:00+00:00,0,-0.00784743300565736,-0.15694866011314718,20.0,وقف,0,False,True,,False,4.1777566,4.174,0.0009,4.157015235850641,1,baseline,0,"{""close"": 4.173, ""rsi"": 39.845053526847906, ""rsi7"": 40.5459602127723, ""macd"": -0.0038629527483539025, ""adx"": 26.083443518233423, ""stoch_k"": 28.682170542635543, ""stoch_d"": 24.677002583979146, ""mss"": 0.0, ""sfp"": 0.0, ""vr"": 1.7233888289494999, ""hurst"": 0.29755329010069853, ""atr14"": 0.01801543390750381, ""vol_sma20"": 17444.867999999995, ""vol_ratio"": 0.9342002473162884, ""atr_pct"": 0.004317142081836522, ""retest_entry"": true}"
اتجاهي,dir,directional,FILUSDT,صاعد,FVG,1,106283,106284,2024-11-13T19:23:00+00:00,2024-11-13T19:24:00+00:00,1,-0.006457341816481054,-0.12914683632962107,20.0,زمني,0,False,True,,False,4.117702599999999,4.114,0.0009,4.103,1,baseline,0,"{""close"": 4.114, ""rsi"": 40.82009805331746, ""rsi7"": 45.05870650822538, ""macd"": -0.0048471511431974375, ""adx"": 42.45312000975013, ""stoch_k"": 36.13053613053573, ""stoch_d"": 23.811422495632588, ""mss"": 0.0, ""sfp"": 0.0, ""vr"": 2.022751091490584, ""hurst"": 0.2946676456371074, ""atr14"": 0.023476003848869057, ""vol_sma20"": 40632.934499999996, ""vol_ratio"": 1.5716804800303066, ""atr_pct"": 0.005706369433366324, ""retest_entry"": true}"
اتجاهي,dir,directional,FILUSDT,صاعد,Stochastic,1,106290,106294,2024-11-13T19:30:00+00:00,2024-11-13T19:34:00+00:00,4,-0.010164017036584086,-0.20328034073168172,20.0,وقف,0,False,True,,False,4.0966837,4.093,0.0009,4.066826953227916,1,baseline,0,"{""close"": 4.092, ""rsi"": 42.74773176814847, ""rsi7"": 48.52889617818651, ""macd"": -0.0016363853388248716, ""adx"": 43.74788058816907, ""stoch_k"": 22.979797979797784, ""stoch_d"": 19.35626102292744, ""mss"": 0.0, ""sfp"": 0.0, ""vr"": 2.067967559367151, ""hurst"": 0.33699368371591565, ""atr14"": 0.02593270594252173, ""vol_sma20"": 44815.109, ""vol_ratio"": 1.1101619768458, ""atr_pct"": 0.00633741591948234, ""retest_entry"": true}"
اتجاهي,dir,directional,FILUSDT,صاعد,MACD,1,106299,106300,2024-11-13T19:39:00+00:00,2024-11-13T19:40:00+00:00,1,-0.010084701235337756,-0.20169402470675513,20.0,وقف,0,False,True,,False,4.0726621,4.069,0.0009,4.043304388346363,1,baseline,0,"{""close"": 4.07, ""rsi"": 43.22176154621216, ""rsi7"": 48.331484202713995, ""macd"": 0.0006321127013105936, ""adx"": 42.54635747277575, ""stoch_k"": 27.10402901192334, ""stoch_d"": 19.197575783175616, ""mss"": 0.0, ""sfp"": 0.0, ""vr"": 1.8373942784000548, ""hurst"": 0.3090221691090527, ""atr14"": 0.02551175822049124, ""vol_sma20"": 48076.84199999999, ""vol_ratio"": 0.3687594538759431, ""atr_pct"": 0.00626824526301996, ""retest_entry"": true}"
اتجاهي,dir,directional,FILUSDT,صاعد,SFP,1,106304,106306,2024-11-13T19:44:00+00:00,2024-11-13T19:46:00+00:00,2,0.0004249647378633344,0.008499294757266688,20.0,تتبع,0,True,True,,False,4.0536449999999995,4.05,0.0009,4.06715061,1,baseline,0,"{""close"": 4.05, ""rsi"": 41.775073524168384, ""rsi7"": 44.87027924002369, ""macd"": 0.001295293213287696, ""adx"": 41.56249513963137, ""stoch_k"": 24.80974124809715, ""stoch_d"": 23.374344664298665, ""mss"": 0.0, ""sfp"": 1.0, ""vr"": 1.6795206752154028, ""hurst"": 0.29934632571216996, ""atr14"": 0.024622566573750646, ""vol_sma20"": 40282.3365, ""vol_ratio"": 0.7272433166829835, ""atr_pct"": 0.006079646067592753, ""retest_entry"": true}"
اتجاهي,dir,directional,FILUSDT,صاعد,RSI,1,106326,106328,2024-11-13T20:06:00+00:00,2024-11-13T20:08:00+00:00,2,0.010805280388000322,0.21610560776000642,20.0,حصد-اعادة,0,True,True,,False,3.9893921999999997,3.987,0.0006,4.043,1,baseline,0,"{""close"": 3.987, ""rsi"": 34.2942889970641, ""rsi7"": 31.426519628195123, ""macd"": -0.007216046268531649, ""adx"": 29.8160784315594, ""stoch_k"": 8.7462219709814, ""stoch_d"": 5.258021201906239, ""mss"": 0.0, ""sfp"": 0.0, ""vr"": 1.2925688435771299, ""hurst"": 0.2531601619649456, ""atr14"": 0.022295864371593567, ""vol_sma20"": 28477.922, ""vol_ratio"": 1.4261999172551987, ""atr_pct"": 0.005592140549684868, ""retest_entry"": true}"
اتجاهي,dir,directional,FILUSDT,صاعد,FVG,1,106328,106336,2024-11-13T20:08:00+00:00,2024-11-13T20:16:00+00:00,8,-0.0006763415881438163,-0.027053663525752652,40.0,تتبع,0,False,True,,False,4.0454258,4.043,0.0006,4.052,2,baseline,1,"{""close"": 4.041, ""rsi"": 50.59058875482445, ""rsi7"": 60.53283461637542, ""macd"": -0.0004299004200215076, ""adx"": 27.707915228296972, ""stoch_k"": 40.61102831594604, ""stoch_d"": 23.452052463584064, ""mss"": 0.0, ""sfp"": 0.0, ""vr"": 1.3713280286064202, ""hurst"": 0.2343738624334573, ""atr14"": 0.02404082183060879, ""vol_sma20"": 33528.888999999996, ""vol_ratio"": 2.0764398128431876, ""atr_pct"": 0.005949225892256567}"
اتجاهي,dir,directional,FILUSDT,هابط,Stochastic,-1,106361,106362,2024-11-13T20:41:00+00:00,2024-11-13T20:42:00+00:00,1,-0.002842011199364793,-0.056840223987295865,20.0,زمني,0,False,True,,False,4.0737775,4.075,0.0003,4.076,1,baseline,0,"{""close"": 4.075, ""rsi"": 54.300568850332866, ""rsi7"": 51.19571962966753, ""macd"": 0.0009231486888313474, ""adx"": 15.424675071416209, ""stoch_k"": 80.00000000000044, ""stoch_d"": 80.89181286549704, ""mss"": 0.0, ""sfp"": 0.0, ""vr"": 0.6388621065946452, ""hurst"": 0.3601452140056742, ""atr14"": 0.01283196596272615, ""vol_sma20"": 8198.314499999997, ""vol_ratio"": 0.379602417057799, ""atr_pct"": 0.0031489487025094846, ""retest_entry"": true}"
اتجاهي,dir,directional,FILUSDT,هابط,MACD,-1,106364,106365,2024-11-13T20:44:00+00:00,2024-11-13T20:45:00+00:00,1,-0.005287793660187583,-0.10575587320375167,20.0,زمني,0,False,True,,False,4.078776,4.08,0.0003,4.091,1,baseline,0,"{""close"": 4.081, ""rsi"": 56.95554574838332, ""rsi7"": 57.54281752846962, ""macd"": -1.4472034490363439e-05, ""adx"": 15.898929939482693, ""stoch_k"": 69.27927927927958, ""stoch_d"": 68.05555555555596, ""mss"": 0.0, ""sfp"": 0.0, ""vr"": 0.5819374089733661, ""hurst"": 0.34538269212201717, ""atr14"": 0.011679238053975704, ""vol_sma20"": 7594.457999999997, ""vol_ratio"": 0.11736189732038814, ""atr_pct"": 0.002861856911045259, ""retest_entry"": true}"
اتجاهي,dir,directional,FILUSDT,هابط,Stochastic,-1,106368,106378,2024-11-13T20:48:00+00:00,2024-11-13T20:58:00+00:00,10,0.010332276319019403,0.20664552638038805,20.0,حصد-اعادة,0,True,True,,False,4.0897727,4.091,0.0003,4.038,1,baseline,0,"{""close"": 4.091, ""rsi"": 60.53948959826629, ""rsi7"": 64.26426852047058, ""macd"": 0.0005575884408041722, ""adx"": 20.007443430947657, ""stoch_k"": 79.47115384615454, ""stoch_d"": 82.48339685839754, ""mss"": 0.0, ""sfp"": -1.0, ""vr"": 0.5477398732370385, ""hurst"": 0.3287301403556131, ""atr14"": 0.010877179249781387, ""vol_sma20"": 7919.776499999997, ""vol_ratio"": 0.08900124896201304, ""atr_pct"": 0.002658806954236467, ""retest_entry"": true}"
اتجاهي,dir,directional,FILUSDT,هابط,ADX,-1,106378,106382,2024-11-13T20:58:00+00:00,2024-11-13T21:02:00+00:00,4,0.0007248130213750642,0.02899252085500257,40.0,تتبع,0,True,True,,False,4.0367886,4.038,0.0003,4.024559245200001,2,baseline,1,"{""close"": 4.037, ""rsi"": 29.74380628949612, ""rsi7"": 12.373191408086242, ""macd"": -0.006036108500939575, ""adx"": 23.234272008014493, ""stoch_k"": 5.272288098374781, ""stoch_d"": 4.295857121943827, ""mss"": 0.0, ""sfp"": 0.0, ""vr"": 0.5076711503826559, ""hurst"": 0.29751661327859386, ""atr14"": 0.009619480029927133, ""vol_sma20"": 5574.8314999999975, ""vol_ratio"": 0.2803295489738121, ""atr_pct"": 0.0023828288407052598}"
اتجاهي,dir,directional,FILUSDT,هابط,FVG,-1,106385,106387,2024-11-13T21:05:00+00:00,2024-11-13T21:07:00+00:00,2,-0.0004355833988565696,-0.008711667977131392,20.0,قفل-ربح,0,False,True,,False,3.9778063,3.979,0.0003,3.9703820930955604,1,baseline,0,"{""close"": 3.978, ""rsi"": 17.16067538371088, ""rsi7"": 6.889530123394309, ""macd"": -0.0077004571009883175, ""adx"": 39.21789195365893, ""stoch_k"": 15.434452571245687, ""stoch_d"": 10.238808406603573, ""mss"": 0.0, ""sfp"": 0.0, ""vr"": 0.9112609571747216, ""hurst"": 0.32840627876877304, ""atr14"": 0.016499040950095373, ""vol_sma20"": 15674.903999999999, ""vol_ratio"": 10.555442636203706, ""atr_pct"": 0.004147571882879682, ""retest_entry"": true}"
اتجاهي,dir,directional,FILUSDT,هابط,FVG,-1,106401,106402,2024-11-13T21:21:00+00:00,2024-11-13T21:22:00+00:00,1,-0.00038370500676998336,-0.007674100135399667,20.0,تتبع,0,False,True,,False,3.9458159000000004,3.947,0.0003,3.9382462262000004,1,baseline,0,"{""close"": 3.948, ""rsi"": 31.340692530684663, ""rsi7"": 27.479928055616057, ""macd"": -0.0007453082091707641, ""adx"": 41.37426151278218, ""stoch_k"": 10.328516149411726, ""stoch_d"": 28.09956350252365, ""mss"": 0.0, ""sfp"": 0.0, ""vr"": 1.1150276524857328, ""hurst"": 0.4451468826378091, ""atr14"": 0.01907833554864586, ""vol_sma20"": 28007.617, ""vol_ratio"": 0.3737447566495929, ""atr_pct"": 0.004832405154165618, ""retest_entry"": true}"
اتجاهي,dir,directional,FILUSDT,هابط,SFP,-1,106416,106417,2024-11-13T21:36:00+00:00,2024-11-13T21:37:00+00:00,1,-0.00284548550955787,-0.0569097101911574,20.0,زمني,0,False,True,,False,4.0167946,4.018,0.0003,4.019,1,baseline,0,"{""close"": 4.018, ""rsi"": 60.56433876287647, ""rsi7"": 73.16960521308137, ""macd"": 0.0073790935840355966, ""adx"": 28.835330451424632, ""stoch_k"": 95.40770609318939, ""stoch_d"": 96.83376837566857, ""mss"": 0.0, ""sfp"": -1.0, ""vr"": 0.9793745121807963, ""hurst"": 0.46926153074560856, ""atr14"": 0.01612422755135249, ""vol_sma20"": 13078.158499999998, ""vol_ratio"": 0.8467048323355312, ""atr_pct"": 0.004012998395060351, ""retest_entry"": true}"
اتجاهي,dir,directional,FILUSDT,هابط,RSI7,-1,106421,106442,2024-11-13T21:41:00+00:00,2024-11-13T22:02:00+00:00,21,0.0026111565522892967,0.05222313104578594,20.0,تتبع,0,True,True,,False,4.0227928,4.024,0.0003,4.003,1,baseline,0,"{""close"": 4.022, ""rsi"": 61.794848130761814, ""rsi7"": 73.26858014126967, ""macd"": 0.0036445644026200687, ""adx"": 28.788549448485846, ""stoch_k"": 91.93005407291008, ""stoch_d"": 91.06688227806136, ""mss"": 0.0, ""sfp"": 0.0, ""vr"": 0.837175536680845, ""hurst"": 0.5150583965628937, ""atr14"": 0.01356197533063663, ""vol_sma20"": 10721.067499999996, ""vol_ratio"": 0.38769273675405935, ""atr_pct"": 0.0033719481180101017, ""retest_entry"": true}"
اتجاهي,dir,directional,FILUSDT,هابط,Bollinger,-1,106455,106456,2024-11-13T22:15:00+00:00,2024-11-13T22:16:00+00:00,1,-0.0030905523489265247,-0.061811046978530494,20.0,زمني,0,False,True,,False,4.0437865,4.045,0.0003,4.047,1,baseline,0,"{""close"": 4.043, ""rsi"": 60.206556371903886, ""rsi7"": 61.01221787100059, ""macd"": 0.00303873051742601, ""adx"": 22.240230893342172, ""stoch_k"": 89.21568627450982, ""stoch_d"": 92.45835772119786, ""mss"": 0.0, ""sfp"": 0.0, ""vr"": 0.7717036154266144, ""hurst"": 0.5614457986751359, ""atr14"": 0.010678274378901812, ""vol_sma20"": 6313.4119999999975, ""vol_ratio"": 0.4690047156751375, ""atr_pct"": 0.0026411759532282493, ""retest_entry"": true}"
اتجاهي,dir,directional,FILUSDT,هابط,FVG,-1,106463,106463,2024-11-13T22:23:00+00:00,2024-11-13T22:23:00+00:00,0,-0.005290809190808995,-0.1058161838161799,20.0,وقف,0,False,True,,False,4.0557829000000005,4.057,0.0003,4.0679502487,1,baseline,0,"{""close"": 4.056, ""rsi"": 63.80263046442686, ""rsi7"": 65.65303681049087, ""macd"": 0.0007346606407179785, ""adx"": 28.32575274387474, ""stoch_k"": 81.62144702842396, ""stoch_d"": 86.38635377914638, ""mss"": 0.0, ""sfp"": 0.0, ""vr"": 0.6277279656342504, ""hurst"": 0.5379505924664852, ""atr14"": 0.00851114066815342, ""vol_sma20"": 7283.341999999997, ""vol_ratio"": 0.4620941869817457, ""atr_pct"": 0.00209840746256248, ""retest_entry"": true}"
اتجاهي,dir,directional,FILUSDT,هابط,MicroBurst,-1,106468,106472,2024-11-13T22:28:00+00:00,2024-11-13T22:32:00+00:00,4,-0.005290809190808995,-0.1058161838161799,20.0,وقف,0,False,True,,False,4.063780500000001,4.065,0.0003,4.0759718415,1,baseline,0,"{""close"": 4.064, ""rsi"": 63.11165147030516, ""rsi7"": 60.8521035773583, ""macd"": 0.0004154973496907355, ""adx"": 32.71637771729455, ""stoch_k"": 87.09677419354841, ""stoch_d"": 91.68458781361981, ""mss"": 0.0, ""sfp"": 0.0, ""vr"": 0.5995671530191246, ""hurst"": 0.4905735553356601, ""atr14"": 0.008045094588751531, ""vol_sma20"": 8258.923999999997, ""vol_ratio"": 2.41237236230773, ""atr_pct"": 0.0019796000464447666, ""retest_entry"": true}"
اتجاهي,dir,directional,FILUSDT,هابط,MACD,-1,106479,106483,2024-11-13T22:39:00+00:00,2024-11-13T22:43:00+00:00,4,0.00040147590106078484,0.008029518021215697,20.0,تتبع,0,True,True,,False,4.0617811,4.063,0.0003,4.0507923802,1,baseline,0,"{""close"": 4.064, ""rsi"": 53.72184117202567, ""rsi7"": 39.826666170395484, ""macd"": -0.0018082746124391171, ""adx"": 33.30381965110282, ""stoch_k"": 31.481481481482263, ""stoch_d"": 55.74712643678155, ""mss"": 0.0, ""sfp"": 0.0, ""vr"": 0.5003191680628547, ""hurst"": 0.23233326753496292, ""atr14"": 0.0065581510062544, ""vol_sma20"": 7358.521999999997, ""vol_ratio"": 0.4261399232074052, ""atr_pct"": 0.001613718259412992, ""retest_entry"": true}"
اتجاهي,dir,directional,FILUSDT,هابط,Bollinger,-1,106495,106498,2024-11-13T22:55:00+00:00,2024-11-13T22:58:00+00:00,3,-0.0017112300836541275,-0.03422460167308255,20.0,قفل-ربح,0,False,True,,False,4.048785,4.05,0.0003,4.046405031638072,1,baseline,0,"{""close"": 4.05, ""rsi"": 43.89833388002377, ""rsi7"": 37.26679422375184, ""macd"": -0.0011500020553318407, ""adx"": 17.60893794945483, ""stoch_k"": 34.16666666666712, ""stoch_d"": 39.15900383141793, ""mss"": 0.0, ""sfp"": 0.0, ""vr"": 0.4570509449846468, ""hurst"": 0.3261890486180869, ""atr14"": 0.005290405703771938, ""vol_sma20"": 3812.1149999999966, ""vol_ratio"": 1.3385509094033115, ""atr_pct"": 0.0013062730132770218, ""retest_entry"": true}"
اتجاهي,dir,directional,FILUSDT,هابط,FVG,-1,106502,106504,2024-11-13T23:02:00+00:00,2024-11-13T23:04:00+00:00,2,0.0004214902296805591,0.008429804593611182,20.0,تتبع,0,True,True,,False,4.0337895,4.035,0.0003,4.022795589,1,baseline,0,"{""close"": 4.035, ""rsi"": 37.01464149905379, ""rsi7"": 31.23790345731274, ""macd"": -0.001611969404696096, ""adx"": 22.656454592586343, ""stoch_k"": 24.999999999999375, ""stoch_d"": 37.96296296296212, ""mss"": 0.0, ""sfp"": 0.0, ""vr"": 0.5559422586069126, ""hurst"": 0.41279725707290055, ""atr14"": 0.005902511107495628, ""vol_sma20"": 3533.8309999999974, ""vol_ratio"": 1.1105199994000852, ""atr_pct"": 0.0014628280315974293, ""retest_entry"": true}"
اتجاهي,dir,directional,FILUSDT,هابط,OBV,-1,106523,106524,2024-11-13T23:23:00+00:00,2024-11-13T23:24:00+00:00,1,-0.005290809190808995,-0.1058161838161799,20.0,وقف,0,False,True,,False,4.0517841,4.053,0.0003,4.0639394523,1,baseline,0,"{""close"": 4.053, ""rsi"": 56.100784824439486, ""rsi7"": 58.94515956844547, ""macd"": 0.0023880301942291737, ""adx"": 22.138519489664812, ""stoch_k"": 90.98214285714307, ""stoch_d"": 94.45436507936523, ""mss"": 0.0, ""sfp"": 0.0, ""vr"": 0.8355540599037976, ""hurst"": 0.5146880455903388, ""atr14"": 0.007160013843632992, ""vol_sma20"": 6185.291999999998, ""vol_ratio"": 1.1101836420980615, ""atr_pct"": 0.001766596063072537, ""retest_entry"": true}"
اتجاهي,dir,directional,FILUSDT,هابط,Bollinger,-1,106537,106538,2024-11-13T23:37:00+00:00,2024-11-13T23:38:00+00:00,1,-0.004313989483863189,-0.08627978967726378,20.0,زمني,0,False,True,,False,4.0677793,4.069,0.0003,4.076,1,baseline,0,"{""close"": 4.069, ""rsi"": 60.34813774397959, ""rsi7"": 57.95241627417583, ""macd"": 0.000486591435828734, ""adx"": 31.834667653141032, ""stoch_k"": 84.72222222222175, ""stoch_d"": 85.18518518518486, ""mss"": 0.0, ""sfp"": 0.0, ""vr"": 0.8096289911083778, ""hurst"": 0.5188674555212437, ""atr14"": 0.006360737711736651, ""vol_sma20"": 7029.699999999997, ""vol_ratio"": 0.19155582741795532, ""atr_pct"": 0.0015632189018767882, ""retest_entry"": true}"
اتجاهي,dir,directional,FILUSDT,هابط,Bollinger,-1,106543,106551,2024-11-13T23:43:00+00:00,2024-11-13T23:51:00+00:00,8,-0.0015959681656036102,-0.0319193633120722,20.0,قفل-ربح,0,False,True,,False,4.0747772,4.076,0.0003,4.071911204553741,1,baseline,0,"{""close"": 4.075, ""rsi"": 60.05967036183961, ""rsi7"": 55.19684810504357, ""macd"": 0.00015859143808228272, ""adx"": 38.29461996194092, ""stoch_k"": 78.75457875458, ""stoch_d"": 86.83862433862491, ""mss"": 0.0, ""sfp"": 0.0, ""vr"": 0.8383742952142716, ""hurst"": 0.5112375474612443, ""atr14"": 0.006369227005973433, ""vol_sma20"": 6736.240499999997, ""vol_ratio"": 0.4922300502780448, ""atr_pct"": 0.0015630004922634192, ""retest_entry"": true}"
اتجاهي,dir,directional,FILUSDT,هابط,Bollinger,-1,106562,106563,2024-11-14T00:02:00+00:00,2024-11-14T00:03:00+00:00,1,-0.0016479623200660167,-0.032959246401320336,20.0,قفل-ربح,0,False,True,,False,4.0717781,4.073,0.0003,4.069126410194608,1,baseline,0,"{""close"": 4.072, ""rsi"": 52.52885070901613, ""rsi7"": 52.228912440243654, ""macd"": -0.00010305089207768661, ""adx"": 22.952373034635976, ""stoch_k"": 59.986504723346364, ""stoch_d"": 60.16644174538842, ""mss"": 0.0, ""sfp"": 0.0, ""vr"": 0.8736176208558881, ""hurst"": 0.516249569774007, ""atr14"": 0.005892965143850262, ""vol_sma20"": 2919.917499999997, ""vol_ratio"": 0.2814702812665087, ""atr_pct"": 0.0014471918329691212, ""retest_entry"": true}"
اتجاهي,dir,directional,FILUSDT,هابط,MicroBurst,-1,106568,106576,2024-11-14T00:08:00+00:00,2024-11-14T00:16:00+00:00,8,-0.005290809190808995,-0.1058161838161799,20.0,وقف,0,False,True,,False,4.079775700000001,4.081,0.0003,4.0920150271,1,baseline,0,"{""close"": 4.082, ""rsi"": 57.60158010297002, ""rsi7"": 59.13740203809435, ""macd"": 0.0014237778965132592, ""adx"": 21.44970100996819, ""stoch_k"": 88.17204301075213, ""stoch_d"": 85.62535370684685, ""mss"": 0.0, ""sfp"": 0.0, ""vr"": 1.0906334146493237, ""hurst"": 0.4756914265811427, ""atr14"": 0.0072555870896988655, ""vol_sma20"": 4780.592499999997, ""vol_ratio"": 1.828748214787185, ""atr_pct"": 0.0017774588656783111, ""retest_entry"": true}"
اتجاهي,dir,directional,FILUSDT,صاعد,Bollinger,1,106582,106583,2024-11-14T00:22:00+00:00,2024-11-14T00:23:00+00:00,1,-0.004359066751564938,-0.08718133503129875,20.0,زمني,0,False,True,,False,4.0914534,4.089,0.0006,4.083,1,baseline,0,"{""close"": 4.089, ""rsi"": 56.84264379166073, ""rsi7"": 58.46254101865464, ""macd"": -0.0002685223812842045, ""adx"": 18.375547536671508, ""stoch_k"": 60.31215161650001, ""stoch_d"": 44.73666430188232, ""mss"": 0.0, ""sfp"": 0.0, ""vr"": 1.21447628679035, ""hurst"": 0.33347837231444105, ""atr14"": 0.008151591326546038, ""vol_sma20"": 5727.274999999997, ""vol_ratio"": 0.31559162079697606, ""atr_pct"": 0.001993541532537549, ""retest_entry"": true}"
اتجاهي,dir,directional,FILUSDT,صاعد,FVG,1,106589,106598,2024-11-14T00:29:00+00:00,2024-11-14T00:38:00+00:00,9,-0.003628800564872523,-0.07257601129745046,20.0,قفل-ربح,0,False,True,,False,4.086225499999999,4.085,0.0003,4.082,1,baseline,0,"{""close"": 4.085, ""rsi"": 52.6889750258707, ""rsi7"": 52.65028747579029, ""macd"": -0.000718040570286889, ""adx"": 15.47435765322369, ""stoch_k"": 46.15384615384567, ""stoch_d"": 42.307692307692015, ""mss"": 0.0, ""sfp"": 0.0, ""vr"": 1.171008851097679, ""hurst"": 0.2853406811809786, ""atr14"": 0.00799686524916986, ""vol_sma20"": 3588.629499999997, ""vol_ratio"": 0.318076859146368, ""atr_pct"": 0.0019576169520611653, ""retest_entry"": true}"
اتجاهي,dir,directional,FILUSDT,صاعد,Stochastic,1,106607,106608,2024-11-14T00:47:00+00:00,2024-11-14T00:48:00+00:00,1,-0.005290809190809106,-0.10581618381618212,20.0,وقف,0,False,True,,False,4.052429999999999,4.05,0.0006,4.040272709999999,1,baseline,0,"{""close"": 4.046, ""rsi"": 33.89414810625985, ""rsi7"": 27.844474757087923, ""macd"": -0.003970168707275472, ""adx"": 21.913636399657673, ""stoch_k"": 4.6290491118078885, ""stoch_d"": 2.6437293830799153, ""mss"": 0.0, ""sfp"": 1.0, ""vr"": 1.2054670223871078, ""hurst"": 0.3555508664524075, ""atr14"": 0.008802653120226303, ""vol_sma20"": 4864.465499999997, ""vol_ratio"": 4.483820473184569, ""atr_pct"": 0.0021756433811730854, ""retest_entry"": true}"
اتجاهي,dir,directional,FILUSDT,صاعد,FVG,1,106614,106615,2024-11-14T00:54:00+00:00,2024-11-14T00:55:00+00:00,1,-0.005290809190808995,-0.1058161838161799,20.0,وقف,0,False,True,,False,4.0402116999999995,4.039,0.0003,4.0280910649,1,baseline,0,"{""close"": 4.04, ""rsi"": 35.15199014078311, ""rsi7"": 36.58027042925065, ""macd"": -0.0010571403093527325, ""adx"": 29.325654292168906, ""stoch_k"": 14.956122309063785, ""stoch_d"": 8.418663352249554, ""mss"": 0.0, ""sfp"": 0.0, ""vr"": 1.0639360568723633, ""hurst"": 0.4303255894333924, ""atr14"": 0.007840380592600563, ""vol_sma20"": 6838.826499999997, ""vol_ratio"": 0.5926045937852059, ""atr_pct"": 0.0019406882654951889, ""retest_entry"": true}"
اتجاهي,dir,directional,FILUSDT,صاعد,Stochastic,1,106619,106619,2024-11-14T00:59:00+00:00,2024-11-14T00:59:00+00:00,0,-0.005290809190809106,-0.10581618381618212,20.0,وقف,0,False,True,,False,4.0282081,4.027,0.0003,4.0161234757,1,baseline,0,"{""close"": 4.026, ""rsi"": 31.674506898149616, ""rsi7"": 30.930266926806652, ""macd"": -0.0006894541439700572, ""adx"": 33.62990000307621, ""stoch_k"": 13.9133268165523, ""stoch_d"": 10.935605261980589, ""mss"": 0.0, ""sfp"": 0.0, ""vr"": 1.1029128773382693, ""hurst"": 0.4662979350121671, ""atr14"": 0.008139931336958613, ""vol_sma20"": 6400.855999999997, ""vol_ratio"": 0.5483860283687059, ""atr_pct"": 0.0020218408685937937, ""retest_entry"": true}"
اتجاهي,dir,directional,FILUSDT,صاعد,FVG,1,106624,106626,2024-11-14T01:04:00+00:00,2024-11-14T01:06:00+00:00,2,-0.002701651016055863,-0.05403302032111726,20.0,زمني,0,False,True,,False,4.0394222,4.037,0.0006,4.039,1,baseline,0,"{""close"": 4.035, ""rsi"": 46.951704335051716, ""rsi7"": 56.674371583695915, ""macd"": 0.0012470525714800285, ""adx"": 35.39094125317096, ""stoch_k"": 52.2368421052625, ""stoch_d"": 37.101507061460325, ""mss"": 0.0, ""sfp"": 0.0, ""vr"": 1.367410849695799, ""hurst"": 0.4841022553960663, ""atr14"": 0.010251042210636496, ""vol_sma20"": 7727.909499999997, ""vol_ratio"": 1.892238774276537, ""atr_pct"": 0.0025405309072209408, ""retest_entry"": true}"
اتجاهي,dir,directional,FILUSDT,هابط,MACD,-1,106639,106645,2024-11-14T01:19:00+00:00,2024-11-14T01:25:00+00:00,6,0.0010071845657189406,0.020143691314378813,20.0,تتبع,0,True,True,,False,4.026582599999999,4.029,0.0006,4.0132445532,1,baseline,0,"{""close"": 4.029, ""rsi"": 41.242894250415524, ""rsi7"": 33.939087871611164, ""macd"": -0.00021045046288336656, ""adx"": 19.258369518892927, ""stoch_k"": 25.70947570947553, ""stoch_d"": 40.89213255879914, ""mss"": 0.0, ""sfp"": 0.0, ""vr"": 1.3490062771144058, ""hurst"": 0.45816540846658316, ""atr14"": 0.01073105647167417, ""vol_sma20"": 9432.818999999998, ""vol_ratio"": 1.1805537665887582, ""atr_pct"": 0.002663454075868496, ""retest_entry"": true}"
اتجاهي,dir,directional,FILUSDT,هابط,Stochastic,-1,106659,106660,2024-11-14T01:39:00+00:00,2024-11-14T01:40:00+00:00,1,-0.0035862026071774894,-0.0717240521435498,20.0,زمني,0,False,True,,False,4.0347892,4.036,0.0003,4.04,1,baseline,0,"{""close"": 4.035, ""rsi"": 55.47022632395763, ""rsi7"": 62.28247020011298, ""macd"": 0.003808169629548436, ""adx"": 21.28803159036371, ""stoch_k"": 88.19444444444503, ""stoch_d"": 91.53254583487183, ""mss"": 0.0, ""sfp"": 0.0, ""vr"": 1.1386684422301367, ""hurst"": 0.35486048895438993, ""atr14"": 0.00991274811173596, ""vol_sma20"": 6780.479999999998, ""vol_ratio"": 0.25927073009580454, ""atr_pct"": 0.002456690981842865, ""retest_entry"": true}"
اتجاهي,dir,directional,FILUSDT,هابط,Stochastic,-1,106663,106663,2024-11-14T01:43:00+00:00,2024-11-14T01:43:00+00:00,0,-0.005290809190808885,-0.10581618381617769,20.0,وقف,0,False,True,,False,4.0347892,4.036,0.0003,4.046893567599999,1,baseline,0,"{""close"": 4.035, ""rsi"": 54.149883676172884, ""rsi7"": 56.265039751477744, ""macd"": 0.002491175579873673, ""adx"": 17.643985302555887, ""stoch_k"": 86.1111111111116, ""stoch_d"": 87.50000000000034, ""mss"": 0.0, ""sfp"": 0.0, ""vr"": 1.04678773636298, ""hurst"": 0.34870498537261974, ""atr14"": 0.009243570356603873, ""vol_sma20"": 6150.122499999998, ""vol_ratio"": 1.374886435188893, ""atr_pct"": 0.002290847672020786, ""retest_entry"": true}"
اتجاهي,dir,directional,FILUSDT,هابط,Bollinger,-1,106669,106669,2024-11-14T01:49:00+00:00,2024-11-14T01:49:00+00:00,0,-0.005290809190808995,-0.1058161838161799,20.0,وقف,0,False,True,,False,4.0327898,4.034,0.0003,4.044888169399999,1,baseline,0,"{""close"": 4.034, ""rsi"": 50.12259042805884, ""rsi7"": 44.21113677482402, ""macd"": 0.0004424353578289116, ""adx"": 14.091245138280259, ""stoch_k"": 50.84325396825201, ""stoch_d"": 69.45672470436438, ""mss"": 0.0, ""sfp"": 0.0, ""vr"": 0.938650103112853, ""hurst"": 0.35965508698903, ""atr14"": 0.00840165165415085, ""vol_sma20"": 6721.730999999997, ""vol_ratio"": 0.3725409422067026, ""atr_pct"": 0.00208270987956144, ""retest_entry"": true}"
اتجاهي,dir,directional,FILUSDT,صاعد,FVG,1,112713,112713,2024-11-18T06:33:00+00:00,2024-11-18T06:33:00+00:00,0,-0.0055896103896103016,-0.11179220779220603,20.0,وقف,0,False,True,,False,4.613766599999999,4.611,0.0006,4.599925300199999,1,baseline,0,"{""close"": 4.612, ""rsi"": 53.06610381955256, ""rsi7"": 59.54780837153971, ""macd"": -0.0006582922217927729, ""adx"": 21.66276735055812, ""stoch_k"": 41.02564102564054, ""stoch_d"": 33.54700854700778, ""mss"": 0.0, ""sfp"": 0.0, ""vr"": 1.211566967690635, ""hurst"": 0.32803491597763784, ""atr14"": 0.011038358088022272, ""vol_sma20"": 19414.465500000002, ""vol_ratio"": 1.3096229715930112, ""atr_pct"": 0.0023933994119736063, ""retest_entry"": true}"
اتجاهي,dir,directional,FILUSDT,صاعد,Bollinger,1,112728,112729,2024-11-18T06:48:00+00:00,2024-11-18T06:49:00+00:00,1,-0.005290809190809106,-0.10581618381618212,20.0,وقف,0,False,True,,False,4.5883761,4.587,0.0003,4.574610971699999,1,baseline,0,"{""close"": 4.588, ""rsi"": 40.6136774569081, ""rsi7"": 40.99896363891533, ""macd"": -0.0016513992173689566, ""adx"": 24.32454181815378, ""stoch_k"": 14.141414141414302, ""stoch_d"": 7.786195286195265, ""mss"": 0.0, ""sfp"": 0.0, ""vr"": 0.9062348957795815, ""hurst"": 0.407706235665746, ""atr14"": 0.008422320381245902, ""vol_sma20"": 10369.374500000002, ""vol_ratio"": 1.0754563836034658, ""atr_pct"": 0.0018357280691468835, ""retest_entry"": true}"
اتجاهي,dir,directional,FILUSDT,صاعد,Bollinger,1,112735,112736,2024-11-18T06:55:00+00:00,2024-11-18T06:56:00+00:00,1,-0.0015860525617096488,-0.03172105123419298,20.0,قفل-ربح,0,False,True,,False,4.578373099999999,4.577,0.0003,4.581638801618,1,baseline,0,"{""close"": 4.577, ""rsi"": 37.79039618200589, ""rsi7"": 39.300249891271136, ""macd"": -0.0006182546514129916, ""adx"": 28.181416649649215, ""stoch_k"": 21.095571095570225, ""stoch_d"": 15.882085394279764, ""mss"": 0.0, ""sfp"": 0.0, ""vr"": 0.7809574611352934, ""hurst"": 0.45165791097258656, ""atr14"": 0.007254938225201696, ""vol_sma20"": 9220.141000000001, ""vol_ratio"": 0.29990864564869446, ""atr_pct"": 0.0015850859133060293, ""retest_entry"": true}"
اتجاهي,dir,directional,FILUSDT,صاعد,FVG,1,112739,112740,2024-11-18T06:59:00+00:00,2024-11-18T07:00:00+00:00,1,-0.0032486786618897965,-0.06497357323779593,20.0,زمني,0,False,True,,False,4.5923773,4.591,0.0003,4.588,1,baseline,0,"{""close"": 4.591, ""rsi"": 52.50519707332139, ""rsi7"": 66.95125307470795, ""macd"": 0.0021447166414647837, ""adx"": 22.534125394810047, ""stoch_k"": 84.09090909090845, ""stoch_d"": 70.36013986013894, ""mss"": 0.0, ""sfp"": 0.0, ""vr"": 0.8014783276789964, ""hurst"": 0.46088555962488637, ""atr14"": 0.007422696028998026, ""vol_sma20"": 9490.719500000003, ""vol_ratio"": 1.8380418892371642, ""atr_pct"": 0.0016167928619032945, ""retest_entry"": true}"
اتجاهي,dir,directional,FILUSDT,صاعد,MicroBurst,1,112751,112752,2024-11-18T07:11:00+00:00,2024-11-18T07:12:00+00:00,1,-0.005290809190809106,-0.10581618381618212,20.0,وقف,0,False,True,,False,4.5973787999999995,4.596,0.0003,4.583586663599999,1,baseline,0,"{""close"": 4.596, ""rsi"": 61.01472592160027, ""rsi7"": 73.83690620018568, ""macd"": 0.0012468973046829675, ""adx"": 25.181268063198505, ""stoch_k"": 43.17897371714648, ""stoch_d"": 29.568644833820276, ""mss"": 0.0, ""sfp"": 0.0, ""vr"": 1.0600132906507056, ""hurst"": 0.43010463777817914, ""atr14"": 0.009855692718428864, ""vol_sma20"": 15318.238500000003, ""vol_ratio"": 9.259850602273882, ""atr_pct"": 0.0021444065966990567, ""retest_entry"": true}"
اتجاهي,dir,directional,FILUSDT,صاعد,FVG,1,112759,112759,2024-11-18T07:19:00+00:00,2024-11-18T07:19:00+00:00,0,-0.006627255378078578,-0.13254510756157156,20.0,وقف,0,False,True,,False,4.599135499999999,4.595,0.0009,4.581930177715294,1,baseline,0,"{""close"": 4.595, ""rsi"": 57.59868217983972, ""rsi7"": 63.85271202457017, ""macd"": 0.0014897130476972929, ""adx"": 22.063841302825526, ""stoch_k"": 41.970310391362716, ""stoch_d"": 29.495314937644025, ""mss"": 0.0, ""sfp"": -1.0, ""vr"": 1.5575479318278482, ""hurst"": 0.319656084598223, ""atr14"": 0.014947696885589622, ""vol_sma20"": 42547.29600000001, ""vol_ratio"": 6.002447958149912, ""atr_pct"": 0.0032530352308138464, ""retest_entry"": true}"
اتجاهي,dir,directional,FILUSDT,صاعد,Bollinger,1,112766,112767,2024-11-18T07:26:00+00:00,2024-11-18T07:27:00+00:00,1,-0.0032501013980635353,-0.0650020279612707,20.0,زمني,0,False,True,,False,4.582374300000001,4.581,0.0003,4.578,1,baseline,0,"{""close"": 4.579, ""rsi"": 50.49576346680615, ""rsi7"": 53.188558847975905, ""macd"": 0.0005995524460285571, ""adx"": 19.90020612162799, ""stoch_k"": 41.538461538460766, ""stoch_d"": 39.31623931623866, ""mss"": 0.0, ""sfp"": 0.0, ""vr"": 1.1791956823838248, ""hurst"": 0.23807903608264336, ""atr14"": 0.011807559704459404, ""vol_sma20"": 43908.59850000001, ""vol_ratio"": 0.22903076717422438, ""atr_pct"": 0.0025786328247345285, ""retest_entry"": true}"
اتجاهي,dir,directional,FILUSDT,صاعد,KAMA,1,112778,112801,2024-11-18T07:38:00+00:00,2024-11-18T08:01:00+00:00,23,0.00033871682017203345,0.006774336403440669,20.0,تتبع,0,True,True,,False,4.5893764,4.588,0.0003,4.6015037848,1,baseline,0,"{""close"": 4.589, ""rsi"": 57.71761798188482, ""rsi7"": 67.19387634069494, ""macd"": 0.0014772246465465414, ""adx"": 15.581862043955626, ""stoch_k"": 78.66666666666667, ""stoch_d"": 76.91228070175434, ""mss"": 0.0, ""sfp"": 0.0, ""vr"": 0.925555237816868, ""hurst"": 0.15059877386908266, ""atr14"": 0.009339726809223854, ""vol_sma20"": 20239.066000000003, ""vol_ratio"": 0.10791011798666993, ""atr_pct"": 0.0020352422770154397, ""retest_entry"": true}"
اتجاهي,dir,directional,FILUSDT,صاعد,FVG,1,112808,112810,2024-11-18T08:08:00+00:00,2024-11-18T08:10:00+00:00,2,-0.005290809190808995,-0.1058161838161799,20.0,وقف,0,False,True,,False,4.612383299999999,4.611,0.0003,4.5985461501,1,baseline,0,"{""close"": 4.61, ""rsi"": 62.61842751679481, ""rsi7"": 66.60300781783404, ""macd"": -0.000602772830332673, ""adx"": 17.43368388788137, ""stoch_k"": 55.072463768115504, ""stoch_d"": 36.797321036451315, ""mss"": 0.0, ""sfp"": 0.0, ""vr"": 0.8029191591513425, ""hurst"": 0.28832036890044355, ""atr14"": 0.0071640475837056695, ""vol_sma20"": 9843.793500000003, ""vol_ratio"": 0.49087681491896373, ""atr_pct"": 0.0015540233370294292, ""retest_entry"": true}"
اتجاهي,dir,directional,FILUSDT,صاعد,MACD,1,112815,112816,2024-11-18T08:15:00+00:00,2024-11-18T08:16:00+00:00,1,-0.00454666859237232,-0.0909333718474464,20.0,زمني,0,False,True,,False,4.6053812,4.604,0.0003,4.595,1,baseline,0,"{""close"": 4.61, ""rsi"": 57.35155985841222, ""rsi7"": 58.72826037464585, ""macd"": 2.639562813930253e-05, ""adx"": 14.349379596939196, ""stoch_k"": 63.54166666666536, ""stoch_d"": 56.24999999999904, ""mss"": 0.0, ""sfp"": 0.0, ""vr"": 0.900041158763556, ""hurst"": 0.21930197837673793, ""atr14"": 0.007805055504036486, ""vol_sma20"": 7883.598500000003, ""vol_ratio"": 0.4851642305223939, ""atr_pct"": 0.0016930706082508645, ""retest_entry"": true}"
اتجاهي,dir,directional,FILUSDT,صاعد,FVG,1,112821,112826,2024-11-18T08:21:00+00:00,2024-11-18T08:26:00+00:00,5,-0.0015990245423605763,-0.03198049084721152,20.0,قفل-ربح,0,False,True,,False,4.596378499999999,4.595,0.0003,4.599597283218677,1,baseline,0,"{""close"": 4.595, ""rsi"": 47.50905340754749, ""rsi7"": 44.633797873955295, ""macd"": -0.0019290062410301243, ""adx"": 11.621838186588256, ""stoch_k"": 15.368773946358187, ""stoch_d"": 18.710887611748102, ""mss"": 0.0, ""sfp"": 0.0, ""vr"": 0.8370760773392949, ""hurst"": 0.13285244040793537, ""atr14"": 0.00715070638514554, ""vol_sma20"": 7318.745000000003, ""vol_ratio"": 0.2230764974049512, ""atr_pct"": 0.0015561929020991383, ""retest_entry"": true}"
اتجاهي,dir,directional,FILUSDT,صاعد,EMA,1,112830,112831,2024-11-18T08:30:00+00:00,2024-11-18T08:31:00+00:00,1,-0.001945735140140049,-0.03891470280280098,20.0,زمني,0,False,True,,False,4.596378499999999,4.595,0.0003,4.598,1,baseline,0,"{""close"": 4.597, ""rsi"": 50.21319114977137, ""rsi7"": 51.897110943437724, ""macd"": -0.0003261808209312592, ""adx"": 9.859576672239678, ""stoch_k"": 33.25358851674656, ""stoch_d"": 32.919419761523706, ""mss"": 0.0, ""sfp"": 0.0, ""vr"": 0.8278781712481434, ""hurst"": 0.1241650699290446, ""atr14"": 0.006956106083602841, ""vol_sma20"": 4432.579500000003, ""vol_ratio"": 0.3901272385526304, ""atr_pct"": 0.0015131838337182598, ""retest_entry"": true}"
اتجاهي,dir,directional,FILUSDT,صاعد,Bollinger,1,112843,112847,2024-11-18T08:43:00+00:00,2024-11-18T08:47:00+00:00,4,-0.005290809190809106,-0.10581618381618212,20.0,وقف,0,False,True,,False,4.5843749,4.583,0.0003,4.5706217753,1,baseline,0,"{""close"": 4.583, ""rsi"": 45.876845097470024, ""rsi7"": 50.369130599798325, ""macd"": -0.000439084960078771, ""adx"": 18.092634269410944, ""stoch_k"": 38.541666666667204, ""stoch_d"": 29.663487016428732, ""mss"": 0.0, ""sfp"": 0.0, ""vr"": 0.8818036564110526, ""hurst"": 0.20170558451975712, ""atr14"": 0.007366281486062652, ""vol_sma20"": 6073.147500000003, ""vol_ratio"": 0.5359066283175237, ""atr_pct"": 0.0016073055828196925, ""retest_entry"": true}"
اتجاهي,dir,directional,FILUSDT,صاعد,MACD,1,112860,112861,2024-11-18T09:00:00+00:00,2024-11-18T09:01:00+00:00,1,-0.0023785297289955058,-0.047570594579910114,20.0,زمني,0,False,True,,False,4.5683701,4.567,0.0003,4.568,1,baseline,0,"{""close"": 4.568, ""rsi"": 42.86406906512823, ""rsi7"": 48.325365005728756, ""macd"": 0.00016291404501320422, ""adx"": 24.1494518658995, ""stoch_k"": 38.60119047618983, ""stoch_d"": 27.827380952380892, ""mss"": 0.0, ""sfp"": 0.0, ""vr"": 0.8147917581668233, ""hurst"": 0.3946703517920438, ""atr14"": 0.006417201054136181, ""vol_sma20"": 6329.452000000003, ""vol_ratio"": 0.2646026859829254, ""atr_pct"": 0.0014048163428494267, ""retest_entry"": true}"
اتجاهي,dir,directional,FILUSDT,صاعد,OBV,1,112864,112866,2024-11-18T09:04:00+00:00,2024-11-18T09:06:00+00:00,2,-0.0016243484619255296,-0.03248696923851059,20.0,قفل-ربح,0,False,True,,False,4.5733716,4.572,0.0003,4.576458189372786,1,baseline,0,"{""close"": 4.572, ""rsi"": 48.95809270641293, ""rsi7"": 59.487000656260385, ""macd"": 0.0012197548532943943, ""adx"": 26.771792361649172, ""stoch_k"": 78.94736842105327, ""stoch_d"": 65.94896331738484, ""mss"": 0.0, ""sfp"": 0.0, ""vr"": 0.9029314213239507, ""hurst"": 0.38525114158043255, ""atr14"": 0.006857030385963832, ""vol_sma20"": 6597.157000000004, ""vol_ratio"": 0.4472972221215894, ""atr_pct"": 0.0014997879234391583, ""retest_entry"": true}"
اتجاهي,dir,directional,FILUSDT,صاعد,KAMA,1,112869,112877,2024-11-18T09:09:00+00:00,2024-11-18T09:17:00+00:00,8,0.00022981320789495986,0.004596264157899197,20.0,تتبع,0,True,True,,False,4.5883761,4.587,0.0003,4.6,1,baseline,0,"{""close"": 4.588, ""rsi"": 62.890042266976614, ""rsi7"": 74.7615491963046, ""macd"": 0.00260649873149187, ""adx"": 21.872369952431534, ""stoch_k"": 80.50108932461865, ""stoch_d"": 80.2657952069719, ""mss"": 0.0, ""sfp"": 0.0, ""vr"": 1.0136945554792696, ""hurst"": 0.3461414696037124, ""atr14"": 0.0074727036783328316, ""vol_sma20"": 4802.699000000003, ""vol_ratio"": 1.2235640834455783, ""atr_pct"": 0.0016287497119295623, ""retest_entry"": true}"
اتجاهي,dir,directional,FILUSDT,صاعد,FVG,1,112885,112886,2024-11-18T09:25:00+00:00,2024-11-18T09:26:00+00:00,1,-0.0055896103896103016,-0.11179220779220603,20.0,وقف,0,False,True,,False,4.6147672,4.612,0.0006,4.6009228984,1,baseline,0,"{""close"": 4.612, ""rsi"": 67.64646479519055, ""rsi7"": 73.20114853919424, ""macd"": 0.0014289799600750632, ""adx"": 20.39914140708439, ""stoch_k"": 63.240740740740556, ""stoch_d"": 53.437970490815935, ""mss"": 0.0, ""sfp"": -1.0, ""vr"": 1.284180338007316, ""hurst"": 0.3331448645096413, ""atr14"": 0.009153709630820133, ""vol_sma20"": 11426.545000000004, ""vol_ratio"": 3.812989840761139, ""atr_pct"": 0.00198475924345623, ""retest_entry"": true}"
اتجاهي,dir,directional,FILUSDT,صاعد,Stochastic,1,112900,112901,2024-11-18T09:40:00+00:00,2024-11-18T09:41:00+00:00,1,-0.0055896103896103016,-0.11179220779220603,20.0,وقف,0,False,True,,False,4.5607348,4.558,0.0006,4.547052595599999,1,baseline,0,"{""close"": 4.557, ""rsi"": 30.149118097474044, ""rsi7"": 17.800865548243408, ""macd"": -0.004888656671422468, ""adx"": 19.677660308402952, ""stoch_k"": 8.993710691824456, ""stoch_d"": 8.70499098900333, ""mss"": 0.0, ""sfp"": 0.0, ""vr"": 1.322972126149816, ""hurst"": 0.3597170173200048, ""atr14"": 0.009839620379917301, ""vol_sma20"": 14835.133500000002, ""vol_ratio"": 0.3237261060036972, ""atr_pct"": 0.0021592320342149, ""retest_entry"": true}"
اتجاهي,dir,directional,FILUSDT,صاعد,MicroBurst,1,112905,112906,2024-11-18T09:45:00+00:00,2024-11-18T09:46:00+00:00,1,-0.003632297100563099,-0.07264594201126198,20.0,زمني,0,False,True,,False,4.5667384,4.564,0.0006,4.562,1,baseline,0,"{""close"": 4.563, ""rsi"": 41.375128188415815, ""rsi7"": 44.32530071244582, ""macd"": -0.0025954500353196543, ""adx"": 26.17313193046773, ""stoch_k"": 30.63309615033644, ""stoch_d"": 21.520555859635305, ""mss"": 0.0, ""sfp"": 0.0, ""vr"": 1.3345897623123895, ""hurst"": 0.3871607865286495, ""atr14"": 0.01022789085225027, ""vol_sma20"": 13301.073500000002, ""vol_ratio"": 0.6223851029768386, ""atr_pct"": 0.002241483859796246, ""retest_entry"": true}"
اتجاهي,dir,directional,FILUSDT,صاعد,Bollinger,1,112910,112912,2024-11-18T09:50:00+00:00,2024-11-18T09:52:00+00:00,2,-0.005290809190808995,-0.1058161838161799,20.0,وقف,0,False,True,,False,4.5603677,4.559,0.0003,4.5466865969,1,baseline,0,"{""close"": 4.559, ""rsi"": 41.50203091882979, ""rsi7"": 43.717198053054084, ""macd"": -0.00015034055853504515, ""adx"": 26.886215477825807, ""stoch_k"": 35.684987694830795, ""stoch_d"": 34.955792543978596, ""mss"": 0.0, ""sfp"": 0.0, ""vr"": 1.1997979442512967, ""hurst"": 0.42939316847933967, ""atr14"": 0.00937442412053855, ""vol_sma20"": 13629.246000000003, ""vol_ratio"": 0.19004793075126822, ""atr_pct"": 0.00205624569434932, ""retest_entry"": true}"
اتجاهي,dir,directional,FILUSDT,صاعد,Bollinger,1,112925,112926,2024-11-18T10:05:00+00:00,2024-11-18T10:06:00+00:00,1,-0.0036884126897435998,-0.073768253794872,20.0,زمني,0,False,True,,False,4.5703707,4.569,0.0003,4.564,1,baseline,0,"{""close"": 4.57, ""rsi"": 58.937627216229835, ""rsi7"": 76.40028341428695, ""macd"": 0.002937054089239763, ""adx"": 26.868321706047297, ""stoch_k"": 92.70482603815809, ""stoch_d"": 79.6904227459772, ""mss"": 0.0, ""sfp"": 0.0, ""vr"": 1.0480437552927497, ""hurst"": 0.47148554389923314, ""atr14"": 0.008413968430992553, ""vol_sma20"": 8271.587500000003, ""vol_ratio"": 0.0399125319051512, ""atr_pct"": 0.0018411309477007773, ""retest_entry"": true}"
اتجاهي,dir,directional,FILUSDT,صاعد,FVG,1,112931,112932,2024-11-18T10:11:00+00:00,2024-11-18T10:12:00+00:00,1,-0.004769914673413972,-0.09539829346827944,20.0,زمني,0,False,True,,False,4.591377,4.59,0.0003,4.58,1,baseline,0,"{""close"": 4.589, ""rsi"": 70.52872748170773, ""rsi7"": 85.14607765179868, ""macd"": 0.0033853893598890764, ""adx"": 22.084853096592, ""stoch_k"": 83.18462594371998, ""stoch_d"": 78.62426599557672, ""mss"": 0.0, ""sfp"": 0.0, ""vr"": 1.0522580627805722, ""hurst"": 0.4593182408830997, ""atr14"": 0.008493103366320365, ""vol_sma20"": 8511.607000000002, ""vol_ratio"": 2.84379553708248, ""atr_pct"": 0.0018507525313402407, ""retest_entry"": true}"
اتجاهي,dir,directional,FILUSDT,صاعد,MicroBurst,1,112943,112944,2024-11-18T10:23:00+00:00,2024-11-18T10:24:00+00:00,1,-0.002596923220735966,-0.05193846441471932,20.0,زمني,0,False,True,,False,4.5503647,4.549,0.0003,4.549,1,baseline,0,"{""close"": 4.55, ""rsi"": 41.16609514280532, ""rsi7"": 37.48438722719833, ""macd"": -0.002911431659175156, ""adx"": 23.503551537546002, ""stoch_k"": 7.999999999998873, ""stoch_d"": 6.666666666665686, ""mss"": 0.0, ""sfp"": 0.0, ""vr"": 1.0072479186236574, ""hurst"": 0.4418216506193557, ""atr14"": 0.008253991478299739, ""vol_sma20"": 6510.074500000002, ""vol_ratio"": 1.5721694121933623, ""atr_pct"": 0.0018140640611647779, ""retest_entry"": true}"
اتجاهي,dir,directional,FILUSDT,صاعد,Bollinger,1,112948,112949,2024-11-18T10:28:00+00:00,2024-11-18T10:29:00+00:00,1,-0.003253541441130457,-0.06507082882260913,20.0,زمني,0,False,True,,False,4.5583671,4.557,0.0003,4.554,1,baseline,0,"{""close"": 4.556, ""rsi"": 48.09455719710981, ""rsi7"": 52.791839613416435, ""macd"": -0.0006776905453631707, ""adx"": 21.83390527146605, ""stoch_k"": 26.99083011582904, ""stoch_d"": 20.804260893545802, ""mss"": 0.0, ""sfp"": 0.0, ""vr"": 0.9132333451058547, ""hurst"": 0.43910124194554756, ""atr14"": 0.0075049983971564775, ""vol_sma20"": 5996.653000000003, ""vol_ratio"": 0.11410198322297449, ""atr_pct"": 0.0016472779625014218, ""retest_entry"": true}"
اتجاهي,dir,directional,FILUSDT,صاعد,FVG,1,112952,112971,2024-11-18T10:32:00+00:00,2024-11-18T10:51:00+00:00,19,-0.0016152024675587463,-0.032304049351174924,20.0,قفل-ربح,0,False,True,,False,4.561368,4.56,0.0003,4.564488302411242,1,baseline,0,"{""close"": 4.561, ""rsi"": 52.909674788968495, ""rsi7"": 61.4353045560649, ""macd"": 0.0009328623132646881, ""adx"": 17.800037375144917, ""stoch_k"": 62.577510586810554, ""stoch_d"": 45.77535793506641, ""mss"": 0.0, ""sfp"": 0.0, ""vr"": 0.8424942572436368, ""hurst"": 0.4274179347838612, ""atr14"": 0.00693344593974354, ""vol_sma20"": 4669.530500000003, ""vol_ratio"": 0.20933367926390017, ""atr_pct"": 0.001520159162408143, ""retest_entry"": true}"
اتجاهي,dir,directional,FILUSDT,صاعد,Bollinger,1,112973,112974,2024-11-18T10:53:00+00:00,2024-11-18T10:54:00+00:00,1,-0.0032525343579703353,-0.0650506871594067,20.0,زمني,0,False,True,,False,4.5653692,4.564,0.0003,4.561,1,baseline,0,"{""close"": 4.563, ""rsi"": 55.511978395790166, ""rsi7"": 61.475450929724516, ""macd"": 0.0009184206359694578, ""adx"": 21.09181819286683, ""stoch_k"": 66.66666666666505, ""stoch_d"": 50.563530037213376, ""mss"": 0.0, ""sfp"": 0.0, ""vr"": 0.7888378151643392, ""hurst"": 0.3707443358726444, ""atr14"": 0.006397098198546042, ""vol_sma20"": 8048.709500000003, ""vol_ratio"": 0.13453958053772466, ""atr_pct"": 0.0014019500763852821, ""retest_entry"": true}"
اتجاهي,dir,directional,FILUSDT,صاعد,KAMA,1,112977,112978,2024-11-18T10:57:00+00:00,2024-11-18T10:58:00+00:00,1,-0.0023782424321414225,-0.04756484864282845,20.0,زمني,0,False,True,,False,4.5623683,4.561,0.0003,4.562,1,baseline,0,"{""close"": 4.563, ""rsi"": 55.44051589795615, ""rsi7"": 61.156458591569475, ""macd"": 0.0009653844602216156, ""adx"": 19.79000358636791, ""stoch_k"": 63.63636363636238, ""stoch_d"": 62.12121212121084, ""mss"": 0.0, ""sfp"": 0.0, ""vr"": 0.7218113196932554, ""hurst"": 0.377236211736886, ""atr14"": 0.0058025437746948, ""vol_sma20"": 6438.074000000002, ""vol_ratio"": 0.5889307889284898, ""atr_pct"": 0.0012716510573514794, ""retest_entry"": true}"
اتجاهي,dir,directional,FILUSDT,صاعد,KAMA,1,112980,112981,2024-11-18T11:00:00+00:00,2024-11-18T11:01:00+00:00,1,-0.0032522471870824222,-0.06504494374164844,20.0,زمني,0,False,True,,False,4.5673698,4.566,0.0003,4.563,1,baseline,0,"{""close"": 4.566, ""rsi"": 58.44210737629807, ""rsi7"": 66.66499184842726, ""macd"": 0.0008760496891440067, ""adx"": 20.297199776045815, ""stoch_k"": 68.18181818181705, ""stoch_d"": 65.15151515151395, ""mss"": 0.0, ""sfp"": 0.0, ""vr"": 0.701596082712707, ""hurst"": 0.37403014377698474, ""atr14"": 0.005590812198616745, ""vol_sma20"": 3277.948500000003, ""vol_ratio"": 1.07942513434851, ""atr_pct"": 0.00122444419593008, ""retest_entry"": true}"
اتجاهي,dir,directional,FILUSDT,صاعد,FVG,1,112987,112992,2024-11-18T11:07:00+00:00,2024-11-18T11:12:00+00:00,5,-0.005290809190808995,-0.1058161838161799,20.0,وقف,0,False,True,,False,4.5603677,4.559,0.0003,4.5466865969,1,baseline,0,"{""close"": 4.559, ""rsi"": 50.616578460329954, ""rsi7"": 52.25115732478767, ""macd"": -0.0006443044504814288, ""adx"": 17.514848214185854, ""stoch_k"": 49.333333333334004, ""stoch_d"": 34.70899470899399, ""mss"": 0.0, ""sfp"": 0.0, ""vr"": 0.7975589764055444, ""hurst"": 0.29629213883802036, ""atr14"": 0.006210662253374211, ""vol_sma20"": 4464.925000000003, ""vol_ratio"": 0.21718617893917577, ""atr_pct"": 0.0013622860832143476, ""retest_entry"": true}"
اتجاهي,dir,directional,FILUSDT,صاعد,RSI,1,113000,113005,2024-11-18T11:20:00+00:00,2024-11-18T11:25:00+00:00,5,-0.005589610389610413,-0.11179220779220825,20.0,وقف,0,False,True,,False,4.5297162,4.527,0.0006,4.5161270514,1,baseline,0,"{""close"": 4.528, ""rsi"": 42.65578350647523, ""rsi7"": 48.49441648282773, ""macd"": -0.002885153099393493, ""adx"": 36.294650120449454, ""stoch_k"": 35.68075117370816, ""stoch_d"": 23.031575630243157, ""mss"": 0.0, ""sfp"": 0.0, ""vr"": 1.4120907784156975, ""hurst"": 0.2639672780737752, ""atr14"": 0.010915629494809544, ""vol_sma20"": 12056.674000000003, ""vol_ratio"": 1.0430944719911974, ""atr_pct"": 0.002410695559807762, ""retest_entry"": true}"
اتجاهي,dir,directional,FILUSDT,صاعد,Bollinger,1,113010,113010,2024-11-18T11:30:00+00:00,2024-11-18T11:30:00+00:00,0,-0.005589610389610413,-0.11179220779220825,20.0,وقف,0,False,True,,False,4.518709599999999,4.516,0.0006,4.505153471199999,1,baseline,0,"{""close"": 4.516, ""rsi"": 40.973191886050806, ""rsi7"": 40.45527146518733, ""macd"": 0.0002486058055788916, ""adx"": 37.36902476918308, ""stoch_k"": 61.111111111111775, ""stoch_d"": 60.27586792292698, ""mss"": 0.0, ""sfp"": 0.0, ""vr"": 1.3990202420763176, ""hurst"": 0.2873013472245039, ""atr14"": 0.01088876446786049, ""vol_sma20"": 11701.512000000002, ""vol_ratio"": 0.3265295972007719, ""atr_pct"": 0.0024111524508105605, ""retest_entry"": true}"
اتجاهي,dir,directional,FILUSDT,صاعد,Stochastic,1,113020,113020,2024-11-18T11:40:00+00:00,2024-11-18T11:40:00+00:00,0,-0.006271586384217325,-0.1254317276843465,20.0,وقف,0,False,True,,False,4.4830311,4.479,0.0009,4.467859231115529,1,baseline,0,"{""close"": 4.478, ""rsi"": 35.30555766227994, ""rsi7"": 33.845468742417125, ""macd"": -0.002957712518565806, ""adx"": 49.40538421257144, ""stoch_k"": 14.38571122195225, ""stoch_d"": 11.321284082929488, ""mss"": 0.0, ""sfp"": 0.0, ""vr"": 1.6228495493848574, ""hurst"": 0.34231399711390287, ""atr14"": 0.013178123645669592, ""vol_sma20"": 12184.943500000003, ""vol_ratio"": 1.3446504696554398, ""atr_pct"": 0.00294285923306601, ""retest_entry"": true}"
اتجاهي,dir,directional,FILUSDT,صاعد,RSI,1,113035,113035,2024-11-18T11:55:00+00:00,2024-11-18T11:55:00+00:00,0,-0.006998285388397437,-0.13996570776794875,20.0,وقف,0,False,True,,False,4.4319852,4.428,0.0009,4.413756008051276,1,baseline,0,"{""close"": 4.427, ""rsi"": 33.614766487956956, ""rsi7"": 35.67554695991895, ""macd"": -0.0014200491346944046, ""adx"": 61.47192389274604, ""stoch_k"": 28.106280193235964, ""stoch_d"": 27.833832732016088, ""mss"": 0.0, ""sfp"": 0.0, ""vr"": 1.7517991897712826, ""hurst"": 0.4745179734068396, ""atr14"": 0.015833641156328154, ""vol_sma20"": 29114.089, ""vol_ratio"": 0.7495796966204232, ""atr_pct"": 0.0035766074443930778, ""retest_entry"": true}"
اتجاهي,dir,directional,FILUSDT,صاعد,FVG,1,113039,113045,2024-11-18T11:59:00+00:00,2024-11-18T12:05:00+00:00,6,-0.001061950493229082,-0.02123900986458164,20.0,قفل-ربح,0,False,True,,False,4.429983399999999,4.426,0.0009,4.436803140945829,1,baseline,0,"{""close"": 4.427, ""rsi"": 38.68520193638801, ""rsi7"": 45.025766493498715, ""macd"": 0.0006762752018617188, ""adx"": 59.38619984759716, ""stoch_k"": 22.842950109644118, ""stoch_d"": 17.19431723118348, ""mss"": 0.0, ""sfp"": 0.0, ""vr"": 1.6202671247245517, ""hurst"": 0.49580343913362185, ""atr14"": 0.01514477366373098, ""vol_sma20"": 28210.845, ""vol_ratio"": 0.1846513282391931, ""atr_pct"": 0.0034210015052475676, ""retest_entry"": true}"
اتجاهي,dir,directional,FILUSDT,صاعد,Bollinger,1,113052,113053,2024-11-18T12:12:00+00:00,2024-11-18T12:13:00+00:00,1,-0.006135193877469433,-0.12270387754938866,20.0,وقف,0,False,True,,False,4.403640599999999,4.401,0.0006,4.388020867952179,1,baseline,0,"{""close"": 4.402, ""rsi"": 35.854986764547846, ""rsi7"": 34.31752865373288, ""macd"": -0.001427814029602556, ""adx"": 42.4121337070344, ""stoch_k"": 16.939890710382574, ""stoch_d"": 14.680463511994802, ""mss"": 0.0, ""sfp"": 0.0, ""vr"": 1.342123067882548, ""hurst"": 0.3690719959193294, ""atr14"": 0.013577315506610123, ""vol_sma20"": 14687.924500000003, ""vol_ratio"": 0.42530106959632036, ""atr_pct"": 0.0030843515462540033, ""retest_entry"": true}"
اتجاهي,dir,directional,FILUSDT,هابط,Bollinger,-1,113090,113091,2024-11-18T12:50:00+00:00,2024-11-18T12:51:00+00:00,1,-0.002149969429830358,-0.042999388596607166,20.0,زمني,0,False,True,,False,4.462660800000001,4.464,0.0003,4.462,1,baseline,0,"{""close"": 4.464, ""rsi"": 59.851238213287104, ""rsi7"": 54.29986126223801, ""macd"": -0.0009108999864940858, ""adx"": 35.719154486374045, ""stoch_k"": 73.33333333333543, ""stoch_d"": 79.25925925926084, ""mss"": 0.0, ""sfp"": 0.0, ""vr"": 0.6359747629789446, ""hurst"": 0.5728772161280766, ""atr14"": 0.007631397079489675, ""vol_sma20"": 5210.166500000003, ""vol_ratio"": 1.2788977089311822, ""atr_pct"": 0.0017095423565165041, ""retest_entry"": true}"
اتجاهي,dir,directional,FILUSDT,هابط,FVG,-1,113103,113105,2024-11-18T13:03:00+00:00,2024-11-18T13:05:00+00:00,2,0.0023802501050706483,0.04760500210141297,20.0,تتبع,0,True,True,,False,4.4376683,4.439,0.0003,4.4168612906,1,baseline,0,"{""close"": 4.44, ""rsi"": 37.02845944288272, ""rsi7"": 24.675424279254003, ""macd"": -0.002924768886855844, ""adx"": 21.743062825552272, ""stoch_k"": 19.411431805320145, ""stoch_d"": 24.014336917562712, ""mss"": 0.0, ""sfp"": 0.0, ""vr"": 0.7138592762647619, ""hurst"": 0.5983811866678366, ""atr14"": 0.008389805813544694, ""vol_sma20"": 7767.362500000003, ""vol_ratio"": 1.0214123520049434, ""atr_pct"": 0.0018895959039515074, ""retest_entry"": true}"
اتجاهي,dir,directional,FILUSDT,هابط,FVG,-1,113108,113111,2024-11-18T13:08:00+00:00,2024-11-18T13:11:00+00:00,3,-0.00023904177888305265,-0.004780835577661053,20.0,تتبع,0,False,True,,False,4.384684200000001,4.386,0.0003,4.3756368356,1,baseline,0,"{""close"": 4.385, ""rsi"": 19.84788552723944, ""rsi7"": 10.726277406715425, ""macd"": -0.008098565731605483, ""adx"": 31.966188964988117, ""stoch_k"": 12.289361167001848, ""stoch_d"": 14.260975801042592, ""mss"": 0.0, ""sfp"": 0.0, ""vr"": 1.0597112593895595, ""hurst"": 0.5370286239940448, ""atr14"": 0.012459399673366128, ""vol_sma20"": 11080.973500000002, ""vol_ratio"": 0.9810329390283261, ""atr_pct"": 0.0028413682265373153, ""retest_entry"": true}"
اتجاهي,dir,directional,FILUSDT,هابط,FVG,-1,113115,113116,2024-11-18T13:15:00+00:00,2024-11-18T13:16:00+00:00,1,-0.00548940517863051,-0.1097881035726102,20.0,زمني,0,False,True,,False,4.3493888,4.352,0.0006,4.362,1,baseline,0,"{""close"": 4.351, ""rsi"": 21.508706834736074, ""rsi7"": 17.83878668318542, ""macd"": -0.006769722439955925, ""adx"": 47.02112929545927, ""stoch_k"": 8.435048530780087, ""stoch_d"": 11.377835183179789, ""mss"": 0.0, ""sfp"": 0.0, ""vr"": 1.291504582224902, ""hurst"": 0.5624457971643436, ""atr14"": 0.015407894639514202, ""vol_sma20"": 31392.433, ""vol_ratio"": 6.8994508963354315, ""atr_pct"": 0.0035412306687001155, ""retest_entry"": true}"
اتجاهي,dir,directional,FILUSDT,هابط,FVG,-1,113128,113130,2024-11-18T13:28:00+00:00,2024-11-18T13:30:00+00:00,2,-0.003425365640306424,-0.06850731280612848,20.0,زمني,0,False,True,,False,4.352387,4.355,0.0006,4.356,1,baseline,0,"{""close"": 4.355, ""rsi"": 37.163079568642644, ""rsi7"": 39.451486685329584, ""macd"": 0.001650498728959903, ""adx"": 46.79673776643672, ""stoch_k"": 43.12056737588667, ""stoch_d"": 46.288416075649934, ""mss"": 0.0, ""sfp"": 1.0, ""vr"": 1.3336296431188606, ""hurst"": 0.6003644580672569, ""atr14"": 0.016393156034633777, ""vol_sma20"": 52997.649500000014, ""vol_ratio"": 1.9589866905323787, ""atr_pct"": 0.003764214933325781, ""retest_entry"": true}"
اتجاهي,dir,directional,FILUSDT,هابط,Bollinger,-1,113151,113152,2024-11-18T13:51:00+00:00,2024-11-18T13:52:00+00:00,1,-0.005290809190808995,-0.1058161838161799,20.0,وقف,0,False,True,,False,4.3606914,4.362,0.0003,4.3737734742,1,baseline,0,"{""close"": 4.363, ""rsi"": 44.95627552818391, ""rsi7"": 38.85219022348973, ""macd"": 0.0015002737990466508, ""adx"": 25.245301742349277, ""stoch_k"": 54.77746654217279, ""stoch_d"": 71.37669882767922, ""mss"": 0.0, ""sfp"": 0.0, ""vr"": 0.8674897665747788, ""hurst"": 0.6428415737344306, ""atr14"": 0.010361185092742187, ""vol_sma20"": 15007.593000000004, ""vol_ratio"": 0.5013955269176075, ""atr_pct"": 0.0023747845731703385, ""retest_entry"": true}"
اتجاهي,dir,directional,FILUSDT,هابط,FVG,-1,113156,113159,2024-11-18T13:56:00+00:00,2024-11-18T13:59:00+00:00,3,0.0009146428002279531,0.018292856004559065,20.0,تتبع,0,True,True,,False,4.3556929,4.357,0.0003,4.3416686878,1,baseline,0,"{""close"": 4.356, ""rsi"": 41.2811675318492, ""rsi7"": 32.9239759995631, ""macd"": -0.0009352496932450892, ""adx"": 23.068371917245372, ""stoch_k"": 15.567765567766495, ""stoch_d"": 26.41025641025702, ""mss"": 0.0, ""sfp"": 0.0, ""vr"": 0.8329973481376658, ""hurst"": 0.6113864272101107, ""atr14"": 0.009797843712142934, ""vol_sma20"": 16108.456500000006, ""vol_ratio"": 1.0102072783944256, ""atr_pct"": 0.0022492754160107747, ""retest_entry"": true}"
اتجاهي,dir,directional,FILUSDT,هابط,Stochastic,-1,113168,113169,2024-11-18T14:08:00+00:00,2024-11-18T14:09:00+00:00,1,-0.004200134447248863,-0.08400268894497727,20.0,زمني,0,False,True,,False,4.3566926,4.358,0.0003,4.365,1,baseline,0,"{""close"": 4.358, ""rsi"": 48.719035108313435, ""rsi7"": 49.45919443504029, ""macd"": 0.0021667452508906276, ""adx"": 23.589983545220885, ""stoch_k"": 81.33333333333242, ""stoch_d"": 83.4537037037035, ""mss"": 0.0, ""sfp"": 0.0, ""vr"": 1.0136968522587138, ""hurst"": 0.5176653318825015, ""atr14"": 0.011672643711076234, ""vol_sma20"": 13496.747500000003, ""vol_ratio"": 0.19664811837074075, ""atr_pct"": 0.00267844050277105, ""retest_entry"": true}"
اتجاهي,dir,directional,FILUSDT,هابط,RSI,-1,113183,113184,2024-11-18T14:23:00+00:00,2024-11-18T14:24:00+00:00,1,-0.005290809190808995,-0.1058161838161799,20.0,وقف,0,False,True,,False,4.4146752000000005,4.416,0.0003,4.4279192256,1,baseline,0,"{""close"": 4.415, ""rsi"": 60.9978100065928, ""rsi7"": 55.915838205604196, ""macd"": 0.0035097382574917433, ""adx"": 32.85291867919443, ""stoch_k"": 85.55015744489391, ""stoch_d"": 90.33258359574099, ""mss"": 0.0, ""sfp"": 0.0, ""vr"": 0.9497379099788226, ""hurst"": 0.5529037828472314, ""atr14"": 0.010996967408936813, ""vol_sma20"": 6795.338500000003, ""vol_ratio"": 0.5252056244144421, ""atr_pct"": 0.002490819345172551, ""retest_entry"": true}"
اتجاهي,dir,directional,FILUSDT,هابط,MACD,-1,113192,113192,2024-11-18T14:32:00+00:00,2024-11-18T14:32:00+00:00,0,-0.005290809190808995,-0.1058161838161799,20.0,وقف,0,False,True,,False,4.4006794000000005,4.402,0.0003,4.4138814382,1,baseline,0,"{""close"": 4.401, ""rsi"": 49.35294853033709, ""rsi7"": 33.713383562607675, ""macd"": -0.003614317385473364, ""adx"": 28.191488046350997, ""stoch_k"": 13.192239858905651, ""stoch_d"": 25.54063220729819, ""mss"": 0.0, ""sfp"": 0.0, ""vr"": 0.8401107684792959, ""hurst"": 0.5450554759186819, ""atr14"": 0.009896886834326424, ""vol_sma20"": 8474.324000000002, ""vol_ratio"": 1.5774036961532267, ""atr_pct"": 0.002248781375670626, ""retest_entry"": true}"
اتجاهي,dir,directional,FILUSDT,هابط,Bollinger,-1,113200,113201,2024-11-18T14:40:00+00:00,2024-11-18T14:41:00+00:00,1,-0.005290809190808995,-0.1058161838161799,20.0,وقف,0,False,True,,False,4.4016791,4.403,0.0003,4.4148841373,1,baseline,0,"{""close"": 4.407, ""rsi"": 50.7452201693801, ""rsi7"": 43.16596569414183, ""macd"": -0.0023438860547057936, ""adx"": 19.94474585394995, ""stoch_k"": 52.84331518451202, ""stoch_d"": 53.285918893903784, ""mss"": 0.0, ""sfp"": 0.0, ""vr"": 0.8387384155753446, ""hurst"": 0.44070449272460827, ""atr14"": 0.010072832216490173, ""vol_sma20"": 6740.891000000003, ""vol_ratio"": 0.8786405239307381, ""atr_pct"": 0.0022856437977059616, ""retest_entry"": true}"
اتجاهي,dir,directional,FILUSDT,هابط,FVG,-1,113206,113208,2024-11-18T14:46:00+00:00,2024-11-18T14:48:00+00:00,2,-0.0012285027383398294,-0.02457005476679659,20.0,قفل-ربح,0,False,True,,False,4.3856839,4.387,0.0003,4.3809839295737705,1,baseline,0,"{""close"": 4.39, ""rsi"": 39.3492471703316, ""rsi7"": 25.854584983416984, ""macd"": -0.003272071060577389, ""adx"": 15.916470817397846, ""stoch_k"": 23.268398268397746, ""stoch_d"": 37.518037518036984, ""mss"": 0.0, ""sfp"": 0.0, ""vr"": 0.8651650038478871, ""hurst"": 0.37085941267924943, ""atr14"": 0.010454657391643406, ""vol_sma20"": 6740.435500000002, ""vol_ratio"": 0.8592768226919459, ""atr_pct"": 0.0023814709320372227, ""retest_entry"": true}"
اتجاهي,dir,directional,FILUSDT,هابط,Stochastic,-1,113229,113230,2024-11-18T15:09:00+00:00,2024-11-18T15:10:00+00:00,1,-0.004407947349169453,-0.08815894698338905,20.0,زمني,0,False,True,,False,4.4076773,4.409,0.0003,4.417,1,baseline,0,"{""close"": 4.409, ""rsi"": 61.977526614577656, ""rsi7"": 73.79197101139262, ""macd"": 0.00537239627909757, ""adx"": 24.827550909353583, ""stoch_k"": 91.881720430107, ""stoch_d"": 93.1918180694595, ""mss"": 0.0, ""sfp"": 0.0, ""vr"": 0.9713806784953477, ""hurst"": 0.47798771866060413, ""atr14"": 0.010808236627711415, ""vol_sma20"": 8183.389000000003, ""vol_ratio"": 0.959832167333118, ""atr_pct"": 0.0024514031816083954, ""retest_entry"": true}"
اتجاهي,dir,directional,FILUSDT,هابط,MicroBurst,-1,113236,113238,2024-11-18T15:16:00+00:00,2024-11-18T15:18:00+00:00,2,-0.003273867069063121,-0.06547734138126242,20.0,زمني,0,False,True,,False,4.422672800000001,4.424,0.0003,4.427,1,baseline,0,"{""close"": 4.42, ""rsi"": 64.20330766253085, ""rsi7"": 70.79710695281896, ""macd"": 0.0029230486111752876, ""adx"": 28.023568961496398, ""stoch_k"": 88.77396413110688, ""stoch_d"": 89.86115041805063, ""mss"": 0.0, ""sfp"": 0.0, ""vr"": 0.8798496255855807, ""hurst"": 0.49414012808933205, ""atr14"": 0.009439133052383683, ""vol_sma20"": 10569.395000000004, ""vol_ratio"": 2.0372348653825494, ""atr_pct"": 0.0021355504643402, ""retest_entry"": true}"
اتجاهي,dir,directional,FILUSDT,هابط,Bollinger,-1,113244,113250,2024-11-18T15:24:00+00:00,2024-11-18T15:30:00+00:00,6,-0.005290809190808995,-0.1058161838161799,20.0,وقف,0,False,True,,False,4.4166746,4.418,0.0003,4.4299246238,1,baseline,0,"{""close"": 4.419, ""rsi"": 55.23002452184263, ""rsi7"": 46.72090862402697, ""macd"": 0.00014323071436267432, ""adx"": 32.02929231523548, ""stoch_k"": 59.039718451483225, ""stoch_d"": 73.48709569297854, ""mss"": 0.0, ""sfp"": 0.0, ""vr"": 0.8545952541577635, ""hurst"": 0.5037672912486262, ""atr14"": 0.008930732539892159, ""vol_sma20"": 12769.145500000002, ""vol_ratio"": 0.24589037692459526, ""atr_pct"": 0.0020209849603738763, ""retest_entry"": true}"
اتجاهي,dir,directional,FILUSDT,هابط,RSI,-1,113263,113265,2024-11-18T15:43:00+00:00,2024-11-18T15:45:00+00:00,2,-0.0012644856746039188,-0.025289713492078376,20.0,قفل-ربح,0,False,True,,False,4.4836545,4.485,0.0003,4.479011244820276,1,baseline,0,"{""close"": 4.485, ""rsi"": 71.02051597555815, ""rsi7"": 69.09611783393443, ""macd"": 0.0035404446343093483, ""adx"": 49.26545312471282, ""stoch_k"": 77.3901808785531, ""stoch_d"": 84.3984420704632, ""mss"": 0.0, ""sfp"": 0.0, ""vr"": 1.0143629591729197, ""hurst"": 0.5154105909475305, ""atr14"": 0.01032144127621401, ""vol_sma20"": 12224.047500000002, ""vol_ratio"": 1.145515836714476, ""atr_pct"": 0.0023013246992673376, ""retest_entry"": true}"
اتجاهي,dir,directional,FILUSDT,هابط,FVG,-1,113278,113279,2024-11-18T15:58:00+00:00,2024-11-18T15:59:00+00:00,1,-0.003265109298605901,-0.06530218597211801,20.0,زمني,0,False,True,,False,4.480655400000001,4.482,0.0003,4.485,1,baseline,0,"{""close"": 4.482, ""rsi"": 55.59497519838389, ""rsi7"": 46.83588475001882, ""macd"": -0.001457270141842536, ""adx"": 42.93760580628359, ""stoch_k"": 58.53658536585363, ""stoch_d"": 69.74291364535274, ""mss"": 0.0, ""sfp"": 0.0, ""vr"": 1.0703601585877645, ""hurst"": 0.5347008272826451, ""atr14"": 0.010910194528927865, ""vol_sma20"": 16502.623000000003, ""vol_ratio"": 0.6775456241107852, ""atr_pct"": 0.0024342245713806034, ""retest_entry"": true}"
اتجاهي,dir,directional,FILUSDT,هابط,Bollinger,-1,113285,113286,2024-11-18T16:05:00+00:00,2024-11-18T16:06:00+00:00,1,-0.005290809190808995,-0.1058161838161799,20.0,وقف,0,False,True,,False,4.4676593,4.469,0.0003,4.4810622779,1,baseline,0,"{""close"": 4.467, ""rsi"": 44.39238452133969, ""rsi7"": 30.074292371407438, ""macd"": -0.0038045271330377425, ""adx"": 33.53294560971437, ""stoch_k"": 16.83716965046712, ""stoch_d"": 29.40244248989664, ""mss"": 0.0, ""sfp"": 1.0, ""vr"": 1.0610525144305534, ""hurst"": 0.46610259529487397, ""atr14"": 0.010807845557166258, ""vol_sma20"": 11260.379000000004, ""vol_ratio"": 0.7438648379419553, ""atr_pct"": 0.002419486357100125, ""retest_entry"": true}"
اتجاهي,dir,directional,FILUSDT,هابط,Bollinger,-1,113291,113292,2024-11-18T16:11:00+00:00,2024-11-18T16:12:00+00:00,1,-0.005290809190808885,-0.10581618381617769,20.0,وقف,0,False,True,,False,4.4826548,4.484,0.0003,4.496102764399999,1,baseline,0,"{""close"": 4.484, ""rsi"": 53.203214733529634, ""rsi7"": 49.94207560407037, ""macd"": -0.0009191634509832236, ""adx"": 28.154641276625302, ""stoch_k"": 63.56589147286761, ""stoch_d"": 66.61611054937578, ""mss"": 0.0, ""sfp"": 0.0, ""vr"": 1.097369033966239, ""hurst"": 0.3750635975968311, ""atr14"": 0.011280031891200215, ""vol_sma20"": 11889.208500000004, ""vol_ratio"": 0.6935827561607651, ""atr_pct"": 0.0025156181737734646, ""retest_entry"": true}"
اتجاهي,dir,directional,FILUSDT,هابط,MicroBurst,-1,113298,113299,2024-11-18T16:18:00+00:00,2024-11-18T16:19:00+00:00,1,-0.002975113184189482,-0.059502263683789636,20.0,زمني,0,False,True,,False,4.5112916,4.514,0.0006,4.513,1,baseline,0,"{""close"": 4.514, ""rsi"": 61.54480798467429, ""rsi7"": 62.14715130199871, ""macd"": 0.0025693678963876103, ""adx"": 27.610699110935663, ""stoch_k"": 83.35681255916117, ""stoch_d"": 88.51033786194016, ""mss"": 0.0, ""sfp"": 0.0, ""vr"": 1.3379677014779903, ""hurst"": 0.2986602678674864, ""atr14"": 0.01397155512338837, ""vol_sma20"": 14131.215000000002, ""vol_ratio"": 2.581371099371144, ""atr_pct"": 0.0030951606387657, ""retest_entry"": true}"
اتجاهي,dir,directional,FILUSDT,هابط,Bollinger,-1,113303,113304,2024-11-18T16:23:00+00:00,2024-11-18T16:24:00+00:00,1,-0.005908424596714344,-0.11816849193428688,20.0,وقف,0,False,True,,False,4.5112916,4.514,0.0006,4.526267484133257,1,baseline,0,"{""close"": 4.513, ""rsi"": 59.67173063637859, ""rsi7"": 57.75798265222304, ""macd"": 0.0005311477960378234, ""adx"": 29.113676338402662, ""stoch_k"": 70.21591245193652, ""stoch_d"": 73.0444528793457, ""mss"": 0.0, ""sfp"": 0.0, ""vr"": 1.2286381975941454, ""hurst"": 0.25259795567124776, ""atr14"": 0.013027439490294793, ""vol_sma20"": 14989.048000000004, ""vol_ratio"": 1.2844818430096423, ""atr_pct"": 0.0028866473499434505, ""retest_entry"": true}"
اتجاهي,dir,directional,FILUSDT,صاعد,RSI,1,113333,113336,2024-11-18T16:53:00+00:00,2024-11-18T16:56:00+00:00,3,0.002465032160086839,0.04930064320173678,20.0,تتبع,0,True,True,,False,4.4863455000000005,4.485,0.0003,4.507761981,1,baseline,0,"{""close"": 4.485, ""rsi"": 33.85575384069834, ""rsi7"": 29.807389124488992, ""macd"": -0.008415740188363057, ""adx"": 38.80513910809169, ""stoch_k"": 16.346153846153467, ""stoch_d"": 13.74229775392533, ""mss"": 0.0, ""sfp"": 0.0, ""vr"": 1.1464045233174596, ""hurst"": 0.35844130768504173, ""atr14"": 0.012522593350327004, ""vol_sma20"": 27145.055500000006, ""vol_ratio"": 0.6150552906403155, ""atr_pct"": 0.0027921055407641032, ""retest_entry"": true}"
اتجاهي,dir,directional,FILUSDT,صاعد,FVG,1,113350,113351,2024-11-18T17:10:00+00:00,2024-11-18T17:11:00+00:00,1,-0.0034866672678181866,-0.06973334535636373,20.0,زمني,0,False,True,,False,4.4853452,4.484,0.0003,4.48,1,baseline,0,"{""close"": 4.483, ""rsi"": 41.27970777992594, ""rsi7"": 40.83157525379343, ""macd"": -0.0012474587316818036, ""adx"": 27.082809023891972, ""stoch_k"": 17.362318840579047, ""stoch_d"": 13.096081588834984, ""mss"": 0.0, ""sfp"": 0.0, ""vr"": 1.0240466799971875, ""hurst"": 0.44359841765420516, ""atr14"": 0.011807453013005821, ""vol_sma20"": 13385.232000000004, ""vol_ratio"": 0.2524887129337765, ""atr_pct"": 0.0026338284659838994, ""retest_entry"": true}"
اتجاهي,dir,directional,FILUSDT,صاعد,MACD,1,113354,113364,2024-11-18T17:14:00+00:00,2024-11-18T17:24:00+00:00,10,0.0016385855555242585,0.03277171111048517,20.0,تتبع,0,True,True,,False,4.4883461,4.487,0.0003,4.5060542102,1,baseline,0,"{""close"": 4.485, ""rsi"": 43.71325381781334, ""rsi7"": 47.467509529533054, ""macd"": 7.30558422590722e-05, ""adx"": 27.814818877084342, ""stoch_k"": 27.82628782628795, ""stoch_d"": 23.41804457746477, ""mss"": 0.0, ""sfp"": 0.0, ""vr"": 0.8803452045684029, ""hurst"": 0.48341774107932994, ""atr14"": 0.01023812123866249, ""vol_sma20"": 11773.010500000002, ""vol_ratio"": 0.039311100588927526, ""atr_pct"": 0.0022827472104041224, ""retest_entry"": true}"
اتجاهي,dir,directional,FILUSDT,صاعد,FVG,1,113368,113369,2024-11-18T17:28:00+00:00,2024-11-18T17:29:00+00:00,1,-0.0019349300281832542,-0.038698600563665086,20.0,تتبع,0,False,True,,False,4.521355999999999,4.52,0.0003,4.523,1,baseline,0,"{""close"": 4.521, ""rsi"": 63.095417625197314, ""rsi7"": 73.34098774487612, ""macd"": 0.0036962285826154565, ""adx"": 19.119476922587882, ""stoch_k"": 86.01209089013854, ""stoch_d"": 78.7506080188996, ""mss"": 0.0, ""sfp"": 0.0, ""vr"": 0.8160556685072113, ""hurst"": 0.503966536297007, ""atr14"": 0.009408122467810509, ""vol_sma20"": 6004.276000000003, ""vol_ratio"": 1.9915939906826392, ""atr_pct"": 0.0020809826294648326, ""retest_entry"": true}"
اتجاهي,dir,directional,FILUSDT,صاعد,MicroBurst,1,113379,113380,2024-11-18T17:39:00+00:00,2024-11-18T17:40:00+00:00,1,-0.005290809190809106,-0.10581618381618212,20.0,وقف,0,False,True,,False,4.5263575000000005,4.525,0.0003,4.512778427500001,1,baseline,0,"{""close"": 4.527, ""rsi"": 59.58055688178816, ""rsi7"": 63.097574015665906, ""macd"": 0.0001665088315376019, ""adx"": 17.71830062826635, ""stoch_k"": 52.74131274131278, ""stoch_d"": 50.2788502788502, ""mss"": 0.0, ""sfp"": -1.0, ""vr"": 0.9653080254638713, ""hurst"": 0.48811855036165924, ""atr14"": 0.010963466565755647, ""vol_sma20"": 7124.6645000000035, ""vol_ratio"": 2.5033094540802576, ""atr_pct"": 0.0024217951327050245, ""retest_entry"": true}"
اتجاهي,dir,directional,FILUSDT,صاعد,Bollinger,1,113390,113403,2024-11-18T17:50:00+00:00,2024-11-18T18:03:00+00:00,13,0.0035699086214907604,0.07139817242981521,20.0,تتبع,0,True,True,,False,4.482344299999999,4.481,0.0003,4.5087055226,1,baseline,0,"{""close"": 4.481, ""rsi"": 38.211029295215354, ""rsi7"": 32.3217394004614, ""macd"": -0.004099834216075996, ""adx"": 19.5093840886978, ""stoch_k"": 10.11904761904742, ""stoch_d"": 8.461850649350396, ""mss"": 0.0, ""sfp"": 0.0, ""vr"": 0.9688110461084656, ""hurst"": 0.41715726477105713, ""atr14"": 0.011004372112816935, ""vol_sma20"": 8209.483500000002, ""vol_ratio"": 0.38797568689918177, ""atr_pct"": 0.0024557848946255155, ""retest_entry"": true}"
اتجاهي,dir,directional,FILUSDT,صاعد,MACD,1,113411,113412,2024-11-18T18:11:00+00:00,2024-11-18T18:12:00+00:00,1,-0.00326023717115439,-0.0652047434230878,20.0,زمني,0,False,True,,False,4.5123533,4.511,0.0003,4.508,1,baseline,0,"{""close"": 4.511, ""rsi"": 53.99999059889746, ""rsi7"": 57.379063482742794, ""macd"": 1.0084156889850118e-06, ""adx"": 10.791683999645963, ""stoch_k"": 52.08333333333284, ""stoch_d"": 43.05555555555515, ""mss"": 0.0, ""sfp"": 0.0, ""vr"": 0.8636855940043924, ""hurst"": 0.3825180792983099, ""atr14"": 0.009287279219986507, ""vol_sma20"": 5142.679500000004, ""vol_ratio"": 0.7255206162468412, ""atr_pct"": 0.002058807186873533, ""retest_entry"": true}"
اتجاهي,dir,directional,FILUSDT,صاعد,OBV,1,113420,113421,2024-11-18T18:20:00+00:00,2024-11-18T18:21:00+00:00,1,-0.004585983201018167,-0.09171966402036333,20.0,زمني,0,False,True,,False,4.5143539,4.513,0.0003,4.504,1,baseline,0,"{""close"": 4.513, ""rsi"": 54.91518357930311, ""rsi7"": 58.30546322836481, ""macd"": 0.00023621327782119995, ""adx"": 7.786193538034491, ""stoch_k"": 62.90726817042694, ""stoch_d"": 66.25302840434446, ""mss"": 0.0, ""sfp"": 0.0, ""vr"": 0.8597813738874246, ""hurst"": 0.26900693689753025, ""atr14"": 0.009077364594201463, ""vol_sma20"": 10863.808500000003, ""vol_ratio"": 0.3850472879745624, ""atr_pct"": 0.0020113814744519088, ""retest_entry"": true}"
اتجاهي,dir,directional,FILUSDT,صاعد,Bollinger,1,129318,129322,2024-11-29T19:18:00+00:00,2024-11-29T19:22:00+00:00,4,-0.0002696493749173804,-0.005392987498347608,20.0,تتبع,0,False,True,symbol_collision,True,6.001799999999999,6.0,0.0003,6.014,1,baseline,0,"{""close"": 6.0, ""rsi"": 61.0880802546383, ""rsi7"": 71.95549987654118, ""macd"": 0.003246692081347119, ""adx"": 18.741760430093013, ""stoch_k"": 81.98198198198129, ""stoch_d"": 74.90090090090011, ""mss"": 0.0, ""sfp"": 0.0, ""vr"": 0.9508183634747345, ""hurst"": 0.19733109053240722, ""atr14"": 0.010231043353820884, ""vol_sma20"": 6649.223, ""vol_ratio"": 0.5756883172665438, ""atr_pct"": 0.0017051738923034808, ""retest_entry"": true}"
اتجاهي,dir,directional,FILUSDT,صاعد,FVG,1,129335,129336,2024-11-29T19:35:00+00:00,2024-11-29T19:36:00+00:00,1,-0.0021002085410650874,-0.04200417082130175,20.0,تتبع,0,False,True,symbol_collision,True,6.0258072,6.024,0.0003,6.027,1,baseline,0,"{""close"": 6.023, ""rsi"": 64.53670910139704, ""rsi7"": 69.73041270754834, ""macd"": 7.919727673665229e-05, ""adx"": 33.11084319202811, ""stoch_k"": 74.46098003629778, ""stoch_d"": 65.84495722063764, ""mss"": 0.0, ""sfp"": 0.0, ""vr"": 0.7901886975278652, ""hurst"": 0.3172684872901193, ""atr14"": 0.008090836126611623, ""vol_sma20"": 4581.453, ""vol_ratio"": 0.6860203520586153, ""atr_pct"": 0.001343323281854827, ""retest_entry"": true}"
اتجاهي,dir,directional,FILUSDT,صاعد,MicroBurst,1,129343,129344,2024-11-29T19:43:00+00:00,2024-11-29T19:44:00+00:00,1,-0.003422314710953779,-0.06844629421907558,20.0,زمني,0,False,True,symbol_collision,True,6.0438126,6.042,0.0003,6.037,1,baseline,0,"{""close"": 6.043, ""rsi"": 70.50327971926899, ""rsi7"": 75.88510418310105, ""macd"": 0.001090880958105913, ""adx"": 42.967417828004336, ""stoch_k"": 82.77706461275166, ""stoch_d"": 79.34674083582969, ""mss"": 0.0, ""sfp"": -1.0, ""vr"": 0.8400583696168605, ""hurst"": 0.4489910501893789, ""atr14"": 0.00838594562938247, ""vol_sma20"": 3134.8885, ""vol_ratio"": 1.809059556663658, ""atr_pct"": 0.0013877123331759837, ""retest_entry"": true}"
اتجاهي,dir,directional,FILUSDT,صاعد,Stochastic,1,129352,129353,2024-11-29T19:52:00+00:00,2024-11-29T19:53:00+00:00,1,-0.002928176318304667,-0.05856352636609334,20.0,زمني,0,False,True,symbol_collision,True,6.0238066,6.022,0.0003,6.02,1,baseline,0,"{""close"": 6.022, ""rsi"": 49.27408989204371, ""rsi7"": 41.21491782514962, ""macd"": -0.0032249618773227684, ""adx"": 37.02297328989438, ""stoch_k"": 11.764705882352354, ""stoch_d"": 10.404995331465761, ""mss"": 0.0, ""sfp"": 0.0, ""vr"": 0.8809645076937479, ""hurst"": 0.47359579513287087, ""atr14"": 0.008619662880426412, ""vol_sma20"": 4576.510499999999, ""vol_ratio"": 1.1373949650066357, ""atr_pct"": 0.001431362152179743, ""retest_entry"": true}"
اتجاهي,dir,directional,FILUSDT,صاعد,MicroBurst,1,129356,129365,2024-11-29T19:56:00+00:00,2024-11-29T20:05:00+00:00,9,-0.0003341897691425053,-0.006683795382850106,20.0,تتبع,0,False,True,symbol_collision,True,6.0268075,6.025,0.0003,6.038668465000001,1,baseline,0,"{""close"": 6.024, ""rsi"": 51.730061883720886, ""rsi7"": 50.810121392947835, ""macd"": -0.0022747643358766094, ""adx"": 31.216047894040656, ""stoch_k"": 20.370370370368956, ""stoch_d"": 16.158315177922052, ""mss"": 0.0, ""sfp"": 0.0, ""vr"": 0.8185420246048141, ""hurst"": 0.48019385832367084, ""atr14"": 0.007877608067676501, ""vol_sma20"": 5190.7525000000005, ""vol_ratio"": 1.6524887287536825, ""atr_pct"": 0.0013077038624960992, ""retest_entry"": true}"
اتجاهي,dir,directional,FILUSDT,صاعد,FVG,1,129372,129373,2024-11-29T20:12:00+00:00,2024-11-29T20:13:00+00:00,1,-0.0021015243415409895,-0.042030486830819794,20.0,زمني,0,False,True,symbol_collision,True,6.041812,6.04,0.0003,6.043,1,baseline,0,"{""close"": 6.039, ""rsi"": 60.34586008669029, ""rsi7"": 65.48682260067355, ""macd"": -0.00021501219703369328, ""adx"": 25.53204888100355, ""stoch_k"": 46.2698412698395, ""stoch_d"": 42.93650793650689, ""mss"": 0.0, ""sfp"": 0.0, ""vr"": 0.783000898376586, ""hurst"": 0.4886832291015956, ""atr14"": 0.007044233889680252, ""vol_sma20"": 5535.5225, ""vol_ratio"": 0.2966729879609377, ""atr_pct"": 0.001166457011041605, ""retest_entry"": true}"
اتجاهي,dir,directional,FILUSDT,صاعد,FVG,1,129375,129401,2024-11-29T20:15:00+00:00,2024-11-29T20:41:00+00:00,26,-0.005290809190809106,-0.10581618381618212,20.0,وقف,0,False,True,symbol_collision,True,6.0508147,6.049,0.0003,6.0326622559,1,baseline,0,"{""close"": 6.05, ""rsi"": 68.52068671142932, ""rsi7"": 77.99142625718332, ""macd"": 0.0008973920998208134, ""adx"": 25.813243122746414, ""stoch_k"": 76.29629629629565, ""stoch_d"": 67.09876543209755, ""mss"": 0.0, ""sfp"": 0.0, ""vr"": 0.8457009808176764, ""hurst"": 0.49869925989556657, ""atr14"": 0.007510270355549416, ""vol_sma20"": 5289.653499999999, ""vol_ratio"": 0.9746460708626757, ""atr_pct"": 0.0012413670009172588, ""retest_entry"": true}"
اتجاهي,dir,directional,FILUSDT,صاعد,MicroBurst,1,129403,129404,2024-11-29T20:43:00+00:00,2024-11-29T20:44:00+00:00,1,-0.0022662740986477276,-0.04532548197295455,20.0,زمني,0,False,True,symbol_collision,True,6.0348099,6.033,0.0003,6.035,1,baseline,0,"{""close"": 6.034, ""rsi"": 41.70392849526051, ""rsi7"": 33.673741181423736, ""macd"": -0.0019668637991389084, ""adx"": 21.33593679844573, ""stoch_k"": 8.784425451091366, ""stoch_d"": 6.432415321304049, ""mss"": 0.0, ""sfp"": 0.0, ""vr"": 0.7740328691113799, ""hurst"": 0.4088406181531284, ""atr14"": 0.006281218075510171, ""vol_sma20"": 2920.8435, ""vol_ratio"": 3.706621049707045, ""atr_pct"": 0.0010409708444663857, ""retest_entry"": true}"
اتجاهي,dir,directional,FILUSDT,صاعد,Stochastic,1,129410,129421,2024-11-29T20:50:00+00:00,2024-11-29T21:01:00+00:00,11,-0.0027623574680040027,-0.05524714936008006,20.0,تتبع,0,False,True,symbol_collision,True,6.0308087,6.029,0.0003,6.028,1,baseline,0,"{""close"": 6.029, ""rsi"": 40.65322935228047, ""rsi7"": 38.0240773055845, ""macd"": -0.0012364029740820678, ""adx"": 26.818878879156124, ""stoch_k"": 12.337662337660658, ""stoch_d"": 12.265512265511505, ""mss"": 0.0, ""sfp"": 0.0, ""vr"": 0.7596135907141707, ""hurst"": 0.3530198586016689, ""atr14"": 0.0059838592424729525, ""vol_sma20"": 3702.274, ""vol_ratio"": 0.5538217862859421, ""atr_pct"": 0.0009925127288891943, ""retest_entry"": true}"
اتجاهي,dir,directional,FILUSDT,صاعد,FVG,1,129423,129424,2024-11-29T21:03:00+00:00,2024-11-29T21:04:00+00:00,1,-0.002596923220735855,-0.0519384644147171,20.0,زمني,0,False,True,symbol_collision,True,6.053815599999999,6.052,0.0003,6.052,1,baseline,0,"{""close"": 6.052, ""rsi"": 65.16922627099386, ""rsi7"": 75.48912326344218, ""macd"": 0.0025033200252779246, ""adx"": 24.09571650704791, ""stoch_k"": 73.20954907161777, ""stoch_d"": 62.191320812010844, ""mss"": 0.0, ""sfp"": 0.0, ""vr"": 0.953192977910267, ""hurst"": 0.3254964015511045, ""atr14"": 0.007040063659550612, ""vol_sma20"": 3568.8695, ""vol_ratio"": 0.7167283645423291, ""atr_pct"": 0.0011632623363434587, ""retest_entry"": true}"
اتجاهي,dir,directional,FILUSDT,صاعد,FVG,1,129430,129431,2024-11-29T21:10:00+00:00,2024-11-29T21:11:00+00:00,1,-0.003421632230806347,-0.06843264461612694,20.0,زمني,0,False,True,symbol_collision,True,6.0488140999999995,6.047,0.0003,6.042,1,baseline,0,"{""close"": 6.048, ""rsi"": 57.54840260963066, ""rsi7"": 59.28005024593775, ""macd"": 0.0013905963907489024, ""adx"": 27.473251096055037, ""stoch_k"": 59.80392156862751, ""stoch_d"": 59.80392156862783, ""mss"": 0.0, ""sfp"": 0.0, ""vr"": 1.0114780376749968, ""hurst"": 0.3025714956800559, ""atr14"": 0.007295285727551459, ""vol_sma20"": 3022.475, ""vol_ratio"": 0.35613197793199286, ""atr_pct"": 0.0012062311057459423, ""retest_entry"": true}"
اتجاهي,dir,directional,FILUSDT,صاعد,Stochastic,1,129440,129441,2024-11-29T21:20:00+00:00,2024-11-29T21:21:00+00:00,1,-0.004253738962894112,-0.08507477925788223,20.0,زمني,0,False,True,symbol_collision,True,6.021806,6.02,0.0003,6.01,1,baseline,0,"{""close"": 6.021, ""rsi"": 39.46567474073658, ""rsi7"": 34.525031311525865, ""macd"": -0.0031518399201867203, ""adx"": 24.54064009426447, ""stoch_k"": 12.093023255813454, ""stoch_d"": 8.993573179619188, ""mss"": 0.0, ""sfp"": 0.0, ""vr"": 1.097937785330433, ""hurst"": 0.27791568779313613, ""atr14"": 0.007856567126884652, ""vol_sma20"": 3502.3309999999997, ""vol_ratio"": 0.7898739439533272, ""atr_pct"": 0.0013048608415354014, ""retest_entry"": true}"
اتجاهي,dir,directional,FILUSDT,صاعد,FVG,1,129446,129447,2024-11-29T21:26:00+00:00,2024-11-29T21:27:00+00:00,1,-0.002596923220735966,-0.05193846441471932,20.0,زمني,0,False,True,symbol_collision,True,6.0238066,6.022,0.0003,6.022,1,baseline,0,"{""close"": 6.022, ""rsi"": 47.04194382609906, ""rsi7"": 53.9765675918614, ""macd"": -0.001540489116155887, ""adx"": 27.187898179279294, ""stoch_k"": 20.724637681158917, ""stoch_d"": 10.333253389065039, ""mss"": 0.0, ""sfp"": 0.0, ""vr"": 1.1252201189573101, ""hurst"": 0.32557283568085665, ""atr14"": 0.008015360563672282, ""vol_sma20"": 3506.4135, ""vol_ratio"": 0.649740824919822, ""atr_pct"": 0.0013310130461096448, ""retest_entry"": true}"
اتجاهي,dir,directional,FILUSDT,صاعد,FVG,1,129450,129455,2024-11-29T21:30:00+00:00,2024-11-29T21:35:00+00:00,5,0.0013067187743606627,0.026134375487213254,20.0,تتبع,0,True,True,symbol_collision,True,6.029808399999999,6.028,0.0003,6.0534108088,1,baseline,0,"{""close"": 6.029, ""rsi"": 52.86016782487147, ""rsi7"": 63.69149099604011, ""macd"": 0.0014363048339132252, ""adx"": 21.75229805941794, ""stoch_k"": 66.06060606060625, ""stoch_d"": 50.81369248035909, ""mss"": 0.0, ""sfp"": 0.0, ""vr"": 1.0345417170894708, ""hurst"": 0.2951869041564515, ""atr14"": 0.007307442551516127, ""vol_sma20"": 3347.2530000000006, ""vol_ratio"": 0.30169813874242546, ""atr_pct"": 0.0012120488557830697, ""retest_entry"": true}"
اتجاهي,dir,directional,FILUSDT,صاعد,FVG,1,129461,129463,2024-11-29T21:41:00+00:00,2024-11-29T21:43:00+00:00,2,-0.002138579256236287,-0.04277158512472574,20.0,قفل-ربح,0,False,True,symbol_collision,True,6.0926534,6.089,0.0006,6.097288249274767,1,baseline,0,"{""close"": 6.088, ""rsi"": 75.51749296466413, ""rsi7"": 84.74687011081053, ""macd"": 0.00556956723035955, ""adx"": 30.31979493424502, ""stoch_k"": 92.69645888915846, ""stoch_d"": 90.5593924214284, ""mss"": 0.0, ""sfp"": 0.0, ""vr"": 1.4300305896233532, ""hurst"": 0.2558206792560747, ""atr14"": 0.010291798456002123, ""vol_sma20"": 5628.6765, ""vol_ratio"": 6.708745830391923, ""atr_pct"": 0.001690505659658693, ""retest_entry"": true}"
اتجاهي,dir,directional,FILUSDT,صاعد,FVG,1,129467,129468,2024-11-29T21:47:00+00:00,2024-11-29T21:48:00+00:00,1,-0.005888411588411608,-0.11776823176823216,20.0,وقف,0,False,True,symbol_collision,True,6.1195026,6.114,0.0009,6.101144092199999,1,baseline,0,"{""close"": 6.116, ""rsi"": 77.26919636757805, ""rsi7"": 82.38293962158605, ""macd"": 0.00534772298060039, ""adx"": 43.483147704826884, ""stoch_k"": 95.68592327212953, ""stoch_d"": 91.40999485827031, ""mss"": 0.0, ""sfp"": 0.0, ""vr"": 1.5240875259256235, ""hurst"": 0.40179023698119737, ""atr14"": 0.011334896919759335, ""vol_sma20"": 13621.454499999998, ""vol_ratio"": 0.5236364442578434, ""atr_pct"": 0.0018533186592150648, ""retest_entry"": true}"
اتجاهي,dir,directional,FILUSDT,صاعد,FVG,1,129490,129491,2024-11-29T22:10:00+00:00,2024-11-29T22:11:00+00:00,1,-0.005086413717915261,-0.10172827435830521,20.0,زمني,0,False,True,symbol_collision,True,6.1705485,6.165,0.0009,6.157,1,baseline,0,"{""close"": 6.163, ""rsi"": 64.43572811355105, ""rsi7"": 63.47909900282207, ""macd"": -0.002672069899517137, ""adx"": 51.33222944992964, ""stoch_k"": 57.017543859649635, ""stoch_d"": 43.49475024167088, ""mss"": 0.0, ""sfp"": 0.0, ""vr"": 1.5873190567476674, ""hurst"": 0.6212786766928654, ""atr14"": 0.013930630693278444, ""vol_sma20"": 15906.0995, ""vol_ratio"": 0.5382608099490387, ""atr_pct"": 0.002260365194431031, ""retest_entry"": true}"
اتجاهي,dir,directional,FILUSDT,صاعد,SFP,1,129499,129500,2024-11-29T22:19:00+00:00,2024-11-29T22:20:00+00:00,1,-0.0033582289004544055,-0.06716457800908811,20.0,زمني,0,False,True,symbol_collision,True,6.128674999999999,6.125,0.0006,6.124,1,baseline,0,"{""close"": 6.128, ""rsi"": 46.84818595491751, ""rsi7"": 39.77845448800686, ""macd"": -0.00606255096980241, ""adx"": 34.35175207532859, ""stoch_k"": 15.86928104575155, ""stoch_d"": 12.585678715930705, ""mss"": 0.0, ""sfp"": 1.0, ""vr"": 1.3678585720997831, ""hurst"": 0.590407359931889, ""atr14"": 0.012778524957594226, ""vol_sma20"": 8415.164, ""vol_ratio"": 0.8238449066470955, ""atr_pct"": 0.0020852684330277785, ""retest_entry"": true}"
اتجاهي,dir,directional,FILUSDT,صاعد,Bollinger,1,129503,129518,2024-11-29T22:23:00+00:00,2024-11-29T22:38:00+00:00,15,0.0009401185886988578,0.018802371773977155,20.0,تتبع,0,True,True,symbol_collision,True,6.1248369,6.123,0.0003,6.1447136958,1,baseline,0,"{""close"": 6.122, ""rsi"": 44.48226653605235, ""rsi7"": 36.994719066674435, ""macd"": -0.004576095786993202, ""adx"": 28.77613235633971, ""stoch_k"": 8.496732026143041, ""stoch_d"": 10.021786492373955, ""mss"": 0.0, ""sfp"": 0.0, ""vr"": 1.1721707633223546, ""hurst"": 0.5910244243551431, ""atr14"": 0.011205733322413763, ""vol_sma20"": 6733.0419999999995, ""vol_ratio"": 0.9185491491067486, ""atr_pct"": 0.0018304040056213269, ""retest_entry"": true}"
اتجاهي,dir,directional,FILUSDT,صاعد,MicroBurst,1,159557,159565,2024-12-20T19:17:00+00:00,2024-12-20T19:25:00+00:00,8,0.010422974537853954,0.2084594907570791,20.0,حصد-اعادة,0,True,True,,False,5.0575168,5.056,0.0003,5.122,1,baseline,0,"{""close"": 5.055, ""rsi"": 62.11941459908886, ""rsi7"": 68.21631704424584, ""macd"": 0.0007770845144502367, ""adx"": 7.943850327195305, ""stoch_k"": 88.70557029177883, ""stoch_d"": 87.62394948601998, ""mss"": 0.0, ""sfp"": 0.0, ""vr"": 0.7475949145851345, ""hurst"": 0.1837603887786992, ""atr14"": 0.008605404932286115, ""vol_sma20"": 4475.2074999999995, ""vol_ratio"": 4.535539413535574, ""atr_pct"": 0.0017023550805709427, ""retest_entry"": true}"
اتجاهي,dir,directional,FILUSDT,صاعد,FVG,1,159565,159565,2024-12-20T19:25:00+00:00,2024-12-20T19:25:00+00:00,0,-0.005290809190808995,-0.2116323676323598,40.0,وقف,0,False,True,,False,5.1235365999999996,5.122,0.0003,5.1081659902,2,baseline,1,"{""close"": 5.123, ""rsi"": 78.00832515415925, ""rsi7"": 81.47876160208207, ""macd"": 0.006846701763022208, ""adx"": 29.341070764025535, ""stoch_k"": 95.03172055338966, ""stoch_d"": 92.79662408711481, ""mss"": 0.0, ""sfp"": 0.0, ""vr"": 1.0846117208162311, ""hurst"": 0.33185212407253556, ""atr14"": 0.012221621082349803, ""vol_sma20"": 15770.797, ""vol_ratio"": 0.40171971017064007, ""atr_pct"": 0.002385637533154363}"
اتجاهي,dir,directional,FILUSDT,صاعد,Bollinger,1,159595,159596,2024-12-20T19:55:00+00:00,2024-12-20T19:56:00+00:00,1,-0.0033743223452716207,-0.06748644690543242,20.0,زمني,0,False,True,,False,5.1335396,5.132,0.0003,5.128,1,baseline,0,"{""close"": 5.134, ""rsi"": 52.90312665209724, ""rsi7"": 48.416755757908994, ""macd"": -0.003995512269511491, ""adx"": 22.560467006602497, ""stoch_k"": 33.23643410852676, ""stoch_d"": 32.95865633074876, ""mss"": 0.0, ""sfp"": 0.0, ""vr"": 1.1315815136229206, ""hurst"": 0.4296933531565825, ""atr14"": 0.012581025082172254, ""vol_sma20"": 9318.229, ""vol_ratio"": 0.8546377213953424, ""atr_pct"": 0.0024505307912295, ""retest_entry"": true}"
اتجاهي,dir,directional,FILUSDT,صاعد,Bollinger,1,159607,159608,2024-12-20T20:07:00+00:00,2024-12-20T20:08:00+00:00,1,-0.0018170928245049651,-0.0363418564900993,20.0,زمني,0,False,True,,False,5.1175348,5.116,0.0003,5.12,1,baseline,0,"{""close"": 5.117, ""rsi"": 48.066692945432315, ""rsi7"": 51.098673735102984, ""macd"": -0.0020820144131238924, ""adx"": 24.483843167208356, ""stoch_k"": 46.212121212122135, ""stoch_d"": 35.10688278130171, ""mss"": 0.0, ""sfp"": 0.0, ""vr"": 1.035719644001058, ""hurst"": 0.4618058582633479, ""atr14"": 0.011558217569612516, ""vol_sma20"": 6767.304500000001, ""vol_ratio"": 0.42916496516449043, ""atr_pct"": 0.0022587878775869683, ""retest_entry"": true}"
اتجاهي,dir,directional,FILUSDT,صاعد,MACD,1,159612,159614,2024-12-20T20:12:00+00:00,2024-12-20T20:14:00+00:00,2,-0.0013724194915843103,-0.027448389831686206,20.0,تتبع,0,False,True,,False,5.1325393,5.131,0.0003,5.1372992874,1,baseline,0,"{""close"": 5.131, ""rsi"": 56.0839436979756, ""rsi7"": 63.44070030828258, ""macd"": 0.0010730043552215403, ""adx"": 22.71749894933242, ""stoch_k"": 70.24953031145021, ""stoch_d"": 60.65593218844006, ""mss"": 0.0, ""sfp"": 0.0, ""vr"": 1.06931333686464, ""hurst"": 0.5050015019809839, ""atr14"": 0.011976754990617995, ""vol_sma20"": 4722.0644999999995, ""vol_ratio"": 1.0624293674938154, ""atr_pct"": 0.0023341950868481765, ""retest_entry"": true}"
اتجاهي,dir,directional,FILUSDT,صاعد,Bollinger,1,159621,159622,2024-12-20T20:21:00+00:00,2024-12-20T20:22:00+00:00,1,-0.0043501708166369555,-0.08700341633273911,20.0,زمني,0,False,True,,False,5.121536,5.12,0.0003,5.111,1,baseline,0,"{""close"": 5.122, ""rsi"": 50.13994864791181, ""rsi7"": 50.731959511864076, ""macd"": -0.0002290763327507545, ""adx"": 20.26480548702191, ""stoch_k"": 43.18181818181805, ""stoch_d"": 36.82983682983673, ""mss"": 0.0, ""sfp"": 0.0, ""vr"": 1.0208834957227437, ""hurst"": 0.5239345583783916, ""atr14"": 0.011435671150967585, ""vol_sma20"": 4048.3815000000004, ""vol_ratio"": 1.1227845004231938, ""atr_pct"": 0.0022326573898804347, ""retest_entry"": true}"
اتجاهي,dir,directional,FILUSDT,صاعد,FVG,1,159628,159629,2024-12-20T20:28:00+00:00,2024-12-20T20:29:00+00:00,1,-0.004352571116494597,-0.08705142232989195,20.0,زمني,0,False,True,,False,5.1145339000000005,5.113,0.0003,5.104,1,baseline,0,"{""close"": 5.116, ""rsi"": 48.77470202549374, ""rsi7"": 50.367298032308796, ""macd"": -0.0006386748850220573, ""adx"": 20.539294331192295, ""stoch_k"": 31.93708024036708, ""stoch_d"": 22.56195750363244, ""mss"": 0.0, ""sfp"": 0.0, ""vr"": 0.961803052627836, ""hurst"": 0.5393029990014793, ""atr14"": 0.010760656420479959, ""vol_sma20"": 4301.5535, ""vol_ratio"": 2.0099436168816682, ""atr_pct"": 0.0021033339367630883, ""retest_entry"": true}"
اتجاهي,dir,directional,FILUSDT,صاعد,Stochastic,1,159634,159637,2024-12-20T20:34:00+00:00,2024-12-20T20:37:00+00:00,3,0.0015207325172352903,0.030414650344705807,20.0,تتبع,0,True,True,,False,5.0825243,5.081,0.0003,5.1019762826,1,baseline,0,"{""close"": 5.083, ""rsi"": 35.68735602182561, ""rsi7"": 29.03977913600889, ""macd"": -0.0037401905013633415, ""adx"": 25.712514230834536, ""stoch_k"": 12.766773376017179, ""stoch_d"": 9.137127073051687, ""mss"": 0.0, ""sfp"": 0.0, ""vr"": 0.9741435086331964, ""hurst"": 0.5313850260379006, ""atr14"": 0.010913847846172792, ""vol_sma20"": 5063.7935, ""vol_ratio"": 0.8656020432112802, ""atr_pct"": 0.002147127256772141, ""retest_entry"": true}"
اتجاهي,dir,directional,FILUSDT,صاعد,EMA,1,159649,159664,2024-12-20T20:49:00+00:00,2024-12-20T21:04:00+00:00,15,-0.0013243399987239968,-0.026486799974479936,20.0,قفل-ربح,0,False,True,,False,5.107531799999999,5.106,0.0003,5.112514728180481,1,baseline,0,"{""close"": 5.107, ""rsi"": 52.87425996309062, ""rsi7"": 61.587391551997165, ""macd"": 0.0009725551288057655, ""adx"": 21.32771409265487, ""stoch_k"": 57.7086656034021, ""stoch_d"": 53.30751120224747, ""mss"": 0.0, ""sfp"": 0.0, ""vr"": 0.9588698582117677, ""hurst"": 0.4188834992469431, ""atr14"": 0.011072020787339109, ""vol_sma20"": 11672.7495, ""vol_ratio"": 0.35237627604361765, ""atr_pct"": 0.0021680087697942252, ""retest_entry"": true}"
اتجاهي,dir,directional,FILUSDT,صاعد,FVG,1,159677,159679,2024-12-20T21:17:00+00:00,2024-12-20T21:19:00+00:00,2,-0.001015508902409649,-0.02031017804819298,20.0,تتبع,0,False,True,,False,5.0510288,5.048,0.0006,5.0590397984,1,baseline,0,"{""close"": 5.048, ""rsi"": 35.870612210110224, ""rsi7"": 37.27391875957703, ""macd"": -0.005900476943759003, ""adx"": 30.179944977100217, ""stoch_k"": 26.118233618233464, ""stoch_d"": 15.601839613866884, ""mss"": 0.0, ""sfp"": 0.0, ""vr"": 1.3555510175927254, ""hurst"": 0.23511875507575125, ""atr14"": 0.015821843996364295, ""vol_sma20"": 12317.238, ""vol_ratio"": 1.4178957977429683, ""atr_pct"": 0.0031342797140182835, ""retest_entry"": true}"
اتجاهي,dir,directional,FILUSDT,صاعد,MACD,1,159685,159689,2024-12-20T21:25:00+00:00,2024-12-20T21:29:00+00:00,4,0.001731385565142405,0.0346277113028481,20.0,تتبع,0,True,True,,False,5.0610348,5.058,0.0006,5.083,1,baseline,0,"{""close"": 5.059, ""rsi"": 45.53369744075557, ""rsi7"": 51.21834804519327, ""macd"": 0.0015767680314959665, ""adx"": 23.976167705466363, ""stoch_k"": 66.65043290043288, ""stoch_d"": 54.44909995441884, ""mss"": 0.0, ""sfp"": 0.0, ""vr"": 1.3156343553212124, ""hurst"": 0.24694580685087156, ""atr14"": 0.01566917626112532, ""vol_sma20"": 15595.541000000001, ""vol_ratio"": 0.41250444598234837, ""atr_pct"": 0.0030972872625272423, ""retest_entry"": true}"
اتجاهي,dir,directional,FILUSDT,صاعد,FVG,1,159704,159705,2024-12-20T21:44:00+00:00,2024-12-20T21:45:00+00:00,1,-0.0027932624090783627,-0.055865248181567254,20.0,زمني,0,False,True,,False,5.081524,5.08,0.0003,5.079,1,baseline,0,"{""close"": 5.08, ""rsi"": 52.04212891276682, ""rsi7"": 52.93987226465864, ""macd"": 0.00038373669329061564, ""adx"": 11.589205841602912, ""stoch_k"": 40.1709401709401, ""stoch_d"": 39.45868945868911, ""mss"": 0.0, ""sfp"": 0.0, ""vr"": 1.0198800312469638, ""hurst"": 0.271821558785435, ""atr14"": 0.012695605636105578, ""vol_sma20"": 7441.6050000000005, ""vol_ratio"": 0.30554564505909676, ""atr_pct"": 0.0024991349677373187, ""retest_entry"": true}"
اتجاهي,dir,directional,FILUSDT,صاعد,FVG,1,159710,159721,2024-12-20T21:50:00+00:00,2024-12-20T22:01:00+00:00,11,0.0032202472364555,0.06440494472911,20.0,تتبع,0,True,True,,False,5.081524,5.08,0.0003,5.1096281679999995,1,baseline,0,"{""close"": 5.083, ""rsi"": 54.24097226204535, ""rsi7"": 59.40565130621716, ""macd"": -9.422761732973497e-05, ""adx"": 10.73030476528091, ""stoch_k"": 46.97712418300659, ""stoch_d"": 29.95098039215691, ""mss"": 0.0, ""sfp"": 0.0, ""vr"": 0.9034935474019149, ""hurst"": 0.32422418753820254, ""atr14"": 0.011259346597825546, ""vol_sma20"": 5450.9445, ""vol_ratio"": 0.6049483717913474, ""atr_pct"": 0.0022150986814529895, ""retest_entry"": true}"
اتجاهي,dir,directional,FILUSDT,صاعد,MicroBurst,1,159729,159731,2024-12-20T22:09:00+00:00,2024-12-20T22:11:00+00:00,2,-0.002983888526954946,-0.059677770539098916,20.0,زمني,0,False,True,,False,5.1565465,5.155,0.0003,5.153,1,baseline,0,"{""close"": 5.155, ""rsi"": 72.43044077036917, ""rsi7"": 81.07675140862527, ""macd"": 0.0026228645825980747, ""adx"": 21.082399979435742, ""stoch_k"": 90.3925864370082, ""stoch_d"": 87.3211429610232, ""mss"": 0.0, ""sfp"": 0.0, ""vr"": 1.0042969673438487, ""hurst"": 0.41643612680184944, ""atr14"": 0.012546589887144806, ""vol_sma20"": 6368.7125, ""vol_ratio"": 2.9050298627862383, ""atr_pct"": 0.002433868067341378, ""retest_entry"": true}"
اتجاهي,dir,directional,FILUSDT,صاعد,FVG,1,159738,159744,2024-12-20T22:18:00+00:00,2024-12-20T22:24:00+00:00,6,0.003725503377824261,0.07451006755648522,20.0,تتبع,0,True,True,,False,5.1645489,5.163,0.0003,5.1957276798,1,baseline,0,"{""close"": 5.161, ""rsi"": 66.61300749159227, ""rsi7"": 69.90639795645, ""macd"": 0.00048152664637945986, ""adx"": 32.50314727817976, ""stoch_k"": 75.93345800218125, ""stoch_d"": 67.78701662993335, ""mss"": 0.0, ""sfp"": 0.0, ""vr"": 1.033334391099021, ""hurst"": 0.4638454943467404, ""atr14"": 0.013084398492087356, ""vol_sma20"": 7032.831, ""vol_ratio"": 1.088105202584848, ""atr_pct"": 0.0025352448153627897, ""retest_entry"": true}"
اتجاهي,dir,directional,FILUSDT,صاعد,FVG,1,159764,159777,2024-12-20T22:44:00+00:00,2024-12-20T22:57:00+00:00,13,0.00793228392376671,0.15864567847533423,20.0,حصد-اعادة,0,True,True,,False,5.211563,5.21,0.0003,5.265,1,baseline,0,"{""close"": 5.208, ""rsi"": 57.20601380590514, ""rsi7"": 54.181312787885894, ""macd"": -0.0037085784784691156, ""adx"": 26.987472370845527, ""stoch_k"": 36.170212765957594, ""stoch_d"": 32.860520094562624, ""mss"": 0.0, ""sfp"": 0.0, ""vr"": 0.7662773241327582, ""hurst"": 0.3655544134630839, ""atr14"": 0.00994816562221573, ""vol_sma20"": 5728.607000000001, ""vol_ratio"": 0.919041924153638, ""atr_pct"": 0.0019101700503486425, ""retest_entry"": true}"
اتجاهي,dir,directional,FILUSDT,صاعد,FVG,1,159777,159778,2024-12-20T22:57:00+00:00,2024-12-20T22:58:00+00:00,1,-0.002596923220735966,-0.10387692882943864,40.0,زمني,0,False,True,,False,5.2665795,5.265,0.0003,5.265,2,baseline,1,"{""close"": 5.265, ""rsi"": 70.37647578934536, ""rsi7"": 73.1061222806279, ""macd"": 0.002268106052035099, ""adx"": 35.151066597894875, ""stoch_k"": 92.93086998004976, ""stoch_d"": 92.60753076782176, ""mss"": 0.0, ""sfp"": 0.0, ""vr"": 0.7581016885620485, ""hurst"": 0.32267040701408706, ""atr14"": 0.009521074903253022, ""vol_sma20"": 5865.736, ""vol_ratio"": 1.5810411515281286, ""atr_pct"": 0.0018083713016624923}"
اتجاهي,dir,directional,FILUSDT,صاعد,FVG,1,159789,159797,2024-12-20T23:09:00+00:00,2024-12-20T23:17:00+00:00,8,-0.005290809190809106,-0.10581618381618212,20.0,وقف,0,False,True,,False,5.2675798,5.266,0.0003,5.2517770606,1,baseline,0,"{""close"": 5.266, ""rsi"": 60.0837243037088, ""rsi7"": 61.667668256204216, ""macd"": -0.0016657030638996817, ""adx"": 24.139794449354415, ""stoch_k"": 57.364341085271555, ""stoch_d"": 46.511627906976685, ""mss"": 0.0, ""sfp"": 0.0, ""vr"": 0.9663074649405488, ""hurst"": 0.33095423648393374, ""atr14"": 0.01158035608617093, ""vol_sma20"": 7648.248999999999, ""vol_ratio"": 0.287535094634079, ""atr_pct"": 0.002199080153089808, ""retest_entry"": true}"
اتجاهي,dir,directional,FILUSDT,صاعد,Stochastic,1,159802,159805,2024-12-20T23:22:00+00:00,2024-12-20T23:25:00+00:00,3,-0.005290809190809217,-0.10581618381618434,20.0,وقف,0,False,True,,False,5.261577999999999,5.26,0.0003,5.245793265999999,1,baseline,0,"{""close"": 5.257, ""rsi"": 52.54755194415106, ""rsi7"": 51.46301876845484, ""macd"": -0.0027192431176089058, ""adx"": 16.534724556278803, ""stoch_k"": 17.17171717171587, ""stoch_d"": 16.467243296510578, ""mss"": 0.0, ""sfp"": 0.0, ""vr"": 0.7892123832753539, ""hurst"": 0.3464553153227807, ""atr14"": 0.0089545383100857, ""vol_sma20"": 5813.6435, ""vol_ratio"": 0.25292744558554375, ""atr_pct"": 0.0017033552045055546, ""retest_entry"": true}"
اتجاهي,dir,directional,FILUSDT,صاعد,Bollinger,1,159810,159811,2024-12-20T23:30:00+00:00,2024-12-20T23:31:00+00:00,1,-0.00392780799722388,-0.0785561599444776,20.0,زمني,0,False,True,,False,5.2475738000000005,5.246,0.0003,5.239,1,baseline,0,"{""close"": 5.247, ""rsi"": 47.580126854881286, ""rsi7"": 45.14882454152582, ""macd"": -0.0025859466833522107, ""adx"": 16.272647585835553, ""stoch_k"": 17.581949765856265, ""stoch_d"": 11.144185741886048, ""mss"": 0.0, ""sfp"": 0.0, ""vr"": 0.7452420106187613, ""hurst"": 0.4111767683859587, ""atr14"": 0.008250669689143123, ""vol_sma20"": 5811.679, ""vol_ratio"": 0.3711646840783877, ""atr_pct"": 0.0015724546767949539, ""retest_entry"": true}"
اتجاهي,dir,directional,FILUSDT,صاعد,Stochastic,1,159828,159829,2024-12-20T23:48:00+00:00,2024-12-20T23:49:00+00:00,1,-0.002788510442553016,-0.05577020885106032,20.0,زمني,0,False,True,,False,5.207561800000001,5.206,0.0003,5.205,1,baseline,0,"{""close"": 5.205, ""rsi"": 35.34372288022688, ""rsi7"": 33.189901486403485, ""macd"": -0.001539890373470498, ""adx"": 33.76742211976842, ""stoch_k"": 8.963414634144954, ""stoch_d"": 6.257900067436094, ""mss"": 0.0, ""sfp"": 0.0, ""vr"": 0.8152663717713938, ""hurst"": 0.5065232770187392, ""atr14"": 0.008607240967263157, ""vol_sma20"": 5447.791, ""vol_ratio"": 0.38907880276611195, ""atr_pct"": 0.0016536486008190503, ""retest_entry"": true}"
اتجاهي,dir,directional,FILUSDT,صاعد,FVG,1,159835,159836,2024-12-20T23:55:00+00:00,2024-12-20T23:56:00+00:00,1,-0.0027884368683511185,-0.05576873736702237,20.0,زمني,0,False,True,,False,5.2095624,5.208,0.0003,5.207,1,baseline,0,"{""close"": 5.208, ""rsi"": 41.9645644775713, ""rsi7"": 51.37512808875356, ""macd"": 0.0010945293530239073, ""adx"": 33.595267460620185, ""stoch_k"": 32.22222222222268, ""stoch_d"": 25.102880658436195, ""mss"": 0.0, ""sfp"": 0.0, ""vr"": 0.7461175554518482, ""hurst"": 0.5183130182752688, ""atr14"": 0.007616135748199968, ""vol_sma20"": 5762.3585, ""vol_ratio"": 1.1525211421677426, ""atr_pct"": 0.0014623916567204239, ""retest_entry"": true}"
اتجاهي,dir,directional,FILUSDT,صاعد,OBV,1,159839,159840,2024-12-20T23:59:00+00:00,2024-12-21T00:00:00+00:00,1,-0.005290809190809106,-0.10581618381618212,20.0,وقف,0,False,True,,False,5.2135636,5.212,0.0003,5.1979229092,1,baseline,0,"{""close"": 5.212, ""rsi"": 47.19585739713788, ""rsi7"": 61.39317340375991, ""macd"": 0.002215690216607275, ""adx"": 25.940663070430375, ""stoch_k"": 65.15151515151446, ""stoch_d"": 56.094276094275216, ""mss"": 0.0, ""sfp"": 0.0, ""vr"": 0.7428379271623043, ""hurst"": 0.5288316227729195, ""atr14"": 0.007416426830079559, ""vol_sma20"": 6111.272999999999, ""vol_ratio"": 1.8095886078072443, ""atr_pct"": 0.0014229521930313814, ""retest_entry"": true}"
اتجاهي,dir,directional,FILUSDT,صاعد,MACD,1,159862,159863,2024-12-21T00:22:00+00:00,2024-12-21T00:23:00+00:00,1,-0.002617962412421504,-0.05235924824843008,20.0,زمني,0,False,True,,False,5.181106799999999,5.178,0.0006,5.181,1,baseline,0,"{""close"": 5.179, ""rsi"": 45.03290609599753, ""rsi7"": 54.31483315940877, ""macd"": 0.0005977853788666602, ""adx"": 29.525932779190452, ""stoch_k"": 39.27125506072895, ""stoch_d"": 25.820962663067633, ""mss"": 0.0, ""sfp"": 0.0, ""vr"": 1.2154845304969446, ""hurst"": 0.38344626083786987, ""atr14"": 0.01152076545368354, ""vol_sma20"": 11153.542, ""vol_ratio"": 0.18601714146053336, ""atr_pct"": 0.0022245154380543617, ""retest_entry"": true}"
اتجاهي,dir,directional,FILUSDT,صاعد,MicroBurst,1,159874,159875,2024-12-21T00:34:00+00:00,2024-12-21T00:35:00+00:00,1,-0.005475708318232169,-0.10951416636464338,20.0,وقف,0,False,True,,False,5.1985591,5.197,0.0003,5.182,1,baseline,0,"{""close"": 5.199, ""rsi"": 57.29530168462073, ""rsi7"": 65.18360786265687, ""macd"": 0.0023016367332577784, ""adx"": 19.277491210005273, ""stoch_k"": 75.63837129054467, ""stoch_d"": 62.98596733379248, ""mss"": 0.0, ""sfp"": 0.0, ""vr"": 1.1291816757080368, ""hurst"": 0.21214385268888908, ""atr14"": 0.010901613332506683, ""vol_sma20"": 9652.3715, ""vol_ratio"": 3.5607280552763645, ""atr_pct"": 0.00209686734612554, ""retest_entry"": true}"
اتجاهي,dir,directional,FILUSDT,صاعد,FVG,1,159880,159881,2024-12-21T00:40:00+00:00,2024-12-21T00:41:00+00:00,1,-0.003939065000331104,-0.07878130000662209,20.0,زمني,0,False,True,,False,5.203560599999999,5.202,0.0003,5.195,1,baseline,0,"{""close"": 5.202, ""rsi"": 58.67175133947808, ""rsi7"": 67.17966972510555, ""macd"": 0.0022467837289568892, ""adx"": 15.00229390770529, ""stoch_k"": 70.83333333333367, ""stoch_d"": 52.43055555555577, ""mss"": 0.0, ""sfp"": 0.0, ""vr"": 1.1177517251935787, ""hurst"": 0.214263527103982, ""atr14"": 0.01087291306500993, ""vol_sma20"": 4889.5125, ""vol_ratio"": 0.6830312837936298, ""atr_pct"": 0.0020901409198404324, ""retest_entry"": true}"
اتجاهي,dir,directional,FILUSDT,صاعد,Bollinger,1,159891,159892,2024-12-21T00:51:00+00:00,2024-12-21T00:52:00+00:00,1,-0.004910188957371334,-0.09820377914742669,20.0,زمني,0,False,True,,False,5.1755522,5.174,0.0003,5.162,1,baseline,0,"{""close"": 5.173, ""rsi"": 45.62726403455793, ""rsi7"": 46.42011010009421, ""macd"": -0.0018362257816829791, ""adx"": 17.39552757200363, ""stoch_k"": 24.489795918366582, ""stoch_d"": 19.96943705018172, ""mss"": 0.0, ""sfp"": 0.0, ""vr"": 1.0449926546374826, ""hurst"": 0.3021902847126021, ""atr14"": 0.010058106871141857, ""vol_sma20"": 6184.630499999999, ""vol_ratio"": 0.23535439991119925, ""atr_pct"": 0.0019443469690975947, ""retest_entry"": true}"
اتجاهي,dir,directional,FILUSDT,صاعد,Bollinger,1,159899,159900,2024-12-21T00:59:00+00:00,2024-12-21T01:00:00+00:00,1,-0.0029826911870015982,-0.05965382374003196,20.0,زمني,0,False,True,,False,5.1725513,5.171,0.0003,5.169,1,baseline,0,"{""close"": 5.17, ""rsi"": 47.23076814799609, ""rsi7"": 52.76145915375443, ""macd"": 0.00033039855803572524, ""adx"": 20.972671153403322, ""stoch_k"": 54.28240740740813, ""stoch_d"": 39.505676507779775, ""mss"": 0.0, ""sfp"": 0.0, ""vr"": 0.9228286154755282, ""hurst"": 0.2630544450088391, ""atr14"": 0.008798487033157287, ""vol_sma20"": 5254.7119999999995, ""vol_ratio"": 1.0373318271296317, ""atr_pct"": 0.0017018350160845816, ""retest_entry"": true}"
اتجاهي,dir,directional,FILUSDT,صاعد,FVG,1,159911,159914,2024-12-21T01:11:00+00:00,2024-12-21T01:14:00+00:00,3,-0.0014206310651796953,-0.028412621303593906,20.0,قفل-ربح,0,False,True,,False,5.221565999999999,5.22,0.0003,5.226156232314653,1,baseline,0,"{""close"": 5.22, ""rsi"": 74.90619613540784, ""rsi7"": 89.78948541379286, ""macd"": 0.005212296958139803, ""adx"": 25.7419830765671, ""stoch_k"": 94.74747474747441, ""stoch_d"": 95.64296021438821, ""mss"": 0.0, ""sfp"": 0.0, ""vr"": 1.0551360189612737, ""hurst"": 0.3024272982893146, ""atr14"": 0.010197457017679448, ""vol_sma20"": 5560.0535, ""vol_ratio"": 2.387248611906342, ""atr_pct"": 0.001953535827141657, ""retest_entry"": true}"
اتجاهي,dir,directional,FILUSDT,صاعد,Bollinger,1,159926,159927,2024-12-21T01:26:00+00:00,2024-12-21T01:27:00+00:00,1,-0.0034684646434338185,-0.06936929286867637,20.0,زمني,0,False,True,,False,5.228134999999999,5.225,0.0006,5.222,1,baseline,0,"{""close"": 5.223, ""rsi"": 58.11544845148783, ""rsi7"": 58.321288805993866, ""macd"": -0.0022004611010808302, ""adx"": 27.697626514262687, ""stoch_k"": 37.158469945355364, ""stoch_d"": 30.054644808743234, ""mss"": 0.0, ""sfp"": 0.0, ""vr"": 1.2100980349895638, ""hurst"": 0.4012406669731671, ""atr14"": 0.012256980207447457, ""vol_sma20"": 7580.6105, ""vol_ratio"": 0.7298765712867057, ""atr_pct"": 0.00234673180307246, ""retest_entry"": true}"
اتجاهي,dir,directional,FILUSDT,صاعد,SFP,1,159937,159938,2024-12-21T01:37:00+00:00,2024-12-21T01:38:00+00:00,1,-0.005290809190809217,-0.10581618381618434,20.0,وقف,0,False,True,,False,5.1805537,5.179,0.0003,5.1650120389,1,baseline,0,"{""close"": 5.179, ""rsi"": 39.13999737839876, ""rsi7"": 35.052381150889545, ""macd"": -0.00519419879323073, ""adx"": 26.0608505152251, ""stoch_k"": 13.656730956555995, ""stoch_d"": 10.286382232612441, ""mss"": 0.0, ""sfp"": 1.0, ""vr"": 1.1291096722100242, ""hurst"": 0.3768895717587915, ""atr14"": 0.011917009961842459, ""vol_sma20"": 5166.582, ""vol_ratio"": 1.318899032280916, ""atr_pct"": 0.0023010252870906463, ""retest_entry"": true}"
اتجاهي,dir,directional,FILUSDT,صاعد,OBV,1,159944,159946,2024-12-21T01:44:00+00:00,2024-12-21T01:46:00+00:00,2,0.0004980131247138949,0.009960262494277897,20.0,تتبع,0,True,True,,False,5.171551,5.17,0.0003,5.186042482,1,baseline,0,"{""close"": 5.17, ""rsi"": 41.200630669302484, ""rsi7"": 43.95495306477668, ""macd"": -0.0018057151875227155, ""adx"": 31.11471265515602, ""stoch_k"": 21.27544097693323, ""stoch_d"": 16.69875729577183, ""mss"": 0.0, ""sfp"": 0.0, ""vr"": 1.061523955018932, ""hurst"": 0.39964602162443646, ""atr14"": 0.011479093458271155, ""vol_sma20"": 6705.6545, ""vol_ratio"": 1.0522268929900878, ""atr_pct"": 0.002220327554791326, ""retest_entry"": true}"
اتجاهي,dir,directional,FILUSDT,صاعد,FVG,1,159950,159951,2024-12-21T01:50:00+00:00,2024-12-21T01:51:00+00:00,1,-0.005285341217445525,-0.1057068243489105,20.0,زمني,0,False,True,,False,5.1955582,5.194,0.0003,5.18,1,baseline,0,"{""close"": 5.199, ""rsi"": 57.09269621961146, ""rsi7"": 69.65841925845675, ""macd"": 0.003963363775156146, ""adx"": 22.63221812901549, ""stoch_k"": 87.69883351007354, ""stoch_d"": 86.62071403322638, ""mss"": 0.0, ""sfp"": 0.0, ""vr"": 1.0267690330312598, ""hurst"": 0.4271191984874605, ""atr14"": 0.01120743743256226, ""vol_sma20"": 7251.8025, ""vol_ratio"": 0.0886400312198243, ""atr_pct"": 0.002155690985297607, ""retest_entry"": true}"
اتجاهي,dir,directional,FILUSDT,صاعد,Stochastic,1,159960,159961,2024-12-21T02:00:00+00:00,2024-12-21T02:01:00+00:00,1,-0.005290809190809106,-0.10581618381618212,20.0,وقف,0,False,True,,False,5.1705507,5.169,0.0003,5.1550390479,1,baseline,0,"{""close"": 5.169, ""rsi"": 42.66773865149221, ""rsi7"": 39.6493212843138, ""macd"": -0.0006839350209459551, ""adx"": 21.297640299899154, ""stoch_k"": 18.518518518518565, ""stoch_d"": 17.84101174345069, ""mss"": 0.0, ""sfp"": 0.0, ""vr"": 0.8823354437924668, ""hurst"": 0.4634274408521479, ""atr14"": 0.00960328157910392, ""vol_sma20"": 4876.8525, ""vol_ratio"": 0.18270185534625047, ""atr_pct"": 0.0018578606266403406, ""retest_entry"": true}"
اتجاهي,dir,directional,FILUSDT,صاعد,Bollinger,1,159966,159967,2024-12-21T02:06:00+00:00,2024-12-21T02:07:00+00:00,1,-0.003564336486283194,-0.07128672972566388,20.0,زمني,0,False,True,,False,5.1565465,5.155,0.0003,5.15,1,baseline,0,"{""close"": 5.156, ""rsi"": 41.02306860372194, ""rsi7"": 40.76130668308026, ""macd"": -0.001425022866344063, ""adx"": 26.31517417097221, ""stoch_k"": 31.79012345678875, ""stoch_d"": 20.687720113006268, ""mss"": 0.0, ""sfp"": 0.0, ""vr"": 0.9557699317365113, ""hurst"": 0.46588456366809894, ""atr14"": 0.010320433285072561, ""vol_sma20"": 3537.471, ""vol_ratio"": 0.6271881804826103, ""atr_pct"": 0.0020016356254989455, ""retest_entry"": true}"
اتجاهي,dir,directional,FILUSDT,صاعد,Stochastic,1,159972,159973,2024-12-21T02:12:00+00:00,2024-12-21T02:13:00+00:00,1,-0.0035667822996733947,-0.0713356459934679,20.0,زمني,0,False,True,,False,5.1435426,5.142,0.0003,5.137,1,baseline,0,"{""close"": 5.143, ""rsi"": 37.81969347031856, ""rsi7"": 36.422599610293354, ""macd"": -0.0011252770262340922, ""adx"": 27.369146160652512, ""stoch_k"": 18.100775193797777, ""stoch_d"": 14.493734086757016, ""mss"": 0.0, ""sfp"": 0.0, ""vr"": 0.9269449564404291, ""hurst"": 0.4767697093223213, ""atr14"": 0.009976551047008507, ""vol_sma20"": 5287.334000000001, ""vol_ratio"": 1.5202784616973317, ""atr_pct"": 0.0019398310416116093, ""retest_entry"": true}"
اتجاهي,dir,directional,FILUSDT,صاعد,MACD,1,159978,159988,2024-12-21T02:18:00+00:00,2024-12-21T02:28:00+00:00,10,0.0030273237242689384,0.06054647448537877,20.0,تتبع,0,True,True,,False,5.147543799999999,5.146,0.0003,5.1750177316,1,baseline,0,"{""close"": 5.145, ""rsi"": 44.252744868604964, ""rsi7"": 52.278048029271886, ""macd"": 0.00045210919694987223, ""adx"": 25.752761442784546, ""stoch_k"": 33.33333333333412, ""stoch_d"": 21.376424501424978, ""mss"": 0.0, ""sfp"": 0.0, ""vr"": 0.9416403819244996, ""hurst"": 0.49029581356530727, ""atr14"": 0.010066725543600639, ""vol_sma20"": 9513.2205, ""vol_ratio"": 0.7441707043371906, ""atr_pct"": 0.0019566036041983753, ""retest_entry"": true}"
اتجاهي,dir,directional,FILUSDT,صاعد,FVG,1,159993,159994,2024-12-21T02:33:00+00:00,2024-12-21T02:34:00+00:00,1,-0.005290809190809106,-0.10581618381618212,20.0,وقف,0,False,True,,False,5.1795534,5.178,0.0003,5.1640147398,1,baseline,0,"{""close"": 5.177, ""rsi"": 57.42119467047001, ""rsi7"": 58.705995349540835, ""macd"": 0.0020015462302733077, ""adx"": 23.77608539041761, ""stoch_k"": 70.26084865969403, ""stoch_d"": 67.71246544055693, ""mss"": 0.0, ""sfp"": 0.0, ""vr"": 0.8842522304592818, ""hurst"": 0.39934492989774045, ""atr14"": 0.00936797803809939, ""vol_sma20"": 9150.710000000001, ""vol_ratio"": 0.2205675843732344, ""atr_pct"": 0.0018095379637047308, ""retest_entry"": true}"
اتجاهي,dir,directional,FILUSDT,صاعد,MACD,1,160000,160003,2024-12-21T02:40:00+00:00,2024-12-21T02:43:00+00:00,3,-0.001462654816263399,-0.02925309632526798,20.0,قفل-ربح,0,False,True,,False,5.1975587999999995,5.196,0.0003,5.2019090038589715,1,baseline,0,"{""close"": 5.197, ""rsi"": 67.8803076390925, ""rsi7"": 78.68562918095026, ""macd"": 0.0012746420134778034, ""adx"": 19.75197635382667, ""stoch_k"": 56.76883780331993, ""stoch_d"": 36.16432524478355, ""mss"": 0.0, ""sfp"": 0.0, ""vr"": 0.9119117213255502, ""hurst"": 0.31661468103326634, ""atr14"": 0.009666080355125086, ""vol_sma20"": 5492.146, ""vol_ratio"": 0.40087608741646713, ""atr_pct"": 0.0018599346459736551, ""retest_entry"": true}"
اتجاهي,dir,directional,FILUSDT,صاعد,FVG,1,160022,160023,2024-12-21T03:02:00+00:00,2024-12-21T03:03:00+00:00,1,-0.005290809190809106,-0.10581618381618212,20.0,وقف,0,False,True,,False,5.1925573,5.191,0.0003,5.1769796281,1,baseline,0,"{""close"": 5.191, ""rsi"": 54.46155398480133, ""rsi7"": 58.124184865480814, ""macd"": -0.0018659260112397825, ""adx"": 17.932851837404208, ""stoch_k"": 34.31372549019624, ""stoch_d"": 17.320261437908687, ""mss"": 0.0, ""sfp"": 0.0, ""vr"": 0.8266631919810025, ""hurst"": 0.44533135083835595, ""atr14"": 0.008521248588023195, ""vol_sma20"": 2905.5525000000002, ""vol_ratio"": 0.8098081173890336, ""atr_pct"": 0.00164154278328322, ""retest_entry"": true}"
اتجاهي,dir,directional,FILUSDT,صاعد,FVG,1,160030,160031,2024-12-21T03:10:00+00:00,2024-12-21T03:11:00+00:00,1,-0.003561529677969284,-0.07123059355938569,20.0,زمني,0,False,True,,False,5.171551,5.17,0.0003,5.165,1,baseline,0,"{""close"": 5.172, ""rsi"": 44.276539794022376, ""rsi7"": 43.86071841910507, ""macd"": -0.0019331390087591492, ""adx"": 15.715129235541548, ""stoch_k"": 29.979360165119186, ""stoch_d"": 20.149167981985368, ""mss"": 0.0, ""sfp"": 0.0, ""vr"": 0.9224241745123237, ""hurst"": 0.40837477277145534, ""atr14"": 0.009307566924068861, ""vol_sma20"": 3984.0229999999997, ""vol_ratio"": 0.3265141792605113, ""atr_pct"": 0.0017996069072058897, ""retest_entry"": true}"
شبكة,grid,grid,FILUSDT,عرضي,,0,8325,8399,2024-09-06T18:45:00+00:00,2024-09-06T19:59:00+00:00,74,-0.025143345742003633,-25.143345742003632,1000.0,نهاية-الحالة,0,False,True,,False,,,,,1,baseline,0,
افتتاح-سوق,market_open,market_open,FILUSDT,صاعد,London-Expansion,1,96,97,2024-09-01T08:00:00+00:00,2024-09-01T08:05:00+00:00,1,-0.004308223895793279,-0.08616447791586558,20.0,وقف-افتتاح,0,False,True,,False,3.4980491,3.497,0.0003,3.491,1,baseline,96,"""{\""session\"": \""London\"", \""pre_high\"": 3.492, \""pre_low\"": 3.459, \""tf\"": \""5min\""}"""
افتتاح-سوق,market_open,market_open,FILUSDT,صاعد,NewYork-Expansion,1,1034,1034,2024-09-04T14:10:00+00:00,2024-09-04T14:10:00+00:00,0,-0.003487726802259389,-0.06975453604518778,20.0,وقف-افتتاح,0,False,True,,False,3.3600076999999997,3.359,0.0003,3.356,1,baseline,1034,"""{\""session\"": \""NewYork\"", \""pre_high\"": 3.356, \""pre_low\"": 3.313, \""tf\"": \""5min\""}"""
افتتاح-سوق,market_open,market_open,FILUSDT,صاعد,London-Expansion,1,1238,1240,2024-09-05T07:10:00+00:00,2024-09-05T07:20:00+00:00,2,0.000603910635514001,0.01207821271028002,20.0,تتبع-افتتاح,0,True,True,,False,3.3720113,3.371,0.0003,3.3818181047167624,1,baseline,1238,"""{\""session\"": \""London\"", \""pre_high\"": 3.367, \""pre_low\"": 3.321, \""tf\"": \""5min\""}"""
افتتاح-سوق,market_open,market_open,FILUSDT,صاعد,NewYork-Expansion,1,1902,1902,2024-09-07T14:30:00+00:00,2024-09-07T14:30:00+00:00,0,-0.0031930995965753677,-0.06386199193150735,20.0,وقف-افتتاح,0,False,True,,False,3.3470038,3.346,0.0003,3.344,1,baseline,1902,"""{\""session\"": \""NewYork\"", \""pre_high\"": 3.344, \""pre_low\"": 3.329, \""tf\"": \""5min\""}"""
افتتاح-سوق,market_open,market_open,FILUSDT,صاعد,London-Expansion,1,2102,2103,2024-09-08T07:10:00+00:00,2024-09-08T07:15:00+00:00,1,-0.0008310871449980162,-0.016621742899960323,20.0,تتبع-افتتاح,0,False,True,symbol_collision,True,3.3900167,3.389,0.0003,3.395,1,baseline,2102,"""{\""session\"": \""London\"", \""pre_high\"": 3.385, \""pre_low\"": 3.374, \""tf\"": \""5min\""}"""
افتتاح-سوق,market_open,market_open,FILUSDT,صاعد,Asia-Expansion,1,2316,2319,2024-09-09T01:00:00+00:00,2024-09-09T01:15:00+00:00,3,-0.004051287578827584,-0.08102575157655167,20.0,وقف-افتتاح,0,False,True,symbol_collision,True,3.4300287,3.429,0.0003,3.424,1,baseline,2316,"""{\""session\"": \""Asia\"", \""pre_high\"": 3.424, \""pre_low\"": 3.383, \""tf\"": \""5min\""}"""
افتتاح-سوق,market_open,market_open,FILUSDT,صاعد,London-Expansion,1,2681,2681,2024-09-10T07:25:00+00:00,2024-09-10T07:25:00+00:00,0,-0.003704533522545136,-0.07409067045090272,20.0,وقف-افتتاح,0,False,True,symbol_collision,True,3.6030805999999997,3.602,0.0003,3.598,1,baseline,2681,"""{\""session\"": \""London\"", \""pre_high\"": 3.598, \""pre_low\"": 3.575, \""tf\"": \""5min\""}"""
افتتاح-سوق,market_open,market_open,FILUSDT,صاعد,London-Expansion,1,2975,2975,2024-09-11T07:55:00+00:00,2024-09-11T07:55:00+00:00,0,-0.002596923220735966,-0.05193846441471932,20.0,وقف-افتتاح,0,False,True,,False,3.581074,3.58,0.0003,3.58,1,baseline,2975,"""{\""session\"": \""London\"", \""pre_high\"": 3.58, \""pre_low\"": 3.537, \""tf\"": \""5min\""}"""
افتتاح-سوق,market_open,market_open,FILUSDT,صاعد,Asia-Expansion,1,3176,3176,2024-09-12T00:40:00+00:00,2024-09-12T00:40:00+00:00,0,-0.0034246436164033314,-0.06849287232806663,20.0,وقف-افتتاح,0,False,True,,False,3.6160845,3.615,0.0003,3.612,1,baseline,3176,"""{\""session\"": \""Asia\"", \""pre_high\"": 3.612, \""pre_low\"": 3.594, \""tf\"": \""5min\""}"""
افتتاح-سوق,market_open,market_open,FILUSDT,صاعد,NewYork-Expansion,1,3331,3331,2024-09-12T13:35:00+00:00,2024-09-12T13:35:00+00:00,0,-0.002596923220735855,-0.0519384644147171,20.0,تتبع-افتتاح,0,False,True,,False,3.6260874999999997,3.625,0.0003,3.625,1,baseline,3331,"""{\""session\"": \""NewYork\"", \""pre_high\"": 3.621, \""pre_low\"": 3.577, \""tf\"": \""5min\""}"""
افتتاح-سوق,market_open,market_open,FILUSDT,صاعد,NewYork-Expansion,1,3622,3622,2024-09-13T13:50:00+00:00,2024-09-13T13:50:00+00:00,0,-0.004226666810244499,-0.08453333620488998,20.0,وقف-افتتاح,0,False,True,symbol_collision,True,3.6731016,3.672,0.0003,3.666,1,baseline,3622,"""{\""session\"": \""NewYork\"", \""pre_high\"": 3.666, \""pre_low\"": 3.626, \""tf\"": \""5min\""}"""
افتتاح-سوق,market_open,market_open,FILUSDT,صاعد,NewYork-Expansion,1,3918,3923,2024-09-14T14:30:00+00:00,2024-09-14T14:55:00+00:00,5,-0.0011183591686318736,-0.022367183372637472,20.0,تتبع-افتتاح,0,False,True,,False,3.6841049,3.683,0.0003,3.688459729903264,1,baseline,3918,"""{\""session\"": \""NewYork\"", \""pre_high\"": 3.677, \""pre_low\"": 3.655, \""tf\"": \""5min\""}"""
افتتاح-سوق,market_open,market_open,FILUSDT,صاعد,Asia-Expansion,1,4040,4040,2024-09-15T00:40:00+00:00,2024-09-15T00:40:00+00:00,0,-0.002869065942913051,-0.05738131885826102,20.0,وقف-افتتاح,0,False,True,,False,3.6660995,3.665,0.0003,3.664,1,baseline,4040,"""{\""session\"": \""Asia\"", \""pre_high\"": 3.664, \""pre_low\"": 3.654, \""tf\"": \""5min\""}"""
افتتاح-سوق,market_open,market_open,FILUSDT,صاعد,London-Expansion,1,4414,4416,2024-09-16T07:50:00+00:00,2024-09-16T08:00:00+00:00,2,-0.0040353470407233005,-0.08070694081446601,20.0,وقف-افتتاح,0,False,True,,False,3.4680401,3.467,0.0003,3.462,1,baseline,4414,"""{\""session\"": \""London\"", \""pre_high\"": 3.462, \""pre_low\"": 3.439, \""tf\"": \""5min\""}"""
افتتاح-سوق,market_open,market_open,FILUSDT,صاعد,London-Expansion,1,4986,4986,2024-09-18T07:30:00+00:00,2024-09-18T07:30:00+00:00,0,-0.002596923220735966,-0.05193846441471932,20.0,وقف-افتتاح,0,False,True,symbol_collision,True,3.4980491,3.497,0.0003,3.497,1,baseline,4986,"""{\""session\"": \""London\"", \""pre_high\"": 3.497, \""pre_low\"": 3.48, \""tf\"": \""5min\""}"""
افتتاح-سوق,market_open,market_open,FILUSDT,صاعد,London-Expansion,1,5272,5275,2024-09-19T07:20:00+00:00,2024-09-19T07:35:00+00:00,3,-0.003956894691664842,-0.07913789383329684,20.0,وقف-افتتاح,0,False,True,symbol_collision,True,3.6681000999999998,3.667,0.0003,3.662,1,baseline,5272,"""{\""session\"": \""London\"", \""pre_high\"": 3.662, \""pre_low\"": 3.638, \""tf\"": \""5min\""}"""
افتتاح-سوق,market_open,market_open,FILUSDT,صاعد,NewYork-Expansion,1,5352,5353,2024-09-19T14:00:00+00:00,2024-09-19T14:05:00+00:00,1,-0.0039469544562248824,-0.07893908912449765,20.0,وقف-افتتاح,0,False,True,symbol_collision,True,3.6951082,3.694,0.0003,3.689,1,baseline,5352,"""{\""session\"": \""NewYork\"", \""pre_high\"": 3.689, \""pre_low\"": 3.666, \""tf\"": \""5min\""}"""
افتتاح-سوق,market_open,market_open,FILUSDT,صاعد,London-Expansion,1,5854,5859,2024-09-21T07:50:00+00:00,2024-09-21T08:15:00+00:00,5,-0.004716802236207216,-0.09433604472414432,20.0,وقف-افتتاح,0,False,True,,False,3.7651291999999996,3.764,0.0003,3.756,1,baseline,5854,"""{\""session\"": \""London\"", \""pre_high\"": 3.756, \""pre_low\"": 3.728, \""tf\"": \""5min\""}"""
افتتاح-سوق,market_open,market_open,FILUSDT,صاعد,NewYork-Expansion,1,5923,5923,2024-09-21T13:35:00+00:00,2024-09-21T13:35:00+00:00,0,-0.002858915098009157,-0.057178301960183135,20.0,وقف-افتتاح,0,False,True,,False,3.8081421,3.807,0.0003,3.806,1,baseline,5923,"""{\""session\"": \""NewYork\"", \""pre_high\"": 3.806, \""pre_low\"": 3.765, \""tf\"": \""5min\""}"""
افتتاح-سوق,market_open,market_open,FILUSDT,صاعد,NewYork-Expansion,1,6502,6502,2024-09-23T13:50:00+00:00,2024-09-23T13:50:00+00:00,0,-0.004460232945169984,-0.08920465890339968,20.0,وقف-افتتاح,0,False,True,,False,3.7481240999999996,3.747,0.0003,3.74,1,baseline,6502,"""{\""session\"": \""NewYork\"", \""pre_high\"": 3.74, \""pre_low\"": 3.698, \""tf\"": \""5min\""}"""
افتتاح-سوق,market_open,market_open,FILUSDT,صاعد,Asia-Expansion,1,6631,6631,2024-09-24T00:35:00+00:00,2024-09-24T00:35:00+00:00,0,-0.0033895614274478177,-0.06779122854895636,20.0,وقف-افتتاح,0,False,True,,False,3.7761324999999997,3.775,0.0003,3.772,1,baseline,6631,"""{\""session\"": \""Asia\"", \""pre_high\"": 3.772, \""pre_low\"": 3.741, \""tf\"": \""5min\""}"""
افتتاح-سوق,market_open,market_open,FILUSDT,صاعد,NewYork-Expansion,1,7082,7082,2024-09-25T14:10:00+00:00,2024-09-25T14:10:00+00:00,0,-0.004622107132978116,-0.09244214265956231,20.0,وقف-افتتاح,0,False,True,symbol_collision,True,3.941182,3.94,0.0003,3.932,1,baseline,7082,"""{\""session\"": \""NewYork\"", \""pre_high\"": 3.932, \""pre_low\"": 3.905, \""tf\"": \""5min\""}"""
افتتاح-سوق,market_open,market_open,FILUSDT,صاعد,NewYork-Expansion,1,7946,7949,2024-09-28T14:10:00+00:00,2024-09-28T14:25:00+00:00,3,0.00032729786925966023,0.006545957385193204,20.0,تتبع-افتتاح,0,True,True,,False,4.0942279,4.093,0.0003,4.105,1,baseline,7946,"""{\""session\"": \""NewYork\"", \""pre_high\"": 4.09, \""pre_low\"": 4.054, \""tf\"": \""5min\""}"""
افتتاح-سوق,market_open,market_open,FILUSDT,صاعد,Asia-Expansion,1,8068,8070,2024-09-29T00:20:00+00:00,2024-09-29T00:30:00+00:00,2,-0.004041039644644238,-0.08082079289288475,20.0,وقف-افتتاح,0,False,True,,False,4.1452432,4.144,0.0003,4.138,1,baseline,8068,"""{\""session\"": \""Asia\"", \""pre_high\"": 4.138, \""pre_low\"": 4.115, \""tf\"": \""5min\""}"""
افتتاح-سوق,market_open,market_open,FILUSDT,صاعد,Asia-Expansion,1,8646,8646,2024-10-01T00:30:00+00:00,2024-10-01T00:30:00+00:00,0,-0.0038939363244801114,-0.07787872648960223,20.0,وقف-افتتاح,0,False,True,,False,3.8461535000000002,3.845,0.0003,3.84,1,baseline,8646,"""{\""session\"": \""Asia\"", \""pre_high\"": 3.84, \""pre_low\"": 3.779, \""tf\"": \""5min\""}"""
افتتاح-سوق,market_open,market_open,FILUSDT,صاعد,NewYork-Expansion,1,9095,9095,2024-10-02T13:55:00+00:00,2024-10-02T13:55:00+00:00,0,-0.003980667777865858,-0.07961335555731716,20.0,وقف-افتتاح,0,False,True,,False,3.6050812,3.604,0.0003,3.599,1,baseline,9095,"""{\""session\"": \""NewYork\"", \""pre_high\"": 3.599, \""pre_low\"": 3.55, \""tf\"": \""5min\""}"""
افتتاح-سوق,market_open,market_open,FILUSDT,صاعد,Asia-Expansion,1,9794,9796,2024-10-05T00:10:00+00:00,2024-10-05T00:20:00+00:00,2,-0.0034160333303273516,-0.06832066660654704,20.0,وقف-افتتاح,0,False,True,symbol_collision,True,3.6540958999999997,3.653,0.0003,3.65,1,baseline,9794,"""{\""session\"": \""Asia\"", \""pre_high\"": 3.65, \""pre_low\"": 3.624, \""tf\"": \""5min\""}"""
افتتاح-سوق,market_open,market_open,FILUSDT,صاعد,NewYork-Expansion,1,10253,10254,2024-10-06T14:25:00+00:00,2024-10-06T14:30:00+00:00,1,-0.0008040858879553594,-0.01608171775910719,20.0,تتبع-افتتاح,0,False,True,symbol_collision,True,3.6891064,3.688,0.0003,3.694629199605686,1,baseline,10253,"""{\""session\"": \""NewYork\"", \""pre_high\"": 3.683, \""pre_low\"": 3.663, \""tf\"": \""5min\""}"""
افتتاح-سوق,market_open,market_open,FILUSDT,صاعد,Asia-Expansion,1,10369,10369,2024-10-07T00:05:00+00:00,2024-10-07T00:05:00+00:00,0,-0.0034045370480876003,-0.06809074096175201,20.0,وقف-افتتاح,0,False,True,symbol_collision,True,3.7061115,3.705,0.0003,3.702,1,baseline,10369,"""{\""session\"": \""Asia\"", \""pre_high\"": 3.702, \""pre_low\"": 3.679, \""tf\"": \""5min\""}"""
افتتاح-سوق,market_open,market_open,FILUSDT,صاعد,NewYork-Expansion,1,10824,10825,2024-10-08T14:00:00+00:00,2024-10-08T14:05:00+00:00,1,-0.0044697294271347525,-0.08939458854269505,20.0,وقف-افتتاح,0,False,True,,False,3.7291184,3.728,0.0003,3.721,1,baseline,10824,"""{\""session\"": \""NewYork\"", \""pre_high\"": 3.721, \""pre_low\"": 3.392, \""tf\"": \""5min\""}"""
افتتاح-سوق,market_open,market_open,FILUSDT,صاعد,Asia-Expansion,1,10950,10950,2024-10-09T00:30:00+00:00,2024-10-09T00:30:00+00:00,0,-0.0034194106397402815,-0.06838821279480563,20.0,وقف-افتتاح,0,False,True,,False,3.6390914,3.638,0.0003,3.635,1,baseline,10950,"""{\""session\"": \""Asia\"", \""pre_high\"": 3.635, \""pre_low\"": 3.608, \""tf\"": \""5min\""}"""
افتتاح-سوق,market_open,market_open,FILUSDT,صاعد,Asia-Expansion,1,11523,11523,2024-10-11T00:15:00+00:00,2024-10-11T00:15:00+00:00,0,-0.003159950642005728,-0.06319901284011456,20.0,وقف-افتتاح,0,False,True,symbol_collision,True,3.5440629,3.543,0.0003,3.541,1,baseline,11523,"""{\""session\"": \""Asia\"", \""pre_high\"": 3.541, \""pre_low\"": 3.524, \""tf\"": \""5min\""}"""
افتتاح-سوق,market_open,market_open,FILUSDT,صاعد,NewYork-Expansion,1,11683,11683,2024-10-11T13:35:00+00:00,2024-10-11T13:35:00+00:00,0,-0.004282674899799414,-0.08565349799598829,20.0,وقف-افتتاح,0,False,True,symbol_collision,True,3.551065,3.55,0.0003,3.544,1,baseline,11683,"""{\""session\"": \""NewYork\"", \""pre_high\"": 3.544, \""pre_low\"": 3.527, \""tf\"": \""5min\""}"""
افتتاح-سوق,market_open,market_open,FILUSDT,صاعد,Asia-Expansion,1,11813,11815,2024-10-12T00:25:00+00:00,2024-10-12T00:35:00+00:00,2,-0.003427169955013835,-0.0685433991002767,20.0,وقف-افتتاح,0,False,True,symbol_collision,True,3.6050812,3.604,0.0003,3.601,1,baseline,11813,"""{\""session\"": \""Asia\"", \""pre_high\"": 3.601, \""pre_low\"": 3.573, \""tf\"": \""5min\""}"""
افتتاح-سوق,market_open,market_open,FILUSDT,صاعد,NewYork-Expansion,1,11978,11978,2024-10-12T14:10:00+00:00,2024-10-12T14:10:00+00:00,0,-0.002870784581740596,-0.05741569163481192,20.0,وقف-افتتاح,0,False,True,symbol_collision,True,3.6430925999999997,3.642,0.0003,3.641,1,baseline,11978,"""{\""session\"": \""NewYork\"", \""pre_high\"": 3.641, \""pre_low\"": 3.621, \""tf\"": \""5min\""}"""
افتتاح-سوق,market_open,market_open,FILUSDT,صاعد,NewYork-Expansion,1,12262,12262,2024-10-13T13:50:00+00:00,2024-10-13T13:50:00+00:00,0,-0.003153820527703664,-0.06307641055407329,20.0,وقف-افتتاح,0,False,True,,False,3.5830745999999998,3.582,0.0003,3.58,1,baseline,12262,"""{\""session\"": \""NewYork\"", \""pre_high\"": 3.58, \""pre_low\"": 3.555, \""tf\"": \""5min\""}"""
افتتاح-سوق,market_open,market_open,FILUSDT,صاعد,NewYork-Expansion,1,12550,12550,2024-10-14T13:50:00+00:00,2024-10-14T13:50:00+00:00,0,-0.004214770871634922,-0.08429541743269844,20.0,وقف-افتتاح,0,False,True,symbol_collision,True,3.7001096999999996,3.699,0.0003,3.693,1,baseline,12550,"""{\""session\"": \""NewYork\"", \""pre_high\"": 3.693, \""pre_low\"": 3.658, \""tf\"": \""5min\""}"""
افتتاح-سوق,market_open,market_open,FILUSDT,صاعد,London-Expansion,1,12758,12758,2024-10-15T07:10:00+00:00,2024-10-15T07:10:00+00:00,0,-0.0031151893037597357,-0.06230378607519471,20.0,وقف-افتتاح,0,False,True,symbol_collision,True,3.8501547,3.849,0.0003,3.847,1,baseline,12758,"""{\""session\"": \""London\"", \""pre_high\"": 3.847, \""pre_low\"": 3.807, \""tf\"": \""5min\""}"""
افتتاح-سوق,market_open,market_open,FILUSDT,صاعد,NewYork-Expansion,1,12837,12838,2024-10-15T13:45:00+00:00,2024-10-15T13:50:00+00:00,1,0.0013144613940844006,0.026289227881688013,20.0,تتبع-افتتاح,0,True,True,,False,3.8261475000000003,3.825,0.0003,3.84,1,baseline,12837,"""{\""session\"": \""NewYork\"", \""pre_high\"": 3.819, \""pre_low\"": 3.775, \""tf\"": \""5min\""}"""
افتتاح-سوق,market_open,market_open,FILUSDT,صاعد,Asia-Expansion,1,12961,12961,2024-10-16T00:05:00+00:00,2024-10-16T00:05:00+00:00,0,-0.002858915098009157,-0.057178301960183135,20.0,وقف-افتتاح,0,False,True,,False,3.8081421,3.807,0.0003,3.806,1,baseline,12961,"""{\""session\"": \""Asia\"", \""pre_high\"": 3.806, \""pre_low\"": 3.758, \""tf\"": \""5min\""}"""
افتتاح-سوق,market_open,market_open,FILUSDT,صاعد,London-Expansion,1,13621,13621,2024-10-18T07:05:00+00:00,2024-10-18T07:05:00+00:00,0,-0.002865403187567385,-0.0573080637513477,20.0,وقف-افتتاح,0,False,True,,False,3.7161144999999998,3.715,0.0003,3.714,1,baseline,13621,"""{\""session\"": \""London\"", \""pre_high\"": 3.714, \""pre_low\"": 3.688, \""tf\"": \""5min\""}"""
افتتاح-سوق,market_open,market_open,FILUSDT,صاعد,NewYork-Expansion,1,13703,13705,2024-10-18T13:55:00+00:00,2024-10-18T14:05:00+00:00,2,0.0017466938800990608,0.03493387760198122,20.0,تتبع-افتتاح,0,True,True,,False,3.6751022,3.674,0.0003,3.69,1,baseline,13703,"""{\""session\"": \""NewYork\"", \""pre_high\"": 3.668, \""pre_low\"": 3.646, \""tf\"": \""5min\""}"""
افتتاح-سوق,market_open,market_open,FILUSDT,صاعد,Asia-Expansion,1,13827,13827,2024-10-19T00:15:00+00:00,2024-10-19T00:15:00+00:00,0,-0.003387676188584031,-0.06775352377168062,20.0,وقف-افتتاح,0,False,True,symbol_collision,True,3.7851351999999996,3.784,0.0003,3.781,1,baseline,13827,"""{\""session\"": \""Asia\"", \""pre_high\"": 3.781, \""pre_low\"": 3.757, \""tf\"": \""5min\""}"""
افتتاح-سوق,market_open,market_open,FILUSDT,صاعد,NewYork-Expansion,1,13998,13998,2024-10-19T14:30:00+00:00,2024-10-19T14:30:00+00:00,0,-0.003129581739710167,-0.06259163479420334,20.0,وقف-افتتاح,0,False,True,,False,3.7461235,3.745,0.0003,3.743,1,baseline,13998,"""{\""session\"": \""NewYork\"", \""pre_high\"": 3.743, \""pre_low\"": 3.725, \""tf\"": \""5min\""}"""
افتتاح-سوق,market_open,market_open,FILUSDT,صاعد,Asia-Expansion,1,14116,14116,2024-10-20T00:20:00+00:00,2024-10-20T00:20:00+00:00,0,-0.003914148625885459,-0.07828297251770919,20.0,وقف-افتتاح,0,False,True,symbol_collision,True,3.7871357999999997,3.786,0.0003,3.781,1,baseline,14116,"""{\""session\"": \""Asia\"", \""pre_high\"": 3.781, \""pre_low\"": 3.76, \""tf\"": \""5min\""}"""
افتتاح-سوق,market_open,market_open,FILUSDT,صاعد,Asia-Expansion,1,14401,14401,2024-10-21T00:05:00+00:00,2024-10-21T00:05:00+00:00,0,-0.003096749367956877,-0.061934987359137536,20.0,وقف-افتتاح,0,False,True,symbol_collision,True,3.9921973,3.991,0.0003,3.989,1,baseline,14401,"""{\""session\"": \""Asia\"", \""pre_high\"": 3.989, \""pre_low\"": 3.961, \""tf\"": \""5min\""}"""
افتتاح-سوق,market_open,market_open,FILUSDT,صاعد,NewYork-Expansion,1,15150,15152,2024-10-23T14:30:00+00:00,2024-10-23T14:40:00+00:00,2,-0.003667098195820955,-0.0733419639164191,20.0,وقف-افتتاح,0,False,True,,False,3.7291184,3.728,0.0003,3.724,1,baseline,15150,"""{\""session\"": \""NewYork\"", \""pre_high\"": 3.724, \""pre_low\"": 3.693, \""tf\"": \""5min\""}"""
افتتاح-سوق,market_open,market_open,FILUSDT,صاعد,NewYork-Expansion,1,15429,15429,2024-10-24T13:45:00+00:00,2024-10-24T13:45:00+00:00,0,-0.0028654754761961256,-0.05730950952392251,20.0,وقف-افتتاح,0,False,True,,False,3.7151142,3.714,0.0003,3.713,1,baseline,15429,"""{\""session\"": \""NewYork\"", \""pre_high\"": 3.713, \""pre_low\"": 3.69, \""tf\"": \""5min\""}"""
افتتاح-سوق,market_open,market_open,FILUSDT,صاعد,Asia-Expansion,1,15553,15554,2024-10-25T00:05:00+00:00,2024-10-25T00:10:00+00:00,1,-0.004194898777658569,-0.08389797555317138,20.0,وقف-افتتاح,0,False,True,symbol_collision,True,3.7461235,3.745,0.0003,3.739,1,baseline,15553,"""{\""session\"": \""Asia\"", \""pre_high\"": 3.739, \""pre_low\"": 3.719, \""tf\"": \""5min\""}"""
افتتاح-سوق,market_open,market_open,FILUSDT,صاعد,Asia-Expansion,1,16133,16136,2024-10-27T00:25:00+00:00,2024-10-27T00:40:00+00:00,3,-0.004317572576881948,-0.08635145153763896,20.0,وقف-افتتاح,0,False,True,,False,3.4790434,3.478,0.0003,3.472,1,baseline,16133,"""{\""session\"": \""Asia\"", \""pre_high\"": 3.472, \""pre_low\"": 3.456, \""tf\"": \""5min\""}"""
افتتاح-سوق,market_open,market_open,FILUSDT,صاعد,London-Expansion,1,16225,16225,2024-10-27T08:05:00+00:00,2024-10-27T08:05:00+00:00,0,-0.002882384891251105,-0.057647697825022104,20.0,وقف-افتتاح,0,False,True,symbol_collision,True,3.4950482000000003,3.494,0.0003,3.493,1,baseline,16225,"""{\""session\"": \""London\"", \""pre_high\"": 3.493, \""pre_low\"": 3.477, \""tf\"": \""5min\""}"""
افتتاح-سوق,market_open,market_open,FILUSDT,صاعد,London-Expansion,1,16518,16518,2024-10-28T08:30:00+00:00,2024-10-28T08:30:00+00:00,0,-0.003154754919158428,-0.06309509838316855,20.0,وقف-افتتاح,0,False,True,,False,3.5770728,3.576,0.0003,3.574,1,baseline,16518,"""{\""session\"": \""London\"", \""pre_high\"": 3.574, \""pre_low\"": 3.523, \""tf\"": \""5min\""}"""
افتتاح-سوق,market_open,market_open,FILUSDT,صاعد,NewYork-Expansion,1,16868,16868,2024-10-29T13:40:00+00:00,2024-10-29T13:40:00+00:00,0,-0.003417156014139956,-0.06834312028279912,20.0,وقف-افتتاح,0,False,True,symbol_collision,True,3.6490944,3.648,0.0003,3.645,1,baseline,16868,"""{\""session\"": \""NewYork\"", \""pre_high\"": 3.645, \""pre_low\"": 3.631, \""tf\"": \""5min\""}"""
افتتاح-سوق,market_open,market_open,FILUSDT,صاعد,Asia-Expansion,1,16993,16994,2024-10-30T00:05:00+00:00,2024-10-30T00:10:00+00:00,1,-0.0036699765577765534,-0.07339953115553106,20.0,وقف-افتتاح,0,False,True,symbol_collision,True,3.7191153999999997,3.718,0.0003,3.714,1,baseline,16993,"""{\""session\"": \""Asia\"", \""pre_high\"": 3.714, \""pre_low\"": 3.693, \""tf\"": \""5min\""}"""
افتتاح-سوق,market_open,market_open,FILUSDT,صاعد,NewYork-Expansion,1,17159,17160,2024-10-30T13:55:00+00:00,2024-10-30T14:00:00+00:00,1,0.0003484281469344321,0.006968562938688642,20.0,تتبع-افتتاح,0,True,True,symbol_collision,True,3.7261175,3.725,0.0003,3.736,1,baseline,17159,"""{\""session\"": \""NewYork\"", \""pre_high\"": 3.722, \""pre_low\"": 3.688, \""tf\"": \""5min\""}"""
افتتاح-سوق,market_open,market_open,FILUSDT,صاعد,London-Expansion,1,17673,17673,2024-11-01T08:45:00+00:00,2024-11-01T08:45:00+00:00,0,-0.0031670307238964557,-0.06334061447792912,20.0,وقف-افتتاح,0,False,True,,False,3.5000497,3.499,0.0003,3.497,1,baseline,17673,"""{\""session\"": \""London\"", \""pre_high\"": 3.497, \""pre_low\"": 3.455, \""tf\"": \""5min\""}"""
افتتاح-سوق,market_open,market_open,FILUSDT,صاعد,NewYork-Expansion,1,17731,17731,2024-11-01T13:35:00+00:00,2024-11-01T13:35:00+00:00,0,-0.002596923220735855,-0.0519384644147171,20.0,تتبع-افتتاح,0,False,True,,False,3.5410619999999997,3.54,0.0003,3.54,1,baseline,17731,"""{\""session\"": \""NewYork\"", \""pre_high\"": 3.533, \""pre_low\"": 3.493, \""tf\"": \""5min\""}"""
افتتاح-سوق,market_open,market_open,FILUSDT,صاعد,Asia-Expansion,1,17857,17860,2024-11-02T00:05:00+00:00,2024-11-02T00:20:00+00:00,3,-0.0008762738645899845,-0.01752547729179969,20.0,تتبع-افتتاح,0,False,True,,False,3.4790434,3.478,0.0003,3.484,1,baseline,17857,"""{\""session\"": \""Asia\"", \""pre_high\"": 3.472, \""pre_low\"": 3.449, \""tf\"": \""5min\""}"""
افتتاح-سوق,market_open,market_open,FILUSDT,صاعد,London-Expansion,1,17953,17953,2024-11-02T08:05:00+00:00,2024-11-02T08:05:00+00:00,0,-0.0028827939793427343,-0.05765587958685468,20.0,وقف-افتتاح,0,False,True,,False,3.4900466999999997,3.489,0.0003,3.488,1,baseline,17953,"""{\""session\"": \""London\"", \""pre_high\"": 3.488, \""pre_low\"": 3.465, \""tf\"": \""5min\""}"""
افتتاح-سوق,market_open,market_open,FILUSDT,صاعد,Asia-Expansion,1,19012,19012,2024-11-06T00:20:00+00:00,2024-11-06T00:20:00+00:00,0,-0.00318173886235387,-0.0636347772470774,20.0,وقف-افتتاح,0,False,True,symbol_collision,True,3.4120233,3.411,0.0003,3.409,1,baseline,19012,"""{\""session\"": \""Asia\"", \""pre_high\"": 3.409, \""pre_low\"": 3.387, \""tf\"": \""5min\""}"""
افتتاح-سوق,market_open,market_open,FILUSDT,صاعد,London-Expansion,1,19393,19395,2024-11-07T08:05:00+00:00,2024-11-07T08:15:00+00:00,2,-0.0031307220308934335,-0.06261444061786867,20.0,وقف-افتتاح,0,False,True,symbol_collision,True,3.7381211,3.737,0.0003,3.735,1,baseline,19393,"""{\""session\"": \""London\"", \""pre_high\"": 3.735, \""pre_low\"": 3.718, \""tf\"": \""5min\""}"""
افتتاح-سوق,market_open,market_open,FILUSDT,صاعد,NewYork-Expansion,1,19478,19478,2024-11-07T15:10:00+00:00,2024-11-07T15:10:00+00:00,0,-0.003400632388164646,-0.06801264776329292,20.0,وقف-افتتاح,0,False,True,,False,3.7241169,3.723,0.0003,3.72,1,baseline,19478,"""{\""session\"": \""NewYork\"", \""pre_high\"": 3.72, \""pre_low\"": 3.681, \""tf\"": \""5min\""}"""
افتتاح-سوق,market_open,market_open,FILUSDT,صاعد,Asia-Expansion,1,19585,19585,2024-11-08T00:05:00+00:00,2024-11-08T00:05:00+00:00,0,-0.003914496637881636,-0.07828993275763273,20.0,وقف-افتتاح,0,False,True,,False,3.7861355,3.785,0.0003,3.78,1,baseline,19585,"""{\""session\"": \""Asia\"", \""pre_high\"": 3.78, \""pre_low\"": 3.74, \""tf\"": \""5min\""}"""
افتتاح-سوق,market_open,market_open,FILUSDT,صاعد,NewYork-Expansion,1,19759,19759,2024-11-08T14:35:00+00:00,2024-11-08T14:35:00+00:00,0,-0.003874662237875652,-0.07749324475751304,20.0,وقف-افتتاح,0,False,True,symbol_collision,True,3.9041709,3.903,0.0003,3.898,1,baseline,19759,"""{\""session\"": \""NewYork\"", \""pre_high\"": 3.898, \""pre_low\"": 3.743, \""tf\"": \""5min\""}"""
افتتاح-سوق,market_open,market_open,FILUSDT,صاعد,London-Expansion,1,19972,19973,2024-11-09T08:20:00+00:00,2024-11-09T08:25:00+00:00,1,-0.0018302798104520657,-0.036605596209041316,20.0,تتبع-افتتاح,0,False,True,symbol_collision,True,3.9041709,3.903,0.0003,3.906,1,baseline,19972,"""{\""session\"": \""London\"", \""pre_high\"": 3.898, \""pre_low\"": 3.86, \""tf\"": \""5min\""}"""
افتتاح-سوق,market_open,market_open,FILUSDT,صاعد,London-Expansion,1,20266,20266,2024-11-10T08:50:00+00:00,2024-11-10T08:50:00+00:00,0,-0.003562463469312124,-0.07124926938624249,20.0,وقف-افتتاح,0,False,True,symbol_collision,True,4.1332396,4.132,0.0003,4.128,1,baseline,20266,"""{\""session\"": \""London\"", \""pre_high\"": 4.128, \""pre_low\"": 4.086, \""tf\"": \""5min\""}"""
افتتاح-سوق,market_open,market_open,FILUSDT,صاعد,London-Expansion,1,20546,20546,2024-11-11T08:10:00+00:00,2024-11-11T08:10:00+00:00,0,-0.003311054301962098,-0.06622108603924196,20.0,وقف-افتتاح,0,False,True,,False,4.191257,4.19,0.0003,4.187,1,baseline,20546,"""{\""session\"": \""London\"", \""pre_high\"": 4.187, \""pre_low\"": 4.127, \""tf\"": \""5min\""}"""
افتتاح-سوق,market_open,market_open,FILUSDT,صاعد,NewYork-Expansion,1,20627,20627,2024-11-11T14:55:00+00:00,2024-11-11T14:55:00+00:00,0,-0.004498096586052531,-0.08996193172105063,20.0,وقف-افتتاح,0,False,True,,False,4.1982591,4.197,0.0003,4.189,1,baseline,20627,"""{\""session\"": \""NewYork\"", \""pre_high\"": 4.189, \""pre_low\"": 4.12, \""tf\"": \""5min\""}"""
افتتاح-سوق,market_open,market_open,FILUSDT,صاعد,NewYork-Expansion,1,20915,20915,2024-11-12T14:55:00+00:00,2024-11-12T14:55:00+00:00,0,-0.0032957109905486053,-0.0659142198109721,20.0,وقف-افتتاح,0,False,True,,False,4.2832846,4.282,0.0003,4.279,1,baseline,20915,"""{\""session\"": \""NewYork\"", \""pre_high\"": 4.279, \""pre_low\"": 4.139, \""tf\"": \""5min\""}"""
افتتاح-سوق,market_open,market_open,FILUSDT,صاعد,London-Expansion,1,21127,21127,2024-11-13T08:35:00+00:00,2024-11-13T08:35:00+00:00,0,-0.004600746579408533,-0.09201493158817065,20.0,وقف-افتتاح,0,False,True,,False,3.9831946,3.982,0.0003,3.974,1,baseline,21127,"""{\""session\"": \""London\"", \""pre_high\"": 3.974, \""pre_low\"": 3.897, \""tf\"": \""5min\""}"""
افتتاح-سوق,market_open,market_open,FILUSDT,صاعد,Asia-Expansion,1,21318,21318,2024-11-14T00:30:00+00:00,2024-11-14T00:30:00+00:00,0,-0.003816242385502754,-0.07632484771005507,20.0,وقف-افتتاح,0,False,True,symbol_collision,True,4.091227,4.09,0.0003,4.085,1,baseline,21318,"""{\""session\"": \""Asia\"", \""pre_high\"": 4.085, \""pre_low\"": 4.016, \""tf\"": \""5min\""}"""
افتتاح-سوق,market_open,market_open,FILUSDT,صاعد,London-Expansion,1,21410,21410,2024-11-14T08:10:00+00:00,2024-11-14T08:10:00+00:00,0,-0.004527069474783826,-0.09054138949567651,20.0,وقف-افتتاح,0,False,True,,False,4.1352402,4.134,0.0003,4.126,1,baseline,21410,"""{\""session\"": \""London\"", \""pre_high\"": 4.126, \""pre_low\"": 4.042, \""tf\"": \""5min\""}"""
افتتاح-سوق,market_open,market_open,FILUSDT,صاعد,London-Expansion,1,21708,21708,2024-11-15T09:00:00+00:00,2024-11-15T09:00:00+00:00,0,-0.003612608634971417,-0.07225217269942834,20.0,وقف-افتتاح,0,False,True,,False,3.9291783999999996,3.928,0.0003,3.924,1,baseline,21708,"""{\""session\"": \""London\"", \""pre_high\"": 3.924, \""pre_low\"": 3.883, \""tf\"": \""5min\""}"""
افتتاح-سوق,market_open,market_open,FILUSDT,صاعد,Asia-Expansion,1,22184,22184,2024-11-17T00:40:00+00:00,2024-11-17T00:40:00+00:00,0,-0.0032175847495343668,-0.06435169499068734,20.0,وقف-افتتاح,0,False,True,symbol_collision,True,4.822446299999999,4.821,0.0003,4.818,1,baseline,22184,"""{\""session\"": \""Asia\"", \""pre_high\"": 4.818, \""pre_low\"": 4.709, \""tf\"": \""5min\""}"""
افتتاح-سوق,market_open,market_open,FILUSDT,صاعد,NewYork-Expansion,1,22934,22934,2024-11-19T15:10:00+00:00,2024-11-19T15:10:00+00:00,0,-0.004169405548991524,-0.08338811097983048,20.0,وقف-افتتاح,0,False,True,,False,4.441332,4.44,0.0003,4.433,1,baseline,22934,"""{\""session\"": \""NewYork\"", \""pre_high\"": 4.433, \""pre_low\"": 4.356, \""tf\"": \""5min\""}"""
افتتاح-سوق,market_open,market_open,FILUSDT,صاعد,Asia-Expansion,1,23331,23331,2024-11-21T00:15:00+00:00,2024-11-21T00:15:00+00:00,0,-0.003995151833043424,-0.07990303666086848,20.0,وقف-افتتاح,0,False,True,,False,4.281284,4.28,0.0003,4.274,1,baseline,23331,"""{\""session\"": \""Asia\"", \""pre_high\"": 4.274, \""pre_low\"": 4.23, \""tf\"": \""5min\""}"""
افتتاح-سوق,market_open,market_open,FILUSDT,صاعد,NewYork-Expansion,1,23792,23793,2024-11-22T14:40:00+00:00,2024-11-22T14:45:00+00:00,1,-0.0038964712035102905,-0.07792942407020581,20.0,وقف-افتتاح,0,False,True,,False,4.6063815,4.605,0.0003,4.599,1,baseline,23792,"""{\""session\"": \""NewYork\"", \""pre_high\"": 4.599, \""pre_low\"": 4.509, \""tf\"": \""5min\""}"""
افتتاح-سوق,market_open,market_open,FILUSDT,صاعد,Asia-Expansion,1,23914,23914,2024-11-23T00:50:00+00:00,2024-11-23T00:50:00+00:00,0,-0.0035997415163112638,-0.07199483032622528,20.0,وقف-افتتاح,0,False,True,symbol_collision,True,4.974491899999999,4.973,0.0003,4.968,1,baseline,23914,"""{\""session\"": \""Asia\"", \""pre_high\"": 4.968, \""pre_low\"": 4.767, \""tf\"": \""5min\""}"""
افتتاح-سوق,market_open,market_open,FILUSDT,صاعد,Asia-Expansion,1,24774,24774,2024-11-26T00:30:00+00:00,2024-11-26T00:30:00+00:00,0,-0.004744955690468847,-0.09489911380937695,20.0,وقف-افتتاح,0,False,True,,False,5.5736716,5.572,0.0003,5.56,1,baseline,24774,"""{\""session\"": \""Asia\"", \""pre_high\"": 5.56, \""pre_low\"": 5.435, \""tf\"": \""5min\""}"""
افتتاح-سوق,market_open,market_open,FILUSDT,صاعد,NewYork-Expansion,1,25237,25237,2024-11-27T15:05:00+00:00,2024-11-27T15:05:00+00:00,0,-0.0034906535762727884,-0.06981307152545577,20.0,وقف-افتتاح,0,False,True,symbol_collision,True,5.581674,5.58,0.0003,5.575,1,baseline,25237,"""{\""session\"": \""NewYork\"", \""pre_high\"": 5.575, \""pre_low\"": 5.454, \""tf\"": \""5min\""}"""
افتتاح-سوق,market_open,market_open,FILUSDT,صاعد,London-Expansion,1,26314,26314,2024-12-01T08:50:00+00:00,2024-12-01T08:50:00+00:00,0,-0.0033241053997817194,-0.06648210799563439,20.0,وقف-افتتاح,0,False,True,symbol_collision,True,6.8600574,6.858,0.0003,6.853,1,baseline,26314,"""{\""session\"": \""London\"", \""pre_high\"": 6.853, \""pre_low\"": 6.747, \""tf\"": \""5min\""}"""
افتتاح-سوق,market_open,market_open,FILUSDT,صاعد,London-Expansion,1,26882,26882,2024-12-03T08:10:00+00:00,2024-12-03T08:10:00+00:00,0,-0.004498549677893634,-0.08997099355787268,20.0,وقف-افتتاح,0,False,True,symbol_collision,True,7.345202899999999,7.343,0.0003,7.329,1,baseline,26882,"""{\""session\"": \""London\"", \""pre_high\"": 7.329, \""pre_low\"": 7.202, \""tf\"": \""5min\""}"""
افتتاح-سوق,market_open,market_open,FILUSDT,صاعد,London-Expansion,1,27748,27749,2024-12-06T08:20:00+00:00,2024-12-06T08:25:00+00:00,1,-0.001596393488543537,-0.03192786977087074,20.0,تتبع-افتتاح,0,False,True,,False,7.9773925,7.975,0.0003,7.983,1,baseline,27748,"""{\""session\"": \""London\"", \""pre_high\"": 7.965, \""pre_low\"": 7.884, \""tf\"": \""5min\""}"""
افتتاح-سوق,market_open,market_open,FILUSDT,صاعد,NewYork-Expansion,1,27826,27829,2024-12-06T14:50:00+00:00,2024-12-06T15:05:00+00:00,3,-0.0023447990860596154,-0.04689598172119231,20.0,تتبع-افتتاح,0,False,True,,False,7.914373599999999,7.912,0.0003,7.914,1,baseline,27826,"""{\""session\"": \""NewYork\"", \""pre_high\"": 7.891, \""pre_low\"": 7.654, \""tf\"": \""5min\""}"""
افتتاح-سوق,market_open,market_open,FILUSDT,صاعد,Asia-Expansion,1,28805,28814,2024-12-10T00:25:00+00:00,2024-12-10T01:10:00+00:00,9,-0.004960437620686738,-0.09920875241373475,20.0,وقف-افتتاح,0,False,True,,False,6.331899,6.33,0.0003,6.315,1,baseline,28805,"""{\""session\"": \""Asia\"", \""pre_high\"": 6.315, \""pre_low\"": 6.13, \""tf\"": \""5min\""}"""
افتتاح-سوق,market_open,market_open,FILUSDT,صاعد,London-Expansion,1,29189,29191,2024-12-11T08:25:00+00:00,2024-12-11T08:35:00+00:00,2,-0.000354848224764432,-0.00709696449528864,20.0,تتبع-افتتاح,0,False,True,,False,6.2298684,6.228,0.0003,6.242,1,baseline,29189,"""{\""session\"": \""London\"", \""pre_high\"": 6.218, \""pre_low\"": 6.11, \""tf\"": \""5min\""}"""
افتتاح-سوق,market_open,market_open,FILUSDT,صاعد,NewYork-Expansion,1,29266,29269,2024-12-11T14:50:00+00:00,2024-12-11T15:05:00+00:00,3,0.0030553839994865582,0.06110767998973116,20.0,تتبع-افتتاح,0,True,True,symbol_collision,True,6.530958699999999,6.529,0.0003,6.566,1,baseline,29266,"""{\""session\"": \""NewYork\"", \""pre_high\"": 6.525, \""pre_low\"": 6.384, \""tf\"": \""5min\""}"""
افتتاح-سوق,market_open,market_open,FILUSDT,صاعد,London-Expansion,1,29479,29479,2024-12-12T08:35:00+00:00,2024-12-12T08:35:00+00:00,0,-0.0030245649572425938,-0.06049129914485188,20.0,وقف-افتتاح,0,False,True,symbol_collision,True,6.9990991,6.997,0.0003,6.994,1,baseline,29479,"""{\""session\"": \""London\"", \""pre_high\"": 6.994, \""pre_low\"": 6.925, \""tf\"": \""5min\""}"""
افتتاح-سوق,market_open,market_open,FILUSDT,صاعد,Asia-Expansion,1,29665,29666,2024-12-13T00:05:00+00:00,2024-12-13T00:10:00+00:00,1,-0.0036312671522106097,-0.0726253430442122,20.0,وقف-افتتاح,0,False,True,,False,6.752025,6.75,0.0003,6.743,1,baseline,29665,"""{\""session\"": \""Asia\"", \""pre_high\"": 6.743, \""pre_low\"": 6.652, \""tf\"": \""5min\""}"""
افتتاح-سوق,market_open,market_open,FILUSDT,صاعد,London-Expansion,1,29771,29773,2024-12-13T08:55:00+00:00,2024-12-13T09:05:00+00:00,2,-0.0034969711167617554,-0.0699394223352351,20.0,وقف-افتتاح,0,False,True,,False,6.6509947,6.649,0.0003,6.643,1,baseline,29771,"""{\""session\"": \""London\"", \""pre_high\"": 6.643, \""pre_low\"": 6.515, \""tf\"": \""5min\""}"""
افتتاح-سوق,market_open,market_open,FILUSDT,صاعد,NewYork-Expansion,1,29844,29845,2024-12-13T15:00:00+00:00,2024-12-13T15:05:00+00:00,1,-0.00406650194002172,-0.0813300388004344,20.0,وقف-افتتاح,0,False,True,,False,6.7890361,6.787,0.0003,6.777,1,baseline,29844,"""{\""session\"": \""NewYork\"", \""pre_high\"": 6.777, \""pre_low\"": 6.655, \""tf\"": \""5min\""}"""
افتتاح-سوق,market_open,market_open,FILUSDT,صاعد,London-Expansion,1,30054,30054,2024-12-14T08:30:00+00:00,2024-12-14T08:30:00+00:00,0,-0.00421322166572296,-0.0842644333144592,20.0,وقف-افتتاح,0,False,True,,False,6.7900364,6.788,0.0003,6.777,1,baseline,30054,"""{\""session\"": \""London\"", \""pre_high\"": 6.777, \""pre_low\"": 6.733, \""tf\"": \""5min\""}"""
افتتاح-سوق,market_open,market_open,FILUSDT,صاعد,NewYork-Expansion,1,30130,30131,2024-12-14T14:50:00+00:00,2024-12-14T14:55:00+00:00,1,-0.0033602808487624212,-0.06720561697524842,20.0,وقف-افتتاح,0,False,True,,False,6.5349599000000005,6.533,0.0003,6.528,1,baseline,30130,"""{\""session\"": \""NewYork\"", \""pre_high\"": 6.528, \""pre_low\"": 6.431, \""tf\"": \""5min\""}"""
افتتاح-سوق,market_open,market_open,FILUSDT,صاعد,NewYork-Expansion,1,30416,30416,2024-12-15T14:40:00+00:00,2024-12-15T14:40:00+00:00,0,-0.0036268423146222557,-0.07253684629244511,20.0,وقف-افتتاح,0,False,True,symbol_collision,True,6.7810337,6.779,0.0003,6.772,1,baseline,30416,"""{\""session\"": \""NewYork\"", \""pre_high\"": 6.772, \""pre_low\"": 6.58, \""tf\"": \""5min\""}"""
افتتاح-سوق,market_open,market_open,FILUSDT,صاعد,Asia-Expansion,1,30533,30537,2024-12-16T00:25:00+00:00,2024-12-16T00:45:00+00:00,4,0.005205639593921195,0.1041127918784239,20.0,تتبع-افتتاح,0,True,True,,False,6.7770325,6.775,0.0003,6.828,1,baseline,30533,"""{\""session\"": \""Asia\"", \""pre_high\"": 6.763, \""pre_low\"": 6.574, \""tf\"": \""5min\""}"""
افتتاح-سوق,market_open,market_open,FILUSDT,صاعد,NewYork-Expansion,1,30711,30711,2024-12-16T15:15:00+00:00,2024-12-16T15:15:00+00:00,0,-0.004581956900792653,-0.09163913801585306,20.0,وقف-افتتاح,0,False,True,symbol_collision,True,6.5339596,6.532,0.0003,6.519,1,baseline,30711,"""{\""session\"": \""NewYork\"", \""pre_high\"": 6.519, \""pre_low\"": 6.451, \""tf\"": \""5min\""}"""
افتتاح-سوق,market_open,market_open,FILUSDT,صاعد,NewYork-Expansion,1,31861,31863,2024-12-20T15:05:00+00:00,2024-12-20T15:15:00+00:00,2,0.008403202722385872,0.16806405444771744,20.0,تتبع-افتتاح,0,True,True,,False,4.7624283,4.761,0.0003,4.81350795875256,1,baseline,31861,"""{\""session\"": \""NewYork\"", \""pre_high\"": 4.747, \""pre_low\"": 4.584, \""tf\"": \""5min\""}"""
افتتاح-سوق,market_open,market_open,FILUSDT,صاعد,London-Expansion,1,32353,32353,2024-12-22T08:05:00+00:00,2024-12-22T08:05:00+00:00,0,-0.002596923220735966,-0.05193846441471932,20.0,تتبع-افتتاح,0,False,True,,False,4.9434826,4.942,0.0003,4.942,1,baseline,32353,"""{\""session\"": \""London\"", \""pre_high\"": 4.934, \""pre_low\"": 4.865, \""tf\"": \""5min\""}"""
افتتاح-سوق,market_open,market_open,FILUSDT,صاعد,London-Expansion,1,32929,32931,2024-12-24T08:05:00+00:00,2024-12-24T08:15:00+00:00,2,-0.0002845513271208435,-0.00569102654241687,20.0,تتبع-افتتاح,0,False,True,symbol_collision,True,5.1775528,5.176,0.0003,5.188,1,baseline,32929,"""{\""session\"": \""London\"", \""pre_high\"": 5.17, \""pre_low\"": 5.102, \""tf\"": \""5min\""}"""
افتتاح-سوق,market_open,market_open,FILUSDT,صاعد,NewYork-Expansion,1,33013,33013,2024-12-24T15:05:00+00:00,2024-12-24T15:05:00+00:00,0,-0.0037053541265844015,-0.07410708253168803,20.0,وقف-افتتاح,0,False,True,symbol_collision,True,5.4006197,5.399,0.0003,5.393,1,baseline,33013,"""{\""session\"": \""NewYork\"", \""pre_high\"": 5.393, \""pre_low\"": 5.268, \""tf\"": \""5min\""}"""
افتتاح-سوق,market_open,market_open,FILUSDT,صاعد,Asia-Expansion,1,33985,33985,2024-12-28T00:05:00+00:00,2024-12-28T00:05:00+00:00,0,-0.0029994264801303542,-0.05998852960260709,20.0,وقف-افتتاح,0,False,True,,False,4.9574868,4.956,0.0003,4.954,1,baseline,33985,"""{\""session\"": \""Asia\"", \""pre_high\"": 4.954, \""pre_low\"": 4.916, \""tf\"": \""5min\""}"""
افتتاح-سوق,market_open,market_open,FILUSDT,صاعد,Asia-Expansion,1,34562,34563,2024-12-30T00:10:00+00:00,2024-12-30T00:15:00+00:00,1,0.0004115316659903711,0.008230633319807423,20.0,تتبع-افتتاح,0,True,True,,False,4.974491899999999,4.973,0.0003,4.988,1,baseline,34562,"""{\""session\"": \""Asia\"", \""pre_high\"": 4.968, \""pre_low\"": 4.919, \""tf\"": \""5min\""}"""
شبكة-ديناميكية,dynamic_grid,dynamic_grid,FILUSDT,عرضي,,0,8325,8399,2024-09-06T18:45:00+00:00,2024-09-06T19:59:00+00:00,74,-0.02311125082598587,-23.11125082598587,1000.0,نهاية-الحالة,0,False,True,"symbol_collision,symbol_exposure",True,,,,,1,baseline,0,"""{\""resets\"": 0, \""capital\"": 1000.0}"""
دوناتشيان,donchian,donchian,FILUSDT,عرضي,Donchian-96/48,1,2334,3697,2024-09-02T14:54:00+00:00,2024-09-03T13:37:00+00:00,1363,-0.020003725617374308,-20.003725617374307,1000.0,كسر-سفلي,0,False,True,,False,3.5061527,3.503,0.0009,3.446,1,baseline,0,"""{\""system\"": \""Donchian-96/48\"", \""channel_tf\"": \""15m\"", \""capital\"": 1000.0}"""
دوناتشيان,donchian,donchian,FILUSDT,عرضي,Donchian-96/48,1,5283,5947,2024-09-04T16:03:00+00:00,2024-09-05T03:07:00+00:00,664,-0.023512243046673844,-23.512243046673845,1000.0,كسر-سفلي,0,False,True,,False,3.4350302,3.434,0.0003,3.363,1,baseline,0,"""{\""system\"": \""Donchian-96/48\"", \""channel_tf\"": \""15m\"", \""capital\"": 1000.0}"""
دوناتشيان,donchian,donchian,FILUSDT,عرضي,Donchian-96/48,1,9567,10869,2024-09-07T15:27:00+00:00,2024-09-08T13:09:00+00:00,1302,-0.010893320300567897,-10.893320300567897,1000.0,كسر-سفلي,0,False,True,,False,3.3700303,3.367,0.0009,3.342,1,baseline,0,"""{\""system\"": \""Donchian-96/48\"", \""channel_tf\"": \""15m\"", \""capital\"": 1000.0}"""
دوناتشيان,donchian,donchian,FILUSDT,عرضي,Donchian-96/48,1,11423,14656,2024-09-08T22:23:00+00:00,2024-09-11T04:16:00+00:00,3233,0.041055869980865814,41.055869980865815,1000.0,كسر-سفلي,0,True,True,,False,3.4270815999999997,3.424,0.0009,3.576,1,baseline,0,"""{\""system\"": \""Donchian-96/48\"", \""channel_tf\"": \""15m\"", \""capital\"": 1000.0}"""
دوناتشيان,donchian,donchian,FILUSDT,عرضي,Donchian-96/48,1,15935,16593,2024-09-12T01:35:00+00:00,2024-09-12T12:33:00+00:00,658,-0.02195640328378529,-21.95640328378529,1000.0,كسر-سفلي,0,False,True,,False,3.6630985999999996,3.662,0.0003,3.592,1,baseline,0,"""{\""system\"": \""Donchian-96/48\"", \""channel_tf\"": \""15m\"", \""capital\"": 1000.0}"""
دوناتشيان,donchian,donchian,FILUSDT,عرضي,Donchian-96/48,1,17425,17715,2024-09-13T02:25:00+00:00,2024-09-13T07:15:00+00:00,290,-0.016705998300312025,-16.705998300312025,1000.0,كسر-سفلي,0,False,True,,False,3.6771028,3.676,0.0003,3.624,1,baseline,0,"""{\""system\"": \""Donchian-96/48\"", \""channel_tf\"": \""15m\"", \""capital\"": 1000.0}"""
دوناتشيان,donchian,donchian,FILUSDT,عرضي,Donchian-96/48,1,17934,19017,2024-09-13T10:54:00+00:00,2024-09-14T04:57:00+00:00,1083,0.0022437468031968797,2.2437468031968795,1000.0,كسر-سفلي,0,True,True,,False,3.6882116,3.686,0.0006,3.705,1,baseline,0,"""{\""system\"": \""Donchian-96/48\"", \""channel_tf\"": \""15m\"", \""capital\"": 1000.0}"""
دوناتشيان,donchian,donchian,FILUSDT,عرضي,Donchian-96/48,1,23904,25068,2024-09-17T14:24:00+00:00,2024-09-18T09:48:00+00:00,1164,-0.020657525275052355,-20.657525275052354,1000.0,كسر-سفلي,0,False,True,,False,3.4851338,3.482,0.0009,3.421,1,baseline,0,"""{\""system\"": \""Donchian-96/48\"", \""channel_tf\"": \""15m\"", \""capital\"": 1000.0}"""
دوناتشيان,donchian,donchian,FILUSDT,عرضي,Donchian-96/48,1,25871,27431,2024-09-18T23:11:00+00:00,2024-09-20T01:11:00+00:00,1560,0.031261172737824645,31.261172737824644,1000.0,كسر-سفلي,0,True,True,,False,3.5360605,3.535,0.0003,3.655,1,baseline,0,"""{\""system\"": \""Donchian-96/48\"", \""channel_tf\"": \""15m\"", \""capital\"": 1000.0}"""
دوناتشيان,donchian,donchian,FILUSDT,عرضي,Donchian-96/48,1,27598,28450,2024-09-20T03:58:00+00:00,2024-09-20T18:10:00+00:00,852,-0.01852987971880708,-18.529879718807077,1000.0,كسر-سفلي,0,False,True,,False,3.7571267999999995,3.756,0.0003,3.696,1,baseline,0,"""{\""system\"": \""Donchian-96/48\"", \""channel_tf\"": \""15m\"", \""capital\"": 1000.0}"""
دوناتشيان,donchian,donchian,FILUSDT,عرضي,Donchian-96/48,1,29646,30370,2024-09-21T14:06:00+00:00,2024-09-22T02:10:00+00:00,724,-0.007290584758520783,-7.290584758520783,1000.0,كسر-سفلي,0,False,True,,False,3.8261475000000003,3.825,0.0003,3.807,1,baseline,0,"""{\""system\"": \""Donchian-96/48\"", \""channel_tf\"": \""15m\"", \""capital\"": 1000.0}"""
دوناتشيان,donchian,donchian,FILUSDT,عرضي,Donchian-96/48,1,33638,33995,2024-09-24T08:38:00+00:00,2024-09-24T14:35:00+00:00,357,-0.026292178630837087,-26.292178630837086,1000.0,كسر-سفلي,0,False,True,,False,3.7991394,3.798,0.0003,3.71,1,baseline,0,"""{\""system\"": \""Donchian-96/48\"", \""channel_tf\"": \""15m\"", \""capital\"": 1000.0}"""
دوناتشيان,donchian,donchian,FILUSDT,عرضي,Donchian-96/48,1,34313,36097,2024-09-24T19:53:00+00:00,2024-09-26T01:37:00+00:00,1784,0.012771784413104845,12.771784413104845,1000.0,كسر-سفلي,0,True,True,,False,3.8301487,3.829,0.0003,3.888,1,baseline,0,"""{\""system\"": \""Donchian-96/48\"", \""channel_tf\"": \""15m\"", \""capital\"": 1000.0}"""
دوناتشيان,donchian,donchian,FILUSDT,عرضي,Donchian-96/48,1,36343,39197,2024-09-26T05:43:00+00:00,2024-09-28T05:17:00+00:00,2854,0.0205298378096662,20.5298378096662,1000.0,كسر-سفلي,0,True,True,,False,4.0552162,4.054,0.0003,4.148,1,baseline,0,"""{\""system\"": \""Donchian-96/48\"", \""channel_tf\"": \""15m\"", \""capital\"": 1000.0}"""
دوناتشيان,donchian,donchian,FILUSDT,عرضي,Donchian-96/48,1,48024,50089,2024-10-04T08:24:00+00:00,2024-10-05T18:49:00+00:00,2065,-0.012501976619459667,-12.501976619459667,1000.0,كسر-سفلي,0,False,True,,False,3.6351798,3.633,0.0006,3.598,1,baseline,0,"""{\""system\"": \""Donchian-96/48\"", \""channel_tf\"": \""15m\"", \""capital\"": 1000.0}"""
دوناتشيان,donchian,donchian,FILUSDT,عرضي,Donchian-96/48,1,51182,53646,2024-10-06T13:02:00+00:00,2024-10-08T06:06:00+00:00,2464,-0.001840685995760347,-1.840685995760347,1000.0,كسر-سفلي,0,False,True,,False,3.6781031,3.677,0.0003,3.682,1,baseline,0,"""{\""system\"": \""Donchian-96/48\"", \""channel_tf\"": \""15m\"", \""capital\"": 1000.0}"""
دوناتشيان,donchian,donchian,FILUSDT,عرضي,Donchian-96/48,1,57613,60202,2024-10-11T00:13:00+00:00,2024-10-12T19:22:00+00:00,2589,0.009202080855928598,9.202080855928598,1000.0,كسر-سفلي,0,True,True,,False,3.5461264,3.544,0.0006,3.587,1,baseline,0,"""{\""system\"": \""Donchian-96/48\"", \""channel_tf\"": \""15m\"", \""capital\"": 1000.0}"""
دوناتشيان,donchian,donchian,FILUSDT,عرضي,Donchian-96/48,1,62135,64046,2024-10-14T03:35:00+00:00,2024-10-15T11:26:00+00:00,1911,0.04674430405861373,46.744304058613736,1000.0,كسر-سفلي,0,True,True,,False,3.6121659999999998,3.61,0.0006,3.792,1,baseline,0,"""{\""system\"": \""Donchian-96/48\"", \""channel_tf\"": \""15m\"", \""capital\"": 1000.0}"""
دوناتشيان,donchian,donchian,FILUSDT,عرضي,Donchian-96/48,1,68583,69772,2024-10-18T15:03:00+00:00,2024-10-19T10:52:00+00:00,1189,0.0032633857090067393,3.2633857090067395,1000.0,كسر-سفلي,0,True,True,,False,3.7241169,3.723,0.0003,3.746,1,baseline,0,"""{\""system\"": \""Donchian-96/48\"", \""channel_tf\"": \""15m\"", \""capital\"": 1000.0}"""
دوناتشيان,donchian,donchian,FILUSDT,عرضي,Donchian-96/48,1,70870,72534,2024-10-20T05:10:00+00:00,2024-10-21T08:54:00+00:00,1664,0.03127844197412868,31.27844197412868,1000.0,كسر-سفلي,0,True,True,"symbol_collision,symbol_exposure",True,3.7952757999999998,3.793,0.0006,3.923,1,baseline,0,"""{\""system\"": \""Donchian-96/48\"", \""channel_tf\"": \""15m\"", \""capital\"": 1000.0}"""
دوناتشيان,donchian,donchian,FILUSDT,عرضي,Donchian-96/48,1,77593,78017,2024-10-24T21:13:00+00:00,2024-10-25T04:17:00+00:00,424,-0.018306072952268947,-18.30607295226895,1000.0,كسر-سفلي,0,False,True,,False,3.7541259,3.753,0.0003,3.695,1,baseline,0,"""{\""system\"": \""Donchian-96/48\"", \""channel_tf\"": \""15m\"", \""capital\"": 1000.0}"""
دوناتشيان,donchian,donchian,FILUSDT,عرضي,Donchian-96/48,1,80850,82409,2024-10-27T03:30:00+00:00,2024-10-28T05:29:00+00:00,1559,0.0014087116257670838,1.4087116257670838,1000.0,كسر-سفلي,0,True,True,,False,3.4870458,3.486,0.0003,3.5,1,baseline,0,"""{\""system\"": \""Donchian-96/48\"", \""channel_tf\"": \""15m\"", \""capital\"": 1000.0}"""
دوناتشيان,donchian,donchian,FILUSDT,عرضي,Donchian-96/48,1,82827,86502,2024-10-28T12:27:00+00:00,2024-10-31T01:42:00+00:00,3675,0.009689941690832466,9.689941690832466,1000.0,كسر-سفلي,0,True,True,,False,3.6312651999999996,3.628,0.0009,3.676,1,baseline,0,"""{\""system\"": \""Donchian-96/48\"", \""channel_tf\"": \""15m\"", \""capital\"": 1000.0}"""
دوناتشيان,donchian,donchian,FILUSDT,عرضي,Donchian-96/48,1,92821,93406,2024-11-04T11:01:00+00:00,2024-11-04T20:46:00+00:00,585,-0.02789231236936958,-27.89231236936958,1000.0,كسر-سفلي,0,False,True,,False,3.3920173,3.391,0.0003,3.305,1,baseline,0,"""{\""system\"": \""Donchian-96/48\"", \""channel_tf\"": \""15m\"", \""capital\"": 1000.0}"""
دوناتشيان,donchian,donchian,FILUSDT,عرضي,Donchian-96/48,1,94468,97368,2024-11-05T14:28:00+00:00,2024-11-07T14:48:00+00:00,2900,0.08370088934941543,83.70088934941543,1000.0,كسر-سفلي,0,True,True,,False,3.3860303999999997,3.384,0.0006,3.679,1,baseline,0,"""{\""system\"": \""Donchian-96/48\"", \""channel_tf\"": \""15m\"", \""capital\"": 1000.0}"""
دوناتشيان,donchian,donchian,FILUSDT,عرضي,Donchian-96/48,1,98782,100396,2024-11-08T14:22:00+00:00,2024-11-09T17:16:00+00:00,1614,-0.006321241505602504,-6.321241505602504,1000.0,كسر-سفلي,0,False,True,,False,3.8294433999999997,3.826,0.0009,3.814,1,baseline,0,"""{\""system\"": \""Donchian-96/48\"", \""channel_tf\"": \""15m\"", \""capital\"": 1000.0}"""
دوناتشيان,donchian,donchian,FILUSDT,عرضي,Donchian-96/48,1,100742,102065,2024-11-09T23:02:00+00:00,2024-11-10T21:05:00+00:00,1323,0.027427571501127592,27.42757150112759,1000.0,كسر-سفلي,0,True,True,,False,3.9983975999999997,3.996,0.0006,4.12,1,baseline,0,"""{\""system\"": \""Donchian-96/48\"", \""channel_tf\"": \""15m\"", \""capital\"": 1000.0}"""
دوناتشيان,donchian,donchian,FILUSDT,عرضي,Donchian-96/48,1,103662,104330,2024-11-11T23:42:00+00:00,2024-11-12T10:50:00+00:00,668,-0.050174317086350645,-50.17431708635065,1000.0,كسر-سفلي,0,False,True,,False,4.372311300000001,4.371,0.0003,4.165,1,baseline,0,"""{\""system\"": \""Donchian-96/48\"", \""channel_tf\"": \""15m\"", \""capital\"": 1000.0}"""
دوناتشيان,donchian,donchian,FILUSDT,عرضي,Donchian-96/48,1,108828,111237,2024-11-15T13:48:00+00:00,2024-11-17T05:57:00+00:00,2409,0.10427650717902195,104.27650717902195,1000.0,كسر-سفلي,0,True,True,,False,4.0422123,4.041,0.0003,4.474,1,baseline,0,"""{\""system\"": \""Donchian-96/48\"", \""channel_tf\"": \""15m\"", \""capital\"": 1000.0}"""
دوناتشيان,donchian,donchian,FILUSDT,عرضي,Donchian-96/48,1,117353,118890,2024-11-21T11:53:00+00:00,2024-11-22T13:30:00+00:00,1537,-0.012257415162473532,-12.257415162473531,1000.0,كسر-سفلي,0,False,True,,False,4.5517294,4.549,0.0006,4.509,1,baseline,0,"""{\""system\"": \""Donchian-96/48\"", \""channel_tf\"": \""15m\"", \""capital\"": 1000.0}"""
دوناتشيان,donchian,donchian,FILUSDT,عرضي,Donchian-96/48,1,119057,121715,2024-11-22T16:17:00+00:00,2024-11-24T12:35:00+00:00,2658,0.13751846267053824,137.51846267053824,1000.0,كسر-سفلي,0,True,True,,False,4.7494244,4.748,0.0003,5.415,1,baseline,0,"""{\""system\"": \""Donchian-96/48\"", \""channel_tf\"": \""15m\"", \""capital\"": 1000.0}"""
دوناتشيان,donchian,donchian,FILUSDT,عرضي,Donchian-96/48,1,122979,123293,2024-11-25T09:39:00+00:00,2024-11-25T14:53:00+00:00,314,-0.06357159952840565,-63.57159952840564,1000.0,كسر-سفلي,0,False,True,,False,5.8314968,5.828,0.0006,5.475,1,baseline,0,"""{\""system\"": \""Donchian-96/48\"", \""channel_tf\"": \""15m\"", \""capital\"": 1000.0}"""
دوناتشيان,donchian,donchian,FILUSDT,عرضي,Donchian-96/48,1,125919,127207,2024-11-27T10:39:00+00:00,2024-11-28T08:07:00+00:00,1288,0.010862096347174256,10.862096347174257,1000.0,كسر-سفلي,0,True,True,"symbol_collision,symbol_exposure",True,5.5596673999999995,5.558,0.0003,5.633,1,baseline,0,"""{\""system\"": \""Donchian-96/48\"", \""channel_tf\"": \""15m\"", \""capital\"": 1000.0}"""
دوناتشيان,donchian,donchian,FILUSDT,عرضي,Donchian-96/48,1,128828,132066,2024-11-29T11:08:00+00:00,2024-12-01T17:06:00+00:00,3238,0.14236012845648927,142.36012845648926,1000.0,كسر-سفلي,0,True,True,,False,5.874282099999999,5.869,0.0009,6.726,1,baseline,0,"""{\""system\"": \""Donchian-96/48\"", \""channel_tf\"": \""15m\"", \""capital\"": 1000.0}"""
دوناتشيان,donchian,donchian,FILUSDT,عرضي,Donchian-96/48,1,132537,133123,2024-12-02T00:57:00+00:00,2024-12-02T10:43:00+00:00,586,-0.058872050956325105,-58.872050956325104,1000.0,كسر-سفلي,0,False,True,,False,7.0762431999999995,7.072,0.0006,6.679,1,baseline,0,"""{\""system\"": \""Donchian-96/48\"", \""channel_tf\"": \""15m\"", \""capital\"": 1000.0}"""
دوناتشيان,donchian,donchian,FILUSDT,عرضي,Donchian-96/48,1,134224,134747,2024-12-03T05:04:00+00:00,2024-12-03T13:47:00+00:00,523,-0.06004251984934786,-60.04251984934786,1000.0,كسر-سفلي,0,False,True,,False,7.5072515,7.505,0.0003,7.077,1,baseline,0,"""{\""system\"": \""Donchian-96/48\"", \""channel_tf\"": \""15m\"", \""capital\"": 1000.0}"""
دوناتشيان,donchian,donchian,FILUSDT,عرضي,Donchian-96/48,1,135562,136874,2024-12-04T03:22:00+00:00,2024-12-05T01:14:00+00:00,1312,0.004560849381411854,4.560849381411854,1000.0,كسر-سفلي,0,True,True,,False,7.666299199999999,7.664,0.0003,7.719,1,baseline,0,"""{\""system\"": \""Donchian-96/48\"", \""channel_tf\"": \""15m\"", \""capital\"": 1000.0}"""
دوناتشيان,donchian,donchian,FILUSDT,عرضي,Donchian-96/48,1,139174,139881,2024-12-06T15:34:00+00:00,2024-12-07T03:21:00+00:00,707,-0.02372858776208501,-23.72858776208501,1000.0,كسر-سفلي,0,False,True,,False,8.0914267,8.089,0.0003,7.92,1,baseline,0,"""{\""system\"": \""Donchian-96/48\"", \""channel_tf\"": \""15m\"", \""capital\"": 1000.0}"""
دوناتشيان,donchian,donchian,FILUSDT,عرضي,Donchian-96/48,1,146181,148056,2024-12-11T12:21:00+00:00,2024-12-12T19:36:00+00:00,1875,0.052795877187920184,52.79587718792018,1000.0,كسر-سفلي,0,True,True,,False,6.3768237999999995,6.373,0.0006,6.733,1,baseline,0,"""{\""system\"": \""Donchian-96/48\"", \""channel_tf\"": \""15m\"", \""capital\"": 1000.0}"""
دوناتشيان,donchian,donchian,FILUSDT,عرضي,Donchian-96/48,1,152006,152488,2024-12-15T13:26:00+00:00,2024-12-15T21:28:00+00:00,482,-0.022690943541007435,-22.690943541007435,1000.0,كسر-سفلي,0,False,True,,False,6.5979788,6.596,0.0003,6.467,1,baseline,0,"""{\""system\"": \""Donchian-96/48\"", \""channel_tf\"": \""15m\"", \""capital\"": 1000.0}"""
دوناتشيان,donchian,donchian,FILUSDT,عرضي,Donchian-96/48,1,152670,153330,2024-12-16T00:30:00+00:00,2024-12-16T11:30:00+00:00,660,-0.039026372858623606,-39.02637285862361,1000.0,كسر-سفلي,0,False,True,symbol_collision,True,6.792037,6.79,0.0003,6.542,1,baseline,0,"""{\""system\"": \""Donchian-96/48\"", \""channel_tf\"": \""15m\"", \""capital\"": 1000.0}"""
دوناتشيان,donchian,donchian,FILUSDT,عرضي,Donchian-96/48,1,160176,160595,2024-12-21T05:36:00+00:00,2024-12-21T12:35:00+00:00,419,-0.032722249757571785,-32.72224975757179,1000.0,كسر-سفلي,0,False,True,,False,5.2851691999999995,5.282,0.0006,5.124,1,baseline,0,"""{\""system\"": \""Donchian-96/48\"", \""channel_tf\"": \""15m\"", \""capital\"": 1000.0}"""
دوناتشيان,donchian,donchian,FILUSDT,عرضي,Donchian-96/48,1,163950,166010,2024-12-23T20:30:00+00:00,2024-12-25T06:50:00+00:00,2060,0.05516614353935528,55.166143539355275,1000.0,كسر-سفلي,0,True,True,,False,5.0675197999999995,5.066,0.0003,5.361,1,baseline,0,"""{\""system\"": \""Donchian-96/48\"", \""channel_tf\"": \""15m\"", \""capital\"": 1000.0}"""
دوناتشيان,donchian,donchian,FILUSDT,عرضي,Donchian-96/48,1,169026,169421,2024-12-27T09:06:00+00:00,2024-12-27T15:41:00+00:00,395,-0.045715973954044746,-45.71597395404475,1000.0,كسر-سفلي,0,False,True,,False,5.1370804,5.134,0.0006,4.915,1,baseline,0,"""{\""system\"": \""Donchian-96/48\"", \""channel_tf\"": \""15m\"", \""capital\"": 1000.0}"""
دوناتشيان,donchian,donchian,FILUSDT,عرضي,Donchian-96/48,1,170774,171730,2024-12-28T14:14:00+00:00,2024-12-29T06:10:00+00:00,956,0.007302581668741274,7.302581668741274,1000.0,كسر-سفلي,0,True,True,,False,5.087050399999999,5.084,0.0006,5.136,1,baseline,0,"""{\""system\"": \""Donchian-96/48\"", \""channel_tf\"": \""15m\"", \""capital\"": 1000.0}"""
دوناتشيان,donchian,donchian,FILUSDT,عرضي,Donchian-96/48,1,175049,175679,2024-12-31T13:29:00+00:00,2024-12-31T23:59:00+00:00,630,-0.030786018433531247,-30.786018433531247,1000.0,نهاية-البيانات,0,False,True,,False,5.0985846,5.094,0.0009,4.953,1,baseline,0,"""{\""system\"": \""Donchian-96/48\"", \""channel_tf\"": \""15m\"", \""capital\"": 1000.0}"""
دوناتشيان,donchian,donchian,FILUSDT,عرضي,Donchian-288/96,1,11423,14683,2024-09-08T22:23:00+00:00,2024-09-11T04:43:00+00:00,3260,0.031430008901686374,31.430008901686374,1000.0,كسر-سفلي,0,True,True,symbol_exposure,True,3.4270815999999997,3.424,0.0009,3.544,1,baseline,0,"""{\""system\"": \""Donchian-288/96\"", \""channel_tf\"": \""15m\"", \""capital\"": 1000.0}"""
دوناتشيان,donchian,donchian,FILUSDT,عرضي,Donchian-288/96,1,17958,20715,2024-09-13T11:18:00+00:00,2024-09-15T09:15:00+00:00,2757,-0.018846449532596343,-18.846449532596342,1000.0,كسر-سفلي,0,False,True,symbol_exposure,True,3.6962163999999995,3.694,0.0006,3.636,1,baseline,0,"""{\""system\"": \""Donchian-288/96\"", \""channel_tf\"": \""15m\"", \""capital\"": 1000.0}"""
دوناتشيان,donchian,donchian,FILUSDT,عرضي,Donchian-288/96,1,25871,30798,2024-09-18T23:11:00+00:00,2024-09-22T09:18:00+00:00,4927,0.05549113751886308,55.49113751886308,1000.0,كسر-سفلي,0,True,True,symbol_exposure,True,3.5360605,3.535,0.0003,3.742,1,baseline,0,"""{\""system\"": \""Donchian-288/96\"", \""channel_tf\"": \""15m\"", \""capital\"": 1000.0}"""
دوناتشيان,donchian,donchian,FILUSDT,عرضي,Donchian-288/96,1,34600,36098,2024-09-25T00:40:00+00:00,2024-09-26T01:38:00+00:00,1498,-0.007028693003623073,-7.028693003623073,1000.0,كسر-سفلي,0,False,True,symbol_exposure,True,3.9035099999999994,3.9,0.0009,3.885,1,baseline,0,"""{\""system\"": \""Donchian-288/96\"", \""channel_tf\"": \""15m\"", \""capital\"": 1000.0}"""
دوناتشيان,donchian,donchian,FILUSDT,عرضي,Donchian-288/96,1,36343,39277,2024-09-26T05:43:00+00:00,2024-09-28T06:37:00+00:00,2934,0.007925506944819548,7.925506944819547,1000.0,كسر-سفلي,0,True,True,symbol_exposure,True,4.0552162,4.054,0.0003,4.098,1,baseline,0,"""{\""system\"": \""Donchian-288/96\"", \""channel_tf\"": \""15m\"", \""capital\"": 1000.0}"""
دوناتشيان,donchian,donchian,FILUSDT,عرضي,Donchian-288/96,1,51190,53646,2024-10-06T13:10:00+00:00,2024-10-08T06:06:00+00:00,2456,-0.002654402827829072,-2.654402827829072,1000.0,كسر-سفلي,0,False,True,symbol_exposure,True,3.681104,3.68,0.0003,3.682,1,baseline,0,"""{\""system\"": \""Donchian-288/96\"", \""channel_tf\"": \""15m\"", \""capital\"": 1000.0}"""
دوناتشيان,donchian,donchian,FILUSDT,عرضي,Donchian-288/96,1,59658,61155,2024-10-12T10:18:00+00:00,2024-10-13T11:15:00+00:00,1497,-0.02774221146836412,-27.742211468364122,1000.0,كسر-سفلي,0,False,True,symbol_exposure,True,3.6530956,3.652,0.0003,3.561,1,baseline,0,"""{\""system\"": \""Donchian-288/96\"", \""channel_tf\"": \""15m\"", \""capital\"": 1000.0}"""
دوناتشيان,donchian,donchian,FILUSDT,عرضي,Donchian-288/96,1,62194,64267,2024-10-14T04:34:00+00:00,2024-10-15T15:07:00+00:00,2073,0.012890132614827878,12.890132614827879,1000.0,كسر-سفلي,0,True,True,symbol_exposure,True,3.6570968,3.656,0.0003,3.715,1,baseline,0,"""{\""system\"": \""Donchian-288/96\"", \""channel_tf\"": \""15m\"", \""capital\"": 1000.0}"""
دوناتشيان,donchian,donchian,FILUSDT,عرضي,Donchian-288/96,1,69306,70140,2024-10-19T03:06:00+00:00,2024-10-19T17:00:00+00:00,834,-0.02826878868379101,-28.26878868379101,1000.0,كسر-سفلي,0,False,True,symbol_exposure,True,3.8131435999999996,3.812,0.0003,3.715,1,baseline,0,"""{\""system\"": \""Donchian-288/96\"", \""channel_tf\"": \""15m\"", \""capital\"": 1000.0}"""
دوناتشيان,donchian,donchian,FILUSDT,عرضي,Donchian-288/96,1,71126,72816,2024-10-20T09:26:00+00:00,2024-10-21T13:36:00+00:00,1690,0.0014557053986275338,1.455705398627534,1000.0,كسر-سفلي,0,True,True,,False,3.8284425,3.825,0.0009,3.844,1,baseline,0,"""{\""system\"": \""Donchian-288/96\"", \""channel_tf\"": \""15m\"", \""capital\"": 1000.0}"""
دوناتشيان,donchian,donchian,FILUSDT,عرضي,Donchian-288/96,1,84508,86502,2024-10-29T16:28:00+00:00,2024-10-31T01:42:00+00:00,1994,-0.009899421299502028,-9.899421299502027,1000.0,كسر-سفلي,0,False,True,symbol_exposure,True,3.7031106,3.702,0.0003,3.676,1,baseline,0,"""{\""system\"": \""Donchian-288/96\"", \""channel_tf\"": \""15m\"", \""capital\"": 1000.0}"""
دوناتشيان,donchian,donchian,FILUSDT,عرضي,Donchian-288/96,1,95071,104664,2024-11-06T00:31:00+00:00,2024-11-12T16:24:00+00:00,9593,0.1881747686039148,188.1747686039148,1000.0,كسر-سفلي,0,True,True,symbol_exposure,True,3.4450657999999996,3.443,0.0006,4.104,1,baseline,0,"""{\""system\"": \""Donchian-288/96\"", \""channel_tf\"": \""15m\"", \""capital\"": 1000.0}"""
دوناتشيان,donchian,donchian,FILUSDT,عرضي,Donchian-288/96,1,109944,111784,2024-11-16T08:24:00+00:00,2024-11-17T15:04:00+00:00,1840,0.031338685595921664,31.338685595921664,1000.0,كسر-سفلي,0,True,True,symbol_exposure,True,4.2758448,4.272,0.0009,4.42,1,baseline,0,"""{\""system\"": \""Donchian-288/96\"", \""channel_tf\"": \""15m\"", \""capital\"": 1000.0}"""
دوناتشيان,donchian,donchian,FILUSDT,عرضي,Donchian-288/96,1,117362,123759,2024-11-21T12:02:00+00:00,2024-11-25T22:39:00+00:00,6397,0.16246955246956432,162.46955246956432,1000.0,كسر-سفلي,0,True,True,symbol_exposure,True,4.6011372999999995,4.597,0.0009,5.361,1,baseline,0,"""{\""system\"": \""Donchian-288/96\"", \""channel_tf\"": \""15m\"", \""capital\"": 1000.0}"""
دوناتشيان,donchian,donchian,FILUSDT,عرضي,Donchian-288/96,1,126810,127673,2024-11-28T01:30:00+00:00,2024-11-28T15:53:00+00:00,863,-0.05926561876202496,-59.265618762024964,1000.0,كسر-سفلي,0,False,True,,False,5.862758299999999,5.861,0.0003,5.528,1,baseline,0,"""{\""system\"": \""Donchian-288/96\"", \""channel_tf\"": \""15m\"", \""capital\"": 1000.0}"""
دوناتشيان,donchian,donchian,FILUSDT,عرضي,Donchian-288/96,1,128897,133123,2024-11-29T12:17:00+00:00,2024-12-02T10:43:00+00:00,4226,0.12784227576894677,127.84227576894678,1000.0,كسر-سفلي,0,True,True,symbol_exposure,True,5.904770899999999,5.903,0.0003,6.679,1,baseline,0,"""{\""system\"": \""Donchian-288/96\"", \""channel_tf\"": \""15m\"", \""capital\"": 1000.0}"""
دوناتشيان,donchian,donchian,FILUSDT,عرضي,Donchian-288/96,1,134224,134756,2024-12-03T05:04:00+00:00,2024-12-03T13:56:00+00:00,532,-0.08700470276168117,-87.00470276168116,1000.0,كسر-سفلي,0,False,True,symbol_exposure,True,7.5072515,7.505,0.0003,6.874,1,baseline,0,"""{\""system\"": \""Donchian-288/96\"", \""channel_tf\"": \""15m\"", \""capital\"": 1000.0}"""
دوناتشيان,donchian,donchian,FILUSDT,عرضي,Donchian-288/96,1,135562,138149,2024-12-04T03:22:00+00:00,2024-12-05T22:29:00+00:00,2587,-0.01997428828888763,-19.974288288887628,1000.0,كسر-سفلي,0,False,True,symbol_exposure,True,7.666299199999999,7.664,0.0003,7.535,1,baseline,0,"""{\""system\"": \""Donchian-288/96\"", \""channel_tf\"": \""15m\"", \""capital\"": 1000.0}"""
دوناتشيان,donchian,donchian,FILUSDT,عرضي,Donchian-288/96,1,152687,154091,2024-12-16T00:47:00+00:00,2024-12-17T00:11:00+00:00,1404,-0.06396148783275155,-63.961487832751544,1000.0,كسر-سفلي,0,False,True,,False,6.8600574,6.858,0.0003,6.438,1,baseline,0,"""{\""system\"": \""Donchian-288/96\"", \""channel_tf\"": \""15m\"", \""capital\"": 1000.0}"""
دوناتشيان,donchian,donchian,FILUSDT,عرضي,Donchian-288/96,1,164965,166579,2024-12-24T13:25:00+00:00,2024-12-25T16:19:00+00:00,1614,-0.0028959647188708175,-2.8959647188708173,1000.0,كسر-سفلي,0,False,True,symbol_exposure,True,5.2741625999999995,5.271,0.0006,5.271,1,baseline,0,"""{\""system\"": \""Donchian-288/96\"", \""channel_tf\"": \""15m\"", \""capital\"": 1000.0}"""
اتجاه-تكيفي,adaptive_trend,adaptive_trend,FILUSDT,عرضي,AdaptiveTrend-4h,1,52101,52113,2024-10-07T04:21:00+00:00,2024-10-07T04:33:00+00:00,12,-0.004167224574888465,-4.167224574888465,1000.0,تتبع,0,False,True,"symbol_collision,symbol_exposure",True,3.8121433,3.811,0.0003,3.805,1,baseline,0,"""{\""tf\"": \""4h\"", \""capital\"": 1000.0}"""
اتجاه-تكيفي,adaptive_trend,adaptive_trend,FILUSDT,عرضي,AdaptiveTrend-4h,1,52556,52558,2024-10-07T11:56:00+00:00,2024-10-07T11:58:00+00:00,2,-0.00018967524781734658,-0.18967524781734657,1000.0,تتبع,0,False,True,"symbol_collision,symbol_exposure",True,3.7301187,3.729,0.0003,3.738,1,baseline,0,"""{\""tf\"": \""4h\"", \""capital\"": 1000.0}"""
اتجاه-تكيفي,adaptive_trend,adaptive_trend,FILUSDT,عرضي,AdaptiveTrend-4h,1,52560,52561,2024-10-07T12:00:00+00:00,2024-10-07T12:01:00+00:00,1,-0.004463221413052178,-4.463221413052178,1000.0,تتبع,0,False,True,"symbol_collision,symbol_exposure",True,3.7421223,3.741,0.0003,3.734,1,baseline,0,"""{\""tf\"": \""4h\"", \""capital\"": 1000.0}"""
اتجاه-تكيفي,adaptive_trend,adaptive_trend,FILUSDT,عرضي,AdaptiveTrend-4h,1,52822,52869,2024-10-07T16:22:00+00:00,2024-10-07T17:09:00+00:00,47,-0.003649313700059887,-3.649313700059887,1000.0,تتبع,0,False,True,"symbol_collision,symbol_exposure",True,3.7921373,3.791,0.0003,3.787,1,baseline,0,"""{\""tf\"": \""4h\"", \""capital\"": 1000.0}"""
اتجاه-تكيفي,adaptive_trend,adaptive_trend,FILUSDT,عرضي,AdaptiveTrend-4h,1,70566,70584,2024-10-20T00:06:00+00:00,2024-10-20T00:24:00+00:00,18,-0.003459050751669241,-3.459050751669241,1000.0,تتبع,0,False,True,,False,3.7842691999999998,3.782,0.0006,3.781,1,baseline,0,"""{\""tf\"": \""4h\"", \""capital\"": 1000.0}"""
اتجاه-تكيفي,adaptive_trend,adaptive_trend,FILUSDT,عرضي,AdaptiveTrend-4h,1,70797,70801,2024-10-20T03:57:00+00:00,2024-10-20T04:01:00+00:00,4,-0.003131723798097422,-3.131723798097422,1000.0,تتبع,0,False,True,,False,3.731119,3.73,0.0003,3.728,1,baseline,0,"""{\""tf\"": \""4h\"", \""capital\"": 1000.0}"""
اتجاه-تكيفي,adaptive_trend,adaptive_trend,FILUSDT,عرضي,AdaptiveTrend-4h,1,70821,70829,2024-10-20T04:21:00+00:00,2024-10-20T04:29:00+00:00,8,0.0013680093890995366,1.3680093890995366,1000.0,تتبع,0,True,True,,False,3.7421223,3.741,0.0003,3.757,1,baseline,0,"""{\""tf\"": \""4h\"", \""capital\"": 1000.0}"""
اتجاه-تكيفي,adaptive_trend,adaptive_trend,FILUSDT,عرضي,AdaptiveTrend-4h,1,70832,70835,2024-10-20T04:32:00+00:00,2024-10-20T04:35:00+00:00,3,-0.005051732074736114,-5.051732074736114,1000.0,تتبع,0,False,True,,False,3.7612553999999996,3.759,0.0006,3.752,1,baseline,0,"""{\""tf\"": \""4h\"", \""capital\"": 1000.0}"""
اتجاه-تكيفي,adaptive_trend,adaptive_trend,FILUSDT,عرضي,AdaptiveTrend-4h,1,70860,70863,2024-10-20T05:00:00+00:00,2024-10-20T05:03:00+00:00,3,0.0005490657945639744,0.5490657945639743,1000.0,تتبع,0,True,True,,False,3.7631286,3.762,0.0003,3.775,1,baseline,0,"""{\""tf\"": \""4h\"", \""capital\"": 1000.0}"""
اتجاه-تكيفي,adaptive_trend,adaptive_trend,FILUSDT,عرضي,AdaptiveTrend-4h,1,70864,70875,2024-10-20T05:04:00+00:00,2024-10-20T05:15:00+00:00,11,0.00019966304644679028,0.19966304644679028,1000.0,تتبع,0,True,True,,False,3.7782655999999997,3.776,0.0006,3.79,1,baseline,0,"""{\""tf\"": \""4h\"", \""capital\"": 1000.0}"""
اتجاه-تكيفي,adaptive_trend,adaptive_trend,FILUSDT,عرضي,AdaptiveTrend-4h,1,70935,70945,2024-10-20T06:15:00+00:00,2024-10-20T06:25:00+00:00,10,-0.004961682886440166,-4.961682886440166,1000.0,تتبع,0,False,True,,False,3.7971387999999995,3.796,0.0003,3.787,1,baseline,0,"""{\""tf\"": \""4h\"", \""capital\"": 1000.0}"""
اتجاه-تكيفي,adaptive_trend,adaptive_trend,FILUSDT,عرضي,AdaptiveTrend-4h,1,70978,70982,2024-10-20T06:58:00+00:00,2024-10-20T07:02:00+00:00,4,-0.006039491766114208,-6.039491766114208,1000.0,تتبع,0,False,True,,False,3.8081421,3.807,0.0003,3.795,1,baseline,0,"""{\""tf\"": \""4h\"", \""capital\"": 1000.0}"""
اتجاه-تكيفي,adaptive_trend,adaptive_trend,FILUSDT,عرضي,AdaptiveTrend-4h,1,71012,71017,2024-10-20T07:32:00+00:00,2024-10-20T07:37:00+00:00,5,-0.005210662939759169,-5.210662939759169,1000.0,تتبع,0,False,True,,False,3.8171448,3.816,0.0003,3.806,1,baseline,0,"""{\""tf\"": \""4h\"", \""capital\"": 1000.0}"""
اتجاه-تكيفي,adaptive_trend,adaptive_trend,FILUSDT,عرضي,AdaptiveTrend-4h,1,73495,73501,2024-10-22T00:55:00+00:00,2024-10-22T01:01:00+00:00,6,-0.008688418320602609,-8.688418320602608,1000.0,تتبع,0,False,True,,False,3.8704802999999997,3.867,0.0009,3.848,1,baseline,0,"""{\""tf\"": \""4h\"", \""capital\"": 1000.0}"""
اتجاه-تكيفي,adaptive_trend,adaptive_trend,FILUSDT,عرضي,AdaptiveTrend-4h,1,73529,73534,2024-10-22T01:29:00+00:00,2024-10-22T01:34:00+00:00,5,-0.0015670800851868658,-1.5670800851868658,1000.0,تتبع,0,False,True,,False,3.8751622,3.874,0.0003,3.878,1,baseline,0,"""{\""tf\"": \""4h\"", \""capital\"": 1000.0}"""
اتجاه-تكيفي,adaptive_trend,adaptive_trend,FILUSDT,عرضي,AdaptiveTrend-4h,1,73549,73556,2024-10-22T01:49:00+00:00,2024-10-22T01:56:00+00:00,7,-0.0031086744145682878,-3.108674414568288,1000.0,تتبع,0,False,True,,False,3.8991694,3.898,0.0003,3.896,1,baseline,0,"""{\""tf\"": \""4h\"", \""capital\"": 1000.0}"""
اتجاه-تكيفي,adaptive_trend,adaptive_trend,FILUSDT,عرضي,AdaptiveTrend-4h,1,73666,73678,2024-10-22T03:46:00+00:00,2024-10-22T03:58:00+00:00,12,-0.004647083707435348,-4.647083707435348,1000.0,تتبع,0,False,True,,False,3.8931676,3.892,0.0003,3.884,1,baseline,0,"""{\""tf\"": \""4h\"", \""capital\"": 1000.0}"""
اتجاه-تكيفي,adaptive_trend,adaptive_trend,FILUSDT,عرضي,AdaptiveTrend-4h,1,105159,105173,2024-11-13T00:39:00+00:00,2024-11-13T00:53:00+00:00,14,-0.01011123668285648,-10.11123668285648,1000.0,تتبع,0,False,True,,False,4.2865704,4.284,0.0006,4.253,1,baseline,0,"""{\""tf\"": \""4h\"", \""capital\"": 1000.0}"""
اتجاه-تكيفي,adaptive_trend,adaptive_trend,FILUSDT,عرضي,AdaptiveTrend-4h,1,106853,106870,2024-11-14T04:53:00+00:00,2024-11-14T05:10:00+00:00,17,-0.004046636995124454,-4.046636995124454,1000.0,تتبع,0,False,True,,False,4.1292384,4.128,0.0003,4.122,1,baseline,0,"""{\""tf\"": \""4h\"", \""capital\"": 1000.0}"""
اتجاه-تكيفي,adaptive_trend,adaptive_trend,FILUSDT,عرضي,AdaptiveTrend-4h,1,106924,106939,2024-11-14T06:04:00+00:00,2024-11-14T06:19:00+00:00,15,0.008622351172654814,8.622351172654815,1000.0,تتبع,0,True,True,,False,4.1562465,4.155,0.0003,4.203,1,baseline,0,"""{\""tf\"": \""4h\"", \""capital\"": 1000.0}"""
اتجاه-تكيفي,adaptive_trend,adaptive_trend,FILUSDT,عرضي,AdaptiveTrend-4h,1,109227,109233,2024-11-15T20:27:00+00:00,2024-11-15T20:33:00+00:00,6,-0.006821218604742157,-6.821218604742157,1000.0,تتبع,0,False,True,"symbol_collision,symbol_exposure",True,4.251275,4.25,0.0003,4.232,1,baseline,0,"""{\""tf\"": \""4h\"", \""capital\"": 1000.0}"""
اتجاه-تكيفي,adaptive_trend,adaptive_trend,FILUSDT,عرضي,AdaptiveTrend-4h,1,109251,109256,2024-11-15T20:51:00+00:00,2024-11-15T20:56:00+00:00,5,-0.0065827841293505385,-6.5827841293505385,1000.0,تتبع,0,False,True,"symbol_collision,symbol_exposure",True,4.255276199999999,4.254,0.0003,4.237,1,baseline,0,"""{\""tf\"": \""4h\"", \""capital\"": 1000.0}"""
اتجاه-تكيفي,adaptive_trend,adaptive_trend,FILUSDT,عرضي,AdaptiveTrend-4h,1,112582,112589,2024-11-18T04:22:00+00:00,2024-11-18T04:29:00+00:00,7,-0.008469117523623107,-8.469117523623106,1000.0,تتبع,0,False,True,,False,4.5873758,4.586,0.0003,4.559,1,baseline,0,"""{\""tf\"": \""4h\"", \""capital\"": 1000.0}"""
اتجاه-تكيفي,adaptive_trend,adaptive_trend,FILUSDT,عرضي,AdaptiveTrend-4h,1,113543,113551,2024-11-18T20:23:00+00:00,2024-11-18T20:31:00+00:00,8,-0.0037193664761704087,-3.719366476170409,1000.0,تتبع,0,False,True,,False,4.444332899999999,4.443,0.0003,4.438,1,baseline,0,"""{\""tf\"": \""4h\"", \""capital\"": 1000.0}"""
اتجاه-تكيفي,adaptive_trend,adaptive_trend,FILUSDT,عرضي,AdaptiveTrend-4h,1,113598,113605,2024-11-18T21:18:00+00:00,2024-11-18T21:25:00+00:00,7,-0.0048123898506320225,-4.812389850632022,1000.0,تتبع,0,False,True,,False,4.503350599999999,4.502,0.0003,4.492,1,baseline,0,"""{\""tf\"": \""4h\"", \""capital\"": 1000.0}"""
اتجاه-تكيفي,adaptive_trend,adaptive_trend,FILUSDT,عرضي,AdaptiveTrend-4h,1,113655,113682,2024-11-18T22:15:00+00:00,2024-11-18T22:42:00+00:00,27,0.001155201653184874,1.155201653184874,1000.0,تتبع,0,True,True,,False,4.5203557,4.519,0.0003,4.536,1,baseline,0,"""{\""tf\"": \""4h\"", \""capital\"": 1000.0}"""
اتجاه-تكيفي,adaptive_trend,adaptive_trend,FILUSDT,عرضي,AdaptiveTrend-4h,1,114100,114106,2024-11-19T05:40:00+00:00,2024-11-19T05:46:00+00:00,6,-0.005916436456078544,-5.916436456078544,1000.0,تتبع,0,False,True,,False,4.5083521,4.507,0.0003,4.492,1,baseline,0,"""{\""tf\"": \""4h\"", \""capital\"": 1000.0}"""
اتجاه-تكيفي,adaptive_trend,adaptive_trend,FILUSDT,عرضي,AdaptiveTrend-4h,1,116010,116016,2024-11-20T13:30:00+00:00,2024-11-20T13:36:00+00:00,6,0.0076393463752355865,7.639346375235586,1000.0,تتبع,0,True,True,,False,4.4186496,4.416,0.0006,4.464,1,baseline,0,"""{\""tf\"": \""4h\"", \""capital\"": 1000.0}"""
اتجاه-تكيفي,adaptive_trend,adaptive_trend,FILUSDT,عرضي,AdaptiveTrend-4h,1,116041,116054,2024-11-20T14:01:00+00:00,2024-11-20T14:14:00+00:00,13,0.0010377032899327207,1.0377032899327208,1000.0,تتبع,0,True,True,,False,4.4766844,4.474,0.0006,4.493,1,baseline,0,"""{\""tf\"": \""4h\"", \""capital\"": 1000.0}"""
اتجاه-تكيفي,adaptive_trend,adaptive_trend,FILUSDT,عرضي,AdaptiveTrend-4h,1,117150,117151,2024-11-21T08:30:00+00:00,2024-11-21T08:31:00+00:00,1,-0.007012164817810851,-7.01216481781085,1000.0,تتبع,0,False,True,,False,4.519355399999999,4.518,0.0003,4.498,1,baseline,0,"""{\""tf\"": \""4h\"", \""capital\"": 1000.0}"""
اتجاه-تكيفي,adaptive_trend,adaptive_trend,FILUSDT,عرضي,AdaptiveTrend-4h,1,124408,124415,2024-11-26T09:28:00+00:00,2024-11-26T09:35:00+00:00,7,-0.009943945525434,-9.943945525434,1000.0,تتبع,0,False,True,,False,5.5676698,5.566,0.0003,5.525,1,baseline,0,"""{\""tf\"": \""4h\"", \""capital\"": 1000.0}"""
اتجاه-تكيفي,adaptive_trend,adaptive_trend,FILUSDT,عرضي,AdaptiveTrend-4h,1,125290,125298,2024-11-27T00:10:00+00:00,2024-11-27T00:18:00+00:00,8,-0.0003849297232327598,-0.3849297232327598,1000.0,تتبع,0,False,True,,False,5.4502682,5.447,0.0006,5.464,1,baseline,0,"""{\""tf\"": \""4h\"", \""capital\"": 1000.0}"""
اتجاه-تكيفي,adaptive_trend,adaptive_trend,FILUSDT,عرضي,AdaptiveTrend-4h,1,125464,125482,2024-11-27T03:04:00+00:00,2024-11-27T03:22:00+00:00,18,-0.008678649298658244,-8.678649298658245,1000.0,تتبع,0,False,True,,False,5.413623599999999,5.412,0.0003,5.379,1,baseline,0,"""{\""tf\"": \""4h\"", \""capital\"": 1000.0}"""
اتجاه-تكيفي,adaptive_trend,adaptive_trend,FILUSDT,عرضي,AdaptiveTrend-4h,1,125534,125548,2024-11-27T04:14:00+00:00,2024-11-27T04:28:00+00:00,14,0.008426135281153352,8.426135281153352,1000.0,تتبع,0,True,True,,False,5.4306287,5.429,0.0003,5.489,1,baseline,0,"""{\""tf\"": \""4h\"", \""capital\"": 1000.0}"""
اتجاه-تكيفي,adaptive_trend,adaptive_trend,FILUSDT,عرضي,AdaptiveTrend-4h,1,125623,125627,2024-11-27T05:43:00+00:00,2024-11-27T05:47:00+00:00,4,-0.007682934174991862,-7.682934174991862,1000.0,تتبع,0,False,True,,False,5.4926473,5.491,0.0003,5.463,1,baseline,0,"""{\""tf\"": \""4h\"", \""capital\"": 1000.0}"""
اتجاه-تكيفي,adaptive_trend,adaptive_trend,FILUSDT,عرضي,AdaptiveTrend-4h,1,125651,125670,2024-11-27T06:11:00+00:00,2024-11-27T06:30:00+00:00,19,-0.0018729870372636648,-1.8729870372636648,1000.0,تتبع,0,False,True,,False,5.5126533,5.511,0.0003,5.515,1,baseline,0,"""{\""tf\"": \""4h\"", \""capital\"": 1000.0}"""
اتجاه-تكيفي,adaptive_trend,adaptive_trend,FILUSDT,عرضي,AdaptiveTrend-4h,1,125754,125762,2024-11-27T07:54:00+00:00,2024-11-27T08:02:00+00:00,8,-0.00674075825793294,-6.74075825793294,1000.0,تتبع,0,False,True,,False,5.537660799999999,5.536,0.0003,5.513,1,baseline,0,"""{\""tf\"": \""4h\"", \""capital\"": 1000.0}"""
اتجاه-تكيفي,adaptive_trend,adaptive_trend,FILUSDT,عرضي,AdaptiveTrend-4h,1,125882,125885,2024-11-27T10:02:00+00:00,2024-11-27T10:05:00+00:00,3,-0.0038631222663389657,-3.8631222663389657,1000.0,تتبع,0,False,True,,False,5.5156542,5.514,0.0003,5.507,1,baseline,0,"""{\""tf\"": \""4h\"", \""capital\"": 1000.0}"""
اتجاه-تكيفي,adaptive_trend,adaptive_trend,FILUSDT,عرضي,AdaptiveTrend-4h,1,125887,125925,2024-11-27T10:07:00+00:00,2024-11-27T10:45:00+00:00,38,0.011551623817681416,11.551623817681415,1000.0,تتبع,0,True,True,,False,5.5226562999999995,5.521,0.0003,5.601,1,baseline,0,"""{\""tf\"": \""4h\"", \""capital\"": 1000.0}"""
اتجاه-تكيفي,adaptive_trend,adaptive_trend,FILUSDT,عرضي,AdaptiveTrend-4h,1,126089,126093,2024-11-27T13:29:00+00:00,2024-11-27T13:33:00+00:00,4,-0.00586828899734432,-5.86828899734432,1000.0,تتبع,0,False,True,,False,5.4896464,5.488,0.0003,5.47,1,baseline,0,"""{\""tf\"": \""4h\"", \""capital\"": 1000.0}"""
اتجاه-تكيفي,adaptive_trend,adaptive_trend,FILUSDT,عرضي,AdaptiveTrend-4h,1,126113,126129,2024-11-27T13:53:00+00:00,2024-11-27T14:09:00+00:00,16,-6.63608657322659e-05,-0.0663608657322659,1000.0,تتبع,0,False,True,,False,5.5196553999999995,5.518,0.0003,5.532,1,baseline,0,"""{\""tf\"": \""4h\"", \""capital\"": 1000.0}"""
اتجاه-تكيفي,adaptive_trend,adaptive_trend,FILUSDT,عرضي,AdaptiveTrend-4h,1,126179,126193,2024-11-27T14:59:00+00:00,2024-11-27T15:13:00+00:00,14,-0.007247654927382382,-7.247654927382382,1000.0,تتبع,0,False,True,,False,5.577672799999999,5.576,0.0003,5.55,1,baseline,0,"""{\""tf\"": \""4h\"", \""capital\"": 1000.0}"""
اتجاه-تكيفي,adaptive_trend,adaptive_trend,FILUSDT,عرضي,AdaptiveTrend-4h,1,126217,126229,2024-11-27T15:37:00+00:00,2024-11-27T15:49:00+00:00,12,-0.0018879109038499682,-1.8879109038499682,1000.0,تتبع,0,False,True,,False,5.6286881,5.627,0.0003,5.631,1,baseline,0,"""{\""tf\"": \""4h\"", \""capital\"": 1000.0}"""
اتجاه-تكيفي,adaptive_trend,adaptive_trend,FILUSDT,عرضي,AdaptiveTrend-4h,1,126230,126245,2024-11-27T15:50:00+00:00,2024-11-27T16:05:00+00:00,15,-0.008778808768331856,-8.778808768331855,1000.0,تتبع,0,False,True,,False,5.6486941,5.647,0.0003,5.612,1,baseline,0,"""{\""tf\"": \""4h\"", \""capital\"": 1000.0}"""
اتجاه-تكيفي,adaptive_trend,adaptive_trend,FILUSDT,عرضي,AdaptiveTrend-4h,1,127922,127926,2024-11-28T20:02:00+00:00,2024-11-28T20:06:00+00:00,4,-0.004156177639880133,-4.1561776398801324,1000.0,تتبع,0,False,True,,False,5.7587271,5.757,0.0003,5.748,1,baseline,0,"""{\""tf\"": \""4h\"", \""capital\"": 1000.0}"""
اتجاه-تكيفي,adaptive_trend,adaptive_trend,FILUSDT,عرضي,AdaptiveTrend-4h,1,138483,138486,2024-12-06T04:03:00+00:00,2024-12-06T04:06:00+00:00,3,-0.006116429981897807,-6.116429981897807,1000.0,تتبع,0,False,True,,False,7.9373805,7.935,0.0003,7.907,1,baseline,0,"""{\""tf\"": \""4h\"", \""capital\"": 1000.0}"""
اتجاه-تكيفي,adaptive_trend,adaptive_trend,FILUSDT,عرضي,AdaptiveTrend-4h,1,138907,138912,2024-12-06T11:07:00+00:00,2024-12-06T11:12:00+00:00,5,-0.00934387447399692,-9.34387447399692,1000.0,تتبع,0,False,True,,False,7.837350499999999,7.835,0.0003,7.782,1,baseline,0,"""{\""tf\"": \""4h\"", \""capital\"": 1000.0}"""
اتجاه-تكيفي,adaptive_trend,adaptive_trend,FILUSDT,عرضي,AdaptiveTrend-4h,1,140821,140843,2024-12-07T19:01:00+00:00,2024-12-07T19:23:00+00:00,22,-0.002850683067264108,-2.850683067264108,1000.0,تتبع,0,False,True,,False,7.8633583,7.861,0.0003,7.859,1,baseline,0,"""{\""tf\"": \""4h\"", \""capital\"": 1000.0}"""
