symbol,exp,entry_time,exit_time,entry,exit,notional,pnl,r_mult,exit_side,bars_held
ATOMUSDT,rnd510048,2021-09-03T20:00:00+00:00,2021-09-07T12:00:00+00:00,24.762375,23.498245,20.0,-1.021,,stop,22
ATOMUSDT,rnd510048,2021-09-07T16:00:00+00:00,2021-09-16T00:00:00+00:00,20.49024,31.9625821429,20.0,11.1979,,stop,50
ATOMUSDT,rnd510048,2021-09-16T08:00:00+00:00,2021-09-20T12:00:00+00:00,32.67633,36.8130128571,20.0,2.5319,,stop,25
ATOMUSDT,rnd510048,2021-09-21T16:00:00+00:00,2021-10-12T12:00:00+00:00,35.49774,29.9364528571,20.0,-3.1333,,stop,125
ATOMUSDT,rnd510048,2021-10-12T20:00:00+00:00,2021-10-27T08:00:00+00:00,32.866425,37.1756885714,20.0,2.6223,,stop,87
ATOMUSDT,rnd510048,2021-10-28T00:00:00+00:00,2021-11-10T20:00:00+00:00,36.77838,32.2224521429,20.0,-2.4775,,stop,83
ATOMUSDT,rnd510048,2021-11-12T08:00:00+00:00,2021-11-16T08:00:00+00:00,32.266125,28.5679053304,20.0,-2.2923,,stop,24
ATOMUSDT,rnd510048,2021-11-16T12:00:00+00:00,2021-11-18T12:00:00+00:00,29.524755,26.7292408368,20.0,-1.8937,,stop,12
ATOMUSDT,rnd510048,2021-11-18T16:00:00+00:00,2021-11-26T04:00:00+00:00,26.743365,28.62568,20.0,1.4077,,stop,45
ATOMUSDT,rnd510048,2021-11-26T16:00:00+00:00,2021-12-04T04:00:00+00:00,27.17358,28.66566,20.0,1.0982,,stop,45
ATOMUSDT,rnd510048,2021-12-05T20:00:00+00:00,2022-01-10T12:00:00+00:00,24.482235,33.02348,20.0,6.9775,,stop,214
ATOMUSDT,rnd510048,2022-01-11T08:00:00+00:00,2022-01-19T04:00:00+00:00,38.569275,35.82208,20.0,-1.4246,,stop,47
ATOMUSDT,rnd510048,2022-01-20T04:00:00+00:00,2022-01-21T12:00:00+00:00,38.549265,35.5365085714,20.0,-1.5631,,stop,8
ATOMUSDT,rnd510048,2022-01-21T16:00:00+00:00,2022-01-21T20:00:00+00:00,37.568775,32.6560102554,20.0,-2.6153,,stop,1
ATOMUSDT,rnd510048,2022-01-22T12:00:00+00:00,2022-01-30T16:00:00+00:00,29.69484,26.7851721429,20.0,-1.9597,,stop,49
ATOMUSDT,rnd510048,2022-01-30T20:00:00+00:00,2022-02-10T12:00:00+00:00,26.723355,28.7441921429,20.0,1.5124,,stop,64
ATOMUSDT,rnd510048,2022-02-11T00:00:00+00:00,2022-02-11T20:00:00+00:00,29.11455,26.7154712964,20.0,-1.648,,stop,5
ATOMUSDT,rnd510048,2022-02-12T12:00:00+00:00,2022-02-19T08:00:00+00:00,27.91395,26.3982228571,20.0,-1.086,,stop,41
ATOMUSDT,rnd510048,2022-02-20T00:00:00+00:00,2022-02-21T20:00:00+00:00,26.683335,24.4264727968,20.0,-1.6916,,stop,11
ATOMUSDT,rnd510048,2022-02-22T20:00:00+00:00,2022-02-24T04:00:00+00:00,24.442215,22.2831385714,20.0,-1.7667,,stop,8
ATOMUSDT,rnd510048,2022-02-25T12:00:00+00:00,2022-03-05T00:00:00+00:00,24.97248,29.7465478571,20.0,3.8235,,stop,45
ATOMUSDT,rnd510048,2022-03-05T12:00:00+00:00,2022-03-13T12:00:00+00:00,30.07503,26.7134523064,20.0,-2.2355,,stop,48
ATOMUSDT,rnd510048,2022-03-14T00:00:00+00:00,2022-03-31T12:00:00+00:00,26.243115,29.2710714286,20.0,2.3076,,stop,105
ATOMUSDT,rnd510048,2022-04-01T00:00:00+00:00,2022-04-05T20:00:00+00:00,28.904445,29.3667378571,20.0,0.3199,,stop,29
ATOMUSDT,rnd510048,2022-04-06T00:00:00+00:00,2022-04-06T16:00:00+00:00,29.31465,26.963661425,20.0,-1.604,,stop,4
ATOMUSDT,rnd510048,2022-04-08T12:00:00+00:00,2022-04-11T08:00:00+00:00,27.2136,25.5743492857,20.0,-1.2047,,stop,17
ATOMUSDT,rnd510048,2022-04-11T12:00:00+00:00,2022-04-11T20:00:00+00:00,25.13256,23.64573122,20.0,-1.1832,,stop,2
ATOMUSDT,rnd510048,2022-04-12T12:00:00+00:00,2022-04-17T20:00:00+00:00,24.97248,23.1055642957,20.0,-1.4952,,stop,32
ATOMUSDT,rnd510048,2022-04-18T00:00:00+00:00,2022-04-21T20:00:00+00:00,23.23161,23.6695878571,20.0,0.3771,,stop,23
ATOMUSDT,rnd510048,2022-04-22T16:00:00+00:00,2022-04-25T00:00:00+00:00,23.15157,21.7121370721,20.0,-1.2435,,stop,14
ATOMUSDT,rnd510048,2022-04-26T20:00:00+00:00,2022-04-29T16:00:00+00:00,20.63031,19.4531257143,20.0,-1.1412,,stop,17
ATOMUSDT,rnd510048,2022-04-30T00:00:00+00:00,2022-04-30T20:00:00+00:00,19.44972,17.9104031757,20.0,-1.5829,,stop,5
ATOMUSDT,rnd510048,2022-05-01T04:00:00+00:00,2022-05-05T12:00:00+00:00,18.32916,17.6940057143,20.0,-0.6931,,stop,26
ATOMUSDT,rnd510048,2022-05-06T04:00:00+00:00,2022-05-08T00:00:00+00:00,17.86893,16.0180598207,20.0,-2.0716,,stop,11
ATOMUSDT,rnd510048,2022-05-08T04:00:00+00:00,2022-05-09T08:00:00+00:00,16.118055,14.7356834725,20.0,-1.7153,,stop,7
ATOMUSDT,rnd510048,2022-05-10T00:00:00+00:00,2022-05-11T04:00:00+00:00,12.50625,12.1967557143,20.0,-0.4949,,stop,7
ATOMUSDT,rnd510048,2022-05-12T04:00:00+00:00,2022-06-13T08:00:00+00:00,9.66483,6.06982071429,20.0,-7.4394,,stop,193
ATOMUSDT,rnd510048,2022-06-16T04:00:00+00:00,2022-06-18T04:00:00+00:00,7.18359,6.043066955,20.0,-3.1754,,stop,12
ATOMUSDT,rnd510048,2022-06-18T20:00:00+00:00,2022-06-28T00:00:00+00:00,5.632815,7.62047357143,20.0,7.0574,,stop,55
ATOMUSDT,rnd510048,2022-06-28T12:00:00+00:00,2022-06-29T04:00:00+00:00,7.90395,7.06470159643,20.0,-2.1236,,stop,4
ATOMUSDT,rnd510048,2022-06-29T12:00:00+00:00,2022-07-11T20:00:00+00:00,7.173585,8.47576,20.0,3.6305,,stop,74
ATOMUSDT,rnd510048,2022-07-12T08:00:00+00:00,2022-07-23T08:00:00+00:00,8.094045,10.0906664286,20.0,4.9336,,stop,66
ATOMUSDT,rnd510048,2022-07-24T12:00:00+00:00,2022-07-25T16:00:00+00:00,10.1740845,9.13951245775,20.0,-2.0337,,stop,7
ATOMUSDT,rnd510048,2022-07-27T08:00:00+00:00,2022-08-02T04:00:00+00:00,9.4697325,9.77039807143,20.0,0.635,,stop,35
ATOMUSDT,rnd510048,2022-08-02T08:00:00+00:00,2022-08-10T00:00:00+00:00,9.9399675,10.7457672857,20.0,1.6213,,stop,46
ATOMUSDT,rnd510048,2022-08-10T20:00:00+00:00,2022-08-19T04:00:00+00:00,11.763879,10.6909375714,20.0,-1.8241,,stop,50
ATOMUSDT,rnd510048,2022-08-19T16:00:00+00:00,2022-08-26T20:00:00+00:00,10.8054,11.5013892857,20.0,1.2882,,stop,43
ATOMUSDT,rnd510048,2022-08-27T12:00:00+00:00,2022-09-12T16:00:00+00:00,10.8744345,15.05247,20.0,7.6841,,stop,97
ATOMUSDT,rnd510048,2022-09-12T20:00:00+00:00,2022-09-13T16:00:00+00:00,15.52776,14.0202106736,20.0,-1.9417,,stop,5
ATOMUSDT,rnd510048,2022-09-14T00:00:00+00:00,2022-09-20T16:00:00+00:00,13.904949,14.058967,20.0,0.2215,,stop,40
ATOMUSDT,rnd510048,2022-09-21T16:00:00+00:00,2022-09-28T00:00:00+00:00,13.932963,12.8559973571,20.0,-1.5459,,stop,38
ATOMUSDT,rnd510048,2022-09-28T20:00:00+00:00,2022-10-13T00:00:00+00:00,12.9774855,11.5993614894,20.0,-2.1239,,stop,85
ATOMUSDT,rnd510048,2022-10-13T20:00:00+00:00,2022-10-20T20:00:00+00:00,11.5407675,11.2570829286,20.0,-0.4916,,stop,42
ATOMUSDT,rnd510048,2022-10-21T00:00:00+00:00,2022-11-02T20:00:00+00:00,11.383689,13.2525132857,20.0,3.2833,,stop,77
ATOMUSDT,rnd510048,2022-11-03T04:00:00+00:00,2022-11-07T00:00:00+00:00,13.7138535,14.3433961429,20.0,0.9181,,stop,23
ATOMUSDT,rnd510048,2022-11-08T04:00:00+00:00,2022-11-08T16:00:00+00:00,13.528761,12.2421011731,20.0,-1.9021,,stop,3
ATOMUSDT,rnd510048,2022-11-09T04:00:00+00:00,2022-11-09T20:00:00+00:00,11.9629785,9.95960335004,20.0,-3.3493,,stop,4
ATOMUSDT,rnd510048,2022-11-10T00:00:00+00:00,2022-11-21T16:00:00+00:00,9.790893,8.79774178571,20.0,-2.0287,,stop,70
ATOMUSDT,rnd510048,2022-11-23T04:00:00+00:00,2022-12-13T04:00:00+00:00,9.8359155,9.37416771429,20.0,-0.9389,,stop,120
ATOMUSDT,rnd510048,2022-12-14T04:00:00+00:00,2022-12-16T08:00:00+00:00,9.8319135,9.24478879325,20.0,-1.1943,,stop,13
ATOMUSDT,rnd510048,2022-12-17T08:00:00+00:00,2023-01-14T08:00:00+00:00,8.74437,12.547723,20.0,8.699,,stop,168
ATOMUSDT,rnd510048,2023-01-15T00:00:00+00:00,2023-01-18T12:00:00+00:00,12.880437,11.7754391922,20.0,-1.7158,,stop,21
ATOMUSDT,rnd510048,2023-01-19T00:00:00+00:00,2023-01-24T20:00:00+00:00,11.5407675,12.4107915,20.0,1.5077,,stop,35
ATOMUSDT,rnd510048,2023-01-25T12:00:00+00:00,2023-02-05T12:00:00+00:00,12.7313625,14.1120832857,20.0,2.169,,stop,66
ATOMUSDT,rnd510048,2023-02-05T20:00:00+00:00,2023-02-09T16:00:00+00:00,14.5682805,14.184904,20.0,-0.5263,,stop,23
ATOMUSDT,rnd510048,2023-02-10T00:00:00+00:00,2023-02-25T20:00:00+00:00,13.5357645,12.6542411429,20.0,-1.3025,,stop,95
ATOMUSDT,rnd510048,2023-02-26T04:00:00+00:00,2023-02-28T20:00:00+00:00,12.978486,12.3414193463,20.0,-0.9817,,stop,16
ATOMUSDT,rnd510048,2023-03-01T20:00:00+00:00,2023-03-03T00:00:00+00:00,12.568281,11.9692576631,20.0,-0.9532,,stop,7
ATOMUSDT,rnd510048,2023-03-03T12:00:00+00:00,2023-03-08T12:00:00+00:00,11.9749845,11.2957623649,20.0,-1.1344,,stop,30
ATOMUSDT,rnd510048,2023-03-09T00:00:00+00:00,2023-03-10T08:00:00+00:00,10.9624785,10.3462313679,20.0,-1.1243,,stop,8
ATOMUSDT,rnd510048,2023-03-11T12:00:00+00:00,2023-03-15T16:00:00+00:00,10.715355,11.8510715,20.0,2.1198,,stop,25
ATOMUSDT,rnd510048,2023-03-16T04:00:00+00:00,2023-03-22T16:00:00+00:00,12.4072005,11.1362862143,20.0,-2.0487,,stop,39
ATOMUSDT,rnd510048,2023-03-22T20:00:00+00:00,2023-03-25T16:00:00+00:00,10.9984965,10.9408125714,20.0,-0.1049,,stop,17
ATOMUSDT,rnd510048,2023-03-26T00:00:00+00:00,2023-04-19T08:00:00+00:00,11.091543,11.8172312857,20.0,1.3085,,stop,146
ATOMUSDT,rnd510048,2023-04-19T16:00:00+00:00,2023-04-21T04:00:00+00:00,11.8729335,11.1691318547,20.0,-1.1856,,stop,9
ATOMUSDT,rnd510048,2023-04-21T08:00:00+00:00,2023-04-21T20:00:00+00:00,11.4367155,10.6449617851,20.0,-1.3846,,stop,3
ATOMUSDT,rnd510048,2023-04-22T04:00:00+00:00,2023-04-26T20:00:00+00:00,10.78539,10.2750027857,20.0,-0.9464,,stop,28
ATOMUSDT,rnd510048,2023-04-27T00:00:00+00:00,2023-05-03T12:00:00+00:00,10.9464705,10.8248705714,20.0,-0.2222,,stop,39
ATOMUSDT,rnd510048,2023-05-05T12:00:00+00:00,2023-05-06T12:00:00+00:00,11.129562,10.7757785583,20.0,-0.6358,,stop,6
ATOMUSDT,rnd510048,2023-05-06T16:00:00+00:00,2023-05-08T16:00:00+00:00,10.78539,10.5738532857,20.0,-0.3923,,stop,12
ATOMUSDT,rnd510048,2023-05-09T04:00:00+00:00,2023-05-22T00:00:00+00:00,10.5782865,10.350822,20.0,-0.4301,,stop,77
ATOMUSDT,rnd510048,2023-05-22T20:00:00+00:00,2023-05-24T12:00:00+00:00,10.483239,10.2424009519,20.0,-0.4595,,stop,10
ATOMUSDT,rnd510048,2023-05-25T00:00:00+00:00,2023-05-31T08:00:00+00:00,10.4182065,10.5280190714,20.0,0.2108,,stop,38
ATOMUSDT,rnd510048,2023-06-01T00:00:00+00:00,2023-06-05T12:00:00+00:00,10.463229,10.3992263571,20.0,-0.1223,,stop,27
ATOMUSDT,rnd510048,2023-06-06T08:00:00+00:00,2023-06-07T12:00:00+00:00,10.0120035,9.73455885714,20.0,-0.5542,,stop,7
ATOMUSDT,rnd510048,2023-06-07T16:00:00+00:00,2023-06-10T00:00:00+00:00,9.6258105,9.11892732689,20.0,-1.0532,,stop,14
ATOMUSDT,rnd510048,2023-06-10T12:00:00+00:00,2023-07-12T16:00:00+00:00,7.947972,8.97065528571,20.0,2.5734,,stop,193
ATOMUSDT,rnd510048,2023-07-13T20:00:00+00:00,2023-07-14T16:00:00+00:00,9.74487,9.71128478571,20.0,-0.0689,,stop,5
ATOMUSDT,rnd510048,2023-07-15T04:00:00+00:00,2023-07-24T08:00:00+00:00,9.6678315,8.94978294139,20.0,-1.4854,,stop,55
ATOMUSDT,rnd510048,2023-07-24T16:00:00+00:00,2023-08-01T00:00:00+00:00,8.9774865,8.58997507818,20.0,-0.8633,,stop,44
ATOMUSDT,rnd510048,2023-08-01T08:00:00+00:00,2023-08-04T16:00:00+00:00,8.7933945,8.51616835714,20.0,-0.6305,,stop,20
ATOMUSDT,rnd510048,2023-08-04T20:00:00+00:00,2023-08-15T16:00:00+00:00,8.518257,8.21236305007,20.0,-0.7182,,stop,65
ATOMUSDT,rnd510048,2023-08-16T00:00:00+00:00,2023-08-16T20:00:00+00:00,8.1090525,7.79069092018,20.0,-0.7852,,stop,5
ATOMUSDT,rnd510048,2023-08-17T04:00:00+00:00,2023-08-17T20:00:00+00:00,7.8249105,7.61504771429,20.0,-0.5364,,stop,4
ATOMUSDT,rnd510048,2023-08-18T20:00:00+00:00,2023-08-31T16:00:00+00:00,7.613805,6.89392774036,20.0,-1.891,,stop,77
ATOMUSDT,rnd510048,2023-09-01T20:00:00+00:00,2023-09-10T04:00:00+00:00,6.711354,6.53701557143,20.0,-0.5195,,stop,50
ATOMUSDT,rnd510048,2023-09-10T12:00:00+00:00,2023-09-11T08:00:00+00:00,6.7463715,6.54327679639,20.0,-0.6021,,stop,5
ATOMUSDT,rnd510048,2023-09-12T00:00:00+00:00,2023-09-22T04:00:00+00:00,6.377187,7.08317092857,20.0,2.2141,,stop,61
ATOMUSDT,rnd510048,2023-09-22T16:00:00+00:00,2023-09-25T00:00:00+00:00,7.1825895,6.90020909811,20.0,-0.7863,,stop,14
ATOMUSDT,rnd510048,2023-09-25T04:00:00+00:00,2023-10-02T12:00:00+00:00,6.993495,7.320338,20.0,0.9347,,stop,44
ATOMUSDT,rnd510048,2023-10-02T20:00:00+00:00,2023-10-04T00:00:00+00:00,7.2526245,6.93790381275,20.0,-0.8679,,stop,7
ATOMUSDT,rnd510048,2023-10-05T12:00:00+00:00,2023-10-09T08:00:00+00:00,6.9364665,6.67473460604,20.0,-0.7547,,stop,23
ATOMUSDT,rnd510048,2023-10-10T04:00:00+00:00,2023-10-10T08:00:00+00:00,6.8524245,6.96565828571,20.0,0.3305,,stop,1
ATOMUSDT,rnd510048,2023-10-11T00:00:00+00:00,2023-10-19T00:00:00+00:00,6.6823395,6.19513324096,20.0,-1.4582,,stop,48
ATOMUSDT,rnd510048,2023-10-19T16:00:00+00:00,2023-10-24T12:00:00+00:00,6.2241105,6.96622942857,20.0,2.3847,,stop,29
ATOMUSDT,rnd510048,2023-10-26T00:00:00+00:00,2023-11-09T16:00:00+00:00,7.121559,8.13207478571,20.0,2.8379,,stop,88
ATOMUSDT,rnd510048,2023-11-10T16:00:00+00:00,2023-11-13T20:00:00+00:00,9.0995475,9.22981135714,20.0,0.2863,,stop,19
ATOMUSDT,rnd510048,2023-11-14T04:00:00+00:00,2023-11-21T12:00:00+00:00,9.278637,8.56957021429,20.0,-1.5284,,stop,44
ATOMUSDT,rnd510048,2023-11-21T20:00:00+00:00,2023-11-27T16:00:00+00:00,8.6093025,8.98507664286,20.0,0.8729,,stop,35
ATOMUSDT,rnd510048,2023-11-28T00:00:00+00:00,2023-12-11T00:00:00+00:00,9.3116535,9.99842685714,20.0,1.4751,,stop,78
ATOMUSDT,rnd510048,2023-12-11T16:00:00+00:00,2023-12-13T04:00:00+00:00,9.894945,10.8602814286,20.0,1.9512,,stop,9
ATOMUSDT,rnd510048,2023-12-13T08:00:00+00:00,2023-12-31T00:00:00+00:00,11.049522,10.760617,20.0,-0.5229,,stop,106
BTCUSDT,rnd510048,2021-09-03T08:00:00+00:00,2021-09-07T12:00:00+00:00,49329.75255,49415.5512929,20.0,0.0348,,stop,25
BTCUSDT,rnd510048,2021-09-07T16:00:00+00:00,2021-09-20T08:00:00+00:00,46679.398035,43425.4935343,20.0,-1.3942,,stop,76
BTCUSDT,rnd510048,2021-09-20T16:00:00+00:00,2021-09-21T00:00:00+00:00,43866.80244,41396.2582424,20.0,-1.1264,,stop,2
BTCUSDT,rnd510048,2021-09-21T04:00:00+00:00,2021-10-22T12:00:00+00:00,42704.36151,61822.5304143,20.0,8.9537,,stop,188
BTCUSDT,rnd510048,2021-10-22T16:00:00+00:00,2021-11-16T00:00:00+00:00,60721.28547,62167.1951386,20.0,0.4762,,stop,146
BTCUSDT,rnd510048,2021-11-16T04:00:00+00:00,2021-11-18T12:00:00+00:00,60937.8537,58146.2231874,20.0,-0.9162,,stop,14
BTCUSDT,rnd510048,2021-11-18T16:00:00+00:00,2021-11-26T08:00:00+00:00,58129.100025,54130.1838937,20.0,-1.3759,,stop,46
BTCUSDT,rnd510048,2021-11-26T12:00:00+00:00,2021-12-03T16:00:00+00:00,53746.169655,54438.7027464,20.0,0.2577,,stop,43
BTCUSDT,rnd510048,2021-12-04T04:00:00+00:00,2021-12-04T04:00:00+00:00,52026.010005,48676.2025857,20.0,-1.2877,,stop,0
BTCUSDT,rnd510048,2021-12-04T08:00:00+00:00,2022-01-05T20:00:00+00:00,47266.371375,44000.8771271,20.0,-1.3817,,stop,195
BTCUSDT,rnd510048,2022-01-06T00:00:00+00:00,2022-01-07T12:00:00+00:00,43472.86557,40950.8656086,20.0,-1.1603,,stop,9
BTCUSDT,rnd510048,2022-01-07T16:00:00+00:00,2022-01-21T00:00:00+00:00,41331.505425,39630.3006514,20.0,-0.8232,,stop,80
BTCUSDT,rnd510048,2022-01-21T04:00:00+00:00,2022-01-21T20:00:00+00:00,38484.882825,35878.8808389,20.0,-1.3543,,stop,4
BTCUSDT,rnd510048,2022-01-22T00:00:00+00:00,2022-01-24T08:00:00+00:00,36463.532655,33427.9960101,20.0,-1.665,,stop,14
BTCUSDT,rnd510048,2022-01-24T12:00:00+00:00,2022-02-17T16:00:00+00:00,33713.96856,40793.35312,20.0,4.1997,,stop,145
BTCUSDT,rnd510048,2022-02-18T00:00:00+00:00,2022-02-20T08:00:00+00:00,40535.967855,38415.7646496,20.0,-1.0461,,stop,14
BTCUSDT,rnd510048,2022-02-20T12:00:00+00:00,2022-02-21T20:00:00+00:00,38363.161995,36871.205175,20.0,-0.7778,,stop,8
BTCUSDT,rnd510048,2022-02-22T08:00:00+00:00,2022-02-24T00:00:00+00:00,36790.035825,34834.9181136,20.0,-1.0629,,stop,10
BTCUSDT,rnd510048,2022-02-24T04:00:00+00:00,2022-03-04T00:00:00+00:00,34954.36845,41099.9654514,20.0,3.5164,,stop,47
BTCUSDT,rnd510048,2022-03-04T12:00:00+00:00,2022-03-04T20:00:00+00:00,41682.89103,39209.8905631,20.0,-1.1866,,stop,2
BTCUSDT,rnd510048,2022-03-05T00:00:00+00:00,2022-03-10T12:00:00+00:00,39168.224325,38547.83644,20.0,-0.3168,,stop,33
BTCUSDT,rnd510048,2022-03-10T16:00:00+00:00,2022-04-06T16:00:00+00:00,39199.139775,43651.6004243,20.0,2.2717,,stop,162
BTCUSDT,rnd510048,2022-04-06T20:00:00+00:00,2022-04-11T08:00:00+00:00,43776.43728,41699.4146426,20.0,-0.9489,,stop,27
BTCUSDT,rnd510048,2022-04-12T04:00:00+00:00,2022-04-18T04:00:00+00:00,39767.01357,38829.5198136,20.0,-0.4715,,stop,36
BTCUSDT,rnd510048,2022-04-18T12:00:00+00:00,2022-04-21T20:00:00+00:00,39018.03927,41114.49247,20.0,1.0746,,stop,20
BTCUSDT,rnd510048,2022-04-22T00:00:00+00:00,2022-04-25T00:00:00+00:00,40500.250005,38712.6322202,20.0,-0.8828,,stop,18
BTCUSDT,rnd510048,2022-04-25T04:00:00+00:00,2022-04-26T12:00:00+00:00,39273.32685,39002.4076121,20.0,-0.138,,stop,8
BTCUSDT,rnd510048,2022-04-26T16:00:00+00:00,2022-05-05T12:00:00+00:00,38583.22197,37229.8086407,20.0,-0.7016,,stop,53
BTCUSDT,rnd510048,2022-05-05T20:00:00+00:00,2022-05-08T00:00:00+00:00,36334.168005,34282.9768701,20.0,-1.1291,,stop,13
BTCUSDT,rnd510048,2022-05-08T08:00:00+00:00,2022-05-09T08:00:00+00:00,34613.848275,33131.053033,20.0,-0.8568,,stop,6
BTCUSDT,rnd510048,2022-05-09T12:00:00+00:00,2022-05-09T16:00:00+00:00,33138.871155,31485.4973167,20.0,-0.9978,,stop,1
BTCUSDT,rnd510048,2022-05-09T20:00:00+00:00,2022-05-11T12:00:00+00:00,30956.09031,29135.1037321,20.0,-1.1765,,stop,10
BTCUSDT,rnd510048,2022-05-11T16:00:00+00:00,2022-05-12T04:00:00+00:00,30993.098805,26998.9372261,20.0,-2.5775,,stop,3
BTCUSDT,rnd510048,2022-05-12T08:00:00+00:00,2022-06-13T00:00:00+00:00,28207.4967,25726.01056,20.0,-1.7595,,stop,190
BTCUSDT,rnd510048,2022-06-13T04:00:00+00:00,2022-06-13T08:00:00+00:00,25532.810025,23588.7418968,20.0,-1.5228,,stop,1
BTCUSDT,rnd510048,2022-06-13T12:00:00+00:00,2022-06-14T00:00:00+00:00,23741.294715,21361.5193266,20.0,-2.0048,,stop,3
BTCUSDT,rnd510048,2022-06-14T04:00:00+00:00,2022-06-18T08:00:00+00:00,22138.98396,18968.6109814,20.0,-2.8641,,stop,25
BTCUSDT,rnd510048,2022-06-18T12:00:00+00:00,2022-06-30T12:00:00+00:00,19253.611995,18904.2916971,20.0,-0.3629,,stop,72
BTCUSDT,rnd510048,2022-06-30T20:00:00+00:00,2022-07-01T08:00:00+00:00,18936.793665,19160.5335121,20.0,0.2363,,stop,3
BTCUSDT,rnd510048,2022-07-01T12:00:00+00:00,2022-07-11T20:00:00+00:00,19200.61551,20107.571185,20.0,0.9447,,stop,62
BTCUSDT,rnd510048,2022-07-12T04:00:00+00:00,2022-07-13T12:00:00+00:00,19952.301165,19015.3869296,20.0,-0.9392,,stop,8
BTCUSDT,rnd510048,2022-07-13T16:00:00+00:00,2022-07-21T08:00:00+00:00,19464.717495,22475.63656,20.0,3.0937,,stop,46
BTCUSDT,rnd510048,2022-07-21T12:00:00+00:00,2022-07-26T00:00:00+00:00,22619.22396,20971.7959993,20.0,-1.4567,,stop,27
BTCUSDT,rnd510048,2022-07-26T04:00:00+00:00,2022-08-02T00:00:00+00:00,21152.100765,22776.1976329,20.0,1.5356,,stop,41
BTCUSDT,rnd510048,2022-08-02T08:00:00+00:00,2022-08-17T12:00:00+00:00,22901.06481,23493.7586729,20.0,0.5176,,stop,91
BTCUSDT,rnd510048,2022-08-17T16:00:00+00:00,2022-08-19T04:00:00+00:00,23403.59595,22487.5947422,20.0,-0.7828,,stop,9
BTCUSDT,rnd510048,2022-08-19T12:00:00+00:00,2022-08-26T20:00:00+00:00,21478.643955,20402.7499768,20.0,-1.0018,,stop,44
BTCUSDT,rnd510048,2022-08-27T00:00:00+00:00,2022-09-06T16:00:00+00:00,20249.25957,19310.6244277,20.0,-0.9271,,stop,64
BTCUSDT,rnd510048,2022-09-06T20:00:00+00:00,2022-09-13T12:00:00+00:00,18832.89174,21436.1251471,20.0,2.7646,,stop,40
BTCUSDT,rnd510048,2022-09-13T20:00:00+00:00,2022-09-19T00:00:00+00:00,20295.032445,18778.186869,20.0,-1.4948,,stop,31
BTCUSDT,rnd510048,2022-09-19T04:00:00+00:00,2022-09-21T20:00:00+00:00,18785.277945,18772.8860043,20.0,-0.0132,,stop,16
BTCUSDT,rnd510048,2022-09-22T00:00:00+00:00,2022-10-13T12:00:00+00:00,18470.59068,18453.7970571,20.0,-0.0182,,stop,129
BTCUSDT,rnd510048,2022-10-13T16:00:00+00:00,2022-10-15T20:00:00+00:00,18968.069295,18977.7135393,20.0,0.0102,,stop,13
BTCUSDT,rnd510048,2022-10-16T04:00:00+00:00,2022-10-21T12:00:00+00:00,19132.991715,18819.3570429,20.0,-0.3278,,stop,32
BTCUSDT,rnd510048,2022-10-21T16:00:00+00:00,2022-10-28T00:00:00+00:00,19178.02422,20185.9448357,20.0,1.0511,,stop,38
BTCUSDT,rnd510048,2022-10-28T04:00:00+00:00,2022-11-08T00:00:00+00:00,20302.916385,20189.410245,20.0,-0.1118,,stop,65
BTCUSDT,rnd510048,2022-11-08T04:00:00+00:00,2022-11-08T04:00:00+00:00,20157.69381,19541.9268872,20.0,-0.6109,,stop,0
BTCUSDT,rnd510048,2022-11-08T08:00:00+00:00,2022-11-08T16:00:00+00:00,19806.79845,19057.0365936,20.0,-0.7571,,stop,2
BTCUSDT,rnd510048,2022-11-08T20:00:00+00:00,2022-11-09T16:00:00+00:00,18264.36762,16828.0743737,20.0,-1.5728,,stop,5
BTCUSDT,rnd510048,2022-11-10T00:00:00+00:00,2023-03-08T20:00:00+00:00,15930.64134,21629.99959,20.0,7.1552,,stop,713
BTCUSDT,rnd510048,2023-03-09T00:00:00+00:00,2023-03-09T16:00:00+00:00,21715.222185,21022.164773,20.0,-0.6383,,stop,4
BTCUSDT,rnd510048,2023-03-09T20:00:00+00:00,2023-03-10T00:00:00+00:00,20866.72815,20008.4831895,20.0,-0.8226,,stop,1
BTCUSDT,rnd510048,2023-03-10T08:00:00+00:00,2023-03-14T16:00:00+00:00,19963.55679,24870.0973021,20.0,4.9155,,stop,26
BTCUSDT,rnd510048,2023-03-14T20:00:00+00:00,2023-04-21T20:00:00+00:00,25060.914195,27135.3084157,20.0,1.6555,,stop,228
BTCUSDT,rnd510048,2023-04-22T00:00:00+00:00,2023-04-26T16:00:00+00:00,27276.47142,28169.2597529,20.0,0.6546,,stop,28
BTCUSDT,rnd510048,2023-04-26T20:00:00+00:00,2023-05-08T08:00:00+00:00,27898.192125,27589.2827436,20.0,-0.2215,,stop,69
BTCUSDT,rnd510048,2023-05-08T20:00:00+00:00,2023-05-12T00:00:00+00:00,27354.39036,26590.8522086,20.0,-0.5583,,stop,19
BTCUSDT,rnd510048,2023-05-12T04:00:00+00:00,2023-06-02T00:00:00+00:00,26597.622165,26572.0644643,20.0,-0.0192,,stop,125
BTCUSDT,rnd510048,2023-06-02T04:00:00+00:00,2023-06-05T12:00:00+00:00,27013.510005,26134.5950991,20.0,-0.6507,,stop,20
BTCUSDT,rnd510048,2023-06-05T16:00:00+00:00,2023-06-05T16:00:00+00:00,26020.533765,25424.7775169,20.0,-0.4579,,stop,0
BTCUSDT,rnd510048,2023-06-06T00:00:00+00:00,2023-06-07T12:00:00+00:00,25741.0641,26228.5777221,20.0,0.3788,,stop,9
BTCUSDT,rnd510048,2023-06-07T16:00:00+00:00,2023-06-14T20:00:00+00:00,26362.69476,25073.6141814,20.0,-0.978,,stop,43
BTCUSDT,rnd510048,2023-06-15T00:00:00+00:00,2023-06-22T12:00:00+00:00,25141.1643,29551.1827314,20.0,3.5082,,stop,45
BTCUSDT,rnd510048,2023-06-22T20:00:00+00:00,2023-07-24T08:00:00+00:00,30228.216555,29249.7563771,20.0,-0.6474,,stop,189
BTCUSDT,rnd510048,2023-07-24T12:00:00+00:00,2023-08-01T00:00:00+00:00,29284.624995,28744.5719529,20.0,-0.3688,,stop,45
BTCUSDT,rnd510048,2023-08-01T04:00:00+00:00,2023-08-02T12:00:00+00:00,28849.427505,29282.6770514,20.0,0.3004,,stop,8
BTCUSDT,rnd510048,2023-08-02T16:00:00+00:00,2023-08-16T16:00:00+00:00,29336.050695,29013.7373029,20.0,-0.2197,,stop,84
BTCUSDT,rnd510048,2023-08-16T20:00:00+00:00,2023-08-17T00:00:00+00:00,29126.245845,28658.950273,20.0,-0.3209,,stop,1
BTCUSDT,rnd510048,2023-08-17T04:00:00+00:00,2023-08-17T12:00:00+00:00,28671.62865,28190.1604473,20.0,-0.3358,,stop,2
BTCUSDT,rnd510048,2023-08-17T16:00:00+00:00,2023-08-17T20:00:00+00:00,27947.98701,27352.2451174,20.0,-0.4263,,stop,1
BTCUSDT,rnd510048,2023-08-18T00:00:00+00:00,2023-08-22T20:00:00+00:00,26636.721705,25531.121187,20.0,-0.8301,,stop,29
BTCUSDT,rnd510048,2023-08-23T04:00:00+00:00,2023-08-24T16:00:00+00:00,26019.32316,25871.3592779,20.0,-0.1137,,stop,9
BTCUSDT,rnd510048,2023-08-24T20:00:00+00:00,2023-08-31T16:00:00+00:00,26052.45972,26785.5191121,20.0,0.5628,,stop,41
BTCUSDT,rnd510048,2023-08-31T20:00:00+00:00,2023-09-11T12:00:00+00:00,26175.871395,24986.0917423,20.0,-0.9091,,stop,64
BTCUSDT,rnd510048,2023-09-11T16:00:00+00:00,2023-09-13T00:00:00+00:00,25128.53799,25764.1943157,20.0,0.5059,,stop,8
BTCUSDT,rnd510048,2023-09-13T04:00:00+00:00,2023-10-11T12:00:00+00:00,25892.17962,26930.6336614,20.0,0.8021,,stop,170
BTCUSDT,rnd510048,2023-10-11T20:00:00+00:00,2023-10-16T16:00:00+00:00,26776.571595,28050.12792,20.0,0.9512,,stop,29
BTCUSDT,rnd510048,2023-10-16T20:00:00+00:00,2023-10-24T00:00:00+00:00,28483.09443,33053.455005,20.0,3.2092,,stop,43
BTCUSDT,rnd510048,2023-10-24T08:00:00+00:00,2023-12-11T00:00:00+00:00,34016.97999,41358.3076443,20.0,4.3163,,stop,286
BTCUSDT,rnd510048,2023-12-11T04:00:00+00:00,2023-12-11T16:00:00+00:00,42330.724785,40887.4886708,20.0,-0.6819,,stop,3
BTCUSDT,rnd510048,2023-12-12T04:00:00+00:00,2023-12-29T20:00:00+00:00,41756.157645,41299.6455614,20.0,-0.2187,,stop,106
BTCUSDT,rnd510048,2023-12-30T00:00:00+00:00,2023-12-31T00:00:00+00:00,42087.97347,42154.912,20.0,0.0318,,stop,6
DOGEUSDT,rnd510048,2021-09-04T16:00:00+00:00,2021-09-07T08:00:00+00:00,0.304152,0.285500035714,20.0,-1.2265,,stop,16
DOGEUSDT,rnd510048,2021-09-07T16:00:00+00:00,2021-09-20T04:00:00+00:00,0.25202595,0.217756303096,20.0,-2.7195,,stop,75
DOGEUSDT,rnd510048,2021-09-21T00:00:00+00:00,2021-09-24T08:00:00+00:00,0.2087043,0.197986671429,20.0,-1.0271,,stop,20
DOGEUSDT,rnd510048,2021-09-27T08:00:00+00:00,2021-10-06T08:00:00+00:00,0.206103,0.24717635,20.0,3.9857,,stop,54
DOGEUSDT,rnd510048,2021-10-10T12:00:00+00:00,2021-10-10T20:00:00+00:00,0.24522255,0.231053394082,20.0,-1.1556,,stop,2
DOGEUSDT,rnd510048,2021-10-11T00:00:00+00:00,2021-10-18T20:00:00+00:00,0.22881435,0.248104457143,20.0,1.6861,,stop,47
DOGEUSDT,rnd510048,2021-10-19T20:00:00+00:00,2021-10-27T08:00:00+00:00,0.2417208,0.242821385714,20.0,0.0911,,stop,45
DOGEUSDT,rnd510048,2021-11-01T16:00:00+00:00,2021-11-10T20:00:00+00:00,0.27003495,0.241065121429,20.0,-2.1456,,stop,55
DOGEUSDT,rnd510048,2021-11-11T12:00:00+00:00,2021-11-16T08:00:00+00:00,0.2607303,0.237415104493,20.0,-1.7885,,stop,29
DOGEUSDT,rnd510048,2021-11-17T20:00:00+00:00,2021-11-23T08:00:00+00:00,0.2355177,0.213803601864,20.0,-1.8439,,stop,33
DOGEUSDT,rnd510048,2021-11-23T12:00:00+00:00,2021-11-26T08:00:00+00:00,0.22241115,0.2102948,20.0,-1.0895,,stop,17
DOGEUSDT,rnd510048,2021-11-27T12:00:00+00:00,2021-12-03T16:00:00+00:00,0.2063031,0.198429307143,20.0,-0.7633,,stop,37
DOGEUSDT,rnd510048,2021-12-05T08:00:00+00:00,2021-12-17T08:00:00+00:00,0.1758879,0.169372414286,20.0,-0.7409,,stop,72
DOGEUSDT,rnd510048,2021-12-17T16:00:00+00:00,2021-12-29T12:00:00+00:00,0.16838415,0.169700821429,20.0,0.1564,,stop,71
DOGEUSDT,rnd510048,2022-01-01T20:00:00+00:00,2022-01-05T16:00:00+00:00,0.17258625,0.164486108661,20.0,-0.9387,,stop,23
DOGEUSDT,rnd510048,2022-01-09T20:00:00+00:00,2022-01-10T12:00:00+00:00,0.1536768,0.142676854457,20.0,-1.4316,,stop,4
DOGEUSDT,rnd510048,2022-01-14T16:00:00+00:00,2022-01-17T16:00:00+00:00,0.19419705,0.165864076475,20.0,-2.918,,stop,18
DOGEUSDT,rnd510048,2022-01-18T08:00:00+00:00,2022-01-20T20:00:00+00:00,0.17038515,0.156521135996,20.0,-1.6274,,stop,15
DOGEUSDT,rnd510048,2022-01-23T00:00:00+00:00,2022-02-12T04:00:00+00:00,0.13336665,0.140601092857,20.0,1.0849,,stop,121
DOGEUSDT,rnd510048,2022-02-13T16:00:00+00:00,2022-02-17T16:00:00+00:00,0.1538769,0.14230571155,20.0,-1.504,,stop,24
DOGEUSDT,rnd510048,2022-02-19T04:00:00+00:00,2022-02-21T20:00:00+00:00,0.1412706,0.132382946843,20.0,-1.2582,,stop,16
DOGEUSDT,rnd510048,2022-02-23T20:00:00+00:00,2022-02-24T00:00:00+00:00,0.12976485,0.119883449718,20.0,-1.523,,stop,1
DOGEUSDT,rnd510048,2022-02-27T08:00:00+00:00,2022-03-04T00:00:00+00:00,0.1254627,0.125708542857,20.0,0.0392,,stop,28
DOGEUSDT,rnd510048,2022-03-05T20:00:00+00:00,2022-03-07T16:00:00+00:00,0.1250625,0.117289540179,20.0,-1.2431,,stop,11
DOGEUSDT,rnd510048,2022-03-08T00:00:00+00:00,2022-03-13T12:00:00+00:00,0.1168584,0.112814992857,20.0,-0.692,,stop,33
DOGEUSDT,rnd510048,2022-03-14T08:00:00+00:00,2022-03-25T16:00:00+00:00,0.11495745,0.131120121429,20.0,2.8119,,stop,68
DOGEUSDT,rnd510048,2022-03-27T20:00:00+00:00,2022-03-30T00:00:00+00:00,0.1402701,0.138202292857,20.0,-0.2948,,stop,13
DOGEUSDT,rnd510048,2022-04-04T04:00:00+00:00,2022-04-04T16:00:00+00:00,0.14457225,0.142143178571,20.0,-0.336,,stop,3
DOGEUSDT,rnd510048,2022-04-12T20:00:00+00:00,2022-04-25T00:00:00+00:00,0.1352676,0.126822271429,20.0,-1.2487,,stop,73
DOGEUSDT,rnd510048,2022-05-16T04:00:00+00:00,2022-05-24T12:00:00+00:00,0.0902451,0.08082966495,20.0,-2.0866,,stop,50
DOGEUSDT,rnd510048,2022-05-28T08:00:00+00:00,2022-06-10T16:00:00+00:00,0.08214105,0.0743685114286,20.0,-1.8925,,stop,80
DOGEUSDT,rnd510048,2022-06-11T12:00:00+00:00,2022-06-11T12:00:00+00:00,0.072466215,0.0685533497496,20.0,-1.0799,,stop,0
DOGEUSDT,rnd510048,2022-06-12T04:00:00+00:00,2022-06-13T00:00:00+00:00,0.066083025,0.0601083129518,20.0,-1.8082,,stop,5
DOGEUSDT,rnd510048,2022-06-13T20:00:00+00:00,2022-06-30T08:00:00+00:00,0.05584791,0.0625744114286,20.0,2.4089,,stop,99
DOGEUSDT,rnd510048,2022-06-30T20:00:00+00:00,2022-07-11T20:00:00+00:00,0.064322145,0.0615606328571,20.0,-0.8587,,stop,66
DOGEUSDT,rnd510048,2022-07-12T12:00:00+00:00,2022-07-13T12:00:00+00:00,0.061320645,0.0576775061061,20.0,-1.1882,,stop,6
DOGEUSDT,rnd510048,2022-07-17T04:00:00+00:00,2022-07-20T16:00:00+00:00,0.06441219,0.0719825621429,20.0,2.3506,,stop,21
DOGEUSDT,rnd510048,2022-07-21T16:00:00+00:00,2022-07-26T12:00:00+00:00,0.06849423,0.060776326635,20.0,-2.2536,,stop,29
DOGEUSDT,rnd510048,2022-07-30T08:00:00+00:00,2022-08-03T00:00:00+00:00,0.069804885,0.0654015685714,20.0,-1.2616,,stop,22
DOGEUSDT,rnd510048,2022-08-03T08:00:00+00:00,2022-08-10T00:00:00+00:00,0.0670335,0.0671435542857,20.0,0.0328,,stop,40
DOGEUSDT,rnd510048,2022-08-12T20:00:00+00:00,2022-08-15T04:00:00+00:00,0.07169583,0.0778496271429,20.0,1.7166,,stop,14
DOGEUSDT,rnd510048,2022-08-16T00:00:00+00:00,2022-08-18T20:00:00+00:00,0.076668315,0.0771985242857,20.0,0.1383,,stop,17
DOGEUSDT,rnd510048,2022-08-21T04:00:00+00:00,2022-08-28T20:00:00+00:00,0.06853425,0.0618800801964,20.0,-1.9419,,stop,46
DOGEUSDT,rnd510048,2022-09-01T12:00:00+00:00,2022-09-06T16:00:00+00:00,0.061500735,0.059340315,20.0,-0.7026,,stop,31
DOGEUSDT,rnd510048,2022-09-07T12:00:00+00:00,2022-09-13T16:00:00+00:00,0.059419695,0.0595230807143,20.0,0.0348,,stop,37
DOGEUSDT,rnd510048,2022-09-20T04:00:00+00:00,2022-09-24T20:00:00+00:00,0.058619295,0.0632526435714,20.0,1.5808,,stop,28
DOGEUSDT,rnd510048,2022-09-27T00:00:00+00:00,2022-10-10T08:00:00+00:00,0.06115056,0.0607967292857,20.0,-0.1157,,stop,80
DOGEUSDT,rnd510048,2022-10-10T12:00:00+00:00,2022-10-10T20:00:00+00:00,0.060980475,0.0593436454768,20.0,-0.5368,,stop,2
DOGEUSDT,rnd510048,2022-10-15T16:00:00+00:00,2022-10-27T08:00:00+00:00,0.059159565,0.0762361485714,20.0,5.7731,,stop,70
DOGEUSDT,rnd510048,2022-10-27T16:00:00+00:00,2022-10-29T16:00:00+00:00,0.077728845,0.132123905,20.0,13.9961,,stop,12
DOGEUSDT,rnd510048,2022-10-29T20:00:00+00:00,2022-11-06T20:00:00+00:00,0.12792393,0.113473235,20.0,-2.2593,,stop,48
DOGEUSDT,rnd510048,2022-11-07T04:00:00+00:00,2022-11-08T00:00:00+00:00,0.11835915,0.104778163282,20.0,-2.2949,,stop,5
DOGEUSDT,rnd510048,2022-11-08T04:00:00+00:00,2022-11-08T16:00:00+00:00,0.102321135,0.0871043467539,20.0,-2.9743,,stop,3
DOGEUSDT,rnd510048,2022-11-15T04:00:00+00:00,2022-11-21T00:00:00+00:00,0.086773365,0.0754820336746,20.0,-2.6025,,stop,35
DOGEUSDT,rnd510048,2022-11-22T08:00:00+00:00,2022-11-28T00:00:00+00:00,0.074607285,0.0971371214286,20.0,6.0396,,stop,34
DOGEUSDT,rnd510048,2022-11-29T12:00:00+00:00,2022-12-12T00:00:00+00:00,0.103961955,0.0891245133082,20.0,-2.8544,,stop,75
DOGEUSDT,rnd510048,2022-12-13T12:00:00+00:00,2022-12-15T00:00:00+00:00,0.08986491,0.0863296707143,20.0,-0.7868,,stop,9
DOGEUSDT,rnd510048,2022-12-15T08:00:00+00:00,2022-12-16T08:00:00+00:00,0.087653805,0.0812560138118,20.0,-1.4598,,stop,6
DOGEUSDT,rnd510048,2022-12-17T12:00:00+00:00,2022-12-19T16:00:00+00:00,0.077248605,0.0713289940904,20.0,-1.5326,,stop,13
DOGEUSDT,rnd510048,2022-12-24T16:00:00+00:00,2022-12-25T12:00:00+00:00,0.07731864,0.0732230815729,20.0,-1.0594,,stop,5
DOGEUSDT,rnd510048,2022-12-28T04:00:00+00:00,2022-12-30T04:00:00+00:00,0.071845905,0.0688025579404,20.0,-0.8472,,stop,12
DOGEUSDT,rnd510048,2022-12-30T08:00:00+00:00,2023-01-14T08:00:00+00:00,0.067783875,0.0833054692857,20.0,4.5797,,stop,90
DOGEUSDT,rnd510048,2023-01-16T20:00:00+00:00,2023-01-18T16:00:00+00:00,0.084772365,0.07990003,20.0,-1.1495,,stop,11
DOGEUSDT,rnd510048,2023-01-21T12:00:00+00:00,2023-01-22T20:00:00+00:00,0.08690343,0.086326815,20.0,-0.1327,,stop,8
DOGEUSDT,rnd510048,2023-01-26T12:00:00+00:00,2023-01-30T08:00:00+00:00,0.085812885,0.0850703007143,20.0,-0.1731,,stop,23
DOGEUSDT,rnd510048,2023-02-01T16:00:00+00:00,2023-02-09T16:00:00+00:00,0.08950473,0.0828928185714,20.0,-1.4774,,stop,48
DOGEUSDT,rnd510048,2023-02-09T20:00:00+00:00,2023-02-24T12:00:00+00:00,0.083411685,0.0826457992857,20.0,-0.1836,,stop,88
DOGEUSDT,rnd510048,2023-02-25T00:00:00+00:00,2023-03-03T00:00:00+00:00,0.080950455,0.0769566003082,20.0,-0.9867,,stop,36
DOGEUSDT,rnd510048,2023-03-04T12:00:00+00:00,2023-03-04T20:00:00+00:00,0.07637817,0.0731719228793,20.0,-0.8396,,stop,2
DOGEUSDT,rnd510048,2023-03-05T00:00:00+00:00,2023-03-08T20:00:00+00:00,0.07465731,0.0710771108093,20.0,-0.9591,,stop,23
DOGEUSDT,rnd510048,2023-03-11T20:00:00+00:00,2023-03-15T16:00:00+00:00,0.0652326,0.0688684057143,20.0,1.1147,,stop,23
DOGEUSDT,rnd510048,2023-03-16T08:00:00+00:00,2023-04-03T20:00:00+00:00,0.070525245,0.0950553057143,20.0,6.9564,,stop,111
DOGEUSDT,rnd510048,2023-04-06T04:00:00+00:00,2023-04-21T16:00:00+00:00,0.09242619,0.0796559849407,20.0,-2.7633,,stop,93
DOGEUSDT,rnd510048,2023-04-30T04:00:00+00:00,2023-05-01T00:00:00+00:00,0.081050505,0.0789431565332,20.0,-0.52,,stop,5
DOGEUSDT,rnd510048,2023-05-03T00:00:00+00:00,2023-05-06T12:00:00+00:00,0.07879938,0.0772199421429,20.0,-0.4009,,stop,21
DOGEUSDT,rnd510048,2023-05-12T08:00:00+00:00,2023-05-25T00:00:00+00:00,0.070265115,0.0689041021429,20.0,-0.3874,,stop,76
DOGEUSDT,rnd510048,2023-05-27T04:00:00+00:00,2023-05-31T12:00:00+00:00,0.0714357,0.0709359428571,20.0,-0.1399,,stop,26
DOGEUSDT,rnd510048,2023-06-03T04:00:00+00:00,2023-06-05T12:00:00+00:00,0.0724362,0.0706544265429,20.0,-0.492,,stop,14
DOGEUSDT,rnd510048,2023-06-08T08:00:00+00:00,2023-06-10T04:00:00+00:00,0.06781389,0.0665524214286,20.0,-0.372,,stop,11
DOGEUSDT,rnd510048,2023-06-16T16:00:00+00:00,2023-06-22T08:00:00+00:00,0.06179088,0.06508744,20.0,1.067,,stop,34
DOGEUSDT,rnd510048,2023-06-23T20:00:00+00:00,2023-06-26T20:00:00+00:00,0.06837417,0.063742282915,20.0,-1.3549,,stop,18
DOGEUSDT,rnd510048,2023-06-28T08:00:00+00:00,2023-06-28T16:00:00+00:00,0.064162065,0.0609886982532,20.0,-0.9892,,stop,2
DOGEUSDT,rnd510048,2023-06-29T16:00:00+00:00,2023-06-30T12:00:00+00:00,0.063361665,0.0617748114286,20.0,-0.5009,,stop,5
DOGEUSDT,rnd510048,2023-06-30T16:00:00+00:00,2023-07-05T12:00:00+00:00,0.064082025,0.0658442042857,20.0,0.55,,stop,29
DOGEUSDT,rnd510048,2023-07-05T16:00:00+00:00,2023-07-14T16:00:00+00:00,0.066283125,0.0669336592857,20.0,0.1963,,stop,54
DOGEUSDT,rnd510048,2023-07-16T00:00:00+00:00,2023-08-04T20:00:00+00:00,0.07199598,0.0724923071429,20.0,0.1379,,stop,119
DOGEUSDT,rnd510048,2023-08-05T00:00:00+00:00,2023-08-07T16:00:00+00:00,0.07349673,0.0718526271429,20.0,-0.4474,,stop,16
DOGEUSDT,rnd510048,2023-08-10T20:00:00+00:00,2023-08-15T12:00:00+00:00,0.075847905,0.0733989964286,20.0,-0.6457,,stop,28
DOGEUSDT,rnd510048,2023-08-18T04:00:00+00:00,2023-09-10T04:00:00+00:00,0.061000485,0.0601327757143,20.0,-0.2845,,stop,138
DOGEUSDT,rnd510048,2023-09-20T12:00:00+00:00,2023-09-22T00:00:00+00:00,0.062141055,0.0609580771429,20.0,-0.3807,,stop,9
DOGEUSDT,rnd510048,2023-09-23T00:00:00+00:00,2023-09-26T20:00:00+00:00,0.061560765,0.0597987078318,20.0,-0.5725,,stop,23
DOGEUSDT,rnd510048,2023-09-27T00:00:00+00:00,2023-10-02T16:00:00+00:00,0.06065031,0.0616634385714,20.0,0.3341,,stop,34
DOGEUSDT,rnd510048,2023-10-02T20:00:00+00:00,2023-10-04T00:00:00+00:00,0.06221109,0.0600863889193,20.0,-0.6831,,stop,7
DOGEUSDT,rnd510048,2023-10-04T04:00:00+00:00,2023-10-09T08:00:00+00:00,0.060880425,0.0586100338946,20.0,-0.7459,,stop,31
DOGEUSDT,rnd510048,2023-10-12T12:00:00+00:00,2023-10-17T12:00:00+00:00,0.05810904,0.05913042,20.0,0.3515,,stop,30
DOGEUSDT,rnd510048,2023-10-19T16:00:00+00:00,2023-10-23T16:00:00+00:00,0.05846922,0.0631569771429,20.0,1.6035,,stop,24
DOGEUSDT,rnd510048,2023-10-24T20:00:00+00:00,2023-10-31T12:00:00+00:00,0.06665331,0.0665895457143,20.0,-0.0191,,stop,40
DOGEUSDT,rnd510048,2023-10-31T16:00:00+00:00,2023-11-09T16:00:00+00:00,0.067263615,0.0720796564286,20.0,1.432,,stop,54
DOGEUSDT,rnd510048,2023-11-15T20:00:00+00:00,2023-11-19T00:00:00+00:00,0.075327645,0.0783893571429,20.0,0.8129,,stop,19
DOGEUSDT,rnd510048,2023-11-23T08:00:00+00:00,2023-12-06T08:00:00+00:00,0.07579788,0.0984636007143,20.0,5.9806,,stop,78
DOGEUSDT,rnd510048,2023-12-09T00:00:00+00:00,2023-12-11T00:00:00+00:00,0.101700825,0.0940484201232,20.0,-1.5049,,stop,12
DOGEUSDT,rnd510048,2023-12-11T16:00:00+00:00,2023-12-31T00:00:00+00:00,0.095397675,0.089645155,20.0,-1.206,,stop,116
ETHUSDT,rnd510048,2021-09-03T08:00:00+00:00,2021-09-07T08:00:00+00:00,3799.828965,3680.43600429,20.0,-0.6284,,stop,24
ETHUSDT,rnd510048,2021-09-07T16:00:00+00:00,2021-09-13T12:00:00+00:00,3455.616945,3145.20962492,20.0,-1.7965,,stop,35
ETHUSDT,rnd510048,2021-09-15T00:00:00+00:00,2021-09-20T00:00:00+00:00,3436.087185,3251.94178714,20.0,-1.0718,,stop,30
ETHUSDT,rnd510048,2021-09-21T04:00:00+00:00,2021-09-21T20:00:00+00:00,3000.289395,2688.35882887,20.0,-2.0793,,stop,4
ETHUSDT,rnd510048,2021-09-22T04:00:00+00:00,2021-11-16T08:00:00+00:00,2868.963765,4241.92654714,20.0,9.5711,,stop,331
ETHUSDT,rnd510048,2021-11-17T04:00:00+00:00,2021-11-26T08:00:00+00:00,4124.24109,4027.52237429,20.0,-0.469,,stop,55
ETHUSDT,rnd510048,2021-11-26T12:00:00+00:00,2021-12-03T16:00:00+00:00,3986.91246,4313.74347786,20.0,1.6395,,stop,43
ETHUSDT,rnd510048,2021-12-04T20:00:00+00:00,2021-12-13T16:00:00+00:00,4119.428685,3720.83579429,20.0,-1.9352,,stop,53
ETHUSDT,rnd510048,2021-12-14T04:00:00+00:00,2021-12-29T12:00:00+00:00,3777.017565,3701.23131571,20.0,-0.4013,,stop,92
ETHUSDT,rnd510048,2021-12-30T04:00:00+00:00,2022-01-05T20:00:00+00:00,3651.2247,3567.19122643,20.0,-0.4603,,stop,40
ETHUSDT,rnd510048,2022-01-07T00:00:00+00:00,2022-01-07T04:00:00+00:00,3408.513405,3159.88981258,20.0,-1.4588,,stop,1
ETHUSDT,rnd510048,2022-01-07T16:00:00+00:00,2022-01-21T00:00:00+00:00,3133.255845,2902.94922786,20.0,-1.4701,,stop,80
ETHUSDT,rnd510048,2022-01-21T20:00:00+00:00,2022-01-21T20:00:00+00:00,2743.280955,2499.65014756,20.0,-1.7762,,stop,0
ETHUSDT,rnd510048,2022-01-22T00:00:00+00:00,2022-01-24T08:00:00+00:00,2568.753735,2269.78434653,20.0,-2.3277,,stop,14
ETHUSDT,rnd510048,2022-01-24T12:00:00+00:00,2022-02-18T16:00:00+00:00,2239.47918,2750.35556286,20.0,4.5625,,stop,151
ETHUSDT,rnd510048,2022-02-19T20:00:00+00:00,2022-02-22T00:00:00+00:00,2746.05234,2556.61089508,20.0,-1.3797,,stop,13
ETHUSDT,rnd510048,2022-02-22T04:00:00+00:00,2022-02-24T04:00:00+00:00,2520.509625,2370.744035,20.0,-1.1884,,stop,12
ETHUSDT,rnd510048,2022-02-25T08:00:00+00:00,2022-03-04T16:00:00+00:00,2614.26648,2620.97599929,20.0,0.0513,,stop,44
ETHUSDT,rnd510048,2022-03-05T16:00:00+00:00,2022-03-07T16:00:00+00:00,2644.131405,2481.84521876,20.0,-1.2275,,stop,12
ETHUSDT,rnd510048,2022-03-08T00:00:00+00:00,2022-03-13T20:00:00+00:00,2492.36556,2504.83409929,20.0,0.1001,,stop,35
ETHUSDT,rnd510048,2022-03-14T00:00:00+00:00,2022-03-20T16:00:00+00:00,2516.91783,2828.29942857,20.0,2.4743,,stop,40
ETHUSDT,rnd510048,2022-03-20T20:00:00+00:00,2022-04-01T00:00:00+00:00,2877.13785,3258.15724929,20.0,2.6486,,stop,67
ETHUSDT,rnd510048,2022-04-01T20:00:00+00:00,2022-04-06T00:00:00+00:00,3471.39483,3301.48843,20.0,-0.9789,,stop,25
ETHUSDT,rnd510048,2022-04-06T12:00:00+00:00,2022-04-11T08:00:00+00:00,3306.342345,3137.55849526,20.0,-1.021,,stop,29
ETHUSDT,rnd510048,2022-04-11T16:00:00+00:00,2022-04-18T04:00:00+00:00,3004.891695,2938.85555143,20.0,-0.4395,,stop,39
ETHUSDT,rnd510048,2022-04-18T08:00:00+00:00,2022-04-21T20:00:00+00:00,2893.576065,3011.64770857,20.0,0.8161,,stop,21
ETHUSDT,rnd510048,2022-04-22T12:00:00+00:00,2022-04-25T00:00:00+00:00,3015.86718,2860.1185482,20.0,-1.0329,,stop,15
ETHUSDT,rnd510048,2022-04-25T08:00:00+00:00,2022-04-26T12:00:00+00:00,2812.815705,2870.75247714,20.0,0.4119,,stop,7
ETHUSDT,rnd510048,2022-04-27T00:00:00+00:00,2022-05-05T16:00:00+00:00,2811.08484,2689.55169429,20.0,-0.8647,,stop,52
ETHUSDT,rnd510048,2022-05-05T20:00:00+00:00,2022-05-08T00:00:00+00:00,2730.48456,2570.55042754,20.0,-1.1715,,stop,13
ETHUSDT,rnd510048,2022-05-08T16:00:00+00:00,2022-05-09T08:00:00+00:00,2518.248495,2381.56604486,20.0,-1.0855,,stop,4
ETHUSDT,rnd510048,2022-05-10T04:00:00+00:00,2022-05-11T20:00:00+00:00,2301.93039,2080.14797714,20.0,-1.9269,,stop,10
ETHUSDT,rnd510048,2022-05-12T04:00:00+00:00,2022-06-11T08:00:00+00:00,1972.54578,1614.80583032,20.0,-3.6272,,stop,181
ETHUSDT,rnd510048,2022-06-11T12:00:00+00:00,2022-06-12T00:00:00+00:00,1576.757985,1472.62666047,20.0,-1.3208,,stop,3
ETHUSDT,rnd510048,2022-06-12T04:00:00+00:00,2022-06-13T00:00:00+00:00,1467.703485,1330.43614844,20.0,-1.8705,,stop,5
ETHUSDT,rnd510048,2022-06-13T08:00:00+00:00,2022-06-14T00:00:00+00:00,1283.711535,1093.28961673,20.0,-2.9667,,stop,4
ETHUSDT,rnd510048,2022-06-14T08:00:00+00:00,2022-06-18T04:00:00+00:00,1241.770575,1000.80028168,20.0,-3.8811,,stop,23
ETHUSDT,rnd510048,2022-06-18T08:00:00+00:00,2022-06-30T04:00:00+00:00,1004.28189,1069.41359714,20.0,1.2971,,stop,71
ETHUSDT,rnd510048,2022-06-30T20:00:00+00:00,2022-07-11T20:00:00+00:00,1021.41045,1125.02863286,20.0,2.0289,,stop,66
ETHUSDT,rnd510048,2022-07-12T00:00:00+00:00,2022-07-12T16:00:00+00:00,1096.918185,1034.09016698,20.0,-1.1455,,stop,4
ETHUSDT,rnd510048,2022-07-12T20:00:00+00:00,2022-07-19T04:00:00+00:00,1041.930705,1515.48188,20.0,9.0899,,stop,38
ETHUSDT,rnd510048,2022-07-19T20:00:00+00:00,2022-07-26T12:00:00+00:00,1561.56039,1382.46167052,20.0,-2.2938,,stop,40
ETHUSDT,rnd510048,2022-07-26T20:00:00+00:00,2022-08-02T08:00:00+00:00,1366.773045,1562.708255,20.0,2.8671,,stop,39
ETHUSDT,rnd510048,2022-08-02T12:00:00+00:00,2022-08-17T12:00:00+00:00,1588.15368,1847.26162143,20.0,3.263,,stop,90
ETHUSDT,rnd510048,2022-08-17T20:00:00+00:00,2022-08-19T04:00:00+00:00,1839.429255,1724.8521118,20.0,-1.2458,,stop,8
ETHUSDT,rnd510048,2022-08-20T00:00:00+00:00,2022-08-26T20:00:00+00:00,1609.8045,1533.76987429,20.0,-0.9446,,stop,41
ETHUSDT,rnd510048,2022-08-27T12:00:00+00:00,2022-09-07T00:00:00+00:00,1506.07266,1507.24314429,20.0,0.0155,,stop,63
ETHUSDT,rnd510048,2022-09-07T04:00:00+00:00,2022-09-13T12:00:00+00:00,1511.125185,1612.49620571,20.0,1.3417,,stop,38
ETHUSDT,rnd510048,2022-09-13T16:00:00+00:00,2022-09-15T12:00:00+00:00,1595.23722,1467.26393532,20.0,-1.6044,,stop,11
ETHUSDT,rnd510048,2022-09-15T20:00:00+00:00,2022-09-18T20:00:00+00:00,1498.38882,1328.22616041,20.0,-2.2713,,stop,18
ETHUSDT,rnd510048,2022-09-19T00:00:00+00:00,2022-09-21T20:00:00+00:00,1335.177255,1276.11305286,20.0,-0.8847,,stop,17
ETHUSDT,rnd510048,2022-09-22T04:00:00+00:00,2022-10-13T12:00:00+00:00,1263.55146,1216.88268286,20.0,-0.7387,,stop,128
ETHUSDT,rnd510048,2022-10-13T16:00:00+00:00,2022-10-28T04:00:00+00:00,1257.52845,1495.46475071,20.0,3.7842,,stop,87
ETHUSDT,rnd510048,2022-10-28T08:00:00+00:00,2022-11-08T00:00:00+00:00,1494.42684,1513.56855143,20.0,0.2562,,stop,64
ETHUSDT,rnd510048,2022-11-08T04:00:00+00:00,2022-11-08T16:00:00+00:00,1507.81353,1422.19850359,20.0,-1.1356,,stop,3
ETHUSDT,rnd510048,2022-11-08T20:00:00+00:00,2022-11-09T08:00:00+00:00,1316.047695,1151.2503533,20.0,-2.5044,,stop,3
ETHUSDT,rnd510048,2022-11-09T12:00:00+00:00,2023-03-09T20:00:00+00:00,1220.660025,1425.04854786,20.0,3.3488,,stop,722
ETHUSDT,rnd510048,2023-03-10T00:00:00+00:00,2023-03-10T08:00:00+00:00,1438.03866,1374.07806299,20.0,-0.8896,,stop,2
ETHUSDT,rnd510048,2023-03-10T12:00:00+00:00,2023-03-14T20:00:00+00:00,1385.302305,1661.99430143,20.0,3.9947,,stop,26
ETHUSDT,rnd510048,2023-03-15T08:00:00+00:00,2023-04-19T20:00:00+00:00,1705.97256,1936.41987714,20.0,2.7017,,stop,213
ETHUSDT,rnd510048,2023-04-20T00:00:00+00:00,2023-04-21T16:00:00+00:00,1934.70687,1841.74446567,20.0,-0.961,,stop,10
ETHUSDT,rnd510048,2023-04-22T00:00:00+00:00,2023-04-26T20:00:00+00:00,1849.694385,1814.13248,20.0,-0.3845,,stop,29
ETHUSDT,rnd510048,2023-04-27T04:00:00+00:00,2023-05-08T16:00:00+00:00,1899.36921,1826.68048857,20.0,-0.7654,,stop,69
ETHUSDT,rnd510048,2023-05-09T12:00:00+00:00,2023-05-11T16:00:00+00:00,1847.68338,1773.04819813,20.0,-0.8079,,stop,13
ETHUSDT,rnd510048,2023-05-11T20:00:00+00:00,2023-06-05T16:00:00+00:00,1785.362235,1806.36208143,20.0,0.2352,,stop,149
ETHUSDT,rnd510048,2023-06-06T20:00:00+00:00,2023-06-07T20:00:00+00:00,1892.76591,1828.35484669,20.0,-0.6806,,stop,6
ETHUSDT,rnd510048,2023-06-08T04:00:00+00:00,2023-06-10T04:00:00+00:00,1835.887485,1772.3294484,20.0,-0.6924,,stop,12
ETHUSDT,rnd510048,2023-06-10T16:00:00+00:00,2023-06-14T20:00:00+00:00,1738.258695,1685.05847786,20.0,-0.6121,,stop,25
ETHUSDT,rnd510048,2023-06-16T08:00:00+00:00,2023-06-26T16:00:00+00:00,1671.91554,1844.12604714,20.0,2.06,,stop,62
ETHUSDT,rnd510048,2023-06-27T08:00:00+00:00,2023-07-06T20:00:00+00:00,1876.527795,1864.01038571,20.0,-0.1334,,stop,57
ETHUSDT,rnd510048,2023-07-07T04:00:00+00:00,2023-07-14T16:00:00+00:00,1858.959015,1931.10682071,20.0,0.7762,,stop,45
ETHUSDT,rnd510048,2023-07-15T00:00:00+00:00,2023-07-24T08:00:00+00:00,1938.78891,1849.64576733,20.0,-0.9196,,stop,56
ETHUSDT,rnd510048,2023-07-24T16:00:00+00:00,2023-08-01T00:00:00+00:00,1844.011545,1816.39420571,20.0,-0.2995,,stop,44
ETHUSDT,rnd510048,2023-08-01T16:00:00+00:00,2023-08-04T20:00:00+00:00,1835.507295,1817.38513857,20.0,-0.1975,,stop,19
ETHUSDT,rnd510048,2023-08-05T00:00:00+00:00,2023-08-15T16:00:00+00:00,1831.15512,1816.09007214,20.0,-0.1645,,stop,64
ETHUSDT,rnd510048,2023-08-15T20:00:00+00:00,2023-08-16T20:00:00+00:00,1828.59384,1799.91843058,20.0,-0.3136,,stop,6
ETHUSDT,rnd510048,2023-08-17T04:00:00+00:00,2023-08-17T12:00:00+00:00,1799.429265,1769.64578519,20.0,-0.331,,stop,2
ETHUSDT,rnd510048,2023-08-17T20:00:00+00:00,2023-08-17T20:00:00+00:00,1739.12913,1692.97864579,20.0,-0.5307,,stop,0
ETHUSDT,rnd510048,2023-08-18T04:00:00+00:00,2023-08-22T20:00:00+00:00,1677.8385,1599.61686289,20.0,-0.9324,,stop,28
ETHUSDT,rnd510048,2023-08-23T04:00:00+00:00,2023-08-28T08:00:00+00:00,1632.816,1623.37504929,20.0,-0.1156,,stop,31
ETHUSDT,rnd510048,2023-08-28T12:00:00+00:00,2023-08-30T12:00:00+00:00,1641.14016,1709.20497,20.0,0.8295,,stop,12
ETHUSDT,rnd510048,2023-08-31T00:00:00+00:00,2023-08-31T16:00:00+00:00,1706.082615,1653.52151209,20.0,-0.6162,,stop,4
ETHUSDT,rnd510048,2023-08-31T20:00:00+00:00,2023-09-11T08:00:00+00:00,1657.94856,1593.70845001,20.0,-0.7749,,stop,63
ETHUSDT,rnd510048,2023-09-11T16:00:00+00:00,2023-09-20T16:00:00+00:00,1563.42132,1608.67811571,20.0,0.5789,,stop,54
ETHUSDT,rnd510048,2023-09-21T04:00:00+00:00,2023-09-21T12:00:00+00:00,1624.141665,1583.74582452,20.0,-0.4974,,stop,2
ETHUSDT,rnd510048,2023-09-21T16:00:00+00:00,2023-10-02T16:00:00+00:00,1584.43182,1674.05398286,20.0,1.1313,,stop,66
ETHUSDT,rnd510048,2023-10-02T20:00:00+00:00,2023-10-05T12:00:00+00:00,1675.15716,1612.05430106,20.0,-0.7534,,stop,16
ETHUSDT,rnd510048,2023-10-06T00:00:00+00:00,2023-10-09T08:00:00+00:00,1612.595895,1593.91692857,20.0,-0.2317,,stop,20
ETHUSDT,rnd510048,2023-10-09T12:00:00+00:00,2023-10-09T16:00:00+00:00,1591.445325,1557.96238269,20.0,-0.4208,,stop,1
ETHUSDT,rnd510048,2023-10-09T20:00:00+00:00,2023-10-12T08:00:00+00:00,1582.240725,1541.44640196,20.0,-0.5157,,stop,15
ETHUSDT,rnd510048,2023-10-12T12:00:00+00:00,2023-10-17T12:00:00+00:00,1552.83603,1566.53205643,20.0,0.1764,,stop,30
ETHUSDT,rnd510048,2023-10-18T00:00:00+00:00,2023-10-24T12:00:00+00:00,1565.792505,1762.44690714,20.0,2.5119,,stop,39
ETHUSDT,rnd510048,2023-10-25T12:00:00+00:00,2023-11-14T16:00:00+00:00,1786.47279,1950.38860357,20.0,1.8351,,stop,121
ETHUSDT,rnd510048,2023-11-15T00:00:00+00:00,2023-11-17T12:00:00+00:00,1980.3897,1923.03228857,20.0,-0.5793,,stop,15
ETHUSDT,rnd510048,2023-11-17T20:00:00+00:00,2023-12-11T00:00:00+00:00,1939.839435,2239.52253571,20.0,3.0898,,stop,139
ETHUSDT,rnd510048,2023-12-11T20:00:00+00:00,2023-12-18T00:00:00+00:00,2188.6938,2162.39683214,20.0,-0.2403,,stop,37
ETHUSDT,rnd510048,2023-12-19T08:00:00+00:00,2023-12-19T16:00:00+00:00,2249.10399,2160.34470586,20.0,-0.7893,,stop,2
ETHUSDT,rnd510048,2023-12-19T20:00:00+00:00,2023-12-29T20:00:00+00:00,2177.76834,2278.34026,20.0,0.9236,,stop,60
ETHUSDT,rnd510048,2023-12-30T00:00:00+00:00,2023-12-31T00:00:00+00:00,2300.3496,2282.87799,20.0,-0.1519,,stop,6
FILUSDT,rnd510048,2021-09-11T16:00:00+00:00,2021-09-13T12:00:00+00:00,84.031995,73.8111423954,20.0,-2.4326,,stop,11
FILUSDT,rnd510048,2021-09-14T00:00:00+00:00,2021-09-20T04:00:00+00:00,77.99898,77.4441157143,20.0,-0.1423,,stop,37
FILUSDT,rnd510048,2021-09-23T08:00:00+00:00,2021-09-24T08:00:00+00:00,74.45721,67.4395447879,20.0,-1.885,,stop,6
FILUSDT,rnd510048,2021-09-24T12:00:00+00:00,2021-09-26T00:00:00+00:00,62.97147,55.8042681936,20.0,-2.2763,,stop,9
FILUSDT,rnd510048,2021-09-28T12:00:00+00:00,2021-10-12T12:00:00+00:00,57.918945,66.3382428571,20.0,2.9073,,stop,84
FILUSDT,rnd510048,2021-10-13T12:00:00+00:00,2021-10-27T08:00:00+00:00,65.45271,59.1989571429,20.0,-1.9109,,stop,83
FILUSDT,rnd510048,2021-11-04T12:00:00+00:00,2021-11-06T08:00:00+00:00,62.381175,58.5036942339,20.0,-1.2432,,stop,11
FILUSDT,rnd510048,2021-11-07T12:00:00+00:00,2021-11-10T20:00:00+00:00,61.640805,63.6167471429,20.0,0.6411,,stop,20
FILUSDT,rnd510048,2021-11-13T04:00:00+00:00,2021-11-16T00:00:00+00:00,63.001485,57.8029262218,20.0,-1.6503,,stop,17
FILUSDT,rnd510048,2021-11-16T04:00:00+00:00,2021-11-16T08:00:00+00:00,57.66882,54.4808516614,20.0,-1.1056,,stop,1
FILUSDT,rnd510048,2021-11-17T12:00:00+00:00,2021-11-18T16:00:00+00:00,56.038005,50.6358886761,20.0,-1.928,,stop,7
FILUSDT,rnd510048,2021-11-19T16:00:00+00:00,2021-12-03T16:00:00+00:00,53.98698,50.824575,20.0,-1.1715,,stop,84
FILUSDT,rnd510048,2021-12-19T12:00:00+00:00,2021-12-20T08:00:00+00:00,36.108045,34.1445356204,20.0,-1.0876,,stop,5
FILUSDT,rnd510048,2021-12-25T16:00:00+00:00,2021-12-28T00:00:00+00:00,37.128555,37.9224578571,20.0,0.4277,,stop,14
FILUSDT,rnd510048,2022-01-02T00:00:00+00:00,2022-01-05T16:00:00+00:00,35.907945,34.9253857143,20.0,-0.5473,,stop,22
FILUSDT,rnd510048,2022-01-09T12:00:00+00:00,2022-01-10T12:00:00+00:00,30.19509,27.4028103121,20.0,-1.8495,,stop,6
FILUSDT,rnd510048,2022-01-24T04:00:00+00:00,2022-02-11T20:00:00+00:00,18.819405,20.8724157143,20.0,2.1818,,stop,112
FILUSDT,rnd510048,2022-02-18T00:00:00+00:00,2022-02-21T20:00:00+00:00,20.55027,18.5766912936,20.0,-1.9207,,stop,23
FILUSDT,rnd510048,2022-02-22T12:00:00+00:00,2022-02-24T00:00:00+00:00,18.82941,16.8727551164,20.0,-2.0783,,stop,9
FILUSDT,rnd510048,2022-02-25T00:00:00+00:00,2022-03-04T00:00:00+00:00,18.439215,19.51024,20.0,1.1617,,stop,42
FILUSDT,rnd510048,2022-03-07T00:00:00+00:00,2022-03-07T16:00:00+00:00,18.46923,17.2623802064,20.0,-1.3069,,stop,4
FILUSDT,rnd510048,2022-03-09T08:00:00+00:00,2022-03-13T20:00:00+00:00,18.719355,17.1482765725,20.0,-1.6786,,stop,27
FILUSDT,rnd510048,2022-03-15T00:00:00+00:00,2022-03-15T04:00:00+00:00,17.46873,16.5640152779,20.0,-1.0358,,stop,1
FILUSDT,rnd510048,2022-03-21T00:00:00+00:00,2022-03-28T20:00:00+00:00,17.658825,24.7990228571,20.0,8.0868,,stop,47
FILUSDT,rnd510048,2022-03-31T04:00:00+00:00,2022-04-01T00:00:00+00:00,26.45322,22.8935532114,20.0,-2.6913,,stop,5
FILUSDT,rnd510048,2022-04-02T08:00:00+00:00,2022-04-06T16:00:00+00:00,25.642815,22.7849882354,20.0,-2.2289,,stop,26
FILUSDT,rnd510048,2022-04-28T12:00:00+00:00,2022-04-30T20:00:00+00:00,17.90895,16.7309374893,20.0,-1.3156,,stop,14
FILUSDT,rnd510048,2022-05-01T20:00:00+00:00,2022-05-09T08:00:00+00:00,14.74737,12.3322722079,20.0,-3.2753,,stop,45
FILUSDT,rnd510048,2022-05-10T12:00:00+00:00,2022-05-11T04:00:00+00:00,11.935965,10.2005050532,20.0,-2.908,,stop,4
FILUSDT,rnd510048,2022-05-11T12:00:00+00:00,2022-05-12T00:00:00+00:00,10.415205,8.09686882607,20.0,-4.4518,,stop,3
FILUSDT,rnd510048,2022-05-16T00:00:00+00:00,2022-05-18T12:00:00+00:00,9.174585,8.10267449321,20.0,-2.3367,,stop,15
FILUSDT,rnd510048,2022-05-19T00:00:00+00:00,2022-05-23T20:00:00+00:00,7.613805,8.22160142857,20.0,1.5966,,stop,29
FILUSDT,rnd510048,2022-05-27T08:00:00+00:00,2022-06-07T00:00:00+00:00,7.48374,7.11644,20.0,-0.9816,,stop,64
FILUSDT,rnd510048,2022-06-11T20:00:00+00:00,2022-06-12T00:00:00+00:00,6.253125,5.76809665179,20.0,-1.5513,,stop,1
FILUSDT,rnd510048,2022-06-13T08:00:00+00:00,2022-06-30T04:00:00+00:00,5.36268,5.17455428571,20.0,-0.7016,,stop,101
FILUSDT,rnd510048,2022-07-04T20:00:00+00:00,2022-07-10T16:00:00+00:00,5.472735,5.43585214286,20.0,-0.1348,,stop,35
FILUSDT,rnd510048,2022-07-10T20:00:00+00:00,2022-07-11T20:00:00+00:00,5.50275,5.18051558929,20.0,-1.1712,,stop,6
FILUSDT,rnd510048,2022-07-16T12:00:00+00:00,2022-07-18T16:00:00+00:00,5.2026,5.727135,20.0,2.0164,,stop,13
FILUSDT,rnd510048,2022-07-22T12:00:00+00:00,2022-07-25T16:00:00+00:00,5.772885,5.30237534321,20.0,-1.6301,,stop,19
FILUSDT,rnd510048,2022-07-26T20:00:00+00:00,2022-07-30T20:00:00+00:00,5.172585,8.25872571429,20.0,11.9327,,stop,24
FILUSDT,rnd510048,2022-08-07T00:00:00+00:00,2022-08-08T20:00:00+00:00,9.454725,8.55401728036,20.0,-1.9053,,stop,11
FILUSDT,rnd510048,2022-08-11T12:00:00+00:00,2022-08-18T20:00:00+00:00,8.64432,7.82254962571,20.0,-1.9013,,stop,44
FILUSDT,rnd510048,2022-08-21T16:00:00+00:00,2022-08-26T16:00:00+00:00,6.393195,5.81707072393,20.0,-1.8023,,stop,30
FILUSDT,rnd510048,2022-08-26T20:00:00+00:00,2022-09-05T08:00:00+00:00,5.832915,6.01699,20.0,0.6312,,stop,57
FILUSDT,rnd510048,2022-09-05T16:00:00+00:00,2022-09-06T16:00:00+00:00,6.073035,5.60059044679,20.0,-1.5559,,stop,6
FILUSDT,rnd510048,2022-09-14T16:00:00+00:00,2022-09-18T20:00:00+00:00,5.88294,5.34098245857,20.0,-1.8425,,stop,25
FILUSDT,rnd510048,2022-09-21T08:00:00+00:00,2022-09-21T20:00:00+00:00,5.24262,5.11030071429,20.0,-0.5048,,stop,3
FILUSDT,rnd510048,2022-09-23T08:00:00+00:00,2022-10-01T20:00:00+00:00,5.512755,5.49725,20.0,-0.0563,,stop,51
FILUSDT,rnd510048,2022-10-07T16:00:00+00:00,2022-10-10T16:00:00+00:00,5.44272,5.22938971143,20.0,-0.7839,,stop,18
FILUSDT,rnd510048,2022-10-11T16:00:00+00:00,2022-10-13T04:00:00+00:00,5.212605,4.97797191179,20.0,-0.9003,,stop,9
FILUSDT,rnd510048,2022-10-13T20:00:00+00:00,2022-10-21T08:00:00+00:00,5.152575,4.82873085536,20.0,-1.257,,stop,45
FILUSDT,rnd510048,2022-10-23T04:00:00+00:00,2022-10-28T04:00:00+00:00,5.0025,5.18312142857,20.0,0.7221,,stop,30
FILUSDT,rnd510048,2022-10-30T00:00:00+00:00,2022-10-30T20:00:00+00:00,5.72286,5.34340124857,20.0,-1.3261,,stop,5
FILUSDT,rnd510048,2022-11-04T08:00:00+00:00,2022-11-08T00:00:00+00:00,5.88294,5.51724,20.0,-1.2433,,stop,22
FILUSDT,rnd510048,2022-11-18T12:00:00+00:00,2022-11-20T20:00:00+00:00,4.34217,4.10797212929,20.0,-1.0787,,stop,14
FILUSDT,rnd510048,2022-11-21T08:00:00+00:00,2022-11-28T00:00:00+00:00,4.14207,4.14935285714,20.0,0.0352,,stop,40
FILUSDT,rnd510048,2022-11-29T00:00:00+00:00,2022-12-07T04:00:00+00:00,4.252125,4.29071071429,20.0,0.1815,,stop,49
FILUSDT,rnd510048,2022-12-13T12:00:00+00:00,2022-12-15T16:00:00+00:00,4.26213,4.10337585714,20.0,-0.745,,stop,13
FILUSDT,rnd510048,2022-12-17T20:00:00+00:00,2023-01-24T20:00:00+00:00,3.0565275,4.95009514286,20.0,12.3903,,stop,228
FILUSDT,rnd510048,2023-01-28T16:00:00+00:00,2023-01-30T16:00:00+00:00,5.2776375,4.89126742857,20.0,-1.4642,,stop,12
FILUSDT,rnd510048,2023-02-03T04:00:00+00:00,2023-02-09T16:00:00+00:00,5.5057515,4.96898005282,20.0,-1.9499,,stop,39
FILUSDT,rnd510048,2023-02-23T12:00:00+00:00,2023-02-25T16:00:00+00:00,7.777887,6.55746377079,20.0,-3.1382,,stop,13
FILUSDT,rnd510048,2023-02-25T20:00:00+00:00,2023-03-04T16:00:00+00:00,6.5182575,5.90490321429,20.0,-1.882,,stop,41
FILUSDT,rnd510048,2023-03-09T00:00:00+00:00,2023-03-09T20:00:00+00:00,5.7838905,5.493252,20.0,-1.005,,stop,5
FILUSDT,rnd510048,2023-03-12T00:00:00+00:00,2023-03-14T20:00:00+00:00,4.9534755,6.52830564286,20.0,6.3585,,stop,17
FILUSDT,rnd510048,2023-03-25T16:00:00+00:00,2023-04-19T08:00:00+00:00,5.554776,5.72884842857,20.0,0.6267,,stop,148
FILUSDT,rnd510048,2023-04-20T16:00:00+00:00,2023-04-21T16:00:00+00:00,5.6698335,5.27362394039,20.0,-1.3976,,stop,6
FILUSDT,rnd510048,2023-04-24T16:00:00+00:00,2023-04-26T16:00:00+00:00,5.22261,5.13286085714,20.0,-0.3437,,stop,12
FILUSDT,rnd510048,2023-04-28T16:00:00+00:00,2023-05-05T12:00:00+00:00,5.340669,5.09902064286,20.0,-0.9049,,stop,41
FILUSDT,rnd510048,2023-05-12T00:00:00+00:00,2023-06-05T12:00:00+00:00,4.3551765,4.50645992857,20.0,0.6947,,stop,147
FILUSDT,rnd510048,2023-06-07T04:00:00+00:00,2023-06-09T16:00:00+00:00,4.330164,3.99994873943,20.0,-1.5252,,stop,15
FILUSDT,rnd510048,2023-06-10T12:00:00+00:00,2023-07-08T20:00:00+00:00,3.3606795,4.21931785714,20.0,5.1099,,stop,170
FILUSDT,rnd510048,2023-07-18T08:00:00+00:00,2023-07-26T08:00:00+00:00,4.2951465,4.27371921429,20.0,-0.0998,,stop,48
FILUSDT,rnd510048,2023-08-06T04:00:00+00:00,2023-08-07T16:00:00+00:00,4.128063,4.00128407143,20.0,-0.6142,,stop,9
FILUSDT,rnd510048,2023-08-12T04:00:00+00:00,2023-08-14T00:00:00+00:00,4.10205,4.04668992857,20.0,-0.2699,,stop,11
FILUSDT,rnd510048,2023-08-14T16:00:00+00:00,2023-08-15T04:00:00+00:00,4.118058,4.02622245314,20.0,-0.446,,stop,3
FILUSDT,rnd510048,2023-08-15T20:00:00+00:00,2023-08-17T20:00:00+00:00,3.7828905,3.59966119761,20.0,-0.9687,,stop,12
FILUSDT,rnd510048,2023-08-20T12:00:00+00:00,2023-08-21T12:00:00+00:00,3.56178,3.44005911,20.0,-0.6835,,stop,6
FILUSDT,rnd510048,2023-08-24T20:00:00+00:00,2023-08-31T12:00:00+00:00,3.32166,3.29006842857,20.0,-0.1902,,stop,40
FILUSDT,rnd510048,2023-09-04T20:00:00+00:00,2023-09-10T04:00:00+00:00,3.1865925,3.09302414286,20.0,-0.5873,,stop,32
FILUSDT,rnd510048,2023-09-17T08:00:00+00:00,2023-09-21T20:00:00+00:00,3.283641,3.19568707143,20.0,-0.5357,,stop,27
FILUSDT,rnd510048,2023-09-25T20:00:00+00:00,2023-09-26T20:00:00+00:00,3.2106045,3.10244535846,20.0,-0.6738,,stop,6
FILUSDT,rnd510048,2023-09-29T16:00:00+00:00,2023-10-04T00:00:00+00:00,3.3406695,3.27764607143,20.0,-0.3773,,stop,26
FILUSDT,rnd510048,2023-10-04T16:00:00+00:00,2023-10-09T08:00:00+00:00,3.2766375,3.24780385714,20.0,-0.176,,stop,28
FILUSDT,rnd510048,2023-10-10T20:00:00+00:00,2023-10-17T12:00:00+00:00,3.207603,3.14556928571,20.0,-0.3868,,stop,40
FILUSDT,rnd510048,2023-10-22T12:00:00+00:00,2023-10-24T12:00:00+00:00,3.359679,3.78068014286,20.0,2.5062,,stop,12
FILUSDT,rnd510048,2023-10-27T20:00:00+00:00,2023-11-09T16:00:00+00:00,3.595797,4.261868,20.0,3.7047,,stop,77
FILUSDT,rnd510048,2023-11-13T20:00:00+00:00,2023-11-14T16:00:00+00:00,5.280639,4.6220768055,20.0,-2.4943,,stop,5
FILUSDT,rnd510048,2023-11-15T00:00:00+00:00,2023-11-21T20:00:00+00:00,4.7913945,4.23445314286,20.0,-2.3248,,stop,41
FILUSDT,rnd510048,2023-12-03T04:00:00+00:00,2023-12-03T16:00:00+00:00,4.632315,4.4600838425,20.0,-0.7436,,stop,3
FILUSDT,rnd510048,2023-12-09T04:00:00+00:00,2023-12-10T08:00:00+00:00,5.432715,5.04733292821,20.0,-1.4187,,stop,7
FILUSDT,rnd510048,2023-12-15T16:00:00+00:00,2023-12-16T20:00:00+00:00,4.8574275,5.63460985714,20.0,3.2,,stop,7
FILUSDT,rnd510048,2023-12-25T04:00:00+00:00,2023-12-26T16:00:00+00:00,5.74287,5.325206065,20.0,-1.4545,,stop,9
FILUSDT,rnd510048,2023-12-26T20:00:00+00:00,2023-12-31T00:00:00+00:00,5.496747,6.0339815,20.0,1.9547,,stop,25
IMXUSDT,rnd510048,2022-01-13T00:00:00+00:00,2022-01-17T08:00:00+00:00,3.7188585,3.84564764286,20.0,0.6819,,stop,26
IMXUSDT,rnd510048,2022-01-17T20:00:00+00:00,2022-01-21T00:00:00+00:00,3.7768875,3.18136744911,20.0,-3.1535,,stop,19
IMXUSDT,rnd510048,2022-01-21T08:00:00+00:00,2022-01-21T20:00:00+00:00,3.115557,2.73722341793,20.0,-2.4287,,stop,3
IMXUSDT,rnd510048,2022-01-22T00:00:00+00:00,2022-01-22T04:00:00+00:00,2.7123555,2.26836360796,20.0,-3.2738,,stop,1
IMXUSDT,rnd510048,2022-01-22T12:00:00+00:00,2022-02-04T00:00:00+00:00,2.3981985,3.23752328571,20.0,6.9996,,stop,75
IMXUSDT,rnd510048,2022-02-04T04:00:00+00:00,2022-02-10T12:00:00+00:00,3.1865925,2.59555871429,20.0,-3.7095,,stop,38
IMXUSDT,rnd510048,2022-02-10T20:00:00+00:00,2022-02-11T20:00:00+00:00,2.591295,2.2726581025,20.0,-2.4593,,stop,6
IMXUSDT,rnd510048,2022-02-12T00:00:00+00:00,2022-02-19T08:00:00+00:00,2.3061525,2.01556314286,20.0,-2.5201,,stop,44
IMXUSDT,rnd510048,2022-02-19T12:00:00+00:00,2022-02-20T04:00:00+00:00,1.9899945,1.79695271704,20.0,-1.9401,,stop,4
IMXUSDT,rnd510048,2022-02-20T08:00:00+00:00,2022-02-21T20:00:00+00:00,1.8619305,1.68037560618,20.0,-1.9502,,stop,9
IMXUSDT,rnd510048,2022-02-22T16:00:00+00:00,2022-02-24T00:00:00+00:00,1.650825,1.39869673036,20.0,-3.0546,,stop,8
IMXUSDT,rnd510048,2022-02-24T04:00:00+00:00,2022-03-04T16:00:00+00:00,1.3776885,1.28050228571,20.0,-1.4109,,stop,51
IMXUSDT,rnd510048,2022-03-04T20:00:00+00:00,2022-03-06T08:00:00+00:00,1.324662,1.16622145471,20.0,-2.3922,,stop,9
IMXUSDT,rnd510048,2022-03-06T12:00:00+00:00,2022-03-07T16:00:00+00:00,1.186593,1.5122435,20.0,5.4888,,stop,7
IMXUSDT,rnd510048,2022-03-08T08:00:00+00:00,2022-03-31T16:00:00+00:00,1.610805,2.30870221429,20.0,8.6652,,stop,140
IMXUSDT,rnd510048,2022-04-01T00:00:00+00:00,2022-04-06T00:00:00+00:00,2.353176,2.23431085714,20.0,-1.0103,,stop,30
IMXUSDT,rnd510048,2022-04-06T16:00:00+00:00,2022-04-11T08:00:00+00:00,2.0740365,1.85592871429,20.0,-2.1032,,stop,28
IMXUSDT,rnd510048,2022-04-11T12:00:00+00:00,2022-04-18T04:00:00+00:00,1.8719355,1.64736140725,20.0,-2.3994,,stop,40
IMXUSDT,rnd510048,2022-04-18T08:00:00+00:00,2022-04-21T20:00:00+00:00,1.622811,1.88591371429,20.0,3.2426,,stop,21
IMXUSDT,rnd510048,2022-04-22T08:00:00+00:00,2022-04-25T00:00:00+00:00,1.912956,1.66622961129,20.0,-2.5795,,stop,16
IMXUSDT,rnd510048,2022-04-25T04:00:00+00:00,2022-04-26T16:00:00+00:00,1.702851,1.62989892857,20.0,-0.8568,,stop,9
IMXUSDT,rnd510048,2022-04-26T20:00:00+00:00,2022-04-30T16:00:00+00:00,1.6638315,1.47273761996,20.0,-2.297,,stop,23
IMXUSDT,rnd510048,2022-04-30T20:00:00+00:00,2022-04-30T20:00:00+00:00,1.4857425,1.32632900375,20.0,-2.1459,,stop,0
IMXUSDT,rnd510048,2022-05-01T12:00:00+00:00,2022-05-05T16:00:00+00:00,1.4117055,1.55108121429,20.0,1.9746,,stop,25
IMXUSDT,rnd510048,2022-05-06T04:00:00+00:00,2022-05-09T08:00:00+00:00,1.5557775,1.29120300411,20.0,-3.4012,,stop,19
IMXUSDT,rnd510048,2022-05-10T00:00:00+00:00,2022-05-11T04:00:00+00:00,1.146573,1.10587535714,20.0,-0.7099,,stop,7
IMXUSDT,rnd510048,2022-05-11T16:00:00+00:00,2022-09-19T00:00:00+00:00,0.9294645,0.717355428571,20.0,-4.5641,,stop,782
IMXUSDT,rnd510048,2022-09-19T04:00:00+00:00,2022-09-25T20:00:00+00:00,0.732366,0.720353928571,20.0,-0.328,,stop,40
IMXUSDT,rnd510048,2022-09-26T00:00:00+00:00,2022-09-28T00:00:00+00:00,0.730365,0.715927571429,20.0,-0.3953,,stop,12
IMXUSDT,rnd510048,2022-09-28T12:00:00+00:00,2022-10-10T08:00:00+00:00,0.7313655,0.715499214286,20.0,-0.4339,,stop,71
IMXUSDT,rnd510048,2022-10-10T16:00:00+00:00,2022-10-10T20:00:00+00:00,0.714357,0.686335089357,20.0,-0.7845,,stop,1
IMXUSDT,rnd510048,2022-10-11T04:00:00+00:00,2022-10-13T00:00:00+00:00,0.688344,0.652124917286,20.0,-1.0524,,stop,11
IMXUSDT,rnd510048,2022-10-13T12:00:00+00:00,2022-10-19T04:00:00+00:00,0.626313,0.600842285714,20.0,-0.8134,,stop,34
IMXUSDT,rnd510048,2022-10-19T08:00:00+00:00,2022-10-21T00:00:00+00:00,0.5952975,0.55626922625,20.0,-1.3112,,stop,10
IMXUSDT,rnd510048,2022-10-21T04:00:00+00:00,2022-10-28T00:00:00+00:00,0.5652825,0.572999071429,20.0,0.273,,stop,41
IMXUSDT,rnd510048,2022-10-28T04:00:00+00:00,2022-10-31T08:00:00+00:00,0.5792895,0.589562214286,20.0,0.3547,,stop,19
IMXUSDT,rnd510048,2022-10-31T12:00:00+00:00,2022-11-06T12:00:00+00:00,0.602301,0.633111857143,20.0,1.0231,,stop,36
IMXUSDT,rnd510048,2022-11-06T16:00:00+00:00,2022-11-08T04:00:00+00:00,0.6373185,0.534729572893,20.0,-3.2194,,stop,9
IMXUSDT,rnd510048,2022-11-08T08:00:00+00:00,2022-11-08T16:00:00+00:00,0.5812905,0.516210836893,20.0,-2.2391,,stop,2
IMXUSDT,rnd510048,2022-11-08T20:00:00+00:00,2022-11-09T20:00:00+00:00,0.506253,0.412475230643,20.0,-3.7048,,stop,6
IMXUSDT,rnd510048,2022-11-10T20:00:00+00:00,2023-02-09T00:00:00+00:00,0.488244,0.980937857143,20.0,20.1823,,stop,541
IMXUSDT,rnd510048,2023-02-09T12:00:00+00:00,2023-02-09T20:00:00+00:00,1.022511,0.8433391195,20.0,-3.5045,,stop,2
IMXUSDT,rnd510048,2023-02-10T00:00:00+00:00,2023-02-22T04:00:00+00:00,0.8834415,0.949810571429,20.0,1.5025,,stop,73
IMXUSDT,rnd510048,2023-02-22T08:00:00+00:00,2023-03-03T00:00:00+00:00,0.9594795,0.939244428571,20.0,-0.4218,,stop,52
IMXUSDT,rnd510048,2023-03-03T04:00:00+00:00,2023-03-08T16:00:00+00:00,0.9474735,1.00092785714,20.0,1.1284,,stop,33
IMXUSDT,rnd510048,2023-03-08T20:00:00+00:00,2023-03-10T04:00:00+00:00,0.9674835,0.836529311821,20.0,-2.7071,,stop,8
IMXUSDT,rnd510048,2023-03-10T08:00:00+00:00,2023-03-15T12:00:00+00:00,0.8334165,1.06732321429,20.0,5.6132,,stop,31
IMXUSDT,rnd510048,2023-03-15T20:00:00+00:00,2023-03-22T20:00:00+00:00,1.148574,1.16912942857,20.0,0.3579,,stop,42
IMXUSDT,rnd510048,2023-03-24T04:00:00+00:00,2023-03-25T16:00:00+00:00,1.2136065,1.04861764318,20.0,-2.719,,stop,9
IMXUSDT,rnd510048,2023-03-26T00:00:00+00:00,2023-04-03T00:00:00+00:00,1.0515255,1.02634371429,20.0,-0.479,,stop,48
IMXUSDT,rnd510048,2023-04-03T08:00:00+00:00,2023-04-08T00:00:00+00:00,1.044522,1.01577757143,20.0,-0.5504,,stop,28
IMXUSDT,rnd510048,2023-04-08T04:00:00+00:00,2023-04-17T00:00:00+00:00,1.0335165,1.15599314286,20.0,2.3701,,stop,53
IMXUSDT,rnd510048,2023-04-17T08:00:00+00:00,2023-04-19T08:00:00+00:00,1.162581,1.07597131664,20.0,-1.49,,stop,12
IMXUSDT,rnd510048,2023-04-19T16:00:00+00:00,2023-04-21T04:00:00+00:00,1.052526,0.962401701286,20.0,-1.7125,,stop,9
IMXUSDT,rnd510048,2023-04-21T08:00:00+00:00,2023-04-26T20:00:00+00:00,0.9834915,0.903119642857,20.0,-1.6344,,stop,33
IMXUSDT,rnd510048,2023-04-27T12:00:00+00:00,2023-05-03T00:00:00+00:00,1.012506,0.913257428571,20.0,-1.9605,,stop,33
IMXUSDT,rnd510048,2023-05-03T20:00:00+00:00,2023-05-05T12:00:00+00:00,0.912456,0.865138642857,20.0,-1.0371,,stop,10
IMXUSDT,rnd510048,2023-05-06T04:00:00+00:00,2023-05-06T12:00:00+00:00,0.888444,0.835347545857,20.0,-1.1953,,stop,2
IMXUSDT,rnd510048,2023-05-06T16:00:00+00:00,2023-05-08T04:00:00+00:00,0.836418,0.782180142857,20.0,-1.2969,,stop,9
IMXUSDT,rnd510048,2023-05-08T16:00:00+00:00,2023-05-08T16:00:00+00:00,0.8054025,0.748420959464,20.0,-1.415,,stop,0
IMXUSDT,rnd510048,2023-05-09T00:00:00+00:00,2023-05-11T16:00:00+00:00,0.786393,0.722995607071,20.0,-1.6124,,stop,16
IMXUSDT,rnd510048,2023-05-12T00:00:00+00:00,2023-06-05T16:00:00+00:00,0.7333665,0.727350428571,20.0,-0.1641,,stop,148
IMXUSDT,rnd510048,2023-06-05T20:00:00+00:00,2023-06-10T04:00:00+00:00,0.732366,0.667924727714,20.0,-1.7598,,stop,26
IMXUSDT,rnd510048,2023-06-11T04:00:00+00:00,2023-07-28T20:00:00+00:00,0.604302,0.738773285714,20.0,4.4505,,stop,286
IMXUSDT,rnd510048,2023-07-29T00:00:00+00:00,2023-08-12T20:00:00+00:00,0.74547255,0.699621442857,20.0,-1.2301,,stop,89
IMXUSDT,rnd510048,2023-08-13T04:00:00+00:00,2023-08-13T20:00:00+00:00,0.70145055,0.686232262225,20.0,-0.4339,,stop,4
IMXUSDT,rnd510048,2023-08-14T00:00:00+00:00,2023-08-15T16:00:00+00:00,0.69204585,0.690840121429,20.0,-0.0348,,stop,10
IMXUSDT,rnd510048,2023-08-15T20:00:00+00:00,2023-08-16T20:00:00+00:00,0.6541269,0.615765291907,20.0,-1.1729,,stop,6
IMXUSDT,rnd510048,2023-08-17T08:00:00+00:00,2023-08-17T20:00:00+00:00,0.63921945,0.593529679561,20.0,-1.4295,,stop,3
IMXUSDT,rnd510048,2023-08-18T08:00:00+00:00,2023-09-03T12:00:00+00:00,0.60040005,0.541343528546,20.0,-1.9672,,stop,97
IMXUSDT,rnd510048,2023-09-04T08:00:00+00:00,2023-09-10T00:00:00+00:00,0.5518758,0.529949978171,20.0,-0.7946,,stop,34
IMXUSDT,rnd510048,2023-09-10T04:00:00+00:00,2023-09-10T04:00:00+00:00,0.5252625,0.507205199107,20.0,-0.6876,,stop,0
IMXUSDT,rnd510048,2023-09-10T08:00:00+00:00,2023-09-11T00:00:00+00:00,0.52336155,0.502895690654,20.0,-0.7821,,stop,4
IMXUSDT,rnd510048,2023-09-11T08:00:00+00:00,2023-09-11T08:00:00+00:00,0.51475725,0.489940728518,20.0,-0.9642,,stop,0
IMXUSDT,rnd510048,2023-09-11T12:00:00+00:00,2023-09-21T04:00:00+00:00,0.4856427,0.721424821429,20.0,9.7101,,stop,58
IMXUSDT,rnd510048,2023-09-21T12:00:00+00:00,2023-09-24T12:00:00+00:00,0.6713355,0.583864850107,20.0,-2.6059,,stop,18
IMXUSDT,rnd510048,2023-09-24T16:00:00+00:00,2023-10-04T00:00:00+00:00,0.5872935,0.54802585,20.0,-1.3372,,stop,56
IMXUSDT,rnd510048,2023-10-04T20:00:00+00:00,2023-10-09T08:00:00+00:00,0.5706852,0.539129785971,20.0,-1.1059,,stop,27
IMXUSDT,rnd510048,2023-10-09T12:00:00+00:00,2023-10-11T00:00:00+00:00,0.53496735,0.54002985,20.0,0.1893,,stop,9
IMXUSDT,rnd510048,2023-10-11T08:00:00+00:00,2023-10-18T12:00:00+00:00,0.51275625,0.514671107143,20.0,0.0747,,stop,43
IMXUSDT,rnd510048,2023-10-19T00:00:00+00:00,2023-10-24T12:00:00+00:00,0.5150574,0.619304478571,20.0,4.048,,stop,33
IMXUSDT,rnd510048,2023-10-24T16:00:00+00:00,2023-11-05T12:00:00+00:00,0.6193095,0.892239371429,20.0,8.814,,stop,71
IMXUSDT,rnd510048,2023-11-05T16:00:00+00:00,2023-11-06T04:00:00+00:00,0.92896425,0.94262845,20.0,0.2942,,stop,3
IMXUSDT,rnd510048,2023-11-06T16:00:00+00:00,2023-12-11T00:00:00+00:00,0.9000498,1.71075847857,20.0,18.0148,,stop,206
IMXUSDT,rnd510048,2023-12-11T16:00:00+00:00,2023-12-18T08:00:00+00:00,2.011005,1.82627212143,20.0,-1.8372,,stop,40
IMXUSDT,rnd510048,2023-12-18T20:00:00+00:00,2023-12-26T16:00:00+00:00,2.03031465,2.23036997143,20.0,1.9707,,stop,47
IMXUSDT,rnd510048,2023-12-27T00:00:00+00:00,2023-12-29T16:00:00+00:00,2.36608245,2.22245964286,20.0,-1.214,,stop,16
IMXUSDT,rnd510048,2023-12-29T20:00:00+00:00,2023-12-31T00:00:00+00:00,2.29684785,2.1965012,20.0,-0.8738,,stop,7
LINKUSDT,rnd510048,2021-09-05T08:00:00+00:00,2021-09-07T08:00:00+00:00,30.165075,32.8164407143,20.0,1.7579,,stop,12
LINKUSDT,rnd510048,2021-09-07T16:00:00+00:00,2021-09-20T08:00:00+00:00,28.27413,23.9037564286,20.0,-3.0914,,stop,76
LINKUSDT,rnd510048,2021-09-26T04:00:00+00:00,2021-10-27T08:00:00+00:00,24.202095,29.2182407143,20.0,4.1452,,stop,187
LINKUSDT,rnd510048,2021-10-28T12:00:00+00:00,2021-11-10T20:00:00+00:00,30.285135,32.4309192857,20.0,1.4171,,stop,80
LINKUSDT,rnd510048,2021-11-12T00:00:00+00:00,2021-11-16T00:00:00+00:00,34.69734,30.44461008,20.0,-2.4513,,stop,24
LINKUSDT,rnd510048,2021-11-17T04:00:00+00:00,2021-11-24T12:00:00+00:00,28.49424,25.5261134157,20.0,-2.0833,,stop,44
LINKUSDT,rnd510048,2021-11-29T08:00:00+00:00,2021-12-03T16:00:00+00:00,25.11255,24.0936614286,20.0,-0.8115,,stop,26
LINKUSDT,rnd510048,2021-12-05T12:00:00+00:00,2021-12-13T16:00:00+00:00,19.759875,17.45127,20.0,-2.3367,,stop,49
LINKUSDT,rnd510048,2021-12-16T16:00:00+00:00,2021-12-17T12:00:00+00:00,19.82991,17.9227298664,20.0,-1.9235,,stop,5
LINKUSDT,rnd510048,2021-12-20T16:00:00+00:00,2021-12-28T00:00:00+00:00,18.44922,22.1846164286,20.0,4.0494,,stop,44
LINKUSDT,rnd510048,2021-12-29T00:00:00+00:00,2022-01-05T20:00:00+00:00,20.39019,23.9423085714,20.0,3.4841,,stop,47
LINKUSDT,rnd510048,2022-01-07T20:00:00+00:00,2022-01-19T04:00:00+00:00,26.57328,21.45004961,20.0,-3.8559,,stop,68
LINKUSDT,rnd510048,2022-01-20T12:00:00+00:00,2022-01-20T20:00:00+00:00,22.33116,20.3888176343,20.0,-1.7396,,stop,2
LINKUSDT,rnd510048,2022-01-23T00:00:00+00:00,2022-02-20T04:00:00+00:00,15.86793,14.4242128571,20.0,-1.8197,,stop,169
LINKUSDT,rnd510048,2022-02-24T08:00:00+00:00,2022-03-05T00:00:00+00:00,11.795895,13.443275,20.0,2.7931,,stop,52
LINKUSDT,rnd510048,2022-03-09T04:00:00+00:00,2022-04-06T00:00:00+00:00,13.836915,16.1462085714,20.0,3.3379,,stop,167
LINKUSDT,rnd510048,2022-04-07T04:00:00+00:00,2022-04-11T08:00:00+00:00,15.377685,14.1937988361,20.0,-1.5397,,stop,25
LINKUSDT,rnd510048,2022-04-11T16:00:00+00:00,2022-04-18T04:00:00+00:00,13.96698,13.21339,20.0,-1.0791,,stop,39
LINKUSDT,rnd510048,2022-04-19T12:00:00+00:00,2022-04-23T20:00:00+00:00,14.077035,13.1882946968,20.0,-1.2627,,stop,26
LINKUSDT,rnd510048,2022-04-24T16:00:00+00:00,2022-04-25T00:00:00+00:00,13.46673,12.8281698493,20.0,-0.9484,,stop,2
LINKUSDT,rnd510048,2022-04-26T04:00:00+00:00,2022-04-26T16:00:00+00:00,13.34667,12.5564600579,20.0,-1.1841,,stop,3
LINKUSDT,rnd510048,2022-04-27T00:00:00+00:00,2022-04-30T20:00:00+00:00,12.36618,11.4871107143,20.0,-1.4217,,stop,23
LINKUSDT,rnd510048,2022-05-02T00:00:00+00:00,2022-05-05T16:00:00+00:00,11.30565,10.7474807143,20.0,-0.9874,,stop,22
LINKUSDT,rnd510048,2022-05-06T04:00:00+00:00,2022-05-07T20:00:00+00:00,10.98549,10.0269026121,20.0,-1.7452,,stop,10
LINKUSDT,rnd510048,2022-05-09T00:00:00+00:00,2022-05-09T08:00:00+00:00,10.005,9.28249928571,20.0,-1.4443,,stop,2
LINKUSDT,rnd510048,2022-05-11T04:00:00+00:00,2022-05-11T12:00:00+00:00,8.64432,7.19250766143,20.0,-3.359,,stop,2
LINKUSDT,rnd510048,2022-05-13T12:00:00+00:00,2022-06-12T00:00:00+00:00,7.58379,6.58242142857,20.0,-2.6408,,stop,177
LINKUSDT,rnd510048,2022-06-13T20:00:00+00:00,2022-06-18T16:00:00+00:00,5.892945,5.55008071429,20.0,-1.1636,,stop,29
LINKUSDT,rnd510048,2022-06-20T04:00:00+00:00,2022-06-29T16:00:00+00:00,6.44322,6.13550214286,20.0,-0.9552,,stop,57
LINKUSDT,rnd510048,2022-07-08T04:00:00+00:00,2022-07-10T00:00:00+00:00,6.72336,6.32019832,20.0,-1.1993,,stop,11
LINKUSDT,rnd510048,2022-07-11T00:00:00+00:00,2022-07-13T12:00:00+00:00,6.2031,5.91561214286,20.0,-0.9269,,stop,15
LINKUSDT,rnd510048,2022-07-15T00:00:00+00:00,2022-07-21T00:00:00+00:00,6.2781375,6.80502435714,20.0,1.6785,,stop,36
LINKUSDT,rnd510048,2022-07-21T08:00:00+00:00,2022-07-26T08:00:00+00:00,6.8104035,6.25615607143,20.0,-1.6276,,stop,30
LINKUSDT,rnd510048,2022-07-26T12:00:00+00:00,2022-08-02T00:00:00+00:00,6.295146,7.37402542857,20.0,3.4277,,stop,39
LINKUSDT,rnd510048,2022-08-04T04:00:00+00:00,2022-08-15T00:00:00+00:00,7.4247105,8.55286428571,20.0,3.0389,,stop,65
LINKUSDT,rnd510048,2022-08-16T04:00:00+00:00,2022-08-18T00:00:00+00:00,8.6813385,7.97110095575,20.0,-1.6362,,stop,11
LINKUSDT,rnd510048,2022-08-23T04:00:00+00:00,2022-08-26T16:00:00+00:00,7.051524,6.68037242857,20.0,-1.0527,,stop,21
LINKUSDT,rnd510048,2022-08-28T04:00:00+00:00,2022-09-06T16:00:00+00:00,6.4902435,6.82030242857,20.0,1.0171,,stop,57
LINKUSDT,rnd510048,2022-09-07T16:00:00+00:00,2022-09-13T12:00:00+00:00,6.787392,7.45884014286,20.0,1.9785,,stop,35
LINKUSDT,rnd510048,2022-09-15T20:00:00+00:00,2022-09-20T16:00:00+00:00,7.319658,6.94581107143,20.0,-1.0215,,stop,29
LINKUSDT,rnd510048,2022-09-22T08:00:00+00:00,2022-09-29T12:00:00+00:00,6.8824395,7.59105971429,20.0,2.0592,,stop,43
LINKUSDT,rnd510048,2022-10-01T00:00:00+00:00,2022-10-03T00:00:00+00:00,7.587792,7.082998729,20.0,-1.3305,,stop,12
LINKUSDT,rnd510048,2022-10-06T08:00:00+00:00,2022-10-08T20:00:00+00:00,7.8209085,7.42612215289,20.0,-1.0096,,stop,15
LINKUSDT,rnd510048,2022-10-09T00:00:00+00:00,2022-10-11T00:00:00+00:00,7.4587275,7.28078635714,20.0,-0.4771,,stop,12
LINKUSDT,rnd510048,2022-10-14T04:00:00+00:00,2022-10-20T16:00:00+00:00,7.177587,6.6567569565,20.0,-1.4513,,stop,39
LINKUSDT,rnd510048,2022-10-20T20:00:00+00:00,2022-10-31T20:00:00+00:00,6.6983475,7.74541107143,20.0,3.1263,,stop,66
LINKUSDT,rnd510048,2022-11-02T04:00:00+00:00,2022-11-06T20:00:00+00:00,7.8469215,8.10908628571,20.0,0.6682,,stop,28
LINKUSDT,rnd510048,2022-11-07T16:00:00+00:00,2022-11-08T04:00:00+00:00,8.54427,8.14949464286,20.0,-0.9241,,stop,3
LINKUSDT,rnd510048,2022-11-11T00:00:00+00:00,2023-06-10T00:00:00+00:00,7.2126045,5.82137357143,20.0,-3.8578,,stop,1266
LINKUSDT,rnd510048,2023-06-11T12:00:00+00:00,2023-07-16T20:00:00+00:00,5.1815895,6.58741892857,20.0,5.4262,,stop,212
LINKUSDT,rnd510048,2023-07-17T20:00:00+00:00,2023-07-22T08:00:00+00:00,6.8984475,7.87149085714,20.0,2.8211,,stop,27
LINKUSDT,rnd510048,2023-07-24T08:00:00+00:00,2023-07-26T00:00:00+00:00,7.7368665,7.31374351318,20.0,-1.0938,,stop,10
LINKUSDT,rnd510048,2023-07-27T04:00:00+00:00,2023-07-30T16:00:00+00:00,7.987992,7.56867005757,20.0,-1.0499,,stop,21
LINKUSDT,rnd510048,2023-08-01T12:00:00+00:00,2023-08-03T20:00:00+00:00,7.4607285,7.08088635714,20.0,-1.0182,,stop,14
LINKUSDT,rnd510048,2023-08-08T16:00:00+00:00,2023-08-11T16:00:00+00:00,7.365681,7.40786564286,20.0,0.1145,,stop,18
LINKUSDT,rnd510048,2023-08-13T04:00:00+00:00,2023-08-15T04:00:00+00:00,7.467732,7.32776285714,20.0,-0.3749,,stop,12
LINKUSDT,rnd510048,2023-08-15T20:00:00+00:00,2023-08-16T20:00:00+00:00,7.0425195,6.66721993668,20.0,-1.0658,,stop,6
LINKUSDT,rnd510048,2023-08-19T20:00:00+00:00,2023-10-02T16:00:00+00:00,6.173085,7.494251,20.0,4.2804,,stop,263
LINKUSDT,rnd510048,2023-10-04T00:00:00+00:00,2023-10-23T08:00:00+00:00,7.411704,10.0452605714,20.0,7.1065,,stop,116
LINKUSDT,rnd510048,2023-10-24T08:00:00+00:00,2023-11-14T12:00:00+00:00,10.1080515,14.0261262857,20.0,7.7524,,stop,127
LINKUSDT,rnd510048,2023-11-16T12:00:00+00:00,2023-11-17T08:00:00+00:00,14.6863395,13.258099991,20.0,-1.945,,stop,5
LINKUSDT,rnd510048,2023-11-17T20:00:00+00:00,2023-12-11T00:00:00+00:00,13.5477705,15.0915932857,20.0,2.2791,,stop,139
LINKUSDT,rnd510048,2023-12-11T16:00:00+00:00,2023-12-29T16:00:00+00:00,14.789391,15.234379,20.0,0.6018,,stop,108
PEPEUSDT,rnd510048,2023-05-10T00:00:00+00:00,2023-05-11T16:00:00+00:00,2.011005e-06,1.26751378321e-06,20.0,-7.3942,,stop,10
PEPEUSDT,rnd510048,2023-05-27T04:00:00+00:00,2023-05-30T16:00:00+00:00,1.46073e-06,1.30828981357e-06,20.0,-2.0872,,stop,21
PEPEUSDT,rnd510048,2023-06-04T20:00:00+00:00,2023-06-05T08:00:00+00:00,1.26063e-06,1.15291039929e-06,20.0,-1.709,,stop,3
PEPEUSDT,rnd510048,2023-06-09T16:00:00+00:00,2023-06-10T04:00:00+00:00,1.14057e-06,1.00078364357e-06,20.0,-2.4512,,stop,3
PEPEUSDT,rnd510048,2023-06-12T16:00:00+00:00,2023-06-23T12:00:00+00:00,9.0045e-07,1.489255e-06,20.0,13.078,,stop,65
PEPEUSDT,rnd510048,2023-06-25T08:00:00+00:00,2023-07-24T08:00:00+00:00,1.6008e-06,1.41643428571e-06,20.0,-2.3034,,stop,174
PEPEUSDT,rnd510048,2023-07-25T04:00:00+00:00,2023-07-30T16:00:00+00:00,1.330665e-06,1.25794214286e-06,20.0,-1.093,,stop,33
PEPEUSDT,rnd510048,2023-08-01T00:00:00+00:00,2023-08-04T16:00:00+00:00,1.230615e-06,1.16227571429e-06,20.0,-1.1107,,stop,22
PEPEUSDT,rnd510048,2023-08-06T16:00:00+00:00,2023-08-15T12:00:00+00:00,1.14057e-06,1.31791214286e-06,20.0,3.1097,,stop,53
PEPEUSDT,rnd510048,2023-08-16T00:00:00+00:00,2023-08-17T20:00:00+00:00,1.270635e-06,1.11828986107e-06,20.0,-2.3979,,stop,11
PEPEUSDT,rnd510048,2023-08-19T20:00:00+00:00,2023-08-24T20:00:00+00:00,1.130565e-06,9.76505074643e-07,20.0,-2.7254,,stop,30
PEPEUSDT,rnd510048,2023-08-26T08:00:00+00:00,2023-09-10T04:00:00+00:00,9.0045e-07,7.37581025e-07,20.0,-3.6175,,stop,89
PEPEUSDT,rnd510048,2023-09-19T00:00:00+00:00,2023-09-24T04:00:00+00:00,6.30315e-07,6.53958571429e-07,20.0,0.7502,,stop,31
PEPEUSDT,rnd510048,2023-09-26T12:00:00+00:00,2023-10-02T16:00:00+00:00,7.0035e-07,7.35346428571e-07,20.0,0.9994,,stop,37
PEPEUSDT,rnd510048,2023-10-04T00:00:00+00:00,2023-10-11T00:00:00+00:00,7.2036e-07,6.27189105714e-07,20.0,-2.5868,,stop,42
PEPEUSDT,rnd510048,2023-10-12T00:00:00+00:00,2023-10-17T12:00:00+00:00,6.4032e-07,6.42535714286e-07,20.0,0.0692,,stop,33
PEPEUSDT,rnd510048,2023-10-20T20:00:00+00:00,2023-10-24T00:00:00+00:00,6.4032e-07,9.43813571429e-07,20.0,9.4794,,stop,19
PEPEUSDT,rnd510048,2023-10-24T04:00:00+00:00,2023-10-27T16:00:00+00:00,9.8049e-07,1.12800714286e-06,20.0,3.009,,stop,21
PEPEUSDT,rnd510048,2023-10-30T12:00:00+00:00,2023-11-02T16:00:00+00:00,1.210605e-06,1.08149255464e-06,20.0,-2.133,,stop,19
PEPEUSDT,rnd510048,2023-11-04T20:00:00+00:00,2023-11-09T16:00:00+00:00,1.08054e-06,1.26222571429e-06,20.0,3.3629,,stop,29
PEPEUSDT,rnd510048,2023-11-13T20:00:00+00:00,2023-11-21T12:00:00+00:00,1.24062e-06,1.08472022571e-06,20.0,-2.5133,,stop,46
PEPEUSDT,rnd510048,2023-11-25T04:00:00+00:00,2023-11-27T04:00:00+00:00,1.130565e-06,1.06232571429e-06,20.0,-1.2072,,stop,12
PEPEUSDT,rnd510048,2023-11-28T20:00:00+00:00,2023-12-04T08:00:00+00:00,1.10055e-06,1.33076285714e-06,20.0,4.1836,,stop,33
PEPEUSDT,rnd510048,2023-12-05T08:00:00+00:00,2023-12-13T00:00:00+00:00,1.370685e-06,1.329335e-06,20.0,-0.6033,,stop,46
PEPEUSDT,rnd510048,2023-12-14T00:00:00+00:00,2023-12-18T08:00:00+00:00,1.42071e-06,1.257580895e-06,20.0,-2.2964,,stop,26
PEPEUSDT,rnd510048,2023-12-26T00:00:00+00:00,2023-12-26T16:00:00+00:00,1.410705e-06,1.28684696893e-06,20.0,-1.756,,stop,4
SHIBUSDT,rnd510048,2021-09-05T20:00:00+00:00,2021-09-07T08:00:00+00:00,7.42371e-06,6.92917225214e-06,20.0,-1.3323,,stop,9
SHIBUSDT,rnd510048,2021-09-08T04:00:00+00:00,2021-09-08T20:00:00+00:00,5.952975e-06,6.75376428571e-06,20.0,2.6904,,stop,4
SHIBUSDT,rnd510048,2021-09-13T20:00:00+00:00,2021-09-17T08:00:00+00:00,6.493245e-06,8.53001857143e-06,20.0,6.2735,,stop,21
SHIBUSDT,rnd510048,2021-09-18T00:00:00+00:00,2021-09-20T12:00:00+00:00,8.44422e-06,6.87649431857e-06,20.0,-3.7131,,stop,15
SHIBUSDT,rnd510048,2021-09-20T20:00:00+00:00,2021-10-05T00:00:00+00:00,7.10355e-06,1.347326e-05,20.0,17.9339,,stop,85
SHIBUSDT,rnd510048,2021-10-05T04:00:00+00:00,2021-10-05T20:00:00+00:00,1.3796895e-05,1.617191e-05,20.0,3.4428,,stop,4
SHIBUSDT,rnd510048,2021-10-09T08:00:00+00:00,2021-10-27T20:00:00+00:00,2.979489e-05,6.87884457143e-05,20.0,26.1747,,stop,111
SHIBUSDT,rnd510048,2021-10-28T00:00:00+00:00,2021-10-28T04:00:00+00:00,7.909953e-05,5.9419805235e-05,20.0,-4.9759,,stop,1
SHIBUSDT,rnd510048,2021-10-28T12:00:00+00:00,2021-11-04T12:00:00+00:00,7.8549255e-05,4.95066321582e-05,20.0,-7.3948,,stop,42
SHIBUSDT,rnd510048,2021-11-17T12:00:00+00:00,2021-11-18T12:00:00+00:00,4.968483e-05,4.32435545493e-05,20.0,-2.5929,,stop,6
SHIBUSDT,rnd510048,2021-11-22T20:00:00+00:00,2021-11-24T04:00:00+00:00,4.3071525e-05,3.82613133446e-05,20.0,-2.2336,,stop,8
SHIBUSDT,rnd510048,2021-12-01T20:00:00+00:00,2021-12-04T04:00:00+00:00,4.546272e-05,3.589476364e-05,20.0,-4.2091,,stop,14
SHIBUSDT,rnd510048,2021-12-04T20:00:00+00:00,2021-12-17T12:00:00+00:00,3.7868925e-05,3.06660842875e-05,20.0,-3.8041,,stop,76
SHIBUSDT,rnd510048,2021-12-23T08:00:00+00:00,2021-12-29T12:00:00+00:00,3.533766e-05,3.3733125e-05,20.0,-0.9081,,stop,37
SHIBUSDT,rnd510048,2021-12-29T20:00:00+00:00,2022-01-05T16:00:00+00:00,3.427713e-05,3.09384387564e-05,20.0,-1.9481,,stop,41
SHIBUSDT,rnd510048,2022-01-14T04:00:00+00:00,2022-01-19T04:00:00+00:00,2.9984985e-05,2.73805885714e-05,20.0,-1.7371,,stop,30
SHIBUSDT,rnd510048,2022-01-23T08:00:00+00:00,2022-02-12T04:00:00+00:00,2.3341665e-05,2.74448421429e-05,20.0,3.5158,,stop,119
SHIBUSDT,rnd510048,2022-02-13T04:00:00+00:00,2022-02-19T12:00:00+00:00,2.879439e-05,2.71078678571e-05,20.0,-1.1714,,stop,38
SHIBUSDT,rnd510048,2022-02-22T00:00:00+00:00,2022-02-24T04:00:00+00:00,2.405202e-05,2.21403528571e-05,20.0,-1.5896,,stop,13
SHIBUSDT,rnd510048,2022-02-26T00:00:00+00:00,2022-03-07T08:00:00+00:00,2.489244e-05,2.26272521429e-05,20.0,-1.82,,stop,56
SHIBUSDT,rnd510048,2022-03-08T00:00:00+00:00,2022-03-13T20:00:00+00:00,2.2801395e-05,2.172913e-05,20.0,-0.9405,,stop,35
SHIBUSDT,rnd510048,2022-03-19T08:00:00+00:00,2022-03-19T20:00:00+00:00,2.2341165e-05,2.40008507143e-05,20.0,1.4858,,stop,3
SHIBUSDT,rnd510048,2022-03-21T12:00:00+00:00,2022-03-28T20:00:00+00:00,2.3161575e-05,2.61583428571e-05,20.0,2.5877,,stop,44
SHIBUSDT,rnd510048,2022-03-29T16:00:00+00:00,2022-04-07T00:00:00+00:00,2.719359e-05,2.3969099455e-05,20.0,-2.3715,,stop,50
SHIBUSDT,rnd510048,2022-04-12T20:00:00+00:00,2022-04-25T04:00:00+00:00,2.5462725e-05,2.28557092857e-05,20.0,-2.0477,,stop,74
SHIBUSDT,rnd510048,2022-04-26T16:00:00+00:00,2022-04-30T20:00:00+00:00,2.3081535e-05,2.10406522682e-05,20.0,-1.7684,,stop,25
SHIBUSDT,rnd510048,2022-05-03T12:00:00+00:00,2022-05-07T20:00:00+00:00,2.095047e-05,1.93660264286e-05,20.0,-1.5126,,stop,26
SHIBUSDT,rnd510048,2022-05-09T16:00:00+00:00,2022-05-09T20:00:00+00:00,1.6078035e-05,1.44493781254e-05,20.0,-2.0259,,stop,1
SHIBUSDT,rnd510048,2022-05-15T04:00:00+00:00,2022-06-11T12:00:00+00:00,1.2116055e-05,9.32567554393e-06,20.0,-4.6061,,stop,164
SHIBUSDT,rnd510048,2022-06-17T20:00:00+00:00,2022-06-18T20:00:00+00:00,8.114055e-06,7.17118190107e-06,20.0,-2.324,,stop,6
SHIBUSDT,rnd510048,2022-06-19T12:00:00+00:00,2022-06-21T20:00:00+00:00,7.92396e-06,1.07203514286e-05,20.0,7.0581,,stop,14
SHIBUSDT,rnd510048,2022-06-22T12:00:00+00:00,2022-08-17T20:00:00+00:00,1.062531e-05,1.48697042857e-05,20.0,7.9892,,stop,338
SHIBUSDT,rnd510048,2022-08-19T16:00:00+00:00,2022-08-26T20:00:00+00:00,1.3236615e-05,1.24166457143e-05,20.0,-1.2389,,stop,43
SHIBUSDT,rnd510048,2022-08-28T00:00:00+00:00,2022-09-13T12:00:00+00:00,1.2176085e-05,1.21953278571e-05,20.0,0.0316,,stop,99
SHIBUSDT,rnd510048,2022-09-15T08:00:00+00:00,2022-09-18T20:00:00+00:00,1.2096045e-05,1.11208389418e-05,20.0,-1.6124,,stop,21
SHIBUSDT,rnd510048,2022-09-26T20:00:00+00:00,2022-10-10T20:00:00+00:00,1.1075535e-05,1.02377357143e-05,20.0,-1.5129,,stop,84
SHIBUSDT,rnd510048,2022-10-22T08:00:00+00:00,2022-10-27T08:00:00+00:00,1.002501e-05,1.11372857143e-05,20.0,2.219,,stop,30
SHIBUSDT,rnd510048,2022-10-27T12:00:00+00:00,2022-10-29T16:00:00+00:00,1.0895445e-05,1.31748378571e-05,20.0,4.1841,,stop,13
SHIBUSDT,rnd510048,2022-11-03T16:00:00+00:00,2022-11-07T20:00:00+00:00,1.208604e-05,1.16084785714e-05,20.0,-0.7903,,stop,25
SHIBUSDT,rnd510048,2022-11-08T12:00:00+00:00,2022-11-08T16:00:00+00:00,1.0935465e-05,9.84125619607e-06,20.0,-2.0012,,stop,1
SHIBUSDT,rnd510048,2022-11-14T08:00:00+00:00,2022-11-21T16:00:00+00:00,9.294645e-06,8.34225749893e-06,20.0,-2.0493,,stop,44
SHIBUSDT,rnd510048,2022-11-22T00:00:00+00:00,2022-11-28T00:00:00+00:00,8.434215e-06,8.85271428571e-06,20.0,0.9924,,stop,36
SHIBUSDT,rnd510048,2022-11-29T16:00:00+00:00,2022-12-07T04:00:00+00:00,9.114555e-06,9.15542e-06,20.0,0.0897,,stop,45
SHIBUSDT,rnd510048,2022-12-09T04:00:00+00:00,2022-12-12T00:00:00+00:00,9.28464e-06,8.93017268e-06,20.0,-0.7636,,stop,17
SHIBUSDT,rnd510048,2022-12-13T00:00:00+00:00,2022-12-13T04:00:00+00:00,8.974485e-06,8.6326665075e-06,20.0,-0.7618,,stop,1
SHIBUSDT,rnd510048,2022-12-14T12:00:00+00:00,2022-12-16T08:00:00+00:00,9.134565e-06,8.72662807464e-06,20.0,-0.8932,,stop,11
SHIBUSDT,rnd510048,2022-12-17T16:00:00+00:00,2022-12-19T16:00:00+00:00,8.234115e-06,8.30727285714e-06,20.0,0.1777,,stop,12
SHIBUSDT,rnd510048,2022-12-27T00:00:00+00:00,2022-12-27T16:00:00+00:00,8.32416e-06,8.14865506286e-06,20.0,-0.4217,,stop,4
SHIBUSDT,rnd510048,2022-12-31T20:00:00+00:00,2023-01-06T04:00:00+00:00,8.12406e-06,8.25444214286e-06,20.0,0.321,,stop,32
SHIBUSDT,rnd510048,2023-01-07T08:00:00+00:00,2023-01-11T00:00:00+00:00,8.514255e-06,8.91696785714e-06,20.0,0.946,,stop,22
SHIBUSDT,rnd510048,2023-01-12T16:00:00+00:00,2023-01-18T12:00:00+00:00,9.334665e-06,1.14428471429e-05,20.0,4.5169,,stop,35
SHIBUSDT,rnd510048,2023-01-21T00:00:00+00:00,2023-01-24T20:00:00+00:00,1.222611e-05,1.12758264093e-05,20.0,-1.5545,,stop,23
SHIBUSDT,rnd510048,2023-01-26T12:00:00+00:00,2023-02-05T00:00:00+00:00,1.1575785e-05,1.43770935714e-05,20.0,4.8399,,stop,57
SHIBUSDT,rnd510048,2023-02-05T12:00:00+00:00,2023-02-09T00:00:00+00:00,1.4997495e-05,1.32783525025e-05,20.0,-2.2926,,stop,21
SHIBUSDT,rnd510048,2023-02-11T16:00:00+00:00,2023-02-25T20:00:00+00:00,1.2796395e-05,1.20853828571e-05,20.0,-1.1113,,stop,85
SHIBUSDT,rnd510048,2023-02-27T16:00:00+00:00,2023-02-28T20:00:00+00:00,1.268634e-05,1.20142584371e-05,20.0,-1.0595,,stop,7
SHIBUSDT,rnd510048,2023-03-01T16:00:00+00:00,2023-03-02T04:00:00+00:00,1.236618e-05,1.18334745886e-05,20.0,-0.8616,,stop,3
SHIBUSDT,rnd510048,2023-03-03T16:00:00+00:00,2023-03-09T16:00:00+00:00,1.1315655e-05,1.05407391368e-05,20.0,-1.3696,,stop,36
SHIBUSDT,rnd510048,2023-03-12T20:00:00+00:00,2023-03-15T08:00:00+00:00,1.024512e-05,1.085457e-05,20.0,1.1897,,stop,15
SHIBUSDT,rnd510048,2023-03-16T12:00:00+00:00,2023-04-21T16:00:00+00:00,1.050525e-05,1.02405914286e-05,20.0,-0.5039,,stop,217
SHIBUSDT,rnd510048,2023-04-22T12:00:00+00:00,2023-04-26T20:00:00+00:00,1.0275135e-05,9.945025e-06,20.0,-0.6425,,stop,26
SHIBUSDT,rnd510048,2023-05-01T04:00:00+00:00,2023-05-01T16:00:00+00:00,1.008504e-05,9.81584390857e-06,20.0,-0.5339,,stop,3
SHIBUSDT,rnd510048,2023-05-06T16:00:00+00:00,2023-05-08T00:00:00+00:00,9.394695e-06,8.96164050964e-06,20.0,-0.9219,,stop,8
SHIBUSDT,rnd510048,2023-05-11T04:00:00+00:00,2023-05-24T12:00:00+00:00,8.854425e-06,8.44149142857e-06,20.0,-0.9327,,stop,80
SHIBUSDT,rnd510048,2023-05-28T12:00:00+00:00,2023-05-31T04:00:00+00:00,8.70435e-06,8.46719285714e-06,20.0,-0.5449,,stop,16
SHIBUSDT,rnd510048,2023-06-02T12:00:00+00:00,2023-06-05T12:00:00+00:00,8.48424e-06,8.16734285714e-06,20.0,-0.747,,stop,18
SHIBUSDT,rnd510048,2023-06-09T16:00:00+00:00,2023-06-10T00:00:00+00:00,7.92396e-06,7.62728730571e-06,20.0,-0.7488,,stop,2
SHIBUSDT,rnd510048,2023-06-13T00:00:00+00:00,2023-06-22T08:00:00+00:00,6.66333e-06,7.66045357143e-06,20.0,2.9929,,stop,56
SHIBUSDT,rnd510048,2023-07-01T04:00:00+00:00,2023-07-06T12:00:00+00:00,7.64382e-06,7.15631148286e-06,20.0,-1.2756,,stop,32
SHIBUSDT,rnd510048,2023-07-09T16:00:00+00:00,2023-07-14T16:00:00+00:00,7.653825e-06,7.82894071429e-06,20.0,0.4576,,stop,30
SHIBUSDT,rnd510048,2023-07-15T12:00:00+00:00,2023-08-06T12:00:00+00:00,8.294145e-06,9.33247428571e-06,20.0,2.5038,,stop,132
SHIBUSDT,rnd510048,2023-08-10T16:00:00+00:00,2023-08-13T20:00:00+00:00,9.92496e-06,1.01292185714e-05,20.0,0.4116,,stop,19
SHIBUSDT,rnd510048,2023-08-16T00:00:00+00:00,2023-08-16T20:00:00+00:00,9.94497e-06,9.102916265e-06,20.0,-1.6934,,stop,5
SHIBUSDT,rnd510048,2023-08-21T00:00:00+00:00,2023-08-21T12:00:00+00:00,8.30415e-06,7.862716675e-06,20.0,-1.0632,,stop,3
SHIBUSDT,rnd510048,2023-08-23T20:00:00+00:00,2023-08-28T00:00:00+00:00,8.48424e-06,7.92491841571e-06,20.0,-1.3185,,stop,25
SHIBUSDT,rnd510048,2023-08-29T12:00:00+00:00,2023-08-31T16:00:00+00:00,8.054025e-06,7.95030857143e-06,20.0,-0.2576,,stop,13
SHIBUSDT,rnd510048,2023-09-01T16:00:00+00:00,2023-09-04T12:00:00+00:00,7.913955e-06,7.59586945107e-06,20.0,-0.8039,,stop,17
SHIBUSDT,rnd510048,2023-09-08T04:00:00+00:00,2023-09-10T04:00:00+00:00,7.66383e-06,7.39049004929e-06,20.0,-0.7133,,stop,12
SHIBUSDT,rnd510048,2023-09-17T00:00:00+00:00,2023-09-17T16:00:00+00:00,7.4037e-06,7.16440172143e-06,20.0,-0.6464,,stop,4
SHIBUSDT,rnd510048,2023-09-21T04:00:00+00:00,2023-09-21T08:00:00+00:00,7.473735e-06,7.2451106325e-06,20.0,-0.6118,,stop,1
SHIBUSDT,rnd510048,2023-09-23T08:00:00+00:00,2023-09-24T04:00:00+00:00,7.313655e-06,7.35489214286e-06,20.0,0.1128,,stop,5
SHIBUSDT,rnd510048,2023-09-29T12:00:00+00:00,2023-10-02T16:00:00+00:00,7.353675e-06,7.26922071429e-06,20.0,-0.2297,,stop,19
SHIBUSDT,rnd510048,2023-10-05T08:00:00+00:00,2023-10-09T08:00:00+00:00,7.213605e-06,7.01366784036e-06,20.0,-0.5543,,stop,24
SHIBUSDT,rnd510048,2023-10-13T20:00:00+00:00,2023-10-17T12:00:00+00:00,6.833415e-06,6.99078857143e-06,20.0,0.4606,,stop,22
SHIBUSDT,rnd510048,2023-10-18T16:00:00+00:00,2023-10-24T12:00:00+00:00,6.84342e-06,7.32062357143e-06,20.0,1.3946,,stop,35
SHIBUSDT,rnd510048,2023-10-24T16:00:00+00:00,2023-11-09T16:00:00+00:00,7.333665e-06,7.96173142857e-06,20.0,1.7128,,stop,96
SHIBUSDT,rnd510048,2023-11-15T00:00:00+00:00,2023-11-21T12:00:00+00:00,8.34417e-06,8.005995e-06,20.0,-0.8106,,stop,39
SHIBUSDT,rnd510048,2023-11-30T16:00:00+00:00,2023-12-04T00:00:00+00:00,8.194095e-06,9.01549e-06,20.0,2.0048,,stop,20
SHIBUSDT,rnd510048,2023-12-12T12:00:00+00:00,2023-12-17T12:00:00+00:00,9.52476e-06,1.04761878571e-05,20.0,1.9978,,stop,30
SHIBUSDT,rnd510048,2023-12-23T20:00:00+00:00,2023-12-26T16:00:00+00:00,1.098549e-05,1.02892713621e-05,20.0,-1.2675,,stop,17
SOLUSDT,rnd510048,2021-09-03T08:00:00+00:00,2021-09-07T12:00:00+00:00,144.742335,166.907932857,20.0,3.0628,,stop,25
SOLUSDT,rnd510048,2021-09-07T16:00:00+00:00,2021-09-13T00:00:00+00:00,169.14453,164.726167143,20.0,-0.5224,,stop,32
SOLUSDT,rnd510048,2021-09-13T04:00:00+00:00,2021-09-17T08:00:00+00:00,155.027475,135.943422857,20.0,-2.462,,stop,25
SOLUSDT,rnd510048,2021-09-17T16:00:00+00:00,2021-09-20T04:00:00+00:00,144.69231,141.442100714,20.0,-0.4493,,stop,15
SOLUSDT,rnd510048,2021-09-20T08:00:00+00:00,2021-09-21T20:00:00+00:00,139.24959,119.018622348,20.0,-2.9057,,stop,9
SOLUSDT,rnd510048,2021-09-22T00:00:00+00:00,2021-11-16T08:00:00+00:00,124.36215,217.342702857,20.0,14.9532,,stop,332
SOLUSDT,rnd510048,2021-11-16T12:00:00+00:00,2021-11-18T08:00:00+00:00,225.042465,208.357876803,20.0,-1.4828,,stop,11
SOLUSDT,rnd510048,2021-11-18T12:00:00+00:00,2021-11-18T16:00:00+00:00,208.00395,187.536920346,20.0,-1.9679,,stop,1
SOLUSDT,rnd510048,2021-11-18T20:00:00+00:00,2021-11-24T16:00:00+00:00,200.310105,204.489132857,20.0,0.4173,,stop,35
SOLUSDT,rnd510048,2021-11-25T00:00:00+00:00,2021-11-26T08:00:00+00:00,205.86288,185.555769989,20.0,-1.9729,,stop,8
SOLUSDT,rnd510048,2021-11-26T12:00:00+00:00,2021-12-03T16:00:00+00:00,185.402655,211.288588571,20.0,2.7924,,stop,43
SOLUSDT,rnd510048,2021-12-03T20:00:00+00:00,2021-12-04T04:00:00+00:00,212.856375,185.688484313,20.0,-2.5527,,stop,2
SOLUSDT,rnd510048,2021-12-04T08:00:00+00:00,2021-12-13T12:00:00+00:00,193.13652,160.088578526,20.0,-3.4222,,stop,55
SOLUSDT,rnd510048,2021-12-13T16:00:00+00:00,2021-12-17T12:00:00+00:00,158.23908,168.909788571,20.0,1.3487,,stop,23
SOLUSDT,rnd510048,2021-12-17T20:00:00+00:00,2021-12-29T12:00:00+00:00,177.64878,172.181009286,20.0,-0.6156,,stop,70
SOLUSDT,rnd510048,2021-12-29T16:00:00+00:00,2022-01-05T16:00:00+00:00,176.50821,161.263252324,20.0,-1.7274,,stop,42
SOLUSDT,rnd510048,2022-01-05T20:00:00+00:00,2022-01-05T20:00:00+00:00,158.769345,148.777062113,20.0,-1.2587,,stop,0
SOLUSDT,rnd510048,2022-01-06T00:00:00+00:00,2022-01-07T00:00:00+00:00,154.55724,142.794735487,20.0,-1.5221,,stop,6
SOLUSDT,rnd510048,2022-01-07T08:00:00+00:00,2022-01-19T08:00:00+00:00,139.0695,133.447528571,20.0,-0.8085,,stop,72
SOLUSDT,rnd510048,2022-01-19T12:00:00+00:00,2022-01-20T20:00:00+00:00,136.218075,129.222499286,20.0,-1.0271,,stop,8
SOLUSDT,rnd510048,2022-01-21T00:00:00+00:00,2022-01-21T12:00:00+00:00,127.60377,116.158161865,20.0,-1.7939,,stop,3
SOLUSDT,rnd510048,2022-01-21T16:00:00+00:00,2022-01-21T20:00:00+00:00,121.970955,109.821373987,20.0,-1.9922,,stop,1
SOLUSDT,rnd510048,2022-01-22T08:00:00+00:00,2022-01-24T08:00:00+00:00,100.4502,83.0997007929,20.0,-3.4545,,stop,12
SOLUSDT,rnd510048,2022-01-24T12:00:00+00:00,2022-02-20T00:00:00+00:00,83.991975,87.8089307143,20.0,0.9089,,stop,159
SOLUSDT,rnd510048,2022-02-20T08:00:00+00:00,2022-02-21T20:00:00+00:00,87.413685,85.09743,20.0,-0.53,,stop,9
SOLUSDT,rnd510048,2022-02-22T00:00:00+00:00,2022-02-24T00:00:00+00:00,82.991475,76.8758285714,20.0,-1.4738,,stop,12
SOLUSDT,rnd510048,2022-02-24T08:00:00+00:00,2022-03-04T16:00:00+00:00,82.22109,89.0968578571,20.0,1.6725,,stop,50
SOLUSDT,rnd510048,2022-03-04T20:00:00+00:00,2022-03-07T16:00:00+00:00,88.754355,80.0178974654,20.0,-1.9687,,stop,17
SOLUSDT,rnd510048,2022-03-07T20:00:00+00:00,2022-03-13T20:00:00+00:00,80.38017,78.9119528571,20.0,-0.3653,,stop,36
SOLUSDT,rnd510048,2022-03-14T00:00:00+00:00,2022-03-18T08:00:00+00:00,78.75936,85.0688728571,20.0,1.6022,,stop,26
SOLUSDT,rnd510048,2022-03-18T12:00:00+00:00,2022-04-01T00:00:00+00:00,85.012485,120.154178571,20.0,8.2674,,stop,81
SOLUSDT,rnd510048,2022-04-01T12:00:00+00:00,2022-04-06T00:00:00+00:00,124.40217,122.111770714,20.0,-0.3682,,stop,27
SOLUSDT,rnd510048,2022-04-06T04:00:00+00:00,2022-04-07T00:00:00+00:00,123.76185,111.659563718,20.0,-1.9557,,stop,5
SOLUSDT,rnd510048,2022-04-07T16:00:00+00:00,2022-04-11T20:00:00+00:00,113.286615,100.001402857,20.0,-2.3454,,stop,25
SOLUSDT,rnd510048,2022-04-12T00:00:00+00:00,2022-04-18T08:00:00+00:00,99.68982,94.81257,20.0,-0.9785,,stop,38
SOLUSDT,rnd510048,2022-04-18T16:00:00+00:00,2022-04-21T20:00:00+00:00,98.70933,101.126554286,20.0,0.4898,,stop,19
SOLUSDT,rnd510048,2022-04-22T00:00:00+00:00,2022-04-29T16:00:00+00:00,101.83089,94.1784200907,20.0,-1.503,,stop,46
SOLUSDT,rnd510048,2022-04-30T00:00:00+00:00,2022-04-30T20:00:00+00:00,94.00698,88.3360041886,20.0,-1.2065,,stop,5
SOLUSDT,rnd510048,2022-05-01T00:00:00+00:00,2022-05-05T12:00:00+00:00,84.672315,84.6533664286,20.0,-0.0045,,stop,27
SOLUSDT,rnd510048,2022-05-06T00:00:00+00:00,2022-05-07T20:00:00+00:00,84.56226,77.1915020843,20.0,-1.7433,,stop,11
SOLUSDT,rnd510048,2022-05-08T00:00:00+00:00,2022-05-09T08:00:00+00:00,78.89943,72.9397276064,20.0,-1.5107,,stop,8
SOLUSDT,rnd510048,2022-05-09T12:00:00+00:00,2022-05-09T16:00:00+00:00,72.27612,65.6593453329,20.0,-1.831,,stop,1
SOLUSDT,rnd510048,2022-05-09T20:00:00+00:00,2022-05-11T04:00:00+00:00,65.17257,61.2507878571,20.0,-1.2035,,stop,8
SOLUSDT,rnd510048,2022-05-11T08:00:00+00:00,2022-05-11T12:00:00+00:00,62.6313,49.3512548857,20.0,-4.2407,,stop,1
SOLUSDT,rnd510048,2022-05-11T20:00:00+00:00,2022-06-12T00:00:00+00:00,47.913945,32.2824221429,20.0,-6.5248,,stop,187
SOLUSDT,rnd510048,2022-06-12T08:00:00+00:00,2022-06-13T00:00:00+00:00,33.17658,28.9817247457,20.0,-2.5288,,stop,4
SOLUSDT,rnd510048,2022-06-13T04:00:00+00:00,2022-06-18T08:00:00+00:00,28.85442,28.0002785714,20.0,-0.592,,stop,31
SOLUSDT,rnd510048,2022-06-18T20:00:00+00:00,2022-06-28T20:00:00+00:00,28.11405,35.4908171429,20.0,5.2477,,stop,60
SOLUSDT,rnd510048,2022-06-29T00:00:00+00:00,2022-06-30T08:00:00+00:00,35.35767,31.3991054507,20.0,-2.2392,,stop,8
SOLUSDT,rnd510048,2022-06-30T16:00:00+00:00,2022-07-11T20:00:00+00:00,32.11605,33.5260857143,20.0,0.8781,,stop,67
SOLUSDT,rnd510048,2022-07-12T04:00:00+00:00,2022-07-20T16:00:00+00:00,33.63681,43.4953842857,20.0,5.8618,,stop,51
SOLUSDT,rnd510048,2022-07-21T04:00:00+00:00,2022-07-26T08:00:00+00:00,40.050015,35.3751607143,20.0,-2.3345,,stop,31
SOLUSDT,rnd510048,2022-07-26T12:00:00+00:00,2022-08-01T16:00:00+00:00,35.83791,40.9580821429,20.0,2.8574,,stop,37
SOLUSDT,rnd510048,2022-08-01T20:00:00+00:00,2022-08-17T12:00:00+00:00,41.12055,41.4678271429,20.0,0.1689,,stop,94
SOLUSDT,rnd510048,2022-08-17T16:00:00+00:00,2022-08-19T00:00:00+00:00,41.130555,37.9080200796,20.0,-1.567,,stop,8
SOLUSDT,rnd510048,2022-08-19T04:00:00+00:00,2022-08-19T04:00:00+00:00,38.329155,35.3739591725,20.0,-1.542,,stop,0
SOLUSDT,rnd510048,2022-08-19T08:00:00+00:00,2022-08-26T12:00:00+00:00,36.668325,33.2695390518,20.0,-1.8538,,stop,43
SOLUSDT,rnd510048,2022-08-26T16:00:00+00:00,2022-08-27T16:00:00+00:00,33.306645,30.8822675704,20.0,-1.4558,,stop,6
SOLUSDT,rnd510048,2022-08-27T20:00:00+00:00,2022-09-13T12:00:00+00:00,31.345665,34.972505,20.0,2.3141,,stop,100
SOLUSDT,rnd510048,2022-09-13T16:00:00+00:00,2022-09-18T20:00:00+00:00,34.75737,31.0811073864,20.0,-2.1154,,stop,31
SOLUSDT,rnd510048,2022-09-19T00:00:00+00:00,2022-09-21T20:00:00+00:00,31.11555,30.5589985714,20.0,-0.3577,,stop,17
SOLUSDT,rnd510048,2022-09-22T00:00:00+00:00,2022-10-11T00:00:00+00:00,30.665325,31.3229021429,20.0,0.4289,,stop,114
SOLUSDT,rnd510048,2022-10-11T04:00:00+00:00,2022-10-13T04:00:00+00:00,31.37568,30.2373394814,20.0,-0.7256,,stop,12
SOLUSDT,rnd510048,2022-10-13T12:00:00+00:00,2022-10-19T20:00:00+00:00,28.8144,29.28535,20.0,0.3269,,stop,38
SOLUSDT,rnd510048,2022-10-20T00:00:00+00:00,2022-10-21T08:00:00+00:00,28.87443,27.435705285,20.0,-0.9965,,stop,8
SOLUSDT,rnd510048,2022-10-21T16:00:00+00:00,2022-11-02T04:00:00+00:00,27.59379,31.8911892857,20.0,3.1148,,stop,69
SOLUSDT,rnd510048,2022-11-02T16:00:00+00:00,2022-11-06T00:00:00+00:00,31.33566,35.9148907143,20.0,2.9227,,stop,20
SOLUSDT,rnd510048,2022-11-06T04:00:00+00:00,2022-11-06T20:00:00+00:00,36.028005,32.5099561761,20.0,-1.953,,stop,4
SOLUSDT,rnd510048,2022-11-07T00:00:00+00:00,2022-11-07T20:00:00+00:00,32.626305,29.0367793475,20.0,-2.2004,,stop,5
SOLUSDT,rnd510048,2022-11-08T00:00:00+00:00,2022-11-08T04:00:00+00:00,29.63481,25.4952702736,20.0,-2.7937,,stop,1
SOLUSDT,rnd510048,2022-11-08T08:00:00+00:00,2022-11-08T16:00:00+00:00,27.963975,23.2005831911,20.0,-3.4068,,stop,2
SOLUSDT,rnd510048,2022-11-09T00:00:00+00:00,2022-11-09T08:00:00+00:00,24.39219,17.2781894407,20.0,-5.833,,stop,2
SOLUSDT,rnd510048,2022-11-09T12:00:00+00:00,2022-11-21T00:00:00+00:00,20.060025,11.8987155232,20.0,-8.1369,,stop,69
SOLUSDT,rnd510048,2022-11-21T04:00:00+00:00,2022-11-28T00:00:00+00:00,11.755875,13.2562257143,20.0,2.5525,,stop,41
SOLUSDT,rnd510048,2022-11-28T04:00:00+00:00,2022-12-16T12:00:00+00:00,13.10655,13.3019171429,20.0,0.2981,,stop,110
SOLUSDT,rnd510048,2022-12-16T16:00:00+00:00,2022-12-16T20:00:00+00:00,13.016505,11.9962181761,20.0,-1.5677,,stop,1
SOLUSDT,rnd510048,2022-12-17T12:00:00+00:00,2022-12-24T04:00:00+00:00,12.30615,11.2648004964,20.0,-1.6924,,stop,40
SOLUSDT,rnd510048,2022-12-24T08:00:00+00:00,2022-12-27T12:00:00+00:00,11.36568,10.7442337671,20.0,-1.0935,,stop,19
SOLUSDT,rnd510048,2022-12-27T20:00:00+00:00,2022-12-28T04:00:00+00:00,11.02551,10.5184624236,20.0,-0.9198,,stop,2
SOLUSDT,rnd510048,2022-12-28T12:00:00+00:00,2022-12-29T08:00:00+00:00,10.02501,9.26323320929,20.0,-1.5198,,stop,5
SOLUSDT,rnd510048,2022-12-29T12:00:00+00:00,2022-12-29T20:00:00+00:00,9.46473,8.48191549214,20.0,-2.0768,,stop,2
SOLUSDT,rnd510048,2022-12-30T00:00:00+00:00,2023-01-14T08:00:00+00:00,9.64482,22.2545814286,20.0,26.1483,,stop,92
SOLUSDT,rnd510048,2023-01-14T16:00:00+00:00,2023-02-09T20:00:00+00:00,22.35117,21.3064842857,20.0,-0.9348,,stop,157
SOLUSDT,rnd510048,2023-02-10T00:00:00+00:00,2023-02-22T00:00:00+00:00,20.49024,24.0194128571,20.0,3.4447,,stop,72
SOLUSDT,rnd510048,2023-02-22T04:00:00+00:00,2023-02-25T16:00:00+00:00,24.462225,21.8780662089,20.0,-2.1128,,stop,21
SOLUSDT,rnd510048,2023-02-25T20:00:00+00:00,2023-03-03T00:00:00+00:00,21.920955,21.0880221429,20.0,-0.7599,,stop,31
SOLUSDT,rnd510048,2023-03-03T04:00:00+00:00,2023-03-08T04:00:00+00:00,20.87043,19.5816328571,20.0,-1.235,,stop,30
SOLUSDT,rnd510048,2023-03-08T08:00:00+00:00,2023-03-09T16:00:00+00:00,19.2096,17.98810145,20.0,-1.2718,,stop,8
SOLUSDT,rnd510048,2023-03-10T00:00:00+00:00,2023-03-15T12:00:00+00:00,17.34867,19.53023,20.0,2.515,,stop,33
SOLUSDT,rnd510048,2023-03-16T04:00:00+00:00,2023-03-24T16:00:00+00:00,19.32966,20.3055564286,20.0,1.0097,,stop,51
SOLUSDT,rnd510048,2023-03-25T00:00:00+00:00,2023-04-19T08:00:00+00:00,20.67033,23.0027785714,20.0,2.2568,,stop,152
SOLUSDT,rnd510048,2023-04-19T12:00:00+00:00,2023-04-21T16:00:00+00:00,23.221605,21.2645388404,20.0,-1.6856,,stop,13
SOLUSDT,rnd510048,2023-04-21T20:00:00+00:00,2023-05-03T12:00:00+00:00,21.220605,21.2250964286,20.0,0.0042,,stop,70
SOLUSDT,rnd510048,2023-05-03T16:00:00+00:00,2023-05-06T12:00:00+00:00,21.33066,21.7162792857,20.0,0.3616,,stop,17
SOLUSDT,rnd510048,2023-05-06T16:00:00+00:00,2023-05-08T00:00:00+00:00,21.79089,20.8838385714,20.0,-0.8325,,stop,8
SOLUSDT,rnd510048,2023-05-08T04:00:00+00:00,2023-05-08T16:00:00+00:00,21.31065,20.075607175,20.0,-1.1591,,stop,3
SOLUSDT,rnd510048,2023-05-08T20:00:00+00:00,2023-05-22T00:00:00+00:00,20.400195,19.29035,20.0,-1.0881,,stop,79
SOLUSDT,rnd510048,2023-05-22T12:00:00+00:00,2023-05-24T12:00:00+00:00,19.879935,19.2667253896,20.0,-0.6169,,stop,12
SOLUSDT,rnd510048,2023-05-24T20:00:00+00:00,2023-06-05T12:00:00+00:00,19.2096,20.8381471429,20.0,1.6956,,stop,70
SOLUSDT,rnd510048,2023-06-06T00:00:00+00:00,2023-06-07T16:00:00+00:00,20.020005,18.5999860689,20.0,-1.4186,,stop,10
SOLUSDT,rnd510048,2023-06-07T20:00:00+00:00,2023-06-09T16:00:00+00:00,18.98949,17.2772756121,20.0,-1.8033,,stop,11
SOLUSDT,rnd510048,2023-06-10T00:00:00+00:00,2023-06-10T04:00:00+00:00,17.4087,15.9828474357,20.0,-1.6381,,stop,1
SOLUSDT,rnd510048,2023-06-10T08:00:00+00:00,2023-07-14T04:00:00+00:00,14.42721,28.52573,20.0,19.5443,,stop,203
SOLUSDT,rnd510048,2023-07-14T12:00:00+00:00,2023-07-22T20:00:00+00:00,28.064025,24.3571974518,20.0,-2.6417,,stop,50
SOLUSDT,rnd510048,2023-07-23T00:00:00+00:00,2023-07-24T08:00:00+00:00,24.53226,23.1635295843,20.0,-1.1159,,stop,8
SOLUSDT,rnd510048,2023-07-25T04:00:00+00:00,2023-08-01T00:00:00+00:00,23.39169,23.2169571429,20.0,-0.1494,,stop,41
SOLUSDT,rnd510048,2023-08-01T04:00:00+00:00,2023-08-16T08:00:00+00:00,23.401695,23.26836,20.0,-0.114,,stop,91
SOLUSDT,rnd510048,2023-08-16T16:00:00+00:00,2023-08-17T20:00:00+00:00,23.09154,21.8627460157,20.0,-1.0643,,stop,7
SOLUSDT,rnd510048,2023-08-18T00:00:00+00:00,2023-08-22T20:00:00+00:00,21.680835,19.6602856539,20.0,-1.8639,,stop,29
SOLUSDT,rnd510048,2023-08-23T04:00:00+00:00,2023-08-31T16:00:00+00:00,20.600295,20.0057064286,20.0,-0.5773,,stop,51
SOLUSDT,rnd510048,2023-08-31T20:00:00+00:00,2023-09-10T04:00:00+00:00,19.839915,18.4182012925,20.0,-1.4332,,stop,56
SOLUSDT,rnd510048,2023-09-10T12:00:00+00:00,2023-09-11T08:00:00+00:00,18.339165,17.6214213104,20.0,-0.7827,,stop,5
SOLUSDT,rnd510048,2023-09-11T16:00:00+00:00,2023-09-27T12:00:00+00:00,17.84892,18.7534757143,20.0,1.0136,,stop,95
SOLUSDT,rnd510048,2023-09-27T20:00:00+00:00,2023-10-01T12:00:00+00:00,18.979485,22.958515,20.0,4.193,,stop,22
SOLUSDT,rnd510048,2023-10-01T16:00:00+00:00,2023-10-09T08:00:00+00:00,23.101545,22.5030285714,20.0,-0.5182,,stop,46
SOLUSDT,rnd510048,2023-10-09T12:00:00+00:00,2023-10-12T16:00:00+00:00,22.19109,21.0983926693,20.0,-0.9848,,stop,19
SOLUSDT,rnd510048,2023-10-12T20:00:00+00:00,2023-10-22T04:00:00+00:00,21.23061,28.6213964286,20.0,6.9624,,stop,56
SOLUSDT,rnd510048,2023-10-22T16:00:00+00:00,2023-11-01T20:00:00+00:00,28.43421,41.979,20.0,9.5271,,stop,61
SOLUSDT,rnd510048,2023-11-02T04:00:00+00:00,2023-11-11T20:00:00+00:00,42.611295,56.081945,20.0,6.3226,,stop,58
SOLUSDT,rnd510048,2023-11-12T00:00:00+00:00,2023-11-21T20:00:00+00:00,56.38818,52.1053628571,20.0,-1.519,,stop,59
SOLUSDT,rnd510048,2023-11-22T00:00:00+00:00,2023-12-11T00:00:00+00:00,51.675825,68.18589,20.0,6.3899,,stop,114
SOLUSDT,rnd510048,2023-12-11T04:00:00+00:00,2023-12-26T04:00:00+00:00,70.91544,113.600314286,20.0,12.0382,,stop,90
SOLUSDT,rnd510048,2023-12-26T08:00:00+00:00,2023-12-31T00:00:00+00:00,113.466705,100.599675,20.0,-2.268,,stop,28
VETUSDT,rnd510048,2021-09-06T20:00:00+00:00,2021-09-07T08:00:00+00:00,0.15035514,0.139965479394,20.0,-1.382,,stop,3
VETUSDT,rnd510048,2021-09-09T16:00:00+00:00,2021-09-20T04:00:00+00:00,0.12456225,0.0973332019107,20.0,-4.372,,stop,63
VETUSDT,rnd510048,2021-09-22T08:00:00+00:00,2021-10-27T08:00:00+00:00,0.093036495,0.122814276429,20.0,6.4013,,stop,210
VETUSDT,rnd510048,2021-11-10T08:00:00+00:00,2021-11-10T20:00:00+00:00,0.17566779,0.156161098962,20.0,-2.2209,,stop,3
VETUSDT,rnd510048,2021-11-16T00:00:00+00:00,2021-11-16T08:00:00+00:00,0.16300146,0.14961411552,20.0,-1.6426,,stop,2
VETUSDT,rnd510048,2021-11-18T08:00:00+00:00,2021-11-26T08:00:00+00:00,0.1398699,0.118817604336,20.0,-3.0103,,stop,48
VETUSDT,rnd510048,2021-11-27T20:00:00+00:00,2021-11-28T16:00:00+00:00,0.116288115,0.104915987907,20.0,-1.9559,,stop,5
VETUSDT,rnd510048,2021-11-29T00:00:00+00:00,2021-12-03T16:00:00+00:00,0.116388165,0.110070651429,20.0,-1.0856,,stop,28
VETUSDT,rnd510048,2021-12-10T00:00:00+00:00,2021-12-13T16:00:00+00:00,0.08552274,0.0759829438086,20.0,-2.2309,,stop,22
VETUSDT,rnd510048,2021-12-17T08:00:00+00:00,2021-12-28T16:00:00+00:00,0.081530745,0.0903605114286,20.0,2.166,,stop,68
VETUSDT,rnd510048,2021-12-30T16:00:00+00:00,2022-01-05T20:00:00+00:00,0.085272615,0.0831726785714,20.0,-0.4925,,stop,37
VETUSDT,rnd510048,2022-01-09T00:00:00+00:00,2022-01-19T04:00:00+00:00,0.075527745,0.0704590385714,20.0,-1.3422,,stop,61
VETUSDT,rnd510048,2022-01-20T08:00:00+00:00,2022-01-20T20:00:00+00:00,0.07247622,0.0672622149257,20.0,-1.4388,,stop,3
VETUSDT,rnd510048,2022-01-28T00:00:00+00:00,2022-02-11T20:00:00+00:00,0.05238618,0.0594559714286,20.0,2.6991,,stop,89
VETUSDT,rnd510048,2022-02-13T20:00:00+00:00,2022-02-18T16:00:00+00:00,0.055557765,0.0529163857143,20.0,-0.9509,,stop,29
VETUSDT,rnd510048,2022-02-26T04:00:00+00:00,2022-03-05T00:00:00+00:00,0.048454215,0.0479688607143,20.0,-0.2003,,stop,41
VETUSDT,rnd510048,2022-03-06T12:00:00+00:00,2022-03-07T20:00:00+00:00,0.048714345,0.0446705699704,20.0,-1.6602,,stop,8
VETUSDT,rnd510048,2022-03-09T16:00:00+00:00,2022-03-13T20:00:00+00:00,0.04952475,0.045052212625,20.0,-1.8062,,stop,25
VETUSDT,rnd510048,2022-03-22T08:00:00+00:00,2022-03-27T08:00:00+00:00,0.052296135,0.0640451042857,20.0,4.4932,,stop,30
VETUSDT,rnd510048,2022-03-27T12:00:00+00:00,2022-03-27T20:00:00+00:00,0.06469233,0.0707560328571,20.0,1.8746,,stop,2
VETUSDT,rnd510048,2022-03-28T20:00:00+00:00,2022-04-06T12:00:00+00:00,0.074787375,0.0703162528571,20.0,-1.1957,,stop,52
VETUSDT,rnd510048,2022-04-19T04:00:00+00:00,2022-04-21T20:00:00+00:00,0.059219595,0.0574284142857,20.0,-0.6049,,stop,16
VETUSDT,rnd510048,2022-04-27T20:00:00+00:00,2022-04-30T16:00:00+00:00,0.05130564,0.0467768827157,20.0,-1.7654,,stop,17
VETUSDT,rnd510048,2022-05-01T04:00:00+00:00,2022-05-05T12:00:00+00:00,0.046353165,0.0481544821429,20.0,0.7772,,stop,26
VETUSDT,rnd510048,2022-05-08T00:00:00+00:00,2022-05-09T08:00:00+00:00,0.04556277,0.0416008877221,20.0,-1.7391,,stop,8
VETUSDT,rnd510048,2022-05-14T16:00:00+00:00,2022-06-13T00:00:00+00:00,0.02899449,0.0248347192857,20.0,-2.8694,,stop,176
VETUSDT,rnd510048,2022-06-22T16:00:00+00:00,2022-06-29T04:00:00+00:00,0.022941465,0.0227828885714,20.0,-0.1382,,stop,39
VETUSDT,rnd510048,2022-07-06T20:00:00+00:00,2022-07-11T20:00:00+00:00,0.023341665,0.0223045564286,20.0,-0.8886,,stop,30
VETUSDT,rnd510048,2022-07-13T00:00:00+00:00,2022-07-20T20:00:00+00:00,0.02149074,0.0254829664286,20.0,3.7153,,stop,47
VETUSDT,rnd510048,2022-07-26T08:00:00+00:00,2022-08-02T12:00:00+00:00,0.02291145,0.0269151071429,20.0,3.4949,,stop,43
VETUSDT,rnd510048,2022-08-03T00:00:00+00:00,2022-08-17T12:00:00+00:00,0.027803895,0.029335325,20.0,1.1016,,stop,87
VETUSDT,rnd510048,2022-08-21T00:00:00+00:00,2022-08-28T20:00:00+00:00,0.02577288,0.0238552092857,20.0,-1.4881,,stop,47
VETUSDT,rnd510048,2022-08-30T12:00:00+00:00,2022-08-30T16:00:00+00:00,0.02515257,0.0239245303221,20.0,-0.9765,,stop,1
VETUSDT,rnd510048,2022-09-17T16:00:00+00:00,2022-09-18T20:00:00+00:00,0.023861925,0.0228255065375,20.0,-0.8687,,stop,7
VETUSDT,rnd510048,2022-09-20T12:00:00+00:00,2022-09-28T00:00:00+00:00,0.02265132,0.0218433585714,20.0,-0.7134,,stop,45
VETUSDT,rnd510048,2022-10-11T08:00:00+00:00,2022-10-13T04:00:00+00:00,0.022641315,0.0218767996996,20.0,-0.6753,,stop,11
VETUSDT,rnd510048,2022-10-13T12:00:00+00:00,2022-10-20T00:00:00+00:00,0.02175087,0.0221232185714,20.0,0.3424,,stop,39
VETUSDT,rnd510048,2022-10-23T20:00:00+00:00,2022-10-28T00:00:00+00:00,0.02273136,0.0227843164286,20.0,0.0466,,stop,25
VETUSDT,rnd510048,2022-11-02T12:00:00+00:00,2022-11-06T20:00:00+00:00,0.023201595,0.0249546592857,20.0,1.5112,,stop,26
VETUSDT,rnd510048,2022-11-07T08:00:00+00:00,2022-11-08T04:00:00+00:00,0.024522255,0.0257699657143,20.0,1.0176,,stop,5
VETUSDT,rnd510048,2022-11-08T12:00:00+00:00,2022-11-08T16:00:00+00:00,0.02599299,0.0230600256479,20.0,-2.2567,,stop,1
VETUSDT,rnd510048,2022-11-09T16:00:00+00:00,2022-12-16T20:00:00+00:00,0.02147073,0.0168819276707,20.0,-4.2745,,stop,223
VETUSDT,rnd510048,2022-12-23T00:00:00+00:00,2022-12-27T16:00:00+00:00,0.01638819,0.0158017137621,20.0,-0.7157,,stop,28
VETUSDT,rnd510048,2022-12-27T20:00:00+00:00,2022-12-28T04:00:00+00:00,0.015837915,0.0154337656854,20.0,-0.5104,,stop,2
VETUSDT,rnd510048,2022-12-29T16:00:00+00:00,2023-01-10T00:00:00+00:00,0.01578789,0.0172028228571,20.0,1.7924,,stop,68
VETUSDT,rnd510048,2023-01-15T08:00:00+00:00,2023-02-01T08:00:00+00:00,0.020640315,0.0225016007143,20.0,1.8035,,stop,102
VETUSDT,rnd510048,2023-02-04T16:00:00+00:00,2023-02-05T12:00:00+00:00,0.025162575,0.0238220865696,20.0,-1.0655,,stop,5
VETUSDT,rnd510048,2023-02-07T12:00:00+00:00,2023-02-09T00:00:00+00:00,0.024602295,0.0246391028571,20.0,0.0299,,stop,9
VETUSDT,rnd510048,2023-02-16T08:00:00+00:00,2023-02-19T16:00:00+00:00,0.02559279,0.0286913614286,20.0,2.4214,,stop,20
VETUSDT,rnd510048,2023-02-19T20:00:00+00:00,2023-02-24T16:00:00+00:00,0.02905452,0.027936025,20.0,-0.7699,,stop,29
VETUSDT,rnd510048,2023-02-25T04:00:00+00:00,2023-03-03T00:00:00+00:00,0.027443715,0.0258242242857,20.0,-1.1802,,stop,35
VETUSDT,rnd510048,2023-03-13T16:00:00+00:00,2023-03-15T12:00:00+00:00,0.0230115,0.0224102178571,20.0,-0.5226,,stop,11
VETUSDT,rnd510048,2023-03-22T00:00:00+00:00,2023-03-22T16:00:00+00:00,0.023781885,0.0218173994146,20.0,-1.6521,,stop,4
VETUSDT,rnd510048,2023-03-25T20:00:00+00:00,2023-04-19T08:00:00+00:00,0.022401195,0.0240251242857,20.0,1.4499,,stop,147
VETUSDT,rnd510048,2023-04-19T20:00:00+00:00,2023-04-21T04:00:00+00:00,0.024362175,0.0228114778411,20.0,-1.273,,stop,8
VETUSDT,rnd510048,2023-04-23T12:00:00+00:00,2023-04-23T16:00:00+00:00,0.022541265,0.0216607863318,20.0,-0.7812,,stop,1
VETUSDT,rnd510048,2023-04-27T20:00:00+00:00,2023-05-02T04:00:00+00:00,0.02271135,0.0211025791464,20.0,-1.4167,,stop,26
VETUSDT,rnd510048,2023-05-05T00:00:00+00:00,2023-05-08T00:00:00+00:00,0.02075037,0.0199271742857,20.0,-0.7934,,stop,18
VETUSDT,rnd510048,2023-05-13T16:00:00+00:00,2023-05-21T16:00:00+00:00,0.01908954,0.0188876942857,20.0,-0.2115,,stop,48
VETUSDT,rnd510048,2023-05-30T12:00:00+00:00,2023-06-01T00:00:00+00:00,0.020900445,0.0201046733489,20.0,-0.7615,,stop,9
VETUSDT,rnd510048,2023-06-01T12:00:00+00:00,2023-06-05T12:00:00+00:00,0.020060025,0.0192575342732,20.0,-0.8001,,stop,24
VETUSDT,rnd510048,2023-06-06T08:00:00+00:00,2023-06-07T20:00:00+00:00,0.01848924,0.0178196571429,20.0,-0.7243,,stop,9
VETUSDT,rnd510048,2023-06-08T12:00:00+00:00,2023-06-09T16:00:00+00:00,0.01782891,0.0169311544736,20.0,-1.0071,,stop,7
VETUSDT,rnd510048,2023-06-11T04:00:00+00:00,2023-07-05T12:00:00+00:00,0.015557775,0.0188819828571,20.0,4.2734,,stop,146
VETUSDT,rnd510048,2023-07-06T20:00:00+00:00,2023-07-24T08:00:00+00:00,0.01868934,0.018540725,20.0,-0.159,,stop,105
VETUSDT,rnd510048,2023-07-29T20:00:00+00:00,2023-08-01T00:00:00+00:00,0.0188094,0.0181681685143,20.0,-0.6818,,stop,13
VETUSDT,rnd510048,2023-08-03T12:00:00+00:00,2023-08-07T16:00:00+00:00,0.018079035,0.0174310294111,20.0,-0.7169,,stop,25
VETUSDT,rnd510048,2023-08-09T20:00:00+00:00,2023-08-15T16:00:00+00:00,0.0178089,0.0178739157143,20.0,0.073,,stop,35
VETUSDT,rnd510048,2023-08-21T20:00:00+00:00,2023-08-31T16:00:00+00:00,0.01608804,0.0156950057143,20.0,-0.4886,,stop,59
VETUSDT,rnd510048,2023-09-06T16:00:00+00:00,2023-09-10T04:00:00+00:00,0.015457725,0.0151481364286,20.0,-0.4006,,stop,21
VETUSDT,rnd510048,2023-09-14T20:00:00+00:00,2023-09-24T20:00:00+00:00,0.016698345,0.01651174,20.0,-0.2235,,stop,60
VETUSDT,rnd510048,2023-10-02T12:00:00+00:00,2023-10-02T16:00:00+00:00,0.01754877,0.0168813965079,20.0,-0.7606,,stop,1
VETUSDT,rnd510048,2023-10-02T20:00:00+00:00,2023-10-09T16:00:00+00:00,0.01702851,0.0162882189593,20.0,-0.8695,,stop,41
VETUSDT,rnd510048,2023-10-10T20:00:00+00:00,2023-10-11T16:00:00+00:00,0.01670835,0.0160967261821,20.0,-0.7321,,stop,5
VETUSDT,rnd510048,2023-10-13T00:00:00+00:00,2023-10-17T12:00:00+00:00,0.01638819,0.0163932278571,20.0,0.0061,,stop,27
VETUSDT,rnd510048,2023-10-19T16:00:00+00:00,2023-10-24T12:00:00+00:00,0.016198095,0.0183351135714,20.0,2.6386,,stop,29
VETUSDT,rnd510048,2023-11-07T00:00:00+00:00,2023-11-07T16:00:00+00:00,0.021800895,0.0205459740168,20.0,-1.1513,,stop,4
VETUSDT,rnd510048,2023-11-09T04:00:00+00:00,2023-11-09T16:00:00+00:00,0.02279139,0.0213914032336,20.0,-1.2285,,stop,3
VETUSDT,rnd510048,2023-11-12T00:00:00+00:00,2023-11-14T16:00:00+00:00,0.02231115,0.0203420453179,20.0,-1.7651,,stop,16
VETUSDT,rnd510048,2023-11-29T00:00:00+00:00,2023-12-10T08:00:00+00:00,0.02163081,0.02628685,20.0,4.305,,stop,68
VETUSDT,rnd510048,2023-12-13T08:00:00+00:00,2023-12-31T00:00:00+00:00,0.029404695,0.034932525,20.0,3.7598,,stop,106
XLMUSDT,rnd510048,2021-09-03T08:00:00+00:00,2021-09-07T08:00:00+00:00,0.3591795,0.397915228571,20.0,2.1569,,stop,24
XLMUSDT,rnd510048,2021-09-08T00:00:00+00:00,2021-09-20T12:00:00+00:00,0.336168,0.274751983857,20.0,-3.6539,,stop,75
XLMUSDT,rnd510048,2021-09-22T04:00:00+00:00,2021-10-17T20:00:00+00:00,0.2725362,0.368258635714,20.0,7.0246,,stop,154
XLMUSDT,rnd510048,2021-10-18T12:00:00+00:00,2021-10-27T08:00:00+00:00,0.3827913,0.342298636493,20.0,-2.1157,,stop,53
XLMUSDT,rnd510048,2021-10-28T08:00:00+00:00,2021-11-06T12:00:00+00:00,0.34107045,0.350181964286,20.0,0.5343,,stop,55
XLMUSDT,rnd510048,2021-11-06T16:00:00+00:00,2021-11-10T04:00:00+00:00,0.352176,0.396830057143,20.0,2.5359,,stop,21
XLMUSDT,rnd510048,2021-11-11T00:00:00+00:00,2021-11-16T08:00:00+00:00,0.3831915,0.338540002464,20.0,-2.3305,,stop,32
XLMUSDT,rnd510048,2021-11-16T16:00:00+00:00,2021-11-18T16:00:00+00:00,0.3489744,0.320207073514,20.0,-1.6487,,stop,12
XLMUSDT,rnd510048,2021-11-18T20:00:00+00:00,2021-11-26T08:00:00+00:00,0.32946465,0.314371307143,20.0,-0.9162,,stop,45
XLMUSDT,rnd510048,2021-11-26T16:00:00+00:00,2021-12-03T20:00:00+00:00,0.32086035,0.322024621429,20.0,0.0726,,stop,43
XLMUSDT,rnd510048,2021-12-04T08:00:00+00:00,2022-01-20T20:00:00+00:00,0.2717358,0.23418285,20.0,-2.7639,,stop,285
XLMUSDT,rnd510048,2022-01-21T08:00:00+00:00,2022-01-21T20:00:00+00:00,0.2239119,0.20705831905,20.0,-1.5054,,stop,3
XLMUSDT,rnd510048,2022-01-22T12:00:00+00:00,2022-02-11T20:00:00+00:00,0.18379185,0.212822107143,20.0,3.159,,stop,122
XLMUSDT,rnd510048,2022-02-12T08:00:00+00:00,2022-02-18T12:00:00+00:00,0.21500745,0.199971392857,20.0,-1.3987,,stop,37
XLMUSDT,rnd510048,2022-02-20T12:00:00+00:00,2022-02-21T20:00:00+00:00,0.19899945,0.183728968132,20.0,-1.5347,,stop,8
XLMUSDT,rnd510048,2022-02-22T04:00:00+00:00,2022-02-24T00:00:00+00:00,0.1746873,0.165388692857,20.0,-1.0646,,stop,11
XLMUSDT,rnd510048,2022-02-24T04:00:00+00:00,2022-03-04T20:00:00+00:00,0.1644822,0.174055785714,20.0,1.1641,,stop,52
XLMUSDT,rnd510048,2022-03-06T08:00:00+00:00,2022-03-07T20:00:00+00:00,0.17758875,0.166880268125,20.0,-1.206,,stop,9
XLMUSDT,rnd510048,2022-03-08T04:00:00+00:00,2022-04-01T00:00:00+00:00,0.17298645,0.222131735714,20.0,5.682,,stop,143
XLMUSDT,rnd510048,2022-04-01T12:00:00+00:00,2022-04-06T00:00:00+00:00,0.2251125,0.217348414286,20.0,-0.6898,,stop,27
XLMUSDT,rnd510048,2022-04-06T12:00:00+00:00,2022-04-06T20:00:00+00:00,0.2151075,0.203273669464,20.0,-1.1003,,stop,2
XLMUSDT,rnd510048,2022-04-08T00:00:00+00:00,2022-04-11T00:00:00+00:00,0.2127063,0.199157514286,20.0,-1.2739,,stop,18
XLMUSDT,rnd510048,2022-04-11T08:00:00+00:00,2022-04-11T08:00:00+00:00,0.19779885,0.189846736289,20.0,-0.8041,,stop,0
XLMUSDT,rnd510048,2022-04-12T04:00:00+00:00,2022-04-17T20:00:00+00:00,0.1870935,0.196630207143,20.0,1.0195,,stop,34
XLMUSDT,rnd510048,2022-04-18T16:00:00+00:00,2022-04-21T20:00:00+00:00,0.1946973,0.198029507143,20.0,0.3423,,stop,19
XLMUSDT,rnd510048,2022-04-22T04:00:00+00:00,2022-04-25T00:00:00+00:00,0.1964982,0.1861550759,20.0,-1.0527,,stop,17
XLMUSDT,rnd510048,2022-04-25T08:00:00+00:00,2022-04-26T16:00:00+00:00,0.1810905,0.180466864286,20.0,-0.0689,,stop,8
XLMUSDT,rnd510048,2022-04-27T08:00:00+00:00,2022-04-30T20:00:00+00:00,0.1858929,0.174341399979,20.0,-1.2428,,stop,21
XLMUSDT,rnd510048,2022-05-01T08:00:00+00:00,2022-05-05T16:00:00+00:00,0.1730865,0.169186792857,20.0,-0.4506,,stop,26
XLMUSDT,rnd510048,2022-05-06T04:00:00+00:00,2022-05-09T00:00:00+00:00,0.17098545,0.159209376918,20.0,-1.3774,,stop,17
XLMUSDT,rnd510048,2022-05-09T16:00:00+00:00,2022-05-09T16:00:00+00:00,0.15257625,0.140702292232,20.0,-1.5565,,stop,0
XLMUSDT,rnd510048,2022-05-10T04:00:00+00:00,2022-05-11T12:00:00+00:00,0.14497245,0.129292464286,20.0,-2.1632,,stop,8
XLMUSDT,rnd510048,2022-05-11T16:00:00+00:00,2022-05-12T04:00:00+00:00,0.13296645,0.107537654275,20.0,-3.8248,,stop,3
XLMUSDT,rnd510048,2022-05-12T20:00:00+00:00,2022-06-13T00:00:00+00:00,0.12436215,0.110958778571,20.0,-2.1555,,stop,187
XLMUSDT,rnd510048,2022-06-14T08:00:00+00:00,2022-06-30T08:00:00+00:00,0.1122561,0.104304964286,20.0,-1.4166,,stop,96
XLMUSDT,rnd510048,2022-06-30T12:00:00+00:00,2022-07-11T00:00:00+00:00,0.10515255,0.105175957143,20.0,0.0045,,stop,63
XLMUSDT,rnd510048,2022-07-11T08:00:00+00:00,2022-07-13T00:00:00+00:00,0.1058529,0.100124241407,20.0,-1.0824,,stop,10
XLMUSDT,rnd510048,2022-07-13T08:00:00+00:00,2022-07-20T20:00:00+00:00,0.10335165,0.111301464286,20.0,1.5384,,stop,45
XLMUSDT,rnd510048,2022-07-21T00:00:00+00:00,2022-07-26T00:00:00+00:00,0.112056,0.103539918429,20.0,-1.52,,stop,30
XLMUSDT,rnd510048,2022-07-26T08:00:00+00:00,2022-08-02T00:00:00+00:00,0.1046523,0.115727821429,20.0,2.1166,,stop,40
XLMUSDT,rnd510048,2022-08-02T08:00:00+00:00,2022-08-09T04:00:00+00:00,0.1152576,0.127007892857,20.0,2.039,,stop,41
XLMUSDT,rnd510048,2022-08-09T08:00:00+00:00,2022-08-10T00:00:00+00:00,0.1274637,0.119243334221,20.0,-1.2898,,stop,4
XLMUSDT,rnd510048,2022-08-10T04:00:00+00:00,2022-08-19T00:00:00+00:00,0.1198599,0.114999614286,20.0,-0.811,,stop,53
XLMUSDT,rnd510048,2022-08-19T08:00:00+00:00,2022-08-26T20:00:00+00:00,0.11015505,0.102639418904,20.0,-1.3646,,stop,45
XLMUSDT,rnd510048,2022-08-27T08:00:00+00:00,2022-09-06T20:00:00+00:00,0.1046523,0.100121342857,20.0,-0.8659,,stop,63
XLMUSDT,rnd510048,2022-09-07T00:00:00+00:00,2022-09-07T16:00:00+00:00,0.0998499,0.1007496,20.0,0.1802,,stop,4
XLMUSDT,rnd510048,2022-09-08T16:00:00+00:00,2022-09-13T16:00:00+00:00,0.10255125,0.105961278571,20.0,0.665,,stop,30
XLMUSDT,rnd510048,2022-09-14T00:00:00+00:00,2022-09-19T00:00:00+00:00,0.1046523,0.106061228571,20.0,0.2693,,stop,30
XLMUSDT,rnd510048,2022-09-19T12:00:00+00:00,2022-09-23T12:00:00+00:00,0.1046523,0.119825771429,20.0,2.8998,,stop,24
XLMUSDT,rnd510048,2022-09-23T20:00:00+00:00,2022-10-13T08:00:00+00:00,0.11875935,0.107274907143,20.0,-1.9341,,stop,117
XLMUSDT,rnd510048,2022-10-13T12:00:00+00:00,2022-11-02T20:00:00+00:00,0.10895445,0.106004114286,20.0,-0.5416,,stop,122
XLMUSDT,rnd510048,2022-11-03T20:00:00+00:00,2022-11-06T20:00:00+00:00,0.10915455,0.1095452,20.0,0.0716,,stop,18
XLMUSDT,rnd510048,2022-11-07T00:00:00+00:00,2022-11-08T04:00:00+00:00,0.1090545,0.104180954893,20.0,-0.8938,,stop,7
XLMUSDT,rnd510048,2022-11-09T00:00:00+00:00,2022-11-09T16:00:00+00:00,0.0988494,0.0894296628,20.0,-1.9059,,stop,4
XLMUSDT,rnd510048,2022-11-09T20:00:00+00:00,2022-11-21T16:00:00+00:00,0.08874435,0.0831012857143,20.0,-1.2718,,stop,71
XLMUSDT,rnd510048,2022-11-21T20:00:00+00:00,2022-12-07T04:00:00+00:00,0.08334165,0.0845862571429,20.0,0.2987,,stop,92
XLMUSDT,rnd510048,2022-12-07T16:00:00+00:00,2022-12-12T00:00:00+00:00,0.0846423,0.0818335056357,20.0,-0.6637,,stop,26
XLMUSDT,rnd510048,2022-12-12T20:00:00+00:00,2022-12-13T04:00:00+00:00,0.0838419,0.0817474344071,20.0,-0.4996,,stop,2
XLMUSDT,rnd510048,2022-12-13T12:00:00+00:00,2022-12-16T08:00:00+00:00,0.08294145,0.0809595,20.0,-0.4779,,stop,17
XLMUSDT,rnd510048,2022-12-16T12:00:00+00:00,2022-12-16T20:00:00+00:00,0.0794397,0.0755447658643,20.0,-0.9806,,stop,2
XLMUSDT,rnd510048,2022-12-17T00:00:00+00:00,2023-01-18T16:00:00+00:00,0.0742371,0.0828442714286,20.0,2.3188,,stop,196
XLMUSDT,rnd510048,2023-01-18T20:00:00+00:00,2023-01-25T00:00:00+00:00,0.0846423,0.0888412714286,20.0,0.9922,,stop,37
XLMUSDT,rnd510048,2023-01-25T04:00:00+00:00,2023-02-09T16:00:00+00:00,0.09034515,0.0864853071429,20.0,-0.8545,,stop,93
XLMUSDT,rnd510048,2023-02-10T04:00:00+00:00,2023-02-23T16:00:00+00:00,0.0856428,0.0901406214286,20.0,1.0504,,stop,81
XLMUSDT,rnd510048,2023-02-23T20:00:00+00:00,2023-02-25T20:00:00+00:00,0.0916458,0.0864418431714,20.0,-1.1357,,stop,12
XLMUSDT,rnd510048,2023-02-26T04:00:00+00:00,2023-03-03T00:00:00+00:00,0.08794395,0.0843838798107,20.0,-0.8096,,stop,29
XLMUSDT,rnd510048,2023-03-03T08:00:00+00:00,2023-03-08T04:00:00+00:00,0.0842421,0.0809873003786,20.0,-0.7727,,stop,29
XLMUSDT,rnd510048,2023-03-08T08:00:00+00:00,2023-03-09T16:00:00+00:00,0.08154075,0.0797601,20.0,-0.4368,,stop,8
XLMUSDT,rnd510048,2023-03-09T20:00:00+00:00,2023-03-10T08:00:00+00:00,0.07873935,0.0745056499679,20.0,-1.0754,,stop,3
XLMUSDT,rnd510048,2023-03-10T16:00:00+00:00,2023-03-22T12:00:00+00:00,0.07713855,0.0922110142857,20.0,3.9079,,stop,71
XLMUSDT,rnd510048,2023-03-22T20:00:00+00:00,2023-04-19T08:00:00+00:00,0.08854425,0.102006114286,20.0,3.0407,,stop,165
XLMUSDT,rnd510048,2023-04-19T20:00:00+00:00,2023-04-21T16:00:00+00:00,0.09874935,0.0941129842536,20.0,-0.939,,stop,11
XLMUSDT,rnd510048,2023-04-22T00:00:00+00:00,2023-04-26T20:00:00+00:00,0.09294645,0.0900406714286,20.0,-0.6253,,stop,29
XLMUSDT,rnd510048,2023-04-27T08:00:00+00:00,2023-05-08T00:00:00+00:00,0.09334665,0.0892696285714,20.0,-0.8735,,stop,64
XLMUSDT,rnd510048,2023-05-08T08:00:00+00:00,2023-05-10T16:00:00+00:00,0.0894447,0.0865978080071,20.0,-0.6366,,stop,14
XLMUSDT,rnd510048,2023-05-11T12:00:00+00:00,2023-05-24T12:00:00+00:00,0.08874435,0.0860941385393,20.0,-0.5973,,stop,78
XLMUSDT,rnd510048,2023-05-25T00:00:00+00:00,2023-06-05T12:00:00+00:00,0.0866433,0.0903690785714,20.0,0.86,,stop,69
XLMUSDT,rnd510048,2023-06-06T12:00:00+00:00,2023-06-10T04:00:00+00:00,0.08734365,0.0847861571429,20.0,-0.5856,,stop,22
XLMUSDT,rnd510048,2023-06-10T12:00:00+00:00,2023-06-14T20:00:00+00:00,0.08154075,0.0800742285714,20.0,-0.3597,,stop,26
XLMUSDT,rnd510048,2023-06-15T04:00:00+00:00,2023-06-15T16:00:00+00:00,0.07913955,0.0753875516536,20.0,-0.9482,,stop,3
XLMUSDT,rnd510048,2023-06-16T00:00:00+00:00,2023-06-28T08:00:00+00:00,0.0764382,0.100578257143,20.0,6.3162,,stop,74
XLMUSDT,rnd510048,2023-06-29T00:00:00+00:00,2023-06-30T12:00:00+00:00,0.10055025,0.104162178571,20.0,0.7184,,stop,9
XLMUSDT,rnd510048,2023-06-30T20:00:00+00:00,2023-07-05T08:00:00+00:00,0.1124562,0.101084204043,20.0,-2.0225,,stop,27
XLMUSDT,rnd510048,2023-07-05T16:00:00+00:00,2023-07-06T20:00:00+00:00,0.10075035,0.0958988051821,20.0,-0.9631,,stop,7
XLMUSDT,rnd510048,2023-07-08T04:00:00+00:00,2023-07-13T20:00:00+00:00,0.0972486,0.16121935,20.0,13.1561,,stop,34
XLMUSDT,rnd510048,2023-07-14T00:00:00+00:00,2023-07-14T16:00:00+00:00,0.15537765,0.130526639746,20.0,-3.1988,,stop,4
XLMUSDT,rnd510048,2023-07-15T00:00:00+00:00,2023-08-15T16:00:00+00:00,0.13496745,0.123723821429,20.0,-1.6661,,stop,190
XLMUSDT,rnd510048,2023-08-16T00:00:00+00:00,2023-08-16T20:00:00+00:00,0.13036515,0.123821065639,20.0,-1.004,,stop,5
XLMUSDT,rnd510048,2023-08-17T00:00:00+00:00,2023-08-17T20:00:00+00:00,0.12676335,0.118721816539,20.0,-1.2687,,stop,5
XLMUSDT,rnd510048,2023-08-18T00:00:00+00:00,2023-08-31T16:00:00+00:00,0.1132566,0.114000114286,20.0,0.1313,,stop,82
XLMUSDT,rnd510048,2023-09-01T00:00:00+00:00,2023-09-05T16:00:00+00:00,0.1148574,0.121896164286,20.0,1.2257,,stop,28
XLMUSDT,rnd510048,2023-09-06T00:00:00+00:00,2023-09-12T20:00:00+00:00,0.12236115,0.1215392,20.0,-0.1343,,stop,41
XLMUSDT,rnd510048,2023-09-13T16:00:00+00:00,2023-09-21T08:00:00+00:00,0.1208604,0.111697380514,20.0,-1.5163,,stop,46
XLMUSDT,rnd510048,2023-09-21T12:00:00+00:00,2023-09-30T00:00:00+00:00,0.11235615,0.112129621429,20.0,-0.0403,,stop,51
XLMUSDT,rnd510048,2023-09-30T04:00:00+00:00,2023-10-04T00:00:00+00:00,0.11215605,0.110630371429,20.0,-0.2721,,stop,23
XLMUSDT,rnd510048,2023-10-04T08:00:00+00:00,2023-10-09T08:00:00+00:00,0.11335665,0.107963355604,20.0,-0.9516,,stop,30
XLMUSDT,rnd510048,2023-10-09T16:00:00+00:00,2023-10-11T00:00:00+00:00,0.106053,0.103072866357,20.0,-0.562,,stop,8
XLMUSDT,rnd510048,2023-10-11T08:00:00+00:00,2023-10-17T12:00:00+00:00,0.1034517,0.104976057143,20.0,0.2947,,stop,37
XLMUSDT,rnd510048,2023-10-17T20:00:00+00:00,2023-10-24T12:00:00+00:00,0.104052,0.112458028571,20.0,1.6157,,stop,40
XLMUSDT,rnd510048,2023-10-24T20:00:00+00:00,2023-11-07T16:00:00+00:00,0.11435715,0.122581535714,20.0,1.4384,,stop,83
XLMUSDT,rnd510048,2023-11-08T08:00:00+00:00,2023-11-09T16:00:00+00:00,0.126063,0.118983335714,20.0,-1.1232,,stop,8
XLMUSDT,rnd510048,2023-11-09T20:00:00+00:00,2023-11-14T00:00:00+00:00,0.12056025,0.121053728571,20.0,0.0819,,stop,25
XLMUSDT,rnd510048,2023-11-14T04:00:00+00:00,2023-12-11T00:00:00+00:00,0.12116055,0.123466807143,20.0,0.3807,,stop,161
XLMUSDT,rnd510048,2023-12-11T20:00:00+00:00,2023-12-31T00:00:00+00:00,0.1224612,0.1309345,20.0,1.3838,,stop,115
