symbol,exp,entry_time,exit_time,entry,exit,notional,pnl,r_mult,exit_side,bars_held
ATOMUSDT,rnd210048,2021-09-03T20:00:00+00:00,2021-09-07T12:00:00+00:00,24.762375,23.498245,20.0,-1.021,,stop,22
ATOMUSDT,rnd210048,2021-09-07T16:00:00+00:00,2021-09-16T00:00:00+00:00,20.49024,31.9625821429,20.0,11.1979,,stop,50
ATOMUSDT,rnd210048,2021-09-16T12:00:00+00:00,2021-09-20T12:00:00+00:00,34.707345,36.9072514286,20.0,1.2677,,stop,24
ATOMUSDT,rnd210048,2021-09-20T16:00:00+00:00,2021-09-21T20:00:00+00:00,37.67883,29.6211548707,20.0,-4.277,,stop,7
ATOMUSDT,rnd210048,2021-09-22T16:00:00+00:00,2021-10-12T00:00:00+00:00,35.05752,30.9730771429,20.0,-2.3301,,stop,116
ATOMUSDT,rnd210048,2021-10-12T04:00:00+00:00,2021-10-27T08:00:00+00:00,31.025505,38.4550485714,20.0,4.7893,,stop,91
ATOMUSDT,rnd210048,2021-10-27T12:00:00+00:00,2021-11-10T20:00:00+00:00,37.13856,33.4446978571,20.0,-1.9892,,stop,86
ATOMUSDT,rnd210048,2021-11-11T04:00:00+00:00,2021-11-16T08:00:00+00:00,32.726355,28.9797150368,20.0,-2.2897,,stop,31
ATOMUSDT,rnd210048,2021-11-17T12:00:00+00:00,2021-11-18T16:00:00+00:00,28.784385,25.3806169146,20.0,-2.365,,stop,7
ATOMUSDT,rnd210048,2021-11-18T20:00:00+00:00,2021-11-26T04:00:00+00:00,26.863425,28.6513814286,20.0,1.3311,,stop,44
ATOMUSDT,rnd210048,2021-11-26T12:00:00+00:00,2021-12-04T00:00:00+00:00,25.582785,29.0940171429,20.0,2.745,,stop,45
ATOMUSDT,rnd210048,2021-12-04T08:00:00+00:00,2021-12-15T12:00:00+00:00,26.63331,20.6551201307,20.0,-4.4893,,stop,67
ATOMUSDT,rnd210048,2021-12-16T08:00:00+00:00,2021-12-28T00:00:00+00:00,22.55127,29.1739771429,20.0,5.8735,,stop,70
ATOMUSDT,rnd210048,2021-12-29T08:00:00+00:00,2022-01-05T16:00:00+00:00,26.063025,39.0190521429,20.0,9.9421,,stop,44
ATOMUSDT,rnd210048,2022-01-05T20:00:00+00:00,2022-01-08T16:00:00+00:00,37.468725,35.92203,20.0,-0.8256,,stop,17
ATOMUSDT,rnd210048,2022-01-09T20:00:00+00:00,2022-01-19T08:00:00+00:00,37.49874,35.2766385714,20.0,-1.1852,,stop,57
ATOMUSDT,rnd210048,2022-01-19T20:00:00+00:00,2022-01-21T12:00:00+00:00,37.35867,35.6507371429,20.0,-0.9143,,stop,10
ATOMUSDT,rnd210048,2022-01-22T00:00:00+00:00,2022-01-22T04:00:00+00:00,34.6173,29.1794886714,20.0,-3.1417,,stop,1
ATOMUSDT,rnd210048,2022-01-23T12:00:00+00:00,2022-01-31T00:00:00+00:00,32.946465,26.0598207143,20.0,-4.1805,,stop,45
ATOMUSDT,rnd210048,2022-01-31T04:00:00+00:00,2022-02-10T12:00:00+00:00,26.023005,28.8669878571,20.0,2.1857,,stop,62
ATOMUSDT,rnd210048,2022-02-10T16:00:00+00:00,2022-02-11T00:00:00+00:00,30.465225,28.1154459589,20.0,-1.5426,,stop,2
ATOMUSDT,rnd210048,2022-02-11T12:00:00+00:00,2022-02-11T20:00:00+00:00,28.764375,26.4654213839,20.0,-1.5985,,stop,2
ATOMUSDT,rnd210048,2022-02-12T04:00:00+00:00,2022-02-18T16:00:00+00:00,26.483235,26.8522814286,20.0,0.2787,,stop,39
ATOMUSDT,rnd210048,2022-02-18T20:00:00+00:00,2022-02-21T20:00:00+00:00,27.443715,24.5921270711,20.0,-2.0781,,stop,18
ATOMUSDT,rnd210048,2022-02-23T12:00:00+00:00,2022-02-24T00:00:00+00:00,25.762875,23.0638373125,20.0,-2.0953,,stop,3
ATOMUSDT,rnd210048,2022-02-24T16:00:00+00:00,2022-03-05T00:00:00+00:00,23.401695,29.8579207143,20.0,5.5177,,stop,50
ATOMUSDT,rnd210048,2022-03-05T08:00:00+00:00,2022-03-13T12:00:00+00:00,30.37518,26.7939191957,20.0,-2.358,,stop,49
ATOMUSDT,rnd210048,2022-03-14T08:00:00+00:00,2022-03-25T16:00:00+00:00,26.883435,27.6404585714,20.0,0.5632,,stop,68
ATOMUSDT,rnd210048,2022-03-25T20:00:00+00:00,2022-03-31T16:00:00+00:00,28.17408,28.6142571429,20.0,0.3125,,stop,35
ATOMUSDT,rnd210048,2022-04-01T20:00:00+00:00,2022-04-05T20:00:00+00:00,29.604795,29.1868278571,20.0,-0.2824,,stop,24
ATOMUSDT,rnd210048,2022-04-07T08:00:00+00:00,2022-04-11T08:00:00+00:00,27.49374,25.0240788443,20.0,-1.7965,,stop,24
ATOMUSDT,rnd210048,2022-04-12T04:00:00+00:00,2022-04-18T04:00:00+00:00,23.99199,22.6615207143,20.0,-1.1091,,stop,36
ATOMUSDT,rnd210048,2022-04-19T20:00:00+00:00,2022-04-21T20:00:00+00:00,24.522255,23.0357313725,20.0,-1.2124,,stop,12
ATOMUSDT,rnd210048,2022-04-22T04:00:00+00:00,2022-04-25T00:00:00+00:00,23.621805,22.2499601689,20.0,-1.1615,,stop,17
ATOMUSDT,rnd210048,2022-04-25T08:00:00+00:00,2022-04-26T16:00:00+00:00,20.980485,20.5211628571,20.0,-0.4379,,stop,8
ATOMUSDT,rnd210048,2022-04-29T04:00:00+00:00,2022-04-30T12:00:00+00:00,20.47023,18.8465163136,20.0,-1.5864,,stop,8
ATOMUSDT,rnd210048,2022-04-30T20:00:00+00:00,2022-05-05T12:00:00+00:00,18.64932,17.8367914286,20.0,-0.8714,,stop,28
ATOMUSDT,rnd210048,2022-05-05T20:00:00+00:00,2022-05-08T00:00:00+00:00,17.74887,15.7981098507,20.0,-2.1982,,stop,13
ATOMUSDT,rnd210048,2022-05-09T16:00:00+00:00,2022-05-09T20:00:00+00:00,14.517255,13.0571517296,20.0,-2.0115,,stop,1
ATOMUSDT,rnd210048,2022-05-10T04:00:00+00:00,2022-05-11T04:00:00+00:00,12.676335,11.9397414286,20.0,-1.1622,,stop,6
ATOMUSDT,rnd210048,2022-05-11T12:00:00+00:00,2022-05-12T04:00:00+00:00,11.86593,8.68479971357,20.0,-5.3618,,stop,4
ATOMUSDT,rnd210048,2022-05-12T16:00:00+00:00,2022-06-13T00:00:00+00:00,9.54477,6.65809785714,20.0,-6.0487,,stop,188
ATOMUSDT,rnd210048,2022-06-13T08:00:00+00:00,2022-06-18T16:00:00+00:00,6.2031,5.68572714286,20.0,-1.6681,,stop,32
ATOMUSDT,rnd210048,2022-06-19T12:00:00+00:00,2022-06-28T16:00:00+00:00,6.373185,7.49196642857,20.0,3.5109,,stop,55
ATOMUSDT,rnd210048,2022-06-28T20:00:00+00:00,2022-07-11T20:00:00+00:00,7.48374,8.31584,20.0,2.2238,,stop,78
ATOMUSDT,rnd210048,2022-07-13T12:00:00+00:00,2022-07-20T20:00:00+00:00,7.961979,9.593201,20.0,4.0975,,stop,44
ATOMUSDT,rnd210048,2022-07-21T12:00:00+00:00,2022-07-25T00:00:00+00:00,10.0840395,9.48782514286,20.0,-1.1825,,stop,21
ATOMUSDT,rnd210048,2022-07-25T04:00:00+00:00,2022-08-02T00:00:00+00:00,9.2876415,9.93146035714,20.0,1.3864,,stop,47
ATOMUSDT,rnd210048,2022-08-02T08:00:00+00:00,2022-08-10T00:00:00+00:00,9.9399675,10.7457672857,20.0,1.6213,,stop,46
ATOMUSDT,rnd210048,2022-08-10T04:00:00+00:00,2022-08-19T00:00:00+00:00,10.7503725,10.8203014286,20.0,0.1301,,stop,53
ATOMUSDT,rnd210048,2022-08-19T12:00:00+00:00,2022-08-26T20:00:00+00:00,10.6463205,11.5051017143,20.0,1.6133,,stop,44
ATOMUSDT,rnd210048,2022-08-28T04:00:00+00:00,2022-09-11T20:00:00+00:00,11.189592,15.2298098571,20.0,7.2214,,stop,88
ATOMUSDT,rnd210048,2022-09-13T08:00:00+00:00,2022-09-13T12:00:00+00:00,16.0310115,14.519640905,20.0,-1.8856,,stop,1
ATOMUSDT,rnd210048,2022-09-13T20:00:00+00:00,2022-09-20T16:00:00+00:00,14.08704,14.1217927143,20.0,0.0493,,stop,41
ATOMUSDT,rnd210048,2022-09-21T08:00:00+00:00,2022-09-28T04:00:00+00:00,13.730862,12.8094492143,20.0,-1.3421,,stop,41
ATOMUSDT,rnd210048,2022-09-29T16:00:00+00:00,2022-10-13T00:00:00+00:00,12.700347,11.6169029286,20.0,-1.7062,,stop,80
ATOMUSDT,rnd210048,2022-10-13T08:00:00+00:00,2022-10-20T00:00:00+00:00,11.1705825,11.6060512143,20.0,0.7797,,stop,40
ATOMUSDT,rnd210048,2022-10-20T04:00:00+00:00,2022-10-21T12:00:00+00:00,11.72586,10.956628945,20.0,-1.312,,stop,8
ATOMUSDT,rnd210048,2022-10-21T16:00:00+00:00,2022-11-02T16:00:00+00:00,11.455725,13.29335,20.0,3.2082,,stop,72
ATOMUSDT,rnd210048,2022-11-03T08:00:00+00:00,2022-11-07T00:00:00+00:00,13.560777,14.384804,20.0,1.2153,,stop,22
ATOMUSDT,rnd210048,2022-11-07T08:00:00+00:00,2022-11-08T04:00:00+00:00,14.035014,12.9480941429,20.0,-1.5489,,stop,5
ATOMUSDT,rnd210048,2022-11-08T20:00:00+00:00,2022-11-09T16:00:00+00:00,12.2271105,10.2951746233,20.0,-3.1601,,stop,5
ATOMUSDT,rnd210048,2022-11-10T08:00:00+00:00,2022-12-16T20:00:00+00:00,11.053524,8.581730988,20.0,-4.4724,,stop,219
ATOMUSDT,rnd210048,2022-12-17T00:00:00+00:00,2023-01-14T08:00:00+00:00,8.5892925,12.5003181429,20.0,9.1067,,stop,170
ATOMUSDT,rnd210048,2023-01-15T12:00:00+00:00,2023-01-18T12:00:00+00:00,12.644319,11.5660712143,20.0,-1.7055,,stop,18
ATOMUSDT,rnd210048,2023-01-19T04:00:00+00:00,2023-01-24T20:00:00+00:00,11.7388665,12.4350650714,20.0,1.1861,,stop,34
ATOMUSDT,rnd210048,2023-01-25T20:00:00+00:00,2023-02-09T16:00:00+00:00,13.1035485,13.9912865714,20.0,1.355,,stop,89
ATOMUSDT,rnd210048,2023-02-10T00:00:00+00:00,2023-02-25T20:00:00+00:00,13.5357645,12.6542411429,20.0,-1.3025,,stop,95
ATOMUSDT,rnd210048,2023-02-26T00:00:00+00:00,2023-02-28T20:00:00+00:00,12.844419,12.2093826834,20.0,-0.9888,,stop,17
ATOMUSDT,rnd210048,2023-03-01T00:00:00+00:00,2023-03-03T00:00:00+00:00,12.2851395,12.0565401429,20.0,-0.3722,,stop,12
ATOMUSDT,rnd210048,2023-03-03T20:00:00+00:00,2023-03-08T08:00:00+00:00,12.030012,11.3775346726,20.0,-1.0847,,stop,27
ATOMUSDT,rnd210048,2023-03-09T00:00:00+00:00,2023-03-10T08:00:00+00:00,10.9624785,10.3462313679,20.0,-1.1243,,stop,8
ATOMUSDT,rnd210048,2023-03-10T16:00:00+00:00,2023-03-15T12:00:00+00:00,11.0785365,11.9747239286,20.0,1.6179,,stop,29
ATOMUSDT,rnd210048,2023-03-15T16:00:00+00:00,2023-03-22T16:00:00+00:00,12.0130035,11.1599886429,20.0,-1.4202,,stop,42
ATOMUSDT,rnd210048,2023-03-22T20:00:00+00:00,2023-03-25T16:00:00+00:00,10.9984965,10.9408125714,20.0,-0.1049,,stop,17
ATOMUSDT,rnd210048,2023-03-26T00:00:00+00:00,2023-04-19T08:00:00+00:00,11.091543,11.8172312857,20.0,1.3085,,stop,146
ATOMUSDT,rnd210048,2023-04-19T12:00:00+00:00,2023-04-21T12:00:00+00:00,11.815905,11.0998166011,20.0,-1.2121,,stop,12
ATOMUSDT,rnd210048,2023-04-22T04:00:00+00:00,2023-04-26T20:00:00+00:00,10.78539,10.2750027857,20.0,-0.9464,,stop,28
ATOMUSDT,rnd210048,2023-04-27T04:00:00+00:00,2023-05-03T12:00:00+00:00,11.199597,10.808593,20.0,-0.6982,,stop,38
ATOMUSDT,rnd210048,2023-05-04T00:00:00+00:00,2023-05-08T00:00:00+00:00,11.107551,10.6847059745,20.0,-0.7614,,stop,24
ATOMUSDT,rnd210048,2023-05-09T08:00:00+00:00,2023-05-22T00:00:00+00:00,10.639317,10.3231215714,20.0,-0.5944,,stop,76
ATOMUSDT,rnd210048,2023-05-22T04:00:00+00:00,2023-05-24T12:00:00+00:00,10.3981965,10.2453033571,20.0,-0.2941,,stop,14
ATOMUSDT,rnd210048,2023-05-25T04:00:00+00:00,2023-05-31T12:00:00+00:00,10.4122035,10.4897525,20.0,0.149,,stop,38
ATOMUSDT,rnd210048,2023-05-31T20:00:00+00:00,2023-06-01T00:00:00+00:00,10.513254,10.2215335337,20.0,-0.555,,stop,1
ATOMUSDT,rnd210048,2023-06-01T04:00:00+00:00,2023-06-05T12:00:00+00:00,10.2321135,10.3546772143,20.0,0.2396,,stop,26
ATOMUSDT,rnd210048,2023-06-06T04:00:00+00:00,2023-06-07T12:00:00+00:00,9.9919935,9.73255985714,20.0,-0.5193,,stop,8
ATOMUSDT,rnd210048,2023-06-10T12:00:00+00:00,2023-07-12T16:00:00+00:00,7.947972,8.97065528571,20.0,2.5734,,stop,193
ATOMUSDT,rnd210048,2023-07-14T00:00:00+00:00,2023-07-14T16:00:00+00:00,9.8939445,9.6401775,20.0,-0.513,,stop,4
ATOMUSDT,rnd210048,2023-07-15T04:00:00+00:00,2023-07-24T08:00:00+00:00,9.6678315,8.94978294139,20.0,-1.4854,,stop,55
ATOMUSDT,rnd210048,2023-07-24T12:00:00+00:00,2023-08-01T00:00:00+00:00,9.0515235,8.68235872039,20.0,-0.8157,,stop,45
ATOMUSDT,rnd210048,2023-08-01T12:00:00+00:00,2023-08-04T16:00:00+00:00,8.8013985,8.51502607143,20.0,-0.6507,,stop,19
ATOMUSDT,rnd210048,2023-08-05T04:00:00+00:00,2023-08-15T16:00:00+00:00,8.438217,8.22074471429,20.0,-0.5154,,stop,63
ATOMUSDT,rnd210048,2023-08-15T20:00:00+00:00,2023-08-16T20:00:00+00:00,8.0430195,7.74039736525,20.0,-0.7525,,stop,6
ATOMUSDT,rnd210048,2023-08-17T00:00:00+00:00,2023-08-17T20:00:00+00:00,7.805901,7.63560885714,20.0,-0.4363,,stop,5
ATOMUSDT,rnd210048,2023-08-18T08:00:00+00:00,2023-08-31T16:00:00+00:00,7.4687325,6.8115925,20.0,-1.7597,,stop,80
ATOMUSDT,rnd210048,2023-08-31T20:00:00+00:00,2023-09-10T04:00:00+00:00,6.941469,6.62547603336,20.0,-0.9104,,stop,56
ATOMUSDT,rnd210048,2023-09-10T16:00:00+00:00,2023-09-11T08:00:00+00:00,6.7083525,6.48118171661,20.0,-0.6773,,stop,4
ATOMUSDT,rnd210048,2023-09-11T12:00:00+00:00,2023-09-21T20:00:00+00:00,6.453225,7.14656778571,20.0,2.1488,,stop,62
ATOMUSDT,rnd210048,2023-09-23T04:00:00+00:00,2023-10-02T16:00:00+00:00,7.097547,7.22924071429,20.0,0.3711,,stop,57
ATOMUSDT,rnd210048,2023-10-03T00:00:00+00:00,2023-10-05T12:00:00+00:00,7.147572,6.81648348186,20.0,-0.9264,,stop,15
ATOMUSDT,rnd210048,2023-10-05T16:00:00+00:00,2023-10-10T08:00:00+00:00,6.8464215,6.92510714286,20.0,0.2299,,stop,28
ATOMUSDT,rnd210048,2023-10-10T20:00:00+00:00,2023-10-19T00:00:00+00:00,6.6943455,6.21498645225,20.0,-1.4321,,stop,49
ATOMUSDT,rnd210048,2023-10-19T08:00:00+00:00,2023-10-24T12:00:00+00:00,6.24312,6.962517,20.0,2.3046,,stop,31
ATOMUSDT,rnd210048,2023-10-24T16:00:00+00:00,2023-11-09T16:00:00+00:00,6.8744355,8.26001078571,20.0,4.0311,,stop,96
ATOMUSDT,rnd210048,2023-11-09T20:00:00+00:00,2023-11-13T20:00:00+00:00,8.6253105,9.52280764286,20.0,2.0811,,stop,24
ATOMUSDT,rnd210048,2023-11-14T08:00:00+00:00,2023-11-21T12:00:00+00:00,9.336666,8.60726564286,20.0,-1.5624,,stop,43
ATOMUSDT,rnd210048,2023-11-21T16:00:00+00:00,2023-11-21T20:00:00+00:00,8.850423,8.26468144921,20.0,-1.3236,,stop,1
ATOMUSDT,rnd210048,2023-11-22T00:00:00+00:00,2023-11-28T04:00:00+00:00,8.2030995,8.87427492857,20.0,1.6364,,stop,37
ATOMUSDT,rnd210048,2023-12-01T08:00:00+00:00,2023-12-07T08:00:00+00:00,9.354675,9.59634228571,20.0,0.5167,,stop,36
ATOMUSDT,rnd210048,2023-12-07T12:00:00+00:00,2023-12-10T08:00:00+00:00,9.64482,10.2325954286,20.0,1.2188,,stop,17
ATOMUSDT,rnd210048,2023-12-10T12:00:00+00:00,2023-12-13T00:00:00+00:00,10.2221085,11.086454,20.0,1.6911,,stop,15
ATOMUSDT,rnd210048,2023-12-13T12:00:00+00:00,2023-12-31T00:00:00+00:00,10.903449,10.760617,20.0,-0.262,,stop,105
BTCUSDT,rnd210048,2021-09-03T12:00:00+00:00,2021-09-07T12:00:00+00:00,50193.634275,49295.6084371,20.0,-0.3578,,stop,24
BTCUSDT,rnd210048,2021-09-08T04:00:00+00:00,2021-09-20T12:00:00+00:00,46473.6252,42842.5394429,20.0,-1.5626,,stop,74
BTCUSDT,rnd210048,2021-09-20T16:00:00+00:00,2021-09-21T00:00:00+00:00,43866.80244,41396.2582424,20.0,-1.1264,,stop,2
BTCUSDT,rnd210048,2021-09-21T04:00:00+00:00,2021-10-22T12:00:00+00:00,42704.36151,61822.5304143,20.0,8.9537,,stop,188
BTCUSDT,rnd210048,2021-10-22T20:00:00+00:00,2021-11-16T00:00:00+00:00,61063.226355,61927.9548186,20.0,0.2832,,stop,145
BTCUSDT,rnd210048,2021-11-16T04:00:00+00:00,2021-11-18T12:00:00+00:00,60937.8537,58146.2231874,20.0,-0.9162,,stop,14
BTCUSDT,rnd210048,2021-11-18T20:00:00+00:00,2021-11-26T08:00:00+00:00,57956.964,54137.0283734,20.0,-1.3182,,stop,45
BTCUSDT,rnd210048,2021-11-26T20:00:00+00:00,2021-12-03T16:00:00+00:00,54353.933385,54361.9697036,20.0,0.003,,stop,41
BTCUSDT,rnd210048,2021-12-03T20:00:00+00:00,2021-12-04T04:00:00+00:00,53865.57933,50614.4433769,20.0,-1.2071,,stop,2
BTCUSDT,rnd210048,2021-12-04T08:00:00+00:00,2022-01-05T20:00:00+00:00,47266.371375,44000.8771271,20.0,-1.3817,,stop,195
BTCUSDT,rnd210048,2022-01-06T00:00:00+00:00,2022-01-07T12:00:00+00:00,43472.86557,40950.8656086,20.0,-1.1603,,stop,9
BTCUSDT,rnd210048,2022-01-07T16:00:00+00:00,2022-01-21T00:00:00+00:00,41331.505425,39630.3006514,20.0,-0.8232,,stop,80
BTCUSDT,rnd210048,2022-01-21T04:00:00+00:00,2022-01-21T20:00:00+00:00,38484.882825,35878.8808389,20.0,-1.3543,,stop,4
BTCUSDT,rnd210048,2022-01-22T12:00:00+00:00,2022-02-17T20:00:00+00:00,35424.46338,40248.0687557,20.0,2.7233,,stop,158
BTCUSDT,rnd210048,2022-02-18T20:00:00+00:00,2022-02-21T08:00:00+00:00,40236.898395,37920.3108976,20.0,-1.1515,,stop,15
BTCUSDT,rnd210048,2022-02-21T16:00:00+00:00,2022-02-22T00:00:00+00:00,38847.343965,36654.8645073,20.0,-1.1288,,stop,2
BTCUSDT,rnd210048,2022-02-22T04:00:00+00:00,2022-02-24T00:00:00+00:00,36609.35553,34947.5360621,20.0,-0.9079,,stop,11
BTCUSDT,rnd210048,2022-02-24T08:00:00+00:00,2022-03-04T00:00:00+00:00,35329.69602,41229.8204914,20.0,3.34,,stop,46
BTCUSDT,rnd210048,2022-03-04T04:00:00+00:00,2022-03-04T20:00:00+00:00,41470.654965,38942.2223277,20.0,-1.2194,,stop,4
BTCUSDT,rnd210048,2022-03-05T12:00:00+00:00,2022-03-10T08:00:00+00:00,39149.14479,38763.9426186,20.0,-0.1968,,stop,29
BTCUSDT,rnd210048,2022-03-11T00:00:00+00:00,2022-04-06T12:00:00+00:00,39441.721005,43752.6355957,20.0,2.186,,stop,159
BTCUSDT,rnd210048,2022-04-07T00:00:00+00:00,2022-04-11T08:00:00+00:00,43192.055235,41094.6030118,20.0,-0.9712,,stop,26
BTCUSDT,rnd210048,2022-04-12T08:00:00+00:00,2022-04-18T04:00:00+00:00,40204.061985,38783.348625,20.0,-0.7068,,stop,35
BTCUSDT,rnd210048,2022-04-18T12:00:00+00:00,2022-04-21T20:00:00+00:00,39018.03927,41114.49247,20.0,1.0746,,stop,20
BTCUSDT,rnd210048,2022-04-22T00:00:00+00:00,2022-04-25T00:00:00+00:00,40500.250005,38712.6322202,20.0,-0.8828,,stop,18
BTCUSDT,rnd210048,2022-04-25T04:00:00+00:00,2022-04-26T12:00:00+00:00,39273.32685,39002.4076121,20.0,-0.138,,stop,8
BTCUSDT,rnd210048,2022-04-27T00:00:00+00:00,2022-05-05T12:00:00+00:00,38131.69632,36956.2569136,20.0,-0.6165,,stop,51
BTCUSDT,rnd210048,2022-05-06T08:00:00+00:00,2022-05-08T00:00:00+00:00,36390.12597,34364.5119043,20.0,-1.1133,,stop,10
BTCUSDT,rnd210048,2022-05-08T04:00:00+00:00,2022-05-09T08:00:00+00:00,34497.470115,33044.5199469,20.0,-0.8424,,stop,7
BTCUSDT,rnd210048,2022-05-09T12:00:00+00:00,2022-05-09T16:00:00+00:00,33138.871155,31485.4973167,20.0,-0.9978,,stop,1
BTCUSDT,rnd210048,2022-05-10T00:00:00+00:00,2022-05-11T20:00:00+00:00,30089.267115,28664.7218979,20.0,-0.9469,,stop,11
BTCUSDT,rnd210048,2022-05-12T08:00:00+00:00,2022-06-13T00:00:00+00:00,28207.4967,25726.01056,20.0,-1.7595,,stop,190
BTCUSDT,rnd210048,2022-06-13T12:00:00+00:00,2022-06-14T00:00:00+00:00,23741.294715,21361.5193266,20.0,-2.0048,,stop,3
BTCUSDT,rnd210048,2022-06-14T04:00:00+00:00,2022-06-18T08:00:00+00:00,22138.98396,18968.6109814,20.0,-2.8641,,stop,25
BTCUSDT,rnd210048,2022-06-18T16:00:00+00:00,2022-06-30T08:00:00+00:00,18963.23688,19008.8393971,20.0,0.0481,,stop,70
BTCUSDT,rnd210048,2022-06-30T12:00:00+00:00,2022-07-01T08:00:00+00:00,19110.900675,19291.4508779,20.0,0.1889,,stop,5
BTCUSDT,rnd210048,2022-07-02T08:00:00+00:00,2022-07-11T20:00:00+00:00,19136.373405,20150.8352564,20.0,1.0602,,stop,57
BTCUSDT,rnd210048,2022-07-12T00:00:00+00:00,2022-07-13T12:00:00+00:00,19973.591805,18993.4653216,20.0,-0.9814,,stop,9
BTCUSDT,rnd210048,2022-07-14T00:00:00+00:00,2022-07-23T08:00:00+00:00,20244.987435,22222.4946229,20.0,1.9536,,stop,56
BTCUSDT,rnd210048,2022-07-23T12:00:00+00:00,2022-07-26T00:00:00+00:00,22241.39514,20985.9474914,20.0,-1.1289,,stop,15
BTCUSDT,rnd210048,2022-07-26T08:00:00+00:00,2022-08-02T00:00:00+00:00,21077.39343,22799.7458529,20.0,1.6343,,stop,40
BTCUSDT,rnd210048,2022-08-02T12:00:00+00:00,2022-08-17T12:00:00+00:00,22894.051305,23507.5260714,20.0,0.5359,,stop,90
BTCUSDT,rnd210048,2022-08-17T16:00:00+00:00,2022-08-19T04:00:00+00:00,23403.59595,22487.5947422,20.0,-0.7828,,stop,9
BTCUSDT,rnd210048,2022-08-19T08:00:00+00:00,2022-08-19T20:00:00+00:00,21918.323685,20912.5157678,20.0,-0.9178,,stop,3
BTCUSDT,rnd210048,2022-08-20T00:00:00+00:00,2022-08-26T20:00:00+00:00,20844.807195,20159.3924043,20.0,-0.6576,,stop,41
BTCUSDT,rnd210048,2022-08-27T08:00:00+00:00,2022-09-06T16:00:00+00:00,20280.03495,19353.8870941,20.0,-0.9134,,stop,62
BTCUSDT,rnd210048,2022-09-07T00:00:00+00:00,2022-09-13T12:00:00+00:00,18800.005305,21384.58236,20.0,2.7495,,stop,39
BTCUSDT,rnd210048,2022-09-13T16:00:00+00:00,2022-09-16T12:00:00+00:00,20840.184885,19453.0927586,20.0,-1.3312,,stop,17
BTCUSDT,rnd210048,2022-09-16T16:00:00+00:00,2022-09-19T00:00:00+00:00,19671.07062,18745.1719168,20.0,-0.9414,,stop,14
BTCUSDT,rnd210048,2022-09-19T08:00:00+00:00,2022-09-21T20:00:00+00:00,18477.97437,18647.3145357,20.0,0.1833,,stop,15
BTCUSDT,rnd210048,2022-09-22T00:00:00+00:00,2022-10-13T12:00:00+00:00,18470.59068,18453.7970571,20.0,-0.0182,,stop,129
BTCUSDT,rnd210048,2022-10-13T16:00:00+00:00,2022-10-15T20:00:00+00:00,18968.069295,18977.7135393,20.0,0.0102,,stop,13
BTCUSDT,rnd210048,2022-10-16T00:00:00+00:00,2022-10-21T12:00:00+00:00,19077.9342,18673.2501329,20.0,-0.4242,,stop,33
BTCUSDT,rnd210048,2022-10-21T20:00:00+00:00,2022-10-28T00:00:00+00:00,19198.81461,20180.4618643,20.0,1.0226,,stop,37
BTCUSDT,rnd210048,2022-10-29T00:00:00+00:00,2022-11-08T00:00:00+00:00,20602.13592,20325.4364836,20.0,-0.2686,,stop,60
BTCUSDT,rnd210048,2022-11-08T04:00:00+00:00,2022-11-08T04:00:00+00:00,20157.69381,19541.9268872,20.0,-0.6109,,stop,0
BTCUSDT,rnd210048,2022-11-08T12:00:00+00:00,2022-11-08T16:00:00+00:00,19708.88952,18951.1038708,20.0,-0.769,,stop,1
BTCUSDT,rnd210048,2022-11-09T04:00:00+00:00,2022-11-09T16:00:00+00:00,18322.83684,16658.2606859,20.0,-1.8169,,stop,3
BTCUSDT,rnd210048,2022-11-10T00:00:00+00:00,2023-03-08T20:00:00+00:00,15930.64134,21629.99959,20.0,7.1552,,stop,713
BTCUSDT,rnd210048,2023-03-09T00:00:00+00:00,2023-03-09T16:00:00+00:00,21715.222185,21022.164773,20.0,-0.6383,,stop,4
BTCUSDT,rnd210048,2023-03-09T20:00:00+00:00,2023-03-10T00:00:00+00:00,20866.72815,20008.4831895,20.0,-0.8226,,stop,1
BTCUSDT,rnd210048,2023-03-10T16:00:00+00:00,2023-03-14T16:00:00+00:00,20014.96248,24709.6946864,20.0,4.6912,,stop,24
BTCUSDT,rnd210048,2023-03-14T20:00:00+00:00,2023-04-21T20:00:00+00:00,25060.914195,27135.3084157,20.0,1.6555,,stop,228
BTCUSDT,rnd210048,2023-04-22T08:00:00+00:00,2023-04-26T16:00:00+00:00,27291.388875,28365.0361014,20.0,0.7868,,stop,26
BTCUSDT,rnd210048,2023-04-27T00:00:00+00:00,2023-05-08T16:00:00+00:00,28429.497645,27308.1605179,20.0,-0.7889,,stop,70
BTCUSDT,rnd210048,2023-05-08T20:00:00+00:00,2023-05-12T00:00:00+00:00,27354.39036,26590.8522086,20.0,-0.5583,,stop,19
BTCUSDT,rnd210048,2023-05-12T04:00:00+00:00,2023-06-02T00:00:00+00:00,26597.622165,26572.0644643,20.0,-0.0192,,stop,125
BTCUSDT,rnd210048,2023-06-02T04:00:00+00:00,2023-06-05T12:00:00+00:00,27013.510005,26134.5950991,20.0,-0.6507,,stop,20
BTCUSDT,rnd210048,2023-06-05T20:00:00+00:00,2023-06-07T12:00:00+00:00,25642.815,26269.128865,20.0,0.4885,,stop,10
BTCUSDT,rnd210048,2023-06-07T16:00:00+00:00,2023-06-14T20:00:00+00:00,26362.69476,25073.6141814,20.0,-0.978,,stop,43
BTCUSDT,rnd210048,2023-06-15T00:00:00+00:00,2023-06-22T12:00:00+00:00,25141.1643,29551.1827314,20.0,3.5082,,stop,45
BTCUSDT,rnd210048,2023-06-22T20:00:00+00:00,2023-07-24T08:00:00+00:00,30228.216555,29249.7563771,20.0,-0.6474,,stop,189
BTCUSDT,rnd210048,2023-07-24T12:00:00+00:00,2023-08-01T00:00:00+00:00,29284.624995,28744.5719529,20.0,-0.3688,,stop,45
BTCUSDT,rnd210048,2023-08-01T04:00:00+00:00,2023-08-02T12:00:00+00:00,28849.427505,29282.6770514,20.0,0.3004,,stop,8
BTCUSDT,rnd210048,2023-08-02T16:00:00+00:00,2023-08-16T16:00:00+00:00,29336.050695,29013.7373029,20.0,-0.2197,,stop,84
BTCUSDT,rnd210048,2023-08-17T12:00:00+00:00,2023-08-17T12:00:00+00:00,28559.37255,28070.7462271,20.0,-0.3422,,stop,0
BTCUSDT,rnd210048,2023-08-17T16:00:00+00:00,2023-08-17T20:00:00+00:00,27947.98701,27352.2451174,20.0,-0.4263,,stop,1
BTCUSDT,rnd210048,2023-08-18T08:00:00+00:00,2023-08-31T16:00:00+00:00,26443.215,26224.9738107,20.0,-0.1651,,stop,80
BTCUSDT,rnd210048,2023-08-31T20:00:00+00:00,2023-09-11T12:00:00+00:00,26175.871395,24986.0917423,20.0,-0.9091,,stop,64
BTCUSDT,rnd210048,2023-09-11T16:00:00+00:00,2023-09-13T00:00:00+00:00,25128.53799,25764.1943157,20.0,0.5059,,stop,8
BTCUSDT,rnd210048,2023-09-13T04:00:00+00:00,2023-10-11T12:00:00+00:00,25892.17962,26930.6336614,20.0,0.8021,,stop,170
BTCUSDT,rnd210048,2023-10-12T12:00:00+00:00,2023-10-16T16:00:00+00:00,26851.25892,28050.12792,20.0,0.893,,stop,25
BTCUSDT,rnd210048,2023-10-17T00:00:00+00:00,2023-10-24T00:00:00+00:00,28515.020385,33053.455005,20.0,3.1832,,stop,42
BTCUSDT,rnd210048,2023-10-24T04:00:00+00:00,2023-11-14T16:00:00+00:00,34078.620795,34799.5543757,20.0,0.4231,,stop,129
BTCUSDT,rnd210048,2023-11-14T20:00:00+00:00,2023-11-16T16:00:00+00:00,35311.647,36001.29035,20.0,0.3906,,stop,11
BTCUSDT,rnd210048,2023-11-16T20:00:00+00:00,2023-12-11T00:00:00+00:00,35938.970505,41731.9150329,20.0,3.2238,,stop,145
BTCUSDT,rnd210048,2023-12-11T12:00:00+00:00,2023-12-11T16:00:00+00:00,42365.182005,40883.7013569,20.0,-0.6994,,stop,1
BTCUSDT,rnd210048,2023-12-11T20:00:00+00:00,2023-12-18T08:00:00+00:00,40800.379995,40650.2361429,20.0,-0.0736,,stop,39
BTCUSDT,rnd210048,2023-12-18T12:00:00+00:00,2023-12-24T20:00:00+00:00,41125.67256,42521.0945314,20.0,0.6786,,stop,38
BTCUSDT,rnd210048,2023-12-25T00:00:00+00:00,2023-12-26T08:00:00+00:00,43012.99575,42238.0789671,20.0,-0.3603,,stop,8
BTCUSDT,rnd210048,2023-12-26T12:00:00+00:00,2023-12-29T16:00:00+00:00,42706.90278,41873.3657007,20.0,-0.3904,,stop,19
BTCUSDT,rnd210048,2023-12-29T20:00:00+00:00,2023-12-31T00:00:00+00:00,42137.568255,42154.912,20.0,0.0082,,stop,7
DOGEUSDT,rnd210048,2021-09-03T12:00:00+00:00,2021-09-07T08:00:00+00:00,0.2985492,0.282615764286,20.0,-1.0674,,stop,23
DOGEUSDT,rnd210048,2021-09-07T12:00:00+00:00,2021-09-07T12:00:00+00:00,0.2851425,0.263153714464,20.0,-1.5423,,stop,0
DOGEUSDT,rnd210048,2021-09-07T20:00:00+00:00,2021-09-20T08:00:00+00:00,0.2475237,0.209829447079,20.0,-3.0457,,stop,75
DOGEUSDT,rnd210048,2021-09-20T20:00:00+00:00,2021-09-24T08:00:00+00:00,0.21060525,0.199928557143,20.0,-1.0139,,stop,21
DOGEUSDT,rnd210048,2021-09-24T12:00:00+00:00,2021-10-10T20:00:00+00:00,0.20380185,0.23558215,20.0,3.1187,,stop,98
DOGEUSDT,rnd210048,2021-10-11T04:00:00+00:00,2021-10-12T08:00:00+00:00,0.23601795,0.219765155311,20.0,-1.3773,,stop,7
DOGEUSDT,rnd210048,2021-10-12T12:00:00+00:00,2021-10-19T00:00:00+00:00,0.22301145,0.243249742857,20.0,1.815,,stop,39
DOGEUSDT,rnd210048,2021-10-19T04:00:00+00:00,2021-10-27T08:00:00+00:00,0.2543271,0.245562871429,20.0,-0.6892,,stop,49
DOGEUSDT,rnd210048,2021-10-27T12:00:00+00:00,2021-10-28T08:00:00+00:00,0.23701845,0.295038121429,20.0,4.8958,,stop,5
DOGEUSDT,rnd210048,2021-10-28T12:00:00+00:00,2021-11-10T20:00:00+00:00,0.29644815,0.2494752,20.0,-3.169,,stop,80
DOGEUSDT,rnd210048,2021-11-11T00:00:00+00:00,2021-11-16T08:00:00+00:00,0.25542765,0.232640764286,20.0,-1.7842,,stop,32
DOGEUSDT,rnd210048,2021-11-16T16:00:00+00:00,2021-11-18T12:00:00+00:00,0.24102045,0.223212359418,20.0,-1.4777,,stop,11
DOGEUSDT,rnd210048,2021-11-18T16:00:00+00:00,2021-11-26T08:00:00+00:00,0.22421205,0.202628542189,20.0,-1.9253,,stop,46
DOGEUSDT,rnd210048,2021-11-26T16:00:00+00:00,2021-12-03T20:00:00+00:00,0.20360175,0.196944335714,20.0,-0.654,,stop,43
DOGEUSDT,rnd210048,2021-12-04T00:00:00+00:00,2021-12-04T04:00:00+00:00,0.1998999,0.182469333979,20.0,-1.7439,,stop,1
DOGEUSDT,rnd210048,2021-12-04T12:00:00+00:00,2021-12-15T12:00:00+00:00,0.1590795,0.174684042857,20.0,1.9619,,stop,66
DOGEUSDT,rnd210048,2021-12-15T20:00:00+00:00,2022-01-08T16:00:00+00:00,0.1826913,0.145832632921,20.0,-4.0351,,stop,143
DOGEUSDT,rnd210048,2022-01-09T00:00:00+00:00,2022-01-10T12:00:00+00:00,0.15097545,0.138102792632,20.0,-1.7053,,stop,9
DOGEUSDT,rnd210048,2022-01-10T16:00:00+00:00,2022-01-11T12:00:00+00:00,0.1424712,0.1491254,20.0,0.9341,,stop,5
DOGEUSDT,rnd210048,2022-01-11T16:00:00+00:00,2022-01-14T08:00:00+00:00,0.1504752,0.189962114286,20.0,5.2483,,stop,16
DOGEUSDT,rnd210048,2022-01-14T12:00:00+00:00,2022-01-18T12:00:00+00:00,0.18859425,0.161691935018,20.0,-2.8529,,stop,24
DOGEUSDT,rnd210048,2022-01-19T12:00:00+00:00,2022-01-21T00:00:00+00:00,0.16478235,0.151313798111,20.0,-1.6347,,stop,9
DOGEUSDT,rnd210048,2022-01-21T04:00:00+00:00,2022-01-22T04:00:00+00:00,0.1498749,0.136503042907,20.0,-1.7844,,stop,6
DOGEUSDT,rnd210048,2022-01-22T08:00:00+00:00,2022-02-11T16:00:00+00:00,0.13056525,0.147483364286,20.0,2.5915,,stop,122
DOGEUSDT,rnd210048,2022-02-12T08:00:00+00:00,2022-02-17T16:00:00+00:00,0.1432716,0.140672485714,20.0,-0.3628,,stop,32
DOGEUSDT,rnd210048,2022-02-18T00:00:00+00:00,2022-02-21T20:00:00+00:00,0.13836915,0.133090564286,20.0,-0.763,,stop,23
DOGEUSDT,rnd210048,2022-02-22T04:00:00+00:00,2022-02-24T00:00:00+00:00,0.12576285,0.119226071429,20.0,-1.0395,,stop,11
DOGEUSDT,rnd210048,2022-02-24T04:00:00+00:00,2022-03-04T20:00:00+00:00,0.11595795,0.1211394,20.0,0.8937,,stop,52
DOGEUSDT,rnd210048,2022-03-05T00:00:00+00:00,2022-03-07T20:00:00+00:00,0.1226613,0.114568272921,20.0,-1.3196,,stop,17
DOGEUSDT,rnd210048,2022-03-08T04:00:00+00:00,2022-03-13T12:00:00+00:00,0.11895945,0.112415192857,20.0,-1.1003,,stop,32
DOGEUSDT,rnd210048,2022-03-13T16:00:00+00:00,2022-03-14T12:00:00+00:00,0.11475735,0.113885885714,20.0,-0.1519,,stop,5
DOGEUSDT,rnd210048,2022-03-14T16:00:00+00:00,2022-03-25T16:00:00+00:00,0.11335665,0.130548978571,20.0,3.0333,,stop,66
DOGEUSDT,rnd210048,2022-03-26T12:00:00+00:00,2022-03-30T00:00:00+00:00,0.1328664,0.138516421429,20.0,0.8505,,stop,21
DOGEUSDT,rnd210048,2022-03-30T20:00:00+00:00,2022-04-06T00:00:00+00:00,0.1434717,0.160148457143,20.0,2.3247,,stop,37
DOGEUSDT,rnd210048,2022-04-06T12:00:00+00:00,2022-04-25T00:00:00+00:00,0.1534767,0.128626640221,20.0,-3.2383,,stop,111
DOGEUSDT,rnd210048,2022-04-25T20:00:00+00:00,2022-04-26T12:00:00+00:00,0.16218105,0.147232396975,20.0,-1.8435,,stop,4
DOGEUSDT,rnd210048,2022-04-26T20:00:00+00:00,2022-05-09T08:00:00+00:00,0.1406703,0.114809295207,20.0,-3.6768,,stop,75
DOGEUSDT,rnd210048,2022-05-09T12:00:00+00:00,2022-05-09T16:00:00+00:00,0.1176588,0.1091042206,20.0,-1.4541,,stop,1
DOGEUSDT,rnd210048,2022-05-10T04:00:00+00:00,2022-05-11T12:00:00+00:00,0.10755375,0.0972656285714,20.0,-1.9131,,stop,8
DOGEUSDT,rnd210048,2022-05-11T16:00:00+00:00,2022-06-12T00:00:00+00:00,0.0894447,0.0656797008643,20.0,-5.3139,,stop,188
DOGEUSDT,rnd210048,2022-06-12T12:00:00+00:00,2022-06-13T00:00:00+00:00,0.066043005,0.0597720326046,20.0,-1.8991,,stop,3
DOGEUSDT,rnd210048,2022-06-13T12:00:00+00:00,2022-06-30T08:00:00+00:00,0.05426712,0.06286855,20.0,3.17,,stop,101
DOGEUSDT,rnd210048,2022-06-30T12:00:00+00:00,2022-07-11T20:00:00+00:00,0.063121545,0.0620061242857,20.0,-0.3534,,stop,68
DOGEUSDT,rnd210048,2022-07-12T00:00:00+00:00,2022-07-13T12:00:00+00:00,0.061780875,0.0583855961696,20.0,-1.0991,,stop,9
DOGEUSDT,rnd210048,2022-07-13T20:00:00+00:00,2022-07-20T20:00:00+00:00,0.06015006,0.0697836621429,20.0,3.2032,,stop,42
DOGEUSDT,rnd210048,2022-07-21T04:00:00+00:00,2022-07-26T12:00:00+00:00,0.068284125,0.0603789204375,20.0,-2.3154,,stop,32
DOGEUSDT,rnd210048,2022-07-27T00:00:00+00:00,2022-07-31T20:00:00+00:00,0.062561265,0.0680373928571,20.0,1.7506,,stop,29
DOGEUSDT,rnd210048,2022-08-01T00:00:00+00:00,2022-08-15T08:00:00+00:00,0.068124045,0.07554221,20.0,2.1778,,stop,86
DOGEUSDT,rnd210048,2022-08-15T12:00:00+00:00,2022-08-18T16:00:00+00:00,0.075727845,0.0777582442857,20.0,0.5362,,stop,19
DOGEUSDT,rnd210048,2022-08-19T04:00:00+00:00,2022-08-22T04:00:00+00:00,0.073886925,0.0663412377875,20.0,-2.0425,,stop,18
DOGEUSDT,rnd210048,2022-08-22T12:00:00+00:00,2022-08-26T16:00:00+00:00,0.06673335,0.0647461821429,20.0,-0.5956,,stop,25
DOGEUSDT,rnd210048,2022-08-27T04:00:00+00:00,2022-09-06T16:00:00+00:00,0.063821895,0.0585747358382,20.0,-1.6443,,stop,63
DOGEUSDT,rnd210048,2022-09-07T04:00:00+00:00,2022-09-13T16:00:00+00:00,0.05844921,0.0594945235714,20.0,0.3577,,stop,39
DOGEUSDT,rnd210048,2022-09-14T00:00:00+00:00,2022-09-19T00:00:00+00:00,0.059679825,0.0562275864286,20.0,-1.1569,,stop,30
DOGEUSDT,rnd210048,2022-09-19T04:00:00+00:00,2022-09-21T20:00:00+00:00,0.05680839,0.0562133078571,20.0,-0.2095,,stop,16
DOGEUSDT,rnd210048,2022-09-22T08:00:00+00:00,2022-09-25T12:00:00+00:00,0.058539255,0.0618247864286,20.0,1.1225,,stop,19
DOGEUSDT,rnd210048,2022-09-26T00:00:00+00:00,2022-10-11T00:00:00+00:00,0.061200585,0.0584122078571,20.0,-0.9112,,stop,90
DOGEUSDT,rnd210048,2022-10-11T04:00:00+00:00,2022-10-13T04:00:00+00:00,0.059019495,0.0575069464286,20.0,-0.5126,,stop,12
DOGEUSDT,rnd210048,2022-10-13T08:00:00+00:00,2022-10-27T08:00:00+00:00,0.057658815,0.0770100471429,20.0,6.7123,,stop,84
DOGEUSDT,rnd210048,2022-10-27T16:00:00+00:00,2022-10-29T16:00:00+00:00,0.077728845,0.132123905,20.0,13.9961,,stop,12
DOGEUSDT,rnd210048,2022-10-29T20:00:00+00:00,2022-11-06T20:00:00+00:00,0.12792393,0.113473235,20.0,-2.2593,,stop,48
DOGEUSDT,rnd210048,2022-11-07T00:00:00+00:00,2022-11-08T04:00:00+00:00,0.114827385,0.101173201665,20.0,-2.3782,,stop,7
DOGEUSDT,rnd210048,2022-11-08T12:00:00+00:00,2022-11-08T16:00:00+00:00,0.10103049,0.0856965488621,20.0,-3.0355,,stop,1
DOGEUSDT,rnd210048,2022-11-09T00:00:00+00:00,2022-12-16T20:00:00+00:00,0.088314135,0.0770243257143,20.0,-2.5567,,stop,227
DOGEUSDT,rnd210048,2022-12-17T00:00:00+00:00,2022-12-30T04:00:00+00:00,0.075727845,0.069055455,20.0,-1.7622,,stop,79
DOGEUSDT,rnd210048,2022-12-30T08:00:00+00:00,2023-01-14T08:00:00+00:00,0.067783875,0.0833054692857,20.0,4.5797,,stop,90
DOGEUSDT,rnd210048,2023-01-14T12:00:00+00:00,2023-01-18T16:00:00+00:00,0.086173065,0.0779287240032,20.0,-1.9134,,stop,25
DOGEUSDT,rnd210048,2023-01-19T00:00:00+00:00,2023-01-24T20:00:00+00:00,0.08004,0.0821631835714,20.0,0.5305,,stop,35
DOGEUSDT,rnd210048,2023-01-25T00:00:00+00:00,2023-02-09T00:00:00+00:00,0.08396196,0.08779608,20.0,0.9133,,stop,90
DOGEUSDT,rnd210048,2023-02-09T04:00:00+00:00,2023-02-09T16:00:00+00:00,0.08662329,0.081644947105,20.0,-1.1494,,stop,3
DOGEUSDT,rnd210048,2023-02-09T20:00:00+00:00,2023-02-24T12:00:00+00:00,0.083411685,0.0826457992857,20.0,-0.1836,,stop,88
DOGEUSDT,rnd210048,2023-02-24T20:00:00+00:00,2023-03-03T00:00:00+00:00,0.080990475,0.0767717127982,20.0,-1.0418,,stop,37
DOGEUSDT,rnd210048,2023-03-03T08:00:00+00:00,2023-03-08T12:00:00+00:00,0.075747855,0.0720867935725,20.0,-0.9666,,stop,31
DOGEUSDT,rnd210048,2023-03-08T16:00:00+00:00,2023-03-08T20:00:00+00:00,0.07365681,0.0705036833807,20.0,-0.8562,,stop,1
DOGEUSDT,rnd210048,2023-03-09T00:00:00+00:00,2023-03-09T20:00:00+00:00,0.07115556,0.0675146429343,20.0,-1.0234,,stop,5
DOGEUSDT,rnd210048,2023-03-10T00:00:00+00:00,2023-03-15T12:00:00+00:00,0.066002985,0.0703505214286,20.0,1.3174,,stop,33
DOGEUSDT,rnd210048,2023-03-15T16:00:00+00:00,2023-04-03T20:00:00+00:00,0.06965481,0.0940386714286,20.0,7.0013,,stop,115
DOGEUSDT,rnd210048,2023-04-04T00:00:00+00:00,2023-04-07T04:00:00+00:00,0.096058005,0.0829807795689,20.0,-2.7228,,stop,19
DOGEUSDT,rnd210048,2023-04-07T08:00:00+00:00,2023-04-21T16:00:00+00:00,0.08308152,0.0796829957143,20.0,-0.8181,,stop,86
DOGEUSDT,rnd210048,2023-04-22T00:00:00+00:00,2023-05-08T16:00:00+00:00,0.07845921,0.0707531771429,20.0,-1.9643,,stop,100
DOGEUSDT,rnd210048,2023-05-08T20:00:00+00:00,2023-05-24T12:00:00+00:00,0.071965965,0.0695180807143,20.0,-0.6803,,stop,94
DOGEUSDT,rnd210048,2023-05-24T16:00:00+00:00,2023-06-05T12:00:00+00:00,0.070545255,0.0703276757143,20.0,-0.0617,,stop,71
DOGEUSDT,rnd210048,2023-06-05T20:00:00+00:00,2023-06-07T12:00:00+00:00,0.066663315,0.0674819564286,20.0,0.2456,,stop,10
DOGEUSDT,rnd210048,2023-06-08T04:00:00+00:00,2023-06-10T04:00:00+00:00,0.067403685,0.06634681,20.0,-0.3136,,stop,12
DOGEUSDT,rnd210048,2023-06-10T08:00:00+00:00,2023-06-28T16:00:00+00:00,0.06015006,0.0612307978571,20.0,0.3593,,stop,110
DOGEUSDT,rnd210048,2023-06-28T20:00:00+00:00,2023-06-30T12:00:00+00:00,0.06191094,0.0610780171429,20.0,-0.2691,,stop,10
DOGEUSDT,rnd210048,2023-07-01T00:00:00+00:00,2023-07-06T12:00:00+00:00,0.06649323,0.0651959571429,20.0,-0.3902,,stop,33
DOGEUSDT,rnd210048,2023-07-06T16:00:00+00:00,2023-07-14T16:00:00+00:00,0.06585291,0.0666109635714,20.0,0.2302,,stop,48
DOGEUSDT,rnd210048,2023-07-14T20:00:00+00:00,2023-08-01T00:00:00+00:00,0.067963965,0.0754394042857,20.0,2.1998,,stop,103
DOGEUSDT,rnd210048,2023-08-01T04:00:00+00:00,2023-08-07T16:00:00+00:00,0.076208085,0.0723058425646,20.0,-1.0241,,stop,39
DOGEUSDT,rnd210048,2023-08-07T20:00:00+00:00,2023-08-15T16:00:00+00:00,0.07349673,0.0722024521429,20.0,-0.3522,,stop,47
DOGEUSDT,rnd210048,2023-08-15T20:00:00+00:00,2023-08-16T20:00:00+00:00,0.071185575,0.0678427081054,20.0,-0.9392,,stop,6
DOGEUSDT,rnd210048,2023-08-17T00:00:00+00:00,2023-08-17T20:00:00+00:00,0.06721359,0.0633765287407,20.0,-1.1418,,stop,5
DOGEUSDT,rnd210048,2023-08-18T00:00:00+00:00,2023-10-09T08:00:00+00:00,0.06105051,0.0590990071429,20.0,-0.6393,,stop,314
DOGEUSDT,rnd210048,2023-10-09T16:00:00+00:00,2023-10-12T08:00:00+00:00,0.058819395,0.0572354058382,20.0,-0.5386,,stop,16
DOGEUSDT,rnd210048,2023-10-12T12:00:00+00:00,2023-10-17T12:00:00+00:00,0.05810904,0.05913042,20.0,0.3515,,stop,30
DOGEUSDT,rnd210048,2023-10-17T16:00:00+00:00,2023-10-24T04:00:00+00:00,0.05918958,0.0662982628571,20.0,2.402,,stop,39
DOGEUSDT,rnd210048,2023-10-24T08:00:00+00:00,2023-10-27T16:00:00+00:00,0.066563265,0.0683486657143,20.0,0.5365,,stop,20
DOGEUSDT,rnd210048,2023-10-27T20:00:00+00:00,2023-11-14T16:00:00+00:00,0.06829413,0.0703919292857,20.0,0.6143,,stop,107
DOGEUSDT,rnd210048,2023-11-15T04:00:00+00:00,2023-11-19T00:00:00+00:00,0.072586275,0.0775554885714,20.0,1.3692,,stop,23
DOGEUSDT,rnd210048,2023-11-19T04:00:00+00:00,2023-12-11T16:00:00+00:00,0.07875936,0.0915113642857,20.0,3.2382,,stop,135
DOGEUSDT,rnd210048,2023-12-12T12:00:00+00:00,2023-12-31T00:00:00+00:00,0.095337645,0.089645155,20.0,-1.1942,,stop,111
ETHUSDT,rnd210048,2021-09-03T08:00:00+00:00,2021-09-07T08:00:00+00:00,3799.828965,3680.43600429,20.0,-0.6284,,stop,24
ETHUSDT,rnd210048,2021-09-07T16:00:00+00:00,2021-09-13T12:00:00+00:00,3455.616945,3145.20962492,20.0,-1.7965,,stop,35
ETHUSDT,rnd210048,2021-09-13T20:00:00+00:00,2021-09-20T00:00:00+00:00,3255.32685,3243.28897286,20.0,-0.074,,stop,37
ETHUSDT,rnd210048,2021-09-20T04:00:00+00:00,2021-09-20T12:00:00+00:00,3188.5935,2977.45759789,20.0,-1.3243,,stop,2
ETHUSDT,rnd210048,2021-09-21T12:00:00+00:00,2021-09-21T20:00:00+00:00,3063.9312,2742.82517279,20.0,-2.096,,stop,2
ETHUSDT,rnd210048,2021-09-22T00:00:00+00:00,2021-11-16T00:00:00+00:00,2768.10336,4270.89491286,20.0,10.8579,,stop,330
ETHUSDT,rnd210048,2021-11-16T08:00:00+00:00,2021-11-17T00:00:00+00:00,4314.57621,4067.86804422,20.0,-1.1436,,stop,4
ETHUSDT,rnd210048,2021-11-17T04:00:00+00:00,2021-11-26T08:00:00+00:00,4124.24109,4027.52237429,20.0,-0.469,,stop,55
ETHUSDT,rnd210048,2021-11-27T00:00:00+00:00,2021-12-03T16:00:00+00:00,4043.2206,4285.31769786,20.0,1.1975,,stop,40
ETHUSDT,rnd210048,2021-12-03T20:00:00+00:00,2021-12-04T04:00:00+00:00,4230.93441,3892.51753476,20.0,-1.5997,,stop,2
ETHUSDT,rnd210048,2021-12-04T08:00:00+00:00,2021-12-13T12:00:00+00:00,3895.456755,3762.83192857,20.0,-0.6809,,stop,55
ETHUSDT,rnd210048,2021-12-14T00:00:00+00:00,2021-12-29T12:00:00+00:00,3783.81096,3697.21047,20.0,-0.4577,,stop,93
ETHUSDT,rnd210048,2021-12-29T20:00:00+00:00,2022-01-05T20:00:00+00:00,3727.552845,3603.14466929,20.0,-0.6675,,stop,42
ETHUSDT,rnd210048,2022-01-06T04:00:00+00:00,2022-01-07T04:00:00+00:00,3450.554415,3220.56118601,20.0,-1.3331,,stop,6
ETHUSDT,rnd210048,2022-01-07T08:00:00+00:00,2022-01-21T00:00:00+00:00,3203.350875,2965.74924071,20.0,-1.4835,,stop,82
ETHUSDT,rnd210048,2022-01-21T04:00:00+00:00,2022-01-21T20:00:00+00:00,2838.628605,2594.86980677,20.0,-1.7174,,stop,4
ETHUSDT,rnd210048,2022-01-22T08:00:00+00:00,2022-02-18T16:00:00+00:00,2465.262015,2775.28023714,20.0,2.5151,,stop,164
ETHUSDT,rnd210048,2022-02-19T00:00:00+00:00,2022-02-21T20:00:00+00:00,2780.68965,2568.24595607,20.0,-1.528,,stop,17
ETHUSDT,rnd210048,2022-02-22T00:00:00+00:00,2022-02-24T00:00:00+00:00,2569.314015,2387.735535,20.0,-1.4134,,stop,12
ETHUSDT,rnd210048,2022-02-24T04:00:00+00:00,2022-03-04T00:00:00+00:00,2398.608705,2687.22285929,20.0,2.4065,,stop,47
ETHUSDT,rnd210048,2022-03-04T08:00:00+00:00,2022-03-06T20:00:00+00:00,2734.44654,2534.75888369,20.0,-1.4605,,stop,15
ETHUSDT,rnd210048,2022-03-07T04:00:00+00:00,2022-03-07T16:00:00+00:00,2526.78276,2454.32650857,20.0,-0.5735,,stop,3
ETHUSDT,rnd210048,2022-03-07T20:00:00+00:00,2022-03-13T20:00:00+00:00,2461.89033,2515.76291786,20.0,0.4377,,stop,36
ETHUSDT,rnd210048,2022-03-14T00:00:00+00:00,2022-03-20T16:00:00+00:00,2516.91783,2828.29942857,20.0,2.4743,,stop,40
ETHUSDT,rnd210048,2022-03-20T20:00:00+00:00,2022-04-01T00:00:00+00:00,2877.13785,3258.15724929,20.0,2.6486,,stop,67
ETHUSDT,rnd210048,2022-04-01T04:00:00+00:00,2022-04-06T00:00:00+00:00,3251.915145,3327.80669286,20.0,0.4667,,stop,29
ETHUSDT,rnd210048,2022-04-06T08:00:00+00:00,2022-04-06T16:00:00+00:00,3347.33283,3182.86560108,20.0,-0.9827,,stop,2
ETHUSDT,rnd210048,2022-04-06T20:00:00+00:00,2022-04-11T08:00:00+00:00,3226.942665,3037.22329367,20.0,-1.1758,,stop,27
ETHUSDT,rnd210048,2022-04-11T20:00:00+00:00,2022-04-18T04:00:00+00:00,3006.1023,2927.78680286,20.0,-0.521,,stop,38
ETHUSDT,rnd210048,2022-04-18T20:00:00+00:00,2022-04-21T20:00:00+00:00,3007.22286,2965.00818286,20.0,-0.2808,,stop,18
ETHUSDT,rnd210048,2022-04-22T08:00:00+00:00,2022-04-25T00:00:00+00:00,3021.40995,2867.91991556,20.0,-1.016,,stop,16
ETHUSDT,rnd210048,2022-04-25T04:00:00+00:00,2022-04-26T12:00:00+00:00,2877.01779,2883.04347143,20.0,0.0419,,stop,8
ETHUSDT,rnd210048,2022-04-26T16:00:00+00:00,2022-04-30T20:00:00+00:00,2861.18988,2717.76329571,20.0,-1.0026,,stop,25
ETHUSDT,rnd210048,2022-05-01T08:00:00+00:00,2022-05-05T12:00:00+00:00,2767.7832,2758.430095,20.0,-0.0676,,stop,25
ETHUSDT,rnd210048,2022-05-06T04:00:00+00:00,2022-05-07T20:00:00+00:00,2747.75319,2592.33851519,20.0,-1.1312,,stop,10
ETHUSDT,rnd210048,2022-05-08T00:00:00+00:00,2022-05-08T16:00:00+00:00,2636.667675,2505.99440813,20.0,-0.9912,,stop,4
ETHUSDT,rnd210048,2022-05-08T20:00:00+00:00,2022-05-09T00:00:00+00:00,2563.281,2426.02273896,20.0,-1.071,,stop,1
ETHUSDT,rnd210048,2022-05-09T08:00:00+00:00,2022-05-09T16:00:00+00:00,2449.08393,2303.52444875,20.0,-1.1887,,stop,2
ETHUSDT,rnd210048,2022-05-09T20:00:00+00:00,2022-05-11T12:00:00+00:00,2271.81534,2139.36406857,20.0,-1.166,,stop,10
ETHUSDT,rnd210048,2022-05-11T16:00:00+00:00,2022-05-12T04:00:00+00:00,2265.662265,1936.93438476,20.0,-2.9018,,stop,3
ETHUSDT,rnd210048,2022-05-12T08:00:00+00:00,2022-06-11T08:00:00+00:00,1917.25815,1573.39291,20.0,-3.5871,,stop,180
ETHUSDT,rnd210048,2022-06-11T20:00:00+00:00,2022-06-13T00:00:00+00:00,1547.25324,1421.10126249,20.0,-1.6307,,stop,7
ETHUSDT,rnd210048,2022-06-13T04:00:00+00:00,2022-06-13T12:00:00+00:00,1351.63548,1178.1157703,20.0,-2.5676,,stop,2
ETHUSDT,rnd210048,2022-06-13T20:00:00+00:00,2022-06-15T08:00:00+00:00,1229.304345,1019.78169908,20.0,-3.4088,,stop,9
ETHUSDT,rnd210048,2022-06-15T12:00:00+00:00,2022-08-19T20:00:00+00:00,1120.610025,1633.00023429,20.0,9.1448,,stop,392
ETHUSDT,rnd210048,2022-08-20T08:00:00+00:00,2022-08-20T20:00:00+00:00,1648.573875,1532.90525324,20.0,-1.4033,,stop,3
ETHUSDT,rnd210048,2022-08-21T04:00:00+00:00,2022-08-26T20:00:00+00:00,1586.35278,1513.73418286,20.0,-0.9155,,stop,34
ETHUSDT,rnd210048,2022-08-27T04:00:00+00:00,2022-09-07T00:00:00+00:00,1502.600925,1504.86147857,20.0,0.0301,,stop,65
ETHUSDT,rnd210048,2022-09-07T12:00:00+00:00,2022-09-13T12:00:00+00:00,1514.546895,1610.71138429,20.0,1.2699,,stop,36
ETHUSDT,rnd210048,2022-09-13T20:00:00+00:00,2022-09-15T12:00:00+00:00,1606.052625,1471.0345969,20.0,-1.6814,,stop,10
ETHUSDT,rnd210048,2022-09-16T04:00:00+00:00,2022-09-18T20:00:00+00:00,1474.29678,1333.17450215,20.0,-1.9144,,stop,16
ETHUSDT,rnd210048,2022-09-19T00:00:00+00:00,2022-09-21T20:00:00+00:00,1335.177255,1276.11305286,20.0,-0.8847,,stop,17
ETHUSDT,rnd210048,2022-09-22T00:00:00+00:00,2022-10-13T12:00:00+00:00,1246.412895,1213.63859143,20.0,-0.5259,,stop,129
ETHUSDT,rnd210048,2022-10-14T00:00:00+00:00,2022-10-28T04:00:00+00:00,1287.72354,1489.83613786,20.0,3.1391,,stop,85
ETHUSDT,rnd210048,2022-10-28T12:00:00+00:00,2022-11-08T00:00:00+00:00,1498.939095,1518.24335571,20.0,0.2576,,stop,63
ETHUSDT,rnd210048,2022-11-08T04:00:00+00:00,2022-11-08T16:00:00+00:00,1507.81353,1422.19850359,20.0,-1.1356,,stop,3
ETHUSDT,rnd210048,2022-11-09T04:00:00+00:00,2022-11-09T20:00:00+00:00,1313.03619,1134.5347103,20.0,-2.7189,,stop,4
ETHUSDT,rnd210048,2022-11-10T12:00:00+00:00,2023-03-10T08:00:00+00:00,1187.643525,1368.285515,20.0,3.042,,stop,719
ETHUSDT,rnd210048,2023-03-10T16:00:00+00:00,2023-03-15T08:00:00+00:00,1417.738515,1651.37104429,20.0,3.2958,,stop,28
ETHUSDT,rnd210048,2023-03-15T16:00:00+00:00,2023-04-20T16:00:00+00:00,1634.847015,1922.0385,20.0,3.5134,,stop,216
ETHUSDT,rnd210048,2023-04-20T20:00:00+00:00,2023-04-21T20:00:00+00:00,1928.66385,1830.58024486,20.0,-1.0171,,stop,6
ETHUSDT,rnd210048,2023-04-22T00:00:00+00:00,2023-04-26T20:00:00+00:00,1849.694385,1814.13248,20.0,-0.3845,,stop,29
ETHUSDT,rnd210048,2023-04-27T00:00:00+00:00,2023-05-08T04:00:00+00:00,1866.943005,1837.57503857,20.0,-0.3146,,stop,67
ETHUSDT,rnd210048,2023-05-08T20:00:00+00:00,2023-05-12T04:00:00+00:00,1829.9145,1747.54150643,20.0,-0.9003,,stop,20
ETHUSDT,rnd210048,2023-05-12T08:00:00+00:00,2023-06-05T16:00:00+00:00,1760.35974,1797.88061,20.0,0.4263,,stop,146
ETHUSDT,rnd210048,2023-06-06T00:00:00+00:00,2023-06-10T04:00:00+00:00,1811.395245,1816.901095,20.0,0.0608,,stop,25
ETHUSDT,rnd210048,2023-06-10T08:00:00+00:00,2023-06-14T20:00:00+00:00,1732.655895,1691.75512786,20.0,-0.4721,,stop,27
ETHUSDT,rnd210048,2023-06-15T08:00:00+00:00,2023-06-26T16:00:00+00:00,1640.77998,1840.32794714,20.0,2.4324,,stop,68
ETHUSDT,rnd210048,2023-06-26T20:00:00+00:00,2023-07-06T20:00:00+00:00,1855.02705,1855.87445571,20.0,0.0091,,stop,60
ETHUSDT,rnd210048,2023-07-07T08:00:00+00:00,2023-07-14T16:00:00+00:00,1857.338205,1930.75842357,20.0,0.7906,,stop,44
ETHUSDT,rnd210048,2023-07-15T08:00:00+00:00,2023-07-22T20:00:00+00:00,1942.83093,1854.69240561,20.0,-0.9073,,stop,45
ETHUSDT,rnd210048,2023-07-24T00:00:00+00:00,2023-07-24T08:00:00+00:00,1889.68437,1855.95235817,20.0,-0.357,,stop,2
ETHUSDT,rnd210048,2023-07-25T00:00:00+00:00,2023-08-01T00:00:00+00:00,1850.925,1815.64600857,20.0,-0.3812,,stop,42
ETHUSDT,rnd210048,2023-08-01T12:00:00+00:00,2023-08-02T16:00:00+00:00,1831.61535,1822.12276857,20.0,-0.1037,,stop,7
ETHUSDT,rnd210048,2023-08-02T20:00:00+00:00,2023-08-16T20:00:00+00:00,1842.770925,1798.16760929,20.0,-0.4841,,stop,84
ETHUSDT,rnd210048,2023-08-17T08:00:00+00:00,2023-08-17T12:00:00+00:00,1800.849975,1770.89444198,20.0,-0.3327,,stop,1
ETHUSDT,rnd210048,2023-08-17T16:00:00+00:00,2023-08-17T20:00:00+00:00,1740.48981,1697.34428474,20.0,-0.4958,,stop,1
ETHUSDT,rnd210048,2023-08-18T04:00:00+00:00,2023-08-22T20:00:00+00:00,1677.8385,1599.61686289,20.0,-0.9324,,stop,28
ETHUSDT,rnd210048,2023-08-23T00:00:00+00:00,2023-08-28T08:00:00+00:00,1635.8175,1623.18657214,20.0,-0.1544,,stop,32
ETHUSDT,rnd210048,2023-08-28T12:00:00+00:00,2023-08-30T12:00:00+00:00,1641.14016,1709.20497,20.0,0.8295,,stop,12
ETHUSDT,rnd210048,2023-08-30T16:00:00+00:00,2023-08-31T16:00:00+00:00,1704.461805,1646.59880803,20.0,-0.679,,stop,6
ETHUSDT,rnd210048,2023-08-31T20:00:00+00:00,2023-09-11T08:00:00+00:00,1657.94856,1593.70845001,20.0,-0.7749,,stop,63
ETHUSDT,rnd210048,2023-09-11T12:00:00+00:00,2023-09-11T12:00:00+00:00,1587.33327,1556.99188461,20.0,-0.3823,,stop,0
ETHUSDT,rnd210048,2023-09-11T20:00:00+00:00,2023-09-21T08:00:00+00:00,1540.12968,1600.51362857,20.0,0.7841,,stop,57
ETHUSDT,rnd210048,2023-09-21T12:00:00+00:00,2023-10-02T16:00:00+00:00,1595.747475,1680.75634429,20.0,1.0654,,stop,67
ETHUSDT,rnd210048,2023-10-02T20:00:00+00:00,2023-10-05T12:00:00+00:00,1675.15716,1612.05430106,20.0,-0.7534,,stop,16
ETHUSDT,rnd210048,2023-10-05T20:00:00+00:00,2023-10-09T08:00:00+00:00,1617.318255,1590.84418,20.0,-0.3274,,stop,21
ETHUSDT,rnd210048,2023-10-09T12:00:00+00:00,2023-10-09T16:00:00+00:00,1591.445325,1557.96238269,20.0,-0.4208,,stop,1
ETHUSDT,rnd210048,2023-10-09T20:00:00+00:00,2023-10-12T08:00:00+00:00,1582.240725,1541.44640196,20.0,-0.5157,,stop,15
ETHUSDT,rnd210048,2023-10-12T12:00:00+00:00,2023-10-17T12:00:00+00:00,1552.83603,1566.53205643,20.0,0.1764,,stop,30
ETHUSDT,rnd210048,2023-10-18T12:00:00+00:00,2023-10-24T12:00:00+00:00,1579.559385,1762.54971286,20.0,2.317,,stop,36
ETHUSDT,rnd210048,2023-10-25T00:00:00+00:00,2023-11-14T16:00:00+00:00,1785.87249,1951.03970643,20.0,1.8497,,stop,124
ETHUSDT,rnd210048,2023-11-14T20:00:00+00:00,2023-11-17T12:00:00+00:00,1979.979495,1921.63298857,20.0,-0.5894,,stop,16
ETHUSDT,rnd210048,2023-11-18T00:00:00+00:00,2023-12-11T00:00:00+00:00,1961.80041,2235.93861429,20.0,2.7948,,stop,138
ETHUSDT,rnd210048,2023-12-11T04:00:00+00:00,2023-12-13T00:00:00+00:00,2252.54571,2153.85395857,20.0,-0.8763,,stop,11
ETHUSDT,rnd210048,2023-12-13T04:00:00+00:00,2023-12-18T08:00:00+00:00,2167.113015,2131.20672071,20.0,-0.3314,,stop,31
ETHUSDT,rnd210048,2023-12-18T12:00:00+00:00,2023-12-19T16:00:00+00:00,2143.261095,2138.42168286,20.0,-0.0452,,stop,7
ETHUSDT,rnd210048,2023-12-19T20:00:00+00:00,2023-12-29T20:00:00+00:00,2177.76834,2278.34026,20.0,0.9236,,stop,60
ETHUSDT,rnd210048,2023-12-30T00:00:00+00:00,2023-12-31T00:00:00+00:00,2300.3496,2282.87799,20.0,-0.1519,,stop,6
FILUSDT,rnd210048,2021-09-05T12:00:00+00:00,2021-09-06T12:00:00+00:00,99.16956,106.493869286,20.0,1.4771,,stop,6
FILUSDT,rnd210048,2021-09-07T04:00:00+00:00,2021-09-07T12:00:00+00:00,107.63379,91.3898579264,20.0,-3.0184,,stop,2
FILUSDT,rnd210048,2021-09-11T12:00:00+00:00,2021-09-13T12:00:00+00:00,83.46171,72.7288987879,20.0,-2.5719,,stop,12
FILUSDT,rnd210048,2021-09-15T20:00:00+00:00,2021-09-20T00:00:00+00:00,85.512735,78.0866514286,20.0,-1.7368,,stop,25
FILUSDT,rnd210048,2021-09-20T08:00:00+00:00,2021-09-20T12:00:00+00:00,77.728845,71.3467252204,20.0,-1.6421,,stop,1
FILUSDT,rnd210048,2021-09-26T04:00:00+00:00,2021-10-12T08:00:00+00:00,56.74836,68.2230142857,20.0,4.044,,stop,97
FILUSDT,rnd210048,2021-10-21T00:00:00+00:00,2021-10-21T12:00:00+00:00,67.09353,63.4885555564,20.0,-1.0746,,stop,3
FILUSDT,rnd210048,2021-10-27T00:00:00+00:00,2021-10-27T08:00:00+00:00,62.861415,59.3585066139,20.0,-1.1145,,stop,2
FILUSDT,rnd210048,2021-10-28T16:00:00+00:00,2021-11-10T20:00:00+00:00,58.899435,60.2241585714,20.0,0.4498,,stop,79
FILUSDT,rnd210048,2021-11-11T08:00:00+00:00,2021-11-16T00:00:00+00:00,64.082025,56.9892304161,20.0,-2.2137,,stop,28
FILUSDT,rnd210048,2021-11-16T12:00:00+00:00,2021-11-18T04:00:00+00:00,56.40819,51.9518439407,20.0,-1.58,,stop,10
FILUSDT,rnd210048,2021-11-19T08:00:00+00:00,2021-12-03T16:00:00+00:00,52.38618,50.2562878571,20.0,-0.8132,,stop,86
FILUSDT,rnd210048,2021-12-04T04:00:00+00:00,2021-12-04T04:00:00+00:00,44.972475,41.4410298339,20.0,-1.5705,,stop,0
FILUSDT,rnd210048,2021-12-04T12:00:00+00:00,2021-12-20T08:00:00+00:00,38.089035,34.1843278571,20.0,-2.0503,,stop,95
FILUSDT,rnd210048,2021-12-21T12:00:00+00:00,2021-12-28T00:00:00+00:00,35.167575,38.3536707143,20.0,1.812,,stop,39
FILUSDT,rnd210048,2021-12-30T20:00:00+00:00,2022-01-05T20:00:00+00:00,35.13756,34.1372085714,20.0,-0.5694,,stop,36
FILUSDT,rnd210048,2022-01-08T16:00:00+00:00,2022-01-10T12:00:00+00:00,30.91545,28.2941529893,20.0,-1.6958,,stop,11
FILUSDT,rnd210048,2022-01-10T16:00:00+00:00,2022-01-20T20:00:00+00:00,27.79389,27.0921614286,20.0,-0.505,,stop,61
FILUSDT,rnd210048,2022-01-23T08:00:00+00:00,2022-02-11T20:00:00+00:00,19.72986,20.8238685714,20.0,1.109,,stop,117
FILUSDT,rnd210048,2022-02-14T00:00:00+00:00,2022-02-17T16:00:00+00:00,20.580285,20.9209628571,20.0,0.3311,,stop,22
FILUSDT,rnd210048,2022-02-18T04:00:00+00:00,2022-02-21T12:00:00+00:00,20.87043,18.8841974636,20.0,-1.9034,,stop,20
FILUSDT,rnd210048,2022-02-26T08:00:00+00:00,2022-03-04T00:00:00+00:00,19.0095,19.3645985714,20.0,0.3736,,stop,34
FILUSDT,rnd210048,2022-03-06T20:00:00+00:00,2022-03-07T16:00:00+00:00,18.559275,17.3327471482,20.0,-1.3217,,stop,5
FILUSDT,rnd210048,2022-03-10T04:00:00+00:00,2022-03-13T20:00:00+00:00,18.319155,17.1999671429,20.0,-1.2219,,stop,22
FILUSDT,rnd210048,2022-03-15T12:00:00+00:00,2022-03-28T20:00:00+00:00,16.64832,24.8190128571,20.0,9.8156,,stop,80
FILUSDT,rnd210048,2022-03-29T20:00:00+00:00,2022-04-06T16:00:00+00:00,26.75337,22.6598915293,20.0,-3.0602,,stop,47
FILUSDT,rnd210048,2022-04-07T16:00:00+00:00,2022-04-11T08:00:00+00:00,22.13106,19.6283837557,20.0,-2.2617,,stop,22
FILUSDT,rnd210048,2022-04-12T04:00:00+00:00,2022-04-17T20:00:00+00:00,18.52926,19.8286521429,20.0,1.4025,,stop,34
FILUSDT,rnd210048,2022-04-18T00:00:00+00:00,2022-04-21T20:00:00+00:00,19.70985,18.5978392857,20.0,-1.1284,,stop,23
FILUSDT,rnd210048,2022-04-24T04:00:00+00:00,2022-04-25T04:00:00+00:00,19.039515,18.0144318496,20.0,-1.0768,,stop,6
FILUSDT,rnd210048,2022-04-25T08:00:00+00:00,2022-04-26T20:00:00+00:00,17.66883,17.0300521429,20.0,-0.7231,,stop,9
FILUSDT,rnd210048,2022-05-06T00:00:00+00:00,2022-05-09T08:00:00+00:00,13.98699,12.5360759693,20.0,-2.0747,,stop,20
FILUSDT,rnd210048,2022-05-10T08:00:00+00:00,2022-05-11T04:00:00+00:00,12.036015,10.3362014568,20.0,-2.8245,,stop,5
FILUSDT,rnd210048,2022-05-18T04:00:00+00:00,2022-05-19T00:00:00+00:00,8.314155,7.46577738679,20.0,-2.0408,,stop,5
FILUSDT,rnd210048,2022-05-20T04:00:00+00:00,2022-05-23T20:00:00+00:00,8.134065,8.10451714286,20.0,-0.0727,,stop,22
FILUSDT,rnd210048,2022-05-29T12:00:00+00:00,2022-06-01T20:00:00+00:00,7.513755,7.45912571429,20.0,-0.1454,,stop,20
FILUSDT,rnd210048,2022-06-03T20:00:00+00:00,2022-06-07T00:00:00+00:00,7.333665,7.03648,20.0,-0.8105,,stop,19
FILUSDT,rnd210048,2022-06-07T04:00:00+00:00,2022-06-10T16:00:00+00:00,7.233615,6.83372428571,20.0,-1.1056,,stop,21
FILUSDT,rnd210048,2022-06-11T04:00:00+00:00,2022-06-11T08:00:00+00:00,6.873435,6.5076795325,20.0,-1.0643,,stop,1
FILUSDT,rnd210048,2022-06-11T12:00:00+00:00,2022-06-11T12:00:00+00:00,6.48324,6.06948945143,20.0,-1.2764,,stop,0
FILUSDT,rnd210048,2022-06-12T04:00:00+00:00,2022-06-13T04:00:00+00:00,5.772885,5.27164857143,20.0,-1.7365,,stop,6
FILUSDT,rnd210048,2022-06-14T20:00:00+00:00,2022-07-12T16:00:00+00:00,5.432715,5.06889285714,20.0,-1.3394,,stop,167
FILUSDT,rnd210048,2022-07-13T16:00:00+00:00,2022-07-20T20:00:00+00:00,5.152575,5.69001071429,20.0,2.0861,,stop,43
FILUSDT,rnd210048,2022-07-24T04:00:00+00:00,2022-07-25T16:00:00+00:00,5.74287,5.32235035071,20.0,-1.4645,,stop,9
FILUSDT,rnd210048,2022-07-28T04:00:00+00:00,2022-07-30T20:00:00+00:00,5.64282,8.21017857143,20.0,9.0996,,stop,16
FILUSDT,rnd210048,2022-07-31T16:00:00+00:00,2022-08-01T12:00:00+00:00,9.8049,8.77703785714,20.0,-2.0966,,stop,5
FILUSDT,rnd210048,2022-08-01T20:00:00+00:00,2022-08-20T20:00:00+00:00,8.574285,6.07660232179,20.0,-5.826,,stop,114
FILUSDT,rnd210048,2022-08-22T20:00:00+00:00,2022-08-26T16:00:00+00:00,6.133065,5.77711,20.0,-1.1608,,stop,23
FILUSDT,rnd210048,2022-08-26T20:00:00+00:00,2022-09-05T08:00:00+00:00,5.832915,6.01699,20.0,0.6312,,stop,57
FILUSDT,rnd210048,2022-09-07T00:00:00+00:00,2022-09-13T12:00:00+00:00,5.592795,6.226885,20.0,2.2675,,stop,39
FILUSDT,rnd210048,2022-09-14T20:00:00+00:00,2022-09-18T20:00:00+00:00,5.912955,5.37633691536,20.0,-1.8151,,stop,24
FILUSDT,rnd210048,2022-09-20T00:00:00+00:00,2022-10-01T16:00:00+00:00,5.48274,5.53723,20.0,0.1988,,stop,70
FILUSDT,rnd210048,2022-10-02T00:00:00+00:00,2022-10-10T08:00:00+00:00,5.52276,5.25941469143,20.0,-0.9537,,stop,50
FILUSDT,rnd210048,2022-10-10T20:00:00+00:00,2022-10-10T20:00:00+00:00,5.292645,5.12044064179,20.0,-0.6507,,stop,0
FILUSDT,rnd210048,2022-10-11T04:00:00+00:00,2022-10-13T04:00:00+00:00,5.112555,4.88868086536,20.0,-0.8758,,stop,12
FILUSDT,rnd210048,2022-10-14T04:00:00+00:00,2022-10-21T00:00:00+00:00,5.22261,4.89159155214,20.0,-1.2676,,stop,41
FILUSDT,rnd210048,2022-10-21T12:00:00+00:00,2022-10-28T04:00:00+00:00,4.86243,5.13171857143,20.0,1.1076,,stop,40
FILUSDT,rnd210048,2022-11-01T00:00:00+00:00,2022-11-06T20:00:00+00:00,5.42271,5.84850285714,20.0,1.5704,,stop,35
FILUSDT,rnd210048,2022-11-10T20:00:00+00:00,2022-12-16T20:00:00+00:00,4.62231,3.70438545214,20.0,-3.9717,,stop,216
FILUSDT,rnd210048,2022-12-17T04:00:00+00:00,2023-01-24T20:00:00+00:00,3.049524,5.00007014286,20.0,12.7925,,stop,232
FILUSDT,rnd210048,2023-01-30T20:00:00+00:00,2023-02-05T12:00:00+00:00,5.006502,5.20511042857,20.0,0.7934,,stop,34
FILUSDT,rnd210048,2023-02-06T20:00:00+00:00,2023-02-09T00:00:00+00:00,5.272635,5.15484985714,20.0,-0.4468,,stop,13
FILUSDT,rnd210048,2023-02-09T16:00:00+00:00,2023-02-09T20:00:00+00:00,5.196597,4.74690093364,20.0,-1.7307,,stop,1
FILUSDT,rnd210048,2023-02-10T12:00:00+00:00,2023-02-19T16:00:00+00:00,4.808403,8.69050971429,20.0,16.1472,,stop,55
FILUSDT,rnd210048,2023-02-21T12:00:00+00:00,2023-02-24T16:00:00+00:00,7.7668815,6.83672278571,20.0,-2.3952,,stop,19
FILUSDT,rnd210048,2023-02-25T08:00:00+00:00,2023-03-03T00:00:00+00:00,6.885441,5.97762926164,20.0,-2.6369,,stop,34
FILUSDT,rnd210048,2023-03-03T08:00:00+00:00,2023-03-09T20:00:00+00:00,6.2621295,5.45493638168,20.0,-2.578,,stop,39
FILUSDT,rnd210048,2023-03-10T20:00:00+00:00,2023-03-11T08:00:00+00:00,5.30265,4.66335287143,20.0,-2.4112,,stop,3
FILUSDT,rnd210048,2023-03-12T04:00:00+00:00,2023-03-14T20:00:00+00:00,4.974486,6.60055521429,20.0,6.5376,,stop,16
FILUSDT,rnd210048,2023-03-16T12:00:00+00:00,2023-05-08T16:00:00+00:00,5.8739355,4.66017567511,20.0,-4.1327,,stop,319
FILUSDT,rnd210048,2023-05-09T12:00:00+00:00,2023-05-11T16:00:00+00:00,4.5912945,4.29521724561,20.0,-1.2897,,stop,13
FILUSDT,rnd210048,2023-05-17T04:00:00+00:00,2023-05-21T20:00:00+00:00,4.466232,4.36667271429,20.0,-0.4458,,stop,28
FILUSDT,rnd210048,2023-05-22T08:00:00+00:00,2023-05-24T12:00:00+00:00,4.388193,4.33811557143,20.0,-0.2282,,stop,13
FILUSDT,rnd210048,2023-05-25T04:00:00+00:00,2023-05-31T12:00:00+00:00,4.410204,4.60898007143,20.0,0.9014,,stop,38
FILUSDT,rnd210048,2023-05-31T16:00:00+00:00,2023-06-04T20:00:00+00:00,4.640319,4.62782778571,20.0,-0.0538,,stop,25
FILUSDT,rnd210048,2023-06-05T16:00:00+00:00,2023-06-09T00:00:00+00:00,4.2391185,4.03084071429,20.0,-0.9826,,stop,20
FILUSDT,rnd210048,2023-06-11T04:00:00+00:00,2023-08-01T00:00:00+00:00,3.445722,4.13821557143,20.0,4.0194,,stop,305
FILUSDT,rnd210048,2023-08-02T20:00:00+00:00,2023-08-03T20:00:00+00:00,4.2731355,4.09501553939,20.0,-0.8337,,stop,6
FILUSDT,rnd210048,2023-08-04T04:00:00+00:00,2023-08-15T16:00:00+00:00,4.120059,3.9850065,20.0,-0.6556,,stop,69
FILUSDT,rnd210048,2023-08-16T00:00:00+00:00,2023-08-16T20:00:00+00:00,3.8569275,3.66241680411,20.0,-1.0086,,stop,5
FILUSDT,rnd210048,2023-08-17T16:00:00+00:00,2023-08-17T20:00:00+00:00,3.7028505,3.46504568189,20.0,-1.2844,,stop,1
FILUSDT,rnd210048,2023-08-18T00:00:00+00:00,2023-09-10T04:00:00+00:00,3.4387185,3.07468039075,20.0,-2.1173,,stop,139
FILUSDT,rnd210048,2023-09-11T04:00:00+00:00,2023-09-11T16:00:00+00:00,3.115557,2.98103002507,20.0,-0.8636,,stop,3
FILUSDT,rnd210048,2023-09-13T00:00:00+00:00,2023-09-24T20:00:00+00:00,3.0885435,3.17812442857,20.0,0.5801,,stop,71
FILUSDT,rnd210048,2023-09-25T12:00:00+00:00,2023-10-02T16:00:00+00:00,3.1925955,3.32476535714,20.0,0.828,,stop,43
FILUSDT,rnd210048,2023-10-08T12:00:00+00:00,2023-10-09T08:00:00+00:00,3.42171,3.29684646643,20.0,-0.7298,,stop,5
FILUSDT,rnd210048,2023-10-09T20:00:00+00:00,2023-10-24T12:00:00+00:00,3.217608,3.72899171429,20.0,3.1787,,stop,88
FILUSDT,rnd210048,2023-10-25T16:00:00+00:00,2023-11-13T20:00:00+00:00,3.839919,5.00035571429,20.0,6.0441,,stop,115
FILUSDT,rnd210048,2023-11-19T00:00:00+00:00,2023-11-21T16:00:00+00:00,4.7173575,4.28967587482,20.0,-1.8132,,stop,16
FILUSDT,rnd210048,2023-11-26T00:00:00+00:00,2023-11-26T12:00:00+00:00,4.7813895,4.57303041239,20.0,-0.8715,,stop,3
FILUSDT,rnd210048,2023-12-01T00:00:00+00:00,2023-12-03T16:00:00+00:00,4.386192,4.4367805,20.0,0.2307,,stop,16
FILUSDT,rnd210048,2023-12-09T20:00:00+00:00,2023-12-11T00:00:00+00:00,5.24262,4.87446726143,20.0,-1.4045,,stop,7
FILUSDT,rnd210048,2023-12-14T04:00:00+00:00,2023-12-16T20:00:00+00:00,4.694346,5.66630828571,20.0,4.141,,stop,16
FILUSDT,rnd210048,2023-12-19T00:00:00+00:00,2023-12-31T00:00:00+00:00,5.3076525,6.0339815,20.0,2.7369,,stop,72
IMXUSDT,rnd210048,2022-01-12T16:00:00+00:00,2022-01-18T08:00:00+00:00,3.675837,3.65688492857,20.0,-0.1031,,stop,34
IMXUSDT,rnd210048,2022-01-18T16:00:00+00:00,2022-01-21T00:00:00+00:00,3.567783,3.12818241207,20.0,-2.4643,,stop,14
IMXUSDT,rnd210048,2022-01-21T04:00:00+00:00,2022-01-21T20:00:00+00:00,3.117558,2.72976386386,20.0,-2.4878,,stop,4
IMXUSDT,rnd210048,2022-01-22T00:00:00+00:00,2022-01-22T04:00:00+00:00,2.7123555,2.26836360796,20.0,-3.2738,,stop,1
IMXUSDT,rnd210048,2022-01-22T08:00:00+00:00,2022-02-03T20:00:00+00:00,2.289144,3.36745828571,20.0,9.4211,,stop,75
IMXUSDT,rnd210048,2022-02-04T00:00:00+00:00,2022-02-08T12:00:00+00:00,3.385692,2.61497757143,20.0,-4.5528,,stop,27
IMXUSDT,rnd210048,2022-02-08T16:00:00+00:00,2022-02-17T20:00:00+00:00,2.6843415,2.12684897211,20.0,-4.1537,,stop,55
IMXUSDT,rnd210048,2022-02-18T00:00:00+00:00,2022-02-19T12:00:00+00:00,2.1260625,1.92277920089,20.0,-1.9123,,stop,9
IMXUSDT,rnd210048,2022-02-19T20:00:00+00:00,2022-02-21T12:00:00+00:00,1.952976,1.763343887,20.0,-1.942,,stop,10
IMXUSDT,rnd210048,2022-02-21T16:00:00+00:00,2022-02-21T20:00:00+00:00,1.816908,1.579867671,20.0,-2.6093,,stop,1
IMXUSDT,rnd210048,2022-02-22T00:00:00+00:00,2022-02-24T04:00:00+00:00,1.570785,1.32248128571,20.0,-3.1615,,stop,13
IMXUSDT,rnd210048,2022-02-24T08:00:00+00:00,2022-03-04T16:00:00+00:00,1.364682,1.305347,20.0,-0.8696,,stop,50
IMXUSDT,rnd210048,2022-03-04T20:00:00+00:00,2022-03-06T08:00:00+00:00,1.324662,1.16622145471,20.0,-2.3922,,stop,9
IMXUSDT,rnd210048,2022-03-06T12:00:00+00:00,2022-03-07T16:00:00+00:00,1.186593,1.5122435,20.0,5.4888,,stop,7
IMXUSDT,rnd210048,2022-03-07T20:00:00+00:00,2022-03-09T00:00:00+00:00,1.514757,1.45755657143,20.0,-0.7552,,stop,7
IMXUSDT,rnd210048,2022-03-09T04:00:00+00:00,2022-04-06T00:00:00+00:00,1.518759,2.20161292857,20.0,8.9923,,stop,167
IMXUSDT,rnd210048,2022-04-06T04:00:00+00:00,2022-04-06T12:00:00+00:00,2.2821405,2.01434710832,20.0,-2.3469,,stop,2
IMXUSDT,rnd210048,2022-04-06T16:00:00+00:00,2022-04-11T08:00:00+00:00,2.0740365,1.85592871429,20.0,-2.1032,,stop,28
IMXUSDT,rnd210048,2022-04-11T12:00:00+00:00,2022-04-18T04:00:00+00:00,1.8719355,1.64736140725,20.0,-2.3994,,stop,40
IMXUSDT,rnd210048,2022-04-18T08:00:00+00:00,2022-04-21T20:00:00+00:00,1.622811,1.88591371429,20.0,3.2426,,stop,21
IMXUSDT,rnd210048,2022-04-22T08:00:00+00:00,2022-04-25T00:00:00+00:00,1.912956,1.66622961129,20.0,-2.5795,,stop,16
IMXUSDT,rnd210048,2022-04-25T08:00:00+00:00,2022-04-29T08:00:00+00:00,1.614807,1.60905221429,20.0,-0.0713,,stop,24
IMXUSDT,rnd210048,2022-04-29T16:00:00+00:00,2022-04-30T20:00:00+00:00,1.5997995,1.43104790382,20.0,-2.1097,,stop,7
IMXUSDT,rnd210048,2022-05-01T00:00:00+00:00,2022-05-05T12:00:00+00:00,1.3576785,1.58163735714,20.0,3.2991,,stop,27
IMXUSDT,rnd210048,2022-05-05T16:00:00+00:00,2022-05-09T04:00:00+00:00,1.586793,1.3198827285,20.0,-3.3641,,stop,21
IMXUSDT,rnd210048,2022-05-09T08:00:00+00:00,2022-05-09T16:00:00+00:00,1.332666,1.18689368486,20.0,-2.1877,,stop,2
IMXUSDT,rnd210048,2022-05-10T00:00:00+00:00,2022-05-11T04:00:00+00:00,1.146573,1.10587535714,20.0,-0.7099,,stop,7
IMXUSDT,rnd210048,2022-05-11T08:00:00+00:00,2022-05-11T12:00:00+00:00,1.0855425,0.787469996607,20.0,-5.4917,,stop,1
IMXUSDT,rnd210048,2022-05-11T20:00:00+00:00,2022-10-10T20:00:00+00:00,0.8634315,0.700221142857,20.0,-3.7805,,stop,912
IMXUSDT,rnd210048,2022-10-11T00:00:00+00:00,2022-10-13T00:00:00+00:00,0.6913455,0.658694559393,20.0,-0.9446,,stop,12
IMXUSDT,rnd210048,2022-10-13T04:00:00+00:00,2022-10-13T08:00:00+00:00,0.6473235,0.625544214286,20.0,-0.6729,,stop,1
IMXUSDT,rnd210048,2022-10-13T12:00:00+00:00,2022-10-19T04:00:00+00:00,0.626313,0.600842285714,20.0,-0.8134,,stop,34
IMXUSDT,rnd210048,2022-10-19T08:00:00+00:00,2022-10-21T00:00:00+00:00,0.5952975,0.55626922625,20.0,-1.3112,,stop,10
IMXUSDT,rnd210048,2022-10-21T04:00:00+00:00,2022-10-28T00:00:00+00:00,0.5652825,0.572999071429,20.0,0.273,,stop,41
IMXUSDT,rnd210048,2022-10-28T04:00:00+00:00,2022-10-31T08:00:00+00:00,0.5792895,0.589562214286,20.0,0.3547,,stop,19
IMXUSDT,rnd210048,2022-10-31T12:00:00+00:00,2022-11-06T12:00:00+00:00,0.602301,0.633111857143,20.0,1.0231,,stop,36
IMXUSDT,rnd210048,2022-11-07T04:00:00+00:00,2022-11-08T16:00:00+00:00,0.606303,0.526218330643,20.0,-2.6417,,stop,9
IMXUSDT,rnd210048,2022-11-08T20:00:00+00:00,2022-11-09T20:00:00+00:00,0.506253,0.412475230643,20.0,-3.7048,,stop,6
IMXUSDT,rnd210048,2022-11-10T00:00:00+00:00,2023-02-05T12:00:00+00:00,0.402201,0.841864571429,20.0,21.8629,,stop,525
IMXUSDT,rnd210048,2023-02-05T16:00:00+00:00,2023-02-08T12:00:00+00:00,0.8854425,1.03890885714,20.0,3.4664,,stop,17
IMXUSDT,rnd210048,2023-02-08T16:00:00+00:00,2023-02-09T20:00:00+00:00,1.044522,0.881937953286,20.0,-3.1131,,stop,7
IMXUSDT,rnd210048,2023-02-10T04:00:00+00:00,2023-02-21T12:00:00+00:00,0.888444,0.974369714286,20.0,1.9343,,stop,68
IMXUSDT,rnd210048,2023-02-21T16:00:00+00:00,2023-02-25T20:00:00+00:00,0.98049,0.919397214286,20.0,-1.2462,,stop,25
IMXUSDT,rnd210048,2023-02-26T00:00:00+00:00,2023-03-02T12:00:00+00:00,0.9634815,0.966944857143,20.0,0.0719,,stop,27
IMXUSDT,rnd210048,2023-03-02T16:00:00+00:00,2023-03-08T16:00:00+00:00,0.974487,1.00064228571,20.0,0.5368,,stop,36
IMXUSDT,rnd210048,2023-03-08T20:00:00+00:00,2023-03-10T04:00:00+00:00,0.9674835,0.836529311821,20.0,-2.7071,,stop,8
IMXUSDT,rnd210048,2023-03-10T08:00:00+00:00,2023-03-15T12:00:00+00:00,0.8334165,1.06732321429,20.0,5.6132,,stop,31
IMXUSDT,rnd210048,2023-03-15T16:00:00+00:00,2023-03-22T20:00:00+00:00,1.084542,1.19397414286,20.0,2.018,,stop,43
IMXUSDT,rnd210048,2023-03-23T00:00:00+00:00,2023-04-21T16:00:00+00:00,1.1775885,0.954967920036,20.0,-3.781,,stop,178
IMXUSDT,rnd210048,2023-04-21T20:00:00+00:00,2023-04-26T20:00:00+00:00,0.92046,0.912257928571,20.0,-0.1782,,stop,30
IMXUSDT,rnd210048,2023-04-27T04:00:00+00:00,2023-05-01T16:00:00+00:00,0.9734865,0.934104142857,20.0,-0.8091,,stop,27
IMXUSDT,rnd210048,2023-05-01T20:00:00+00:00,2023-05-05T12:00:00+00:00,0.932466,0.875599409857,20.0,-1.2197,,stop,22
IMXUSDT,rnd210048,2023-05-05T20:00:00+00:00,2023-05-06T08:00:00+00:00,0.9034515,0.851418434964,20.0,-1.1519,,stop,3
IMXUSDT,rnd210048,2023-05-06T12:00:00+00:00,2023-05-08T00:00:00+00:00,0.8654325,0.814310855179,20.0,-1.1814,,stop,9
IMXUSDT,rnd210048,2023-05-08T04:00:00+00:00,2023-05-10T16:00:00+00:00,0.8014005,0.741386764036,20.0,-1.4977,,stop,15
IMXUSDT,rnd210048,2023-05-11T04:00:00+00:00,2023-06-05T16:00:00+00:00,0.7493745,0.729920571429,20.0,-0.5192,,stop,153
IMXUSDT,rnd210048,2023-06-05T20:00:00+00:00,2023-06-10T04:00:00+00:00,0.732366,0.667924727714,20.0,-1.7598,,stop,26
IMXUSDT,rnd210048,2023-06-10T08:00:00+00:00,2023-07-10T00:00:00+00:00,0.6033015,0.676518714286,20.0,2.4272,,stop,178
IMXUSDT,rnd210048,2023-07-10T04:00:00+00:00,2023-07-14T16:00:00+00:00,0.6893445,0.753051857143,20.0,1.8483,,stop,27
IMXUSDT,rnd210048,2023-07-15T04:00:00+00:00,2023-07-26T00:00:00+00:00,0.736368,0.695480657143,20.0,-1.1105,,stop,65
IMXUSDT,rnd210048,2023-07-26T04:00:00+00:00,2023-07-28T08:00:00+00:00,0.71065515,0.785949685714,20.0,2.119,,stop,13
IMXUSDT,rnd210048,2023-07-28T12:00:00+00:00,2023-07-30T20:00:00+00:00,0.79069515,0.732650070282,20.0,-1.4682,,stop,14
IMXUSDT,rnd210048,2023-07-31T00:00:00+00:00,2023-08-05T00:00:00+00:00,0.7515756,0.731005742857,20.0,-0.5474,,stop,30
IMXUSDT,rnd210048,2023-08-05T04:00:00+00:00,2023-08-12T20:00:00+00:00,0.73546755,0.705718392857,20.0,-0.809,,stop,46
IMXUSDT,rnd210048,2023-08-13T00:00:00+00:00,2023-08-13T20:00:00+00:00,0.70745355,0.692517832154,20.0,-0.4222,,stop,5
IMXUSDT,rnd210048,2023-08-14T00:00:00+00:00,2023-08-15T16:00:00+00:00,0.69204585,0.690840121429,20.0,-0.0348,,stop,10
IMXUSDT,rnd210048,2023-08-15T20:00:00+00:00,2023-08-16T20:00:00+00:00,0.6541269,0.615765291907,20.0,-1.1729,,stop,6
IMXUSDT,rnd210048,2023-08-17T00:00:00+00:00,2023-08-17T20:00:00+00:00,0.63461715,0.591178555711,20.0,-1.369,,stop,5
IMXUSDT,rnd210048,2023-08-18T00:00:00+00:00,2023-09-10T04:00:00+00:00,0.5898948,0.5223834776,20.0,-2.2889,,stop,139
IMXUSDT,rnd210048,2023-09-10T08:00:00+00:00,2023-09-11T00:00:00+00:00,0.52336155,0.502895690654,20.0,-0.7821,,stop,4
IMXUSDT,rnd210048,2023-09-11T08:00:00+00:00,2023-09-11T08:00:00+00:00,0.51475725,0.489940728518,20.0,-0.9642,,stop,0
IMXUSDT,rnd210048,2023-09-11T12:00:00+00:00,2023-09-21T04:00:00+00:00,0.4856427,0.721424821429,20.0,9.7101,,stop,58
IMXUSDT,rnd210048,2023-09-21T16:00:00+00:00,2023-09-24T12:00:00+00:00,0.6789393,0.584450499993,20.0,-2.7834,,stop,17
IMXUSDT,rnd210048,2023-09-24T20:00:00+00:00,2023-10-04T00:00:00+00:00,0.592296,0.55362305,20.0,-1.3059,,stop,55
IMXUSDT,rnd210048,2023-10-04T04:00:00+00:00,2023-10-09T08:00:00+00:00,0.56318145,0.528577743204,20.0,-1.2289,,stop,31
IMXUSDT,rnd210048,2023-10-09T20:00:00+00:00,2023-10-11T00:00:00+00:00,0.53916945,0.538102242857,20.0,-0.0396,,stop,7
IMXUSDT,rnd210048,2023-10-11T04:00:00+00:00,2023-10-18T00:00:00+00:00,0.5132565,0.517127021429,20.0,0.1508,,stop,41
IMXUSDT,rnd210048,2023-10-18T04:00:00+00:00,2023-10-31T12:00:00+00:00,0.5210604,0.634953792857,20.0,4.3716,,stop,80
IMXUSDT,rnd210048,2023-10-31T20:00:00+00:00,2023-11-05T12:00:00+00:00,0.65382675,0.9053471,20.0,7.6938,,stop,28
IMXUSDT,rnd210048,2023-11-05T16:00:00+00:00,2023-11-06T04:00:00+00:00,0.92896425,0.94262845,20.0,0.2942,,stop,3
IMXUSDT,rnd210048,2023-11-06T12:00:00+00:00,2023-12-11T00:00:00+00:00,0.9010503,1.70647490714,20.0,17.8775,,stop,207
IMXUSDT,rnd210048,2023-12-11T04:00:00+00:00,2023-12-18T04:00:00+00:00,1.91105505,1.86593799286,20.0,-0.4722,,stop,42
IMXUSDT,rnd210048,2023-12-18T08:00:00+00:00,2023-12-26T16:00:00+00:00,1.868934,2.23159792857,20.0,3.881,,stop,50
IMXUSDT,rnd210048,2023-12-26T20:00:00+00:00,2023-12-29T00:00:00+00:00,2.2729359,2.24439152857,20.0,-0.2512,,stop,13
IMXUSDT,rnd210048,2023-12-29T04:00:00+00:00,2023-12-31T00:00:00+00:00,2.3143566,2.1965012,20.0,-1.0185,,stop,11
LINKUSDT,rnd210048,2021-09-03T08:00:00+00:00,2021-09-07T08:00:00+00:00,29.77488,32.6131138571,20.0,1.9065,,stop,24
LINKUSDT,rnd210048,2021-09-07T16:00:00+00:00,2021-09-20T08:00:00+00:00,28.27413,23.9037564286,20.0,-3.0914,,stop,76
LINKUSDT,rnd210048,2021-09-21T08:00:00+00:00,2021-10-27T08:00:00+00:00,23.87193,28.9069678571,20.0,4.2184,,stop,216
LINKUSDT,rnd210048,2021-10-28T16:00:00+00:00,2021-11-10T20:00:00+00:00,30.165075,32.4194964286,20.0,1.4947,,stop,79
LINKUSDT,rnd210048,2021-11-11T16:00:00+00:00,2021-11-16T00:00:00+00:00,35.47773,31.0782545279,20.0,-2.4801,,stop,26
LINKUSDT,rnd210048,2021-11-17T16:00:00+00:00,2021-11-24T12:00:00+00:00,29.004495,25.7898079311,20.0,-2.2167,,stop,41
LINKUSDT,rnd210048,2021-11-29T16:00:00+00:00,2021-12-03T16:00:00+00:00,24.882435,24.0508257143,20.0,-0.6684,,stop,24
LINKUSDT,rnd210048,2021-12-04T00:00:00+00:00,2021-12-04T04:00:00+00:00,23.321655,21.2913611368,20.0,-1.7411,,stop,1
LINKUSDT,rnd210048,2021-12-04T16:00:00+00:00,2021-12-13T16:00:00+00:00,20.01,17.7625428571,20.0,-2.2463,,stop,54
LINKUSDT,rnd210048,2021-12-14T04:00:00+00:00,2021-12-28T12:00:00+00:00,18.009,21.5163792857,20.0,3.8951,,stop,86
LINKUSDT,rnd210048,2021-12-29T16:00:00+00:00,2022-01-05T20:00:00+00:00,20.73036,23.86806,20.0,3.0272,,stop,43
LINKUSDT,rnd210048,2022-01-07T04:00:00+00:00,2022-01-19T04:00:00+00:00,23.521755,21.5163792857,20.0,-1.7051,,stop,72
LINKUSDT,rnd210048,2022-01-20T04:00:00+00:00,2022-01-21T00:00:00+00:00,21.820905,19.8573999046,20.0,-1.7997,,stop,5
LINKUSDT,rnd210048,2022-01-25T08:00:00+00:00,2022-02-14T00:00:00+00:00,14.96748,15.4665485714,20.0,0.6669,,stop,118
LINKUSDT,rnd210048,2022-02-14T08:00:00+00:00,2022-02-17T16:00:00+00:00,15.66783,15.6107621429,20.0,-0.0728,,stop,20
LINKUSDT,rnd210048,2022-02-18T12:00:00+00:00,2022-02-20T04:00:00+00:00,15.64782,14.41560859,20.0,-1.5749,,stop,10
LINKUSDT,rnd210048,2022-02-23T00:00:00+00:00,2022-02-24T00:00:00+00:00,13.98699,12.3790116836,20.0,-2.2992,,stop,6
LINKUSDT,rnd210048,2022-02-25T04:00:00+00:00,2022-03-07T00:00:00+00:00,13.36668,13.1577035714,20.0,-0.3127,,stop,59
LINKUSDT,rnd210048,2022-03-09T04:00:00+00:00,2022-04-06T00:00:00+00:00,13.836915,16.1462085714,20.0,3.3379,,stop,167
LINKUSDT,rnd210048,2022-04-06T08:00:00+00:00,2022-04-06T16:00:00+00:00,16.558275,15.4309128268,20.0,-1.3617,,stop,2
LINKUSDT,rnd210048,2022-04-07T12:00:00+00:00,2022-04-11T08:00:00+00:00,15.8079,14.6184442643,20.0,-1.5049,,stop,23
LINKUSDT,rnd210048,2022-04-12T16:00:00+00:00,2022-04-25T00:00:00+00:00,14.037015,13.0483447068,20.0,-1.4087,,stop,74
LINKUSDT,rnd210048,2022-04-26T04:00:00+00:00,2022-04-26T16:00:00+00:00,13.34667,12.5564600579,20.0,-1.1841,,stop,3
LINKUSDT,rnd210048,2022-04-27T04:00:00+00:00,2022-04-30T16:00:00+00:00,12.52626,11.5847504414,20.0,-1.5033,,stop,21
LINKUSDT,rnd210048,2022-05-02T12:00:00+00:00,2022-05-05T16:00:00+00:00,10.90545,10.7731821429,20.0,-0.2426,,stop,19
LINKUSDT,rnd210048,2022-05-06T04:00:00+00:00,2022-05-07T20:00:00+00:00,10.98549,10.0269026121,20.0,-1.7452,,stop,10
LINKUSDT,rnd210048,2022-05-08T20:00:00+00:00,2022-05-09T08:00:00+00:00,10.235115,9.47680279964,20.0,-1.4818,,stop,3
LINKUSDT,rnd210048,2022-05-10T08:00:00+00:00,2022-05-11T12:00:00+00:00,8.814405,7.49636922607,20.0,-2.9906,,stop,7
LINKUSDT,rnd210048,2022-05-13T00:00:00+00:00,2022-06-12T00:00:00+00:00,6.573285,6.64810285714,20.0,0.2276,,stop,180
LINKUSDT,rnd210048,2022-06-13T08:00:00+00:00,2022-06-18T16:00:00+00:00,5.672835,5.54151357143,20.0,-0.463,,stop,32
LINKUSDT,rnd210048,2022-06-23T16:00:00+00:00,2022-06-29T16:00:00+00:00,6.773385,6.15549214286,20.0,-1.8245,,stop,36
LINKUSDT,rnd210048,2022-06-30T04:00:00+00:00,2022-07-13T12:00:00+00:00,6.2031,5.72285142857,20.0,-1.5484,,stop,80
LINKUSDT,rnd210048,2022-07-15T00:00:00+00:00,2022-07-21T00:00:00+00:00,6.2781375,6.80502435714,20.0,1.6785,,stop,36
LINKUSDT,rnd210048,2022-07-21T04:00:00+00:00,2022-07-26T12:00:00+00:00,6.715356,6.21731835714,20.0,-1.4833,,stop,32
LINKUSDT,rnd210048,2022-07-26T20:00:00+00:00,2022-08-02T00:00:00+00:00,6.14307,7.38659057143,20.0,4.0485,,stop,37
LINKUSDT,rnd210048,2022-08-04T00:00:00+00:00,2022-08-15T04:00:00+00:00,7.287642,8.53544442857,20.0,3.4244,,stop,67
LINKUSDT,rnd210048,2022-08-17T12:00:00+00:00,2022-08-18T20:00:00+00:00,8.4252105,7.79631039475,20.0,-1.4929,,stop,8
LINKUSDT,rnd210048,2022-08-20T04:00:00+00:00,2022-08-26T20:00:00+00:00,7.071534,6.45098546514,20.0,-1.7551,,stop,40
LINKUSDT,rnd210048,2022-08-27T00:00:00+00:00,2022-09-06T16:00:00+00:00,6.5042505,6.73920014286,20.0,0.7224,,stop,64
LINKUSDT,rnd210048,2022-09-07T04:00:00+00:00,2022-09-13T12:00:00+00:00,6.6363165,7.434281,20.0,2.4048,,stop,38
LINKUSDT,rnd210048,2022-09-14T16:00:00+00:00,2022-09-19T04:00:00+00:00,7.431714,7.08060078571,20.0,-0.9449,,stop,27
LINKUSDT,rnd210048,2022-09-19T08:00:00+00:00,2022-09-21T20:00:00+00:00,7.1725845,6.57411722561,20.0,-1.6688,,stop,15
LINKUSDT,rnd210048,2022-09-22T08:00:00+00:00,2022-09-29T12:00:00+00:00,6.8824395,7.59105971429,20.0,2.0592,,stop,43
LINKUSDT,rnd210048,2022-10-04T12:00:00+00:00,2022-10-11T00:00:00+00:00,7.685841,7.27964407143,20.0,-1.057,,stop,39
LINKUSDT,rnd210048,2022-10-14T04:00:00+00:00,2022-10-20T16:00:00+00:00,7.177587,6.6567569565,20.0,-1.4513,,stop,39
LINKUSDT,rnd210048,2022-10-20T20:00:00+00:00,2022-10-31T20:00:00+00:00,6.6983475,7.74541107143,20.0,3.1263,,stop,66
LINKUSDT,rnd210048,2022-11-03T04:00:00+00:00,2022-11-06T20:00:00+00:00,7.7388675,8.11679671429,20.0,0.9767,,stop,22
LINKUSDT,rnd210048,2022-11-09T08:00:00+00:00,2023-06-05T16:00:00+00:00,7.077537,6.04925957143,20.0,-2.9057,,stop,1250
LINKUSDT,rnd210048,2023-06-07T00:00:00+00:00,2023-06-07T12:00:00+00:00,6.2641305,5.98720682761,20.0,-0.8842,,stop,3
LINKUSDT,rnd210048,2023-06-08T00:00:00+00:00,2023-06-10T04:00:00+00:00,5.9219595,5.65038289525,20.0,-0.9172,,stop,13
LINKUSDT,rnd210048,2023-06-11T04:00:00+00:00,2023-07-16T20:00:00+00:00,5.1955965,6.5857055,20.0,5.3511,,stop,214
LINKUSDT,rnd210048,2023-07-23T08:00:00+00:00,2023-07-24T08:00:00+00:00,8.008002,7.50317710614,20.0,-1.2608,,stop,6
LINKUSDT,rnd210048,2023-07-24T12:00:00+00:00,2023-07-30T20:00:00+00:00,7.6048005,7.42271535714,20.0,-0.4789,,stop,38
LINKUSDT,rnd210048,2023-08-01T00:00:00+00:00,2023-08-01T00:00:00+00:00,7.553775,7.22533909464,20.0,-0.8696,,stop,0
LINKUSDT,rnd210048,2023-08-02T16:00:00+00:00,2023-08-03T20:00:00+00:00,7.4947455,7.09066268082,20.0,-1.0783,,stop,7
LINKUSDT,rnd210048,2023-08-04T12:00:00+00:00,2023-08-11T16:00:00+00:00,7.117557,7.41043578571,20.0,0.823,,stop,43
LINKUSDT,rnd210048,2023-08-13T04:00:00+00:00,2023-08-15T04:00:00+00:00,7.467732,7.32776285714,20.0,-0.3749,,stop,12
LINKUSDT,rnd210048,2023-08-16T20:00:00+00:00,2023-08-17T20:00:00+00:00,6.805401,6.45556446021,20.0,-1.0281,,stop,6
LINKUSDT,rnd210048,2023-08-18T00:00:00+00:00,2023-10-04T00:00:00+00:00,6.1900935,7.34404042857,20.0,3.7284,,stop,282
LINKUSDT,rnd210048,2023-10-04T04:00:00+00:00,2023-10-23T08:00:00+00:00,7.487742,10.0227004286,20.0,6.771,,stop,115
LINKUSDT,rnd210048,2023-10-25T16:00:00+00:00,2023-11-14T12:00:00+00:00,11.3566755,13.8313665714,20.0,4.3581,,stop,119
LINKUSDT,rnd210048,2023-11-14T20:00:00+00:00,2023-12-11T00:00:00+00:00,14.061027,14.5290175714,20.0,0.6657,,stop,157
LINKUSDT,rnd210048,2023-12-12T04:00:00+00:00,2023-12-29T16:00:00+00:00,14.9864895,15.402295,20.0,0.5549,,stop,105
PEPEUSDT,rnd210048,2023-05-08T08:00:00+00:00,2023-05-11T16:00:00+00:00,2.311155e-06,1.24981549393e-06,20.0,-9.1845,,stop,20
PEPEUSDT,rnd210048,2023-05-21T08:00:00+00:00,2023-05-22T12:00:00+00:00,1.72086e-06,1.51474510571e-06,20.0,-2.3955,,stop,7
PEPEUSDT,rnd210048,2023-06-04T20:00:00+00:00,2023-06-05T08:00:00+00:00,1.26063e-06,1.15291039929e-06,20.0,-1.709,,stop,3
PEPEUSDT,rnd210048,2023-06-07T08:00:00+00:00,2023-06-10T04:00:00+00:00,1.150575e-06,9.42960426786e-07,20.0,-3.6089,,stop,17
PEPEUSDT,rnd210048,2023-06-10T12:00:00+00:00,2023-06-24T12:00:00+00:00,9.4047e-07,1.529235e-06,20.0,12.5207,,stop,84
PEPEUSDT,rnd210048,2023-07-02T08:00:00+00:00,2023-07-06T20:00:00+00:00,1.54077e-06,1.55065285714e-06,20.0,0.1283,,stop,27
PEPEUSDT,rnd210048,2023-07-13T12:00:00+00:00,2023-07-14T16:00:00+00:00,1.510755e-06,1.71628428571e-06,20.0,2.7209,,stop,7
PEPEUSDT,rnd210048,2023-07-16T20:00:00+00:00,2023-07-24T08:00:00+00:00,1.58079e-06,1.36582103357e-06,20.0,-2.7198,,stop,45
PEPEUSDT,rnd210048,2023-07-27T16:00:00+00:00,2023-07-31T16:00:00+00:00,1.36068e-06,1.22256841e-06,20.0,-2.03,,stop,24
PEPEUSDT,rnd210048,2023-08-15T00:00:00+00:00,2023-08-15T16:00:00+00:00,1.4007e-06,1.25542911429e-06,20.0,-2.0743,,stop,4
PEPEUSDT,rnd210048,2023-08-17T20:00:00+00:00,2023-08-17T20:00:00+00:00,1.18059e-06,1.030074705e-06,20.0,-2.5498,,stop,0
PEPEUSDT,rnd210048,2023-08-20T20:00:00+00:00,2023-08-21T12:00:00+00:00,1.130565e-06,1.04075864607e-06,20.0,-1.5887,,stop,4
PEPEUSDT,rnd210048,2023-08-23T00:00:00+00:00,2023-08-24T20:00:00+00:00,1.070535e-06,9.78082142857e-07,20.0,-1.7272,,stop,11
PEPEUSDT,rnd210048,2023-08-25T08:00:00+00:00,2023-09-10T04:00:00+00:00,8.6043e-07,7.46769285714e-07,20.0,-2.642,,stop,95
PEPEUSDT,rnd210048,2023-09-16T20:00:00+00:00,2023-09-17T20:00:00+00:00,6.70335e-07,6.16455189643e-07,20.0,-1.6075,,stop,6
PEPEUSDT,rnd210048,2023-09-18T20:00:00+00:00,2023-09-24T04:00:00+00:00,6.30315e-07,6.53958571429e-07,20.0,0.7502,,stop,32
PEPEUSDT,rnd210048,2023-10-02T20:00:00+00:00,2023-10-09T08:00:00+00:00,7.4037e-07,6.40049815e-07,20.0,-2.71,,stop,39
PEPEUSDT,rnd210048,2023-10-11T04:00:00+00:00,2023-10-17T12:00:00+00:00,6.4032e-07,6.31112857143e-07,20.0,-0.2876,,stop,38
PEPEUSDT,rnd210048,2023-10-20T04:00:00+00:00,2023-10-24T00:00:00+00:00,6.4032e-07,9.49525e-07,20.0,9.6578,,stop,23
PEPEUSDT,rnd210048,2023-10-30T08:00:00+00:00,2023-11-03T00:00:00+00:00,1.130565e-06,1.03519642857e-06,20.0,-1.6871,,stop,22
PEPEUSDT,rnd210048,2023-11-04T04:00:00+00:00,2023-11-09T16:00:00+00:00,1.090545e-06,1.25080285714e-06,20.0,2.939,,stop,33
PEPEUSDT,rnd210048,2023-11-12T08:00:00+00:00,2023-11-21T12:00:00+00:00,1.270635e-06,1.08437825393e-06,20.0,-2.9317,,stop,55
PEPEUSDT,rnd210048,2023-11-28T16:00:00+00:00,2023-12-04T08:00:00+00:00,1.090545e-06,1.33076285714e-06,20.0,4.4055,,stop,34
PEPEUSDT,rnd210048,2023-12-05T00:00:00+00:00,2023-12-11T00:00:00+00:00,1.390695e-06,1.38073785714e-06,20.0,-0.1432,,stop,36
PEPEUSDT,rnd210048,2023-12-15T08:00:00+00:00,2023-12-18T08:00:00+00:00,1.390695e-06,1.20794786679e-06,20.0,-2.6281,,stop,18
PEPEUSDT,rnd210048,2023-12-29T08:00:00+00:00,2023-12-31T00:00:00+00:00,1.350675e-06,1.309345e-06,20.0,-0.612,,stop,10
SHIBUSDT,rnd210048,2021-09-04T04:00:00+00:00,2021-09-06T12:00:00+00:00,7.153575e-06,7.05647e-06,20.0,-0.2715,,stop,14
SHIBUSDT,rnd210048,2021-09-07T16:00:00+00:00,2021-09-08T20:00:00+00:00,5.70285e-06,6.9965e-06,20.0,4.5369,,stop,7
SHIBUSDT,rnd210048,2021-09-11T00:00:00+00:00,2021-09-19T08:00:00+00:00,7.0035e-06,7.46198142857e-06,20.0,1.3093,,stop,50
SHIBUSDT,rnd210048,2021-09-19T16:00:00+00:00,2021-09-21T00:00:00+00:00,7.533765e-06,6.73663e-06,20.0,-2.1162,,stop,8
SHIBUSDT,rnd210048,2021-09-21T04:00:00+00:00,2021-10-05T00:00:00+00:00,7.033515e-06,1.34389914286e-05,20.0,18.2142,,stop,83
SHIBUSDT,rnd210048,2021-10-06T08:00:00+00:00,2021-10-07T16:00:00+00:00,2.373186e-05,2.548725e-05,20.0,1.4794,,stop,8
SHIBUSDT,rnd210048,2021-10-10T00:00:00+00:00,2021-10-27T20:00:00+00:00,2.6703345e-05,7.34889514286e-05,20.0,35.041,,stop,107
SHIBUSDT,rnd210048,2021-10-29T12:00:00+00:00,2021-12-04T04:00:00+00:00,6.753375e-05,3.11110438393e-05,20.0,-10.7865,,stop,214
SHIBUSDT,rnd210048,2021-12-05T12:00:00+00:00,2021-12-20T04:00:00+00:00,3.7248615e-05,2.97016139068e-05,20.0,-4.0522,,stop,88
SHIBUSDT,rnd210048,2021-12-20T20:00:00+00:00,2021-12-24T20:00:00+00:00,3.1365675e-05,3.62432978571e-05,20.0,3.1102,,stop,24
SHIBUSDT,rnd210048,2021-12-25T04:00:00+00:00,2021-12-29T20:00:00+00:00,3.687843e-05,3.32348028571e-05,20.0,-1.976,,stop,28
SHIBUSDT,rnd210048,2021-12-30T12:00:00+00:00,2022-01-05T16:00:00+00:00,3.4187085e-05,3.12250361004e-05,20.0,-1.7328,,stop,37
SHIBUSDT,rnd210048,2022-01-11T08:00:00+00:00,2022-01-13T16:00:00+00:00,2.703351e-05,2.92939171429e-05,20.0,1.6723,,stop,14
SHIBUSDT,rnd210048,2022-01-14T04:00:00+00:00,2022-01-19T04:00:00+00:00,2.9984985e-05,2.73805885714e-05,20.0,-1.7371,,stop,30
SHIBUSDT,rnd210048,2022-01-20T16:00:00+00:00,2022-01-20T20:00:00+00:00,2.863431e-05,2.68066142736e-05,20.0,-1.2766,,stop,1
SHIBUSDT,rnd210048,2022-01-21T16:00:00+00:00,2022-01-21T20:00:00+00:00,2.5082535e-05,2.29103598039e-05,20.0,-1.732,,stop,1
SHIBUSDT,rnd210048,2022-01-22T04:00:00+00:00,2022-01-22T04:00:00+00:00,2.215107e-05,1.94181417864e-05,20.0,-2.4675,,stop,0
SHIBUSDT,rnd210048,2022-01-25T08:00:00+00:00,2022-02-11T20:00:00+00:00,2.0580285e-05,2.8255865e-05,20.0,7.4592,,stop,105
SHIBUSDT,rnd210048,2022-02-12T04:00:00+00:00,2022-02-20T00:00:00+00:00,2.891445e-05,2.6816585e-05,20.0,-1.4511,,stop,47
SHIBUSDT,rnd210048,2022-02-20T08:00:00+00:00,2022-02-22T00:00:00+00:00,2.577288e-05,2.33468921429e-05,20.0,-1.8826,,stop,10
SHIBUSDT,rnd210048,2022-02-22T16:00:00+00:00,2022-02-24T04:00:00+00:00,2.4762375e-05,2.19975671429e-05,20.0,-2.2331,,stop,9
SHIBUSDT,rnd210048,2022-02-25T16:00:00+00:00,2022-03-07T20:00:00+00:00,2.467233e-05,2.21760492857e-05,20.0,-2.0235,,stop,61
SHIBUSDT,rnd210048,2022-03-09T16:00:00+00:00,2022-03-10T12:00:00+00:00,2.4322155e-05,2.23966653511e-05,20.0,-1.5833,,stop,5
SHIBUSDT,rnd210048,2022-03-11T08:00:00+00:00,2022-03-20T12:00:00+00:00,2.2521255e-05,2.30356192857e-05,20.0,0.4568,,stop,55
SHIBUSDT,rnd210048,2022-03-22T12:00:00+00:00,2022-03-28T20:00:00+00:00,2.3881935e-05,2.71949671429e-05,20.0,2.7745,,stop,38
SHIBUSDT,rnd210048,2022-03-30T04:00:00+00:00,2022-04-08T20:00:00+00:00,2.7163575e-05,2.35517932125e-05,20.0,-2.6593,,stop,58
SHIBUSDT,rnd210048,2022-04-09T20:00:00+00:00,2022-04-11T08:00:00+00:00,2.417208e-05,2.33197628571e-05,20.0,-0.7052,,stop,9
SHIBUSDT,rnd210048,2022-04-12T00:00:00+00:00,2022-04-12T16:00:00+00:00,2.2181085e-05,2.6776605e-05,20.0,4.1436,,stop,4
SHIBUSDT,rnd210048,2022-04-13T12:00:00+00:00,2022-04-29T08:00:00+00:00,2.629314e-05,2.22534362871e-05,20.0,-3.0728,,stop,95
SHIBUSDT,rnd210048,2022-05-01T04:00:00+00:00,2022-05-07T20:00:00+00:00,2.051025e-05,1.91290021429e-05,20.0,-1.3469,,stop,40
SHIBUSDT,rnd210048,2022-05-08T16:00:00+00:00,2022-05-09T04:00:00+00:00,1.8759375e-05,1.75737979911e-05,20.0,-1.264,,stop,3
SHIBUSDT,rnd210048,2022-05-10T12:00:00+00:00,2022-05-11T08:00:00+00:00,1.752876e-05,1.467142062e-05,20.0,-3.2602,,stop,5
SHIBUSDT,rnd210048,2022-05-11T16:00:00+00:00,2022-06-12T00:00:00+00:00,1.332666e-05,8.99001988429e-06,20.0,-6.5082,,stop,188
SHIBUSDT,rnd210048,2022-06-13T20:00:00+00:00,2022-06-22T00:00:00+00:00,8.22411e-06,9.65802571429e-06,20.0,3.4871,,stop,49
SHIBUSDT,rnd210048,2022-06-24T12:00:00+00:00,2022-07-26T00:00:00+00:00,1.084542e-05,1.05161678571e-05,20.0,-0.6072,,stop,189
SHIBUSDT,rnd210048,2022-07-27T00:00:00+00:00,2022-08-02T00:00:00+00:00,1.0875435e-05,1.151424e-05,20.0,1.1748,,stop,36
SHIBUSDT,rnd210048,2022-08-02T12:00:00+00:00,2022-08-14T20:00:00+00:00,1.1775885e-05,1.63289742857e-05,20.0,7.7329,,stop,74
SHIBUSDT,rnd210048,2022-08-16T04:00:00+00:00,2022-08-19T00:00:00+00:00,1.5917955e-05,1.30114460225e-05,20.0,-3.6519,,stop,17
SHIBUSDT,rnd210048,2022-08-20T00:00:00+00:00,2022-08-26T20:00:00+00:00,1.316658e-05,1.24509142857e-05,20.0,-1.0871,,stop,41
SHIBUSDT,rnd210048,2022-08-28T08:00:00+00:00,2022-09-13T12:00:00+00:00,1.2376185e-05,1.21924721429e-05,20.0,-0.2969,,stop,97
SHIBUSDT,rnd210048,2022-09-14T20:00:00+00:00,2022-09-18T20:00:00+00:00,1.210605e-05,1.11486871536e-05,20.0,-1.5816,,stop,24
SHIBUSDT,rnd210048,2022-09-19T04:00:00+00:00,2022-09-25T20:00:00+00:00,1.0695345e-05,1.09502364286e-05,20.0,0.4766,,stop,40
SHIBUSDT,rnd210048,2022-09-27T04:00:00+00:00,2022-10-10T20:00:00+00:00,1.136568e-05,1.05800301957e-05,20.0,-1.3825,,stop,82
SHIBUSDT,rnd210048,2022-10-11T08:00:00+00:00,2022-10-13T04:00:00+00:00,1.0295145e-05,9.75098135607e-06,20.0,-1.0571,,stop,11
SHIBUSDT,rnd210048,2022-10-14T00:00:00+00:00,2022-10-19T20:00:00+00:00,1.038519e-05,9.605384905e-06,20.0,-1.5018,,stop,35
SHIBUSDT,rnd210048,2022-10-20T00:00:00+00:00,2022-10-27T08:00:00+00:00,9.854925e-06,1.10601814286e-05,20.0,2.446,,stop,44
SHIBUSDT,rnd210048,2022-10-27T12:00:00+00:00,2022-10-29T16:00:00+00:00,1.0895445e-05,1.31748378571e-05,20.0,4.1841,,stop,13
SHIBUSDT,rnd210048,2022-10-30T00:00:00+00:00,2022-11-08T04:00:00+00:00,1.2916455e-05,1.06789699868e-05,20.0,-3.4645,,stop,55
SHIBUSDT,rnd210048,2022-11-09T00:00:00+00:00,2022-11-09T20:00:00+00:00,1.018509e-05,8.705734955e-06,20.0,-2.9049,,stop,5
SHIBUSDT,rnd210048,2022-11-10T12:00:00+00:00,2022-12-28T04:00:00+00:00,9.694845e-06,7.86412525607e-06,20.0,-3.7767,,stop,286
SHIBUSDT,rnd210048,2022-12-31T16:00:00+00:00,2023-01-06T04:00:00+00:00,8.14407e-06,8.24301928571e-06,20.0,0.243,,stop,33
SHIBUSDT,rnd210048,2023-01-06T12:00:00+00:00,2023-01-11T00:00:00+00:00,8.22411e-06,8.89983357143e-06,20.0,1.6433,,stop,27
SHIBUSDT,rnd210048,2023-01-12T00:00:00+00:00,2023-01-14T08:00:00+00:00,9.12456e-06,9.60376714286e-06,20.0,1.0504,,stop,14
SHIBUSDT,rnd210048,2023-01-14T20:00:00+00:00,2023-01-18T16:00:00+00:00,1.030515e-05,1.10687485714e-05,20.0,1.482,,stop,23
SHIBUSDT,rnd210048,2023-01-19T12:00:00+00:00,2023-02-09T00:00:00+00:00,1.1115555e-05,1.33718821429e-05,20.0,4.0598,,stop,123
SHIBUSDT,rnd210048,2023-02-10T00:00:00+00:00,2023-02-25T16:00:00+00:00,1.2156075e-05,1.21881885714e-05,20.0,0.0528,,stop,94
SHIBUSDT,rnd210048,2023-02-26T12:00:00+00:00,2023-02-28T20:00:00+00:00,1.248624e-05,1.20225571429e-05,20.0,-0.7427,,stop,14
SHIBUSDT,rnd210048,2023-03-01T00:00:00+00:00,2023-03-03T00:00:00+00:00,1.2016005e-05,1.14556978571e-05,20.0,-0.9326,,stop,12
SHIBUSDT,rnd210048,2023-03-03T20:00:00+00:00,2023-03-09T16:00:00+00:00,1.128564e-05,1.05035998586e-05,20.0,-1.3859,,stop,35
SHIBUSDT,rnd210048,2023-03-10T00:00:00+00:00,2023-03-15T16:00:00+00:00,1.0075035e-05,1.02234571429e-05,20.0,0.2946,,stop,34
SHIBUSDT,rnd210048,2023-03-17T00:00:00+00:00,2023-04-20T16:00:00+00:00,1.050525e-05,1.043478e-05,20.0,-0.1342,,stop,208
SHIBUSDT,rnd210048,2023-04-20T20:00:00+00:00,2023-04-26T20:00:00+00:00,1.06053e-05,9.91998038571e-06,20.0,-1.2924,,stop,36
SHIBUSDT,rnd210048,2023-04-27T04:00:00+00:00,2023-05-01T16:00:00+00:00,1.028514e-05,9.77846260857e-06,20.0,-0.9853,,stop,27
SHIBUSDT,rnd210048,2023-05-02T16:00:00+00:00,2023-05-06T08:00:00+00:00,9.954975e-06,9.64945857143e-06,20.0,-0.6138,,stop,22
SHIBUSDT,rnd210048,2023-05-07T04:00:00+00:00,2023-05-08T00:00:00+00:00,9.394695e-06,8.95093158107e-06,20.0,-0.9447,,stop,5
SHIBUSDT,rnd210048,2023-05-08T04:00:00+00:00,2023-05-08T16:00:00+00:00,9.06453e-06,8.547753985e-06,20.0,-1.1402,,stop,3
SHIBUSDT,rnd210048,2023-05-12T00:00:00+00:00,2023-05-24T12:00:00+00:00,8.68434e-06,8.40722285714e-06,20.0,-0.6382,,stop,75
SHIBUSDT,rnd210048,2023-05-26T16:00:00+00:00,2023-05-31T12:00:00+00:00,8.514255e-06,8.38437714286e-06,20.0,-0.3051,,stop,29
SHIBUSDT,rnd210048,2023-06-01T04:00:00+00:00,2023-06-05T12:00:00+00:00,8.534265e-06,8.17838804607e-06,20.0,-0.834,,stop,26
SHIBUSDT,rnd210048,2023-06-08T12:00:00+00:00,2023-06-10T00:00:00+00:00,7.94397e-06,7.60088194357e-06,20.0,-0.8638,,stop,9
SHIBUSDT,rnd210048,2023-06-10T16:00:00+00:00,2023-06-28T16:00:00+00:00,6.56328e-06,7.15356428571e-06,20.0,1.7987,,stop,108
SHIBUSDT,rnd210048,2023-06-29T04:00:00+00:00,2023-07-06T12:00:00+00:00,7.253625e-06,7.15356428571e-06,20.0,-0.2759,,stop,44
SHIBUSDT,rnd210048,2023-07-06T16:00:00+00:00,2023-07-14T16:00:00+00:00,7.313655e-06,7.766115e-06,20.0,1.2373,,stop,48
SHIBUSDT,rnd210048,2023-07-15T00:00:00+00:00,2023-08-06T04:00:00+00:00,7.993995e-06,9.50667285714e-06,20.0,3.7845,,stop,133
SHIBUSDT,rnd210048,2023-08-10T16:00:00+00:00,2023-08-13T20:00:00+00:00,9.92496e-06,1.01292185714e-05,20.0,0.4116,,stop,19
SHIBUSDT,rnd210048,2023-08-15T16:00:00+00:00,2023-08-15T16:00:00+00:00,1.0395195e-05,9.73318311679e-06,20.0,-1.2737,,stop,0
SHIBUSDT,rnd210048,2023-08-16T00:00:00+00:00,2023-08-16T20:00:00+00:00,9.94497e-06,9.102916265e-06,20.0,-1.6934,,stop,5
SHIBUSDT,rnd210048,2023-08-17T20:00:00+00:00,2023-08-17T20:00:00+00:00,8.70435e-06,7.60411746786e-06,20.0,-2.528,,stop,0
SHIBUSDT,rnd210048,2023-08-19T04:00:00+00:00,2023-09-10T04:00:00+00:00,8.514255e-06,7.38199072964e-06,20.0,-2.6597,,stop,132
SHIBUSDT,rnd210048,2023-09-12T16:00:00+00:00,2023-10-04T00:00:00+00:00,7.24362e-06,7.07788785714e-06,20.0,-0.4576,,stop,128
SHIBUSDT,rnd210048,2023-10-04T12:00:00+00:00,2023-10-09T08:00:00+00:00,7.22361e-06,6.95227498071e-06,20.0,-0.7512,,stop,29
SHIBUSDT,rnd210048,2023-10-09T20:00:00+00:00,2023-10-17T12:00:00+00:00,6.913455e-06,6.91939571429e-06,20.0,0.0172,,stop,46
SHIBUSDT,rnd210048,2023-10-18T20:00:00+00:00,2023-10-24T12:00:00+00:00,6.793395e-06,7.31776785714e-06,20.0,1.5438,,stop,34
SHIBUSDT,rnd210048,2023-10-24T20:00:00+00:00,2023-11-09T16:00:00+00:00,7.373685e-06,7.93603e-06,20.0,1.5253,,stop,95
SHIBUSDT,rnd210048,2023-11-12T00:00:00+00:00,2023-11-14T16:00:00+00:00,9.094545e-06,8.12976379893e-06,20.0,-2.1217,,stop,16
SHIBUSDT,rnd210048,2023-11-20T00:00:00+00:00,2023-11-21T12:00:00+00:00,8.674335e-06,8.18631122536e-06,20.0,-1.1252,,stop,9
SHIBUSDT,rnd210048,2023-11-21T20:00:00+00:00,2023-12-04T08:00:00+00:00,8.054025e-06,8.85985357143e-06,20.0,2.0011,,stop,75
SHIBUSDT,rnd210048,2023-12-04T20:00:00+00:00,2023-12-07T08:00:00+00:00,8.90445e-06,9.40101142857e-06,20.0,1.1153,,stop,15
SHIBUSDT,rnd210048,2023-12-11T04:00:00+00:00,2023-12-17T08:00:00+00:00,9.90495e-06,1.05418692857e-05,20.0,1.2861,,stop,37
SHIBUSDT,rnd210048,2023-12-18T12:00:00+00:00,2023-12-31T00:00:00+00:00,9.84492e-06,1.041479e-05,20.0,1.1577,,stop,75
SOLUSDT,rnd210048,2021-09-03T08:00:00+00:00,2021-09-07T12:00:00+00:00,144.742335,166.907932857,20.0,3.0628,,stop,25
SOLUSDT,rnd210048,2021-09-07T16:00:00+00:00,2021-09-13T00:00:00+00:00,169.14453,164.726167143,20.0,-0.5224,,stop,32
SOLUSDT,rnd210048,2021-09-13T04:00:00+00:00,2021-09-17T08:00:00+00:00,155.027475,135.943422857,20.0,-2.462,,stop,25
SOLUSDT,rnd210048,2021-09-17T12:00:00+00:00,2021-09-20T04:00:00+00:00,138.90942,140.454023571,20.0,0.2224,,stop,16
SOLUSDT,rnd210048,2021-09-20T08:00:00+00:00,2021-09-21T20:00:00+00:00,139.24959,119.018622348,20.0,-2.9057,,stop,9
SOLUSDT,rnd210048,2021-09-22T00:00:00+00:00,2021-11-16T08:00:00+00:00,124.36215,217.342702857,20.0,14.9532,,stop,332
SOLUSDT,rnd210048,2021-11-16T12:00:00+00:00,2021-11-18T08:00:00+00:00,225.042465,208.357876803,20.0,-1.4828,,stop,11
SOLUSDT,rnd210048,2021-11-18T12:00:00+00:00,2021-11-18T16:00:00+00:00,208.00395,187.536920346,20.0,-1.9679,,stop,1
SOLUSDT,rnd210048,2021-11-18T20:00:00+00:00,2021-11-24T16:00:00+00:00,200.310105,204.489132857,20.0,0.4173,,stop,35
SOLUSDT,rnd210048,2021-11-24T20:00:00+00:00,2021-11-26T12:00:00+00:00,202.16103,182.841390714,20.0,-1.9113,,stop,10
SOLUSDT,rnd210048,2021-11-26T16:00:00+00:00,2021-12-03T20:00:00+00:00,192.826365,208.312934286,20.0,1.6063,,stop,43
SOLUSDT,rnd210048,2021-12-04T00:00:00+00:00,2021-12-04T04:00:00+00:00,211.755825,183.658592623,20.0,-2.6537,,stop,1
SOLUSDT,rnd210048,2021-12-04T08:00:00+00:00,2021-12-13T12:00:00+00:00,193.13652,160.088578526,20.0,-3.4222,,stop,55
SOLUSDT,rnd210048,2021-12-13T16:00:00+00:00,2021-12-17T12:00:00+00:00,158.23908,168.909788571,20.0,1.3487,,stop,23
SOLUSDT,rnd210048,2021-12-17T16:00:00+00:00,2021-12-29T12:00:00+00:00,176.638275,172.983465,20.0,-0.4138,,stop,71
SOLUSDT,rnd210048,2021-12-29T16:00:00+00:00,2022-01-05T16:00:00+00:00,176.50821,161.263252324,20.0,-1.7274,,stop,42
SOLUSDT,rnd210048,2022-01-05T20:00:00+00:00,2022-01-05T20:00:00+00:00,158.769345,148.777062113,20.0,-1.2587,,stop,0
SOLUSDT,rnd210048,2022-01-06T00:00:00+00:00,2022-01-07T00:00:00+00:00,154.55724,142.794735487,20.0,-1.5221,,stop,6
SOLUSDT,rnd210048,2022-01-07T04:00:00+00:00,2022-01-18T12:00:00+00:00,139.699815,134.766868571,20.0,-0.7062,,stop,68
SOLUSDT,rnd210048,2022-01-18T16:00:00+00:00,2022-01-20T20:00:00+00:00,136.738335,130.433322143,20.0,-0.9222,,stop,13
SOLUSDT,rnd210048,2022-01-21T00:00:00+00:00,2022-01-21T12:00:00+00:00,127.60377,116.158161865,20.0,-1.7939,,stop,3
SOLUSDT,rnd210048,2022-01-21T16:00:00+00:00,2022-01-21T20:00:00+00:00,121.970955,109.821373987,20.0,-1.9922,,stop,1
SOLUSDT,rnd210048,2022-01-22T00:00:00+00:00,2022-01-22T08:00:00+00:00,112.29612,97.3081558686,20.0,-2.6694,,stop,2
SOLUSDT,rnd210048,2022-01-22T12:00:00+00:00,2022-02-18T12:00:00+00:00,98.739345,90.384785,20.0,-1.6922,,stop,162
SOLUSDT,rnd210048,2022-02-18T16:00:00+00:00,2022-02-22T00:00:00+00:00,90.995475,82.47874,20.0,-1.8719,,stop,20
SOLUSDT,rnd210048,2022-02-22T04:00:00+00:00,2022-02-24T00:00:00+00:00,81.690825,76.5788342857,20.0,-1.2515,,stop,11
SOLUSDT,rnd210048,2022-02-24T04:00:00+00:00,2022-03-04T16:00:00+00:00,77.588775,90.0278207143,20.0,3.2064,,stop,51
SOLUSDT,rnd210048,2022-03-04T20:00:00+00:00,2022-03-07T16:00:00+00:00,88.754355,80.0178974654,20.0,-1.9687,,stop,17
SOLUSDT,rnd210048,2022-03-07T20:00:00+00:00,2022-03-13T20:00:00+00:00,80.38017,78.9119528571,20.0,-0.3653,,stop,36
SOLUSDT,rnd210048,2022-03-14T00:00:00+00:00,2022-03-18T08:00:00+00:00,78.75936,85.0688728571,20.0,1.6022,,stop,26
SOLUSDT,rnd210048,2022-03-18T12:00:00+00:00,2022-04-01T00:00:00+00:00,85.012485,120.154178571,20.0,8.2674,,stop,81
SOLUSDT,rnd210048,2022-04-01T04:00:00+00:00,2022-04-06T00:00:00+00:00,122.010975,122.280257857,20.0,0.0441,,stop,29
SOLUSDT,rnd210048,2022-04-06T04:00:00+00:00,2022-04-07T00:00:00+00:00,123.76185,111.659563718,20.0,-1.9557,,stop,5
SOLUSDT,rnd210048,2022-04-07T04:00:00+00:00,2022-04-11T16:00:00+00:00,113.83689,100.88953,20.0,-2.2747,,stop,27
SOLUSDT,rnd210048,2022-04-12T00:00:00+00:00,2022-04-18T08:00:00+00:00,99.68982,94.81257,20.0,-0.9785,,stop,38
SOLUSDT,rnd210048,2022-04-18T12:00:00+00:00,2022-04-21T20:00:00+00:00,96.82839,101.554911429,20.0,0.9763,,stop,20
SOLUSDT,rnd210048,2022-04-22T00:00:00+00:00,2022-04-29T16:00:00+00:00,101.83089,94.1784200907,20.0,-1.503,,stop,46
SOLUSDT,rnd210048,2022-04-29T20:00:00+00:00,2022-04-30T20:00:00+00:00,92.976465,86.9365464104,20.0,-1.2992,,stop,6
SOLUSDT,rnd210048,2022-05-01T00:00:00+00:00,2022-05-05T12:00:00+00:00,84.672315,84.6533664286,20.0,-0.0045,,stop,27
SOLUSDT,rnd210048,2022-05-05T16:00:00+00:00,2022-05-07T20:00:00+00:00,84.992475,78.3229367982,20.0,-1.5694,,stop,13
SOLUSDT,rnd210048,2022-05-08T00:00:00+00:00,2022-05-09T08:00:00+00:00,78.89943,72.9397276064,20.0,-1.5107,,stop,8
SOLUSDT,rnd210048,2022-05-09T12:00:00+00:00,2022-05-09T16:00:00+00:00,72.27612,65.6593453329,20.0,-1.831,,stop,1
SOLUSDT,rnd210048,2022-05-09T20:00:00+00:00,2022-05-11T04:00:00+00:00,65.17257,61.2507878571,20.0,-1.2035,,stop,8
SOLUSDT,rnd210048,2022-05-11T08:00:00+00:00,2022-05-11T12:00:00+00:00,62.6313,49.3512548857,20.0,-4.2407,,stop,1
SOLUSDT,rnd210048,2022-05-11T16:00:00+00:00,2022-05-12T04:00:00+00:00,55.54776,39.5708218343,20.0,-5.7525,,stop,3
SOLUSDT,rnd210048,2022-05-12T08:00:00+00:00,2022-06-13T00:00:00+00:00,44.72235,29.9036121429,20.0,-6.627,,stop,190
SOLUSDT,rnd210048,2022-06-13T04:00:00+00:00,2022-06-18T08:00:00+00:00,28.85442,28.0002785714,20.0,-0.592,,stop,31
SOLUSDT,rnd210048,2022-06-18T12:00:00+00:00,2022-06-28T20:00:00+00:00,30.015,35.3251857143,20.0,3.5384,,stop,62
SOLUSDT,rnd210048,2022-06-29T00:00:00+00:00,2022-06-30T08:00:00+00:00,35.35767,31.3991054507,20.0,-2.2392,,stop,8
SOLUSDT,rnd210048,2022-06-30T12:00:00+00:00,2022-07-11T20:00:00+00:00,31.69584,33.5889114286,20.0,1.1945,,stop,68
SOLUSDT,rnd210048,2022-07-12T00:00:00+00:00,2022-07-20T16:00:00+00:00,33.43671,43.4297028571,20.0,5.9773,,stop,52
SOLUSDT,rnd210048,2022-07-20T20:00:00+00:00,2022-07-25T00:00:00+00:00,43.24161,37.7762838379,20.0,-2.5278,,stop,25
SOLUSDT,rnd210048,2022-07-25T04:00:00+00:00,2022-08-01T16:00:00+00:00,38.09904,41.0009178571,20.0,1.5233,,stop,45
SOLUSDT,rnd210048,2022-08-01T20:00:00+00:00,2022-08-17T12:00:00+00:00,41.12055,41.4678271429,20.0,0.1689,,stop,94
SOLUSDT,rnd210048,2022-08-17T16:00:00+00:00,2022-08-19T00:00:00+00:00,41.130555,37.9080200796,20.0,-1.567,,stop,8
SOLUSDT,rnd210048,2022-08-19T04:00:00+00:00,2022-08-19T04:00:00+00:00,38.329155,35.3739591725,20.0,-1.542,,stop,0
SOLUSDT,rnd210048,2022-08-19T08:00:00+00:00,2022-08-26T12:00:00+00:00,36.668325,33.2695390518,20.0,-1.8538,,stop,43
SOLUSDT,rnd210048,2022-08-26T16:00:00+00:00,2022-08-27T16:00:00+00:00,33.306645,30.8822675704,20.0,-1.4558,,stop,6
SOLUSDT,rnd210048,2022-08-27T20:00:00+00:00,2022-09-13T12:00:00+00:00,31.345665,34.972505,20.0,2.3141,,stop,100
SOLUSDT,rnd210048,2022-09-13T16:00:00+00:00,2022-09-18T20:00:00+00:00,34.75737,31.0811073864,20.0,-2.1154,,stop,31
SOLUSDT,rnd210048,2022-09-19T00:00:00+00:00,2022-09-21T20:00:00+00:00,31.11555,30.5589985714,20.0,-0.3577,,stop,17
SOLUSDT,rnd210048,2022-09-22T00:00:00+00:00,2022-10-11T00:00:00+00:00,30.665325,31.3229021429,20.0,0.4289,,stop,114
SOLUSDT,rnd210048,2022-10-11T04:00:00+00:00,2022-10-13T04:00:00+00:00,31.37568,30.2373394814,20.0,-0.7256,,stop,12
SOLUSDT,rnd210048,2022-10-13T08:00:00+00:00,2022-10-13T12:00:00+00:00,29.744865,28.2021854246,20.0,-1.0373,,stop,1
SOLUSDT,rnd210048,2022-10-13T16:00:00+00:00,2022-10-19T20:00:00+00:00,29.684835,28.7427642857,20.0,-0.6347,,stop,37
SOLUSDT,rnd210048,2022-10-20T00:00:00+00:00,2022-10-21T08:00:00+00:00,28.87443,27.435705285,20.0,-0.9965,,stop,8
SOLUSDT,rnd210048,2022-10-21T12:00:00+00:00,2022-11-02T00:00:00+00:00,27.503745,32.053965,20.0,3.3088,,stop,69
SOLUSDT,rnd210048,2022-11-02T04:00:00+00:00,2022-11-02T20:00:00+00:00,32.27613,30.3520178279,20.0,-1.1923,,stop,4
SOLUSDT,rnd210048,2022-11-03T00:00:00+00:00,2022-11-06T00:00:00+00:00,30.825405,35.8834778571,20.0,3.2818,,stop,18
SOLUSDT,rnd210048,2022-11-06T04:00:00+00:00,2022-11-06T20:00:00+00:00,36.028005,32.5099561761,20.0,-1.953,,stop,4
SOLUSDT,rnd210048,2022-11-07T00:00:00+00:00,2022-11-07T20:00:00+00:00,32.626305,29.0367793475,20.0,-2.2004,,stop,5
SOLUSDT,rnd210048,2022-11-08T00:00:00+00:00,2022-11-08T04:00:00+00:00,29.63481,25.4952702736,20.0,-2.7937,,stop,1
SOLUSDT,rnd210048,2022-11-08T08:00:00+00:00,2022-11-08T16:00:00+00:00,27.963975,23.2005831911,20.0,-3.4068,,stop,2
SOLUSDT,rnd210048,2022-11-08T20:00:00+00:00,2022-11-09T08:00:00+00:00,23.781885,16.8573806646,20.0,-5.8233,,stop,3
SOLUSDT,rnd210048,2022-11-09T16:00:00+00:00,2023-06-10T04:00:00+00:00,16.08804,13.1591314286,20.0,-3.6411,,stop,1275
SOLUSDT,rnd210048,2023-06-10T08:00:00+00:00,2023-07-14T04:00:00+00:00,14.42721,28.52573,20.0,19.5443,,stop,203
SOLUSDT,rnd210048,2023-07-14T08:00:00+00:00,2023-07-14T20:00:00+00:00,28.724355,25.3670222868,20.0,-2.3376,,stop,3
SOLUSDT,rnd210048,2023-07-15T00:00:00+00:00,2023-08-05T16:00:00+00:00,26.683335,22.2704085111,20.0,-3.3076,,stop,130
SOLUSDT,rnd210048,2023-08-05T20:00:00+00:00,2023-08-16T00:00:00+00:00,22.601295,23.6710157143,20.0,0.9466,,stop,61
SOLUSDT,rnd210048,2023-08-16T04:00:00+00:00,2023-08-16T20:00:00+00:00,23.701845,22.5405690775,20.0,-0.9799,,stop,4
SOLUSDT,rnd210048,2023-08-17T00:00:00+00:00,2023-08-17T20:00:00+00:00,22.83141,21.4117701879,20.0,-1.2436,,stop,5
SOLUSDT,rnd210048,2023-08-18T00:00:00+00:00,2023-08-22T20:00:00+00:00,21.680835,19.6602856539,20.0,-1.8639,,stop,29
SOLUSDT,rnd210048,2023-08-23T00:00:00+00:00,2023-08-31T16:00:00+00:00,20.600295,20.0028507143,20.0,-0.58,,stop,52
SOLUSDT,rnd210048,2023-08-31T20:00:00+00:00,2023-09-10T04:00:00+00:00,19.839915,18.4182012925,20.0,-1.4332,,stop,56
SOLUSDT,rnd210048,2023-09-10T08:00:00+00:00,2023-09-10T12:00:00+00:00,18.52926,17.78286412,20.0,-0.8056,,stop,1
SOLUSDT,rnd210048,2023-09-10T16:00:00+00:00,2023-09-11T08:00:00+00:00,18.22911,17.4382436593,20.0,-0.8677,,stop,4
SOLUSDT,rnd210048,2023-09-11T12:00:00+00:00,2023-09-26T20:00:00+00:00,17.678835,18.91054,20.0,1.3934,,stop,92
SOLUSDT,rnd210048,2023-09-27T00:00:00+00:00,2023-10-01T12:00:00+00:00,19.039515,22.958515,20.0,4.1167,,stop,27
SOLUSDT,rnd210048,2023-10-01T16:00:00+00:00,2023-10-09T08:00:00+00:00,23.101545,22.5030285714,20.0,-0.5182,,stop,46
SOLUSDT,rnd210048,2023-10-09T12:00:00+00:00,2023-10-12T16:00:00+00:00,22.19109,21.0983926693,20.0,-0.9848,,stop,19
SOLUSDT,rnd210048,2023-10-12T20:00:00+00:00,2023-10-22T04:00:00+00:00,21.23061,28.6213964286,20.0,6.9624,,stop,56
SOLUSDT,rnd210048,2023-10-22T08:00:00+00:00,2023-11-01T20:00:00+00:00,28.824405,41.979,20.0,9.1274,,stop,63
SOLUSDT,rnd210048,2023-11-02T00:00:00+00:00,2023-11-11T20:00:00+00:00,41.18058,56.3446707143,20.0,7.3647,,stop,59
SOLUSDT,rnd210048,2023-11-12T00:00:00+00:00,2023-11-21T20:00:00+00:00,56.38818,52.1053628571,20.0,-1.519,,stop,59
SOLUSDT,rnd210048,2023-11-22T00:00:00+00:00,2023-12-11T00:00:00+00:00,51.675825,68.18589,20.0,6.3899,,stop,114
SOLUSDT,rnd210048,2023-12-11T04:00:00+00:00,2023-12-26T04:00:00+00:00,70.91544,113.600314286,20.0,12.0382,,stop,90
SOLUSDT,rnd210048,2023-12-26T08:00:00+00:00,2023-12-31T00:00:00+00:00,113.466705,100.599675,20.0,-2.268,,stop,28
VETUSDT,rnd210048,2021-09-03T16:00:00+00:00,2021-09-07T08:00:00+00:00,0.146123025,0.133907298571,20.0,-1.672,,stop,22
VETUSDT,rnd210048,2021-09-12T16:00:00+00:00,2021-09-13T08:00:00+00:00,0.12216105,0.110216628404,20.0,-1.9555,,stop,4
VETUSDT,rnd210048,2021-09-15T04:00:00+00:00,2021-09-19T20:00:00+00:00,0.115907925,0.107621876429,20.0,-1.4298,,stop,28
VETUSDT,rnd210048,2021-09-25T04:00:00+00:00,2021-10-12T00:00:00+00:00,0.092336145,0.105671423571,20.0,2.8884,,stop,101
VETUSDT,rnd210048,2021-10-16T12:00:00+00:00,2021-10-27T08:00:00+00:00,0.12232113,0.132175307857,20.0,1.6112,,stop,65
VETUSDT,rnd210048,2021-10-28T20:00:00+00:00,2021-11-10T20:00:00+00:00,0.13152573,0.162525839286,20.0,4.7139,,stop,78
VETUSDT,rnd210048,2021-11-12T20:00:00+00:00,2021-11-16T08:00:00+00:00,0.15841917,0.144209287857,20.0,-1.794,,stop,21
VETUSDT,rnd210048,2021-11-17T00:00:00+00:00,2021-11-18T16:00:00+00:00,0.144262095,0.123639530024,20.0,-2.859,,stop,10
VETUSDT,rnd210048,2021-12-05T20:00:00+00:00,2022-01-10T12:00:00+00:00,0.088814385,0.0712100914286,20.0,-3.9643,,stop,214
VETUSDT,rnd210048,2022-01-11T16:00:00+00:00,2022-01-18T08:00:00+00:00,0.07369683,0.0727921571429,20.0,-0.2455,,stop,40
VETUSDT,rnd210048,2022-01-27T20:00:00+00:00,2022-02-11T20:00:00+00:00,0.05174586,0.0595473542857,20.0,3.0153,,stop,90
VETUSDT,rnd210048,2022-02-13T04:00:00+00:00,2022-02-18T16:00:00+00:00,0.05714856,0.05265366,20.0,-1.5731,,stop,33
VETUSDT,rnd210048,2022-02-21T00:00:00+00:00,2022-02-21T20:00:00+00:00,0.049254615,0.0453915785714,20.0,-1.5686,,stop,5
VETUSDT,rnd210048,2022-02-24T00:00:00+00:00,2022-02-24T04:00:00+00:00,0.04552275,0.0406363502321,20.0,-2.1468,,stop,1
VETUSDT,rnd210048,2022-02-26T20:00:00+00:00,2022-03-04T16:00:00+00:00,0.04804401,0.0495509264286,20.0,0.6273,,stop,35
VETUSDT,rnd210048,2022-03-05T16:00:00+00:00,2022-03-13T20:00:00+00:00,0.04994496,0.04443523127,20.0,-2.2063,,stop,49
VETUSDT,rnd210048,2022-03-16T20:00:00+00:00,2022-03-27T04:00:00+00:00,0.048034005,0.0644591828571,20.0,6.839,,stop,62
VETUSDT,rnd210048,2022-03-27T12:00:00+00:00,2022-03-27T20:00:00+00:00,0.06469233,0.0707560328571,20.0,1.8746,,stop,2
VETUSDT,rnd210048,2022-03-28T08:00:00+00:00,2022-04-06T00:00:00+00:00,0.077848905,0.0723009742857,20.0,-1.4253,,stop,52
VETUSDT,rnd210048,2022-04-06T04:00:00+00:00,2022-04-06T20:00:00+00:00,0.072986475,0.0657500121196,20.0,-1.983,,stop,4
VETUSDT,rnd210048,2022-04-07T00:00:00+00:00,2022-04-11T08:00:00+00:00,0.06585291,0.0594031407143,20.0,-1.9588,,stop,26
VETUSDT,rnd210048,2022-04-13T00:00:00+00:00,2022-04-25T00:00:00+00:00,0.060280125,0.0542814171429,20.0,-1.9903,,stop,72
VETUSDT,rnd210048,2022-04-27T04:00:00+00:00,2022-04-30T20:00:00+00:00,0.05124561,0.0463741970164,20.0,-1.9012,,stop,22
VETUSDT,rnd210048,2022-05-06T08:00:00+00:00,2022-05-09T08:00:00+00:00,0.047133555,0.0414645980439,20.0,-2.4055,,stop,18
VETUSDT,rnd210048,2022-05-14T12:00:00+00:00,2022-06-13T00:00:00+00:00,0.02953476,0.0240151292857,20.0,-3.7377,,stop,177
VETUSDT,rnd210048,2022-06-16T16:00:00+00:00,2022-06-30T08:00:00+00:00,0.0234117,0.0212779271429,20.0,-1.8228,,stop,82
VETUSDT,rnd210048,2022-06-30T12:00:00+00:00,2022-07-12T16:00:00+00:00,0.021600795,0.0215763492857,20.0,-0.0226,,stop,73
VETUSDT,rnd210048,2022-07-16T12:00:00+00:00,2022-07-20T20:00:00+00:00,0.02265132,0.0254201407143,20.0,2.4447,,stop,26
VETUSDT,rnd210048,2022-07-24T12:00:00+00:00,2022-07-25T16:00:00+00:00,0.025482735,0.0237440713111,20.0,-1.3646,,stop,7
VETUSDT,rnd210048,2022-07-26T08:00:00+00:00,2022-08-02T12:00:00+00:00,0.02291145,0.0269151071429,20.0,3.4949,,stop,43
VETUSDT,rnd210048,2022-08-06T16:00:00+00:00,2022-08-09T12:00:00+00:00,0.031625805,0.0296663215618,20.0,-1.2392,,stop,17
VETUSDT,rnd210048,2022-08-10T08:00:00+00:00,2022-08-15T20:00:00+00:00,0.02975487,0.0309488035714,20.0,0.8025,,stop,33
VETUSDT,rnd210048,2022-08-16T20:00:00+00:00,2022-08-18T20:00:00+00:00,0.030845415,0.0287899413996,20.0,-1.3328,,stop,12
VETUSDT,rnd210048,2022-08-20T04:00:00+00:00,2022-08-27T04:00:00+00:00,0.026083035,0.0240513604468,20.0,-1.5579,,stop,42
VETUSDT,rnd210048,2022-08-30T00:00:00+00:00,2022-09-01T12:00:00+00:00,0.02487243,0.0236034794993,20.0,-1.0204,,stop,15
VETUSDT,rnd210048,2022-09-02T00:00:00+00:00,2022-09-06T16:00:00+00:00,0.024322155,0.0229256742857,20.0,-1.1483,,stop,28
VETUSDT,rnd210048,2022-09-06T20:00:00+00:00,2022-09-13T12:00:00+00:00,0.023021505,0.024217885,20.0,1.0394,,stop,40
VETUSDT,rnd210048,2022-09-18T08:00:00+00:00,2022-09-18T20:00:00+00:00,0.02395197,0.0230243806221,20.0,-0.7745,,stop,3
VETUSDT,rnd210048,2022-09-20T20:00:00+00:00,2022-10-13T04:00:00+00:00,0.022801395,0.0219575871429,20.0,-0.7401,,stop,134
VETUSDT,rnd210048,2022-10-20T08:00:00+00:00,2022-10-21T12:00:00+00:00,0.022461225,0.0214968997446,20.0,-0.8587,,stop,7
VETUSDT,rnd210048,2022-10-22T12:00:00+00:00,2022-10-28T04:00:00+00:00,0.022521255,0.0226329635714,20.0,0.0992,,stop,34
VETUSDT,rnd210048,2022-10-30T20:00:00+00:00,2022-11-06T20:00:00+00:00,0.02375187,0.0247233464286,20.0,0.818,,stop,42
VETUSDT,rnd210048,2022-11-07T00:00:00+00:00,2022-11-08T04:00:00+00:00,0.024682335,0.0260098457143,20.0,1.0757,,stop,7
VETUSDT,rnd210048,2022-11-08T12:00:00+00:00,2022-11-08T16:00:00+00:00,0.02599299,0.0230600256479,20.0,-2.2567,,stop,1
VETUSDT,rnd210048,2022-11-10T00:00:00+00:00,2023-03-03T00:00:00+00:00,0.01950975,0.0240636764286,20.0,4.6684,,stop,678
VETUSDT,rnd210048,2023-03-04T04:00:00+00:00,2023-03-07T12:00:00+00:00,0.02553276,0.0234603096914,20.0,-1.6234,,stop,20
VETUSDT,rnd210048,2023-03-10T04:00:00+00:00,2023-03-15T12:00:00+00:00,0.020240115,0.0224930335714,20.0,2.2262,,stop,32
VETUSDT,rnd210048,2023-03-16T04:00:00+00:00,2023-04-21T04:00:00+00:00,0.02207103,0.0228428585714,20.0,0.6994,,stop,216
VETUSDT,rnd210048,2023-04-23T00:00:00+00:00,2023-04-23T16:00:00+00:00,0.022721355,0.0217140639654,20.0,-0.8866,,stop,4
VETUSDT,rnd210048,2023-04-26T00:00:00+00:00,2023-04-26T16:00:00+00:00,0.02265132,0.0215120957143,20.0,-1.0059,,stop,4
VETUSDT,rnd210048,2023-04-27T04:00:00+00:00,2023-05-02T12:00:00+00:00,0.02231115,0.0208328712107,20.0,-1.3251,,stop,32
VETUSDT,rnd210048,2023-05-02T16:00:00+00:00,2023-05-03T12:00:00+00:00,0.021060525,0.0200237224161,20.0,-0.9846,,stop,5
VETUSDT,rnd210048,2023-05-04T20:00:00+00:00,2023-05-08T00:00:00+00:00,0.020660325,0.0197901,20.0,-0.8424,,stop,19
VETUSDT,rnd210048,2023-05-15T16:00:00+00:00,2023-05-18T16:00:00+00:00,0.01964982,0.0192075342857,20.0,-0.4502,,stop,18
VETUSDT,rnd210048,2023-05-25T04:00:00+00:00,2023-06-01T04:00:00+00:00,0.01930965,0.0198614928571,20.0,0.5716,,stop,42
VETUSDT,rnd210048,2023-06-01T08:00:00+00:00,2023-06-05T12:00:00+00:00,0.01984992,0.0190493191471,20.0,-0.8067,,stop,25
VETUSDT,rnd210048,2023-06-08T00:00:00+00:00,2023-06-10T00:00:00+00:00,0.017738865,0.0167644071746,20.0,-1.0987,,stop,12
VETUSDT,rnd210048,2023-06-26T12:00:00+00:00,2023-06-28T16:00:00+00:00,0.0184092,0.0179381692857,20.0,-0.5117,,stop,13
VETUSDT,rnd210048,2023-07-04T20:00:00+00:00,2023-07-06T12:00:00+00:00,0.0198099,0.0187469504071,20.0,-1.0731,,stop,10
VETUSDT,rnd210048,2023-07-08T12:00:00+00:00,2023-07-18T16:00:00+00:00,0.018679335,0.0187092121429,20.0,0.032,,stop,61
VETUSDT,rnd210048,2023-07-22T00:00:00+00:00,2023-07-24T08:00:00+00:00,0.019259625,0.0186449585714,20.0,-0.6383,,stop,14
VETUSDT,rnd210048,2023-07-26T04:00:00+00:00,2023-08-03T20:00:00+00:00,0.018559275,0.0178325078571,20.0,-0.7832,,stop,52
VETUSDT,rnd210048,2023-08-04T00:00:00+00:00,2023-08-07T16:00:00+00:00,0.01796898,0.0173495865814,20.0,-0.6894,,stop,22
VETUSDT,rnd210048,2023-08-10T12:00:00+00:00,2023-08-15T16:00:00+00:00,0.01794897,0.01803098,20.0,0.0914,,stop,31
VETUSDT,rnd210048,2023-08-15T20:00:00+00:00,2023-08-16T20:00:00+00:00,0.017618805,0.0168639402404,20.0,-0.8569,,stop,6
VETUSDT,rnd210048,2023-08-17T12:00:00+00:00,2023-08-17T20:00:00+00:00,0.01686843,0.0159122556064,20.0,-1.1337,,stop,2
VETUSDT,rnd210048,2023-08-22T04:00:00+00:00,2023-08-31T16:00:00+00:00,0.01608804,0.0157378414286,20.0,-0.4354,,stop,57
VETUSDT,rnd210048,2023-08-31T20:00:00+00:00,2023-09-11T08:00:00+00:00,0.015857925,0.0149897121089,20.0,-1.095,,stop,63
VETUSDT,rnd210048,2023-09-11T16:00:00+00:00,2023-09-17T00:00:00+00:00,0.01490745,0.01757121,20.0,3.5737,,stop,32
VETUSDT,rnd210048,2023-09-18T00:00:00+00:00,2023-09-24T20:00:00+00:00,0.017138565,0.0165874164286,20.0,-0.6432,,stop,41
VETUSDT,rnd210048,2023-09-26T00:00:00+00:00,2023-10-02T16:00:00+00:00,0.016758375,0.016941525,20.0,0.2186,,stop,40
VETUSDT,rnd210048,2023-10-04T04:00:00+00:00,2023-10-19T00:00:00+00:00,0.016598295,0.0160762435714,20.0,-0.629,,stop,89
VETUSDT,rnd210048,2023-10-19T04:00:00+00:00,2023-10-24T12:00:00+00:00,0.01608804,0.018360815,20.0,2.8254,,stop,32
VETUSDT,rnd210048,2023-10-29T16:00:00+00:00,2023-10-31T12:00:00+00:00,0.01912956,0.0182686353986,20.0,-0.9001,,stop,11
VETUSDT,rnd210048,2023-11-02T00:00:00+00:00,2023-11-09T16:00:00+00:00,0.01948974,0.0210651764286,20.0,1.6167,,stop,46
VETUSDT,rnd210048,2023-11-12T04:00:00+00:00,2023-11-14T16:00:00+00:00,0.022011,0.0202812114643,20.0,-1.5717,,stop,15
VETUSDT,rnd210048,2023-11-17T00:00:00+00:00,2023-11-21T20:00:00+00:00,0.02089044,0.0194816828571,20.0,-1.3487,,stop,29
VETUSDT,rnd210048,2023-11-22T12:00:00+00:00,2023-11-27T12:00:00+00:00,0.0202101,0.0214178571429,20.0,1.1952,,stop,30
VETUSDT,rnd210048,2023-11-29T16:00:00+00:00,2023-12-10T08:00:00+00:00,0.0216108,0.0265581428571,20.0,4.5786,,stop,64
VETUSDT,rnd210048,2023-12-11T12:00:00+00:00,2023-12-18T08:00:00+00:00,0.0274137,0.0274148571429,20.0,0.0008,,stop,41
VETUSDT,rnd210048,2023-12-19T12:00:00+00:00,2023-12-31T00:00:00+00:00,0.032566275,0.034932525,20.0,1.4532,,stop,69
XLMUSDT,rnd210048,2021-09-03T12:00:00+00:00,2021-09-07T08:00:00+00:00,0.3649824,0.3974012,20.0,1.7765,,stop,23
XLMUSDT,rnd210048,2021-09-08T00:00:00+00:00,2021-09-20T12:00:00+00:00,0.336168,0.274751983857,20.0,-3.6539,,stop,75
XLMUSDT,rnd210048,2021-09-20T20:00:00+00:00,2021-09-26T04:00:00+00:00,0.2833416,0.267023564286,20.0,-1.1518,,stop,32
XLMUSDT,rnd210048,2021-09-26T16:00:00+00:00,2021-09-28T20:00:00+00:00,0.2805402,0.2551625549,20.0,-1.8092,,stop,13
XLMUSDT,rnd210048,2021-09-29T04:00:00+00:00,2021-10-08T00:00:00+00:00,0.26503245,0.336317471429,20.0,5.3793,,stop,53
XLMUSDT,rnd210048,2021-10-08T04:00:00+00:00,2021-10-20T12:00:00+00:00,0.3365682,0.360433978571,20.0,1.4182,,stop,74
XLMUSDT,rnd210048,2021-10-20T20:00:00+00:00,2021-10-27T04:00:00+00:00,0.3895947,0.36403759015,20.0,-1.312,,stop,38
XLMUSDT,rnd210048,2021-10-27T08:00:00+00:00,2021-10-27T08:00:00+00:00,0.35587785,0.336441687861,20.0,-1.0923,,stop,0
XLMUSDT,rnd210048,2021-10-27T12:00:00+00:00,2021-11-06T08:00:00+00:00,0.33706845,0.356036178571,20.0,1.1255,,stop,59
XLMUSDT,rnd210048,2021-11-08T04:00:00+00:00,2021-11-10T04:00:00+00:00,0.3679839,0.4015991,20.0,1.827,,stop,12
XLMUSDT,rnd210048,2021-11-10T16:00:00+00:00,2021-11-10T20:00:00+00:00,0.4176087,0.390461814286,20.0,-1.3001,,stop,1
XLMUSDT,rnd210048,2021-11-11T08:00:00+00:00,2021-11-16T08:00:00+00:00,0.3905952,0.343744670257,20.0,-2.3989,,stop,30
XLMUSDT,rnd210048,2021-11-17T16:00:00+00:00,2021-11-26T08:00:00+00:00,0.34447215,0.312083887139,20.0,-1.8805,,stop,52
XLMUSDT,rnd210048,2021-11-26T20:00:00+00:00,2021-11-28T08:00:00+00:00,0.3377688,0.308596567386,20.0,-1.7273,,stop,9
XLMUSDT,rnd210048,2021-12-01T00:00:00+00:00,2021-12-03T20:00:00+00:00,0.33606795,0.326565207143,20.0,-0.5655,,stop,17
XLMUSDT,rnd210048,2021-12-04T00:00:00+00:00,2021-12-04T04:00:00+00:00,0.3257628,0.295954034671,20.0,-1.8301,,stop,1
XLMUSDT,rnd210048,2021-12-05T00:00:00+00:00,2022-01-10T12:00:00+00:00,0.2891445,0.239828097393,20.0,-3.4112,,stop,219
XLMUSDT,rnd210048,2022-01-11T16:00:00+00:00,2022-01-15T00:00:00+00:00,0.2543271,0.260398307143,20.0,0.4774,,stop,20
XLMUSDT,rnd210048,2022-01-15T16:00:00+00:00,2022-01-20T20:00:00+00:00,0.2623311,0.240246630879,20.0,-1.6837,,stop,31
XLMUSDT,rnd210048,2022-01-22T08:00:00+00:00,2022-02-11T20:00:00+00:00,0.18479235,0.21839075,20.0,3.6363,,stop,123
XLMUSDT,rnd210048,2022-02-12T20:00:00+00:00,2022-02-17T20:00:00+00:00,0.2199099,0.202754900407,20.0,-1.5602,,stop,30
XLMUSDT,rnd210048,2022-02-18T08:00:00+00:00,2022-02-21T08:00:00+00:00,0.2063031,0.191778591307,20.0,-1.4081,,stop,18
XLMUSDT,rnd210048,2022-02-22T00:00:00+00:00,2022-02-24T00:00:00+00:00,0.178089,0.164903221429,20.0,-1.4808,,stop,12
XLMUSDT,rnd210048,2022-02-25T00:00:00+00:00,2022-03-04T20:00:00+00:00,0.1822911,0.174141457143,20.0,-0.8941,,stop,47
XLMUSDT,rnd210048,2022-03-05T04:00:00+00:00,2022-04-01T00:00:00+00:00,0.17558775,0.222131735714,20.0,5.3015,,stop,161
XLMUSDT,rnd210048,2022-04-02T04:00:00+00:00,2022-04-06T00:00:00+00:00,0.2357178,0.220785923243,20.0,-1.2669,,stop,23
XLMUSDT,rnd210048,2022-04-07T00:00:00+00:00,2022-04-08T20:00:00+00:00,0.20320155,0.200756714286,20.0,-0.2406,,stop,11
XLMUSDT,rnd210048,2022-04-10T04:00:00+00:00,2022-04-11T08:00:00+00:00,0.2057028,0.193891520029,20.0,-1.1484,,stop,7
XLMUSDT,rnd210048,2022-04-11T12:00:00+00:00,2022-04-17T20:00:00+00:00,0.18919455,0.19760115,20.0,0.8887,,stop,38
XLMUSDT,rnd210048,2022-04-19T20:00:00+00:00,2022-04-21T20:00:00+00:00,0.2037018,0.194516978571,20.0,-0.9018,,stop,12
XLMUSDT,rnd210048,2022-04-23T16:00:00+00:00,2022-04-25T00:00:00+00:00,0.1948974,0.186214960229,20.0,-0.891,,stop,8
XLMUSDT,rnd210048,2022-04-25T04:00:00+00:00,2022-04-25T08:00:00+00:00,0.18699345,0.179528640775,20.0,-0.7984,,stop,1
XLMUSDT,rnd210048,2022-04-26T08:00:00+00:00,2022-04-26T12:00:00+00:00,0.19099545,0.181725970132,20.0,-0.9706,,stop,1
XLMUSDT,rnd210048,2022-04-27T04:00:00+00:00,2022-04-30T20:00:00+00:00,0.18259125,0.171255579375,20.0,-1.2416,,stop,22
XLMUSDT,rnd210048,2022-05-01T12:00:00+00:00,2022-05-05T16:00:00+00:00,0.1708854,0.16921535,20.0,-0.1955,,stop,25
XLMUSDT,rnd210048,2022-05-06T08:00:00+00:00,2022-05-09T08:00:00+00:00,0.16838415,0.156127475782,20.0,-1.4558,,stop,18
XLMUSDT,rnd210048,2022-05-10T16:00:00+00:00,2022-05-11T12:00:00+00:00,0.150075,0.131045158929,20.0,-2.536,,stop,5
XLMUSDT,rnd210048,2022-05-12T04:00:00+00:00,2022-06-13T00:00:00+00:00,0.1166583,0.110815992857,20.0,-1.0016,,stop,191
XLMUSDT,rnd210048,2022-06-13T16:00:00+00:00,2022-06-29T16:00:00+00:00,0.10855425,0.107217792857,20.0,-0.2462,,stop,96
XLMUSDT,rnd210048,2022-06-30T04:00:00+00:00,2022-07-11T04:00:00+00:00,0.1082541,0.104776157143,20.0,-0.6426,,stop,66
XLMUSDT,rnd210048,2022-07-13T16:00:00+00:00,2022-07-21T00:00:00+00:00,0.10155075,0.110616092857,20.0,1.7854,,stop,44
XLMUSDT,rnd210048,2022-07-21T08:00:00+00:00,2022-07-26T00:00:00+00:00,0.1116558,0.1033540971,20.0,-1.487,,stop,28
XLMUSDT,rnd210048,2022-07-27T08:00:00+00:00,2022-08-02T00:00:00+00:00,0.106053,0.115185235714,20.0,1.7222,,stop,34
XLMUSDT,rnd210048,2022-08-02T20:00:00+00:00,2022-08-09T08:00:00+00:00,0.11555775,0.126550978571,20.0,1.9026,,stop,39
XLMUSDT,rnd210048,2022-08-10T08:00:00+00:00,2022-08-19T00:00:00+00:00,0.12076035,0.115199514286,20.0,-0.921,,stop,52
XLMUSDT,rnd210048,2022-08-19T20:00:00+00:00,2022-08-26T20:00:00+00:00,0.10955475,0.103234071429,20.0,-1.1539,,stop,42
XLMUSDT,rnd210048,2022-08-27T08:00:00+00:00,2022-09-06T20:00:00+00:00,0.1046523,0.100121342857,20.0,-0.8659,,stop,63
XLMUSDT,rnd210048,2022-09-07T12:00:00+00:00,2022-09-07T16:00:00+00:00,0.0998499,0.1007496,20.0,0.1802,,stop,1
XLMUSDT,rnd210048,2022-09-08T08:00:00+00:00,2022-09-13T16:00:00+00:00,0.1016508,0.105789935714,20.0,0.8144,,stop,32
XLMUSDT,rnd210048,2022-09-14T12:00:00+00:00,2022-09-18T20:00:00+00:00,0.1042521,0.106775157143,20.0,0.484,,stop,26
XLMUSDT,rnd210048,2022-09-20T16:00:00+00:00,2022-09-21T20:00:00+00:00,0.1186593,0.109176113207,20.0,-1.5984,,stop,7
XLMUSDT,rnd210048,2022-09-22T16:00:00+00:00,2022-09-23T16:00:00+00:00,0.1174587,0.117712542857,20.0,0.0432,,stop,6
XLMUSDT,rnd210048,2022-09-25T00:00:00+00:00,2022-10-13T04:00:00+00:00,0.11795895,0.109102564286,20.0,-1.5016,,stop,109
XLMUSDT,rnd210048,2022-10-13T16:00:00+00:00,2022-11-08T00:00:00+00:00,0.1114557,0.105632871429,20.0,-1.0449,,stop,152
XLMUSDT,rnd210048,2022-11-09T00:00:00+00:00,2022-11-09T16:00:00+00:00,0.0988494,0.0894296628,20.0,-1.9059,,stop,4
XLMUSDT,rnd210048,2022-11-09T20:00:00+00:00,2022-11-21T16:00:00+00:00,0.08874435,0.0831012857143,20.0,-1.2718,,stop,71
XLMUSDT,rnd210048,2022-11-23T04:00:00+00:00,2022-12-07T04:00:00+00:00,0.0882441,0.0836438714286,20.0,-1.0426,,stop,84
XLMUSDT,rnd210048,2022-12-07T08:00:00+00:00,2022-12-12T00:00:00+00:00,0.0836418,0.0816877071429,20.0,-0.4673,,stop,28
XLMUSDT,rnd210048,2022-12-12T04:00:00+00:00,2022-12-13T04:00:00+00:00,0.0824412,0.08165915,20.0,-0.1897,,stop,6
XLMUSDT,rnd210048,2022-12-14T20:00:00+00:00,2022-12-16T08:00:00+00:00,0.08254125,0.0800742285714,20.0,-0.5978,,stop,9
XLMUSDT,rnd210048,2022-12-17T00:00:00+00:00,2023-01-18T16:00:00+00:00,0.0742371,0.0828442714286,20.0,2.3188,,stop,196
XLMUSDT,rnd210048,2023-01-19T00:00:00+00:00,2023-01-25T00:00:00+00:00,0.0824412,0.0886984857143,20.0,1.518,,stop,36
XLMUSDT,rnd210048,2023-01-25T20:00:00+00:00,2023-02-01T16:00:00+00:00,0.09134565,0.0872849071429,20.0,-0.8891,,stop,41
XLMUSDT,rnd210048,2023-02-03T00:00:00+00:00,2023-02-09T16:00:00+00:00,0.09194595,0.087402227025,20.0,-0.9883,,stop,40
XLMUSDT,rnd210048,2023-02-11T00:00:00+00:00,2023-02-24T12:00:00+00:00,0.0856428,0.08985505,20.0,0.9837,,stop,81
XLMUSDT,rnd210048,2023-02-24T20:00:00+00:00,2023-03-03T00:00:00+00:00,0.0886443,0.0845841296357,20.0,-0.9161,,stop,37
XLMUSDT,rnd210048,2023-03-04T20:00:00+00:00,2023-03-09T16:00:00+00:00,0.08354175,0.080251604125,20.0,-0.7877,,stop,29
XLMUSDT,rnd210048,2023-03-10T00:00:00+00:00,2023-03-15T16:00:00+00:00,0.07713855,0.0828299928571,20.0,1.4756,,stop,34
XLMUSDT,rnd210048,2023-03-18T12:00:00+00:00,2023-03-22T08:00:00+00:00,0.08794395,0.0935817571429,20.0,1.2821,,stop,23
XLMUSDT,rnd210048,2023-03-22T16:00:00+00:00,2023-04-09T04:00:00+00:00,0.09254625,0.103034171429,20.0,2.2665,,stop,105
XLMUSDT,rnd210048,2023-04-10T12:00:00+00:00,2023-04-12T00:00:00+00:00,0.10315155,0.102405914286,20.0,-0.1446,,stop,9
XLMUSDT,rnd210048,2023-04-12T16:00:00+00:00,2023-04-17T12:00:00+00:00,0.1038519,0.104105064286,20.0,0.0488,,stop,29
XLMUSDT,rnd210048,2023-04-19T04:00:00+00:00,2023-04-19T08:00:00+00:00,0.1050525,0.101430330893,20.0,-0.6896,,stop,1
XLMUSDT,rnd210048,2023-04-19T12:00:00+00:00,2023-04-21T16:00:00+00:00,0.0990495,0.0942345020357,20.0,-0.9722,,stop,13
XLMUSDT,rnd210048,2023-04-23T00:00:00+00:00,2023-04-26T16:00:00+00:00,0.09554775,0.0915733689821,20.0,-0.8319,,stop,22
XLMUSDT,rnd210048,2023-04-26T20:00:00+00:00,2023-05-08T00:00:00+00:00,0.09254625,0.0898693285714,20.0,-0.5785,,stop,67
XLMUSDT,rnd210048,2023-05-09T08:00:00+00:00,2023-05-24T12:00:00+00:00,0.08934465,0.0860872991036,20.0,-0.7292,,stop,91
XLMUSDT,rnd210048,2023-05-26T00:00:00+00:00,2023-06-05T12:00:00+00:00,0.08714355,0.0903690785714,20.0,0.7403,,stop,63
XLMUSDT,rnd210048,2023-06-06T04:00:00+00:00,2023-06-10T04:00:00+00:00,0.088044,0.0848147142857,20.0,-0.7336,,stop,24
XLMUSDT,rnd210048,2023-06-10T20:00:00+00:00,2023-06-14T20:00:00+00:00,0.08114055,0.0790461714286,20.0,-0.5162,,stop,24
XLMUSDT,rnd210048,2023-06-15T00:00:00+00:00,2023-06-15T16:00:00+00:00,0.07933965,0.075551855175,20.0,-0.9548,,stop,4
XLMUSDT,rnd210048,2023-06-15T20:00:00+00:00,2023-06-28T08:00:00+00:00,0.0766383,0.0998928857143,20.0,6.0687,,stop,75
XLMUSDT,rnd210048,2023-06-29T16:00:00+00:00,2023-06-30T12:00:00+00:00,0.1012506,0.103476807143,20.0,0.4397,,stop,5
XLMUSDT,rnd210048,2023-06-30T20:00:00+00:00,2023-07-05T08:00:00+00:00,0.1124562,0.101084204043,20.0,-2.0225,,stop,27
XLMUSDT,rnd210048,2023-07-06T12:00:00+00:00,2023-07-07T00:00:00+00:00,0.09994995,0.0954557696679,20.0,-0.8993,,stop,3
XLMUSDT,rnd210048,2023-07-07T20:00:00+00:00,2023-07-13T20:00:00+00:00,0.0968484,0.16121935,20.0,13.2931,,stop,36
XLMUSDT,rnd210048,2023-07-15T20:00:00+00:00,2023-08-17T20:00:00+00:00,0.1296648,0.119811492857,20.0,-1.5198,,stop,198
XLMUSDT,rnd210048,2023-08-18T08:00:00+00:00,2023-08-31T16:00:00+00:00,0.11455725,0.115770657143,20.0,0.2118,,stop,80
XLMUSDT,rnd210048,2023-09-02T04:00:00+00:00,2023-09-05T16:00:00+00:00,0.1138569,0.12163915,20.0,1.367,,stop,21
XLMUSDT,rnd210048,2023-09-07T04:00:00+00:00,2023-09-12T16:00:00+00:00,0.1226613,0.122767157143,20.0,0.0173,,stop,33
XLMUSDT,rnd210048,2023-09-13T16:00:00+00:00,2023-09-21T08:00:00+00:00,0.1208604,0.111697380514,20.0,-1.5163,,stop,46
XLMUSDT,rnd210048,2023-09-22T04:00:00+00:00,2023-09-25T08:00:00+00:00,0.1148574,0.110766274871,20.0,-0.7124,,stop,19
XLMUSDT,rnd210048,2023-09-26T04:00:00+00:00,2023-09-29T20:00:00+00:00,0.1126563,0.114214292857,20.0,0.2766,,stop,22
XLMUSDT,rnd210048,2023-09-30T20:00:00+00:00,2023-10-04T00:00:00+00:00,0.11275635,0.111401414286,20.0,-0.2403,,stop,19
XLMUSDT,rnd210048,2023-10-04T12:00:00+00:00,2023-10-09T08:00:00+00:00,0.1128564,0.107499052157,20.0,-0.9494,,stop,29
XLMUSDT,rnd210048,2023-10-09T20:00:00+00:00,2023-10-11T00:00:00+00:00,0.106053,0.102840839571,20.0,-0.6058,,stop,7
XLMUSDT,rnd210048,2023-10-11T12:00:00+00:00,2023-10-17T12:00:00+00:00,0.1036518,0.104976057143,20.0,0.2555,,stop,36
XLMUSDT,rnd210048,2023-10-18T04:00:00+00:00,2023-10-24T12:00:00+00:00,0.10355175,0.112515142857,20.0,1.7312,,stop,38
XLMUSDT,rnd210048,2023-10-26T04:00:00+00:00,2023-11-07T16:00:00+00:00,0.1152576,0.122667207143,20.0,1.2857,,stop,75
XLMUSDT,rnd210048,2023-11-08T08:00:00+00:00,2023-11-09T16:00:00+00:00,0.126063,0.118983335714,20.0,-1.1232,,stop,8
XLMUSDT,rnd210048,2023-11-10T12:00:00+00:00,2023-11-14T00:00:00+00:00,0.1234617,0.121796214286,20.0,-0.2698,,stop,21
XLMUSDT,rnd210048,2023-11-14T12:00:00+00:00,2023-12-11T00:00:00+00:00,0.1190595,0.123895164286,20.0,0.8123,,stop,159
XLMUSDT,rnd210048,2023-12-12T04:00:00+00:00,2023-12-31T00:00:00+00:00,0.1244622,0.1309345,20.0,1.04,,stop,113
