symbol,exp,entry_time,exit_time,entry,exit,notional,pnl,r_mult,exit_side,bars_held
ATOMUSDT,rnd110048,2021-09-03T08:00:00+00:00,2021-09-07T12:00:00+00:00,23.95,23.0728571429,20.0,-0.7325,,stop,25
ATOMUSDT,rnd110048,2021-09-08T00:00:00+00:00,2021-09-16T00:00:00+00:00,21.09,31.5185714286,20.0,9.8896,,stop,48
ATOMUSDT,rnd110048,2021-09-16T08:00:00+00:00,2021-09-20T12:00:00+00:00,32.66,36.8314285714,20.0,2.5545,,stop,25
ATOMUSDT,rnd110048,2021-09-20T20:00:00+00:00,2021-10-12T00:00:00+00:00,35.41,30.8657142857,20.0,-2.5667,,stop,127
ATOMUSDT,rnd110048,2021-10-12T12:00:00+00:00,2021-10-27T08:00:00+00:00,30.69,38.3714285714,20.0,5.0058,,stop,89
ATOMUSDT,rnd110048,2021-10-27T16:00:00+00:00,2021-11-10T20:00:00+00:00,37.41,33.0242857143,20.0,-2.3447,,stop,85
ATOMUSDT,rnd110048,2021-11-11T08:00:00+00:00,2021-11-16T00:00:00+00:00,33.62,29.745,20.0,-2.3052,,stop,28
ATOMUSDT,rnd110048,2021-11-16T12:00:00+00:00,2021-11-18T12:00:00+00:00,29.51,26.7278571429,20.0,-1.8856,,stop,12
ATOMUSDT,rnd110048,2021-11-18T16:00:00+00:00,2021-11-26T04:00:00+00:00,26.73,28.64,20.0,1.4291,,stop,45
ATOMUSDT,rnd110048,2021-11-26T16:00:00+00:00,2021-12-04T04:00:00+00:00,27.16,28.68,20.0,1.1193,,stop,45
ATOMUSDT,rnd110048,2021-12-04T08:00:00+00:00,2021-12-15T12:00:00+00:00,26.62,20.6521428571,20.0,-4.4837,,stop,67
ATOMUSDT,rnd110048,2021-12-15T20:00:00+00:00,2021-12-28T00:00:00+00:00,22.25,28.4857142857,20.0,5.6051,,stop,73
ATOMUSDT,rnd110048,2021-12-28T12:00:00+00:00,2021-12-29T04:00:00+00:00,29.25,26.1410714286,20.0,-2.1258,,stop,4
ATOMUSDT,rnd110048,2021-12-29T20:00:00+00:00,2022-01-05T16:00:00+00:00,26.91,38.5728571429,20.0,8.668,,stop,41
ATOMUSDT,rnd110048,2022-01-07T12:00:00+00:00,2022-01-08T16:00:00+00:00,43.06,36.0725,20.0,-3.2455,,stop,7
ATOMUSDT,rnd110048,2022-01-09T20:00:00+00:00,2022-01-19T08:00:00+00:00,37.48,35.2942857143,20.0,-1.1663,,stop,57
ATOMUSDT,rnd110048,2022-01-19T20:00:00+00:00,2022-01-21T12:00:00+00:00,37.34,35.6685714286,20.0,-0.8952,,stop,10
ATOMUSDT,rnd110048,2022-01-22T00:00:00+00:00,2022-01-22T04:00:00+00:00,34.6,29.1767857143,20.0,-3.1348,,stop,1
ATOMUSDT,rnd110048,2022-01-22T08:00:00+00:00,2022-01-30T16:00:00+00:00,29.33,27.1814285714,20.0,-1.4651,,stop,50
ATOMUSDT,rnd110048,2022-01-31T00:00:00+00:00,2022-02-10T12:00:00+00:00,27.18,28.8928571429,20.0,1.2604,,stop,63
ATOMUSDT,rnd110048,2022-02-10T16:00:00+00:00,2022-02-11T00:00:00+00:00,30.45,28.1142857143,20.0,-1.5341,,stop,2
ATOMUSDT,rnd110048,2022-02-11T08:00:00+00:00,2022-02-11T20:00:00+00:00,29.13,26.7639285714,20.0,-1.6245,,stop,3
ATOMUSDT,rnd110048,2022-02-12T12:00:00+00:00,2022-02-19T08:00:00+00:00,27.9,26.4114285714,20.0,-1.0671,,stop,41
ATOMUSDT,rnd110048,2022-02-19T12:00:00+00:00,2022-02-21T20:00:00+00:00,26.53,23.8746428571,20.0,-2.0018,,stop,14
ATOMUSDT,rnd110048,2022-02-22T04:00:00+00:00,2022-02-24T04:00:00+00:00,23.45,22.3942857143,20.0,-0.9004,,stop,12
ATOMUSDT,rnd110048,2022-02-24T20:00:00+00:00,2022-03-05T00:00:00+00:00,24.28,29.7042857143,20.0,4.4681,,stop,49
ATOMUSDT,rnd110048,2022-03-05T08:00:00+00:00,2022-03-13T12:00:00+00:00,30.36,26.7921428571,20.0,-2.3504,,stop,49
ATOMUSDT,rnd110048,2022-03-13T16:00:00+00:00,2022-03-31T12:00:00+00:00,27.28,29.16,20.0,1.3783,,stop,107
ATOMUSDT,rnd110048,2022-04-01T08:00:00+00:00,2022-04-05T20:00:00+00:00,28.66,29.2614285714,20.0,0.4197,,stop,27
ATOMUSDT,rnd110048,2022-04-06T04:00:00+00:00,2022-04-07T00:00:00+00:00,28.74,26.3203571429,20.0,-1.6838,,stop,5
ATOMUSDT,rnd110048,2022-04-07T12:00:00+00:00,2022-04-11T08:00:00+00:00,27.56,25.16,20.0,-1.7417,,stop,23
ATOMUSDT,rnd110048,2022-04-12T04:00:00+00:00,2022-04-18T04:00:00+00:00,23.98,22.6728571429,20.0,-1.0902,,stop,36
ATOMUSDT,rnd110048,2022-04-18T12:00:00+00:00,2022-04-21T20:00:00+00:00,22.87,23.3614285714,20.0,0.4298,,stop,20
ATOMUSDT,rnd110048,2022-04-22T00:00:00+00:00,2022-04-25T00:00:00+00:00,23.31,21.9367857143,20.0,-1.1782,,stop,18
ATOMUSDT,rnd110048,2022-04-25T08:00:00+00:00,2022-04-26T16:00:00+00:00,20.97,20.5314285714,20.0,-0.4183,,stop,8
ATOMUSDT,rnd110048,2022-04-27T12:00:00+00:00,2022-04-30T04:00:00+00:00,20.69,19.2285714286,20.0,-1.4127,,stop,16
ATOMUSDT,rnd110048,2022-05-01T16:00:00+00:00,2022-05-05T12:00:00+00:00,18.26,17.6828571429,20.0,-0.6321,,stop,23
ATOMUSDT,rnd110048,2022-05-05T20:00:00+00:00,2022-05-08T00:00:00+00:00,17.74,15.7971428571,20.0,-2.1904,,stop,13
ATOMUSDT,rnd110048,2022-05-08T04:00:00+00:00,2022-05-09T08:00:00+00:00,16.11,14.735,20.0,-1.707,,stop,7
ATOMUSDT,rnd110048,2022-05-10T04:00:00+00:00,2022-05-11T04:00:00+00:00,12.67,11.9457142857,20.0,-1.1433,,stop,6
ATOMUSDT,rnd110048,2022-05-11T20:00:00+00:00,2022-06-13T00:00:00+00:00,10.67,6.87357142857,20.0,-7.1161,,stop,193
ATOMUSDT,rnd110048,2022-06-13T16:00:00+00:00,2022-06-18T20:00:00+00:00,6.36,5.56285714286,20.0,-2.5067,,stop,31
ATOMUSDT,rnd110048,2022-06-20T04:00:00+00:00,2022-06-28T20:00:00+00:00,6.57,7.41,20.0,2.5571,,stop,52
ATOMUSDT,rnd110048,2022-06-29T00:00:00+00:00,2022-07-11T20:00:00+00:00,7.34,8.33714285714,20.0,2.717,,stop,77
ATOMUSDT,rnd110048,2022-07-12T04:00:00+00:00,2022-07-13T12:00:00+00:00,8.23,7.46214285714,20.0,-1.866,,stop,8
ATOMUSDT,rnd110048,2022-07-14T00:00:00+00:00,2022-07-23T08:00:00+00:00,8.212,10.0288571429,20.0,4.4249,,stop,56
ATOMUSDT,rnd110048,2022-07-23T20:00:00+00:00,2022-07-26T16:00:00+00:00,9.93,8.68285714286,20.0,-2.5119,,stop,17
ATOMUSDT,rnd110048,2022-07-27T08:00:00+00:00,2022-08-02T04:00:00+00:00,9.465,9.77528571429,20.0,0.6556,,stop,35
ATOMUSDT,rnd110048,2022-08-03T04:00:00+00:00,2022-08-10T00:00:00+00:00,10.003,10.74,20.0,1.4736,,stop,41
ATOMUSDT,rnd110048,2022-08-10T20:00:00+00:00,2022-08-19T04:00:00+00:00,11.758,10.6962857143,20.0,-1.8059,,stop,50
ATOMUSDT,rnd110048,2022-08-19T20:00:00+00:00,2022-08-26T20:00:00+00:00,10.896,11.4825714286,20.0,1.0767,,stop,42
ATOMUSDT,rnd110048,2022-08-27T00:00:00+00:00,2022-09-13T12:00:00+00:00,11.549,14.8014285714,20.0,5.6324,,stop,105
ATOMUSDT,rnd110048,2022-09-14T12:00:00+00:00,2022-09-20T16:00:00+00:00,14.176,14.1554285714,20.0,-0.029,,stop,37
ATOMUSDT,rnd110048,2022-09-20T20:00:00+00:00,2022-09-28T04:00:00+00:00,14.22,12.7432857143,20.0,-2.077,,stop,44
ATOMUSDT,rnd110048,2022-09-29T08:00:00+00:00,2022-10-13T00:00:00+00:00,12.809,11.6145357143,20.0,-1.865,,stop,82
ATOMUSDT,rnd110048,2022-10-13T20:00:00+00:00,2022-10-20T20:00:00+00:00,11.535,11.2627142857,20.0,-0.4721,,stop,42
ATOMUSDT,rnd110048,2022-10-21T04:00:00+00:00,2022-11-02T16:00:00+00:00,11.336,13.2731428571,20.0,3.4177,,stop,75
ATOMUSDT,rnd110048,2022-11-03T08:00:00+00:00,2022-11-07T00:00:00+00:00,13.554,14.392,20.0,1.2365,,stop,22
ATOMUSDT,rnd110048,2022-11-07T20:00:00+00:00,2022-11-08T04:00:00+00:00,14.583,13.4638928571,20.0,-1.5348,,stop,2
ATOMUSDT,rnd110048,2022-11-08T12:00:00+00:00,2022-11-08T16:00:00+00:00,13.094,11.7020357143,20.0,-2.1261,,stop,1
ATOMUSDT,rnd110048,2022-11-10T20:00:00+00:00,2022-11-14T00:00:00+00:00,12.202,9.68664285714,20.0,-4.1229,,stop,19
ATOMUSDT,rnd110048,2022-11-15T00:00:00+00:00,2022-11-21T00:00:00+00:00,10.329,9.29721428571,20.0,-1.9978,,stop,36
ATOMUSDT,rnd110048,2022-11-21T16:00:00+00:00,2022-11-28T00:00:00+00:00,9.137,9.62928571429,20.0,1.0776,,stop,38
ATOMUSDT,rnd110048,2022-11-28T12:00:00+00:00,2022-12-07T04:00:00+00:00,9.705,9.804,20.0,0.204,,stop,52
ATOMUSDT,rnd110048,2022-12-07T12:00:00+00:00,2022-12-11T20:00:00+00:00,9.694,9.742,20.0,0.099,,stop,26
ATOMUSDT,rnd110048,2022-12-12T04:00:00+00:00,2022-12-16T08:00:00+00:00,9.531,9.34571428571,20.0,-0.3888,,stop,25
ATOMUSDT,rnd110048,2022-12-16T12:00:00+00:00,2022-12-16T20:00:00+00:00,9.108,8.62389285714,20.0,-1.063,,stop,2
ATOMUSDT,rnd110048,2022-12-17T12:00:00+00:00,2023-01-14T08:00:00+00:00,8.702,12.5945714286,20.0,8.9464,,stop,167
ATOMUSDT,rnd110048,2023-01-14T20:00:00+00:00,2023-01-18T12:00:00+00:00,12.728,11.5860357143,20.0,-1.7944,,stop,22
ATOMUSDT,rnd110048,2023-01-18T20:00:00+00:00,2023-01-25T00:00:00+00:00,11.743,12.3395714286,20.0,1.016,,stop,37
ATOMUSDT,rnd110048,2023-01-26T20:00:00+00:00,2023-02-09T16:00:00+00:00,13.015,13.8111428571,20.0,1.2234,,stop,83
ATOMUSDT,rnd110048,2023-02-10T00:00:00+00:00,2023-02-25T20:00:00+00:00,13.529,12.6605714286,20.0,-1.2838,,stop,95
ATOMUSDT,rnd110048,2023-02-26T12:00:00+00:00,2023-02-28T16:00:00+00:00,12.973,12.3594285714,20.0,-0.9459,,stop,13
ATOMUSDT,rnd110048,2023-02-28T20:00:00+00:00,2023-03-03T00:00:00+00:00,12.377,12.1042857143,20.0,-0.4407,,stop,13
ATOMUSDT,rnd110048,2023-03-03T16:00:00+00:00,2023-03-08T12:00:00+00:00,11.948,11.2705,20.0,-1.1341,,stop,29
ATOMUSDT,rnd110048,2023-03-09T00:00:00+00:00,2023-03-10T08:00:00+00:00,10.957,10.3459285714,20.0,-1.1154,,stop,8
ATOMUSDT,rnd110048,2023-03-11T16:00:00+00:00,2023-03-15T16:00:00+00:00,10.586,11.8324285714,20.0,2.3549,,stop,24
ATOMUSDT,rnd110048,2023-03-16T00:00:00+00:00,2023-03-22T16:00:00+00:00,12.409,11.163,20.0,-2.0082,,stop,40
ATOMUSDT,rnd110048,2023-03-23T12:00:00+00:00,2023-03-25T16:00:00+00:00,11.625,10.964,20.0,-1.1372,,stop,13
ATOMUSDT,rnd110048,2023-03-26T20:00:00+00:00,2023-04-19T08:00:00+00:00,11.255,11.8902857143,20.0,1.1289,,stop,141
ATOMUSDT,rnd110048,2023-04-19T16:00:00+00:00,2023-04-21T12:00:00+00:00,11.867,11.1687857143,20.0,-1.1767,,stop,11
ATOMUSDT,rnd110048,2023-04-21T16:00:00+00:00,2023-04-26T20:00:00+00:00,11.124,10.33275,20.0,-1.4226,,stop,31
ATOMUSDT,rnd110048,2023-04-28T08:00:00+00:00,2023-05-08T00:00:00+00:00,11.508,10.6922857143,20.0,-1.4176,,stop,58
ATOMUSDT,rnd110048,2023-05-08T04:00:00+00:00,2023-05-08T16:00:00+00:00,10.763,10.4278571429,20.0,-0.6228,,stop,3
ATOMUSDT,rnd110048,2023-05-09T00:00:00+00:00,2023-05-22T00:00:00+00:00,10.59,10.3431428571,20.0,-0.4662,,stop,78
ATOMUSDT,rnd110048,2023-05-22T08:00:00+00:00,2023-05-24T12:00:00+00:00,10.447,10.2481428571,20.0,-0.3807,,stop,13
ATOMUSDT,rnd110048,2023-05-24T20:00:00+00:00,2023-05-31T12:00:00+00:00,10.357,10.5212857143,20.0,0.3172,,stop,40
ATOMUSDT,rnd110048,2023-06-01T00:00:00+00:00,2023-06-05T12:00:00+00:00,10.458,10.4044285714,20.0,-0.1025,,stop,27
ATOMUSDT,rnd110048,2023-06-06T00:00:00+00:00,2023-06-07T12:00:00+00:00,10.006,9.72228571429,20.0,-0.5671,,stop,9
ATOMUSDT,rnd110048,2023-06-08T16:00:00+00:00,2023-06-10T00:00:00+00:00,9.542,9.10039285714,20.0,-0.9256,,stop,8
ATOMUSDT,rnd110048,2023-06-10T04:00:00+00:00,2023-06-10T04:00:00+00:00,8.905,8.51821428571,20.0,-0.8687,,stop,0
ATOMUSDT,rnd110048,2023-06-10T20:00:00+00:00,2023-07-24T08:00:00+00:00,8.179,9.07957142857,20.0,2.2022,,stop,261
ATOMUSDT,rnd110048,2023-07-24T20:00:00+00:00,2023-08-01T00:00:00+00:00,8.965,8.61946428571,20.0,-0.7709,,stop,43
ATOMUSDT,rnd110048,2023-08-01T04:00:00+00:00,2023-08-04T16:00:00+00:00,8.692,8.543,20.0,-0.3428,,stop,21
ATOMUSDT,rnd110048,2023-08-05T00:00:00+00:00,2023-08-15T16:00:00+00:00,8.479,8.19771428571,20.0,-0.6635,,stop,64
ATOMUSDT,rnd110048,2023-08-15T20:00:00+00:00,2023-08-16T20:00:00+00:00,8.039,7.74025,20.0,-0.7433,,stop,6
ATOMUSDT,rnd110048,2023-08-17T00:00:00+00:00,2023-08-17T20:00:00+00:00,7.802,7.63942857143,20.0,-0.4167,,stop,5
ATOMUSDT,rnd110048,2023-08-18T04:00:00+00:00,2023-08-31T16:00:00+00:00,7.519,6.85757142857,20.0,-1.7594,,stop,81
ATOMUSDT,rnd110048,2023-08-31T20:00:00+00:00,2023-09-10T04:00:00+00:00,6.938,6.62532142857,20.0,-0.9014,,stop,56
ATOMUSDT,rnd110048,2023-09-11T12:00:00+00:00,2023-09-21T20:00:00+00:00,6.45,7.15014285714,20.0,2.171,,stop,62
ATOMUSDT,rnd110048,2023-09-22T20:00:00+00:00,2023-10-02T16:00:00+00:00,7.105,7.21885714286,20.0,0.3205,,stop,59
ATOMUSDT,rnd110048,2023-10-05T04:00:00+00:00,2023-10-09T08:00:00+00:00,6.91,6.625,20.0,-0.8249,,stop,25
ATOMUSDT,rnd110048,2023-10-09T20:00:00+00:00,2023-10-10T08:00:00+00:00,6.721,6.97857142857,20.0,0.7665,,stop,3
ATOMUSDT,rnd110048,2023-10-12T20:00:00+00:00,2023-10-19T00:00:00+00:00,6.556,6.22471428571,20.0,-1.0106,,stop,37
ATOMUSDT,rnd110048,2023-10-19T08:00:00+00:00,2023-10-24T12:00:00+00:00,6.24,6.966,20.0,2.3269,,stop,31
ATOMUSDT,rnd110048,2023-10-24T20:00:00+00:00,2023-11-09T16:00:00+00:00,6.933,8.235,20.0,3.7559,,stop,95
ATOMUSDT,rnd110048,2023-11-10T00:00:00+00:00,2023-11-13T20:00:00+00:00,9.026,9.43214285714,20.0,0.8999,,stop,23
ATOMUSDT,rnd110048,2023-11-14T12:00:00+00:00,2023-11-21T12:00:00+00:00,9.072,8.61157142857,20.0,-1.0151,,stop,42
ATOMUSDT,rnd110048,2023-11-21T16:00:00+00:00,2023-11-21T20:00:00+00:00,8.846,8.26439285714,20.0,-1.315,,stop,1
ATOMUSDT,rnd110048,2023-11-23T08:00:00+00:00,2023-11-27T16:00:00+00:00,8.846,8.96842857143,20.0,0.2768,,stop,26
ATOMUSDT,rnd110048,2023-11-27T20:00:00+00:00,2023-12-11T00:00:00+00:00,9.057,10.0617142857,20.0,2.2186,,stop,79
ATOMUSDT,rnd110048,2023-12-11T08:00:00+00:00,2023-12-13T04:00:00+00:00,9.941,10.8348571429,20.0,1.7983,,stop,11
ATOMUSDT,rnd110048,2023-12-13T16:00:00+00:00,2023-12-31T00:00:00+00:00,11.279,10.766,20.0,-0.9097,,stop,104
BTCUSDT,rnd110048,2021-09-03T08:00:00+00:00,2021-09-07T12:00:00+00:00,49305.1,49440.2714286,20.0,0.0548,,stop,25
BTCUSDT,rnd110048,2021-09-07T16:00:00+00:00,2021-09-20T08:00:00+00:00,46656.07,43447.2171429,20.0,-1.3755,,stop,76
BTCUSDT,rnd110048,2021-09-20T12:00:00+00:00,2021-09-21T00:00:00+00:00,43734.0,41411.2553571,20.0,-1.0622,,stop,3
BTCUSDT,rnd110048,2021-09-21T16:00:00+00:00,2021-09-21T20:00:00+00:00,43072.81,39614.1403571,20.0,-1.606,,stop,1
BTCUSDT,rnd110048,2021-09-22T00:00:00+00:00,2021-10-22T12:00:00+00:00,40734.09,60702.74,20.0,9.8044,,stop,183
BTCUSDT,rnd110048,2021-10-22T20:00:00+00:00,2021-11-16T00:00:00+00:00,61032.71,61958.9342857,20.0,0.3035,,stop,145
BTCUSDT,rnd110048,2021-11-16T04:00:00+00:00,2021-11-18T12:00:00+00:00,60907.4,58144.8571429,20.0,-0.9071,,stop,14
BTCUSDT,rnd110048,2021-11-18T20:00:00+00:00,2021-11-26T08:00:00+00:00,57928.0,54135.1464286,20.0,-1.3095,,stop,45
BTCUSDT,rnd110048,2021-11-26T12:00:00+00:00,2021-12-03T16:00:00+00:00,53719.31,54465.9357143,20.0,0.278,,stop,43
BTCUSDT,rnd110048,2021-12-03T20:00:00+00:00,2021-12-04T04:00:00+00:00,53838.66,50612.8439286,20.0,-1.1983,,stop,2
BTCUSDT,rnd110048,2021-12-04T08:00:00+00:00,2022-01-05T20:00:00+00:00,47242.75,44022.8885714,20.0,-1.3631,,stop,195
BTCUSDT,rnd110048,2022-01-06T20:00:00+00:00,2022-01-07T12:00:00+00:00,43438.11,40784.5760714,20.0,-1.2218,,stop,4
BTCUSDT,rnd110048,2022-01-08T00:00:00+00:00,2022-01-21T00:00:00+00:00,41566.48,39611.02,20.0,-0.9409,,stop,78
BTCUSDT,rnd110048,2022-01-22T04:00:00+00:00,2022-01-24T08:00:00+00:00,36340.43,33291.83,20.0,-1.6778,,stop,13
BTCUSDT,rnd110048,2022-01-24T12:00:00+00:00,2022-02-17T16:00:00+00:00,33697.12,40813.76,20.0,4.2239,,stop,145
BTCUSDT,rnd110048,2022-02-17T20:00:00+00:00,2022-02-20T04:00:00+00:00,41204.22,39220.2057143,20.0,-0.963,,stop,14
BTCUSDT,rnd110048,2022-02-20T12:00:00+00:00,2022-02-21T20:00:00+00:00,38343.99,36889.65,20.0,-0.7586,,stop,8
BTCUSDT,rnd110048,2022-02-22T08:00:00+00:00,2022-02-24T00:00:00+00:00,36771.65,34852.3442857,20.0,-1.0439,,stop,10
BTCUSDT,rnd110048,2022-02-24T08:00:00+00:00,2022-03-04T00:00:00+00:00,35312.04,41250.4457143,20.0,3.3634,,stop,46
BTCUSDT,rnd110048,2022-03-04T04:00:00+00:00,2022-03-04T20:00:00+00:00,41449.93,38940.9782143,20.0,-1.2106,,stop,4
BTCUSDT,rnd110048,2022-03-05T04:00:00+00:00,2022-03-10T12:00:00+00:00,39050.61,38690.2971429,20.0,-0.1845,,stop,32
BTCUSDT,rnd110048,2022-03-10T20:00:00+00:00,2022-04-06T16:00:00+00:00,39431.8,43691.6885714,20.0,2.1606,,stop,161
BTCUSDT,rnd110048,2022-04-07T04:00:00+00:00,2022-04-11T08:00:00+00:00,43294.04,41215.4685714,20.0,-0.9602,,stop,25
BTCUSDT,rnd110048,2022-04-11T20:00:00+00:00,2022-04-18T04:00:00+00:00,39985.34,39083.4271429,20.0,-0.4511,,stop,38
BTCUSDT,rnd110048,2022-04-18T12:00:00+00:00,2022-04-21T20:00:00+00:00,38998.54,41135.06,20.0,1.0957,,stop,20
BTCUSDT,rnd110048,2022-04-22T00:00:00+00:00,2022-04-25T00:00:00+00:00,40480.01,38711.7582143,20.0,-0.8736,,stop,18
BTCUSDT,rnd110048,2022-04-25T04:00:00+00:00,2022-04-26T12:00:00+00:00,39253.7,39021.9185714,20.0,-0.1181,,stop,8
BTCUSDT,rnd110048,2022-04-27T00:00:00+00:00,2022-05-05T12:00:00+00:00,38112.64,36974.7442857,20.0,-0.5971,,stop,51
BTCUSDT,rnd110048,2022-05-05T20:00:00+00:00,2022-05-08T00:00:00+00:00,36316.01,34281.9689286,20.0,-1.1202,,stop,13
BTCUSDT,rnd110048,2022-05-08T04:00:00+00:00,2022-05-09T08:00:00+00:00,34480.23,33043.8103571,20.0,-0.8332,,stop,7
BTCUSDT,rnd110048,2022-05-09T20:00:00+00:00,2022-05-11T12:00:00+00:00,30940.62,29149.6785714,20.0,-1.1577,,stop,10
BTCUSDT,rnd110048,2022-05-11T16:00:00+00:00,2022-05-12T04:00:00+00:00,30977.61,26996.9546429,20.0,-2.57,,stop,3
BTCUSDT,rnd110048,2022-05-12T12:00:00+00:00,2022-06-13T00:00:00+00:00,28472.98,25715.0857143,20.0,-1.9372,,stop,189
BTCUSDT,rnd110048,2022-06-13T04:00:00+00:00,2022-06-13T08:00:00+00:00,25520.05,23587.7821429,20.0,-1.5143,,stop,1
BTCUSDT,rnd110048,2022-06-13T12:00:00+00:00,2022-06-14T00:00:00+00:00,23729.43,21360.3407143,20.0,-1.9968,,stop,3
BTCUSDT,rnd110048,2022-06-14T04:00:00+00:00,2022-06-18T08:00:00+00:00,22127.92,18967.0360714,20.0,-2.8569,,stop,25
BTCUSDT,rnd110048,2022-06-18T20:00:00+00:00,2022-06-30T08:00:00+00:00,18067.61,19008.4914286,20.0,1.0415,,stop,69
BTCUSDT,rnd110048,2022-06-30T12:00:00+00:00,2022-07-01T08:00:00+00:00,19101.35,19301.1014286,20.0,0.2091,,stop,5
BTCUSDT,rnd110048,2022-07-02T16:00:00+00:00,2022-07-11T12:00:00+00:00,19229.39,20271.17,20.0,1.0835,,stop,53
BTCUSDT,rnd110048,2022-07-11T16:00:00+00:00,2022-07-12T16:00:00+00:00,20440.0,19507.1464286,20.0,-0.9128,,stop,6
BTCUSDT,rnd110048,2022-07-13T00:00:00+00:00,2022-07-21T00:00:00+00:00,19331.28,22687.6057143,20.0,3.4724,,stop,48
BTCUSDT,rnd110048,2022-07-21T08:00:00+00:00,2022-07-26T00:00:00+00:00,22929.28,21097.8175,20.0,-1.5975,,stop,28
BTCUSDT,rnd110048,2022-07-26T04:00:00+00:00,2022-08-02T00:00:00+00:00,21141.53,22787.5914286,20.0,1.5572,,stop,41
BTCUSDT,rnd110048,2022-08-02T04:00:00+00:00,2022-08-17T12:00:00+00:00,22851.34,23404.14,20.0,0.4838,,stop,92
BTCUSDT,rnd110048,2022-08-17T20:00:00+00:00,2022-08-19T04:00:00+00:00,23276.89,22379.6346429,20.0,-0.7709,,stop,8
BTCUSDT,rnd110048,2022-08-19T12:00:00+00:00,2022-08-26T20:00:00+00:00,21467.91,20402.2225,20.0,-0.9928,,stop,44
BTCUSDT,rnd110048,2022-08-27T00:00:00+00:00,2022-09-06T16:00:00+00:00,20239.14,19310.165,20.0,-0.918,,stop,64
BTCUSDT,rnd110048,2022-09-07T00:00:00+00:00,2022-09-13T12:00:00+00:00,18790.61,21395.28,20.0,2.7723,,stop,39
BTCUSDT,rnd110048,2022-09-13T16:00:00+00:00,2022-09-16T12:00:00+00:00,20829.77,19452.4092857,20.0,-1.3225,,stop,17
BTCUSDT,rnd110048,2022-09-17T04:00:00+00:00,2022-09-19T00:00:00+00:00,19884.5,19042.9696429,20.0,-0.8464,,stop,11
BTCUSDT,rnd110048,2022-09-19T08:00:00+00:00,2022-09-21T20:00:00+00:00,18468.74,18656.6428571,20.0,0.2035,,stop,15
BTCUSDT,rnd110048,2022-09-22T04:00:00+00:00,2022-10-13T12:00:00+00:00,18690.39,18534.6571429,20.0,-0.1666,,stop,128
BTCUSDT,rnd110048,2022-10-14T00:00:00+00:00,2022-10-20T00:00:00+00:00,19375.58,18916.1328571,20.0,-0.4743,,stop,36
BTCUSDT,rnd110048,2022-10-20T04:00:00+00:00,2022-10-28T00:00:00+00:00,19043.2,20170.2971429,20.0,1.1837,,stop,47
BTCUSDT,rnd110048,2022-10-28T04:00:00+00:00,2022-11-08T00:00:00+00:00,20292.77,20199.51,20.0,-0.0919,,stop,65
BTCUSDT,rnd110048,2022-11-08T04:00:00+00:00,2022-11-08T04:00:00+00:00,20147.62,19541.6289286,20.0,-0.6016,,stop,0
BTCUSDT,rnd110048,2022-11-08T16:00:00+00:00,2022-11-08T16:00:00+00:00,19522.0,18700.7464286,20.0,-0.8414,,stop,0
BTCUSDT,rnd110048,2022-11-08T20:00:00+00:00,2022-11-09T16:00:00+00:00,18255.24,16827.365,20.0,-1.5643,,stop,5
BTCUSDT,rnd110048,2022-11-09T20:00:00+00:00,2023-03-07T12:00:00+00:00,16784.64,21966.3942857,20.0,6.1744,,stop,706
BTCUSDT,rnd110048,2023-03-07T20:00:00+00:00,2023-03-08T20:00:00+00:00,22125.99,21633.5578571,20.0,-0.4451,,stop,6
BTCUSDT,rnd110048,2023-03-09T04:00:00+00:00,2023-03-09T16:00:00+00:00,21770.37,21097.0664286,20.0,-0.6186,,stop,3
BTCUSDT,rnd110048,2023-03-09T20:00:00+00:00,2023-03-10T00:00:00+00:00,20856.3,20008.0642857,20.0,-0.8134,,stop,1
BTCUSDT,rnd110048,2023-03-10T20:00:00+00:00,2023-03-14T16:00:00+00:00,20022.72,24640.9071429,20.0,4.6129,,stop,23
BTCUSDT,rnd110048,2023-03-15T00:00:00+00:00,2023-05-10T16:00:00+00:00,24670.41,26860.3485714,20.0,1.7754,,stop,340
BTCUSDT,rnd110048,2023-05-11T04:00:00+00:00,2023-05-12T04:00:00+00:00,27446.9,26364.775,20.0,-0.7885,,stop,6
BTCUSDT,rnd110048,2023-05-12T12:00:00+00:00,2023-06-05T12:00:00+00:00,26348.02,26497.3485714,20.0,0.1134,,stop,144
BTCUSDT,rnd110048,2023-06-05T16:00:00+00:00,2023-06-05T16:00:00+00:00,26007.53,25424.4925,20.0,-0.4484,,stop,0
BTCUSDT,rnd110048,2023-06-06T00:00:00+00:00,2023-06-07T12:00:00+00:00,25728.2,26241.6985714,20.0,0.3992,,stop,9
BTCUSDT,rnd110048,2023-06-07T16:00:00+00:00,2023-06-14T20:00:00+00:00,26349.52,25072.9825,20.0,-0.9689,,stop,43
BTCUSDT,rnd110048,2023-06-15T00:00:00+00:00,2023-06-22T12:00:00+00:00,25128.6,29565.9657143,20.0,3.5317,,stop,45
BTCUSDT,rnd110048,2023-06-22T16:00:00+00:00,2023-07-24T08:00:00+00:00,29850.65,29322.6171429,20.0,-0.3538,,stop,190
BTCUSDT,rnd110048,2023-07-25T00:00:00+00:00,2023-08-01T12:00:00+00:00,29176.5,28659.2742857,20.0,-0.3545,,stop,45
BTCUSDT,rnd110048,2023-08-02T04:00:00+00:00,2023-08-04T20:00:00+00:00,29632.96,28906.9367857,20.0,-0.49,,stop,16
BTCUSDT,rnd110048,2023-08-05T12:00:00+00:00,2023-08-09T16:00:00+00:00,29048.01,29488.1142857,20.0,0.303,,stop,25
BTCUSDT,rnd110048,2023-08-09T20:00:00+00:00,2023-08-17T00:00:00+00:00,29416.21,28651.5332143,20.0,-0.5199,,stop,43
BTCUSDT,rnd110048,2023-08-17T04:00:00+00:00,2023-08-17T12:00:00+00:00,28657.3,28189.9339286,20.0,-0.3262,,stop,2
BTCUSDT,rnd110048,2023-08-17T16:00:00+00:00,2023-08-17T20:00:00+00:00,27934.02,27351.9610714,20.0,-0.4167,,stop,1
BTCUSDT,rnd110048,2023-08-18T12:00:00+00:00,2023-08-31T16:00:00+00:00,26494.0,26194.3328571,20.0,-0.2262,,stop,79
BTCUSDT,rnd110048,2023-08-31T20:00:00+00:00,2023-09-11T12:00:00+00:00,26162.79,24985.5096429,20.0,-0.9,,stop,64
BTCUSDT,rnd110048,2023-09-11T16:00:00+00:00,2023-09-13T00:00:00+00:00,25115.98,25777.0828571,20.0,0.5264,,stop,8
BTCUSDT,rnd110048,2023-09-13T08:00:00+00:00,2023-10-11T12:00:00+00:00,25879.91,26945.0571429,20.0,0.8231,,stop,169
BTCUSDT,rnd110048,2023-10-11T16:00:00+00:00,2023-10-16T16:00:00+00:00,26779.45,28064.16,20.0,0.9595,,stop,30
BTCUSDT,rnd110048,2023-10-17T04:00:00+00:00,2023-10-24T00:00:00+00:00,28270.0,33056.7928571,20.0,3.3865,,stop,41
BTCUSDT,rnd110048,2023-10-24T04:00:00+00:00,2023-11-14T16:00:00+00:00,34061.59,34816.9628571,20.0,0.4435,,stop,129
BTCUSDT,rnd110048,2023-11-14T20:00:00+00:00,2023-11-16T16:00:00+00:00,35294.0,36019.3,20.0,0.411,,stop,11
BTCUSDT,rnd110048,2023-11-16T20:00:00+00:00,2023-12-11T00:00:00+00:00,35921.01,41752.7914286,20.0,3.247,,stop,145
BTCUSDT,rnd110048,2023-12-11T12:00:00+00:00,2023-12-11T16:00:00+00:00,42344.01,40882.9814286,20.0,-0.6901,,stop,1
BTCUSDT,rnd110048,2023-12-11T20:00:00+00:00,2023-12-18T08:00:00+00:00,40779.99,40670.5714286,20.0,-0.0537,,stop,39
BTCUSDT,rnd110048,2023-12-18T16:00:00+00:00,2023-12-26T08:00:00+00:00,41265.95,42357.6285714,20.0,0.5291,,stop,46
BTCUSDT,rnd110048,2023-12-26T12:00:00+00:00,2023-12-29T16:00:00+00:00,42685.56,41894.3128571,20.0,-0.3707,,stop,19
BTCUSDT,rnd110048,2023-12-29T20:00:00+00:00,2023-12-31T00:00:00+00:00,42116.51,42176.0,20.0,0.0283,,stop,7
DOGEUSDT,rnd110048,2021-09-03T16:00:00+00:00,2021-09-07T08:00:00+00:00,0.301,0.281985714286,20.0,-1.2634,,stop,22
DOGEUSDT,rnd110048,2021-09-07T12:00:00+00:00,2021-09-07T12:00:00+00:00,0.285,0.263142857143,20.0,-1.5338,,stop,0
DOGEUSDT,rnd110048,2021-09-07T16:00:00+00:00,2021-09-20T04:00:00+00:00,0.2519,0.217739285714,20.0,-2.7122,,stop,75
DOGEUSDT,rnd110048,2021-09-20T08:00:00+00:00,2021-09-20T12:00:00+00:00,0.2178,0.204032142857,20.0,-1.2643,,stop,1
DOGEUSDT,rnd110048,2021-09-20T16:00:00+00:00,2021-09-24T08:00:00+00:00,0.2139,0.201657142857,20.0,-1.1447,,stop,22
DOGEUSDT,rnd110048,2021-09-24T12:00:00+00:00,2021-10-10T20:00:00+00:00,0.2037,0.2357,20.0,3.1419,,stop,98
DOGEUSDT,rnd110048,2021-10-11T08:00:00+00:00,2021-10-12T00:00:00+00:00,0.2382,0.222592857143,20.0,-1.3104,,stop,4
DOGEUSDT,rnd110048,2021-10-12T04:00:00+00:00,2021-10-18T20:00:00+00:00,0.224,0.245228571429,20.0,1.8954,,stop,40
DOGEUSDT,rnd110048,2021-10-19T00:00:00+00:00,2021-10-27T08:00:00+00:00,0.2474,0.2476,20.0,0.0162,,stop,50
DOGEUSDT,rnd110048,2021-10-28T04:00:00+00:00,2021-10-29T04:00:00+00:00,0.2357,0.288828571429,20.0,4.5082,,stop,6
DOGEUSDT,rnd110048,2021-10-29T12:00:00+00:00,2021-11-26T08:00:00+00:00,0.2846,0.209332142857,20.0,-5.2894,,stop,167
DOGEUSDT,rnd110048,2021-11-26T12:00:00+00:00,2021-12-03T16:00:00+00:00,0.1969,0.198442857143,20.0,0.1567,,stop,43
DOGEUSDT,rnd110048,2021-12-04T04:00:00+00:00,2021-12-04T04:00:00+00:00,0.1897,0.171717857143,20.0,-1.8959,,stop,0
DOGEUSDT,rnd110048,2021-12-04T12:00:00+00:00,2021-12-15T12:00:00+00:00,0.159,0.174771428571,20.0,1.9838,,stop,66
DOGEUSDT,rnd110048,2021-12-16T00:00:00+00:00,2022-01-10T12:00:00+00:00,0.1808,0.144603571429,20.0,-4.004,,stop,153
DOGEUSDT,rnd110048,2022-01-12T04:00:00+00:00,2022-01-14T08:00:00+00:00,0.1532,0.190228571429,20.0,4.834,,stop,13
DOGEUSDT,rnd110048,2022-01-15T00:00:00+00:00,2022-01-20T20:00:00+00:00,0.1832,0.153860714286,20.0,-3.203,,stop,35
DOGEUSDT,rnd110048,2022-01-22T04:00:00+00:00,2022-01-22T04:00:00+00:00,0.1423,0.128728571429,20.0,-1.9074,,stop,0
DOGEUSDT,rnd110048,2022-01-22T08:00:00+00:00,2022-02-11T16:00:00+00:00,0.1305,0.147557142857,20.0,2.6141,,stop,122
DOGEUSDT,rnd110048,2022-02-12T16:00:00+00:00,2022-02-17T16:00:00+00:00,0.1432,0.140828571429,20.0,-0.3312,,stop,30
DOGEUSDT,rnd110048,2022-02-17T20:00:00+00:00,2022-02-21T12:00:00+00:00,0.1411,0.133757142857,20.0,-1.0408,,stop,22
DOGEUSDT,rnd110048,2022-02-21T20:00:00+00:00,2022-02-22T00:00:00+00:00,0.1356,0.127082142857,20.0,-1.2563,,stop,1
DOGEUSDT,rnd110048,2022-02-22T08:00:00+00:00,2022-02-24T00:00:00+00:00,0.1268,0.118885714286,20.0,-1.2483,,stop,10
DOGEUSDT,rnd110048,2022-02-24T04:00:00+00:00,2022-03-04T20:00:00+00:00,0.1159,0.1212,20.0,0.9146,,stop,52
DOGEUSDT,rnd110048,2022-03-05T04:00:00+00:00,2022-03-07T20:00:00+00:00,0.1228,0.114817857143,20.0,-1.3,,stop,16
DOGEUSDT,rnd110048,2022-03-08T00:00:00+00:00,2022-03-13T12:00:00+00:00,0.1168,0.112871428571,20.0,-0.6727,,stop,33
DOGEUSDT,rnd110048,2022-03-14T04:00:00+00:00,2022-03-14T12:00:00+00:00,0.1113,0.114114285714,20.0,0.5057,,stop,2
DOGEUSDT,rnd110048,2022-03-14T20:00:00+00:00,2022-03-25T16:00:00+00:00,0.1121,0.130442857143,20.0,3.2726,,stop,65
DOGEUSDT,rnd110048,2022-03-26T00:00:00+00:00,2022-04-01T00:00:00+00:00,0.1308,0.135042857143,20.0,0.6488,,stop,36
DOGEUSDT,rnd110048,2022-04-01T08:00:00+00:00,2022-04-06T00:00:00+00:00,0.1364,0.163028571429,20.0,3.9045,,stop,28
DOGEUSDT,rnd110048,2022-04-07T00:00:00+00:00,2022-04-29T16:00:00+00:00,0.1432,0.133442857143,20.0,-1.3627,,stop,136
DOGEUSDT,rnd110048,2022-04-30T04:00:00+00:00,2022-04-30T20:00:00+00:00,0.1357,0.126003571429,20.0,-1.4291,,stop,4
DOGEUSDT,rnd110048,2022-05-01T12:00:00+00:00,2022-05-09T04:00:00+00:00,0.131,0.120742857143,20.0,-1.566,,stop,46
DOGEUSDT,rnd110048,2022-05-09T12:00:00+00:00,2022-05-09T16:00:00+00:00,0.1176,0.1091,20.0,-1.4456,,stop,1
DOGEUSDT,rnd110048,2022-05-10T04:00:00+00:00,2022-05-11T12:00:00+00:00,0.1075,0.0973142857143,20.0,-1.895,,stop,8
DOGEUSDT,rnd110048,2022-05-11T20:00:00+00:00,2022-06-13T00:00:00+00:00,0.0839,0.0599178571429,20.0,-5.7168,,stop,193
DOGEUSDT,rnd110048,2022-06-13T12:00:00+00:00,2022-06-30T08:00:00+00:00,0.05424,0.0629,20.0,3.1932,,stop,101
DOGEUSDT,rnd110048,2022-06-30T12:00:00+00:00,2022-07-11T20:00:00+00:00,0.06309,0.0620371428571,20.0,-0.3338,,stop,68
DOGEUSDT,rnd110048,2022-07-12T08:00:00+00:00,2022-07-13T12:00:00+00:00,0.06176,0.0581421428571,20.0,-1.1716,,stop,7
DOGEUSDT,rnd110048,2022-07-13T20:00:00+00:00,2022-07-20T20:00:00+00:00,0.06012,0.0698185714286,20.0,3.2264,,stop,42
DOGEUSDT,rnd110048,2022-07-21T16:00:00+00:00,2022-07-26T12:00:00+00:00,0.06846,0.0607725,20.0,-2.2458,,stop,29
DOGEUSDT,rnd110048,2022-07-27T04:00:00+00:00,2022-07-31T20:00:00+00:00,0.06183,0.0680857142857,20.0,2.0235,,stop,28
DOGEUSDT,rnd110048,2022-08-01T08:00:00+00:00,2022-08-15T08:00:00+00:00,0.06951,0.0751571428571,20.0,1.6248,,stop,84
DOGEUSDT,rnd110048,2022-08-15T16:00:00+00:00,2022-08-18T16:00:00+00:00,0.0773,0.07772,20.0,0.1087,,stop,18
DOGEUSDT,rnd110048,2022-08-18T20:00:00+00:00,2022-08-19T04:00:00+00:00,0.07794,0.0703382142857,20.0,-1.9507,,stop,2
DOGEUSDT,rnd110048,2022-08-19T08:00:00+00:00,2022-08-27T04:00:00+00:00,0.07039,0.0623596428571,20.0,-2.2817,,stop,47
DOGEUSDT,rnd110048,2022-08-27T08:00:00+00:00,2022-09-06T16:00:00+00:00,0.06383,0.0586246428571,20.0,-1.631,,stop,62
DOGEUSDT,rnd110048,2022-09-07T00:00:00+00:00,2022-09-13T16:00:00+00:00,0.05888,0.0598528571429,20.0,0.3305,,stop,40
DOGEUSDT,rnd110048,2022-09-14T04:00:00+00:00,2022-09-18T20:00:00+00:00,0.06054,0.0565775,20.0,-1.3091,,stop,28
DOGEUSDT,rnd110048,2022-09-19T04:00:00+00:00,2022-09-21T20:00:00+00:00,0.05678,0.0562414285714,20.0,-0.1897,,stop,16
DOGEUSDT,rnd110048,2022-09-22T20:00:00+00:00,2022-09-25T12:00:00+00:00,0.05909,0.06175,20.0,0.9003,,stop,16
DOGEUSDT,rnd110048,2022-09-25T16:00:00+00:00,2022-10-11T00:00:00+00:00,0.06224,0.0583985714286,20.0,-1.2344,,stop,92
DOGEUSDT,rnd110048,2022-10-11T04:00:00+00:00,2022-10-13T04:00:00+00:00,0.05899,0.0575357142857,20.0,-0.4931,,stop,12
DOGEUSDT,rnd110048,2022-10-13T08:00:00+00:00,2022-10-27T08:00:00+00:00,0.05763,0.0770485714286,20.0,6.739,,stop,84
DOGEUSDT,rnd110048,2022-10-27T16:00:00+00:00,2022-10-29T16:00:00+00:00,0.07769,0.13219,20.0,14.0301,,stop,12
DOGEUSDT,rnd110048,2022-10-29T20:00:00+00:00,2022-11-06T20:00:00+00:00,0.12786,0.11353,20.0,-2.2415,,stop,48
DOGEUSDT,rnd110048,2022-11-07T00:00:00+00:00,2022-11-08T04:00:00+00:00,0.11477,0.101166428571,20.0,-2.3706,,stop,7
DOGEUSDT,rnd110048,2022-11-08T16:00:00+00:00,2022-11-08T16:00:00+00:00,0.0994,0.0835035714286,20.0,-3.1985,,stop,0
DOGEUSDT,rnd110048,2022-11-09T08:00:00+00:00,2022-12-16T20:00:00+00:00,0.08683,0.0775457142857,20.0,-2.1385,,stop,225
DOGEUSDT,rnd110048,2022-12-17T08:00:00+00:00,2022-12-19T16:00:00+00:00,0.07796,0.0717921428571,20.0,-1.5823,,stop,14
DOGEUSDT,rnd110048,2022-12-20T00:00:00+00:00,2022-12-28T00:00:00+00:00,0.07133,0.0716257142857,20.0,0.0829,,stop,48
DOGEUSDT,rnd110048,2022-12-28T20:00:00+00:00,2022-12-30T04:00:00+00:00,0.07105,0.0676160714286,20.0,-0.9666,,stop,8
DOGEUSDT,rnd110048,2022-12-30T08:00:00+00:00,2023-01-14T08:00:00+00:00,0.06775,0.0833471428571,20.0,4.6043,,stop,90
DOGEUSDT,rnd110048,2023-01-14T12:00:00+00:00,2023-01-18T16:00:00+00:00,0.08613,0.0779246428571,20.0,-1.9053,,stop,25
DOGEUSDT,rnd110048,2023-01-18T20:00:00+00:00,2023-01-25T00:00:00+00:00,0.08191,0.08201,20.0,0.0244,,stop,37
DOGEUSDT,rnd110048,2023-01-25T08:00:00+00:00,2023-02-01T16:00:00+00:00,0.0848,0.0887871428571,20.0,0.9404,,stop,44
DOGEUSDT,rnd110048,2023-02-03T12:00:00+00:00,2023-02-06T20:00:00+00:00,0.0923,0.0901742857143,20.0,-0.4606,,stop,20
DOGEUSDT,rnd110048,2023-02-07T00:00:00+00:00,2023-02-09T16:00:00+00:00,0.08956,0.0829260714286,20.0,-1.4814,,stop,16
DOGEUSDT,rnd110048,2023-02-10T12:00:00+00:00,2023-02-24T12:00:00+00:00,0.08161,0.0820071428571,20.0,0.0973,,stop,84
DOGEUSDT,rnd110048,2023-02-25T04:00:00+00:00,2023-03-03T00:00:00+00:00,0.08123,0.077355,20.0,-0.9541,,stop,35
DOGEUSDT,rnd110048,2023-03-03T08:00:00+00:00,2023-03-08T16:00:00+00:00,0.07571,0.072085,20.0,-0.9576,,stop,32
DOGEUSDT,rnd110048,2023-03-09T00:00:00+00:00,2023-03-09T20:00:00+00:00,0.07112,0.0675128571429,20.0,-1.0144,,stop,5
DOGEUSDT,rnd110048,2023-03-10T00:00:00+00:00,2023-03-15T12:00:00+00:00,0.06597,0.0703857142857,20.0,1.3387,,stop,33
DOGEUSDT,rnd110048,2023-03-16T00:00:00+00:00,2023-04-03T20:00:00+00:00,0.06964,0.0952485714286,20.0,7.3546,,stop,113
DOGEUSDT,rnd110048,2023-04-04T00:00:00+00:00,2023-04-07T04:00:00+00:00,0.09601,0.0829742857143,20.0,-2.7155,,stop,19
DOGEUSDT,rnd110048,2023-04-07T08:00:00+00:00,2023-04-21T16:00:00+00:00,0.08304,0.0797228571429,20.0,-0.7989,,stop,86
DOGEUSDT,rnd110048,2023-04-21T20:00:00+00:00,2023-05-08T16:00:00+00:00,0.07889,0.0706739285714,20.0,-2.0829,,stop,101
DOGEUSDT,rnd110048,2023-05-09T08:00:00+00:00,2023-05-11T16:00:00+00:00,0.07279,0.0693828571429,20.0,-0.9362,,stop,14
DOGEUSDT,rnd110048,2023-05-12T00:00:00+00:00,2023-05-24T12:00:00+00:00,0.07193,0.0696528571429,20.0,-0.6332,,stop,75
DOGEUSDT,rnd110048,2023-05-25T00:00:00+00:00,2023-05-25T00:00:00+00:00,0.07065,0.0686625,20.0,-0.5626,,stop,0
DOGEUSDT,rnd110048,2023-05-25T08:00:00+00:00,2023-06-05T12:00:00+00:00,0.07025,0.0702971428571,20.0,0.0134,,stop,67
DOGEUSDT,rnd110048,2023-06-05T20:00:00+00:00,2023-06-07T12:00:00+00:00,0.06663,0.0675157142857,20.0,0.2659,,stop,10
DOGEUSDT,rnd110048,2023-06-07T16:00:00+00:00,2023-06-10T04:00:00+00:00,0.06716,0.0645371428571,20.0,-0.7811,,stop,15
DOGEUSDT,rnd110048,2023-06-10T16:00:00+00:00,2023-06-28T16:00:00+00:00,0.06018,0.0609242857143,20.0,0.2474,,stop,108
DOGEUSDT,rnd110048,2023-06-29T04:00:00+00:00,2023-06-30T12:00:00+00:00,0.06264,0.0614171428571,20.0,-0.3904,,stop,8
DOGEUSDT,rnd110048,2023-06-30T16:00:00+00:00,2023-07-05T12:00:00+00:00,0.06405,0.0658771428571,20.0,0.5705,,stop,29
DOGEUSDT,rnd110048,2023-07-05T16:00:00+00:00,2023-07-14T16:00:00+00:00,0.06625,0.0669671428571,20.0,0.2165,,stop,54
DOGEUSDT,rnd110048,2023-07-14T20:00:00+00:00,2023-08-01T00:00:00+00:00,0.06793,0.0754771428571,20.0,2.222,,stop,103
DOGEUSDT,rnd110048,2023-08-01T04:00:00+00:00,2023-08-07T16:00:00+00:00,0.07617,0.0723039285714,20.0,-1.0151,,stop,39
DOGEUSDT,rnd110048,2023-08-08T00:00:00+00:00,2023-08-15T16:00:00+00:00,0.07354,0.0726328571429,20.0,-0.2467,,stop,46
DOGEUSDT,rnd110048,2023-08-15T20:00:00+00:00,2023-08-16T20:00:00+00:00,0.07115,0.0678410714286,20.0,-0.9301,,stop,6
DOGEUSDT,rnd110048,2023-08-17T00:00:00+00:00,2023-08-17T20:00:00+00:00,0.06718,0.0633746428571,20.0,-1.1329,,stop,5
DOGEUSDT,rnd110048,2023-08-18T00:00:00+00:00,2023-10-09T08:00:00+00:00,0.06102,0.0591285714286,20.0,-0.6199,,stop,314
DOGEUSDT,rnd110048,2023-10-09T16:00:00+00:00,2023-10-12T16:00:00+00:00,0.05879,0.0572346428571,20.0,-0.5291,,stop,18
DOGEUSDT,rnd110048,2023-10-13T00:00:00+00:00,2023-10-17T12:00:00+00:00,0.05789,0.0592085714286,20.0,0.4555,,stop,27
DOGEUSDT,rnd110048,2023-10-17T20:00:00+00:00,2023-10-24T04:00:00+00:00,0.05895,0.0662285714286,20.0,2.4694,,stop,38
DOGEUSDT,rnd110048,2023-10-24T12:00:00+00:00,2023-10-27T16:00:00+00:00,0.0679,0.0681542857143,20.0,0.0749,,stop,19
DOGEUSDT,rnd110048,2023-10-27T20:00:00+00:00,2023-11-14T16:00:00+00:00,0.06826,0.0704271428571,20.0,0.635,,stop,107
DOGEUSDT,rnd110048,2023-11-15T08:00:00+00:00,2023-11-19T00:00:00+00:00,0.0736,0.07764,20.0,1.0978,,stop,22
DOGEUSDT,rnd110048,2023-11-19T08:00:00+00:00,2023-12-11T16:00:00+00:00,0.07936,0.09256,20.0,3.3266,,stop,134
DOGEUSDT,rnd110048,2023-12-11T20:00:00+00:00,2023-12-31T00:00:00+00:00,0.09379,0.08969,20.0,-0.8743,,stop,115
ETHUSDT,rnd110048,2021-09-03T12:00:00+00:00,2021-09-07T08:00:00+00:00,3953.5,3714.75535714,20.0,-1.2078,,stop,23
ETHUSDT,rnd110048,2021-09-07T12:00:00+00:00,2021-09-07T12:00:00+00:00,3749.21,3567.35107143,20.0,-0.9701,,stop,0
ETHUSDT,rnd110048,2021-09-08T00:00:00+00:00,2021-09-20T04:00:00+00:00,3434.84,3116.00571429,20.0,-1.8565,,stop,73
ETHUSDT,rnd110048,2021-09-20T08:00:00+00:00,2021-09-21T00:00:00+00:00,3126.83,2909.71214286,20.0,-1.3887,,stop,4
ETHUSDT,rnd110048,2021-09-21T04:00:00+00:00,2021-09-21T20:00:00+00:00,2998.79,2688.20428571,20.0,-2.0714,,stop,4
ETHUSDT,rnd110048,2021-09-22T00:00:00+00:00,2021-11-16T00:00:00+00:00,2766.72,4273.03142857,20.0,10.8888,,stop,330
ETHUSDT,rnd110048,2021-11-16T04:00:00+00:00,2021-11-17T00:00:00+00:00,4309.59,4077.2525,20.0,-1.0782,,stop,5
ETHUSDT,rnd110048,2021-11-17T04:00:00+00:00,2021-11-26T08:00:00+00:00,4122.18,4029.53714286,20.0,-0.4495,,stop,55
ETHUSDT,rnd110048,2021-11-26T12:00:00+00:00,2021-12-03T16:00:00+00:00,3984.92,4315.90142857,20.0,1.6612,,stop,43
ETHUSDT,rnd110048,2021-12-03T20:00:00+00:00,2021-12-04T04:00:00+00:00,4228.82,3892.35035714,20.0,-1.5913,,stop,2
ETHUSDT,rnd110048,2021-12-04T08:00:00+00:00,2021-12-13T12:00:00+00:00,3893.51,3764.71428571,20.0,-0.6616,,stop,55
ETHUSDT,rnd110048,2021-12-13T20:00:00+00:00,2021-12-29T12:00:00+00:00,3765.8,3706.65714286,20.0,-0.3141,,stop,94
ETHUSDT,rnd110048,2021-12-29T20:00:00+00:00,2022-01-05T20:00:00+00:00,3725.69,3604.94714286,20.0,-0.6482,,stop,42
ETHUSDT,rnd110048,2022-01-06T04:00:00+00:00,2022-01-07T04:00:00+00:00,3448.83,3220.44785714,20.0,-1.3244,,stop,6
ETHUSDT,rnd110048,2022-01-07T08:00:00+00:00,2022-01-21T00:00:00+00:00,3201.75,2967.23285714,20.0,-1.4649,,stop,82
ETHUSDT,rnd110048,2022-01-21T04:00:00+00:00,2022-01-21T20:00:00+00:00,2837.21,2594.74928571,20.0,-1.7091,,stop,4
ETHUSDT,rnd110048,2022-01-22T00:00:00+00:00,2022-01-24T08:00:00+00:00,2567.47,2269.63607143,20.0,-2.3201,,stop,14
ETHUSDT,rnd110048,2022-01-25T04:00:00+00:00,2022-02-18T12:00:00+00:00,2415.76,2793.04571429,20.0,3.1235,,stop,146
ETHUSDT,rnd110048,2022-02-18T20:00:00+00:00,2022-02-20T20:00:00+00:00,2797.87,2579.6575,20.0,-1.5598,,stop,12
ETHUSDT,rnd110048,2022-02-21T00:00:00+00:00,2022-02-24T00:00:00+00:00,2621.99,2499.43571429,20.0,-0.9348,,stop,18
ETHUSDT,rnd110048,2022-02-24T04:00:00+00:00,2022-03-04T00:00:00+00:00,2397.41,2688.56714286,20.0,2.4289,,stop,47
ETHUSDT,rnd110048,2022-03-05T12:00:00+00:00,2022-03-07T16:00:00+00:00,2648.18,2486.38892857,20.0,-1.2219,,stop,13
ETHUSDT,rnd110048,2022-03-08T04:00:00+00:00,2022-04-06T00:00:00+00:00,2549.27,3297.14285714,20.0,5.8673,,stop,173
ETHUSDT,rnd110048,2022-04-06T04:00:00+00:00,2022-04-06T16:00:00+00:00,3342.84,3172.14178571,20.0,-1.0213,,stop,3
ETHUSDT,rnd110048,2022-04-07T04:00:00+00:00,2022-04-11T12:00:00+00:00,3185.56,3020.08,20.0,-1.0389,,stop,26
ETHUSDT,rnd110048,2022-04-11T16:00:00+00:00,2022-04-18T04:00:00+00:00,3003.39,2940.32571429,20.0,-0.42,,stop,39
ETHUSDT,rnd110048,2022-04-18T12:00:00+00:00,2022-04-21T20:00:00+00:00,2911.86,3007.32571429,20.0,0.6557,,stop,20
ETHUSDT,rnd110048,2022-04-22T00:00:00+00:00,2022-04-25T04:00:00+00:00,2983.57,2834.52892857,20.0,-0.9991,,stop,19
ETHUSDT,rnd110048,2022-04-26T00:00:00+00:00,2022-04-26T12:00:00+00:00,3006.63,2870.86392857,20.0,-0.9031,,stop,3
ETHUSDT,rnd110048,2022-04-26T16:00:00+00:00,2022-04-30T20:00:00+00:00,2859.76,2719.12285714,20.0,-0.9836,,stop,25
ETHUSDT,rnd110048,2022-05-01T00:00:00+00:00,2022-05-05T12:00:00+00:00,2726.67,2740.69857143,20.0,0.1029,,stop,27
ETHUSDT,rnd110048,2022-05-05T20:00:00+00:00,2022-05-08T00:00:00+00:00,2729.12,2570.47178571,20.0,-1.1626,,stop,13
ETHUSDT,rnd110048,2022-05-08T04:00:00+00:00,2022-05-09T08:00:00+00:00,2545.08,2409.22464286,20.0,-1.0676,,stop,7
ETHUSDT,rnd110048,2022-05-09T20:00:00+00:00,2022-05-11T12:00:00+00:00,2270.68,2140.43428571,20.0,-1.1472,,stop,10
ETHUSDT,rnd110048,2022-05-11T20:00:00+00:00,2022-05-26T12:00:00+00:00,2117.52,1776.22,20.0,-3.2236,,stop,88
ETHUSDT,rnd110048,2022-05-26T16:00:00+00:00,2022-05-27T04:00:00+00:00,1862.03,1723.94428571,20.0,-1.4832,,stop,3
ETHUSDT,rnd110048,2022-05-27T08:00:00+00:00,2022-06-03T08:00:00+00:00,1764.6,1757.85,20.0,-0.0765,,stop,42
ETHUSDT,rnd110048,2022-06-03T12:00:00+00:00,2022-06-07T00:00:00+00:00,1762.36,1738.63428571,20.0,-0.2692,,stop,21
ETHUSDT,rnd110048,2022-06-07T04:00:00+00:00,2022-06-10T16:00:00+00:00,1756.76,1702.80857143,20.0,-0.6142,,stop,21
ETHUSDT,rnd110048,2022-06-10T20:00:00+00:00,2022-06-11T08:00:00+00:00,1669.01,1572.73321429,20.0,-1.1537,,stop,3
ETHUSDT,rnd110048,2022-06-11T12:00:00+00:00,2022-06-12T00:00:00+00:00,1575.97,1472.57535714,20.0,-1.3121,,stop,3
ETHUSDT,rnd110048,2022-06-12T12:00:00+00:00,2022-06-13T00:00:00+00:00,1468.98,1330.00321429,20.0,-1.8922,,stop,3
ETHUSDT,rnd110048,2022-06-13T04:00:00+00:00,2022-06-13T12:00:00+00:00,1350.96,1178.02964286,20.0,-2.5601,,stop,2
ETHUSDT,rnd110048,2022-06-13T16:00:00+00:00,2022-06-18T04:00:00+00:00,1229.75,1011.03392857,20.0,-3.5571,,stop,27
ETHUSDT,rnd110048,2022-06-18T08:00:00+00:00,2022-06-30T04:00:00+00:00,1003.78,1069.94857143,20.0,1.3184,,stop,71
ETHUSDT,rnd110048,2022-06-30T12:00:00+00:00,2022-07-11T12:00:00+00:00,1018.48,1129.04,20.0,2.1711,,stop,66
ETHUSDT,rnd110048,2022-07-11T16:00:00+00:00,2022-07-12T00:00:00+00:00,1143.67,1087.59678571,20.0,-0.9806,,stop,2
ETHUSDT,rnd110048,2022-07-12T08:00:00+00:00,2022-07-16T20:00:00+00:00,1069.07,1321.06714286,20.0,4.7143,,stop,27
ETHUSDT,rnd110048,2022-07-17T04:00:00+00:00,2022-07-25T16:00:00+00:00,1353.61,1468.68,20.0,1.7002,,stop,51
ETHUSDT,rnd110048,2022-07-26T04:00:00+00:00,2022-08-19T04:00:00+00:00,1433.04,1799.82857143,20.0,5.119,,stop,144
ETHUSDT,rnd110048,2022-08-19T12:00:00+00:00,2022-08-20T16:00:00+00:00,1707.72,1592.34142857,20.0,-1.3513,,stop,7
ETHUSDT,rnd110048,2022-08-21T08:00:00+00:00,2022-08-26T20:00:00+00:00,1585.45,1516.96571429,20.0,-0.8639,,stop,33
ETHUSDT,rnd110048,2022-08-27T00:00:00+00:00,2022-09-07T00:00:00+00:00,1508.18,1507.06857143,20.0,-0.0147,,stop,66
ETHUSDT,rnd110048,2022-09-07T04:00:00+00:00,2022-09-13T12:00:00+00:00,1510.37,1613.30285714,20.0,1.363,,stop,38
ETHUSDT,rnd110048,2022-09-13T20:00:00+00:00,2022-09-15T12:00:00+00:00,1605.25,1470.96785714,20.0,-1.673,,stop,10
ETHUSDT,rnd110048,2022-09-15T16:00:00+00:00,2022-09-19T00:00:00+00:00,1492.95,1322.95714286,20.0,-2.2773,,stop,20
ETHUSDT,rnd110048,2022-09-19T08:00:00+00:00,2022-09-21T20:00:00+00:00,1302.22,1268.87714286,20.0,-0.5121,,stop,15
ETHUSDT,rnd110048,2022-09-22T20:00:00+00:00,2022-10-13T12:00:00+00:00,1323.88,1196.13,20.0,-1.9299,,stop,124
ETHUSDT,rnd110048,2022-10-13T20:00:00+00:00,2022-10-28T08:00:00+00:00,1287.04,1486.91285714,20.0,3.1059,,stop,87
ETHUSDT,rnd110048,2022-10-28T20:00:00+00:00,2022-11-08T00:00:00+00:00,1557.37,1514.86571429,20.0,-0.5458,,stop,61
ETHUSDT,rnd110048,2022-11-08T12:00:00+00:00,2022-11-08T16:00:00+00:00,1476.87,1378.945,20.0,-1.3261,,stop,1
ETHUSDT,rnd110048,2022-11-08T20:00:00+00:00,2022-11-09T08:00:00+00:00,1315.39,1151.16857143,20.0,-2.4969,,stop,3
ETHUSDT,rnd110048,2022-11-09T12:00:00+00:00,2023-03-09T20:00:00+00:00,1220.05,1425.76142857,20.0,3.3722,,stop,722
ETHUSDT,rnd110048,2023-03-10T04:00:00+00:00,2023-03-14T20:00:00+00:00,1426.35,1675.85428571,20.0,3.4985,,stop,28
ETHUSDT,rnd110048,2023-03-15T00:00:00+00:00,2023-04-21T04:00:00+00:00,1699.41,1901.32285714,20.0,2.3763,,stop,223
ETHUSDT,rnd110048,2023-04-21T12:00:00+00:00,2023-04-24T16:00:00+00:00,1909.01,1807.97607143,20.0,-1.0585,,stop,19
ETHUSDT,rnd110048,2023-04-24T20:00:00+00:00,2023-04-26T16:00:00+00:00,1831.32,1847.35428571,20.0,0.1751,,stop,11
ETHUSDT,rnd110048,2023-04-27T04:00:00+00:00,2023-05-08T16:00:00+00:00,1898.42,1827.59428571,20.0,-0.7462,,stop,69
ETHUSDT,rnd110048,2023-05-09T00:00:00+00:00,2023-05-12T00:00:00+00:00,1847.55,1769.84285714,20.0,-0.8412,,stop,18
ETHUSDT,rnd110048,2023-05-12T12:00:00+00:00,2023-06-05T16:00:00+00:00,1764.86,1798.96857143,20.0,0.3865,,stop,145
ETHUSDT,rnd110048,2023-06-06T04:00:00+00:00,2023-06-10T04:00:00+00:00,1811.8,1820.88714286,20.0,0.1003,,stop,24
ETHUSDT,rnd110048,2023-06-11T04:00:00+00:00,2023-06-14T20:00:00+00:00,1751.55,1687.89821429,20.0,-0.7268,,stop,22
ETHUSDT,rnd110048,2023-06-15T00:00:00+00:00,2023-06-26T16:00:00+00:00,1650.95,1838.65714286,20.0,2.2739,,stop,70
ETHUSDT,rnd110048,2023-06-26T20:00:00+00:00,2023-07-06T20:00:00+00:00,1854.1,1856.80285714,20.0,0.0292,,stop,60
ETHUSDT,rnd110048,2023-07-07T04:00:00+00:00,2023-07-14T16:00:00+00:00,1858.03,1932.07285714,20.0,0.797,,stop,45
ETHUSDT,rnd110048,2023-07-15T16:00:00+00:00,2023-07-24T08:00:00+00:00,1934.81,1847.62428571,20.0,-0.9012,,stop,52
ETHUSDT,rnd110048,2023-07-24T16:00:00+00:00,2023-08-01T00:00:00+00:00,1843.09,1817.30285714,20.0,-0.2798,,stop,44
ETHUSDT,rnd110048,2023-08-01T08:00:00+00:00,2023-08-02T16:00:00+00:00,1834.18,1823.92571429,20.0,-0.1118,,stop,8
ETHUSDT,rnd110048,2023-08-02T20:00:00+00:00,2023-08-16T20:00:00+00:00,1841.85,1799.06714286,20.0,-0.4646,,stop,84
ETHUSDT,rnd110048,2023-08-17T08:00:00+00:00,2023-08-17T12:00:00+00:00,1799.95,1770.88035714,20.0,-0.323,,stop,1
ETHUSDT,rnd110048,2023-08-18T04:00:00+00:00,2023-08-22T20:00:00+00:00,1677.0,1599.57857143,20.0,-0.9233,,stop,28
ETHUSDT,rnd110048,2023-08-23T08:00:00+00:00,2023-08-31T16:00:00+00:00,1645.3,1664.86285714,20.0,0.2378,,stop,50
ETHUSDT,rnd110048,2023-08-31T20:00:00+00:00,2023-09-11T08:00:00+00:00,1657.12,1593.67714286,20.0,-0.7657,,stop,63
ETHUSDT,rnd110048,2023-09-11T20:00:00+00:00,2023-09-21T08:00:00+00:00,1539.36,1601.31428571,20.0,0.8049,,stop,57
ETHUSDT,rnd110048,2023-09-21T20:00:00+00:00,2023-10-02T16:00:00+00:00,1589.74,1678.87428571,20.0,1.1214,,stop,65
ETHUSDT,rnd110048,2023-10-02T20:00:00+00:00,2023-10-05T12:00:00+00:00,1674.32,1612.02357143,20.0,-0.7441,,stop,16
ETHUSDT,rnd110048,2023-10-05T16:00:00+00:00,2023-10-09T08:00:00+00:00,1618.3,1590.37428571,20.0,-0.3451,,stop,22
ETHUSDT,rnd110048,2023-10-09T16:00:00+00:00,2023-10-09T16:00:00+00:00,1586.28,1552.27821429,20.0,-0.4287,,stop,0
ETHUSDT,rnd110048,2023-10-10T04:00:00+00:00,2023-10-12T08:00:00+00:00,1584.87,1543.11642857,20.0,-0.5269,,stop,13
ETHUSDT,rnd110048,2023-10-12T12:00:00+00:00,2023-10-17T12:00:00+00:00,1552.06,1567.31571429,20.0,0.1966,,stop,30
ETHUSDT,rnd110048,2023-10-18T08:00:00+00:00,2023-10-24T12:00:00+00:00,1572.47,1764.72857143,20.0,2.4453,,stop,37
ETHUSDT,rnd110048,2023-10-25T04:00:00+00:00,2023-11-14T16:00:00+00:00,1788.67,1948.27857143,20.0,1.7847,,stop,123
ETHUSDT,rnd110048,2023-11-15T08:00:00+00:00,2023-11-17T12:00:00+00:00,1982.87,1925.59428571,20.0,-0.5777,,stop,13
ETHUSDT,rnd110048,2023-11-18T16:00:00+00:00,2023-12-11T00:00:00+00:00,1952.8,2246.92571429,20.0,3.0123,,stop,134
ETHUSDT,rnd110048,2023-12-11T12:00:00+00:00,2023-12-13T00:00:00+00:00,2249.68,2150.41928571,20.0,-0.8824,,stop,9
ETHUSDT,rnd110048,2023-12-13T12:00:00+00:00,2023-12-18T00:00:00+00:00,2171.65,2182.07,20.0,0.096,,stop,27
ETHUSDT,rnd110048,2023-12-18T04:00:00+00:00,2023-12-26T04:00:00+00:00,2174.8,2221.83571429,20.0,0.4326,,stop,48
ETHUSDT,rnd110048,2023-12-26T08:00:00+00:00,2023-12-29T00:00:00+00:00,2241.41,2334.45428571,20.0,0.8302,,stop,16
ETHUSDT,rnd110048,2023-12-29T04:00:00+00:00,2023-12-31T00:00:00+00:00,2351.89,2284.02,20.0,-0.5772,,stop,11
FILUSDT,rnd110048,2021-09-05T04:00:00+00:00,2021-09-06T12:00:00+00:00,93.65,108.292857143,20.0,3.1271,,stop,8
FILUSDT,rnd110048,2021-09-07T08:00:00+00:00,2021-09-07T12:00:00+00:00,106.74,90.5471428571,20.0,-3.0341,,stop,1
FILUSDT,rnd110048,2021-09-07T16:00:00+00:00,2021-09-24T08:00:00+00:00,82.99,61.0864285714,20.0,-5.2786,,stop,100
FILUSDT,rnd110048,2021-09-24T12:00:00+00:00,2021-09-26T00:00:00+00:00,62.94,55.8007142857,20.0,-2.2686,,stop,9
FILUSDT,rnd110048,2021-09-27T04:00:00+00:00,2021-10-12T12:00:00+00:00,57.75,66.4371428571,20.0,3.0085,,stop,92
FILUSDT,rnd110048,2021-10-12T16:00:00+00:00,2021-10-13T04:00:00+00:00,68.9,61.4767857143,20.0,-2.1548,,stop,3
FILUSDT,rnd110048,2021-10-14T20:00:00+00:00,2021-10-17T12:00:00+00:00,70.74,63.7078571429,20.0,-1.9882,,stop,16
FILUSDT,rnd110048,2021-10-18T04:00:00+00:00,2021-10-24T16:00:00+00:00,63.48,61.6314285714,20.0,-0.5824,,stop,39
FILUSDT,rnd110048,2021-10-25T16:00:00+00:00,2021-10-27T04:00:00+00:00,64.02,60.9557142857,20.0,-0.9573,,stop,9
FILUSDT,rnd110048,2021-10-27T20:00:00+00:00,2021-11-06T08:00:00+00:00,56.34,58.2714285714,20.0,0.6856,,stop,57
FILUSDT,rnd110048,2021-11-13T04:00:00+00:00,2021-11-16T00:00:00+00:00,62.97,57.8003571429,20.0,-1.6419,,stop,17
FILUSDT,rnd110048,2021-11-16T12:00:00+00:00,2021-11-18T04:00:00+00:00,56.38,51.9496428571,20.0,-1.5716,,stop,10
FILUSDT,rnd110048,2021-11-19T12:00:00+00:00,2021-12-03T16:00:00+00:00,53.26,50.6642857143,20.0,-0.9747,,stop,85
FILUSDT,rnd110048,2021-12-12T20:00:00+00:00,2021-12-13T12:00:00+00:00,40.07,37.4146428571,20.0,-1.3254,,stop,4
FILUSDT,rnd110048,2021-12-14T08:00:00+00:00,2021-12-20T04:00:00+00:00,36.05,34.9414285714,20.0,-0.615,,stop,35
FILUSDT,rnd110048,2021-12-21T20:00:00+00:00,2021-12-28T00:00:00+00:00,35.44,38.2985714286,20.0,1.6132,,stop,37
FILUSDT,rnd110048,2021-12-30T00:00:00+00:00,2022-01-05T20:00:00+00:00,34.21,33.0542857143,20.0,-0.6757,,stop,41
FILUSDT,rnd110048,2022-01-06T04:00:00+00:00,2022-01-08T16:00:00+00:00,32.5,28.4660714286,20.0,-2.4824,,stop,15
FILUSDT,rnd110048,2022-01-09T16:00:00+00:00,2022-01-10T12:00:00+00:00,29.79,27.1775,20.0,-1.7539,,stop,5
FILUSDT,rnd110048,2022-01-14T08:00:00+00:00,2022-01-18T08:00:00+00:00,29.06,28.3542857143,20.0,-0.4857,,stop,24
FILUSDT,rnd110048,2022-01-19T08:00:00+00:00,2022-01-21T00:00:00+00:00,27.4,25.8342857143,20.0,-1.1429,,stop,10
FILUSDT,rnd110048,2022-01-22T16:00:00+00:00,2022-02-12T00:00:00+00:00,18.49,20.7457142857,20.0,2.4399,,stop,122
FILUSDT,rnd110048,2022-02-17T08:00:00+00:00,2022-02-17T16:00:00+00:00,22.81,21.1135714286,20.0,-1.4874,,stop,2
FILUSDT,rnd110048,2022-02-17T20:00:00+00:00,2022-02-21T12:00:00+00:00,21.04,19.1167857143,20.0,-1.8282,,stop,22
FILUSDT,rnd110048,2022-02-24T00:00:00+00:00,2022-02-24T00:00:00+00:00,18.45,16.9321428571,20.0,-1.6454,,stop,0
FILUSDT,rnd110048,2022-02-27T16:00:00+00:00,2022-03-04T00:00:00+00:00,21.13,19.2914285714,20.0,-1.7402,,stop,26
FILUSDT,rnd110048,2022-03-04T08:00:00+00:00,2022-03-07T16:00:00+00:00,19.31,17.5314285714,20.0,-1.8421,,stop,20
FILUSDT,rnd110048,2022-03-10T16:00:00+00:00,2022-03-13T20:00:00+00:00,17.75,17.2028571429,20.0,-0.6165,,stop,19
FILUSDT,rnd110048,2022-03-15T12:00:00+00:00,2022-03-28T20:00:00+00:00,16.64,24.8314285714,20.0,9.8455,,stop,80
FILUSDT,rnd110048,2022-03-31T00:00:00+00:00,2022-04-06T16:00:00+00:00,25.9,22.4017857143,20.0,-2.7013,,stop,40
FILUSDT,rnd110048,2022-04-08T00:00:00+00:00,2022-04-11T08:00:00+00:00,22.47,20.1575,20.0,-2.0583,,stop,20
FILUSDT,rnd110048,2022-04-11T20:00:00+00:00,2022-04-17T20:00:00+00:00,18.43,19.87,20.0,1.5627,,stop,36
FILUSDT,rnd110048,2022-04-18T12:00:00+00:00,2022-04-25T00:00:00+00:00,18.9,18.2671428571,20.0,-0.6697,,stop,39
FILUSDT,rnd110048,2022-04-27T20:00:00+00:00,2022-04-30T20:00:00+00:00,17.46,16.5871428571,20.0,-0.9998,,stop,18
FILUSDT,rnd110048,2022-05-02T20:00:00+00:00,2022-05-09T08:00:00+00:00,14.63,12.1014285714,20.0,-3.4567,,stop,39
FILUSDT,rnd110048,2022-05-10T16:00:00+00:00,2022-05-11T12:00:00+00:00,11.7,9.86607142857,20.0,-3.1349,,stop,5
FILUSDT,rnd110048,2022-05-13T12:00:00+00:00,2022-06-11T12:00:00+00:00,9.18,6.3675,20.0,-6.1275,,stop,174
FILUSDT,rnd110048,2022-06-17T16:00:00+00:00,2022-06-29T04:00:00+00:00,5.39,5.38857142857,20.0,-0.0053,,stop,69
FILUSDT,rnd110048,2022-07-05T20:00:00+00:00,2022-07-11T00:00:00+00:00,5.51,5.35,20.0,-0.5808,,stop,31
FILUSDT,rnd110048,2022-07-12T00:00:00+00:00,2022-07-20T20:00:00+00:00,5.2,5.76714285714,20.0,2.1813,,stop,53
FILUSDT,rnd110048,2022-07-23T20:00:00+00:00,2022-07-25T16:00:00+00:00,5.53,5.27714285714,20.0,-0.9145,,stop,11
FILUSDT,rnd110048,2022-07-28T08:00:00+00:00,2022-07-30T20:00:00+00:00,5.59,8.25142857143,20.0,9.5221,,stop,15
FILUSDT,rnd110048,2022-08-01T04:00:00+00:00,2022-08-01T12:00:00+00:00,11.23,9.04607142857,20.0,-3.8895,,stop,2
FILUSDT,rnd110048,2022-08-01T20:00:00+00:00,2022-08-20T20:00:00+00:00,8.57,6.07535714286,20.0,-5.8218,,stop,114
FILUSDT,rnd110048,2022-08-21T04:00:00+00:00,2022-09-18T20:00:00+00:00,6.29,5.41571428571,20.0,-2.7799,,stop,172
FILUSDT,rnd110048,2022-09-21T12:00:00+00:00,2022-09-21T20:00:00+00:00,5.33,5.13857142857,20.0,-0.7183,,stop,2
FILUSDT,rnd110048,2022-09-22T20:00:00+00:00,2022-10-01T20:00:00+00:00,5.5,5.5,20.0,0.0,,stop,54
FILUSDT,rnd110048,2022-10-07T16:00:00+00:00,2022-10-10T20:00:00+00:00,5.44,5.22928571429,20.0,-0.7747,,stop,19
FILUSDT,rnd110048,2022-10-11T16:00:00+00:00,2022-10-13T04:00:00+00:00,5.21,4.97785714286,20.0,-0.8911,,stop,9
FILUSDT,rnd110048,2022-10-15T00:00:00+00:00,2022-10-30T20:00:00+00:00,5.06,5.31714285714,20.0,1.0164,,stop,95
FILUSDT,rnd110048,2022-11-01T08:00:00+00:00,2022-11-02T20:00:00+00:00,5.48,5.12107142857,20.0,-1.31,,stop,9
FILUSDT,rnd110048,2022-11-06T08:00:00+00:00,2022-11-08T00:00:00+00:00,6.13,5.54071428571,20.0,-1.9226,,stop,10
FILUSDT,rnd110048,2022-11-08T12:00:00+00:00,2022-11-08T16:00:00+00:00,5.33,4.74607142857,20.0,-2.1911,,stop,1
FILUSDT,rnd110048,2022-11-09T04:00:00+00:00,2022-12-16T08:00:00+00:00,4.7,3.86607142857,20.0,-3.5486,,stop,223
FILUSDT,rnd110048,2022-12-16T12:00:00+00:00,2022-12-16T20:00:00+00:00,3.894,3.68435714286,20.0,-1.0767,,stop,2
FILUSDT,rnd110048,2022-12-19T04:00:00+00:00,2023-01-24T20:00:00+00:00,2.985,4.87228571429,20.0,12.6451,,stop,220
FILUSDT,rnd110048,2023-01-25T08:00:00+00:00,2023-02-09T16:00:00+00:00,5.13,4.94057142857,20.0,-0.7385,,stop,92
FILUSDT,rnd110048,2023-02-17T00:00:00+00:00,2023-02-19T16:00:00+00:00,5.404,8.70771428571,20.0,12.2269,,stop,16
FILUSDT,rnd110048,2023-02-22T00:00:00+00:00,2023-02-24T16:00:00+00:00,8.184,7.213,20.0,-2.3729,,stop,16
FILUSDT,rnd110048,2023-02-28T00:00:00+00:00,2023-03-03T00:00:00+00:00,6.853,6.28242857143,20.0,-1.6652,,stop,18
FILUSDT,rnd110048,2023-03-04T04:00:00+00:00,2023-03-09T20:00:00+00:00,6.232,5.57985714286,20.0,-2.0929,,stop,34
FILUSDT,rnd110048,2023-03-13T08:00:00+00:00,2023-03-14T20:00:00+00:00,6.173,6.505,20.0,1.0757,,stop,9
FILUSDT,rnd110048,2023-03-18T00:00:00+00:00,2023-03-22T16:00:00+00:00,6.389,5.56882142857,20.0,-2.5675,,stop,28
FILUSDT,rnd110048,2023-03-26T00:00:00+00:00,2023-04-19T08:00:00+00:00,5.378,5.72685714286,20.0,1.2973,,stop,146
FILUSDT,rnd110048,2023-04-23T00:00:00+00:00,2023-05-05T12:00:00+00:00,5.329,5.12328571429,20.0,-0.7721,,stop,75
FILUSDT,rnd110048,2023-05-06T04:00:00+00:00,2023-05-06T12:00:00+00:00,5.209,5.02435714286,20.0,-0.7089,,stop,2
FILUSDT,rnd110048,2023-05-07T04:00:00+00:00,2023-05-08T00:00:00+00:00,5.044,4.84596428571,20.0,-0.7852,,stop,5
FILUSDT,rnd110048,2023-05-15T16:00:00+00:00,2023-05-18T16:00:00+00:00,4.505,4.39428571429,20.0,-0.4915,,stop,18
FILUSDT,rnd110048,2023-05-21T20:00:00+00:00,2023-05-22T00:00:00+00:00,4.412,4.30914285714,20.0,-0.4663,,stop,1
FILUSDT,rnd110048,2023-05-23T04:00:00+00:00,2023-05-24T12:00:00+00:00,4.51,4.37089285714,20.0,-0.6169,,stop,8
FILUSDT,rnd110048,2023-05-25T04:00:00+00:00,2023-05-31T12:00:00+00:00,4.408,4.61128571429,20.0,0.9223,,stop,38
FILUSDT,rnd110048,2023-06-03T04:00:00+00:00,2023-06-04T20:00:00+00:00,4.914,4.68078571429,20.0,-0.9492,,stop,10
FILUSDT,rnd110048,2023-06-05T12:00:00+00:00,2023-06-05T12:00:00+00:00,4.624,4.43917857143,20.0,-0.7994,,stop,0
FILUSDT,rnd110048,2023-06-06T12:00:00+00:00,2023-06-09T16:00:00+00:00,4.216,3.99228571429,20.0,-1.0613,,stop,19
FILUSDT,rnd110048,2023-06-11T00:00:00+00:00,2023-08-01T00:00:00+00:00,3.485,4.13228571429,20.0,3.7147,,stop,306
FILUSDT,rnd110048,2023-08-08T12:00:00+00:00,2023-08-15T08:00:00+00:00,4.125,4.01642857143,20.0,-0.5264,,stop,41
FILUSDT,rnd110048,2023-08-15T12:00:00+00:00,2023-08-15T16:00:00+00:00,4.018,3.90728571429,20.0,-0.5511,,stop,1
FILUSDT,rnd110048,2023-08-19T12:00:00+00:00,2023-08-22T20:00:00+00:00,3.534,3.27060714286,20.0,-1.4906,,stop,20
FILUSDT,rnd110048,2023-08-24T20:00:00+00:00,2023-08-31T12:00:00+00:00,3.32,3.29171428571,20.0,-0.1704,,stop,40
FILUSDT,rnd110048,2023-09-03T20:00:00+00:00,2023-09-04T20:00:00+00:00,3.167,3.13142857143,20.0,-0.2246,,stop,6
FILUSDT,rnd110048,2023-09-07T04:00:00+00:00,2023-09-10T04:00:00+00:00,3.245,3.11946428571,20.0,-0.7737,,stop,18
FILUSDT,rnd110048,2023-09-14T08:00:00+00:00,2023-09-21T20:00:00+00:00,3.176,3.19628571429,20.0,0.1277,,stop,45
FILUSDT,rnd110048,2023-09-22T00:00:00+00:00,2023-10-04T00:00:00+00:00,3.214,3.247,20.0,0.2054,,stop,72
FILUSDT,rnd110048,2023-10-06T16:00:00+00:00,2023-10-09T08:00:00+00:00,3.312,3.288,20.0,-0.1449,,stop,16
FILUSDT,rnd110048,2023-10-09T12:00:00+00:00,2023-10-11T00:00:00+00:00,3.283,3.14317857143,20.0,-0.8518,,stop,9
FILUSDT,rnd110048,2023-10-13T20:00:00+00:00,2023-10-17T12:00:00+00:00,3.198,3.21342857143,20.0,0.0965,,stop,22
FILUSDT,rnd110048,2023-10-18T20:00:00+00:00,2023-10-24T12:00:00+00:00,3.165,3.77942857143,20.0,3.8826,,stop,34
FILUSDT,rnd110048,2023-10-26T04:00:00+00:00,2023-11-13T20:00:00+00:00,3.839,5.08514285714,20.0,6.492,,stop,112
FILUSDT,rnd110048,2023-11-15T20:00:00+00:00,2023-11-17T12:00:00+00:00,5.253,4.65371428571,20.0,-2.2817,,stop,10
FILUSDT,rnd110048,2023-11-18T16:00:00+00:00,2023-11-21T20:00:00+00:00,4.696,4.22332142857,20.0,-2.0131,,stop,19
FILUSDT,rnd110048,2023-11-23T08:00:00+00:00,2023-12-11T00:00:00+00:00,4.513,4.91271428571,20.0,1.7714,,stop,106
FILUSDT,rnd110048,2023-12-12T20:00:00+00:00,2023-12-17T00:00:00+00:00,4.63,5.46971428571,20.0,3.6273,,stop,25
FILUSDT,rnd110048,2023-12-17T04:00:00+00:00,2023-12-18T08:00:00+00:00,5.664,5.00864285714,20.0,-2.3141,,stop,7
FILUSDT,rnd110048,2023-12-18T12:00:00+00:00,2023-12-31T00:00:00+00:00,5.027,6.037,20.0,4.0183,,stop,75
IMXUSDT,rnd110048,2022-01-13T00:00:00+00:00,2022-01-17T08:00:00+00:00,3.717,3.84757142857,20.0,0.7026,,stop,26
IMXUSDT,rnd110048,2022-01-17T12:00:00+00:00,2022-01-21T00:00:00+00:00,3.868,3.2955,20.0,-2.9602,,stop,21
IMXUSDT,rnd110048,2022-01-21T08:00:00+00:00,2022-01-21T20:00:00+00:00,3.114,2.73703571429,20.0,-2.4211,,stop,3
IMXUSDT,rnd110048,2022-01-22T00:00:00+00:00,2022-01-22T04:00:00+00:00,2.711,2.26814285714,20.0,-3.2671,,stop,1
IMXUSDT,rnd110048,2022-01-22T08:00:00+00:00,2022-02-03T20:00:00+00:00,2.288,3.36914285714,20.0,9.4505,,stop,75
IMXUSDT,rnd110048,2022-02-04T00:00:00+00:00,2022-02-08T12:00:00+00:00,3.384,2.61628571429,20.0,-4.5373,,stop,27
IMXUSDT,rnd110048,2022-02-08T16:00:00+00:00,2022-02-17T20:00:00+00:00,2.683,2.12657142857,20.0,-4.1478,,stop,55
IMXUSDT,rnd110048,2022-02-18T00:00:00+00:00,2022-02-19T12:00:00+00:00,2.125,1.92267857143,20.0,-1.9042,,stop,9
IMXUSDT,rnd110048,2022-02-19T16:00:00+00:00,2022-02-21T12:00:00+00:00,1.953,1.75657142857,20.0,-2.0116,,stop,11
IMXUSDT,rnd110048,2022-02-21T16:00:00+00:00,2022-02-21T20:00:00+00:00,1.816,1.57975,20.0,-2.6019,,stop,1
IMXUSDT,rnd110048,2022-02-22T00:00:00+00:00,2022-02-24T04:00:00+00:00,1.57,1.32314285714,20.0,-3.1447,,stop,13
IMXUSDT,rnd110048,2022-02-24T08:00:00+00:00,2022-03-04T16:00:00+00:00,1.364,1.306,20.0,-0.8504,,stop,50
IMXUSDT,rnd110048,2022-03-04T20:00:00+00:00,2022-03-06T08:00:00+00:00,1.324,1.16614285714,20.0,-2.3845,,stop,9
IMXUSDT,rnd110048,2022-03-06T12:00:00+00:00,2022-03-07T16:00:00+00:00,1.186,1.513,20.0,5.5143,,stop,7
IMXUSDT,rnd110048,2022-03-07T20:00:00+00:00,2022-03-09T00:00:00+00:00,1.514,1.45828571429,20.0,-0.736,,stop,7
IMXUSDT,rnd110048,2022-03-09T08:00:00+00:00,2022-04-06T08:00:00+00:00,1.545,2.17985714286,20.0,8.2182,,stop,168
IMXUSDT,rnd110048,2022-04-06T12:00:00+00:00,2022-04-11T08:00:00+00:00,2.151,1.888,20.0,-2.4454,,stop,29
IMXUSDT,rnd110048,2022-04-11T16:00:00+00:00,2022-04-18T04:00:00+00:00,1.799,1.56614285714,20.0,-2.5887,,stop,39
IMXUSDT,rnd110048,2022-04-18T08:00:00+00:00,2022-04-21T20:00:00+00:00,1.622,1.88685714286,20.0,3.2658,,stop,21
IMXUSDT,rnd110048,2022-04-22T00:00:00+00:00,2022-04-25T04:00:00+00:00,1.881,1.62117857143,20.0,-2.7626,,stop,19
IMXUSDT,rnd110048,2022-04-25T08:00:00+00:00,2022-04-29T08:00:00+00:00,1.614,1.60985714286,20.0,-0.0513,,stop,24
IMXUSDT,rnd110048,2022-04-29T12:00:00+00:00,2022-04-30T20:00:00+00:00,1.597,1.42789285714,20.0,-2.1178,,stop,8
IMXUSDT,rnd110048,2022-05-01T04:00:00+00:00,2022-05-05T12:00:00+00:00,1.39,1.58328571429,20.0,2.7811,,stop,26
IMXUSDT,rnd110048,2022-05-05T16:00:00+00:00,2022-05-09T04:00:00+00:00,1.586,1.31975,20.0,-3.3575,,stop,21
IMXUSDT,rnd110048,2022-05-09T08:00:00+00:00,2022-05-09T16:00:00+00:00,1.332,1.18682142857,20.0,-2.1799,,stop,2
IMXUSDT,rnd110048,2022-05-09T20:00:00+00:00,2022-05-10T20:00:00+00:00,1.205,1.127,20.0,-1.2946,,stop,6
IMXUSDT,rnd110048,2022-05-11T00:00:00+00:00,2022-05-11T12:00:00+00:00,1.19,0.925178571429,20.0,-4.4508,,stop,3
IMXUSDT,rnd110048,2022-05-11T16:00:00+00:00,2022-09-19T00:00:00+00:00,0.929,0.717714285714,20.0,-4.5487,,stop,782
IMXUSDT,rnd110048,2022-09-19T08:00:00+00:00,2022-09-26T04:00:00+00:00,0.734,0.715857142857,20.0,-0.4944,,stop,41
IMXUSDT,rnd110048,2022-09-26T08:00:00+00:00,2022-09-28T00:00:00+00:00,0.723,0.717714285714,20.0,-0.1462,,stop,10
IMXUSDT,rnd110048,2022-09-28T04:00:00+00:00,2022-10-10T08:00:00+00:00,0.723,0.713571428571,20.0,-0.2608,,stop,73
IMXUSDT,rnd110048,2022-10-10T16:00:00+00:00,2022-10-10T20:00:00+00:00,0.714,0.686321428571,20.0,-0.7753,,stop,1
IMXUSDT,rnd110048,2022-10-11T00:00:00+00:00,2022-10-13T00:00:00+00:00,0.691,0.658678571429,20.0,-0.9355,,stop,12
IMXUSDT,rnd110048,2022-10-13T04:00:00+00:00,2022-10-13T08:00:00+00:00,0.647,0.625857142857,20.0,-0.6536,,stop,1
IMXUSDT,rnd110048,2022-10-13T12:00:00+00:00,2022-10-19T04:00:00+00:00,0.626,0.601142857143,20.0,-0.7942,,stop,34
IMXUSDT,rnd110048,2022-10-19T08:00:00+00:00,2022-10-21T00:00:00+00:00,0.595,0.55625,20.0,-1.3025,,stop,10
IMXUSDT,rnd110048,2022-10-21T04:00:00+00:00,2022-10-28T00:00:00+00:00,0.565,0.573285714286,20.0,0.2933,,stop,41
IMXUSDT,rnd110048,2022-10-28T04:00:00+00:00,2022-10-31T08:00:00+00:00,0.579,0.589857142857,20.0,0.375,,stop,19
IMXUSDT,rnd110048,2022-10-31T12:00:00+00:00,2022-11-06T12:00:00+00:00,0.602,0.633428571429,20.0,1.0441,,stop,36
IMXUSDT,rnd110048,2022-11-06T16:00:00+00:00,2022-11-08T04:00:00+00:00,0.637,0.534678571429,20.0,-3.2126,,stop,9
IMXUSDT,rnd110048,2022-11-08T08:00:00+00:00,2022-11-08T16:00:00+00:00,0.581,0.516178571429,20.0,-2.2314,,stop,2
IMXUSDT,rnd110048,2022-11-08T20:00:00+00:00,2022-11-09T20:00:00+00:00,0.506,0.412428571429,20.0,-3.6985,,stop,6
IMXUSDT,rnd110048,2022-11-10T00:00:00+00:00,2023-02-05T12:00:00+00:00,0.402,0.842285714286,20.0,21.9048,,stop,525
IMXUSDT,rnd110048,2023-02-05T16:00:00+00:00,2023-02-08T12:00:00+00:00,0.885,1.03942857143,20.0,3.4899,,stop,17
IMXUSDT,rnd110048,2023-02-08T16:00:00+00:00,2023-02-09T20:00:00+00:00,1.044,0.881857142857,20.0,-3.1062,,stop,7
IMXUSDT,rnd110048,2023-02-10T00:00:00+00:00,2023-02-22T04:00:00+00:00,0.883,0.950285714286,20.0,1.524,,stop,73
IMXUSDT,rnd110048,2023-02-22T08:00:00+00:00,2023-03-03T00:00:00+00:00,0.959,0.939714285714,20.0,-0.4022,,stop,52
IMXUSDT,rnd110048,2023-03-03T04:00:00+00:00,2023-03-08T16:00:00+00:00,0.947,1.00142857143,20.0,1.1495,,stop,33
IMXUSDT,rnd110048,2023-03-08T20:00:00+00:00,2023-03-10T04:00:00+00:00,0.967,0.836464285714,20.0,-2.6998,,stop,8
IMXUSDT,rnd110048,2023-03-10T08:00:00+00:00,2023-03-15T12:00:00+00:00,0.833,1.06785714286,20.0,5.6388,,stop,31
IMXUSDT,rnd110048,2023-03-15T16:00:00+00:00,2023-03-22T20:00:00+00:00,1.084,1.19457142857,20.0,2.0401,,stop,43
IMXUSDT,rnd110048,2023-03-23T00:00:00+00:00,2023-04-21T16:00:00+00:00,1.177,0.954857142857,20.0,-3.7747,,stop,178
IMXUSDT,rnd110048,2023-04-21T20:00:00+00:00,2023-04-26T20:00:00+00:00,0.92,0.912714285714,20.0,-0.1584,,stop,30
IMXUSDT,rnd110048,2023-04-27T00:00:00+00:00,2023-05-01T16:00:00+00:00,0.959,0.937714285714,20.0,-0.4439,,stop,28
IMXUSDT,rnd110048,2023-05-01T20:00:00+00:00,2023-05-05T12:00:00+00:00,0.932,0.875571428571,20.0,-1.2109,,stop,22
IMXUSDT,rnd110048,2023-05-05T16:00:00+00:00,2023-05-06T12:00:00+00:00,0.889,0.839571428571,20.0,-1.112,,stop,5
IMXUSDT,rnd110048,2023-05-06T16:00:00+00:00,2023-05-08T04:00:00+00:00,0.836,0.782571428571,20.0,-1.2782,,stop,9
IMXUSDT,rnd110048,2023-05-08T08:00:00+00:00,2023-05-11T16:00:00+00:00,0.787,0.728142857143,20.0,-1.4957,,stop,20
IMXUSDT,rnd110048,2023-05-12T00:00:00+00:00,2023-06-05T16:00:00+00:00,0.733,0.727714285714,20.0,-0.1442,,stop,148
IMXUSDT,rnd110048,2023-06-05T20:00:00+00:00,2023-06-10T04:00:00+00:00,0.732,0.667892857143,20.0,-1.7516,,stop,26
IMXUSDT,rnd110048,2023-06-10T08:00:00+00:00,2023-07-10T00:00:00+00:00,0.603,0.676857142857,20.0,2.4497,,stop,178
IMXUSDT,rnd110048,2023-07-10T08:00:00+00:00,2023-07-14T16:00:00+00:00,0.683,0.752285714286,20.0,2.0289,,stop,26
IMXUSDT,rnd110048,2023-07-14T20:00:00+00:00,2023-07-24T20:00:00+00:00,0.738,0.698114285714,20.0,-1.0809,,stop,60
IMXUSDT,rnd110048,2023-07-25T00:00:00+00:00,2023-07-28T12:00:00+00:00,0.7075,0.782,20.0,2.106,,stop,21
IMXUSDT,rnd110048,2023-07-28T16:00:00+00:00,2023-08-07T16:00:00+00:00,0.7762,0.715771428571,20.0,-1.557,,stop,60
IMXUSDT,rnd110048,2023-08-07T20:00:00+00:00,2023-08-12T20:00:00+00:00,0.7335,0.702607142857,20.0,-0.8423,,stop,30
IMXUSDT,rnd110048,2023-08-13T00:00:00+00:00,2023-08-13T20:00:00+00:00,0.7071,0.692510714286,20.0,-0.4127,,stop,5
IMXUSDT,rnd110048,2023-08-14T00:00:00+00:00,2023-08-15T16:00:00+00:00,0.6917,0.691185714286,20.0,-0.0149,,stop,10
IMXUSDT,rnd110048,2023-08-15T20:00:00+00:00,2023-08-16T20:00:00+00:00,0.6538,0.615746428571,20.0,-1.1641,,stop,6
IMXUSDT,rnd110048,2023-08-17T00:00:00+00:00,2023-08-17T20:00:00+00:00,0.6343,0.591157142857,20.0,-1.3603,,stop,5
IMXUSDT,rnd110048,2023-08-18T04:00:00+00:00,2023-09-03T16:00:00+00:00,0.583,0.532971428571,20.0,-1.7162,,stop,99
IMXUSDT,rnd110048,2023-09-04T00:00:00+00:00,2023-09-10T00:00:00+00:00,0.543,0.529514285714,20.0,-0.4967,,stop,36
IMXUSDT,rnd110048,2023-09-10T08:00:00+00:00,2023-09-11T00:00:00+00:00,0.5231,0.502885714286,20.0,-0.7729,,stop,4
IMXUSDT,rnd110048,2023-09-11T04:00:00+00:00,2023-09-11T08:00:00+00:00,0.5073,0.484353571429,20.0,-0.9046,,stop,1
IMXUSDT,rnd110048,2023-09-11T12:00:00+00:00,2023-09-21T04:00:00+00:00,0.4854,0.721785714286,20.0,9.7398,,stop,58
IMXUSDT,rnd110048,2023-09-21T08:00:00+00:00,2023-09-23T00:00:00+00:00,0.7045,0.627357142857,20.0,-2.19,,stop,10
IMXUSDT,rnd110048,2023-09-23T04:00:00+00:00,2023-11-06T04:00:00+00:00,0.6082,0.9431,20.0,11.0128,,stop,264
IMXUSDT,rnd110048,2023-11-06T08:00:00+00:00,2023-12-11T00:00:00+00:00,0.8929,1.6807,20.0,17.6459,,stop,208
IMXUSDT,rnd110048,2023-12-11T04:00:00+00:00,2023-12-18T04:00:00+00:00,1.9101,1.86687142857,20.0,-0.4526,,stop,42
IMXUSDT,rnd110048,2023-12-18T08:00:00+00:00,2023-12-26T16:00:00+00:00,1.868,2.23271428571,20.0,3.9049,,stop,50
IMXUSDT,rnd110048,2023-12-26T20:00:00+00:00,2023-12-29T00:00:00+00:00,2.2718,2.24551428571,20.0,-0.2314,,stop,13
IMXUSDT,rnd110048,2023-12-29T04:00:00+00:00,2023-12-31T00:00:00+00:00,2.3132,2.1976,20.0,-0.9995,,stop,11
LINKUSDT,rnd110048,2021-09-05T08:00:00+00:00,2021-09-07T08:00:00+00:00,30.15,32.8328571429,20.0,1.7797,,stop,12
LINKUSDT,rnd110048,2021-09-11T08:00:00+00:00,2021-09-20T00:00:00+00:00,26.89,26.5071428571,20.0,-0.2848,,stop,52
LINKUSDT,rnd110048,2021-09-20T16:00:00+00:00,2021-09-21T20:00:00+00:00,24.49,21.8721428571,20.0,-2.1379,,stop,7
LINKUSDT,rnd110048,2021-09-22T04:00:00+00:00,2021-10-27T08:00:00+00:00,22.23,28.2242857143,20.0,5.393,,stop,211
LINKUSDT,rnd110048,2021-10-27T16:00:00+00:00,2021-11-10T20:00:00+00:00,29.4,32.6985714286,20.0,2.2439,,stop,85
LINKUSDT,rnd110048,2021-11-11T04:00:00+00:00,2021-11-16T00:00:00+00:00,34.5,30.7642857143,20.0,-2.1656,,stop,29
LINKUSDT,rnd110048,2021-11-16T04:00:00+00:00,2021-11-18T08:00:00+00:00,29.94,27.8292857143,20.0,-1.41,,stop,13
LINKUSDT,rnd110048,2021-11-20T00:00:00+00:00,2021-11-24T12:00:00+00:00,28.27,25.7825,20.0,-1.7598,,stop,27
LINKUSDT,rnd110048,2021-11-25T08:00:00+00:00,2021-11-26T08:00:00+00:00,26.2,24.7414285714,20.0,-1.1134,,stop,6
LINKUSDT,rnd110048,2021-11-27T20:00:00+00:00,2021-12-03T20:00:00+00:00,24.5,23.3457142857,20.0,-0.9423,,stop,36
LINKUSDT,rnd110048,2021-12-04T00:00:00+00:00,2021-12-04T04:00:00+00:00,23.31,21.2903571429,20.0,-1.7329,,stop,1
LINKUSDT,rnd110048,2021-12-05T20:00:00+00:00,2022-01-18T08:00:00+00:00,19.13,22.73,20.0,3.7637,,stop,261
LINKUSDT,rnd110048,2022-01-18T12:00:00+00:00,2022-01-19T04:00:00+00:00,23.22,21.6039285714,20.0,-1.392,,stop,4
LINKUSDT,rnd110048,2022-01-21T12:00:00+00:00,2022-01-21T20:00:00+00:00,19.42,17.2575,20.0,-2.2271,,stop,2
LINKUSDT,rnd110048,2022-01-24T08:00:00+00:00,2022-02-19T08:00:00+00:00,15.25,14.9828571429,20.0,-0.3504,,stop,156
LINKUSDT,rnd110048,2022-02-21T00:00:00+00:00,2022-02-21T20:00:00+00:00,14.61,13.5471428571,20.0,-1.455,,stop,5
LINKUSDT,rnd110048,2022-02-22T04:00:00+00:00,2022-02-24T04:00:00+00:00,13.21,12.0428571429,20.0,-1.7671,,stop,12
LINKUSDT,rnd110048,2022-02-26T08:00:00+00:00,2022-03-07T00:00:00+00:00,14.49,13.1042857143,20.0,-1.9126,,stop,52
LINKUSDT,rnd110048,2022-03-07T20:00:00+00:00,2022-03-13T20:00:00+00:00,12.58,12.7228571429,20.0,0.2271,,stop,36
LINKUSDT,rnd110048,2022-03-14T04:00:00+00:00,2022-03-21T00:00:00+00:00,12.7,14.3171428571,20.0,2.5467,,stop,41
LINKUSDT,rnd110048,2022-03-21T08:00:00+00:00,2022-03-31T16:00:00+00:00,14.96,16.8414285714,20.0,2.5153,,stop,62
LINKUSDT,rnd110048,2022-04-02T16:00:00+00:00,2022-04-06T00:00:00+00:00,17.32,16.2942857143,20.0,-1.1844,,stop,20
LINKUSDT,rnd110048,2022-04-06T08:00:00+00:00,2022-04-06T16:00:00+00:00,16.55,15.4303571429,20.0,-1.353,,stop,2
LINKUSDT,rnd110048,2022-04-08T12:00:00+00:00,2022-04-11T08:00:00+00:00,15.46,14.36,20.0,-1.423,,stop,17
LINKUSDT,rnd110048,2022-04-11T20:00:00+00:00,2022-04-18T04:00:00+00:00,13.9,13.1742857143,20.0,-1.0442,,stop,38
LINKUSDT,rnd110048,2022-04-19T12:00:00+00:00,2022-04-23T20:00:00+00:00,14.07,13.1878571429,20.0,-1.2539,,stop,26
LINKUSDT,rnd110048,2022-04-24T16:00:00+00:00,2022-04-25T04:00:00+00:00,13.46,12.8278571429,20.0,-0.9393,,stop,3
LINKUSDT,rnd110048,2022-04-28T08:00:00+00:00,2022-04-29T16:00:00+00:00,12.77,11.9753571429,20.0,-1.2445,,stop,8
LINKUSDT,rnd110048,2022-04-30T00:00:00+00:00,2022-04-30T20:00:00+00:00,11.98,11.1942857143,20.0,-1.3117,,stop,5
LINKUSDT,rnd110048,2022-05-01T00:00:00+00:00,2022-05-05T12:00:00+00:00,10.96,10.8157142857,20.0,-0.2633,,stop,27
LINKUSDT,rnd110048,2022-05-05T16:00:00+00:00,2022-05-08T00:00:00+00:00,10.9,9.89285714286,20.0,-1.848,,stop,14
LINKUSDT,rnd110048,2022-05-08T04:00:00+00:00,2022-05-09T08:00:00+00:00,10.05,9.29642857143,20.0,-1.4996,,stop,7
LINKUSDT,rnd110048,2022-05-10T00:00:00+00:00,2022-05-11T12:00:00+00:00,8.1,7.43285714286,20.0,-1.6473,,stop,9
LINKUSDT,rnd110048,2022-05-14T04:00:00+00:00,2022-06-11T12:00:00+00:00,7.28,7.18,20.0,-0.2747,,stop,170
LINKUSDT,rnd110048,2022-06-14T08:00:00+00:00,2022-08-19T04:00:00+00:00,6.4,7.29428571429,20.0,2.7946,,stop,395
LINKUSDT,rnd110048,2022-08-20T04:00:00+00:00,2022-08-26T20:00:00+00:00,7.068,6.45067857143,20.0,-1.7468,,stop,40
LINKUSDT,rnd110048,2022-08-27T08:00:00+00:00,2022-09-06T16:00:00+00:00,6.605,6.73971428571,20.0,0.4079,,stop,62
LINKUSDT,rnd110048,2022-09-07T08:00:00+00:00,2022-09-13T12:00:00+00:00,6.71,7.43971428571,20.0,2.175,,stop,37
LINKUSDT,rnd110048,2022-09-15T04:00:00+00:00,2022-09-19T04:00:00+00:00,7.2,7.07414285714,20.0,-0.3496,,stop,24
LINKUSDT,rnd110048,2022-09-19T12:00:00+00:00,2022-09-21T20:00:00+00:00,7.142,6.55110714286,20.0,-1.6547,,stop,14
LINKUSDT,rnd110048,2022-09-22T20:00:00+00:00,2022-09-30T16:00:00+00:00,7.106,7.52828571429,20.0,1.1885,,stop,47
LINKUSDT,rnd110048,2022-10-01T04:00:00+00:00,2022-10-02T20:00:00+00:00,7.637,7.18128571429,20.0,-1.1934,,stop,10
LINKUSDT,rnd110048,2022-10-03T12:00:00+00:00,2022-10-08T20:00:00+00:00,7.182,7.36271428571,20.0,0.5032,,stop,32
LINKUSDT,rnd110048,2022-10-14T12:00:00+00:00,2022-10-21T00:00:00+00:00,7.108,6.59514285714,20.0,-1.443,,stop,39
LINKUSDT,rnd110048,2022-10-21T12:00:00+00:00,2022-10-31T16:00:00+00:00,6.518,7.77557142857,20.0,3.8588,,stop,61
LINKUSDT,rnd110048,2022-11-01T16:00:00+00:00,2022-11-07T04:00:00+00:00,7.738,8.05971428571,20.0,0.8315,,stop,33
LINKUSDT,rnd110048,2022-11-07T20:00:00+00:00,2022-11-08T04:00:00+00:00,8.939,8.18614285714,20.0,-1.6844,,stop,2
LINKUSDT,rnd110048,2022-11-10T00:00:00+00:00,2023-06-10T04:00:00+00:00,6.232,5.696,20.0,-1.7202,,stop,1273
LINKUSDT,rnd110048,2023-06-12T08:00:00+00:00,2023-07-17T08:00:00+00:00,5.075,6.52271428571,20.0,5.7053,,stop,210
LINKUSDT,rnd110048,2023-07-18T08:00:00+00:00,2023-07-24T00:00:00+00:00,7.056,7.72657142857,20.0,1.9007,,stop,34
LINKUSDT,rnd110048,2023-07-25T04:00:00+00:00,2023-07-30T16:00:00+00:00,7.628,7.547,20.0,-0.2124,,stop,33
LINKUSDT,rnd110048,2023-07-31T08:00:00+00:00,2023-08-01T00:00:00+00:00,7.603,7.33496428571,20.0,-0.7051,,stop,4
LINKUSDT,rnd110048,2023-08-01T04:00:00+00:00,2023-08-03T20:00:00+00:00,7.385,7.08957142857,20.0,-0.8001,,stop,16
LINKUSDT,rnd110048,2023-08-04T20:00:00+00:00,2023-08-13T20:00:00+00:00,7.095,7.37385714286,20.0,0.7861,,stop,54
LINKUSDT,rnd110048,2023-08-14T12:00:00+00:00,2023-08-15T08:00:00+00:00,7.529,7.2865,20.0,-0.6442,,stop,5
LINKUSDT,rnd110048,2023-08-18T16:00:00+00:00,2023-10-02T20:00:00+00:00,6.164,7.40571428571,20.0,4.0289,,stop,271
LINKUSDT,rnd110048,2023-10-04T04:00:00+00:00,2023-10-23T08:00:00+00:00,7.484,10.0277142857,20.0,6.7977,,stop,115
LINKUSDT,rnd110048,2023-10-24T04:00:00+00:00,2023-11-14T00:00:00+00:00,10.247,14.0877142857,20.0,7.4963,,stop,125
LINKUSDT,rnd110048,2023-11-14T04:00:00+00:00,2023-11-17T12:00:00+00:00,14.638,12.9001428571,20.0,-2.3744,,stop,20
LINKUSDT,rnd110048,2023-11-17T16:00:00+00:00,2023-12-11T00:00:00+00:00,12.955,15.1434285714,20.0,3.3785,,stop,140
LINKUSDT,rnd110048,2023-12-11T08:00:00+00:00,2023-12-29T16:00:00+00:00,14.862,15.2345714286,20.0,0.5014,,stop,110
LINKUSDT,rnd110048,2023-12-30T00:00:00+00:00,2023-12-31T00:00:00+00:00,15.539,15.031,20.0,-0.6538,,stop,6
PEPEUSDT,rnd110048,2023-05-09T08:00:00+00:00,2023-05-11T16:00:00+00:00,2.05e-06,1.25535714286e-06,20.0,-7.7526,,stop,14
PEPEUSDT,rnd110048,2023-05-18T20:00:00+00:00,2023-05-21T16:00:00+00:00,1.58e-06,1.58428571429e-06,20.0,0.0542,,stop,17
PEPEUSDT,rnd110048,2023-05-31T08:00:00+00:00,2023-06-05T12:00:00+00:00,1.26e-06,1.13571428571e-06,20.0,-1.9728,,stop,31
PEPEUSDT,rnd110048,2023-06-08T00:00:00+00:00,2023-06-10T04:00:00+00:00,1.07e-06,8.82857142857e-07,20.0,-3.498,,stop,13
PEPEUSDT,rnd110048,2023-06-11T16:00:00+00:00,2023-06-24T12:00:00+00:00,9.1e-07,1.52428571429e-06,20.0,13.5008,,stop,77
PEPEUSDT,rnd110048,2023-06-25T00:00:00+00:00,2023-07-24T08:00:00+00:00,1.55e-06,1.4e-06,20.0,-1.9355,,stop,176
PEPEUSDT,rnd110048,2023-07-24T20:00:00+00:00,2023-07-26T08:00:00+00:00,1.35e-06,1.23035714286e-06,20.0,-1.7725,,stop,9
PEPEUSDT,rnd110048,2023-08-05T16:00:00+00:00,2023-08-07T16:00:00+00:00,1.15e-06,1.05714285714e-06,20.0,-1.6149,,stop,12
PEPEUSDT,rnd110048,2023-08-09T00:00:00+00:00,2023-08-15T16:00:00+00:00,1.17e-06,1.30142857143e-06,20.0,2.2466,,stop,40
PEPEUSDT,rnd110048,2023-08-17T16:00:00+00:00,2023-08-17T20:00:00+00:00,1.15e-06,1.00178571429e-06,20.0,-2.5776,,stop,1
PEPEUSDT,rnd110048,2023-08-18T08:00:00+00:00,2023-08-24T20:00:00+00:00,1.1e-06,9.23214285714e-07,20.0,-3.2143,,stop,39
PEPEUSDT,rnd110048,2023-08-25T12:00:00+00:00,2023-09-10T04:00:00+00:00,8.8e-07,7.38571428571e-07,20.0,-3.2143,,stop,94
PEPEUSDT,rnd110048,2023-09-11T04:00:00+00:00,2023-09-11T16:00:00+00:00,7.1e-07,6.42142857143e-07,20.0,-1.9115,,stop,3
PEPEUSDT,rnd110048,2023-09-15T16:00:00+00:00,2023-09-17T20:00:00+00:00,6.6e-07,6.18571428571e-07,20.0,-1.2554,,stop,13
PEPEUSDT,rnd110048,2023-09-20T16:00:00+00:00,2023-09-24T04:00:00+00:00,6.2e-07,6.57142857143e-07,20.0,1.1982,,stop,21
PEPEUSDT,rnd110048,2023-09-25T20:00:00+00:00,2023-10-02T16:00:00+00:00,7.1e-07,7.32857142857e-07,20.0,0.6439,,stop,41
PEPEUSDT,rnd110048,2023-10-03T08:00:00+00:00,2023-10-09T08:00:00+00:00,7.5e-07,6.55357142857e-07,20.0,-2.5238,,stop,36
PEPEUSDT,rnd110048,2023-10-09T16:00:00+00:00,2023-10-18T00:00:00+00:00,6.6e-07,6.28571428571e-07,20.0,-0.9524,,stop,50
PEPEUSDT,rnd110048,2023-11-03T04:00:00+00:00,2023-11-09T16:00:00+00:00,1.06e-06,1.22e-06,20.0,3.0189,,stop,39
PEPEUSDT,rnd110048,2023-11-12T08:00:00+00:00,2023-11-21T12:00:00+00:00,1.27e-06,1.08428571429e-06,20.0,-2.9246,,stop,55
PEPEUSDT,rnd110048,2023-11-24T08:00:00+00:00,2023-11-27T04:00:00+00:00,1.1e-06,1.06285714286e-06,20.0,-0.6753,,stop,17
PEPEUSDT,rnd110048,2023-11-28T12:00:00+00:00,2023-12-04T08:00:00+00:00,1.08e-06,1.33428571429e-06,20.0,4.709,,stop,35
PEPEUSDT,rnd110048,2023-12-07T04:00:00+00:00,2023-12-18T08:00:00+00:00,1.5e-06,1.20714285714e-06,20.0,-3.9048,,stop,67
PEPEUSDT,rnd110048,2023-12-21T00:00:00+00:00,2023-12-23T08:00:00+00:00,1.26e-06,1.43714285714e-06,20.0,2.8118,,stop,14
PEPEUSDT,rnd110048,2023-12-24T00:00:00+00:00,2023-12-26T16:00:00+00:00,1.48e-06,1.26214285714e-06,20.0,-2.944,,stop,16
PEPEUSDT,rnd110048,2023-12-29T00:00:00+00:00,2023-12-31T00:00:00+00:00,1.35e-06,1.31e-06,20.0,-0.5926,,stop,12
SHIBUSDT,rnd110048,2021-09-03T08:00:00+00:00,2021-09-06T12:00:00+00:00,7.04e-06,7.00857142857e-06,20.0,-0.0893,,stop,19
SHIBUSDT,rnd110048,2021-09-07T12:00:00+00:00,2021-09-07T12:00:00+00:00,6.82e-06,6.36642857143e-06,20.0,-1.3301,,stop,0
SHIBUSDT,rnd110048,2021-09-14T04:00:00+00:00,2021-09-17T08:00:00+00:00,6.49e-06,8.59428571429e-06,20.0,6.4847,,stop,19
SHIBUSDT,rnd110048,2021-09-17T12:00:00+00:00,2021-09-20T08:00:00+00:00,8.3e-06,6.99107142857e-06,20.0,-3.154,,stop,17
SHIBUSDT,rnd110048,2021-09-22T08:00:00+00:00,2021-10-05T00:00:00+00:00,7.15e-06,1.346e-05,20.0,17.6503,,stop,76
SHIBUSDT,rnd110048,2021-10-09T12:00:00+00:00,2021-10-27T20:00:00+00:00,2.807e-05,7.01285714286e-05,20.0,29.9669,,stop,110
SHIBUSDT,rnd110048,2021-10-29T20:00:00+00:00,2021-11-24T04:00:00+00:00,7.5e-05,3.93535714286e-05,20.0,-9.5057,,stop,152
SHIBUSDT,rnd110048,2021-11-25T04:00:00+00:00,2021-11-26T04:00:00+00:00,4.202e-05,3.91771428571e-05,20.0,-1.3531,,stop,6
SHIBUSDT,rnd110048,2021-11-30T12:00:00+00:00,2021-11-30T16:00:00+00:00,5.366e-05,4.646e-05,20.0,-2.6836,,stop,1
SHIBUSDT,rnd110048,2021-12-03T12:00:00+00:00,2021-12-03T20:00:00+00:00,4.409e-05,3.91292857143e-05,20.0,-2.2503,,stop,2
SHIBUSDT,rnd110048,2021-12-05T04:00:00+00:00,2021-12-20T04:00:00+00:00,3.677e-05,2.94003571429e-05,20.0,-4.0085,,stop,90
SHIBUSDT,rnd110048,2021-12-20T16:00:00+00:00,2021-12-22T20:00:00+00:00,2.86e-05,3.49385714286e-05,20.0,4.4326,,stop,13
SHIBUSDT,rnd110048,2021-12-23T08:00:00+00:00,2021-12-29T12:00:00+00:00,3.532e-05,3.375e-05,20.0,-0.889,,stop,37
SHIBUSDT,rnd110048,2022-01-02T20:00:00+00:00,2022-01-03T20:00:00+00:00,3.388e-05,3.23889285714e-05,20.0,-0.8802,,stop,6
SHIBUSDT,rnd110048,2022-01-13T00:00:00+00:00,2022-01-17T16:00:00+00:00,3.146e-05,2.85742857143e-05,20.0,-1.8345,,stop,28
SHIBUSDT,rnd110048,2022-01-20T08:00:00+00:00,2022-01-21T00:00:00+00:00,2.774e-05,2.59642857143e-05,20.0,-1.2803,,stop,4
SHIBUSDT,rnd110048,2022-01-25T08:00:00+00:00,2022-02-11T20:00:00+00:00,2.057e-05,2.827e-05,20.0,7.4866,,stop,105
SHIBUSDT,rnd110048,2022-02-14T08:00:00+00:00,2022-02-19T12:00:00+00:00,2.957e-05,2.699e-05,20.0,-1.745,,stop,31
SHIBUSDT,rnd110048,2022-02-21T20:00:00+00:00,2022-02-24T00:00:00+00:00,2.595e-05,2.29160714286e-05,20.0,-2.3383,,stop,13
SHIBUSDT,rnd110048,2022-02-24T08:00:00+00:00,2022-03-04T20:00:00+00:00,2.203e-05,2.32528571429e-05,20.0,1.1102,,stop,51
SHIBUSDT,rnd110048,2022-03-07T08:00:00+00:00,2022-03-11T00:00:00+00:00,2.288e-05,2.21057142857e-05,20.0,-0.6768,,stop,22
SHIBUSDT,rnd110048,2022-03-15T16:00:00+00:00,2022-03-20T08:00:00+00:00,2.16e-05,2.35385714286e-05,20.0,1.795,,stop,28
SHIBUSDT,rnd110048,2022-03-28T20:00:00+00:00,2022-03-28T20:00:00+00:00,2.875e-05,2.66071428571e-05,20.0,-1.4907,,stop,0
SHIBUSDT,rnd110048,2022-03-30T12:00:00+00:00,2022-04-07T00:00:00+00:00,2.738e-05,2.40210714286e-05,20.0,-2.4536,,stop,45
SHIBUSDT,rnd110048,2022-04-12T08:00:00+00:00,2022-04-12T16:00:00+00:00,2.281e-05,2.679e-05,20.0,3.4897,,stop,2
SHIBUSDT,rnd110048,2022-04-16T00:00:00+00:00,2022-04-18T04:00:00+00:00,2.59e-05,2.4175e-05,20.0,-1.332,,stop,13
SHIBUSDT,rnd110048,2022-04-18T08:00:00+00:00,2022-04-23T04:00:00+00:00,2.399e-05,2.38157142857e-05,20.0,-0.1453,,stop,29
SHIBUSDT,rnd110048,2022-05-02T12:00:00+00:00,2022-05-08T16:00:00+00:00,2.063e-05,1.84042857143e-05,20.0,-2.1577,,stop,37
SHIBUSDT,rnd110048,2022-05-13T20:00:00+00:00,2022-06-12T04:00:00+00:00,1.287e-05,8.44857142857e-06,20.0,-6.8709,,stop,176
SHIBUSDT,rnd110048,2022-06-14T00:00:00+00:00,2022-06-22T00:00:00+00:00,8.06e-06,9.63142857143e-06,20.0,3.8993,,stop,48
SHIBUSDT,rnd110048,2022-06-26T00:00:00+00:00,2022-06-28T16:00:00+00:00,1.18e-05,1.04107142857e-05,20.0,-2.3547,,stop,16
SHIBUSDT,rnd110048,2022-07-04T12:00:00+00:00,2022-07-05T08:00:00+00:00,1.032e-05,1.02814285714e-05,20.0,-0.0748,,stop,5
SHIBUSDT,rnd110048,2022-07-08T16:00:00+00:00,2022-07-11T20:00:00+00:00,1.129e-05,1.05914285714e-05,20.0,-1.2375,,stop,19
SHIBUSDT,rnd110048,2022-07-18T20:00:00+00:00,2022-07-21T04:00:00+00:00,1.136e-05,1.14871428571e-05,20.0,0.2238,,stop,14
SHIBUSDT,rnd110048,2022-07-21T20:00:00+00:00,2022-07-25T20:00:00+00:00,1.205e-05,1.06928571429e-05,20.0,-2.2525,,stop,24
SHIBUSDT,rnd110048,2022-07-30T20:00:00+00:00,2022-08-15T00:00:00+00:00,1.211e-05,1.606e-05,20.0,6.5235,,stop,91
SHIBUSDT,rnd110048,2022-08-16T04:00:00+00:00,2022-08-19T00:00:00+00:00,1.591e-05,1.301e-05,20.0,-3.6455,,stop,17
SHIBUSDT,rnd110048,2022-08-27T12:00:00+00:00,2022-09-15T12:00:00+00:00,1.232e-05,1.16271428571e-05,20.0,-1.1248,,stop,114
SHIBUSDT,rnd110048,2022-09-16T20:00:00+00:00,2022-09-18T20:00:00+00:00,1.147e-05,1.07185714286e-05,20.0,-1.3103,,stop,12
SHIBUSDT,rnd110048,2022-09-23T00:00:00+00:00,2022-09-26T04:00:00+00:00,1.085e-05,1.085e-05,20.0,0.0,,stop,19
SHIBUSDT,rnd110048,2022-09-29T08:00:00+00:00,2022-10-10T16:00:00+00:00,1.107e-05,1.06171428571e-05,20.0,-0.8182,,stop,68
SHIBUSDT,rnd110048,2022-10-11T04:00:00+00:00,2022-10-13T04:00:00+00:00,1.012e-05,9.57535714286e-06,20.0,-1.0764,,stop,12
SHIBUSDT,rnd110048,2022-10-13T16:00:00+00:00,2022-10-19T20:00:00+00:00,9.92e-06,9.77857142857e-06,20.0,-0.2851,,stop,37
SHIBUSDT,rnd110048,2022-10-20T08:00:00+00:00,2022-10-27T08:00:00+00:00,1e-05,1.104e-05,20.0,2.08,,stop,42
SHIBUSDT,rnd110048,2022-10-30T00:00:00+00:00,2022-11-08T04:00:00+00:00,1.291e-05,1.06778571429e-05,20.0,-3.458,,stop,55
SHIBUSDT,rnd110048,2022-11-19T08:00:00+00:00,2022-11-20T20:00:00+00:00,9.02e-06,8.68571428571e-06,20.0,-0.7412,,stop,9
SHIBUSDT,rnd110048,2022-11-21T08:00:00+00:00,2022-11-22T08:00:00+00:00,8.6e-06,8.17857142857e-06,20.0,-0.9801,,stop,6
SHIBUSDT,rnd110048,2022-11-22T16:00:00+00:00,2022-12-07T04:00:00+00:00,8.71e-06,9.15714285714e-06,20.0,1.0267,,stop,87
SHIBUSDT,rnd110048,2022-12-08T00:00:00+00:00,2022-12-12T00:00:00+00:00,9.1e-06,8.77714285714e-06,20.0,-0.7096,,stop,24
SHIBUSDT,rnd110048,2022-12-21T08:00:00+00:00,2023-01-11T00:00:00+00:00,8.27e-06,8.85285714286e-06,20.0,1.4096,,stop,124
SHIBUSDT,rnd110048,2023-01-15T12:00:00+00:00,2023-01-18T16:00:00+00:00,1.004e-05,1.10914285714e-05,20.0,2.0945,,stop,19
SHIBUSDT,rnd110048,2023-01-21T16:00:00+00:00,2023-01-24T20:00:00+00:00,1.209e-05,1.11792857143e-05,20.0,-1.5066,,stop,19
SHIBUSDT,rnd110048,2023-02-01T00:00:00+00:00,2023-02-05T00:00:00+00:00,1.182e-05,1.441e-05,20.0,4.3824,,stop,24
SHIBUSDT,rnd110048,2023-02-08T04:00:00+00:00,2023-02-09T00:00:00+00:00,1.433e-05,1.32228571429e-05,20.0,-1.5452,,stop,5
SHIBUSDT,rnd110048,2023-02-10T00:00:00+00:00,2023-02-25T16:00:00+00:00,1.215e-05,1.21942857143e-05,20.0,0.0729,,stop,94
SHIBUSDT,rnd110048,2023-03-01T08:00:00+00:00,2023-03-02T12:00:00+00:00,1.232e-05,1.17789285714e-05,20.0,-0.8784,,stop,7
SHIBUSDT,rnd110048,2023-03-04T16:00:00+00:00,2023-03-07T12:00:00+00:00,1.127e-05,1.06003571429e-05,20.0,-1.1884,,stop,17
SHIBUSDT,rnd110048,2023-03-10T00:00:00+00:00,2023-03-15T16:00:00+00:00,1.007e-05,1.02285714286e-05,20.0,0.3149,,stop,34
SHIBUSDT,rnd110048,2023-03-26T04:00:00+00:00,2023-03-27T16:00:00+00:00,1.053e-05,1.03442857143e-05,20.0,-0.3527,,stop,9
SHIBUSDT,rnd110048,2023-03-29T16:00:00+00:00,2023-04-03T00:00:00+00:00,1.071e-05,1.06185714286e-05,20.0,-0.1707,,stop,26
SHIBUSDT,rnd110048,2023-04-05T12:00:00+00:00,2023-04-12T00:00:00+00:00,1.136e-05,1.05921428571e-05,20.0,-1.3519,,stop,39
SHIBUSDT,rnd110048,2023-04-13T20:00:00+00:00,2023-04-17T00:00:00+00:00,1.11e-05,1.12457142857e-05,20.0,0.2625,,stop,19
SHIBUSDT,rnd110048,2023-04-20T04:00:00+00:00,2023-04-21T16:00:00+00:00,1.088e-05,1.02389285714e-05,20.0,-1.1784,,stop,9
SHIBUSDT,rnd110048,2023-04-23T00:00:00+00:00,2023-04-26T16:00:00+00:00,1.046e-05,1.003e-05,20.0,-0.8222,,stop,22
SHIBUSDT,rnd110048,2023-04-27T12:00:00+00:00,2023-05-01T16:00:00+00:00,1.026e-05,9.74392857143e-06,20.0,-1.006,,stop,25
SHIBUSDT,rnd110048,2023-05-05T08:00:00+00:00,2023-05-06T08:00:00+00:00,9.95e-06,9.64464285714e-06,20.0,-0.6138,,stop,6
SHIBUSDT,rnd110048,2023-05-11T16:00:00+00:00,2023-05-24T12:00:00+00:00,8.71e-06,8.44285714286e-06,20.0,-0.6134,,stop,77
SHIBUSDT,rnd110048,2023-05-27T08:00:00+00:00,2023-05-31T08:00:00+00:00,8.54e-06,8.43428571429e-06,20.0,-0.2476,,stop,24
SHIBUSDT,rnd110048,2023-06-02T04:00:00+00:00,2023-06-05T12:00:00+00:00,8.49e-06,8.17142857143e-06,20.0,-0.7505,,stop,20
SHIBUSDT,rnd110048,2023-06-06T04:00:00+00:00,2023-06-10T00:00:00+00:00,8.05e-06,7.69107142857e-06,20.0,-0.8917,,stop,23
SHIBUSDT,rnd110048,2023-06-10T12:00:00+00:00,2023-06-28T16:00:00+00:00,6.66e-06,7.17714285714e-06,20.0,1.553,,stop,109
SHIBUSDT,rnd110048,2023-07-02T20:00:00+00:00,2023-07-06T12:00:00+00:00,7.58e-06,7.14285714286e-06,20.0,-1.1534,,stop,22
SHIBUSDT,rnd110048,2023-07-15T04:00:00+00:00,2023-08-06T04:00:00+00:00,7.96e-06,9.51142857143e-06,20.0,3.8981,,stop,132
SHIBUSDT,rnd110048,2023-08-12T16:00:00+00:00,2023-08-15T16:00:00+00:00,1.068e-05,9.81214285714e-06,20.0,-1.6252,,stop,18
SHIBUSDT,rnd110048,2023-08-15T20:00:00+00:00,2023-08-17T00:00:00+00:00,9.83e-06,8.99071428571e-06,20.0,-1.7076,,stop,7
SHIBUSDT,rnd110048,2023-08-21T20:00:00+00:00,2023-08-22T20:00:00+00:00,8e-06,7.56607142857e-06,20.0,-1.0848,,stop,6
SHIBUSDT,rnd110048,2023-08-31T08:00:00+00:00,2023-08-31T16:00:00+00:00,8.2e-06,7.85892857143e-06,20.0,-0.8319,,stop,2
SHIBUSDT,rnd110048,2023-09-05T04:00:00+00:00,2023-09-10T04:00:00+00:00,7.48e-06,7.40571428571e-06,20.0,-0.1986,,stop,30
SHIBUSDT,rnd110048,2023-09-21T20:00:00+00:00,2023-09-24T04:00:00+00:00,7.26e-06,7.32142857143e-06,20.0,0.1692,,stop,14
SHIBUSDT,rnd110048,2023-09-27T12:00:00+00:00,2023-10-02T16:00:00+00:00,7.29e-06,7.29571428571e-06,20.0,0.0157,,stop,31
SHIBUSDT,rnd110048,2023-10-03T00:00:00+00:00,2023-10-09T08:00:00+00:00,7.31e-06,7.01892857143e-06,20.0,-0.7964,,stop,38
SHIBUSDT,rnd110048,2023-10-11T20:00:00+00:00,2023-10-17T12:00:00+00:00,6.75e-06,6.92285714286e-06,20.0,0.5122,,stop,34
SHIBUSDT,rnd110048,2023-10-17T16:00:00+00:00,2023-10-19T00:00:00+00:00,6.93e-06,6.67285714286e-06,20.0,-0.7421,,stop,8
SHIBUSDT,rnd110048,2023-10-20T00:00:00+00:00,2023-10-24T04:00:00+00:00,6.83e-06,7.37857142857e-06,20.0,1.6064,,stop,25
SHIBUSDT,rnd110048,2023-10-27T20:00:00+00:00,2023-11-13T20:00:00+00:00,7.73e-06,8.50142857143e-06,20.0,1.9959,,stop,102
SHIBUSDT,rnd110048,2023-11-15T12:00:00+00:00,2023-11-21T12:00:00+00:00,8.59e-06,8.09e-06,20.0,-1.1641,,stop,36
SHIBUSDT,rnd110048,2023-11-21T16:00:00+00:00,2023-11-21T20:00:00+00:00,8.25e-06,7.82857142857e-06,20.0,-1.0216,,stop,1
SHIBUSDT,rnd110048,2023-11-22T08:00:00+00:00,2023-12-04T08:00:00+00:00,8.01e-06,8.70428571429e-06,20.0,1.7335,,stop,72
SHIBUSDT,rnd110048,2023-12-06T00:00:00+00:00,2023-12-17T20:00:00+00:00,9.49e-06,1.02757142857e-05,20.0,1.6559,,stop,71
SHIBUSDT,rnd110048,2023-12-18T08:00:00+00:00,2023-12-31T00:00:00+00:00,9.93e-06,1.042e-05,20.0,0.9869,,stop,76
SOLUSDT,rnd110048,2021-09-03T12:00:00+00:00,2021-09-07T12:00:00+00:00,139.37,166.102857143,20.0,3.8362,,stop,24
SOLUSDT,rnd110048,2021-09-08T00:00:00+00:00,2021-09-13T04:00:00+00:00,173.49,152.685714286,20.0,-2.3983,,stop,31
SOLUSDT,rnd110048,2021-09-14T04:00:00+00:00,2021-09-14T20:00:00+00:00,167.44,142.950714286,20.0,-2.9251,,stop,4
SOLUSDT,rnd110048,2021-09-16T04:00:00+00:00,2021-09-20T08:00:00+00:00,155.13,135.97,20.0,-2.4702,,stop,25
SOLUSDT,rnd110048,2021-09-20T16:00:00+00:00,2021-09-21T20:00:00+00:00,144.07,122.371785714,20.0,-3.0122,,stop,7
SOLUSDT,rnd110048,2021-09-22T04:00:00+00:00,2021-11-16T08:00:00+00:00,128.94,216.588571429,20.0,13.5952,,stop,331
SOLUSDT,rnd110048,2021-11-16T12:00:00+00:00,2021-11-18T08:00:00+00:00,224.93,208.349642857,20.0,-1.4743,,stop,11
SOLUSDT,rnd110048,2021-11-18T12:00:00+00:00,2021-11-18T16:00:00+00:00,207.9,187.526785714,20.0,-1.9599,,stop,1
SOLUSDT,rnd110048,2021-11-20T04:00:00+00:00,2021-11-24T16:00:00+00:00,214.95,201.697142857,20.0,-1.2331,,stop,27
SOLUSDT,rnd110048,2021-11-25T08:00:00+00:00,2021-11-26T08:00:00+00:00,205.69,186.697142857,20.0,-1.8467,,stop,6
SOLUSDT,rnd110048,2021-11-26T16:00:00+00:00,2021-12-03T20:00:00+00:00,192.73,208.417142857,20.0,1.6279,,stop,43
SOLUSDT,rnd110048,2021-12-04T20:00:00+00:00,2021-12-10T16:00:00+00:00,207.13,172.085357143,20.0,-3.3838,,stop,35
SOLUSDT,rnd110048,2021-12-10T20:00:00+00:00,2021-12-13T12:00:00+00:00,173.58,158.138928571,20.0,-1.7791,,stop,16
SOLUSDT,rnd110048,2021-12-14T00:00:00+00:00,2021-12-28T16:00:00+00:00,155.2,180.83,20.0,3.3028,,stop,88
SOLUSDT,rnd110048,2021-12-28T20:00:00+00:00,2022-01-05T16:00:00+00:00,180.18,166.024642857,20.0,-1.5712,,stop,47
SOLUSDT,rnd110048,2022-01-05T20:00:00+00:00,2022-01-05T20:00:00+00:00,158.69,148.772142857,20.0,-1.25,,stop,0
SOLUSDT,rnd110048,2022-01-06T20:00:00+00:00,2022-01-07T00:00:00+00:00,153.87,140.911071429,20.0,-1.6844,,stop,1
SOLUSDT,rnd110048,2022-01-07T20:00:00+00:00,2022-01-20T20:00:00+00:00,140.21,129.617142857,20.0,-1.511,,stop,78
SOLUSDT,rnd110048,2022-01-22T04:00:00+00:00,2022-01-22T08:00:00+00:00,109.67,94.0342857143,20.0,-2.8514,,stop,1
SOLUSDT,rnd110048,2022-01-22T12:00:00+00:00,2022-02-18T12:00:00+00:00,98.69,90.43,20.0,-1.6739,,stop,162
SOLUSDT,rnd110048,2022-02-19T04:00:00+00:00,2022-02-21T20:00:00+00:00,91.21,84.1314285714,20.0,-1.5521,,stop,16
SOLUSDT,rnd110048,2022-02-22T00:00:00+00:00,2022-02-24T00:00:00+00:00,82.95,76.9142857143,20.0,-1.4553,,stop,12
SOLUSDT,rnd110048,2022-02-24T08:00:00+00:00,2022-03-04T16:00:00+00:00,82.18,89.1414285714,20.0,1.6942,,stop,50
SOLUSDT,rnd110048,2022-03-04T20:00:00+00:00,2022-03-07T16:00:00+00:00,88.71,80.0135714286,20.0,-1.9606,,stop,17
SOLUSDT,rnd110048,2022-03-07T20:00:00+00:00,2022-03-13T20:00:00+00:00,80.34,78.9514285714,20.0,-0.3457,,stop,36
SOLUSDT,rnd110048,2022-03-14T08:00:00+00:00,2022-03-18T08:00:00+00:00,80.9,84.7657142857,20.0,0.9557,,stop,24
SOLUSDT,rnd110048,2022-03-19T12:00:00+00:00,2022-04-01T00:00:00+00:00,90.73,119.391428571,20.0,6.318,,stop,75
SOLUSDT,rnd110048,2022-04-01T12:00:00+00:00,2022-04-06T00:00:00+00:00,124.34,122.172857143,20.0,-0.3486,,stop,27
SOLUSDT,rnd110048,2022-04-06T04:00:00+00:00,2022-04-07T00:00:00+00:00,123.7,111.653571429,20.0,-1.9477,,stop,5
SOLUSDT,rnd110048,2022-04-08T04:00:00+00:00,2022-04-08T20:00:00+00:00,122.1,108.421428571,20.0,-2.2406,,stop,4
SOLUSDT,rnd110048,2022-04-09T12:00:00+00:00,2022-04-11T20:00:00+00:00,110.51,99.3564285714,20.0,-2.0186,,stop,14
SOLUSDT,rnd110048,2022-04-12T20:00:00+00:00,2022-04-29T16:00:00+00:00,101.0,94.2828571429,20.0,-1.3301,,stop,101
SOLUSDT,rnd110048,2022-05-02T12:00:00+00:00,2022-05-05T16:00:00+00:00,86.77,82.1357142857,20.0,-1.0682,,stop,19
SOLUSDT,rnd110048,2022-05-06T00:00:00+00:00,2022-05-07T20:00:00+00:00,84.52,77.1878571429,20.0,-1.735,,stop,11
SOLUSDT,rnd110048,2022-05-08T20:00:00+00:00,2022-05-09T08:00:00+00:00,76.36,70.7225,20.0,-1.4766,,stop,3
SOLUSDT,rnd110048,2022-05-09T12:00:00+00:00,2022-05-09T16:00:00+00:00,72.24,65.6560714286,20.0,-1.8228,,stop,1
SOLUSDT,rnd110048,2022-05-10T04:00:00+00:00,2022-05-11T12:00:00+00:00,64.46,58.1957142857,20.0,-1.9436,,stop,8
SOLUSDT,rnd110048,2022-05-11T16:00:00+00:00,2022-05-12T04:00:00+00:00,55.52,39.5628571429,20.0,-5.7483,,stop,3
SOLUSDT,rnd110048,2022-05-12T20:00:00+00:00,2022-06-13T00:00:00+00:00,44.65,30.2557142857,20.0,-6.4476,,stop,187
SOLUSDT,rnd110048,2022-06-13T08:00:00+00:00,2022-06-18T20:00:00+00:00,27.57,27.6685714286,20.0,0.0715,,stop,33
SOLUSDT,rnd110048,2022-06-19T04:00:00+00:00,2022-06-29T04:00:00+00:00,30.18,34.7142857143,20.0,3.0048,,stop,60
SOLUSDT,rnd110048,2022-06-30T12:00:00+00:00,2022-07-11T20:00:00+00:00,31.68,33.6057142857,20.0,1.2157,,stop,68
SOLUSDT,rnd110048,2022-07-12T08:00:00+00:00,2022-07-20T16:00:00+00:00,33.51,43.4342857143,20.0,5.9232,,stop,50
SOLUSDT,rnd110048,2022-07-21T00:00:00+00:00,2022-07-26T00:00:00+00:00,42.03,36.4139285714,20.0,-2.6724,,stop,30
SOLUSDT,rnd110048,2022-07-26T04:00:00+00:00,2022-08-01T16:00:00+00:00,36.21,40.9528571429,20.0,2.6196,,stop,39
SOLUSDT,rnd110048,2022-08-03T20:00:00+00:00,2022-08-17T12:00:00+00:00,40.1,42.0914285714,20.0,0.9932,,stop,82
SOLUSDT,rnd110048,2022-08-19T16:00:00+00:00,2022-08-26T12:00:00+00:00,36.96,33.6867857143,20.0,-1.7712,,stop,41
SOLUSDT,rnd110048,2022-08-27T00:00:00+00:00,2022-09-13T12:00:00+00:00,31.72,34.8328571429,20.0,1.9627,,stop,105
SOLUSDT,rnd110048,2022-09-14T16:00:00+00:00,2022-10-13T04:00:00+00:00,33.54,29.6757142857,20.0,-2.3043,,stop,171
SOLUSDT,rnd110048,2022-10-13T12:00:00+00:00,2022-10-19T20:00:00+00:00,28.8,29.3,20.0,0.3472,,stop,38
SOLUSDT,rnd110048,2022-10-20T04:00:00+00:00,2022-10-21T08:00:00+00:00,28.92,27.4664285714,20.0,-1.0052,,stop,7
SOLUSDT,rnd110048,2022-10-21T12:00:00+00:00,2022-11-02T00:00:00+00:00,27.49,32.07,20.0,3.3321,,stop,69
SOLUSDT,rnd110048,2022-11-03T04:00:00+00:00,2022-11-06T00:00:00+00:00,31.65,35.7585714286,20.0,2.5963,,stop,17
SOLUSDT,rnd110048,2022-11-06T04:00:00+00:00,2022-11-06T20:00:00+00:00,36.01,32.5082142857,20.0,-1.9449,,stop,4
SOLUSDT,rnd110048,2022-11-07T04:00:00+00:00,2022-11-07T20:00:00+00:00,32.45,28.8428571429,20.0,-2.2232,,stop,4
SOLUSDT,rnd110048,2022-11-08T00:00:00+00:00,2022-11-08T04:00:00+00:00,29.62,25.4932142857,20.0,-2.7865,,stop,1
SOLUSDT,rnd110048,2022-11-08T08:00:00+00:00,2022-11-08T16:00:00+00:00,27.95,23.1982142857,20.0,-3.4002,,stop,2
SOLUSDT,rnd110048,2022-11-09T12:00:00+00:00,2022-11-21T00:00:00+00:00,20.05,11.8946428571,20.0,-8.135,,stop,69
SOLUSDT,rnd110048,2022-11-21T08:00:00+00:00,2022-11-28T00:00:00+00:00,11.72,13.2114285714,20.0,2.5451,,stop,40
SOLUSDT,rnd110048,2022-11-28T04:00:00+00:00,2022-12-16T12:00:00+00:00,13.1,13.3085714286,20.0,0.3184,,stop,110
SOLUSDT,rnd110048,2022-12-16T20:00:00+00:00,2022-12-17T00:00:00+00:00,13.01,11.9314285714,20.0,-1.6581,,stop,1
SOLUSDT,rnd110048,2022-12-18T08:00:00+00:00,2022-12-24T04:00:00+00:00,12.43,11.4389285714,20.0,-1.5946,,stop,35
SOLUSDT,rnd110048,2022-12-24T08:00:00+00:00,2022-12-27T12:00:00+00:00,11.36,10.7439285714,20.0,-1.0846,,stop,19
SOLUSDT,rnd110048,2022-12-28T08:00:00+00:00,2022-12-28T20:00:00+00:00,10.15,9.41428571429,20.0,-1.4497,,stop,3
SOLUSDT,rnd110048,2022-12-29T00:00:00+00:00,2022-12-29T16:00:00+00:00,9.76,8.85821428571,20.0,-1.8479,,stop,4
SOLUSDT,rnd110048,2022-12-31T12:00:00+00:00,2023-01-14T08:00:00+00:00,9.85,22.2228571429,20.0,25.1226,,stop,83
SOLUSDT,rnd110048,2023-01-14T12:00:00+00:00,2023-02-09T16:00:00+00:00,22.37,21.7314285714,20.0,-0.5709,,stop,157
SOLUSDT,rnd110048,2023-02-10T00:00:00+00:00,2023-02-22T00:00:00+00:00,20.48,24.0314285714,20.0,3.4682,,stop,72
SOLUSDT,rnd110048,2023-02-22T04:00:00+00:00,2023-02-25T16:00:00+00:00,24.45,21.8767857143,20.0,-2.1049,,stop,21
SOLUSDT,rnd110048,2023-02-25T20:00:00+00:00,2023-03-03T00:00:00+00:00,21.91,21.0985714286,20.0,-0.7407,,stop,31
SOLUSDT,rnd110048,2023-03-03T04:00:00+00:00,2023-03-08T04:00:00+00:00,20.86,19.5914285714,20.0,-1.2163,,stop,30
SOLUSDT,rnd110048,2023-03-08T20:00:00+00:00,2023-03-09T20:00:00+00:00,18.68,17.2746428571,20.0,-1.5047,,stop,6
SOLUSDT,rnd110048,2023-03-10T04:00:00+00:00,2023-03-15T12:00:00+00:00,17.15,19.5314285714,20.0,2.7772,,stop,32
SOLUSDT,rnd110048,2023-03-16T00:00:00+00:00,2023-03-24T16:00:00+00:00,19.25,20.2985714286,20.0,1.0894,,stop,52
SOLUSDT,rnd110048,2023-03-25T20:00:00+00:00,2023-04-19T08:00:00+00:00,20.13,23.5942857143,20.0,3.4419,,stop,147
SOLUSDT,rnd110048,2023-04-21T04:00:00+00:00,2023-05-08T00:00:00+00:00,22.31,20.8071428571,20.0,-1.3472,,stop,101
SOLUSDT,rnd110048,2023-05-08T08:00:00+00:00,2023-05-10T16:00:00+00:00,21.22,19.9575,20.0,-1.1899,,stop,14
SOLUSDT,rnd110048,2023-05-11T00:00:00+00:00,2023-05-21T20:00:00+00:00,20.92,19.6360714286,20.0,-1.2275,,stop,65
SOLUSDT,rnd110048,2023-05-22T04:00:00+00:00,2023-05-24T12:00:00+00:00,19.54,19.2714285714,20.0,-0.2749,,stop,14
SOLUSDT,rnd110048,2023-05-25T00:00:00+00:00,2023-06-05T12:00:00+00:00,19.22,20.9171428571,20.0,1.766,,stop,69
SOLUSDT,rnd110048,2023-06-06T08:00:00+00:00,2023-06-07T16:00:00+00:00,20.1,18.6839285714,20.0,-1.409,,stop,8
SOLUSDT,rnd110048,2023-06-08T04:00:00+00:00,2023-06-09T16:00:00+00:00,18.47,17.2671428571,20.0,-1.3025,,stop,9
SOLUSDT,rnd110048,2023-06-10T04:00:00+00:00,2023-06-10T04:00:00+00:00,16.29,14.7507142857,20.0,-1.8899,,stop,0
SOLUSDT,rnd110048,2023-06-12T16:00:00+00:00,2023-07-14T04:00:00+00:00,15.2,28.54,20.0,17.5526,,stop,189
SOLUSDT,rnd110048,2023-07-14T20:00:00+00:00,2023-08-05T16:00:00+00:00,26.07,22.3228571429,20.0,-2.8747,,stop,131
SOLUSDT,rnd110048,2023-08-05T20:00:00+00:00,2023-08-16T00:00:00+00:00,22.59,23.6828571429,20.0,0.9676,,stop,61
SOLUSDT,rnd110048,2023-08-16T04:00:00+00:00,2023-08-16T20:00:00+00:00,23.69,22.54,20.0,-0.9709,,stop,4
SOLUSDT,rnd110048,2023-08-17T04:00:00+00:00,2023-08-17T20:00:00+00:00,23.31,21.8653571429,20.0,-1.2395,,stop,4
SOLUSDT,rnd110048,2023-08-18T00:00:00+00:00,2023-08-22T20:00:00+00:00,21.67,19.6592857143,20.0,-1.8558,,stop,29
SOLUSDT,rnd110048,2023-08-24T08:00:00+00:00,2023-08-25T00:00:00+00:00,21.74,20.5078571429,20.0,-1.1335,,stop,4
SOLUSDT,rnd110048,2023-08-25T08:00:00+00:00,2023-08-31T16:00:00+00:00,20.56,20.1985714286,20.0,-0.3516,,stop,38
SOLUSDT,rnd110048,2023-09-03T00:00:00+00:00,2023-09-06T12:00:00+00:00,19.5,19.1657142857,20.0,-0.3429,,stop,21
SOLUSDT,rnd110048,2023-09-08T00:00:00+00:00,2023-09-10T04:00:00+00:00,19.92,19.0360714286,20.0,-0.8875,,stop,13
SOLUSDT,rnd110048,2023-09-10T20:00:00+00:00,2023-09-11T08:00:00+00:00,18.18,17.4139285714,20.0,-0.8428,,stop,3
SOLUSDT,rnd110048,2023-09-11T12:00:00+00:00,2023-09-26T20:00:00+00:00,17.67,18.92,20.0,1.4148,,stop,92
SOLUSDT,rnd110048,2023-09-27T00:00:00+00:00,2023-10-01T12:00:00+00:00,19.03,22.97,20.0,4.1408,,stop,27
SOLUSDT,rnd110048,2023-10-01T20:00:00+00:00,2023-10-09T08:00:00+00:00,22.73,22.4028571429,20.0,-0.2879,,stop,45
SOLUSDT,rnd110048,2023-10-09T12:00:00+00:00,2023-10-12T16:00:00+00:00,22.18,21.0978571429,20.0,-0.9758,,stop,19
SOLUSDT,rnd110048,2023-10-13T00:00:00+00:00,2023-10-16T16:00:00+00:00,21.29,23.15,20.0,1.7473,,stop,22
SOLUSDT,rnd110048,2023-10-17T04:00:00+00:00,2023-10-22T04:00:00+00:00,24.0,28.2557142857,20.0,3.5464,,stop,30
SOLUSDT,rnd110048,2023-10-22T12:00:00+00:00,2023-11-01T20:00:00+00:00,28.34,42.0,20.0,9.6401,,stop,62
SOLUSDT,rnd110048,2023-11-02T04:00:00+00:00,2023-11-11T20:00:00+00:00,42.59,56.11,20.0,6.3489,,stop,58
SOLUSDT,rnd110048,2023-11-12T00:00:00+00:00,2023-11-21T20:00:00+00:00,56.36,52.1314285714,20.0,-1.5006,,stop,59
SOLUSDT,rnd110048,2023-11-22T00:00:00+00:00,2023-12-11T00:00:00+00:00,51.65,68.22,20.0,6.4163,,stop,114
SOLUSDT,rnd110048,2023-12-12T00:00:00+00:00,2023-12-26T04:00:00+00:00,70.24,113.822857143,20.0,12.4097,,stop,85
SOLUSDT,rnd110048,2023-12-26T08:00:00+00:00,2023-12-31T00:00:00+00:00,113.41,100.65,20.0,-2.2502,,stop,28
VETUSDT,rnd110048,2021-09-08T12:00:00+00:00,2021-09-20T12:00:00+00:00,0.11648,0.0908907142857,20.0,-4.3938,,stop,72
VETUSDT,rnd110048,2021-10-03T20:00:00+00:00,2021-10-11T20:00:00+00:00,0.11312,0.106935714286,20.0,-1.0934,,stop,48
VETUSDT,rnd110048,2021-10-14T20:00:00+00:00,2021-10-27T08:00:00+00:00,0.11953,0.131544285714,20.0,2.0103,,stop,75
VETUSDT,rnd110048,2021-10-30T12:00:00+00:00,2021-11-09T20:00:00+00:00,0.13452,0.171595714286,20.0,5.5123,,stop,62
VETUSDT,rnd110048,2021-11-22T00:00:00+00:00,2021-11-24T12:00:00+00:00,0.13253,0.122210357143,20.0,-1.5573,,stop,15
VETUSDT,rnd110048,2021-11-28T12:00:00+00:00,2021-12-03T16:00:00+00:00,0.11103,0.108625714286,20.0,-0.4331,,stop,31
VETUSDT,rnd110048,2021-12-05T00:00:00+00:00,2021-12-13T16:00:00+00:00,0.09656,0.0784475,20.0,-3.7516,,stop,52
VETUSDT,rnd110048,2021-12-20T08:00:00+00:00,2021-12-28T00:00:00+00:00,0.07958,0.0942142857143,20.0,3.6779,,stop,46
VETUSDT,rnd110048,2021-12-28T08:00:00+00:00,2021-12-29T12:00:00+00:00,0.09363,0.0864085714286,20.0,-1.5425,,stop,7
VETUSDT,rnd110048,2022-01-10T12:00:00+00:00,2022-01-18T08:00:00+00:00,0.07469,0.0725828571429,20.0,-0.5642,,stop,47
VETUSDT,rnd110048,2022-01-22T00:00:00+00:00,2022-01-22T08:00:00+00:00,0.05741,0.0502242857143,20.0,-2.5033,,stop,2
VETUSDT,rnd110048,2022-02-04T04:00:00+00:00,2022-02-08T08:00:00+00:00,0.05225,0.0635771428571,20.0,4.3357,,stop,25
VETUSDT,rnd110048,2022-02-24T20:00:00+00:00,2022-03-04T20:00:00+00:00,0.04414,0.0483671428571,20.0,1.9153,,stop,48
VETUSDT,rnd110048,2022-03-14T08:00:00+00:00,2022-03-21T00:00:00+00:00,0.04589,0.0487628571429,20.0,1.2521,,stop,40
VETUSDT,rnd110048,2022-03-23T16:00:00+00:00,2022-03-27T08:00:00+00:00,0.05561,0.0638,20.0,2.9455,,stop,22
VETUSDT,rnd110048,2022-03-29T00:00:00+00:00,2022-04-06T12:00:00+00:00,0.07091,0.0692085714286,20.0,-0.4799,,stop,51
VETUSDT,rnd110048,2022-04-18T04:00:00+00:00,2022-04-18T04:00:00+00:00,0.0587,0.0556660714286,20.0,-1.0337,,stop,0
VETUSDT,rnd110048,2022-04-22T00:00:00+00:00,2022-04-25T00:00:00+00:00,0.05871,0.0539278571429,20.0,-1.6291,,stop,18
VETUSDT,rnd110048,2022-04-25T08:00:00+00:00,2022-04-26T16:00:00+00:00,0.05218,0.0515971428571,20.0,-0.2234,,stop,8
VETUSDT,rnd110048,2022-04-30T00:00:00+00:00,2022-04-30T20:00:00+00:00,0.0485,0.0450375,20.0,-1.4278,,stop,5
VETUSDT,rnd110048,2022-05-07T00:00:00+00:00,2022-05-09T08:00:00+00:00,0.04701,0.0413939285714,20.0,-2.3893,,stop,14
VETUSDT,rnd110048,2022-05-12T04:00:00+00:00,2022-06-18T16:00:00+00:00,0.02768,0.02049,20.0,-5.1951,,stop,225
VETUSDT,rnd110048,2022-06-19T04:00:00+00:00,2022-06-29T12:00:00+00:00,0.02108,0.0225314285714,20.0,1.3771,,stop,62
VETUSDT,rnd110048,2022-06-29T16:00:00+00:00,2022-07-12T20:00:00+00:00,0.02297,0.0214414285714,20.0,-1.3309,,stop,79
VETUSDT,rnd110048,2022-07-17T20:00:00+00:00,2022-07-20T20:00:00+00:00,0.02342,0.0253414285714,20.0,1.6408,,stop,18
VETUSDT,rnd110048,2022-07-21T08:00:00+00:00,2022-07-26T00:00:00+00:00,0.02486,0.0232585714286,20.0,-1.2884,,stop,28
VETUSDT,rnd110048,2022-07-26T12:00:00+00:00,2022-08-02T04:00:00+00:00,0.02288,0.0262014285714,20.0,2.9033,,stop,40
VETUSDT,rnd110048,2022-08-24T00:00:00+00:00,2022-08-26T16:00:00+00:00,0.02645,0.0248339285714,20.0,-1.222,,stop,16
VETUSDT,rnd110048,2022-08-31T04:00:00+00:00,2022-09-01T12:00:00+00:00,0.02504,0.0235275,20.0,-1.2081,,stop,8
VETUSDT,rnd110048,2022-09-03T08:00:00+00:00,2022-09-06T16:00:00+00:00,0.02393,0.0230485714286,20.0,-0.7367,,stop,20
VETUSDT,rnd110048,2022-09-09T20:00:00+00:00,2022-09-13T12:00:00+00:00,0.02553,0.0244871428571,20.0,-0.817,,stop,22
VETUSDT,rnd110048,2022-09-17T16:00:00+00:00,2022-09-18T20:00:00+00:00,0.02385,0.022825,20.0,-0.8595,,stop,7
VETUSDT,rnd110048,2022-09-19T04:00:00+00:00,2022-09-21T20:00:00+00:00,0.02208,0.0215871428571,20.0,-0.4464,,stop,16
VETUSDT,rnd110048,2022-09-26T08:00:00+00:00,2022-09-28T00:00:00+00:00,0.02237,0.0223571428571,20.0,-0.0115,,stop,10
VETUSDT,rnd110048,2022-10-01T20:00:00+00:00,2022-10-10T20:00:00+00:00,0.0232,0.0227714285714,20.0,-0.3695,,stop,54
VETUSDT,rnd110048,2022-10-13T12:00:00+00:00,2022-10-20T00:00:00+00:00,0.02174,0.0221342857143,20.0,0.3627,,stop,39
VETUSDT,rnd110048,2022-10-22T08:00:00+00:00,2022-11-02T08:00:00+00:00,0.02233,0.02305,20.0,0.6449,,stop,66
VETUSDT,rnd110048,2022-11-11T12:00:00+00:00,2022-11-14T00:00:00+00:00,0.02184,0.0181114285714,20.0,-3.4144,,stop,15
VETUSDT,rnd110048,2022-11-25T04:00:00+00:00,2022-11-28T16:00:00+00:00,0.01887,0.0179896428571,20.0,-0.9331,,stop,21
VETUSDT,rnd110048,2022-11-28T20:00:00+00:00,2022-12-13T04:00:00+00:00,0.01825,0.0182857142857,20.0,0.0391,,stop,86
VETUSDT,rnd110048,2022-12-14T00:00:00+00:00,2022-12-15T00:00:00+00:00,0.01909,0.0183060714286,20.0,-0.8213,,stop,6
VETUSDT,rnd110048,2022-12-19T00:00:00+00:00,2022-12-19T20:00:00+00:00,0.01664,0.0157775,20.0,-1.0367,,stop,5
VETUSDT,rnd110048,2022-12-22T12:00:00+00:00,2022-12-27T16:00:00+00:00,0.01633,0.0158032142857,20.0,-0.6452,,stop,31
VETUSDT,rnd110048,2023-01-07T00:00:00+00:00,2023-01-14T08:00:00+00:00,0.01642,0.0202842857143,20.0,4.7068,,stop,44
VETUSDT,rnd110048,2023-01-23T20:00:00+00:00,2023-01-25T00:00:00+00:00,0.02255,0.0212971428571,20.0,-1.1112,,stop,7
VETUSDT,rnd110048,2023-01-28T04:00:00+00:00,2023-01-30T08:00:00+00:00,0.02474,0.0232292857143,20.0,-1.2213,,stop,13
VETUSDT,rnd110048,2023-02-04T08:00:00+00:00,2023-02-09T00:00:00+00:00,0.0247,0.0245114285714,20.0,-0.1527,,stop,28
VETUSDT,rnd110048,2023-02-10T20:00:00+00:00,2023-02-22T08:00:00+00:00,0.02404,0.0285957142857,20.0,3.7901,,stop,69
VETUSDT,rnd110048,2023-02-27T00:00:00+00:00,2023-02-28T20:00:00+00:00,0.02822,0.0267742857143,20.0,-1.0246,,stop,11
VETUSDT,rnd110048,2023-03-02T04:00:00+00:00,2023-03-03T00:00:00+00:00,0.02736,0.0257689285714,20.0,-1.1631,,stop,5
VETUSDT,rnd110048,2023-03-03T04:00:00+00:00,2023-03-08T12:00:00+00:00,0.02479,0.02254,20.0,-1.8152,,stop,32
VETUSDT,rnd110048,2023-03-11T12:00:00+00:00,2023-03-15T16:00:00+00:00,0.01964,0.0222785714286,20.0,2.6869,,stop,25
VETUSDT,rnd110048,2023-03-26T20:00:00+00:00,2023-03-27T12:00:00+00:00,0.02286,0.02171,20.0,-1.0061,,stop,4
VETUSDT,rnd110048,2023-04-03T04:00:00+00:00,2023-04-19T08:00:00+00:00,0.02303,0.0249742857143,20.0,1.6885,,stop,97
VETUSDT,rnd110048,2023-04-22T20:00:00+00:00,2023-04-26T16:00:00+00:00,0.02253,0.0216142857143,20.0,-0.8129,,stop,23
VETUSDT,rnd110048,2023-04-27T12:00:00+00:00,2023-05-03T04:00:00+00:00,0.02218,0.0206764285714,20.0,-1.3558,,stop,34
VETUSDT,rnd110048,2023-05-06T04:00:00+00:00,2023-05-06T16:00:00+00:00,0.02083,0.02003,20.0,-0.7681,,stop,3
VETUSDT,rnd110048,2023-05-07T12:00:00+00:00,2023-05-08T00:00:00+00:00,0.02028,0.0194978571429,20.0,-0.7713,,stop,3
VETUSDT,rnd110048,2023-05-16T16:00:00+00:00,2023-05-21T12:00:00+00:00,0.01946,0.0190542857143,20.0,-0.417,,stop,29
VETUSDT,rnd110048,2023-05-22T08:00:00+00:00,2023-05-24T12:00:00+00:00,0.01907,0.0189685714286,20.0,-0.1064,,stop,13
VETUSDT,rnd110048,2023-05-25T16:00:00+00:00,2023-06-01T04:00:00+00:00,0.01914,0.0198942857143,20.0,0.7882,,stop,39
VETUSDT,rnd110048,2023-06-12T04:00:00+00:00,2023-07-05T12:00:00+00:00,0.01561,0.0189228571429,20.0,4.2445,,stop,140
VETUSDT,rnd110048,2023-07-15T04:00:00+00:00,2023-07-24T08:00:00+00:00,0.01963,0.0183032142857,20.0,-1.3518,,stop,55
VETUSDT,rnd110048,2023-07-28T12:00:00+00:00,2023-08-01T00:00:00+00:00,0.0185,0.0182471428571,20.0,-0.2734,,stop,21
VETUSDT,rnd110048,2023-08-06T16:00:00+00:00,2023-08-07T16:00:00+00:00,0.01781,0.0173296428571,20.0,-0.5394,,stop,6
VETUSDT,rnd110048,2023-08-10T16:00:00+00:00,2023-08-15T16:00:00+00:00,0.0181,0.0180085714286,20.0,-0.101,,stop,30
VETUSDT,rnd110048,2023-08-20T04:00:00+00:00,2023-09-01T16:00:00+00:00,0.0161,0.0152057142857,20.0,-1.1109,,stop,75
VETUSDT,rnd110048,2023-09-04T16:00:00+00:00,2023-09-10T04:00:00+00:00,0.01542,0.0151871428571,20.0,-0.302,,stop,33
VETUSDT,rnd110048,2023-09-12T12:00:00+00:00,2023-09-17T04:00:00+00:00,0.01522,0.0172514285714,20.0,2.6694,,stop,28
VETUSDT,rnd110048,2023-09-22T20:00:00+00:00,2023-09-24T20:00:00+00:00,0.01704,0.016465,20.0,-0.6749,,stop,12
VETUSDT,rnd110048,2023-09-29T00:00:00+00:00,2023-10-02T16:00:00+00:00,0.01693,0.0167757142857,20.0,-0.1823,,stop,22
VETUSDT,rnd110048,2023-10-04T12:00:00+00:00,2023-10-11T16:00:00+00:00,0.01667,0.0160471428571,20.0,-0.7473,,stop,43
VETUSDT,rnd110048,2023-10-14T04:00:00+00:00,2023-10-16T20:00:00+00:00,0.0165,0.0166271428571,20.0,0.1541,,stop,16
VETUSDT,rnd110048,2023-10-18T00:00:00+00:00,2023-10-19T00:00:00+00:00,0.01656,0.0160153571429,20.0,-0.6578,,stop,6
VETUSDT,rnd110048,2023-10-22T00:00:00+00:00,2023-10-24T12:00:00+00:00,0.01705,0.0182442857143,20.0,1.4009,,stop,15
VETUSDT,rnd110048,2023-11-06T04:00:00+00:00,2023-11-09T16:00:00+00:00,0.02066,0.0213014285714,20.0,0.6209,,stop,21
VETUSDT,rnd110048,2023-11-14T00:00:00+00:00,2023-11-14T16:00:00+00:00,0.02129,0.0198042857143,20.0,-1.3957,,stop,4
VETUSDT,rnd110048,2023-11-20T00:00:00+00:00,2023-11-21T12:00:00+00:00,0.02143,0.0203121428571,20.0,-1.0433,,stop,9
VETUSDT,rnd110048,2023-11-30T16:00:00+00:00,2023-12-04T08:00:00+00:00,0.02133,0.0226814285714,20.0,1.2672,,stop,22
VETUSDT,rnd110048,2023-12-07T00:00:00+00:00,2023-12-11T00:00:00+00:00,0.02532,0.0257542857143,20.0,0.343,,stop,24
VETUSDT,rnd110048,2023-12-13T04:00:00+00:00,2023-12-31T00:00:00+00:00,0.02882,0.03495,20.0,4.254,,stop,107
XLMUSDT,rnd110048,2021-09-06T08:00:00+00:00,2021-09-07T08:00:00+00:00,0.3946,0.393011428571,20.0,-0.0805,,stop,6
XLMUSDT,rnd110048,2021-09-12T00:00:00+00:00,2021-09-20T00:00:00+00:00,0.3251,0.294314285714,20.0,-1.8939,,stop,48
XLMUSDT,rnd110048,2021-09-25T00:00:00+00:00,2021-09-28T20:00:00+00:00,0.281,0.256357142857,20.0,-1.7539,,stop,23
XLMUSDT,rnd110048,2021-09-29T00:00:00+00:00,2021-10-08T00:00:00+00:00,0.2566,0.338428571429,20.0,6.3779,,stop,54
XLMUSDT,rnd110048,2021-10-09T00:00:00+00:00,2021-10-20T12:00:00+00:00,0.3364,0.362671428571,20.0,1.5619,,stop,69
XLMUSDT,rnd110048,2021-10-20T16:00:00+00:00,2021-10-27T04:00:00+00:00,0.387,0.360678571429,20.0,-1.3603,,stop,39
XLMUSDT,rnd110048,2021-10-29T00:00:00+00:00,2021-11-10T20:00:00+00:00,0.3427,0.389942857143,20.0,2.7571,,stop,77
XLMUSDT,rnd110048,2021-11-14T20:00:00+00:00,2021-11-16T00:00:00+00:00,0.3716,0.363628571429,20.0,-0.429,,stop,7
XLMUSDT,rnd110048,2021-11-20T12:00:00+00:00,2021-11-24T16:00:00+00:00,0.3495,0.322660714286,20.0,-1.5359,,stop,25
XLMUSDT,rnd110048,2021-11-27T00:00:00+00:00,2021-12-04T00:00:00+00:00,0.3292,0.3173,20.0,-0.723,,stop,42
XLMUSDT,rnd110048,2021-12-07T16:00:00+00:00,2021-12-13T12:00:00+00:00,0.2899,0.253471428571,20.0,-2.5132,,stop,35
XLMUSDT,rnd110048,2021-12-15T20:00:00+00:00,2021-12-29T12:00:00+00:00,0.2626,0.268214285714,20.0,0.4276,,stop,82
XLMUSDT,rnd110048,2022-01-03T00:00:00+00:00,2022-01-05T20:00:00+00:00,0.292,0.275214285714,20.0,-1.1497,,stop,17
XLMUSDT,rnd110048,2022-01-06T00:00:00+00:00,2022-01-10T12:00:00+00:00,0.2662,0.244146428571,20.0,-1.6569,,stop,27
XLMUSDT,rnd110048,2022-01-19T12:00:00+00:00,2022-01-20T20:00:00+00:00,0.2492,0.235967857143,20.0,-1.062,,stop,8
XLMUSDT,rnd110048,2022-01-21T00:00:00+00:00,2022-01-21T12:00:00+00:00,0.2314,0.216525,20.0,-1.2857,,stop,3
XLMUSDT,rnd110048,2022-01-21T20:00:00+00:00,2022-01-21T20:00:00+00:00,0.2168,0.199639285714,20.0,-1.5831,,stop,0
XLMUSDT,rnd110048,2022-01-24T04:00:00+00:00,2022-02-13T20:00:00+00:00,0.1955,0.210785714286,20.0,1.5638,,stop,124
XLMUSDT,rnd110048,2022-02-16T04:00:00+00:00,2022-02-17T16:00:00+00:00,0.2179,0.206442857143,20.0,-1.0516,,stop,9
XLMUSDT,rnd110048,2022-02-18T08:00:00+00:00,2022-02-21T08:00:00+00:00,0.2062,0.191771428571,20.0,-1.3995,,stop,18
XLMUSDT,rnd110048,2022-02-22T12:00:00+00:00,2022-02-24T00:00:00+00:00,0.1825,0.165242857143,20.0,-1.8912,,stop,9
XLMUSDT,rnd110048,2022-02-25T16:00:00+00:00,2022-03-04T20:00:00+00:00,0.1867,0.174085714286,20.0,-1.3513,,stop,43
XLMUSDT,rnd110048,2022-03-05T20:00:00+00:00,2022-03-07T16:00:00+00:00,0.1793,0.167657142857,20.0,-1.2987,,stop,11
XLMUSDT,rnd110048,2022-03-08T20:00:00+00:00,2022-04-06T00:00:00+00:00,0.1711,0.220728571429,20.0,5.8011,,stop,169
XLMUSDT,rnd110048,2022-04-14T04:00:00+00:00,2022-04-17T20:00:00+00:00,0.1981,0.1963,20.0,-0.1817,,stop,22
XLMUSDT,rnd110048,2022-04-19T00:00:00+00:00,2022-04-21T20:00:00+00:00,0.205,0.195928571429,20.0,-0.885,,stop,17
XLMUSDT,rnd110048,2022-04-22T04:00:00+00:00,2022-04-25T00:00:00+00:00,0.1964,0.18615,20.0,-1.0438,,stop,17
XLMUSDT,rnd110048,2022-05-02T00:00:00+00:00,2022-05-05T16:00:00+00:00,0.1756,0.169328571429,20.0,-0.7143,,stop,22
XLMUSDT,rnd110048,2022-05-06T00:00:00+00:00,2022-05-09T00:00:00+00:00,0.171,0.159035714286,20.0,-1.3993,,stop,18
XLMUSDT,rnd110048,2022-05-18T00:00:00+00:00,2022-05-18T20:00:00+00:00,0.1417,0.128914285714,20.0,-1.8046,,stop,5
XLMUSDT,rnd110048,2022-05-20T00:00:00+00:00,2022-05-27T00:00:00+00:00,0.1306,0.119414285714,20.0,-1.713,,stop,42
XLMUSDT,rnd110048,2022-05-28T12:00:00+00:00,2022-06-01T16:00:00+00:00,0.1221,0.137985714286,20.0,2.6021,,stop,25
XLMUSDT,rnd110048,2022-06-02T20:00:00+00:00,2022-06-10T12:00:00+00:00,0.1413,0.134085714286,20.0,-1.0211,,stop,46
XLMUSDT,rnd110048,2022-06-13T00:00:00+00:00,2022-06-13T08:00:00+00:00,0.1184,0.10665,20.0,-1.9848,,stop,2
XLMUSDT,rnd110048,2022-06-18T08:00:00+00:00,2022-06-29T04:00:00+00:00,0.1051,0.111471428571,20.0,1.2125,,stop,65
XLMUSDT,rnd110048,2022-06-30T00:00:00+00:00,2022-07-11T00:00:00+00:00,0.1101,0.104971428571,20.0,-0.9316,,stop,66
XLMUSDT,rnd110048,2022-07-11T12:00:00+00:00,2022-07-12T00:00:00+00:00,0.1064,0.100846428571,20.0,-1.0439,,stop,3
XLMUSDT,rnd110048,2022-07-13T16:00:00+00:00,2022-07-21T00:00:00+00:00,0.1015,0.110671428571,20.0,1.8072,,stop,44
XLMUSDT,rnd110048,2022-07-23T16:00:00+00:00,2022-07-25T16:00:00+00:00,0.1113,0.106585714286,20.0,-0.8471,,stop,12
XLMUSDT,rnd110048,2022-07-30T04:00:00+00:00,2022-08-02T08:00:00+00:00,0.1174,0.113442857143,20.0,-0.6741,,stop,19
XLMUSDT,rnd110048,2022-08-04T20:00:00+00:00,2022-08-08T20:00:00+00:00,0.1134,0.130271428571,20.0,2.9756,,stop,24
XLMUSDT,rnd110048,2022-08-09T16:00:00+00:00,2022-08-18T20:00:00+00:00,0.1218,0.115742857143,20.0,-0.9946,,stop,55
XLMUSDT,rnd110048,2022-08-30T08:00:00+00:00,2022-09-06T16:00:00+00:00,0.1055,0.100571428571,20.0,-0.9343,,stop,44
XLMUSDT,rnd110048,2022-09-08T20:00:00+00:00,2022-09-13T16:00:00+00:00,0.1042,0.105642857143,20.0,0.2769,,stop,29
XLMUSDT,rnd110048,2022-09-14T04:00:00+00:00,2022-09-19T00:00:00+00:00,0.1045,0.106257142857,20.0,0.3363,,stop,29
XLMUSDT,rnd110048,2022-09-21T16:00:00+00:00,2022-09-23T12:00:00+00:00,0.1123,0.120314285714,20.0,1.4273,,stop,11
XLMUSDT,rnd110048,2022-09-28T20:00:00+00:00,2022-10-03T04:00:00+00:00,0.1094,0.113514285714,20.0,0.7522,,stop,26
XLMUSDT,rnd110048,2022-10-04T16:00:00+00:00,2022-10-11T08:00:00+00:00,0.1205,0.118928571429,20.0,-0.2608,,stop,40
XLMUSDT,rnd110048,2022-10-11T12:00:00+00:00,2022-10-13T00:00:00+00:00,0.1182,0.112521428571,20.0,-0.9608,,stop,9
XLMUSDT,rnd110048,2022-10-16T08:00:00+00:00,2022-10-21T00:00:00+00:00,0.1134,0.108596428571,20.0,-0.8472,,stop,28
XLMUSDT,rnd110048,2022-10-22T04:00:00+00:00,2022-11-02T04:00:00+00:00,0.1103,0.108571428571,20.0,-0.3134,,stop,66
XLMUSDT,rnd110048,2022-11-05T00:00:00+00:00,2022-11-06T20:00:00+00:00,0.1155,0.110071428571,20.0,-0.94,,stop,11
XLMUSDT,rnd110048,2022-11-07T20:00:00+00:00,2022-11-08T00:00:00+00:00,0.1107,0.1057,20.0,-0.9033,,stop,1
XLMUSDT,rnd110048,2022-11-10T16:00:00+00:00,2022-11-14T00:00:00+00:00,0.0997,0.0846821428571,20.0,-3.0126,,stop,20
XLMUSDT,rnd110048,2022-11-14T08:00:00+00:00,2022-11-21T16:00:00+00:00,0.0882,0.0833285714286,20.0,-1.1046,,stop,44
XLMUSDT,rnd110048,2022-11-24T04:00:00+00:00,2022-11-28T00:00:00+00:00,0.0896,0.0861142857143,20.0,-0.7781,,stop,23
XLMUSDT,rnd110048,2022-11-29T08:00:00+00:00,2022-12-07T04:00:00+00:00,0.0886,0.0835285714286,20.0,-1.1448,,stop,47
XLMUSDT,rnd110048,2022-12-09T20:00:00+00:00,2022-12-12T00:00:00+00:00,0.085,0.0828035714286,20.0,-0.5168,,stop,13
XLMUSDT,rnd110048,2022-12-12T08:00:00+00:00,2022-12-13T04:00:00+00:00,0.0828,0.0815571428571,20.0,-0.3002,,stop,5
XLMUSDT,rnd110048,2022-12-18T00:00:00+00:00,2022-12-28T04:00:00+00:00,0.0758,0.0715321428571,20.0,-1.1261,,stop,61
XLMUSDT,rnd110048,2023-01-01T16:00:00+00:00,2023-01-05T08:00:00+00:00,0.0719,0.0724285714286,20.0,0.147,,stop,22
XLMUSDT,rnd110048,2023-01-06T00:00:00+00:00,2023-01-12T12:00:00+00:00,0.073,0.0787428571429,20.0,1.5734,,stop,39
XLMUSDT,rnd110048,2023-01-17T20:00:00+00:00,2023-01-18T16:00:00+00:00,0.0878,0.0835857142857,20.0,-0.96,,stop,5
XLMUSDT,rnd110048,2023-01-20T08:00:00+00:00,2023-01-25T00:00:00+00:00,0.0837,0.0894857142857,20.0,1.3825,,stop,28
XLMUSDT,rnd110048,2023-01-27T20:00:00+00:00,2023-01-30T16:00:00+00:00,0.0929,0.0888821428571,20.0,-0.865,,stop,17
XLMUSDT,rnd110048,2023-02-02T00:00:00+00:00,2023-02-09T16:00:00+00:00,0.0924,0.0875607142857,20.0,-1.0475,,stop,46
XLMUSDT,rnd110048,2023-02-10T12:00:00+00:00,2023-02-24T12:00:00+00:00,0.0854,0.0899285714286,20.0,1.0606,,stop,84
XLMUSDT,rnd110048,2023-02-26T08:00:00+00:00,2023-03-03T00:00:00+00:00,0.0879,0.0845428571429,20.0,-0.7639,,stop,28
XLMUSDT,rnd110048,2023-03-06T12:00:00+00:00,2023-03-09T16:00:00+00:00,0.082,0.0804285714286,20.0,-0.3833,,stop,19
XLMUSDT,rnd110048,2023-03-17T12:00:00+00:00,2023-03-22T08:00:00+00:00,0.0866,0.0930857142857,20.0,1.4979,,stop,29
XLMUSDT,rnd110048,2023-03-26T20:00:00+00:00,2023-03-30T00:00:00+00:00,0.0917,0.100257142857,20.0,1.8663,,stop,19
XLMUSDT,rnd110048,2023-04-03T08:00:00+00:00,2023-04-19T08:00:00+00:00,0.1082,0.101878571429,20.0,-1.1685,,stop,96
XLMUSDT,rnd110048,2023-04-21T00:00:00+00:00,2023-04-26T20:00:00+00:00,0.0958,0.0905857142857,20.0,-1.0886,,stop,35
XLMUSDT,rnd110048,2023-05-03T04:00:00+00:00,2023-05-08T00:00:00+00:00,0.0931,0.0906428571429,20.0,-0.5279,,stop,29
XLMUSDT,rnd110048,2023-05-13T12:00:00+00:00,2023-05-24T12:00:00+00:00,0.0889,0.0859357142857,20.0,-0.6669,,stop,66
XLMUSDT,rnd110048,2023-05-25T00:00:00+00:00,2023-06-05T12:00:00+00:00,0.0866,0.0904142857143,20.0,0.8809,,stop,69
XLMUSDT,rnd110048,2023-06-09T04:00:00+00:00,2023-06-10T04:00:00+00:00,0.0867,0.0849857142857,20.0,-0.3955,,stop,6
XLMUSDT,rnd110048,2023-06-14T12:00:00+00:00,2023-06-14T20:00:00+00:00,0.0821,0.0787071428571,20.0,-0.8265,,stop,2
XLMUSDT,rnd110048,2023-06-18T16:00:00+00:00,2023-06-28T08:00:00+00:00,0.0806,0.1012,20.0,5.1117,,stop,58
XLMUSDT,rnd110048,2023-07-03T12:00:00+00:00,2023-07-05T08:00:00+00:00,0.1064,0.101132142857,20.0,-0.9902,,stop,11
XLMUSDT,rnd110048,2023-07-08T04:00:00+00:00,2023-07-13T20:00:00+00:00,0.0972,0.1613,20.0,13.1893,,stop,34
XLMUSDT,rnd110048,2023-07-14T08:00:00+00:00,2023-08-05T00:00:00+00:00,0.1466,0.133928571429,20.0,-1.7287,,stop,130
XLMUSDT,rnd110048,2023-08-06T00:00:00+00:00,2023-08-14T16:00:00+00:00,0.1391,0.1348,20.0,-0.6183,,stop,52
XLMUSDT,rnd110048,2023-08-15T00:00:00+00:00,2023-08-15T16:00:00+00:00,0.1361,0.132296428571,20.0,-0.5589,,stop,4
XLMUSDT,rnd110048,2023-08-16T12:00:00+00:00,2023-08-17T12:00:00+00:00,0.1298,0.12305,20.0,-1.0401,,stop,6
XLMUSDT,rnd110048,2023-08-18T08:00:00+00:00,2023-08-31T16:00:00+00:00,0.1145,0.115828571429,20.0,0.2321,,stop,80
XLMUSDT,rnd110048,2023-09-01T08:00:00+00:00,2023-09-02T16:00:00+00:00,0.1167,0.111932142857,20.0,-0.8171,,stop,8
XLMUSDT,rnd110048,2023-09-06T12:00:00+00:00,2023-09-12T16:00:00+00:00,0.1196,0.122542857143,20.0,0.4921,,stop,37
XLMUSDT,rnd110048,2023-09-14T00:00:00+00:00,2023-09-21T08:00:00+00:00,0.1209,0.112953571429,20.0,-1.3145,,stop,44
XLMUSDT,rnd110048,2023-09-25T04:00:00+00:00,2023-09-29T20:00:00+00:00,0.1128,0.114557142857,20.0,0.3116,,stop,28
XLMUSDT,rnd110048,2023-10-03T04:00:00+00:00,2023-10-04T00:00:00+00:00,0.1118,0.111228571429,20.0,-0.1022,,stop,5
XLMUSDT,rnd110048,2023-10-05T00:00:00+00:00,2023-10-09T08:00:00+00:00,0.1125,0.107339285714,20.0,-0.9175,,stop,26
XLMUSDT,rnd110048,2023-10-09T12:00:00+00:00,2023-10-11T12:00:00+00:00,0.1054,0.102525,20.0,-0.5455,,stop,12
XLMUSDT,rnd110048,2023-10-15T04:00:00+00:00,2023-10-16T16:00:00+00:00,0.1049,0.1067,20.0,0.3432,,stop,9
XLMUSDT,rnd110048,2023-10-18T12:00:00+00:00,2023-10-24T12:00:00+00:00,0.1038,0.112514285714,20.0,1.6791,,stop,36
XLMUSDT,rnd110048,2023-10-25T04:00:00+00:00,2023-11-09T16:00:00+00:00,0.1137,0.121814285714,20.0,1.4273,,stop,93
XLMUSDT,rnd110048,2023-11-12T00:00:00+00:00,2023-11-14T00:00:00+00:00,0.125,0.121942857143,20.0,-0.4891,,stop,12
XLMUSDT,rnd110048,2023-11-14T08:00:00+00:00,2023-11-21T20:00:00+00:00,0.1223,0.113407142857,20.0,-1.4543,,stop,45
XLMUSDT,rnd110048,2023-11-24T12:00:00+00:00,2023-11-27T00:00:00+00:00,0.1183,0.118157142857,20.0,-0.0242,,stop,15
XLMUSDT,rnd110048,2023-11-27T04:00:00+00:00,2023-12-11T00:00:00+00:00,0.1183,0.131271428571,20.0,2.193,,stop,83
XLMUSDT,rnd110048,2023-12-15T00:00:00+00:00,2023-12-16T00:00:00+00:00,0.1276,0.1216,20.0,-0.9404,,stop,6
XLMUSDT,rnd110048,2023-12-16T20:00:00+00:00,2023-12-18T08:00:00+00:00,0.1244,0.119435714286,20.0,-0.7981,,stop,9
XLMUSDT,rnd110048,2023-12-21T08:00:00+00:00,2023-12-26T04:00:00+00:00,0.1225,0.125871428571,20.0,0.5504,,stop,29
