symbol,exp,entry_time,exit_time,entry,exit,notional,pnl,r_mult,exit_side,bars_held
ATOMUSDT,book,2024-01-03T08:00:00+00:00,2024-01-03T12:00:00+00:00,11.1432282,10.5900383401,20.0,-0.9929,,stop,1
ATOMUSDT,book,2024-01-03T16:00:00+00:00,2024-01-07T20:00:00+00:00,10.2160428,9.36698337143,20.0,-1.6622,,stop,25
ATOMUSDT,book,2024-01-08T08:00:00+00:00,2024-01-12T20:00:00+00:00,9.3088614,9.7390518,20.0,0.9243,,stop,27
ATOMUSDT,book,2024-01-13T20:00:00+00:00,2024-01-19T00:00:00+00:00,10.2840564,9.42342133872,20.0,-1.6737,,stop,31
ATOMUSDT,book,2024-01-19T08:00:00+00:00,2024-01-22T16:00:00+00:00,9.656931,9.16920393523,20.0,-1.0101,,stop,20
ATOMUSDT,book,2024-01-23T00:00:00+00:00,2024-01-23T08:00:00+00:00,9.1798356,8.72023406145,20.0,-1.0013,,stop,2
ATOMUSDT,book,2024-01-23T16:00:00+00:00,2024-02-21T08:00:00+00:00,9.0958188,9.81974994286,20.0,1.5918,,stop,172
ATOMUSDT,book,2024-02-21T12:00:00+00:00,2024-02-28T16:00:00+00:00,9.871974,10.6897187714,20.0,1.6567,,stop,43
ATOMUSDT,book,2024-02-29T00:00:00+00:00,2024-03-05T16:00:00+00:00,11.3992794,11.4295707714,20.0,0.0531,,stop,34
ATOMUSDT,book,2024-03-05T20:00:00+00:00,2024-03-15T00:00:00+00:00,11.4282852,12.5259228857,20.0,1.9209,,stop,55
ATOMUSDT,book,2024-03-15T12:00:00+00:00,2024-03-19T04:00:00+00:00,12.4004796,10.9134750398,20.0,-2.3983,,stop,22
ATOMUSDT,book,2024-03-19T08:00:00+00:00,2024-04-02T00:00:00+00:00,11.157231,11.2943121143,20.0,0.2457,,stop,82
ATOMUSDT,book,2024-04-02T20:00:00+00:00,2024-04-12T16:00:00+00:00,11.032206,10.2997884874,20.0,-1.3278,,stop,59
ATOMUSDT,book,2024-04-13T00:00:00+00:00,2024-04-13T16:00:00+00:00,9.3728742,8.58812051802,20.0,-1.6745,,stop,4
ATOMUSDT,book,2024-04-14T00:00:00+00:00,2024-06-07T16:00:00+00:00,8.0706138,7.7074582,20.0,-0.8999,,stop,328
ATOMUSDT,book,2024-06-07T20:00:00+00:00,2024-06-11T12:00:00+00:00,8.0296056,7.55763102857,20.0,-1.1756,,stop,22
ATOMUSDT,book,2024-06-11T20:00:00+00:00,2024-06-14T12:00:00+00:00,7.541508,7.32224954286,20.0,-0.5815,,stop,16
ATOMUSDT,book,2024-06-15T00:00:00+00:00,2024-06-18T00:00:00+00:00,7.1144226,6.70950900119,20.0,-1.1383,,stop,18
ATOMUSDT,book,2024-06-18T08:00:00+00:00,2024-07-03T16:00:00+00:00,6.5923182,6.36001345714,20.0,-0.7048,,stop,92
ATOMUSDT,book,2024-07-04T00:00:00+00:00,2024-07-04T00:00:00+00:00,6.3832764,6.11026838758,20.0,-0.8554,,stop,0
ATOMUSDT,book,2024-07-04T04:00:00+00:00,2024-07-04T12:00:00+00:00,6.3102618,5.99959735478,20.0,-0.9846,,stop,2
ATOMUSDT,book,2024-07-04T20:00:00+00:00,2024-07-05T00:00:00+00:00,6.1802358,5.82532050284,20.0,-1.1485,,stop,1
ATOMUSDT,book,2024-07-05T08:00:00+00:00,2024-07-25T00:00:00+00:00,5.386077,5.86525528571,20.0,1.7793,,stop,118
ATOMUSDT,book,2024-07-25T08:00:00+00:00,2024-07-31T16:00:00+00:00,5.85117,5.87753854286,20.0,0.0901,,stop,38
ATOMUSDT,book,2024-08-01T04:00:00+00:00,2024-08-01T16:00:00+00:00,5.8131624,5.55722930323,20.0,-0.8805,,stop,3
ATOMUSDT,book,2024-08-02T04:00:00+00:00,2024-08-02T12:00:00+00:00,5.7351468,5.4222764135,20.0,-1.0911,,stop,2
ATOMUSDT,book,2024-08-02T20:00:00+00:00,2024-08-04T12:00:00+00:00,5.3850768,5.00693235607,20.0,-1.4044,,stop,10
ATOMUSDT,book,2024-08-04T20:00:00+00:00,2024-08-05T00:00:00+00:00,5.0640126,4.67129244034,20.0,-1.551,,stop,1
ATOMUSDT,book,2024-08-05T08:00:00+00:00,2024-08-27T20:00:00+00:00,4.5289056,4.57251388571,20.0,0.1926,,stop,135
ATOMUSDT,book,2024-08-28T04:00:00+00:00,2024-09-01T20:00:00+00:00,4.6069212,4.27499460147,20.0,-1.441,,stop,28
ATOMUSDT,book,2024-09-02T04:00:00+00:00,2024-09-03T16:00:00+00:00,4.3518702,4.17387934286,20.0,-0.818,,stop,9
ATOMUSDT,book,2024-09-04T04:00:00+00:00,2024-09-06T16:00:00+00:00,4.0618122,3.77266465899,20.0,-1.4237,,stop,15
ATOMUSDT,book,2024-09-07T08:00:00+00:00,2024-09-30T20:00:00+00:00,3.7547508,4.77061711429,20.0,5.4111,,stop,141
ATOMUSDT,book,2024-10-01T00:00:00+00:00,2024-10-01T16:00:00+00:00,4.7279454,4.43009491806,20.0,-1.26,,stop,4
ATOMUSDT,book,2024-10-01T20:00:00+00:00,2024-10-09T20:00:00+00:00,4.445889,4.18130642857,20.0,-1.1902,,stop,48
ATOMUSDT,book,2024-10-10T04:00:00+00:00,2024-10-10T16:00:00+00:00,4.2698538,4.04707993638,20.0,-1.0435,,stop,3
ATOMUSDT,book,2024-10-11T00:00:00+00:00,2024-10-17T16:00:00+00:00,4.135827,4.28257188571,20.0,0.7096,,stop,40
ATOMUSDT,book,2024-10-18T00:00:00+00:00,2024-10-21T12:00:00+00:00,4.305861,4.87231105714,20.0,2.6311,,stop,21
ATOMUSDT,book,2024-10-22T08:00:00+00:00,2024-10-25T20:00:00+00:00,4.815963,4.50898959311,20.0,-1.2748,,stop,21
ATOMUSDT,book,2024-10-26T04:00:00+00:00,2024-11-01T00:00:00+00:00,4.465893,4.14363553569,20.0,-1.4432,,stop,35
ATOMUSDT,book,2024-11-01T20:00:00+00:00,2024-11-03T00:00:00+00:00,4.1738346,3.94554533308,20.0,-1.0939,,stop,7
ATOMUSDT,book,2024-11-03T08:00:00+00:00,2024-11-04T20:00:00+00:00,4.060812,3.84736380189,20.0,-1.0513,,stop,9
ATOMUSDT,book,2024-11-05T08:00:00+00:00,2024-11-10T20:00:00+00:00,4.0268052,5.183963,20.0,5.7473,,stop,33
ATOMUSDT,book,2024-11-12T00:00:00+00:00,2024-11-13T00:00:00+00:00,5.6651328,5.11428830915,20.0,-1.9447,,stop,6
ATOMUSDT,book,2024-11-13T04:00:00+00:00,2024-11-24T12:00:00+00:00,5.0150028,8.4863024,20.0,13.8437,,stop,68
ATOMUSDT,book,2024-11-24T16:00:00+00:00,2024-12-09T20:00:00+00:00,8.0876172,8.16065325714,20.0,0.1806,,stop,91
ATOMUSDT,book,2024-12-10T00:00:00+00:00,2024-12-10T16:00:00+00:00,8.3946786,7.28911334285,20.0,-2.634,,stop,4
ATOMUSDT,book,2024-12-10T20:00:00+00:00,2024-12-19T12:00:00+00:00,7.7005398,7.18741937143,20.0,-1.3327,,stop,52
ATOMUSDT,book,2024-12-20T04:00:00+00:00,2024-12-20T08:00:00+00:00,6.9673932,6.02850868565,20.0,-2.6951,,stop,1
ATOMUSDT,book,2024-12-20T16:00:00+00:00,2025-01-19T20:00:00+00:00,6.6193236,5.88667957143,20.0,-2.2137,,stop,181
ATOMUSDT,book,2025-01-20T04:00:00+00:00,2025-02-02T16:00:00+00:00,5.9941986,5.37149691429,20.0,-2.0777,,stop,81
ATOMUSDT,book,2025-02-02T20:00:00+00:00,2025-02-03T00:00:00+00:00,5.1520302,4.61378582967,20.0,-2.0894,,stop,1
ATOMUSDT,book,2025-02-03T08:00:00+00:00,2025-03-09T16:00:00+00:00,4.3848768,3.79167008571,20.0,-2.7057,,stop,206
ATOMUSDT,book,2025-03-09T20:00:00+00:00,2025-03-10T16:00:00+00:00,3.830766,3.59299554286,20.0,-1.2414,,stop,5
ATOMUSDT,book,2025-03-11T08:00:00+00:00,2025-03-29T00:00:00+00:00,3.5927184,4.45396617143,20.0,4.7944,,stop,106
ATOMUSDT,book,2025-03-29T04:00:00+00:00,2025-03-29T16:00:00+00:00,4.535907,4.25594849717,20.0,-1.2344,,stop,3
ATOMUSDT,book,2025-03-30T00:00:00+00:00,2025-04-06T16:00:00+00:00,4.2438486,4.65221222857,20.0,1.9245,,stop,46
ATOMUSDT,book,2025-04-06T20:00:00+00:00,2025-04-07T04:00:00+00:00,4.4888976,4.14092639191,20.0,-1.5504,,stop,2
ATOMUSDT,book,2025-04-07T08:00:00+00:00,2025-04-15T20:00:00+00:00,4.0528104,3.98077511429,20.0,-0.3555,,stop,51
ATOMUSDT,book,2025-04-16T04:00:00+00:00,2025-04-28T00:00:00+00:00,4.0278054,4.3231352,20.0,1.4665,,stop,71
ATOMUSDT,book,2025-04-28T04:00:00+00:00,2025-05-04T12:00:00+00:00,4.3878774,4.13472886023,20.0,-1.1539,,stop,38
ATOMUSDT,book,2025-05-05T00:00:00+00:00,2025-05-11T04:00:00+00:00,4.095819,5.16582377143,20.0,5.2249,,stop,37
ATOMUSDT,book,2025-05-12T20:00:00+00:00,2025-05-15T12:00:00+00:00,5.231046,4.76223621937,20.0,-1.7924,,stop,16
ATOMUSDT,book,2025-05-15T16:00:00+00:00,2025-05-19T12:00:00+00:00,4.9049808,4.60250788571,20.0,-1.2333,,stop,23
ATOMUSDT,book,2025-05-19T16:00:00+00:00,2025-05-25T00:00:00+00:00,4.7399478,4.65392617143,20.0,-0.363,,stop,32
ATOMUSDT,book,2025-05-25T04:00:00+00:00,2025-05-30T00:00:00+00:00,4.6989396,4.46524962857,20.0,-0.9946,,stop,29
ATOMUSDT,book,2025-05-30T12:00:00+00:00,2025-06-05T16:00:00+00:00,4.4728944,4.15920524969,20.0,-1.4026,,stop,37
ATOMUSDT,book,2025-06-06T04:00:00+00:00,2025-06-12T20:00:00+00:00,4.1568312,4.2581482,20.0,0.4875,,stop,40
ATOMUSDT,book,2025-06-13T04:00:00+00:00,2025-06-20T16:00:00+00:00,4.0968192,3.89050745714,20.0,-1.0072,,stop,45
ATOMUSDT,book,2025-06-21T04:00:00+00:00,2025-06-21T20:00:00+00:00,3.9637926,3.78535680577,20.0,-0.9003,,stop,4
ATOMUSDT,book,2025-06-22T08:00:00+00:00,2025-06-22T20:00:00+00:00,3.7777554,3.57614717035,20.0,-1.0673,,stop,3
ATOMUSDT,book,2025-06-23T00:00:00+00:00,2025-07-15T00:00:00+00:00,3.720744,4.46882034286,20.0,4.0211,,stop,132
ATOMUSDT,book,2025-07-15T04:00:00+00:00,2025-07-23T12:00:00+00:00,4.4738946,4.88373734286,20.0,1.8322,,stop,50
ATOMUSDT,book,2025-07-23T16:00:00+00:00,2025-07-30T08:00:00+00:00,4.8169632,4.4428601645,20.0,-1.5533,,stop,40
ATOMUSDT,book,2025-07-30T16:00:00+00:00,2025-08-01T00:00:00+00:00,4.4438886,4.12931257228,20.0,-1.4158,,stop,8
ATOMUSDT,book,2025-08-01T04:00:00+00:00,2025-08-14T20:00:00+00:00,4.2218442,4.43825502857,20.0,1.0252,,stop,82
ATOMUSDT,book,2025-08-15T08:00:00+00:00,2025-08-19T16:00:00+00:00,4.5929184,4.30223635203,20.0,-1.2658,,stop,26
ATOMUSDT,book,2025-08-20T04:00:00+00:00,2025-08-25T04:00:00+00:00,4.3298658,4.57351368571,20.0,1.1254,,stop,30
ATOMUSDT,book,2025-08-25T08:00:00+00:00,2025-09-21T00:00:00+00:00,4.5519102,4.3581282,20.0,-0.8514,,stop,160
ATOMUSDT,book,2025-09-21T04:00:00+00:00,2025-09-22T00:00:00+00:00,4.4768952,4.28425246382,20.0,-0.8606,,stop,5
ATOMUSDT,book,2025-09-22T12:00:00+00:00,2025-09-25T16:00:00+00:00,4.160832,3.94575697646,20.0,-1.0338,,stop,19
ATOMUSDT,book,2025-09-25T20:00:00+00:00,2025-10-07T12:00:00+00:00,4.0438086,4.05390334286,20.0,0.0499,,stop,70
ATOMUSDT,book,2025-10-07T20:00:00+00:00,2025-10-10T16:00:00+00:00,4.0668132,3.88093794286,20.0,-0.9141,,stop,17
ATOMUSDT,book,2025-10-11T00:00:00+00:00,2025-12-01T12:00:00+00:00,2.9425884,2.1925614,20.0,-5.0977,,stop,309
ATOMUSDT,book,2025-12-01T20:00:00+00:00,2025-12-05T16:00:00+00:00,2.2134426,2.22869702857,20.0,0.1378,,stop,23
ATOMUSDT,book,2025-12-06T00:00:00+00:00,2025-12-11T00:00:00+00:00,2.1984396,2.2265546,20.0,0.2558,,stop,30
ATOMUSDT,book,2025-12-11T08:00:00+00:00,2025-12-15T16:00:00+00:00,2.1914382,2.03299580522,20.0,-1.446,,stop,26
ATOMUSDT,book,2025-12-16T00:00:00+00:00,2025-12-17T16:00:00+00:00,2.0514102,1.94959163225,20.0,-0.9927,,stop,10
ATOMUSDT,book,2025-12-18T16:00:00+00:00,2025-12-18T16:00:00+00:00,1.960392,1.83538199303,20.0,-1.2754,,stop,0
ATOMUSDT,book,2025-12-19T00:00:00+00:00,2026-01-15T12:00:00+00:00,1.8533706,2.47507631429,20.0,6.7089,,stop,165
ATOMUSDT,book,2026-01-15T16:00:00+00:00,2026-01-19T00:00:00+00:00,2.4874974,2.35167242857,20.0,-1.0921,,stop,20
ATOMUSDT,book,2026-01-19T04:00:00+00:00,2026-01-20T16:00:00+00:00,2.3864772,2.31482265714,20.0,-0.6005,,stop,9
ATOMUSDT,book,2026-01-20T20:00:00+00:00,2026-01-29T12:00:00+00:00,2.3194638,2.14142877143,20.0,-1.5351,,stop,52
ATOMUSDT,book,2026-01-29T16:00:00+00:00,2026-01-31T12:00:00+00:00,2.1044208,1.99152241584,20.0,-1.073,,stop,11
ATOMUSDT,book,2026-01-31T20:00:00+00:00,2026-02-05T20:00:00+00:00,1.9143828,1.83106228571,20.0,-0.8705,,stop,30
ATOMUSDT,book,2026-02-06T04:00:00+00:00,2026-02-23T12:00:00+00:00,1.7973594,2.16242457143,20.0,4.0622,,stop,104
ATOMUSDT,book,2026-02-24T00:00:00+00:00,2026-02-24T16:00:00+00:00,2.120424,2.00698680806,20.0,-1.0699,,stop,4
ATOMUSDT,book,2026-02-25T00:00:00+00:00,2026-02-26T08:00:00+00:00,1.9933986,1.91133194286,20.0,-0.8234,,stop,8
ATOMUSDT,book,2026-02-26T20:00:00+00:00,2026-03-20T16:00:00+00:00,1.8463692,1.78635694286,20.0,-0.6501,,stop,131
ATOMUSDT,book,2026-03-20T20:00:00+00:00,2026-03-26T04:00:00+00:00,1.8173634,1.71898382018,20.0,-1.0827,,stop,32
ATOMUSDT,book,2026-03-27T00:00:00+00:00,2026-03-29T12:00:00+00:00,1.6983396,1.63926168208,20.0,-0.6957,,stop,15
ATOMUSDT,book,2026-03-29T20:00:00+00:00,2026-04-02T00:00:00+00:00,1.6433286,1.66638094286,20.0,0.2806,,stop,19
ATOMUSDT,book,2026-04-02T08:00:00+00:00,2026-04-13T08:00:00+00:00,1.6473294,1.71808488571,20.0,0.859,,stop,66
ATOMUSDT,book,2026-04-13T12:00:00+00:00,2026-04-18T16:00:00+00:00,1.7273454,1.77950117143,20.0,0.6039,,stop,31
ATOMUSDT,book,2026-04-18T20:00:00+00:00,2026-04-29T12:00:00+00:00,1.7813562,1.92704308571,20.0,1.6357,,stop,64
ATOMUSDT,book,2026-04-29T16:00:00+00:00,2026-05-03T00:00:00+00:00,1.9233846,1.86354753022,20.0,-0.6222,,stop,20
ATOMUSDT,book,2026-05-03T04:00:00+00:00,2026-05-05T16:00:00+00:00,1.8713742,1.8456308,20.0,-0.2751,,stop,15
ATOMUSDT,book,2026-05-05T20:00:00+00:00,2026-05-08T00:00:00+00:00,1.8663732,1.86434134286,20.0,-0.0218,,stop,13
ATOMUSDT,book,2026-05-08T04:00:00+00:00,2026-05-13T12:00:00+00:00,1.8683736,2.08115511429,20.0,2.2777,,stop,32
ATOMUSDT,book,2026-05-13T16:00:00+00:00,2026-05-29T12:00:00+00:00,2.0334066,1.99731474286,20.0,-0.355,,stop,95
ATOMUSDT,book,2026-05-29T16:00:00+00:00,2026-06-01T12:00:00+00:00,2.0334066,1.90463274011,20.0,-1.2666,,stop,17
ATOMUSDT,book,2026-06-01T20:00:00+00:00,2026-06-02T12:00:00+00:00,1.9213842,1.83119645887,20.0,-0.9388,,stop,4
ATOMUSDT,book,2026-06-02T20:00:00+00:00,2026-06-04T08:00:00+00:00,1.8123624,1.74193725714,20.0,-0.7772,,stop,9
ATOMUSDT,book,2026-06-04T16:00:00+00:00,2026-06-05T12:00:00+00:00,1.8523704,1.69363874735,20.0,-1.7138,,stop,5
ATOMUSDT,book,2026-06-06T00:00:00+00:00,2026-06-21T20:00:00+00:00,1.6583316,1.75093545714,20.0,1.1168,,stop,95
ATOMUSDT,book,2026-06-22T04:00:00+00:00,2026-06-23T04:00:00+00:00,1.7813562,1.74507948571,20.0,-0.4073,,stop,6
ATOMUSDT,book,2026-06-23T12:00:00+00:00,2026-06-24T04:00:00+00:00,1.7713542,1.69922857202,20.0,-0.8144,,stop,4
ATOMUSDT,book,2026-06-24T16:00:00+00:00,2026-06-29T12:00:00+00:00,1.635327,1.54608914889,20.0,-1.0914,,stop,29
ATOMUSDT,book,2026-06-30T04:00:00+00:00,2026-07-13T20:00:00+00:00,1.5233046,1.52798005714,20.0,0.0614,,stop,82
ATOMUSDT,book,2026-07-14T08:00:00+00:00,2026-07-17T04:00:00+00:00,1.5273054,1.4977004,20.0,-0.3877,,stop,17
ATOMUSDT,book,2026-07-17T16:00:00+00:00,2026-07-20T04:00:00+00:00,1.5133026,1.45372608234,20.0,-0.7874,,stop,15
ATOMUSDT,book,2026-07-20T12:00:00+00:00,2026-07-23T12:00:00+00:00,1.4842968,1.43811626207,20.0,-0.6223,,stop,18
ATOMUSDT,book,2026-07-23T16:00:00+00:00,2026-07-24T08:00:00+00:00,1.4432886,1.40068697799,20.0,-0.5903,,stop,4
ATOMUSDT,book,2026-07-24T16:00:00+00:00,2026-07-27T12:00:00+00:00,1.3972794,1.34790262269,20.0,-0.7068,,stop,17
ATOMUSDT,book,2026-07-27T20:00:00+00:00,2026-07-27T20:00:00+00:00,1.3472694,1.30843623183,20.0,-0.5765,,stop,0
ATOMUSDT,book,2026-07-28T08:00:00+00:00,2026-07-31T00:00:00+00:00,1.3032606,1.25408116217,20.0,-0.7547,,stop,16
ATOMUSDT,book,2026-07-31T16:00:00+00:00,2026-08-14T16:00:00+00:00,1.2362472,1.49527231429,20.0,4.1905,,stop,84
ATOMUSDT,book,2026-08-14T20:00:00+00:00,2026-08-18T04:00:00+00:00,1.490298,1.39948233326,20.0,-1.2188,,stop,20
ATOMUSDT,book,2026-08-18T12:00:00+00:00,2026-08-22T04:00:00+00:00,1.3982796,1.56354437143,20.0,2.3638,,stop,22
ATOMUSDT,book,2026-08-22T20:00:00+00:00,2026-08-28T16:00:00+00:00,1.6013202,1.4578142931,20.0,-1.7923,,stop,35
ATOMUSDT,book,2026-08-28T20:00:00+00:00,2026-08-30T20:00:00+00:00,1.4772954,1.4577084,20.0,-0.2652,,eod,12
BTCUSDT,book,2024-01-03T12:00:00+00:00,2024-01-03T12:00:00+00:00,43711.630578,41842.0479944,20.0,-0.8554,,stop,0
BTCUSDT,book,2024-01-03T16:00:00+00:00,2024-01-12T12:00:00+00:00,43008.610002,45226.272936,20.0,1.0313,,stop,53
BTCUSDT,book,2024-01-12T16:00:00+00:00,2024-01-18T16:00:00+00:00,44470.8924,41300.7502404,20.0,-1.4257,,stop,36
BTCUSDT,book,2024-01-19T00:00:00+00:00,2024-01-22T16:00:00+00:00,41335.775502,39994.7223126,20.0,-0.6489,,stop,22
BTCUSDT,book,2024-01-23T04:00:00+00:00,2024-01-23T08:00:00+00:00,40008.430086,38711.6469221,20.0,-0.6483,,stop,1
BTCUSDT,book,2024-01-23T16:00:00+00:00,2024-02-28T20:00:00+00:00,39211.8408,60938.90978,20.0,11.0819,,stop,217
BTCUSDT,book,2024-03-01T00:00:00+00:00,2024-03-05T16:00:00+00:00,61143.216198,61364.9274166,20.0,0.0725,,stop,28
BTCUSDT,book,2024-03-05T20:00:00+00:00,2024-03-16T20:00:00+00:00,61423.262196,65488.5139629,20.0,1.3237,,stop,66
BTCUSDT,book,2024-03-17T00:00:00+00:00,2024-04-13T20:00:00+00:00,65313.700128,63662.9091569,20.0,-0.5055,,stop,167
BTCUSDT,book,2024-04-15T08:00:00+00:00,2024-04-17T12:00:00+00:00,66277.092768,61549.7303594,20.0,-1.4265,,stop,13
BTCUSDT,book,2024-04-17T20:00:00+00:00,2024-04-30T16:00:00+00:00,61034.564472,60065.8230037,20.0,-0.3174,,stop,77
BTCUSDT,book,2024-05-01T00:00:00+00:00,2024-05-01T04:00:00+00:00,60684.144402,57726.066522,20.0,-0.9749,,stop,1
BTCUSDT,book,2024-05-01T12:00:00+00:00,2024-05-23T20:00:00+00:00,57910.039692,66338.5267834,20.0,2.9109,,stop,134
BTCUSDT,book,2024-05-24T00:00:00+00:00,2024-06-11T04:00:00+00:00,67983.253932,67554.18646,20.0,-0.1262,,stop,109
BTCUSDT,book,2024-06-11T08:00:00+00:00,2024-06-11T12:00:00+00:00,67583.694036,66184.56876,20.0,-0.414,,stop,1
BTCUSDT,book,2024-06-11T20:00:00+00:00,2024-06-13T12:00:00+00:00,67420.501404,66893.2358194,20.0,-0.1564,,stop,10
BTCUSDT,book,2024-06-15T00:00:00+00:00,2024-06-23T20:00:00+00:00,66057.198798,63354.1272236,20.0,-0.8184,,stop,53
BTCUSDT,book,2024-06-25T00:00:00+00:00,2024-07-03T00:00:00+00:00,60305.35866,60616.6885229,20.0,0.1033,,stop,48
BTCUSDT,book,2024-07-04T00:00:00+00:00,2024-07-04T00:00:00+00:00,60220.611714,58115.2738342,20.0,-0.6992,,stop,0
BTCUSDT,book,2024-07-04T16:00:00+00:00,2024-07-05T00:00:00+00:00,58151.628,55297.484148,20.0,-0.9816,,stop,2
BTCUSDT,book,2024-07-05T12:00:00+00:00,2024-08-01T00:00:00+00:00,55497.607302,64178.1632283,20.0,3.1283,,stop,159
BTCUSDT,book,2024-08-01T04:00:00+00:00,2024-08-02T20:00:00+00:00,63948.797202,61804.8851217,20.0,-0.6705,,stop,10
BTCUSDT,book,2024-08-03T04:00:00+00:00,2024-08-04T16:00:00+00:00,61908.369198,58249.581237,20.0,-1.182,,stop,9
BTCUSDT,book,2024-08-04T20:00:00+00:00,2024-08-05T00:00:00+00:00,59269.521534,55797.3009129,20.0,-1.1717,,stop,1
BTCUSDT,book,2024-08-05T16:00:00+00:00,2024-09-04T00:00:00+00:00,54331.944216,55740.4782457,20.0,0.5185,,stop,176
BTCUSDT,book,2024-09-04T08:00:00+00:00,2024-09-06T12:00:00+00:00,56757.3492,54938.9871474,20.0,-0.6407,,stop,13
BTCUSDT,book,2024-09-07T00:00:00+00:00,2024-10-01T12:00:00+00:00,53973.762594,61893.5845211,20.0,2.9347,,stop,147
BTCUSDT,book,2024-10-01T16:00:00+00:00,2024-10-01T20:00:00+00:00,62641.37577,60739.3718941,20.0,-0.6073,,stop,1
BTCUSDT,book,2024-10-02T00:00:00+00:00,2024-10-09T20:00:00+00:00,60817.080984,60664.3804111,20.0,-0.0502,,stop,47
BTCUSDT,book,2024-10-10T04:00:00+00:00,2024-10-10T16:00:00+00:00,60877.463058,58973.0214515,20.0,-0.6257,,stop,3
BTCUSDT,book,2024-10-11T00:00:00+00:00,2024-10-23T08:00:00+00:00,60338.46528,66421.633016,20.0,2.0163,,stop,74
BTCUSDT,book,2024-10-23T12:00:00+00:00,2024-10-25T20:00:00+00:00,66427.2828,65689.4737629,20.0,-0.2221,,stop,14
BTCUSDT,book,2024-10-26T00:00:00+00:00,2024-10-31T20:00:00+00:00,66711.659664,69702.3824491,20.0,0.8966,,stop,35
BTCUSDT,book,2024-11-01T04:00:00+00:00,2024-11-03T00:00:00+00:00,69383.863998,67959.495382,20.0,-0.4106,,stop,11
BTCUSDT,book,2024-11-03T04:00:00+00:00,2024-11-12T08:00:00+00:00,68393.57598,86045.4246154,20.0,5.1618,,stop,55
BTCUSDT,book,2024-11-13T16:00:00+00:00,2024-12-05T20:00:00+00:00,92558.508,93103.5384246,20.0,0.1178,,stop,133
BTCUSDT,book,2024-12-06T00:00:00+00:00,2024-12-19T16:00:00+00:00,96965.019126,98215.5472469,20.0,0.2579,,stop,82
BTCUSDT,book,2024-12-20T00:00:00+00:00,2024-12-30T12:00:00+00:00,97481.352372,91979.8991408,20.0,-1.1287,,stop,63
BTCUSDT,book,2024-12-30T20:00:00+00:00,2025-01-07T12:00:00+00:00,94435.923408,98374.8068171,20.0,0.8342,,stop,46
BTCUSDT,book,2025-01-10T16:00:00+00:00,2025-01-20T16:00:00+00:00,93749.676186,102130.244151,20.0,1.7879,,stop,60
BTCUSDT,book,2025-01-21T00:00:00+00:00,2025-02-03T00:00:00+00:00,102280.452,94698.9721311,20.0,-1.4825,,stop,78
BTCUSDT,book,2025-02-03T08:00:00+00:00,2025-02-09T20:00:00+00:00,95352.076602,95155.4722414,20.0,-0.0412,,stop,39
BTCUSDT,book,2025-02-10T00:00:00+00:00,2025-02-12T12:00:00+00:00,96482.04255,94716.6843023,20.0,-0.3659,,stop,15
BTCUSDT,book,2025-02-13T00:00:00+00:00,2025-02-18T16:00:00+00:00,97889.574,94731.0222198,20.0,-0.6453,,stop,34
BTCUSDT,book,2025-02-19T00:00:00+00:00,2025-02-21T20:00:00+00:00,95690.874348,95145.2214349,20.0,-0.114,,stop,17
BTCUSDT,book,2025-02-25T04:00:00+00:00,2025-02-25T04:00:00+00:00,92172.360786,89458.076306,20.0,-0.589,,stop,0
BTCUSDT,book,2025-02-25T20:00:00+00:00,2025-02-26T20:00:00+00:00,87964.829448,83237.7196453,20.0,-1.0748,,stop,6
BTCUSDT,book,2025-02-27T00:00:00+00:00,2025-03-04T00:00:00+00:00,84266.940018,84999.9823171,20.0,0.174,,stop,30
BTCUSDT,book,2025-03-05T12:00:00+00:00,2025-03-09T16:00:00+00:00,89832.222852,82494.0207474,20.0,-1.6338,,stop,25
BTCUSDT,book,2025-03-10T04:00:00+00:00,2025-03-10T16:00:00+00:00,82063.899498,78275.430566,20.0,-0.9233,,stop,3
BTCUSDT,book,2025-03-11T04:00:00+00:00,2025-04-06T16:00:00+00:00,79538.194458,80422.0538003,20.0,0.2222,,stop,159
BTCUSDT,book,2025-04-07T12:00:00+00:00,2025-04-09T00:00:00+00:00,76700.957124,75326.0232103,20.0,-0.3585,,stop,9
BTCUSDT,book,2025-04-09T20:00:00+00:00,2025-06-05T16:00:00+00:00,82348.546416,101926.256385,20.0,4.7548,,stop,341
BTCUSDT,book,2025-06-06T04:00:00+00:00,2025-06-12T20:00:00+00:00,102513.79866,106004.930487,20.0,0.6811,,stop,40
BTCUSDT,book,2025-06-13T08:00:00+00:00,2025-06-17T12:00:00+00:00,104915.989002,104144.792589,20.0,-0.147,,stop,25
BTCUSDT,book,2025-06-17T20:00:00+00:00,2025-06-21T20:00:00+00:00,104707.057224,101335.311108,20.0,-0.644,,stop,24
BTCUSDT,book,2025-06-22T04:00:00+00:00,2025-06-22T12:00:00+00:00,102395.87508,99582.3617664,20.0,-0.5495,,stop,2
BTCUSDT,book,2025-06-23T00:00:00+00:00,2025-07-15T00:00:00+00:00,100984.062774,117552.096306,20.0,3.2813,,stop,132
BTCUSDT,book,2025-07-15T04:00:00+00:00,2025-07-25T04:00:00+00:00,117171.889692,115242.614009,20.0,-0.3293,,stop,60
BTCUSDT,book,2025-07-25T08:00:00+00:00,2025-08-01T00:00:00+00:00,115343.074002,114551.459411,20.0,-0.1373,,stop,40
BTCUSDT,book,2025-08-01T04:00:00+00:00,2025-08-01T20:00:00+00:00,115671.159606,112702.96986,20.0,-0.5132,,stop,4
BTCUSDT,book,2025-08-03T12:00:00+00:00,2025-08-14T12:00:00+00:00,113884.962438,119702.877493,20.0,1.0217,,stop,66
BTCUSDT,book,2025-08-14T16:00:00+00:00,2025-08-19T04:00:00+00:00,118280.911452,114455.96925,20.0,-0.6468,,stop,27
BTCUSDT,book,2025-08-19T08:00:00+00:00,2025-08-20T12:00:00+00:00,115001.14563,112410.891097,20.0,-0.4505,,stop,7
BTCUSDT,book,2025-08-21T00:00:00+00:00,2025-08-24T16:00:00+00:00,114294.084246,112740.051765,20.0,-0.2719,,stop,22
BTCUSDT,book,2025-08-25T16:00:00+00:00,2025-08-26T00:00:00+00:00,112223.09013,109135.687198,20.0,-0.5502,,stop,2
BTCUSDT,book,2025-08-27T04:00:00+00:00,2025-08-29T20:00:00+00:00,111440.43363,107675.037172,20.0,-0.6758,,stop,16
BTCUSDT,book,2025-08-30T00:00:00+00:00,2025-09-22T04:00:00+00:00,108399.07548,112639.37619,20.0,0.7823,,stop,139
BTCUSDT,book,2025-09-22T12:00:00+00:00,2025-09-24T04:00:00+00:00,112899.545394,111270.186905,20.0,-0.2886,,stop,10
BTCUSDT,book,2025-09-24T12:00:00+00:00,2025-09-25T16:00:00+00:00,113052.05589,110148.903845,20.0,-0.5136,,stop,7
BTCUSDT,book,2025-09-26T04:00:00+00:00,2025-10-07T12:00:00+00:00,109601.916,121647.612753,20.0,2.1981,,stop,68
BTCUSDT,book,2025-10-07T16:00:00+00:00,2025-10-10T12:00:00+00:00,121870.379202,118600.22521,20.0,-0.5367,,stop,17
BTCUSDT,book,2025-10-10T16:00:00+00:00,2025-10-10T20:00:00+00:00,119042.793798,114864.403822,20.0,-0.702,,stop,1
BTCUSDT,book,2025-10-11T12:00:00+00:00,2025-10-17T08:00:00+00:00,112302.466002,104940.114852,20.0,-1.3112,,stop,35
BTCUSDT,book,2025-10-17T12:00:00+00:00,2025-10-30T04:00:00+00:00,105704.846742,108846.177838,20.0,0.5944,,stop,76
BTCUSDT,book,2025-10-30T08:00:00+00:00,2025-10-30T16:00:00+00:00,111388.993344,107289.207996,20.0,-0.7361,,stop,2
BTCUSDT,book,2025-10-31T00:00:00+00:00,2025-11-04T08:00:00+00:00,108344.534574,103622.189988,20.0,-0.8717,,stop,26
BTCUSDT,book,2025-11-04T12:00:00+00:00,2025-11-04T16:00:00+00:00,104605.66695,100589.714626,20.0,-0.7678,,stop,1
BTCUSDT,book,2025-11-05T00:00:00+00:00,2025-11-13T16:00:00+00:00,101517.529446,99568.6737103,20.0,-0.3839,,stop,52
BTCUSDT,book,2025-11-14T00:00:00+00:00,2025-11-14T12:00:00+00:00,99711.968406,95339.9519584,20.0,-0.8769,,stop,3
BTCUSDT,book,2025-11-14T16:00:00+00:00,2025-11-17T20:00:00+00:00,96815.499228,91376.2721035,20.0,-1.1236,,stop,19
BTCUSDT,book,2025-11-18T00:00:00+00:00,2025-11-19T16:00:00+00:00,92233.583028,88736.9642278,20.0,-0.7582,,stop,10
BTCUSDT,book,2025-11-20T00:00:00+00:00,2025-11-20T16:00:00+00:00,91573.270992,87086.2466871,20.0,-0.98,,stop,4
BTCUSDT,book,2025-11-21T16:00:00+00:00,2025-12-18T16:00:00+00:00,82949.046492,84567.5902414,20.0,0.3903,,stop,162
BTCUSDT,book,2025-12-19T00:00:00+00:00,2026-01-20T04:00:00+00:00,85533.513282,91807.0963363,20.0,1.4669,,stop,193
BTCUSDT,book,2026-01-20T08:00:00+00:00,2026-01-20T20:00:00+00:00,91196.225598,89192.7816875,20.0,-0.4394,,stop,3
BTCUSDT,book,2026-01-21T04:00:00+00:00,2026-01-25T16:00:00+00:00,89450.216466,86472.9094959,20.0,-0.6657,,stop,27
BTCUSDT,book,2026-01-26T00:00:00+00:00,2026-01-29T00:00:00+00:00,86687.694072,87727.1539166,20.0,0.2398,,stop,18
BTCUSDT,book,2026-01-30T00:00:00+00:00,2026-01-30T00:00:00+00:00,84667.090032,81228.9517061,20.0,-0.8122,,stop,0
BTCUSDT,book,2026-01-30T08:00:00+00:00,2026-01-31T16:00:00+00:00,82833.543396,78997.8799452,20.0,-0.9261,,stop,8
BTCUSDT,book,2026-02-01T00:00:00+00:00,2026-02-03T16:00:00+00:00,78756.84822,73818.3244589,20.0,-1.2541,,stop,16
BTCUSDT,book,2026-02-04T00:00:00+00:00,2026-02-05T04:00:00+00:00,75785.364042,70930.6054403,20.0,-1.2812,,stop,7
BTCUSDT,book,2026-02-06T04:00:00+00:00,2026-03-27T12:00:00+00:00,64181.163666,65965.4014234,20.0,0.556,,stop,296
BTCUSDT,book,2026-03-29T08:00:00+00:00,2026-04-02T08:00:00+00:00,66684.3342,66158.3742497,20.0,-0.1577,,stop,24
BTCUSDT,book,2026-04-02T16:00:00+00:00,2026-04-19T20:00:00+00:00,66866.280582,73819.3817417,20.0,2.0797,,stop,103
BTCUSDT,book,2026-04-20T00:00:00+00:00,2026-04-28T08:00:00+00:00,73816.56036,76268.383272,20.0,0.6643,,stop,50
BTCUSDT,book,2026-04-28T12:00:00+00:00,2026-05-08T00:00:00+00:00,76244.235798,79458.5565383,20.0,0.8432,,stop,57
BTCUSDT,book,2026-05-08T04:00:00+00:00,2026-05-16T04:00:00+00:00,79594.755768,78574.1334583,20.0,-0.2565,,stop,48
BTCUSDT,book,2026-05-16T08:00:00+00:00,2026-05-18T12:00:00+00:00,78385.453956,76172.4271374,20.0,-0.5647,,stop,13
BTCUSDT,book,2026-05-18T20:00:00+00:00,2026-05-23T00:00:00+00:00,76943.3856,75318.1590691,20.0,-0.4224,,stop,25
BTCUSDT,book,2026-05-23T04:00:00+00:00,2026-05-27T12:00:00+00:00,75650.347044,75203.1077983,20.0,-0.1182,,stop,26
BTCUSDT,book,2026-05-28T08:00:00+00:00,2026-06-01T12:00:00+00:00,73512.6996,71217.7103515,20.0,-0.6244,,stop,25
BTCUSDT,book,2026-06-01T20:00:00+00:00,2026-06-02T04:00:00+00:00,71609.559048,69938.1293383,20.0,-0.4668,,stop,2
BTCUSDT,book,2026-06-02T20:00:00+00:00,2026-06-03T20:00:00+00:00,67328.603028,64540.790502,20.0,-0.8281,,stop,6
BTCUSDT,book,2026-06-04T04:00:00+00:00,2026-06-05T12:00:00+00:00,64376.362698,60485.4971072,20.0,-1.2088,,stop,8
BTCUSDT,book,2026-06-06T08:00:00+00:00,2026-06-24T16:00:00+00:00,61017.15099,60000.4932151,20.0,-0.3332,,stop,110
BTCUSDT,book,2026-06-25T00:00:00+00:00,2026-06-25T12:00:00+00:00,61090.2156,58520.5573615,20.0,-0.8413,,stop,3
BTCUSDT,book,2026-06-26T04:00:00+00:00,2026-08-30T20:00:00+00:00,60048.0072,77666.4636,20.0,5.8681,,eod,394
DOGEUSDT,book,2024-01-03T08:00:00+00:00,2024-01-03T12:00:00+00:00,0.09166833,0.0884649191911,20.0,-0.6989,,stop,1
DOGEUSDT,book,2024-01-04T00:00:00+00:00,2024-01-08T00:00:00+00:00,0.0820164,0.0757851685057,20.0,-1.5195,,stop,24
DOGEUSDT,book,2024-01-08T08:00:00+00:00,2024-01-10T12:00:00+00:00,0.077645526,0.0760719254286,20.0,-0.4053,,stop,13
DOGEUSDT,book,2024-01-10T20:00:00+00:00,2024-01-18T16:00:00+00:00,0.079195836,0.0773016794286,20.0,-0.4783,,stop,47
DOGEUSDT,book,2024-01-18T20:00:00+00:00,2024-01-21T04:00:00+00:00,0.077575512,0.0859942262857,20.0,2.1705,,stop,14
DOGEUSDT,book,2024-01-21T16:00:00+00:00,2024-01-22T16:00:00+00:00,0.08721744,0.0811154993691,20.0,-1.3992,,stop,6
DOGEUSDT,book,2024-01-23T16:00:00+00:00,2024-02-21T16:00:00+00:00,0.077575512,0.0819993111429,20.0,1.1405,,stop,174
DOGEUSDT,book,2024-02-21T20:00:00+00:00,2024-02-28T20:00:00+00:00,0.08341668,0.113037388,20.0,7.1019,,stop,42
DOGEUSDT,book,2024-02-29T00:00:00+00:00,2024-03-03T04:00:00+00:00,0.11587317,0.129322701714,20.0,2.3214,,stop,19
DOGEUSDT,book,2024-03-03T08:00:00+00:00,2024-03-05T04:00:00+00:00,0.131336262,0.170173101429,20.0,5.9141,,stop,11
DOGEUSDT,book,2024-03-05T20:00:00+00:00,2024-04-13T16:00:00+00:00,0.138057606,0.157651320571,20.0,2.8385,,stop,233
DOGEUSDT,book,2024-04-14T00:00:00+00:00,2024-05-01T04:00:00+00:00,0.152570508,0.126009078857,20.0,-3.4819,,stop,103
DOGEUSDT,book,2024-05-01T12:00:00+00:00,2024-05-07T20:00:00+00:00,0.125615118,0.150338497714,20.0,3.9364,,stop,38
DOGEUSDT,book,2024-05-08T04:00:00+00:00,2024-05-12T04:00:00+00:00,0.151510296,0.140114410369,20.0,-1.5043,,stop,24
DOGEUSDT,book,2024-05-12T12:00:00+00:00,2024-05-14T16:00:00+00:00,0.143248644,0.144975284857,20.0,0.2411,,stop,13
DOGEUSDT,book,2024-05-15T08:00:00+00:00,2024-06-07T16:00:00+00:00,0.149519898,0.152021018286,20.0,0.3346,,stop,140
DOGEUSDT,book,2024-06-08T04:00:00+00:00,2024-06-11T04:00:00+00:00,0.148709736,0.139969236553,20.0,-1.1755,,stop,18
DOGEUSDT,book,2024-06-11T12:00:00+00:00,2024-06-11T12:00:00+00:00,0.141238242,0.135366520423,20.0,-0.8315,,stop,0
DOGEUSDT,book,2024-06-11T20:00:00+00:00,2024-06-14T12:00:00+00:00,0.13797759,0.138960773714,20.0,0.1425,,stop,16
DOGEUSDT,book,2024-06-15T00:00:00+00:00,2024-06-18T00:00:00+00:00,0.135016998,0.125984653172,20.0,-1.338,,stop,18
DOGEUSDT,book,2024-06-18T08:00:00+00:00,2024-07-04T00:00:00+00:00,0.122754546,0.113051670857,20.0,-1.5809,,stop,94
DOGEUSDT,book,2024-07-04T08:00:00+00:00,2024-07-04T20:00:00+00:00,0.112162428,0.105298506943,20.0,-1.2239,,stop,3
DOGEUSDT,book,2024-07-05T08:00:00+00:00,2024-07-25T00:00:00+00:00,0.096449286,0.125513463714,20.0,6.0268,,stop,118
DOGEUSDT,book,2024-07-25T04:00:00+00:00,2024-07-30T20:00:00+00:00,0.122814558,0.123629554857,20.0,0.1327,,stop,34
DOGEUSDT,book,2024-07-31T00:00:00+00:00,2024-08-01T04:00:00+00:00,0.125535102,0.118525677837,20.0,-1.1167,,stop,7
DOGEUSDT,book,2024-08-01T08:00:00+00:00,2024-08-01T16:00:00+00:00,0.12042408,0.113542438398,20.0,-1.1429,,stop,2
DOGEUSDT,book,2024-08-02T00:00:00+00:00,2024-08-02T12:00:00+00:00,0.119013798,0.110798776669,20.0,-1.3805,,stop,3
DOGEUSDT,book,2024-08-03T04:00:00+00:00,2024-08-04T16:00:00+00:00,0.112712538,0.102870531207,20.0,-1.7464,,stop,9
DOGEUSDT,book,2024-08-04T20:00:00+00:00,2024-08-05T00:00:00+00:00,0.104810958,0.0948437711655,20.0,-1.9019,,stop,1
DOGEUSDT,book,2024-08-05T16:00:00+00:00,2024-09-06T16:00:00+00:00,0.095239044,0.090961804,20.0,-0.8982,,stop,192
DOGEUSDT,book,2024-09-07T00:00:00+00:00,2024-09-16T12:00:00+00:00,0.09256851,0.0993187037143,20.0,1.4584,,stop,57
DOGEUSDT,book,2024-09-17T00:00:00+00:00,2024-09-28T04:00:00+00:00,0.09966993,0.121617100286,20.0,4.404,,stop,67
DOGEUSDT,book,2024-09-28T12:00:00+00:00,2024-09-30T20:00:00+00:00,0.124894974,0.115713995429,20.0,-1.4702,,stop,14
DOGEUSDT,book,2024-10-01T00:00:00+00:00,2024-10-01T16:00:00+00:00,0.114232842,0.105576008289,20.0,-1.5156,,stop,4
DOGEUSDT,book,2024-10-01T20:00:00+00:00,2024-10-25T16:00:00+00:00,0.105991194,0.132820573429,20.0,5.0626,,stop,143
DOGEUSDT,book,2024-10-25T20:00:00+00:00,2024-10-31T16:00:00+00:00,0.1355271,0.164055753714,20.0,4.21,,stop,35
DOGEUSDT,book,2024-10-31T20:00:00+00:00,2024-11-03T12:00:00+00:00,0.159351864,0.143130375056,20.0,-2.0359,,stop,16
DOGEUSDT,book,2024-11-03T16:00:00+00:00,2024-11-06T04:00:00+00:00,0.145849164,0.196723504571,20.0,6.9763,,stop,15
DOGEUSDT,book,2024-11-06T08:00:00+00:00,2024-11-10T20:00:00+00:00,0.199669926,0.251603954857,20.0,5.202,,stop,27
DOGEUSDT,book,2024-11-11T16:00:00+00:00,2024-11-12T12:00:00+00:00,0.309881964,0.358536849714,20.0,3.1402,,stop,5
DOGEUSDT,book,2024-11-14T08:00:00+00:00,2024-12-19T16:00:00+00:00,0.397839552,0.308449726286,20.0,-4.4938,,stop,212
DOGEUSDT,book,2024-12-20T00:00:00+00:00,2024-12-20T08:00:00+00:00,0.314372862,0.272039871713,20.0,-2.6932,,stop,2
DOGEUSDT,book,2024-12-20T16:00:00+00:00,2025-01-21T00:00:00+00:00,0.304850958,0.339769175429,20.0,2.2908,,stop,188
DOGEUSDT,book,2025-01-21T04:00:00+00:00,2025-01-27T04:00:00+00:00,0.347639514,0.311774775429,20.0,-2.0633,,stop,36
DOGEUSDT,book,2025-01-27T16:00:00+00:00,2025-02-02T00:00:00+00:00,0.326495286,0.302415219143,20.0,-1.4751,,stop,32
DOGEUSDT,book,2025-02-02T04:00:00+00:00,2025-02-02T16:00:00+00:00,0.298789746,0.277298560908,20.0,-1.4385,,stop,3
DOGEUSDT,book,2025-02-03T08:00:00+00:00,2025-02-24T16:00:00+00:00,0.25600119,0.218783377429,20.0,-2.9076,,stop,128
DOGEUSDT,book,2025-02-25T08:00:00+00:00,2025-02-28T04:00:00+00:00,0.20389077,0.183102356489,20.0,-2.0392,,stop,17
DOGEUSDT,book,2025-02-28T12:00:00+00:00,2025-03-03T16:00:00+00:00,0.18593718,0.208549710286,20.0,2.4323,,stop,19
DOGEUSDT,book,2025-03-04T00:00:00+00:00,2025-03-09T12:00:00+00:00,0.199179828,0.177004592,20.0,-2.2267,,stop,33
DOGEUSDT,book,2025-03-09T20:00:00+00:00,2025-03-10T16:00:00+00:00,0.171514296,0.155467124927,20.0,-1.8712,,stop,5
DOGEUSDT,book,2025-03-11T04:00:00+00:00,2025-03-29T08:00:00+00:00,0.15443088,0.170633009429,20.0,2.0983,,stop,109
DOGEUSDT,book,2025-03-29T20:00:00+00:00,2025-04-03T12:00:00+00:00,0.169453884,0.159076749714,20.0,-1.2248,,stop,28
DOGEUSDT,book,2025-04-03T20:00:00+00:00,2025-04-06T20:00:00+00:00,0.158721738,0.148421738286,20.0,-1.2979,,stop,18
DOGEUSDT,book,2025-04-07T04:00:00+00:00,2025-04-07T04:00:00+00:00,0.142138422,0.131017570387,20.0,-1.5648,,stop,0
DOGEUSDT,book,2025-04-07T12:00:00+00:00,2025-04-30T12:00:00+00:00,0.138217638,0.170411625143,20.0,4.6584,,stop,138
DOGEUSDT,book,2025-04-30T16:00:00+00:00,2025-05-06T00:00:00+00:00,0.16978395,0.167147992286,20.0,-0.3105,,stop,32
DOGEUSDT,book,2025-05-06T04:00:00+00:00,2025-05-09T12:00:00+00:00,0.16983396,0.201756783429,20.0,3.7593,,stop,20
DOGEUSDT,book,2025-05-10T08:00:00+00:00,2025-05-11T12:00:00+00:00,0.22424484,0.227488778857,20.0,0.2893,,stop,7
DOGEUSDT,book,2025-05-11T20:00:00+00:00,2025-05-30T00:00:00+00:00,0.231086208,0.209319556286,20.0,-1.8839,,stop,109
DOGEUSDT,book,2025-05-30T04:00:00+00:00,2025-05-30T16:00:00+00:00,0.208611714,0.193894355943,20.0,-1.411,,stop,3
DOGEUSDT,book,2025-05-31T16:00:00+00:00,2025-06-05T16:00:00+00:00,0.191808354,0.174312770186,20.0,-1.8243,,stop,30
DOGEUSDT,book,2025-06-06T04:00:00+00:00,2025-06-12T12:00:00+00:00,0.175295052,0.186037070857,20.0,1.2256,,stop,38
DOGEUSDT,book,2025-06-13T00:00:00+00:00,2025-06-17T12:00:00+00:00,0.181146222,0.166952110613,20.0,-1.5671,,stop,27
DOGEUSDT,book,2025-06-17T20:00:00+00:00,2025-06-20T16:00:00+00:00,0.170394072,0.158812303186,20.0,-1.3594,,stop,17
DOGEUSDT,book,2025-06-21T04:00:00+00:00,2025-06-21T20:00:00+00:00,0.163402674,0.155057370608,20.0,-1.0214,,stop,4
DOGEUSDT,book,2025-06-22T04:00:00+00:00,2025-06-22T20:00:00+00:00,0.154670928,0.144997279886,20.0,-1.2509,,stop,4
DOGEUSDT,book,2025-06-23T00:00:00+00:00,2025-07-12T12:00:00+00:00,0.151310256,0.193729817714,20.0,5.607,,stop,117
DOGEUSDT,book,2025-07-12T16:00:00+00:00,2025-07-23T08:00:00+00:00,0.19318863,0.256608668,20.0,6.5656,,stop,64
DOGEUSDT,book,2025-07-23T12:00:00+00:00,2025-07-24T04:00:00+00:00,0.255921174,0.228109471551,20.0,-2.1735,,stop,4
DOGEUSDT,book,2025-07-24T08:00:00+00:00,2025-08-01T00:00:00+00:00,0.233026596,0.204171467824,20.0,-2.4766,,stop,46
DOGEUSDT,book,2025-08-01T04:00:00+00:00,2025-08-02T16:00:00+00:00,0.209161824,0.192316210207,20.0,-1.6108,,stop,9
DOGEUSDT,book,2025-08-03T04:00:00+00:00,2025-08-14T12:00:00+00:00,0.19583916,0.227434504,20.0,3.2267,,stop,68
DOGEUSDT,book,2025-08-14T16:00:00+00:00,2025-08-25T20:00:00+00:00,0.225455082,0.209203865143,20.0,-1.4416,,stop,67
DOGEUSDT,book,2025-08-26T04:00:00+00:00,2025-09-14T12:00:00+00:00,0.209831958,0.279604068,20.0,6.6503,,stop,116
DOGEUSDT,book,2025-09-14T16:00:00+00:00,2025-09-22T00:00:00+00:00,0.273864762,0.24713853869,20.0,-1.9518,,stop,44
DOGEUSDT,book,2025-09-22T04:00:00+00:00,2025-09-22T04:00:00+00:00,0.248819754,0.237208017192,20.0,-0.9333,,stop,0
DOGEUSDT,book,2025-09-22T08:00:00+00:00,2025-09-25T12:00:00+00:00,0.237777546,0.227767294571,20.0,-0.842,,stop,19
DOGEUSDT,book,2025-09-25T20:00:00+00:00,2025-10-08T00:00:00+00:00,0.226515294,0.244396825143,20.0,1.5788,,stop,73
DOGEUSDT,book,2025-10-08T08:00:00+00:00,2025-10-10T16:00:00+00:00,0.246689328,0.234193152,20.0,-1.0131,,stop,14
DOGEUSDT,book,2025-10-11T04:00:00+00:00,2025-11-18T00:00:00+00:00,0.193318656,0.150204680483,20.0,-4.4604,,stop,227
DOGEUSDT,book,2025-11-18T04:00:00+00:00,2025-11-21T00:00:00+00:00,0.154620918,0.145679429714,20.0,-1.1566,,stop,17
DOGEUSDT,book,2025-11-21T16:00:00+00:00,2025-12-01T12:00:00+00:00,0.138007596,0.132029303143,20.0,-0.8664,,stop,59
DOGEUSDT,book,2025-12-01T16:00:00+00:00,2025-12-05T12:00:00+00:00,0.13387677,0.143074236571,20.0,1.374,,stop,23
DOGEUSDT,book,2025-12-06T00:00:00+00:00,2025-12-11T00:00:00+00:00,0.139587912,0.141907327143,20.0,0.3323,,stop,30
DOGEUSDT,book,2025-12-11T08:00:00+00:00,2025-12-15T16:00:00+00:00,0.13812762,0.128503699833,20.0,-1.3935,,stop,26
DOGEUSDT,book,2025-12-16T00:00:00+00:00,2025-12-17T16:00:00+00:00,0.12977595,0.125781981429,20.0,-0.6155,,stop,10
DOGEUSDT,book,2025-12-18T12:00:00+00:00,2025-12-25T20:00:00+00:00,0.126165228,0.124158020571,20.0,-0.3182,,stop,44
DOGEUSDT,book,2025-12-26T04:00:00+00:00,2025-12-31T16:00:00+00:00,0.126055206,0.120415046745,20.0,-0.8949,,stop,33
DOGEUSDT,book,2026-01-01T00:00:00+00:00,2026-01-05T08:00:00+00:00,0.117493494,0.147219121714,20.0,5.06,,stop,26
DOGEUSDT,book,2026-01-05T12:00:00+00:00,2026-01-08T04:00:00+00:00,0.147809556,0.141468843429,20.0,-0.858,,stop,16
DOGEUSDT,book,2026-01-08T08:00:00+00:00,2026-01-18T20:00:00+00:00,0.144018798,0.134088891143,20.0,-1.379,,stop,63
DOGEUSDT,book,2026-01-19T08:00:00+00:00,2026-01-21T16:00:00+00:00,0.12722544,0.120899469555,20.0,-0.9945,,stop,14
DOGEUSDT,book,2026-01-21T20:00:00+00:00,2026-01-25T16:00:00+00:00,0.128135622,0.121063190233,20.0,-1.1039,,stop,23
DOGEUSDT,book,2026-01-26T00:00:00+00:00,2026-01-29T08:00:00+00:00,0.11947389,0.121131483143,20.0,0.2775,,stop,20
DOGEUSDT,book,2026-01-29T20:00:00+00:00,2026-01-31T12:00:00+00:00,0.115583112,0.108689941092,20.0,-1.1928,,stop,10
DOGEUSDT,book,2026-01-31T20:00:00+00:00,2026-02-05T12:00:00+00:00,0.10187037,0.0928100057143,20.0,-1.7788,,stop,28
DOGEUSDT,book,2026-02-06T04:00:00+00:00,2026-02-18T16:00:00+00:00,0.089897976,0.0983217602857,20.0,1.8741,,stop,75
DOGEUSDT,book,2026-02-19T00:00:00+00:00,2026-02-23T00:00:00+00:00,0.09856971,0.094021192,20.0,-0.9229,,stop,24
DOGEUSDT,book,2026-02-23T08:00:00+00:00,2026-02-24T00:00:00+00:00,0.094888974,0.0914131422857,20.0,-0.7326,,stop,4
DOGEUSDT,book,2026-02-24T12:00:00+00:00,2026-02-26T12:00:00+00:00,0.09131826,0.0981860731429,20.0,1.5041,,stop,12
DOGEUSDT,book,2026-02-27T08:00:00+00:00,2026-02-28T04:00:00+00:00,0.098449686,0.0908368721342,20.0,-1.5465,,stop,5
DOGEUSDT,book,2026-02-28T08:00:00+00:00,2026-03-03T12:00:00+00:00,0.089347866,0.0889279251429,20.0,-0.094,,stop,19
DOGEUSDT,book,2026-03-03T16:00:00+00:00,2026-03-05T16:00:00+00:00,0.09021804,0.0936498377143,20.0,0.7608,,stop,12
DOGEUSDT,book,2026-03-07T08:00:00+00:00,2026-03-11T00:00:00+00:00,0.090598116,0.0930242485714,20.0,0.5356,,stop,22
DOGEUSDT,book,2026-03-11T16:00:00+00:00,2026-03-18T12:00:00+00:00,0.092388474,0.0940197637143,20.0,0.3531,,stop,41
DOGEUSDT,book,2026-03-18T20:00:00+00:00,2026-03-29T20:00:00+00:00,0.094658928,0.0882537737144,20.0,-1.3533,,stop,66
DOGEUSDT,book,2026-03-30T00:00:00+00:00,2026-04-18T08:00:00+00:00,0.090478092,0.0957437045714,20.0,1.164,,stop,116
DOGEUSDT,book,2026-04-18T12:00:00+00:00,2026-04-29T12:00:00+00:00,0.096029202,0.103165077143,20.0,1.4862,,stop,66
DOGEUSDT,book,2026-04-30T00:00:00+00:00,2026-05-08T00:00:00+00:00,0.104090814,0.106044501143,20.0,0.3754,,stop,48
DOGEUSDT,book,2026-05-08T04:00:00+00:00,2026-05-16T04:00:00+00:00,0.106411278,0.109222436857,20.0,0.5284,,stop,48
DOGEUSDT,book,2026-05-16T08:00:00+00:00,2026-05-18T12:00:00+00:00,0.110142024,0.103278507024,20.0,-1.2463,,stop,13
DOGEUSDT,book,2026-05-18T20:00:00+00:00,2026-05-23T04:00:00+00:00,0.104800956,0.0987954786659,20.0,-1.1461,,stop,26
DOGEUSDT,book,2026-05-23T08:00:00+00:00,2026-05-28T12:00:00+00:00,0.098939784,0.0970263051429,20.0,-0.3868,,stop,31
DOGEUSDT,book,2026-05-28T16:00:00+00:00,2026-06-02T12:00:00+00:00,0.098479692,0.0942882814286,20.0,-0.8512,,stop,29
DOGEUSDT,book,2026-06-03T04:00:00+00:00,2026-06-05T04:00:00+00:00,0.091608318,0.0854394409793,20.0,-1.3468,,stop,12
DOGEUSDT,book,2026-06-06T00:00:00+00:00,2026-06-23T04:00:00+00:00,0.081506298,0.0798854482857,20.0,-0.3977,,stop,103
DOGEUSDT,book,2026-06-23T20:00:00+00:00,2026-06-24T12:00:00+00:00,0.078475692,0.0750428232902,20.0,-0.8749,,stop,4
DOGEUSDT,book,2026-06-25T00:00:00+00:00,2026-06-25T12:00:00+00:00,0.076145226,0.0717040965977,20.0,-1.1665,,stop,3
DOGEUSDT,book,2026-06-26T16:00:00+00:00,2026-07-23T12:00:00+00:00,0.075015,0.0698317451429,20.0,-1.3819,,stop,161
DOGEUSDT,book,2026-07-24T04:00:00+00:00,2026-07-28T00:00:00+00:00,0.069433884,0.0697574742857,20.0,0.0932,,stop,23
DOGEUSDT,book,2026-07-28T16:00:00+00:00,2026-08-01T16:00:00+00:00,0.070834164,0.0679741378815,20.0,-0.8075,,stop,24
DOGEUSDT,book,2026-08-02T00:00:00+00:00,2026-08-12T20:00:00+00:00,0.06916383,0.0693818351429,20.0,0.063,,stop,65
DOGEUSDT,book,2026-08-13T08:00:00+00:00,2026-08-20T20:00:00+00:00,0.070594116,0.0794283968571,20.0,2.5028,,stop,45
DOGEUSDT,book,2026-08-21T04:00:00+00:00,2026-08-22T04:00:00+00:00,0.081796356,0.0889807717143,20.0,1.7567,,stop,6
DOGEUSDT,book,2026-08-23T12:00:00+00:00,2026-08-30T20:00:00+00:00,0.092758548,0.08203359,20.0,-2.3124,,eod,44
ETHUSDT,book,2024-01-03T12:00:00+00:00,2024-01-03T12:00:00+00:00,2308.451598,2214.84068411,20.0,-0.811,,stop,0
ETHUSDT,book,2024-01-03T16:00:00+00:00,2024-01-12T20:00:00+00:00,2240.838078,2514.616976,20.0,2.4435,,stop,55
ETHUSDT,book,2024-01-13T00:00:00+00:00,2024-01-22T16:00:00+00:00,2523.05451,2305.78254696,20.0,-1.7223,,stop,58
ETHUSDT,book,2024-01-23T04:00:00+00:00,2024-01-23T08:00:00+00:00,2339.627832,2258.50461215,20.0,-0.6935,,stop,1
ETHUSDT,book,2024-01-23T16:00:00+00:00,2024-02-28T16:00:00+00:00,2219.833878,3193.91537486,20.0,8.7762,,stop,216
ETHUSDT,book,2024-02-29T04:00:00+00:00,2024-03-05T16:00:00+00:00,3407.83143,3479.30971314,20.0,0.4195,,stop,33
ETHUSDT,book,2024-03-05T20:00:00+00:00,2024-03-15T00:00:00+00:00,3377.135292,3640.63458457,20.0,1.5605,,stop,55
ETHUSDT,book,2024-03-15T08:00:00+00:00,2024-03-16T20:00:00+00:00,3754.870824,3498.10142091,20.0,-1.3677,,stop,9
ETHUSDT,book,2024-03-17T00:00:00+00:00,2024-03-19T20:00:00+00:00,3523.794618,3199.51708658,20.0,-1.8405,,stop,17
ETHUSDT,book,2024-03-20T04:00:00+00:00,2024-04-02T12:00:00+00:00,3161.652204,3238.50074171,20.0,0.4861,,stop,80
ETHUSDT,book,2024-04-02T20:00:00+00:00,2024-04-10T12:00:00+00:00,3278.185506,3428.90122543,20.0,0.9195,,stop,46
ETHUSDT,book,2024-04-11T00:00:00+00:00,2024-04-12T16:00:00+00:00,3546.349128,3358.34339639,20.0,-1.0603,,stop,10
ETHUSDT,book,2024-04-12T20:00:00+00:00,2024-04-13T20:00:00+00:00,3206.811234,2990.17914997,20.0,-1.3511,,stop,6
ETHUSDT,book,2024-04-14T08:00:00+00:00,2024-05-01T04:00:00+00:00,3084.806838,2894.76950171,20.0,-1.2321,,stop,101
ETHUSDT,book,2024-05-01T12:00:00+00:00,2024-05-10T16:00:00+00:00,2905.98108,2897.89459086,20.0,-0.0557,,stop,55
ETHUSDT,book,2024-05-11T00:00:00+00:00,2024-05-23T12:00:00+00:00,2910.561996,3734.47581257,20.0,5.6615,,stop,75
ETHUSDT,book,2024-05-24T04:00:00+00:00,2024-06-11T12:00:00+00:00,3804.580764,3498.55591285,20.0,-1.6087,,stop,110
ETHUSDT,book,2024-06-11T20:00:00+00:00,2024-06-13T12:00:00+00:00,3497.909442,3447.03474086,20.0,-0.2909,,stop,10
ETHUSDT,book,2024-06-13T20:00:00+00:00,2024-06-18T00:00:00+00:00,3482.126286,3380.14240771,20.0,-0.5858,,stop,25
ETHUSDT,book,2024-06-18T08:00:00+00:00,2024-06-24T04:00:00+00:00,3444.658794,3382.56620857,20.0,-0.3605,,stop,35
ETHUSDT,book,2024-06-24T12:00:00+00:00,2024-07-03T00:00:00+00:00,3321.844236,3362.05316914,20.0,0.2421,,stop,51
ETHUSDT,book,2024-07-03T16:00:00+00:00,2024-07-04T00:00:00+00:00,3304.820832,3199.48794926,20.0,-0.6374,,stop,2
ETHUSDT,book,2024-07-05T12:00:00+00:00,2024-07-25T00:00:00+00:00,2948.009484,3196.24919371,20.0,1.6841,,stop,117
ETHUSDT,book,2024-07-25T08:00:00+00:00,2024-08-01T12:00:00+00:00,3172.474368,3103.67485514,20.0,-0.4337,,stop,43
ETHUSDT,book,2024-08-01T20:00:00+00:00,2024-08-02T20:00:00+00:00,3132.266328,2983.01960473,20.0,-0.953,,stop,6
ETHUSDT,book,2024-08-03T08:00:00+00:00,2024-08-04T16:00:00+00:00,2984.406762,2800.58224779,20.0,-1.2319,,stop,8
ETHUSDT,book,2024-08-04T20:00:00+00:00,2024-08-05T00:00:00+00:00,2758.10151,2550.55915327,20.0,-1.505,,stop,1
ETHUSDT,book,2024-08-05T08:00:00+00:00,2024-09-04T00:00:00+00:00,2358.011508,2323.02387371,20.0,-0.2968,,stop,178
ETHUSDT,book,2024-09-04T08:00:00+00:00,2024-09-06T12:00:00+00:00,2402.000304,2284.52871714,20.0,-0.9781,,stop,13
ETHUSDT,book,2024-09-07T00:00:00+00:00,2024-10-01T12:00:00+00:00,2225.685048,2492.37856743,20.0,2.3965,,stop,147
ETHUSDT,book,2024-10-01T16:00:00+00:00,2024-10-01T20:00:00+00:00,2525.314962,2418.68648508,20.0,-0.8445,,stop,1
ETHUSDT,book,2024-10-02T04:00:00+00:00,2024-10-02T20:00:00+00:00,2490.09792,2353.47891577,20.0,-1.0973,,stop,4
ETHUSDT,book,2024-10-03T04:00:00+00:00,2024-10-23T12:00:00+00:00,2399.799864,2529.55684457,20.0,1.0814,,stop,122
ETHUSDT,book,2024-10-23T20:00:00+00:00,2024-10-25T20:00:00+00:00,2513.012502,2412.75128379,20.0,-0.7979,,stop,12
ETHUSDT,book,2024-10-26T04:00:00+00:00,2024-10-31T16:00:00+00:00,2452.760454,2526.98307371,20.0,0.6052,,stop,33
ETHUSDT,book,2024-11-01T00:00:00+00:00,2024-11-04T20:00:00+00:00,2519.113722,2399.40338818,20.0,-0.9504,,stop,23
ETHUSDT,book,2024-11-05T04:00:00+00:00,2024-11-10T20:00:00+00:00,2420.88408,3083.44033143,20.0,5.4737,,stop,34
ETHUSDT,book,2024-11-11T12:00:00+00:00,2024-11-13T04:00:00+00:00,3198.429558,3126.42887486,20.0,-0.4502,,stop,10
ETHUSDT,book,2024-11-13T08:00:00+00:00,2024-12-09T20:00:00+00:00,3161.522178,3673.395174,20.0,3.2381,,stop,159
ETHUSDT,book,2024-12-10T00:00:00+00:00,2024-12-10T16:00:00+00:00,3712.7424,3520.67026795,20.0,-1.0347,,stop,4
ETHUSDT,book,2024-12-10T20:00:00+00:00,2024-12-18T20:00:00+00:00,3629.535762,3668.00910857,20.0,0.212,,stop,48
ETHUSDT,book,2024-12-19T00:00:00+00:00,2024-12-19T16:00:00+00:00,3627.52536,3398.70441171,20.0,-1.2616,,stop,4
ETHUSDT,book,2024-12-20T08:00:00+00:00,2024-12-20T08:00:00+00:00,3391.158096,3120.38210902,20.0,-1.597,,stop,0
ETHUSDT,book,2024-12-20T16:00:00+00:00,2025-01-09T20:00:00+00:00,3375.294924,3181.75637857,20.0,-1.1468,,stop,121
ETHUSDT,book,2025-01-10T00:00:00+00:00,2025-01-13T12:00:00+00:00,3219.84384,3013.75168337,20.0,-1.2801,,stop,21
ETHUSDT,book,2025-01-13T20:00:00+00:00,2025-01-18T08:00:00+00:00,3025.665012,3269.18888857,20.0,1.6097,,stop,27
ETHUSDT,book,2025-01-18T12:00:00+00:00,2025-01-27T04:00:00+00:00,3312.292326,3142.42995971,20.0,-1.0256,,stop,52
ETHUSDT,book,2025-01-27T16:00:00+00:00,2025-02-01T16:00:00+00:00,3134.016678,3194.60238029,20.0,0.3866,,stop,30
ETHUSDT,book,2025-02-02T08:00:00+00:00,2025-02-02T16:00:00+00:00,3102.1203,2910.19350201,20.0,-1.2374,,stop,2
ETHUSDT,book,2025-02-02T20:00:00+00:00,2025-02-02T20:00:00+00:00,2959.501782,2752.44404022,20.0,-1.3993,,stop,0
ETHUSDT,book,2025-02-03T08:00:00+00:00,2025-02-25T04:00:00+00:00,2622.87447,2345.46224229,20.0,-2.1153,,stop,131
ETHUSDT,book,2025-02-25T08:00:00+00:00,2025-02-28T00:00:00+00:00,2368.593624,2205.09175057,20.0,-1.3806,,stop,16
ETHUSDT,book,2025-02-28T12:00:00+00:00,2025-03-03T16:00:00+00:00,2126.22516,2211.677576,20.0,0.8038,,stop,19
ETHUSDT,book,2025-03-04T08:00:00+00:00,2025-03-10T16:00:00+00:00,2080.836084,1895.70506886,20.0,-1.7794,,stop,38
ETHUSDT,book,2025-03-11T08:00:00+00:00,2025-04-03T12:00:00+00:00,1904.48082,1764.76269114,20.0,-1.4673,,stop,139
ETHUSDT,book,2025-04-03T20:00:00+00:00,2025-04-06T16:00:00+00:00,1787.467422,1661.41542959,20.0,-1.4104,,stop,17
ETHUSDT,book,2025-04-07T12:00:00+00:00,2025-04-09T00:00:00+00:00,1483.406622,1413.297284,20.0,-0.9452,,stop,9
ETHUSDT,book,2025-04-09T08:00:00+00:00,2025-05-18T16:00:00+00:00,1483.74669,2428.36565829,20.0,12.7329,,stop,236
ETHUSDT,book,2025-05-19T00:00:00+00:00,2025-05-25T08:00:00+00:00,2498.279556,2468.416218,20.0,-0.2391,,stop,38
ETHUSDT,book,2025-05-25T12:00:00+00:00,2025-05-30T00:00:00+00:00,2498.409582,2580.12958514,20.0,0.6542,,stop,27
ETHUSDT,book,2025-05-30T04:00:00+00:00,2025-05-31T00:00:00+00:00,2631.716238,2476.7689994,20.0,-1.1775,,stop,5
ETHUSDT,book,2025-05-31T04:00:00+00:00,2025-06-05T20:00:00+00:00,2514.482796,2413.75143886,20.0,-0.8012,,stop,34
ETHUSDT,book,2025-06-06T00:00:00+00:00,2025-06-12T20:00:00+00:00,2414.502804,2664.72980457,20.0,2.0727,,stop,41
ETHUSDT,book,2025-06-13T00:00:00+00:00,2025-06-13T00:00:00+00:00,2643.188532,2477.52685608,20.0,-1.2535,,stop,0
ETHUSDT,book,2025-06-13T08:00:00+00:00,2025-06-20T16:00:00+00:00,2526.965292,2390.05046571,20.0,-1.0836,,stop,44
ETHUSDT,book,2025-06-21T04:00:00+00:00,2025-06-21T20:00:00+00:00,2426.075118,2311.62877119,20.0,-0.9435,,stop,4
ETHUSDT,book,2025-06-22T08:00:00+00:00,2025-06-22T20:00:00+00:00,2271.144138,2128.23090667,20.0,-1.2585,,stop,3
ETHUSDT,book,2025-06-23T00:00:00+00:00,2025-07-23T12:00:00+00:00,2228.14554,3578.89550629,20.0,12.1244,,stop,183
ETHUSDT,book,2025-07-23T16:00:00+00:00,2025-08-01T08:00:00+00:00,3644.938842,3598.95149429,20.0,-0.2523,,stop,52
ETHUSDT,book,2025-08-01T12:00:00+00:00,2025-08-01T20:00:00+00:00,3643.448544,3454.15757429,20.0,-1.0391,,stop,2
ETHUSDT,book,2025-08-02T00:00:00+00:00,2025-08-15T12:00:00+00:00,3488.907642,4445.29647714,20.0,5.4825,,stop,81
ETHUSDT,book,2025-08-15T16:00:00+00:00,2025-08-19T16:00:00+00:00,4431.756174,4129.00163705,20.0,-1.3663,,stop,24
ETHUSDT,book,2025-08-20T00:00:00+00:00,2025-08-25T16:00:00+00:00,4076.395116,4510.44344514,20.0,2.1296,,stop,34
ETHUSDT,book,2025-08-25T20:00:00+00:00,2025-09-01T20:00:00+00:00,4421.224068,4241.57580086,20.0,-0.8127,,stop,42
ETHUSDT,book,2025-09-02T00:00:00+00:00,2025-09-16T12:00:00+00:00,4315.3629,4463.04149886,20.0,0.6844,,stop,87
ETHUSDT,book,2025-09-16T16:00:00+00:00,2025-09-22T00:00:00+00:00,4469.083638,4410.26491343,20.0,-0.2632,,stop,32
ETHUSDT,book,2025-09-22T16:00:00+00:00,2025-09-25T04:00:00+00:00,4168.713576,4008.12964686,20.0,-0.7704,,stop,15
ETHUSDT,book,2025-09-25T16:00:00+00:00,2025-09-25T16:00:00+00:00,4004.070654,3829.02076808,20.0,-0.8744,,stop,0
ETHUSDT,book,2025-09-25T20:00:00+00:00,2025-10-07T20:00:00+00:00,3912.372318,4434.96997143,20.0,2.6715,,stop,72
ETHUSDT,book,2025-10-08T00:00:00+00:00,2025-10-10T12:00:00+00:00,4448.58954,4237.16515173,20.0,-0.9505,,stop,15
ETHUSDT,book,2025-10-11T00:00:00+00:00,2025-11-03T12:00:00+00:00,3830.485944,3633.08180971,20.0,-1.0307,,stop,141
ETHUSDT,book,2025-11-03T20:00:00+00:00,2025-11-04T16:00:00+00:00,3632.2263,3448.16867117,20.0,-1.0135,,stop,5
ETHUSDT,book,2025-11-05T00:00:00+00:00,2025-11-14T04:00:00+00:00,3287.70741,3145.03372457,20.0,-0.8679,,stop,55
ETHUSDT,book,2025-11-14T08:00:00+00:00,2025-11-19T16:00:00+00:00,3216.24312,2945.96630888,20.0,-1.6807,,stop,32
ETHUSDT,book,2025-11-20T00:00:00+00:00,2025-11-21T00:00:00+00:00,3026.085096,2788.12021755,20.0,-1.5728,,stop,6
ETHUSDT,book,2025-11-21T16:00:00+00:00,2025-12-15T12:00:00+00:00,2705.851062,3011.617556,20.0,2.26,,stop,143
ETHUSDT,book,2025-12-16T00:00:00+00:00,2025-12-17T16:00:00+00:00,2965.44297,2812.32146462,20.0,-1.0327,,stop,10
ETHUSDT,book,2025-12-18T00:00:00+00:00,2026-01-20T04:00:00+00:00,2834.0667,3127.00733057,20.0,2.0673,,stop,199
ETHUSDT,book,2026-01-20T08:00:00+00:00,2026-01-20T12:00:00+00:00,3123.994674,3017.13219828,20.0,-0.6841,,stop,1
ETHUSDT,book,2026-01-21T04:00:00+00:00,2026-01-25T16:00:00+00:00,2982.34635,2832.40654109,20.0,-1.0055,,stop,27
ETHUSDT,book,2026-01-26T00:00:00+00:00,2026-01-29T12:00:00+00:00,2817.46338,2910.64061257,20.0,0.6614,,stop,21
ETHUSDT,book,2026-01-29T20:00:00+00:00,2026-01-30T16:00:00+00:00,2798.089506,2649.59519524,20.0,-1.0614,,stop,5
ETHUSDT,book,2026-01-30T20:00:00+00:00,2026-01-31T12:00:00+00:00,2742.938478,2554.91667816,20.0,-1.371,,stop,4
ETHUSDT,book,2026-01-31T20:00:00+00:00,2026-02-03T16:00:00+00:00,2383.306566,2130.26078576,20.0,-2.1235,,stop,17
ETHUSDT,book,2026-02-04T00:00:00+00:00,2026-02-05T12:00:00+00:00,2234.166744,1979.95817315,20.0,-2.2756,,stop,9
ETHUSDT,book,2026-02-06T04:00:00+00:00,2026-03-29T20:00:00+00:00,1892.188362,1954.59471714,20.0,0.6596,,stop,310
ETHUSDT,book,2026-03-30T04:00:00+00:00,2026-04-02T00:00:00+00:00,2036.287176,2052.76507914,20.0,0.1618,,stop,17
ETHUSDT,book,2026-04-02T16:00:00+00:00,2026-04-19T20:00:00+00:00,2060.001918,2279.09694657,20.0,2.1271,,stop,103
ETHUSDT,book,2026-04-20T00:00:00+00:00,2026-04-23T16:00:00+00:00,2263.732656,2287.28102371,20.0,0.208,,stop,22
ETHUSDT,book,2026-04-23T20:00:00+00:00,2026-04-29T16:00:00+00:00,2313.332574,2248.69731343,20.0,-0.5588,,stop,35
ETHUSDT,book,2026-04-29T20:00:00+00:00,2026-05-07T16:00:00+00:00,2234.136738,2280.43810686,20.0,0.4145,,stop,47
ETHUSDT,book,2026-05-07T20:00:00+00:00,2026-05-13T12:00:00+00:00,2296.439196,2244.81523286,20.0,-0.4496,,stop,34
ETHUSDT,book,2026-05-13T20:00:00+00:00,2026-05-16T04:00:00+00:00,2256.981306,2200.85259857,20.0,-0.4974,,stop,14
ETHUSDT,book,2026-05-16T16:00:00+00:00,2026-05-17T20:00:00+00:00,2180.436,2109.28013101,20.0,-0.6527,,stop,7
ETHUSDT,book,2026-05-18T08:00:00+00:00,2026-05-22T16:00:00+00:00,2121.244164,2057.73432052,20.0,-0.5988,,stop,26
ETHUSDT,book,2026-05-23T00:00:00+00:00,2026-05-27T20:00:00+00:00,2066.273172,2038.65932943,20.0,-0.2673,,stop,29
ETHUSDT,book,2026-05-28T08:00:00+00:00,2026-06-02T12:00:00+00:00,1995.959112,1911.07324946,20.0,-0.8506,,stop,31
ETHUSDT,book,2026-06-03T08:00:00+00:00,2026-06-04T00:00:00+00:00,1878.765678,1761.94893201,20.0,-1.2435,,stop,4
ETHUSDT,book,2026-06-04T04:00:00+00:00,2026-06-05T04:00:00+00:00,1809.601848,1670.92830977,20.0,-1.5326,,stop,6
ETHUSDT,book,2026-06-06T00:00:00+00:00,2026-06-24T16:00:00+00:00,1583.71668,1594.50960571,20.0,0.1363,,stop,112
ETHUSDT,book,2026-06-24T20:00:00+00:00,2026-06-26T00:00:00+00:00,1584.906918,1520.90718629,20.0,-0.8076,,stop,7
ETHUSDT,book,2026-06-26T08:00:00+00:00,2026-08-23T04:00:00+00:00,1581.436224,2361.87895829,20.0,9.8701,,stop,347
ETHUSDT,book,2026-08-23T08:00:00+00:00,2026-08-30T20:00:00+00:00,2389.487802,2416.396624,20.0,0.2252,,eod,45
FILUSDT,book,2024-01-03T08:00:00+00:00,2024-01-03T12:00:00+00:00,7.4354868,6.40831202407,20.0,-2.7629,,stop,1
FILUSDT,book,2024-01-03T16:00:00+00:00,2024-01-08T00:00:00+00:00,6.5333064,5.28135706015,20.0,-3.8325,,stop,26
FILUSDT,book,2024-01-08T08:00:00+00:00,2024-01-19T00:00:00+00:00,5.386077,5.40520445714,20.0,0.071,,stop,64
FILUSDT,book,2024-01-19T08:00:00+00:00,2024-01-22T16:00:00+00:00,5.4950988,5.0710486731,20.0,-1.5434,,stop,20
FILUSDT,book,2024-01-22T20:00:00+00:00,2024-01-23T08:00:00+00:00,5.0940186,4.80984215342,20.0,-1.1157,,stop,3
FILUSDT,book,2024-01-23T16:00:00+00:00,2024-02-20T12:00:00+00:00,4.8349668,7.25197788571,20.0,9.998,,stop,167
FILUSDT,book,2024-02-21T08:00:00+00:00,2024-03-05T16:00:00+00:00,7.15143,8.9772042,20.0,5.106,,stop,80
FILUSDT,book,2024-03-05T20:00:00+00:00,2024-03-15T00:00:00+00:00,8.3836764,9.34070291429,20.0,2.2831,,stop,55
FILUSDT,book,2024-03-15T04:00:00+00:00,2024-03-17T04:00:00+00:00,9.691938,8.50880732669,20.0,-2.4415,,stop,12
FILUSDT,book,2024-03-17T08:00:00+00:00,2024-04-04T04:00:00+00:00,8.586717,8.24306534286,20.0,-0.8004,,stop,107
FILUSDT,book,2024-04-04T08:00:00+00:00,2024-04-11T08:00:00+00:00,8.4356868,8.12951662857,20.0,-0.7259,,stop,42
FILUSDT,book,2024-04-12T00:00:00+00:00,2024-04-12T16:00:00+00:00,8.0536104,7.46675960649,20.0,-1.4574,,stop,4
FILUSDT,book,2024-04-13T00:00:00+00:00,2024-04-13T16:00:00+00:00,6.6093216,5.69300419997,20.0,-2.7728,,stop,4
FILUSDT,book,2024-04-14T00:00:00+00:00,2024-06-17T12:00:00+00:00,5.7221442,4.93244188571,20.0,-2.7602,,stop,387
FILUSDT,book,2024-06-17T20:00:00+00:00,2024-06-18T00:00:00+00:00,5.0370072,4.71999158427,20.0,-1.2587,,stop,1
FILUSDT,book,2024-06-18T08:00:00+00:00,2024-07-04T00:00:00+00:00,4.4198838,3.9735532161,20.0,-2.0196,,stop,94
FILUSDT,book,2024-07-05T08:00:00+00:00,2024-07-25T00:00:00+00:00,3.4016802,4.17073711429,20.0,4.5216,,stop,118
FILUSDT,book,2024-07-25T08:00:00+00:00,2024-07-30T20:00:00+00:00,4.1728344,4.25000697143,20.0,0.3699,,stop,33
FILUSDT,book,2024-07-31T00:00:00+00:00,2024-08-01T12:00:00+00:00,4.3338666,4.07323036239,20.0,-1.2028,,stop,9
FILUSDT,book,2024-08-02T00:00:00+00:00,2024-08-02T12:00:00+00:00,4.1648328,3.85495451201,20.0,-1.4881,,stop,3
FILUSDT,book,2024-08-03T04:00:00+00:00,2024-08-04T12:00:00+00:00,3.9247848,3.53836270018,20.0,-1.9691,,stop,8
FILUSDT,book,2024-08-05T00:00:00+00:00,2024-08-05T00:00:00+00:00,3.530706,3.22898864451,20.0,-1.7091,,stop,0
FILUSDT,book,2024-08-05T08:00:00+00:00,2024-08-27T20:00:00+00:00,3.1696338,3.66283871429,20.0,3.1121,,stop,135
FILUSDT,book,2024-08-28T00:00:00+00:00,2024-08-30T12:00:00+00:00,3.7197438,3.46458645838,20.0,-1.3719,,stop,15
FILUSDT,book,2024-08-30T20:00:00+00:00,2024-09-01T20:00:00+00:00,3.5977194,3.30955735612,20.0,-1.6019,,stop,12
FILUSDT,book,2024-09-02T04:00:00+00:00,2024-09-04T00:00:00+00:00,3.3796758,3.24892151429,20.0,-0.7738,,stop,11
FILUSDT,book,2024-09-04T16:00:00+00:00,2024-09-06T20:00:00+00:00,3.4296858,3.19672489855,20.0,-1.3585,,stop,13
FILUSDT,book,2024-09-07T00:00:00+00:00,2024-09-15T20:00:00+00:00,3.2736546,3.45073828571,20.0,1.0819,,stop,53
FILUSDT,book,2024-09-16T04:00:00+00:00,2024-09-22T12:00:00+00:00,3.4566912,3.65355485714,20.0,1.139,,stop,38
FILUSDT,book,2024-09-22T16:00:00+00:00,2024-09-30T00:00:00+00:00,3.6797358,3.98548845714,20.0,1.6618,,stop,44
FILUSDT,book,2024-09-30T04:00:00+00:00,2024-09-30T20:00:00+00:00,3.9987996,3.79429059008,20.0,-1.0229,,stop,4
FILUSDT,book,2024-10-01T00:00:00+00:00,2024-10-01T16:00:00+00:00,3.8117622,3.57747513327,20.0,-1.2293,,stop,4
FILUSDT,book,2024-10-02T04:00:00+00:00,2024-10-25T20:00:00+00:00,3.6467292,3.49958565714,20.0,-0.807,,stop,142
FILUSDT,book,2024-10-26T04:00:00+00:00,2024-11-02T12:00:00+00:00,3.475695,3.4223154,20.0,-0.3072,,stop,44
FILUSDT,book,2024-11-03T00:00:00+00:00,2024-11-03T12:00:00+00:00,3.4316862,3.25996264847,20.0,-1.0008,,stop,3
FILUSDT,book,2024-11-03T20:00:00+00:00,2024-11-10T20:00:00+00:00,3.3296658,4.13031662857,20.0,4.8092,,stop,42
FILUSDT,book,2024-11-11T12:00:00+00:00,2024-11-13T00:00:00+00:00,4.25085,4.06047345714,20.0,-0.8957,,stop,9
FILUSDT,book,2024-11-13T04:00:00+00:00,2024-11-24T12:00:00+00:00,4.0148028,5.29365534286,20.0,6.3707,,stop,68
FILUSDT,book,2024-11-24T16:00:00+00:00,2024-12-09T08:00:00+00:00,5.2390476,7.10172222857,20.0,7.1107,,stop,88
FILUSDT,book,2024-12-09T12:00:00+00:00,2024-12-09T20:00:00+00:00,7.0234044,6.46532536198,20.0,-1.5892,,stop,2
FILUSDT,book,2024-12-10T00:00:00+00:00,2024-12-18T20:00:00+00:00,6.2692536,5.73770937143,20.0,-1.6957,,stop,53
FILUSDT,book,2024-12-19T04:00:00+00:00,2024-12-19T16:00:00+00:00,5.6321262,5.0204076319,20.0,-2.1722,,stop,3
FILUSDT,book,2024-12-20T00:00:00+00:00,2024-12-20T08:00:00+00:00,5.086017,4.40299336803,20.0,-2.6859,,stop,2
FILUSDT,book,2024-12-20T16:00:00+00:00,2025-01-08T16:00:00+00:00,4.8589716,4.95529445714,20.0,0.3965,,stop,114
FILUSDT,book,2025-01-09T00:00:00+00:00,2025-01-19T08:00:00+00:00,5.1120222,5.14254271429,20.0,0.1194,,stop,62
FILUSDT,book,2025-01-19T16:00:00+00:00,2025-01-19T20:00:00+00:00,5.4090816,4.91149196225,20.0,-1.8398,,stop,1
FILUSDT,book,2025-01-20T04:00:00+00:00,2025-01-27T04:00:00+00:00,5.0290056,4.47996097143,20.0,-2.1835,,stop,42
FILUSDT,book,2025-01-27T16:00:00+00:00,2025-02-01T20:00:00+00:00,4.6099218,4.37155408571,20.0,-1.0342,,stop,31
FILUSDT,book,2025-02-02T08:00:00+00:00,2025-02-02T16:00:00+00:00,4.290858,3.9213235784,20.0,-1.7224,,stop,2
FILUSDT,book,2025-02-03T08:00:00+00:00,2025-03-11T00:00:00+00:00,3.2196438,2.50574969267,20.0,-4.4346,,stop,214
FILUSDT,book,2025-03-11T08:00:00+00:00,2025-03-29T16:00:00+00:00,2.6915382,2.71060062857,20.0,0.1416,,stop,110
FILUSDT,book,2025-03-29T20:00:00+00:00,2025-04-02T20:00:00+00:00,2.7365472,2.67075145714,20.0,-0.4809,,stop,24
FILUSDT,book,2025-04-03T04:00:00+00:00,2025-04-04T08:00:00+00:00,2.760552,2.889422,20.0,0.9337,,stop,7
FILUSDT,book,2025-04-05T04:00:00+00:00,2025-04-06T16:00:00+00:00,2.7575514,2.40921231829,20.0,-2.5264,,stop,9
FILUSDT,book,2025-04-07T08:00:00+00:00,2025-05-05T12:00:00+00:00,2.1994398,2.58776805714,20.0,3.5312,,stop,169
FILUSDT,book,2025-05-06T00:00:00+00:00,2025-05-11T12:00:00+00:00,2.6135226,3.10523597143,20.0,3.7628,,stop,33
FILUSDT,book,2025-05-11T20:00:00+00:00,2025-05-15T04:00:00+00:00,3.1616322,2.91801276642,20.0,-1.5411,,stop,20
FILUSDT,book,2025-05-15T08:00:00+00:00,2025-05-25T00:00:00+00:00,2.9125824,2.76601811429,20.0,-1.0064,,stop,58
FILUSDT,book,2025-05-25T08:00:00+00:00,2025-05-30T00:00:00+00:00,2.795559,2.6424714,20.0,-1.0952,,stop,28
FILUSDT,book,2025-05-30T08:00:00+00:00,2025-05-31T00:00:00+00:00,2.6515302,2.44693357253,20.0,-1.5432,,stop,4
FILUSDT,book,2025-05-31T08:00:00+00:00,2025-06-05T20:00:00+00:00,2.4994998,2.36566962857,20.0,-1.0709,,stop,33
FILUSDT,book,2025-06-06T04:00:00+00:00,2025-06-12T20:00:00+00:00,2.415483,2.51863902857,20.0,0.8541,,stop,40
FILUSDT,book,2025-06-13T04:00:00+00:00,2025-06-20T16:00:00+00:00,2.4014802,2.28925634286,20.0,-0.9346,,stop,45
FILUSDT,book,2025-06-21T00:00:00+00:00,2025-06-21T20:00:00+00:00,2.260452,2.13788148103,20.0,-1.0845,,stop,5
FILUSDT,book,2025-06-22T08:00:00+00:00,2025-06-22T16:00:00+00:00,2.185437,2.04824155546,20.0,-1.2555,,stop,2
FILUSDT,book,2025-06-23T00:00:00+00:00,2025-07-23T12:00:00+00:00,2.0694138,2.75416334286,20.0,6.6178,,stop,183
FILUSDT,book,2025-07-23T16:00:00+00:00,2025-07-30T08:00:00+00:00,2.7045408,2.45708499898,20.0,-1.8299,,stop,40
FILUSDT,book,2025-07-30T16:00:00+00:00,2025-08-01T00:00:00+00:00,2.5075014,2.31935886401,20.0,-1.5006,,stop,8
FILUSDT,book,2025-08-01T12:00:00+00:00,2025-08-14T12:00:00+00:00,2.35047,2.4765046,20.0,1.0724,,stop,78
FILUSDT,book,2025-08-15T00:00:00+00:00,2025-08-19T16:00:00+00:00,2.505501,2.35267222857,20.0,-1.2199,,stop,28
FILUSDT,book,2025-08-20T04:00:00+00:00,2025-08-25T00:00:00+00:00,2.3674734,2.384523,20.0,0.144,,stop,29
FILUSDT,book,2025-08-25T12:00:00+00:00,2025-08-25T20:00:00+00:00,2.305461,2.15235187209,20.0,-1.3282,,stop,2
FILUSDT,book,2025-08-26T00:00:00+00:00,2025-09-01T20:00:00+00:00,2.185437,2.2425514,20.0,0.5227,,stop,41
FILUSDT,book,2025-09-02T04:00:00+00:00,2025-09-15T12:00:00+00:00,2.2884576,2.39037897143,20.0,0.8907,,stop,80
FILUSDT,book,2025-09-15T20:00:00+00:00,2025-09-19T20:00:00+00:00,2.4044808,2.43408451429,20.0,0.2462,,stop,24
FILUSDT,book,2025-09-20T00:00:00+00:00,2025-09-22T00:00:00+00:00,2.4474894,2.31702590212,20.0,-1.0661,,stop,12
FILUSDT,book,2025-09-22T04:00:00+00:00,2025-09-22T04:00:00+00:00,2.3434686,2.23837797771,20.0,-0.8969,,stop,0
FILUSDT,book,2025-09-23T00:00:00+00:00,2025-09-25T16:00:00+00:00,2.2594518,2.1334893025,20.0,-1.115,,stop,16
FILUSDT,book,2025-09-26T00:00:00+00:00,2025-10-09T16:00:00+00:00,2.120424,2.22926834286,20.0,1.0266,,stop,82
FILUSDT,book,2025-10-09T20:00:00+00:00,2025-10-10T16:00:00+00:00,2.270454,2.2125574,20.0,-0.51,,stop,5
FILUSDT,book,2025-10-11T04:00:00+00:00,2025-11-08T00:00:00+00:00,1.6943388,3.03067945714,20.0,15.7742,,stop,167
FILUSDT,book,2025-11-08T20:00:00+00:00,2025-11-21T04:00:00+00:00,2.8415682,1.59749863636,20.0,-8.7562,,stop,74
FILUSDT,book,2025-11-21T08:00:00+00:00,2025-12-11T00:00:00+00:00,1.6493298,1.41029768404,20.0,-2.8985,,stop,118
FILUSDT,book,2025-12-11T08:00:00+00:00,2025-12-15T12:00:00+00:00,1.3892778,1.27366587301,20.0,-1.6643,,stop,25
FILUSDT,book,2025-12-16T00:00:00+00:00,2025-12-18T00:00:00+00:00,1.265253,1.20490182857,20.0,-0.954,,stop,12
FILUSDT,book,2025-12-18T08:00:00+00:00,2025-12-25T20:00:00+00:00,1.2172434,1.24446534286,20.0,0.4473,,stop,45
FILUSDT,book,2025-12-26T04:00:00+00:00,2026-01-02T08:00:00+00:00,1.2472494,1.42114428571,20.0,2.7885,,stop,43
FILUSDT,book,2026-01-02T16:00:00+00:00,2026-01-08T04:00:00+00:00,1.4342868,1.47156277143,20.0,0.5198,,stop,33
FILUSDT,book,2026-01-08T12:00:00+00:00,2026-01-15T16:00:00+00:00,1.4742948,1.49013048571,20.0,0.2148,,stop,43
FILUSDT,book,2026-01-15T20:00:00+00:00,2026-01-19T00:00:00+00:00,1.480296,1.32944834286,20.0,-2.0381,,stop,19
FILUSDT,book,2026-01-19T08:00:00+00:00,2026-01-25T16:00:00+00:00,1.3922784,1.26131180146,20.0,-1.8813,,stop,38
FILUSDT,book,2026-01-26T00:00:00+00:00,2026-01-29T12:00:00+00:00,1.2512502,1.1917616,20.0,-0.9509,,stop,21
FILUSDT,book,2026-01-30T00:00:00+00:00,2026-01-31T12:00:00+00:00,1.1942388,1.1147300951,20.0,-1.3315,,stop,9
FILUSDT,book,2026-02-01T00:00:00+00:00,2026-02-05T12:00:00+00:00,1.0512102,0.931559565103,20.0,-2.2764,,stop,27
FILUSDT,book,2026-02-06T04:00:00+00:00,2026-03-10T16:00:00+00:00,0.8791758,0.901248285714,20.0,0.5021,,stop,195
FILUSDT,book,2026-03-10T20:00:00+00:00,2026-03-19T12:00:00+00:00,0.8731746,0.891393114286,20.0,0.4173,,stop,52
FILUSDT,book,2026-03-20T00:00:00+00:00,2026-03-21T20:00:00+00:00,0.895179,0.890107657143,20.0,-0.1133,,stop,11
FILUSDT,book,2026-03-22T04:00:00+00:00,2026-03-27T08:00:00+00:00,0.885177,0.844831,20.0,-0.9116,,stop,31
FILUSDT,book,2026-03-27T20:00:00+00:00,2026-03-29T20:00:00+00:00,0.8391678,0.791866537869,20.0,-1.1273,,stop,12
FILUSDT,book,2026-03-30T04:00:00+00:00,2026-04-12T08:00:00+00:00,0.8241648,0.857114257143,20.0,0.7996,,stop,79
FILUSDT,book,2026-04-12T20:00:00+00:00,2026-04-18T08:00:00+00:00,0.8741748,0.954809,20.0,1.8448,,stop,33
FILUSDT,book,2026-04-18T12:00:00+00:00,2026-04-29T16:00:00+00:00,0.9511902,0.87476521196,20.0,-1.6069,,stop,67
FILUSDT,book,2026-04-30T00:00:00+00:00,2026-05-06T08:00:00+00:00,0.9161832,1.06964317143,20.0,3.35,,stop,38
FILUSDT,book,2026-05-06T12:00:00+00:00,2026-05-10T08:00:00+00:00,1.1032206,1.1637672,20.0,1.0976,,stop,23
FILUSDT,book,2026-05-10T12:00:00+00:00,2026-05-13T12:00:00+00:00,1.1732346,1.03249234594,20.0,-2.3992,,stop,18
FILUSDT,book,2026-05-13T16:00:00+00:00,2026-05-16T04:00:00+00:00,1.0342068,0.970084172926,20.0,-1.24,,stop,15
FILUSDT,book,2026-05-16T16:00:00+00:00,2026-05-17T20:00:00+00:00,0.9771954,0.912727103777,20.0,-1.3195,,stop,7
FILUSDT,book,2026-05-18T00:00:00+00:00,2026-05-22T20:00:00+00:00,0.9421884,0.954809,20.0,0.2679,,stop,29
FILUSDT,book,2026-05-23T12:00:00+00:00,2026-05-28T00:00:00+00:00,0.9331866,0.9818036,20.0,1.042,,stop,27
FILUSDT,book,2026-05-28T20:00:00+00:00,2026-06-04T00:00:00+00:00,0.9611922,0.84102396156,20.0,-2.5004,,stop,37
FILUSDT,book,2026-06-04T20:00:00+00:00,2026-06-05T12:00:00+00:00,0.8941788,0.75402796424,20.0,-3.1347,,stop,4
FILUSDT,book,2026-06-05T16:00:00+00:00,2026-08-30T20:00:00+00:00,0.7371474,0.659868,20.0,-2.0967,,eod,517
GRAMUSDT,book,2024-08-12T08:00:00+00:00,2024-08-15T00:00:00+00:00,6.2952588,6.713657,20.0,1.3292,,stop,16
GRAMUSDT,book,2024-08-15T16:00:00+00:00,2024-08-24T20:00:00+00:00,6.7033404,6.27188822857,20.0,-1.2873,,stop,55
GRAMUSDT,book,2024-08-25T04:00:00+00:00,2024-08-25T08:00:00+00:00,5.8201638,5.26839562438,20.0,-1.8961,,stop,1
GRAMUSDT,book,2024-08-25T12:00:00+00:00,2024-09-03T12:00:00+00:00,5.6751348,4.96039252304,20.0,-2.5189,,stop,54
GRAMUSDT,book,2024-09-03T20:00:00+00:00,2024-09-04T00:00:00+00:00,4.9639926,4.63324433719,20.0,-1.3326,,stop,1
GRAMUSDT,book,2024-09-04T04:00:00+00:00,2024-10-01T12:00:00+00:00,4.7919582,5.55317485714,20.0,3.1771,,stop,164
GRAMUSDT,book,2024-10-01T16:00:00+00:00,2024-10-03T08:00:00+00:00,5.4690936,5.13592335271,20.0,-1.2184,,stop,10
GRAMUSDT,book,2024-10-03T16:00:00+00:00,2024-10-25T20:00:00+00:00,5.271054,4.86097446777,20.0,-1.556,,stop,133
GRAMUSDT,book,2024-10-26T00:00:00+00:00,2024-10-31T16:00:00+00:00,4.7769552,4.78518562857,20.0,0.0345,,stop,34
GRAMUSDT,book,2024-11-01T00:00:00+00:00,2024-11-03T12:00:00+00:00,4.8479694,4.66963731429,20.0,-0.7357,,stop,15
GRAMUSDT,book,2024-11-03T20:00:00+00:00,2024-11-05T04:00:00+00:00,4.7899578,4.61779054286,20.0,-0.7189,,stop,8
GRAMUSDT,book,2024-11-05T12:00:00+00:00,2024-11-07T04:00:00+00:00,4.6119222,4.91558811429,20.0,1.3169,,stop,10
GRAMUSDT,book,2024-11-07T20:00:00+00:00,2024-11-13T20:00:00+00:00,4.9199838,5.12983097143,20.0,0.853,,stop,36
GRAMUSDT,book,2024-11-14T00:00:00+00:00,2024-11-26T08:00:00+00:00,5.2590516,5.73670957143,20.0,1.8165,,stop,74
GRAMUSDT,book,2024-11-26T12:00:00+00:00,2024-12-09T20:00:00+00:00,5.831166,6.13591542857,20.0,1.0452,,stop,80
GRAMUSDT,book,2024-12-10T00:00:00+00:00,2024-12-18T04:00:00+00:00,5.7791556,5.69414665714,20.0,-0.2942,,stop,49
GRAMUSDT,book,2024-12-18T12:00:00+00:00,2024-12-18T20:00:00+00:00,5.761152,5.34615398389,20.0,-1.4407,,stop,2
GRAMUSDT,book,2024-12-19T00:00:00+00:00,2024-12-20T08:00:00+00:00,5.4400878,5.00533653244,20.0,-1.5983,,stop,8
GRAMUSDT,book,2024-12-20T16:00:00+00:00,2025-01-13T08:00:00+00:00,5.331066,5.06155891429,20.0,-1.0111,,stop,142
GRAMUSDT,book,2025-01-13T16:00:00+00:00,2025-01-18T16:00:00+00:00,5.2030404,5.23709522857,20.0,0.1309,,stop,30
GRAMUSDT,book,2025-01-18T20:00:00+00:00,2025-01-19T08:00:00+00:00,5.2580514,4.98955328972,20.0,-1.0213,,stop,3
GRAMUSDT,book,2025-01-19T16:00:00+00:00,2025-01-19T20:00:00+00:00,5.1470292,4.8178511513,20.0,-1.2791,,stop,1
GRAMUSDT,book,2025-01-20T04:00:00+00:00,2025-01-27T04:00:00+00:00,4.9369872,4.70691557143,20.0,-0.932,,stop,42
GRAMUSDT,book,2025-01-27T08:00:00+00:00,2025-02-01T20:00:00+00:00,4.7969592,4.73391017143,20.0,-0.2629,,stop,33
GRAMUSDT,book,2025-02-02T08:00:00+00:00,2025-02-02T16:00:00+00:00,4.5799158,4.3360127097,20.0,-1.0651,,stop,2
GRAMUSDT,book,2025-02-03T08:00:00+00:00,2025-03-03T20:00:00+00:00,3.8677734,3.06019695246,20.0,-4.1759,,stop,171
GRAMUSDT,book,2025-03-04T08:00:00+00:00,2025-03-09T16:00:00+00:00,3.0296058,2.72588328571,20.0,-2.005,,stop,32
GRAMUSDT,book,2025-03-10T00:00:00+00:00,2025-03-10T16:00:00+00:00,2.65053,2.5364926,20.0,-0.8605,,stop,4
GRAMUSDT,book,2025-03-11T04:00:00+00:00,2025-03-29T08:00:00+00:00,2.5335066,3.66769488571,20.0,8.9535,,stop,109
GRAMUSDT,book,2025-03-29T12:00:00+00:00,2025-04-03T08:00:00+00:00,3.6737346,3.70997214286,20.0,0.1973,,stop,29
GRAMUSDT,book,2025-04-03T12:00:00+00:00,2025-04-04T08:00:00+00:00,3.6927384,3.44472788803,20.0,-1.3432,,stop,5
GRAMUSDT,book,2025-04-04T16:00:00+00:00,2025-04-06T16:00:00+00:00,3.4096818,3.12548514935,20.0,-1.667,,stop,12
GRAMUSDT,book,2025-04-07T12:00:00+00:00,2025-05-15T08:00:00+00:00,3.0066012,3.11609094286,20.0,0.7283,,stop,227
GRAMUSDT,book,2025-05-15T16:00:00+00:00,2025-05-19T12:00:00+00:00,3.1216242,2.89961558945,20.0,-1.4224,,stop,23
GRAMUSDT,book,2025-05-19T20:00:00+00:00,2025-05-28T16:00:00+00:00,3.0126024,3.37418217143,20.0,2.4004,,stop,53
GRAMUSDT,book,2025-05-30T04:00:00+00:00,2025-06-13T00:00:00+00:00,3.3046608,2.93050315355,20.0,-2.2644,,stop,83
GRAMUSDT,book,2025-06-13T04:00:00+00:00,2025-06-21T20:00:00+00:00,2.9675934,2.78007298846,20.0,-1.2638,,stop,52
GRAMUSDT,book,2025-06-22T08:00:00+00:00,2025-06-22T12:00:00+00:00,2.8535706,2.71106399302,20.0,-0.9988,,stop,1
GRAMUSDT,book,2025-06-23T00:00:00+00:00,2025-07-07T08:00:00+00:00,2.7315462,2.789442,20.0,0.4239,,stop,86
GRAMUSDT,book,2025-07-08T12:00:00+00:00,2025-07-23T00:00:00+00:00,2.7645528,3.30019697143,20.0,3.8751,,stop,87
GRAMUSDT,book,2025-07-23T16:00:00+00:00,2025-08-05T08:00:00+00:00,3.1986396,3.3063386,20.0,0.6734,,stop,76
GRAMUSDT,book,2025-08-05T12:00:00+00:00,2025-08-19T00:00:00+00:00,3.3366672,3.2183562,20.0,-0.7092,,stop,81
GRAMUSDT,book,2025-08-19T08:00:00+00:00,2025-08-25T08:00:00+00:00,3.2166432,3.18050662857,20.0,-0.2247,,stop,36
GRAMUSDT,book,2025-08-25T16:00:00+00:00,2025-08-29T04:00:00+00:00,3.2176434,3.07792054989,20.0,-0.8685,,stop,21
GRAMUSDT,book,2025-08-29T16:00:00+00:00,2025-09-22T00:00:00+00:00,3.0666132,3.01768205714,20.0,-0.3191,,stop,140
GRAMUSDT,book,2025-09-22T12:00:00+00:00,2025-09-25T16:00:00+00:00,2.8225644,2.67274402998,20.0,-1.0616,,stop,19
GRAMUSDT,book,2025-09-26T04:00:00+00:00,2025-10-09T12:00:00+00:00,2.6685336,2.69874585714,20.0,0.2264,,stop,80
GRAMUSDT,book,2025-10-09T20:00:00+00:00,2025-10-10T20:00:00+00:00,2.7165432,2.59566681993,20.0,-0.8899,,stop,6
GRAMUSDT,book,2025-10-11T04:00:00+00:00,2025-11-20T20:00:00+00:00,2.1044208,1.57892638013,20.0,-4.9942,,stop,244
GRAMUSDT,book,2025-11-21T08:00:00+00:00,2025-12-01T12:00:00+00:00,1.5113022,1.46642094286,20.0,-0.5939,,stop,61
GRAMUSDT,book,2025-12-01T20:00:00+00:00,2025-12-14T20:00:00+00:00,1.4892978,1.55497465714,20.0,0.882,,stop,78
GRAMUSDT,book,2025-12-15T04:00:00+00:00,2025-12-15T12:00:00+00:00,1.5573114,1.49594072343,20.0,-0.7882,,stop,2
GRAMUSDT,book,2025-12-16T00:00:00+00:00,2025-12-18T16:00:00+00:00,1.495299,1.44199725714,20.0,-0.7129,,stop,16
GRAMUSDT,book,2025-12-19T00:00:00+00:00,2025-12-30T00:00:00+00:00,1.4382876,1.55925951429,20.0,1.6822,,stop,66
GRAMUSDT,book,2025-12-30T12:00:00+00:00,2026-01-09T08:00:00+00:00,1.6143228,1.77621611429,20.0,2.0057,,stop,59
GRAMUSDT,book,2026-01-09T12:00:00+00:00,2026-01-19T00:00:00+00:00,1.7643528,1.65652142944,20.0,-1.2223,,stop,57
GRAMUSDT,book,2026-01-19T20:00:00+00:00,2026-01-20T16:00:00+00:00,1.610322,1.5200179356,20.0,-1.1216,,stop,5
GRAMUSDT,book,2026-01-21T04:00:00+00:00,2026-01-30T00:00:00+00:00,1.5433086,1.42480929542,20.0,-1.5357,,stop,53
GRAMUSDT,book,2026-01-30T08:00:00+00:00,2026-01-31T12:00:00+00:00,1.4392878,1.36330079958,20.0,-1.0559,,stop,7
GRAMUSDT,book,2026-01-31T20:00:00+00:00,2026-02-06T00:00:00+00:00,1.3112622,1.25046414286,20.0,-0.9273,,stop,31
GRAMUSDT,book,2026-02-06T08:00:00+00:00,2026-02-24T20:00:00+00:00,1.2612522,1.30231091429,20.0,0.6511,,stop,111
GRAMUSDT,book,2026-02-25T04:00:00+00:00,2026-02-28T08:00:00+00:00,1.2972594,1.22518348571,20.0,-1.1112,,stop,19
GRAMUSDT,book,2026-02-28T12:00:00+00:00,2026-03-19T04:00:00+00:00,1.2322464,1.2757448,20.0,0.706,,stop,112
GRAMUSDT,book,2026-03-19T20:00:00+00:00,2026-03-27T00:00:00+00:00,1.2382476,1.25831971429,20.0,0.3242,,stop,43
GRAMUSDT,book,2026-03-27T08:00:00+00:00,2026-03-27T16:00:00+00:00,1.2542508,1.21150844984,20.0,-0.6816,,stop,2
GRAMUSDT,book,2026-03-28T00:00:00+00:00,2026-04-09T16:00:00+00:00,1.2182436,1.24803605714,20.0,0.4891,,stop,76
GRAMUSDT,book,2026-04-09T20:00:00+00:00,2026-04-14T16:00:00+00:00,1.2722544,1.39600645714,20.0,1.9454,,stop,29
GRAMUSDT,book,2026-04-14T20:00:00+00:00,2026-04-18T20:00:00+00:00,1.3792758,1.33730391429,20.0,-0.6086,,stop,24
GRAMUSDT,book,2026-04-19T00:00:00+00:00,2026-05-05T04:00:00+00:00,1.3122624,1.7366526,20.0,6.4681,,stop,97
GRAMUSDT,book,2026-05-05T20:00:00+00:00,2026-05-07T08:00:00+00:00,1.915383,2.52306671429,20.0,6.3453,,stop,9
GRAMUSDT,book,2026-05-08T00:00:00+00:00,2026-05-13T12:00:00+00:00,2.7135426,2.11954717719,20.0,-4.378,,stop,33
GRAMUSDT,book,2026-05-13T16:00:00+00:00,2026-05-22T20:00:00+00:00,2.0914182,1.84122845207,20.0,-2.3925,,stop,55
GRAMUSDT,book,2026-05-23T00:00:00+00:00,2026-05-25T20:00:00+00:00,1.8363672,1.94189725714,20.0,1.1493,,stop,17
GRAMUSDT,book,2026-05-26T12:00:00+00:00,2026-05-28T12:00:00+00:00,1.9243848,1.7416516,20.0,-1.8991,,stop,12
GRAMUSDT,book,2026-05-28T16:00:00+00:00,2026-06-02T08:00:00+00:00,1.7523504,1.98845937143,20.0,2.6948,,stop,28
GRAMUSDT,book,2026-06-02T16:00:00+00:00,2026-06-04T08:00:00+00:00,1.9723944,1.69241299255,20.0,-2.839,,stop,10
GRAMUSDT,book,2026-06-04T12:00:00+00:00,2026-06-05T12:00:00+00:00,1.7443488,1.4897650731,20.0,-2.919,,stop,6
GRAMUSDT,book,2026-06-05T20:00:00+00:00,2026-07-17T04:00:00+00:00,1.4972994,1.46556397143,20.0,-0.4239,,stop,235
GRAMUSDT,book,2026-07-17T08:00:00+00:00,2026-07-20T12:00:00+00:00,1.4712942,1.41286022857,20.0,-0.7943,,stop,19
GRAMUSDT,book,2026-07-21T08:00:00+00:00,2026-07-22T08:00:00+00:00,1.4522904,1.49455817143,20.0,0.5821,,stop,6
GRAMUSDT,book,2026-07-24T08:00:00+00:00,2026-07-29T20:00:00+00:00,1.4722944,1.38326769112,20.0,-1.2094,,stop,33
GRAMUSDT,book,2026-07-30T00:00:00+00:00,2026-08-04T00:00:00+00:00,1.405281,1.33215737237,20.0,-1.0407,,stop,30
GRAMUSDT,book,2026-08-04T04:00:00+00:00,2026-08-07T00:00:00+00:00,1.3962792,1.34422458702,20.0,-0.7456,,stop,17
GRAMUSDT,book,2026-08-07T08:00:00+00:00,2026-08-22T04:00:00+00:00,1.3392678,1.46099345714,20.0,1.8178,,stop,89
GRAMUSDT,book,2026-08-23T08:00:00+00:00,2026-08-30T20:00:00+00:00,1.4722944,1.33631279826,20.0,-1.8472,,stop,45
IMXUSDT,book,2024-01-03T08:00:00+00:00,2024-01-03T12:00:00+00:00,2.31566304,2.15360723239,20.0,-1.3996,,stop,1
IMXUSDT,book,2024-01-03T16:00:00+00:00,2024-01-06T04:00:00+00:00,2.14062804,1.88317990011,20.0,-2.4054,,stop,15
IMXUSDT,book,2024-01-06T12:00:00+00:00,2024-01-14T20:00:00+00:00,1.95319056,1.99891442286,20.0,0.4682,,stop,50
IMXUSDT,book,2024-01-15T04:00:00+00:00,2024-01-19T00:00:00+00:00,2.03850762,1.88946488857,20.0,-1.4623,,stop,23
IMXUSDT,book,2024-01-19T04:00:00+00:00,2024-01-23T08:00:00+00:00,1.89277848,1.75698058502,20.0,-1.4349,,stop,25
IMXUSDT,book,2024-01-23T16:00:00+00:00,2024-02-12T20:00:00+00:00,1.76325258,2.91804484571,20.0,13.0984,,stop,121
IMXUSDT,book,2024-02-13T20:00:00+00:00,2024-02-23T08:00:00+00:00,3.01970382,3.13148786286,20.0,0.7404,,stop,57
IMXUSDT,book,2024-02-23T12:00:00+00:00,2024-03-05T16:00:00+00:00,3.1636326,3.00868385714,20.0,-0.9796,,stop,67
IMXUSDT,book,2024-03-06T00:00:00+00:00,2024-03-15T00:00:00+00:00,2.90348058,3.12036151714,20.0,1.4939,,stop,54
IMXUSDT,book,2024-03-15T08:00:00+00:00,2024-03-17T04:00:00+00:00,3.10792146,2.75606656499,20.0,-2.2642,,stop,11
IMXUSDT,book,2024-03-17T08:00:00+00:00,2024-04-02T08:00:00+00:00,2.8070613,2.62253253143,20.0,-1.3147,,stop,96
IMXUSDT,book,2024-04-02T20:00:00+00:00,2024-04-10T12:00:00+00:00,2.66723334,2.53703534857,20.0,-0.9763,,stop,46
IMXUSDT,book,2024-04-10T20:00:00+00:00,2024-04-12T12:00:00+00:00,2.61132216,2.43212135271,20.0,-1.3725,,stop,10
IMXUSDT,book,2024-04-13T00:00:00+00:00,2024-04-13T16:00:00+00:00,2.2099419,1.94839142948,20.0,-2.367,,stop,4
IMXUSDT,book,2024-04-14T00:00:00+00:00,2024-04-30T12:00:00+00:00,2.05281048,1.86999735429,20.0,-1.7811,,stop,99
IMXUSDT,book,2024-05-01T00:00:00+00:00,2024-05-09T08:00:00+00:00,1.9243848,2.02520916286,20.0,1.0479,,stop,50
IMXUSDT,book,2024-05-09T12:00:00+00:00,2024-05-13T00:00:00+00:00,2.04120816,2.11347722,20.0,0.7081,,stop,21
IMXUSDT,book,2024-05-13T08:00:00+00:00,2024-05-15T00:00:00+00:00,2.1144228,2.00529886,20.0,-1.0322,,stop,10
IMXUSDT,book,2024-05-15T04:00:00+00:00,2024-05-19T12:00:00+00:00,2.0319063,2.28380029143,20.0,2.4794,,stop,26
IMXUSDT,book,2024-05-19T16:00:00+00:00,2024-05-23T16:00:00+00:00,2.28455682,2.39991992,20.0,1.0099,,stop,24
IMXUSDT,book,2024-05-23T20:00:00+00:00,2024-05-28T04:00:00+00:00,2.38227636,2.28798516857,20.0,-0.7916,,stop,26
IMXUSDT,book,2024-05-28T08:00:00+00:00,2024-05-30T08:00:00+00:00,2.3094618,2.15071014335,20.0,-1.3748,,stop,12
IMXUSDT,book,2024-05-30T12:00:00+00:00,2024-06-07T16:00:00+00:00,2.23604712,2.13754383429,20.0,-0.881,,stop,49
IMXUSDT,book,2024-06-08T00:00:00+00:00,2024-06-11T00:00:00+00:00,2.10882168,1.93495246924,20.0,-1.649,,stop,18
IMXUSDT,book,2024-06-11T20:00:00+00:00,2024-06-13T12:00:00+00:00,1.85567106,1.79942575714,20.0,-0.6062,,stop,10
IMXUSDT,book,2024-06-14T08:00:00+00:00,2024-06-14T16:00:00+00:00,1.8028605,1.66088539933,20.0,-1.575,,stop,2
IMXUSDT,book,2024-06-15T00:00:00+00:00,2024-06-17T08:00:00+00:00,1.71624318,1.57455320636,20.0,-1.6512,,stop,14
IMXUSDT,book,2024-06-17T20:00:00+00:00,2024-06-18T00:00:00+00:00,1.63992792,1.51810638084,20.0,-1.4857,,stop,1
IMXUSDT,book,2024-06-19T00:00:00+00:00,2024-07-04T12:00:00+00:00,1.4727945,1.37996680857,20.0,-1.2606,,stop,93
IMXUSDT,book,2024-07-05T08:00:00+00:00,2024-07-25T16:00:00+00:00,1.22014398,1.40029131429,20.0,2.9529,,stop,122
IMXUSDT,book,2024-07-26T00:00:00+00:00,2024-07-30T20:00:00+00:00,1.4572914,1.4117176,20.0,-0.6255,,stop,29
IMXUSDT,book,2024-07-31T04:00:00+00:00,2024-08-01T16:00:00+00:00,1.4292858,1.31705804998,20.0,-1.5704,,stop,9
IMXUSDT,book,2024-08-01T20:00:00+00:00,2024-08-03T00:00:00+00:00,1.3212642,1.24360837143,20.0,-1.1755,,stop,7
IMXUSDT,book,2024-08-03T04:00:00+00:00,2024-08-04T12:00:00+00:00,1.2822564,1.15274009158,20.0,-2.0201,,stop,8
IMXUSDT,book,2024-08-04T20:00:00+00:00,2024-08-05T00:00:00+00:00,1.145229,1.02716638277,20.0,-2.0618,,stop,1
IMXUSDT,book,2024-08-05T08:00:00+00:00,2024-09-01T08:00:00+00:00,1.0142028,1.30742417714,20.0,5.7823,,stop,162
IMXUSDT,book,2024-09-01T12:00:00+00:00,2024-09-03T12:00:00+00:00,1.3172634,1.17185041161,20.0,-2.2078,,stop,12
IMXUSDT,book,2024-09-03T20:00:00+00:00,2024-09-06T20:00:00+00:00,1.1872374,1.13191642857,20.0,-0.9319,,stop,18
IMXUSDT,book,2024-09-07T00:00:00+00:00,2024-09-18T12:00:00+00:00,1.1492298,1.33244774286,20.0,3.1885,,stop,69
IMXUSDT,book,2024-09-18T16:00:00+00:00,2024-09-30T20:00:00+00:00,1.3132626,1.67752157143,20.0,5.5474,,stop,73
IMXUSDT,book,2024-10-01T00:00:00+00:00,2024-10-01T16:00:00+00:00,1.6873374,1.54667086109,20.0,-1.6673,,stop,4
IMXUSDT,book,2024-10-01T20:00:00+00:00,2024-10-09T16:00:00+00:00,1.5583116,1.37714325911,20.0,-2.3252,,stop,47
IMXUSDT,book,2024-10-10T04:00:00+00:00,2024-10-16T12:00:00+00:00,1.3972794,1.51655377143,20.0,1.7072,,stop,38
IMXUSDT,book,2024-10-17T04:00:00+00:00,2024-10-23T00:00:00+00:00,1.5463092,1.47599045714,20.0,-0.9095,,stop,35
IMXUSDT,book,2024-10-23T20:00:00+00:00,2024-10-25T20:00:00+00:00,1.4492898,1.3584823349,20.0,-1.2531,,stop,12
IMXUSDT,book,2024-10-26T04:00:00+00:00,2024-10-31T20:00:00+00:00,1.3372674,1.27803005714,20.0,-0.8859,,stop,34
IMXUSDT,book,2024-11-01T12:00:00+00:00,2024-11-02T12:00:00+00:00,1.1672334,1.07255456046,20.0,-1.6223,,stop,6
IMXUSDT,book,2024-11-02T16:00:00+00:00,2024-11-09T16:00:00+00:00,1.0622124,1.23532431429,20.0,3.2595,,stop,42
IMXUSDT,book,2024-11-10T04:00:00+00:00,2024-11-12T08:00:00+00:00,1.280256,1.31216608571,20.0,0.4985,,stop,13
IMXUSDT,book,2024-11-13T16:00:00+00:00,2024-12-09T08:00:00+00:00,1.3032606,1.91875902857,20.0,9.4455,,stop,154
IMXUSDT,book,2024-12-09T12:00:00+00:00,2024-12-09T20:00:00+00:00,1.8833766,1.72928067468,20.0,-1.6364,,stop,2
IMXUSDT,book,2024-12-10T00:00:00+00:00,2024-12-18T04:00:00+00:00,1.7313462,1.64595645714,20.0,-0.9864,,stop,49
IMXUSDT,book,2024-12-18T12:00:00+00:00,2024-12-18T20:00:00+00:00,1.690338,1.54306503954,20.0,-1.7425,,stop,2
IMXUSDT,book,2024-12-19T04:00:00+00:00,2024-12-19T16:00:00+00:00,1.5763152,1.41228268696,20.0,-2.0812,,stop,3
IMXUSDT,book,2024-12-20T04:00:00+00:00,2024-12-20T08:00:00+00:00,1.445289,1.26467887077,20.0,-2.4993,,stop,1
IMXUSDT,book,2024-12-20T16:00:00+00:00,2025-01-13T04:00:00+00:00,1.3932786,1.16962317143,20.0,-3.2105,,stop,141
IMXUSDT,book,2025-01-13T16:00:00+00:00,2025-01-18T20:00:00+00:00,1.1622324,1.28360037143,20.0,2.0885,,stop,31
IMXUSDT,book,2025-01-19T00:00:00+00:00,2025-01-19T08:00:00+00:00,1.310262,1.19966487617,20.0,-1.6882,,stop,2
IMXUSDT,book,2025-01-19T16:00:00+00:00,2025-01-19T20:00:00+00:00,1.2912582,1.15442012693,20.0,-2.1195,,stop,1
IMXUSDT,book,2025-01-20T00:00:00+00:00,2025-02-01T20:00:00+00:00,1.1662332,1.03393602857,20.0,-2.2688,,stop,77
IMXUSDT,book,2025-02-02T08:00:00+00:00,2025-02-02T16:00:00+00:00,1.005201,0.916089174086,20.0,-1.773,,stop,2
IMXUSDT,book,2025-02-03T08:00:00+00:00,2025-02-24T16:00:00+00:00,0.7761552,0.657154257143,20.0,-3.0664,,stop,128
IMXUSDT,book,2025-02-25T04:00:00+00:00,2025-03-03T16:00:00+00:00,0.6281256,0.649727171429,20.0,0.6878,,stop,39
IMXUSDT,book,2025-03-04T08:00:00+00:00,2025-03-09T08:00:00+00:00,0.605121,0.554032028571,20.0,-1.6886,,stop,30
IMXUSDT,book,2025-03-09T20:00:00+00:00,2025-03-11T00:00:00+00:00,0.5171034,0.483760371429,20.0,-1.2896,,stop,7
IMXUSDT,book,2025-03-11T08:00:00+00:00,2025-03-26T12:00:00+00:00,0.4970994,0.657725571429,20.0,6.4625,,stop,91
IMXUSDT,book,2025-03-26T16:00:00+00:00,2025-03-28T04:00:00+00:00,0.6561312,0.603022228571,20.0,-1.6189,,stop,9
IMXUSDT,book,2025-03-28T20:00:00+00:00,2025-04-02T00:00:00+00:00,0.575115,0.516797334143,20.0,-2.028,,stop,25
IMXUSDT,book,2025-04-02T04:00:00+00:00,2025-04-03T04:00:00+00:00,0.5121024,0.472543586663,20.0,-1.545,,stop,6
IMXUSDT,book,2025-04-03T20:00:00+00:00,2025-04-06T00:00:00+00:00,0.4640928,0.414367052869,20.0,-2.1429,,stop,13
IMXUSDT,book,2025-04-06T16:00:00+00:00,2025-04-06T20:00:00+00:00,0.4040808,0.371685019554,20.0,-1.6034,,stop,1
IMXUSDT,book,2025-04-07T12:00:00+00:00,2025-04-22T16:00:00+00:00,0.380076,0.5408918,20.0,8.4623,,stop,91
IMXUSDT,book,2025-04-22T20:00:00+00:00,2025-04-23T12:00:00+00:00,0.5471094,0.591024628571,20.0,1.6054,,stop,4
IMXUSDT,book,2025-04-24T04:00:00+00:00,2025-05-19T12:00:00+00:00,0.5761152,0.6078784,20.0,1.1027,,stop,152
IMXUSDT,book,2025-05-19T16:00:00+00:00,2025-05-24T20:00:00+00:00,0.6361272,0.629588342857,20.0,-0.2056,,stop,31
IMXUSDT,book,2025-05-25T00:00:00+00:00,2025-05-30T00:00:00+00:00,0.6361272,0.580653903131,20.0,-1.7441,,stop,30
IMXUSDT,book,2025-05-30T08:00:00+00:00,2025-05-31T00:00:00+00:00,0.575115,0.522331941286,20.0,-1.8356,,stop,4
IMXUSDT,book,2025-05-31T08:00:00+00:00,2025-06-05T16:00:00+00:00,0.5381076,0.512611742857,20.0,-0.9476,,stop,32
IMXUSDT,book,2025-06-05T20:00:00+00:00,2025-06-11T20:00:00+00:00,0.5161032,0.524609342857,20.0,0.3296,,stop,36
IMXUSDT,book,2025-06-12T20:00:00+00:00,2025-06-17T00:00:00+00:00,0.4860972,0.43600998056,20.0,-2.0608,,stop,25
IMXUSDT,book,2025-06-17T20:00:00+00:00,2025-06-20T16:00:00+00:00,0.4170834,0.380400161891,20.0,-1.759,,stop,17
IMXUSDT,book,2025-06-21T00:00:00+00:00,2025-06-21T20:00:00+00:00,0.390078,0.361791341543,20.0,-1.4503,,stop,5
IMXUSDT,book,2025-06-22T08:00:00+00:00,2025-06-22T16:00:00+00:00,0.3740748,0.344541592183,20.0,-1.579,,stop,2
IMXUSDT,book,2025-06-23T00:00:00+00:00,2025-06-30T04:00:00+00:00,0.3610722,0.448338885714,20.0,4.8338,,stop,43
IMXUSDT,book,2025-07-02T04:00:00+00:00,2025-07-19T00:00:00+00:00,0.4260852,0.565743971429,20.0,6.5554,,stop,101
IMXUSDT,book,2025-07-19T04:00:00+00:00,2025-07-23T20:00:00+00:00,0.5931186,0.559888,20.0,-1.1205,,stop,28
IMXUSDT,book,2025-07-24T00:00:00+00:00,2025-07-30T08:00:00+00:00,0.5721144,0.543605542857,20.0,-0.9966,,stop,38
IMXUSDT,book,2025-07-30T12:00:00+00:00,2025-08-01T20:00:00+00:00,0.535107,0.485045828571,20.0,-1.8711,,stop,14
IMXUSDT,book,2025-08-02T04:00:00+00:00,2025-08-11T16:00:00+00:00,0.5021004,0.562458914286,20.0,2.4042,,stop,57
IMXUSDT,book,2025-08-12T00:00:00+00:00,2025-08-14T16:00:00+00:00,0.5571114,0.559888,20.0,0.0997,,stop,16
IMXUSDT,book,2025-08-14T20:00:00+00:00,2025-08-22T12:00:00+00:00,0.5641128,0.520038828571,20.0,-1.5626,,stop,46
IMXUSDT,book,2025-08-22T16:00:00+00:00,2025-08-25T04:00:00+00:00,0.5721144,0.553746371429,20.0,-0.6421,,stop,15
IMXUSDT,book,2025-08-26T04:00:00+00:00,2025-09-01T20:00:00+00:00,0.525105,0.494615342857,20.0,-1.1613,,stop,40
IMXUSDT,book,2025-09-02T04:00:00+00:00,2025-09-15T08:00:00+00:00,0.5091018,0.631445114286,20.0,4.8062,,stop,79
IMXUSDT,book,2025-09-15T12:00:00+00:00,2025-09-19T04:00:00+00:00,0.6271254,0.874825,20.0,7.8995,,stop,22
IMXUSDT,book,2025-09-20T20:00:00+00:00,2025-09-22T04:00:00+00:00,0.815163,0.701451253114,20.0,-2.7899,,stop,8
IMXUSDT,book,2025-09-22T08:00:00+00:00,2025-09-26T00:00:00+00:00,0.705141,0.679721171429,20.0,-0.721,,stop,22
IMXUSDT,book,2025-09-26T20:00:00+00:00,2025-09-30T08:00:00+00:00,0.710142,0.6958608,20.0,-0.4022,,stop,21
IMXUSDT,book,2025-09-30T12:00:00+00:00,2025-10-07T12:00:00+00:00,0.7041408,0.718999028571,20.0,0.422,,stop,42
IMXUSDT,book,2025-10-07T16:00:00+00:00,2025-10-10T12:00:00+00:00,0.7141428,0.651691007154,20.0,-1.749,,stop,17
IMXUSDT,book,2025-10-11T00:00:00+00:00,2025-11-03T12:00:00+00:00,0.485097,0.429485514286,20.0,-2.2928,,stop,141
IMXUSDT,book,2025-11-03T20:00:00+00:00,2025-11-04T20:00:00+00:00,0.4420884,0.390403160891,20.0,-2.3382,,stop,6
IMXUSDT,book,2025-11-05T00:00:00+00:00,2025-11-13T16:00:00+00:00,0.425085,0.408632542857,20.0,-0.7741,,stop,52
IMXUSDT,book,2025-11-14T00:00:00+00:00,2025-11-16T20:00:00+00:00,0.3990798,0.356865555469,20.0,-2.1156,,stop,17
IMXUSDT,book,2025-11-17T00:00:00+00:00,2025-11-18T00:00:00+00:00,0.3680736,0.354500514286,20.0,-0.7375,,stop,6
IMXUSDT,book,2025-11-18T04:00:00+00:00,2025-11-21T04:00:00+00:00,0.3680736,0.330328949566,20.0,-2.0509,,stop,18
IMXUSDT,book,2025-11-21T16:00:00+00:00,2025-12-12T16:00:00+00:00,0.3120624,0.26450948752,20.0,-3.0477,,stop,126
IMXUSDT,book,2025-12-13T04:00:00+00:00,2025-12-15T16:00:00+00:00,0.2730546,0.248183524794,20.0,-1.8217,,stop,15
IMXUSDT,book,2025-12-16T00:00:00+00:00,2025-12-17T16:00:00+00:00,0.2540508,0.235432275554,20.0,-1.4657,,stop,10
IMXUSDT,book,2025-12-18T12:00:00+00:00,2025-12-31T16:00:00+00:00,0.2280456,0.217813571429,20.0,-0.8974,,stop,79
IMXUSDT,book,2025-12-31T20:00:00+00:00,2026-01-03T08:00:00+00:00,0.2210442,0.2639472,20.0,3.8818,,stop,15
IMXUSDT,book,2026-01-04T04:00:00+00:00,2026-01-12T08:00:00+00:00,0.2780556,0.261376285714,20.0,-1.1997,,stop,49
IMXUSDT,book,2026-01-12T16:00:00+00:00,2026-01-15T00:00:00+00:00,0.270054,0.275373485714,20.0,0.394,,stop,14
IMXUSDT,book,2026-01-15T04:00:00+00:00,2026-01-19T00:00:00+00:00,0.275055,0.271088628571,20.0,-0.2884,,stop,23
IMXUSDT,book,2026-01-19T04:00:00+00:00,2026-01-25T16:00:00+00:00,0.2610522,0.230648918131,20.0,-2.3293,,stop,39
IMXUSDT,book,2026-01-26T00:00:00+00:00,2026-01-29T12:00:00+00:00,0.230046,0.218670542857,20.0,-0.989,,stop,21
IMXUSDT,book,2026-01-29T20:00:00+00:00,2026-01-31T12:00:00+00:00,0.21014202,0.192978416596,20.0,-1.6335,,stop,10
IMXUSDT,book,2026-01-31T20:00:00+00:00,2026-02-05T16:00:00+00:00,0.17783556,0.154358253602,20.0,-2.6403,,stop,29
IMXUSDT,book,2026-02-06T04:00:00+00:00,2026-03-21T20:00:00+00:00,0.14572914,0.158496865714,20.0,1.7523,,stop,262
IMXUSDT,book,2026-03-22T04:00:00+00:00,2026-03-22T20:00:00+00:00,0.1655331,0.155055654094,20.0,-1.2659,,stop,4
IMXUSDT,book,2026-03-23T12:00:00+00:00,2026-03-26T08:00:00+00:00,0.15723144,0.144006204426,20.0,-1.6823,,stop,17
IMXUSDT,book,2026-03-26T16:00:00+00:00,2026-03-28T00:00:00+00:00,0.14682936,0.142642894286,20.0,-0.5702,,stop,8
IMXUSDT,book,2026-03-28T08:00:00+00:00,2026-04-02T00:00:00+00:00,0.14592918,0.136009115593,20.0,-1.3596,,stop,28
IMXUSDT,book,2026-04-02T08:00:00+00:00,2026-04-12T20:00:00+00:00,0.13672734,0.137501065714,20.0,0.1132,,stop,63
IMXUSDT,book,2026-04-13T04:00:00+00:00,2026-04-19T00:00:00+00:00,0.14322864,0.160510748571,20.0,2.4132,,stop,35
IMXUSDT,book,2026-04-19T04:00:00+00:00,2026-04-25T16:00:00+00:00,0.15873174,0.18306338,20.0,3.0658,,stop,39
IMXUSDT,book,2026-04-26T04:00:00+00:00,2026-04-29T16:00:00+00:00,0.17543508,0.161402792984,20.0,-1.5997,,stop,21
IMXUSDT,book,2026-04-29T20:00:00+00:00,2026-05-12T08:00:00+00:00,0.1625325,0.185420051429,20.0,2.8164,,stop,75
IMXUSDT,book,2026-05-12T12:00:00+00:00,2026-05-15T04:00:00+00:00,0.18523704,0.196146477143,20.0,1.1779,,stop,16
IMXUSDT,book,2026-05-15T12:00:00+00:00,2026-05-16T04:00:00+00:00,0.20214042,0.181479116916,20.0,-2.0443,,stop,4
IMXUSDT,book,2026-05-16T08:00:00+00:00,2026-05-28T08:00:00+00:00,0.1780356,0.15550449288,20.0,-2.5311,,stop,72
IMXUSDT,book,2026-05-28T16:00:00+00:00,2026-06-02T20:00:00+00:00,0.15663132,0.149055897143,20.0,-0.9673,,stop,31
IMXUSDT,book,2026-06-03T08:00:00+00:00,2026-06-04T00:00:00+00:00,0.15593118,0.141438600907,20.0,-1.8588,,stop,4
IMXUSDT,book,2026-06-04T16:00:00+00:00,2026-06-05T16:00:00+00:00,0.14562912,0.128728369176,20.0,-2.3211,,stop,6
IMXUSDT,book,2026-06-06T00:00:00+00:00,2026-06-25T12:00:00+00:00,0.12962592,0.125560597143,20.0,-0.6272,,stop,117
IMXUSDT,book,2026-06-25T16:00:00+00:00,2026-06-30T20:00:00+00:00,0.12582516,0.115230680682,20.0,-1.684,,stop,31
IMXUSDT,book,2026-07-01T04:00:00+00:00,2026-07-06T00:00:00+00:00,0.11582316,0.13857228,20.0,3.9283,,stop,29
IMXUSDT,book,2026-07-06T04:00:00+00:00,2026-07-27T20:00:00+00:00,0.13832766,0.120089351611,20.0,-2.637,,stop,130
IMXUSDT,book,2026-07-28T04:00:00+00:00,2026-07-29T00:00:00+00:00,0.1180236,0.112483241709,20.0,-0.9389,,stop,5
IMXUSDT,book,2026-07-29T12:00:00+00:00,2026-07-31T08:00:00+00:00,0.11212242,0.105672709802,20.0,-1.1505,,stop,11
IMXUSDT,book,2026-07-31T20:00:00+00:00,2026-08-16T20:00:00+00:00,0.10622124,0.106150194286,20.0,-0.0134,,stop,96
IMXUSDT,book,2026-08-17T04:00:00+00:00,2026-08-18T00:00:00+00:00,0.10882176,0.105407817077,20.0,-0.6274,,stop,5
IMXUSDT,book,2026-08-18T08:00:00+00:00,2026-08-19T00:00:00+00:00,0.10172034,0.096825970932,20.0,-0.9623,,stop,4
IMXUSDT,book,2026-08-19T16:00:00+00:00,2026-08-22T04:00:00+00:00,0.09811962,0.121547114286,20.0,4.7753,,stop,15
IMXUSDT,book,2026-08-22T20:00:00+00:00,2026-08-30T20:00:00+00:00,0.12422484,0.12257548,20.0,-0.2655,,eod,48
LINKUSDT,book,2024-01-04T00:00:00+00:00,2024-01-08T00:00:00+00:00,14.1508296,12.7711320055,20.0,-1.95,,stop,24
LINKUSDT,book,2024-01-08T08:00:00+00:00,2024-01-12T16:00:00+00:00,13.4936982,14.0424766571,20.0,0.8134,,stop,26
LINKUSDT,book,2024-01-14T12:00:00+00:00,2024-01-18T16:00:00+00:00,15.088017,14.6209323714,20.0,-0.6191,,stop,25
LINKUSDT,book,2024-01-19T00:00:00+00:00,2024-01-22T16:00:00+00:00,14.6609316,14.7184842857,20.0,0.0785,,stop,22
LINKUSDT,book,2024-01-23T04:00:00+00:00,2024-01-23T12:00:00+00:00,14.7049404,13.6961291976,20.0,-1.3721,,stop,2
LINKUSDT,book,2024-01-23T16:00:00+00:00,2024-02-20T12:00:00+00:00,14.1288252,18.9250713714,20.0,6.7893,,stop,167
LINKUSDT,book,2024-02-20T16:00:00+00:00,2024-02-23T00:00:00+00:00,18.9757944,17.916674634,20.0,-1.1163,,stop,14
LINKUSDT,book,2024-02-23T04:00:00+00:00,2024-02-28T16:00:00+00:00,17.9195832,19.0367633143,20.0,1.2469,,stop,33
LINKUSDT,book,2024-03-01T00:00:00+00:00,2024-03-05T16:00:00+00:00,19.2778548,18.6268453143,20.0,-0.6754,,stop,28
LINKUSDT,book,2024-03-06T00:00:00+00:00,2024-03-15T00:00:00+00:00,18.9767946,19.3815514857,20.0,0.4266,,stop,54
LINKUSDT,book,2024-03-15T08:00:00+00:00,2024-03-17T04:00:00+00:00,19.5869166,17.5430501453,20.0,-2.087,,stop,11
LINKUSDT,book,2024-03-18T04:00:00+00:00,2024-03-19T04:00:00+00:00,18.9157824,17.2357274221,20.0,-1.7764,,stop,6
LINKUSDT,book,2024-03-20T08:00:00+00:00,2024-04-02T00:00:00+00:00,17.3314656,17.3629552857,20.0,0.0363,,stop,76
LINKUSDT,book,2024-04-02T08:00:00+00:00,2024-04-05T04:00:00+00:00,18.298659,17.2093235896,20.0,-1.1906,,stop,17
LINKUSDT,book,2024-04-05T16:00:00+00:00,2024-04-10T12:00:00+00:00,17.4964986,16.9930292857,20.0,-0.5755,,stop,29
LINKUSDT,book,2024-04-12T00:00:00+00:00,2024-04-12T16:00:00+00:00,17.5575108,16.7111321907,20.0,-0.9641,,stop,4
LINKUSDT,book,2024-04-13T00:00:00+00:00,2024-04-13T16:00:00+00:00,15.158031,13.6595842509,20.0,-1.9771,,stop,4
LINKUSDT,book,2024-04-15T08:00:00+00:00,2024-04-30T16:00:00+00:00,14.417883,12.9846882571,20.0,-1.9881,,stop,92
LINKUSDT,book,2024-05-01T00:00:00+00:00,2024-05-08T00:00:00+00:00,13.1306256,13.8793664286,20.0,1.1404,,stop,42
LINKUSDT,book,2024-05-08T04:00:00+00:00,2024-05-13T00:00:00+00:00,14.037807,13.1865977243,20.0,-1.2127,,stop,29
LINKUSDT,book,2024-05-13T08:00:00+00:00,2024-05-14T20:00:00+00:00,13.4896974,12.9383592105,20.0,-0.8174,,stop,9
LINKUSDT,book,2024-05-15T08:00:00+00:00,2024-05-22T12:00:00+00:00,13.10262,16.2427508,20.0,4.7931,,stop,43
LINKUSDT,book,2024-05-22T20:00:00+00:00,2024-06-06T04:00:00+00:00,16.348269,17.4493665714,20.0,1.3471,,stop,86
LINKUSDT,book,2024-06-06T08:00:00+00:00,2024-06-07T16:00:00+00:00,17.4774948,16.8717983368,20.0,-0.6931,,stop,8
LINKUSDT,book,2024-06-07T20:00:00+00:00,2024-06-11T12:00:00+00:00,16.283256,15.2075353131,20.0,-1.3213,,stop,22
LINKUSDT,book,2024-06-11T20:00:00+00:00,2024-06-14T16:00:00+00:00,15.028005,14.8241774286,20.0,-0.2713,,stop,17
LINKUSDT,book,2024-06-15T00:00:00+00:00,2024-06-18T00:00:00+00:00,14.747949,13.7280599816,20.0,-1.3831,,stop,18
LINKUSDT,book,2024-06-18T20:00:00+00:00,2024-06-24T04:00:00+00:00,13.597719,13.0093976,20.0,-0.8653,,stop,32
LINKUSDT,book,2024-06-24T12:00:00+00:00,2024-06-29T12:00:00+00:00,13.1386272,13.6961173714,20.0,0.8486,,stop,30
LINKUSDT,book,2024-07-01T00:00:00+00:00,2024-07-03T20:00:00+00:00,14.2818558,13.6281309714,20.0,-0.9155,,stop,17
LINKUSDT,book,2024-07-04T16:00:00+00:00,2024-07-05T00:00:00+00:00,13.0836162,12.0533479053,20.0,-1.5749,,stop,2
LINKUSDT,book,2024-07-05T08:00:00+00:00,2024-07-25T00:00:00+00:00,11.5093014,12.9842597714,20.0,2.5631,,stop,118
LINKUSDT,book,2024-07-25T08:00:00+00:00,2024-08-01T04:00:00+00:00,13.022604,12.6857480571,20.0,-0.5173,,stop,41
LINKUSDT,book,2024-08-01T08:00:00+00:00,2024-08-01T16:00:00+00:00,12.822564,12.1376359872,20.0,-1.0683,,stop,2
LINKUSDT,book,2024-08-02T00:00:00+00:00,2024-08-02T12:00:00+00:00,12.882576,12.0476659848,20.0,-1.2962,,stop,3
LINKUSDT,book,2024-08-03T00:00:00+00:00,2024-08-04T16:00:00+00:00,11.922384,10.9573349518,20.0,-1.6189,,stop,10
LINKUSDT,book,2024-08-04T20:00:00+00:00,2024-08-05T00:00:00+00:00,11.082216,10.1221554497,20.0,-1.7326,,stop,1
LINKUSDT,book,2024-08-05T16:00:00+00:00,2024-09-04T00:00:00+00:00,9.441888,10.0208525714,20.0,1.2264,,stop,176
LINKUSDT,book,2024-09-04T08:00:00+00:00,2024-09-06T12:00:00+00:00,10.272054,9.61834423206,20.0,-1.2728,,stop,13
LINKUSDT,book,2024-09-07T00:00:00+00:00,2024-09-16T00:00:00+00:00,9.581916,10.6121628571,20.0,2.1504,,stop,54
LINKUSDT,book,2024-09-16T08:00:00+00:00,2024-09-18T12:00:00+00:00,10.722144,10.3236502855,20.0,-0.7433,,stop,13
LINKUSDT,book,2024-09-19T00:00:00+00:00,2024-09-30T08:00:00+00:00,10.90218,12.0290222857,20.0,2.0672,,stop,68
LINKUSDT,book,2024-09-30T12:00:00+00:00,2024-10-01T12:00:00+00:00,12.082416,11.4319148739,20.0,-1.0768,,stop,6
LINKUSDT,book,2024-10-01T16:00:00+00:00,2024-10-02T16:00:00+00:00,11.432286,10.7212127571,20.0,-1.244,,stop,6
LINKUSDT,book,2024-10-04T04:00:00+00:00,2024-10-09T12:00:00+00:00,10.742148,10.6350154286,20.0,-0.1995,,stop,32
LINKUSDT,book,2024-10-09T16:00:00+00:00,2024-10-23T12:00:00+00:00,10.722144,11.327734,20.0,1.1296,,stop,83
LINKUSDT,book,2024-10-24T00:00:00+00:00,2024-10-25T20:00:00+00:00,11.322264,11.0206525714,20.0,-0.5328,,stop,11
LINKUSDT,book,2024-10-26T04:00:00+00:00,2024-11-01T20:00:00+00:00,11.342268,11.1306305714,20.0,-0.3732,,stop,40
LINKUSDT,book,2024-11-03T20:00:00+00:00,2024-11-04T20:00:00+00:00,10.732146,10.1104806422,20.0,-1.1585,,stop,6
LINKUSDT,book,2024-11-05T04:00:00+00:00,2024-11-10T20:00:00+00:00,10.422084,13.7958117143,20.0,6.4742,,stop,34
LINKUSDT,book,2024-11-11T08:00:00+00:00,2024-11-13T00:00:00+00:00,13.80276,13.5030131429,20.0,-0.4343,,stop,10
LINKUSDT,book,2024-11-13T04:00:00+00:00,2024-11-26T08:00:00+00:00,13.40268,16.4538514286,20.0,4.5531,,stop,79
LINKUSDT,book,2024-11-26T12:00:00+00:00,2024-12-03T12:00:00+00:00,16.543308,23.2439217143,20.0,8.1007,,stop,42
LINKUSDT,book,2024-12-05T04:00:00+00:00,2024-12-09T20:00:00+00:00,23.584716,21.025794,20.0,-2.17,,stop,28
LINKUSDT,book,2024-12-10T00:00:00+00:00,2024-12-18T20:00:00+00:00,22.244448,25.5805971429,20.0,2.9995,,stop,53
LINKUSDT,book,2024-12-19T00:00:00+00:00,2024-12-19T16:00:00+00:00,24.85497,22.1023343631,20.0,-2.215,,stop,4
LINKUSDT,book,2024-12-19T20:00:00+00:00,2024-12-30T12:00:00+00:00,22.324464,20.7144277143,20.0,-1.4424,,stop,64
LINKUSDT,book,2024-12-30T20:00:00+00:00,2025-01-07T12:00:00+00:00,21.094218,22.1812771429,20.0,1.0307,,stop,46
LINKUSDT,book,2025-01-10T12:00:00+00:00,2025-01-13T08:00:00+00:00,20.364072,18.7067584713,20.0,-1.6277,,stop,17
LINKUSDT,book,2025-01-13T16:00:00+00:00,2025-01-18T16:00:00+00:00,18.943788,23.365326,20.0,4.6681,,stop,30
LINKUSDT,book,2025-01-19T08:00:00+00:00,2025-01-27T00:00:00+00:00,23.374674,23.8138077143,20.0,0.3757,,stop,46
LINKUSDT,book,2025-01-27T04:00:00+00:00,2025-01-27T08:00:00+00:00,23.984796,22.1857151122,20.0,-1.5002,,stop,1
LINKUSDT,book,2025-01-27T16:00:00+00:00,2025-02-01T20:00:00+00:00,23.694738,22.8097228571,20.0,-0.747,,stop,31
LINKUSDT,book,2025-02-02T00:00:00+00:00,2025-02-02T16:00:00+00:00,22.984596,20.8679215808,20.0,-1.8418,,stop,4
LINKUSDT,book,2025-02-03T08:00:00+00:00,2025-02-24T12:00:00+00:00,19.433886,16.3410168571,20.0,-3.183,,stop,127
LINKUSDT,book,2025-02-25T12:00:00+00:00,2025-03-03T16:00:00+00:00,14.85297,15.0327071429,20.0,0.242,,stop,37
LINKUSDT,book,2025-03-05T08:00:00+00:00,2025-03-09T12:00:00+00:00,15.45309,14.267146,20.0,-1.5349,,stop,25
LINKUSDT,book,2025-03-12T00:00:00+00:00,2025-03-31T00:00:00+00:00,13.142628,13.1459417143,20.0,0.005,,stop,114
LINKUSDT,book,2025-03-31T12:00:00+00:00,2025-04-02T20:00:00+00:00,13.232646,13.037392,20.0,-0.2951,,stop,14
LINKUSDT,book,2025-04-03T04:00:00+00:00,2025-04-06T16:00:00+00:00,13.20264,11.9573909006,20.0,-1.8864,,stop,21
LINKUSDT,book,2025-04-07T12:00:00+00:00,2025-05-05T12:00:00+00:00,10.712142,13.5458617143,20.0,5.2907,,stop,168
LINKUSDT,book,2025-05-05T16:00:00+00:00,2025-05-11T04:00:00+00:00,13.572714,16.4352837143,20.0,4.2181,,stop,33
LINKUSDT,book,2025-05-12T08:00:00+00:00,2025-05-12T16:00:00+00:00,17.513502,16.090640371,20.0,-1.6249,,stop,2
LINKUSDT,book,2025-05-12T20:00:00+00:00,2025-05-17T00:00:00+00:00,16.533306,15.2498065714,20.0,-1.5526,,stop,25
LINKUSDT,book,2025-05-17T04:00:00+00:00,2025-05-25T00:00:00+00:00,15.523104,15.1712508571,20.0,-0.4533,,stop,47
LINKUSDT,book,2025-05-26T08:00:00+00:00,2025-05-29T20:00:00+00:00,15.933186,15.1265886485,20.0,-1.0125,,stop,21
LINKUSDT,book,2025-05-30T12:00:00+00:00,2025-05-31T00:00:00+00:00,14.532906,13.4337901331,20.0,-1.5126,,stop,3
LINKUSDT,book,2025-05-31T08:00:00+00:00,2025-06-05T20:00:00+00:00,13.712742,12.677464,20.0,-1.51,,stop,33
LINKUSDT,book,2025-06-06T04:00:00+00:00,2025-06-12T08:00:00+00:00,13.192638,14.277144,20.0,1.6441,,stop,37
LINKUSDT,book,2025-06-13T12:00:00+00:00,2025-06-20T16:00:00+00:00,13.332666,12.3303905714,20.0,-1.5035,,stop,43
LINKUSDT,book,2025-06-21T04:00:00+00:00,2025-06-21T20:00:00+00:00,12.692538,11.9651444924,20.0,-1.1462,,stop,4
LINKUSDT,book,2025-06-22T08:00:00+00:00,2025-06-22T20:00:00+00:00,11.962392,11.1619448787,20.0,-1.3383,,stop,3
LINKUSDT,book,2025-06-23T00:00:00+00:00,2025-07-18T20:00:00+00:00,11.65233,17.6179042857,20.0,10.2393,,stop,155
LINKUSDT,book,2025-07-20T08:00:00+00:00,2025-07-23T12:00:00+00:00,18.823764,17.9506948571,20.0,-0.9276,,stop,19
LINKUSDT,book,2025-07-23T16:00:00+00:00,2025-07-30T16:00:00+00:00,18.5037,16.856628,20.0,-1.7803,,stop,42
LINKUSDT,book,2025-07-31T08:00:00+00:00,2025-08-01T00:00:00+00:00,18.033606,16.7891760645,20.0,-1.3801,,stop,4
LINKUSDT,book,2025-08-01T04:00:00+00:00,2025-08-02T16:00:00+00:00,16.863372,15.6209614685,20.0,-1.4735,,stop,9
LINKUSDT,book,2025-08-03T12:00:00+00:00,2025-08-11T20:00:00+00:00,16.173234,21.0100828571,20.0,5.9813,,stop,50
LINKUSDT,book,2025-08-12T16:00:00+00:00,2025-08-14T12:00:00+00:00,24.034806,21.7715222531,20.0,-1.8833,,stop,11
LINKUSDT,book,2025-08-14T16:00:00+00:00,2025-08-25T20:00:00+00:00,22.774554,23.5909951429,20.0,0.717,,stop,67
LINKUSDT,book,2025-08-26T00:00:00+00:00,2025-08-30T00:00:00+00:00,23.384676,22.8997048571,20.0,-0.4148,,stop,24
LINKUSDT,book,2025-08-31T04:00:00+00:00,2025-09-01T20:00:00+00:00,23.894778,22.4242208301,20.0,-1.2309,,stop,10
LINKUSDT,book,2025-09-02T00:00:00+00:00,2025-09-05T16:00:00+00:00,22.524504,22.0627294286,20.0,-0.41,,stop,22
LINKUSDT,book,2025-09-07T08:00:00+00:00,2025-09-14T12:00:00+00:00,22.30446,24.0037697143,20.0,1.5237,,stop,43
LINKUSDT,book,2025-09-14T16:00:00+00:00,2025-09-17T12:00:00+00:00,24.044808,22.8920143955,20.0,-0.9589,,stop,17
LINKUSDT,book,2025-09-17T20:00:00+00:00,2025-09-20T12:00:00+00:00,23.45469,23.1025214286,20.0,-0.3003,,stop,16
LINKUSDT,book,2025-09-24T00:00:00+00:00,2025-09-25T16:00:00+00:00,21.524304,20.1399180678,20.0,-1.2863,,stop,10
LINKUSDT,book,2025-09-26T04:00:00+00:00,2025-10-08T04:00:00+00:00,20.55411,21.6399568571,20.0,1.0566,,stop,72
LINKUSDT,book,2025-10-10T08:00:00+00:00,2025-10-10T16:00:00+00:00,22.30446,21.0573905366,20.0,-1.1182,,stop,2
LINKUSDT,book,2025-10-11T04:00:00+00:00,2025-11-04T20:00:00+00:00,17.493498,13.8986482857,20.0,-4.1099,,stop,148
LINKUSDT,book,2025-11-05T00:00:00+00:00,2025-11-16T16:00:00+00:00,14.692938,13.5544314286,20.0,-1.5497,,stop,70
LINKUSDT,book,2025-11-17T00:00:00+00:00,2025-11-21T04:00:00+00:00,13.732746,12.7409115937,20.0,-1.4445,,stop,25
LINKUSDT,book,2025-11-21T16:00:00+00:00,2025-12-15T12:00:00+00:00,11.912382,12.8788522857,20.0,1.6226,,stop,143
LINKUSDT,book,2025-12-16T00:00:00+00:00,2025-12-18T04:00:00+00:00,12.862572,12.1119348427,20.0,-1.1672,,stop,13
LINKUSDT,book,2025-12-19T00:00:00+00:00,2026-01-19T00:00:00+00:00,11.932386,13.0002565714,20.0,1.7899,,stop,186
LINKUSDT,book,2026-01-21T20:00:00+00:00,2026-01-25T16:00:00+00:00,12.612522,11.9244223527,20.0,-1.0911,,stop,23
LINKUSDT,book,2026-01-26T00:00:00+00:00,2026-01-29T08:00:00+00:00,11.532306,11.5362637143,20.0,0.0069,,stop,20
LINKUSDT,book,2026-01-30T00:00:00+00:00,2026-01-31T08:00:00+00:00,11.132226,10.4890563405,20.0,-1.1555,,stop,8
LINKUSDT,book,2026-02-01T00:00:00+00:00,2026-02-05T04:00:00+00:00,9.991998,8.99555567183,20.0,-1.9945,,stop,25
LINKUSDT,book,2026-02-06T04:00:00+00:00,2026-03-29T20:00:00+00:00,8.041608,8.24120857143,20.0,0.4964,,stop,310
LINKUSDT,book,2026-03-30T00:00:00+00:00,2026-04-02T00:00:00+00:00,8.421684,8.64969828571,20.0,0.5415,,stop,18
LINKUSDT,book,2026-04-04T16:00:00+00:00,2026-04-06T20:00:00+00:00,8.691738,8.73111057143,20.0,0.0906,,stop,13
LINKUSDT,book,2026-04-08T00:00:00+00:00,2026-04-09T00:00:00+00:00,9.291858,8.76153391411,20.0,-1.1415,,stop,6
LINKUSDT,book,2026-04-10T16:00:00+00:00,2026-04-19T00:00:00+00:00,9.061812,9.17673571429,20.0,0.2536,,stop,50
LINKUSDT,book,2026-04-19T04:00:00+00:00,2026-05-12T12:00:00+00:00,9.221844,10.1536831429,20.0,2.0209,,stop,140
LINKUSDT,book,2026-05-12T16:00:00+00:00,2026-05-16T04:00:00+00:00,10.162032,9.93658371429,20.0,-0.4437,,stop,21
LINKUSDT,book,2026-05-16T08:00:00+00:00,2026-05-23T04:00:00+00:00,9.831966,9.30331924966,20.0,-1.0754,,stop,41
LINKUSDT,book,2026-05-23T12:00:00+00:00,2026-05-28T00:00:00+00:00,9.186837,8.96592074286,20.0,-0.4809,,stop,27
LINKUSDT,book,2026-05-28T08:00:00+00:00,2026-06-02T12:00:00+00:00,8.9057808,8.60042242857,20.0,-0.6858,,stop,31
LINKUSDT,book,2026-06-03T08:00:00+00:00,2026-06-04T00:00:00+00:00,8.5487094,7.93337240812,20.0,-1.4396,,stop,4
LINKUSDT,book,2026-06-05T20:00:00+00:00,2026-06-24T16:00:00+00:00,7.3054608,7.3605276,20.0,0.1508,,stop,113
LINKUSDT,book,2026-06-25T00:00:00+00:00,2026-07-28T12:00:00+00:00,7.4284854,8.22778268571,20.0,2.152,,stop,201
LINKUSDT,book,2026-07-29T20:00:00+00:00,2026-08-01T16:00:00+00:00,8.2376472,7.90670405714,20.0,-0.8035,,stop,17
LINKUSDT,book,2026-08-02T08:00:00+00:00,2026-08-21T08:00:00+00:00,8.381676,11.3238776286,20.0,7.0206,,stop,114
LINKUSDT,book,2026-08-22T00:00:00+00:00,2026-08-22T04:00:00+00:00,11.992398,10.9541353061,20.0,-1.7315,,stop,1
LINKUSDT,book,2026-08-23T04:00:00+00:00,2026-08-30T20:00:00+00:00,11.4582912,11.1417712,20.0,-0.5525,,eod,46
PEPEUSDT,book,2024-01-03T08:00:00+00:00,2024-01-03T12:00:00+00:00,1.390278e-06,1.27038101583e-06,20.0,-1.7248,,stop,1
PEPEUSDT,book,2024-01-04T04:00:00+00:00,2024-01-12T20:00:00+00:00,1.210242e-06,1.19404685714e-06,20.0,-0.2676,,stop,52
PEPEUSDT,book,2024-01-13T16:00:00+00:00,2024-01-19T16:00:00+00:00,1.25025e-06,1.06432280714e-06,20.0,-2.9742,,stop,36
PEPEUSDT,book,2024-01-19T20:00:00+00:00,2024-01-23T08:00:00+00:00,1.120224e-06,1.02550914286e-06,20.0,-1.691,,stop,21
PEPEUSDT,book,2024-01-23T16:00:00+00:00,2024-01-31T08:00:00+00:00,1.020204e-06,9.48381714286e-07,20.0,-1.408,,stop,46
PEPEUSDT,book,2024-02-01T08:00:00+00:00,2024-02-16T12:00:00+00:00,9.10182e-07,1.14405685714e-06,20.0,5.1391,,stop,91
PEPEUSDT,book,2024-02-16T20:00:00+00:00,2024-02-27T04:00:00+00:00,1.15023e-06,2.02102428571e-06,20.0,15.1412,,stop,62
PEPEUSDT,book,2024-02-27T08:00:00+00:00,2024-02-28T12:00:00+00:00,2.040408e-06,3.01368285714e-06,20.0,9.54,,stop,7
PEPEUSDT,book,2024-02-28T16:00:00+00:00,2024-03-05T04:00:00+00:00,3.030606e-06,7.19284685714e-06,20.0,27.468,,stop,33
PEPEUSDT,book,2024-03-05T20:00:00+00:00,2024-03-19T00:00:00+00:00,5.531106e-06,6.52155257143e-06,20.0,3.5814,,stop,79
PEPEUSDT,book,2024-03-19T04:00:00+00:00,2024-04-03T12:00:00+00:00,6.371274e-06,6.86719771429e-06,20.0,1.5567,,stop,92
PEPEUSDT,book,2024-04-04T08:00:00+00:00,2024-04-12T16:00:00+00:00,6.95139e-06,6.47299085714e-06,20.0,-1.3764,,stop,50
PEPEUSDT,book,2024-04-12T20:00:00+00:00,2024-04-13T16:00:00+00:00,5.731146e-06,4.59986869937e-06,20.0,-3.9478,,stop,5
PEPEUSDT,book,2024-04-14T00:00:00+00:00,2024-05-18T12:00:00+00:00,5.041008e-06,9.21958428571e-06,20.0,16.5783,,stop,207
PEPEUSDT,book,2024-05-18T16:00:00+00:00,2024-05-22T12:00:00+00:00,9.431886e-06,1.26217608571e-05,20.0,6.764,,stop,23
PEPEUSDT,book,2024-05-23T08:00:00+00:00,2024-05-30T04:00:00+00:00,1.455291e-05,1.36244174286e-05,20.0,-1.276,,stop,41
PEPEUSDT,book,2024-05-30T08:00:00+00:00,2024-06-07T16:00:00+00:00,1.3292658e-05,1.25717708571e-05,20.0,-1.0846,,stop,50
PEPEUSDT,book,2024-06-07T20:00:00+00:00,2024-06-14T16:00:00+00:00,1.2762552e-05,1.12663177143e-05,20.0,-2.3447,,stop,41
PEPEUSDT,book,2024-06-14T20:00:00+00:00,2024-06-18T00:00:00+00:00,1.0872174e-05,9.84231685714e-06,20.0,-1.8945,,stop,19
PEPEUSDT,book,2024-06-18T04:00:00+00:00,2024-06-30T00:00:00+00:00,1.0582116e-05,1.12263257143e-05,20.0,1.2175,,stop,71
PEPEUSDT,book,2024-06-30T08:00:00+00:00,2024-07-03T00:00:00+00:00,1.1242248e-05,1.06393002857e-05,20.0,-1.0726,,stop,16
PEPEUSDT,book,2024-07-03T08:00:00+00:00,2024-07-04T00:00:00+00:00,1.080216e-05,9.90910635371e-06,20.0,-1.6535,,stop,4
PEPEUSDT,book,2024-07-04T12:00:00+00:00,2024-07-05T00:00:00+00:00,9.60192e-06,8.487722116e-06,20.0,-2.3208,,stop,3
PEPEUSDT,book,2024-07-05T08:00:00+00:00,2024-08-01T04:00:00+00:00,8.111622e-06,1.07507065714e-05,20.0,6.5069,,stop,161
PEPEUSDT,book,2024-08-01T16:00:00+00:00,2024-08-03T00:00:00+00:00,1.0162032e-05,9.2101895936e-06,20.0,-1.8733,,stop,8
PEPEUSDT,book,2024-08-03T04:00:00+00:00,2024-08-04T12:00:00+00:00,9.341868e-06,8.0277621264e-06,20.0,-2.8134,,stop,8
PEPEUSDT,book,2024-08-04T20:00:00+00:00,2024-08-05T00:00:00+00:00,8.40168e-06,7.01813323543e-06,20.0,-3.2935,,stop,1
PEPEUSDT,book,2024-08-05T16:00:00+00:00,2024-09-04T00:00:00+00:00,7.161432e-06,6.96146457143e-06,20.0,-0.5585,,stop,176
PEPEUSDT,book,2024-09-04T08:00:00+00:00,2024-09-06T20:00:00+00:00,7.181436e-06,6.61439114286e-06,20.0,-1.5792,,stop,15
PEPEUSDT,book,2024-09-07T04:00:00+00:00,2024-09-16T00:00:00+00:00,6.671334e-06,7.16713771429e-06,20.0,1.4864,,stop,53
PEPEUSDT,book,2024-09-16T08:00:00+00:00,2024-09-22T20:00:00+00:00,7.331466e-06,7.83986028571e-06,20.0,1.3869,,stop,39
PEPEUSDT,book,2024-09-23T04:00:00+00:00,2024-09-28T08:00:00+00:00,8.261652e-06,1.06293022857e-05,20.0,5.7317,,stop,31
PEPEUSDT,book,2024-09-29T04:00:00+00:00,2024-09-30T20:00:00+00:00,1.170234e-05,1.0362767032e-05,20.0,-2.2894,,stop,10
PEPEUSDT,book,2024-10-01T00:00:00+00:00,2024-10-01T20:00:00+00:00,1.0472094e-05,9.37098257143e-06,20.0,-2.1029,,stop,5
PEPEUSDT,book,2024-10-02T00:00:00+00:00,2024-10-25T20:00:00+00:00,9.70194e-06,8.74253685714e-06,20.0,-1.9778,,stop,143
PEPEUSDT,book,2024-10-26T04:00:00+00:00,2024-11-01T20:00:00+00:00,8.961792e-06,8.80680971429e-06,20.0,-0.3459,,stop,40
PEPEUSDT,book,2024-11-02T04:00:00+00:00,2024-11-03T00:00:00+00:00,8.90178e-06,8.24477357257e-06,20.0,-1.4761,,stop,5
PEPEUSDT,book,2024-11-03T08:00:00+00:00,2024-11-04T20:00:00+00:00,8.411682e-06,7.75655894931e-06,20.0,-1.5577,,stop,9
PEPEUSDT,book,2024-11-05T04:00:00+00:00,2024-11-08T16:00:00+00:00,8.081616e-06,1.04164877143e-05,20.0,5.7782,,stop,21
PEPEUSDT,book,2024-11-09T04:00:00+00:00,2024-11-12T08:00:00+00:00,1.0482096e-05,1.24732191429e-05,20.0,3.7991,,stop,19
PEPEUSDT,book,2024-11-12T20:00:00+00:00,2024-11-13T20:00:00+00:00,1.3612722e-05,1.7916416e-05,20.0,6.323,,stop,6
PEPEUSDT,book,2024-11-14T04:00:00+00:00,2024-11-26T08:00:00+00:00,2.3614722e-05,1.75201458413e-05,20.0,-5.1617,,stop,73
PEPEUSDT,book,2024-11-26T12:00:00+00:00,2024-12-02T08:00:00+00:00,1.7963592e-05,1.96974882857e-05,20.0,1.9305,,stop,35
PEPEUSDT,book,2024-12-02T12:00:00+00:00,2024-12-09T20:00:00+00:00,2.0024004e-05,2.44008331429e-05,20.0,4.3716,,stop,44
PEPEUSDT,book,2024-12-10T04:00:00+00:00,2024-12-19T16:00:00+00:00,2.3314662e-05,1.79075083533e-05,20.0,-4.6384,,stop,57
PEPEUSDT,book,2024-12-20T04:00:00+00:00,2025-01-08T16:00:00+00:00,1.7233446e-05,1.73308188571e-05,20.0,0.113,,stop,117
PEPEUSDT,book,2025-01-08T20:00:00+00:00,2025-01-13T12:00:00+00:00,1.7623524e-05,1.58685639381e-05,20.0,-1.9916,,stop,28
PEPEUSDT,book,2025-01-13T16:00:00+00:00,2025-01-18T04:00:00+00:00,1.6473294e-05,1.8766246e-05,20.0,2.7838,,stop,27
PEPEUSDT,book,2025-01-19T04:00:00+00:00,2025-01-19T08:00:00+00:00,1.8573714e-05,1.67471496143e-05,20.0,-1.9668,,stop,1
PEPEUSDT,book,2025-01-19T16:00:00+00:00,2025-01-21T08:00:00+00:00,1.7323464e-05,1.47455143072e-05,20.0,-2.9763,,stop,10
PEPEUSDT,book,2025-01-21T16:00:00+00:00,2025-01-27T04:00:00+00:00,1.5613122e-05,1.23552933042e-05,20.0,-4.1732,,stop,33
PEPEUSDT,book,2025-01-27T16:00:00+00:00,2025-01-28T20:00:00+00:00,1.2882576e-05,1.15641912705e-05,20.0,-2.0468,,stop,7
PEPEUSDT,book,2025-01-29T04:00:00+00:00,2025-02-02T08:00:00+00:00,1.2182436e-05,1.18233491429e-05,20.0,-0.5895,,stop,25
PEPEUSDT,book,2025-02-02T12:00:00+00:00,2025-02-02T20:00:00+00:00,1.1842368e-05,1.0234963455e-05,20.0,-2.7147,,stop,2
PEPEUSDT,book,2025-02-03T00:00:00+00:00,2025-02-03T00:00:00+00:00,1.0782156e-05,9.07141278309e-06,20.0,-3.1733,,stop,0
PEPEUSDT,book,2025-02-03T08:00:00+00:00,2025-02-24T20:00:00+00:00,9.85197e-06,7.95555142857e-06,20.0,-3.8498,,stop,129
PEPEUSDT,book,2025-02-25T04:00:00+00:00,2025-03-03T16:00:00+00:00,7.881576e-06,7.48278885714e-06,20.0,-1.0119,,stop,39
PEPEUSDT,book,2025-03-04T08:00:00+00:00,2025-03-09T16:00:00+00:00,6.921384e-06,5.75951758034e-06,20.0,-3.3573,,stop,32
PEPEUSDT,book,2025-03-10T00:00:00+00:00,2025-03-11T00:00:00+00:00,5.871174e-06,5.61744771429e-06,20.0,-0.8643,,stop,6
PEPEUSDT,book,2025-03-11T04:00:00+00:00,2025-03-28T04:00:00+00:00,5.711142e-06,7.90127657143e-06,20.0,7.6697,,stop,102
PEPEUSDT,book,2025-03-28T08:00:00+00:00,2025-03-30T12:00:00+00:00,7.891578e-06,7.0026771844e-06,20.0,-2.2528,,stop,13
PEPEUSDT,book,2025-03-30T20:00:00+00:00,2025-04-02T20:00:00+00:00,7.091418e-06,6.98003228571e-06,20.0,-0.3141,,stop,18
PEPEUSDT,book,2025-04-04T00:00:00+00:00,2025-04-07T04:00:00+00:00,6.711342e-06,5.86596942857e-06,20.0,-2.5192,,stop,19
PEPEUSDT,book,2025-04-07T08:00:00+00:00,2025-04-27T12:00:00+00:00,5.90118e-06,8.77110257143e-06,20.0,9.7266,,stop,121
PEPEUSDT,book,2025-04-27T16:00:00+00:00,2025-05-03T16:00:00+00:00,8.861772e-06,8.07087178846e-06,20.0,-1.785,,stop,36
PEPEUSDT,book,2025-05-03T20:00:00+00:00,2025-05-06T08:00:00+00:00,8.281656e-06,7.70154395451e-06,20.0,-1.401,,stop,15
PEPEUSDT,book,2025-05-06T16:00:00+00:00,2025-05-09T00:00:00+00:00,7.831566e-06,1.08549714286e-05,20.0,7.7211,,stop,14
PEPEUSDT,book,2025-05-09T08:00:00+00:00,2025-05-12T16:00:00+00:00,1.1932386e-05,1.32502065714e-05,20.0,2.2088,,stop,20
PEPEUSDT,book,2025-05-12T20:00:00+00:00,2025-05-25T12:00:00+00:00,1.3312662e-05,1.2737452e-05,20.0,-0.8642,,stop,76
PEPEUSDT,book,2025-05-25T16:00:00+00:00,2025-05-30T16:00:00+00:00,1.2922584e-05,1.25089262857e-05,20.0,-0.6402,,stop,30
PEPEUSDT,book,2025-05-31T04:00:00+00:00,2025-06-13T00:00:00+00:00,1.1212242e-05,1.08921068571e-05,20.0,-0.571,,stop,77
PEPEUSDT,book,2025-06-13T04:00:00+00:00,2025-06-21T20:00:00+00:00,1.075215e-05,9.34313814143e-06,20.0,-2.6209,,stop,52
PEPEUSDT,book,2025-06-22T08:00:00+00:00,2025-06-22T20:00:00+00:00,9.211842e-06,8.35302820303e-06,20.0,-1.8646,,stop,3
PEPEUSDT,book,2025-06-23T00:00:00+00:00,2025-07-15T00:00:00+00:00,8.881776e-06,1.1827634e-05,20.0,6.6335,,stop,132
PEPEUSDT,book,2025-07-15T04:00:00+00:00,2025-07-23T12:00:00+00:00,1.1812362e-05,1.29702625714e-05,20.0,1.9605,,stop,50
PEPEUSDT,book,2025-07-23T16:00:00+00:00,2025-07-25T00:00:00+00:00,1.3242648e-05,1.18063576847e-05,20.0,-2.1692,,stop,8
PEPEUSDT,book,2025-07-25T04:00:00+00:00,2025-07-30T16:00:00+00:00,1.1922384e-05,1.08106945714e-05,20.0,-1.8649,,stop,33
PEPEUSDT,book,2025-07-30T20:00:00+00:00,2025-08-01T20:00:00+00:00,1.125225e-05,1.015021955e-05,20.0,-1.9588,,stop,12
PEPEUSDT,book,2025-08-02T04:00:00+00:00,2025-08-11T20:00:00+00:00,1.0542108e-05,1.12548914286e-05,20.0,1.3523,,stop,58
PEPEUSDT,book,2025-08-12T08:00:00+00:00,2025-08-14T12:00:00+00:00,1.1342268e-05,1.11934751429e-05,20.0,-0.2624,,stop,13
PEPEUSDT,book,2025-08-15T08:00:00+00:00,2025-08-20T12:00:00+00:00,1.1162232e-05,1.01191363393e-05,20.0,-1.869,,stop,31
PEPEUSDT,book,2025-08-20T16:00:00+00:00,2025-08-25T00:00:00+00:00,1.0412082e-05,1.0537892e-05,20.0,0.2417,,stop,26
PEPEUSDT,book,2025-08-26T04:00:00+00:00,2025-09-14T12:00:00+00:00,9.791958e-06,1.1237752e-05,20.0,2.953,,stop,116
PEPEUSDT,book,2025-09-14T16:00:00+00:00,2025-09-22T00:00:00+00:00,1.1182236e-05,1.00641513385e-05,20.0,-1.9998,,stop,44
PEPEUSDT,book,2025-09-22T12:00:00+00:00,2025-09-25T16:00:00+00:00,9.721944e-06,9.0951246112e-06,20.0,-1.2895,,stop,19
PEPEUSDT,book,2025-09-26T04:00:00+00:00,2025-10-08T00:00:00+00:00,9.241848e-06,9.41240285714e-06,20.0,0.3691,,stop,71
PEPEUSDT,book,2025-10-08T08:00:00+00:00,2025-10-10T12:00:00+00:00,9.35187e-06,8.72254085714e-06,20.0,-1.3459,,stop,13
PEPEUSDT,book,2025-10-10T20:00:00+00:00,2025-10-10T20:00:00+00:00,8.571714e-06,7.85942751434e-06,20.0,-1.6619,,stop,0
PEPEUSDT,book,2025-10-11T04:00:00+00:00,2025-11-14T04:00:00+00:00,6.881376e-06,5.20467314286e-06,20.0,-4.8732,,stop,204
PEPEUSDT,book,2025-11-14T08:00:00+00:00,2025-11-14T20:00:00+00:00,5.381076e-06,4.86938764194e-06,20.0,-1.9018,,stop,3
PEPEUSDT,book,2025-11-15T04:00:00+00:00,2025-11-19T16:00:00+00:00,5.091018e-06,4.52225622497e-06,20.0,-2.2344,,stop,27
PEPEUSDT,book,2025-11-20T00:00:00+00:00,2025-11-21T04:00:00+00:00,4.760952e-06,4.34401159531e-06,20.0,-1.7515,,stop,7
PEPEUSDT,book,2025-11-21T12:00:00+00:00,2025-12-01T12:00:00+00:00,4.140828e-06,4.08489714286e-06,20.0,-0.2701,,stop,60
PEPEUSDT,book,2025-12-01T16:00:00+00:00,2025-12-05T16:00:00+00:00,4.020804e-06,4.46767771429e-06,20.0,2.2228,,stop,24
PEPEUSDT,book,2025-12-06T04:00:00+00:00,2025-12-11T00:00:00+00:00,4.390878e-06,4.54337685714e-06,20.0,0.6946,,stop,29
PEPEUSDT,book,2025-12-11T08:00:00+00:00,2025-12-15T16:00:00+00:00,4.470894e-06,4.02544589263e-06,20.0,-1.9927,,stop,26
PEPEUSDT,book,2025-12-16T00:00:00+00:00,2025-12-18T16:00:00+00:00,4.070814e-06,3.79067028571e-06,20.0,-1.3764,,stop,16
PEPEUSDT,book,2025-12-19T00:00:00+00:00,2026-01-03T04:00:00+00:00,3.710742e-06,5.76170457143e-06,20.0,11.0542,,stop,91
PEPEUSDT,book,2026-01-04T04:00:00+00:00,2026-01-11T20:00:00+00:00,6.431286e-06,5.77313085714e-06,20.0,-2.0467,,stop,46
PEPEUSDT,book,2026-01-12T00:00:00+00:00,2026-01-14T16:00:00+00:00,5.80116e-06,6.32587742857e-06,20.0,1.809,,stop,16
PEPEUSDT,book,2026-01-14T20:00:00+00:00,2026-01-18T12:00:00+00:00,6.271254e-06,5.67726117777e-06,20.0,-1.8943,,stop,22
PEPEUSDT,book,2026-01-18T16:00:00+00:00,2026-01-19T00:00:00+00:00,5.681136e-06,5.37113298709e-06,20.0,-1.0913,,stop,2
PEPEUSDT,book,2026-01-19T04:00:00+00:00,2026-01-21T12:00:00+00:00,5.241048e-06,4.83650907611e-06,20.0,-1.5437,,stop,14
PEPEUSDT,book,2026-01-21T16:00:00+00:00,2026-01-25T16:00:00+00:00,5.15103e-06,4.79292836543e-06,20.0,-1.3904,,stop,24
PEPEUSDT,book,2026-01-26T00:00:00+00:00,2026-01-29T12:00:00+00:00,4.710942e-06,4.72476914286e-06,20.0,0.0587,,stop,21
PEPEUSDT,book,2026-01-29T20:00:00+00:00,2026-01-31T12:00:00+00:00,4.680936e-06,4.2925773128e-06,20.0,-1.6593,,stop,10
PEPEUSDT,book,2026-01-31T20:00:00+00:00,2026-02-05T12:00:00+00:00,4.060812e-06,3.639272e-06,20.0,-2.0761,,stop,28
PEPEUSDT,book,2026-02-06T04:00:00+00:00,2026-02-19T08:00:00+00:00,3.480696e-06,4.16345285714e-06,20.0,3.9231,,stop,79
PEPEUSDT,book,2026-02-19T20:00:00+00:00,2026-02-22T20:00:00+00:00,4.210842e-06,4.00205657143e-06,20.0,-0.9917,,stop,18
PEPEUSDT,book,2026-02-23T00:00:00+00:00,2026-02-24T12:00:00+00:00,4.060812e-06,3.84208857143e-06,20.0,-1.0772,,stop,9
PEPEUSDT,book,2026-02-24T16:00:00+00:00,2026-02-26T08:00:00+00:00,3.970794e-06,3.98634542857e-06,20.0,0.0783,,stop,10
PEPEUSDT,book,2026-02-27T08:00:00+00:00,2026-02-28T04:00:00+00:00,3.890778e-06,3.48829448726e-06,20.0,-2.0689,,stop,5
PEPEUSDT,book,2026-02-28T16:00:00+00:00,2026-03-06T16:00:00+00:00,3.540708e-06,3.31219457143e-06,20.0,-1.2908,,stop,36
PEPEUSDT,book,2026-03-07T04:00:00+00:00,2026-03-08T16:00:00+00:00,3.380676e-06,3.14433272194e-06,20.0,-1.3982,,stop,9
PEPEUSDT,book,2026-03-08T20:00:00+00:00,2026-03-14T04:00:00+00:00,3.190638e-06,3.34790171429e-06,20.0,0.9858,,stop,32
PEPEUSDT,book,2026-03-15T08:00:00+00:00,2026-03-17T08:00:00+00:00,3.360672e-06,3.74496514286e-06,20.0,2.287,,stop,12
PEPEUSDT,book,2026-03-18T20:00:00+00:00,2026-05-13T12:00:00+00:00,3.470694e-06,4.04347685714e-06,20.0,3.3007,,stop,334
PEPEUSDT,book,2026-05-13T16:00:00+00:00,2026-05-15T12:00:00+00:00,4.0008e-06,3.83351885714e-06,20.0,-0.8362,,stop,11
PEPEUSDT,book,2026-05-15T20:00:00+00:00,2026-05-17T20:00:00+00:00,3.920784e-06,3.64326948606e-06,20.0,-1.4156,,stop,12
PEPEUSDT,book,2026-05-18T00:00:00+00:00,2026-05-23T04:00:00+00:00,3.670734e-06,3.51358285714e-06,20.0,-0.8562,,stop,31
PEPEUSDT,book,2026-05-23T16:00:00+00:00,2026-05-28T00:00:00+00:00,3.580716e-06,3.39360685714e-06,20.0,-1.0451,,stop,26
PEPEUSDT,book,2026-05-28T16:00:00+00:00,2026-06-02T16:00:00+00:00,3.330666e-06,3.11651942857e-06,20.0,-1.2859,,stop,30
PEPEUSDT,book,2026-06-03T00:00:00+00:00,2026-06-04T00:00:00+00:00,3.120624e-06,2.8700498752e-06,20.0,-1.6059,,stop,6
PEPEUSDT,book,2026-06-04T16:00:00+00:00,2026-06-05T12:00:00+00:00,3.010602e-06,2.67792345103e-06,20.0,-2.21,,stop,5
PEPEUSDT,book,2026-06-06T00:00:00+00:00,2026-06-24T12:00:00+00:00,2.70054e-06,2.55663142857e-06,20.0,-1.0658,,stop,111
PEPEUSDT,book,2026-06-24T20:00:00+00:00,2026-06-25T12:00:00+00:00,2.490498e-06,2.30610811469e-06,20.0,-1.4807,,stop,4
PEPEUSDT,book,2026-06-26T00:00:00+00:00,2026-07-28T00:00:00+00:00,2.360472e-06,2.76516114286e-06,20.0,3.4289,,stop,192
PEPEUSDT,book,2026-07-28T04:00:00+00:00,2026-08-16T20:00:00+00:00,2.810562e-06,2.53806371429e-06,20.0,-1.9391,,stop,118
PEPEUSDT,book,2026-08-17T04:00:00+00:00,2026-08-21T12:00:00+00:00,2.620524e-06,3.529294e-06,20.0,6.9358,,stop,26
PEPEUSDT,book,2026-08-21T20:00:00+00:00,2026-08-25T20:00:00+00:00,3.80076e-06,3.77353085714e-06,20.0,-0.1433,,stop,24
PEPEUSDT,book,2026-08-26T00:00:00+00:00,2026-08-30T20:00:00+00:00,3.820764e-06,3.40579699006e-06,20.0,-2.1722,,stop,29
RENDERUSDT,book,2024-07-28T20:00:00+00:00,2024-07-31T04:00:00+00:00,6.2982594,5.85825668571,20.0,-1.3972,,stop,14
RENDERUSDT,book,2024-07-31T08:00:00+00:00,2024-08-01T12:00:00+00:00,6.0042006,5.46578579559,20.0,-1.7935,,stop,7
RENDERUSDT,book,2024-08-01T20:00:00+00:00,2024-08-04T12:00:00+00:00,5.3080614,4.74433665714,20.0,-2.124,,stop,16
RENDERUSDT,book,2024-08-04T20:00:00+00:00,2024-08-05T00:00:00+00:00,4.7019402,3.98328624053,20.0,-3.0568,,stop,1
RENDERUSDT,book,2024-08-05T08:00:00+00:00,2024-08-30T00:00:00+00:00,4.1288256,5.16268154286,20.0,5.008,,stop,148
RENDERUSDT,book,2024-08-30T04:00:00+00:00,2024-10-02T16:00:00+00:00,5.1690336,5.463907,20.0,1.1409,,stop,201
RENDERUSDT,book,2024-10-03T00:00:00+00:00,2024-10-25T20:00:00+00:00,5.4340866,4.63601635411,20.0,-2.9373,,stop,137
RENDERUSDT,book,2024-10-26T04:00:00+00:00,2024-11-03T00:00:00+00:00,4.7529504,4.49224422857,20.0,-1.097,,stop,47
RENDERUSDT,book,2024-11-03T04:00:00+00:00,2024-11-04T20:00:00+00:00,4.4868972,4.18177496342,20.0,-1.3601,,stop,10
RENDERUSDT,book,2024-11-05T08:00:00+00:00,2024-11-10T20:00:00+00:00,4.3448688,5.4509096,20.0,5.0913,,stop,33
RENDERUSDT,book,2024-11-11T04:00:00+00:00,2024-11-12T08:00:00+00:00,6.0122022,6.50712688571,20.0,1.6464,,stop,7
RENDERUSDT,book,2024-11-13T04:00:00+00:00,2024-12-05T04:00:00+00:00,6.596319,9.67720702857,20.0,9.3412,,stop,132
RENDERUSDT,book,2024-12-05T08:00:00+00:00,2024-12-09T20:00:00+00:00,9.7929582,8.00982628571,20.0,-3.6417,,stop,27
RENDERUSDT,book,2024-12-10T00:00:00+00:00,2024-12-17T20:00:00+00:00,8.9127822,8.50087091429,20.0,-0.9243,,stop,47
RENDERUSDT,book,2024-12-18T00:00:00+00:00,2024-12-18T20:00:00+00:00,8.5287054,7.72769526606,20.0,-1.8784,,stop,5
RENDERUSDT,book,2024-12-19T04:00:00+00:00,2024-12-19T16:00:00+00:00,7.9275852,7.11187682582,20.0,-2.0579,,stop,3
RENDERUSDT,book,2024-12-20T00:00:00+00:00,2024-12-20T08:00:00+00:00,7.2394476,6.29229603191,20.0,-2.6166,,stop,2
RENDERUSDT,book,2024-12-20T16:00:00+00:00,2025-01-09T12:00:00+00:00,7.0144026,6.98203188571,20.0,-0.0923,,stop,119
RENDERUSDT,book,2025-01-09T16:00:00+00:00,2025-01-13T08:00:00+00:00,7.3374672,6.44742745656,20.0,-2.426,,stop,22
RENDERUSDT,book,2025-01-13T16:00:00+00:00,2025-01-19T04:00:00+00:00,6.7943586,7.21912731429,20.0,1.2504,,stop,33
RENDERUSDT,book,2025-01-19T16:00:00+00:00,2025-01-19T20:00:00+00:00,7.3194636,6.61153388585,20.0,-1.9344,,stop,1
RENDERUSDT,book,2025-01-20T04:00:00+00:00,2025-01-27T04:00:00+00:00,6.7533504,6.13962897143,20.0,-1.8175,,stop,42
RENDERUSDT,book,2025-01-27T16:00:00+00:00,2025-01-28T16:00:00+00:00,6.3622722,5.7641548527,20.0,-1.8802,,stop,6
RENDERUSDT,book,2025-01-29T04:00:00+00:00,2025-02-02T16:00:00+00:00,5.756151,4.96694312694,20.0,-2.7421,,stop,27
RENDERUSDT,book,2025-02-03T08:00:00+00:00,2025-02-24T20:00:00+00:00,4.410882,3.71111477143,20.0,-3.1729,,stop,129
RENDERUSDT,book,2025-02-25T00:00:00+00:00,2025-03-03T16:00:00+00:00,3.6377274,3.96106477143,20.0,1.7777,,stop,40
RENDERUSDT,book,2025-03-04T08:00:00+00:00,2025-03-09T08:00:00+00:00,3.5237046,3.34004614286,20.0,-1.0424,,stop,30
RENDERUSDT,book,2025-03-09T16:00:00+00:00,2025-03-10T12:00:00+00:00,3.2236446,2.92056037108,20.0,-1.8804,,stop,5
RENDERUSDT,book,2025-03-11T04:00:00+00:00,2025-03-29T08:00:00+00:00,2.7175434,3.58456865714,20.0,6.3809,,stop,109
RENDERUSDT,book,2025-03-29T12:00:00+00:00,2025-04-02T20:00:00+00:00,3.5637126,3.32804854286,20.0,-1.3226,,stop,26
RENDERUSDT,book,2025-04-03T04:00:00+00:00,2025-04-06T16:00:00+00:00,3.3626724,2.90227040123,20.0,-2.7383,,stop,21
RENDERUSDT,book,2025-04-06T20:00:00+00:00,2025-04-07T04:00:00+00:00,2.815563,2.58968781597,20.0,-1.6045,,stop,2
RENDERUSDT,book,2025-04-07T12:00:00+00:00,2025-04-16T04:00:00+00:00,2.6815362,3.59113877143,20.0,6.7842,,stop,52
RENDERUSDT,book,2025-04-16T08:00:00+00:00,2025-04-27T20:00:00+00:00,3.6217242,4.24957848571,20.0,3.4672,,stop,69
RENDERUSDT,book,2025-04-28T00:00:00+00:00,2025-05-04T08:00:00+00:00,4.2598518,4.4311136,20.0,0.8041,,stop,38
RENDERUSDT,book,2025-05-04T12:00:00+00:00,2025-05-07T04:00:00+00:00,4.410882,4.0925633236,20.0,-1.4433,,stop,16
RENDERUSDT,book,2025-05-07T12:00:00+00:00,2025-05-12T16:00:00+00:00,4.2178434,4.89930565714,20.0,3.2313,,stop,31
RENDERUSDT,book,2025-05-12T20:00:00+00:00,2025-05-15T04:00:00+00:00,5.0480094,4.48196057143,20.0,-2.2427,,stop,14
RENDERUSDT,book,2025-05-15T08:00:00+00:00,2025-05-28T00:00:00+00:00,4.8049608,4.40054828571,20.0,-1.6833,,stop,76
RENDERUSDT,book,2025-05-28T08:00:00+00:00,2025-05-30T00:00:00+00:00,4.4978994,4.11189828441,20.0,-1.7164,,stop,10
RENDERUSDT,book,2025-05-30T04:00:00+00:00,2025-05-30T16:00:00+00:00,4.15083,3.78703672686,20.0,-1.7529,,stop,3
RENDERUSDT,book,2025-05-31T08:00:00+00:00,2025-06-05T16:00:00+00:00,3.7437486,3.56357285714,20.0,-0.9625,,stop,32
RENDERUSDT,book,2025-06-05T20:00:00+00:00,2025-06-12T08:00:00+00:00,3.6087216,3.71368568571,20.0,0.5817,,stop,39
RENDERUSDT,book,2025-06-12T16:00:00+00:00,2025-06-13T00:00:00+00:00,3.7247448,3.41763256533,20.0,-1.649,,stop,2
RENDERUSDT,book,2025-06-13T12:00:00+00:00,2025-06-18T12:00:00+00:00,3.4116822,3.11009214286,20.0,-1.768,,stop,30
RENDERUSDT,book,2025-06-18T16:00:00+00:00,2025-06-21T20:00:00+00:00,3.1686336,2.89198365899,20.0,-1.7462,,stop,19
RENDERUSDT,book,2025-06-22T00:00:00+00:00,2025-06-22T12:00:00+00:00,2.9525904,2.73222241763,20.0,-1.4927,,stop,3
RENDERUSDT,book,2025-06-23T00:00:00+00:00,2025-06-26T16:00:00+00:00,2.7995598,2.95198091429,20.0,1.0889,,stop,22
RENDERUSDT,book,2025-06-27T00:00:00+00:00,2025-07-01T16:00:00+00:00,2.980596,3.05953082857,20.0,0.5297,,stop,28
RENDERUSDT,book,2025-07-02T00:00:00+00:00,2025-07-04T16:00:00+00:00,3.0766152,3.0933812,20.0,0.109,,stop,16
RENDERUSDT,book,2025-07-05T04:00:00+00:00,2025-07-11T20:00:00+00:00,3.1436286,3.56900034286,20.0,2.7062,,stop,40
RENDERUSDT,book,2025-07-12T04:00:00+00:00,2025-07-23T16:00:00+00:00,3.6917382,4.14631342857,20.0,2.4627,,stop,69
RENDERUSDT,book,2025-07-23T20:00:00+00:00,2025-07-30T16:00:00+00:00,4.1698338,3.69784408324,20.0,-2.2638,,stop,41
RENDERUSDT,book,2025-07-31T04:00:00+00:00,2025-08-01T00:00:00+00:00,3.9647928,3.60514305573,20.0,-1.8142,,stop,5
RENDERUSDT,book,2025-08-01T20:00:00+00:00,2025-08-14T20:00:00+00:00,3.5927184,3.73296754286,20.0,0.7807,,stop,78
RENDERUSDT,book,2025-08-15T00:00:00+00:00,2025-08-19T12:00:00+00:00,3.830766,3.61541962857,20.0,-1.1243,,stop,27
RENDERUSDT,book,2025-08-20T08:00:00+00:00,2025-08-25T08:00:00+00:00,3.585717,3.54200574286,20.0,-0.2438,,stop,30
RENDERUSDT,book,2025-08-26T04:00:00+00:00,2025-09-01T20:00:00+00:00,3.4376874,3.2463506,20.0,-1.1132,,stop,40
RENDERUSDT,book,2025-09-02T04:00:00+00:00,2025-09-15T08:00:00+00:00,3.4026804,3.82437782857,20.0,2.4786,,stop,79
RENDERUSDT,book,2025-09-15T12:00:00+00:00,2025-09-22T04:00:00+00:00,3.7827564,3.81280871429,20.0,0.1589,,stop,40
RENDERUSDT,book,2025-09-22T16:00:00+00:00,2025-09-25T12:00:00+00:00,3.6617322,3.42943903213,20.0,-1.2688,,stop,17
RENDERUSDT,book,2025-09-25T16:00:00+00:00,2025-09-28T12:00:00+00:00,3.4876974,3.26561557481,20.0,-1.2735,,stop,17
RENDERUSDT,book,2025-09-28T16:00:00+00:00,2025-09-30T12:00:00+00:00,3.3566712,3.24092311429,20.0,-0.6897,,stop,11
RENDERUSDT,book,2025-09-30T20:00:00+00:00,2025-10-04T12:00:00+00:00,3.330666,3.44859585714,20.0,0.7081,,stop,22
RENDERUSDT,book,2025-10-04T20:00:00+00:00,2025-10-08T00:00:00+00:00,3.4776954,3.33647542857,20.0,-0.8121,,stop,19
RENDERUSDT,book,2025-10-08T08:00:00+00:00,2025-10-10T12:00:00+00:00,3.3626724,3.16561057981,20.0,-1.1721,,stop,13
RENDERUSDT,book,2025-10-11T04:00:00+00:00,2025-11-04T20:00:00+00:00,2.4374874,1.82734874286,20.0,-5.0063,,stop,148
RENDERUSDT,book,2025-11-05T00:00:00+00:00,2025-11-07T20:00:00+00:00,1.8623724,2.51778205714,20.0,7.0384,,stop,17
RENDERUSDT,book,2025-11-08T12:00:00+00:00,2025-11-14T12:00:00+00:00,2.4894978,2.09500948571,20.0,-3.1692,,stop,36
RENDERUSDT,book,2025-11-14T16:00:00+00:00,2025-11-21T04:00:00+00:00,2.1834366,1.85449419839,20.0,-3.0131,,stop,39
RENDERUSDT,book,2025-11-21T08:00:00+00:00,2025-12-01T12:00:00+00:00,1.770354,1.54361664349,20.0,-2.5615,,stop,61
RENDERUSDT,book,2025-12-01T16:00:00+00:00,2025-12-05T16:00:00+00:00,1.555311,1.60710708571,20.0,0.6661,,stop,24
RENDERUSDT,book,2025-12-06T00:00:00+00:00,2025-12-11T00:00:00+00:00,1.605321,1.59596645714,20.0,-0.1165,,stop,30
RENDERUSDT,book,2025-12-11T08:00:00+00:00,2025-12-15T12:00:00+00:00,1.5813162,1.45334690105,20.0,-1.6185,,stop,25
RENDERUSDT,book,2025-12-15T16:00:00+00:00,2025-12-17T08:00:00+00:00,1.4272854,1.35022958578,20.0,-1.0798,,stop,10
RENDERUSDT,book,2025-12-18T08:00:00+00:00,2025-12-19T00:00:00+00:00,1.280256,1.18073409166,20.0,-1.5547,,stop,4
RENDERUSDT,book,2025-12-19T04:00:00+00:00,2026-01-06T12:00:00+00:00,1.2172434,2.39709191429,20.0,19.3856,,stop,110
RENDERUSDT,book,2026-01-07T04:00:00+00:00,2026-01-18T20:00:00+00:00,2.335467,2.11100628571,20.0,-1.9222,,stop,70
RENDERUSDT,book,2026-01-19T00:00:00+00:00,2026-01-19T00:00:00+00:00,2.0764152,1.92620845267,20.0,-1.4468,,stop,0
RENDERUSDT,book,2026-01-19T04:00:00+00:00,2026-01-20T16:00:00+00:00,2.080416,1.9062846668,20.0,-1.674,,stop,9
RENDERUSDT,book,2026-01-20T20:00:00+00:00,2026-01-27T12:00:00+00:00,1.920384,1.80421051429,20.0,-1.2099,,stop,40
RENDERUSDT,book,2026-01-27T16:00:00+00:00,2026-01-29T12:00:00+00:00,1.8263652,1.77850137143,20.0,-0.5241,,stop,11
RENDERUSDT,book,2026-01-29T16:00:00+00:00,2026-01-31T08:00:00+00:00,1.8063612,1.62300082062,20.0,-2.0302,,stop,10
RENDERUSDT,book,2026-01-31T20:00:00+00:00,2026-02-05T12:00:00+00:00,1.4882976,1.32930551429,20.0,-2.1366,,stop,28
RENDERUSDT,book,2026-02-05T16:00:00+00:00,2026-02-06T00:00:00+00:00,1.3592718,1.18582030278,20.0,-2.5521,,stop,2
RENDERUSDT,book,2026-02-06T04:00:00+00:00,2026-03-19T08:00:00+00:00,1.2512502,1.6716656,20.0,6.7199,,stop,247
RENDERUSDT,book,2026-03-19T12:00:00+00:00,2026-03-22T20:00:00+00:00,1.6523304,1.60253657143,20.0,-0.6027,,stop,20
RENDERUSDT,book,2026-03-23T00:00:00+00:00,2026-03-26T04:00:00+00:00,1.6113222,1.75721991429,20.0,1.8109,,stop,19
RENDERUSDT,book,2026-03-26T08:00:00+00:00,2026-04-13T04:00:00+00:00,1.7643528,1.859628,20.0,1.08,,stop,107
RENDERUSDT,book,2026-04-13T08:00:00+00:00,2026-04-18T16:00:00+00:00,1.8583716,1.77750157143,20.0,-0.8703,,stop,32
RENDERUSDT,book,2026-04-19T08:00:00+00:00,2026-04-29T12:00:00+00:00,1.765353,1.68337754286,20.0,-0.9287,,stop,61
RENDERUSDT,book,2026-04-30T00:00:00+00:00,2026-05-11T00:00:00+00:00,1.7173434,1.94603928571,20.0,2.6634,,stop,66
RENDERUSDT,book,2026-05-11T04:00:00+00:00,2026-05-13T12:00:00+00:00,1.9593918,1.84241610021,20.0,-1.194,,stop,14
RENDERUSDT,book,2026-05-13T16:00:00+00:00,2026-05-17T20:00:00+00:00,1.830366,1.7686462,20.0,-0.6744,,stop,25
RENDERUSDT,book,2026-05-18T12:00:00+00:00,2026-05-22T16:00:00+00:00,1.765353,1.9266146,20.0,1.827,,stop,25
RENDERUSDT,book,2026-05-22T20:00:00+00:00,2026-05-27T04:00:00+00:00,1.885377,2.19284705714,20.0,3.2616,,stop,26
RENDERUSDT,book,2026-05-27T08:00:00+00:00,2026-06-04T08:00:00+00:00,2.1964392,1.91712712645,20.0,-2.5433,,stop,48
RENDERUSDT,book,2026-06-04T16:00:00+00:00,2026-06-05T12:00:00+00:00,1.990398,1.61043299183,20.0,-3.818,,stop,5
RENDERUSDT,book,2026-06-05T20:00:00+00:00,2026-08-04T12:00:00+00:00,1.6343268,1.33459017143,20.0,-3.668,,stop,358
RENDERUSDT,book,2026-08-04T20:00:00+00:00,2026-08-06T00:00:00+00:00,1.360272,1.31643723131,20.0,-0.6445,,stop,7
RENDERUSDT,book,2026-08-06T08:00:00+00:00,2026-08-10T00:00:00+00:00,1.3332666,1.28158166097,20.0,-0.7753,,stop,22
RENDERUSDT,book,2026-08-10T08:00:00+00:00,2026-08-10T20:00:00+00:00,1.3032606,1.25658066217,20.0,-0.7164,,stop,3
RENDERUSDT,book,2026-08-11T08:00:00+00:00,2026-08-22T04:00:00+00:00,1.2622524,1.51141194286,20.0,3.9479,,stop,65
RENDERUSDT,book,2026-08-22T16:00:00+00:00,2026-08-30T20:00:00+00:00,1.4432886,1.3987202,20.0,-0.6176,,eod,49
SHIBUSDT,book,2024-01-03T12:00:00+00:00,2024-01-03T12:00:00+00:00,1.0322064e-05,9.86830423006e-06,20.0,-0.8792,,stop,0
SHIBUSDT,book,2024-01-03T16:00:00+00:00,2024-01-08T00:00:00+00:00,9.711942e-06,8.91730104017e-06,20.0,-1.6364,,stop,26
SHIBUSDT,book,2024-01-08T04:00:00+00:00,2024-01-12T20:00:00+00:00,8.741748e-06,9.50952628571e-06,20.0,1.7566,,stop,28
SHIBUSDT,book,2024-01-13T12:00:00+00:00,2024-01-18T16:00:00+00:00,9.811962e-06,9.01908639331e-06,20.0,-1.6161,,stop,31
SHIBUSDT,book,2024-01-19T00:00:00+00:00,2024-01-19T16:00:00+00:00,9.211842e-06,8.80293820303e-06,20.0,-0.8878,,stop,4
SHIBUSDT,book,2024-01-19T20:00:00+00:00,2024-01-22T12:00:00+00:00,9.211842e-06,9.00676971429e-06,20.0,-0.4452,,stop,16
SHIBUSDT,book,2024-01-22T20:00:00+00:00,2024-01-23T08:00:00+00:00,9.011802e-06,8.52081178246e-06,20.0,-1.0897,,stop,3
SHIBUSDT,book,2024-01-23T16:00:00+00:00,2024-02-28T16:00:00+00:00,8.70174e-06,1.06150194286e-05,20.0,4.3975,,stop,216
SHIBUSDT,book,2024-02-28T20:00:00+00:00,2024-02-29T20:00:00+00:00,1.140228e-05,1.21761357143e-05,20.0,1.3574,,stop,6
SHIBUSDT,book,2024-03-01T12:00:00+00:00,2024-03-03T04:00:00+00:00,1.295259e-05,1.9716056e-05,20.0,10.4434,,stop,10
SHIBUSDT,book,2024-03-03T08:00:00+00:00,2024-03-05T04:00:00+00:00,2.0174034e-05,3.6582682e-05,20.0,16.2671,,stop,11
SHIBUSDT,book,2024-03-05T20:00:00+00:00,2024-06-18T00:00:00+00:00,2.7935586e-05,1.80720991429e-05,20.0,-7.0616,,stop,625
SHIBUSDT,book,2024-06-18T08:00:00+00:00,2024-06-24T08:00:00+00:00,1.820364e-05,1.65610414149e-05,20.0,-1.8047,,stop,36
SHIBUSDT,book,2024-06-24T16:00:00+00:00,2024-06-28T20:00:00+00:00,1.6613322e-05,1.68394885714e-05,20.0,0.2723,,stop,25
SHIBUSDT,book,2024-06-29T08:00:00+00:00,2024-07-03T16:00:00+00:00,1.7123424e-05,1.61576918152e-05,20.0,-1.128,,stop,26
SHIBUSDT,book,2024-07-04T00:00:00+00:00,2024-07-04T00:00:00+00:00,1.6393278e-05,1.55776618444e-05,20.0,-0.9951,,stop,0
SHIBUSDT,book,2024-07-04T04:00:00+00:00,2024-07-04T12:00:00+00:00,1.5943188e-05,1.49866186481e-05,20.0,-1.2,,stop,2
SHIBUSDT,book,2024-07-04T20:00:00+00:00,2024-07-05T00:00:00+00:00,1.5163032e-05,1.4028082965e-05,20.0,-1.497,,stop,1
SHIBUSDT,book,2024-07-05T08:00:00+00:00,2024-07-08T00:00:00+00:00,1.3382676e-05,1.49541514286e-05,20.0,2.3485,,stop,16
SHIBUSDT,book,2024-07-08T12:00:00+00:00,2024-07-18T12:00:00+00:00,1.6593318e-05,1.70123111429e-05,20.0,0.505,,stop,60
SHIBUSDT,book,2024-07-19T00:00:00+00:00,2024-07-25T12:00:00+00:00,1.7393478e-05,1.59839454286e-05,20.0,-1.6208,,stop,39
SHIBUSDT,book,2024-07-25T16:00:00+00:00,2024-07-30T20:00:00+00:00,1.6263252e-05,1.6026794e-05,20.0,-0.2908,,stop,31
SHIBUSDT,book,2024-07-31T00:00:00+00:00,2024-08-01T04:00:00+00:00,1.640328e-05,1.56233689869e-05,20.0,-0.9509,,stop,7
SHIBUSDT,book,2024-08-01T08:00:00+00:00,2024-08-01T16:00:00+00:00,1.5883176e-05,1.50123157934e-05,20.0,-1.0966,,stop,2
SHIBUSDT,book,2024-08-02T00:00:00+00:00,2024-08-02T12:00:00+00:00,1.5793158e-05,1.47419947255e-05,20.0,-1.3312,,stop,3
SHIBUSDT,book,2024-08-03T04:00:00+00:00,2024-08-04T12:00:00+00:00,1.4682936e-05,1.34088251271e-05,20.0,-1.7355,,stop,8
SHIBUSDT,book,2024-08-04T20:00:00+00:00,2024-08-05T00:00:00+00:00,1.365273e-05,1.23770398111e-05,20.0,-1.8688,,stop,1
SHIBUSDT,book,2024-08-05T16:00:00+00:00,2024-09-04T00:00:00+00:00,1.325265e-05,1.27460217143e-05,20.0,-0.7646,,stop,176
SHIBUSDT,book,2024-09-04T04:00:00+00:00,2024-09-06T20:00:00+00:00,1.3122624e-05,1.24103745714e-05,20.0,-1.0855,,stop,16
SHIBUSDT,book,2024-09-07T00:00:00+00:00,2024-09-27T16:00:00+00:00,1.280256e-05,2.03345037143e-05,20.0,11.7663,,stop,124
SHIBUSDT,book,2024-09-28T12:00:00+00:00,2024-10-01T12:00:00+00:00,1.9793958e-05,1.69066474227e-05,20.0,-2.9174,,stop,18
SHIBUSDT,book,2024-10-01T16:00:00+00:00,2024-10-25T20:00:00+00:00,1.7033406e-05,1.65581162857e-05,20.0,-0.5581,,stop,145
SHIBUSDT,book,2024-10-26T04:00:00+00:00,2024-10-31T16:00:00+00:00,1.6773354e-05,1.794641e-05,20.0,1.3987,,stop,33
SHIBUSDT,book,2024-11-01T00:00:00+00:00,2024-11-03T12:00:00+00:00,1.790358e-05,1.65395571411e-05,20.0,-1.5237,,stop,15
SHIBUSDT,book,2024-11-03T20:00:00+00:00,2024-11-10T16:00:00+00:00,1.6693338e-05,2.5884822e-05,20.0,11.0122,,stop,41
SHIBUSDT,book,2024-11-10T20:00:00+00:00,2024-11-12T08:00:00+00:00,2.5425084e-05,2.5234952e-05,20.0,-0.1496,,stop,9
SHIBUSDT,book,2024-11-13T04:00:00+00:00,2024-12-19T00:00:00+00:00,2.4374874e-05,2.31567962857e-05,20.0,-0.9995,,stop,215
SHIBUSDT,book,2024-12-19T04:00:00+00:00,2024-12-19T16:00:00+00:00,2.4224844e-05,2.20972093883e-05,20.0,-1.7566,,stop,3
SHIBUSDT,book,2024-12-20T04:00:00+00:00,2024-12-20T08:00:00+00:00,2.2214442e-05,1.94587637545e-05,20.0,-2.481,,stop,1
SHIBUSDT,book,2024-12-20T16:00:00+00:00,2025-01-26T20:00:00+00:00,2.0974194e-05,1.91747357143e-05,20.0,-1.7159,,stop,223
SHIBUSDT,book,2025-01-27T08:00:00+00:00,2025-02-01T20:00:00+00:00,1.7913582e-05,1.80049697143e-05,20.0,0.102,,stop,33
SHIBUSDT,book,2025-02-02T00:00:00+00:00,2025-02-02T16:00:00+00:00,1.7613522e-05,1.64584439385e-05,20.0,-1.3116,,stop,4
SHIBUSDT,book,2025-02-03T08:00:00+00:00,2025-02-25T04:00:00+00:00,1.4492898e-05,1.329734e-05,20.0,-1.6499,,stop,131
SHIBUSDT,book,2025-02-25T12:00:00+00:00,2025-03-03T16:00:00+00:00,1.3762752e-05,1.32602045714e-05,20.0,-0.7303,,stop,37
SHIBUSDT,book,2025-03-04T00:00:00+00:00,2025-03-09T16:00:00+00:00,1.2912582e-05,1.17790722857e-05,20.0,-1.7557,,stop,34
SHIBUSDT,book,2025-03-09T20:00:00+00:00,2025-03-10T16:00:00+00:00,1.1772354e-05,1.17119428571e-05,20.0,-0.1026,,stop,5
SHIBUSDT,book,2025-03-11T04:00:00+00:00,2025-03-28T04:00:00+00:00,1.1512302e-05,1.36358437143e-05,20.0,3.6892,,stop,102
SHIBUSDT,book,2025-03-28T12:00:00+00:00,2025-03-31T04:00:00+00:00,1.3342668e-05,1.21170298235e-05,20.0,-1.8372,,stop,16
SHIBUSDT,book,2025-03-31T12:00:00+00:00,2025-04-02T20:00:00+00:00,1.215243e-05,1.19561797143e-05,20.0,-0.323,,stop,14
SHIBUSDT,book,2025-04-03T16:00:00+00:00,2025-04-06T20:00:00+00:00,1.2232446e-05,1.11070098679e-05,20.0,-1.8401,,stop,19
SHIBUSDT,book,2025-04-07T04:00:00+00:00,2025-04-07T04:00:00+00:00,1.1062212e-05,1.03494274147e-05,20.0,-1.2887,,stop,0
SHIBUSDT,book,2025-04-07T12:00:00+00:00,2025-04-09T00:00:00+00:00,1.0862172e-05,1.03536431429e-05,20.0,-0.9363,,stop,9
SHIBUSDT,book,2025-04-09T12:00:00+00:00,2025-04-28T00:00:00+00:00,1.0842168e-05,1.33059097143e-05,20.0,4.5447,,stop,111
SHIBUSDT,book,2025-04-28T04:00:00+00:00,2025-05-04T16:00:00+00:00,1.3542708e-05,1.26931751429e-05,20.0,-1.2546,,stop,39
SHIBUSDT,book,2025-05-04T20:00:00+00:00,2025-05-11T04:00:00+00:00,1.275255e-05,1.634673e-05,20.0,5.6368,,stop,38
SHIBUSDT,book,2025-05-11T12:00:00+00:00,2025-05-15T08:00:00+00:00,1.6143228e-05,1.47556197143e-05,20.0,-1.7191,,stop,23
SHIBUSDT,book,2025-05-15T12:00:00+00:00,2025-05-25T12:00:00+00:00,1.5033006e-05,1.39643494286e-05,20.0,-1.4217,,stop,60
SHIBUSDT,book,2025-05-25T20:00:00+00:00,2025-05-30T00:00:00+00:00,1.4162832e-05,1.34658777143e-05,20.0,-0.9842,,stop,25
SHIBUSDT,book,2025-05-30T08:00:00+00:00,2025-05-31T00:00:00+00:00,1.3362672e-05,1.24566087513e-05,20.0,-1.3561,,stop,4
SHIBUSDT,book,2025-05-31T08:00:00+00:00,2025-06-13T00:00:00+00:00,1.255251e-05,1.2017596e-05,20.0,-0.8523,,stop,76
SHIBUSDT,book,2025-06-13T12:00:00+00:00,2025-06-21T20:00:00+00:00,1.180236e-05,1.0875184528e-05,20.0,-1.5712,,stop,50
SHIBUSDT,book,2025-06-22T08:00:00+00:00,2025-06-22T16:00:00+00:00,1.0882176e-05,1.02497684934e-05,20.0,-1.1623,,stop,2
SHIBUSDT,book,2025-06-23T00:00:00+00:00,2025-07-15T00:00:00+00:00,1.0592118e-05,1.29259857143e-05,20.0,4.4068,,stop,132
SHIBUSDT,book,2025-07-15T04:00:00+00:00,2025-07-18T20:00:00+00:00,1.2882576e-05,1.4457108e-05,20.0,2.4444,,stop,22
SHIBUSDT,book,2025-07-19T04:00:00+00:00,2025-07-23T20:00:00+00:00,1.510302e-05,1.35735190389e-05,20.0,-2.0254,,stop,28
SHIBUSDT,book,2025-07-24T00:00:00+00:00,2025-07-30T16:00:00+00:00,1.385277e-05,1.25288351603e-05,20.0,-1.9114,,stop,40
SHIBUSDT,book,2025-07-30T20:00:00+00:00,2025-08-01T20:00:00+00:00,1.2772554e-05,1.18005505606e-05,20.0,-1.522,,stop,12
SHIBUSDT,book,2025-08-02T04:00:00+00:00,2025-08-12T08:00:00+00:00,1.220244e-05,1.2737452e-05,20.0,0.8769,,stop,61
SHIBUSDT,book,2025-08-12T16:00:00+00:00,2025-08-14T12:00:00+00:00,1.3432686e-05,1.27617328571e-05,20.0,-0.999,,stop,11
SHIBUSDT,book,2025-08-15T00:00:00+00:00,2025-08-25T20:00:00+00:00,1.2892578e-05,1.20618728571e-05,20.0,-1.2887,,stop,65
SHIBUSDT,book,2025-08-26T04:00:00+00:00,2025-09-14T12:00:00+00:00,1.2122424e-05,1.35287222857e-05,20.0,2.3202,,stop,116
SHIBUSDT,book,2025-09-14T16:00:00+00:00,2025-09-22T00:00:00+00:00,1.3592718e-05,1.26509015993e-05,20.0,-1.3858,,stop,44
SHIBUSDT,book,2025-09-22T08:00:00+00:00,2025-09-25T16:00:00+00:00,1.2042408e-05,1.15591162857e-05,20.0,-0.8026,,stop,20
SHIBUSDT,book,2025-09-25T20:00:00+00:00,2025-10-08T00:00:00+00:00,1.1772354e-05,1.21190042857e-05,20.0,0.5889,,stop,73
SHIBUSDT,book,2025-10-08T08:00:00+00:00,2025-10-10T12:00:00+00:00,1.2142428e-05,1.15401195144e-05,20.0,-0.9921,,stop,13
SHIBUSDT,book,2025-10-11T00:00:00+00:00,2025-11-03T12:00:00+00:00,9.741948e-06,8.95106657143e-06,20.0,-1.6237,,stop,141
SHIBUSDT,book,2025-11-03T20:00:00+00:00,2025-11-04T16:00:00+00:00,9.261852e-06,8.67083177246e-06,20.0,-1.2762,,stop,5
SHIBUSDT,book,2025-11-05T00:00:00+00:00,2025-11-14T20:00:00+00:00,8.841768e-06,8.90536142857e-06,20.0,0.1438,,stop,59
SHIBUSDT,book,2025-11-15T04:00:00+00:00,2025-11-17T16:00:00+00:00,9.20184e-06,8.50549570343e-06,20.0,-1.5135,,stop,15
SHIBUSDT,book,2025-11-18T00:00:00+00:00,2025-11-20T16:00:00+00:00,8.591718e-06,8.15551142857e-06,20.0,-1.0154,,stop,16
SHIBUSDT,book,2025-11-21T16:00:00+00:00,2025-12-01T00:00:00+00:00,7.80156e-06,7.95697971429e-06,20.0,0.3984,,stop,56
SHIBUSDT,book,2025-12-01T08:00:00+00:00,2025-12-03T20:00:00+00:00,8.0016e-06,8.96677771429e-06,20.0,2.4125,,stop,15
SHIBUSDT,book,2025-12-04T00:00:00+00:00,2025-12-05T08:00:00+00:00,8.971794e-06,8.3826171412e-06,20.0,-1.3134,,stop,8
SHIBUSDT,book,2025-12-06T00:00:00+00:00,2025-12-11T00:00:00+00:00,8.30166e-06,8.25691971429e-06,20.0,-0.1078,,stop,30
SHIBUSDT,book,2025-12-11T08:00:00+00:00,2025-12-15T16:00:00+00:00,8.291658e-06,7.758448e-06,20.0,-1.2861,,stop,26
SHIBUSDT,book,2025-12-16T00:00:00+00:00,2025-12-17T16:00:00+00:00,7.90158e-06,7.537572184e-06,20.0,-0.9214,,stop,10
SHIBUSDT,book,2025-12-18T08:00:00+00:00,2025-12-18T16:00:00+00:00,7.45149e-06,7.05186505914e-06,20.0,-1.0726,,stop,2
SHIBUSDT,book,2025-12-19T04:00:00+00:00,2025-12-31T16:00:00+00:00,7.271454e-06,6.89862e-06,20.0,-1.0255,,stop,75
SHIBUSDT,book,2026-01-01T00:00:00+00:00,2026-01-03T04:00:00+00:00,6.911382e-06,7.90270485714e-06,20.0,2.8687,,stop,13
SHIBUSDT,book,2026-01-04T00:00:00+00:00,2026-01-05T20:00:00+00:00,8.091618e-06,9.188162e-06,20.0,2.7103,,stop,11
SHIBUSDT,book,2026-01-06T20:00:00+00:00,2026-01-19T00:00:00+00:00,8.941788e-06,7.93841428526e-06,20.0,-2.2442,,stop,73
SHIBUSDT,book,2026-01-19T12:00:00+00:00,2026-01-25T16:00:00+00:00,7.871574e-06,7.51992428571e-06,20.0,-0.8935,,stop,37
SHIBUSDT,book,2026-01-25T20:00:00+00:00,2026-01-29T12:00:00+00:00,7.411482e-06,7.42137257143e-06,20.0,0.0267,,stop,22
SHIBUSDT,book,2026-01-30T00:00:00+00:00,2026-01-31T12:00:00+00:00,7.361472e-06,6.97436256274e-06,20.0,-1.0517,,stop,9
SHIBUSDT,book,2026-01-31T16:00:00+00:00,2026-01-31T16:00:00+00:00,6.821364e-06,6.34152401291e-06,20.0,-1.4069,,stop,0
SHIBUSDT,book,2026-02-01T00:00:00+00:00,2026-02-05T08:00:00+00:00,6.80136e-06,6.20726115657e-06,20.0,-1.747,,stop,26
SHIBUSDT,book,2026-02-05T20:00:00+00:00,2026-02-06T00:00:00+00:00,5.85117e-06,5.16620798029e-06,20.0,-2.3413,,stop,1
SHIBUSDT,book,2026-02-06T04:00:00+00:00,2026-02-23T00:00:00+00:00,5.731146e-06,6.068786e-06,20.0,1.1783,,stop,101
SHIBUSDT,book,2026-02-23T08:00:00+00:00,2026-02-26T08:00:00+00:00,6.081216e-06,6.09306685714e-06,20.0,0.039,,stop,18
SHIBUSDT,book,2026-02-27T08:00:00+00:00,2026-02-28T04:00:00+00:00,6.061212e-06,5.64044082903e-06,20.0,-1.3884,,stop,5
SHIBUSDT,book,2026-02-28T12:00:00+00:00,2026-03-03T04:00:00+00:00,5.45109e-06,5.38178057143e-06,20.0,-0.2543,,stop,16
SHIBUSDT,book,2026-03-03T16:00:00+00:00,2026-03-18T12:00:00+00:00,5.461092e-06,5.77027428571e-06,20.0,1.1323,,stop,89
SHIBUSDT,book,2026-03-18T20:00:00+00:00,2026-03-22T20:00:00+00:00,5.771154e-06,5.66458114286e-06,20.0,-0.3693,,stop,24
SHIBUSDT,book,2026-03-23T00:00:00+00:00,2026-03-26T16:00:00+00:00,5.711142e-06,5.84454514286e-06,20.0,0.4672,,stop,22
SHIBUSDT,book,2026-03-26T20:00:00+00:00,2026-04-19T00:00:00+00:00,5.861172e-06,6.02736571429e-06,20.0,0.5671,,stop,139
SHIBUSDT,book,2026-04-19T04:00:00+00:00,2026-04-29T16:00:00+00:00,6.021204e-06,6.07735571429e-06,20.0,0.1865,,stop,63
SHIBUSDT,book,2026-04-30T00:00:00+00:00,2026-05-13T12:00:00+00:00,6.161232e-06,6.19876e-06,20.0,0.1218,,stop,81
SHIBUSDT,book,2026-05-13T16:00:00+00:00,2026-05-16T04:00:00+00:00,6.221244e-06,5.99451514286e-06,20.0,-0.7289,,stop,15
SHIBUSDT,book,2026-05-16T08:00:00+00:00,2026-05-17T20:00:00+00:00,5.981196e-06,5.70326940366e-06,20.0,-0.9293,,stop,9
SHIBUSDT,book,2026-05-18T00:00:00+00:00,2026-05-23T04:00:00+00:00,5.741148e-06,5.518896e-06,20.0,-0.7742,,stop,31
SHIBUSDT,book,2026-05-23T16:00:00+00:00,2026-05-28T00:00:00+00:00,5.60112e-06,5.37606742857e-06,20.0,-0.8036,,stop,26
SHIBUSDT,book,2026-05-28T08:00:00+00:00,2026-06-02T16:00:00+00:00,5.311062e-06,5.21324285714e-06,20.0,-0.3684,,stop,32
SHIBUSDT,book,2026-06-03T08:00:00+00:00,2026-06-04T00:00:00+00:00,5.30106e-06,4.962567288e-06,20.0,-1.2771,,stop,4
SHIBUSDT,book,2026-06-04T04:00:00+00:00,2026-06-05T04:00:00+00:00,5.141028e-06,4.76150408011e-06,20.0,-1.4765,,stop,6
SHIBUSDT,book,2026-06-05T16:00:00+00:00,2026-06-23T04:00:00+00:00,4.560912e-06,4.539092e-06,20.0,-0.0957,,stop,105
SHIBUSDT,book,2026-06-23T12:00:00+00:00,2026-06-24T12:00:00+00:00,4.520904e-06,4.35627142857e-06,20.0,-0.7283,,stop,6
SHIBUSDT,book,2026-06-24T16:00:00+00:00,2026-06-25T12:00:00+00:00,4.360872e-06,4.14040089703e-06,20.0,-1.0111,,stop,5
SHIBUSDT,book,2026-06-25T20:00:00+00:00,2026-07-13T20:00:00+00:00,4.180836e-06,4.08489714286e-06,20.0,-0.4589,,stop,108
SHIBUSDT,book,2026-07-14T00:00:00+00:00,2026-07-17T04:00:00+00:00,4.160832e-06,4.09203857143e-06,20.0,-0.3307,,stop,19
SHIBUSDT,book,2026-07-17T12:00:00+00:00,2026-07-25T20:00:00+00:00,4.140828e-06,4.87331085714e-06,20.0,3.5379,,stop,50
SHIBUSDT,book,2026-07-26T04:00:00+00:00,2026-07-26T12:00:00+00:00,5.421084e-06,5.09183857143e-06,20.0,-1.2147,,stop,2
SHIBUSDT,book,2026-07-27T08:00:00+00:00,2026-08-12T20:00:00+00:00,5.20104e-06,4.39301836343e-06,20.0,-3.1072,,stop,99
SHIBUSDT,book,2026-08-13T04:00:00+00:00,2026-08-16T20:00:00+00:00,4.440888e-06,4.37341085714e-06,20.0,-0.3039,,stop,22
SHIBUSDT,book,2026-08-17T04:00:00+00:00,2026-08-22T00:00:00+00:00,4.45089e-06,5.89882e-06,20.0,6.5062,,stop,29
SHIBUSDT,book,2026-08-22T04:00:00+00:00,2026-08-22T04:00:00+00:00,6.05121e-06,5.45726118657e-06,20.0,-1.9631,,stop,0
SHIBUSDT,book,2026-08-22T20:00:00+00:00,2026-08-30T20:00:00+00:00,5.521104e-06,4.959008e-06,20.0,-2.0362,,eod,48
SOLUSDT,book,2024-01-03T12:00:00+00:00,2024-01-03T12:00:00+00:00,103.440684,93.9540322918,20.0,-1.8342,,stop,0
SOLUSDT,book,2024-01-03T16:00:00+00:00,2024-01-07T20:00:00+00:00,102.050406,89.7199584188,20.0,-2.4165,,stop,25
SOLUSDT,book,2024-01-08T00:00:00+00:00,2024-01-12T20:00:00+00:00,89.457888,92.2329782857,20.0,0.6204,,stop,29
SOLUSDT,book,2024-01-13T08:00:00+00:00,2024-01-19T16:00:00+00:00,92.578512,87.2068408571,20.0,-1.1605,,stop,38
SOLUSDT,book,2024-01-19T20:00:00+00:00,2024-01-22T16:00:00+00:00,94.138824,85.3074733781,20.0,-1.8762,,stop,17
SOLUSDT,book,2024-01-23T00:00:00+00:00,2024-01-31T20:00:00+00:00,83.856768,96.5592557143,20.0,3.0296,,stop,53
SOLUSDT,book,2024-02-01T00:00:00+00:00,2024-02-17T12:00:00+00:00,96.979392,105.705997429,20.0,1.7997,,stop,99
SOLUSDT,book,2024-02-17T16:00:00+00:00,2024-02-20T12:00:00+00:00,107.211438,103.532146571,20.0,-0.6864,,stop,17
SOLUSDT,book,2024-02-20T16:00:00+00:00,2024-02-23T16:00:00+00:00,106.641324,99.2357585923,20.0,-1.3889,,stop,18
SOLUSDT,book,2024-02-23T20:00:00+00:00,2024-02-29T20:00:00+00:00,101.42028,123.342469429,20.0,4.323,,stop,36
SOLUSDT,book,2024-03-02T04:00:00+00:00,2024-03-05T16:00:00+00:00,130.086012,116.650950857,20.0,-2.0656,,stop,21
SOLUSDT,book,2024-03-06T00:00:00+00:00,2024-03-19T00:00:00+00:00,125.335062,180.875246286,20.0,8.8627,,stop,78
SOLUSDT,book,2024-03-19T04:00:00+00:00,2024-04-10T12:00:00+00:00,184.246842,163.190212571,20.0,-2.2857,,stop,134
SOLUSDT,book,2024-04-10T16:00:00+00:00,2024-04-12T16:00:00+00:00,167.953584,158.156933714,20.0,-1.1666,,stop,12
SOLUSDT,book,2024-04-13T00:00:00+00:00,2024-04-13T16:00:00+00:00,153.190632,138.412943874,20.0,-1.9293,,stop,4
SOLUSDT,book,2024-04-14T00:00:00+00:00,2024-04-30T16:00:00+00:00,138.497694,124.977856571,20.0,-1.9524,,stop,100
SOLUSDT,book,2024-05-01T00:00:00+00:00,2024-05-08T20:00:00+00:00,126.785352,142.124426571,20.0,2.4197,,stop,47
SOLUSDT,book,2024-05-09T00:00:00+00:00,2024-05-13T00:00:00+00:00,142.198434,138.330899714,20.0,-0.544,,stop,24
SOLUSDT,book,2024-05-13T08:00:00+00:00,2024-05-21T16:00:00+00:00,143.588712,175.843395714,20.0,4.4926,,stop,50
SOLUSDT,book,2024-05-21T20:00:00+00:00,2024-05-24T08:00:00+00:00,175.355064,163.572993143,20.0,-1.3438,,stop,15
SOLUSDT,book,2024-05-24T12:00:00+00:00,2024-06-11T12:00:00+00:00,166.373268,150.939502632,20.0,-1.8553,,stop,108
SOLUSDT,book,2024-06-11T20:00:00+00:00,2024-06-13T12:00:00+00:00,149.249844,147.633324571,20.0,-0.2166,,stop,10
SOLUSDT,book,2024-06-14T08:00:00+00:00,2024-06-18T00:00:00+00:00,147.649524,137.188152309,20.0,-1.4171,,stop,22
SOLUSDT,book,2024-06-18T08:00:00+00:00,2024-06-24T04:00:00+00:00,136.737342,125.724692032,20.0,-1.6108,,stop,35
SOLUSDT,book,2024-06-24T12:00:00+00:00,2024-06-28T12:00:00+00:00,127.085412,142.124426571,20.0,2.3668,,stop,24
SOLUSDT,book,2024-06-29T08:00:00+00:00,2024-07-03T16:00:00+00:00,142.0284,139.560653714,20.0,-0.3475,,stop,26
SOLUSDT,book,2024-07-04T00:00:00+00:00,2024-07-04T12:00:00+00:00,140.868168,131.375816152,20.0,-1.3477,,stop,3
SOLUSDT,book,2024-07-04T16:00:00+00:00,2024-07-05T00:00:00+00:00,135.42708,123.72375887,20.0,-1.7284,,stop,2
SOLUSDT,book,2024-07-05T08:00:00+00:00,2024-07-31T20:00:00+00:00,126.745344,172.702595429,20.0,7.2519,,stop,159
SOLUSDT,book,2024-08-01T00:00:00+00:00,2024-08-01T16:00:00+00:00,171.73434,160.057679203,20.0,-1.3599,,stop,4
SOLUSDT,book,2024-08-01T20:00:00+00:00,2024-08-03T00:00:00+00:00,162.422478,149.785372076,20.0,-1.5561,,stop,7
SOLUSDT,book,2024-08-03T04:00:00+00:00,2024-08-04T12:00:00+00:00,153.590712,137.507847786,20.0,-2.0942,,stop,8
SOLUSDT,book,2024-08-04T20:00:00+00:00,2024-08-05T00:00:00+00:00,142.018398,125.264768606,20.0,-2.3594,,stop,1
SOLUSDT,book,2024-08-05T16:00:00+00:00,2024-09-04T00:00:00+00:00,130.47609,124.069466857,20.0,-0.982,,stop,176
SOLUSDT,book,2024-09-04T04:00:00+00:00,2024-10-01T16:00:00+00:00,127.72554,145.645150857,20.0,2.806,,stop,165
SOLUSDT,book,2024-10-01T20:00:00+00:00,2024-10-03T08:00:00+00:00,145.449084,135.505905969,20.0,-1.3672,,stop,9
SOLUSDT,book,2024-10-03T20:00:00+00:00,2024-11-02T12:00:00+00:00,137.337462,162.76744,20.0,3.7033,,stop,178
SOLUSDT,book,2024-11-02T16:00:00+00:00,2024-11-10T20:00:00+00:00,163.852764,200.147105429,20.0,4.4301,,stop,49
SOLUSDT,book,2024-11-11T00:00:00+00:00,2024-11-13T04:00:00+00:00,210.112014,201.078347714,20.0,-0.8599,,stop,13
SOLUSDT,book,2024-11-13T16:00:00+00:00,2024-11-26T08:00:00+00:00,216.433278,230.569591143,20.0,1.3063,,stop,76
SOLUSDT,book,2024-11-26T12:00:00+00:00,2024-12-09T20:00:00+00:00,227.775546,214.454243429,20.0,-1.1697,,stop,80
SOLUSDT,book,2024-12-10T00:00:00+00:00,2024-12-18T20:00:00+00:00,216.663324,209.879444286,20.0,-0.6262,,stop,53
SOLUSDT,book,2024-12-19T04:00:00+00:00,2024-12-19T16:00:00+00:00,208.89177,192.267594503,20.0,-1.5917,,stop,3
SOLUSDT,book,2024-12-20T00:00:00+00:00,2025-01-08T16:00:00+00:00,193.858764,191.704508571,20.0,-0.2222,,stop,118
SOLUSDT,book,2025-01-09T12:00:00+00:00,2025-01-13T08:00:00+00:00,191.208234,178.040475925,20.0,-1.3773,,stop,23
SOLUSDT,book,2025-01-13T16:00:00+00:00,2025-01-18T16:00:00+00:00,178.845762,242.765722857,20.0,7.1481,,stop,30
SOLUSDT,book,2025-01-19T08:00:00+00:00,2025-01-19T20:00:00+00:00,271.574304,244.598213429,20.0,-1.9866,,stop,3
SOLUSDT,book,2025-01-20T00:00:00+00:00,2025-02-02T16:00:00+00:00,252.45048,204.55598919,20.0,-3.7944,,stop,82
SOLUSDT,book,2025-02-03T08:00:00+00:00,2025-02-17T08:00:00+00:00,199.129818,180.553882,20.0,-1.8657,,stop,84
SOLUSDT,book,2025-02-17T12:00:00+00:00,2025-02-17T16:00:00+00:00,184.28685,175.508884059,20.0,-0.9526,,stop,1
SOLUSDT,book,2025-02-18T00:00:00+00:00,2025-02-18T04:00:00+00:00,177.565506,167.19991647,20.0,-1.1675,,stop,1
SOLUSDT,book,2025-02-18T12:00:00+00:00,2025-02-24T04:00:00+00:00,168.743742,158.585419429,20.0,-1.204,,stop,34
SOLUSDT,book,2025-02-24T12:00:00+00:00,2025-02-24T12:00:00+00:00,159.301854,150.680640415,20.0,-1.0824,,stop,0
SOLUSDT,book,2025-02-25T12:00:00+00:00,2025-03-03T16:00:00+00:00,141.298254,153.916353429,20.0,1.786,,stop,37
SOLUSDT,book,2025-03-04T00:00:00+00:00,2025-03-10T16:00:00+00:00,142.188432,117.798796099,20.0,-3.4306,,stop,40
SOLUSDT,book,2025-03-11T04:00:00+00:00,2025-03-29T00:00:00+00:00,119.97399,126.903185714,20.0,1.1551,,stop,107
SOLUSDT,book,2025-03-29T16:00:00+00:00,2025-04-02T20:00:00+00:00,126.345264,119.877448286,20.0,-1.0238,,stop,25
SOLUSDT,book,2025-04-03T04:00:00+00:00,2025-04-06T16:00:00+00:00,119.833962,108.940740922,20.0,-1.8181,,stop,21
SOLUSDT,book,2025-04-06T20:00:00+00:00,2025-04-07T04:00:00+00:00,108.101616,99.7584460339,20.0,-1.5436,,stop,2
SOLUSDT,book,2025-04-07T12:00:00+00:00,2025-04-30T12:00:00+00:00,100.32006,141.548827429,20.0,8.2194,,stop,138
SOLUSDT,book,2025-04-30T16:00:00+00:00,2025-05-13T00:00:00+00:00,142.238442,167.475069714,20.0,3.5485,,stop,74
SOLUSDT,book,2025-05-13T08:00:00+00:00,2025-05-19T04:00:00+00:00,171.524298,163.050240571,20.0,-0.9881,,stop,35
SOLUSDT,book,2025-05-19T12:00:00+00:00,2025-05-29T16:00:00+00:00,162.222438,168.479154571,20.0,0.7714,,stop,61
SOLUSDT,book,2025-05-29T20:00:00+00:00,2025-05-30T16:00:00+00:00,166.863366,158.55486297,20.0,-0.9958,,stop,5
SOLUSDT,book,2025-05-30T20:00:00+00:00,2025-06-01T08:00:00+00:00,160.842162,150.829847139,20.0,-1.245,,stop,9
SOLUSDT,book,2025-06-01T16:00:00+00:00,2025-06-05T12:00:00+00:00,154.210836,149.195869143,20.0,-0.6504,,stop,23
SOLUSDT,book,2025-06-05T16:00:00+00:00,2025-06-05T20:00:00+00:00,150.93018,143.183680393,20.0,-1.0265,,stop,1
SOLUSDT,book,2025-06-06T04:00:00+00:00,2025-06-12T16:00:00+00:00,146.869368,154.617641714,20.0,1.0551,,stop,39
SOLUSDT,book,2025-06-13T04:00:00+00:00,2025-06-20T16:00:00+00:00,144.788952,141.648807429,20.0,-0.4338,,stop,45
SOLUSDT,book,2025-06-21T00:00:00+00:00,2025-06-21T20:00:00+00:00,140.138022,132.031253324,20.0,-1.157,,stop,5
SOLUSDT,book,2025-06-22T08:00:00+00:00,2025-07-01T16:00:00+00:00,134.846964,145.52089,20.0,1.5831,,stop,56
SOLUSDT,book,2025-07-02T00:00:00+00:00,2025-07-23T12:00:00+00:00,146.899374,192.455786857,20.0,6.2024,,stop,129
SOLUSDT,book,2025-07-23T16:00:00+00:00,2025-07-25T00:00:00+00:00,192.758544,176.826743005,20.0,-1.653,,stop,8
SOLUSDT,book,2025-07-25T04:00:00+00:00,2025-08-01T00:00:00+00:00,177.755544,169.56608,20.0,-0.9214,,stop,41
SOLUSDT,book,2025-08-01T04:00:00+00:00,2025-08-01T20:00:00+00:00,171.174228,160.66351744,20.0,-1.2281,,stop,4
SOLUSDT,book,2025-08-02T04:00:00+00:00,2025-08-14T12:00:00+00:00,164.402874,193.469869714,20.0,3.5361,,stop,74
SOLUSDT,book,2025-08-14T16:00:00+00:00,2025-08-19T16:00:00+00:00,194.898972,177.108186134,20.0,-1.8256,,stop,30
SOLUSDT,book,2025-08-20T04:00:00+00:00,2025-08-25T08:00:00+00:00,180.526098,196.454986857,20.0,1.7647,,stop,31
SOLUSDT,book,2025-08-25T12:00:00+00:00,2025-09-22T04:00:00+00:00,197.579508,227.618752857,20.0,3.0407,,stop,166
SOLUSDT,book,2025-09-22T08:00:00+00:00,2025-09-24T00:00:00+00:00,221.924376,211.578480411,20.0,-0.9324,,stop,10
SOLUSDT,book,2025-09-24T08:00:00+00:00,2025-09-25T16:00:00+00:00,210.672126,194.376100146,20.0,-1.5471,,stop,8
SOLUSDT,book,2025-09-25T20:00:00+00:00,2025-10-10T12:00:00+00:00,198.129618,216.166758,20.0,1.8207,,stop,88
SOLUSDT,book,2025-10-10T16:00:00+00:00,2025-10-10T20:00:00+00:00,210.732138,196.751708358,20.0,-1.3268,,stop,1
SOLUSDT,book,2025-10-11T04:00:00+00:00,2025-10-17T08:00:00+00:00,184.896972,177.143135714,20.0,-0.8387,,stop,37
SOLUSDT,book,2025-10-17T12:00:00+00:00,2025-11-03T00:00:00+00:00,181.476288,178.308616857,20.0,-0.3491,,stop,99
SOLUSDT,book,2025-11-04T04:00:00+00:00,2025-11-04T16:00:00+00:00,167.693532,155.662393294,20.0,-1.4349,,stop,3
SOLUSDT,book,2025-11-05T00:00:00+00:00,2025-11-13T16:00:00+00:00,155.071008,143.934064571,20.0,-1.4364,,stop,52
SOLUSDT,book,2025-11-14T00:00:00+00:00,2025-11-17T16:00:00+00:00,144.768948,133.260147782,20.0,-1.59,,stop,22
SOLUSDT,book,2025-11-18T00:00:00+00:00,2025-11-21T04:00:00+00:00,131.0262,129.276996571,20.0,-0.267,,stop,19
SOLUSDT,book,2025-11-21T16:00:00+00:00,2025-12-15T16:00:00+00:00,125.42508,124.907870571,20.0,-0.0825,,stop,144
SOLUSDT,book,2025-12-16T00:00:00+00:00,2025-12-17T16:00:00+00:00,127.835562,122.82543,20.0,-0.7838,,stop,10
SOLUSDT,book,2025-12-18T00:00:00+00:00,2026-01-19T00:00:00+00:00,123.304656,135.147250857,20.0,1.9209,,stop,192
SOLUSDT,book,2026-01-19T04:00:00+00:00,2026-01-20T08:00:00+00:00,133.956786,129.029189286,20.0,-0.7357,,stop,7
SOLUSDT,book,2026-01-21T00:00:00+00:00,2026-01-25T16:00:00+00:00,125.835162,121.391431143,20.0,-0.7063,,stop,28
SOLUSDT,book,2026-01-26T00:00:00+00:00,2026-01-29T12:00:00+00:00,118.87377,121.387146286,20.0,0.4229,,stop,21
SOLUSDT,book,2026-01-29T16:00:00+00:00,2026-01-31T12:00:00+00:00,117.713538,111.971496364,20.0,-0.9756,,stop,11
SOLUSDT,book,2026-02-01T00:00:00+00:00,2026-02-04T12:00:00+00:00,105.601116,94.6714636339,20.0,-2.07,,stop,21
SOLUSDT,book,2026-02-04T20:00:00+00:00,2026-02-05T12:00:00+00:00,94.398876,85.8388476534,20.0,-1.8136,,stop,4
SOLUSDT,book,2026-02-06T04:00:00+00:00,2026-04-02T12:00:00+00:00,76.725342,77.904416,20.0,0.3073,,stop,332
SOLUSDT,book,2026-04-02T16:00:00+00:00,2026-04-29T16:00:00+00:00,79.045806,82.1792751429,20.0,0.7928,,stop,162
SOLUSDT,book,2026-04-30T00:00:00+00:00,2026-05-12T12:00:00+00:00,83.06661,93.8855048571,20.0,2.6049,,stop,75
SOLUSDT,book,2026-05-12T16:00:00+00:00,2026-05-15T12:00:00+00:00,93.86877,88.9973955317,20.0,-1.0379,,stop,17
SOLUSDT,book,2026-05-15T16:00:00+00:00,2026-05-17T20:00:00+00:00,89.057808,84.822982867,20.0,-0.951,,stop,13
SOLUSDT,book,2026-05-18T12:00:00+00:00,2026-05-23T04:00:00+00:00,84.986994,82.9291251429,20.0,-0.4843,,stop,28
SOLUSDT,book,2026-05-23T12:00:00+00:00,2026-05-28T00:00:00+00:00,82.31646,81.6208154286,20.0,-0.169,,stop,27
SOLUSDT,book,2026-05-28T08:00:00+00:00,2026-06-02T12:00:00+00:00,81.276252,77.804436,20.0,-0.8543,,stop,31
SOLUSDT,book,2026-06-03T00:00:00+00:00,2026-06-04T00:00:00+00:00,74.244846,69.4398838165,20.0,-1.2944,,stop,6
SOLUSDT,book,2026-06-04T04:00:00+00:00,2026-06-05T04:00:00+00:00,71.504298,65.2662421404,20.0,-1.7448,,stop,6
SOLUSDT,book,2026-06-05T12:00:00+00:00,2026-06-24T16:00:00+00:00,66.093216,66.396718,20.0,0.0918,,stop,115
SOLUSDT,book,2026-06-25T00:00:00+00:00,2026-07-08T08:00:00+00:00,68.133624,77.2188388571,20.0,2.6669,,stop,80
SOLUSDT,book,2026-07-08T12:00:00+00:00,2026-07-17T12:00:00+00:00,77.575512,73.7625422547,20.0,-0.983,,stop,54
SOLUSDT,book,2026-07-17T20:00:00+00:00,2026-07-24T12:00:00+00:00,75.21504,74.4279685714,20.0,-0.2093,,stop,40
SOLUSDT,book,2026-07-24T20:00:00+00:00,2026-07-28T00:00:00+00:00,73.984794,73.1767902857,20.0,-0.2184,,stop,19
SOLUSDT,book,2026-07-28T08:00:00+00:00,2026-08-01T16:00:00+00:00,73.304658,71.03579,20.0,-0.619,,stop,26
SOLUSDT,book,2026-08-01T20:00:00+00:00,2026-08-11T12:00:00+00:00,71.274252,74.705056,20.0,0.9627,,stop,58
SOLUSDT,book,2026-08-11T20:00:00+00:00,2026-08-22T04:00:00+00:00,75.685134,93.9369231429,20.0,4.8231,,stop,62
SOLUSDT,book,2026-08-23T08:00:00+00:00,2026-08-30T20:00:00+00:00,92.498496,101.72965,20.0,1.996,,eod,45
TONUSDT,book,2024-08-12T08:00:00+00:00,2024-08-15T00:00:00+00:00,6.2952588,6.713657,20.0,1.3292,,stop,16
TONUSDT,book,2024-08-15T16:00:00+00:00,2024-08-24T20:00:00+00:00,6.7033404,6.27188822857,20.0,-1.2873,,stop,55
TONUSDT,book,2024-08-25T04:00:00+00:00,2024-08-25T08:00:00+00:00,5.8201638,5.26839562438,20.0,-1.8961,,stop,1
TONUSDT,book,2024-08-25T12:00:00+00:00,2024-09-03T12:00:00+00:00,5.6751348,4.96039252304,20.0,-2.5189,,stop,54
TONUSDT,book,2024-09-03T20:00:00+00:00,2024-09-04T00:00:00+00:00,4.9639926,4.63324433719,20.0,-1.3326,,stop,1
TONUSDT,book,2024-09-04T04:00:00+00:00,2024-10-01T12:00:00+00:00,4.7919582,5.55317485714,20.0,3.1771,,stop,164
TONUSDT,book,2024-10-01T16:00:00+00:00,2024-10-03T08:00:00+00:00,5.4690936,5.13592335271,20.0,-1.2184,,stop,10
TONUSDT,book,2024-10-03T16:00:00+00:00,2024-10-25T20:00:00+00:00,5.271054,4.86097446777,20.0,-1.556,,stop,133
TONUSDT,book,2024-10-26T00:00:00+00:00,2024-10-31T16:00:00+00:00,4.7769552,4.78518562857,20.0,0.0345,,stop,34
TONUSDT,book,2024-11-01T00:00:00+00:00,2024-11-03T12:00:00+00:00,4.8479694,4.66963731429,20.0,-0.7357,,stop,15
TONUSDT,book,2024-11-03T20:00:00+00:00,2024-11-05T04:00:00+00:00,4.7899578,4.61779054286,20.0,-0.7189,,stop,8
TONUSDT,book,2024-11-05T12:00:00+00:00,2024-11-07T04:00:00+00:00,4.6119222,4.91558811429,20.0,1.3169,,stop,10
TONUSDT,book,2024-11-07T20:00:00+00:00,2024-11-13T20:00:00+00:00,4.9199838,5.12983097143,20.0,0.853,,stop,36
TONUSDT,book,2024-11-14T00:00:00+00:00,2024-11-26T08:00:00+00:00,5.2590516,5.73670957143,20.0,1.8165,,stop,74
TONUSDT,book,2024-11-26T12:00:00+00:00,2024-12-09T20:00:00+00:00,5.831166,6.13591542857,20.0,1.0452,,stop,80
TONUSDT,book,2024-12-10T00:00:00+00:00,2024-12-18T04:00:00+00:00,5.7791556,5.69414665714,20.0,-0.2942,,stop,49
TONUSDT,book,2024-12-18T12:00:00+00:00,2024-12-18T20:00:00+00:00,5.761152,5.34615398389,20.0,-1.4407,,stop,2
TONUSDT,book,2024-12-19T00:00:00+00:00,2024-12-20T08:00:00+00:00,5.4400878,5.00533653244,20.0,-1.5983,,stop,8
TONUSDT,book,2024-12-20T16:00:00+00:00,2025-01-13T08:00:00+00:00,5.331066,5.06155891429,20.0,-1.0111,,stop,142
TONUSDT,book,2025-01-13T16:00:00+00:00,2025-01-18T16:00:00+00:00,5.2030404,5.23709522857,20.0,0.1309,,stop,30
TONUSDT,book,2025-01-18T20:00:00+00:00,2025-01-19T08:00:00+00:00,5.2580514,4.98955328972,20.0,-1.0213,,stop,3
TONUSDT,book,2025-01-19T16:00:00+00:00,2025-01-19T20:00:00+00:00,5.1470292,4.8178511513,20.0,-1.2791,,stop,1
TONUSDT,book,2025-01-20T04:00:00+00:00,2025-01-27T04:00:00+00:00,4.9369872,4.70691557143,20.0,-0.932,,stop,42
TONUSDT,book,2025-01-27T08:00:00+00:00,2025-02-01T20:00:00+00:00,4.7969592,4.73391017143,20.0,-0.2629,,stop,33
TONUSDT,book,2025-02-02T08:00:00+00:00,2025-02-02T16:00:00+00:00,4.5799158,4.3360127097,20.0,-1.0651,,stop,2
TONUSDT,book,2025-02-03T08:00:00+00:00,2025-03-03T20:00:00+00:00,3.8677734,3.06019695246,20.0,-4.1759,,stop,171
TONUSDT,book,2025-03-04T08:00:00+00:00,2025-03-09T16:00:00+00:00,3.0296058,2.72588328571,20.0,-2.005,,stop,32
TONUSDT,book,2025-03-10T00:00:00+00:00,2025-03-10T16:00:00+00:00,2.65053,2.5364926,20.0,-0.8605,,stop,4
TONUSDT,book,2025-03-11T04:00:00+00:00,2025-03-29T08:00:00+00:00,2.5335066,3.66769488571,20.0,8.9535,,stop,109
TONUSDT,book,2025-03-29T12:00:00+00:00,2025-04-03T08:00:00+00:00,3.6737346,3.70997214286,20.0,0.1973,,stop,29
TONUSDT,book,2025-04-03T12:00:00+00:00,2025-04-04T08:00:00+00:00,3.6927384,3.44472788803,20.0,-1.3432,,stop,5
TONUSDT,book,2025-04-04T16:00:00+00:00,2025-04-06T16:00:00+00:00,3.4096818,3.12548514935,20.0,-1.667,,stop,12
TONUSDT,book,2025-04-07T12:00:00+00:00,2025-05-15T08:00:00+00:00,3.0066012,3.11609094286,20.0,0.7283,,stop,227
TONUSDT,book,2025-05-15T16:00:00+00:00,2025-05-19T12:00:00+00:00,3.1216242,2.89961558945,20.0,-1.4224,,stop,23
TONUSDT,book,2025-05-19T20:00:00+00:00,2025-05-28T16:00:00+00:00,3.0126024,3.37418217143,20.0,2.4004,,stop,53
TONUSDT,book,2025-05-30T04:00:00+00:00,2025-06-13T00:00:00+00:00,3.3046608,2.93050315355,20.0,-2.2644,,stop,83
TONUSDT,book,2025-06-13T04:00:00+00:00,2025-06-21T20:00:00+00:00,2.9675934,2.78007298846,20.0,-1.2638,,stop,52
TONUSDT,book,2025-06-22T08:00:00+00:00,2025-06-22T12:00:00+00:00,2.8535706,2.71106399302,20.0,-0.9988,,stop,1
TONUSDT,book,2025-06-23T00:00:00+00:00,2025-07-07T08:00:00+00:00,2.7315462,2.789442,20.0,0.4239,,stop,86
TONUSDT,book,2025-07-08T12:00:00+00:00,2025-07-23T00:00:00+00:00,2.7645528,3.30019697143,20.0,3.8751,,stop,87
TONUSDT,book,2025-07-23T16:00:00+00:00,2025-08-05T08:00:00+00:00,3.1986396,3.3063386,20.0,0.6734,,stop,76
TONUSDT,book,2025-08-05T12:00:00+00:00,2025-08-19T00:00:00+00:00,3.3366672,3.2183562,20.0,-0.7092,,stop,81
TONUSDT,book,2025-08-19T08:00:00+00:00,2025-08-25T08:00:00+00:00,3.2166432,3.18050662857,20.0,-0.2247,,stop,36
TONUSDT,book,2025-08-25T16:00:00+00:00,2025-08-29T04:00:00+00:00,3.2176434,3.07792054989,20.0,-0.8685,,stop,21
TONUSDT,book,2025-08-29T16:00:00+00:00,2025-09-22T00:00:00+00:00,3.0666132,3.01768205714,20.0,-0.3191,,stop,140
TONUSDT,book,2025-09-22T12:00:00+00:00,2025-09-25T16:00:00+00:00,2.8225644,2.67274402998,20.0,-1.0616,,stop,19
TONUSDT,book,2025-09-26T04:00:00+00:00,2025-10-09T12:00:00+00:00,2.6685336,2.69874585714,20.0,0.2264,,stop,80
TONUSDT,book,2025-10-09T20:00:00+00:00,2025-10-10T20:00:00+00:00,2.7165432,2.59566681993,20.0,-0.8899,,stop,6
TONUSDT,book,2025-10-11T04:00:00+00:00,2025-11-20T20:00:00+00:00,2.1044208,1.57892638013,20.0,-4.9942,,stop,244
TONUSDT,book,2025-11-21T08:00:00+00:00,2025-12-01T12:00:00+00:00,1.5113022,1.46642094286,20.0,-0.5939,,stop,61
TONUSDT,book,2025-12-01T20:00:00+00:00,2025-12-14T20:00:00+00:00,1.4892978,1.55497465714,20.0,0.882,,stop,78
TONUSDT,book,2025-12-15T04:00:00+00:00,2025-12-15T12:00:00+00:00,1.5573114,1.49594072343,20.0,-0.7882,,stop,2
TONUSDT,book,2025-12-16T00:00:00+00:00,2025-12-18T16:00:00+00:00,1.495299,1.44199725714,20.0,-0.7129,,stop,16
TONUSDT,book,2025-12-19T00:00:00+00:00,2025-12-30T00:00:00+00:00,1.4382876,1.55925951429,20.0,1.6822,,stop,66
TONUSDT,book,2025-12-30T12:00:00+00:00,2026-01-09T08:00:00+00:00,1.6143228,1.77621611429,20.0,2.0057,,stop,59
TONUSDT,book,2026-01-09T12:00:00+00:00,2026-01-19T00:00:00+00:00,1.7643528,1.65652142944,20.0,-1.2223,,stop,57
TONUSDT,book,2026-01-19T20:00:00+00:00,2026-01-20T16:00:00+00:00,1.610322,1.5200179356,20.0,-1.1216,,stop,5
TONUSDT,book,2026-01-21T04:00:00+00:00,2026-01-30T00:00:00+00:00,1.5433086,1.42480929542,20.0,-1.5357,,stop,53
TONUSDT,book,2026-01-30T08:00:00+00:00,2026-01-31T12:00:00+00:00,1.4392878,1.36330079958,20.0,-1.0559,,stop,7
TONUSDT,book,2026-01-31T20:00:00+00:00,2026-02-06T00:00:00+00:00,1.3112622,1.25046414286,20.0,-0.9273,,stop,31
TONUSDT,book,2026-02-06T08:00:00+00:00,2026-02-24T20:00:00+00:00,1.2612522,1.30231091429,20.0,0.6511,,stop,111
TONUSDT,book,2026-02-25T04:00:00+00:00,2026-02-28T08:00:00+00:00,1.2972594,1.22518348571,20.0,-1.1112,,stop,19
TONUSDT,book,2026-02-28T12:00:00+00:00,2026-03-19T04:00:00+00:00,1.2322464,1.2757448,20.0,0.706,,stop,112
TONUSDT,book,2026-03-19T20:00:00+00:00,2026-03-27T00:00:00+00:00,1.2382476,1.25831971429,20.0,0.3242,,stop,43
TONUSDT,book,2026-03-27T08:00:00+00:00,2026-03-27T16:00:00+00:00,1.2542508,1.21150844984,20.0,-0.6816,,stop,2
TONUSDT,book,2026-03-28T00:00:00+00:00,2026-04-09T16:00:00+00:00,1.2182436,1.24803605714,20.0,0.4891,,stop,76
TONUSDT,book,2026-04-09T20:00:00+00:00,2026-04-14T16:00:00+00:00,1.2722544,1.39600645714,20.0,1.9454,,stop,29
TONUSDT,book,2026-04-14T20:00:00+00:00,2026-04-18T20:00:00+00:00,1.3792758,1.33730391429,20.0,-0.6086,,stop,24
TONUSDT,book,2026-04-19T00:00:00+00:00,2026-05-05T04:00:00+00:00,1.3122624,1.7366526,20.0,6.4681,,stop,97
TONUSDT,book,2026-05-05T20:00:00+00:00,2026-05-07T08:00:00+00:00,1.915383,2.52306671429,20.0,6.3453,,stop,9
TONUSDT,book,2026-05-08T00:00:00+00:00,2026-05-13T12:00:00+00:00,2.7135426,2.11954717719,20.0,-4.378,,stop,33
TONUSDT,book,2026-05-13T16:00:00+00:00,2026-05-22T20:00:00+00:00,2.0914182,1.84122845207,20.0,-2.3925,,stop,55
TONUSDT,book,2026-05-23T00:00:00+00:00,2026-05-25T20:00:00+00:00,1.8363672,1.94189725714,20.0,1.1493,,stop,17
TONUSDT,book,2026-05-26T12:00:00+00:00,2026-05-28T12:00:00+00:00,1.9243848,1.7416516,20.0,-1.8991,,stop,12
TONUSDT,book,2026-05-28T16:00:00+00:00,2026-06-02T08:00:00+00:00,1.7523504,1.98845937143,20.0,2.6948,,stop,28
TONUSDT,book,2026-06-02T16:00:00+00:00,2026-06-04T08:00:00+00:00,1.9723944,1.69241299255,20.0,-2.839,,stop,10
TONUSDT,book,2026-06-04T12:00:00+00:00,2026-06-05T12:00:00+00:00,1.7443488,1.4897650731,20.0,-2.919,,stop,6
TONUSDT,book,2026-06-05T20:00:00+00:00,2026-06-30T00:00:00+00:00,1.4972994,1.59968,20.0,1.3675,,eod,145
VETUSDT,book,2024-01-03T12:00:00+00:00,2024-01-03T12:00:00+00:00,0.0340068,0.0318932772114,20.0,-1.243,,stop,0
VETUSDT,book,2024-01-03T16:00:00+00:00,2024-01-06T04:00:00+00:00,0.03220644,0.0293059347834,20.0,-1.8012,,stop,15
VETUSDT,book,2024-01-06T12:00:00+00:00,2024-01-08T00:00:00+00:00,0.029885976,0.0273680013048,20.0,-1.6851,,stop,9
VETUSDT,book,2024-01-08T08:00:00+00:00,2024-01-14T20:00:00+00:00,0.030026004,0.0293369885714,20.0,-0.4589,,stop,39
VETUSDT,book,2024-01-15T04:00:00+00:00,2024-01-18T16:00:00+00:00,0.03030606,0.0283807398594,20.0,-1.2706,,stop,21
VETUSDT,book,2024-01-19T00:00:00+00:00,2024-01-19T16:00:00+00:00,0.028535706,0.0270588645731,20.0,-1.0351,,stop,4
VETUSDT,book,2024-01-19T20:00:00+00:00,2024-01-22T16:00:00+00:00,0.028435686,0.0265268081485,20.0,-1.3426,,stop,17
VETUSDT,book,2024-01-23T04:00:00+00:00,2024-02-05T00:00:00+00:00,0.02640528,0.0274873585714,20.0,0.8196,,stop,77
VETUSDT,book,2024-02-05T04:00:00+00:00,2024-02-15T12:00:00+00:00,0.027725544,0.0461664791429,20.0,13.3025,,stop,62
VETUSDT,book,2024-02-15T20:00:00+00:00,2024-02-20T12:00:00+00:00,0.045689136,0.0418873351429,20.0,-1.6642,,stop,28
VETUSDT,book,2024-02-20T16:00:00+00:00,2024-02-28T16:00:00+00:00,0.04260852,0.0489159291429,20.0,2.9606,,stop,48
VETUSDT,book,2024-02-29T08:00:00+00:00,2024-03-05T16:00:00+00:00,0.050170032,0.043991589065,20.0,-2.463,,stop,32
VETUSDT,book,2024-03-05T20:00:00+00:00,2024-03-15T08:00:00+00:00,0.041668332,0.0418987614286,20.0,0.1106,,stop,57
VETUSDT,book,2024-03-15T16:00:00+00:00,2024-03-17T04:00:00+00:00,0.043398678,0.0385748900501,20.0,-2.223,,stop,9
VETUSDT,book,2024-03-17T08:00:00+00:00,2024-04-05T12:00:00+00:00,0.039367872,0.0389550645714,20.0,-0.2097,,stop,115
VETUSDT,book,2024-04-05T16:00:00+00:00,2024-04-10T12:00:00+00:00,0.040898178,0.0425257788571,20.0,0.7959,,stop,29
VETUSDT,book,2024-04-10T20:00:00+00:00,2024-04-12T16:00:00+00:00,0.045189036,0.0448124642857,20.0,-0.1667,,stop,11
VETUSDT,book,2024-04-13T00:00:00+00:00,2024-04-13T20:00:00+00:00,0.042978594,0.0366940882857,20.0,-2.9245,,stop,5
VETUSDT,book,2024-04-14T00:00:00+00:00,2024-05-01T08:00:00+00:00,0.04010802,0.0333076228571,20.0,-3.391,,stop,104
VETUSDT,book,2024-05-01T12:00:00+00:00,2024-05-13T00:00:00+00:00,0.034536906,0.0333061945714,20.0,-0.7127,,stop,69
VETUSDT,book,2024-05-13T08:00:00+00:00,2024-05-19T20:00:00+00:00,0.033876774,0.0339803454286,20.0,0.0611,,stop,39
VETUSDT,book,2024-05-20T04:00:00+00:00,2024-05-22T12:00:00+00:00,0.034536906,0.0353900634286,20.0,0.4941,,stop,14
VETUSDT,book,2024-05-22T16:00:00+00:00,2024-05-23T16:00:00+00:00,0.036467292,0.0343372088987,20.0,-1.1682,,stop,6
VETUSDT,book,2024-05-24T00:00:00+00:00,2024-05-31T16:00:00+00:00,0.035137026,0.0334361685714,20.0,-0.9681,,stop,46
VETUSDT,book,2024-05-31T20:00:00+00:00,2024-06-07T16:00:00+00:00,0.03410682,0.0340246222857,20.0,-0.0482,,stop,41
VETUSDT,book,2024-06-08T04:00:00+00:00,2024-06-11T00:00:00+00:00,0.032876574,0.0301973190423,20.0,-1.6299,,stop,17
VETUSDT,book,2024-06-11T20:00:00+00:00,2024-06-14T16:00:00+00:00,0.029795958,0.0289999131429,20.0,-0.5343,,stop,17
VETUSDT,book,2024-06-15T00:00:00+00:00,2024-06-17T16:00:00+00:00,0.028535706,0.0267132277143,20.0,-1.2773,,stop,16
VETUSDT,book,2024-06-17T20:00:00+00:00,2024-06-18T00:00:00+00:00,0.028045608,0.0263421242355,20.0,-1.2148,,stop,1
VETUSDT,book,2024-06-18T08:00:00+00:00,2024-07-04T00:00:00+00:00,0.02555511,0.0237309671429,20.0,-1.4276,,stop,94
VETUSDT,book,2024-07-04T04:00:00+00:00,2024-07-04T12:00:00+00:00,0.024284856,0.0229177715288,20.0,-1.1259,,stop,2
VETUSDT,book,2024-07-04T16:00:00+00:00,2024-07-05T00:00:00+00:00,0.023494698,0.0219510212033,20.0,-1.3141,,stop,2
VETUSDT,book,2024-07-05T08:00:00+00:00,2024-07-18T12:00:00+00:00,0.021514302,0.0303396451429,20.0,8.2042,,stop,79
VETUSDT,book,2024-07-18T16:00:00+00:00,2024-07-23T16:00:00+00:00,0.030166032,0.0285371485714,20.0,-1.0799,,stop,30
VETUSDT,book,2024-07-23T20:00:00+00:00,2024-07-25T00:00:00+00:00,0.028765752,0.0268086034925,20.0,-1.3607,,stop,7
VETUSDT,book,2024-07-25T08:00:00+00:00,2024-08-01T00:00:00+00:00,0.027065412,0.0260676425714,20.0,-0.7373,,stop,40
VETUSDT,book,2024-08-01T04:00:00+00:00,2024-08-01T16:00:00+00:00,0.02635527,0.0249520643031,20.0,-1.0648,,stop,3
VETUSDT,book,2024-08-01T20:00:00+00:00,2024-08-03T00:00:00+00:00,0.025665132,0.0240049729022,20.0,-1.2937,,stop,7
VETUSDT,book,2024-08-03T04:00:00+00:00,2024-08-04T12:00:00+00:00,0.024544908,0.0225868183041,20.0,-1.5955,,stop,8
VETUSDT,book,2024-08-04T20:00:00+00:00,2024-08-05T00:00:00+00:00,0.022814562,0.020715775159,20.0,-1.8399,,stop,1
VETUSDT,book,2024-08-05T04:00:00+00:00,2024-08-27T20:00:00+00:00,0.020824164,0.0227868702857,20.0,1.885,,stop,136
VETUSDT,book,2024-08-28T00:00:00+00:00,2024-09-01T08:00:00+00:00,0.022884576,0.0212838897991,20.0,-1.3989,,stop,26
VETUSDT,book,2024-09-01T16:00:00+00:00,2024-09-04T00:00:00+00:00,0.021384276,0.0204973282857,20.0,-0.8295,,stop,14
VETUSDT,book,2024-09-04T16:00:00+00:00,2024-09-06T12:00:00+00:00,0.021684336,0.0202017234185,20.0,-1.3675,,stop,11
VETUSDT,book,2024-09-07T04:00:00+00:00,2024-09-16T12:00:00+00:00,0.020064012,0.0208743957143,20.0,0.8078,,stop,56
VETUSDT,book,2024-09-16T20:00:00+00:00,2024-09-28T08:00:00+00:00,0.020974194,0.0255834537143,20.0,4.3952,,stop,69
VETUSDT,book,2024-09-28T12:00:00+00:00,2024-09-30T12:00:00+00:00,0.025915182,0.024365665035,20.0,-1.1958,,stop,12
VETUSDT,book,2024-09-30T16:00:00+00:00,2024-10-01T16:00:00+00:00,0.024394878,0.0228778015244,20.0,-1.2438,,stop,6
VETUSDT,book,2024-10-01T20:00:00+00:00,2024-10-25T20:00:00+00:00,0.02280456,0.0214642777143,20.0,-1.1755,,stop,144
VETUSDT,book,2024-10-26T00:00:00+00:00,2024-11-01T12:00:00+00:00,0.021574314,0.0206730074286,20.0,-0.8355,,stop,39
VETUSDT,book,2024-11-01T20:00:00+00:00,2024-11-03T12:00:00+00:00,0.020714142,0.0196120045287,20.0,-1.0641,,stop,10
VETUSDT,book,2024-11-03T20:00:00+00:00,2024-11-10T20:00:00+00:00,0.019673934,0.0250092828571,20.0,5.4238,,stop,42
VETUSDT,book,2024-11-11T12:00:00+00:00,2024-11-13T04:00:00+00:00,0.026645328,0.025464906,20.0,-0.886,,stop,10
VETUSDT,book,2024-11-13T08:00:00+00:00,2024-11-23T20:00:00+00:00,0.025375074,0.0411589094286,20.0,12.4404,,stop,63
VETUSDT,book,2024-11-24T16:00:00+00:00,2024-12-03T12:00:00+00:00,0.039227844,0.0589639191429,20.0,10.0623,,stop,53
VETUSDT,book,2024-12-04T00:00:00+00:00,2024-12-09T08:00:00+00:00,0.077825562,0.060968722959,20.0,-4.332,,stop,32
VETUSDT,book,2024-12-09T12:00:00+00:00,2024-12-09T20:00:00+00:00,0.060602118,0.0556003062857,20.0,-1.6507,,stop,2
VETUSDT,book,2024-12-10T00:00:00+00:00,2024-12-18T20:00:00+00:00,0.056351268,0.0513068794286,20.0,-1.7903,,stop,53
VETUSDT,book,2024-12-19T00:00:00+00:00,2024-12-19T20:00:00+00:00,0.050340066,0.0440187604868,20.0,-2.5114,,stop,5
VETUSDT,book,2024-12-20T04:00:00+00:00,2024-12-20T08:00:00+00:00,0.046589316,0.0392743167082,20.0,-3.1402,,stop,1
VETUSDT,book,2024-12-20T16:00:00+00:00,2025-01-27T04:00:00+00:00,0.044968992,0.0436498397143,20.0,-0.5867,,stop,225
VETUSDT,book,2025-01-27T08:00:00+00:00,2025-02-01T20:00:00+00:00,0.043068612,0.0439197857143,20.0,0.3953,,stop,33
VETUSDT,book,2025-02-02T08:00:00+00:00,2025-02-02T16:00:00+00:00,0.042528504,0.0381494440135,20.0,-2.0594,,stop,2
VETUSDT,book,2025-02-02T20:00:00+00:00,2025-02-03T00:00:00+00:00,0.039817962,0.0350805873362,20.0,-2.3795,,stop,1
VETUSDT,book,2025-02-03T08:00:00+00:00,2025-02-24T20:00:00+00:00,0.034796958,0.0279729757143,20.0,-3.9222,,stop,129
VETUSDT,book,2025-02-25T04:00:00+00:00,2025-02-28T04:00:00+00:00,0.027895578,0.0255663142857,20.0,-1.67,,stop,18
VETUSDT,book,2025-02-28T12:00:00+00:00,2025-03-03T16:00:00+00:00,0.026585316,0.0287471065714,20.0,1.6263,,stop,19
VETUSDT,book,2025-03-04T08:00:00+00:00,2025-03-10T16:00:00+00:00,0.026025204,0.0237523914286,20.0,-1.7466,,stop,38
VETUSDT,book,2025-03-11T08:00:00+00:00,2025-03-29T04:00:00+00:00,0.02315463,0.0232981965714,20.0,0.124,,stop,107
VETUSDT,book,2025-03-29T20:00:00+00:00,2025-04-03T00:00:00+00:00,0.022794558,0.0214885585714,20.0,-1.1459,,stop,25
VETUSDT,book,2025-04-03T04:00:00+00:00,2025-04-06T16:00:00+00:00,0.022094418,0.0200511212593,20.0,-1.8496,,stop,21
VETUSDT,book,2025-04-07T12:00:00+00:00,2025-04-16T16:00:00+00:00,0.018993798,0.0217970682857,20.0,2.9518,,stop,55
VETUSDT,book,2025-04-16T20:00:00+00:00,2025-05-04T12:00:00+00:00,0.022484496,0.0254177725714,20.0,2.6092,,stop,106
VETUSDT,book,2025-05-04T16:00:00+00:00,2025-05-06T08:00:00+00:00,0.025415082,0.0240299179122,20.0,-1.09,,stop,10
VETUSDT,book,2025-05-06T12:00:00+00:00,2025-05-11T12:00:00+00:00,0.024184836,0.0303624977143,20.0,5.1087,,stop,30
VETUSDT,book,2025-05-11T20:00:00+00:00,2025-05-12T16:00:00+00:00,0.031216242,0.0299882868571,20.0,-0.7867,,stop,5
VETUSDT,book,2025-05-12T20:00:00+00:00,2025-05-17T00:00:00+00:00,0.030476094,0.0278815654286,20.0,-1.7027,,stop,25
VETUSDT,book,2025-05-17T04:00:00+00:00,2025-05-24T16:00:00+00:00,0.028095618,0.0275959082857,20.0,-0.3557,,stop,45
VETUSDT,book,2025-05-25T08:00:00+00:00,2025-05-30T00:00:00+00:00,0.026945388,0.025314936,20.0,-1.2102,,stop,28
VETUSDT,book,2025-05-30T04:00:00+00:00,2025-05-31T00:00:00+00:00,0.025315062,0.023465725059,20.0,-1.4611,,stop,5
VETUSDT,book,2025-05-31T08:00:00+00:00,2025-06-05T20:00:00+00:00,0.023564712,0.022505498,20.0,-0.899,,stop,33
VETUSDT,book,2025-06-06T04:00:00+00:00,2025-06-12T08:00:00+00:00,0.022964592,0.0240637577143,20.0,0.9573,,stop,37
VETUSDT,book,2025-06-13T00:00:00+00:00,2025-06-14T16:00:00+00:00,0.023414682,0.0217728265636,20.0,-1.4024,,stop,10
VETUSDT,book,2025-06-15T00:00:00+00:00,2025-06-18T08:00:00+00:00,0.022064412,0.0210286505714,20.0,-0.9389,,stop,20
VETUSDT,book,2025-06-18T16:00:00+00:00,2025-06-21T20:00:00+00:00,0.021374274,0.0199506402166,20.0,-1.3321,,stop,19
VETUSDT,book,2025-06-22T08:00:00+00:00,2025-06-22T20:00:00+00:00,0.019843968,0.0185241909921,20.0,-1.3302,,stop,3
VETUSDT,book,2025-06-23T00:00:00+00:00,2025-07-12T16:00:00+00:00,0.01930386,0.0230882385714,20.0,3.9209,,stop,118
VETUSDT,book,2025-07-13T08:00:00+00:00,2025-07-23T12:00:00+00:00,0.024444888,0.0263675825714,20.0,1.5731,,stop,61
VETUSDT,book,2025-07-23T16:00:00+00:00,2025-07-24T04:00:00+00:00,0.026175234,0.0239025953818,20.0,-1.7365,,stop,3
VETUSDT,book,2025-07-24T08:00:00+00:00,2025-08-01T00:00:00+00:00,0.02430486,0.0226726074286,20.0,-1.3431,,stop,46
VETUSDT,book,2025-08-01T08:00:00+00:00,2025-08-15T12:00:00+00:00,0.022774554,0.0240337637143,20.0,1.1058,,stop,85
VETUSDT,book,2025-08-16T04:00:00+00:00,2025-08-19T16:00:00+00:00,0.024434886,0.0230468182857,20.0,-1.1361,,stop,21
VETUSDT,book,2025-08-20T08:00:00+00:00,2025-08-25T16:00:00+00:00,0.022994598,0.0250307071429,20.0,1.7709,,stop,32
VETUSDT,book,2025-08-25T20:00:00+00:00,2025-09-22T04:00:00+00:00,0.024644928,0.0230568162857,20.0,-1.2888,,stop,164
VETUSDT,book,2025-09-22T08:00:00+00:00,2025-09-25T12:00:00+00:00,0.022994598,0.0217402490804,20.0,-1.091,,stop,19
VETUSDT,book,2025-09-25T16:00:00+00:00,2025-10-07T12:00:00+00:00,0.022064412,0.0225383485714,20.0,0.4296,,stop,71
VETUSDT,book,2025-10-08T08:00:00+00:00,2025-10-10T12:00:00+00:00,0.022564512,0.0214084437405,20.0,-1.0247,,stop,13
VETUSDT,book,2025-10-11T00:00:00+00:00,2025-11-03T04:00:00+00:00,0.015843168,0.0150941234286,20.0,-0.9456,,stop,139
VETUSDT,book,2025-11-03T16:00:00+00:00,2025-11-04T20:00:00+00:00,0.014532906,0.0134516437045,20.0,-1.488,,stop,7
VETUSDT,book,2025-11-05T00:00:00+00:00,2025-11-13T16:00:00+00:00,0.014022804,0.0160853537143,20.0,2.9417,,stop,52
VETUSDT,book,2025-11-14T00:00:00+00:00,2025-11-17T16:00:00+00:00,0.0160032,0.01443781186,20.0,-1.9563,,stop,22
VETUSDT,book,2025-11-18T00:00:00+00:00,2025-11-20T16:00:00+00:00,0.014442888,0.0133016248571,20.0,-1.5804,,stop,16
VETUSDT,book,2025-11-21T04:00:00+00:00,2025-11-21T12:00:00+00:00,0.013392678,0.012309858393,20.0,-1.617,,stop,2
VETUSDT,book,2025-11-21T16:00:00+00:00,2025-12-01T12:00:00+00:00,0.012882576,0.0120333071429,20.0,-1.3185,,stop,59
VETUSDT,book,2025-12-01T16:00:00+00:00,2025-12-05T12:00:00+00:00,0.012222444,0.0127445934286,20.0,0.8544,,stop,23
VETUSDT,book,2025-12-06T00:00:00+00:00,2025-12-11T00:00:00+00:00,0.012632526,0.0121604245714,20.0,-0.7474,,stop,30
VETUSDT,book,2025-12-11T08:00:00+00:00,2025-12-15T12:00:00+00:00,0.011862372,0.0109476820256,20.0,-1.5422,,stop,25
VETUSDT,book,2025-12-16T00:00:00+00:00,2025-12-18T04:00:00+00:00,0.010732146,0.0100851254286,20.0,-1.2058,,stop,13
VETUSDT,book,2025-12-18T12:00:00+00:00,2025-12-31T16:00:00+00:00,0.010122024,0.0104536231429,20.0,0.6552,,stop,79
VETUSDT,book,2026-01-01T04:00:00+00:00,2026-01-06T16:00:00+00:00,0.010392078,0.0124246574286,20.0,3.9118,,stop,33
VETUSDT,book,2026-01-07T00:00:00+00:00,2026-01-08T04:00:00+00:00,0.012862572,0.0119298284142,20.0,-1.4503,,stop,7
VETUSDT,book,2026-01-08T08:00:00+00:00,2026-01-18T20:00:00+00:00,0.011972394,0.011057788,20.0,-1.5279,,stop,63
VETUSDT,book,2026-01-19T12:00:00+00:00,2026-01-25T16:00:00+00:00,0.010672134,0.00987730100177,20.0,-1.4895,,stop,37
VETUSDT,book,2026-01-26T00:00:00+00:00,2026-01-29T12:00:00+00:00,0.00990198,0.00960522142857,20.0,-0.5994,,stop,21
VETUSDT,book,2026-01-30T00:00:00+00:00,2026-01-31T08:00:00+00:00,0.009381876,0.00876940748194,20.0,-1.3056,,stop,8
VETUSDT,book,2026-01-31T20:00:00+00:00,2026-02-05T12:00:00+00:00,0.008021604,0.00739994828571,20.0,-1.55,,stop,28
VETUSDT,book,2026-02-05T20:00:00+00:00,2026-02-23T00:00:00+00:00,0.0075015,0.007368526,20.0,-0.3545,,stop,103
VETUSDT,book,2026-02-23T08:00:00+00:00,2026-02-26T00:00:00+00:00,0.007341468,0.00770417314286,20.0,0.9881,,stop,16
VETUSDT,book,2026-02-28T08:00:00+00:00,2026-03-07T16:00:00+00:00,0.007021404,0.00693004228571,20.0,-0.2602,,stop,44
VETUSDT,book,2026-03-08T08:00:00+00:00,2026-03-14T12:00:00+00:00,0.0068683734,0.00710072242857,20.0,0.6766,,stop,37
VETUSDT,book,2026-03-15T04:00:00+00:00,2026-03-18T08:00:00+00:00,0.0071884374,0.00737866682857,20.0,0.5293,,stop,19
VETUSDT,book,2026-03-18T20:00:00+00:00,2026-03-22T20:00:00+00:00,0.0072474492,0.00686857521016,20.0,-1.0455,,stop,24
VETUSDT,book,2026-03-23T00:00:00+00:00,2026-03-26T08:00:00+00:00,0.006871374,0.00678749937143,20.0,-0.2441,,stop,20
VETUSDT,book,2026-03-26T16:00:00+00:00,2026-03-29T16:00:00+00:00,0.0068253648,0.00655173276275,20.0,-0.8018,,stop,18
VETUSDT,book,2026-03-30T00:00:00+00:00,2026-04-02T12:00:00+00:00,0.0065433084,0.00660310768571,20.0,0.1828,,stop,21
VETUSDT,book,2026-04-02T16:00:00+00:00,2026-04-06T20:00:00+00:00,0.0066953388,0.00725212071429,20.0,1.6632,,stop,25
VETUSDT,book,2026-04-07T00:00:00+00:00,2026-04-11T12:00:00+00:00,0.0071434284,0.00696175022857,20.0,-0.5087,,stop,27
VETUSDT,book,2026-04-11T16:00:00+00:00,2026-04-19T20:00:00+00:00,0.0070044006,0.00695932214286,20.0,-0.1287,,stop,49
VETUSDT,book,2026-04-20T04:00:00+00:00,2026-05-09T12:00:00+00:00,0.007046409,0.00756291568571,20.0,1.466,,stop,116
VETUSDT,book,2026-05-09T20:00:00+00:00,2026-05-13T12:00:00+00:00,0.0076455288,0.00723926614286,20.0,-1.0627,,stop,22
VETUSDT,book,2026-05-13T20:00:00+00:00,2026-05-15T12:00:00+00:00,0.0072874572,0.00690247637143,20.0,-1.0566,,stop,10
VETUSDT,book,2026-05-15T20:00:00+00:00,2026-05-17T20:00:00+00:00,0.0070304058,0.00661943879027,20.0,-1.1691,,stop,12
VETUSDT,book,2026-05-18T00:00:00+00:00,2026-05-23T04:00:00+00:00,0.0066703338,0.00639369766181,20.0,-0.8295,,stop,31
VETUSDT,book,2026-05-23T16:00:00+00:00,2026-05-26T16:00:00+00:00,0.006581316,0.00640857517143,20.0,-0.5249,,stop,18
VETUSDT,book,2026-05-27T04:00:00+00:00,2026-05-28T00:00:00+00:00,0.006326265,0.00601166956843,20.0,-0.9946,,stop,5
VETUSDT,book,2026-05-28T08:00:00+00:00,2026-06-01T12:00:00+00:00,0.0059841966,0.00583497562857,20.0,-0.4987,,stop,25
VETUSDT,book,2026-06-01T20:00:00+00:00,2026-06-02T12:00:00+00:00,0.005986197,0.00569220118917,20.0,-0.9822,,stop,4
VETUSDT,book,2026-06-02T20:00:00+00:00,2026-06-04T00:00:00+00:00,0.0055931184,0.00531465114286,20.0,-0.9957,,stop,7
VETUSDT,book,2026-06-04T04:00:00+00:00,2026-06-05T04:00:00+00:00,0.005516103,0.0049913545294,20.0,-1.9026,,stop,6
VETUSDT,book,2026-06-06T00:00:00+00:00,2026-06-24T12:00:00+00:00,0.0047689536,0.0045810836,20.0,-0.7879,,stop,111
VETUSDT,book,2026-06-24T20:00:00+00:00,2026-07-25T08:00:00+00:00,0.0045099018,0.00459665191429,20.0,0.3847,,stop,183
VETUSDT,book,2026-07-25T12:00:00+00:00,2026-07-28T00:00:00+00:00,0.0046029204,0.00450781254286,20.0,-0.4133,,stop,15
VETUSDT,book,2026-07-28T12:00:00+00:00,2026-07-31T12:00:00+00:00,0.004560912,0.00461621942857,20.0,0.2425,,stop,18
VETUSDT,book,2026-07-31T16:00:00+00:00,2026-08-12T16:00:00+00:00,0.0047839566,0.00453197859439,20.0,-1.0534,,stop,72
VETUSDT,book,2026-08-13T00:00:00+00:00,2026-08-22T04:00:00+00:00,0.0044178834,0.0057868424,20.0,6.1974,,stop,55
VETUSDT,book,2026-08-22T20:00:00+00:00,2026-08-28T16:00:00+00:00,0.005746149,0.00663381582857,20.0,3.0896,,stop,35
VETUSDT,book,2026-08-28T20:00:00+00:00,2026-08-30T20:00:00+00:00,0.0067423482,0.0067176562,20.0,-0.0732,,eod,12
XLMUSDT,book,2024-01-03T08:00:00+00:00,2024-01-03T12:00:00+00:00,0.13092618,0.12584743405,20.0,-0.7758,,stop,1
XLMUSDT,book,2024-01-04T04:00:00+00:00,2024-01-19T16:00:00+00:00,0.1210242,0.111948234446,20.0,-1.4999,,stop,93
XLMUSDT,book,2024-01-19T20:00:00+00:00,2024-01-23T08:00:00+00:00,0.11312262,0.10877824,20.0,-0.7681,,stop,21
XLMUSDT,book,2024-01-23T16:00:00+00:00,2024-01-31T12:00:00+00:00,0.10932186,0.1094781,20.0,0.0286,,stop,47
XLMUSDT,book,2024-02-01T08:00:00+00:00,2024-02-20T16:00:00+00:00,0.10912182,0.11587682,20.0,1.2381,,stop,116
XLMUSDT,book,2024-02-21T00:00:00+00:00,2024-02-21T16:00:00+00:00,0.11772354,0.111058466721,20.0,-1.1323,,stop,4
XLMUSDT,book,2024-02-22T00:00:00+00:00,2024-03-03T04:00:00+00:00,0.11442288,0.127817288571,20.0,2.3412,,stop,61
XLMUSDT,book,2024-03-03T12:00:00+00:00,2024-03-05T04:00:00+00:00,0.13462692,0.143157077143,20.0,1.2672,,stop,10
XLMUSDT,book,2024-03-05T20:00:00+00:00,2024-03-15T00:00:00+00:00,0.12742548,0.1304739,20.0,0.4785,,stop,55
XLMUSDT,book,2024-03-15T08:00:00+00:00,2024-03-19T04:00:00+00:00,0.13642728,0.123759665973,20.0,-1.8571,,stop,23
XLMUSDT,book,2024-03-19T16:00:00+00:00,2024-04-03T00:00:00+00:00,0.1265253,0.125489182857,20.0,-0.1638,,stop,86
XLMUSDT,book,2024-04-03T04:00:00+00:00,2024-04-12T16:00:00+00:00,0.12922584,0.123418168571,20.0,-0.8988,,stop,57
XLMUSDT,book,2024-04-13T00:00:00+00:00,2024-04-13T16:00:00+00:00,0.11512302,0.106565988253,20.0,-1.4866,,stop,4
XLMUSDT,book,2024-04-14T00:00:00+00:00,2024-06-07T16:00:00+00:00,0.10522104,0.0991515942857,20.0,-1.1537,,stop,328
XLMUSDT,book,2024-06-08T00:00:00+00:00,2024-06-14T16:00:00+00:00,0.10012002,0.0950652888531,20.0,-1.0097,,stop,40
XLMUSDT,book,2024-06-15T00:00:00+00:00,2024-06-18T00:00:00+00:00,0.09691938,0.0927957228571,20.0,-0.8509,,stop,18
XLMUSDT,book,2024-06-18T08:00:00+00:00,2024-06-24T08:00:00+00:00,0.09231846,0.0867118284509,20.0,-1.2146,,stop,36
XLMUSDT,book,2024-06-24T12:00:00+00:00,2024-07-03T16:00:00+00:00,0.0870174,0.0895392314286,20.0,0.5796,,stop,55
XLMUSDT,book,2024-07-04T00:00:00+00:00,2024-07-04T00:00:00+00:00,0.09041808,0.0871327928126,20.0,-0.7267,,stop,0
XLMUSDT,book,2024-07-04T04:00:00+00:00,2024-07-05T00:00:00+00:00,0.08891778,0.0852043071583,20.0,-0.8353,,stop,5
XLMUSDT,book,2024-07-05T08:00:00+00:00,2024-07-18T12:00:00+00:00,0.07911582,0.101565397143,20.0,5.6751,,stop,79
XLMUSDT,book,2024-07-18T16:00:00+00:00,2024-08-02T12:00:00+00:00,0.10162032,0.0949524342857,20.0,-1.3123,,stop,89
XLMUSDT,book,2024-08-02T16:00:00+00:00,2024-08-04T12:00:00+00:00,0.09491898,0.0886869533469,20.0,-1.3131,,stop,11
XLMUSDT,book,2024-08-04T20:00:00+00:00,2024-08-05T00:00:00+00:00,0.08891778,0.0833832428726,20.0,-1.2449,,stop,1
XLMUSDT,book,2024-08-05T08:00:00+00:00,2024-08-05T12:00:00+00:00,0.08311662,0.075851446676,20.0,-1.7482,,stop,1
XLMUSDT,book,2024-08-05T16:00:00+00:00,2024-09-04T00:00:00+00:00,0.08671734,0.0888250885714,20.0,0.4861,,stop,176
XLMUSDT,book,2024-09-04T16:00:00+00:00,2024-09-06T12:00:00+00:00,0.0915183,0.0878221606257,20.0,-0.8077,,stop,11
XLMUSDT,book,2024-09-07T00:00:00+00:00,2024-10-01T00:00:00+00:00,0.0880176,0.0980660971429,20.0,2.2833,,stop,144
XLMUSDT,book,2024-10-01T04:00:00+00:00,2024-10-01T12:00:00+00:00,0.09981996,0.094551046008,20.0,-1.0557,,stop,2
XLMUSDT,book,2024-10-01T16:00:00+00:00,2024-10-02T20:00:00+00:00,0.09631926,0.0905868532909,20.0,-1.1903,,stop,7
XLMUSDT,book,2024-10-03T04:00:00+00:00,2024-11-12T12:00:00+00:00,0.09091818,0.119976,20.0,6.3921,,stop,242
XLMUSDT,book,2024-11-12T16:00:00+00:00,2024-11-16T16:00:00+00:00,0.12192438,0.17486502,20.0,8.6842,,stop,24
XLMUSDT,book,2024-11-16T20:00:00+00:00,2024-11-23T04:00:00+00:00,0.1995399,0.420401617143,20.0,22.1371,,stop,38
XLMUSDT,book,2024-11-23T16:00:00+00:00,2024-11-24T12:00:00+00:00,0.51450288,0.486645508571,20.0,-1.0829,,stop,5
XLMUSDT,book,2024-11-24T16:00:00+00:00,2024-12-20T08:00:00+00:00,0.45649128,0.338775088571,20.0,-5.1574,,stop,154
XLMUSDT,book,2024-12-20T16:00:00+00:00,2025-01-26T20:00:00+00:00,0.35477094,0.406033062857,20.0,2.8899,,stop,223
XLMUSDT,book,2025-01-27T08:00:00+00:00,2025-02-01T16:00:00+00:00,0.37897578,0.400648425714,20.0,1.1437,,stop,32
XLMUSDT,book,2025-02-02T08:00:00+00:00,2025-02-02T16:00:00+00:00,0.3865773,0.359308995254,20.0,-1.4108,,stop,2
XLMUSDT,book,2025-02-02T20:00:00+00:00,2025-02-03T00:00:00+00:00,0.36427284,0.332599164003,20.0,-1.739,,stop,1
XLMUSDT,book,2025-02-03T08:00:00+00:00,2025-02-25T04:00:00+00:00,0.33676734,0.286899751429,20.0,-2.9615,,stop,131
XLMUSDT,book,2025-02-25T08:00:00+00:00,2025-02-28T04:00:00+00:00,0.28375674,0.259833737143,20.0,-1.6862,,stop,17
XLMUSDT,book,2025-02-28T12:00:00+00:00,2025-03-03T04:00:00+00:00,0.2630526,0.330890951429,20.0,5.1578,,stop,16
XLMUSDT,book,2025-03-04T08:00:00+00:00,2025-03-11T00:00:00+00:00,0.28315662,0.238573181533,20.0,-3.149,,stop,40
XLMUSDT,book,2025-03-11T04:00:00+00:00,2025-04-02T20:00:00+00:00,0.24384876,0.258062662857,20.0,1.1658,,stop,136
XLMUSDT,book,2025-04-03T04:00:00+00:00,2025-04-06T12:00:00+00:00,0.26515302,0.24565745011,20.0,-1.4705,,stop,20
XLMUSDT,book,2025-04-06T16:00:00+00:00,2025-04-06T16:00:00+00:00,0.25215042,0.23878122563,20.0,-1.0604,,stop,0
XLMUSDT,book,2025-04-07T12:00:00+00:00,2025-05-05T12:00:00+00:00,0.21744348,0.260533597143,20.0,3.9633,,stop,168
XLMUSDT,book,2025-05-05T16:00:00+00:00,2025-05-11T04:00:00+00:00,0.25795158,0.302753722857,20.0,3.4737,,stop,33
XLMUSDT,book,2025-05-11T12:00:00+00:00,2025-05-13T00:00:00+00:00,0.30776154,0.2974405,20.0,-0.6707,,stop,9
XLMUSDT,book,2025-05-13T04:00:00+00:00,2025-05-30T00:00:00+00:00,0.29765952,0.269874585714,20.0,-1.8669,,stop,101
XLMUSDT,book,2025-05-30T08:00:00+00:00,2025-06-05T16:00:00+00:00,0.27145428,0.257866982001,20.0,-1.0011,,stop,38
XLMUSDT,book,2025-06-05T20:00:00+00:00,2025-06-12T20:00:00+00:00,0.25945188,0.269274705714,20.0,0.7572,,stop,42
XLMUSDT,book,2025-06-13T04:00:00+00:00,2025-06-17T16:00:00+00:00,0.25815162,0.251264022857,20.0,-0.5336,,stop,27
XLMUSDT,book,2025-06-18T04:00:00+00:00,2025-06-20T16:00:00+00:00,0.25285056,0.241516532745,20.0,-0.8965,,stop,15
XLMUSDT,book,2025-06-21T04:00:00+00:00,2025-06-21T20:00:00+00:00,0.2435487,0.23462676526,20.0,-0.7327,,stop,4
XLMUSDT,book,2025-06-22T08:00:00+00:00,2025-06-22T12:00:00+00:00,0.23664732,0.226762672679,20.0,-0.8354,,stop,1
XLMUSDT,book,2025-06-22T20:00:00+00:00,2025-07-01T16:00:00+00:00,0.22244448,0.230211091429,20.0,0.6983,,stop,53
XLMUSDT,book,2025-07-02T00:00:00+00:00,2025-07-11T16:00:00+00:00,0.22544508,0.3674265,20.0,12.5957,,stop,58
XLMUSDT,book,2025-07-12T04:00:00+00:00,2025-07-15T00:00:00+00:00,0.39237846,0.430428182857,20.0,1.9394,,stop,17
XLMUSDT,book,2025-07-15T08:00:00+00:00,2025-08-01T20:00:00+00:00,0.44688936,0.379781171429,20.0,-3.0033,,stop,105
XLMUSDT,book,2025-08-02T00:00:00+00:00,2025-08-14T12:00:00+00:00,0.38217642,0.417602177143,20.0,1.8539,,stop,75
XLMUSDT,book,2025-08-15T00:00:00+00:00,2025-08-19T20:00:00+00:00,0.4235847,0.390792240203,20.0,-1.5483,,stop,29
XLMUSDT,book,2025-08-20T04:00:00+00:00,2025-08-25T08:00:00+00:00,0.39577914,0.391850185714,20.0,-0.1985,,stop,31
XLMUSDT,book,2025-08-25T12:00:00+00:00,2025-08-29T04:00:00+00:00,0.39347868,0.372297062835,20.0,-1.0766,,stop,22
XLMUSDT,book,2025-08-29T12:00:00+00:00,2025-09-15T08:00:00+00:00,0.36277254,0.383051945714,20.0,1.118,,stop,101
XLMUSDT,book,2025-09-15T20:00:00+00:00,2025-09-22T00:00:00+00:00,0.37877574,0.375482031429,20.0,-0.1739,,stop,37
XLMUSDT,book,2025-09-22T04:00:00+00:00,2025-09-22T04:00:00+00:00,0.36937386,0.354552935228,20.0,-0.8025,,stop,0
XLMUSDT,book,2025-09-22T16:00:00+00:00,2025-09-25T16:00:00+00:00,0.3640728,0.350558445714,20.0,-0.7424,,stop,18
XLMUSDT,book,2025-09-25T20:00:00+00:00,2025-10-08T00:00:00+00:00,0.35387076,0.381166608571,20.0,1.5427,,stop,73
XLMUSDT,book,2025-10-08T04:00:00+00:00,2025-10-10T16:00:00+00:00,0.38277654,0.364150123978,20.0,-0.9732,,stop,15
XLMUSDT,book,2025-10-11T04:00:00+00:00,2025-11-04T16:00:00+00:00,0.32426484,0.266407976318,20.0,-3.5685,,stop,147
XLMUSDT,book,2025-11-05T00:00:00+00:00,2025-11-13T16:00:00+00:00,0.26945388,0.2674465,20.0,-0.149,,stop,52
XLMUSDT,book,2025-11-14T00:00:00+00:00,2025-11-17T16:00:00+00:00,0.2685537,0.244451228546,20.0,-1.795,,stop,22
XLMUSDT,book,2025-11-18T00:00:00+00:00,2025-11-19T16:00:00+00:00,0.24714942,0.235767122857,20.0,-0.9211,,stop,10
XLMUSDT,book,2025-11-20T00:00:00+00:00,2025-11-21T04:00:00+00:00,0.24664932,0.22940700085,20.0,-1.3981,,stop,7
XLMUSDT,book,2025-11-21T16:00:00+00:00,2025-12-01T12:00:00+00:00,0.22734546,0.228297188571,20.0,0.0837,,stop,59
XLMUSDT,book,2025-12-01T16:00:00+00:00,2025-12-05T16:00:00+00:00,0.23244648,0.242108711429,20.0,0.8314,,stop,24
XLMUSDT,book,2025-12-06T04:00:00+00:00,2025-12-11T00:00:00+00:00,0.24174834,0.24995,20.0,0.6785,,stop,29
XLMUSDT,book,2025-12-12T00:00:00+00:00,2025-12-15T12:00:00+00:00,0.24584916,0.223679415168,20.0,-1.8035,,stop,21
XLMUSDT,book,2025-12-15T20:00:00+00:00,2025-12-18T04:00:00+00:00,0.21924384,0.208505701946,20.0,-0.9796,,stop,14
XLMUSDT,book,2025-12-18T12:00:00+00:00,2025-12-31T04:00:00+00:00,0.21224244,0.208029814286,20.0,-0.397,,stop,76
XLMUSDT,book,2025-12-31T08:00:00+00:00,2025-12-31T16:00:00+00:00,0.20874174,0.200648030938,20.0,-0.7755,,stop,2
XLMUSDT,book,2026-01-01T00:00:00+00:00,2026-01-06T16:00:00+00:00,0.2010402,0.244079745714,20.0,4.2817,,stop,34
XLMUSDT,book,2026-01-06T20:00:00+00:00,2026-01-12T08:00:00+00:00,0.23824764,0.221024854758,20.0,-1.4458,,stop,33
XLMUSDT,book,2026-01-12T16:00:00+00:00,2026-01-15T00:00:00+00:00,0.22364472,0.231867902857,20.0,0.7354,,stop,14
XLMUSDT,book,2026-01-15T04:00:00+00:00,2026-01-19T00:00:00+00:00,0.230046,0.21665666,20.0,-1.1641,,stop,23
XLMUSDT,book,2026-01-19T08:00:00+00:00,2026-01-25T16:00:00+00:00,0.21364272,0.200674005742,20.0,-1.2141,,stop,38
XLMUSDT,book,2026-01-26T00:00:00+00:00,2026-01-29T12:00:00+00:00,0.20334066,0.200831254286,20.0,-0.2468,,stop,21
XLMUSDT,book,2026-01-30T00:00:00+00:00,2026-01-31T04:00:00+00:00,0.19873974,0.187952142052,20.0,-1.0856,,stop,7
XLMUSDT,book,2026-01-31T20:00:00+00:00,2026-02-05T08:00:00+00:00,0.17473494,0.158310414441,20.0,-1.8799,,stop,27
XLMUSDT,book,2026-02-05T16:00:00+00:00,2026-02-06T00:00:00+00:00,0.15443088,0.137546222395,20.0,-2.1867,,stop,2
XLMUSDT,book,2026-02-06T04:00:00+00:00,2026-02-22T00:00:00+00:00,0.1520304,0.154654777143,20.0,0.3452,,stop,95
XLMUSDT,book,2026-02-22T12:00:00+00:00,2026-02-23T00:00:00+00:00,0.15673134,0.149540711589,20.0,-0.9176,,stop,3
XLMUSDT,book,2026-02-23T08:00:00+00:00,2026-02-26T16:00:00+00:00,0.15333066,0.158511148571,20.0,0.6757,,stop,20
XLMUSDT,book,2026-02-27T08:00:00+00:00,2026-02-28T04:00:00+00:00,0.1660332,0.155662775503,20.0,-1.2492,,stop,5
XLMUSDT,book,2026-02-28T16:00:00+00:00,2026-03-03T12:00:00+00:00,0.15163032,0.149141594286,20.0,-0.3283,,stop,17
XLMUSDT,book,2026-03-03T20:00:00+00:00,2026-03-08T04:00:00+00:00,0.15143028,0.148384602857,20.0,-0.4023,,stop,26
XLMUSDT,book,2026-03-08T08:00:00+00:00,2026-03-11T00:00:00+00:00,0.15003,0.157611328571,20.0,1.0106,,stop,16
XLMUSDT,book,2026-03-11T20:00:00+00:00,2026-03-19T12:00:00+00:00,0.15993198,0.164967,20.0,0.6296,,stop,46
XLMUSDT,book,2026-03-19T16:00:00+00:00,2026-03-22T20:00:00+00:00,0.16483296,0.155783939837,20.0,-1.098,,stop,19
XLMUSDT,book,2026-03-23T00:00:00+00:00,2026-03-26T08:00:00+00:00,0.1560312,0.172822571429,20.0,2.1523,,stop,20
XLMUSDT,book,2026-03-26T12:00:00+00:00,2026-03-29T20:00:00+00:00,0.17273454,0.162380628806,20.0,-1.1988,,stop,20
XLMUSDT,book,2026-03-30T00:00:00+00:00,2026-04-02T00:00:00+00:00,0.1645329,0.164338554286,20.0,-0.0236,,stop,18
XLMUSDT,book,2026-04-02T04:00:00+00:00,2026-04-06T20:00:00+00:00,0.16423284,0.155094672003,20.0,-1.1128,,stop,28
XLMUSDT,book,2026-04-07T04:00:00+00:00,2026-04-09T00:00:00+00:00,0.15593118,0.155983082857,20.0,0.0067,,stop,11
XLMUSDT,book,2026-04-09T16:00:00+00:00,2026-04-25T08:00:00+00:00,0.15583116,0.171380002857,20.0,1.9956,,stop,94
XLMUSDT,book,2026-04-25T16:00:00+00:00,2026-04-27T16:00:00+00:00,0.17113422,0.164458464585,20.0,-0.7802,,stop,12
XLMUSDT,book,2026-04-28T00:00:00+00:00,2026-04-29T12:00:00+00:00,0.1660332,0.159965486217,20.0,-0.7309,,stop,9
XLMUSDT,book,2026-04-30T00:00:00+00:00,2026-05-07T20:00:00+00:00,0.1595319,0.157482782857,20.0,-0.2569,,stop,47
XLMUSDT,book,2026-05-08T08:00:00+00:00,2026-05-12T08:00:00+00:00,0.15843168,0.163581562857,20.0,0.6501,,stop,24
XLMUSDT,book,2026-05-12T12:00:00+00:00,2026-05-15T12:00:00+00:00,0.1645329,0.155591061277,20.0,-1.0869,,stop,18
XLMUSDT,book,2026-05-16T00:00:00+00:00,2026-05-17T20:00:00+00:00,0.15463092,0.146726568816,20.0,-1.0224,,stop,11
XLMUSDT,book,2026-05-18T04:00:00+00:00,2026-05-19T12:00:00+00:00,0.1495299,0.144304604734,20.0,-0.6989,,stop,8
XLMUSDT,book,2026-05-20T08:00:00+00:00,2026-05-23T04:00:00+00:00,0.14322864,0.141200325714,20.0,-0.2832,,stop,17
XLMUSDT,book,2026-05-23T12:00:00+00:00,2026-05-28T04:00:00+00:00,0.14122824,0.166952317143,20.0,3.6429,,stop,28
XLMUSDT,book,2026-05-28T12:00:00+00:00,2026-05-30T04:00:00+00:00,0.17823564,0.272231257143,20.0,10.5473,,stop,10
XLMUSDT,book,2026-05-31T00:00:00+00:00,2026-06-10T08:00:00+00:00,0.22964592,0.183134794286,20.0,-4.0507,,stop,62
XLMUSDT,book,2026-06-10T12:00:00+00:00,2026-06-15T12:00:00+00:00,0.18483696,0.175236374286,20.0,-1.0388,,stop,30
XLMUSDT,book,2026-06-15T16:00:00+00:00,2026-06-19T04:00:00+00:00,0.22474494,0.217185125714,20.0,-0.6727,,stop,21
XLMUSDT,book,2026-06-19T08:00:00+00:00,2026-06-24T12:00:00+00:00,0.21744348,0.18747740559,20.0,-2.7562,,stop,31
XLMUSDT,book,2026-06-25T00:00:00+00:00,2026-06-26T00:00:00+00:00,0.18563712,0.173441710433,20.0,-1.3139,,stop,6
XLMUSDT,book,2026-06-26T08:00:00+00:00,2026-07-07T12:00:00+00:00,0.17913582,0.192404368571,20.0,1.4814,,stop,67
XLMUSDT,book,2026-07-07T16:00:00+00:00,2026-07-08T12:00:00+00:00,0.19273854,0.181684338721,20.0,-1.1471,,stop,5
XLMUSDT,book,2026-07-08T16:00:00+00:00,2026-07-24T12:00:00+00:00,0.1805361,0.178135794286,20.0,-0.2659,,stop,95
XLMUSDT,book,2026-07-25T00:00:00+00:00,2026-07-27T20:00:00+00:00,0.17793558,0.171622811429,20.0,-0.7096,,stop,17
XLMUSDT,book,2026-07-28T04:00:00+00:00,2026-08-05T20:00:00+00:00,0.17213442,0.165424051429,20.0,-0.7797,,stop,52
XLMUSDT,book,2026-08-06T04:00:00+00:00,2026-08-14T20:00:00+00:00,0.16193238,0.157697025714,20.0,-0.5231,,stop,52
XLMUSDT,book,2026-08-15T04:00:00+00:00,2026-08-18T00:00:00+00:00,0.15893178,0.154186650787,20.0,-0.5971,,stop,17
XLMUSDT,book,2026-08-18T16:00:00+00:00,2026-08-20T20:00:00+00:00,0.15533106,0.17806438,20.0,2.9271,,stop,13
XLMUSDT,book,2026-08-21T08:00:00+00:00,2026-08-22T04:00:00+00:00,0.18893778,0.192718591429,20.0,0.4002,,stop,5
XLMUSDT,book,2026-08-22T20:00:00+00:00,2026-08-30T20:00:00+00:00,0.19883976,0.17456508,20.0,-2.4416,,eod,48
