[2026-08-30 01:04:43] لا توجد ذاكرة سابقة؛ بداية جديدة
[2026-08-30 01:04:43] Gemini: مكتبة google-generativeai غير مثبتة (pip install google-generativeai) — الدماغ معطل
[2026-08-30 01:04:43] قواعد Binance USDT: 30 زوجاً
[2026-08-30 01:04:43] كون V5: أفضل 30 زوجاً حسب حجم 24س
[2026-08-30 01:04:43] الحساب الموقّع: OK
[2026-08-30 01:04:43] مصالحة لقطية (إقلاع)
[2026-08-30 01:04:43] تشغيل NOVA V6.2 Hybrid AI-HFT [رشاش + قنّاص] | TESTNET | Spot فقط | التنفيذ حدثي بالكامل: aggTrade + bookTicker (لا شموع إشارة ولا إغلاقات) | أفضل 50 زوجاً (تحديث كل 3600ث) | WebSocket: kline_1m (ATR فقط)+aggTrade+bookTicker+btcusdt@kline_1m | الزناد: هبوط ≥ 0.25% خلال 15ث + جدار شراء > 1.5x bid/ask | مخاطرة 1.0$/صفقة بسقف مركز 12.0$ | وقف طوارئ ATR(1m)×1.5 بسقف 3.0% + خروج هجين (تعادل +0.3% ثم تتبّع 0.2/0.08%) | وقف زمني 45ث (Hit & Run) | تهدئة ديناميكية 60/90/120ث | قاطع BTC بهبوط 0.5%/3د | حتى 15 مركزاً (3/عملة) | Gemini Auto-Tune كل 4س (معطّل) | Dust→BNB كل 24س | التنفيذ: غير مفعّل | الحاكم: 3 متتالية/2.0$ ساعة/5.0$ يوم | ميزانية أوامر 40/10ث
[2026-08-30 01:04:43] الفحص الفوري: 0 قنصة منفذة
[2026-08-30 01:04:43] تم إيقاف البوت؛ الذاكرة محفوظة
✅ amain(--once) أكمل مسار الإقلاع بنجاح

الحصيلة: ALL PASS ✅
[2026-08-30 01:04:44] ذاكرة V5: 0 مركزاً مفتوحاً | صفقات 0
[2026-08-30 01:04:44] Gemini: مكتبة google-generativeai غير مثبتة (pip install google-generativeai) — الدماغ معطل
[2026-08-30 01:04:47] قواعد Binance USDT: 489 زوجاً
[2026-08-30 01:04:48] كون V5: أفضل 17 زوجاً حسب حجم 24س
[2026-08-30 01:04:56] الحساب الموقّع: OK
[2026-08-30 01:04:56] مصالحة لقطية (إقلاع)
[2026-08-30 01:04:56] تشغيل NOVA V6.2 Hybrid AI-HFT [رشاش + قنّاص] | TESTNET | Spot فقط | التنفيذ حدثي بالكامل: aggTrade + bookTicker (لا شموع إشارة ولا إغلاقات) | أفضل 50 زوجاً (تحديث كل 3600ث) | WebSocket: kline_1m (ATR فقط)+aggTrade+bookTicker+btcusdt@kline_1m + User Data Stream | الزناد: هبوط ≥ 0.25% خلال 15ث + جدار شراء > 1.5x bid/ask | مخاطرة 1.0$/صفقة بسقف مركز 12.0$ | وقف طوارئ ATR(1m)×1.5 بسقف 3.0% + خروج هجين (تعادل +0.3% ثم تتبّع 0.2/0.08%) | وقف زمني 45ث (Hit & Run) | تهدئة ديناميكية 60/90/120ث | قاطع BTC بهبوط 0.5%/3د | حتى 15 مركزاً (3/عملة) | Gemini Auto-Tune كل 4س (معطّل) | Dust→BNB كل 24س | التنفيذ: مفعّل | الحاكم: 3 متتالية/2.0$ ساعة/5.0$ يوم | ميزانية أوامر 40/10ث
[2026-08-30 01:04:56] Auto-Tune: معطل حالياً — الحلقة ستفحص كل 4 ساعات
[2026-08-30 01:04:57] انقطاع User Data Stream: استجابة Binance غير صالحة HTTP 410; إعادة الاتصال خلال 1ث
[2026-08-30 01:04:57] BTC Context Stream متصل (btcusdt@kline_1m)
[2026-08-30 01:04:57] WebSocket السوق متصل: 51 تدفقاً لأفضل 17 زوجاً
[2026-08-30 01:04:59] انقطاع User Data Stream: استجابة Binance غير صالحة HTTP 410; إعادة الاتصال خلال 2ث
[2026-08-30 01:05:02] انقطاع User Data Stream: استجابة Binance غير صالحة HTTP 410; إعادة الاتصال خلال 4ث
[2026-08-30 01:05:07] انقطاع User Data Stream: استجابة Binance غير صالحة HTTP 410; إعادة الاتصال خلال 8ث
[2026-08-30 01:05:15] انقطاع User Data Stream: استجابة Binance غير صالحة HTTP 410; إعادة الاتصال خلال 16ث
[2026-08-30 01:05:33] انقطاع User Data Stream: استجابة Binance غير صالحة HTTP 410; إعادة الاتصال خلال 32ث
[2026-08-30 01:06:05] مصالحة لقطية (إعادة اتصال User Stream)
[2026-08-30 01:06:06] انقطاع User Data Stream: استجابة Binance غير صالحة HTTP 410; إعادة الاتصال خلال 60ث
[2026-08-30 01:07:07] مصالحة لقطية (إعادة اتصال User Stream)
[2026-08-30 01:07:07] انقطاع User Data Stream: استجابة Binance غير صالحة HTTP 410; إعادة الاتصال خلال 60ث
[2026-08-30 01:08:08] مصالحة لقطية (إعادة اتصال User Stream)
[2026-08-30 01:08:08] انقطاع User Data Stream: استجابة Binance غير صالحة HTTP 410; إعادة الاتصال خلال 60ث
[2026-08-30 01:09:09] مصالحة لقطية (إعادة اتصال User Stream)
[2026-08-30 01:09:09] انقطاع User Data Stream: استجابة Binance غير صالحة HTTP 410; إعادة الاتصال خلال 60ث
[2026-08-30 01:09:58] Dust Sweep: تعذر (بيئة لا تدعم SAPI أو خطأ Binance)
[2026-08-30 01:10:11] مصالحة لقطية (إعادة اتصال User Stream)
[2026-08-30 01:10:11] انقطاع User Data Stream: استجابة Binance غير صالحة HTTP 410; إعادة الاتصال خلال 60ث
[2026-08-30 01:11:12] مصالحة لقطية (إعادة اتصال User Stream)
[2026-08-30 01:11:13] انقطاع User Data Stream: استجابة Binance غير صالحة HTTP 410; إعادة الاتصال خلال 60ث
[2026-08-30 01:12:12] انقطاع BTC Context Stream: Cannot connect to host stream.testnet.binance.vision:443 ssl:default [No address associated with hostname]; إعادة الاتصال خلال 2ث
[2026-08-30 01:12:12] انقطاع WebSocket السوق: Cannot connect to host stream.testnet.binance.vision:443 ssl:default [No address associated with hostname]; إعادة الاتصال خلال 2ث
[2026-08-30 01:12:14] مصالحة لقطية (إعادة اتصال User Stream)
[2026-08-30 01:12:17] فشل إعادة تحميل BTCUSDT: شبكة Binance: 
[2026-08-30 01:12:24] انقطاع BTC Context Stream: Cannot connect to host stream.testnet.binance.vision:443 ssl:default [No address associated with hostname]; إعادة الاتصال خلال 4ث
[2026-08-30 01:12:24] انقطاع WebSocket السوق: Cannot connect to host stream.testnet.binance.vision:443 ssl:default [No address associated with hostname]; إعادة الاتصال خلال 4ث
[2026-08-30 01:12:24] انقطاع User Data Stream: شبكة Binance: ; إعادة الاتصال خلال 60ث
[2026-08-30 01:12:29] WebSocket السوق متصل: 51 تدفقاً لأفضل 17 زوجاً
[2026-08-30 01:12:30] BTC Context Stream متصل (btcusdt@kline_1m)
[2026-08-30 01:12:56] BTC Context Stream متصل (btcusdt@kline_1m)
[2026-08-30 01:12:56] WebSocket السوق متصل: 51 تدفقاً لأفضل 17 زوجاً
[2026-08-30 01:13:25] مصالحة لقطية (إعادة اتصال User Stream)
[2026-08-30 01:13:28] انقطاع User Data Stream: استجابة Binance غير صالحة HTTP 410; إعادة الاتصال خلال 60ث
[2026-08-30 01:14:29] مصالحة لقطية (إعادة اتصال User Stream)
[2026-08-30 01:14:33] انقطاع User Data Stream: استجابة Binance غير صالحة HTTP 410; إعادة الاتصال خلال 60ث
[2026-08-30 01:15:03] Dust Sweep: تعذر (بيئة لا تدعم SAPI أو خطأ Binance)
[2026-08-30 01:15:34] مصالحة لقطية (إعادة اتصال User Stream)
[2026-08-30 01:15:42] انقطاع User Data Stream: استجابة Binance غير صالحة HTTP 410; إعادة الاتصال خلال 60ث
[2026-08-30 01:16:43] مصالحة لقطية (إعادة اتصال User Stream)
[2026-08-30 01:16:47] انقطاع User Data Stream: استجابة Binance غير صالحة HTTP 410; إعادة الاتصال خلال 60ث
[2026-08-30 01:17:39] BTC Context Stream متصل (btcusdt@kline_1m)
[2026-08-30 01:17:39] WebSocket السوق متصل: 51 تدفقاً لأفضل 17 زوجاً
[2026-08-30 01:17:47] مصالحة لقطية (إعادة اتصال User Stream)
[2026-08-30 01:17:48] انقطاع User Data Stream: استجابة Binance غير صالحة HTTP 410; إعادة الاتصال خلال 60ث
[2026-08-30 01:18:49] مصالحة لقطية (إعادة اتصال User Stream)
[2026-08-30 01:18:50] انقطاع User Data Stream: استجابة Binance غير صالحة HTTP 410; إعادة الاتصال خلال 60ث
[2026-08-30 01:19:50] مصالحة لقطية (إعادة اتصال User Stream)
[2026-08-30 01:19:51] انقطاع User Data Stream: استجابة Binance غير صالحة HTTP 410; إعادة الاتصال خلال 60ث
[2026-08-30 01:20:04] Dust Sweep: تعذر (بيئة لا تدعم SAPI أو خطأ Binance)
[2026-08-30 01:20:52] مصالحة لقطية (إعادة اتصال User Stream)
[2026-08-30 01:20:53] انقطاع User Data Stream: استجابة Binance غير صالحة HTTP 410; إعادة الاتصال خلال 60ث
[2026-08-30 01:21:54] مصالحة لقطية (إعادة اتصال User Stream)
[2026-08-30 01:21:55] انقطاع User Data Stream: استجابة Binance غير صالحة HTTP 410; إعادة الاتصال خلال 60ث
[2026-08-30 01:22:55] مصالحة لقطية (إعادة اتصال User Stream)
[2026-08-30 01:22:56] انقطاع User Data Stream: استجابة Binance غير صالحة HTTP 410; إعادة الاتصال خلال 60ث
[2026-08-30 01:23:56] مصالحة لقطية (إعادة اتصال User Stream)
[2026-08-30 01:23:57] انقطاع User Data Stream: استجابة Binance غير صالحة HTTP 410; إعادة الاتصال خلال 60ث
[2026-08-30 01:24:57] مصالحة لقطية (إعادة اتصال User Stream)
[2026-08-30 01:24:58] انقطاع User Data Stream: استجابة Binance غير صالحة HTTP 410; إعادة الاتصال خلال 60ث
[2026-08-30 01:25:04] Dust Sweep: تعذر (بيئة لا تدعم SAPI أو خطأ Binance)
[2026-08-30 01:25:59] مصالحة لقطية (إعادة اتصال User Stream)
[2026-08-30 01:26:01] انقطاع User Data Stream: استجابة Binance غير صالحة HTTP 410; إعادة الاتصال خلال 60ث
[2026-08-30 01:27:01] مصالحة لقطية (إعادة اتصال User Stream)
[2026-08-30 01:27:02] انقطاع User Data Stream: استجابة Binance غير صالحة HTTP 410; إعادة الاتصال خلال 60ث
[2026-08-30 01:28:03] مصالحة لقطية (إعادة اتصال User Stream)
[2026-08-30 01:28:04] انقطاع User Data Stream: استجابة Binance غير صالحة HTTP 410; إعادة الاتصال خلال 60ث
[2026-08-30 01:29:02] قنّاص BTCUSDT: هبوط 1.44% خلال 15ث — بانتظار جدار الشراء (bid/ask = 0.97x < 1.5x)
[2026-08-30 01:29:05] قنّاص BTCUSDT: هبوط 1.10% خلال 15ث — بانتظار جدار الشراء (bid/ask = 0.47x < 1.5x)
[2026-08-30 01:29:05] مصالحة لقطية (إعادة اتصال User Stream)
[2026-08-30 01:29:06] انقطاع User Data Stream: استجابة Binance غير صالحة HTTP 410; إعادة الاتصال خلال 60ث
[2026-08-30 01:29:08] ⚡ قنّاص الانهيار: BTCUSDT هبوط 1.63% خلال 15ث + جدار شراء 15.12x → دخول فوري
[2026-08-30 01:29:08] أمر دخول LIMIT_MAKER(صانع) BTCUSDT @ 78226.53000000 (cid=NV5E0400FF76BF447EB9FB4) — بانتظار executionReport
[2026-08-30 01:29:11] ⚡ قنّاص الانهيار: BTCUSDT هبوط 1.94% خلال 15ث + جدار شراء 15.34x → دخول فوري
[2026-08-30 01:29:11] أمر دخول LIMIT_MAKER(صانع) BTCUSDT @ 78139.86000000 (cid=NV5B37298EE2D6144E1AF4A) — بانتظار executionReport
[2026-08-30 01:29:14] ⚡ قنّاص الانهيار: BTCUSDT هبوط 1.94% خلال 15ث + جدار شراء 15.42x → دخول فوري
[2026-08-30 01:29:15] أمر دخول LIMIT_MAKER(صانع) BTCUSDT @ 78139.86000000 (cid=NV594D7EA2D2DA74325A52A) — بانتظار executionReport
[2026-08-30 01:29:17] صانع BTCUSDT: انتهت مهلة 8ث بلا تنفيذ — أُلغي أمر الصانع
[2026-08-30 01:29:20] صانع BTCUSDT: انتهت مهلة 8ث بلا تنفيذ — أُلغي أمر الصانع
[2026-08-30 01:29:20] Watchdog: صمت الأحداث لأمر الدخول BTCUSDT؛ استيضاح REST أحادي
[2026-08-30 01:29:23] صانع BTCUSDT: انتهت مهلة 8ث بلا تنفيذ — أُلغي أمر الصانع
[2026-08-30 01:29:23] Watchdog: صمت الأحداث لأمر الدخول BTCUSDT؛ استيضاح REST أحادي
[2026-08-30 01:29:27] Watchdog: صمت الأحداث لأمر الدخول BTCUSDT؛ استيضاح REST أحادي
[2026-08-30 01:30:05] Dust Sweep: تعذر (بيئة لا تدعم SAPI أو خطأ Binance)
[2026-08-30 01:30:07] مصالحة لقطية (إعادة اتصال User Stream)
[2026-08-30 01:30:07] انقطاع User Data Stream: استجابة Binance غير صالحة HTTP 410; إعادة الاتصال خلال 60ث
[2026-08-30 01:31:08] مصالحة لقطية (إعادة اتصال User Stream)
[2026-08-30 01:31:14] انقطاع User Data Stream: استجابة Binance غير صالحة HTTP 410; إعادة الاتصال خلال 60ث
[2026-08-30 01:32:14] مصالحة لقطية (إعادة اتصال User Stream)
[2026-08-30 01:32:15] انقطاع User Data Stream: استجابة Binance غير صالحة HTTP 410; إعادة الاتصال خلال 60ث
[2026-08-30 01:33:16] مصالحة لقطية (إعادة اتصال User Stream)
[2026-08-30 01:33:17] انقطاع User Data Stream: استجابة Binance غير صالحة HTTP 410; إعادة الاتصال خلال 60ث
[2026-08-30 01:34:17] مصالحة لقطية (إعادة اتصال User Stream)
[2026-08-30 01:34:18] انقطاع User Data Stream: استجابة Binance غير صالحة HTTP 410; إعادة الاتصال خلال 60ث
[2026-08-30 01:35:06] Dust Sweep: تعذر (بيئة لا تدعم SAPI أو خطأ Binance)
[2026-08-30 01:35:18] مصالحة لقطية (إعادة اتصال User Stream)
[2026-08-30 01:35:19] انقطاع User Data Stream: استجابة Binance غير صالحة HTTP 410; إعادة الاتصال خلال 60ث
[2026-08-30 01:36:19] مصالحة لقطية (إعادة اتصال User Stream)
[2026-08-30 01:36:20] انقطاع User Data Stream: استجابة Binance غير صالحة HTTP 410; إعادة الاتصال خلال 60ث
[2026-08-30 01:37:22] مصالحة لقطية (إعادة اتصال User Stream)
[2026-08-30 01:37:22] انقطاع User Data Stream: استجابة Binance غير صالحة HTTP 410; إعادة الاتصال خلال 60ث
[2026-08-30 01:38:24] مصالحة لقطية (إعادة اتصال User Stream)
[2026-08-30 01:38:24] انقطاع User Data Stream: استجابة Binance غير صالحة HTTP 410; إعادة الاتصال خلال 60ث
[2026-08-30 01:39:25] مصالحة لقطية (إعادة اتصال User Stream)
[2026-08-30 01:39:26] انقطاع User Data Stream: استجابة Binance غير صالحة HTTP 410; إعادة الاتصال خلال 60ث
[2026-08-30 01:40:06] Dust Sweep: تعذر (بيئة لا تدعم SAPI أو خطأ Binance)
[2026-08-30 01:40:26] مصالحة لقطية (إعادة اتصال User Stream)
[2026-08-30 01:40:27] انقطاع User Data Stream: استجابة Binance غير صالحة HTTP 410; إعادة الاتصال خلال 60ث
[2026-08-30 01:41:27] مصالحة لقطية (إعادة اتصال User Stream)
[2026-08-30 01:41:29] انقطاع User Data Stream: استجابة Binance غير صالحة HTTP 410; إعادة الاتصال خلال 60ث
[2026-08-30 01:42:30] مصالحة لقطية (إعادة اتصال User Stream)
[2026-08-30 01:42:30] انقطاع User Data Stream: استجابة Binance غير صالحة HTTP 410; إعادة الاتصال خلال 60ث
[2026-08-30 01:43:32] مصالحة لقطية (إعادة اتصال User Stream)
[2026-08-30 01:43:32] انقطاع User Data Stream: استجابة Binance غير صالحة HTTP 410; إعادة الاتصال خلال 60ث
[2026-08-30 01:44:33] مصالحة لقطية (إعادة اتصال User Stream)
[2026-08-30 01:44:34] انقطاع User Data Stream: استجابة Binance غير صالحة HTTP 410; إعادة الاتصال خلال 60ث
[2026-08-30 01:45:07] Dust Sweep: تعذر (بيئة لا تدعم SAPI أو خطأ Binance)
[2026-08-30 01:45:35] مصالحة لقطية (إعادة اتصال User Stream)
[2026-08-30 01:45:35] انقطاع User Data Stream: استجابة Binance غير صالحة HTTP 410; إعادة الاتصال خلال 60ث
[2026-08-30 01:46:35] مصالحة لقطية (إعادة اتصال User Stream)
[2026-08-30 01:46:37] انقطاع User Data Stream: استجابة Binance غير صالحة HTTP 410; إعادة الاتصال خلال 60ث
[2026-08-30 01:46:52] قنّاص GTCUSDT: هبوط 0.26% خلال 15ث — بانتظار جدار الشراء (bid/ask = 0.00x < 1.5x)
[2026-08-30 01:47:37] مصالحة لقطية (إعادة اتصال User Stream)
[2026-08-30 01:47:37] انقطاع User Data Stream: استجابة Binance غير صالحة HTTP 410; إعادة الاتصال خلال 60ث
[2026-08-30 01:48:38] مصالحة لقطية (إعادة اتصال User Stream)
[2026-08-30 01:48:39] انقطاع User Data Stream: استجابة Binance غير صالحة HTTP 410; إعادة الاتصال خلال 60ث
[2026-08-30 01:49:40] مصالحة لقطية (إعادة اتصال User Stream)
[2026-08-30 01:49:40] انقطاع User Data Stream: استجابة Binance غير صالحة HTTP 410; إعادة الاتصال خلال 60ث
[2026-08-30 01:50:07] Dust Sweep: تعذر (بيئة لا تدعم SAPI أو خطأ Binance)
[2026-08-30 01:50:42] مصالحة لقطية (إعادة اتصال User Stream)
[2026-08-30 01:50:42] انقطاع User Data Stream: استجابة Binance غير صالحة HTTP 410; إعادة الاتصال خلال 60ث
[2026-08-30 01:51:43] مصالحة لقطية (إعادة اتصال User Stream)
[2026-08-30 01:51:44] انقطاع User Data Stream: استجابة Binance غير صالحة HTTP 410; إعادة الاتصال خلال 60ث
[2026-08-30 01:52:46] مصالحة لقطية (إعادة اتصال User Stream)
[2026-08-30 01:52:46] انقطاع User Data Stream: استجابة Binance غير صالحة HTTP 410; إعادة الاتصال خلال 60ث
[2026-08-30 01:53:48] مصالحة لقطية (إعادة اتصال User Stream)
[2026-08-30 01:53:48] انقطاع User Data Stream: استجابة Binance غير صالحة HTTP 410; إعادة الاتصال خلال 60ث
[2026-08-30 01:54:49] مصالحة لقطية (إعادة اتصال User Stream)
[2026-08-30 01:54:49] انقطاع User Data Stream: استجابة Binance غير صالحة HTTP 410; إعادة الاتصال خلال 60ث
[2026-08-30 01:55:08] Dust Sweep: تعذر (بيئة لا تدعم SAPI أو خطأ Binance)
[2026-08-30 01:55:51] مصالحة لقطية (إعادة اتصال User Stream)
[2026-08-30 01:55:51] انقطاع User Data Stream: استجابة Binance غير صالحة HTTP 410; إعادة الاتصال خلال 60ث
[2026-08-30 01:56:51] مصالحة لقطية (إعادة اتصال User Stream)
[2026-08-30 01:56:57] انقطاع User Data Stream: استجابة Binance غير صالحة HTTP 410; إعادة الاتصال خلال 60ث
[2026-08-30 01:57:57] مصالحة لقطية (إعادة اتصال User Stream)
[2026-08-30 01:57:58] انقطاع User Data Stream: استجابة Binance غير صالحة HTTP 410; إعادة الاتصال خلال 60ث
[2026-08-30 01:58:58] مصالحة لقطية (إعادة اتصال User Stream)
[2026-08-30 01:58:59] انقطاع User Data Stream: استجابة Binance غير صالحة HTTP 410; إعادة الاتصال خلال 60ث
[2026-08-30 02:00:01] مصالحة لقطية (إعادة اتصال User Stream)
[2026-08-30 02:00:01] انقطاع User Data Stream: استجابة Binance غير صالحة HTTP 410; إعادة الاتصال خلال 60ث
[2026-08-30 02:00:08] Dust Sweep: تعذر (بيئة لا تدعم SAPI أو خطأ Binance)
[2026-08-30 02:01:02] مصالحة لقطية (إعادة اتصال User Stream)
[2026-08-30 02:01:03] انقطاع User Data Stream: استجابة Binance غير صالحة HTTP 410; إعادة الاتصال خلال 60ث
[2026-08-30 02:02:03] مصالحة لقطية (إعادة اتصال User Stream)
[2026-08-30 02:02:04] انقطاع User Data Stream: استجابة Binance غير صالحة HTTP 410; إعادة الاتصال خلال 60ث
[2026-08-30 02:03:05] مصالحة لقطية (إعادة اتصال User Stream)
[2026-08-30 02:03:05] انقطاع User Data Stream: استجابة Binance غير صالحة HTTP 410; إعادة الاتصال خلال 60ث
[2026-08-30 02:04:07] مصالحة لقطية (إعادة اتصال User Stream)
[2026-08-30 02:04:07] انقطاع User Data Stream: استجابة Binance غير صالحة HTTP 410; إعادة الاتصال خلال 60ث
[2026-08-30 02:04:57] كون V5: أفضل 17 زوجاً حسب حجم 24س
[2026-08-30 02:05:08] مصالحة لقطية (إعادة اتصال User Stream)
[2026-08-30 02:05:08] انقطاع User Data Stream: استجابة Binance غير صالحة HTTP 410; إعادة الاتصال خلال 60ث
[2026-08-30 02:05:09] Dust Sweep: تعذر (بيئة لا تدعم SAPI أو خطأ Binance)
[2026-08-30 02:06:09] مصالحة لقطية (إعادة اتصال User Stream)
[2026-08-30 02:06:10] انقطاع User Data Stream: استجابة Binance غير صالحة HTTP 410; إعادة الاتصال خلال 60ث
[2026-08-30 02:07:11] مصالحة لقطية (إعادة اتصال User Stream)
[2026-08-30 02:07:12] انقطاع User Data Stream: استجابة Binance غير صالحة HTTP 410; إعادة الاتصال خلال 60ث
[2026-08-30 02:08:12] مصالحة لقطية (إعادة اتصال User Stream)
[2026-08-30 02:08:13] انقطاع User Data Stream: استجابة Binance غير صالحة HTTP 410; إعادة الاتصال خلال 60ث
[2026-08-30 02:09:13] مصالحة لقطية (إعادة اتصال User Stream)
[2026-08-30 02:09:14] انقطاع User Data Stream: استجابة Binance غير صالحة HTTP 410; إعادة الاتصال خلال 60ث
[2026-08-30 02:10:09] Dust Sweep: تعذر (بيئة لا تدعم SAPI أو خطأ Binance)
[2026-08-30 02:10:15] مصالحة لقطية (إعادة اتصال User Stream)
[2026-08-30 02:10:15] انقطاع User Data Stream: استجابة Binance غير صالحة HTTP 410; إعادة الاتصال خلال 60ث
[2026-08-30 02:11:15] مصالحة لقطية (إعادة اتصال User Stream)
[2026-08-30 02:11:16] انقطاع User Data Stream: استجابة Binance غير صالحة HTTP 410; إعادة الاتصال خلال 60ث
[2026-08-30 02:12:16] مصالحة لقطية (إعادة اتصال User Stream)
[2026-08-30 02:12:18] انقطاع User Data Stream: استجابة Binance غير صالحة HTTP 410; إعادة الاتصال خلال 60ث
[2026-08-30 02:13:18] مصالحة لقطية (إعادة اتصال User Stream)
[2026-08-30 02:13:18] انقطاع User Data Stream: استجابة Binance غير صالحة HTTP 410; إعادة الاتصال خلال 60ث
[2026-08-30 02:14:20] مصالحة لقطية (إعادة اتصال User Stream)
[2026-08-30 02:14:21] انقطاع User Data Stream: استجابة Binance غير صالحة HTTP 410; إعادة الاتصال خلال 60ث
[2026-08-30 02:15:10] Dust Sweep: تعذر (بيئة لا تدعم SAPI أو خطأ Binance)
[2026-08-30 02:15:21] مصالحة لقطية (إعادة اتصال User Stream)
[2026-08-30 02:15:21] انقطاع User Data Stream: استجابة Binance غير صالحة HTTP 410; إعادة الاتصال خلال 60ث
[2026-08-30 02:16:22] مصالحة لقطية (إعادة اتصال User Stream)
[2026-08-30 02:16:23] انقطاع User Data Stream: استجابة Binance غير صالحة HTTP 410; إعادة الاتصال خلال 60ث
[2026-08-30 02:16:49] 🚀 رشاش GTCUSDT: flow حركة 0.10% (عتبة 0.12%) تدفق 73.1x → دخول فوري
[2026-08-30 02:16:51] أمر دخول LIMIT_MAKER(صانع) GTCUSDT @ 0.08413000 (cid=NV5392883EBBB384CFFBF36) — بانتظار executionReport
[2026-08-30 02:16:55] 🚀 رشاش GTCUSDT: flow حركة 0.10% (عتبة 0.12%) تدفق 36.5x → دخول فوري
[2026-08-30 02:16:57] أمر دخول LIMIT_MAKER(صانع) GTCUSDT @ 0.08413000 (cid=NV5E98B6596B1874865BA24) — بانتظار executionReport
[2026-08-30 02:16:58] 🚀 رشاش GTCUSDT: flow حركة 0.10% (عتبة 0.12%) تدفق 25.5x → دخول فوري
[2026-08-30 02:16:59] صانع GTCUSDT: انتهت مهلة 8ث بلا تنفيذ — أُلغي أمر الصانع
[2026-08-30 02:17:00] أمر دخول LIMIT_MAKER(صانع) GTCUSDT @ 0.08413000 (cid=NV5AEB7B038E1E34E1680FE) — بانتظار executionReport
[2026-08-30 02:17:03] Watchdog: صمت الأحداث لأمر الدخول GTCUSDT؛ استيضاح REST أحادي
[2026-08-30 02:17:05] صانع GTCUSDT: انتهت مهلة 8ث بلا تنفيذ — أُلغي أمر الصانع
[2026-08-30 02:17:08] صانع GTCUSDT: انتهت مهلة 8ث بلا تنفيذ — أُلغي أمر الصانع
[2026-08-30 02:17:09] Watchdog: صمت الأحداث لأمر الدخول GTCUSDT؛ استيضاح REST أحادي
[2026-08-30 02:17:12] Watchdog: صمت الأحداث لأمر الدخول GTCUSDT؛ استيضاح REST أحادي
[2026-08-30 02:17:24] مصالحة لقطية (إعادة اتصال User Stream)
[2026-08-30 02:17:25] انقطاع User Data Stream: استجابة Binance غير صالحة HTTP 410; إعادة الاتصال خلال 60ث
[2026-08-30 02:17:26] 🚀 رشاش GTCUSDT: impulse حركة 0.17% (عتبة 0.12%) تدفق 27.2x → دخول فوري
[2026-08-30 02:18:25] مصالحة لقطية (إعادة اتصال User Stream)
[2026-08-30 02:18:26] انقطاع User Data Stream: استجابة Binance غير صالحة HTTP 410; إعادة الاتصال خلال 60ث
[2026-08-30 02:19:27] مصالحة لقطية (إعادة اتصال User Stream)
[2026-08-30 02:19:28] انقطاع User Data Stream: استجابة Binance غير صالحة HTTP 410; إعادة الاتصال خلال 60ث
[2026-08-30 02:20:11] Dust Sweep: تعذر (بيئة لا تدعم SAPI أو خطأ Binance)
[2026-08-30 02:20:29] مصالحة لقطية (إعادة اتصال User Stream)
[2026-08-30 02:20:29] انقطاع User Data Stream: استجابة Binance غير صالحة HTTP 410; إعادة الاتصال خلال 60ث
[2026-08-30 02:21:31] مصالحة لقطية (إعادة اتصال User Stream)
[2026-08-30 02:21:31] انقطاع User Data Stream: استجابة Binance غير صالحة HTTP 410; إعادة الاتصال خلال 60ث
[2026-08-30 02:22:32] مصالحة لقطية (إعادة اتصال User Stream)
[2026-08-30 02:22:33] انقطاع User Data Stream: استجابة Binance غير صالحة HTTP 410; إعادة الاتصال خلال 60ث
[2026-08-30 02:23:33] مصالحة لقطية (إعادة اتصال User Stream)
[2026-08-30 02:23:34] انقطاع User Data Stream: استجابة Binance غير صالحة HTTP 410; إعادة الاتصال خلال 60ث
[2026-08-30 02:24:35] مصالحة لقطية (إعادة اتصال User Stream)
[2026-08-30 02:24:36] انقطاع User Data Stream: استجابة Binance غير صالحة HTTP 410; إعادة الاتصال خلال 60ث
[2026-08-30 02:25:12] Dust Sweep: تعذر (بيئة لا تدعم SAPI أو خطأ Binance)
[2026-08-30 02:25:37] مصالحة لقطية (إعادة اتصال User Stream)
[2026-08-30 02:25:38] انقطاع User Data Stream: استجابة Binance غير صالحة HTTP 410; إعادة الاتصال خلال 60ث
[2026-08-30 02:26:39] مصالحة لقطية (إعادة اتصال User Stream)
[2026-08-30 02:26:39] انقطاع User Data Stream: استجابة Binance غير صالحة HTTP 410; إعادة الاتصال خلال 60ث
[2026-08-30 02:27:40] مصالحة لقطية (إعادة اتصال User Stream)
[2026-08-30 02:27:40] انقطاع User Data Stream: استجابة Binance غير صالحة HTTP 410; إعادة الاتصال خلال 60ث
[2026-08-30 02:28:40] مصالحة لقطية (إعادة اتصال User Stream)
[2026-08-30 02:28:41] انقطاع User Data Stream: استجابة Binance غير صالحة HTTP 410; إعادة الاتصال خلال 60ث
[2026-08-30 02:29:42] مصالحة لقطية (إعادة اتصال User Stream)
[2026-08-30 02:29:42] انقطاع User Data Stream: استجابة Binance غير صالحة HTTP 410; إعادة الاتصال خلال 60ث
[2026-08-30 02:30:12] Dust Sweep: تعذر (بيئة لا تدعم SAPI أو خطأ Binance)
[2026-08-30 02:30:43] مصالحة لقطية (إعادة اتصال User Stream)
[2026-08-30 02:30:44] انقطاع User Data Stream: استجابة Binance غير صالحة HTTP 410; إعادة الاتصال خلال 60ث
[2026-08-30 02:31:44] مصالحة لقطية (إعادة اتصال User Stream)
[2026-08-30 02:31:44] انقطاع User Data Stream: استجابة Binance غير صالحة HTTP 410; إعادة الاتصال خلال 60ث
[2026-08-30 02:32:45] مصالحة لقطية (إعادة اتصال User Stream)
[2026-08-30 02:32:46] انقطاع User Data Stream: استجابة Binance غير صالحة HTTP 410; إعادة الاتصال خلال 60ث
[2026-08-30 02:33:46] مصالحة لقطية (إعادة اتصال User Stream)
[2026-08-30 02:33:48] انقطاع User Data Stream: استجابة Binance غير صالحة HTTP 410; إعادة الاتصال خلال 60ث
[2026-08-30 02:34:48] مصالحة لقطية (إعادة اتصال User Stream)
[2026-08-30 02:34:49] انقطاع User Data Stream: استجابة Binance غير صالحة HTTP 410; إعادة الاتصال خلال 60ث
[2026-08-30 02:35:13] Dust Sweep: تعذر (بيئة لا تدعم SAPI أو خطأ Binance)
[2026-08-30 02:35:49] مصالحة لقطية (إعادة اتصال User Stream)
[2026-08-30 02:35:50] انقطاع User Data Stream: استجابة Binance غير صالحة HTTP 410; إعادة الاتصال خلال 60ث
[2026-08-30 02:36:50] مصالحة لقطية (إعادة اتصال User Stream)
[2026-08-30 02:36:51] انقطاع User Data Stream: استجابة Binance غير صالحة HTTP 410; إعادة الاتصال خلال 60ث
[2026-08-30 02:37:52] مصالحة لقطية (إعادة اتصال User Stream)
[2026-08-30 02:37:52] انقطاع User Data Stream: استجابة Binance غير صالحة HTTP 410; إعادة الاتصال خلال 60ث
[2026-08-30 02:38:53] مصالحة لقطية (إعادة اتصال User Stream)
[2026-08-30 02:38:54] انقطاع User Data Stream: استجابة Binance غير صالحة HTTP 410; إعادة الاتصال خلال 60ث
[2026-08-30 02:39:54] مصالحة لقطية (إعادة اتصال User Stream)
[2026-08-30 02:39:55] انقطاع User Data Stream: استجابة Binance غير صالحة HTTP 410; إعادة الاتصال خلال 60ث
[2026-08-30 02:40:13] Dust Sweep: تعذر (بيئة لا تدعم SAPI أو خطأ Binance)
[2026-08-30 02:40:55] مصالحة لقطية (إعادة اتصال User Stream)
[2026-08-30 02:40:56] انقطاع User Data Stream: استجابة Binance غير صالحة HTTP 410; إعادة الاتصال خلال 60ث
[2026-08-30 02:41:56] مصالحة لقطية (إعادة اتصال User Stream)
[2026-08-30 02:41:57] انقطاع User Data Stream: استجابة Binance غير صالحة HTTP 410; إعادة الاتصال خلال 60ث
[2026-08-30 02:42:58] مصالحة لقطية (إعادة اتصال User Stream)
[2026-08-30 02:42:58] انقطاع User Data Stream: استجابة Binance غير صالحة HTTP 410; إعادة الاتصال خلال 60ث
[2026-08-30 02:44:00] مصالحة لقطية (إعادة اتصال User Stream)
[2026-08-30 02:44:00] انقطاع User Data Stream: استجابة Binance غير صالحة HTTP 410; إعادة الاتصال خلال 60ث
[2026-08-30 02:45:01] مصالحة لقطية (إعادة اتصال User Stream)
[2026-08-30 02:45:01] انقطاع User Data Stream: استجابة Binance غير صالحة HTTP 410; إعادة الاتصال خلال 60ث
[2026-08-30 02:45:14] Dust Sweep: تعذر (بيئة لا تدعم SAPI أو خطأ Binance)
[2026-08-30 02:46:02] مصالحة لقطية (إعادة اتصال User Stream)
[2026-08-30 02:46:02] انقطاع User Data Stream: استجابة Binance غير صالحة HTTP 410; إعادة الاتصال خلال 60ث
[2026-08-30 02:47:04] مصالحة لقطية (إعادة اتصال User Stream)
[2026-08-30 02:47:04] انقطاع User Data Stream: استجابة Binance غير صالحة HTTP 410; إعادة الاتصال خلال 60ث
[2026-08-30 02:48:05] مصالحة لقطية (إعادة اتصال User Stream)
[2026-08-30 02:48:05] انقطاع User Data Stream: استجابة Binance غير صالحة HTTP 410; إعادة الاتصال خلال 60ث
[2026-08-30 02:49:05] مصالحة لقطية (إعادة اتصال User Stream)
[2026-08-30 02:49:07] انقطاع User Data Stream: استجابة Binance غير صالحة HTTP 410; إعادة الاتصال خلال 60ث
[2026-08-30 02:50:08] مصالحة لقطية (إعادة اتصال User Stream)
[2026-08-30 02:50:08] انقطاع User Data Stream: استجابة Binance غير صالحة HTTP 410; إعادة الاتصال خلال 60ث
[2026-08-30 02:50:14] Dust Sweep: تعذر (بيئة لا تدعم SAPI أو خطأ Binance)
[2026-08-30 02:51:09] مصالحة لقطية (إعادة اتصال User Stream)
[2026-08-30 02:51:10] انقطاع User Data Stream: استجابة Binance غير صالحة HTTP 410; إعادة الاتصال خلال 60ث
[2026-08-30 02:52:12] مصالحة لقطية (إعادة اتصال User Stream)
[2026-08-30 02:52:12] انقطاع User Data Stream: استجابة Binance غير صالحة HTTP 410; إعادة الاتصال خلال 60ث
[2026-08-30 02:53:13] مصالحة لقطية (إعادة اتصال User Stream)
[2026-08-30 02:53:14] انقطاع User Data Stream: استجابة Binance غير صالحة HTTP 410; إعادة الاتصال خلال 60ث
[2026-08-30 02:54:15] مصالحة لقطية (إعادة اتصال User Stream)
[2026-08-30 02:54:16] انقطاع User Data Stream: استجابة Binance غير صالحة HTTP 410; إعادة الاتصال خلال 60ث
[2026-08-30 02:55:15] Dust Sweep: تعذر (بيئة لا تدعم SAPI أو خطأ Binance)
[2026-08-30 02:55:17] مصالحة لقطية (إعادة اتصال User Stream)
[2026-08-30 02:55:17] انقطاع User Data Stream: استجابة Binance غير صالحة HTTP 410; إعادة الاتصال خلال 60ث
[2026-08-30 02:56:18] مصالحة لقطية (إعادة اتصال User Stream)
[2026-08-30 02:56:19] انقطاع User Data Stream: استجابة Binance غير صالحة HTTP 410; إعادة الاتصال خلال 60ث
[2026-08-30 02:57:20] مصالحة لقطية (إعادة اتصال User Stream)
[2026-08-30 02:57:21] انقطاع User Data Stream: استجابة Binance غير صالحة HTTP 410; إعادة الاتصال خلال 60ث
[2026-08-30 02:58:22] مصالحة لقطية (إعادة اتصال User Stream)
[2026-08-30 02:58:23] انقطاع User Data Stream: استجابة Binance غير صالحة HTTP 410; إعادة الاتصال خلال 60ث
[2026-08-30 02:59:24] مصالحة لقطية (إعادة اتصال User Stream)
[2026-08-30 02:59:26] انقطاع User Data Stream: استجابة Binance غير صالحة HTTP 410; إعادة الاتصال خلال 60ث
[2026-08-30 03:00:16] Dust Sweep: تعذر (بيئة لا تدعم SAPI أو خطأ Binance)
[2026-08-30 03:00:26] مصالحة لقطية (إعادة اتصال User Stream)
[2026-08-30 03:00:26] انقطاع User Data Stream: استجابة Binance غير صالحة HTTP 410; إعادة الاتصال خلال 60ث
[2026-08-30 03:01:27] مصالحة لقطية (إعادة اتصال User Stream)
[2026-08-30 03:01:28] انقطاع User Data Stream: استجابة Binance غير صالحة HTTP 410; إعادة الاتصال خلال 60ث
[2026-08-30 03:01:29] قنّاص GTCUSDT: هبوط 0.25% خلال 15ث — بانتظار جدار الشراء (bid/ask = 0.01x < 1.5x)
[2026-08-30 03:02:30] مصالحة لقطية (إعادة اتصال User Stream)
[2026-08-30 03:02:31] انقطاع User Data Stream: استجابة Binance غير صالحة HTTP 410; إعادة الاتصال خلال 60ث
[2026-08-30 03:03:31] مصالحة لقطية (إعادة اتصال User Stream)
[2026-08-30 03:03:32] انقطاع User Data Stream: استجابة Binance غير صالحة HTTP 410; إعادة الاتصال خلال 60ث
[2026-08-30 03:04:32] مصالحة لقطية (إعادة اتصال User Stream)
[2026-08-30 03:04:33] انقطاع User Data Stream: استجابة Binance غير صالحة HTTP 410; إعادة الاتصال خلال 60ث
[2026-08-30 03:04:59] كون V5: أفضل 18 زوجاً حسب حجم 24س
[2026-08-30 03:04:59] كون محدّث: 18 زوجاً (+1/-0) واشتراكات WebSocket مُحدَّثة
[2026-08-30 03:05:17] Dust Sweep: تعذر (بيئة لا تدعم SAPI أو خطأ Binance)
[2026-08-30 03:05:34] مصالحة لقطية (إعادة اتصال User Stream)
[2026-08-30 03:05:34] انقطاع User Data Stream: استجابة Binance غير صالحة HTTP 410; إعادة الاتصال خلال 60ث
[2026-08-30 03:05:59] أُعيد تحميل شموع DOGEUSDT بعد فجوة بيانات
[2026-08-30 03:06:36] مصالحة لقطية (إعادة اتصال User Stream)
[2026-08-30 03:06:36] انقطاع User Data Stream: استجابة Binance غير صالحة HTTP 410; إعادة الاتصال خلال 60ث
[2026-08-30 03:07:38] مصالحة لقطية (إعادة اتصال User Stream)
[2026-08-30 03:07:39] انقطاع User Data Stream: استجابة Binance غير صالحة HTTP 410; إعادة الاتصال خلال 60ث
[2026-08-30 03:08:40] مصالحة لقطية (إعادة اتصال User Stream)
[2026-08-30 03:08:40] انقطاع User Data Stream: استجابة Binance غير صالحة HTTP 410; إعادة الاتصال خلال 60ث
[2026-08-30 03:09:41] مصالحة لقطية (إعادة اتصال User Stream)
[2026-08-30 03:09:43] انقطاع User Data Stream: استجابة Binance غير صالحة HTTP 410; إعادة الاتصال خلال 60ث
[2026-08-30 03:10:18] Dust Sweep: تعذر (بيئة لا تدعم SAPI أو خطأ Binance)
[2026-08-30 03:10:43] مصالحة لقطية (إعادة اتصال User Stream)
[2026-08-30 03:10:44] انقطاع User Data Stream: استجابة Binance غير صالحة HTTP 410; إعادة الاتصال خلال 60ث
[2026-08-30 03:11:45] مصالحة لقطية (إعادة اتصال User Stream)
[2026-08-30 03:11:45] انقطاع User Data Stream: استجابة Binance غير صالحة HTTP 410; إعادة الاتصال خلال 60ث
[2026-08-30 03:12:46] مصالحة لقطية (إعادة اتصال User Stream)
[2026-08-30 03:12:47] انقطاع User Data Stream: استجابة Binance غير صالحة HTTP 410; إعادة الاتصال خلال 60ث
[2026-08-30 03:13:47] مصالحة لقطية (إعادة اتصال User Stream)
[2026-08-30 03:13:48] انقطاع User Data Stream: استجابة Binance غير صالحة HTTP 410; إعادة الاتصال خلال 60ث
[2026-08-30 03:14:49] مصالحة لقطية (إعادة اتصال User Stream)
[2026-08-30 03:14:50] انقطاع User Data Stream: استجابة Binance غير صالحة HTTP 410; إعادة الاتصال خلال 60ث
[2026-08-30 03:15:18] Dust Sweep: تعذر (بيئة لا تدعم SAPI أو خطأ Binance)
[2026-08-30 03:15:51] مصالحة لقطية (إعادة اتصال User Stream)
[2026-08-30 03:15:52] انقطاع User Data Stream: استجابة Binance غير صالحة HTTP 410; إعادة الاتصال خلال 60ث
[2026-08-30 03:16:52] مصالحة لقطية (إعادة اتصال User Stream)
[2026-08-30 03:16:53] انقطاع User Data Stream: استجابة Binance غير صالحة HTTP 410; إعادة الاتصال خلال 60ث
[2026-08-30 03:17:49] 🚀 رشاش ETHUSDT: impulse حركة 0.22% (عتبة 0.12%) تدفق 6.9x → دخول فوري
[2026-08-30 03:17:50] أمر دخول LIMIT_MAKER(صانع) ETHUSDT @ 2465.74000000 (cid=NV5BB5CC97B3D57486FAB85) — بانتظار executionReport
[2026-08-30 03:17:51] 🚀 رشاش ETHUSDT: impulse حركة 0.22% (عتبة 0.12%) تدفق 17.2x → دخول فوري
[2026-08-30 03:17:52] أمر دخول LIMIT_MAKER(صانع) ETHUSDT @ 2465.74000000 (cid=NV518CE768A424C44179E07) — بانتظار executionReport
[2026-08-30 03:17:52] 🚀 رشاش ETHUSDT: impulse حركة 0.22% (عتبة 0.12%) تدفق 13.1x → دخول فوري
[2026-08-30 03:17:53] أمر دخول LIMIT_MAKER(صانع) ETHUSDT @ 2465.73000000 (cid=NV5A0157CE66C8D44C0BC07) — بانتظار executionReport
[2026-08-30 03:17:53] 🚀 رشاش ETHUSDT: impulse حركة 0.22% (عتبة 0.12%) تدفق 25.3x → دخول فوري
[2026-08-30 03:17:53] 🚀 رشاش SOLUSDT: impulse حركة 0.12% (عتبة 0.12%) تدفق 2.1x → دخول فوري
[2026-08-30 03:17:54] مصالحة لقطية (إعادة اتصال User Stream)
[2026-08-30 03:17:54] أمر دخول LIMIT_MAKER(صانع) SOLUSDT @ 105.65000000 (cid=NV5AF34C0E8A163426492FC) — بانتظار executionReport
[2026-08-30 03:17:55] انقطاع User Data Stream: استجابة Binance غير صالحة HTTP 410; إعادة الاتصال خلال 60ث
[2026-08-30 03:17:55] أمر دخول LIMIT_MAKER(صانع) ETHUSDT @ 2465.73000000 (cid=NV5E51B5ADAFD074F9FB8F7) — بانتظار executionReport
[2026-08-30 03:17:55] Watchdog ETHUSDT: أُلغي أمر الدخول غير المنفذ
[2026-08-30 03:17:55] Watchdog ETHUSDT: أُلغي أمر الدخول غير المنفذ
[2026-08-30 03:17:56] 🚀 رشاش ETHUSDT: impulse حركة 0.22% (عتبة 0.12%) تدفق 14.0x → دخول فوري
[2026-08-30 03:17:56] Watchdog ETHUSDT: أُلغي أمر الدخول غير المنفذ
[2026-08-30 03:17:56] أمر دخول LIMIT_MAKER(صانع) ETHUSDT @ 2465.73000000 (cid=NV57F9F9148781F4236A74C) — بانتظار executionReport
[2026-08-30 03:17:57] Watchdog SOLUSDT: أُلغي أمر الدخول غير المنفذ
[2026-08-30 03:17:57] Watchdog ETHUSDT: أُلغي أمر الدخول غير المنفذ
[2026-08-30 03:17:58] 🚀 رشاش ETHUSDT: impulse حركة 0.22% (عتبة 0.12%) تدفق 13.6x → دخول فوري
[2026-08-30 03:17:59] أمر دخول LIMIT_MAKER(صانع) ETHUSDT @ 2465.73000000 (cid=NV5AA432F38812A435DA35A) — بانتظار executionReport
[2026-08-30 03:17:59] 🚀 رشاش ETHUSDT: impulse حركة 0.22% (عتبة 0.12%) تدفق 6.0x → دخول فوري
[2026-08-30 03:18:00] أمر دخول LIMIT_MAKER(صانع) ETHUSDT @ 2465.73000000 (cid=NV586BD8FF6E9464523B013) — بانتظار executionReport
[2026-08-30 03:18:01] 🚀 رشاش ETHUSDT: impulse حركة 0.22% (عتبة 0.12%) تدفق 6.0x → دخول فوري
[2026-08-30 03:18:02] أمر دخول LIMIT_MAKER(صانع) ETHUSDT @ 2465.73000000 (cid=NV580C12DE1EF2A443D94DC) — بانتظار executionReport
[2026-08-30 03:18:02] 🚀 رشاش ETHUSDT: impulse حركة 0.20% (عتبة 0.12%) تدفق 6.1x → دخول فوري
[2026-08-30 03:18:03] أمر دخول LIMIT_MAKER(صانع) ETHUSDT @ 2465.74000000 (cid=NV54C087691B509405A9BC3) — بانتظار executionReport
[2026-08-30 03:18:05] صانع ETHUSDT: انتهت مهلة 8ث بلا تنفيذ — أُلغي أمر الصانع
[2026-08-30 03:18:07] صانع ETHUSDT: انتهت مهلة 8ث بلا تنفيذ — أُلغي أمر الصانع
[2026-08-30 03:18:08] Watchdog: صمت الأحداث لأمر الدخول ETHUSDT؛ استيضاح REST أحادي
[2026-08-30 03:18:09] صانع ETHUSDT: انتهت مهلة 8ث بلا تنفيذ — أُلغي أمر الصانع
[2026-08-30 03:18:10] صانع ETHUSDT: انتهت مهلة 8ث بلا تنفيذ — أُلغي أمر الصانع
[2026-08-30 03:18:11] Watchdog: صمت الأحداث لأمر الدخول ETHUSDT؛ استيضاح REST أحادي
[2026-08-30 03:18:11] صانع ETHUSDT: انتهت مهلة 8ث بلا تنفيذ — أُلغي أمر الصانع
[2026-08-30 03:18:12] Watchdog: صمت الأحداث لأمر الدخول ETHUSDT؛ استيضاح REST أحادي
[2026-08-30 03:18:14] Watchdog: صمت الأحداث لأمر الدخول ETHUSDT؛ استيضاح REST أحادي
[2026-08-30 03:18:15] Watchdog: صمت الأحداث لأمر الدخول ETHUSDT؛ استيضاح REST أحادي
[2026-08-30 03:18:29] 🚀 رشاش SOLUSDT: flow حركة 0.08% (عتبة 0.12%) تدفق 3.0x → دخول فوري
[2026-08-30 03:18:30] أمر دخول LIMIT_MAKER(صانع) SOLUSDT @ 105.71000000 (cid=NV56374E3AACE5C43729AD4) — بانتظار executionReport
[2026-08-30 03:18:38] صانع SOLUSDT: تعذر إلغاء المهلة (Unknown order sent.) — الأحداث/الواتش دوغ تحسم
[2026-08-30 03:18:42] Watchdog: صمت الأحداث لأمر الدخول SOLUSDT؛ استيضاح REST أحادي
[2026-08-30 03:18:43] دخول V6.0 SOLUSDT pid=SOLUSDT#5949b6b9 entry=105.70000000 qty=0.112 hardSL=105.60000000 (0.09%) protection=HARD_STOP trigger=flow drop=0.00% wall=0.00x VR=1.16 risk=0.01$ (خروج هجين: تعادل +0.3% ثم تتبّع 0.2/0.08%)
[2026-08-30 03:18:55] مصالحة لقطية (إعادة اتصال User Stream)
[2026-08-30 03:18:56] انقطاع User Data Stream: استجابة Binance غير صالحة HTTP 410; إعادة الاتصال خلال 60ث
[2026-08-30 03:18:56] إغلاق SOLUSDT#5949b6b9: exit=105.52000000 pnl=-0.043922$ (رسوم 0.023762$) reason=مصالحة: وقف الطوارئ نُفّذ أثناء الانقطاع
[2026-08-30 03:19:57] مصالحة لقطية (إعادة اتصال User Stream)
[2026-08-30 03:20:03] انقطاع User Data Stream: استجابة Binance غير صالحة HTTP 410; إعادة الاتصال خلال 60ث
[2026-08-30 03:20:19] Dust Sweep: تعذر (بيئة لا تدعم SAPI أو خطأ Binance)
[2026-08-30 03:21:03] مصالحة لقطية (إعادة اتصال User Stream)
[2026-08-30 03:21:04] انقطاع User Data Stream: استجابة Binance غير صالحة HTTP 410; إعادة الاتصال خلال 60ث
[2026-08-30 03:22:05] مصالحة لقطية (إعادة اتصال User Stream)
[2026-08-30 03:22:05] انقطاع User Data Stream: استجابة Binance غير صالحة HTTP 410; إعادة الاتصال خلال 60ث
[2026-08-30 03:22:12] قنّاص GTCUSDT: هبوط 0.26% خلال 15ث — بانتظار جدار الشراء (bid/ask = 0.99x < 1.5x)
[2026-08-30 03:23:06] مصالحة لقطية (إعادة اتصال User Stream)
[2026-08-30 03:23:07] انقطاع User Data Stream: استجابة Binance غير صالحة HTTP 410; إعادة الاتصال خلال 60ث
[2026-08-30 03:24:08] مصالحة لقطية (إعادة اتصال User Stream)
[2026-08-30 03:24:09] انقطاع User Data Stream: استجابة Binance غير صالحة HTTP 410; إعادة الاتصال خلال 60ث
[2026-08-30 03:25:11] مصالحة لقطية (إعادة اتصال User Stream)
[2026-08-30 03:25:12] انقطاع User Data Stream: استجابة Binance غير صالحة HTTP 410; إعادة الاتصال خلال 60ث
[2026-08-30 03:25:15] قنّاص GTCUSDT: هبوط 0.25% خلال 15ث — بانتظار جدار الشراء (bid/ask = 0.46x < 1.5x)
[2026-08-30 03:25:20] Dust Sweep: تعذر (بيئة لا تدعم SAPI أو خطأ Binance)
[2026-08-30 03:26:12] مصالحة لقطية (إعادة اتصال User Stream)
[2026-08-30 03:26:13] انقطاع User Data Stream: استجابة Binance غير صالحة HTTP 410; إعادة الاتصال خلال 60ث
[2026-08-30 03:27:14] مصالحة لقطية (إعادة اتصال User Stream)
[2026-08-30 03:27:14] انقطاع User Data Stream: استجابة Binance غير صالحة HTTP 410; إعادة الاتصال خلال 60ث
[2026-08-30 03:28:16] مصالحة لقطية (إعادة اتصال User Stream)
[2026-08-30 03:28:17] انقطاع User Data Stream: استجابة Binance غير صالحة HTTP 410; إعادة الاتصال خلال 60ث
[2026-08-30 03:29:18] مصالحة لقطية (إعادة اتصال User Stream)
[2026-08-30 03:29:18] انقطاع User Data Stream: استجابة Binance غير صالحة HTTP 410; إعادة الاتصال خلال 60ث
[2026-08-30 03:30:19] مصالحة لقطية (إعادة اتصال User Stream)
[2026-08-30 03:30:20] انقطاع User Data Stream: استجابة Binance غير صالحة HTTP 410; إعادة الاتصال خلال 60ث
[2026-08-30 03:30:20] Dust Sweep: تعذر (بيئة لا تدعم SAPI أو خطأ Binance)
[2026-08-30 03:31:20] مصالحة لقطية (إعادة اتصال User Stream)
[2026-08-30 03:31:21] انقطاع User Data Stream: استجابة Binance غير صالحة HTTP 410; إعادة الاتصال خلال 60ث
[2026-08-30 03:32:21] مصالحة لقطية (إعادة اتصال User Stream)
[2026-08-30 03:32:22] انقطاع User Data Stream: استجابة Binance غير صالحة HTTP 410; إعادة الاتصال خلال 60ث
[2026-08-30 03:33:22] مصالحة لقطية (إعادة اتصال User Stream)
[2026-08-30 03:33:23] انقطاع User Data Stream: استجابة Binance غير صالحة HTTP 410; إعادة الاتصال خلال 60ث
[2026-08-30 03:34:24] مصالحة لقطية (إعادة اتصال User Stream)
[2026-08-30 03:34:25] انقطاع User Data Stream: استجابة Binance غير صالحة HTTP 410; إعادة الاتصال خلال 60ث
[2026-08-30 03:35:21] Dust Sweep: تعذر (بيئة لا تدعم SAPI أو خطأ Binance)
[2026-08-30 03:35:25] مصالحة لقطية (إعادة اتصال User Stream)
[2026-08-30 03:35:25] انقطاع User Data Stream: استجابة Binance غير صالحة HTTP 410; إعادة الاتصال خلال 60ث
[2026-08-30 03:36:26] مصالحة لقطية (إعادة اتصال User Stream)
[2026-08-30 03:36:26] انقطاع User Data Stream: استجابة Binance غير صالحة HTTP 410; إعادة الاتصال خلال 60ث
[2026-08-30 03:37:27] مصالحة لقطية (إعادة اتصال User Stream)
[2026-08-30 03:37:28] انقطاع User Data Stream: استجابة Binance غير صالحة HTTP 410; إعادة الاتصال خلال 60ث
[2026-08-30 03:38:28] مصالحة لقطية (إعادة اتصال User Stream)
[2026-08-30 03:38:28] انقطاع User Data Stream: استجابة Binance غير صالحة HTTP 410; إعادة الاتصال خلال 60ث
[2026-08-30 03:39:29] مصالحة لقطية (إعادة اتصال User Stream)
[2026-08-30 03:39:29] انقطاع User Data Stream: استجابة Binance غير صالحة HTTP 410; إعادة الاتصال خلال 60ث
[2026-08-30 03:40:23] Dust Sweep: تعذر (بيئة لا تدعم SAPI أو خطأ Binance)
[2026-08-30 03:40:31] مصالحة لقطية (إعادة اتصال User Stream)
[2026-08-30 03:40:31] انقطاع User Data Stream: استجابة Binance غير صالحة HTTP 410; إعادة الاتصال خلال 60ث
[2026-08-30 03:41:32] مصالحة لقطية (إعادة اتصال User Stream)
[2026-08-30 03:41:33] انقطاع User Data Stream: استجابة Binance غير صالحة HTTP 410; إعادة الاتصال خلال 60ث
[2026-08-30 03:42:33] مصالحة لقطية (إعادة اتصال User Stream)
[2026-08-30 03:42:33] انقطاع User Data Stream: استجابة Binance غير صالحة HTTP 410; إعادة الاتصال خلال 60ث
[2026-08-30 03:43:34] مصالحة لقطية (إعادة اتصال User Stream)
[2026-08-30 03:43:35] انقطاع User Data Stream: استجابة Binance غير صالحة HTTP 410; إعادة الاتصال خلال 60ث
[2026-08-30 03:44:35] مصالحة لقطية (إعادة اتصال User Stream)
[2026-08-30 03:44:36] انقطاع User Data Stream: استجابة Binance غير صالحة HTTP 410; إعادة الاتصال خلال 60ث
[2026-08-30 03:45:24] Dust Sweep: تعذر (بيئة لا تدعم SAPI أو خطأ Binance)
[2026-08-30 03:45:37] مصالحة لقطية (إعادة اتصال User Stream)
[2026-08-30 03:45:38] انقطاع User Data Stream: استجابة Binance غير صالحة HTTP 410; إعادة الاتصال خلال 60ث
[2026-08-30 03:46:39] مصالحة لقطية (إعادة اتصال User Stream)
[2026-08-30 03:46:40] انقطاع User Data Stream: استجابة Binance غير صالحة HTTP 410; إعادة الاتصال خلال 60ث
[2026-08-30 03:47:03] قنّاص ZKPUSDT: هبوط 0.38% خلال 15ث — بانتظار جدار الشراء (bid/ask = 0.00x < 1.5x)
[2026-08-30 03:47:13] ⚡ قنّاص الانهيار: ZKPUSDT هبوط 0.38% خلال 15ث + جدار شراء 2.36x → دخول فوري
[2026-08-30 03:47:14] أمر دخول LIMIT_MAKER(صانع) ZKPUSDT @ 0.05220000 (cid=NV532F7C09E2A5846D6A192) — بانتظار executionReport
[2026-08-30 03:47:23] صانع ZKPUSDT: انتهت مهلة 8ث بلا تنفيذ — أُلغي أمر الصانع
[2026-08-30 03:47:26] Watchdog: صمت الأحداث لأمر الدخول ZKPUSDT؛ استيضاح REST أحادي
[2026-08-30 03:47:40] مصالحة لقطية (إعادة اتصال User Stream)
[2026-08-30 03:47:41] انقطاع User Data Stream: استجابة Binance غير صالحة HTTP 410; إعادة الاتصال خلال 60ث
[2026-08-30 03:48:41] مصالحة لقطية (إعادة اتصال User Stream)
[2026-08-30 03:48:42] انقطاع User Data Stream: استجابة Binance غير صالحة HTTP 410; إعادة الاتصال خلال 60ث
[2026-08-30 03:49:42] مصالحة لقطية (إعادة اتصال User Stream)
[2026-08-30 03:49:43] انقطاع User Data Stream: استجابة Binance غير صالحة HTTP 410; إعادة الاتصال خلال 60ث
[2026-08-30 03:50:25] Dust Sweep: تعذر (بيئة لا تدعم SAPI أو خطأ Binance)
[2026-08-30 03:50:44] مصالحة لقطية (إعادة اتصال User Stream)
[2026-08-30 03:50:44] انقطاع User Data Stream: استجابة Binance غير صالحة HTTP 410; إعادة الاتصال خلال 60ث
[2026-08-30 03:51:45] مصالحة لقطية (إعادة اتصال User Stream)
[2026-08-30 03:51:46] انقطاع User Data Stream: استجابة Binance غير صالحة HTTP 410; إعادة الاتصال خلال 60ث
[2026-08-30 03:52:46] مصالحة لقطية (إعادة اتصال User Stream)
[2026-08-30 03:52:46] انقطاع User Data Stream: استجابة Binance غير صالحة HTTP 410; إعادة الاتصال خلال 60ث
[2026-08-30 03:53:48] مصالحة لقطية (إعادة اتصال User Stream)
[2026-08-30 03:53:48] انقطاع User Data Stream: استجابة Binance غير صالحة HTTP 410; إعادة الاتصال خلال 60ث
[2026-08-30 03:54:49] مصالحة لقطية (إعادة اتصال User Stream)
[2026-08-30 03:54:50] انقطاع User Data Stream: استجابة Binance غير صالحة HTTP 410; إعادة الاتصال خلال 60ث
[2026-08-30 03:55:26] Dust Sweep: تعذر (بيئة لا تدعم SAPI أو خطأ Binance)
[2026-08-30 03:55:42] قنّاص ZKPUSDT: هبوط 0.37% خلال 15ث — بانتظار جدار الشراء (bid/ask = 0.00x < 1.5x)
[2026-08-30 03:55:50] مصالحة لقطية (إعادة اتصال User Stream)
[2026-08-30 03:55:51] انقطاع User Data Stream: استجابة Binance غير صالحة HTTP 410; إعادة الاتصال خلال 60ث
[2026-08-30 03:55:52] ⚡ قنّاص الانهيار: ZKPUSDT هبوط 0.37% خلال 15ث + جدار شراء 28.53x → دخول فوري
[2026-08-30 03:55:53] أمر دخول LIMIT_MAKER(صانع) ZKPUSDT @ 0.05450000 (cid=NV5666E464F641F4A93BAE8) — بانتظار executionReport
[2026-08-30 03:56:01] صانع ZKPUSDT: انتهت مهلة 8ث بلا تنفيذ — أُلغي أمر الصانع
[2026-08-30 03:56:05] Watchdog: صمت الأحداث لأمر الدخول ZKPUSDT؛ استيضاح REST أحادي
[2026-08-30 03:56:52] مصالحة لقطية (إعادة اتصال User Stream)
[2026-08-30 03:56:53] انقطاع User Data Stream: استجابة Binance غير صالحة HTTP 410; إعادة الاتصال خلال 60ث
[2026-08-30 03:57:53] مصالحة لقطية (إعادة اتصال User Stream)
[2026-08-30 03:57:54] انقطاع User Data Stream: استجابة Binance غير صالحة HTTP 410; إعادة الاتصال خلال 60ث
[2026-08-30 03:58:54] مصالحة لقطية (إعادة اتصال User Stream)
[2026-08-30 03:58:54] انقطاع User Data Stream: استجابة Binance غير صالحة HTTP 410; إعادة الاتصال خلال 60ث
[2026-08-30 03:59:56] مصالحة لقطية (إعادة اتصال User Stream)
[2026-08-30 03:59:56] انقطاع User Data Stream: استجابة Binance غير صالحة HTTP 410; إعادة الاتصال خلال 60ث
[2026-08-30 04:00:27] Dust Sweep: تعذر (بيئة لا تدعم SAPI أو خطأ Binance)
[2026-08-30 04:00:57] مصالحة لقطية (إعادة اتصال User Stream)
[2026-08-30 04:00:58] انقطاع User Data Stream: استجابة Binance غير صالحة HTTP 410; إعادة الاتصال خلال 60ث
[2026-08-30 04:01:59] مصالحة لقطية (إعادة اتصال User Stream)
[2026-08-30 04:01:59] انقطاع User Data Stream: استجابة Binance غير صالحة HTTP 410; إعادة الاتصال خلال 60ث
[2026-08-30 04:03:00] مصالحة لقطية (إعادة اتصال User Stream)
[2026-08-30 04:03:01] انقطاع User Data Stream: استجابة Binance غير صالحة HTTP 410; إعادة الاتصال خلال 60ث
[2026-08-30 04:04:01] مصالحة لقطية (إعادة اتصال User Stream)
[2026-08-30 04:04:02] انقطاع User Data Stream: استجابة Binance غير صالحة HTTP 410; إعادة الاتصال خلال 60ث
[2026-08-30 04:05:00] كون V5: أفضل 18 زوجاً حسب حجم 24س
[2026-08-30 04:05:03] مصالحة لقطية (إعادة اتصال User Stream)
[2026-08-30 04:05:03] انقطاع User Data Stream: استجابة Binance غير صالحة HTTP 410; إعادة الاتصال خلال 60ث
[2026-08-30 04:05:28] Dust Sweep: تعذر (بيئة لا تدعم SAPI أو خطأ Binance)
[2026-08-30 04:06:03] مصالحة لقطية (إعادة اتصال User Stream)
[2026-08-30 04:06:04] انقطاع User Data Stream: استجابة Binance غير صالحة HTTP 410; إعادة الاتصال خلال 60ث
[2026-08-30 04:07:05] مصالحة لقطية (إعادة اتصال User Stream)
[2026-08-30 04:07:05] انقطاع User Data Stream: استجابة Binance غير صالحة HTTP 410; إعادة الاتصال خلال 60ث
[2026-08-30 04:08:06] مصالحة لقطية (إعادة اتصال User Stream)
[2026-08-30 04:08:07] انقطاع User Data Stream: استجابة Binance غير صالحة HTTP 410; إعادة الاتصال خلال 60ث
[2026-08-30 04:09:07] مصالحة لقطية (إعادة اتصال User Stream)
[2026-08-30 04:09:08] انقطاع User Data Stream: استجابة Binance غير صالحة HTTP 410; إعادة الاتصال خلال 60ث
[2026-08-30 04:10:08] مصالحة لقطية (إعادة اتصال User Stream)
[2026-08-30 04:10:09] انقطاع User Data Stream: استجابة Binance غير صالحة HTTP 410; إعادة الاتصال خلال 60ث
[2026-08-30 04:10:17] قنّاص ZKPUSDT: هبوط 1.84% خلال 15ث — بانتظار جدار الشراء (bid/ask = 0.00x < 1.5x)
[2026-08-30 04:10:29] Dust Sweep: تعذر (بيئة لا تدعم SAPI أو خطأ Binance)
[2026-08-30 04:11:09] مصالحة لقطية (إعادة اتصال User Stream)
[2026-08-30 04:11:10] انقطاع User Data Stream: استجابة Binance غير صالحة HTTP 410; إعادة الاتصال خلال 60ث
[2026-08-30 04:12:10] مصالحة لقطية (إعادة اتصال User Stream)
[2026-08-30 04:12:10] انقطاع User Data Stream: استجابة Binance غير صالحة HTTP 410; إعادة الاتصال خلال 60ث
[2026-08-30 04:13:12] مصالحة لقطية (إعادة اتصال User Stream)
[2026-08-30 04:13:12] انقطاع User Data Stream: استجابة Binance غير صالحة HTTP 410; إعادة الاتصال خلال 60ث
[2026-08-30 04:14:13] مصالحة لقطية (إعادة اتصال User Stream)
[2026-08-30 04:14:14] انقطاع User Data Stream: استجابة Binance غير صالحة HTTP 410; إعادة الاتصال خلال 60ث
[2026-08-30 04:15:15] مصالحة لقطية (إعادة اتصال User Stream)
[2026-08-30 04:15:15] انقطاع User Data Stream: استجابة Binance غير صالحة HTTP 410; إعادة الاتصال خلال 60ث
[2026-08-30 04:15:30] Dust Sweep: تعذر (بيئة لا تدعم SAPI أو خطأ Binance)
[2026-08-30 04:16:16] مصالحة لقطية (إعادة اتصال User Stream)
[2026-08-30 04:16:17] انقطاع User Data Stream: استجابة Binance غير صالحة HTTP 410; إعادة الاتصال خلال 60ث
[2026-08-30 04:17:18] مصالحة لقطية (إعادة اتصال User Stream)
[2026-08-30 04:17:18] انقطاع User Data Stream: استجابة Binance غير صالحة HTTP 410; إعادة الاتصال خلال 60ث
[2026-08-30 04:18:19] مصالحة لقطية (إعادة اتصال User Stream)
[2026-08-30 04:18:19] انقطاع User Data Stream: استجابة Binance غير صالحة HTTP 410; إعادة الاتصال خلال 60ث
[2026-08-30 04:19:20] مصالحة لقطية (إعادة اتصال User Stream)
[2026-08-30 04:19:21] انقطاع User Data Stream: استجابة Binance غير صالحة HTTP 410; إعادة الاتصال خلال 60ث
[2026-08-30 04:20:21] مصالحة لقطية (إعادة اتصال User Stream)
[2026-08-30 04:20:21] انقطاع User Data Stream: استجابة Binance غير صالحة HTTP 410; إعادة الاتصال خلال 60ث
[2026-08-30 04:20:30] Dust Sweep: تعذر (بيئة لا تدعم SAPI أو خطأ Binance)
[2026-08-30 04:21:22] مصالحة لقطية (إعادة اتصال User Stream)
[2026-08-30 04:21:23] انقطاع User Data Stream: استجابة Binance غير صالحة HTTP 410; إعادة الاتصال خلال 60ث
[2026-08-30 04:22:24] مصالحة لقطية (إعادة اتصال User Stream)
[2026-08-30 04:22:24] انقطاع User Data Stream: استجابة Binance غير صالحة HTTP 410; إعادة الاتصال خلال 60ث
[2026-08-30 04:23:25] مصالحة لقطية (إعادة اتصال User Stream)
[2026-08-30 04:23:25] انقطاع User Data Stream: استجابة Binance غير صالحة HTTP 410; إعادة الاتصال خلال 60ث
[2026-08-30 04:24:26] مصالحة لقطية (إعادة اتصال User Stream)
[2026-08-30 04:24:27] انقطاع User Data Stream: استجابة Binance غير صالحة HTTP 410; إعادة الاتصال خلال 60ث
[2026-08-30 04:25:27] مصالحة لقطية (إعادة اتصال User Stream)
[2026-08-30 04:25:28] انقطاع User Data Stream: استجابة Binance غير صالحة HTTP 410; إعادة الاتصال خلال 60ث
[2026-08-30 04:25:31] Dust Sweep: تعذر (بيئة لا تدعم SAPI أو خطأ Binance)
[2026-08-30 04:26:28] مصالحة لقطية (إعادة اتصال User Stream)
[2026-08-30 04:26:28] انقطاع User Data Stream: استجابة Binance غير صالحة HTTP 410; إعادة الاتصال خلال 60ث
[2026-08-30 04:27:29] مصالحة لقطية (إعادة اتصال User Stream)
[2026-08-30 04:27:30] انقطاع User Data Stream: استجابة Binance غير صالحة HTTP 410; إعادة الاتصال خلال 60ث
[2026-08-30 04:28:30] مصالحة لقطية (إعادة اتصال User Stream)
[2026-08-30 04:28:31] انقطاع User Data Stream: استجابة Binance غير صالحة HTTP 410; إعادة الاتصال خلال 60ث
[2026-08-30 04:29:32] مصالحة لقطية (إعادة اتصال User Stream)
[2026-08-30 04:29:32] انقطاع User Data Stream: استجابة Binance غير صالحة HTTP 410; إعادة الاتصال خلال 60ث
[2026-08-30 04:29:44] قنّاص ZKPUSDT: هبوط 0.33% خلال 15ث — بانتظار جدار الشراء (bid/ask = 0.00x < 1.5x)
[2026-08-30 04:30:31] Dust Sweep: تعذر (بيئة لا تدعم SAPI أو خطأ Binance)
[2026-08-30 04:30:32] مصالحة لقطية (إعادة اتصال User Stream)
[2026-08-30 04:30:33] انقطاع User Data Stream: استجابة Binance غير صالحة HTTP 410; إعادة الاتصال خلال 60ث
[2026-08-30 04:30:45] ⚡ قنّاص الانهيار: ZKPUSDT هبوط 0.33% خلال 15ث + جدار شراء 3.88x → دخول فوري
[2026-08-30 04:30:46] أمر دخول LIMIT_MAKER(صانع) ZKPUSDT @ 0.05960000 (cid=NV5D245BADEA7824673B02B) — بانتظار executionReport
[2026-08-30 04:30:54] صانع ZKPUSDT: انتهت مهلة 8ث بلا تنفيذ — أُلغي أمر الصانع
[2026-08-30 04:30:58] Watchdog: صمت الأحداث لأمر الدخول ZKPUSDT؛ استيضاح REST أحادي
[2026-08-30 04:31:33] مصالحة لقطية (إعادة اتصال User Stream)
[2026-08-30 04:31:34] انقطاع User Data Stream: استجابة Binance غير صالحة HTTP 410; إعادة الاتصال خلال 60ث
[2026-08-30 04:32:05] قنّاص TRUMPUSDT: هبوط 1.18% خلال 15ث — بانتظار جدار الشراء (bid/ask = 0.00x < 1.5x)
[2026-08-30 04:32:09] ⚡ قنّاص الانهيار: TRUMPUSDT هبوط 1.22% خلال 15ث + جدار شراء 2.03x → دخول فوري
[2026-08-30 04:32:10] أمر دخول LIMIT_MAKER(صانع) TRUMPUSDT @ 2.59400000 (cid=NV59BCFE21AA2C64C40A110) — بانتظار executionReport
[2026-08-30 04:32:19] صانع TRUMPUSDT: انتهت مهلة 8ث بلا تنفيذ — أُلغي أمر الصانع
[2026-08-30 04:32:22] Watchdog: صمت الأحداث لأمر الدخول TRUMPUSDT؛ استيضاح REST أحادي
[2026-08-30 04:32:34] مصالحة لقطية (إعادة اتصال User Stream)
[2026-08-30 04:32:34] انقطاع User Data Stream: استجابة Binance غير صالحة HTTP 410; إعادة الاتصال خلال 60ث
[2026-08-30 04:33:36] مصالحة لقطية (إعادة اتصال User Stream)
[2026-08-30 04:33:36] انقطاع User Data Stream: استجابة Binance غير صالحة HTTP 410; إعادة الاتصال خلال 60ث
[2026-08-30 04:34:37] مصالحة لقطية (إعادة اتصال User Stream)
[2026-08-30 04:34:38] انقطاع User Data Stream: استجابة Binance غير صالحة HTTP 410; إعادة الاتصال خلال 60ث
[2026-08-30 04:35:32] Dust Sweep: تعذر (بيئة لا تدعم SAPI أو خطأ Binance)
[2026-08-30 04:35:38] مصالحة لقطية (إعادة اتصال User Stream)
[2026-08-30 04:35:39] انقطاع User Data Stream: استجابة Binance غير صالحة HTTP 410; إعادة الاتصال خلال 60ث
[2026-08-30 04:36:40] مصالحة لقطية (إعادة اتصال User Stream)
[2026-08-30 04:36:41] انقطاع User Data Stream: استجابة Binance غير صالحة HTTP 410; إعادة الاتصال خلال 60ث
[2026-08-30 04:37:42] مصالحة لقطية (إعادة اتصال User Stream)
[2026-08-30 04:37:42] انقطاع User Data Stream: استجابة Binance غير صالحة HTTP 410; إعادة الاتصال خلال 60ث
[2026-08-30 04:38:43] مصالحة لقطية (إعادة اتصال User Stream)
[2026-08-30 04:38:44] انقطاع User Data Stream: استجابة Binance غير صالحة HTTP 410; إعادة الاتصال خلال 60ث
[2026-08-30 04:39:44] مصالحة لقطية (إعادة اتصال User Stream)
[2026-08-30 04:39:45] انقطاع User Data Stream: استجابة Binance غير صالحة HTTP 410; إعادة الاتصال خلال 60ث
[2026-08-30 04:40:33] Dust Sweep: تعذر (بيئة لا تدعم SAPI أو خطأ Binance)
[2026-08-30 04:40:45] مصالحة لقطية (إعادة اتصال User Stream)
[2026-08-30 04:40:46] انقطاع User Data Stream: استجابة Binance غير صالحة HTTP 410; إعادة الاتصال خلال 60ث
[2026-08-30 04:41:47] مصالحة لقطية (إعادة اتصال User Stream)
[2026-08-30 04:41:47] انقطاع User Data Stream: استجابة Binance غير صالحة HTTP 410; إعادة الاتصال خلال 60ث
[2026-08-30 04:42:47] مصالحة لقطية (إعادة اتصال User Stream)
[2026-08-30 04:42:48] انقطاع User Data Stream: استجابة Binance غير صالحة HTTP 410; إعادة الاتصال خلال 60ث
[2026-08-30 04:43:49] مصالحة لقطية (إعادة اتصال User Stream)
[2026-08-30 04:43:49] انقطاع User Data Stream: استجابة Binance غير صالحة HTTP 410; إعادة الاتصال خلال 60ث
[2026-08-30 04:44:50] مصالحة لقطية (إعادة اتصال User Stream)
[2026-08-30 04:44:50] انقطاع User Data Stream: استجابة Binance غير صالحة HTTP 410; إعادة الاتصال خلال 60ث
[2026-08-30 04:45:34] Dust Sweep: تعذر (بيئة لا تدعم SAPI أو خطأ Binance)
[2026-08-30 04:45:51] مصالحة لقطية (إعادة اتصال User Stream)
[2026-08-30 04:45:52] انقطاع User Data Stream: استجابة Binance غير صالحة HTTP 410; إعادة الاتصال خلال 60ث
[2026-08-30 04:46:53] مصالحة لقطية (إعادة اتصال User Stream)
[2026-08-30 04:46:54] انقطاع User Data Stream: استجابة Binance غير صالحة HTTP 410; إعادة الاتصال خلال 60ث
[2026-08-30 04:47:54] مصالحة لقطية (إعادة اتصال User Stream)
[2026-08-30 04:47:54] انقطاع User Data Stream: استجابة Binance غير صالحة HTTP 410; إعادة الاتصال خلال 60ث
[2026-08-30 04:48:55] مصالحة لقطية (إعادة اتصال User Stream)
[2026-08-30 04:48:55] انقطاع User Data Stream: استجابة Binance غير صالحة HTTP 410; إعادة الاتصال خلال 60ث
[2026-08-30 04:49:56] مصالحة لقطية (إعادة اتصال User Stream)
[2026-08-30 04:49:57] انقطاع User Data Stream: استجابة Binance غير صالحة HTTP 410; إعادة الاتصال خلال 60ث
[2026-08-30 04:50:34] Dust Sweep: تعذر (بيئة لا تدعم SAPI أو خطأ Binance)
[2026-08-30 04:50:58] مصالحة لقطية (إعادة اتصال User Stream)
[2026-08-30 04:50:58] انقطاع User Data Stream: استجابة Binance غير صالحة HTTP 410; إعادة الاتصال خلال 60ث
[2026-08-30 04:52:00] مصالحة لقطية (إعادة اتصال User Stream)
[2026-08-30 04:52:01] انقطاع User Data Stream: استجابة Binance غير صالحة HTTP 410; إعادة الاتصال خلال 60ث
[2026-08-30 04:52:23] ⚡ قنّاص الانهيار: ZKPUSDT هبوط 0.85% خلال 15ث + جدار شراء 9.50x → دخول فوري
[2026-08-30 04:52:24] أمر دخول LIMIT_MAKER(صانع) ZKPUSDT @ 0.05860000 (cid=NV5EB11B64E794C4D5F9AB0) — بانتظار executionReport
[2026-08-30 04:52:32] صانع ZKPUSDT: انتهت مهلة 8ث بلا تنفيذ — أُلغي أمر الصانع
[2026-08-30 04:52:36] Watchdog: صمت الأحداث لأمر الدخول ZKPUSDT؛ استيضاح REST أحادي
[2026-08-30 04:53:02] مصالحة لقطية (إعادة اتصال User Stream)
[2026-08-30 04:53:03] انقطاع User Data Stream: استجابة Binance غير صالحة HTTP 410; إعادة الاتصال خلال 60ث
[2026-08-30 04:54:04] مصالحة لقطية (إعادة اتصال User Stream)
[2026-08-30 04:54:05] انقطاع User Data Stream: استجابة Binance غير صالحة HTTP 410; إعادة الاتصال خلال 60ث
[2026-08-30 04:55:06] مصالحة لقطية (إعادة اتصال User Stream)
[2026-08-30 04:55:06] انقطاع User Data Stream: استجابة Binance غير صالحة HTTP 410; إعادة الاتصال خلال 60ث
[2026-08-30 04:55:35] Dust Sweep: تعذر (بيئة لا تدعم SAPI أو خطأ Binance)
[2026-08-30 04:56:07] مصالحة لقطية (إعادة اتصال User Stream)
[2026-08-30 04:56:08] انقطاع User Data Stream: استجابة Binance غير صالحة HTTP 410; إعادة الاتصال خلال 60ث
[2026-08-30 04:57:09] مصالحة لقطية (إعادة اتصال User Stream)
[2026-08-30 04:57:10] انقطاع User Data Stream: استجابة Binance غير صالحة HTTP 410; إعادة الاتصال خلال 60ث
[2026-08-30 04:58:12] مصالحة لقطية (إعادة اتصال User Stream)
[2026-08-30 04:58:12] انقطاع User Data Stream: استجابة Binance غير صالحة HTTP 410; إعادة الاتصال خلال 60ث
[2026-08-30 04:59:13] مصالحة لقطية (إعادة اتصال User Stream)
[2026-08-30 04:59:13] انقطاع User Data Stream: استجابة Binance غير صالحة HTTP 410; إعادة الاتصال خلال 60ث
[2026-08-30 05:00:14] مصالحة لقطية (إعادة اتصال User Stream)
[2026-08-30 05:00:15] انقطاع User Data Stream: استجابة Binance غير صالحة HTTP 410; إعادة الاتصال خلال 60ث
[2026-08-30 05:00:36] Dust Sweep: تعذر (بيئة لا تدعم SAPI أو خطأ Binance)
[2026-08-30 05:01:15] مصالحة لقطية (إعادة اتصال User Stream)
[2026-08-30 05:01:16] انقطاع User Data Stream: استجابة Binance غير صالحة HTTP 410; إعادة الاتصال خلال 60ث
[2026-08-30 05:02:17] مصالحة لقطية (إعادة اتصال User Stream)
[2026-08-30 05:02:17] انقطاع User Data Stream: استجابة Binance غير صالحة HTTP 410; إعادة الاتصال خلال 60ث
[2026-08-30 05:03:19] مصالحة لقطية (إعادة اتصال User Stream)
[2026-08-30 05:03:19] انقطاع User Data Stream: استجابة Binance غير صالحة HTTP 410; إعادة الاتصال خلال 60ث
[2026-08-30 05:04:20] مصالحة لقطية (إعادة اتصال User Stream)
[2026-08-30 05:04:20] انقطاع User Data Stream: استجابة Binance غير صالحة HTTP 410; إعادة الاتصال خلال 60ث
[2026-08-30 05:05:02] كون V5: أفضل 18 زوجاً حسب حجم 24س
[2026-08-30 05:05:22] مصالحة لقطية (إعادة اتصال User Stream)
[2026-08-30 05:05:22] انقطاع User Data Stream: استجابة Binance غير صالحة HTTP 410; إعادة الاتصال خلال 60ث
[2026-08-30 05:05:36] Dust Sweep: تعذر (بيئة لا تدعم SAPI أو خطأ Binance)
[2026-08-30 05:06:24] مصالحة لقطية (إعادة اتصال User Stream)
[2026-08-30 05:06:24] انقطاع User Data Stream: استجابة Binance غير صالحة HTTP 410; إعادة الاتصال خلال 60ث
[2026-08-30 05:07:25] مصالحة لقطية (إعادة اتصال User Stream)
[2026-08-30 05:07:26] انقطاع User Data Stream: استجابة Binance غير صالحة HTTP 410; إعادة الاتصال خلال 60ث
[2026-08-30 05:08:27] مصالحة لقطية (إعادة اتصال User Stream)
[2026-08-30 05:08:27] انقطاع User Data Stream: استجابة Binance غير صالحة HTTP 410; إعادة الاتصال خلال 60ث
[2026-08-30 05:09:28] مصالحة لقطية (إعادة اتصال User Stream)
[2026-08-30 05:09:29] انقطاع User Data Stream: استجابة Binance غير صالحة HTTP 410; إعادة الاتصال خلال 60ث
[2026-08-30 05:10:29] مصالحة لقطية (إعادة اتصال User Stream)
[2026-08-30 05:10:30] انقطاع User Data Stream: استجابة Binance غير صالحة HTTP 410; إعادة الاتصال خلال 60ث
[2026-08-30 05:10:37] Dust Sweep: تعذر (بيئة لا تدعم SAPI أو خطأ Binance)
[2026-08-30 05:11:31] مصالحة لقطية (إعادة اتصال User Stream)
[2026-08-30 05:11:32] انقطاع User Data Stream: استجابة Binance غير صالحة HTTP 410; إعادة الاتصال خلال 60ث
[2026-08-30 05:12:33] مصالحة لقطية (إعادة اتصال User Stream)
[2026-08-30 05:12:34] انقطاع User Data Stream: استجابة Binance غير صالحة HTTP 410; إعادة الاتصال خلال 60ث
[2026-08-30 05:13:36] مصالحة لقطية (إعادة اتصال User Stream)
[2026-08-30 05:13:36] انقطاع User Data Stream: استجابة Binance غير صالحة HTTP 410; إعادة الاتصال خلال 60ث
[2026-08-30 05:14:38] مصالحة لقطية (إعادة اتصال User Stream)
[2026-08-30 05:14:38] انقطاع User Data Stream: استجابة Binance غير صالحة HTTP 410; إعادة الاتصال خلال 60ث
[2026-08-30 05:15:38] Dust Sweep: تعذر (بيئة لا تدعم SAPI أو خطأ Binance)
[2026-08-30 05:15:38] مصالحة لقطية (إعادة اتصال User Stream)
[2026-08-30 05:15:39] انقطاع User Data Stream: استجابة Binance غير صالحة HTTP 410; إعادة الاتصال خلال 60ث
[2026-08-30 05:16:39] مصالحة لقطية (إعادة اتصال User Stream)
[2026-08-30 05:16:40] انقطاع User Data Stream: استجابة Binance غير صالحة HTTP 410; إعادة الاتصال خلال 60ث
[2026-08-30 05:17:41] مصالحة لقطية (إعادة اتصال User Stream)
[2026-08-30 05:17:42] انقطاع User Data Stream: استجابة Binance غير صالحة HTTP 410; إعادة الاتصال خلال 60ث
[2026-08-30 05:18:43] مصالحة لقطية (إعادة اتصال User Stream)
[2026-08-30 05:18:44] انقطاع User Data Stream: استجابة Binance غير صالحة HTTP 410; إعادة الاتصال خلال 60ث
[2026-08-30 05:19:44] مصالحة لقطية (إعادة اتصال User Stream)
[2026-08-30 05:19:45] انقطاع User Data Stream: استجابة Binance غير صالحة HTTP 410; إعادة الاتصال خلال 60ث
[2026-08-30 05:20:38] Dust Sweep: تعذر (بيئة لا تدعم SAPI أو خطأ Binance)
[2026-08-30 05:20:45] مصالحة لقطية (إعادة اتصال User Stream)
[2026-08-30 05:20:46] انقطاع User Data Stream: استجابة Binance غير صالحة HTTP 410; إعادة الاتصال خلال 60ث
[2026-08-30 05:21:46] مصالحة لقطية (إعادة اتصال User Stream)
[2026-08-30 05:21:47] انقطاع User Data Stream: استجابة Binance غير صالحة HTTP 410; إعادة الاتصال خلال 60ث
[2026-08-30 05:22:48] مصالحة لقطية (إعادة اتصال User Stream)
[2026-08-30 05:22:49] انقطاع User Data Stream: استجابة Binance غير صالحة HTTP 410; إعادة الاتصال خلال 60ث
[2026-08-30 05:23:49] مصالحة لقطية (إعادة اتصال User Stream)
[2026-08-30 05:23:50] انقطاع User Data Stream: استجابة Binance غير صالحة HTTP 410; إعادة الاتصال خلال 60ث
[2026-08-30 05:24:51] مصالحة لقطية (إعادة اتصال User Stream)
[2026-08-30 05:24:52] انقطاع User Data Stream: استجابة Binance غير صالحة HTTP 410; إعادة الاتصال خلال 60ث
[2026-08-30 05:25:39] Dust Sweep: تعذر (بيئة لا تدعم SAPI أو خطأ Binance)
[2026-08-30 05:25:52] مصالحة لقطية (إعادة اتصال User Stream)
[2026-08-30 05:25:52] انقطاع User Data Stream: استجابة Binance غير صالحة HTTP 410; إعادة الاتصال خلال 60ث
[2026-08-30 05:26:54] مصالحة لقطية (إعادة اتصال User Stream)
[2026-08-30 05:26:54] انقطاع User Data Stream: استجابة Binance غير صالحة HTTP 410; إعادة الاتصال خلال 60ث
[2026-08-30 05:27:55] مصالحة لقطية (إعادة اتصال User Stream)
[2026-08-30 05:27:56] انقطاع User Data Stream: استجابة Binance غير صالحة HTTP 410; إعادة الاتصال خلال 60ث
[2026-08-30 05:28:56] مصالحة لقطية (إعادة اتصال User Stream)
[2026-08-30 05:28:57] انقطاع User Data Stream: استجابة Binance غير صالحة HTTP 410; إعادة الاتصال خلال 60ث
[2026-08-30 05:29:58] مصالحة لقطية (إعادة اتصال User Stream)
[2026-08-30 05:29:58] انقطاع User Data Stream: استجابة Binance غير صالحة HTTP 410; إعادة الاتصال خلال 60ث
[2026-08-30 05:30:40] Dust Sweep: تعذر (بيئة لا تدعم SAPI أو خطأ Binance)
[2026-08-30 05:30:59] مصالحة لقطية (إعادة اتصال User Stream)
[2026-08-30 05:31:00] انقطاع User Data Stream: استجابة Binance غير صالحة HTTP 410; إعادة الاتصال خلال 60ث
[2026-08-30 05:32:01] مصالحة لقطية (إعادة اتصال User Stream)
[2026-08-30 05:32:02] انقطاع User Data Stream: استجابة Binance غير صالحة HTTP 410; إعادة الاتصال خلال 60ث
[2026-08-30 05:33:03] مصالحة لقطية (إعادة اتصال User Stream)
[2026-08-30 05:33:04] انقطاع User Data Stream: استجابة Binance غير صالحة HTTP 410; إعادة الاتصال خلال 60ث
[2026-08-30 05:34:05] مصالحة لقطية (إعادة اتصال User Stream)
[2026-08-30 05:34:05] انقطاع User Data Stream: استجابة Binance غير صالحة HTTP 410; إعادة الاتصال خلال 60ث
[2026-08-30 05:35:06] مصالحة لقطية (إعادة اتصال User Stream)
[2026-08-30 05:35:07] انقطاع User Data Stream: استجابة Binance غير صالحة HTTP 410; إعادة الاتصال خلال 60ث
[2026-08-30 05:35:40] Dust Sweep: تعذر (بيئة لا تدعم SAPI أو خطأ Binance)
[2026-08-30 05:36:08] مصالحة لقطية (إعادة اتصال User Stream)
[2026-08-30 05:36:08] انقطاع User Data Stream: استجابة Binance غير صالحة HTTP 410; إعادة الاتصال خلال 60ث
[2026-08-30 05:37:09] مصالحة لقطية (إعادة اتصال User Stream)
[2026-08-30 05:37:09] انقطاع User Data Stream: استجابة Binance غير صالحة HTTP 410; إعادة الاتصال خلال 60ث
[2026-08-30 05:38:10] مصالحة لقطية (إعادة اتصال User Stream)
[2026-08-30 05:38:11] انقطاع User Data Stream: استجابة Binance غير صالحة HTTP 410; إعادة الاتصال خلال 60ث
[2026-08-30 05:39:12] مصالحة لقطية (إعادة اتصال User Stream)
[2026-08-30 05:39:12] انقطاع User Data Stream: استجابة Binance غير صالحة HTTP 410; إعادة الاتصال خلال 60ث
[2026-08-30 05:40:13] مصالحة لقطية (إعادة اتصال User Stream)
[2026-08-30 05:40:14] انقطاع User Data Stream: استجابة Binance غير صالحة HTTP 410; إعادة الاتصال خلال 60ث
[2026-08-30 05:40:41] Dust Sweep: تعذر (بيئة لا تدعم SAPI أو خطأ Binance)
[2026-08-30 05:41:14] مصالحة لقطية (إعادة اتصال User Stream)
[2026-08-30 05:41:15] انقطاع User Data Stream: استجابة Binance غير صالحة HTTP 410; إعادة الاتصال خلال 60ث
[2026-08-30 05:42:16] مصالحة لقطية (إعادة اتصال User Stream)
[2026-08-30 05:42:16] انقطاع User Data Stream: استجابة Binance غير صالحة HTTP 410; إعادة الاتصال خلال 60ث
[2026-08-30 05:43:17] مصالحة لقطية (إعادة اتصال User Stream)
[2026-08-30 05:43:18] انقطاع User Data Stream: استجابة Binance غير صالحة HTTP 410; إعادة الاتصال خلال 60ث
[2026-08-30 05:44:19] مصالحة لقطية (إعادة اتصال User Stream)
[2026-08-30 05:44:20] انقطاع User Data Stream: استجابة Binance غير صالحة HTTP 410; إعادة الاتصال خلال 60ث
[2026-08-30 05:45:21] مصالحة لقطية (إعادة اتصال User Stream)
[2026-08-30 05:45:22] انقطاع User Data Stream: استجابة Binance غير صالحة HTTP 410; إعادة الاتصال خلال 60ث
[2026-08-30 05:45:41] Dust Sweep: تعذر (بيئة لا تدعم SAPI أو خطأ Binance)
[2026-08-30 05:46:23] مصالحة لقطية (إعادة اتصال User Stream)
[2026-08-30 05:46:23] انقطاع User Data Stream: استجابة Binance غير صالحة HTTP 410; إعادة الاتصال خلال 60ث
[2026-08-30 05:47:24] مصالحة لقطية (إعادة اتصال User Stream)
[2026-08-30 05:47:25] انقطاع User Data Stream: استجابة Binance غير صالحة HTTP 410; إعادة الاتصال خلال 60ث
[2026-08-30 05:48:26] مصالحة لقطية (إعادة اتصال User Stream)
[2026-08-30 05:48:27] انقطاع User Data Stream: استجابة Binance غير صالحة HTTP 410; إعادة الاتصال خلال 60ث
[2026-08-30 05:49:28] مصالحة لقطية (إعادة اتصال User Stream)
[2026-08-30 05:49:29] انقطاع User Data Stream: استجابة Binance غير صالحة HTTP 410; إعادة الاتصال خلال 60ث
[2026-08-30 05:50:30] مصالحة لقطية (إعادة اتصال User Stream)
[2026-08-30 05:50:31] انقطاع User Data Stream: استجابة Binance غير صالحة HTTP 410; إعادة الاتصال خلال 60ث
[2026-08-30 05:50:42] Dust Sweep: تعذر (بيئة لا تدعم SAPI أو خطأ Binance)
[2026-08-30 05:51:32] مصالحة لقطية (إعادة اتصال User Stream)
[2026-08-30 05:51:33] انقطاع User Data Stream: استجابة Binance غير صالحة HTTP 410; إعادة الاتصال خلال 60ث
[2026-08-30 05:52:34] مصالحة لقطية (إعادة اتصال User Stream)
[2026-08-30 05:52:34] انقطاع User Data Stream: استجابة Binance غير صالحة HTTP 410; إعادة الاتصال خلال 60ث
[2026-08-30 05:53:35] مصالحة لقطية (إعادة اتصال User Stream)
[2026-08-30 05:53:36] انقطاع User Data Stream: استجابة Binance غير صالحة HTTP 410; إعادة الاتصال خلال 60ث
[2026-08-30 05:54:37] مصالحة لقطية (إعادة اتصال User Stream)
[2026-08-30 05:54:37] انقطاع User Data Stream: استجابة Binance غير صالحة HTTP 410; إعادة الاتصال خلال 60ث
[2026-08-30 05:55:37] مصالحة لقطية (إعادة اتصال User Stream)
[2026-08-30 05:55:38] انقطاع User Data Stream: استجابة Binance غير صالحة HTTP 410; إعادة الاتصال خلال 60ث
[2026-08-30 05:55:42] Dust Sweep: تعذر (بيئة لا تدعم SAPI أو خطأ Binance)
[2026-08-30 05:56:40] مصالحة لقطية (إعادة اتصال User Stream)
[2026-08-30 05:56:40] انقطاع User Data Stream: استجابة Binance غير صالحة HTTP 410; إعادة الاتصال خلال 60ث
[2026-08-30 05:57:40] مصالحة لقطية (إعادة اتصال User Stream)
[2026-08-30 05:57:41] انقطاع User Data Stream: استجابة Binance غير صالحة HTTP 410; إعادة الاتصال خلال 60ث
[2026-08-30 05:58:42] مصالحة لقطية (إعادة اتصال User Stream)
[2026-08-30 05:58:43] انقطاع User Data Stream: استجابة Binance غير صالحة HTTP 410; إعادة الاتصال خلال 60ث
[2026-08-30 05:59:44] مصالحة لقطية (إعادة اتصال User Stream)
[2026-08-30 05:59:44] انقطاع User Data Stream: استجابة Binance غير صالحة HTTP 410; إعادة الاتصال خلال 60ث
[2026-08-30 06:00:43] Dust Sweep: تعذر (بيئة لا تدعم SAPI أو خطأ Binance)
[2026-08-30 06:00:45] مصالحة لقطية (إعادة اتصال User Stream)
[2026-08-30 06:00:46] انقطاع User Data Stream: استجابة Binance غير صالحة HTTP 410; إعادة الاتصال خلال 60ث
[2026-08-30 06:01:46] مصالحة لقطية (إعادة اتصال User Stream)
[2026-08-30 06:01:47] انقطاع User Data Stream: استجابة Binance غير صالحة HTTP 410; إعادة الاتصال خلال 60ث
[2026-08-30 06:02:48] مصالحة لقطية (إعادة اتصال User Stream)
[2026-08-30 06:02:48] انقطاع User Data Stream: استجابة Binance غير صالحة HTTP 410; إعادة الاتصال خلال 60ث
[2026-08-30 06:03:49] مصالحة لقطية (إعادة اتصال User Stream)
[2026-08-30 06:03:51] انقطاع User Data Stream: استجابة Binance غير صالحة HTTP 410; إعادة الاتصال خلال 60ث
[2026-08-30 06:04:51] مصالحة لقطية (إعادة اتصال User Stream)
[2026-08-30 06:04:52] انقطاع User Data Stream: استجابة Binance غير صالحة HTTP 410; إعادة الاتصال خلال 60ث
[2026-08-30 06:05:03] كون V5: أفضل 18 زوجاً حسب حجم 24س
[2026-08-30 06:05:43] Dust Sweep: تعذر (بيئة لا تدعم SAPI أو خطأ Binance)
[2026-08-30 06:05:53] مصالحة لقطية (إعادة اتصال User Stream)
[2026-08-30 06:05:54] انقطاع User Data Stream: استجابة Binance غير صالحة HTTP 410; إعادة الاتصال خلال 60ث
[2026-08-30 06:06:54] مصالحة لقطية (إعادة اتصال User Stream)
[2026-08-30 06:06:55] انقطاع User Data Stream: استجابة Binance غير صالحة HTTP 410; إعادة الاتصال خلال 60ث
[2026-08-30 06:07:55] مصالحة لقطية (إعادة اتصال User Stream)
[2026-08-30 06:07:56] انقطاع User Data Stream: استجابة Binance غير صالحة HTTP 410; إعادة الاتصال خلال 60ث
[2026-08-30 06:08:58] مصالحة لقطية (إعادة اتصال User Stream)
[2026-08-30 06:08:58] انقطاع User Data Stream: استجابة Binance غير صالحة HTTP 410; إعادة الاتصال خلال 60ث
[2026-08-30 06:09:59] مصالحة لقطية (إعادة اتصال User Stream)
[2026-08-30 06:09:59] انقطاع User Data Stream: استجابة Binance غير صالحة HTTP 410; إعادة الاتصال خلال 60ث
[2026-08-30 06:10:44] Dust Sweep: تعذر (بيئة لا تدعم SAPI أو خطأ Binance)
[2026-08-30 06:11:00] مصالحة لقطية (إعادة اتصال User Stream)
[2026-08-30 06:11:01] انقطاع User Data Stream: استجابة Binance غير صالحة HTTP 410; إعادة الاتصال خلال 60ث
[2026-08-30 06:12:02] مصالحة لقطية (إعادة اتصال User Stream)
[2026-08-30 06:12:02] انقطاع User Data Stream: استجابة Binance غير صالحة HTTP 410; إعادة الاتصال خلال 60ث
[2026-08-30 06:13:04] مصالحة لقطية (إعادة اتصال User Stream)
[2026-08-30 06:13:04] انقطاع User Data Stream: استجابة Binance غير صالحة HTTP 410; إعادة الاتصال خلال 60ث
[2026-08-30 06:14:05] مصالحة لقطية (إعادة اتصال User Stream)
[2026-08-30 06:14:06] انقطاع User Data Stream: استجابة Binance غير صالحة HTTP 410; إعادة الاتصال خلال 60ث
[2026-08-30 06:15:06] مصالحة لقطية (إعادة اتصال User Stream)
[2026-08-30 06:15:07] انقطاع User Data Stream: استجابة Binance غير صالحة HTTP 410; إعادة الاتصال خلال 60ث
[2026-08-30 06:15:45] Dust Sweep: تعذر (بيئة لا تدعم SAPI أو خطأ Binance)
[2026-08-30 06:16:07] مصالحة لقطية (إعادة اتصال User Stream)
[2026-08-30 06:16:08] انقطاع User Data Stream: استجابة Binance غير صالحة HTTP 410; إعادة الاتصال خلال 60ث
[2026-08-30 06:17:08] مصالحة لقطية (إعادة اتصال User Stream)
[2026-08-30 06:17:09] انقطاع User Data Stream: استجابة Binance غير صالحة HTTP 410; إعادة الاتصال خلال 60ث
[2026-08-30 06:18:09] مصالحة لقطية (إعادة اتصال User Stream)
[2026-08-30 06:18:10] انقطاع User Data Stream: استجابة Binance غير صالحة HTTP 410; إعادة الاتصال خلال 60ث
[2026-08-30 06:19:11] مصالحة لقطية (إعادة اتصال User Stream)
[2026-08-30 06:19:11] انقطاع User Data Stream: استجابة Binance غير صالحة HTTP 410; إعادة الاتصال خلال 60ث
[2026-08-30 06:20:13] مصالحة لقطية (إعادة اتصال User Stream)
[2026-08-30 06:20:14] انقطاع User Data Stream: استجابة Binance غير صالحة HTTP 410; إعادة الاتصال خلال 60ث
[2026-08-30 06:20:45] Dust Sweep: تعذر (بيئة لا تدعم SAPI أو خطأ Binance)
[2026-08-30 06:21:14] مصالحة لقطية (إعادة اتصال User Stream)
[2026-08-30 06:21:14] انقطاع User Data Stream: استجابة Binance غير صالحة HTTP 410; إعادة الاتصال خلال 60ث
[2026-08-30 06:22:16] مصالحة لقطية (إعادة اتصال User Stream)
[2026-08-30 06:22:16] انقطاع User Data Stream: استجابة Binance غير صالحة HTTP 410; إعادة الاتصال خلال 60ث
[2026-08-30 06:23:16] مصالحة لقطية (إعادة اتصال User Stream)
[2026-08-30 06:23:17] انقطاع User Data Stream: استجابة Binance غير صالحة HTTP 410; إعادة الاتصال خلال 60ث
[2026-08-30 06:24:17] مصالحة لقطية (إعادة اتصال User Stream)
[2026-08-30 06:24:18] انقطاع User Data Stream: استجابة Binance غير صالحة HTTP 410; إعادة الاتصال خلال 60ث
[2026-08-30 06:25:19] مصالحة لقطية (إعادة اتصال User Stream)
[2026-08-30 06:25:19] انقطاع User Data Stream: استجابة Binance غير صالحة HTTP 410; إعادة الاتصال خلال 60ث
[2026-08-30 06:25:46] Dust Sweep: تعذر (بيئة لا تدعم SAPI أو خطأ Binance)
[2026-08-30 06:26:20] مصالحة لقطية (إعادة اتصال User Stream)
[2026-08-30 06:26:21] انقطاع User Data Stream: استجابة Binance غير صالحة HTTP 410; إعادة الاتصال خلال 60ث
[2026-08-30 06:27:21] مصالحة لقطية (إعادة اتصال User Stream)
[2026-08-30 06:27:22] انقطاع User Data Stream: استجابة Binance غير صالحة HTTP 410; إعادة الاتصال خلال 60ث
[2026-08-30 06:28:23] مصالحة لقطية (إعادة اتصال User Stream)
[2026-08-30 06:28:23] انقطاع User Data Stream: استجابة Binance غير صالحة HTTP 410; إعادة الاتصال خلال 60ث
[2026-08-30 06:29:25] مصالحة لقطية (إعادة اتصال User Stream)
[2026-08-30 06:29:26] انقطاع User Data Stream: استجابة Binance غير صالحة HTTP 410; إعادة الاتصال خلال 60ث
[2026-08-30 06:30:26] مصالحة لقطية (إعادة اتصال User Stream)
[2026-08-30 06:30:27] انقطاع User Data Stream: استجابة Binance غير صالحة HTTP 410; إعادة الاتصال خلال 60ث
[2026-08-30 06:30:47] Dust Sweep: تعذر (بيئة لا تدعم SAPI أو خطأ Binance)
[2026-08-30 06:31:26] 🚀 رشاش SOLUSDT: flow حركة 0.08% (عتبة 0.12%) تدفق 2.5x → دخول فوري
[2026-08-30 06:31:26] أمر دخول LIMIT_MAKER(صانع) SOLUSDT @ 105.29000000 (cid=NV56AB07C9430254823A262) — بانتظار executionReport
[2026-08-30 06:31:27] مصالحة لقطية (إعادة اتصال User Stream)
[2026-08-30 06:31:28] انقطاع User Data Stream: استجابة Binance غير صالحة HTTP 410; إعادة الاتصال خلال 60ث
[2026-08-30 06:31:28] Watchdog SOLUSDT: أُلغي أمر الدخول غير المنفذ
[2026-08-30 06:32:28] مصالحة لقطية (إعادة اتصال User Stream)
[2026-08-30 06:32:28] انقطاع User Data Stream: استجابة Binance غير صالحة HTTP 410; إعادة الاتصال خلال 60ث
[2026-08-30 06:33:30] مصالحة لقطية (إعادة اتصال User Stream)
[2026-08-30 06:33:30] انقطاع User Data Stream: استجابة Binance غير صالحة HTTP 410; إعادة الاتصال خلال 60ث
[2026-08-30 06:34:30] مصالحة لقطية (إعادة اتصال User Stream)
[2026-08-30 06:34:31] انقطاع User Data Stream: استجابة Binance غير صالحة HTTP 410; إعادة الاتصال خلال 60ث
[2026-08-30 06:35:32] مصالحة لقطية (إعادة اتصال User Stream)
[2026-08-30 06:35:33] انقطاع User Data Stream: استجابة Binance غير صالحة HTTP 410; إعادة الاتصال خلال 60ث
[2026-08-30 06:35:47] Dust Sweep: تعذر (بيئة لا تدعم SAPI أو خطأ Binance)
[2026-08-30 06:36:33] مصالحة لقطية (إعادة اتصال User Stream)
[2026-08-30 06:36:34] انقطاع User Data Stream: استجابة Binance غير صالحة HTTP 410; إعادة الاتصال خلال 60ث
[2026-08-30 06:37:34] مصالحة لقطية (إعادة اتصال User Stream)
[2026-08-30 06:37:35] انقطاع User Data Stream: استجابة Binance غير صالحة HTTP 410; إعادة الاتصال خلال 60ث
[2026-08-30 06:38:35] مصالحة لقطية (إعادة اتصال User Stream)
[2026-08-30 06:38:36] انقطاع User Data Stream: استجابة Binance غير صالحة HTTP 410; إعادة الاتصال خلال 60ث
[2026-08-30 06:39:37] مصالحة لقطية (إعادة اتصال User Stream)
[2026-08-30 06:39:38] انقطاع User Data Stream: استجابة Binance غير صالحة HTTP 410; إعادة الاتصال خلال 60ث
[2026-08-30 06:40:38] مصالحة لقطية (إعادة اتصال User Stream)
[2026-08-30 06:40:39] انقطاع User Data Stream: استجابة Binance غير صالحة HTTP 410; إعادة الاتصال خلال 60ث
[2026-08-30 06:40:48] Dust Sweep: تعذر (بيئة لا تدعم SAPI أو خطأ Binance)
[2026-08-30 06:41:39] مصالحة لقطية (إعادة اتصال User Stream)
[2026-08-30 06:41:39] انقطاع User Data Stream: استجابة Binance غير صالحة HTTP 410; إعادة الاتصال خلال 60ث
[2026-08-30 06:42:40] مصالحة لقطية (إعادة اتصال User Stream)
[2026-08-30 06:42:40] انقطاع User Data Stream: استجابة Binance غير صالحة HTTP 410; إعادة الاتصال خلال 60ث
[2026-08-30 06:43:41] مصالحة لقطية (إعادة اتصال User Stream)
[2026-08-30 06:43:41] انقطاع User Data Stream: استجابة Binance غير صالحة HTTP 410; إعادة الاتصال خلال 60ث
[2026-08-30 06:44:42] مصالحة لقطية (إعادة اتصال User Stream)
[2026-08-30 06:44:43] انقطاع User Data Stream: استجابة Binance غير صالحة HTTP 410; إعادة الاتصال خلال 60ث
[2026-08-30 06:45:44] مصالحة لقطية (إعادة اتصال User Stream)
[2026-08-30 06:45:44] انقطاع User Data Stream: استجابة Binance غير صالحة HTTP 410; إعادة الاتصال خلال 60ث
[2026-08-30 06:45:48] Dust Sweep: تعذر (بيئة لا تدعم SAPI أو خطأ Binance)
[2026-08-30 06:46:44] مصالحة لقطية (إعادة اتصال User Stream)
[2026-08-30 06:46:45] انقطاع User Data Stream: استجابة Binance غير صالحة HTTP 410; إعادة الاتصال خلال 60ث
[2026-08-30 06:47:45] مصالحة لقطية (إعادة اتصال User Stream)
[2026-08-30 06:47:46] انقطاع User Data Stream: استجابة Binance غير صالحة HTTP 410; إعادة الاتصال خلال 60ث
[2026-08-30 06:48:47] مصالحة لقطية (إعادة اتصال User Stream)
[2026-08-30 06:48:48] انقطاع User Data Stream: استجابة Binance غير صالحة HTTP 410; إعادة الاتصال خلال 60ث
[2026-08-30 06:49:48] مصالحة لقطية (إعادة اتصال User Stream)
[2026-08-30 06:49:50] انقطاع User Data Stream: استجابة Binance غير صالحة HTTP 410; إعادة الاتصال خلال 60ث
[2026-08-30 06:50:49] Dust Sweep: تعذر (بيئة لا تدعم SAPI أو خطأ Binance)
[2026-08-30 06:50:50] مصالحة لقطية (إعادة اتصال User Stream)
[2026-08-30 06:50:50] انقطاع User Data Stream: استجابة Binance غير صالحة HTTP 410; إعادة الاتصال خلال 60ث
[2026-08-30 06:51:52] مصالحة لقطية (إعادة اتصال User Stream)
[2026-08-30 06:51:52] انقطاع User Data Stream: استجابة Binance غير صالحة HTTP 410; إعادة الاتصال خلال 60ث
[2026-08-30 06:52:53] مصالحة لقطية (إعادة اتصال User Stream)
[2026-08-30 06:52:54] انقطاع User Data Stream: استجابة Binance غير صالحة HTTP 410; إعادة الاتصال خلال 60ث
[2026-08-30 06:53:55] مصالحة لقطية (إعادة اتصال User Stream)
[2026-08-30 06:53:56] انقطاع User Data Stream: استجابة Binance غير صالحة HTTP 410; إعادة الاتصال خلال 60ث
[2026-08-30 06:54:57] مصالحة لقطية (إعادة اتصال User Stream)
[2026-08-30 06:54:58] انقطاع User Data Stream: استجابة Binance غير صالحة HTTP 410; إعادة الاتصال خلال 60ث
[2026-08-30 06:55:50] Dust Sweep: تعذر (بيئة لا تدعم SAPI أو خطأ Binance)
[2026-08-30 06:56:00] مصالحة لقطية (إعادة اتصال User Stream)
[2026-08-30 06:56:00] انقطاع User Data Stream: استجابة Binance غير صالحة HTTP 410; إعادة الاتصال خلال 60ث
[2026-08-30 06:57:01] مصالحة لقطية (إعادة اتصال User Stream)
[2026-08-30 06:57:01] انقطاع User Data Stream: استجابة Binance غير صالحة HTTP 410; إعادة الاتصال خلال 60ث
[2026-08-30 06:58:02] مصالحة لقطية (إعادة اتصال User Stream)
[2026-08-30 06:58:03] انقطاع User Data Stream: استجابة Binance غير صالحة HTTP 410; إعادة الاتصال خلال 60ث
[2026-08-30 06:59:03] مصالحة لقطية (إعادة اتصال User Stream)
[2026-08-30 06:59:04] انقطاع User Data Stream: استجابة Binance غير صالحة HTTP 410; إعادة الاتصال خلال 60ث
[2026-08-30 07:00:05] مصالحة لقطية (إعادة اتصال User Stream)
[2026-08-30 07:00:06] انقطاع User Data Stream: استجابة Binance غير صالحة HTTP 410; إعادة الاتصال خلال 60ث
[2026-08-30 07:00:51] Dust Sweep: تعذر (بيئة لا تدعم SAPI أو خطأ Binance)
[2026-08-30 07:01:06] مصالحة لقطية (إعادة اتصال User Stream)
[2026-08-30 07:01:07] انقطاع User Data Stream: استجابة Binance غير صالحة HTTP 410; إعادة الاتصال خلال 60ث
[2026-08-30 07:02:08] مصالحة لقطية (إعادة اتصال User Stream)
[2026-08-30 07:02:09] انقطاع User Data Stream: استجابة Binance غير صالحة HTTP 410; إعادة الاتصال خلال 60ث
[2026-08-30 07:03:10] مصالحة لقطية (إعادة اتصال User Stream)
[2026-08-30 07:03:10] انقطاع User Data Stream: استجابة Binance غير صالحة HTTP 410; إعادة الاتصال خلال 60ث
[2026-08-30 07:04:12] مصالحة لقطية (إعادة اتصال User Stream)
[2026-08-30 07:04:12] انقطاع User Data Stream: استجابة Binance غير صالحة HTTP 410; إعادة الاتصال خلال 60ث
[2026-08-30 07:04:56] نبضة 6س: إجمالي الصفقات : 1 |  | 🟢الناجحة : 0 |  | 🔴الخاسرة : 1 |  | الخسائر المتتالية : 1 |  | اجمالي المكاسب : -0.04$ |  | نسبة النجاح : 0.00%
[2026-08-30 07:05:04] كون V5: أفضل 18 زوجاً حسب حجم 24س
[2026-08-30 07:05:13] مصالحة لقطية (إعادة اتصال User Stream)
[2026-08-30 07:05:13] انقطاع User Data Stream: استجابة Binance غير صالحة HTTP 410; إعادة الاتصال خلال 60ث
[2026-08-30 07:05:56] Dust Sweep: تعذر (بيئة لا تدعم SAPI أو خطأ Binance)
[2026-08-30 07:06:14] مصالحة لقطية (إعادة اتصال User Stream)
[2026-08-30 07:06:14] انقطاع User Data Stream: استجابة Binance غير صالحة HTTP 410; إعادة الاتصال خلال 60ث
[2026-08-30 07:07:14] مصالحة لقطية (إعادة اتصال User Stream)
[2026-08-30 07:07:15] انقطاع User Data Stream: استجابة Binance غير صالحة HTTP 410; إعادة الاتصال خلال 60ث
[2026-08-30 07:08:16] مصالحة لقطية (إعادة اتصال User Stream)
[2026-08-30 07:08:17] انقطاع User Data Stream: استجابة Binance غير صالحة HTTP 410; إعادة الاتصال خلال 60ث
[2026-08-30 07:09:17] مصالحة لقطية (إعادة اتصال User Stream)
[2026-08-30 07:09:18] انقطاع User Data Stream: استجابة Binance غير صالحة HTTP 410; إعادة الاتصال خلال 60ث
[2026-08-30 07:10:19] مصالحة لقطية (إعادة اتصال User Stream)
[2026-08-30 07:10:20] انقطاع User Data Stream: استجابة Binance غير صالحة HTTP 410; إعادة الاتصال خلال 60ث
[2026-08-30 07:10:58] Dust Sweep: تعذر (بيئة لا تدعم SAPI أو خطأ Binance)
[2026-08-30 07:11:20] مصالحة لقطية (إعادة اتصال User Stream)
[2026-08-30 07:11:21] انقطاع User Data Stream: استجابة Binance غير صالحة HTTP 410; إعادة الاتصال خلال 60ث
[2026-08-30 07:12:21] مصالحة لقطية (إعادة اتصال User Stream)
[2026-08-30 07:12:22] انقطاع User Data Stream: استجابة Binance غير صالحة HTTP 410; إعادة الاتصال خلال 60ث
[2026-08-30 07:13:23] مصالحة لقطية (إعادة اتصال User Stream)
[2026-08-30 07:13:24] انقطاع User Data Stream: استجابة Binance غير صالحة HTTP 410; إعادة الاتصال خلال 60ث
[2026-08-30 07:13:53] ⚡ قنّاص الانهيار: GTCUSDT هبوط 0.25% خلال 15ث + جدار شراء 51.55x → دخول فوري
[2026-08-30 07:13:54] أمر دخول LIMIT_MAKER(صانع) GTCUSDT @ 0.08373000 (cid=NV580DE7465157B4B6BB43F) — بانتظار executionReport
[2026-08-30 07:14:02] صانع GTCUSDT: انتهت مهلة 8ث بلا تنفيذ — أُلغي أمر الصانع
[2026-08-30 07:14:06] Watchdog: صمت الأحداث لأمر الدخول GTCUSDT؛ استيضاح REST أحادي
[2026-08-30 07:14:24] مصالحة لقطية (إعادة اتصال User Stream)
[2026-08-30 07:14:24] انقطاع User Data Stream: استجابة Binance غير صالحة HTTP 410; إعادة الاتصال خلال 60ث
[2026-08-30 07:15:26] مصالحة لقطية (إعادة اتصال User Stream)
[2026-08-30 07:15:26] انقطاع User Data Stream: استجابة Binance غير صالحة HTTP 410; إعادة الاتصال خلال 60ث
[2026-08-30 07:15:58] Dust Sweep: تعذر (بيئة لا تدعم SAPI أو خطأ Binance)
[2026-08-30 07:16:27] مصالحة لقطية (إعادة اتصال User Stream)
[2026-08-30 07:16:28] انقطاع User Data Stream: استجابة Binance غير صالحة HTTP 410; إعادة الاتصال خلال 60ث
[2026-08-30 07:17:29] مصالحة لقطية (إعادة اتصال User Stream)
[2026-08-30 07:17:29] انقطاع User Data Stream: استجابة Binance غير صالحة HTTP 410; إعادة الاتصال خلال 60ث
[2026-08-30 07:18:08] قنّاص ZKPUSDT: هبوط 0.37% خلال 15ث — بانتظار جدار الشراء (bid/ask = 0.00x < 1.5x)
[2026-08-30 07:18:18] ⚡ قنّاص الانهيار: ZKPUSDT هبوط 0.37% خلال 15ث + جدار شراء 1.57x → دخول فوري
[2026-08-30 07:18:19] أمر دخول LIMIT_MAKER(صانع) ZKPUSDT @ 0.05410000 (cid=NV5F1DBF7F2CBA74A8E9505) — بانتظار executionReport
[2026-08-30 07:18:28] صانع ZKPUSDT: انتهت مهلة 8ث بلا تنفيذ — أُلغي أمر الصانع
[2026-08-30 07:18:29] مصالحة لقطية (إعادة اتصال User Stream)
[2026-08-30 07:18:30] انقطاع User Data Stream: استجابة Binance غير صالحة HTTP 410; إعادة الاتصال خلال 60ث
[2026-08-30 07:19:30] مصالحة لقطية (إعادة اتصال User Stream)
[2026-08-30 07:19:30] انقطاع User Data Stream: استجابة Binance غير صالحة HTTP 410; إعادة الاتصال خلال 60ث
[2026-08-30 07:20:31] مصالحة لقطية (إعادة اتصال User Stream)
[2026-08-30 07:20:32] انقطاع User Data Stream: استجابة Binance غير صالحة HTTP 410; إعادة الاتصال خلال 60ث
[2026-08-30 07:21:04] Dust Sweep: تعذر (بيئة لا تدعم SAPI أو خطأ Binance)
[2026-08-30 07:21:33] مصالحة لقطية (إعادة اتصال User Stream)
[2026-08-30 07:21:34] انقطاع User Data Stream: استجابة Binance غير صالحة HTTP 410; إعادة الاتصال خلال 60ث
[2026-08-30 07:22:35] مصالحة لقطية (إعادة اتصال User Stream)
[2026-08-30 07:22:36] انقطاع User Data Stream: استجابة Binance غير صالحة HTTP 410; إعادة الاتصال خلال 60ث
[2026-08-30 07:23:36] مصالحة لقطية (إعادة اتصال User Stream)
[2026-08-30 07:23:37] انقطاع User Data Stream: استجابة Binance غير صالحة HTTP 410; إعادة الاتصال خلال 60ث
[2026-08-30 07:24:38] مصالحة لقطية (إعادة اتصال User Stream)
[2026-08-30 07:24:39] انقطاع User Data Stream: استجابة Binance غير صالحة HTTP 410; إعادة الاتصال خلال 60ث
[2026-08-30 07:25:40] مصالحة لقطية (إعادة اتصال User Stream)
[2026-08-30 07:25:40] انقطاع User Data Stream: استجابة Binance غير صالحة HTTP 410; إعادة الاتصال خلال 60ث
[2026-08-30 07:26:05] Dust Sweep: تعذر (بيئة لا تدعم SAPI أو خطأ Binance)
[2026-08-30 07:26:40] مصالحة لقطية (إعادة اتصال User Stream)
[2026-08-30 07:26:41] انقطاع User Data Stream: استجابة Binance غير صالحة HTTP 410; إعادة الاتصال خلال 60ث
[2026-08-30 07:27:42] مصالحة لقطية (إعادة اتصال User Stream)
[2026-08-30 07:27:42] انقطاع User Data Stream: استجابة Binance غير صالحة HTTP 410; إعادة الاتصال خلال 60ث
[2026-08-30 07:28:44] مصالحة لقطية (إعادة اتصال User Stream)
[2026-08-30 07:28:45] انقطاع User Data Stream: استجابة Binance غير صالحة HTTP 410; إعادة الاتصال خلال 60ث
[2026-08-30 07:29:46] مصالحة لقطية (إعادة اتصال User Stream)
[2026-08-30 07:29:46] انقطاع User Data Stream: استجابة Binance غير صالحة HTTP 410; إعادة الاتصال خلال 60ث
[2026-08-30 07:30:48] مصالحة لقطية (إعادة اتصال User Stream)
[2026-08-30 07:30:48] انقطاع User Data Stream: استجابة Binance غير صالحة HTTP 410; إعادة الاتصال خلال 60ث
[2026-08-30 07:31:07] Dust Sweep: تعذر (بيئة لا تدعم SAPI أو خطأ Binance)
[2026-08-30 07:31:49] مصالحة لقطية (إعادة اتصال User Stream)
[2026-08-30 07:31:49] انقطاع User Data Stream: استجابة Binance غير صالحة HTTP 410; إعادة الاتصال خلال 60ث
[2026-08-30 07:32:50] مصالحة لقطية (إعادة اتصال User Stream)
[2026-08-30 07:32:51] انقطاع User Data Stream: استجابة Binance غير صالحة HTTP 410; إعادة الاتصال خلال 60ث
[2026-08-30 07:33:52] مصالحة لقطية (إعادة اتصال User Stream)
[2026-08-30 07:33:52] انقطاع User Data Stream: استجابة Binance غير صالحة HTTP 410; إعادة الاتصال خلال 60ث
[2026-08-30 07:34:53] مصالحة لقطية (إعادة اتصال User Stream)
[2026-08-30 07:34:53] انقطاع User Data Stream: استجابة Binance غير صالحة HTTP 410; إعادة الاتصال خلال 60ث
[2026-08-30 07:35:54] مصالحة لقطية (إعادة اتصال User Stream)
[2026-08-30 07:35:55] انقطاع User Data Stream: استجابة Binance غير صالحة HTTP 410; إعادة الاتصال خلال 60ث
[2026-08-30 07:36:07] Dust Sweep: تعذر (بيئة لا تدعم SAPI أو خطأ Binance)
[2026-08-30 07:36:31] 🚀 رشاش ZKPUSDT: impulse حركة 0.57% (عتبة 0.12%) تدفق 2.1x → دخول فوري
[2026-08-30 07:36:32] أمر دخول LIMIT_MAKER(صانع) ZKPUSDT @ 0.05270000 (cid=NV5B4F4969057474985884D) — بانتظار executionReport
[2026-08-30 07:36:40] صانع ZKPUSDT: انتهت مهلة 8ث بلا تنفيذ — أُلغي أمر الصانع
[2026-08-30 07:36:44] Watchdog: صمت الأحداث لأمر الدخول ZKPUSDT؛ استيضاح REST أحادي
[2026-08-30 07:36:56] مصالحة لقطية (إعادة اتصال User Stream)
[2026-08-30 07:36:57] انقطاع User Data Stream: استجابة Binance غير صالحة HTTP 410; إعادة الاتصال خلال 60ث
[2026-08-30 07:37:57] مصالحة لقطية (إعادة اتصال User Stream)
[2026-08-30 07:37:58] انقطاع User Data Stream: استجابة Binance غير صالحة HTTP 410; إعادة الاتصال خلال 60ث
[2026-08-30 07:38:59] مصالحة لقطية (إعادة اتصال User Stream)
[2026-08-30 07:38:59] انقطاع User Data Stream: استجابة Binance غير صالحة HTTP 410; إعادة الاتصال خلال 60ث
[2026-08-30 07:40:01] مصالحة لقطية (إعادة اتصال User Stream)
[2026-08-30 07:40:01] انقطاع User Data Stream: استجابة Binance غير صالحة HTTP 410; إعادة الاتصال خلال 60ث
[2026-08-30 07:41:02] مصالحة لقطية (إعادة اتصال User Stream)
[2026-08-30 07:41:02] انقطاع User Data Stream: استجابة Binance غير صالحة HTTP 410; إعادة الاتصال خلال 60ث
[2026-08-30 07:41:08] Dust Sweep: تعذر (بيئة لا تدعم SAPI أو خطأ Binance)
[2026-08-30 07:42:04] مصالحة لقطية (إعادة اتصال User Stream)
[2026-08-30 07:42:04] انقطاع User Data Stream: استجابة Binance غير صالحة HTTP 410; إعادة الاتصال خلال 60ث
[2026-08-30 07:43:04] مصالحة لقطية (إعادة اتصال User Stream)
[2026-08-30 07:43:05] انقطاع User Data Stream: استجابة Binance غير صالحة HTTP 410; إعادة الاتصال خلال 60ث
[2026-08-30 07:44:06] مصالحة لقطية (إعادة اتصال User Stream)
[2026-08-30 07:44:07] انقطاع User Data Stream: استجابة Binance غير صالحة HTTP 410; إعادة الاتصال خلال 60ث
[2026-08-30 07:45:08] مصالحة لقطية (إعادة اتصال User Stream)
[2026-08-30 07:45:08] انقطاع User Data Stream: استجابة Binance غير صالحة HTTP 410; إعادة الاتصال خلال 60ث
[2026-08-30 07:46:08] Dust Sweep: تعذر (بيئة لا تدعم SAPI أو خطأ Binance)
[2026-08-30 07:46:09] مصالحة لقطية (إعادة اتصال User Stream)
[2026-08-30 07:46:10] انقطاع User Data Stream: استجابة Binance غير صالحة HTTP 410; إعادة الاتصال خلال 60ث
[2026-08-30 07:47:10] مصالحة لقطية (إعادة اتصال User Stream)
[2026-08-30 07:47:11] انقطاع User Data Stream: استجابة Binance غير صالحة HTTP 410; إعادة الاتصال خلال 60ث
[2026-08-30 07:48:12] مصالحة لقطية (إعادة اتصال User Stream)
[2026-08-30 07:48:12] انقطاع User Data Stream: استجابة Binance غير صالحة HTTP 410; إعادة الاتصال خلال 60ث
[2026-08-30 07:49:13] مصالحة لقطية (إعادة اتصال User Stream)
[2026-08-30 07:49:13] انقطاع User Data Stream: استجابة Binance غير صالحة HTTP 410; إعادة الاتصال خلال 60ث
[2026-08-30 07:50:13] مصالحة لقطية (إعادة اتصال User Stream)
[2026-08-30 07:50:14] انقطاع User Data Stream: استجابة Binance غير صالحة HTTP 410; إعادة الاتصال خلال 60ث
[2026-08-30 07:51:09] Dust Sweep: تعذر (بيئة لا تدعم SAPI أو خطأ Binance)
[2026-08-30 07:51:15] مصالحة لقطية (إعادة اتصال User Stream)
[2026-08-30 07:51:16] انقطاع User Data Stream: استجابة Binance غير صالحة HTTP 410; إعادة الاتصال خلال 60ث
[2026-08-30 07:52:16] مصالحة لقطية (إعادة اتصال User Stream)
[2026-08-30 07:52:18] انقطاع User Data Stream: استجابة Binance غير صالحة HTTP 410; إعادة الاتصال خلال 60ث
[2026-08-30 07:53:11] انقطاع BTC Context Stream: Cannot connect to host stream.testnet.binance.vision:443 ssl:default [No address associated with hostname]; إعادة الاتصال خلال 2ث
[2026-08-30 07:53:14] WebSocket السوق متصل: 54 تدفقاً لأفضل 18 زوجاً
[2026-08-30 07:53:15] BTC Context Stream متصل (btcusdt@kline_1m)
[2026-08-30 07:53:18] مصالحة لقطية (إعادة اتصال User Stream)
[2026-08-30 07:53:18] انقطاع User Data Stream: استجابة Binance غير صالحة HTTP 410; إعادة الاتصال خلال 60ث
[2026-08-30 07:54:20] مصالحة لقطية (إعادة اتصال User Stream)
[2026-08-30 07:54:20] انقطاع User Data Stream: استجابة Binance غير صالحة HTTP 410; إعادة الاتصال خلال 60ث
[2026-08-30 07:55:21] مصالحة لقطية (إعادة اتصال User Stream)
[2026-08-30 07:55:22] انقطاع User Data Stream: استجابة Binance غير صالحة HTTP 410; إعادة الاتصال خلال 60ث
[2026-08-30 07:56:10] Dust Sweep: تعذر (بيئة لا تدعم SAPI أو خطأ Binance)
[2026-08-30 07:56:23] مصالحة لقطية (إعادة اتصال User Stream)
[2026-08-30 07:56:23] انقطاع User Data Stream: استجابة Binance غير صالحة HTTP 410; إعادة الاتصال خلال 60ث
[2026-08-30 07:57:24] مصالحة لقطية (إعادة اتصال User Stream)
[2026-08-30 07:57:25] انقطاع User Data Stream: استجابة Binance غير صالحة HTTP 410; إعادة الاتصال خلال 60ث
[2026-08-30 07:58:26] مصالحة لقطية (إعادة اتصال User Stream)
[2026-08-30 07:58:26] انقطاع User Data Stream: استجابة Binance غير صالحة HTTP 410; إعادة الاتصال خلال 60ث
[2026-08-30 07:59:28] مصالحة لقطية (إعادة اتصال User Stream)
[2026-08-30 07:59:28] انقطاع User Data Stream: استجابة Binance غير صالحة HTTP 410; إعادة الاتصال خلال 60ث
[2026-08-30 08:00:30] مصالحة لقطية (إعادة اتصال User Stream)
[2026-08-30 08:00:31] انقطاع User Data Stream: استجابة Binance غير صالحة HTTP 410; إعادة الاتصال خلال 60ث
[2026-08-30 08:01:10] Dust Sweep: تعذر (بيئة لا تدعم SAPI أو خطأ Binance)
[2026-08-30 08:01:31] مصالحة لقطية (إعادة اتصال User Stream)
[2026-08-30 08:01:32] انقطاع User Data Stream: استجابة Binance غير صالحة HTTP 410; إعادة الاتصال خلال 60ث
[2026-08-30 08:02:33] مصالحة لقطية (إعادة اتصال User Stream)
[2026-08-30 08:02:34] انقطاع User Data Stream: استجابة Binance غير صالحة HTTP 410; إعادة الاتصال خلال 60ث
[2026-08-30 08:03:35] مصالحة لقطية (إعادة اتصال User Stream)
[2026-08-30 08:03:35] انقطاع User Data Stream: استجابة Binance غير صالحة HTTP 410; إعادة الاتصال خلال 60ث
[2026-08-30 08:04:36] مصالحة لقطية (إعادة اتصال User Stream)
[2026-08-30 08:04:37] انقطاع User Data Stream: استجابة Binance غير صالحة HTTP 410; إعادة الاتصال خلال 60ث
[2026-08-30 08:05:05] كون V5: أفضل 18 زوجاً حسب حجم 24س
[2026-08-30 08:05:37] مصالحة لقطية (إعادة اتصال User Stream)
[2026-08-30 08:05:38] انقطاع User Data Stream: استجابة Binance غير صالحة HTTP 410; إعادة الاتصال خلال 60ث
[2026-08-30 08:06:12] Dust Sweep: تعذر (بيئة لا تدعم SAPI أو خطأ Binance)
[2026-08-30 08:06:39] مصالحة لقطية (إعادة اتصال User Stream)
[2026-08-30 08:06:40] انقطاع User Data Stream: استجابة Binance غير صالحة HTTP 410; إعادة الاتصال خلال 60ث
[2026-08-30 08:07:40] مصالحة لقطية (إعادة اتصال User Stream)
[2026-08-30 08:07:41] انقطاع User Data Stream: استجابة Binance غير صالحة HTTP 410; إعادة الاتصال خلال 60ث
[2026-08-30 08:08:43] مصالحة لقطية (إعادة اتصال User Stream)
[2026-08-30 08:08:43] انقطاع User Data Stream: استجابة Binance غير صالحة HTTP 410; إعادة الاتصال خلال 60ث
[2026-08-30 08:09:43] مصالحة لقطية (إعادة اتصال User Stream)
[2026-08-30 08:09:44] انقطاع User Data Stream: استجابة Binance غير صالحة HTTP 410; إعادة الاتصال خلال 60ث
[2026-08-30 08:10:46] مصالحة لقطية (إعادة اتصال User Stream)
[2026-08-30 08:10:46] انقطاع User Data Stream: استجابة Binance غير صالحة HTTP 410; إعادة الاتصال خلال 60ث
[2026-08-30 08:11:13] Dust Sweep: تعذر (بيئة لا تدعم SAPI أو خطأ Binance)
[2026-08-30 08:11:47] مصالحة لقطية (إعادة اتصال User Stream)
[2026-08-30 08:11:47] انقطاع User Data Stream: استجابة Binance غير صالحة HTTP 410; إعادة الاتصال خلال 60ث
[2026-08-30 08:12:48] مصالحة لقطية (إعادة اتصال User Stream)
[2026-08-30 08:12:49] انقطاع User Data Stream: استجابة Binance غير صالحة HTTP 410; إعادة الاتصال خلال 60ث
[2026-08-30 08:13:49] مصالحة لقطية (إعادة اتصال User Stream)
[2026-08-30 08:13:50] انقطاع User Data Stream: استجابة Binance غير صالحة HTTP 410; إعادة الاتصال خلال 60ث
[2026-08-30 08:14:51] مصالحة لقطية (إعادة اتصال User Stream)
[2026-08-30 08:14:52] انقطاع User Data Stream: استجابة Binance غير صالحة HTTP 410; إعادة الاتصال خلال 60ث
[2026-08-30 08:15:53] مصالحة لقطية (إعادة اتصال User Stream)
[2026-08-30 08:15:53] انقطاع User Data Stream: استجابة Binance غير صالحة HTTP 410; إعادة الاتصال خلال 60ث
[2026-08-30 08:16:13] Dust Sweep: تعذر (بيئة لا تدعم SAPI أو خطأ Binance)
[2026-08-30 08:16:54] مصالحة لقطية (إعادة اتصال User Stream)
[2026-08-30 08:16:55] انقطاع User Data Stream: استجابة Binance غير صالحة HTTP 410; إعادة الاتصال خلال 60ث
[2026-08-30 08:17:56] مصالحة لقطية (إعادة اتصال User Stream)
[2026-08-30 08:18:02] انقطاع User Data Stream: استجابة Binance غير صالحة HTTP 410; إعادة الاتصال خلال 60ث
[2026-08-30 08:19:02] مصالحة لقطية (إعادة اتصال User Stream)
[2026-08-30 08:19:03] انقطاع User Data Stream: استجابة Binance غير صالحة HTTP 410; إعادة الاتصال خلال 60ث
[2026-08-30 08:20:04] مصالحة لقطية (إعادة اتصال User Stream)
[2026-08-30 08:20:04] انقطاع User Data Stream: استجابة Binance غير صالحة HTTP 410; إعادة الاتصال خلال 60ث
[2026-08-30 08:20:15] قنّاص ZKPUSDT: هبوط 0.73% خلال 15ث — بانتظار جدار الشراء (bid/ask = 0.00x < 1.5x)
[2026-08-30 08:20:29] ⚡ قنّاص الانهيار: ZKPUSDT هبوط 0.73% خلال 15ث + جدار شراء 3.75x → دخول فوري
[2026-08-30 08:20:30] أمر دخول LIMIT_MAKER(صانع) ZKPUSDT @ 0.05440000 (cid=NV5DAB46DDFCB3B45C9A9C4) — بانتظار executionReport
[2026-08-30 08:20:39] صانع ZKPUSDT: انتهت مهلة 8ث بلا تنفيذ — أُلغي أمر الصانع
[2026-08-30 08:20:42] Watchdog: صمت الأحداث لأمر الدخول ZKPUSDT؛ استيضاح REST أحادي
[2026-08-30 08:21:05] مصالحة لقطية (إعادة اتصال User Stream)
[2026-08-30 08:21:06] انقطاع User Data Stream: استجابة Binance غير صالحة HTTP 410; إعادة الاتصال خلال 60ث
[2026-08-30 08:21:14] Dust Sweep: تعذر (بيئة لا تدعم SAPI أو خطأ Binance)
[2026-08-30 08:22:08] مصالحة لقطية (إعادة اتصال User Stream)
[2026-08-30 08:22:09] انقطاع User Data Stream: استجابة Binance غير صالحة HTTP 410; إعادة الاتصال خلال 60ث
[2026-08-30 08:23:09] مصالحة لقطية (إعادة اتصال User Stream)
[2026-08-30 08:23:10] انقطاع User Data Stream: استجابة Binance غير صالحة HTTP 410; إعادة الاتصال خلال 60ث
[2026-08-30 08:24:10] مصالحة لقطية (إعادة اتصال User Stream)
[2026-08-30 08:24:11] انقطاع User Data Stream: استجابة Binance غير صالحة HTTP 410; إعادة الاتصال خلال 60ث
[2026-08-30 08:25:11] مصالحة لقطية (إعادة اتصال User Stream)
[2026-08-30 08:25:12] انقطاع User Data Stream: استجابة Binance غير صالحة HTTP 410; إعادة الاتصال خلال 60ث
[2026-08-30 08:26:13] مصالحة لقطية (إعادة اتصال User Stream)
[2026-08-30 08:26:14] انقطاع User Data Stream: استجابة Binance غير صالحة HTTP 410; إعادة الاتصال خلال 60ث
[2026-08-30 08:26:14] Dust Sweep: تعذر (بيئة لا تدعم SAPI أو خطأ Binance)
[2026-08-30 08:27:14] مصالحة لقطية (إعادة اتصال User Stream)
[2026-08-30 08:27:15] انقطاع User Data Stream: استجابة Binance غير صالحة HTTP 410; إعادة الاتصال خلال 60ث
[2026-08-30 08:28:15] مصالحة لقطية (إعادة اتصال User Stream)
[2026-08-30 08:28:17] انقطاع User Data Stream: استجابة Binance غير صالحة HTTP 410; إعادة الاتصال خلال 60ث
[2026-08-30 08:29:18] مصالحة لقطية (إعادة اتصال User Stream)
[2026-08-30 08:29:18] انقطاع User Data Stream: استجابة Binance غير صالحة HTTP 410; إعادة الاتصال خلال 60ث
[2026-08-30 08:30:18] مصالحة لقطية (إعادة اتصال User Stream)
[2026-08-30 08:30:19] انقطاع User Data Stream: استجابة Binance غير صالحة HTTP 410; إعادة الاتصال خلال 60ث
[2026-08-30 08:31:15] Dust Sweep: تعذر (بيئة لا تدعم SAPI أو خطأ Binance)
[2026-08-30 08:31:19] مصالحة لقطية (إعادة اتصال User Stream)
[2026-08-30 08:31:20] انقطاع User Data Stream: استجابة Binance غير صالحة HTTP 410; إعادة الاتصال خلال 60ث
[2026-08-30 08:32:20] مصالحة لقطية (إعادة اتصال User Stream)
[2026-08-30 08:32:21] انقطاع User Data Stream: استجابة Binance غير صالحة HTTP 410; إعادة الاتصال خلال 60ث
[2026-08-30 08:33:21] مصالحة لقطية (إعادة اتصال User Stream)
[2026-08-30 08:33:23] انقطاع User Data Stream: استجابة Binance غير صالحة HTTP 410; إعادة الاتصال خلال 60ث
[2026-08-30 08:34:24] مصالحة لقطية (إعادة اتصال User Stream)
[2026-08-30 08:34:25] انقطاع User Data Stream: استجابة Binance غير صالحة HTTP 410; إعادة الاتصال خلال 60ث
[2026-08-30 08:35:26] مصالحة لقطية (إعادة اتصال User Stream)
[2026-08-30 08:35:26] انقطاع User Data Stream: استجابة Binance غير صالحة HTTP 410; إعادة الاتصال خلال 60ث
[2026-08-30 08:36:15] Dust Sweep: تعذر (بيئة لا تدعم SAPI أو خطأ Binance)
[2026-08-30 08:36:27] مصالحة لقطية (إعادة اتصال User Stream)
[2026-08-30 08:36:27] انقطاع User Data Stream: استجابة Binance غير صالحة HTTP 410; إعادة الاتصال خلال 60ث
[2026-08-30 08:37:28] مصالحة لقطية (إعادة اتصال User Stream)
[2026-08-30 08:37:29] انقطاع User Data Stream: استجابة Binance غير صالحة HTTP 410; إعادة الاتصال خلال 60ث
[2026-08-30 08:38:30] مصالحة لقطية (إعادة اتصال User Stream)
[2026-08-30 08:38:31] انقطاع User Data Stream: استجابة Binance غير صالحة HTTP 410; إعادة الاتصال خلال 60ث
[2026-08-30 08:39:32] مصالحة لقطية (إعادة اتصال User Stream)
[2026-08-30 08:39:33] انقطاع User Data Stream: استجابة Binance غير صالحة HTTP 410; إعادة الاتصال خلال 60ث
[2026-08-30 08:40:33] مصالحة لقطية (إعادة اتصال User Stream)
[2026-08-30 08:40:34] انقطاع User Data Stream: استجابة Binance غير صالحة HTTP 410; إعادة الاتصال خلال 60ث
[2026-08-30 08:41:16] Dust Sweep: تعذر (بيئة لا تدعم SAPI أو خطأ Binance)
[2026-08-30 08:41:34] مصالحة لقطية (إعادة اتصال User Stream)
[2026-08-30 08:41:35] انقطاع User Data Stream: استجابة Binance غير صالحة HTTP 410; إعادة الاتصال خلال 60ث
[2026-08-30 08:42:35] مصالحة لقطية (إعادة اتصال User Stream)
[2026-08-30 08:42:35] انقطاع User Data Stream: استجابة Binance غير صالحة HTTP 410; إعادة الاتصال خلال 60ث
[2026-08-30 08:43:36] مصالحة لقطية (إعادة اتصال User Stream)
[2026-08-30 08:43:37] انقطاع User Data Stream: استجابة Binance غير صالحة HTTP 410; إعادة الاتصال خلال 60ث
[2026-08-30 08:44:37] مصالحة لقطية (إعادة اتصال User Stream)
[2026-08-30 08:44:38] انقطاع User Data Stream: استجابة Binance غير صالحة HTTP 410; إعادة الاتصال خلال 60ث
[2026-08-30 08:45:38] مصالحة لقطية (إعادة اتصال User Stream)
[2026-08-30 08:45:39] انقطاع User Data Stream: استجابة Binance غير صالحة HTTP 410; إعادة الاتصال خلال 60ث
[2026-08-30 08:46:16] Dust Sweep: تعذر (بيئة لا تدعم SAPI أو خطأ Binance)
[2026-08-30 08:46:39] مصالحة لقطية (إعادة اتصال User Stream)
[2026-08-30 08:46:40] انقطاع User Data Stream: استجابة Binance غير صالحة HTTP 410; إعادة الاتصال خلال 60ث
[2026-08-30 08:47:41] مصالحة لقطية (إعادة اتصال User Stream)
[2026-08-30 08:47:42] انقطاع User Data Stream: استجابة Binance غير صالحة HTTP 410; إعادة الاتصال خلال 60ث
[2026-08-30 08:48:42] مصالحة لقطية (إعادة اتصال User Stream)
[2026-08-30 08:48:44] انقطاع User Data Stream: استجابة Binance غير صالحة HTTP 410; إعادة الاتصال خلال 60ث
[2026-08-30 08:49:44] مصالحة لقطية (إعادة اتصال User Stream)
[2026-08-30 08:49:45] انقطاع User Data Stream: استجابة Binance غير صالحة HTTP 410; إعادة الاتصال خلال 60ث
[2026-08-30 08:50:46] مصالحة لقطية (إعادة اتصال User Stream)
[2026-08-30 08:50:46] انقطاع User Data Stream: استجابة Binance غير صالحة HTTP 410; إعادة الاتصال خلال 60ث
[2026-08-30 08:51:17] Dust Sweep: تعذر (بيئة لا تدعم SAPI أو خطأ Binance)
[2026-08-30 08:51:48] مصالحة لقطية (إعادة اتصال User Stream)
[2026-08-30 08:51:49] انقطاع User Data Stream: استجابة Binance غير صالحة HTTP 410; إعادة الاتصال خلال 60ث
[2026-08-30 08:52:49] مصالحة لقطية (إعادة اتصال User Stream)
[2026-08-30 08:52:50] انقطاع User Data Stream: استجابة Binance غير صالحة HTTP 410; إعادة الاتصال خلال 60ث
[2026-08-30 08:53:50] مصالحة لقطية (إعادة اتصال User Stream)
[2026-08-30 08:53:51] انقطاع User Data Stream: استجابة Binance غير صالحة HTTP 410; إعادة الاتصال خلال 60ث
[2026-08-30 08:54:52] مصالحة لقطية (إعادة اتصال User Stream)
[2026-08-30 08:54:53] انقطاع User Data Stream: استجابة Binance غير صالحة HTTP 410; إعادة الاتصال خلال 60ث
[2026-08-30 08:55:53] مصالحة لقطية (إعادة اتصال User Stream)
[2026-08-30 08:55:54] انقطاع User Data Stream: استجابة Binance غير صالحة HTTP 410; إعادة الاتصال خلال 60ث
[2026-08-30 08:56:17] Dust Sweep: تعذر (بيئة لا تدعم SAPI أو خطأ Binance)
[2026-08-30 08:56:54] مصالحة لقطية (إعادة اتصال User Stream)
[2026-08-30 08:56:55] انقطاع User Data Stream: استجابة Binance غير صالحة HTTP 410; إعادة الاتصال خلال 60ث
[2026-08-30 08:57:55] مصالحة لقطية (إعادة اتصال User Stream)
[2026-08-30 08:57:56] انقطاع User Data Stream: استجابة Binance غير صالحة HTTP 410; إعادة الاتصال خلال 60ث
[2026-08-30 08:58:57] مصالحة لقطية (إعادة اتصال User Stream)
[2026-08-30 08:58:58] انقطاع User Data Stream: استجابة Binance غير صالحة HTTP 410; إعادة الاتصال خلال 60ث
[2026-08-30 08:59:59] مصالحة لقطية (إعادة اتصال User Stream)
[2026-08-30 08:59:59] انقطاع User Data Stream: استجابة Binance غير صالحة HTTP 410; إعادة الاتصال خلال 60ث
[2026-08-30 09:01:00] مصالحة لقطية (إعادة اتصال User Stream)
[2026-08-30 09:01:01] انقطاع User Data Stream: استجابة Binance غير صالحة HTTP 410; إعادة الاتصال خلال 60ث
[2026-08-30 09:01:18] Dust Sweep: تعذر (بيئة لا تدعم SAPI أو خطأ Binance)
[2026-08-30 09:02:02] مصالحة لقطية (إعادة اتصال User Stream)
[2026-08-30 09:02:03] انقطاع User Data Stream: استجابة Binance غير صالحة HTTP 410; إعادة الاتصال خلال 60ث
[2026-08-30 09:03:03] مصالحة لقطية (إعادة اتصال User Stream)
[2026-08-30 09:03:03] انقطاع User Data Stream: استجابة Binance غير صالحة HTTP 410; إعادة الاتصال خلال 60ث
[2026-08-30 09:04:04] مصالحة لقطية (إعادة اتصال User Stream)
[2026-08-30 09:04:05] انقطاع User Data Stream: استجابة Binance غير صالحة HTTP 410; إعادة الاتصال خلال 60ث
[2026-08-30 09:05:06] مصالحة لقطية (إعادة اتصال User Stream)
[2026-08-30 09:05:06] انقطاع User Data Stream: استجابة Binance غير صالحة HTTP 410; إعادة الاتصال خلال 60ث
[2026-08-30 09:05:06] كون V5: أفضل 18 زوجاً حسب حجم 24س
[2026-08-30 09:06:07] مصالحة لقطية (إعادة اتصال User Stream)
[2026-08-30 09:06:08] انقطاع User Data Stream: استجابة Binance غير صالحة HTTP 410; إعادة الاتصال خلال 60ث
[2026-08-30 09:06:18] Dust Sweep: تعذر (بيئة لا تدعم SAPI أو خطأ Binance)
[2026-08-30 09:07:08] مصالحة لقطية (إعادة اتصال User Stream)
[2026-08-30 09:07:09] انقطاع User Data Stream: استجابة Binance غير صالحة HTTP 410; إعادة الاتصال خلال 60ث
[2026-08-30 09:08:10] مصالحة لقطية (إعادة اتصال User Stream)
[2026-08-30 09:08:11] انقطاع User Data Stream: استجابة Binance غير صالحة HTTP 410; إعادة الاتصال خلال 60ث
[2026-08-30 09:09:11] مصالحة لقطية (إعادة اتصال User Stream)
[2026-08-30 09:09:13] انقطاع User Data Stream: استجابة Binance غير صالحة HTTP 410; إعادة الاتصال خلال 60ث
[2026-08-30 09:10:13] مصالحة لقطية (إعادة اتصال User Stream)
[2026-08-30 09:10:14] انقطاع User Data Stream: استجابة Binance غير صالحة HTTP 410; إعادة الاتصال خلال 60ث
[2026-08-30 09:11:14] مصالحة لقطية (إعادة اتصال User Stream)
[2026-08-30 09:11:15] انقطاع User Data Stream: استجابة Binance غير صالحة HTTP 410; إعادة الاتصال خلال 60ث
[2026-08-30 09:11:19] Dust Sweep: تعذر (بيئة لا تدعم SAPI أو خطأ Binance)
[2026-08-30 09:12:15] مصالحة لقطية (إعادة اتصال User Stream)
[2026-08-30 09:12:16] انقطاع User Data Stream: استجابة Binance غير صالحة HTTP 410; إعادة الاتصال خلال 60ث
[2026-08-30 09:13:16] مصالحة لقطية (إعادة اتصال User Stream)
[2026-08-30 09:13:17] انقطاع User Data Stream: استجابة Binance غير صالحة HTTP 410; إعادة الاتصال خلال 60ث
[2026-08-30 09:14:17] مصالحة لقطية (إعادة اتصال User Stream)
[2026-08-30 09:14:18] انقطاع User Data Stream: استجابة Binance غير صالحة HTTP 410; إعادة الاتصال خلال 60ث
[2026-08-30 09:15:19] مصالحة لقطية (إعادة اتصال User Stream)
[2026-08-30 09:15:20] انقطاع User Data Stream: استجابة Binance غير صالحة HTTP 410; إعادة الاتصال خلال 60ث
[2026-08-30 09:16:19] Dust Sweep: تعذر (بيئة لا تدعم SAPI أو خطأ Binance)
[2026-08-30 09:16:21] مصالحة لقطية (إعادة اتصال User Stream)
[2026-08-30 09:16:21] انقطاع User Data Stream: استجابة Binance غير صالحة HTTP 410; إعادة الاتصال خلال 60ث
[2026-08-30 09:17:21] مصالحة لقطية (إعادة اتصال User Stream)
[2026-08-30 09:17:22] انقطاع User Data Stream: استجابة Binance غير صالحة HTTP 410; إعادة الاتصال خلال 60ث
[2026-08-30 09:18:22] مصالحة لقطية (إعادة اتصال User Stream)
[2026-08-30 09:18:23] انقطاع User Data Stream: استجابة Binance غير صالحة HTTP 410; إعادة الاتصال خلال 60ث
[2026-08-30 09:19:24] مصالحة لقطية (إعادة اتصال User Stream)
[2026-08-30 09:19:25] انقطاع User Data Stream: استجابة Binance غير صالحة HTTP 410; إعادة الاتصال خلال 60ث
[2026-08-30 09:20:26] مصالحة لقطية (إعادة اتصال User Stream)
[2026-08-30 09:20:26] انقطاع User Data Stream: استجابة Binance غير صالحة HTTP 410; إعادة الاتصال خلال 60ث
[2026-08-30 09:21:20] Dust Sweep: تعذر (بيئة لا تدعم SAPI أو خطأ Binance)
[2026-08-30 09:21:26] مصالحة لقطية (إعادة اتصال User Stream)
[2026-08-30 09:21:27] انقطاع User Data Stream: استجابة Binance غير صالحة HTTP 410; إعادة الاتصال خلال 60ث
[2026-08-30 09:22:28] مصالحة لقطية (إعادة اتصال User Stream)
[2026-08-30 09:22:28] انقطاع User Data Stream: استجابة Binance غير صالحة HTTP 410; إعادة الاتصال خلال 60ث
[2026-08-30 09:23:30] مصالحة لقطية (إعادة اتصال User Stream)
[2026-08-30 09:23:30] انقطاع User Data Stream: استجابة Binance غير صالحة HTTP 410; إعادة الاتصال خلال 60ث
[2026-08-30 09:24:31] مصالحة لقطية (إعادة اتصال User Stream)
[2026-08-30 09:24:32] انقطاع User Data Stream: استجابة Binance غير صالحة HTTP 410; إعادة الاتصال خلال 60ث
[2026-08-30 09:25:34] مصالحة لقطية (إعادة اتصال User Stream)
[2026-08-30 09:25:34] انقطاع User Data Stream: استجابة Binance غير صالحة HTTP 410; إعادة الاتصال خلال 60ث
[2026-08-30 09:26:20] Dust Sweep: تعذر (بيئة لا تدعم SAPI أو خطأ Binance)
[2026-08-30 09:26:35] مصالحة لقطية (إعادة اتصال User Stream)
[2026-08-30 09:26:36] انقطاع User Data Stream: استجابة Binance غير صالحة HTTP 410; إعادة الاتصال خلال 60ث
[2026-08-30 09:27:36] مصالحة لقطية (إعادة اتصال User Stream)
[2026-08-30 09:27:37] انقطاع User Data Stream: استجابة Binance غير صالحة HTTP 410; إعادة الاتصال خلال 60ث
[2026-08-30 09:28:37] مصالحة لقطية (إعادة اتصال User Stream)
[2026-08-30 09:28:37] انقطاع User Data Stream: استجابة Binance غير صالحة HTTP 410; إعادة الاتصال خلال 60ث
[2026-08-30 09:29:38] مصالحة لقطية (إعادة اتصال User Stream)
[2026-08-30 09:29:40] انقطاع User Data Stream: استجابة Binance غير صالحة HTTP 410; إعادة الاتصال خلال 60ث
[2026-08-30 09:30:40] مصالحة لقطية (إعادة اتصال User Stream)
[2026-08-30 09:30:40] انقطاع User Data Stream: استجابة Binance غير صالحة HTTP 410; إعادة الاتصال خلال 60ث
[2026-08-30 09:31:21] Dust Sweep: تعذر (بيئة لا تدعم SAPI أو خطأ Binance)
[2026-08-30 09:31:41] مصالحة لقطية (إعادة اتصال User Stream)
[2026-08-30 09:31:42] انقطاع User Data Stream: استجابة Binance غير صالحة HTTP 410; إعادة الاتصال خلال 60ث
[2026-08-30 09:32:42] مصالحة لقطية (إعادة اتصال User Stream)
[2026-08-30 09:32:43] انقطاع User Data Stream: استجابة Binance غير صالحة HTTP 410; إعادة الاتصال خلال 60ث
[2026-08-30 09:33:44] مصالحة لقطية (إعادة اتصال User Stream)
[2026-08-30 09:33:44] انقطاع User Data Stream: استجابة Binance غير صالحة HTTP 410; إعادة الاتصال خلال 60ث
[2026-08-30 09:34:45] مصالحة لقطية (إعادة اتصال User Stream)
[2026-08-30 09:34:46] انقطاع User Data Stream: استجابة Binance غير صالحة HTTP 410; إعادة الاتصال خلال 60ث
[2026-08-30 09:35:47] مصالحة لقطية (إعادة اتصال User Stream)
[2026-08-30 09:35:48] انقطاع User Data Stream: استجابة Binance غير صالحة HTTP 410; إعادة الاتصال خلال 60ث
[2026-08-30 09:36:22] Dust Sweep: تعذر (بيئة لا تدعم SAPI أو خطأ Binance)
[2026-08-30 09:36:49] مصالحة لقطية (إعادة اتصال User Stream)
[2026-08-30 09:36:50] انقطاع User Data Stream: استجابة Binance غير صالحة HTTP 410; إعادة الاتصال خلال 60ث
[2026-08-30 09:37:51] مصالحة لقطية (إعادة اتصال User Stream)
[2026-08-30 09:37:51] انقطاع User Data Stream: استجابة Binance غير صالحة HTTP 410; إعادة الاتصال خلال 60ث
[2026-08-30 09:38:52] مصالحة لقطية (إعادة اتصال User Stream)
[2026-08-30 09:38:52] انقطاع User Data Stream: استجابة Binance غير صالحة HTTP 410; إعادة الاتصال خلال 60ث
[2026-08-30 09:39:53] مصالحة لقطية (إعادة اتصال User Stream)
[2026-08-30 09:39:55] انقطاع User Data Stream: استجابة Binance غير صالحة HTTP 410; إعادة الاتصال خلال 60ث
[2026-08-30 09:40:55] مصالحة لقطية (إعادة اتصال User Stream)
[2026-08-30 09:40:56] انقطاع User Data Stream: استجابة Binance غير صالحة HTTP 410; إعادة الاتصال خلال 60ث
[2026-08-30 09:41:22] Dust Sweep: تعذر (بيئة لا تدعم SAPI أو خطأ Binance)
[2026-08-30 09:41:57] مصالحة لقطية (إعادة اتصال User Stream)
[2026-08-30 09:41:57] انقطاع User Data Stream: استجابة Binance غير صالحة HTTP 410; إعادة الاتصال خلال 60ث
[2026-08-30 09:42:58] مصالحة لقطية (إعادة اتصال User Stream)
[2026-08-30 09:42:59] انقطاع User Data Stream: استجابة Binance غير صالحة HTTP 410; إعادة الاتصال خلال 60ث
[2026-08-30 09:44:00] مصالحة لقطية (إعادة اتصال User Stream)
[2026-08-30 09:44:01] انقطاع User Data Stream: استجابة Binance غير صالحة HTTP 410; إعادة الاتصال خلال 60ث
[2026-08-30 09:45:02] مصالحة لقطية (إعادة اتصال User Stream)
[2026-08-30 09:45:03] انقطاع User Data Stream: استجابة Binance غير صالحة HTTP 410; إعادة الاتصال خلال 60ث
[2026-08-30 09:46:04] مصالحة لقطية (إعادة اتصال User Stream)
[2026-08-30 09:46:05] انقطاع User Data Stream: استجابة Binance غير صالحة HTTP 410; إعادة الاتصال خلال 60ث
[2026-08-30 09:46:23] Dust Sweep: تعذر (بيئة لا تدعم SAPI أو خطأ Binance)
[2026-08-30 09:47:05] مصالحة لقطية (إعادة اتصال User Stream)
[2026-08-30 09:47:06] انقطاع User Data Stream: استجابة Binance غير صالحة HTTP 410; إعادة الاتصال خلال 60ث
[2026-08-30 09:48:06] مصالحة لقطية (إعادة اتصال User Stream)
[2026-08-30 09:48:07] انقطاع User Data Stream: استجابة Binance غير صالحة HTTP 410; إعادة الاتصال خلال 60ث
[2026-08-30 09:48:27] 🚀 رشاش BTCUSDT: flow حركة 0.08% (عتبة 0.12%) تدفق 4757.0x → دخول فوري
[2026-08-30 09:48:28] أمر دخول LIMIT_MAKER(صانع) BTCUSDT @ 78304.33000000 (cid=NV54AE14E680C5546DBAEB4) — بانتظار executionReport
[2026-08-30 09:48:30] 🚀 رشاش BTCUSDT: flow حركة 0.08% (عتبة 0.12%) تدفق 760.8x → دخول فوري
[2026-08-30 09:48:31] أمر دخول LIMIT_MAKER(صانع) BTCUSDT @ 78304.33000000 (cid=NV5717CB1B6677D44968D6C) — بانتظار executionReport
[2026-08-30 09:48:33] 🚀 رشاش BTCUSDT: flow حركة 0.08% (عتبة 0.12%) تدفق 655.8x → دخول فوري
[2026-08-30 09:48:34] أمر دخول LIMIT_MAKER(صانع) BTCUSDT @ 78304.32000000 (cid=NV5896B98B7FF5543918F62) — بانتظار executionReport
[2026-08-30 09:48:34] 🚀 رشاش BTCUSDT: flow حركة 0.08% (عتبة 0.12%) تدفق 651.1x → دخول فوري
[2026-08-30 09:48:35] أمر دخول LIMIT_MAKER(صانع) BTCUSDT @ 78304.33000000 (cid=NV5A0E95224552C439095F4) — بانتظار executionReport
[2026-08-30 09:48:36] 🚀 رشاش BTCUSDT: flow حركة 0.08% (عتبة 0.12%) تدفق 651.1x → دخول فوري
[2026-08-30 09:48:36] صانع BTCUSDT: انتهت مهلة 8ث بلا تنفيذ — أُلغي أمر الصانع
[2026-08-30 09:48:37] أمر دخول LIMIT_MAKER(صانع) BTCUSDT @ 78304.33000000 (cid=NV5919D97112C2D4EA2A9BF) — بانتظار executionReport
[2026-08-30 09:48:37] 🚀 رشاش BTCUSDT: flow حركة 0.08% (عتبة 0.12%) تدفق 756.6x → دخول فوري
[2026-08-30 09:48:39] صانع BTCUSDT: انتهت مهلة 8ث بلا تنفيذ — أُلغي أمر الصانع
[2026-08-30 09:48:40] Watchdog: صمت الأحداث لأمر الدخول BTCUSDT؛ استيضاح REST أحادي
[2026-08-30 09:48:42] صانع BTCUSDT: انتهت مهلة 8ث بلا تنفيذ — أُلغي أمر الصانع
[2026-08-30 09:48:43] Watchdog: صمت الأحداث لأمر الدخول BTCUSDT؛ استيضاح REST أحادي
[2026-08-30 09:48:44] صانع BTCUSDT: انتهت مهلة 8ث بلا تنفيذ — أُلغي أمر الصانع
[2026-08-30 09:48:45] صانع BTCUSDT: انتهت مهلة 8ث بلا تنفيذ — أُلغي أمر الصانع
[2026-08-30 09:48:46] Watchdog: صمت الأحداث لأمر الدخول BTCUSDT؛ استيضاح REST أحادي
[2026-08-30 09:48:47] Watchdog: صمت الأحداث لأمر الدخول BTCUSDT؛ استيضاح REST أحادي
[2026-08-30 09:48:49] Watchdog: صمت الأحداث لأمر الدخول BTCUSDT؛ استيضاح REST أحادي
[2026-08-30 09:49:08] مصالحة لقطية (إعادة اتصال User Stream)
[2026-08-30 09:49:09] انقطاع User Data Stream: استجابة Binance غير صالحة HTTP 410; إعادة الاتصال خلال 60ث
[2026-08-30 09:50:10] مصالحة لقطية (إعادة اتصال User Stream)
[2026-08-30 09:50:10] انقطاع User Data Stream: استجابة Binance غير صالحة HTTP 410; إعادة الاتصال خلال 60ث
[2026-08-30 09:51:11] مصالحة لقطية (إعادة اتصال User Stream)
[2026-08-30 09:51:11] انقطاع User Data Stream: استجابة Binance غير صالحة HTTP 410; إعادة الاتصال خلال 60ث
[2026-08-30 09:51:24] Dust Sweep: تعذر (بيئة لا تدعم SAPI أو خطأ Binance)
[2026-08-30 09:52:12] مصالحة لقطية (إعادة اتصال User Stream)
[2026-08-30 09:52:13] انقطاع User Data Stream: استجابة Binance غير صالحة HTTP 410; إعادة الاتصال خلال 60ث
[2026-08-30 09:53:13] مصالحة لقطية (إعادة اتصال User Stream)
[2026-08-30 09:53:14] انقطاع User Data Stream: استجابة Binance غير صالحة HTTP 410; إعادة الاتصال خلال 60ث
[2026-08-30 09:54:15] مصالحة لقطية (إعادة اتصال User Stream)
[2026-08-30 09:54:16] انقطاع User Data Stream: استجابة Binance غير صالحة HTTP 410; إعادة الاتصال خلال 60ث
[2026-08-30 09:55:16] مصالحة لقطية (إعادة اتصال User Stream)
[2026-08-30 09:55:18] انقطاع User Data Stream: استجابة Binance غير صالحة HTTP 410; إعادة الاتصال خلال 60ث
[2026-08-30 09:56:18] مصالحة لقطية (إعادة اتصال User Stream)
[2026-08-30 09:56:19] انقطاع User Data Stream: استجابة Binance غير صالحة HTTP 410; إعادة الاتصال خلال 60ث
[2026-08-30 09:56:24] Dust Sweep: تعذر (بيئة لا تدعم SAPI أو خطأ Binance)
[2026-08-30 09:57:20] مصالحة لقطية (إعادة اتصال User Stream)
[2026-08-30 09:57:21] انقطاع User Data Stream: استجابة Binance غير صالحة HTTP 410; إعادة الاتصال خلال 60ث
[2026-08-30 09:58:21] مصالحة لقطية (إعادة اتصال User Stream)
[2026-08-30 09:58:22] انقطاع User Data Stream: استجابة Binance غير صالحة HTTP 410; إعادة الاتصال خلال 60ث
[2026-08-30 09:58:59] 🚀 رشاش SOLUSDT: flow حركة 0.08% (عتبة 0.12%) تدفق 74.6x → دخول فوري
[2026-08-30 09:59:00] أمر دخول LIMIT_MAKER(صانع) SOLUSDT @ 105.29000000 (cid=NV53826278056FE420C97F7) — بانتظار executionReport
[2026-08-30 09:59:03] 🚀 رشاش SOLUSDT: flow حركة 0.08% (عتبة 0.12%) تدفق 25.2x → دخول فوري
[2026-08-30 09:59:03] أمر دخول LIMIT_MAKER(صانع) SOLUSDT @ 105.28000000 (cid=NV5589E41DEF330450499E4) — بانتظار executionReport
[2026-08-30 09:59:08] صانع SOLUSDT: انتهت مهلة 8ث بلا تنفيذ — أُلغي أمر الصانع
[2026-08-30 09:59:12] Watchdog: صمت الأحداث لأمر الدخول SOLUSDT؛ استيضاح REST أحادي
[2026-08-30 09:59:12] صانع SOLUSDT: انتهت مهلة 8ث بلا تنفيذ — أُلغي أمر الصانع
[2026-08-30 09:59:15] Watchdog: صمت الأحداث لأمر الدخول SOLUSDT؛ استيضاح REST أحادي
[2026-08-30 09:59:22] مصالحة لقطية (إعادة اتصال User Stream)
[2026-08-30 09:59:23] انقطاع User Data Stream: استجابة Binance غير صالحة HTTP 410; إعادة الاتصال خلال 60ث
[2026-08-30 10:00:24] مصالحة لقطية (إعادة اتصال User Stream)
[2026-08-30 10:00:25] انقطاع User Data Stream: استجابة Binance غير صالحة HTTP 410; إعادة الاتصال خلال 60ث
[2026-08-30 10:01:25] Dust Sweep: تعذر (بيئة لا تدعم SAPI أو خطأ Binance)
[2026-08-30 10:01:26] مصالحة لقطية (إعادة اتصال User Stream)
[2026-08-30 10:01:26] انقطاع User Data Stream: استجابة Binance غير صالحة HTTP 410; إعادة الاتصال خلال 60ث
[2026-08-30 10:02:28] مصالحة لقطية (إعادة اتصال User Stream)
[2026-08-30 10:02:28] انقطاع User Data Stream: استجابة Binance غير صالحة HTTP 410; إعادة الاتصال خلال 60ث
[2026-08-30 10:03:30] مصالحة لقطية (إعادة اتصال User Stream)
[2026-08-30 10:03:31] انقطاع User Data Stream: استجابة Binance غير صالحة HTTP 410; إعادة الاتصال خلال 60ث
[2026-08-30 10:04:31] مصالحة لقطية (إعادة اتصال User Stream)
[2026-08-30 10:04:31] انقطاع User Data Stream: استجابة Binance غير صالحة HTTP 410; إعادة الاتصال خلال 60ث
[2026-08-30 10:05:08] كون V5: أفضل 17 زوجاً حسب حجم 24س
[2026-08-30 10:05:08] كون محدّث: 17 زوجاً (+0/-1) واشتراكات WebSocket مُحدَّثة
[2026-08-30 10:05:33] مصالحة لقطية (إعادة اتصال User Stream)
[2026-08-30 10:05:34] انقطاع User Data Stream: استجابة Binance غير صالحة HTTP 410; إعادة الاتصال خلال 60ث
[2026-08-30 10:06:25] Dust Sweep: تعذر (بيئة لا تدعم SAPI أو خطأ Binance)
[2026-08-30 10:06:34] مصالحة لقطية (إعادة اتصال User Stream)
[2026-08-30 10:06:35] انقطاع User Data Stream: استجابة Binance غير صالحة HTTP 410; إعادة الاتصال خلال 60ث
[2026-08-30 10:07:35] مصالحة لقطية (إعادة اتصال User Stream)
[2026-08-30 10:07:36] انقطاع User Data Stream: استجابة Binance غير صالحة HTTP 410; إعادة الاتصال خلال 60ث
[2026-08-30 10:08:37] مصالحة لقطية (إعادة اتصال User Stream)
[2026-08-30 10:08:38] انقطاع User Data Stream: استجابة Binance غير صالحة HTTP 410; إعادة الاتصال خلال 60ث
[2026-08-30 10:09:39] مصالحة لقطية (إعادة اتصال User Stream)
[2026-08-30 10:09:40] انقطاع User Data Stream: استجابة Binance غير صالحة HTTP 410; إعادة الاتصال خلال 60ث
[2026-08-30 10:10:41] مصالحة لقطية (إعادة اتصال User Stream)
[2026-08-30 10:10:51] انقطاع User Data Stream: شبكة Binance: Cannot connect to host testnet.binance.vision:443 ssl:default [No address associated with hostname]; إعادة الاتصال خلال 60ث
[2026-08-30 10:11:32] Dust Sweep: تعذر (بيئة لا تدعم SAPI أو خطأ Binance)
[2026-08-30 10:11:51] مصالحة لقطية (إعادة اتصال User Stream)
[2026-08-30 10:11:52] انقطاع User Data Stream: استجابة Binance غير صالحة HTTP 410; إعادة الاتصال خلال 60ث
[2026-08-30 10:12:52] مصالحة لقطية (إعادة اتصال User Stream)
[2026-08-30 10:12:53] انقطاع User Data Stream: استجابة Binance غير صالحة HTTP 410; إعادة الاتصال خلال 60ث
[2026-08-30 10:13:54] مصالحة لقطية (إعادة اتصال User Stream)
[2026-08-30 10:13:55] انقطاع User Data Stream: استجابة Binance غير صالحة HTTP 410; إعادة الاتصال خلال 60ث
[2026-08-30 10:14:56] مصالحة لقطية (إعادة اتصال User Stream)
[2026-08-30 10:14:57] انقطاع User Data Stream: استجابة Binance غير صالحة HTTP 410; إعادة الاتصال خلال 60ث
[2026-08-30 10:15:58] مصالحة لقطية (إعادة اتصال User Stream)
[2026-08-30 10:15:59] انقطاع User Data Stream: استجابة Binance غير صالحة HTTP 410; إعادة الاتصال خلال 60ث
[2026-08-30 10:16:33] Dust Sweep: تعذر (بيئة لا تدعم SAPI أو خطأ Binance)
[2026-08-30 10:17:00] مصالحة لقطية (إعادة اتصال User Stream)
[2026-08-30 10:17:00] انقطاع User Data Stream: استجابة Binance غير صالحة HTTP 410; إعادة الاتصال خلال 60ث
[2026-08-30 10:18:01] مصالحة لقطية (إعادة اتصال User Stream)
[2026-08-30 10:18:01] انقطاع User Data Stream: استجابة Binance غير صالحة HTTP 410; إعادة الاتصال خلال 60ث
[2026-08-30 10:19:03] مصالحة لقطية (إعادة اتصال User Stream)
[2026-08-30 10:19:03] انقطاع User Data Stream: استجابة Binance غير صالحة HTTP 410; إعادة الاتصال خلال 60ث
[2026-08-30 10:20:04] مصالحة لقطية (إعادة اتصال User Stream)
[2026-08-30 10:20:05] انقطاع User Data Stream: استجابة Binance غير صالحة HTTP 410; إعادة الاتصال خلال 60ث
[2026-08-30 10:21:06] مصالحة لقطية (إعادة اتصال User Stream)
[2026-08-30 10:21:06] انقطاع User Data Stream: استجابة Binance غير صالحة HTTP 410; إعادة الاتصال خلال 60ث
[2026-08-30 10:21:34] Dust Sweep: تعذر (بيئة لا تدعم SAPI أو خطأ Binance)
[2026-08-30 10:22:08] مصالحة لقطية (إعادة اتصال User Stream)
[2026-08-30 10:22:08] انقطاع User Data Stream: استجابة Binance غير صالحة HTTP 410; إعادة الاتصال خلال 60ث
[2026-08-30 10:23:09] مصالحة لقطية (إعادة اتصال User Stream)
[2026-08-30 10:23:10] انقطاع User Data Stream: استجابة Binance غير صالحة HTTP 410; إعادة الاتصال خلال 60ث
[2026-08-30 10:24:11] مصالحة لقطية (إعادة اتصال User Stream)
[2026-08-30 10:24:12] انقطاع User Data Stream: استجابة Binance غير صالحة HTTP 410; إعادة الاتصال خلال 60ث
[2026-08-30 10:25:12] مصالحة لقطية (إعادة اتصال User Stream)
[2026-08-30 10:25:13] انقطاع User Data Stream: استجابة Binance غير صالحة HTTP 410; إعادة الاتصال خلال 60ث
[2026-08-30 10:26:14] مصالحة لقطية (إعادة اتصال User Stream)
[2026-08-30 10:26:15] انقطاع User Data Stream: استجابة Binance غير صالحة HTTP 410; إعادة الاتصال خلال 60ث
[2026-08-30 10:26:36] Dust Sweep: تعذر (بيئة لا تدعم SAPI أو خطأ Binance)
[2026-08-30 10:27:16] مصالحة لقطية (إعادة اتصال User Stream)
[2026-08-30 10:27:17] انقطاع User Data Stream: استجابة Binance غير صالحة HTTP 410; إعادة الاتصال خلال 60ث
[2026-08-30 10:28:18] مصالحة لقطية (إعادة اتصال User Stream)
[2026-08-30 10:28:19] انقطاع User Data Stream: استجابة Binance غير صالحة HTTP 410; إعادة الاتصال خلال 60ث
[2026-08-30 10:29:20] مصالحة لقطية (إعادة اتصال User Stream)
[2026-08-30 10:29:21] انقطاع User Data Stream: استجابة Binance غير صالحة HTTP 410; إعادة الاتصال خلال 60ث
[2026-08-30 10:30:22] مصالحة لقطية (إعادة اتصال User Stream)
[2026-08-30 10:30:23] انقطاع User Data Stream: استجابة Binance غير صالحة HTTP 410; إعادة الاتصال خلال 60ث
[2026-08-30 10:31:23] مصالحة لقطية (إعادة اتصال User Stream)
[2026-08-30 10:31:24] انقطاع User Data Stream: استجابة Binance غير صالحة HTTP 410; إعادة الاتصال خلال 60ث
[2026-08-30 10:31:36] Dust Sweep: تعذر (بيئة لا تدعم SAPI أو خطأ Binance)
[2026-08-30 10:32:25] مصالحة لقطية (إعادة اتصال User Stream)
[2026-08-30 10:32:32] انقطاع User Data Stream: استجابة Binance غير صالحة HTTP 410; إعادة الاتصال خلال 60ث
[2026-08-30 10:33:33] مصالحة لقطية (إعادة اتصال User Stream)
[2026-08-30 10:33:33] انقطاع User Data Stream: استجابة Binance غير صالحة HTTP 410; إعادة الاتصال خلال 60ث
[2026-08-30 10:34:34] مصالحة لقطية (إعادة اتصال User Stream)
[2026-08-30 10:34:35] انقطاع User Data Stream: استجابة Binance غير صالحة HTTP 410; إعادة الاتصال خلال 60ث
[2026-08-30 10:35:36] مصالحة لقطية (إعادة اتصال User Stream)
[2026-08-30 10:35:37] انقطاع User Data Stream: استجابة Binance غير صالحة HTTP 410; إعادة الاتصال خلال 60ث
[2026-08-30 10:36:37] مصالحة لقطية (إعادة اتصال User Stream)
[2026-08-30 10:36:37] Dust Sweep: تعذر (بيئة لا تدعم SAPI أو خطأ Binance)
[2026-08-30 10:36:37] انقطاع User Data Stream: استجابة Binance غير صالحة HTTP 410; إعادة الاتصال خلال 60ث
[2026-08-30 10:37:39] مصالحة لقطية (إعادة اتصال User Stream)
[2026-08-30 10:37:45] انقطاع User Data Stream: استجابة Binance غير صالحة HTTP 410; إعادة الاتصال خلال 60ث
[2026-08-30 10:38:46] مصالحة لقطية (إعادة اتصال User Stream)
[2026-08-30 10:38:46] انقطاع User Data Stream: استجابة Binance غير صالحة HTTP 410; إعادة الاتصال خلال 60ث
[2026-08-30 10:39:48] مصالحة لقطية (إعادة اتصال User Stream)
[2026-08-30 10:39:48] انقطاع User Data Stream: استجابة Binance غير صالحة HTTP 410; إعادة الاتصال خلال 60ث
[2026-08-30 10:40:49] مصالحة لقطية (إعادة اتصال User Stream)
[2026-08-30 10:40:50] انقطاع User Data Stream: استجابة Binance غير صالحة HTTP 410; إعادة الاتصال خلال 60ث
[2026-08-30 10:41:37] Dust Sweep: تعذر (بيئة لا تدعم SAPI أو خطأ Binance)
[2026-08-30 10:41:51] مصالحة لقطية (إعادة اتصال User Stream)
[2026-08-30 10:41:51] انقطاع User Data Stream: استجابة Binance غير صالحة HTTP 410; إعادة الاتصال خلال 60ث
[2026-08-30 10:42:52] مصالحة لقطية (إعادة اتصال User Stream)
[2026-08-30 10:42:53] انقطاع User Data Stream: استجابة Binance غير صالحة HTTP 410; إعادة الاتصال خلال 60ث
[2026-08-30 10:43:54] مصالحة لقطية (إعادة اتصال User Stream)
[2026-08-30 10:43:55] انقطاع User Data Stream: استجابة Binance غير صالحة HTTP 410; إعادة الاتصال خلال 60ث
[2026-08-30 10:44:56] مصالحة لقطية (إعادة اتصال User Stream)
[2026-08-30 10:44:57] انقطاع User Data Stream: استجابة Binance غير صالحة HTTP 410; إعادة الاتصال خلال 60ث
[2026-08-30 10:45:58] مصالحة لقطية (إعادة اتصال User Stream)
[2026-08-30 10:45:59] انقطاع User Data Stream: استجابة Binance غير صالحة HTTP 410; إعادة الاتصال خلال 60ث
[2026-08-30 10:46:38] Dust Sweep: تعذر (بيئة لا تدعم SAPI أو خطأ Binance)
[2026-08-30 10:47:00] مصالحة لقطية (إعادة اتصال User Stream)
[2026-08-30 10:47:01] انقطاع User Data Stream: استجابة Binance غير صالحة HTTP 410; إعادة الاتصال خلال 60ث
[2026-08-30 10:48:01] مصالحة لقطية (إعادة اتصال User Stream)
[2026-08-30 10:48:02] انقطاع User Data Stream: استجابة Binance غير صالحة HTTP 410; إعادة الاتصال خلال 60ث
[2026-08-30 10:48:43] 🚀 رشاش SOLUSDT: flow حركة 0.11% (عتبة 0.12%) تدفق 5.9x → دخول فوري
[2026-08-30 10:48:44] أمر دخول LIMIT_MAKER(صانع) SOLUSDT @ 104.85000000 (cid=NV5B65E8048EAFA4CC49867) — بانتظار executionReport
[2026-08-30 10:48:53] صانع SOLUSDT: انتهت مهلة 8ث بلا تنفيذ — أُلغي أمر الصانع
[2026-08-30 10:48:56] Watchdog: صمت الأحداث لأمر الدخول SOLUSDT؛ استيضاح REST أحادي
[2026-08-30 10:49:02] مصالحة لقطية (إعادة اتصال User Stream)
[2026-08-30 10:49:03] انقطاع User Data Stream: استجابة Binance غير صالحة HTTP 410; إعادة الاتصال خلال 60ث
[2026-08-30 10:50:04] مصالحة لقطية (إعادة اتصال User Stream)
[2026-08-30 10:50:05] انقطاع User Data Stream: استجابة Binance غير صالحة HTTP 410; إعادة الاتصال خلال 60ث
[2026-08-30 10:51:06] مصالحة لقطية (إعادة اتصال User Stream)
[2026-08-30 10:51:06] انقطاع User Data Stream: استجابة Binance غير صالحة HTTP 410; إعادة الاتصال خلال 60ث
[2026-08-30 10:51:39] Dust Sweep: تعذر (بيئة لا تدعم SAPI أو خطأ Binance)
[2026-08-30 10:52:08] مصالحة لقطية (إعادة اتصال User Stream)
[2026-08-30 10:52:09] انقطاع User Data Stream: استجابة Binance غير صالحة HTTP 410; إعادة الاتصال خلال 60ث
[2026-08-30 10:53:10] مصالحة لقطية (إعادة اتصال User Stream)
[2026-08-30 10:53:11] انقطاع User Data Stream: استجابة Binance غير صالحة HTTP 410; إعادة الاتصال خلال 60ث
[2026-08-30 10:54:11] مصالحة لقطية (إعادة اتصال User Stream)
[2026-08-30 10:54:12] انقطاع User Data Stream: استجابة Binance غير صالحة HTTP 410; إعادة الاتصال خلال 60ث
[2026-08-30 10:55:13] مصالحة لقطية (إعادة اتصال User Stream)
[2026-08-30 10:55:14] انقطاع User Data Stream: استجابة Binance غير صالحة HTTP 410; إعادة الاتصال خلال 60ث
[2026-08-30 10:56:14] مصالحة لقطية (إعادة اتصال User Stream)
[2026-08-30 10:56:15] انقطاع User Data Stream: استجابة Binance غير صالحة HTTP 410; إعادة الاتصال خلال 60ث
[2026-08-30 10:56:39] Dust Sweep: تعذر (بيئة لا تدعم SAPI أو خطأ Binance)
[2026-08-30 10:57:15] مصالحة لقطية (إعادة اتصال User Stream)
[2026-08-30 10:57:16] انقطاع User Data Stream: استجابة Binance غير صالحة HTTP 410; إعادة الاتصال خلال 60ث
[2026-08-30 10:58:16] مصالحة لقطية (إعادة اتصال User Stream)
[2026-08-30 10:58:18] انقطاع User Data Stream: استجابة Binance غير صالحة HTTP 410; إعادة الاتصال خلال 60ث
[2026-08-30 10:59:19] مصالحة لقطية (إعادة اتصال User Stream)
[2026-08-30 10:59:20] انقطاع User Data Stream: استجابة Binance غير صالحة HTTP 410; إعادة الاتصال خلال 60ث
[2026-08-30 11:00:20] مصالحة لقطية (إعادة اتصال User Stream)
[2026-08-30 11:00:21] انقطاع User Data Stream: استجابة Binance غير صالحة HTTP 410; إعادة الاتصال خلال 60ث
[2026-08-30 11:01:22] مصالحة لقطية (إعادة اتصال User Stream)
[2026-08-30 11:01:22] انقطاع User Data Stream: استجابة Binance غير صالحة HTTP 410; إعادة الاتصال خلال 60ث
[2026-08-30 11:01:40] Dust Sweep: تعذر (بيئة لا تدعم SAPI أو خطأ Binance)
[2026-08-30 11:02:23] مصالحة لقطية (إعادة اتصال User Stream)
[2026-08-30 11:02:24] انقطاع User Data Stream: استجابة Binance غير صالحة HTTP 410; إعادة الاتصال خلال 60ث
[2026-08-30 11:03:25] مصالحة لقطية (إعادة اتصال User Stream)
[2026-08-30 11:03:26] انقطاع User Data Stream: استجابة Binance غير صالحة HTTP 410; إعادة الاتصال خلال 60ث
[2026-08-30 11:04:27] مصالحة لقطية (إعادة اتصال User Stream)
[2026-08-30 11:04:27] انقطاع User Data Stream: استجابة Binance غير صالحة HTTP 410; إعادة الاتصال خلال 60ث
[2026-08-30 11:05:09] كون V5: أفضل 17 زوجاً حسب حجم 24س
[2026-08-30 11:05:28] مصالحة لقطية (إعادة اتصال User Stream)
[2026-08-30 11:05:29] انقطاع User Data Stream: استجابة Binance غير صالحة HTTP 410; إعادة الاتصال خلال 60ث
[2026-08-30 11:06:30] مصالحة لقطية (إعادة اتصال User Stream)
[2026-08-30 11:06:30] انقطاع User Data Stream: استجابة Binance غير صالحة HTTP 410; إعادة الاتصال خلال 60ث
[2026-08-30 11:06:40] Dust Sweep: تعذر (بيئة لا تدعم SAPI أو خطأ Binance)
[2026-08-30 11:07:30] مصالحة لقطية (إعادة اتصال User Stream)
[2026-08-30 11:07:31] انقطاع User Data Stream: استجابة Binance غير صالحة HTTP 410; إعادة الاتصال خلال 60ث
[2026-08-30 11:08:31] مصالحة لقطية (إعادة اتصال User Stream)
[2026-08-30 11:08:32] انقطاع User Data Stream: استجابة Binance غير صالحة HTTP 410; إعادة الاتصال خلال 60ث
[2026-08-30 11:09:32] مصالحة لقطية (إعادة اتصال User Stream)
[2026-08-30 11:09:33] انقطاع User Data Stream: استجابة Binance غير صالحة HTTP 410; إعادة الاتصال خلال 60ث
[2026-08-30 11:10:34] مصالحة لقطية (إعادة اتصال User Stream)
[2026-08-30 11:10:34] انقطاع User Data Stream: استجابة Binance غير صالحة HTTP 410; إعادة الاتصال خلال 60ث
[2026-08-30 11:11:36] مصالحة لقطية (إعادة اتصال User Stream)
[2026-08-30 11:11:36] انقطاع User Data Stream: استجابة Binance غير صالحة HTTP 410; إعادة الاتصال خلال 60ث
[2026-08-30 11:11:41] Dust Sweep: تعذر (بيئة لا تدعم SAPI أو خطأ Binance)
[2026-08-30 11:11:41] قنّاص ZKPUSDT: هبوط 0.36% خلال 15ث — بانتظار جدار الشراء (bid/ask = 0.00x < 1.5x)
[2026-08-30 11:11:50] ⚡ قنّاص الانهيار: ZKPUSDT هبوط 0.36% خلال 15ث + جدار شراء 2.40x → دخول فوري
[2026-08-30 11:11:51] أمر دخول LIMIT_MAKER(صانع) ZKPUSDT @ 0.05580000 (cid=NV5742CBF0D18F245E489F4) — بانتظار executionReport
[2026-08-30 11:12:00] صانع ZKPUSDT: انتهت مهلة 8ث بلا تنفيذ — أُلغي أمر الصانع
[2026-08-30 11:12:03] Watchdog: صمت الأحداث لأمر الدخول ZKPUSDT؛ استيضاح REST أحادي
[2026-08-30 11:12:37] مصالحة لقطية (إعادة اتصال User Stream)
[2026-08-30 11:12:37] انقطاع User Data Stream: استجابة Binance غير صالحة HTTP 410; إعادة الاتصال خلال 60ث
[2026-08-30 11:13:38] مصالحة لقطية (إعادة اتصال User Stream)
[2026-08-30 11:13:39] انقطاع User Data Stream: استجابة Binance غير صالحة HTTP 410; إعادة الاتصال خلال 60ث
[2026-08-30 11:14:39] مصالحة لقطية (إعادة اتصال User Stream)
[2026-08-30 11:14:40] انقطاع User Data Stream: استجابة Binance غير صالحة HTTP 410; إعادة الاتصال خلال 60ث
[2026-08-30 11:15:41] مصالحة لقطية (إعادة اتصال User Stream)
[2026-08-30 11:15:41] انقطاع User Data Stream: استجابة Binance غير صالحة HTTP 410; إعادة الاتصال خلال 60ث
[2026-08-30 11:16:41] Dust Sweep: تعذر (بيئة لا تدعم SAPI أو خطأ Binance)
[2026-08-30 11:16:43] مصالحة لقطية (إعادة اتصال User Stream)
[2026-08-30 11:16:43] انقطاع User Data Stream: استجابة Binance غير صالحة HTTP 410; إعادة الاتصال خلال 60ث
[2026-08-30 11:17:44] مصالحة لقطية (إعادة اتصال User Stream)
[2026-08-30 11:17:44] انقطاع User Data Stream: استجابة Binance غير صالحة HTTP 410; إعادة الاتصال خلال 60ث
[2026-08-30 11:18:45] مصالحة لقطية (إعادة اتصال User Stream)
[2026-08-30 11:18:51] انقطاع User Data Stream: استجابة Binance غير صالحة HTTP 410; إعادة الاتصال خلال 60ث
[2026-08-30 11:19:51] مصالحة لقطية (إعادة اتصال User Stream)
[2026-08-30 11:19:52] انقطاع User Data Stream: استجابة Binance غير صالحة HTTP 410; إعادة الاتصال خلال 60ث
[2026-08-30 11:20:53] مصالحة لقطية (إعادة اتصال User Stream)
[2026-08-30 11:20:53] انقطاع User Data Stream: استجابة Binance غير صالحة HTTP 410; إعادة الاتصال خلال 60ث
[2026-08-30 11:21:42] Dust Sweep: تعذر (بيئة لا تدعم SAPI أو خطأ Binance)
[2026-08-30 11:21:54] مصالحة لقطية (إعادة اتصال User Stream)
[2026-08-30 11:21:54] انقطاع User Data Stream: استجابة Binance غير صالحة HTTP 410; إعادة الاتصال خلال 60ث
[2026-08-30 11:22:48] ⚡ قنّاص الانهيار: GTCUSDT هبوط 0.26% خلال 15ث + جدار شراء 3.16x → دخول فوري
[2026-08-30 11:22:49] أمر دخول LIMIT_MAKER(صانع) GTCUSDT @ 0.08382000 (cid=NV5A7498544CC97438485A7) — بانتظار executionReport
[2026-08-30 11:22:55] مصالحة لقطية (إعادة اتصال User Stream)
[2026-08-30 11:22:56] انقطاع User Data Stream: استجابة Binance غير صالحة HTTP 410; إعادة الاتصال خلال 60ث
[2026-08-30 11:22:56] Watchdog GTCUSDT: أُلغي أمر الدخول غير المنفذ
[2026-08-30 11:23:57] مصالحة لقطية (إعادة اتصال User Stream)
[2026-08-30 11:23:58] انقطاع User Data Stream: استجابة Binance غير صالحة HTTP 410; إعادة الاتصال خلال 60ث
[2026-08-30 11:24:59] مصالحة لقطية (إعادة اتصال User Stream)
[2026-08-30 11:24:59] انقطاع User Data Stream: استجابة Binance غير صالحة HTTP 410; إعادة الاتصال خلال 60ث
[2026-08-30 11:26:00] مصالحة لقطية (إعادة اتصال User Stream)
[2026-08-30 11:26:00] انقطاع User Data Stream: استجابة Binance غير صالحة HTTP 410; إعادة الاتصال خلال 60ث
[2026-08-30 11:26:42] Dust Sweep: تعذر (بيئة لا تدعم SAPI أو خطأ Binance)
[2026-08-30 11:27:01] مصالحة لقطية (إعادة اتصال User Stream)
[2026-08-30 11:27:02] انقطاع User Data Stream: استجابة Binance غير صالحة HTTP 410; إعادة الاتصال خلال 60ث
[2026-08-30 11:28:02] مصالحة لقطية (إعادة اتصال User Stream)
[2026-08-30 11:28:03] انقطاع User Data Stream: استجابة Binance غير صالحة HTTP 410; إعادة الاتصال خلال 60ث
[2026-08-30 11:29:04] مصالحة لقطية (إعادة اتصال User Stream)
[2026-08-30 11:29:05] انقطاع User Data Stream: استجابة Binance غير صالحة HTTP 410; إعادة الاتصال خلال 60ث
[2026-08-30 11:30:05] مصالحة لقطية (إعادة اتصال User Stream)
[2026-08-30 11:30:06] انقطاع User Data Stream: استجابة Binance غير صالحة HTTP 410; إعادة الاتصال خلال 60ث
[2026-08-30 11:31:07] مصالحة لقطية (إعادة اتصال User Stream)
[2026-08-30 11:31:08] انقطاع User Data Stream: استجابة Binance غير صالحة HTTP 410; إعادة الاتصال خلال 60ث
[2026-08-30 11:31:43] Dust Sweep: تعذر (بيئة لا تدعم SAPI أو خطأ Binance)
[2026-08-30 11:32:08] مصالحة لقطية (إعادة اتصال User Stream)
[2026-08-30 11:32:08] انقطاع User Data Stream: استجابة Binance غير صالحة HTTP 410; إعادة الاتصال خلال 60ث
[2026-08-30 11:33:09] مصالحة لقطية (إعادة اتصال User Stream)
[2026-08-30 11:33:10] انقطاع User Data Stream: استجابة Binance غير صالحة HTTP 410; إعادة الاتصال خلال 60ث
[2026-08-30 11:34:11] مصالحة لقطية (إعادة اتصال User Stream)
[2026-08-30 11:34:13] انقطاع User Data Stream: استجابة Binance غير صالحة HTTP 410; إعادة الاتصال خلال 60ث
[2026-08-30 11:35:13] مصالحة لقطية (إعادة اتصال User Stream)
[2026-08-30 11:35:14] انقطاع User Data Stream: استجابة Binance غير صالحة HTTP 410; إعادة الاتصال خلال 60ث
[2026-08-30 11:36:15] مصالحة لقطية (إعادة اتصال User Stream)
[2026-08-30 11:36:15] انقطاع User Data Stream: استجابة Binance غير صالحة HTTP 410; إعادة الاتصال خلال 60ث
[2026-08-30 11:36:44] Dust Sweep: تعذر (بيئة لا تدعم SAPI أو خطأ Binance)
[2026-08-30 11:37:15] مصالحة لقطية (إعادة اتصال User Stream)
[2026-08-30 11:37:16] انقطاع User Data Stream: استجابة Binance غير صالحة HTTP 410; إعادة الاتصال خلال 60ث
[2026-08-30 11:38:17] مصالحة لقطية (إعادة اتصال User Stream)
[2026-08-30 11:38:17] انقطاع User Data Stream: استجابة Binance غير صالحة HTTP 410; إعادة الاتصال خلال 60ث
[2026-08-30 11:39:18] مصالحة لقطية (إعادة اتصال User Stream)
[2026-08-30 11:39:19] انقطاع User Data Stream: استجابة Binance غير صالحة HTTP 410; إعادة الاتصال خلال 60ث
[2026-08-30 11:40:19] مصالحة لقطية (إعادة اتصال User Stream)
[2026-08-30 11:40:20] انقطاع User Data Stream: استجابة Binance غير صالحة HTTP 410; إعادة الاتصال خلال 60ث
[2026-08-30 11:41:20] مصالحة لقطية (إعادة اتصال User Stream)
[2026-08-30 11:41:21] انقطاع User Data Stream: استجابة Binance غير صالحة HTTP 410; إعادة الاتصال خلال 60ث
[2026-08-30 11:41:44] Dust Sweep: تعذر (بيئة لا تدعم SAPI أو خطأ Binance)
[2026-08-30 11:42:22] مصالحة لقطية (إعادة اتصال User Stream)
[2026-08-30 11:42:23] انقطاع User Data Stream: استجابة Binance غير صالحة HTTP 410; إعادة الاتصال خلال 60ث
[2026-08-30 11:43:23] مصالحة لقطية (إعادة اتصال User Stream)
[2026-08-30 11:43:24] انقطاع User Data Stream: استجابة Binance غير صالحة HTTP 410; إعادة الاتصال خلال 60ث
[2026-08-30 11:44:25] مصالحة لقطية (إعادة اتصال User Stream)
[2026-08-30 11:44:26] انقطاع User Data Stream: استجابة Binance غير صالحة HTTP 410; إعادة الاتصال خلال 60ث
[2026-08-30 11:45:28] مصالحة لقطية (إعادة اتصال User Stream)
[2026-08-30 11:45:28] انقطاع User Data Stream: استجابة Binance غير صالحة HTTP 410; إعادة الاتصال خلال 60ث
[2026-08-30 11:46:29] مصالحة لقطية (إعادة اتصال User Stream)
[2026-08-30 11:46:30] انقطاع User Data Stream: استجابة Binance غير صالحة HTTP 410; إعادة الاتصال خلال 60ث
[2026-08-30 11:46:45] Dust Sweep: تعذر (بيئة لا تدعم SAPI أو خطأ Binance)
[2026-08-30 11:47:30] مصالحة لقطية (إعادة اتصال User Stream)
[2026-08-30 11:47:31] انقطاع User Data Stream: استجابة Binance غير صالحة HTTP 410; إعادة الاتصال خلال 60ث
[2026-08-30 11:48:32] مصالحة لقطية (إعادة اتصال User Stream)
[2026-08-30 11:48:33] انقطاع User Data Stream: استجابة Binance غير صالحة HTTP 410; إعادة الاتصال خلال 60ث
[2026-08-30 11:49:38] مصالحة لقطية (إعادة اتصال User Stream)
[2026-08-30 11:49:39] انقطاع User Data Stream: استجابة Binance غير صالحة HTTP 410; إعادة الاتصال خلال 60ث
[2026-08-30 11:50:57] مصالحة لقطية (إعادة اتصال User Stream)
[2026-08-30 11:50:58] انقطاع User Data Stream: استجابة Binance غير صالحة HTTP 410; إعادة الاتصال خلال 60ث
[2026-08-30 11:52:08] مصالحة لقطية (إعادة اتصال User Stream)
[2026-08-30 11:52:08] انقطاع User Data Stream: استجابة Binance غير صالحة HTTP 410; إعادة الاتصال خلال 60ث
