symbol,exp,entry_time,exit_time,entry,exit,notional,pnl,r_mult,exit_side,bars_held
ATOMUSDT,rnd410053,2024-01-04T20:00:00+00:00,2024-01-08T00:00:00+00:00,10.255245,9.22957761214,20.0,-2.0003,,stop,19
ATOMUSDT,rnd410053,2024-01-09T04:00:00+00:00,2024-01-12T20:00:00+00:00,9.925916,9.84029271429,20.0,-0.1725,,stop,22
ATOMUSDT,rnd410053,2024-01-15T04:00:00+00:00,2024-01-19T00:00:00+00:00,10.156146,9.487503,20.0,-1.3167,,stop,23
ATOMUSDT,rnd410053,2024-01-25T08:00:00+00:00,2024-02-05T00:00:00+00:00,9.242233,8.92021371429,20.0,-0.6968,,stop,64
ATOMUSDT,rnd410053,2024-02-08T20:00:00+00:00,2024-02-11T20:00:00+00:00,9.565556,9.66889285714,20.0,0.2161,,stop,18
ATOMUSDT,rnd410053,2024-02-17T00:00:00+00:00,2024-02-21T04:00:00+00:00,10.247237,9.95831742857,20.0,-0.5639,,stop,25
ATOMUSDT,rnd410053,2024-02-21T16:00:00+00:00,2024-02-28T16:00:00+00:00,9.924915,10.6771692857,20.0,1.5159,,stop,42
ATOMUSDT,rnd410053,2024-03-02T08:00:00+00:00,2024-03-03T04:00:00+00:00,11.996985,11.189534265,20.0,-1.3461,,stop,5
ATOMUSDT,rnd410053,2024-03-04T12:00:00+00:00,2024-03-05T16:00:00+00:00,12.54253,11.67833997,20.0,-1.378,,stop,7
ATOMUSDT,rnd410053,2024-03-09T08:00:00+00:00,2024-03-11T00:00:00+00:00,13.720707,12.786657543,20.0,-1.3615,,stop,10
ATOMUSDT,rnd410053,2024-04-09T00:00:00+00:00,2024-04-09T08:00:00+00:00,11.315304,10.9247254817,20.0,-0.6904,,stop,2
ATOMUSDT,rnd410053,2024-04-11T08:00:00+00:00,2024-04-12T16:00:00+00:00,10.905895,10.3460742836,20.0,-1.0266,,stop,8
ATOMUSDT,rnd410053,2024-04-26T04:00:00+00:00,2024-04-30T08:00:00+00:00,8.313305,7.84759240929,20.0,-1.1204,,stop,25
ATOMUSDT,rnd410053,2024-05-01T16:00:00+00:00,2024-05-13T00:00:00+00:00,8.280272,8.322669,20.0,0.1024,,stop,68
ATOMUSDT,rnd410053,2024-05-21T16:00:00+00:00,2024-05-23T12:00:00+00:00,8.780772,8.29586069229,20.0,-1.1045,,stop,11
ATOMUSDT,rnd410053,2024-06-01T20:00:00+00:00,2024-06-07T16:00:00+00:00,8.339331,8.42685042857,20.0,0.2099,,stop,35
ATOMUSDT,rnd410053,2024-07-08T04:00:00+00:00,2024-07-19T00:00:00+00:00,5.783778,6.21449357143,20.0,1.4894,,stop,65
ATOMUSDT,rnd410053,2024-08-04T04:00:00+00:00,2024-08-05T00:00:00+00:00,5.189184,4.79973660171,20.0,-1.501,,stop,5
ATOMUSDT,rnd410053,2024-08-06T16:00:00+00:00,2024-09-01T20:00:00+00:00,4.906902,4.26144857143,20.0,-2.6308,,stop,157
ATOMUSDT,rnd410053,2024-09-02T20:00:00+00:00,2024-09-03T20:00:00+00:00,4.400396,4.15570042543,20.0,-1.1122,,stop,6
ATOMUSDT,rnd410053,2024-09-08T08:00:00+00:00,2024-09-30T08:00:00+00:00,3.702699,4.82388557143,20.0,6.0561,,stop,132
ATOMUSDT,rnd410053,2024-10-06T16:00:00+00:00,2024-10-07T08:00:00+00:00,4.622618,4.55415557143,20.0,-0.2962,,stop,4
ATOMUSDT,rnd410053,2024-10-21T16:00:00+00:00,2024-10-23T12:00:00+00:00,4.872868,4.59505406057,20.0,-1.1402,,stop,11
ATOMUSDT,rnd410053,2024-10-26T20:00:00+00:00,2024-11-01T20:00:00+00:00,4.36436,4.10760257143,20.0,-1.1766,,stop,36
ATOMUSDT,rnd410053,2024-11-07T20:00:00+00:00,2024-11-10T20:00:00+00:00,4.548544,5.10760157143,20.0,2.4582,,stop,18
ATOMUSDT,rnd410053,2024-11-15T08:00:00+00:00,2024-11-17T16:00:00+00:00,5.001997,5.71499357143,20.0,2.8508,,stop,14
ATOMUSDT,rnd410053,2024-11-28T00:00:00+00:00,2024-12-05T20:00:00+00:00,8.331323,9.34921285714,20.0,2.4435,,stop,47
ATOMUSDT,rnd410053,2024-12-06T04:00:00+00:00,2024-12-09T20:00:00+00:00,10.043033,8.87504193129,20.0,-2.326,,stop,22
ATOMUSDT,rnd410053,2024-12-16T12:00:00+00:00,2024-12-18T20:00:00+00:00,8.676668,7.91481668914,20.0,-1.7561,,stop,14
ATOMUSDT,rnd410053,2024-12-19T12:00:00+00:00,2024-12-19T16:00:00+00:00,7.558551,6.70237762757,20.0,-2.2654,,stop,1
ATOMUSDT,rnd410053,2024-12-24T20:00:00+00:00,2024-12-29T20:00:00+00:00,7.001995,6.29212514786,20.0,-2.0276,,stop,30
ATOMUSDT,rnd410053,2025-01-02T04:00:00+00:00,2025-01-07T12:00:00+00:00,6.612606,7.05850585714,20.0,1.3486,,stop,32
ATOMUSDT,rnd410053,2025-01-11T12:00:00+00:00,2025-01-13T08:00:00+00:00,6.631625,6.14440301786,20.0,-1.4694,,stop,11
ATOMUSDT,rnd410053,2025-01-21T00:00:00+00:00,2025-02-02T16:00:00+00:00,6.078072,5.27368589229,20.0,-2.6468,,stop,76
ATOMUSDT,rnd410053,2025-02-02T20:00:00+00:00,2025-02-03T00:00:00+00:00,5.156151,4.61421074186,20.0,-2.1021,,stop,1
ATOMUSDT,rnd410053,2025-02-03T12:00:00+00:00,2025-03-09T16:00:00+00:00,4.342338,3.75980785714,20.0,-2.683,,stop,205
ATOMUSDT,rnd410053,2025-03-22T12:00:00+00:00,2025-03-28T04:00:00+00:00,4.766762,4.59168942857,20.0,-0.7346,,stop,34
ATOMUSDT,rnd410053,2025-04-08T04:00:00+00:00,2025-05-17T00:00:00+00:00,4.315311,4.71684985714,20.0,1.861,,stop,233
ATOMUSDT,rnd410053,2025-05-23T12:00:00+00:00,2025-05-24T16:00:00+00:00,5.086081,4.74276206186,20.0,-1.35,,stop,7
ATOMUSDT,rnd410053,2025-05-30T00:00:00+00:00,2025-05-30T16:00:00+00:00,4.619615,4.32546377786,20.0,-1.2735,,stop,4
ATOMUSDT,rnd410053,2025-06-01T20:00:00+00:00,2025-06-05T16:00:00+00:00,4.336332,4.15412742857,20.0,-0.8404,,stop,23
ATOMUSDT,rnd410053,2025-06-07T12:00:00+00:00,2025-06-12T20:00:00+00:00,4.305301,4.25445557143,20.0,-0.2362,,stop,32
ATOMUSDT,rnd410053,2025-06-13T04:00:00+00:00,2025-06-20T16:00:00+00:00,4.100096,3.88739442857,20.0,-1.0375,,stop,45
ATOMUSDT,rnd410053,2025-06-23T12:00:00+00:00,2025-07-14T20:00:00+00:00,3.782779,4.50177942857,20.0,3.8014,,stop,128
ATOMUSDT,rnd410053,2025-07-19T04:00:00+00:00,2025-07-23T16:00:00+00:00,4.951947,4.68088585714,20.0,-1.0948,,stop,27
ATOMUSDT,rnd410053,2025-07-28T16:00:00+00:00,2025-07-29T16:00:00+00:00,4.762758,4.54213988486,20.0,-0.9264,,stop,6
ATOMUSDT,rnd410053,2025-08-02T12:00:00+00:00,2025-08-14T20:00:00+00:00,4.132128,4.45182942857,20.0,1.5474,,stop,74
ATOMUSDT,rnd410053,2025-08-15T04:00:00+00:00,2025-08-19T16:00:00+00:00,4.578574,4.28228485714,20.0,-1.2942,,stop,27
ATOMUSDT,rnd410053,2025-08-21T16:00:00+00:00,2025-08-25T04:00:00+00:00,4.47447,4.65177214286,20.0,0.7925,,stop,21
ATOMUSDT,rnd410053,2025-09-01T04:00:00+00:00,2025-09-15T00:00:00+00:00,4.417413,4.59725528571,20.0,0.8142,,stop,83
ATOMUSDT,rnd410053,2025-09-17T00:00:00+00:00,2025-09-19T20:00:00+00:00,4.551547,4.46595814286,20.0,-0.3761,,stop,17
ATOMUSDT,rnd410053,2025-09-26T08:00:00+00:00,2025-10-07T12:00:00+00:00,4.025021,4.05037414286,20.0,0.126,,stop,67
ATOMUSDT,rnd410053,2025-10-10T08:00:00+00:00,2025-10-10T16:00:00+00:00,4.049045,3.90666085714,20.0,-0.7033,,stop,2
ATOMUSDT,rnd410053,2025-10-17T00:00:00+00:00,2025-10-17T08:00:00+00:00,3.259256,3.03657352971,20.0,-1.3665,,stop,2
ATOMUSDT,rnd410053,2025-10-25T16:00:00+00:00,2025-10-28T20:00:00+00:00,3.164161,3.08434114286,20.0,-0.5045,,stop,19
ATOMUSDT,rnd410053,2025-10-29T04:00:00+00:00,2025-10-30T12:00:00+00:00,3.096093,2.945644407,20.0,-0.9719,,stop,8
ATOMUSDT,rnd410053,2025-10-31T20:00:00+00:00,2025-11-03T08:00:00+00:00,2.988986,2.77888290686,20.0,-1.4058,,stop,15
ATOMUSDT,rnd410053,2025-11-04T00:00:00+00:00,2025-11-13T16:00:00+00:00,2.509507,2.82360214286,20.0,2.5032,,stop,58
ATOMUSDT,rnd410053,2025-11-18T00:00:00+00:00,2025-11-20T16:00:00+00:00,2.709707,2.83473385714,20.0,0.9228,,stop,16
ATOMUSDT,rnd410053,2025-12-02T20:00:00+00:00,2025-12-05T16:00:00+00:00,2.391389,2.23129832529,20.0,-1.3389,,stop,17
ATOMUSDT,rnd410053,2025-12-09T04:00:00+00:00,2025-12-11T00:00:00+00:00,2.234232,2.24304042857,20.0,0.0788,,stop,11
ATOMUSDT,rnd410053,2025-12-16T16:00:00+00:00,2025-12-17T16:00:00+00:00,2.044042,1.92907527943,20.0,-1.1249,,stop,6
ATOMUSDT,rnd410053,2026-01-02T00:00:00+00:00,2026-01-05T08:00:00+00:00,2.071069,2.26915714286,20.0,1.9129,,stop,20
ATOMUSDT,rnd410053,2026-01-18T20:00:00+00:00,2026-01-19T00:00:00+00:00,2.514512,2.40389141657,20.0,-0.8799,,stop,1
ATOMUSDT,rnd410053,2026-01-20T04:00:00+00:00,2026-01-20T12:00:00+00:00,2.495493,2.33779572129,20.0,-1.2639,,stop,2
ATOMUSDT,rnd410053,2026-01-23T12:00:00+00:00,2026-01-25T16:00:00+00:00,2.381379,2.23307226386,20.0,-1.2456,,stop,13
ATOMUSDT,rnd410053,2026-01-26T08:00:00+00:00,2026-01-29T08:00:00+00:00,2.26226,2.16170327571,20.0,-0.889,,stop,18
ATOMUSDT,rnd410053,2026-02-08T00:00:00+00:00,2026-02-23T00:00:00+00:00,1.99199,2.16840085714,20.0,1.7712,,stop,90
ATOMUSDT,rnd410053,2026-03-28T04:00:00+00:00,2026-04-02T00:00:00+00:00,1.67167,1.63193785714,20.0,-0.4754,,stop,29
ATOMUSDT,rnd410053,2026-04-03T08:00:00+00:00,2026-04-13T08:00:00+00:00,1.714713,1.71642471429,20.0,0.02,,stop,60
ATOMUSDT,rnd410053,2026-04-14T04:00:00+00:00,2026-04-19T04:00:00+00:00,1.76176,1.75866814286,20.0,-0.0351,,stop,30
ATOMUSDT,rnd410053,2026-04-27T04:00:00+00:00,2026-04-29T12:00:00+00:00,1.996995,1.92952782643,20.0,-0.6757,,stop,14
ATOMUSDT,rnd410053,2026-04-30T00:00:00+00:00,2026-05-01T04:00:00+00:00,1.930929,1.87084199957,20.0,-0.6224,,stop,7
ATOMUSDT,rnd410053,2026-05-06T16:00:00+00:00,2026-05-13T08:00:00+00:00,1.922921,2.10260957143,20.0,1.8689,,stop,40
ATOMUSDT,rnd410053,2026-05-14T08:00:00+00:00,2026-05-28T12:00:00+00:00,2.008006,2.00427942857,20.0,-0.0371,,stop,85
ATOMUSDT,rnd410053,2026-06-03T08:00:00+00:00,2026-06-04T00:00:00+00:00,1.878877,1.758366873,20.0,-1.2828,,stop,4
ATOMUSDT,rnd410053,2026-06-04T20:00:00+00:00,2026-06-05T16:00:00+00:00,1.825824,1.662909426,20.0,-1.7846,,stop,5
ATOMUSDT,rnd410053,2026-06-24T12:00:00+00:00,2026-06-25T12:00:00+00:00,1.653652,1.56512102657,20.0,-1.0707,,stop,6
ATOMUSDT,rnd410053,2026-06-27T12:00:00+00:00,2026-06-30T08:00:00+00:00,1.609608,1.50738482057,20.0,-1.2702,,stop,17
ATOMUSDT,rnd410053,2026-07-06T04:00:00+00:00,2026-07-08T08:00:00+00:00,1.585584,1.540458,20.0,-0.5692,,stop,13
ATOMUSDT,rnd410053,2026-07-08T12:00:00+00:00,2026-07-17T04:00:00+00:00,1.556555,1.49293414286,20.0,-0.8175,,stop,52
ATOMUSDT,rnd410053,2026-07-19T00:00:00+00:00,2026-07-20T04:00:00+00:00,1.499498,1.45108118057,20.0,-0.6458,,stop,7
ATOMUSDT,rnd410053,2026-07-21T08:00:00+00:00,2026-07-22T12:00:00+00:00,1.508507,1.45687010014,20.0,-0.6846,,stop,7
ATOMUSDT,rnd410053,2026-08-04T12:00:00+00:00,2026-08-15T12:00:00+00:00,1.38138,1.46524757143,20.0,1.2143,,stop,66
ATOMUSDT,rnd410053,2026-08-22T20:00:00+00:00,2026-08-28T16:00:00+00:00,1.602601,1.45792732757,20.0,-1.8055,,stop,35
BTCUSDT,rnd410053,2024-01-03T08:00:00+00:00,2024-01-03T12:00:00+00:00,45056.78177,43411.9495793,20.0,-0.7301,,stop,1
BTCUSDT,rnd410053,2024-01-03T20:00:00+00:00,2024-01-12T12:00:00+00:00,42639.25666,44830.98414,20.0,1.028,,stop,52
BTCUSDT,rnd410053,2024-01-13T00:00:00+00:00,2024-01-23T08:00:00+00:00,42825.52274,39316.7452101,20.0,-1.6386,,stop,62
BTCUSDT,rnd410053,2024-01-29T12:00:00+00:00,2024-01-31T20:00:00+00:00,42289.19695,42241.9728857,20.0,-0.0223,,stop,14
BTCUSDT,rnd410053,2024-02-09T12:00:00+00:00,2024-02-21T12:00:00+00:00,47227.19001,50584.4734629,20.0,1.4218,,stop,72
BTCUSDT,rnd410053,2024-02-26T20:00:00+00:00,2024-02-28T16:00:00+00:00,54541.5871,59036.5472143,20.0,1.6483,,stop,11
BTCUSDT,rnd410053,2024-03-03T20:00:00+00:00,2024-03-05T04:00:00+00:00,62792.73,65708.86536,20.0,0.9288,,stop,8
BTCUSDT,rnd410053,2024-03-24T00:00:00+00:00,2024-04-02T00:00:00+00:00,64054.01002,65985.9993771,20.0,0.6032,,stop,54
BTCUSDT,rnd410053,2024-04-18T08:00:00+00:00,2024-04-30T12:00:00+00:00,61239.25808,60770.0762357,20.0,-0.1532,,stop,73
BTCUSDT,rnd410053,2024-05-04T20:00:00+00:00,2024-05-08T20:00:00+00:00,63985.09117,61146.2212413,20.0,-0.8874,,stop,24
BTCUSDT,rnd410053,2024-05-17T16:00:00+00:00,2024-05-23T16:00:00+00:00,67262.28509,67517.5405886,20.0,0.0759,,stop,36
BTCUSDT,rnd410053,2024-05-25T04:00:00+00:00,2024-06-11T04:00:00+00:00,68826.59784,67662.1758086,20.0,-0.3384,,stop,102
BTCUSDT,rnd410053,2024-07-07T00:00:00+00:00,2024-07-08T00:00:00+00:00,58288.36013,55167.3661127,20.0,-1.0709,,stop,6
BTCUSDT,rnd410053,2024-07-09T08:00:00+00:00,2024-07-25T12:00:00+00:00,57173.95684,63508.5807043,20.0,2.2159,,stop,97
BTCUSDT,rnd410053,2024-07-30T00:00:00+00:00,2024-08-01T00:00:00+00:00,66851.46468,63909.1183742,20.0,-0.8803,,stop,12
BTCUSDT,rnd410053,2024-08-03T16:00:00+00:00,2024-08-04T16:00:00+00:00,60939.88901,57305.8329567,20.0,-1.1927,,stop,6
BTCUSDT,rnd410053,2024-08-14T12:00:00+00:00,2024-08-15T00:00:00+00:00,61358.17688,58065.5496353,20.0,-1.0732,,stop,3
BTCUSDT,rnd410053,2024-09-06T00:00:00+00:00,2024-09-06T16:00:00+00:00,56236.18,53631.3984879,20.0,-0.9264,,stop,4
BTCUSDT,rnd410053,2024-09-09T12:00:00+00:00,2024-09-16T12:00:00+00:00,55320.13487,58019.3511429,20.0,0.9759,,stop,42
BTCUSDT,rnd410053,2024-09-23T16:00:00+00:00,2024-09-30T08:00:00+00:00,63681.60799,63563.0190686,20.0,-0.0372,,stop,40
BTCUSDT,rnd410053,2024-10-01T20:00:00+00:00,2024-10-09T16:00:00+00:00,61817.74599,60993.4469271,20.0,-0.2667,,stop,47
BTCUSDT,rnd410053,2024-10-11T00:00:00+00:00,2024-10-23T08:00:00+00:00,60386.7264,66368.48508,20.0,1.9812,,stop,74
BTCUSDT,rnd410053,2024-10-25T08:00:00+00:00,2024-10-25T20:00:00+00:00,67599.49196,65658.6770271,20.0,-0.5742,,stop,3
BTCUSDT,rnd410053,2024-10-30T08:00:00+00:00,2024-10-31T20:00:00+00:00,72300.21799,69840.282797,20.0,-0.6805,,stop,9
BTCUSDT,rnd410053,2024-11-05T12:00:00+00:00,2024-11-12T08:00:00+00:00,68878.84003,86319.5026629,20.0,5.0642,,stop,41
BTCUSDT,rnd410053,2024-11-14T20:00:00+00:00,2024-12-05T20:00:00+00:00,89553.45399,93842.5920429,20.0,0.9579,,stop,126
BTCUSDT,rnd410053,2024-12-11T20:00:00+00:00,2024-12-18T20:00:00+00:00,101223.83271,100406.67282,20.0,-0.1615,,stop,42
BTCUSDT,rnd410053,2025-01-07T04:00:00+00:00,2025-01-07T12:00:00+00:00,101809.79809,99091.7410866,20.0,-0.5339,,stop,2
BTCUSDT,rnd410053,2025-01-12T04:00:00+00:00,2025-01-13T08:00:00+00:00,94717.0224,91771.9407383,20.0,-0.6219,,stop,7
BTCUSDT,rnd410053,2025-01-13T20:00:00+00:00,2025-01-19T20:00:00+00:00,92404.49218,100950.536983,20.0,1.8497,,stop,36
BTCUSDT,rnd410053,2025-01-23T04:00:00+00:00,2025-01-27T04:00:00+00:00,102563.70124,99441.2163857,20.0,-0.6089,,stop,24
BTCUSDT,rnd410053,2025-01-27T20:00:00+00:00,2025-02-01T20:00:00+00:00,99799.71001,100348.142837,20.0,0.1099,,stop,30
BTCUSDT,rnd410053,2025-02-04T16:00:00+00:00,2025-02-24T20:00:00+00:00,99446.52718,92837.7536385,20.0,-1.3291,,stop,121
BTCUSDT,rnd410053,2025-02-26T20:00:00+00:00,2025-03-03T20:00:00+00:00,83940.83698,85179.0728057,20.0,0.295,,stop,30
BTCUSDT,rnd410053,2025-03-14T00:00:00+00:00,2025-03-29T08:00:00+00:00,81196.89578,82115.7406329,20.0,0.2263,,stop,92
BTCUSDT,rnd410053,2025-04-01T04:00:00+00:00,2025-04-02T20:00:00+00:00,83045.80284,83421.4207886,20.0,0.0905,,stop,10
BTCUSDT,rnd410053,2025-04-06T00:00:00+00:00,2025-04-06T16:00:00+00:00,83621.52799,80510.4886959,20.0,-0.7441,,stop,4
BTCUSDT,rnd410053,2025-05-05T08:00:00+00:00,2025-05-12T12:00:00+00:00,94856.67191,102878.245916,20.0,1.6913,,stop,43
BTCUSDT,rnd410053,2025-05-27T08:00:00+00:00,2025-05-29T12:00:00+00:00,109649.54,106547.691012,20.0,-0.5658,,stop,13
BTCUSDT,rnd410053,2025-06-01T04:00:00+00:00,2025-06-05T16:00:00+00:00,104485.41103,102408.533241,20.0,-0.3975,,stop,27
BTCUSDT,rnd410053,2025-06-08T00:00:00+00:00,2025-06-12T20:00:00+00:00,105657.70215,105967.667687,20.0,0.0587,,stop,29
BTCUSDT,rnd410053,2025-06-13T16:00:00+00:00,2025-06-17T16:00:00+00:00,105542.30687,103625.904651,20.0,-0.3632,,stop,24
BTCUSDT,rnd410053,2025-07-06T08:00:00+00:00,2025-07-07T16:00:00+00:00,108148.35031,107449.925374,20.0,-0.1292,,stop,8
BTCUSDT,rnd410053,2025-07-13T12:00:00+00:00,2025-07-14T12:00:00+00:00,118190.08201,119500.006089,20.0,0.2217,,stop,6
BTCUSDT,rnd410053,2025-07-22T00:00:00+00:00,2025-07-25T00:00:00+00:00,117497.74036,115617.361191,20.0,-0.3201,,stop,18
BTCUSDT,rnd410053,2025-08-22T16:00:00+00:00,2025-08-24T16:00:00+00:00,116487.12075,113011.847563,20.0,-0.5967,,stop,12
BTCUSDT,rnd410053,2025-08-25T08:00:00+00:00,2025-08-26T00:00:00+00:00,111623.07156,108601.918074,20.0,-0.5413,,stop,4
BTCUSDT,rnd410053,2025-09-06T20:00:00+00:00,2025-09-22T04:00:00+00:00,110148.45842,112996.601717,20.0,0.5171,,stop,92
BTCUSDT,rnd410053,2025-09-22T20:00:00+00:00,2025-09-25T12:00:00+00:00,112235.0229,110936.51244,20.0,-0.2314,,stop,16
BTCUSDT,rnd410053,2025-09-30T12:00:00+00:00,2025-10-05T16:00:00+00:00,113168.055,122213.872363,20.0,1.5987,,stop,31
BTCUSDT,rnd410053,2025-11-11T12:00:00+00:00,2025-11-12T12:00:00+00:00,105417.2119,101922.262613,20.0,-0.6631,,stop,6
BTCUSDT,rnd410053,2025-11-27T20:00:00+00:00,2025-12-01T00:00:00+00:00,91619.74822,88011.9695789,20.0,-0.7876,,stop,19
BTCUSDT,rnd410053,2025-12-21T08:00:00+00:00,2025-12-23T12:00:00+00:00,88262.96479,86886.0198643,20.0,-0.312,,stop,13
BTCUSDT,rnd410053,2025-12-31T12:00:00+00:00,2026-01-07T12:00:00+00:00,89100.52151,91109.2024543,20.0,0.4509,,stop,42
BTCUSDT,rnd410053,2026-01-16T16:00:00+00:00,2026-01-20T04:00:00+00:00,94680.57599,91662.7054587,20.0,-0.6375,,stop,21
BTCUSDT,rnd410053,2026-01-21T12:00:00+00:00,2026-01-25T16:00:00+00:00,88878.77999,86932.8244414,20.0,-0.4379,,stop,25
BTCUSDT,rnd410053,2026-03-02T20:00:00+00:00,2026-03-07T04:00:00+00:00,69035.48652,67417.95456,20.0,-0.4686,,stop,26
BTCUSDT,rnd410053,2026-03-26T12:00:00+00:00,2026-03-27T08:00:00+00:00,69345.28601,66612.5781811,20.0,-0.7881,,stop,5
BTCUSDT,rnd410053,2026-03-30T04:00:00+00:00,2026-04-02T04:00:00+00:00,67240.9738,66227.0580771,20.0,-0.3016,,stop,18
BTCUSDT,rnd410053,2026-04-02T20:00:00+00:00,2026-04-19T20:00:00+00:00,67042.976,73949.7704914,20.0,2.0604,,stop,102
BTCUSDT,rnd410053,2026-04-20T08:00:00+00:00,2026-04-28T08:00:00+00:00,74912.01718,76074.4151486,20.0,0.3103,,stop,48
BTCUSDT,rnd410053,2026-05-09T04:00:00+00:00,2026-05-13T12:00:00+00:00,80464.34396,79309.3826571,20.0,-0.2871,,stop,26
BTCUSDT,rnd410053,2026-05-16T20:00:00+00:00,2026-05-18T12:00:00+00:00,78337.92967,76212.173351,20.0,-0.5427,,stop,10
BTCUSDT,rnd410053,2026-05-19T20:00:00+00:00,2026-05-23T04:00:00+00:00,76895.54873,74724.7946914,20.0,-0.5646,,stop,20
BTCUSDT,rnd410053,2026-05-24T12:00:00+00:00,2026-05-27T04:00:00+00:00,77397.38006,75309.7342264,20.0,-0.5395,,stop,16
BTCUSDT,rnd410053,2026-06-13T04:00:00+00:00,2026-06-17T16:00:00+00:00,63595.532,64087.8751157,20.0,0.1548,,stop,27
BTCUSDT,rnd410053,2026-06-18T00:00:00+00:00,2026-06-23T08:00:00+00:00,64573.9094,62167.6295406,20.0,-0.7453,,stop,32
BTCUSDT,rnd410053,2026-07-14T16:00:00+00:00,2026-07-17T04:00:00+00:00,64808.744,63010.845081,20.0,-0.5548,,stop,15
BTCUSDT,rnd410053,2026-07-22T12:00:00+00:00,2026-07-24T12:00:00+00:00,66079.37336,64092.0528652,20.0,-0.6015,,stop,12
BTCUSDT,rnd410053,2026-08-06T12:00:00+00:00,2026-08-11T16:00:00+00:00,64686.70208,63300.2848601,20.0,-0.4287,,stop,31
BTCUSDT,rnd410053,2026-08-12T00:00:00+00:00,2026-08-14T12:00:00+00:00,63663.61001,62538.3247886,20.0,-0.3535,,stop,15
DOGEUSDT,rnd410053,2024-01-16T20:00:00+00:00,2024-01-18T16:00:00+00:00,0.08146138,0.0778138454057,20.0,-0.8955,,stop,11
DOGEUSDT,rnd410053,2024-01-24T16:00:00+00:00,2024-02-20T12:00:00+00:00,0.07924917,0.0829184271429,20.0,0.926,,stop,161
DOGEUSDT,rnd410053,2024-02-23T04:00:00+00:00,2024-02-28T00:00:00+00:00,0.08400392,0.0942998914286,20.0,2.4513,,stop,29
DOGEUSDT,rnd410053,2024-03-06T04:00:00+00:00,2024-04-13T16:00:00+00:00,0.15108093,0.151134428571,20.0,0.0071,,stop,231
DOGEUSDT,rnd410053,2024-04-14T00:00:00+00:00,2024-05-01T04:00:00+00:00,0.15269254,0.125908251429,20.0,-3.5083,,stop,103
DOGEUSDT,rnd410053,2024-05-14T12:00:00+00:00,2024-05-23T20:00:00+00:00,0.15240225,0.152845572857,20.0,0.0582,,stop,56
DOGEUSDT,rnd410053,2024-05-28T00:00:00+00:00,2024-05-30T04:00:00+00:00,0.16924908,0.158804402349,20.0,-1.2342,,stop,13
DOGEUSDT,rnd410053,2024-05-31T08:00:00+00:00,2024-06-07T16:00:00+00:00,0.15994979,0.14955009021,20.0,-1.3004,,stop,44
DOGEUSDT,rnd410053,2024-06-09T20:00:00+00:00,2024-06-11T04:00:00+00:00,0.14791777,0.139012546873,20.0,-1.2041,,stop,8
DOGEUSDT,rnd410053,2024-06-13T16:00:00+00:00,2024-06-17T12:00:00+00:00,0.14122108,0.13067777142,20.0,-1.4932,,stop,23
DOGEUSDT,rnd410053,2024-07-01T00:00:00+00:00,2024-07-03T08:00:00+00:00,0.12461449,0.120330977143,20.0,-0.6875,,stop,14
DOGEUSDT,rnd410053,2024-07-04T20:00:00+00:00,2024-07-05T00:00:00+00:00,0.1078077,0.0997614101571,20.0,-1.4927,,stop,1
DOGEUSDT,rnd410053,2024-07-05T20:00:00+00:00,2024-07-25T00:00:00+00:00,0.10439429,0.12410577,20.0,3.7764,,stop,115
DOGEUSDT,rnd410053,2024-07-30T04:00:00+00:00,2024-07-31T20:00:00+00:00,0.12940928,0.121956843934,20.0,-1.1518,,stop,10
DOGEUSDT,rnd410053,2024-08-18T08:00:00+00:00,2024-08-25T04:00:00+00:00,0.10235225,0.1086912,20.0,1.2387,,stop,41
DOGEUSDT,rnd410053,2024-08-30T04:00:00+00:00,2024-09-04T00:00:00+00:00,0.10021011,0.0930937088186,20.0,-1.4203,,stop,29
DOGEUSDT,rnd410053,2024-09-05T20:00:00+00:00,2024-09-06T16:00:00+00:00,0.09751742,0.0911547454371,20.0,-1.3049,,stop,5
DOGEUSDT,rnd410053,2024-09-18T08:00:00+00:00,2024-09-28T08:00:00+00:00,0.10169159,0.121300007143,20.0,3.8564,,stop,60
DOGEUSDT,rnd410053,2024-09-29T12:00:00+00:00,2024-09-30T20:00:00+00:00,0.12713701,0.11610828549,20.0,-1.7349,,stop,8
DOGEUSDT,rnd410053,2024-10-04T04:00:00+00:00,2024-10-22T16:00:00+00:00,0.1065064,0.137029975714,20.0,5.7318,,stop,111
DOGEUSDT,rnd410053,2024-10-26T04:00:00+00:00,2024-10-31T16:00:00+00:00,0.1338337,0.16365618,20.0,4.4566,,stop,33
DOGEUSDT,rnd410053,2024-11-03T00:00:00+00:00,2024-11-03T12:00:00+00:00,0.15970955,0.145358688664,20.0,-1.7971,,stop,3
DOGEUSDT,rnd410053,2024-11-04T08:00:00+00:00,2024-11-06T04:00:00+00:00,0.1509508,0.19842138,20.0,6.2895,,stop,11
DOGEUSDT,rnd410053,2024-11-06T08:00:00+00:00,2024-11-10T20:00:00+00:00,0.19982963,0.251402631429,20.0,5.1617,,stop,27
DOGEUSDT,rnd410053,2024-11-18T16:00:00+00:00,2024-11-23T16:00:00+00:00,0.37812775,0.415198671429,20.0,1.9608,,stop,30
DOGEUSDT,rnd410053,2024-11-25T00:00:00+00:00,2024-12-10T12:00:00+00:00,0.43069026,0.377593457143,20.0,-2.4657,,stop,93
DOGEUSDT,rnd410053,2024-12-12T16:00:00+00:00,2024-12-18T16:00:00+00:00,0.41542501,0.374509054633,20.0,-1.9698,,stop,36
DOGEUSDT,rnd410053,2024-12-25T16:00:00+00:00,2025-01-07T12:00:00+00:00,0.33096063,0.358190022857,20.0,1.6455,,stop,77
DOGEUSDT,rnd410053,2025-01-11T12:00:00+00:00,2025-01-13T12:00:00+00:00,0.33808775,0.311802421179,20.0,-1.5549,,stop,12
DOGEUSDT,rnd410053,2025-01-18T00:00:00+00:00,2025-01-19T08:00:00+00:00,0.41566525,0.382989020464,20.0,-1.5722,,stop,8
DOGEUSDT,rnd410053,2025-01-20T04:00:00+00:00,2025-01-27T04:00:00+00:00,0.36461425,0.318432677143,20.0,-2.5332,,stop,42
DOGEUSDT,rnd410053,2025-01-29T08:00:00+00:00,2025-02-01T20:00:00+00:00,0.33267234,0.303814649803,20.0,-1.7349,,stop,21
DOGEUSDT,rnd410053,2025-02-08T08:00:00+00:00,2025-02-17T16:00:00+00:00,0.24830806,0.254870588571,20.0,0.5286,,stop,56
DOGEUSDT,rnd410053,2025-02-17T20:00:00+00:00,2025-02-21T16:00:00+00:00,0.25702677,0.24188464323,20.0,-1.1783,,stop,23
DOGEUSDT,rnd410053,2025-02-25T08:00:00+00:00,2025-02-28T04:00:00+00:00,0.20405385,0.183118762221,20.0,-2.0519,,stop,17
DOGEUSDT,rnd410053,2025-03-02T16:00:00+00:00,2025-03-03T08:00:00+00:00,0.21112091,0.215361565714,20.0,0.4017,,stop,4
DOGEUSDT,rnd410053,2025-03-07T16:00:00+00:00,2025-03-09T08:00:00+00:00,0.20514494,0.186622416489,20.0,-1.8058,,stop,10
DOGEUSDT,rnd410053,2025-03-11T20:00:00+00:00,2025-03-29T16:00:00+00:00,0.16852836,0.167419555714,20.0,-0.1316,,stop,107
DOGEUSDT,rnd410053,2025-04-01T00:00:00+00:00,2025-04-03T08:00:00+00:00,0.16682666,0.162548717143,20.0,-0.5129,,stop,14
DOGEUSDT,rnd410053,2025-04-24T00:00:00+00:00,2025-04-30T12:00:00+00:00,0.17881864,0.171945025714,20.0,-0.7688,,stop,39
DOGEUSDT,rnd410053,2025-05-05T20:00:00+00:00,2025-05-09T12:00:00+00:00,0.17102085,0.202531551429,20.0,3.685,,stop,22
DOGEUSDT,rnd410053,2025-05-13T08:00:00+00:00,2025-05-30T00:00:00+00:00,0.22437415,0.203920161429,20.0,-1.8232,,stop,100
DOGEUSDT,rnd410053,2025-05-30T12:00:00+00:00,2025-05-31T00:00:00+00:00,0.20524504,0.190072634246,20.0,-1.4785,,stop,3
DOGEUSDT,rnd410053,2025-05-31T08:00:00+00:00,2025-06-05T16:00:00+00:00,0.18945927,0.172154815714,20.0,-1.8267,,stop,32
DOGEUSDT,rnd410053,2025-06-19T04:00:00+00:00,2025-06-20T16:00:00+00:00,0.17108091,0.159244720161,20.0,-1.3837,,stop,9
DOGEUSDT,rnd410053,2025-06-23T12:00:00+00:00,2025-07-12T12:00:00+00:00,0.15232217,0.194733642857,20.0,5.5687,,stop,114
DOGEUSDT,rnd410053,2025-07-13T20:00:00+00:00,2025-07-22T04:00:00+00:00,0.20145125,0.259557325714,20.0,5.7687,,stop,50
DOGEUSDT,rnd410053,2025-07-22T08:00:00+00:00,2025-07-23T20:00:00+00:00,0.26674648,0.234251279949,20.0,-2.4364,,stop,9
DOGEUSDT,rnd410053,2025-07-24T00:00:00+00:00,2025-07-30T16:00:00+00:00,0.24102078,0.212442053863,20.0,-2.3715,,stop,40
DOGEUSDT,rnd410053,2025-08-06T08:00:00+00:00,2025-08-11T20:00:00+00:00,0.20159139,0.224089971429,20.0,2.2321,,stop,33
DOGEUSDT,rnd410053,2025-08-12T20:00:00+00:00,2025-08-14T12:00:00+00:00,0.23600577,0.228003197143,20.0,-0.6782,,stop,10
DOGEUSDT,rnd410053,2025-08-18T08:00:00+00:00,2025-08-25T08:00:00+00:00,0.22198176,0.218552657143,20.0,-0.309,,stop,42
DOGEUSDT,rnd410053,2025-09-05T00:00:00+00:00,2025-09-13T16:00:00+00:00,0.21262241,0.29154816,20.0,7.424,,stop,52
DOGEUSDT,rnd410053,2025-09-16T00:00:00+00:00,2025-09-22T00:00:00+00:00,0.2685683,0.249802804286,20.0,-1.3974,,stop,36
DOGEUSDT,rnd410053,2025-09-23T00:00:00+00:00,2025-09-25T12:00:00+00:00,0.24147123,0.226095107143,20.0,-1.2735,,stop,15
DOGEUSDT,rnd410053,2025-09-28T08:00:00+00:00,2025-10-04T08:00:00+00:00,0.22943921,0.24973002,20.0,1.7687,,stop,36
DOGEUSDT,rnd410053,2025-10-06T20:00:00+00:00,2025-10-07T12:00:00+00:00,0.26869843,0.253428676213,20.0,-1.1366,,stop,4
DOGEUSDT,rnd410053,2025-10-13T20:00:00+00:00,2025-10-14T08:00:00+00:00,0.216216,0.194339323286,20.0,-2.0236,,stop,3
DOGEUSDT,rnd410053,2025-10-24T08:00:00+00:00,2025-10-28T20:00:00+00:00,0.19693674,0.193601918571,20.0,-0.3387,,stop,27
DOGEUSDT,rnd410053,2025-11-16T16:00:00+00:00,2025-11-19T16:00:00+00:00,0.15874859,0.148848145714,20.0,-1.2473,,stop,18
DOGEUSDT,rnd410053,2025-11-28T16:00:00+00:00,2025-11-30T20:00:00+00:00,0.15391376,0.14666694624,20.0,-0.9417,,stop,13
DOGEUSDT,rnd410053,2025-12-06T16:00:00+00:00,2025-12-10T20:00:00+00:00,0.13972959,0.14344641,20.0,0.532,,stop,25
DOGEUSDT,rnd410053,2025-12-12T08:00:00+00:00,2025-12-14T20:00:00+00:00,0.14076062,0.13259039688,20.0,-1.1609,,stop,15
DOGEUSDT,rnd410053,2025-12-26T00:00:00+00:00,2025-12-31T16:00:00+00:00,0.12376364,0.119427595714,20.0,-0.7007,,stop,34
DOGEUSDT,rnd410053,2026-01-11T12:00:00+00:00,2026-01-15T00:00:00+00:00,0.13985972,0.143258027143,20.0,0.486,,stop,21
DOGEUSDT,rnd410053,2026-01-15T16:00:00+00:00,2026-01-18T20:00:00+00:00,0.14223209,0.133243356124,20.0,-1.264,,stop,19
DOGEUSDT,rnd410053,2026-01-19T04:00:00+00:00,2026-01-21T16:00:00+00:00,0.12746734,0.120869563731,20.0,-1.0352,,stop,15
DOGEUSDT,rnd410053,2026-01-31T00:00:00+00:00,2026-01-31T12:00:00+00:00,0.11593582,0.107792205609,20.0,-1.4048,,stop,3
DOGEUSDT,rnd410053,2026-01-31T20:00:00+00:00,2026-02-05T12:00:00+00:00,0.10195185,0.0927357428571,20.0,-1.8079,,stop,28
DOGEUSDT,rnd410053,2026-02-05T16:00:00+00:00,2026-02-06T00:00:00+00:00,0.09430421,0.0832530165043,20.0,-2.3437,,stop,2
DOGEUSDT,rnd410053,2026-02-06T08:00:00+00:00,2026-02-16T12:00:00+00:00,0.09081072,0.0986084357143,20.0,1.7174,,stop,61
DOGEUSDT,rnd410053,2026-02-21T04:00:00+00:00,2026-02-22T16:00:00+00:00,0.10004995,0.0950119857643,20.0,-1.0071,,stop,9
DOGEUSDT,rnd410053,2026-03-03T04:00:00+00:00,2026-03-05T16:00:00+00:00,0.09267258,0.0926758028571,20.0,0.0007,,stop,15
DOGEUSDT,rnd410053,2026-03-22T00:00:00+00:00,2026-03-26T08:00:00+00:00,0.09142133,0.0920421514286,20.0,0.1358,,stop,26
DOGEUSDT,rnd410053,2026-03-28T08:00:00+00:00,2026-03-29T20:00:00+00:00,0.0912912,0.0891379157143,20.0,-0.4717,,stop,9
DOGEUSDT,rnd410053,2026-04-01T12:00:00+00:00,2026-04-18T16:00:00+00:00,0.09261252,0.0952789114286,20.0,0.5758,,stop,103
DOGEUSDT,rnd410053,2026-04-28T20:00:00+00:00,2026-04-29T12:00:00+00:00,0.09983974,0.106005317143,20.0,1.2351,,stop,4
DOGEUSDT,rnd410053,2026-05-03T12:00:00+00:00,2026-05-06T12:00:00+00:00,0.1088087,0.111317142857,20.0,0.4611,,stop,18
DOGEUSDT,rnd410053,2026-05-06T16:00:00+00:00,2026-05-07T12:00:00+00:00,0.11316305,0.10734309945,20.0,-1.0286,,stop,5
DOGEUSDT,rnd410053,2026-05-12T04:00:00+00:00,2026-05-16T04:00:00+00:00,0.1102101,0.110293881429,20.0,0.0152,,stop,24
DOGEUSDT,rnd410053,2026-05-29T00:00:00+00:00,2026-06-02T12:00:00+00:00,0.09965956,0.0948806557971,20.0,-0.959,,stop,27
DOGEUSDT,rnd410053,2026-06-04T16:00:00+00:00,2026-06-05T04:00:00+00:00,0.08961953,0.0822835926129,20.0,-1.6371,,stop,3
DOGEUSDT,rnd410053,2026-06-10T08:00:00+00:00,2026-06-12T20:00:00+00:00,0.08431423,0.0857869842857,20.0,0.3493,,stop,15
DOGEUSDT,rnd410053,2026-06-14T04:00:00+00:00,2026-06-18T04:00:00+00:00,0.08817809,0.0843469971429,20.0,-0.8689,,stop,24
DOGEUSDT,rnd410053,2026-06-23T20:00:00+00:00,2026-06-24T12:00:00+00:00,0.07853846,0.0750454822543,20.0,-0.8895,,stop,4
DOGEUSDT,rnd410053,2026-06-25T04:00:00+00:00,2026-06-25T12:00:00+00:00,0.07612605,0.0717435203786,20.0,-1.1514,,stop,2
DOGEUSDT,rnd410053,2026-07-01T12:00:00+00:00,2026-07-07T20:00:00+00:00,0.07123116,0.0735549428571,20.0,0.6525,,stop,38
DOGEUSDT,rnd410053,2026-07-09T04:00:00+00:00,2026-07-23T12:00:00+00:00,0.07235228,0.0700070657143,20.0,-0.6483,,stop,86
DOGEUSDT,rnd410053,2026-07-27T12:00:00+00:00,2026-07-28T00:00:00+00:00,0.07265258,0.0698041345629,20.0,-0.7841,,stop,3
DOGEUSDT,rnd410053,2026-07-28T20:00:00+00:00,2026-08-01T16:00:00+00:00,0.07083076,0.0678842363829,20.0,-0.832,,stop,23
DOGEUSDT,rnd410053,2026-08-07T00:00:00+00:00,2026-08-12T12:00:00+00:00,0.06915909,0.0702168557143,20.0,0.3059,,stop,33
DOGEUSDT,rnd410053,2026-08-20T20:00:00+00:00,2026-08-22T04:00:00+00:00,0.0797797,0.09005985,20.0,2.5771,,stop,8
DOGEUSDT,rnd410053,2026-08-24T20:00:00+00:00,2026-08-30T20:00:00+00:00,0.08915907,0.0813472841443,20.0,-1.7523,,stop,36
ETHUSDT,rnd410053,2024-01-08T04:00:00+00:00,2024-01-09T12:00:00+00:00,2193.07088,2244.69306,20.0,0.4708,,stop,8
ETHUSDT,rnd410053,2024-01-14T04:00:00+00:00,2024-01-22T04:00:00+00:00,2553.551,2406.83282936,20.0,-1.1491,,stop,48
ETHUSDT,rnd410053,2024-01-26T12:00:00+00:00,2024-02-01T00:00:00+00:00,2256.27402,2242.29831429,20.0,-0.1239,,stop,33
ETHUSDT,rnd410053,2024-02-01T12:00:00+00:00,2024-02-17T12:00:00+00:00,2268.93667,2718.34322143,20.0,3.9614,,stop,96
ETHUSDT,rnd410053,2024-02-24T08:00:00+00:00,2024-02-28T20:00:00+00:00,2967.03407,3274.63351714,20.0,2.0734,,stop,27
ETHUSDT,rnd410053,2024-03-02T08:00:00+00:00,2024-03-05T16:00:00+00:00,3433.69026,3533.00346,20.0,0.5785,,stop,20
ETHUSDT,rnd410053,2024-03-10T20:00:00+00:00,2024-03-11T00:00:00+00:00,3901.90801,3751.83277878,20.0,-0.7692,,stop,1
ETHUSDT,rnd410053,2024-03-19T08:00:00+00:00,2024-03-20T04:00:00+00:00,3363.50014,3100.22895057,20.0,-1.5655,,stop,5
ETHUSDT,rnd410053,2024-03-20T20:00:00+00:00,2024-04-12T16:00:00+00:00,3382.379,3184.39670143,20.0,-1.1707,,stop,137
ETHUSDT,rnd410053,2024-04-19T04:00:00+00:00,2024-04-30T08:00:00+00:00,2982.78981,3008.19736286,20.0,0.1704,,stop,67
ETHUSDT,rnd410053,2024-05-07T12:00:00+00:00,2024-05-10T12:00:00+00:00,3066.4634,2927.85582767,20.0,-0.904,,stop,18
ETHUSDT,rnd410053,2024-05-11T00:00:00+00:00,2024-05-23T12:00:00+00:00,2912.88998,3731.48763429,20.0,5.6205,,stop,75
ETHUSDT,rnd410053,2024-05-23T16:00:00+00:00,2024-05-23T20:00:00+00:00,3816.77296,3545.15104597,20.0,-1.4233,,stop,1
ETHUSDT,rnd410053,2024-05-24T20:00:00+00:00,2024-06-11T12:00:00+00:00,3748.1444,3454.84740857,20.0,-1.565,,stop,106
ETHUSDT,rnd410053,2024-06-17T08:00:00+00:00,2024-06-18T00:00:00+00:00,3556.23268,3448.34338482,20.0,-0.6068,,stop,4
ETHUSDT,rnd410053,2024-06-22T04:00:00+00:00,2024-06-24T04:00:00+00:00,3510.27677,3358.95195573,20.0,-0.8622,,stop,12
ETHUSDT,rnd410053,2024-06-24T20:00:00+00:00,2024-07-03T00:00:00+00:00,3296.35306,3329.70410571,20.0,0.2024,,stop,49
ETHUSDT,rnd410053,2024-07-05T16:00:00+00:00,2024-07-25T00:00:00+00:00,2993.98099,3176.07503143,20.0,1.2164,,stop,116
ETHUSDT,rnd410053,2024-07-25T12:00:00+00:00,2024-08-01T12:00:00+00:00,3175.66249,3106.84290429,20.0,-0.4334,,stop,42
ETHUSDT,rnd410053,2024-08-04T16:00:00+00:00,2024-08-04T16:00:00+00:00,2829.827,2651.43897836,20.0,-1.2608,,stop,0
ETHUSDT,rnd410053,2024-08-06T04:00:00+00:00,2024-09-06T20:00:00+00:00,2494.3919,2189.32848,20.0,-2.446,,stop,190
ETHUSDT,rnd410053,2024-09-18T16:00:00+00:00,2024-10-01T12:00:00+00:00,2298.296,2561.31041143,20.0,2.2888,,stop,77
ETHUSDT,rnd410053,2024-10-09T12:00:00+00:00,2024-10-10T16:00:00+00:00,2444.13169,2344.73104045,20.0,-0.8134,,stop,7
ETHUSDT,rnd410053,2024-10-14T08:00:00+00:00,2024-10-15T12:00:00+00:00,2538.31578,2536.89770571,20.0,-0.0112,,stop,7
ETHUSDT,rnd410053,2024-10-17T04:00:00+00:00,2024-10-23T08:00:00+00:00,2643.4408,2584.80689143,20.0,-0.4436,,stop,37
ETHUSDT,rnd410053,2024-10-24T04:00:00+00:00,2024-10-25T20:00:00+00:00,2547.3448,2445.78941949,20.0,-0.7973,,stop,10
ETHUSDT,rnd410053,2024-10-28T08:00:00+00:00,2024-10-31T12:00:00+00:00,2514.28177,2603.95058571,20.0,0.7133,,stop,19
ETHUSDT,rnd410053,2024-11-02T12:00:00+00:00,2024-11-04T20:00:00+00:00,2504.64214,2393.55868536,20.0,-0.887,,stop,14
ETHUSDT,rnd410053,2024-11-08T04:00:00+00:00,2024-11-14T12:00:00+00:00,2905.32242,3110.47498286,20.0,1.4123,,stop,38
ETHUSDT,rnd410053,2024-11-22T16:00:00+00:00,2024-12-09T20:00:00+00:00,3317.46415,3754.89420429,20.0,2.6371,,stop,103
ETHUSDT,rnd410053,2024-12-11T12:00:00+00:00,2024-12-18T20:00:00+00:00,3720.55684,3649.30989429,20.0,-0.383,,stop,44
ETHUSDT,rnd410053,2024-12-21T04:00:00+00:00,2025-01-09T20:00:00+00:00,3471.10764,3172.45437,20.0,-1.7208,,stop,118
ETHUSDT,rnd410053,2025-01-12T00:00:00+00:00,2025-01-13T08:00:00+00:00,3286.11283,3132.10794396,20.0,-0.9373,,stop,8
ETHUSDT,rnd410053,2025-01-15T04:00:00+00:00,2025-01-19T08:00:00+00:00,3244.0408,3197.11968,20.0,-0.2893,,stop,25
ETHUSDT,rnd410053,2025-01-29T08:00:00+00:00,2025-02-01T20:00:00+00:00,3160.03688,3111.13004143,20.0,-0.3095,,stop,21
ETHUSDT,rnd410053,2025-02-04T16:00:00+00:00,2025-02-25T04:00:00+00:00,2779.95718,2313.00614425,20.0,-3.3594,,stop,123
ETHUSDT,rnd410053,2025-02-25T12:00:00+00:00,2025-02-28T00:00:00+00:00,2436.1337,2219.65646451,20.0,-1.7772,,stop,15
ETHUSDT,rnd410053,2025-02-28T16:00:00+00:00,2025-03-03T16:00:00+00:00,2225.223,2183.63132571,20.0,-0.3738,,stop,18
ETHUSDT,rnd410053,2025-03-04T04:00:00+00:00,2025-03-10T16:00:00+00:00,2076.96489,1896.72566143,20.0,-1.7356,,stop,39
ETHUSDT,rnd410053,2025-03-11T00:00:00+00:00,2025-03-30T12:00:00+00:00,1866.97511,1791.43391571,20.0,-0.8092,,stop,117
ETHUSDT,rnd410053,2025-04-04T00:00:00+00:00,2025-04-06T16:00:00+00:00,1819.04723,1699.38007741,20.0,-1.3157,,stop,16
ETHUSDT,rnd410053,2025-04-11T16:00:00+00:00,2025-05-15T12:00:00+00:00,1567.00544,2484.47018571,20.0,11.7098,,stop,203
ETHUSDT,rnd410053,2025-05-16T16:00:00+00:00,2025-05-18T16:00:00+00:00,2597.52493,2425.18838543,20.0,-1.3269,,stop,12
ETHUSDT,rnd410053,2025-05-20T08:00:00+00:00,2025-06-05T20:00:00+00:00,2534.8323,2456.86638857,20.0,-0.6152,,stop,99
ETHUSDT,rnd410053,2025-06-06T12:00:00+00:00,2025-06-12T20:00:00+00:00,2478.62615,2661.63855429,20.0,1.4767,,stop,38
ETHUSDT,rnd410053,2025-06-20T16:00:00+00:00,2025-06-20T16:00:00+00:00,2496.27378,2386.20126158,20.0,-0.8819,,stop,0
ETHUSDT,rnd410053,2025-07-05T04:00:00+00:00,2025-07-18T20:00:00+00:00,2520.75824,3513.62571429,20.0,7.8775,,stop,82
ETHUSDT,rnd410053,2025-07-21T00:00:00+00:00,2025-07-23T12:00:00+00:00,3760.44669,3572.05855581,20.0,-1.0019,,stop,15
ETHUSDT,rnd410053,2025-07-27T04:00:00+00:00,2025-08-01T00:00:00+00:00,3777.80403,3650.06342571,20.0,-0.6763,,stop,29
ETHUSDT,rnd410053,2025-08-12T04:00:00+00:00,2025-08-15T12:00:00+00:00,4290.37609,4402.77567429,20.0,0.524,,stop,20
ETHUSDT,rnd410053,2025-08-19T04:00:00+00:00,2025-08-25T08:00:00+00:00,4222.86865,4565.6298,20.0,1.6234,,stop,37
ETHUSDT,rnd410053,2025-08-30T00:00:00+00:00,2025-09-22T00:00:00+00:00,4364.54018,4367.39680286,20.0,0.0131,,stop,138
ETHUSDT,rnd410053,2025-09-28T12:00:00+00:00,2025-10-07T12:00:00+00:00,3996.38239,4527.59501571,20.0,2.6585,,stop,54
ETHUSDT,rnd410053,2025-10-16T00:00:00+00:00,2025-10-17T08:00:00+00:00,3989.59561,3699.95266796,20.0,-1.452,,stop,8
ETHUSDT,rnd410053,2025-10-19T16:00:00+00:00,2025-10-22T08:00:00+00:00,3982.62865,3814.42461429,20.0,-0.8447,,stop,16
ETHUSDT,rnd410053,2025-10-23T08:00:00+00:00,2025-10-29T16:00:00+00:00,3884.90102,3871.48749429,20.0,-0.0691,,stop,38
ETHUSDT,rnd410053,2025-10-31T00:00:00+00:00,2025-11-03T16:00:00+00:00,3808.75495,3568.24206469,20.0,-1.2629,,stop,22
ETHUSDT,rnd410053,2025-11-11T12:00:00+00:00,2025-11-12T16:00:00+00:00,3577.72415,3389.36710442,20.0,-1.0529,,stop,7
ETHUSDT,rnd410053,2025-11-24T00:00:00+00:00,2025-12-01T00:00:00+00:00,2804.96216,2866.60195714,20.0,0.4395,,stop,42
ETHUSDT,rnd410053,2025-12-02T20:00:00+00:00,2025-12-07T12:00:00+00:00,3018.85584,2955.78554143,20.0,-0.4178,,stop,28
ETHUSDT,rnd410053,2025-12-13T00:00:00+00:00,2025-12-16T04:00:00+00:00,3087.94486,2884.25593121,20.0,-1.3193,,stop,19
ETHUSDT,rnd410053,2025-12-17T20:00:00+00:00,2026-01-20T08:00:00+00:00,2823.10028,3086.46045,20.0,1.8658,,stop,201
ETHUSDT,rnd410053,2026-02-10T20:00:00+00:00,2026-02-23T00:00:00+00:00,2019.96795,1869.69459812,20.0,-1.4879,,stop,73
ETHUSDT,rnd410053,2026-02-23T16:00:00+00:00,2026-02-24T00:00:00+00:00,1897.54565,1815.50154542,20.0,-0.8647,,stop,2
ETHUSDT,rnd410053,2026-02-25T20:00:00+00:00,2026-02-27T12:00:00+00:00,2073.1711,1951.37667,20.0,-1.175,,stop,10
ETHUSDT,rnd410053,2026-03-08T04:00:00+00:00,2026-03-14T04:00:00+00:00,1949.61767,2075.10139286,20.0,1.2873,,stop,36
ETHUSDT,rnd410053,2026-03-16T04:00:00+00:00,2026-03-18T12:00:00+00:00,2237.90567,2249.77654286,20.0,0.1061,,stop,14
ETHUSDT,rnd410053,2026-03-22T08:00:00+00:00,2026-03-26T12:00:00+00:00,2095.4934,2058.52512857,20.0,-0.3528,,stop,25
ETHUSDT,rnd410053,2026-03-26T16:00:00+00:00,2026-03-27T12:00:00+00:00,2072.4704,1976.68102603,20.0,-0.9244,,stop,5
ETHUSDT,rnd410053,2026-04-01T16:00:00+00:00,2026-04-02T08:00:00+00:00,2137.17504,2023.08029175,20.0,-1.0677,,stop,4
ETHUSDT,rnd410053,2026-04-04T04:00:00+00:00,2026-04-12T08:00:00+00:00,2052.10005,2199.93643286,20.0,1.4408,,stop,49
ETHUSDT,rnd410053,2026-04-12T16:00:00+00:00,2026-04-19T04:00:00+00:00,2188.65647,2319.69369857,20.0,1.1974,,stop,39
ETHUSDT,rnd410053,2026-04-20T04:00:00+00:00,2026-04-23T16:00:00+00:00,2288.83655,2289.69515571,20.0,0.0075,,stop,21
ETHUSDT,rnd410053,2026-04-28T16:00:00+00:00,2026-05-07T12:00:00+00:00,2282.03976,2288.79462857,20.0,0.0592,,stop,53
ETHUSDT,rnd410053,2026-05-08T20:00:00+00:00,2026-05-12T12:00:00+00:00,2318.37606,2254.65309,20.0,-0.5497,,stop,22
ETHUSDT,rnd410053,2026-05-13T12:00:00+00:00,2026-05-13T12:00:00+00:00,2304.13183,2241.93586424,20.0,-0.5399,,stop,0
ETHUSDT,rnd410053,2026-05-15T00:00:00+00:00,2026-05-15T12:00:00+00:00,2285.54326,2207.98128281,20.0,-0.6787,,stop,3
ETHUSDT,rnd410053,2026-05-19T00:00:00+00:00,2026-05-23T00:00:00+00:00,2132.21008,2055.10113599,20.0,-0.7233,,stop,24
ETHUSDT,rnd410053,2026-05-29T00:00:00+00:00,2026-06-02T12:00:00+00:00,2011.89989,1932.15508654,20.0,-0.7927,,stop,27
ETHUSDT,rnd410053,2026-06-04T20:00:00+00:00,2026-06-05T04:00:00+00:00,1778.70693,1628.50893378,20.0,-1.6888,,stop,2
ETHUSDT,rnd410053,2026-06-06T20:00:00+00:00,2026-06-24T12:00:00+00:00,1556.10455,1622.52442286,20.0,0.8537,,stop,106
ETHUSDT,rnd410053,2026-06-26T20:00:00+00:00,2026-08-30T20:00:00+00:00,1576.08451,2414.46312,20.0,10.6388,,stop,390
FILUSDT,rnd410053,2024-01-11T12:00:00+00:00,2024-01-18T16:00:00+00:00,6.270264,5.577181236,20.0,-2.2107,,stop,43
FILUSDT,rnd410053,2024-01-23T04:00:00+00:00,2024-01-23T08:00:00+00:00,5.103098,4.79026722343,20.0,-1.226,,stop,1
FILUSDT,rnd410053,2024-01-26T04:00:00+00:00,2024-01-31T12:00:00+00:00,4.980976,4.95218571429,20.0,-0.1156,,stop,32
FILUSDT,rnd410053,2024-02-05T08:00:00+00:00,2024-02-17T12:00:00+00:00,5.001997,5.980014,20.0,3.9105,,stop,73
FILUSDT,rnd410053,2024-02-20T04:00:00+00:00,2024-02-28T16:00:00+00:00,7.239232,7.398594,20.0,0.4403,,stop,51
FILUSDT,rnd410053,2024-03-05T12:00:00+00:00,2024-03-05T16:00:00+00:00,10.214204,8.84053318886,20.0,-2.6897,,stop,1
FILUSDT,rnd410053,2024-03-10T08:00:00+00:00,2024-03-11T00:00:00+00:00,11.263252,10.0246458909,20.0,-2.1994,,stop,4
FILUSDT,rnd410053,2024-03-13T20:00:00+00:00,2024-03-15T00:00:00+00:00,10.519509,9.50142663386,20.0,-1.9356,,stop,7
FILUSDT,rnd410053,2024-03-16T16:00:00+00:00,2024-03-19T04:00:00+00:00,9.445436,8.093584314,20.0,-2.8624,,stop,15
FILUSDT,rnd410053,2024-03-23T08:00:00+00:00,2024-04-02T00:00:00+00:00,8.785777,8.96688128571,20.0,0.4123,,stop,58
FILUSDT,rnd410053,2024-04-07T04:00:00+00:00,2024-04-10T00:00:00+00:00,8.706698,8.52061371429,20.0,-0.4275,,stop,17
FILUSDT,rnd410053,2024-04-12T20:00:00+00:00,2024-04-13T20:00:00+00:00,6.36636,5.43645381857,20.0,-2.9213,,stop,6
FILUSDT,rnd410053,2024-04-15T20:00:00+00:00,2024-06-14T16:00:00+00:00,5.931926,5.02525542857,20.0,-3.0569,,stop,359
FILUSDT,rnd410053,2024-06-15T00:00:00+00:00,2024-06-18T00:00:00+00:00,5.098093,4.68588085714,20.0,-1.6171,,stop,18
FILUSDT,rnd410053,2024-06-21T00:00:00+00:00,2024-06-24T08:00:00+00:00,4.413409,4.12249666243,20.0,-1.3183,,stop,20
FILUSDT,rnd410053,2024-06-28T00:00:00+00:00,2024-06-29T20:00:00+00:00,4.509505,4.321429245,20.0,-0.8341,,stop,11
FILUSDT,rnd410053,2024-07-21T08:00:00+00:00,2024-07-23T16:00:00+00:00,4.640636,4.34450828571,20.0,-1.2762,,stop,14
FILUSDT,rnd410053,2024-07-26T16:00:00+00:00,2024-07-31T20:00:00+00:00,4.499495,4.22405742857,20.0,-1.2243,,stop,31
FILUSDT,rnd410053,2024-08-06T20:00:00+00:00,2024-08-30T12:00:00+00:00,3.508505,3.46524557143,20.0,-0.2466,,stop,142
FILUSDT,rnd410053,2024-08-30T16:00:00+00:00,2024-09-04T00:00:00+00:00,3.481478,3.20522014286,20.0,-1.587,,stop,26
FILUSDT,rnd410053,2024-09-08T00:00:00+00:00,2024-09-15T20:00:00+00:00,3.352349,3.492504,20.0,0.8362,,stop,47
FILUSDT,rnd410053,2024-09-16T04:00:00+00:00,2024-09-22T12:00:00+00:00,3.459456,3.65063142857,20.0,1.1052,,stop,38
FILUSDT,rnd410053,2024-09-26T04:00:00+00:00,2024-09-30T08:00:00+00:00,3.976973,3.93063685714,20.0,-0.233,,stop,25
FILUSDT,rnd410053,2024-10-07T16:00:00+00:00,2024-10-08T12:00:00+00:00,3.77377,3.60979944429,20.0,-0.869,,stop,5
FILUSDT,rnd410053,2024-10-24T04:00:00+00:00,2024-10-25T20:00:00+00:00,3.716713,3.53388985843,20.0,-0.9838,,stop,10
FILUSDT,rnd410053,2024-10-26T12:00:00+00:00,2024-11-01T12:00:00+00:00,3.466463,3.43441928571,20.0,-0.1849,,stop,36
FILUSDT,rnd410053,2024-11-02T12:00:00+00:00,2024-11-03T00:00:00+00:00,3.477474,3.29435491886,20.0,-1.0532,,stop,3
FILUSDT,rnd410053,2024-11-07T00:00:00+00:00,2024-11-10T20:00:00+00:00,3.71371,4.05850885714,20.0,1.8569,,stop,23
FILUSDT,rnd410053,2024-11-17T04:00:00+00:00,2024-11-20T16:00:00+00:00,4.606602,4.11765879086,20.0,-2.1228,,stop,21
FILUSDT,rnd410053,2024-11-28T20:00:00+00:00,2024-12-02T08:00:00+00:00,5.753748,6.61823228571,20.0,3.0049,,stop,21
FILUSDT,rnd410053,2024-12-10T16:00:00+00:00,2024-12-19T00:00:00+00:00,5.876871,5.50334828571,20.0,-1.2712,,stop,50
FILUSDT,rnd410053,2024-12-28T16:00:00+00:00,2025-01-07T12:00:00+00:00,5.056051,5.72255742857,20.0,2.6365,,stop,59
FILUSDT,rnd410053,2025-01-07T20:00:00+00:00,2025-01-13T08:00:00+00:00,5.437432,4.85114742514,20.0,-2.1565,,stop,33
FILUSDT,rnd410053,2025-01-18T16:00:00+00:00,2025-01-19T20:00:00+00:00,5.464459,4.98857257671,20.0,-1.7418,,stop,7
FILUSDT,rnd410053,2025-02-01T08:00:00+00:00,2025-02-01T20:00:00+00:00,4.777773,4.46294844129,20.0,-1.3179,,stop,3
FILUSDT,rnd410053,2025-02-02T04:00:00+00:00,2025-02-02T16:00:00+00:00,4.226222,3.86021506371,20.0,-1.7321,,stop,3
FILUSDT,rnd410053,2025-02-06T08:00:00+00:00,2025-02-24T20:00:00+00:00,3.324321,3.110886,20.0,-1.2841,,stop,111
FILUSDT,rnd410053,2025-03-05T04:00:00+00:00,2025-03-10T16:00:00+00:00,2.980978,2.63850171429,20.0,-2.2977,,stop,33
FILUSDT,rnd410053,2025-03-25T08:00:00+00:00,2025-03-27T12:00:00+00:00,3.108105,2.97816171429,20.0,-0.8362,,stop,13
FILUSDT,rnd410053,2025-03-30T16:00:00+00:00,2025-04-02T20:00:00+00:00,2.755753,2.70457842857,20.0,-0.3714,,stop,19
FILUSDT,rnd410053,2025-04-04T00:00:00+00:00,2025-04-04T08:00:00+00:00,2.734732,2.88711,20.0,1.1144,,stop,2
FILUSDT,rnd410053,2025-04-07T08:00:00+00:00,2025-05-05T12:00:00+00:00,2.201199,2.58569742857,20.0,3.4935,,stop,169
FILUSDT,rnd410053,2025-05-11T04:00:00+00:00,2025-05-12T16:00:00+00:00,3.259256,3.01712870829,20.0,-1.4858,,stop,9
FILUSDT,rnd410053,2025-05-18T20:00:00+00:00,2025-05-24T20:00:00+00:00,2.783781,2.81632371429,20.0,0.2338,,stop,36
FILUSDT,rnd410053,2025-06-05T08:00:00+00:00,2025-06-05T16:00:00+00:00,2.559557,2.41249922871,20.0,-1.1491,,stop,2
FILUSDT,rnd410053,2025-06-10T12:00:00+00:00,2025-06-12T16:00:00+00:00,2.695693,2.56776552129,20.0,-0.9491,,stop,13
FILUSDT,rnd410053,2025-06-19T08:00:00+00:00,2025-06-20T16:00:00+00:00,2.370368,2.22456977486,20.0,-1.2302,,stop,8
FILUSDT,rnd410053,2025-06-30T00:00:00+00:00,2025-06-30T12:00:00+00:00,2.390388,2.28452975486,20.0,-0.8857,,stop,3
FILUSDT,rnd410053,2025-07-10T00:00:00+00:00,2025-07-12T12:00:00+00:00,2.441439,2.49735728571,20.0,0.4581,,stop,15
FILUSDT,rnd410053,2025-07-19T12:00:00+00:00,2025-07-23T16:00:00+00:00,2.713711,2.63693185714,20.0,-0.5659,,stop,25
FILUSDT,rnd410053,2025-07-30T04:00:00+00:00,2025-07-30T16:00:00+00:00,2.566564,2.38203672171,20.0,-1.4379,,stop,3
FILUSDT,rnd410053,2025-08-08T00:00:00+00:00,2025-08-11T12:00:00+00:00,2.491489,2.49821357143,20.0,0.054,,stop,21
FILUSDT,rnd410053,2025-08-12T00:00:00+00:00,2025-08-14T12:00:00+00:00,2.471469,2.49707185714,20.0,0.2072,,stop,15
FILUSDT,rnd410053,2025-08-24T08:00:00+00:00,2025-08-25T04:00:00+00:00,2.444442,2.30540657143,20.0,-1.1376,,stop,5
FILUSDT,rnd410053,2025-08-29T16:00:00+00:00,2025-09-01T20:00:00+00:00,2.27227,2.29184871429,20.0,0.1723,,stop,19
FILUSDT,rnd410053,2025-09-05T16:00:00+00:00,2025-09-14T12:00:00+00:00,2.319317,2.48465571429,20.0,1.4258,,stop,53
FILUSDT,rnd410053,2025-09-23T12:00:00+00:00,2025-09-25T16:00:00+00:00,2.275273,2.14294933414,20.0,-1.1631,,stop,13
FILUSDT,rnd410053,2025-09-28T12:00:00+00:00,2025-10-04T08:00:00+00:00,2.141139,2.30455028571,20.0,1.5264,,stop,35
FILUSDT,rnd410053,2025-10-04T20:00:00+00:00,2025-10-09T12:00:00+00:00,2.3023,2.23790271429,20.0,-0.5594,,stop,28
FILUSDT,rnd410053,2025-10-12T00:00:00+00:00,2025-11-08T00:00:00+00:00,1.565564,2.988009,20.0,18.1717,,stop,162
FILUSDT,rnd410053,2025-11-12T20:00:00+00:00,2025-11-19T04:00:00+00:00,2.157155,1.82479266643,20.0,-3.0815,,stop,38
FILUSDT,rnd410053,2025-11-24T00:00:00+00:00,2025-12-01T00:00:00+00:00,1.612611,1.53532028571,20.0,-0.9586,,stop,42
FILUSDT,rnd410053,2025-12-08T12:00:00+00:00,2025-12-10T20:00:00+00:00,1.504503,1.45839728571,20.0,-0.6129,,stop,14
FILUSDT,rnd410053,2025-12-11T16:00:00+00:00,2025-12-15T12:00:00+00:00,1.375374,1.25768648314,20.0,-1.7114,,stop,23
FILUSDT,rnd410053,2026-01-02T00:00:00+00:00,2026-01-08T00:00:00+00:00,1.485484,1.49264871429,20.0,0.0965,,stop,36
FILUSDT,rnd410053,2026-02-05T04:00:00+00:00,2026-02-05T12:00:00+00:00,1.042041,0.956262351857,20.0,-1.6464,,stop,2
FILUSDT,rnd410053,2026-02-11T08:00:00+00:00,2026-02-17T12:00:00+00:00,0.872872,0.938489142857,20.0,1.5035,,stop,37
FILUSDT,rnd410053,2026-02-19T00:00:00+00:00,2026-02-22T12:00:00+00:00,0.928928,0.938061,20.0,0.1966,,stop,21
FILUSDT,rnd410053,2026-03-04T16:00:00+00:00,2026-03-06T16:00:00+00:00,1.034033,0.966101645571,20.0,-1.3139,,stop,12
FILUSDT,rnd410053,2026-03-10T16:00:00+00:00,2026-03-10T16:00:00+00:00,0.94094,0.87256656,20.0,-1.4533,,stop,0
FILUSDT,rnd410053,2026-03-14T12:00:00+00:00,2026-03-18T12:00:00+00:00,0.869869,0.938346428571,20.0,1.5744,,stop,24
FILUSDT,rnd410053,2026-03-19T16:00:00+00:00,2026-03-21T20:00:00+00:00,0.889889,0.882259714286,20.0,-0.1715,,stop,13
FILUSDT,rnd410053,2026-03-24T20:00:00+00:00,2026-03-27T08:00:00+00:00,0.918918,0.850031403429,20.0,-1.4993,,stop,15
FILUSDT,rnd410053,2026-04-05T00:00:00+00:00,2026-04-06T20:00:00+00:00,0.839839,0.854858571429,20.0,0.3577,,stop,11
FILUSDT,rnd410053,2026-04-08T04:00:00+00:00,2026-04-19T04:00:00+00:00,0.901901,0.914370428571,20.0,0.2765,,stop,66
FILUSDT,rnd410053,2026-04-20T20:00:00+00:00,2026-04-29T12:00:00+00:00,0.927927,0.916653857143,20.0,-0.243,,stop,52
FILUSDT,rnd410053,2026-05-03T16:00:00+00:00,2026-05-04T08:00:00+00:00,0.926926,0.929212714286,20.0,0.0493,,stop,4
FILUSDT,rnd410053,2026-05-31T00:00:00+00:00,2026-06-02T12:00:00+00:00,0.974974,0.892651883143,20.0,-1.6887,,stop,15
FILUSDT,rnd410053,2026-06-06T20:00:00+00:00,2026-08-18T00:00:00+00:00,0.724724,0.650349,20.0,-2.0525,,stop,433
FILUSDT,rnd410053,2026-08-21T16:00:00+00:00,2026-08-22T04:00:00+00:00,0.7853846,0.750762771429,20.0,-0.8817,,stop,3
GRAMUSDT,rnd410053,2024-08-14T16:00:00+00:00,2024-08-16T12:00:00+00:00,6.961955,6.39876411643,20.0,-1.6179,,stop,11
GRAMUSDT,rnd410053,2024-08-23T04:00:00+00:00,2024-08-24T20:00:00+00:00,6.527521,6.459534,20.0,-0.2083,,stop,10
GRAMUSDT,rnd410053,2024-08-27T12:00:00+00:00,2024-09-03T12:00:00+00:00,5.480475,4.86570085714,20.0,-2.2435,,stop,42
GRAMUSDT,rnd410053,2024-09-04T20:00:00+00:00,2024-10-01T12:00:00+00:00,4.6046,5.49935228571,20.0,3.8863,,stop,160
GRAMUSDT,rnd410053,2024-10-02T12:00:00+00:00,2024-10-09T20:00:00+00:00,5.427422,5.02828154229,20.0,-1.4708,,stop,44
GRAMUSDT,rnd410053,2024-10-10T16:00:00+00:00,2024-10-23T16:00:00+00:00,5.067062,5.07120942857,20.0,0.0164,,stop,78
GRAMUSDT,rnd410053,2024-10-30T20:00:00+00:00,2024-10-31T16:00:00+00:00,4.997993,4.81014232843,20.0,-0.7517,,stop,5
GRAMUSDT,rnd410053,2024-11-03T00:00:00+00:00,2024-11-03T12:00:00+00:00,4.878874,4.69988369743,20.0,-0.7337,,stop,3
GRAMUSDT,rnd410053,2024-11-09T04:00:00+00:00,2024-11-10T20:00:00+00:00,4.985981,5.03381828571,20.0,0.1919,,stop,10
GRAMUSDT,rnd410053,2024-11-14T12:00:00+00:00,2024-11-26T08:00:00+00:00,5.337332,5.70614528571,20.0,1.382,,stop,71
GRAMUSDT,rnd410053,2024-11-29T20:00:00+00:00,2024-12-03T12:00:00+00:00,6.455449,6.320673,20.0,-0.4176,,stop,22
GRAMUSDT,rnd410053,2024-12-04T00:00:00+00:00,2024-12-09T20:00:00+00:00,6.780774,6.27543257143,20.0,-1.4905,,stop,35
GRAMUSDT,rnd410053,2024-12-10T16:00:00+00:00,2024-12-18T20:00:00+00:00,5.59559,5.46895414286,20.0,-0.4526,,stop,49
GRAMUSDT,rnd410053,2024-12-21T12:00:00+00:00,2025-01-08T04:00:00+00:00,5.496491,5.20250657143,20.0,-1.0697,,stop,106
GRAMUSDT,rnd410053,2025-01-08T12:00:00+00:00,2025-01-18T16:00:00+00:00,5.233228,5.165829,20.0,-0.2576,,stop,61
GRAMUSDT,rnd410053,2025-01-18T20:00:00+00:00,2025-01-19T08:00:00+00:00,5.262257,4.989762243,20.0,-1.0357,,stop,3
GRAMUSDT,rnd410053,2025-01-19T20:00:00+00:00,2025-01-19T20:00:00+00:00,5.157152,4.83160127657,20.0,-1.2625,,stop,0
GRAMUSDT,rnd410053,2025-01-21T00:00:00+00:00,2025-02-01T20:00:00+00:00,5.036031,4.582413,20.0,-1.8015,,stop,71
GRAMUSDT,rnd410053,2025-02-04T12:00:00+00:00,2025-03-04T00:00:00+00:00,3.830827,2.88062206586,20.0,-4.9608,,stop,165
GRAMUSDT,rnd410053,2025-03-05T16:00:00+00:00,2025-03-09T16:00:00+00:00,3.041038,2.663371962,20.0,-2.4838,,stop,24
GRAMUSDT,rnd410053,2025-03-15T12:00:00+00:00,2025-03-16T08:00:00+00:00,2.938936,3.37519285714,20.0,2.9688,,stop,5
GRAMUSDT,rnd410053,2025-03-17T12:00:00+00:00,2025-04-04T00:00:00+00:00,3.431428,3.52832528571,20.0,0.5648,,stop,105
GRAMUSDT,rnd410053,2025-04-14T20:00:00+00:00,2025-05-04T00:00:00+00:00,2.857855,3.065931,20.0,1.4562,,stop,115
GRAMUSDT,rnd410053,2025-05-05T00:00:00+00:00,2025-05-11T04:00:00+00:00,3.018015,3.381615,20.0,2.4095,,stop,37
GRAMUSDT,rnd410053,2025-05-14T16:00:00+00:00,2025-05-17T00:00:00+00:00,3.274271,3.00019637186,20.0,-1.6741,,stop,14
GRAMUSDT,rnd410053,2025-05-29T16:00:00+00:00,2025-05-30T20:00:00+00:00,3.418415,3.07605015643,20.0,-2.0031,,stop,7
GRAMUSDT,rnd410053,2025-05-31T12:00:00+00:00,2025-06-13T00:00:00+00:00,3.054051,2.95975157143,20.0,-0.6175,,stop,75
GRAMUSDT,rnd410053,2025-06-16T04:00:00+00:00,2025-06-18T08:00:00+00:00,2.994992,2.893345758,20.0,-0.6788,,stop,13
GRAMUSDT,rnd410053,2025-06-22T16:00:00+00:00,2025-07-06T20:00:00+00:00,2.718716,2.82060514286,20.0,0.7495,,stop,85
GRAMUSDT,rnd410053,2025-07-12T16:00:00+00:00,2025-07-22T20:00:00+00:00,2.919917,3.328668,20.0,2.7997,,stop,61
GRAMUSDT,rnd410053,2025-07-23T00:00:00+00:00,2025-07-24T04:00:00+00:00,3.34334,3.07865112429,20.0,-1.5834,,stop,7
GRAMUSDT,rnd410053,2025-07-25T00:00:00+00:00,2025-08-05T08:00:00+00:00,3.124121,3.29113414286,20.0,1.0692,,stop,68
GRAMUSDT,rnd410053,2025-08-05T20:00:00+00:00,2025-08-19T00:00:00+00:00,3.251248,3.23918614286,20.0,-0.0742,,stop,79
GRAMUSDT,rnd410053,2025-08-25T00:00:00+00:00,2025-08-25T16:00:00+00:00,3.3033,3.15906634286,20.0,-0.8733,,stop,4
GRAMUSDT,rnd410053,2025-09-03T00:00:00+00:00,2025-09-06T08:00:00+00:00,3.171168,3.05864201057,20.0,-0.7097,,stop,20
GRAMUSDT,rnd410053,2025-09-09T12:00:00+00:00,2025-09-14T12:00:00+00:00,3.131128,3.16112142857,20.0,0.1916,,stop,30
GRAMUSDT,rnd410053,2025-09-17T08:00:00+00:00,2025-09-17T16:00:00+00:00,3.149146,3.056086854,20.0,-0.591,,stop,2
GRAMUSDT,rnd410053,2025-09-18T00:00:00+00:00,2025-09-21T08:00:00+00:00,3.13313,3.05779628571,20.0,-0.4809,,stop,20
GRAMUSDT,rnd410053,2025-09-25T04:00:00+00:00,2025-09-25T16:00:00+00:00,2.800798,2.70237863057,20.0,-0.7028,,stop,3
GRAMUSDT,rnd410053,2025-09-26T00:00:00+00:00,2025-10-09T12:00:00+00:00,2.664662,2.69772814286,20.0,0.2482,,stop,81
GRAMUSDT,rnd410053,2025-10-10T04:00:00+00:00,2025-10-10T12:00:00+00:00,2.740738,2.62989119057,20.0,-0.8089,,stop,2
GRAMUSDT,rnd410053,2025-10-13T04:00:00+00:00,2025-11-20T16:00:00+00:00,2.265263,1.66377612986,20.0,-5.3105,,stop,231
GRAMUSDT,rnd410053,2025-11-21T08:00:00+00:00,2025-12-01T12:00:00+00:00,1.512511,1.46524757143,20.0,-0.625,,stop,61
GRAMUSDT,rnd410053,2025-12-03T20:00:00+00:00,2025-12-05T16:00:00+00:00,1.639638,1.551834612,20.0,-1.071,,stop,11
GRAMUSDT,rnd410053,2025-12-06T08:00:00+00:00,2025-12-11T00:00:00+00:00,1.582581,1.59426128571,20.0,0.1476,,stop,28
GRAMUSDT,rnd410053,2025-12-13T00:00:00+00:00,2025-12-15T12:00:00+00:00,1.61161,1.51990999714,20.0,-1.138,,stop,15
GRAMUSDT,rnd410053,2025-12-15T16:00:00+00:00,2025-12-18T16:00:00+00:00,1.507506,1.45425857143,20.0,-0.7064,,stop,18
GRAMUSDT,rnd410053,2025-12-19T16:00:00+00:00,2025-12-30T00:00:00+00:00,1.47147,1.55059071429,20.0,1.0754,,stop,62
GRAMUSDT,rnd410053,2026-01-02T04:00:00+00:00,2026-01-02T20:00:00+00:00,1.677676,1.802196,20.0,1.4844,,stop,4
GRAMUSDT,rnd410053,2026-01-07T00:00:00+00:00,2026-01-09T04:00:00+00:00,1.900899,1.805341851,20.0,-1.0054,,stop,13
GRAMUSDT,rnd410053,2026-01-12T00:00:00+00:00,2026-01-15T16:00:00+00:00,1.75175,1.70829,20.0,-0.4962,,stop,22
GRAMUSDT,rnd410053,2026-01-16T04:00:00+00:00,2026-01-19T00:00:00+00:00,1.716715,1.61402792786,20.0,-1.1963,,stop,17
GRAMUSDT,rnd410053,2026-01-20T08:00:00+00:00,2026-01-29T12:00:00+00:00,1.57157,1.47170396571,20.0,-1.2709,,stop,55
GRAMUSDT,rnd410053,2026-02-02T08:00:00+00:00,2026-02-06T00:00:00+00:00,1.326325,1.24118614286,20.0,-1.2838,,stop,22
GRAMUSDT,rnd410053,2026-02-08T12:00:00+00:00,2026-02-22T04:00:00+00:00,1.412411,1.30783371429,20.0,-1.4808,,stop,82
GRAMUSDT,rnd410053,2026-02-25T04:00:00+00:00,2026-02-28T08:00:00+00:00,1.298297,1.22420314286,20.0,-1.1414,,stop,19
GRAMUSDT,rnd410053,2026-02-28T12:00:00+00:00,2026-03-19T04:00:00+00:00,1.233232,1.274724,20.0,0.6729,,stop,112
GRAMUSDT,rnd410053,2026-03-20T16:00:00+00:00,2026-03-27T04:00:00+00:00,1.23123,1.240758,20.0,0.1548,,stop,39
GRAMUSDT,rnd410053,2026-03-30T00:00:00+00:00,2026-04-09T08:00:00+00:00,1.220219,1.21093071429,20.0,-0.1522,,stop,62
GRAMUSDT,rnd410053,2026-04-13T20:00:00+00:00,2026-04-18T20:00:00+00:00,1.434433,1.32221660271,20.0,-1.5646,,stop,30
GRAMUSDT,rnd410053,2026-04-22T00:00:00+00:00,2026-04-24T08:00:00+00:00,1.364363,1.30109631557,20.0,-0.9274,,stop,14
GRAMUSDT,rnd410053,2026-04-30T04:00:00+00:00,2026-05-05T04:00:00+00:00,1.318317,1.735263,20.0,6.3254,,stop,30
GRAMUSDT,rnd410053,2026-05-05T08:00:00+00:00,2026-05-06T16:00:00+00:00,1.812811,2.298699,20.0,5.3606,,stop,8
GRAMUSDT,rnd410053,2026-05-08T16:00:00+00:00,2026-05-15T12:00:00+00:00,2.610608,1.99682346343,20.0,-4.7022,,stop,41
GRAMUSDT,rnd410053,2026-05-19T20:00:00+00:00,2026-05-22T20:00:00+00:00,2.011009,1.80991156243,20.0,-2.0,,stop,18
GRAMUSDT,rnd410053,2026-05-26T12:00:00+00:00,2026-05-28T12:00:00+00:00,1.925924,1.740258,20.0,-1.9281,,stop,12
GRAMUSDT,rnd410053,2026-06-06T04:00:00+00:00,2026-07-17T04:00:00+00:00,1.503502,1.49493214286,20.0,-0.114,,stop,233
GRAMUSDT,rnd410053,2026-07-20T08:00:00+00:00,2026-07-22T04:00:00+00:00,1.437436,1.50592114286,20.0,0.9529,,stop,11
GRAMUSDT,rnd410053,2026-07-23T04:00:00+00:00,2026-07-29T04:00:00+00:00,1.516515,1.40974669929,20.0,-1.4081,,stop,36
GRAMUSDT,rnd410053,2026-08-03T04:00:00+00:00,2026-08-04T00:00:00+00:00,1.408407,1.37221198586,20.0,-0.514,,stop,5
GRAMUSDT,rnd410053,2026-08-10T16:00:00+00:00,2026-08-18T00:00:00+00:00,1.329328,1.30712014286,20.0,-0.3341,,stop,44
GRAMUSDT,rnd410053,2026-08-18T20:00:00+00:00,2026-08-21T08:00:00+00:00,1.319318,1.423575,20.0,1.5805,,stop,15
GRAMUSDT,rnd410053,2026-08-23T16:00:00+00:00,2026-08-26T12:00:00+00:00,1.513512,1.373387238,20.0,-1.8517,,stop,17
GRAMUSDT,rnd410053,2026-08-27T08:00:00+00:00,2026-08-30T20:00:00+00:00,1.397396,1.334664,20.0,-0.8978,,stop,21
IMXUSDT,rnd410053,2024-01-04T12:00:00+00:00,2024-01-06T04:00:00+00:00,2.1644623,1.8777077127,20.0,-2.6497,,stop,10
IMXUSDT,rnd410053,2024-01-11T20:00:00+00:00,2024-01-18T16:00:00+00:00,2.1884863,1.93474604584,20.0,-2.3189,,stop,41
IMXUSDT,rnd410053,2024-01-19T00:00:00+00:00,2024-01-19T16:00:00+00:00,1.9373354,1.81048738603,20.0,-1.3095,,stop,4
IMXUSDT,rnd410053,2024-01-25T20:00:00+00:00,2024-02-12T20:00:00+00:00,1.8335317,2.92301691429,20.0,11.884,,stop,108
IMXUSDT,rnd410053,2024-02-14T08:00:00+00:00,2024-02-23T12:00:00+00:00,2.949947,3.12136122857,20.0,1.1622,,stop,55
IMXUSDT,rnd410053,2024-03-07T04:00:00+00:00,2024-03-15T00:00:00+00:00,3.2687655,3.0056913,20.0,-1.6096,,stop,47
IMXUSDT,rnd410053,2024-03-23T04:00:00+00:00,2024-04-01T12:00:00+00:00,2.7985958,2.84512345714,20.0,0.3325,,stop,56
IMXUSDT,rnd410053,2024-04-20T00:00:00+00:00,2024-04-25T12:00:00+00:00,2.0374354,2.0551428,20.0,0.1738,,stop,33
IMXUSDT,rnd410053,2024-04-30T00:00:00+00:00,2024-04-30T12:00:00+00:00,2.1012992,1.95311199009,20.0,-1.4104,,stop,3
IMXUSDT,rnd410053,2024-05-03T00:00:00+00:00,2024-05-14T20:00:00+00:00,2.213211,2.02139087143,20.0,-1.7334,,stop,71
IMXUSDT,rnd410053,2024-05-24T04:00:00+00:00,2024-05-29T12:00:00+00:00,2.4453429,2.24902015714,20.0,-1.6057,,stop,32
IMXUSDT,rnd410053,2024-05-31T00:00:00+00:00,2024-06-07T16:00:00+00:00,2.1697676,2.12909734286,20.0,-0.3749,,stop,46
IMXUSDT,rnd410053,2024-06-08T00:00:00+00:00,2024-06-11T00:00:00+00:00,2.1105084,1.93508923089,20.0,-1.6623,,stop,18
IMXUSDT,rnd410053,2024-06-12T04:00:00+00:00,2024-06-13T12:00:00+00:00,1.8386368,1.79624481429,20.0,-0.4611,,stop,8
IMXUSDT,rnd410053,2024-06-25T16:00:00+00:00,2024-06-30T00:00:00+00:00,1.5631616,1.43556388483,20.0,-1.6326,,stop,26
IMXUSDT,rnd410053,2024-07-01T04:00:00+00:00,2024-07-03T00:00:00+00:00,1.5731716,1.52585832857,20.0,-0.6015,,stop,11
IMXUSDT,rnd410053,2024-07-11T12:00:00+00:00,2024-07-18T16:00:00+00:00,1.274273,1.49444691429,20.0,3.4557,,stop,43
IMXUSDT,rnd410053,2024-07-18T20:00:00+00:00,2024-07-24T20:00:00+00:00,1.508507,1.46981442857,20.0,-0.513,,stop,36
IMXUSDT,rnd410053,2024-07-30T04:00:00+00:00,2024-07-30T20:00:00+00:00,1.51151,1.40260599,20.0,-1.441,,stop,4
IMXUSDT,rnd410053,2024-08-02T04:00:00+00:00,2024-08-03T12:00:00+00:00,1.352351,1.23308097043,20.0,-1.7639,,stop,8
IMXUSDT,rnd410053,2024-08-10T16:00:00+00:00,2024-08-11T16:00:00+00:00,1.192191,1.117322559,20.0,-1.256,,stop,6
IMXUSDT,rnd410053,2024-08-16T12:00:00+00:00,2024-08-26T20:00:00+00:00,1.129128,1.417581,20.0,5.1093,,stop,62
IMXUSDT,rnd410053,2024-09-04T20:00:00+00:00,2024-09-06T16:00:00+00:00,1.245244,1.14124447029,20.0,-1.6703,,stop,11
IMXUSDT,rnd410053,2024-09-25T20:00:00+00:00,2024-09-30T20:00:00+00:00,1.746745,1.670328,20.0,-0.875,,stop,30
IMXUSDT,rnd410053,2024-10-05T00:00:00+00:00,2024-10-08T16:00:00+00:00,1.558557,1.41410576443,20.0,-1.8537,,stop,22
IMXUSDT,rnd410053,2024-10-12T20:00:00+00:00,2024-10-16T12:00:00+00:00,1.537536,1.53360771429,20.0,-0.0511,,stop,22
IMXUSDT,rnd410053,2024-10-17T04:00:00+00:00,2024-10-23T00:00:00+00:00,1.547546,1.47480942857,20.0,-0.94,,stop,35
IMXUSDT,rnd410053,2024-10-28T04:00:00+00:00,2024-10-31T16:00:00+00:00,1.283282,1.29898542857,20.0,0.2447,,stop,21
IMXUSDT,rnd410053,2024-11-02T16:00:00+00:00,2024-11-09T16:00:00+00:00,1.063062,1.23433585714,20.0,3.2223,,stop,42
IMXUSDT,rnd410053,2024-11-15T00:00:00+00:00,2024-12-05T00:00:00+00:00,1.164163,1.97373857143,20.0,13.9083,,stop,120
IMXUSDT,rnd410053,2024-12-06T16:00:00+00:00,2024-12-09T20:00:00+00:00,2.110108,1.82845628486,20.0,-2.6695,,stop,19
IMXUSDT,rnd410053,2024-12-21T12:00:00+00:00,2025-01-08T16:00:00+00:00,1.464463,1.238223537,20.0,-3.0897,,stop,109
IMXUSDT,rnd410053,2025-01-09T04:00:00+00:00,2025-01-13T08:00:00+00:00,1.262261,1.153606239,20.0,-1.7216,,stop,25
IMXUSDT,rnd410053,2025-01-15T16:00:00+00:00,2025-01-19T08:00:00+00:00,1.335334,1.23433585714,20.0,-1.5127,,stop,22
IMXUSDT,rnd410053,2025-01-23T00:00:00+00:00,2025-01-27T04:00:00+00:00,1.187186,1.07877728571,20.0,-1.8263,,stop,25
IMXUSDT,rnd410053,2025-02-09T12:00:00+00:00,2025-02-12T00:00:00+00:00,0.824824,0.774510428571,20.0,-1.22,,stop,15
IMXUSDT,rnd410053,2025-02-20T08:00:00+00:00,2025-02-21T16:00:00+00:00,0.722722,0.701868857143,20.0,-0.5771,,stop,8
IMXUSDT,rnd410053,2025-02-22T12:00:00+00:00,2025-02-24T20:00:00+00:00,0.721721,0.653209993286,20.0,-1.8985,,stop,14
IMXUSDT,rnd410053,2025-02-25T16:00:00+00:00,2025-03-04T00:00:00+00:00,0.656656,0.627514714286,20.0,-0.8876,,stop,38
IMXUSDT,rnd410053,2025-03-07T00:00:00+00:00,2025-03-08T16:00:00+00:00,0.625625,0.570946339286,20.0,-1.748,,stop,10
IMXUSDT,rnd410053,2025-03-10T04:00:00+00:00,2025-03-10T16:00:00+00:00,0.529529,0.486185185286,20.0,-1.6371,,stop,3
IMXUSDT,rnd410053,2025-03-12T20:00:00+00:00,2025-03-26T12:00:00+00:00,0.531531,0.652632428571,20.0,4.5567,,stop,82
IMXUSDT,rnd410053,2025-03-29T08:00:00+00:00,2025-04-02T00:00:00+00:00,0.572572,0.517054428,20.0,-1.9392,,stop,22
IMXUSDT,rnd410053,2025-04-07T20:00:00+00:00,2025-04-23T12:00:00+00:00,0.392392,0.622805142857,20.0,11.744,,stop,94
IMXUSDT,rnd410053,2025-04-25T16:00:00+00:00,2025-05-04T08:00:00+00:00,0.596596,0.552875142857,20.0,-1.4657,,stop,52
IMXUSDT,rnd410053,2025-05-07T00:00:00+00:00,2025-05-11T04:00:00+00:00,0.529529,0.754958571429,20.0,8.5143,,stop,25
IMXUSDT,rnd410053,2025-05-18T16:00:00+00:00,2025-05-18T16:00:00+00:00,0.682682,0.629373425143,20.0,-1.5617,,stop,0
IMXUSDT,rnd410053,2025-05-20T04:00:00+00:00,2025-05-25T00:00:00+00:00,0.657657,0.625659428571,20.0,-0.9731,,stop,29
IMXUSDT,rnd410053,2025-05-27T00:00:00+00:00,2025-05-30T00:00:00+00:00,0.634634,0.593976857143,20.0,-1.2813,,stop,18
IMXUSDT,rnd410053,2025-05-31T04:00:00+00:00,2025-06-05T20:00:00+00:00,0.528528,0.510203571429,20.0,-0.6934,,stop,34
IMXUSDT,rnd410053,2025-06-06T08:00:00+00:00,2025-06-11T20:00:00+00:00,0.503503,0.524189571429,20.0,0.8217,,stop,33
IMXUSDT,rnd410053,2025-06-16T04:00:00+00:00,2025-06-17T00:00:00+00:00,0.464464,0.446553,20.0,-0.7713,,stop,5
IMXUSDT,rnd410053,2025-06-18T04:00:00+00:00,2025-06-21T16:00:00+00:00,0.413413,0.376429051286,20.0,-1.7892,,stop,21
IMXUSDT,rnd410053,2025-06-22T00:00:00+00:00,2025-06-22T16:00:00+00:00,0.371371,0.342635164714,20.0,-1.5476,,stop,4
IMXUSDT,rnd410053,2025-06-26T20:00:00+00:00,2025-06-30T04:00:00+00:00,0.406406,0.451976142857,20.0,2.2426,,stop,20
IMXUSDT,rnd410053,2025-06-30T20:00:00+00:00,2025-07-08T00:00:00+00:00,0.449449,0.408861158143,20.0,-1.8061,,stop,43
IMXUSDT,rnd410053,2025-07-12T08:00:00+00:00,2025-07-23T12:00:00+00:00,0.506506,0.587126571429,20.0,3.1834,,stop,67
IMXUSDT,rnd410053,2025-07-26T08:00:00+00:00,2025-07-28T20:00:00+00:00,0.57057,0.552875142857,20.0,-0.6203,,stop,15
IMXUSDT,rnd410053,2025-07-31T20:00:00+00:00,2025-08-01T20:00:00+00:00,0.533533,0.482514288429,20.0,-1.9125,,stop,6
IMXUSDT,rnd410053,2025-08-11T16:00:00+00:00,2025-08-14T16:00:00+00:00,0.579579,0.564292285714,20.0,-0.5275,,stop,18
IMXUSDT,rnd410053,2025-08-16T20:00:00+00:00,2025-08-19T16:00:00+00:00,0.582582,0.530443882286,20.0,-1.7899,,stop,17
IMXUSDT,rnd410053,2025-08-23T04:00:00+00:00,2025-08-25T04:00:00+00:00,0.592592,0.547757979429,20.0,-1.5131,,stop,12
IMXUSDT,rnd410053,2025-08-30T16:00:00+00:00,2025-09-15T16:00:00+00:00,0.519519,0.612672428571,20.0,3.5861,,stop,96
IMXUSDT,rnd410053,2025-09-19T12:00:00+00:00,2025-09-22T04:00:00+00:00,0.846846,0.724692011143,20.0,-2.8849,,stop,16
IMXUSDT,rnd410053,2025-09-25T00:00:00+00:00,2025-09-30T04:00:00+00:00,0.73073,0.714427714286,20.0,-0.4462,,stop,31
IMXUSDT,rnd410053,2025-10-04T04:00:00+00:00,2025-10-08T00:00:00+00:00,0.766766,0.700707448286,20.0,-1.723,,stop,23
IMXUSDT,rnd410053,2025-10-08T04:00:00+00:00,2025-10-10T12:00:00+00:00,0.703703,0.646805547,20.0,-1.6171,,stop,14
IMXUSDT,rnd410053,2025-10-13T12:00:00+00:00,2025-10-15T12:00:00+00:00,0.563563,0.524189571429,20.0,-1.3973,,stop,12
IMXUSDT,rnd410053,2025-10-19T08:00:00+00:00,2025-10-22T20:00:00+00:00,0.491491,0.492649714286,20.0,0.0472,,stop,21
IMXUSDT,rnd410053,2025-10-24T04:00:00+00:00,2025-10-30T12:00:00+00:00,0.512512,0.490651714286,20.0,-0.8531,,stop,38
IMXUSDT,rnd410053,2025-11-02T20:00:00+00:00,2025-11-03T12:00:00+00:00,0.494494,0.457785756,20.0,-1.4847,,stop,4
IMXUSDT,rnd410053,2025-11-07T00:00:00+00:00,2025-11-11T16:00:00+00:00,0.408408,0.439988142857,20.0,1.5465,,stop,28
IMXUSDT,rnd410053,2025-11-11T20:00:00+00:00,2025-11-14T04:00:00+00:00,0.436436,0.384265635429,20.0,-2.3907,,stop,14
IMXUSDT,rnd410053,2025-11-19T08:00:00+00:00,2025-11-21T04:00:00+00:00,0.368368,0.329466774857,20.0,-2.1121,,stop,11
IMXUSDT,rnd410053,2025-11-21T08:00:00+00:00,2025-12-01T12:00:00+00:00,0.315315,0.270401470714,20.0,-2.8488,,stop,61
IMXUSDT,rnd410053,2025-12-03T20:00:00+00:00,2025-12-05T16:00:00+00:00,0.312312,0.286667902286,20.0,-1.6422,,stop,11
IMXUSDT,rnd410053,2025-12-07T08:00:00+00:00,2025-12-10T08:00:00+00:00,0.291291,0.288853714286,20.0,-0.1673,,stop,18
IMXUSDT,rnd410053,2025-12-15T12:00:00+00:00,2025-12-15T12:00:00+00:00,0.273273,0.258193119857,20.0,-1.1036,,stop,0
IMXUSDT,rnd410053,2025-12-17T08:00:00+00:00,2025-12-18T04:00:00+00:00,0.247247,0.227629285714,20.0,-1.5869,,stop,5
IMXUSDT,rnd410053,2025-12-18T12:00:00+00:00,2025-12-31T16:00:00+00:00,0.228228,0.217639285714,20.0,-0.9279,,stop,79
IMXUSDT,rnd410053,2026-01-11T00:00:00+00:00,2026-01-15T12:00:00+00:00,0.269269,0.272298857143,20.0,0.225,,stop,27
IMXUSDT,rnd410053,2026-01-17T16:00:00+00:00,2026-01-18T20:00:00+00:00,0.308308,0.282132727714,20.0,-1.698,,stop,7
IMXUSDT,rnd410053,2026-01-28T00:00:00+00:00,2026-01-29T12:00:00+00:00,0.237237,0.219160477286,20.0,-1.5239,,stop,9
IMXUSDT,rnd410053,2026-02-06T04:00:00+00:00,2026-03-21T20:00:00+00:00,0.1458457,0.158370042857,20.0,1.7175,,stop,262
IMXUSDT,rnd410053,2026-03-25T16:00:00+00:00,2026-03-26T08:00:00+00:00,0.1528527,0.143691008014,20.0,-1.1988,,stop,4
IMXUSDT,rnd410053,2026-03-26T12:00:00+00:00,2026-03-28T00:00:00+00:00,0.1456455,0.142443128571,20.0,-0.4397,,stop,9
IMXUSDT,rnd410053,2026-04-07T16:00:00+00:00,2026-04-12T08:00:00+00:00,0.1340339,0.139303414286,20.0,0.7863,,stop,28
IMXUSDT,rnd410053,2026-04-14T20:00:00+00:00,2026-04-19T20:00:00+00:00,0.145145,0.156272142857,20.0,1.5332,,stop,30
IMXUSDT,rnd410053,2026-04-20T08:00:00+00:00,2026-04-25T16:00:00+00:00,0.1592591,0.1829169,20.0,2.971,,stop,32
IMXUSDT,rnd410053,2026-05-01T00:00:00+00:00,2026-05-10T00:00:00+00:00,0.1637636,0.184244142857,20.0,2.5012,,stop,54
IMXUSDT,rnd410053,2026-05-18T00:00:00+00:00,2026-05-28T04:00:00+00:00,0.1723722,0.158481417086,20.0,-1.6117,,stop,61
IMXUSDT,rnd410053,2026-05-31T04:00:00+00:00,2026-06-02T12:00:00+00:00,0.1642641,0.1543595859,20.0,-1.2059,,stop,14
IMXUSDT,rnd410053,2026-06-09T08:00:00+00:00,2026-06-23T04:00:00+00:00,0.1400399,0.134622385714,20.0,-0.7737,,stop,83
IMXUSDT,rnd410053,2026-06-30T04:00:00+00:00,2026-07-01T00:00:00+00:00,0.119119,0.111757131,20.0,-1.2361,,stop,5
IMXUSDT,rnd410053,2026-07-02T04:00:00+00:00,2026-07-05T08:00:00+00:00,0.1207206,0.131682471429,20.0,1.8161,,stop,19
IMXUSDT,rnd410053,2026-07-17T08:00:00+00:00,2026-07-27T12:00:00+00:00,0.1287286,0.122266924971,20.0,-1.0039,,stop,61
IMXUSDT,rnd410053,2026-08-03T20:00:00+00:00,2026-08-04T12:00:00+00:00,0.1110109,0.1056551391,20.0,-0.9649,,stop,4
IMXUSDT,rnd410053,2026-08-06T12:00:00+00:00,2026-08-12T20:00:00+00:00,0.1102101,0.108805371429,20.0,-0.2549,,stop,38
IMXUSDT,rnd410053,2026-08-17T12:00:00+00:00,2026-08-18T00:00:00+00:00,0.1085084,0.104974748743,20.0,-0.6513,,stop,3
IMXUSDT,rnd410053,2026-08-20T00:00:00+00:00,2026-08-22T04:00:00+00:00,0.103103,0.119423314286,20.0,3.1658,,stop,13
IMXUSDT,rnd410053,2026-08-25T12:00:00+00:00,2026-08-30T20:00:00+00:00,0.1305304,0.1224774,20.0,-1.2339,,stop,32
LINKUSDT,rnd410053,2024-02-04T04:00:00+00:00,2024-02-20T12:00:00+00:00,17.911894,18.5945297143,20.0,0.7622,,stop,98
LINKUSDT,rnd410053,2024-02-23T00:00:00+00:00,2024-02-28T16:00:00+00:00,18.13812,18.9715808571,20.0,0.919,,stop,34
LINKUSDT,rnd410053,2024-03-03T16:00:00+00:00,2024-03-05T16:00:00+00:00,20.574554,19.0260446246,20.0,-1.5053,,stop,12
LINKUSDT,rnd410053,2024-03-27T12:00:00+00:00,2024-04-01T04:00:00+00:00,19.741722,18.5213963494,20.0,-1.2363,,stop,28
LINKUSDT,rnd410053,2024-04-26T08:00:00+00:00,2024-04-28T20:00:00+00:00,14.830816,13.8426737554,20.0,-1.3326,,stop,15
LINKUSDT,rnd410053,2024-04-30T08:00:00+00:00,2024-04-30T08:00:00+00:00,13.917904,13.2542793103,20.0,-0.9536,,stop,0
LINKUSDT,rnd410053,2024-05-01T00:00:00+00:00,2024-05-08T00:00:00+00:00,13.141128,13.8682607143,20.0,1.1067,,stop,42
LINKUSDT,rnd410053,2024-05-09T20:00:00+00:00,2024-05-10T16:00:00+00:00,14.271257,13.5105900287,20.0,-1.066,,stop,5
LINKUSDT,rnd410053,2024-05-13T20:00:00+00:00,2024-05-15T04:00:00+00:00,13.497484,12.8637145517,20.0,-0.9391,,stop,8
LINKUSDT,rnd410053,2024-05-19T04:00:00+00:00,2024-05-23T20:00:00+00:00,16.474458,15.528456,20.0,-1.1484,,stop,28
LINKUSDT,rnd410053,2024-06-14T08:00:00+00:00,2024-06-17T08:00:00+00:00,15.356341,14.283293409,20.0,-1.3975,,stop,18
LINKUSDT,rnd410053,2024-07-01T04:00:00+00:00,2024-07-03T16:00:00+00:00,14.309295,13.6900105714,20.0,-0.8656,,stop,15
LINKUSDT,rnd410053,2024-07-17T12:00:00+00:00,2024-07-18T12:00:00+00:00,14.335321,13.5283862147,20.0,-1.1258,,stop,6
LINKUSDT,rnd410053,2024-07-25T12:00:00+00:00,2024-08-01T04:00:00+00:00,12.96295,12.6955774286,20.0,-0.4125,,stop,40
LINKUSDT,rnd410053,2024-08-09T04:00:00+00:00,2024-08-27T20:00:00+00:00,10.6106,11.2601571429,20.0,1.2244,,stop,112
LINKUSDT,rnd410053,2024-09-04T08:00:00+00:00,2024-09-06T12:00:00+00:00,10.28027,9.61885580143,20.0,-1.2868,,stop,13
LINKUSDT,rnd410053,2024-09-07T20:00:00+00:00,2024-09-16T00:00:00+00:00,10.07006,10.6036714286,20.0,1.0598,,stop,49
LINKUSDT,rnd410053,2024-09-19T16:00:00+00:00,2024-09-30T12:00:00+00:00,11.22121,11.96802,20.0,1.3311,,stop,65
LINKUSDT,rnd410053,2024-10-08T20:00:00+00:00,2024-10-23T12:00:00+00:00,10.9109,11.2730014286,20.0,0.6637,,stop,88
LINKUSDT,rnd410053,2024-11-05T16:00:00+00:00,2024-11-10T20:00:00+00:00,10.80079,13.81617,20.0,5.5836,,stop,31
LINKUSDT,rnd410053,2024-11-15T16:00:00+00:00,2024-11-26T08:00:00+00:00,13.19318,16.7375314286,20.0,5.373,,stop,64
LINKUSDT,rnd410053,2024-11-27T00:00:00+00:00,2024-12-03T12:00:00+00:00,17.35734,23.2938257143,20.0,6.8403,,stop,39
LINKUSDT,rnd410053,2024-12-25T16:00:00+00:00,2024-12-27T16:00:00+00:00,24.71469,22.1532288814,20.0,-2.0728,,stop,12
LINKUSDT,rnd410053,2025-01-26T12:00:00+00:00,2025-01-27T00:00:00+00:00,25.33531,23.8347128571,20.0,-1.1846,,stop,3
LINKUSDT,rnd410053,2025-01-28T12:00:00+00:00,2025-02-02T00:00:00+00:00,23.98396,22.4089971429,20.0,-1.3133,,stop,27
LINKUSDT,rnd410053,2025-02-21T08:00:00+00:00,2025-02-21T16:00:00+00:00,18.26825,17.3768914286,20.0,-0.9759,,stop,2
LINKUSDT,rnd410053,2025-03-09T16:00:00+00:00,2025-03-10T16:00:00+00:00,14.3143,12.9923660571,20.0,-1.847,,stop,6
LINKUSDT,rnd410053,2025-03-23T16:00:00+00:00,2025-03-26T16:00:00+00:00,14.44443,14.9678742857,20.0,0.7248,,stop,18
LINKUSDT,rnd410053,2025-03-28T04:00:00+00:00,2025-03-28T08:00:00+00:00,15.35534,14.3374168029,20.0,-1.3258,,stop,1
LINKUSDT,rnd410053,2025-04-03T08:00:00+00:00,2025-04-06T16:00:00+00:00,12.97296,11.6809102543,20.0,-1.9919,,stop,20
LINKUSDT,rnd410053,2025-04-09T00:00:00+00:00,2025-05-17T00:00:00+00:00,10.94093,15.4845,20.0,8.3056,,stop,228
LINKUSDT,rnd410053,2025-05-20T08:00:00+00:00,2025-05-25T12:00:00+00:00,15.95594,14.8793914286,20.0,-1.3494,,stop,31
LINKUSDT,rnd410053,2025-05-28T20:00:00+00:00,2025-05-30T00:00:00+00:00,15.33532,14.71527,20.0,-0.8087,,stop,7
LINKUSDT,rnd410053,2025-06-02T12:00:00+00:00,2025-06-05T16:00:00+00:00,13.69368,13.34664,20.0,-0.5069,,stop,19
LINKUSDT,rnd410053,2025-06-13T12:00:00+00:00,2025-06-20T16:00:00+00:00,13.34333,12.3205242857,20.0,-1.5331,,stop,43
LINKUSDT,rnd410053,2025-06-21T20:00:00+00:00,2025-06-22T12:00:00+00:00,12.20219,11.4871199529,20.0,-1.172,,stop,4
LINKUSDT,rnd410053,2025-07-03T08:00:00+00:00,2025-07-04T08:00:00+00:00,13.90389,13.2495557529,20.0,-0.9412,,stop,6
LINKUSDT,rnd410053,2025-07-09T12:00:00+00:00,2025-07-12T12:00:00+00:00,14.04403,14.8394314286,20.0,1.1327,,stop,18
LINKUSDT,rnd410053,2025-08-30T12:00:00+00:00,2025-09-22T00:00:00+00:00,23.4234,22.3918714286,20.0,-0.8808,,stop,135
LINKUSDT,rnd410053,2025-10-05T04:00:00+00:00,2025-10-07T12:00:00+00:00,22.38236,22.0993071429,20.0,-0.2529,,stop,14
LINKUSDT,rnd410053,2025-10-08T00:00:00+00:00,2025-10-10T16:00:00+00:00,21.8218,20.4452485714,20.0,-1.2616,,stop,16
LINKUSDT,rnd410053,2025-10-18T16:00:00+00:00,2025-10-30T16:00:00+00:00,16.80679,16.6761642857,20.0,-0.1554,,stop,72
LINKUSDT,rnd410053,2025-11-07T12:00:00+00:00,2025-11-12T16:00:00+00:00,14.69468,15.10488,20.0,0.5583,,stop,31
LINKUSDT,rnd410053,2025-11-15T12:00:00+00:00,2025-11-21T04:00:00+00:00,14.02401,12.7077181329,20.0,-1.8772,,stop,34
LINKUSDT,rnd410053,2025-11-26T04:00:00+00:00,2025-12-01T00:00:00+00:00,12.97296,12.2206242857,20.0,-1.1599,,stop,29
LINKUSDT,rnd410053,2025-12-05T16:00:00+00:00,2025-12-11T00:00:00+00:00,13.96395,13.59639,20.0,-0.5264,,stop,32
LINKUSDT,rnd410053,2025-12-21T08:00:00+00:00,2025-12-23T12:00:00+00:00,12.53252,12.1264328571,20.0,-0.6481,,stop,13
LINKUSDT,rnd410053,2025-12-27T04:00:00+00:00,2026-01-01T04:00:00+00:00,12.26225,12.1407042857,20.0,-0.1982,,stop,30
LINKUSDT,rnd410053,2026-01-13T00:00:00+00:00,2026-01-15T16:00:00+00:00,13.09308,13.5978171429,20.0,0.771,,stop,16
LINKUSDT,rnd410053,2026-01-17T16:00:00+00:00,2026-01-18T20:00:00+00:00,13.90389,13.3012896814,20.0,-0.8668,,stop,7
LINKUSDT,rnd410053,2026-01-24T08:00:00+00:00,2026-01-25T16:00:00+00:00,12.23222,11.8025484943,20.0,-0.7025,,stop,8
LINKUSDT,rnd410053,2026-02-14T08:00:00+00:00,2026-02-19T12:00:00+00:00,8.89889,8.50719857143,20.0,-0.8803,,stop,31
LINKUSDT,rnd410053,2026-02-22T16:00:00+00:00,2026-02-23T00:00:00+00:00,8.72872,8.34358235143,20.0,-0.8825,,stop,2
LINKUSDT,rnd410053,2026-02-23T20:00:00+00:00,2026-02-26T16:00:00+00:00,8.23823,8.86398428571,20.0,1.5191,,stop,17
LINKUSDT,rnd410053,2026-03-18T08:00:00+00:00,2026-03-18T12:00:00+00:00,9.82982,9.31335446571,20.0,-1.0508,,stop,1
LINKUSDT,rnd410053,2026-04-08T04:00:00+00:00,2026-04-29T16:00:00+00:00,9.18918,8.98957285714,20.0,-0.4344,,stop,129
LINKUSDT,rnd410053,2026-04-29T20:00:00+00:00,2026-05-12T08:00:00+00:00,9.02902,10.3053985714,20.0,2.8273,,stop,75
LINKUSDT,rnd410053,2026-05-17T20:00:00+00:00,2026-05-17T20:00:00+00:00,9.76976,9.38714916857,20.0,-0.7833,,stop,0
LINKUSDT,rnd410053,2026-06-03T08:00:00+00:00,2026-06-04T00:00:00+00:00,8.555547,7.933855203,20.0,-1.4533,,stop,4
LINKUSDT,rnd410053,2026-06-29T00:00:00+00:00,2026-07-01T00:00:00+00:00,7.276269,7.08447985714,20.0,-0.5272,,stop,12
LINKUSDT,rnd410053,2026-07-11T16:00:00+00:00,2026-07-13T16:00:00+00:00,8.071063,7.82251836557,20.0,-0.6159,,stop,12
LINKUSDT,rnd410053,2026-07-26T16:00:00+00:00,2026-07-27T12:00:00+00:00,8.606598,8.56514057143,20.0,-0.0963,,stop,5
LINKUSDT,rnd410053,2026-08-11T20:00:00+00:00,2026-08-15T08:00:00+00:00,8.623615,9.22590771429,20.0,1.3968,,stop,21
LINKUSDT,rnd410053,2026-08-21T16:00:00+00:00,2026-08-23T04:00:00+00:00,11.538527,11.0811934286,20.0,-0.7927,,stop,9
PEPEUSDT,rnd410053,2024-01-08T16:00:00+00:00,2024-01-12T16:00:00+00:00,1.16116e-06,1.27872e-06,20.0,2.0249,,stop,24
PEPEUSDT,rnd410053,2024-01-18T04:00:00+00:00,2024-01-19T00:00:00+00:00,1.2012e-06,1.10545058571e-06,20.0,-1.5942,,stop,5
PEPEUSDT,rnd410053,2024-01-23T00:00:00+00:00,2024-01-31T00:00:00+00:00,1.05105e-06,9.61894285714e-07,20.0,-1.6965,,stop,48
PEPEUSDT,rnd410053,2024-01-31T12:00:00+00:00,2024-02-05T00:00:00+00:00,9.6096e-07,8.65450825714e-07,20.0,-1.9878,,stop,27
PEPEUSDT,rnd410053,2024-02-10T08:00:00+00:00,2024-02-15T20:00:00+00:00,1.03103e-06,1.19166428571e-06,20.0,3.116,,stop,33
PEPEUSDT,rnd410053,2024-02-21T12:00:00+00:00,2024-02-23T16:00:00+00:00,1.12112e-06,1.19166428571e-06,20.0,1.2585,,stop,13
PEPEUSDT,rnd410053,2024-02-25T04:00:00+00:00,2024-02-27T04:00:00+00:00,1.35135e-06,2.01655285714e-06,20.0,9.845,,stop,12
PEPEUSDT,rnd410053,2024-02-28T04:00:00+00:00,2024-03-03T04:00:00+00:00,2.59259e-06,3.89324571429e-06,20.0,10.0336,,stop,24
PEPEUSDT,rnd410053,2024-03-15T04:00:00+00:00,2024-03-16T12:00:00+00:00,9.48948e-06,7.44452802e-06,20.0,-4.3099,,stop,8
PEPEUSDT,rnd410053,2024-03-18T12:00:00+00:00,2024-03-19T04:00:00+00:00,7.49749e-06,5.95224608143e-06,20.0,-4.122,,stop,4
PEPEUSDT,rnd410053,2024-03-26T08:00:00+00:00,2024-04-01T04:00:00+00:00,8.22822e-06,7.82930571429e-06,20.0,-0.9696,,stop,35
PEPEUSDT,rnd410053,2024-04-06T08:00:00+00:00,2024-04-10T00:00:00+00:00,6.74674e-06,6.84172285714e-06,20.0,0.2816,,stop,22
PEPEUSDT,rnd410053,2024-04-16T12:00:00+00:00,2024-04-30T12:00:00+00:00,5.16516e-06,6.56913857143e-06,20.0,5.4363,,stop,84
PEPEUSDT,rnd410053,2024-05-10T20:00:00+00:00,2024-05-13T20:00:00+00:00,8.32832e-06,9.70314428571e-06,20.0,3.3016,,stop,18
PEPEUSDT,rnd410053,2024-05-16T12:00:00+00:00,2024-05-29T16:00:00+00:00,1.04104e-05,1.44840728571e-05,20.0,7.8262,,stop,79
PEPEUSDT,rnd410053,2024-05-30T12:00:00+00:00,2024-06-07T16:00:00+00:00,1.370369e-05,1.27500942857e-05,20.0,-1.3917,,stop,49
PEPEUSDT,rnd410053,2024-06-13T00:00:00+00:00,2024-06-14T12:00:00+00:00,1.322321e-05,1.14974153614e-05,20.0,-2.6103,,stop,9
PEPEUSDT,rnd410053,2024-06-18T08:00:00+00:00,2024-06-30T00:00:00+00:00,1.064063e-05,1.11802371429e-05,20.0,1.0142,,stop,70
PEPEUSDT,rnd410053,2024-06-30T12:00:00+00:00,2024-07-03T00:00:00+00:00,1.126125e-05,1.06736014286e-05,20.0,-1.0437,,stop,15
PEPEUSDT,rnd410053,2024-07-06T08:00:00+00:00,2024-08-01T04:00:00+00:00,9.19919e-06,1.05137614286e-05,20.0,2.858,,stop,155
PEPEUSDT,rnd410053,2024-08-05T12:00:00+00:00,2024-09-01T12:00:00+00:00,6.2062e-06,7.22990571429e-06,20.0,3.299,,stop,162
PEPEUSDT,rnd410053,2024-09-09T16:00:00+00:00,2024-09-16T00:00:00+00:00,7.06706e-06,7.23561428571e-06,20.0,0.477,,stop,38
PEPEUSDT,rnd410053,2024-09-21T20:00:00+00:00,2024-09-30T00:00:00+00:00,8.28828e-06,1.091907e-05,20.0,6.3482,,stop,49
PEPEUSDT,rnd410053,2024-10-08T16:00:00+00:00,2024-10-25T16:00:00+00:00,9.44944e-06,9.27500142857e-06,20.0,-0.3692,,stop,102
PEPEUSDT,rnd410053,2024-10-29T04:00:00+00:00,2024-11-01T00:00:00+00:00,9.48948e-06,8.93962285714e-06,20.0,-1.1589,,stop,17
PEPEUSDT,rnd410053,2024-11-02T12:00:00+00:00,2024-11-03T00:00:00+00:00,8.87887e-06,8.25096791571e-06,20.0,-1.4144,,stop,3
PEPEUSDT,rnd410053,2024-11-10T20:00:00+00:00,2024-11-12T12:00:00+00:00,1.229228e-05,1.24732285714e-05,20.0,0.2944,,stop,10
PEPEUSDT,rnd410053,2024-11-25T16:00:00+00:00,2024-12-02T08:00:00+00:00,1.955954e-05,1.95960985714e-05,20.0,0.0374,,stop,40
PEPEUSDT,rnd410053,2024-12-09T08:00:00+00:00,2024-12-10T16:00:00+00:00,2.614612e-05,2.21881953086e-05,20.0,-3.0275,,stop,8
PEPEUSDT,rnd410053,2024-12-13T00:00:00+00:00,2024-12-18T20:00:00+00:00,2.367365e-05,2.059053885e-05,20.0,-2.6047,,stop,35
PEPEUSDT,rnd410053,2024-12-20T04:00:00+00:00,2025-01-08T16:00:00+00:00,1.724723e-05,1.73169514286e-05,20.0,0.0808,,stop,117
PEPEUSDT,rnd410053,2025-01-09T00:00:00+00:00,2025-01-13T08:00:00+00:00,1.783782e-05,1.61145464657e-05,20.0,-1.9322,,stop,26
PEPEUSDT,rnd410053,2025-01-14T00:00:00+00:00,2025-01-18T08:00:00+00:00,1.686685e-05,1.847151e-05,20.0,1.9027,,stop,26
PEPEUSDT,rnd410053,2025-01-27T12:00:00+00:00,2025-01-28T20:00:00+00:00,1.245244e-05,1.137861e-05,20.0,-1.7247,,stop,8
PEPEUSDT,rnd410053,2025-01-29T04:00:00+00:00,2025-02-02T08:00:00+00:00,1.219218e-05,1.18138885714e-05,20.0,-0.6205,,stop,25
PEPEUSDT,rnd410053,2025-02-16T04:00:00+00:00,2025-02-18T04:00:00+00:00,9.91991e-06,9.43198714286e-06,20.0,-0.9837,,stop,12
PEPEUSDT,rnd410053,2025-02-20T00:00:00+00:00,2025-02-24T08:00:00+00:00,9.36936e-06,8.72127e-06,20.0,-1.3834,,stop,26
PEPEUSDT,rnd410053,2025-02-24T12:00:00+00:00,2025-02-24T16:00:00+00:00,8.94894e-06,8.27815356e-06,20.0,-1.4991,,stop,1
PEPEUSDT,rnd410053,2025-03-02T12:00:00+00:00,2025-03-03T12:00:00+00:00,7.79779e-06,7.96773857143e-06,20.0,0.4359,,stop,6
PEPEUSDT,rnd410053,2025-03-05T00:00:00+00:00,2025-03-10T16:00:00+00:00,6.99699e-06,5.68594122429e-06,20.0,-3.7475,,stop,34
PEPEUSDT,rnd410053,2025-03-15T00:00:00+00:00,2025-03-28T04:00:00+00:00,7.06706e-06,7.90351714286e-06,20.0,2.3672,,stop,79
PEPEUSDT,rnd410053,2025-04-07T16:00:00+00:00,2025-04-30T12:00:00+00:00,6.43643e-06,8.51290714286e-06,20.0,6.4523,,stop,137
PEPEUSDT,rnd410053,2025-05-05T04:00:00+00:00,2025-05-06T00:00:00+00:00,8.23823e-06,7.73584355571e-06,20.0,-1.2196,,stop,5
PEPEUSDT,rnd410053,2025-05-13T12:00:00+00:00,2025-05-25T12:00:00+00:00,1.406405e-05,1.280718e-05,20.0,-1.7874,,stop,72
PEPEUSDT,rnd410053,2025-05-27T08:00:00+00:00,2025-05-30T00:00:00+00:00,1.400399e-05,1.27529485714e-05,20.0,-1.7867,,stop,16
PEPEUSDT,rnd410053,2025-06-01T04:00:00+00:00,2025-06-05T16:00:00+00:00,1.157156e-05,1.062936e-05,20.0,-1.6285,,stop,27
PEPEUSDT,rnd410053,2025-06-07T00:00:00+00:00,2025-06-12T12:00:00+00:00,1.106105e-05,1.190808e-05,20.0,1.5316,,stop,33
PEPEUSDT,rnd410053,2025-06-12T16:00:00+00:00,2025-06-13T00:00:00+00:00,1.194193e-05,1.04725184271e-05,20.0,-2.4609,,stop,2
PEPEUSDT,rnd410053,2025-06-14T00:00:00+00:00,2025-06-17T12:00:00+00:00,1.123122e-05,9.91593699429e-06,20.0,-2.3422,,stop,21
PEPEUSDT,rnd410053,2025-06-26T12:00:00+00:00,2025-07-01T16:00:00+00:00,9.39939e-06,9.26643857143e-06,20.0,-0.2829,,stop,31
PEPEUSDT,rnd410053,2025-07-03T00:00:00+00:00,2025-07-04T04:00:00+00:00,1.007006e-05,9.72312428571e-06,20.0,-0.689,,stop,7
PEPEUSDT,rnd410053,2025-07-09T16:00:00+00:00,2025-07-11T20:00:00+00:00,1.026025e-05,1.225773e-05,20.0,3.8936,,stop,13
PEPEUSDT,rnd410053,2025-07-14T16:00:00+00:00,2025-07-23T12:00:00+00:00,1.225224e-05,1.29513214286e-05,20.0,1.1411,,stop,53
PEPEUSDT,rnd410053,2025-07-25T08:00:00+00:00,2025-07-30T16:00:00+00:00,1.204203e-05,1.087911e-05,20.0,-1.9314,,stop,32
PEPEUSDT,rnd410053,2025-08-03T12:00:00+00:00,2025-08-11T20:00:00+00:00,1.048047e-05,1.13372228571e-05,20.0,1.635,,stop,50
PEPEUSDT,rnd410053,2025-08-21T04:00:00+00:00,2025-08-22T12:00:00+00:00,1.064063e-05,9.90393044143e-06,20.0,-1.3847,,stop,8
PEPEUSDT,rnd410053,2025-08-22T16:00:00+00:00,2025-08-25T04:00:00+00:00,1.09109e-05,1.04181428571e-05,20.0,-0.9032,,stop,15
PEPEUSDT,rnd410053,2025-09-04T00:00:00+00:00,2025-09-13T16:00:00+00:00,9.88988e-06,1.18224514286e-05,20.0,3.9082,,stop,58
PEPEUSDT,rnd410053,2025-09-15T04:00:00+00:00,2025-09-20T08:00:00+00:00,1.159158e-05,1.05417419914e-05,20.0,-1.8114,,stop,31
PEPEUSDT,rnd410053,2025-09-21T00:00:00+00:00,2025-09-22T00:00:00+00:00,1.073072e-05,1.01491321371e-05,20.0,-1.084,,stop,6
PEPEUSDT,rnd410053,2025-09-22T08:00:00+00:00,2025-09-25T16:00:00+00:00,9.68968e-06,9.06096710571e-06,20.0,-1.2977,,stop,20
PEPEUSDT,rnd410053,2025-09-30T12:00:00+00:00,2025-10-04T12:00:00+00:00,9.2092e-06,9.67888285714e-06,20.0,1.02,,stop,24
PEPEUSDT,rnd410053,2025-10-12T12:00:00+00:00,2025-11-14T20:00:00+00:00,6.76676e-06,5.00070857143e-06,20.0,-5.2198,,stop,200
PEPEUSDT,rnd410053,2025-11-16T04:00:00+00:00,2025-11-19T16:00:00+00:00,5.005e-06,4.50941464286e-06,20.0,-1.9804,,stop,21
PEPEUSDT,rnd410053,2025-11-22T12:00:00+00:00,2025-12-01T12:00:00+00:00,4.08408e-06,4.04166857143e-06,20.0,-0.2077,,stop,54
PEPEUSDT,rnd410053,2025-12-14T04:00:00+00:00,2025-12-14T20:00:00+00:00,4.37437e-06,4.11310991571e-06,20.0,-1.1945,,stop,4
PEPEUSDT,rnd410053,2025-12-21T04:00:00+00:00,2026-01-03T04:00:00+00:00,4.08408e-06,5.88839142857e-06,20.0,8.8358,,stop,78
PEPEUSDT,rnd410053,2026-01-07T20:00:00+00:00,2026-01-10T04:00:00+00:00,6.61661e-06,5.87858267571e-06,20.0,-2.2308,,stop,14
PEPEUSDT,rnd410053,2026-01-13T08:00:00+00:00,2026-01-14T16:00:00+00:00,5.86586e-06,6.22091571429e-06,20.0,1.2106,,stop,8
PEPEUSDT,rnd410053,2026-01-17T04:00:00+00:00,2026-01-18T20:00:00+00:00,5.87587e-06,5.49358520143e-06,20.0,-1.3012,,stop,10
PEPEUSDT,rnd410053,2026-01-22T04:00:00+00:00,2026-01-25T16:00:00+00:00,5.19519e-06,4.74936445286e-06,20.0,-1.7163,,stop,21
PEPEUSDT,rnd410053,2026-01-25T20:00:00+00:00,2026-01-29T12:00:00+00:00,4.63463e-06,4.70386285714e-06,20.0,0.2988,,stop,22
PEPEUSDT,rnd410053,2026-02-03T00:00:00+00:00,2026-02-05T12:00:00+00:00,4.24424e-06,3.75833504571e-06,20.0,-2.2897,,stop,15
PEPEUSDT,rnd410053,2026-02-07T16:00:00+00:00,2026-02-18T16:00:00+00:00,3.8038e-06,4.20579e-06,20.0,2.1136,,stop,66
PEPEUSDT,rnd410053,2026-02-27T16:00:00+00:00,2026-03-06T16:00:00+00:00,3.69369e-06,3.30109988143e-06,20.0,-2.1257,,stop,42
PEPEUSDT,rnd410053,2026-03-08T00:00:00+00:00,2026-03-13T20:00:00+00:00,3.25325e-06,3.34807714286e-06,20.0,0.583,,stop,35
PEPEUSDT,rnd410053,2026-03-14T00:00:00+00:00,2026-03-17T08:00:00+00:00,3.37337e-06,3.71342571429e-06,20.0,2.0161,,stop,20
PEPEUSDT,rnd410053,2026-03-22T20:00:00+00:00,2026-03-27T08:00:00+00:00,3.27327e-06,3.33951428571e-06,20.0,0.4048,,stop,27
PEPEUSDT,rnd410053,2026-04-02T12:00:00+00:00,2026-04-12T00:00:00+00:00,3.3033e-06,3.47794714286e-06,20.0,1.0574,,stop,57
PEPEUSDT,rnd410053,2026-04-13T12:00:00+00:00,2026-04-18T16:00:00+00:00,3.49349e-06,3.74767714286e-06,20.0,1.4552,,stop,31
PEPEUSDT,rnd410053,2026-04-19T12:00:00+00:00,2026-04-29T16:00:00+00:00,3.75375e-06,3.76052142857e-06,20.0,0.0361,,stop,61
PEPEUSDT,rnd410053,2026-05-01T08:00:00+00:00,2026-05-12T12:00:00+00:00,3.93393e-06,4.12301571429e-06,20.0,0.9613,,stop,67
PEPEUSDT,rnd410053,2026-05-13T20:00:00+00:00,2026-05-16T04:00:00+00:00,4.06406e-06,3.81332571429e-06,20.0,-1.2339,,stop,14
PEPEUSDT,rnd410053,2026-05-20T12:00:00+00:00,2026-05-23T04:00:00+00:00,3.68368e-06,3.56214857143e-06,20.0,-0.6598,,stop,16
PEPEUSDT,rnd410053,2026-06-03T20:00:00+00:00,2026-06-04T00:00:00+00:00,3.13313e-06,2.85883972714e-06,20.0,-1.7509,,stop,1
PEPEUSDT,rnd410053,2026-06-13T08:00:00+00:00,2026-06-18T04:00:00+00:00,2.84284e-06,2.86855714286e-06,20.0,0.1809,,stop,29
PEPEUSDT,rnd410053,2026-06-25T08:00:00+00:00,2026-06-25T12:00:00+00:00,2.54254e-06,2.35625281714e-06,20.0,-1.4654,,stop,1
PEPEUSDT,rnd410053,2026-07-01T04:00:00+00:00,2026-07-06T12:00:00+00:00,2.33233e-06,2.62166142857e-06,20.0,2.4811,,stop,32
PEPEUSDT,rnd410053,2026-07-08T20:00:00+00:00,2026-07-25T04:00:00+00:00,2.59259e-06,2.67446571429e-06,20.0,0.6316,,stop,98
PEPEUSDT,rnd410053,2026-07-29T04:00:00+00:00,2026-08-12T20:00:00+00:00,2.74274e-06,2.63593285714e-06,20.0,-0.7788,,stop,88
PEPEUSDT,rnd410053,2026-08-22T16:00:00+00:00,2026-08-30T20:00:00+00:00,4.01401e-06,3.3966e-06,20.0,-3.0763,,stop,49
RENDERUSDT,rnd410053,2024-07-29T16:00:00+00:00,2024-07-30T20:00:00+00:00,6.463457,5.93305372157,20.0,-1.6412,,stop,7
RENDERUSDT,rnd410053,2024-08-04T20:00:00+00:00,2024-08-05T00:00:00+00:00,4.705701,3.98385601329,20.0,-3.068,,stop,1
RENDERUSDT,rnd410053,2024-08-07T00:00:00+00:00,2024-09-03T16:00:00+00:00,4.680676,4.75438371429,20.0,0.3149,,stop,166
RENDERUSDT,rnd410053,2024-09-04T16:00:00+00:00,2024-09-06T20:00:00+00:00,4.992988,4.56770144057,20.0,-1.7035,,stop,13
RENDERUSDT,rnd410053,2024-09-07T20:00:00+00:00,2024-09-16T12:00:00+00:00,4.801797,4.79933871429,20.0,-0.0102,,stop,52
RENDERUSDT,rnd410053,2024-09-16T20:00:00+00:00,2024-10-01T12:00:00+00:00,4.717713,6.32181471429,20.0,6.8003,,stop,88
RENDERUSDT,rnd410053,2024-10-04T04:00:00+00:00,2024-10-25T20:00:00+00:00,5.310305,4.85371285714,20.0,-1.7196,,stop,130
RENDERUSDT,rnd410053,2024-11-06T00:00:00+00:00,2024-11-09T00:00:00+00:00,4.425421,4.76537271429,20.0,1.5364,,stop,18
RENDERUSDT,rnd410053,2024-11-11T04:00:00+00:00,2024-11-12T08:00:00+00:00,6.017011,6.50192014286,20.0,1.6118,,stop,7
RENDERUSDT,rnd410053,2024-11-14T16:00:00+00:00,2024-12-05T04:00:00+00:00,6.710704,9.70571314286,20.0,8.9261,,stop,123
RENDERUSDT,rnd410053,2024-12-12T08:00:00+00:00,2024-12-17T04:00:00+00:00,9.88988,8.70509476286,20.0,-2.396,,stop,29
RENDERUSDT,rnd410053,2024-12-19T00:00:00+00:00,2024-12-19T16:00:00+00:00,7.771764,7.01367187886,20.0,-1.9509,,stop,4
RENDERUSDT,rnd410053,2024-12-21T04:00:00+00:00,2025-01-13T04:00:00+00:00,7.462455,6.87454714286,20.0,-1.5756,,stop,138
RENDERUSDT,rnd410053,2025-01-14T12:00:00+00:00,2025-01-19T08:00:00+00:00,7.175168,7.10602971429,20.0,-0.1927,,stop,29
RENDERUSDT,rnd410053,2025-01-19T20:00:00+00:00,2025-01-19T20:00:00+00:00,7.4074,6.70283331429,20.0,-1.9023,,stop,0
RENDERUSDT,rnd410053,2025-01-20T20:00:00+00:00,2025-01-27T12:00:00+00:00,6.798792,5.802983208,20.0,-2.9294,,stop,40
RENDERUSDT,rnd410053,2025-01-30T08:00:00+00:00,2025-02-02T08:00:00+00:00,5.698693,5.16097671429,20.0,-1.8872,,stop,18
RENDERUSDT,rnd410053,2025-02-05T04:00:00+00:00,2025-02-25T00:00:00+00:00,4.625621,3.56740716471,20.0,-4.5754,,stop,119
RENDERUSDT,rnd410053,2025-02-26T12:00:00+00:00,2025-03-03T20:00:00+00:00,3.732729,3.74810528571,20.0,0.0824,,stop,32
RENDERUSDT,rnd410053,2025-03-05T00:00:00+00:00,2025-03-09T12:00:00+00:00,3.531528,3.233763,20.0,-1.6863,,stop,27
RENDERUSDT,rnd410053,2025-03-15T00:00:00+00:00,2025-03-28T04:00:00+00:00,3.162159,3.79577185714,20.0,4.0075,,stop,79
RENDERUSDT,rnd410053,2025-03-28T16:00:00+00:00,2025-03-31T00:00:00+00:00,3.682679,3.37608524957,20.0,-1.6651,,stop,14
RENDERUSDT,rnd410053,2025-04-03T04:00:00+00:00,2025-04-06T16:00:00+00:00,3.365362,2.90263503086,20.0,-2.7499,,stop,21
RENDERUSDT,rnd410053,2025-04-10T00:00:00+00:00,2025-05-06T08:00:00+00:00,3.38338,4.22006142857,20.0,4.9458,,stop,158
RENDERUSDT,rnd410053,2025-05-10T00:00:00+00:00,2025-05-15T04:00:00+00:00,4.983979,4.81232571429,20.0,-0.6888,,stop,31
RENDERUSDT,rnd410053,2025-05-16T16:00:00+00:00,2025-05-19T04:00:00+00:00,4.916912,4.351306338,20.0,-2.3007,,stop,15
RENDERUSDT,rnd410053,2025-05-21T20:00:00+00:00,2025-05-23T20:00:00+00:00,4.765761,4.75238571429,20.0,-0.0561,,stop,12
RENDERUSDT,rnd410053,2025-05-27T04:00:00+00:00,2025-05-28T12:00:00+00:00,4.745741,4.36672704471,20.0,-1.5973,,stop,8
RENDERUSDT,rnd410053,2025-06-08T04:00:00+00:00,2025-06-11T20:00:00+00:00,3.870867,3.84743442857,20.0,-0.1211,,stop,22
RENDERUSDT,rnd410053,2025-06-13T04:00:00+00:00,2025-06-18T12:00:00+00:00,3.421418,3.09133414286,20.0,-1.9295,,stop,32
RENDERUSDT,rnd410053,2025-06-19T00:00:00+00:00,2025-06-20T16:00:00+00:00,3.264261,2.96843245329,20.0,-1.8125,,stop,10
RENDERUSDT,rnd410053,2025-06-29T00:00:00+00:00,2025-07-01T04:00:00+00:00,3.240237,3.10903071429,20.0,-0.8099,,stop,13
RENDERUSDT,rnd410053,2025-07-03T12:00:00+00:00,2025-07-04T12:00:00+00:00,3.350347,3.14452076014,20.0,-1.2287,,stop,6
RENDERUSDT,rnd410053,2025-07-11T08:00:00+00:00,2025-07-12T12:00:00+00:00,3.694691,3.47423657143,20.0,-1.1934,,stop,7
RENDERUSDT,rnd410053,2025-07-13T16:00:00+00:00,2025-07-23T12:00:00+00:00,3.784781,4.18894971429,20.0,2.1358,,stop,59
RENDERUSDT,rnd410053,2025-07-25T20:00:00+00:00,2025-07-30T16:00:00+00:00,4.035031,3.68402657143,20.0,-1.7398,,stop,29
RENDERUSDT,rnd410053,2025-08-16T20:00:00+00:00,2025-08-19T04:00:00+00:00,3.922919,3.625371,20.0,-1.517,,stop,14
RENDERUSDT,rnd410053,2025-08-19T16:00:00+00:00,2025-08-25T16:00:00+00:00,3.6036,3.49921157143,20.0,-0.5794,,stop,36
RENDERUSDT,rnd410053,2025-08-29T20:00:00+00:00,2025-09-15T08:00:00+00:00,3.419416,3.74139771429,20.0,1.8833,,stop,99
RENDERUSDT,rnd410053,2025-09-25T04:00:00+00:00,2025-09-25T16:00:00+00:00,3.550547,3.31579931014,20.0,-1.3223,,stop,3
RENDERUSDT,rnd410053,2025-09-30T16:00:00+00:00,2025-10-04T12:00:00+00:00,3.256253,3.45325757143,20.0,1.21,,stop,23
RENDERUSDT,rnd410053,2025-10-20T08:00:00+00:00,2025-10-21T04:00:00+00:00,2.625623,2.46030309129,20.0,-1.2593,,stop,5
RENDERUSDT,rnd410053,2025-10-24T00:00:00+00:00,2025-10-30T04:00:00+00:00,2.463461,2.33694642857,20.0,-1.0271,,stop,37
RENDERUSDT,rnd410053,2025-11-01T16:00:00+00:00,2025-11-03T00:00:00+00:00,2.318316,2.15258982686,20.0,-1.4297,,stop,8
RENDERUSDT,rnd410053,2025-11-05T20:00:00+00:00,2025-11-07T20:00:00+00:00,2.017015,2.52632828571,20.0,5.0502,,stop,12
RENDERUSDT,rnd410053,2025-11-09T08:00:00+00:00,2025-11-16T12:00:00+00:00,2.256254,2.04109971429,20.0,-1.9072,,stop,43
RENDERUSDT,rnd410053,2025-11-17T08:00:00+00:00,2025-11-20T16:00:00+00:00,2.045043,1.87383857143,20.0,-1.6743,,stop,20
RENDERUSDT,rnd410053,2025-11-26T04:00:00+00:00,2025-12-01T00:00:00+00:00,1.789788,1.66690285714,20.0,-1.3732,,stop,29
RENDERUSDT,rnd410053,2025-12-28T00:00:00+00:00,2026-01-04T08:00:00+00:00,1.335334,1.78378585714,20.0,6.7167,,stop,44
RENDERUSDT,rnd410053,2026-01-05T04:00:00+00:00,2026-01-08T08:00:00+00:00,2.086084,2.16540385714,20.0,0.7605,,stop,19
RENDERUSDT,rnd410053,2026-01-13T08:00:00+00:00,2026-01-18T20:00:00+00:00,2.353351,2.08198122043,20.0,-2.3062,,stop,33
RENDERUSDT,rnd410053,2026-01-20T20:00:00+00:00,2026-01-27T12:00:00+00:00,1.92192,1.80276685714,20.0,-1.2399,,stop,40
RENDERUSDT,rnd410053,2026-02-01T08:00:00+00:00,2026-02-05T12:00:00+00:00,1.584583,1.39497234557,20.0,-2.3932,,stop,25
RENDERUSDT,rnd410053,2026-02-06T08:00:00+00:00,2026-03-19T04:00:00+00:00,1.273272,1.68260142857,20.0,6.4296,,stop,245
RENDERUSDT,rnd410053,2026-03-19T16:00:00+00:00,2026-03-22T20:00:00+00:00,1.644643,1.60467942857,20.0,-0.486,,stop,19
RENDERUSDT,rnd410053,2026-03-25T04:00:00+00:00,2026-03-27T12:00:00+00:00,1.779778,1.66362042857,20.0,-1.3053,,stop,14
RENDERUSDT,rnd410053,2026-04-01T04:00:00+00:00,2026-04-12T04:00:00+00:00,1.78178,1.914084,20.0,1.4851,,stop,66
RENDERUSDT,rnd410053,2026-04-21T12:00:00+00:00,2026-04-28T16:00:00+00:00,1.802801,1.73454942857,20.0,-0.7572,,stop,43
RENDERUSDT,rnd410053,2026-05-08T08:00:00+00:00,2026-05-12T12:00:00+00:00,1.967966,1.86370585714,20.0,-1.0596,,stop,25
RENDERUSDT,rnd410053,2026-05-18T16:00:00+00:00,2026-05-22T16:00:00+00:00,1.760759,1.94219871429,20.0,2.0609,,stop,24
RENDERUSDT,rnd410053,2026-05-27T12:00:00+00:00,2026-05-28T04:00:00+00:00,2.273271,1.98271487186,20.0,-2.5563,,stop,4
RENDERUSDT,rnd410053,2026-05-31T04:00:00+00:00,2026-06-04T04:00:00+00:00,2.104102,1.94119971429,20.0,-1.5484,,stop,24
RENDERUSDT,rnd410053,2026-06-04T20:00:00+00:00,2026-06-05T16:00:00+00:00,1.956955,1.57734036643,20.0,-3.8796,,stop,5
RENDERUSDT,rnd410053,2026-06-12T20:00:00+00:00,2026-06-18T12:00:00+00:00,1.664663,1.64549571429,20.0,-0.2303,,stop,34
RENDERUSDT,rnd410053,2026-06-24T00:00:00+00:00,2026-06-24T16:00:00+00:00,1.585584,1.49141252314,20.0,-1.1878,,stop,4
RENDERUSDT,rnd410053,2026-07-01T16:00:00+00:00,2026-07-13T16:00:00+00:00,1.542541,1.49721557143,20.0,-0.5877,,stop,72
RENDERUSDT,rnd410053,2026-07-17T20:00:00+00:00,2026-07-23T20:00:00+00:00,1.474473,1.46867271429,20.0,-0.0787,,stop,36
RENDERUSDT,rnd410053,2026-08-03T16:00:00+00:00,2026-08-07T12:00:00+00:00,1.357356,1.31264917971,20.0,-0.6587,,stop,23
RENDERUSDT,rnd410053,2026-08-09T12:00:00+00:00,2026-08-10T00:00:00+00:00,1.326325,1.28842813929,20.0,-0.5715,,stop,3
RENDERUSDT,rnd410053,2026-08-11T08:00:00+00:00,2026-08-22T04:00:00+00:00,1.263262,1.51020257143,20.0,3.9096,,stop,65
RENDERUSDT,rnd410053,2026-08-24T00:00:00+00:00,2026-08-30T20:00:00+00:00,1.515514,1.397601,20.0,-1.5561,,stop,41
SHIBUSDT,rnd410053,2024-01-11T08:00:00+00:00,2024-01-18T16:00:00+00:00,1.010009e-05,9.16591491e-06,20.0,-1.8498,,stop,44
SHIBUSDT,rnd410053,2024-02-09T16:00:00+00:00,2024-02-17T12:00:00+00:00,9.33933e-06,9.46623857143e-06,20.0,0.2718,,stop,47
SHIBUSDT,rnd410053,2024-02-20T04:00:00+00:00,2024-02-20T12:00:00+00:00,9.75975e-06,9.41282775e-06,20.0,-0.7109,,stop,2
SHIBUSDT,rnd410053,2024-02-24T00:00:00+00:00,2024-02-28T00:00:00+00:00,9.52952e-06,1.07321142857e-05,20.0,2.5239,,stop,24
SHIBUSDT,rnd410053,2024-03-02T16:00:00+00:00,2024-03-05T04:00:00+00:00,2.008006e-05,3.83430471429e-05,20.0,18.1902,,stop,15
SHIBUSDT,rnd410053,2024-03-09T00:00:00+00:00,2024-03-15T00:00:00+00:00,3.521518e-05,2.84010362486e-05,20.0,-3.87,,stop,36
SHIBUSDT,rnd410053,2024-03-23T00:00:00+00:00,2024-04-01T04:00:00+00:00,2.656654e-05,2.80276585714e-05,20.0,1.1,,stop,55
SHIBUSDT,rnd410053,2024-04-04T12:00:00+00:00,2024-04-12T16:00:00+00:00,2.685683e-05,2.58569742857e-05,20.0,-0.7446,,stop,49
SHIBUSDT,rnd410053,2024-04-26T08:00:00+00:00,2024-04-29T04:00:00+00:00,2.545543e-05,2.32018477843e-05,20.0,-1.7706,,stop,17
SHIBUSDT,rnd410053,2024-05-13T12:00:00+00:00,2024-05-19T12:00:00+00:00,2.343341e-05,2.39246228571e-05,20.0,0.4192,,stop,36
SHIBUSDT,rnd410053,2024-05-27T00:00:00+00:00,2024-05-28T04:00:00+00:00,2.434432e-05,2.46424757143e-05,20.0,0.2449,,stop,7
SHIBUSDT,rnd410053,2024-06-01T08:00:00+00:00,2024-06-04T04:00:00+00:00,2.525523e-05,2.31285069129e-05,20.0,-1.6842,,stop,17
SHIBUSDT,rnd410053,2024-06-12T04:00:00+00:00,2024-06-14T16:00:00+00:00,2.19219e-05,2.08848085714e-05,20.0,-0.9462,,stop,15
SHIBUSDT,rnd410053,2024-06-16T00:00:00+00:00,2024-06-17T12:00:00+00:00,2.079077e-05,1.94445203014e-05,20.0,-1.295,,stop,9
SHIBUSDT,rnd410053,2024-06-25T20:00:00+00:00,2024-06-30T00:00:00+00:00,1.796795e-05,1.66156034786e-05,20.0,-1.5053,,stop,25
SHIBUSDT,rnd410053,2024-07-03T04:00:00+00:00,2024-07-03T16:00:00+00:00,1.702701e-05,1.622327049e-05,20.0,-0.9441,,stop,3
SHIBUSDT,rnd410053,2024-07-07T04:00:00+00:00,2024-07-08T00:00:00+00:00,1.695694e-05,1.47511027029e-05,20.0,-2.6017,,stop,5
SHIBUSDT,rnd410053,2024-07-09T16:00:00+00:00,2024-07-18T08:00:00+00:00,1.63163e-05,1.75695557143e-05,20.0,1.5362,,stop,52
SHIBUSDT,rnd410053,2024-07-19T16:00:00+00:00,2024-07-25T00:00:00+00:00,1.764763e-05,1.60405020129e-05,20.0,-1.8214,,stop,32
SHIBUSDT,rnd410053,2024-07-25T04:00:00+00:00,2024-07-31T20:00:00+00:00,1.615614e-05,1.59254871429e-05,20.0,-0.2855,,stop,40
SHIBUSDT,rnd410053,2024-08-05T12:00:00+00:00,2024-08-27T20:00:00+00:00,1.128127e-05,1.33494942857e-05,20.0,3.6667,,stop,134
SHIBUSDT,rnd410053,2024-08-29T08:00:00+00:00,2024-09-01T20:00:00+00:00,1.412411e-05,1.30663876757e-05,20.0,-1.4978,,stop,21
SHIBUSDT,rnd410053,2024-09-03T04:00:00+00:00,2024-09-04T00:00:00+00:00,1.37137e-05,1.30167416571e-05,20.0,-1.0164,,stop,5
SHIBUSDT,rnd410053,2024-09-09T20:00:00+00:00,2024-09-11T04:00:00+00:00,1.367366e-05,1.31319434829e-05,20.0,-0.7924,,stop,8
SHIBUSDT,rnd410053,2024-09-13T08:00:00+00:00,2024-09-15T20:00:00+00:00,1.35135e-05,1.325673e-05,20.0,-0.38,,stop,15
SHIBUSDT,rnd410053,2024-09-24T08:00:00+00:00,2024-09-27T16:00:00+00:00,1.453452e-05,2.03810271429e-05,20.0,8.045,,stop,20
SHIBUSDT,rnd410053,2024-09-27T20:00:00+00:00,2024-09-30T12:00:00+00:00,2.045043e-05,1.79806456414e-05,20.0,-2.4154,,stop,16
SHIBUSDT,rnd410053,2024-10-04T12:00:00+00:00,2024-10-10T16:00:00+00:00,1.745744e-05,1.633365e-05,20.0,-1.2875,,stop,37
SHIBUSDT,rnd410053,2024-10-12T12:00:00+00:00,2024-10-23T00:00:00+00:00,1.792791e-05,1.785213e-05,20.0,-0.0845,,stop,63
SHIBUSDT,rnd410053,2024-10-27T04:00:00+00:00,2024-10-31T16:00:00+00:00,1.708707e-05,1.79976985714e-05,20.0,1.0659,,stop,27
SHIBUSDT,rnd410053,2024-11-01T08:00:00+00:00,2024-11-03T12:00:00+00:00,1.73173e-05,1.62394585714e-05,20.0,-1.2448,,stop,13
SHIBUSDT,rnd410053,2024-11-05T08:00:00+00:00,2024-11-10T16:00:00+00:00,1.757756e-05,2.586411e-05,20.0,9.4286,,stop,32
SHIBUSDT,rnd410053,2024-11-11T12:00:00+00:00,2024-11-14T20:00:00+00:00,2.619617e-05,2.31939257143e-05,20.0,-2.2921,,stop,20
SHIBUSDT,rnd410053,2024-11-22T00:00:00+00:00,2024-11-24T12:00:00+00:00,2.478476e-05,2.47637828571e-05,20.0,-0.0169,,stop,15
SHIBUSDT,rnd410053,2024-11-29T16:00:00+00:00,2024-12-01T20:00:00+00:00,2.59259e-05,3.04637914286e-05,20.0,3.5007,,stop,13
SHIBUSDT,rnd410053,2024-12-25T20:00:00+00:00,2024-12-26T20:00:00+00:00,2.305303e-05,2.12977823271e-05,20.0,-1.5228,,stop,6
SHIBUSDT,rnd410053,2024-12-30T04:00:00+00:00,2024-12-30T12:00:00+00:00,2.159157e-05,2.06120087871e-05,20.0,-0.9074,,stop,2
SHIBUSDT,rnd410053,2025-01-07T08:00:00+00:00,2025-01-07T12:00:00+00:00,2.407405e-05,2.287615095e-05,20.0,-0.9952,,stop,1
SHIBUSDT,rnd410053,2025-01-09T08:00:00+00:00,2025-01-13T08:00:00+00:00,2.091089e-05,1.999998e-05,20.0,-0.8712,,stop,24
SHIBUSDT,rnd410053,2025-01-22T00:00:00+00:00,2025-01-27T00:00:00+00:00,2.093091e-05,1.853735409e-05,20.0,-2.2871,,stop,30
SHIBUSDT,rnd410053,2025-02-17T20:00:00+00:00,2025-02-24T04:00:00+00:00,1.559558e-05,1.47593772771e-05,20.0,-1.0724,,stop,38
SHIBUSDT,rnd410053,2025-03-05T16:00:00+00:00,2025-03-09T16:00:00+00:00,1.307306e-05,1.17933976543e-05,20.0,-1.9577,,stop,24
SHIBUSDT,rnd410053,2025-03-22T04:00:00+00:00,2025-03-26T12:00:00+00:00,1.258257e-05,1.47438128571e-05,20.0,3.4353,,stop,26
SHIBUSDT,rnd410053,2025-03-30T20:00:00+00:00,2025-04-02T20:00:00+00:00,1.26126e-05,1.19409042857e-05,20.0,-1.0651,,stop,18
SHIBUSDT,rnd410053,2025-04-09T08:00:00+00:00,2025-04-28T00:00:00+00:00,1.104103e-05,1.31953628571e-05,20.0,3.9024,,stop,112
SHIBUSDT,rnd410053,2025-05-11T16:00:00+00:00,2025-05-13T00:00:00+00:00,1.583582e-05,1.48208785714e-05,20.0,-1.2818,,stop,8
SHIBUSDT,rnd410053,2025-05-15T12:00:00+00:00,2025-05-25T12:00:00+00:00,1.504503e-05,1.39531757143e-05,20.0,-1.4514,,stop,60
SHIBUSDT,rnd410053,2025-05-30T12:00:00+00:00,2025-05-31T00:00:00+00:00,1.333332e-05,1.24119670371e-05,20.0,-1.382,,stop,3
SHIBUSDT,rnd410053,2025-06-01T04:00:00+00:00,2025-06-05T20:00:00+00:00,1.280279e-05,1.19052257143e-05,20.0,-1.4021,,stop,28
SHIBUSDT,rnd410053,2025-06-07T12:00:00+00:00,2025-06-12T12:00:00+00:00,1.282281e-05,1.24903542857e-05,20.0,-0.5185,,stop,30
SHIBUSDT,rnd410053,2025-06-18T04:00:00+00:00,2025-06-21T16:00:00+00:00,1.169168e-05,1.10163668914e-05,20.0,-1.1552,,stop,21
SHIBUSDT,rnd410053,2025-06-24T20:00:00+00:00,2025-07-15T00:00:00+00:00,1.158157e-05,1.28585571429e-05,20.0,2.2052,,stop,121
SHIBUSDT,rnd410053,2025-07-16T12:00:00+00:00,2025-07-18T20:00:00+00:00,1.38138e-05,1.42942628571e-05,20.0,0.6956,,stop,14
SHIBUSDT,rnd410053,2025-07-29T12:00:00+00:00,2025-07-30T16:00:00+00:00,1.335334e-05,1.25853848743e-05,20.0,-1.1502,,stop,7
SHIBUSDT,rnd410053,2025-08-05T04:00:00+00:00,2025-08-11T08:00:00+00:00,1.233232e-05,1.32438857143e-05,20.0,1.4783,,stop,37
SHIBUSDT,rnd410053,2025-08-20T16:00:00+00:00,2025-08-25T04:00:00+00:00,1.236235e-05,1.247751e-05,20.0,0.1863,,stop,27
SHIBUSDT,rnd410053,2025-08-29T16:00:00+00:00,2025-09-14T04:00:00+00:00,1.213212e-05,1.38775371429e-05,20.0,2.8773,,stop,93
SHIBUSDT,rnd410053,2025-09-21T16:00:00+00:00,2025-09-22T00:00:00+00:00,1.288287e-05,1.24507639157e-05,20.0,-0.6708,,stop,2
SHIBUSDT,rnd410053,2025-09-26T12:00:00+00:00,2025-10-08T00:00:00+00:00,1.162161e-05,1.20864728571e-05,20.0,0.8,,stop,69
SHIBUSDT,rnd410053,2025-10-12T00:00:00+00:00,2025-11-04T20:00:00+00:00,9.96996e-06,8.56143e-06,20.0,-2.8255,,stop,143
SHIBUSDT,rnd410053,2025-11-05T08:00:00+00:00,2025-11-16T16:00:00+00:00,9.03903e-06,8.76693857143e-06,20.0,-0.602,,stop,68
SHIBUSDT,rnd410053,2025-11-28T20:00:00+00:00,2025-12-01T00:00:00+00:00,8.71871e-06,8.25865736143e-06,20.0,-1.0553,,stop,13
SHIBUSDT,rnd410053,2025-12-08T04:00:00+00:00,2025-12-11T00:00:00+00:00,8.37837e-06,8.42157e-06,20.0,0.1031,,stop,17
SHIBUSDT,rnd410053,2025-12-13T16:00:00+00:00,2025-12-15T12:00:00+00:00,8.34834e-06,7.96893451714e-06,20.0,-0.9089,,stop,11
SHIBUSDT,rnd410053,2025-12-20T00:00:00+00:00,2025-12-24T00:00:00+00:00,7.52752e-06,7.02941212286e-06,20.0,-1.3234,,stop,24
SHIBUSDT,rnd410053,2026-01-03T04:00:00+00:00,2026-01-05T08:00:00+00:00,8.15815e-06,8.61280714286e-06,20.0,1.1146,,stop,13
SHIBUSDT,rnd410053,2026-01-08T08:00:00+00:00,2026-01-19T00:00:00+00:00,8.76876e-06,8.04820374e-06,20.0,-1.6435,,stop,64
SHIBUSDT,rnd410053,2026-02-02T08:00:00+00:00,2026-02-05T12:00:00+00:00,6.65665e-06,6.00777906429e-06,20.0,-1.9495,,stop,19
SHIBUSDT,rnd410053,2026-02-09T16:00:00+00:00,2026-02-15T12:00:00+00:00,6.09609e-06,6.65191285714e-06,20.0,1.8235,,stop,35
SHIBUSDT,rnd410053,2026-02-16T16:00:00+00:00,2026-02-24T12:00:00+00:00,6.45645e-06,5.87913640714e-06,20.0,-1.7883,,stop,47
SHIBUSDT,rnd410053,2026-02-28T20:00:00+00:00,2026-03-03T08:00:00+00:00,5.7057e-06,5.34036857143e-06,20.0,-1.2806,,stop,15
SHIBUSDT,rnd410053,2026-03-14T20:00:00+00:00,2026-03-18T12:00:00+00:00,5.87587e-06,5.8941e-06,20.0,0.0621,,stop,22
SHIBUSDT,rnd410053,2026-03-29T20:00:00+00:00,2026-03-31T08:00:00+00:00,5.76576e-06,5.82274285714e-06,20.0,0.1977,,stop,9
SHIBUSDT,rnd410053,2026-04-05T16:00:00+00:00,2026-04-09T12:00:00+00:00,5.84584e-06,5.82845142857e-06,20.0,-0.0595,,stop,23
SHIBUSDT,rnd410053,2026-05-02T00:00:00+00:00,2026-05-13T12:00:00+00:00,6.28628e-06,6.24517714286e-06,20.0,-0.1308,,stop,69
SHIBUSDT,rnd410053,2026-05-14T04:00:00+00:00,2026-05-16T04:00:00+00:00,6.23623e-06,6.00113571429e-06,20.0,-0.754,,stop,12
SHIBUSDT,rnd410053,2026-05-21T20:00:00+00:00,2026-05-22T16:00:00+00:00,5.86586e-06,5.67268164e-06,20.0,-0.6587,,stop,5
SHIBUSDT,rnd410053,2026-05-26T20:00:00+00:00,2026-05-28T00:00:00+00:00,5.52552e-06,5.30770698e-06,20.0,-0.7884,,stop,7
SHIBUSDT,rnd410053,2026-05-29T00:00:00+00:00,2026-06-02T16:00:00+00:00,5.37537e-06,5.21478e-06,20.0,-0.5975,,stop,28
SHIBUSDT,rnd410053,2026-06-05T04:00:00+00:00,2026-06-05T16:00:00+00:00,4.83483e-06,4.44823445571e-06,20.0,-1.5992,,stop,3
SHIBUSDT,rnd410053,2026-06-15T04:00:00+00:00,2026-06-18T04:00:00+00:00,5.03503e-06,4.86655714286e-06,20.0,-0.6692,,stop,18
SHIBUSDT,rnd410053,2026-06-22T00:00:00+00:00,2026-06-23T04:00:00+00:00,4.65465e-06,4.53688714286e-06,20.0,-0.506,,stop,7
SHIBUSDT,rnd410053,2026-06-30T16:00:00+00:00,2026-07-06T12:00:00+00:00,4.21421e-06,4.26144857143e-06,20.0,0.2242,,stop,35
SHIBUSDT,rnd410053,2026-07-14T12:00:00+00:00,2026-07-16T20:00:00+00:00,4.14414e-06,4.10874428571e-06,20.0,-0.1708,,stop,14
SHIBUSDT,rnd410053,2026-07-18T12:00:00+00:00,2026-07-25T20:00:00+00:00,4.16416e-06,4.88082857143e-06,20.0,3.4421,,stop,44
SHIBUSDT,rnd410053,2026-07-27T08:00:00+00:00,2026-08-12T20:00:00+00:00,5.2052e-06,4.39365908571e-06,20.0,-3.1182,,stop,99
SOLUSDT,rnd410053,2024-01-06T00:00:00+00:00,2024-01-07T20:00:00+00:00,100.02993,88.9462518557,20.0,-2.2161,,stop,11
SOLUSDT,rnd410053,2024-01-10T08:00:00+00:00,2024-01-12T20:00:00+00:00,98.22813,89.3391428571,20.0,-1.8099,,stop,15
SOLUSDT,rnd410053,2024-01-14T08:00:00+00:00,2024-01-19T16:00:00+00:00,98.37828,90.3652585714,20.0,-1.629,,stop,32
SOLUSDT,rnd410053,2024-01-21T16:00:00+00:00,2024-01-22T08:00:00+00:00,92.60251,86.6354307043,20.0,-1.2888,,stop,4
SOLUSDT,rnd410053,2024-01-22T16:00:00+00:00,2024-01-22T16:00:00+00:00,87.37729,82.0844091386,20.0,-1.2115,,stop,0
SOLUSDT,rnd410053,2024-01-24T12:00:00+00:00,2024-02-20T12:00:00+00:00,87.30722,104.630978571,20.0,3.9685,,stop,162
SOLUSDT,rnd410053,2024-02-26T08:00:00+00:00,2024-02-27T16:00:00+00:00,103.4033,105.751285714,20.0,0.4541,,stop,8
SOLUSDT,rnd410053,2024-02-29T12:00:00+00:00,2024-03-05T16:00:00+00:00,129.29917,123.487817143,20.0,-0.8989,,stop,31
SOLUSDT,rnd410053,2024-03-06T04:00:00+00:00,2024-03-19T04:00:00+00:00,122.49237,179.446088571,20.0,9.2991,,stop,78
SOLUSDT,rnd410053,2024-03-22T08:00:00+00:00,2024-04-05T08:00:00+00:00,179.24907,169.838562857,20.0,-1.05,,stop,84
SOLUSDT,rnd410053,2024-04-08T04:00:00+00:00,2024-04-09T12:00:00+00:00,176.5764,171.194348571,20.0,-0.6096,,stop,8
SOLUSDT,rnd410053,2024-04-14T00:00:00+00:00,2024-04-30T16:00:00+00:00,138.60847,124.877854286,20.0,-1.9812,,stop,100
SOLUSDT,rnd410053,2024-05-03T08:00:00+00:00,2024-05-24T08:00:00+00:00,137.36723,164.34549,20.0,3.9279,,stop,126
SOLUSDT,rnd410053,2024-05-27T04:00:00+00:00,2024-06-02T16:00:00+00:00,165.54538,162.812738571,20.0,-0.3301,,stop,39
SOLUSDT,rnd410053,2024-06-06T12:00:00+00:00,2024-06-07T16:00:00+00:00,173.26309,166.942409053,20.0,-0.7296,,stop,7
SOLUSDT,rnd410053,2024-06-08T00:00:00+00:00,2024-06-11T04:00:00+00:00,162.67251,154.15569999,20.0,-1.0471,,stop,19
SOLUSDT,rnd410053,2024-06-11T08:00:00+00:00,2024-06-11T12:00:00+00:00,153.54339,146.220237681,20.0,-0.9539,,stop,1
SOLUSDT,rnd410053,2024-06-11T20:00:00+00:00,2024-06-13T12:00:00+00:00,149.36922,147.515194286,20.0,-0.2482,,stop,10
SOLUSDT,rnd410053,2024-06-19T12:00:00+00:00,2024-06-24T04:00:00+00:00,138.08795,124.764845979,20.0,-1.9297,,stop,28
SOLUSDT,rnd410053,2024-07-01T00:00:00+00:00,2024-07-03T08:00:00+00:00,146.75661,143.938774286,20.0,-0.384,,stop,14
SOLUSDT,rnd410053,2024-07-13T00:00:00+00:00,2024-07-23T12:00:00+00:00,139.60947,172.183358571,20.0,4.6664,,stop,63
SOLUSDT,rnd410053,2024-07-29T00:00:00+00:00,2024-07-30T12:00:00+00:00,185.09491,178.555551429,20.0,-0.7066,,stop,9
SOLUSDT,rnd410053,2024-08-05T12:00:00+00:00,2024-09-01T20:00:00+00:00,116.08597,129.747265714,20.0,2.3537,,stop,164
SOLUSDT,rnd410053,2024-09-03T12:00:00+00:00,2024-09-04T00:00:00+00:00,134.49436,125.242206711,20.0,-1.3758,,stop,3
SOLUSDT,rnd410053,2024-09-07T12:00:00+00:00,2024-10-01T12:00:00+00:00,127.127,147.375334286,20.0,3.1855,,stop,144
SOLUSDT,rnd410053,2024-10-04T04:00:00+00:00,2024-10-25T20:00:00+00:00,137.47734,162.169097143,20.0,3.5921,,stop,130
SOLUSDT,rnd410053,2024-10-30T04:00:00+00:00,2024-10-31T12:00:00+00:00,180.26008,170.965728849,20.0,-1.0312,,stop,8
SOLUSDT,rnd410053,2024-11-01T00:00:00+00:00,2024-11-03T12:00:00+00:00,168.85869,159.620338453,20.0,-1.0942,,stop,15
SOLUSDT,rnd410053,2024-11-07T00:00:00+00:00,2024-11-13T00:00:00+00:00,186.77659,203.135232857,20.0,1.7517,,stop,36
SOLUSDT,rnd410053,2024-11-16T20:00:00+00:00,2024-11-25T12:00:00+00:00,216.48627,238.813804286,20.0,2.0627,,stop,52
SOLUSDT,rnd410053,2024-11-29T12:00:00+00:00,2024-12-02T00:00:00+00:00,245.46522,231.535238709,20.0,-1.135,,stop,15
SOLUSDT,rnd410053,2024-12-02T16:00:00+00:00,2024-12-03T12:00:00+00:00,229.43921,217.230690433,20.0,-1.0642,,stop,5
SOLUSDT,rnd410053,2024-12-06T08:00:00+00:00,2024-12-09T20:00:00+00:00,239.54931,217.033844619,20.0,-1.8798,,stop,21
SOLUSDT,rnd410053,2024-12-17T12:00:00+00:00,2024-12-18T20:00:00+00:00,221.8216,208.140037329,20.0,-1.2336,,stop,8
SOLUSDT,rnd410053,2024-12-21T04:00:00+00:00,2025-01-09T12:00:00+00:00,194.48429,185.722662857,20.0,-0.901,,stop,116
SOLUSDT,rnd410053,2025-01-13T04:00:00+00:00,2025-01-13T08:00:00+00:00,185.20502,176.985000694,20.0,-0.8877,,stop,1
SOLUSDT,rnd410053,2025-01-14T12:00:00+00:00,2025-01-18T20:00:00+00:00,187.23705,250.816075714,20.0,6.7913,,stop,26
SOLUSDT,rnd410053,2025-01-19T04:00:00+00:00,2025-01-19T20:00:00+00:00,255.8556,249.485978571,20.0,-0.4979,,stop,4
SOLUSDT,rnd410053,2025-01-20T16:00:00+00:00,2025-02-02T16:00:00+00:00,254.32407,199.795503073,20.0,-4.2881,,stop,78
SOLUSDT,rnd410053,2025-02-04T04:00:00+00:00,2025-02-17T00:00:00+00:00,215.69548,185.477673806,20.0,-2.8019,,stop,77
SOLUSDT,rnd410053,2025-02-17T12:00:00+00:00,2025-02-17T16:00:00+00:00,184.43425,175.515701464,20.0,-0.9671,,stop,1
SOLUSDT,rnd410053,2025-02-23T00:00:00+00:00,2025-02-24T00:00:00+00:00,172.24207,162.099451144,20.0,-1.1777,,stop,6
SOLUSDT,rnd410053,2025-02-24T20:00:00+00:00,2025-02-24T20:00:00+00:00,150.28013,139.545801656,20.0,-1.4286,,stop,0
SOLUSDT,rnd410053,2025-02-25T12:00:00+00:00,2025-03-03T16:00:00+00:00,141.41127,153.793195714,20.0,1.7512,,stop,37
SOLUSDT,rnd410053,2025-03-04T12:00:00+00:00,2025-04-06T16:00:00+00:00,137.10697,111.000317143,20.0,-3.8082,,stop,199
SOLUSDT,rnd410053,2025-04-10T00:00:00+00:00,2025-05-19T04:00:00+00:00,119.16905,163.738954286,20.0,7.4801,,stop,235
SOLUSDT,rnd410053,2025-05-28T08:00:00+00:00,2025-05-29T16:00:00+00:00,174.0739,166.498306457,20.0,-0.8704,,stop,8
SOLUSDT,rnd410053,2025-06-02T16:00:00+00:00,2025-06-05T08:00:00+00:00,153.31316,151.351354286,20.0,-0.2559,,stop,16
SOLUSDT,rnd410053,2025-06-05T12:00:00+00:00,2025-06-05T16:00:00+00:00,152.53238,145.363656549,20.0,-0.94,,stop,1
SOLUSDT,rnd410053,2025-06-06T12:00:00+00:00,2025-06-12T16:00:00+00:00,149.25911,156.186514286,20.0,0.9282,,stop,37
SOLUSDT,rnd410053,2025-06-12T20:00:00+00:00,2025-06-13T00:00:00+00:00,154.99484,144.466300517,20.0,-1.3586,,stop,1
SOLUSDT,rnd410053,2025-06-18T00:00:00+00:00,2025-06-20T16:00:00+00:00,147.72758,137.375780991,20.0,-1.4015,,stop,16
SOLUSDT,rnd410053,2025-06-22T00:00:00+00:00,2025-06-22T12:00:00+00:00,135.56543,126.579794927,20.0,-1.3257,,stop,3
SOLUSDT,rnd410053,2025-06-22T20:00:00+00:00,2025-07-23T12:00:00+00:00,129.19907,189.824271429,20.0,9.3848,,stop,184
SOLUSDT,rnd410053,2025-07-24T04:00:00+00:00,2025-07-30T16:00:00+00:00,190.03985,174.04063515,20.0,-1.6838,,stop,39
SOLUSDT,rnd410053,2025-08-01T12:00:00+00:00,2025-08-02T16:00:00+00:00,169.35919,158.696762953,20.0,-1.2591,,stop,7
SOLUSDT,rnd410053,2025-08-03T04:00:00+00:00,2025-08-14T12:00:00+00:00,161.02086,192.44736,20.0,3.9034,,stop,68
SOLUSDT,rnd410053,2025-08-15T00:00:00+00:00,2025-09-22T04:00:00+00:00,192.65246,224.58519,20.0,3.3151,,stop,229
SOLUSDT,rnd410053,2025-09-29T20:00:00+00:00,2025-10-07T12:00:00+00:00,213.14293,221.793698571,20.0,0.8117,,stop,46
SOLUSDT,rnd410053,2025-10-12T04:00:00+00:00,2025-10-17T08:00:00+00:00,177.23706,174.443952857,20.0,-0.3152,,stop,31
SOLUSDT,rnd410053,2025-10-18T04:00:00+00:00,2025-10-30T16:00:00+00:00,184.9848,179.927035714,20.0,-0.5468,,stop,75
SOLUSDT,rnd410053,2025-10-31T00:00:00+00:00,2025-11-03T12:00:00+00:00,184.87469,170.177556381,20.0,-1.59,,stop,21
SOLUSDT,rnd410053,2025-11-05T16:00:00+00:00,2025-11-13T16:00:00+00:00,160.6605,144.7551,20.0,-1.98,,stop,48
SOLUSDT,rnd410053,2025-11-14T16:00:00+00:00,2025-11-17T16:00:00+00:00,142.37223,129.349893484,20.0,-1.8293,,stop,18
SOLUSDT,rnd410053,2025-11-22T00:00:00+00:00,2025-12-15T16:00:00+00:00,128.81869,123.723295714,20.0,-0.7911,,stop,142
SOLUSDT,rnd410053,2025-12-21T00:00:00+00:00,2026-01-18T20:00:00+00:00,125.9258,137.613677143,20.0,1.8563,,stop,173
SOLUSDT,rnd410053,2026-01-24T20:00:00+00:00,2026-01-25T16:00:00+00:00,127.4273,123.071961986,20.0,-0.6836,,stop,5
SOLUSDT,rnd410053,2026-01-30T04:00:00+00:00,2026-01-31T12:00:00+00:00,114.55444,108.283037143,20.0,-1.0949,,stop,8
SOLUSDT,rnd410053,2026-02-01T04:00:00+00:00,2026-02-04T12:00:00+00:00,105.07497,94.49288253,20.0,-2.0142,,stop,20
SOLUSDT,rnd410053,2026-02-09T12:00:00+00:00,2026-02-11T12:00:00+00:00,83.56348,78.9652414286,20.0,-1.1005,,stop,12
SOLUSDT,rnd410053,2026-02-11T16:00:00+00:00,2026-02-18T16:00:00+00:00,79.79972,81.59832,20.0,0.4508,,stop,42
SOLUSDT,rnd410053,2026-02-23T04:00:00+00:00,2026-02-26T12:00:00+00:00,77.73766,86.2593685714,20.0,2.1924,,stop,20
SOLUSDT,rnd410053,2026-03-01T08:00:00+00:00,2026-03-07T12:00:00+00:00,86.71663,83.3950928571,20.0,-0.7661,,stop,37
SOLUSDT,rnd410053,2026-03-07T20:00:00+00:00,2026-03-18T12:00:00+00:00,82.60252,91.1002371429,20.0,2.0575,,stop,64
SOLUSDT,rnd410053,2026-03-20T04:00:00+00:00,2026-03-26T16:00:00+00:00,89.65957,85.9924928571,20.0,-0.818,,stop,39
SOLUSDT,rnd410053,2026-03-27T00:00:00+00:00,2026-03-27T16:00:00+00:00,86.60652,82.2527563371,20.0,-1.0054,,stop,4
SOLUSDT,rnd410053,2026-03-29T16:00:00+00:00,2026-04-01T20:00:00+00:00,81.90182,81.0460157143,20.0,-0.209,,stop,19
SOLUSDT,rnd410053,2026-04-07T20:00:00+00:00,2026-04-19T20:00:00+00:00,81.71163,84.26565,20.0,0.6251,,stop,72
SOLUSDT,rnd410053,2026-05-01T16:00:00+00:00,2026-05-12T12:00:00+00:00,84.54446,93.6219985714,20.0,2.1474,,stop,65
SOLUSDT,rnd410053,2026-05-12T20:00:00+00:00,2026-05-14T00:00:00+00:00,95.01492,90.1568157943,20.0,-1.0226,,stop,7
SOLUSDT,rnd410053,2026-05-17T00:00:00+00:00,2026-05-17T20:00:00+00:00,86.61653,83.4633402557,20.0,-0.7281,,stop,5
SOLUSDT,rnd410053,2026-05-20T12:00:00+00:00,2026-05-23T04:00:00+00:00,84.7847,83.1795942857,20.0,-0.3786,,stop,16
SOLUSDT,rnd410053,2026-05-24T04:00:00+00:00,2026-05-27T20:00:00+00:00,85.89581,82.0333374043,20.0,-0.8993,,stop,22
SOLUSDT,rnd410053,2026-05-29T00:00:00+00:00,2026-06-02T12:00:00+00:00,82.20212,78.7001268086,20.0,-0.852,,stop,27
SOLUSDT,rnd410053,2026-06-06T16:00:00+00:00,2026-06-24T16:00:00+00:00,62.10204,65.8612157143,20.0,1.2106,,stop,108
SOLUSDT,rnd410053,2026-06-28T20:00:00+00:00,2026-07-08T08:00:00+00:00,70.80073,77.6508428571,20.0,1.935,,stop,57
SOLUSDT,rnd410053,2026-07-10T04:00:00+00:00,2026-07-12T00:00:00+00:00,79.14907,75.6786727157,20.0,-0.8769,,stop,11
SOLUSDT,rnd410053,2026-07-16T16:00:00+00:00,2026-07-17T12:00:00+00:00,76.70663,73.7488787271,20.0,-0.7712,,stop,5
SOLUSDT,rnd410053,2026-07-22T08:00:00+00:00,2026-07-24T12:00:00+00:00,77.18711,74.65527,20.0,-0.656,,stop,13
SOLUSDT,rnd410053,2026-07-25T04:00:00+00:00,2026-07-27T20:00:00+00:00,74.21414,73.7889942857,20.0,-0.1146,,stop,16
SOLUSDT,rnd410053,2026-08-24T04:00:00+00:00,2026-08-30T20:00:00+00:00,93.75366,101.64825,20.0,1.6841,,stop,40
TONUSDT,rnd410053,2024-08-12T08:00:00+00:00,2024-08-15T00:00:00+00:00,6.300294,6.708285,20.0,1.2951,,stop,16
TONUSDT,rnd410053,2024-08-18T04:00:00+00:00,2024-08-20T12:00:00+00:00,6.505499,6.60167742857,20.0,0.2957,,stop,14
TONUSDT,rnd410053,2024-08-23T08:00:00+00:00,2024-08-24T20:00:00+00:00,6.580574,6.44982942857,20.0,-0.3974,,stop,9
TONUSDT,rnd410053,2024-08-26T20:00:00+00:00,2024-09-05T00:00:00+00:00,5.359354,4.52832428571,20.0,-3.1012,,stop,55
TONUSDT,rnd410053,2024-09-07T20:00:00+00:00,2024-10-01T12:00:00+00:00,4.650646,5.60439,20.0,4.1016,,stop,142
TONUSDT,rnd410053,2024-10-03T20:00:00+00:00,2024-10-25T16:00:00+00:00,5.326321,4.90248503614,20.0,-1.5915,,stop,131
TONUSDT,rnd410053,2024-10-28T04:00:00+00:00,2024-10-31T16:00:00+00:00,4.960956,4.77479185714,20.0,-0.7505,,stop,21
TONUSDT,rnd410053,2024-11-02T04:00:00+00:00,2024-11-03T00:00:00+00:00,4.940936,4.75510470686,20.0,-0.7522,,stop,5
TONUSDT,rnd410053,2024-11-05T12:00:00+00:00,2024-11-07T04:00:00+00:00,4.615611,4.91165485714,20.0,1.2828,,stop,10
TONUSDT,rnd410053,2024-11-07T08:00:00+00:00,2024-11-12T12:00:00+00:00,4.827823,5.14313742857,20.0,1.3062,,stop,31
TONUSDT,rnd410053,2024-11-16T08:00:00+00:00,2024-11-20T12:00:00+00:00,5.412407,5.25245657143,20.0,-0.5911,,stop,25
TONUSDT,rnd410053,2024-11-21T12:00:00+00:00,2024-11-23T16:00:00+00:00,5.44544,6.07377728571,20.0,2.3078,,stop,13
TONUSDT,rnd410053,2024-11-23T20:00:00+00:00,2024-11-24T12:00:00+00:00,6.304298,5.77994084486,20.0,-1.6635,,stop,4
TONUSDT,rnd410053,2024-12-02T04:00:00+00:00,2024-12-09T04:00:00+00:00,6.627621,6.505488,20.0,-0.3686,,stop,42
TONUSDT,rnd410053,2024-12-11T00:00:00+00:00,2024-12-18T20:00:00+00:00,5.943938,5.39702614286,20.0,-1.8402,,stop,47
TONUSDT,rnd410053,2024-12-24T04:00:00+00:00,2024-12-30T12:00:00+00:00,5.602597,5.54102485714,20.0,-0.2198,,stop,38
TONUSDT,rnd410053,2025-01-07T00:00:00+00:00,2025-01-07T12:00:00+00:00,5.713708,5.520681792,20.0,-0.6757,,stop,3
TONUSDT,rnd410053,2025-01-08T12:00:00+00:00,2025-01-18T16:00:00+00:00,5.233228,5.165829,20.0,-0.2576,,stop,61
TONUSDT,rnd410053,2025-01-24T12:00:00+00:00,2025-01-27T00:00:00+00:00,5.158153,4.87737788271,20.0,-1.0887,,stop,15
TONUSDT,rnd410053,2025-01-30T08:00:00+00:00,2025-02-01T20:00:00+00:00,4.878874,4.670448876,20.0,-0.8544,,stop,15
TONUSDT,rnd410053,2025-02-08T00:00:00+00:00,2025-02-19T12:00:00+00:00,3.718715,3.52118957143,20.0,-1.0623,,stop,69
TONUSDT,rnd410053,2025-02-21T08:00:00+00:00,2025-02-24T12:00:00+00:00,3.596593,3.56857071429,20.0,-0.1558,,stop,19
TONUSDT,rnd410053,2025-02-27T16:00:00+00:00,2025-02-28T00:00:00+00:00,3.438435,3.19702049357,20.0,-1.4042,,stop,2
TONUSDT,rnd410053,2025-03-04T12:00:00+00:00,2025-03-09T16:00:00+00:00,3.042039,2.72859338957,20.0,-2.0608,,stop,31
TONUSDT,rnd410053,2025-03-17T16:00:00+00:00,2025-04-04T00:00:00+00:00,3.475472,3.52889614286,20.0,0.3074,,stop,104
TONUSDT,rnd410053,2025-04-04T04:00:00+00:00,2025-04-05T08:00:00+00:00,3.528525,3.273997725,20.0,-1.4427,,stop,7
TONUSDT,rnd410053,2025-04-07T04:00:00+00:00,2025-04-12T00:00:00+00:00,2.897895,2.83716,20.0,-0.4192,,stop,29
TONUSDT,rnd410053,2025-04-14T20:00:00+00:00,2025-05-04T00:00:00+00:00,2.857855,3.065931,20.0,1.4562,,stop,115
TONUSDT,rnd410053,2025-05-06T08:00:00+00:00,2025-05-11T04:00:00+00:00,2.995993,3.39246128571,20.0,2.6467,,stop,29
TONUSDT,rnd410053,2025-05-11T16:00:00+00:00,2025-05-15T04:00:00+00:00,3.398395,3.17567828571,20.0,-1.3107,,stop,21
TONUSDT,rnd410053,2025-05-23T00:00:00+00:00,2025-05-23T08:00:00+00:00,3.177174,3.03181771886,20.0,-0.915,,stop,2
TONUSDT,rnd410053,2025-06-01T08:00:00+00:00,2025-06-13T00:00:00+00:00,3.139136,3.03082328571,20.0,-0.6901,,stop,70
TONUSDT,rnd410053,2025-06-15T04:00:00+00:00,2025-06-21T20:00:00+00:00,2.966964,2.81450382171,20.0,-1.0277,,stop,40
TONUSDT,rnd410053,2025-06-30T16:00:00+00:00,2025-07-01T04:00:00+00:00,2.944942,2.87171027229,20.0,-0.4973,,stop,3
TONUSDT,rnd410053,2025-07-03T08:00:00+00:00,2025-07-03T16:00:00+00:00,2.915913,2.80917244414,20.0,-0.7321,,stop,2
TONUSDT,rnd410053,2025-07-04T04:00:00+00:00,2025-07-04T16:00:00+00:00,2.834832,2.72763734657,20.0,-0.7563,,stop,3
TONUSDT,rnd410053,2025-07-23T04:00:00+00:00,2025-08-05T04:00:00+00:00,3.278275,3.32053328571,20.0,0.2578,,stop,78
TONUSDT,rnd410053,2025-08-06T04:00:00+00:00,2025-08-19T00:00:00+00:00,3.170167,3.251745,20.0,0.5147,,stop,77
TONUSDT,rnd410053,2025-08-22T12:00:00+00:00,2025-08-25T04:00:00+00:00,3.251248,3.24446657143,20.0,-0.0417,,stop,16
TONUSDT,rnd410053,2025-08-26T00:00:00+00:00,2025-08-29T08:00:00+00:00,3.118115,3.04409571429,20.0,-0.4748,,stop,20
TONUSDT,rnd410053,2025-08-29T20:00:00+00:00,2025-09-22T00:00:00+00:00,3.059056,3.01612371429,20.0,-0.2807,,stop,139
TONUSDT,rnd410053,2025-09-24T04:00:00+00:00,2025-09-30T12:00:00+00:00,2.804802,2.61129523371,20.0,-1.3798,,stop,38
TONUSDT,rnd410053,2025-10-02T00:00:00+00:00,2025-10-08T04:00:00+00:00,2.789787,2.72284585714,20.0,-0.4799,,stop,37
TONUSDT,rnd410053,2025-10-13T00:00:00+00:00,2025-11-20T16:00:00+00:00,2.276274,1.66799719029,20.0,-5.3445,,stop,232
TONUSDT,rnd410053,2025-11-21T08:00:00+00:00,2025-12-01T12:00:00+00:00,1.512511,1.46524757143,20.0,-0.625,,stop,61
TONUSDT,rnd410053,2025-12-08T00:00:00+00:00,2025-12-14T16:00:00+00:00,1.617616,1.56628928571,20.0,-0.6346,,stop,40
TONUSDT,rnd410053,2025-12-16T00:00:00+00:00,2025-12-18T16:00:00+00:00,1.496495,1.44084342857,20.0,-0.7438,,stop,16
TONUSDT,rnd410053,2025-12-19T08:00:00+00:00,2025-12-30T00:00:00+00:00,1.458457,1.55173242857,20.0,1.2791,,stop,64
TONUSDT,rnd410053,2025-12-31T04:00:00+00:00,2026-01-09T08:00:00+00:00,1.616615,1.78449942857,20.0,2.077,,stop,55
TONUSDT,rnd410053,2026-01-13T20:00:00+00:00,2026-01-15T20:00:00+00:00,1.779778,1.70253804343,20.0,-0.868,,stop,12
TONUSDT,rnd410053,2026-01-22T20:00:00+00:00,2026-01-29T12:00:00+00:00,1.546545,1.45722916929,20.0,-1.155,,stop,40
TONUSDT,rnd410053,2026-02-10T16:00:00+00:00,2026-02-19T08:00:00+00:00,1.350349,1.39917085714,20.0,0.7231,,stop,52
TONUSDT,rnd410053,2026-02-23T12:00:00+00:00,2026-02-24T20:00:00+00:00,1.362361,1.30141542471,20.0,-0.8947,,stop,8
TONUSDT,rnd410053,2026-02-27T20:00:00+00:00,2026-03-01T20:00:00+00:00,1.288287,1.19976460586,20.0,-1.3743,,stop,12
TONUSDT,rnd410053,2026-03-02T00:00:00+00:00,2026-03-19T04:00:00+00:00,1.203202,1.26787371429,20.0,1.075,,stop,103
TONUSDT,rnd410053,2026-03-29T04:00:00+00:00,2026-04-09T20:00:00+00:00,1.239238,1.24603842857,20.0,0.1098,,stop,70
TONUSDT,rnd410053,2026-04-14T16:00:00+00:00,2026-04-18T20:00:00+00:00,1.408407,1.33452128571,20.0,-1.0492,,stop,25
TONUSDT,rnd410053,2026-04-19T16:00:00+00:00,2026-05-05T04:00:00+00:00,1.3013,1.735263,20.0,6.6697,,stop,93
TONUSDT,rnd410053,2026-05-08T20:00:00+00:00,2026-05-15T20:00:00+00:00,2.541539,1.95797192529,20.0,-4.5922,,stop,42
TONUSDT,rnd410053,2026-05-16T04:00:00+00:00,2026-05-22T20:00:00+00:00,1.965964,1.83573385714,20.0,-1.3248,,stop,40
TONUSDT,rnd410053,2026-06-01T04:00:00+00:00,2026-06-02T00:00:00+00:00,2.003001,2.03824542857,20.0,0.3519,,stop,5
TONUSDT,rnd410053,2026-06-13T12:00:00+00:00,2026-06-19T08:00:00+00:00,1.708707,1.60796185714,20.0,-1.1792,,stop,35
TONUSDT,rnd410053,2026-06-28T08:00:00+00:00,2026-06-30T00:00:00+00:00,1.562561,1.5984,20.0,0.4587,,stop,10
VETUSDT,rnd410053,2024-01-09T00:00:00+00:00,2024-01-18T16:00:00+00:00,0.03118115,0.0290337942857,20.0,-1.3773,,stop,58
VETUSDT,rnd410053,2024-01-19T04:00:00+00:00,2024-01-22T12:00:00+00:00,0.02826824,0.0266558431886,20.0,-1.1408,,stop,20
VETUSDT,rnd410053,2024-01-27T00:00:00+00:00,2024-01-31T08:00:00+00:00,0.02801799,0.0278278585714,20.0,-0.1357,,stop,26
VETUSDT,rnd410053,2024-01-31T16:00:00+00:00,2024-02-05T00:00:00+00:00,0.0284284,0.0271299857143,20.0,-0.9135,,stop,26
VETUSDT,rnd410053,2024-02-13T12:00:00+00:00,2024-02-15T12:00:00+00:00,0.03174171,0.0448593814286,20.0,8.2653,,stop,12
VETUSDT,rnd410053,2024-02-16T00:00:00+00:00,2024-02-20T12:00:00+00:00,0.04590586,0.0414656357143,20.0,-1.9345,,stop,27
VETUSDT,rnd410053,2024-03-14T12:00:00+00:00,2024-03-15T00:00:00+00:00,0.04803799,0.0445755127243,20.0,-1.4416,,stop,3
VETUSDT,rnd410053,2024-03-16T20:00:00+00:00,2024-04-05T12:00:00+00:00,0.04067063,0.0387326571429,20.0,-0.953,,stop,118
VETUSDT,rnd410053,2024-04-06T16:00:00+00:00,2024-04-09T12:00:00+00:00,0.0409409,0.0437933057143,20.0,1.3934,,stop,17
VETUSDT,rnd410053,2024-04-22T00:00:00+00:00,2024-04-24T20:00:00+00:00,0.04127123,0.0393120771429,20.0,-0.9494,,stop,17
VETUSDT,rnd410053,2024-05-08T12:00:00+00:00,2024-05-13T04:00:00+00:00,0.03505502,0.0326776667657,20.0,-1.3564,,stop,28
VETUSDT,rnd410053,2024-05-27T08:00:00+00:00,2024-05-28T04:00:00+00:00,0.03520517,0.0352161771429,20.0,0.0063,,stop,5
VETUSDT,rnd410053,2024-05-29T20:00:00+00:00,2024-06-02T16:00:00+00:00,0.03524521,0.0332012612186,20.0,-1.1598,,stop,23
VETUSDT,rnd410053,2024-06-09T20:00:00+00:00,2024-06-11T12:00:00+00:00,0.03216213,0.02963246787,20.0,-1.5731,,stop,10
VETUSDT,rnd410053,2024-06-13T16:00:00+00:00,2024-06-17T08:00:00+00:00,0.0296296,0.0273682757571,20.0,-1.5264,,stop,22
VETUSDT,rnd410053,2024-06-17T20:00:00+00:00,2024-06-18T00:00:00+00:00,0.02806804,0.0263434558886,20.0,-1.2289,,stop,1
VETUSDT,rnd410053,2024-06-18T04:00:00+00:00,2024-06-24T08:00:00+00:00,0.02527525,0.02384613,20.0,-1.1308,,stop,37
VETUSDT,rnd410053,2024-07-01T20:00:00+00:00,2024-07-03T00:00:00+00:00,0.02713711,0.02574883539,20.0,-1.0232,,stop,7
VETUSDT,rnd410053,2024-07-05T12:00:00+00:00,2024-07-18T16:00:00+00:00,0.02294292,0.0299814171429,20.0,6.1357,,stop,79
VETUSDT,rnd410053,2024-07-27T12:00:00+00:00,2024-07-30T00:00:00+00:00,0.02854852,0.0270036321943,20.0,-1.0823,,stop,15
VETUSDT,rnd410053,2024-07-30T20:00:00+00:00,2024-08-01T16:00:00+00:00,0.02664662,0.0252861171429,20.0,-1.0211,,stop,11
VETUSDT,rnd410053,2024-08-23T08:00:00+00:00,2024-08-26T00:00:00+00:00,0.02483481,0.0246296314286,20.0,-0.1652,,stop,16
VETUSDT,rnd410053,2024-08-27T04:00:00+00:00,2024-08-27T20:00:00+00:00,0.02427425,0.0226622793214,20.0,-1.3281,,stop,4
VETUSDT,rnd410053,2024-08-28T08:00:00+00:00,2024-09-01T12:00:00+00:00,0.02264262,0.02105903988,20.0,-1.3988,,stop,25
VETUSDT,rnd410053,2024-09-02T16:00:00+00:00,2024-09-04T00:00:00+00:00,0.02137135,0.0203439214286,20.0,-0.9615,,stop,8
VETUSDT,rnd410053,2024-09-04T04:00:00+00:00,2024-09-06T20:00:00+00:00,0.02079077,0.0195618471429,20.0,-1.1822,,stop,16
VETUSDT,rnd410053,2024-09-09T12:00:00+00:00,2024-09-15T20:00:00+00:00,0.02117115,0.0213800271429,20.0,0.1973,,stop,38
VETUSDT,rnd410053,2024-09-22T00:00:00+00:00,2024-09-30T12:00:00+00:00,0.02429427,0.02469528,20.0,0.3301,,stop,51
VETUSDT,rnd410053,2024-10-01T04:00:00+00:00,2024-10-01T12:00:00+00:00,0.02486484,0.0232362233743,20.0,-1.31,,stop,2
VETUSDT,rnd410053,2024-10-04T12:00:00+00:00,2024-10-09T20:00:00+00:00,0.02260258,0.0218338585714,20.0,-0.6802,,stop,32
VETUSDT,rnd410053,2024-10-16T00:00:00+00:00,2024-10-23T16:00:00+00:00,0.0235235,0.0222291771429,20.0,-1.1005,,stop,46
VETUSDT,rnd410053,2024-11-03T12:00:00+00:00,2024-11-10T20:00:00+00:00,0.0197197,0.0250663371429,20.0,5.4226,,stop,44
VETUSDT,rnd410053,2024-11-12T04:00:00+00:00,2024-11-13T04:00:00+00:00,0.02813811,0.0247686736757,20.0,-2.3949,,stop,6
VETUSDT,rnd410053,2024-12-20T20:00:00+00:00,2025-01-27T04:00:00+00:00,0.04771767,0.0430497642857,20.0,-1.9565,,stop,224
VETUSDT,rnd410053,2025-02-03T08:00:00+00:00,2025-02-24T20:00:00+00:00,0.03482479,0.0279505928571,20.0,-3.9479,,stop,129
VETUSDT,rnd410053,2025-02-26T08:00:00+00:00,2025-03-03T16:00:00+00:00,0.02869867,0.0279277585714,20.0,-0.5372,,stop,32
VETUSDT,rnd410053,2025-03-04T16:00:00+00:00,2025-03-10T16:00:00+00:00,0.02618616,0.0234736457143,20.0,-2.0717,,stop,36
VETUSDT,rnd410053,2025-03-16T08:00:00+00:00,2025-03-21T08:00:00+00:00,0.02515513,0.02518479,20.0,0.0236,,stop,30
VETUSDT,rnd410053,2025-03-22T20:00:00+00:00,2025-03-28T04:00:00+00:00,0.02559557,0.0254031428571,20.0,-0.1504,,stop,32
VETUSDT,rnd410053,2025-04-01T00:00:00+00:00,2025-04-02T20:00:00+00:00,0.02247245,0.0215441485714,20.0,-0.8262,,stop,11
VETUSDT,rnd410053,2025-04-03T20:00:00+00:00,2025-04-06T20:00:00+00:00,0.02166164,0.0195224551457,20.0,-1.9751,,stop,18
VETUSDT,rnd410053,2025-04-15T04:00:00+00:00,2025-05-04T20:00:00+00:00,0.02376374,0.0249407485714,20.0,0.9906,,stop,118
VETUSDT,rnd410053,2025-05-06T12:00:00+00:00,2025-05-11T12:00:00+00:00,0.02420418,0.0303382028571,20.0,5.0686,,stop,30
VETUSDT,rnd410053,2025-05-18T04:00:00+00:00,2025-05-23T12:00:00+00:00,0.0277277,0.0284272585714,20.0,0.5046,,stop,32
VETUSDT,rnd410053,2025-05-24T00:00:00+00:00,2025-05-30T00:00:00+00:00,0.02799797,0.0255170702443,20.0,-1.7722,,stop,36
VETUSDT,rnd410053,2025-06-01T08:00:00+00:00,2025-06-05T16:00:00+00:00,0.02414412,0.0227615014286,20.0,-1.1453,,stop,26
VETUSDT,rnd410053,2025-06-10T08:00:00+00:00,2025-06-12T00:00:00+00:00,0.02508506,0.0245440028571,20.0,-0.4314,,stop,10
VETUSDT,rnd410053,2025-06-13T00:00:00+00:00,2025-06-14T16:00:00+00:00,0.02343341,0.02177411409,20.0,-1.4162,,stop,10
VETUSDT,rnd410053,2025-06-15T12:00:00+00:00,2025-06-17T12:00:00+00:00,0.02218216,0.0216426214286,20.0,-0.4865,,stop,12
VETUSDT,rnd410053,2025-06-27T20:00:00+00:00,2025-07-01T20:00:00+00:00,0.02024022,0.0201626742857,20.0,-0.0766,,stop,24
VETUSDT,rnd410053,2025-07-08T04:00:00+00:00,2025-07-11T20:00:00+00:00,0.02030028,0.02414583,20.0,3.7887,,stop,22
VETUSDT,rnd410053,2025-07-13T00:00:00+00:00,2025-07-23T12:00:00+00:00,0.02366364,0.0261152871429,20.0,2.0721,,stop,63
VETUSDT,rnd410053,2025-07-26T04:00:00+00:00,2025-07-30T16:00:00+00:00,0.02583581,0.0234908670471,20.0,-1.8153,,stop,27
VETUSDT,rnd410053,2025-08-04T04:00:00+00:00,2025-08-14T12:00:00+00:00,0.02318316,0.0248765271429,20.0,1.4609,,stop,62
VETUSDT,rnd410053,2025-08-15T12:00:00+00:00,2025-08-19T04:00:00+00:00,0.02480478,0.0231958466486,20.0,-1.2973,,stop,22
VETUSDT,rnd410053,2025-08-23T04:00:00+00:00,2025-08-25T16:00:00+00:00,0.02559557,0.0247966071429,20.0,-0.6243,,stop,15
VETUSDT,rnd410053,2025-08-28T04:00:00+00:00,2025-09-01T04:00:00+00:00,0.02515513,0.0236849927271,20.0,-1.1689,,stop,24
VETUSDT,rnd410053,2025-09-05T16:00:00+00:00,2025-09-14T12:00:00+00:00,0.02346344,0.02442555,20.0,0.8201,,stop,53
VETUSDT,rnd410053,2025-09-17T12:00:00+00:00,2025-09-19T16:00:00+00:00,0.02419417,0.0248165871429,20.0,0.5145,,stop,13
VETUSDT,rnd410053,2025-09-24T00:00:00+00:00,2025-09-25T16:00:00+00:00,0.02254252,0.02123376498,20.0,-1.1611,,stop,10
VETUSDT,rnd410053,2025-10-18T00:00:00+00:00,2025-10-30T12:00:00+00:00,0.01717716,0.0158084614286,20.0,-1.5936,,stop,75
VETUSDT,rnd410053,2025-11-01T04:00:00+00:00,2025-11-03T12:00:00+00:00,0.01585584,0.01479103416,20.0,-1.3431,,stop,14
VETUSDT,rnd410053,2025-11-08T12:00:00+00:00,2025-11-13T20:00:00+00:00,0.01744743,0.0156272142857,20.0,-2.0865,,stop,32
VETUSDT,rnd410053,2025-11-29T12:00:00+00:00,2025-12-01T00:00:00+00:00,0.0135135,0.0129023704286,20.0,-0.9045,,stop,9
VETUSDT,rnd410053,2025-12-05T16:00:00+00:00,2025-12-10T12:00:00+00:00,0.01277276,0.0121992171429,20.0,-0.8981,,stop,29
VETUSDT,rnd410053,2025-12-13T20:00:00+00:00,2025-12-15T12:00:00+00:00,0.01164163,0.0109699347986,20.0,-1.154,,stop,10
VETUSDT,rnd410053,2025-12-30T08:00:00+00:00,2025-12-31T16:00:00+00:00,0.01089088,0.0103465944771,20.0,-0.9995,,stop,8
VETUSDT,rnd410053,2026-01-07T00:00:00+00:00,2026-01-08T04:00:00+00:00,0.01287286,0.0119305603543,20.0,-1.464,,stop,7
VETUSDT,rnd410053,2026-01-25T16:00:00+00:00,2026-01-25T16:00:00+00:00,0.01019018,0.00973400767714,20.0,-0.8953,,stop,0
VETUSDT,rnd410053,2026-02-01T04:00:00+00:00,2026-02-05T12:00:00+00:00,0.00844844,0.00758548977429,20.0,-2.0429,,stop,26
VETUSDT,rnd410053,2026-02-08T12:00:00+00:00,2026-02-11T04:00:00+00:00,0.00818818,0.00755918467714,20.0,-1.5363,,stop,16
VETUSDT,rnd410053,2026-02-21T00:00:00+00:00,2026-02-22T12:00:00+00:00,0.00783783,0.00742860824143,20.0,-1.0442,,stop,9
VETUSDT,rnd410053,2026-02-27T16:00:00+00:00,2026-02-28T04:00:00+00:00,0.00746746,0.00689091932571,20.0,-1.5441,,stop,3
VETUSDT,rnd410053,2026-03-01T00:00:00+00:00,2026-03-08T00:00:00+00:00,0.0073073,0.00684457714286,20.0,-1.2665,,stop,42
VETUSDT,rnd410053,2026-03-12T00:00:00+00:00,2026-03-18T12:00:00+00:00,0.007105098,0.00731596242857,20.0,0.5936,,stop,39
VETUSDT,rnd410053,2026-03-22T04:00:00+00:00,2026-03-22T20:00:00+00:00,0.007078071,0.00678324525043,20.0,-0.8331,,stop,4
VETUSDT,rnd410053,2026-03-23T12:00:00+00:00,2026-03-27T08:00:00+00:00,0.00706706,0.00672836061857,20.0,-0.9585,,stop,23
VETUSDT,rnd410053,2026-04-02T08:00:00+00:00,2026-04-05T16:00:00+00:00,0.006771765,0.00727800042857,20.0,1.4951,,stop,20
VETUSDT,rnd410053,2026-04-14T12:00:00+00:00,2026-04-18T16:00:00+00:00,0.006930924,0.00707762957143,20.0,0.4233,,stop,25
VETUSDT,rnd410053,2026-04-20T12:00:00+00:00,2026-05-09T12:00:00+00:00,0.007064057,0.007555437,20.0,1.3912,,stop,114
VETUSDT,rnd410053,2026-05-14T12:00:00+00:00,2026-05-15T12:00:00+00:00,0.007229222,0.00693149014286,20.0,-0.8237,,stop,6
VETUSDT,rnd410053,2026-05-16T16:00:00+00:00,2026-05-17T20:00:00+00:00,0.00687687,0.00649822241571,20.0,-1.1012,,stop,7
VETUSDT,rnd410053,2026-05-18T04:00:00+00:00,2026-05-19T16:00:00+00:00,0.006710704,0.00641945668886,20.0,-0.868,,stop,9
VETUSDT,rnd410053,2026-05-22T08:00:00+00:00,2026-05-22T16:00:00+00:00,0.00675675,0.00649239396429,20.0,-0.7825,,stop,2
VETUSDT,rnd410053,2026-05-28T20:00:00+00:00,2026-06-01T12:00:00+00:00,0.005974969,0.00585599528571,20.0,-0.3982,,stop,22
VETUSDT,rnd410053,2026-06-03T04:00:00+00:00,2026-06-04T00:00:00+00:00,0.00548548,0.00527158028571,20.0,-0.7799,,stop,5
VETUSDT,rnd410053,2026-06-14T12:00:00+00:00,2026-06-16T12:00:00+00:00,0.005019014,0.00518024314286,20.0,0.6425,,stop,12
VETUSDT,rnd410053,2026-06-30T20:00:00+00:00,2026-07-07T12:00:00+00:00,0.004351347,0.00471713528571,20.0,1.6813,,stop,40
VETUSDT,rnd410053,2026-07-18T16:00:00+00:00,2026-07-24T00:00:00+00:00,0.004666662,0.00475352742857,20.0,0.3723,,stop,32
VETUSDT,rnd410053,2026-07-29T08:00:00+00:00,2026-08-12T16:00:00+00:00,0.004537533,0.004557438,20.0,0.0877,,stop,86
VETUSDT,rnd410053,2026-08-24T16:00:00+00:00,2026-08-28T08:00:00+00:00,0.00564564,0.00677150742857,20.0,3.9884,,stop,22
XLMUSDT,rnd410053,2024-01-05T00:00:00+00:00,2024-01-08T00:00:00+00:00,0.1217216,0.113268931971,20.0,-1.3889,,stop,18
XLMUSDT,rnd410053,2024-01-09T16:00:00+00:00,2024-01-18T16:00:00+00:00,0.1153152,0.115427314286,20.0,0.0194,,stop,54
XLMUSDT,rnd410053,2024-01-20T12:00:00+00:00,2024-01-23T08:00:00+00:00,0.1143142,0.109525992943,20.0,-0.8377,,stop,17
XLMUSDT,rnd410053,2024-01-27T04:00:00+00:00,2024-01-28T16:00:00+00:00,0.1166165,0.113092579929,20.0,-0.6044,,stop,9
XLMUSDT,rnd410053,2024-01-28T20:00:00+00:00,2024-01-31T00:00:00+00:00,0.1135134,0.112159157143,20.0,-0.2386,,stop,13
XLMUSDT,rnd410053,2024-02-03T16:00:00+00:00,2024-02-06T12:00:00+00:00,0.1110109,0.107510424814,20.0,-0.6307,,stop,17
XLMUSDT,rnd410053,2024-02-15T00:00:00+00:00,2024-02-17T12:00:00+00:00,0.1145144,0.111873728571,20.0,-0.4612,,stop,15
XLMUSDT,rnd410053,2024-02-21T12:00:00+00:00,2024-03-03T04:00:00+00:00,0.1129128,0.128599842857,20.0,2.7786,,stop,64
XLMUSDT,rnd410053,2024-03-07T04:00:00+00:00,2024-03-15T00:00:00+00:00,0.1433432,0.132453128571,20.0,-1.5194,,stop,47
XLMUSDT,rnd410053,2024-03-15T20:00:00+00:00,2024-03-19T04:00:00+00:00,0.1347346,0.1202392404,20.0,-2.1517,,stop,20
XLMUSDT,rnd410053,2024-03-21T08:00:00+00:00,2024-04-03T20:00:00+00:00,0.1302301,0.124760828571,20.0,-0.8399,,stop,81
XLMUSDT,rnd410053,2024-04-10T20:00:00+00:00,2024-04-12T16:00:00+00:00,0.1292291,0.122071192329,20.0,-1.1078,,stop,11
XLMUSDT,rnd410053,2024-04-13T08:00:00+00:00,2024-04-13T16:00:00+00:00,0.1138137,0.104673207729,20.0,-1.6062,,stop,2
XLMUSDT,rnd410053,2024-04-14T04:00:00+00:00,2024-06-07T16:00:00+00:00,0.1039038,0.0984157714286,20.0,-1.0564,,stop,327
XLMUSDT,rnd410053,2024-06-11T12:00:00+00:00,2024-06-14T16:00:00+00:00,0.0977977,0.0964748571429,20.0,-0.2705,,stop,19
XLMUSDT,rnd410053,2024-06-17T12:00:00+00:00,2024-06-17T16:00:00+00:00,0.0973973,0.0949192714286,20.0,-0.5088,,stop,1
XLMUSDT,rnd410053,2024-06-18T16:00:00+00:00,2024-06-24T08:00:00+00:00,0.0895895,0.0854145,20.0,-0.932,,stop,34
XLMUSDT,rnd410053,2024-06-26T12:00:00+00:00,2024-07-04T00:00:00+00:00,0.0915915,0.0875266714286,20.0,-0.8876,,stop,45
XLMUSDT,rnd410053,2024-07-06T08:00:00+00:00,2024-07-23T16:00:00+00:00,0.0876876,0.0996573857143,20.0,2.7301,,stop,104
XLMUSDT,rnd410053,2024-07-31T00:00:00+00:00,2024-07-31T20:00:00+00:00,0.1026025,0.1002996,20.0,-0.4489,,stop,5
XLMUSDT,rnd410053,2024-08-01T12:00:00+00:00,2024-08-02T12:00:00+00:00,0.0994994,0.0935129363143,20.0,-1.2033,,stop,6
XLMUSDT,rnd410053,2024-08-03T04:00:00+00:00,2024-08-04T12:00:00+00:00,0.0949949,0.0889772622429,20.0,-1.2669,,stop,8
XLMUSDT,rnd410053,2024-08-05T20:00:00+00:00,2024-09-06T12:00:00+00:00,0.0859859,0.0879548142857,20.0,0.458,,stop,190
XLMUSDT,rnd410053,2024-09-08T00:00:00+00:00,2024-09-30T20:00:00+00:00,0.0886886,0.0985014,20.0,2.2129,,stop,137
XLMUSDT,rnd410053,2024-10-02T04:00:00+00:00,2024-10-03T08:00:00+00:00,0.095095,0.0892913335714,20.0,-1.2206,,stop,7
XLMUSDT,rnd410053,2024-10-08T04:00:00+00:00,2024-10-09T20:00:00+00:00,0.092092,0.0891099437143,20.0,-0.6476,,stop,10
XLMUSDT,rnd410053,2024-10-12T04:00:00+00:00,2024-10-23T16:00:00+00:00,0.0918918,0.0930497142857,20.0,0.252,,stop,69
XLMUSDT,rnd410053,2024-10-25T12:00:00+00:00,2024-10-25T20:00:00+00:00,0.0971971,0.0937817957571,20.0,-0.7028,,stop,2
XLMUSDT,rnd410053,2024-10-26T04:00:00+00:00,2024-11-01T00:00:00+00:00,0.0946946,0.0907109411143,20.0,-0.8414,,stop,35
XLMUSDT,rnd410053,2024-11-04T04:00:00+00:00,2024-11-10T20:00:00+00:00,0.0915915,0.108948085714,20.0,3.79,,stop,40
XLMUSDT,rnd410053,2024-11-16T20:00:00+00:00,2024-11-23T04:00:00+00:00,0.1996995,0.420065228571,20.0,22.0697,,stop,38
XLMUSDT,rnd410053,2024-11-26T16:00:00+00:00,2024-12-09T20:00:00+00:00,0.4425421,0.382659814286,20.0,-2.7063,,stop,79
XLMUSDT,rnd410053,2024-12-10T04:00:00+00:00,2024-12-19T16:00:00+00:00,0.3979976,0.372798257143,20.0,-1.2663,,stop,57
XLMUSDT,rnd410053,2024-12-22T12:00:00+00:00,2024-12-30T12:00:00+00:00,0.3671668,0.327515014286,20.0,-2.1599,,stop,48
XLMUSDT,rnd410053,2025-01-14T08:00:00+00:00,2025-01-18T04:00:00+00:00,0.4162158,0.455429828571,20.0,1.8843,,stop,23
XLMUSDT,rnd410053,2025-01-22T08:00:00+00:00,2025-01-27T04:00:00+00:00,0.4327323,0.3863455677,20.0,-2.1439,,stop,29
XLMUSDT,rnd410053,2025-02-12T08:00:00+00:00,2025-02-18T04:00:00+00:00,0.316316,0.325659728571,20.0,0.5908,,stop,35
XLMUSDT,rnd410053,2025-02-28T04:00:00+00:00,2025-03-03T04:00:00+00:00,0.2628626,0.330997242857,20.0,5.184,,stop,18
XLMUSDT,rnd410053,2025-03-22T16:00:00+00:00,2025-03-28T04:00:00+00:00,0.2754752,0.280262314286,20.0,0.3476,,stop,33
XLMUSDT,rnd410053,2025-03-31T04:00:00+00:00,2025-04-02T20:00:00+00:00,0.2638636,0.255829628571,20.0,-0.6089,,stop,16
XLMUSDT,rnd410053,2025-04-13T12:00:00+00:00,2025-04-13T20:00:00+00:00,0.2478476,0.234951698829,20.0,-1.0406,,stop,2
XLMUSDT,rnd410053,2025-04-19T00:00:00+00:00,2025-04-22T00:00:00+00:00,0.2401399,0.247509385714,20.0,0.6138,,stop,18
XLMUSDT,rnd410053,2025-04-22T04:00:00+00:00,2025-04-29T20:00:00+00:00,0.2486484,0.276137871429,20.0,2.2111,,stop,46
XLMUSDT,rnd410053,2025-05-01T20:00:00+00:00,2025-05-05T00:00:00+00:00,0.2764762,0.262855938086,20.0,-0.9853,,stop,19
XLMUSDT,rnd410053,2025-05-09T20:00:00+00:00,2025-05-13T00:00:00+00:00,0.2947945,0.3049947,20.0,0.692,,stop,19
XLMUSDT,rnd410053,2025-05-14T20:00:00+00:00,2025-05-19T04:00:00+00:00,0.3054051,0.2785013199,20.0,-1.7618,,stop,26
XLMUSDT,rnd410053,2025-05-26T08:00:00+00:00,2025-05-28T16:00:00+00:00,0.2899897,0.279388603157,20.0,-0.7311,,stop,14
XLMUSDT,rnd410053,2025-05-29T04:00:00+00:00,2025-05-30T00:00:00+00:00,0.2868866,0.275182570543,20.0,-0.8159,,stop,5
XLMUSDT,rnd410053,2025-06-05T20:00:00+00:00,2025-06-12T20:00:00+00:00,0.2596594,0.269059242857,20.0,0.724,,stop,42
XLMUSDT,rnd410053,2025-06-15T08:00:00+00:00,2025-06-17T16:00:00+00:00,0.2569567,0.253203685714,20.0,-0.2921,,stop,14
XLMUSDT,rnd410053,2025-06-19T08:00:00+00:00,2025-06-20T16:00:00+00:00,0.2509507,0.240228088586,20.0,-0.8546,,stop,8
XLMUSDT,rnd410053,2025-06-27T08:00:00+00:00,2025-07-01T16:00:00+00:00,0.2339337,0.228828085714,20.0,-0.4365,,stop,26
XLMUSDT,rnd410053,2025-07-01T20:00:00+00:00,2025-07-11T16:00:00+00:00,0.2248246,0.3671325,20.0,12.6595,,stop,59
XLMUSDT,rnd410053,2025-07-12T04:00:00+00:00,2025-07-15T00:00:00+00:00,0.3926923,0.430083771429,20.0,1.9044,,stop,17
XLMUSDT,rnd410053,2025-07-17T04:00:00+00:00,2025-07-23T12:00:00+00:00,0.4535531,0.432567,20.0,-0.9254,,stop,38
XLMUSDT,rnd410053,2025-07-28T00:00:00+00:00,2025-07-28T16:00:00+00:00,0.4447443,0.419895412843,20.0,-1.1174,,stop,4
XLMUSDT,rnd410053,2025-08-08T08:00:00+00:00,2025-08-11T20:00:00+00:00,0.4629625,0.431601894643,20.0,-1.3548,,stop,21
XLMUSDT,rnd410053,2025-08-13T20:00:00+00:00,2025-08-14T12:00:00+00:00,0.4543539,0.429227485714,20.0,-1.106,,stop,4
XLMUSDT,rnd410053,2025-08-15T04:00:00+00:00,2025-08-19T12:00:00+00:00,0.4306302,0.397767748371,20.0,-1.5262,,stop,26
XLMUSDT,rnd410053,2025-08-20T08:00:00+00:00,2025-08-25T08:00:00+00:00,0.3956953,0.391736442857,20.0,-0.2001,,stop,30
XLMUSDT,rnd410053,2025-08-26T08:00:00+00:00,2025-08-29T04:00:00+00:00,0.3894891,0.366336682329,20.0,-1.1889,,stop,17
XLMUSDT,rnd410053,2025-09-09T08:00:00+00:00,2025-09-14T12:00:00+00:00,0.3850847,0.386341842857,20.0,0.0653,,stop,31
XLMUSDT,rnd410053,2025-09-20T00:00:00+00:00,2025-09-22T00:00:00+00:00,0.388388,0.370534951286,20.0,-0.9193,,stop,12
XLMUSDT,rnd410053,2025-09-22T20:00:00+00:00,2025-09-25T16:00:00+00:00,0.3630627,0.350078142857,20.0,-0.7153,,stop,17
XLMUSDT,rnd410053,2025-09-25T20:00:00+00:00,2025-10-08T00:00:00+00:00,0.3541538,0.380861614286,20.0,1.5083,,stop,73
XLMUSDT,rnd410053,2025-10-08T04:00:00+00:00,2025-10-10T16:00:00+00:00,0.3830827,0.364164599443,20.0,-0.9877,,stop,15
XLMUSDT,rnd410053,2025-10-13T04:00:00+00:00,2025-11-03T12:00:00+00:00,0.3409406,0.275753855829,20.0,-3.8239,,stop,128
XLMUSDT,rnd410053,2025-11-19T12:00:00+00:00,2025-11-21T04:00:00+00:00,0.2480478,0.231851430771,20.0,-1.3059,,stop,10
XLMUSDT,rnd410053,2025-11-23T20:00:00+00:00,2025-12-01T00:00:00+00:00,0.2504502,0.236391942857,20.0,-1.1226,,stop,43
XLMUSDT,rnd410053,2025-12-10T00:00:00+00:00,2025-12-11T00:00:00+00:00,0.2533531,0.24975,20.0,-0.2844,,stop,6
XLMUSDT,rnd410053,2025-12-13T16:00:00+00:00,2025-12-14T20:00:00+00:00,0.2399397,0.228068546014,20.0,-0.9895,,stop,7
XLMUSDT,rnd410053,2025-12-16T04:00:00+00:00,2025-12-18T04:00:00+00:00,0.2188186,0.207842692114,20.0,-1.0032,,stop,12
XLMUSDT,rnd410053,2025-12-18T16:00:00+00:00,2025-12-18T16:00:00+00:00,0.2166164,0.203573337171,20.0,-1.2043,,stop,0
XLMUSDT,rnd410053,2025-12-19T12:00:00+00:00,2025-12-31T16:00:00+00:00,0.2170168,0.202440214286,20.0,-1.3434,,stop,73
XLMUSDT,rnd410053,2026-01-05T04:00:00+00:00,2026-01-06T16:00:00+00:00,0.2345343,0.235235957143,20.0,0.0598,,stop,9
XLMUSDT,rnd410053,2026-01-10T20:00:00+00:00,2026-01-12T12:00:00+00:00,0.2281279,0.217838414957,20.0,-0.9021,,stop,10
XLMUSDT,rnd410053,2026-01-20T16:00:00+00:00,2026-01-29T12:00:00+00:00,0.2120118,0.199151734629,20.0,-1.2131,,stop,53
XLMUSDT,rnd410053,2026-01-29T16:00:00+00:00,2026-01-31T04:00:00+00:00,0.1977976,0.1878595524,20.0,-1.0049,,stop,9
XLMUSDT,rnd410053,2026-02-01T20:00:00+00:00,2026-02-05T04:00:00+00:00,0.1757756,0.160329395829,20.0,-1.7575,,stop,20
XLMUSDT,rnd410053,2026-02-20T08:00:00+00:00,2026-02-23T00:00:00+00:00,0.1610609,0.153478696243,20.0,-0.9415,,stop,16
XLMUSDT,rnd410053,2026-02-23T08:00:00+00:00,2026-02-26T16:00:00+00:00,0.1534533,0.158384314286,20.0,0.6427,,stop,20
XLMUSDT,rnd410053,2026-03-02T16:00:00+00:00,2026-03-08T04:00:00+00:00,0.1605604,0.147983696743,20.0,-1.5666,,stop,33
XLMUSDT,rnd410053,2026-03-11T16:00:00+00:00,2026-03-19T12:00:00+00:00,0.1595594,0.164892085714,20.0,0.6684,,stop,47
XLMUSDT,rnd410053,2026-03-24T00:00:00+00:00,2026-03-27T12:00:00+00:00,0.1668667,0.168088885714,20.0,0.1465,,stop,21
XLMUSDT,rnd410053,2026-04-01T20:00:00+00:00,2026-04-02T08:00:00+00:00,0.1709708,0.162094257771,20.0,-1.0384,,stop,3
XLMUSDT,rnd410053,2026-04-05T04:00:00+00:00,2026-04-06T20:00:00+00:00,0.1615614,0.156761624314,20.0,-0.5942,,stop,10
XLMUSDT,rnd410053,2026-04-10T12:00:00+00:00,2026-04-19T20:00:00+00:00,0.1539538,0.165948171429,20.0,1.5582,,stop,56
XLMUSDT,rnd410053,2026-04-22T16:00:00+00:00,2026-04-25T12:00:00+00:00,0.1802801,0.171126659186,20.0,-1.0155,,stop,17
XLMUSDT,rnd410053,2026-04-30T20:00:00+00:00,2026-05-07T16:00:00+00:00,0.1593592,0.157670742857,20.0,-0.2119,,stop,41
XLMUSDT,rnd410053,2026-05-10T12:00:00+00:00,2026-05-12T08:00:00+00:00,0.163163,0.163679014286,20.0,0.0633,,stop,11
XLMUSDT,rnd410053,2026-05-18T04:00:00+00:00,2026-05-19T12:00:00+00:00,0.1496495,0.144308618357,20.0,-0.7138,,stop,8
XLMUSDT,rnd410053,2026-05-20T12:00:00+00:00,2026-05-23T04:00:00+00:00,0.1428427,0.141401314286,20.0,-0.2018,,stop,16
XLMUSDT,rnd410053,2026-05-29T12:00:00+00:00,2026-05-30T08:00:00+00:00,0.2040038,0.244326857143,20.0,3.9532,,stop,5
XLMUSDT,rnd410053,2026-06-09T12:00:00+00:00,2026-06-15T12:00:00+00:00,0.197197,0.179303231571,20.0,-1.8148,,stop,36
XLMUSDT,rnd410053,2026-06-16T04:00:00+00:00,2026-06-22T16:00:00+00:00,0.2148146,0.208163057143,20.0,-0.6193,,stop,39
XLMUSDT,rnd410053,2026-06-24T04:00:00+00:00,2026-06-25T12:00:00+00:00,0.1920919,0.178877129529,20.0,-1.3759,,stop,8
XLMUSDT,rnd410053,2026-07-19T12:00:00+00:00,2026-07-22T20:00:00+00:00,0.1882881,0.185728371429,20.0,-0.2719,,stop,20
XLMUSDT,rnd410053,2026-08-06T12:00:00+00:00,2026-08-14T20:00:00+00:00,0.1610609,0.157085614286,20.0,-0.4936,,stop,50
XLMUSDT,rnd410053,2026-08-24T08:00:00+00:00,2026-08-30T20:00:00+00:00,0.1954953,0.1744254,20.0,-2.1555,,stop,39
