symbol,engine,window,kind,entry_time,exit_time,entry,exit,pnl,notional,bars_held,buy_px,sell_px,buy_level,sell_level,same_bar
ATOMUSDT,static,اختيار,cycle,2021-11-14 00:04:00+00:00,2021-11-14 00:16:00+00:00,32.50648928571429,32.60327485714286,0.42589910419612337,142.85714285714286,1,32.464285714285715,32.645714285714284,32.464285714285715,32.645714285714284,
ATOMUSDT,static,اختيار,cycle,2021-11-14 00:00:00+00:00,2021-11-14 00:27:00+00:00,32.552263,32.78446757142857,1.016123627816243,142.2632592333275,1,32.51,32.82714285714285,32.645714285714284,32.82714285714285,
ATOMUSDT,static,اختيار,cycle,2021-11-14 00:00:00+00:00,2021-11-14 00:38:00+00:00,32.552263,32.965660285714286,1.799022088490719,141.47700073980593,1,32.51,33.00857142857143,32.82714285714285,33.00857142857143,
ATOMUSDT,static,اختيار,cycle,2021-11-14 00:00:00+00:00,2021-11-14 00:39:00+00:00,32.552263,33.146853,2.57331429066042,140.699385441011,1,32.51,33.19,33.00857142857143,33.19,
ATOMUSDT,static,اختيار,cycle,2021-11-14 05:22:00+00:00,2021-11-14 05:58:00+00:00,32.324824857142865,32.42208214285714,0.4303800589179482,142.85714285714286,1,32.28285714285715,32.464285714285715,32.28285714285715,32.464285714285715,
ATOMUSDT,static,اختيار,cycle,2021-11-14 08:18:00+00:00,2021-11-14 08:48:00+00:00,32.14316042857143,32.240889428571435,0.43491166392242525,142.85714285714286,1,32.10142857142857,32.28285714285715,32.10142857142857,32.28285714285715,
ATOMUSDT,static,اختيار,cycle,2021-11-14 09:03:00+00:00,2021-11-14 09:40:00+00:00,32.14316042857143,32.240889428571435,0.43491166392242525,142.85714285714286,1,32.10142857142857,32.28285714285715,32.10142857142857,32.28285714285715,
ATOMUSDT,static,اختيار,cycle,2021-11-14 09:52:00+00:00,2021-11-14 12:45:00+00:00,32.14316042857143,32.240889428571435,0.43491166392242525,142.85714285714286,1,32.10142857142857,32.28285714285715,32.10142857142857,32.28285714285715,
ATOMUSDT,static,اختيار,flatten,2021-11-14 14:37:00+00:00,2021-11-14 16:50:00+00:00,31.961496000000004,31.240933920000003,-3.224857142857145,142.85714285714286,1,31.92,31.2816,31.92,32.10142857142857,
ATOMUSDT,static,اختيار,flatten,2021-11-14 14:09:00+00:00,2021-11-14 16:50:00+00:00,32.14316042857143,31.240933920000003,-4.015070573501063,142.85714285714286,1,32.10142857142857,31.2816,32.10142857142857,32.28285714285715,
ATOMUSDT,static,اختيار,flatten,2021-11-14 07:38:00+00:00,2021-11-14 16:50:00+00:00,32.324824857142865,31.240933920000003,-4.796402058336407,142.85714285714286,1,32.28285714285715,31.2816,32.28285714285715,32.464285714285715,
ATOMUSDT,static,اختيار,flatten,2021-11-14 03:30:00+00:00,2021-11-14 16:50:00+00:00,32.50648928571429,31.240933920000003,-5.569000509193772,142.85714285714286,1,32.464285714285715,31.2816,32.464285714285715,32.645714285714284,
ATOMUSDT,static,اختيار,flatten,2021-11-14 02:49:00+00:00,2021-11-14 16:50:00+00:00,32.68815371428572,31.240933920000003,-6.333011527593712,142.85714285714286,1,32.645714285714284,31.2816,32.645714285714284,32.82714285714285,
ATOMUSDT,static,اختيار,flatten,2021-11-14 02:01:00+00:00,2021-11-14 16:50:00+00:00,32.86981814285714,31.240933920000003,-7.088577496223242,142.85714285714286,1,32.82714285714285,31.2816,32.82714285714285,33.00857142857143,
ATOMUSDT,static,اختيار,flatten,2021-11-14 00:44:00+00:00,2021-11-14 16:50:00+00:00,33.05148257142857,31.240933920000003,-7.835837667396212,142.85714285714286,1,33.00857142857143,31.2816,33.00857142857143,33.19,
ATOMUSDT,static,اختيار,cycle,2022-11-01 04:25:00+00:00,2022-11-01 04:41:00+00:00,14.211164814285715,14.276559171428572,0.658228639874151,142.85714285714286,1,14.192714285714285,14.295142857142856,14.192714285714285,14.295142857142856,
ATOMUSDT,static,اختيار,cycle,2022-11-01 05:25:00+00:00,2022-11-01 06:48:00+00:00,14.211164814285715,14.276559171428572,0.658228639874151,142.85714285714286,1,14.192714285714285,14.295142857142856,14.192714285714285,14.295142857142856,
ATOMUSDT,static,اختيار,cycle,2022-11-01 13:46:00+00:00,2022-11-01 14:16:00+00:00,13.903479628571429,13.969672928571429,0.6810150414617597,142.85714285714286,1,13.885428571428571,13.987857142857143,13.885428571428571,13.987857142857143,
ATOMUSDT,static,اختيار,cycle,2022-11-01 09:57:00+00:00,2022-11-01 14:35:00+00:00,14.006041357142859,14.071968342857144,0.6733083359473478,142.85714285714286,1,13.987857142857143,14.090285714285715,13.987857142857143,14.090285714285715,
ATOMUSDT,static,اختيار,cycle,2022-11-01 14:47:00+00:00,2022-11-01 15:30:00+00:00,14.006041357142859,14.071968342857144,0.6733083359473478,142.85714285714286,1,13.987857142857143,14.090285714285715,13.987857142857143,14.090285714285715,
ATOMUSDT,static,اختيار,cycle,2022-11-01 08:25:00+00:00,2022-11-01 15:47:00+00:00,14.108603085714288,14.174263757142857,0.6657136773924185,142.85714285714286,1,14.090285714285715,14.192714285714285,14.090285714285715,14.192714285714285,
ATOMUSDT,static,اختيار,cycle,2022-11-01 16:35:00+00:00,2022-11-01 16:46:00+00:00,14.006041357142859,14.071968342857144,0.6733083359473478,142.85714285714286,1,13.987857142857143,14.090285714285715,13.987857142857143,14.090285714285715,
ATOMUSDT,static,اختيار,cycle,2022-11-01 16:15:00+00:00,2022-11-01 18:02:00+00:00,14.108603085714288,14.174263757142857,0.6657136773924185,142.85714285714286,1,14.090285714285715,14.192714285714285,14.090285714285715,14.192714285714285,
ATOMUSDT,static,اختيار,cycle,2022-11-01 19:47:00+00:00,2022-11-01 21:48:00+00:00,14.006041357142859,14.071968342857144,0.6733083359473478,142.85714285714286,1,13.987857142857143,14.090285714285715,13.987857142857143,14.090285714285715,
ATOMUSDT,static,اختيار,cycle,2022-11-01 19:25:00+00:00,2022-11-01 23:22:00+00:00,14.108603085714288,14.174263757142857,0.6657136773924185,142.85714285714286,1,14.090285714285715,14.192714285714285,14.090285714285715,14.192714285714285,
ATOMUSDT,static,اختيار,cycle,2022-11-01 23:35:00+00:00,2022-11-02 00:18:00+00:00,14.108603085714288,14.174263757142857,0.6657136773924185,142.85714285714286,1,14.090285714285715,14.192714285714285,14.090285714285715,14.192714285714285,
ATOMUSDT,static,اختيار,cycle,2022-11-02 02:08:00+00:00,2022-11-02 02:56:00+00:00,13.903479628571429,13.969672928571429,0.6810150414617597,142.85714285714286,1,13.885428571428571,13.987857142857143,13.885428571428571,13.987857142857143,
ATOMUSDT,static,اختيار,cycle,2022-11-02 07:15:00+00:00,2022-11-02 09:00:00+00:00,13.8009179,13.867377514285714,0.6888362919716203,142.85714285714286,1,13.783,13.885428571428571,13.783,13.885428571428571,
ATOMUSDT,static,اختيار,flatten,2022-11-02 09:14:00+00:00,2022-11-02 13:31:00+00:00,13.8009179,13.489780458,-3.22485714285714,142.85714285714286,1,13.783,13.50734,13.783,13.885428571428571,
ATOMUSDT,static,اختيار,flatten,2022-11-02 04:15:00+00:00,2022-11-02 13:31:00+00:00,13.903479628571429,13.489780458,-4.256251883489663,142.85714285714286,1,13.885428571428571,13.50734,13.885428571428571,13.987857142857143,
ATOMUSDT,static,اختيار,flatten,2022-11-02 01:53:00+00:00,2022-11-02 13:31:00+00:00,14.006041357142859,13.489780458,-5.272541481313985,142.85714285714286,1,13.987857142857143,13.50734,13.987857142857143,14.090285714285715,
ATOMUSDT,static,اختيار,flatten,2022-11-02 00:45:00+00:00,2022-11-02 13:31:00+00:00,14.108603085714288,13.489780458,-6.274055354390942,142.85714285714286,1,14.090285714285715,13.50734,14.090285714285715,14.192714285714285,
ATOMUSDT,static,اختيار,flatten,2022-11-01 07:25:00+00:00,2022-11-02 13:31:00+00:00,14.211164814285715,13.489780458,-7.26111341116382,142.85714285714286,1,14.192714285714285,13.50734,14.192714285714285,14.295142857142856,
ATOMUSDT,static,اختيار,flatten,2022-11-01 00:57:00+00:00,2022-11-02 13:31:00+00:00,14.313726542857143,13.489780458,-8.23402639115327,142.85714285714286,1,14.295142857142856,13.50734,14.295142857142856,14.397571428571428,
ATOMUSDT,static,اختيار,flatten,2022-11-01 00:00:00+00:00,2022-11-02 13:31:00+00:00,14.3396173,13.489780458,-8.43234317295576,142.0973775339095,1,14.321,13.50734,14.397571428571428,14.5,
ATOMUSDT,static,اختيار,flatten,2023-03-03 01:20:00+00:00,2023-03-03 01:28:00+00:00,12.171802800000002,11.897393255999999,-3.2248571428571746,142.85714285714286,1,12.156,11.91288,12.156,12.257857142857143,
ATOMUSDT,static,اختيار,flatten,2023-03-03 01:18:00+00:00,2023-03-03 01:28:00+00:00,12.273792357142858,11.897393255999999,-4.38668027670717,142.85714285714286,1,12.257857142857143,11.91288,12.257857142857143,12.359714285714286,
ATOMUSDT,static,اختيار,flatten,2023-03-03 00:39:00+00:00,2023-03-03 01:28:00+00:00,12.375781914285716,11.897393255999999,-5.5293541030273055,142.85714285714286,1,12.359714285714286,11.91288,12.359714285714286,12.461571428571428,
ATOMUSDT,static,اختيار,flatten,2023-03-03 00:00:00+00:00,2023-03-03 01:28:00+00:00,12.477771471428571,11.897393255999999,-6.653348183886147,142.85714285714286,1,12.461571428571428,11.91288,12.461571428571428,12.563428571428572,
ATOMUSDT,static,اختيار,flatten,2023-03-03 00:00:00+00:00,2023-03-03 01:28:00+00:00,12.4812045,11.897393255999999,-6.638443145638149,141.7379241335395,1,12.465,11.91288,12.563428571428572,12.665285714285714,
ATOMUSDT,static,اختيار,flatten,2023-03-03 00:00:00+00:00,2023-03-03 01:28:00+00:00,12.4812045,11.897393255999999,-6.585055257904073,140.59803512413006,1,12.465,11.91288,12.665285714285714,12.767142857142858,
ATOMUSDT,static,اختيار,flatten,2023-03-03 00:00:00+00:00,2023-03-03 01:28:00+00:00,12.4812045,11.897393255999999,-6.532519234642513,139.47633434038266,1,12.465,11.91288,12.767142857142858,12.869,
ATOMUSDT,static,اختيار,flatten,2023-04-19 08:10:00+00:00,2023-04-19 08:13:00+00:00,12.169800200000001,11.895435804,-3.2248571428571555,142.85714285714286,1,12.154,11.910919999999999,12.154,12.24242857142857,
ATOMUSDT,static,اختيار,flatten,2023-04-19 08:02:00+00:00,2023-04-19 08:13:00+00:00,12.258343728571429,11.895435804,-4.234779800593126,142.85714285714286,1,12.24242857142857,11.910919999999999,12.24242857142857,12.330857142857143,
ATOMUSDT,static,اختيار,flatten,2023-04-19 06:18:00+00:00,2023-04-19 08:13:00+00:00,12.346887257142859,11.895435804,-5.230217493197771,142.85714285714286,1,12.330857142857143,11.910919999999999,12.330857142857143,12.419285714285714,
ATOMUSDT,static,اختيار,flatten,2023-04-19 02:06:00+00:00,2023-04-19 08:13:00+00:00,12.435430785714287,11.895435804,-6.211479630922952,142.85714285714286,1,12.419285714285714,11.910919999999999,12.419285714285714,12.507714285714286,
ATOMUSDT,static,اختيار,flatten,2023-04-19 00:32:00+00:00,2023-04-19 08:13:00+00:00,12.523974314285715,11.895435804,-7.1788668739945045,142.85714285714286,1,12.507714285714286,11.910919999999999,12.507714285714286,12.596142857142857,
ATOMUSDT,static,اختيار,flatten,2023-04-19 00:00:00+00:00,2023-04-19 08:13:00+00:00,12.571321500000002,11.895435804,-7.665449695485032,142.39052771256507,1,12.555,11.910919999999999,12.596142857142857,12.684571428571429,
ATOMUSDT,static,اختيار,flatten,2023-04-19 00:00:00+00:00,2023-04-19 08:13:00+00:00,12.571321500000002,11.895435804,-7.612011172177692,141.3978736823137,1,12.555,11.910919999999999,12.684571428571429,12.773,
ATOMUSDT,static,حكم,cycle,2024-04-07 00:00:00+00:00,2024-04-07 01:21:00+00:00,11.113428700000002,11.166464699999999,0.6805769428189736,142.42634226465458,1,11.099,11.181,11.132571428571428,11.181,
ATOMUSDT,static,حكم,cycle,2024-04-07 06:59:00+00:00,2024-04-07 08:49:00+00:00,11.14704377142857,11.166464699999999,0.24921630956046564,142.85714285714286,1,11.132571428571428,11.181,11.132571428571428,11.181,
ATOMUSDT,static,حكم,cycle,2024-04-07 09:38:00+00:00,2024-04-07 10:20:00+00:00,11.098552242857142,11.118099085714285,0.2519280163056924,142.85714285714286,1,11.084142857142856,11.132571428571428,11.084142857142856,11.132571428571428,
ATOMUSDT,static,حكم,cycle,2024-04-07 09:30:00+00:00,2024-04-07 13:01:00+00:00,11.14704377142857,11.166464699999999,0.24921630956046564,142.85714285714286,1,11.132571428571428,11.181,11.132571428571428,11.181,
ATOMUSDT,static,حكم,cycle,2024-04-07 15:50:00+00:00,2024-04-07 16:10:00+00:00,11.098552242857142,11.118099085714285,0.2519280163056924,142.85714285714286,1,11.084142857142856,11.132571428571428,11.084142857142856,11.132571428571428,
ATOMUSDT,static,حكم,cycle,2024-04-07 19:53:00+00:00,2024-04-07 20:18:00+00:00,11.001569185714287,11.021367857142856,0.2574231440050109,142.85714285714286,1,10.987285714285715,11.035714285714285,10.987285714285715,11.035714285714285,
ATOMUSDT,static,حكم,cycle,2024-04-07 22:03:00+00:00,2024-04-07 22:18:00+00:00,10.953077657142858,10.9737156,0.2695233617659507,142.85714285714286,1,10.938857142857144,10.988,10.938857142857144,10.987285714285715,
ATOMUSDT,static,حكم,cycle,2024-04-07 21:57:00+00:00,2024-04-07 23:03:00+00:00,11.001569185714287,11.021367857142856,0.2574231440050109,142.85714285714286,1,10.987285714285715,11.035714285714285,10.987285714285715,11.035714285714285,
ATOMUSDT,static,حكم,cycle,2024-04-07 18:03:00+00:00,2024-04-07 23:40:00+00:00,11.050060714285713,11.06973347142857,0.25466352288487726,142.85714285714286,1,11.035714285714285,11.084142857142856,11.035714285714285,11.084142857142856,
ATOMUSDT,static,حكم,cycle,2024-04-08 00:34:00+00:00,2024-04-08 01:15:00+00:00,11.050060714285713,11.06973347142857,0.25466352288487726,142.85714285714286,1,11.035714285714285,11.084142857142856,11.035714285714285,11.084142857142856,
ATOMUSDT,static,حكم,cycle,2024-04-08 03:09:00+00:00,2024-04-08 03:38:00+00:00,10.953077657142858,10.973002242857143,0.2602071999462672,142.85714285714286,1,10.938857142857144,10.987285714285715,10.938857142857144,10.987285714285715,
ATOMUSDT,static,حكم,cycle,2024-04-08 02:50:00+00:00,2024-04-08 06:04:00+00:00,11.001569185714287,11.021367857142856,0.2574231440050109,142.85714285714286,1,10.987285714285715,11.035714285714285,10.987285714285715,11.035714285714285,
ATOMUSDT,static,حكم,cycle,2024-04-08 01:51:00+00:00,2024-04-08 07:34:00+00:00,11.050060714285713,11.06973347142857,0.25466352288487726,142.85714285714286,1,11.035714285714285,11.084142857142856,11.035714285714285,11.084142857142856,
ATOMUSDT,static,حكم,cycle,2024-04-07 17:41:00+00:00,2024-04-08 07:38:00+00:00,11.098552242857142,11.118099085714285,0.2519280163056924,142.85714285714286,1,11.084142857142856,11.132571428571428,11.084142857142856,11.132571428571428,
ATOMUSDT,static,حكم,cycle,2024-04-07 15:35:00+00:00,2024-04-08 07:49:00+00:00,11.14704377142857,11.166464699999999,0.24921630956046564,142.85714285714286,1,11.132571428571428,11.181,11.132571428571428,11.181,
ATOMUSDT,static,حكم,cycle,2024-09-28 01:21:00+00:00,2024-09-28 02:24:00+00:00,5.118073428571429,5.132604642857143,0.40612672682264833,142.85714285714286,1,5.111428571428571,5.139285714285714,5.111428571428571,5.139285714285714,
ATOMUSDT,static,حكم,cycle,2024-09-28 08:04:00+00:00,2024-09-28 10:30:00+00:00,5.006500000000001,5.021320928571429,0.4234551020408008,142.85714285714286,1,5.0,5.027857142857143,5.0,5.027857142857143,
ATOMUSDT,static,حكم,cycle,2024-09-28 06:36:00+00:00,2024-09-28 10:36:00+00:00,5.034393357142858,5.049141857142858,0.41905100156271086,142.85714285714286,1,5.027857142857143,5.055714285714286,5.027857142857143,5.055714285714286,
ATOMUSDT,static,حكم,cycle,2024-09-28 13:04:00+00:00,2024-09-28 14:11:00+00:00,5.006500000000001,5.021320928571429,0.4234551020408008,142.85714285714286,1,5.0,5.027857142857143,5.0,5.027857142857143,
ATOMUSDT,static,حكم,cycle,2024-09-28 12:09:00+00:00,2024-09-28 14:26:00+00:00,5.034393357142858,5.049141857142858,0.41905100156271086,142.85714285714286,1,5.027857142857143,5.055714285714286,5.027857142857143,5.055714285714286,
ATOMUSDT,static,حكم,cycle,2024-09-28 20:17:00+00:00,2024-09-29 00:25:00+00:00,5.006500000000001,5.021320928571429,0.4234551020408008,142.85714285714286,1,5.0,5.027857142857143,5.0,5.027857142857143,
ATOMUSDT,static,حكم,cycle,2024-09-29 00:40:00+00:00,2024-09-29 02:07:00+00:00,5.006500000000001,5.021320928571429,0.4234551020408008,142.85714285714286,1,5.0,5.027857142857143,5.0,5.027857142857143,
ATOMUSDT,static,حكم,cycle,2024-09-28 15:06:00+00:00,2024-09-29 02:49:00+00:00,5.034393357142858,5.049141857142858,0.41905100156271086,142.85714285714286,1,5.027857142857143,5.055714285714286,5.027857142857143,5.055714285714286,
ATOMUSDT,static,حكم,cycle,2024-09-29 03:02:00+00:00,2024-09-29 04:04:00+00:00,5.033535100000001,5.049141857142858,0.443436770645173,142.83278874840175,1,5.027,5.055714285714286,5.027857142857143,5.055714285714286,
ATOMUSDT,static,حكم,cycle,2024-09-29 04:20:00+00:00,2024-09-29 04:58:00+00:00,5.034393357142858,5.049141857142858,0.41905100156271086,142.85714285714286,1,5.027857142857143,5.055714285714286,5.027857142857143,5.055714285714286,
ATOMUSDT,static,حكم,cycle,2024-09-29 06:20:00+00:00,2024-09-29 06:29:00+00:00,5.006500000000001,5.021320928571429,0.4234551020408008,142.85714285714286,1,5.0,5.027857142857143,5.0,5.027857142857143,
ATOMUSDT,static,حكم,cycle,2024-09-29 07:22:00+00:00,2024-09-29 09:30:00+00:00,5.006500000000001,5.021320928571429,0.4234551020408008,142.85714285714286,1,5.0,5.027857142857143,5.0,5.027857142857143,
ATOMUSDT,static,حكم,cycle,2024-09-29 10:22:00+00:00,2024-09-29 11:34:00+00:00,5.006500000000001,5.021320928571429,0.4234551020408008,142.85714285714286,1,5.0,5.027857142857143,5.0,5.027857142857143,
ATOMUSDT,static,حكم,cycle,2024-09-29 12:52:00+00:00,2024-09-29 13:42:00+00:00,5.006500000000001,5.021320928571429,0.4234551020408008,142.85714285714286,1,5.0,5.027857142857143,5.0,5.027857142857143,
ATOMUSDT,static,حكم,cycle,2024-09-29 05:37:00+00:00,2024-09-29 14:31:00+00:00,5.034393357142858,5.049141857142858,0.41905100156271086,142.85714285714286,1,5.027857142857143,5.055714285714286,5.027857142857143,5.055714285714286,
ATOMUSDT,static,حكم,cycle,2024-09-28 05:50:00+00:00,2024-09-29 14:46:00+00:00,5.062286714285715,5.0769627857142865,0.414695434545668,142.85714285714286,1,5.055714285714286,5.083571428571429,5.055714285714286,5.083571428571429,
ATOMUSDT,static,حكم,cycle,2024-09-29 14:49:00+00:00,2024-09-29 15:04:00+00:00,5.062286714285715,5.0769627857142865,0.414695434545668,142.85714285714286,1,5.055714285714286,5.083571428571429,5.055714285714286,5.083571428571429,
ATOMUSDT,static,حكم,cycle,2024-09-28 05:16:00+00:00,2024-09-29 16:03:00+00:00,5.0901800714285725,5.104783714285714,0.41038760312327904,142.85714285714286,1,5.083571428571429,5.111428571428571,5.083571428571429,5.111428571428571,
ATOMUSDT,static,حكم,cycle,2024-09-29 16:37:00+00:00,2024-09-29 16:46:00+00:00,5.062286714285715,5.0769627857142865,0.414695434545668,142.85714285714286,1,5.055714285714286,5.083571428571429,5.055714285714286,5.083571428571429,
ATOMUSDT,static,حكم,cycle,2024-09-29 16:18:00+00:00,2024-09-29 19:56:00+00:00,5.0901800714285725,5.104783714285714,0.41038760312327904,142.85714285714286,1,5.083571428571429,5.111428571428571,5.083571428571429,5.111428571428571,
ATOMUSDT,static,حكم,cycle,2024-09-30 00:27:00+00:00,2024-09-30 00:58:00+00:00,5.006500000000001,5.021320928571429,0.4234551020408008,142.85714285714286,1,5.0,5.027857142857143,5.0,5.027857142857143,
ATOMUSDT,static,حكم,cycle,2024-09-29 23:07:00+00:00,2024-09-30 01:05:00+00:00,5.034393357142858,5.049141857142858,0.41905100156271086,142.85714285714286,1,5.027857142857143,5.055714285714286,5.027857142857143,5.055714285714286,
ATOMUSDT,static,حكم,cycle,2024-09-30 01:17:00+00:00,2024-09-30 01:31:00+00:00,5.006500000000001,5.021320928571429,0.4234551020408008,142.85714285714286,1,5.0,5.027857142857143,5.0,5.027857142857143,
ATOMUSDT,static,حكم,flatten,2024-09-30 01:45:00+00:00,2024-09-30 03:08:00+00:00,5.006500000000001,4.893630000000001,-3.224857142857144,142.85714285714286,1,5.0,4.9,5.0,5.027857142857143,
ATOMUSDT,static,حكم,flatten,2024-09-30 01:10:00+00:00,2024-09-30 03:08:00+00:00,5.034393357142858,4.893630000000001,-3.9995271243886137,142.85714285714286,1,5.027857142857143,4.9,5.027857142857143,5.055714285714286,
ATOMUSDT,static,حكم,flatten,2024-09-29 22:12:00+00:00,2024-09-30 03:08:00+00:00,5.062286714285715,4.893630000000001,-4.765660194566671,142.85714285714286,1,5.055714285714286,4.9,5.055714285714286,5.083571428571429,
ATOMUSDT,static,حكم,flatten,2024-09-29 20:24:00+00:00,2024-09-30 03:08:00+00:00,5.0901800714285725,4.893630000000001,-5.523396696039672,142.85714285714286,1,5.083571428571429,4.9,5.083571428571429,5.111428571428571,
ATOMUSDT,static,حكم,flatten,2024-09-28 04:56:00+00:00,2024-09-30 03:08:00+00:00,5.118073428571429,4.893630000000001,-6.272873912001903,142.85714285714286,1,5.111428571428571,4.9,5.111428571428571,5.139285714285714,
ATOMUSDT,static,حكم,flatten,2024-09-28 00:00:00+00:00,2024-09-30 03:08:00+00:00,5.145966785714286,4.893630000000001,-7.014226149111475,142.85714285714286,1,5.139285714285714,4.9,5.139285714285714,5.167142857142857,
ATOMUSDT,static,حكم,flatten,2024-09-28 00:00:00+00:00,2024-09-30 03:08:00+00:00,5.147683300000001,4.893630000000001,-7.023867846281443,142.13436549626763,1,5.141,4.9,5.167142857142857,5.195,
ATOMUSDT,static,حكم,cycle,2024-10-28 03:59:00+00:00,2024-10-28 04:08:00+00:00,4.349075028571429,4.359182828571429,0.33244967767399397,142.85714285714286,1,4.343428571428571,4.364857142857143,4.343428571428571,4.364857142857143,
ATOMUSDT,static,حكم,cycle,2024-10-28 05:29:00+00:00,2024-10-28 05:51:00+00:00,4.3276186,4.337782114285714,0.3359395215744674,142.85714285714286,1,4.322,4.343428571428571,4.322,4.343428571428571,
ATOMUSDT,static,حكم,cycle,2024-10-28 04:24:00+00:00,2024-10-28 07:01:00+00:00,4.349075028571429,4.359182828571429,0.33244967767399397,142.85714285714286,1,4.343428571428571,4.364857142857143,4.343428571428571,4.364857142857143,
ATOMUSDT,static,حكم,cycle,2024-10-28 03:45:00+00:00,2024-10-28 07:09:00+00:00,4.3705314571428575,4.380583542857143,0.3289940994398572,142.85714285714283,1,4.364857142857143,4.386285714285714,4.364857142857143,4.386285714285714,
ATOMUSDT,static,حكم,cycle,2024-10-28 03:41:00+00:00,2024-10-28 07:12:00+00:00,4.391987885714286,4.401984257142858,0.3255722846720809,142.85714285714286,1,4.386285714285714,4.407714285714286,4.386285714285714,4.407714285714286,
ATOMUSDT,static,حكم,cycle,2024-10-28 02:59:00+00:00,2024-10-28 08:14:00+00:00,4.413444314285715,4.423384971428572,0.32218374093656754,142.85714285714286,1,4.407714285714286,4.429142857142858,4.407714285714286,4.429142857142858,
ATOMUSDT,static,حكم,cycle,2024-10-28 09:32:00+00:00,2024-10-28 09:51:00+00:00,4.413444314285715,4.423384971428572,0.32218374093656754,142.85714285714286,1,4.407714285714286,4.429142857142858,4.407714285714286,4.429142857142858,
ATOMUSDT,static,حكم,cycle,2024-10-28 01:42:00+00:00,2024-10-28 10:36:00+00:00,4.434900742857144,4.444785685714287,0.3188279853290875,142.85714285714286,1,4.429142857142858,4.450571428571429,4.429142857142858,4.450571428571429,
ATOMUSDT,static,حكم,cycle,2024-10-28 12:08:00+00:00,2024-10-28 12:46:00+00:00,4.434900742857144,4.444785685714287,0.3188279853290875,142.85714285714286,1,4.429142857142858,4.450571428571429,4.429142857142858,4.450571428571429,
ATOMUSDT,static,حكم,cycle,2024-10-28 14:39:00+00:00,2024-10-28 14:46:00+00:00,4.3705314571428575,4.380583542857143,0.3289940994398572,142.85714285714283,1,4.364857142857143,4.386285714285714,4.364857142857143,4.386285714285714,
ATOMUSDT,static,حكم,cycle,2024-10-28 15:59:00+00:00,2024-10-28 16:45:00+00:00,4.3276186,4.337782114285714,0.3359395215744674,142.85714285714286,1,4.322,4.343428571428571,4.322,4.343428571428571,
ATOMUSDT,static,حكم,cycle,2024-10-28 16:50:00+00:00,2024-10-28 17:32:00+00:00,4.3276186,4.337782114285714,0.3359395215744674,142.85714285714286,1,4.322,4.343428571428571,4.322,4.343428571428571,
ATOMUSDT,static,حكم,cycle,2024-10-28 17:47:00+00:00,2024-10-28 18:10:00+00:00,4.3276186,4.337782114285714,0.3359395215744674,142.85714285714286,1,4.322,4.343428571428571,4.322,4.343428571428571,
ATOMUSDT,static,حكم,cycle,2024-10-28 18:24:00+00:00,2024-10-28 18:58:00+00:00,4.3276186,4.337782114285714,0.3359395215744674,142.85714285714286,1,4.322,4.343428571428571,4.322,4.343428571428571,
ATOMUSDT,static,حكم,cycle,2024-10-28 15:05:00+00:00,2024-10-28 19:06:00+00:00,4.349075028571429,4.359182828571429,0.33244967767399397,142.85714285714286,1,4.343428571428571,4.364857142857143,4.343428571428571,4.364857142857143,
ATOMUSDT,static,حكم,cycle,2024-10-28 15:01:00+00:00,2024-10-28 19:24:00+00:00,4.3705314571428575,4.380583542857143,0.3289940994398572,142.85714285714283,1,4.364857142857143,4.386285714285714,4.364857142857143,4.386285714285714,
ATOMUSDT,static,حكم,cycle,2024-10-28 19:35:00+00:00,2024-10-28 19:42:00+00:00,4.3705314571428575,4.380583542857143,0.3289940994398572,142.85714285714283,1,4.364857142857143,4.386285714285714,4.364857142857143,4.386285714285714,
ATOMUSDT,static,حكم,cycle,2024-10-28 14:19:00+00:00,2024-10-28 21:19:00+00:00,4.391987885714286,4.401984257142858,0.3255722846720809,142.85714285714286,1,4.386285714285714,4.407714285714286,4.386285714285714,4.407714285714286,
ATOMUSDT,static,حكم,cycle,2024-10-28 14:00:00+00:00,2024-10-28 21:42:00+00:00,4.413444314285715,4.423384971428572,0.32218374093656754,142.85714285714286,1,4.407714285714286,4.429142857142858,4.407714285714286,4.429142857142858,
ATOMUSDT,static,حكم,cycle,2024-10-28 13:05:00+00:00,2024-10-28 21:54:00+00:00,4.434900742857144,4.444785685714287,0.3188279853290875,142.85714285714286,1,4.429142857142858,4.450571428571429,4.429142857142858,4.450571428571429,
ATOMUSDT,static,حكم,cycle,2024-10-28 00:43:00+00:00,2024-10-28 22:01:00+00:00,4.456357171428572,4.466186400000001,0.3155045442456287,142.85714285714286,1,4.450571428571429,4.472,4.450571428571429,4.472,
ATOMUSDT,static,حكم,cycle,2024-10-29 00:03:00+00:00,2024-10-29 00:55:00+00:00,4.456357171428572,4.466186400000001,0.3155045442456287,142.85714285714286,1,4.450571428571429,4.472,4.450571428571429,4.472,
ATOMUSDT,static,حكم,cycle,2024-12-26 00:00:00+00:00,2024-12-26 00:17:00+00:00,6.954028500000001,7.0003163142857145,0.9494546743869777,142.45569412536923,1,6.945,7.009428571428572,6.964571428571428,7.009428571428572,
ATOMUSDT,static,حكم,cycle,2024-12-26 00:41:00+00:00,2024-12-26 01:02:00+00:00,6.883794457142858,6.910718657142858,0.5594755215692762,142.85714285714286,1,6.8748571428571426,6.919714285714286,6.8748571428571426,6.919714285714286,
ATOMUSDT,static,حكم,cycle,2024-12-26 02:01:00+00:00,2024-12-26 02:19:00+00:00,6.838879,6.865919828571428,0.56558938655988,142.85714285714286,1,6.83,6.8748571428571426,6.83,6.8748571428571426,
ATOMUSDT,static,حكم,flatten,2024-12-26 02:45:00+00:00,2024-12-26 05:07:00+00:00,6.838879,6.68469858,-3.2248571428571493,142.85714285714286,1,6.83,6.6934,6.83,6.8748571428571426,
ATOMUSDT,static,حكم,flatten,2024-12-26 01:14:00+00:00,2024-12-26 05:07:00+00:00,6.883794457142858,6.68469858,-4.137143153995049,142.85714285714286,1,6.8748571428571426,6.6934,6.8748571428571426,6.919714285714286,
ATOMUSDT,static,حكم,flatten,2024-12-26 00:32:00+00:00,2024-12-26 05:07:00+00:00,6.928709914285715,6.68469858,-5.037601351949195,142.85714285714286,1,6.919714285714286,6.6934,6.919714285714286,6.964571428571428,
ATOMUSDT,static,حكم,flatten,2024-12-26 00:29:00+00:00,2024-12-26 05:07:00+00:00,6.973625371428572,6.68469858,-5.926460277087537,142.85714285714286,1,6.964571428571428,6.6934,6.964571428571428,7.009428571428572,
ATOMUSDT,static,حكم,flatten,2024-12-26 00:00:00+00:00,2024-12-26 05:07:00+00:00,6.954028500000001,6.68469858,-5.4891354502099325,141.5440427179717,1,6.945,6.6934,7.009428571428572,7.054285714285714,
ATOMUSDT,static,حكم,flatten,2024-12-26 00:00:00+00:00,2024-12-26 05:07:00+00:00,6.954028500000001,6.68469858,-5.45423086269746,140.6439854191981,1,6.945,6.6934,7.054285714285714,7.099142857142858,
ATOMUSDT,static,حكم,flatten,2024-12-26 00:00:00+00:00,2024-12-26 05:07:00+00:00,6.954028500000001,6.68469858,-5.4197673763432315,139.75530245100012,1,6.945,6.6934,7.099142857142858,7.144,
ATOMUSDT,static,حكم,cycle,2025-03-28 00:27:00+00:00,2025-03-28 01:33:00+00:00,4.776630128571429,4.796613428571429,0.598427814212554,142.85714285714286,1,4.770428571428572,4.802857142857143,4.770428571428572,4.802857142857143,
ATOMUSDT,static,حكم,flatten,2025-03-28 03:17:00+00:00,2025-03-28 04:40:00+00:00,4.744159400000001,4.637203788000001,-3.224857142857147,142.85714285714286,1,4.738,4.6432400000000005,4.738,4.770428571428572,
ATOMUSDT,static,حكم,flatten,2025-03-28 02:46:00+00:00,2025-03-28 04:40:00+00:00,4.776630128571429,4.637203788000001,-4.17531640078544,142.85714285714286,1,4.770428571428572,4.6432400000000005,4.770428571428572,4.802857142857143,
ATOMUSDT,static,حكم,flatten,2025-03-28 00:01:00+00:00,2025-03-28 04:40:00+00:00,4.809100857142858,4.637203788000001,-5.112940783547209,142.85714285714286,1,4.802857142857143,4.6432400000000005,4.802857142857143,4.835285714285715,
ATOMUSDT,static,حكم,flatten,2025-03-28 00:00:00+00:00,2025-03-28 04:40:00+00:00,4.812247800000001,4.637203788000001,-5.1716256093597615,141.99190474783583,1,4.806,4.6432400000000005,4.835285714285715,4.867714285714285,
ATOMUSDT,static,حكم,flatten,2025-03-28 00:00:00+00:00,2025-03-28 04:40:00+00:00,4.812247800000001,4.637203788000001,-5.137172389505191,141.04595879556263,1,4.806,4.6432400000000005,4.867714285714285,4.900142857142857,
ATOMUSDT,static,حكم,flatten,2025-03-28 00:00:00+00:00,2025-03-28 04:40:00+00:00,4.812247800000001,4.637203788000001,-5.103175184396953,140.1125331622985,1,4.806,4.6432400000000005,4.900142857142857,4.932571428571428,
ATOMUSDT,static,حكم,flatten,2025-03-28 00:00:00+00:00,2025-03-28 04:40:00+00:00,4.812247800000001,4.637203788000001,-5.069624999999997,139.1913809082484,1,4.806,4.6432400000000005,4.932571428571428,4.965,
ATOMUSDT,static,حكم,cycle,2025-07-13 00:00:00+00:00,2025-07-13 04:52:00+00:00,4.5869553000000005,4.623410314285714,1.1332343027670486,142.40417793527934,1,4.581,4.629428571428571,4.595571428571429,4.629428571428571,
ATOMUSDT,static,حكم,cycle,2025-07-13 00:00:00+00:00,2025-07-13 06:34:00+00:00,4.5869553000000005,4.657223442857143,2.168368291586205,141.3627106091465,1,4.581,4.663285714285714,4.629428571428571,4.663285714285714,
ATOMUSDT,static,حكم,cycle,2025-07-13 09:30:00+00:00,2025-07-13 12:43:00+00:00,4.635446828571428,4.657223442857143,0.6719932816674308,142.85714285714286,1,4.629428571428571,4.663285714285714,4.629428571428571,4.663285714285714,
ATOMUSDT,static,حكم,cycle,2025-07-13 00:00:00+00:00,2025-07-13 13:46:00+00:00,4.5869553000000005,4.691036571428571,3.1884713852455397,140.33636614281778,1,4.581,4.697142857142857,4.663285714285714,4.697142857142857,
ATOMUSDT,static,حكم,cycle,2025-07-13 00:00:00+00:00,2025-07-13 14:20:00+00:00,4.5869553000000005,4.7248497,4.193868613138672,139.3248175182482,1,4.581,4.731,4.697142857142857,4.731,
ATOMUSDT,static,حكم,cycle,2025-07-13 14:44:00+00:00,2025-07-13 15:20:00+00:00,4.703249142857143,4.7248497,0.6569512513034511,142.85714285714286,1,4.697142857142857,4.731,4.697142857142857,4.731,
ATOMUSDT,static,حكم,cycle,2025-07-13 15:38:00+00:00,2025-07-13 16:07:00+00:00,4.703249142857143,4.7248497,0.6569512513034511,142.85714285714286,1,4.697142857142857,4.731,4.697142857142857,4.731,
ATOMUSDT,static,حكم,cycle,2025-07-13 17:00:00+00:00,2025-07-13 17:32:00+00:00,4.669347985714286,4.691036571428571,0.6644176611918126,142.85714285714286,1,4.663285714285714,4.697142857142857,4.663285714285714,4.697142857142857,
ATOMUSDT,static,حكم,cycle,2025-07-13 16:30:00+00:00,2025-07-13 19:26:00+00:00,4.703249142857143,4.7248497,0.6569512513034511,142.85714285714286,1,4.697142857142857,4.731,4.697142857142857,4.731,
ATOMUSDT,static,حكم,cycle,2025-07-13 21:38:00+00:00,2025-07-14 00:24:00+00:00,4.669347985714286,4.691036571428571,0.6644176611918126,142.85714285714286,1,4.663285714285714,4.697142857142857,4.663285714285714,4.697142857142857,
ATOMUSDT,static,حكم,cycle,2025-07-13 21:36:00+00:00,2025-07-14 01:43:00+00:00,4.703249142857143,4.7248497,0.6569512513034511,142.85714285714286,1,4.697142857142857,4.731,4.697142857142857,4.731,
ATOMUSDT,static,حكم,cycle,2025-09-12 00:00:00+00:00,2025-09-12 00:41:00+00:00,4.694237442857143,4.6988835,0.14157470648922263,142.85714285714286,1,4.688142857142857,4.705,4.688142857142857,4.705,
ATOMUSDT,static,حكم,cycle,2025-09-12 03:28:00+00:00,2025-09-12 04:59:00+00:00,4.677358385714286,4.682048271428571,0.14342596759182144,142.85714285714286,1,4.671285714285714,4.688142857142857,4.671285714285714,4.688142857142857,
ATOMUSDT,static,حكم,cycle,2025-09-12 02:13:00+00:00,2025-09-12 05:49:00+00:00,4.694237442857143,4.6988835,0.14157470648922263,142.85714285714286,1,4.688142857142857,4.705,4.688142857142857,4.705,
ATOMUSDT,static,حكم,cycle,2025-09-12 08:17:00+00:00,2025-09-12 08:20:00+00:00,4.643600271428571,4.648377814285714,0.14716886477352822,142.85714285714286,1,4.6375714285714285,4.654428571428571,4.6375714285714285,4.654428571428571,
ATOMUSDT,static,حكم,cycle,2025-09-12 12:08:00+00:00,2025-09-12 12:27:00+00:00,4.609842157142857,4.614707357142857,0.15096658081730688,142.85714285714286,1,4.603857142857143,4.6207142857142856,4.603857142857143,4.6207142857142856,
ATOMUSDT,static,حكم,cycle,2025-09-12 11:57:00+00:00,2025-09-12 12:49:00+00:00,4.626721214285714,4.631542585714286,0.14906079544199097,142.85714285714286,1,4.6207142857142856,4.6375714285714285,4.6207142857142856,4.6375714285714285,
ATOMUSDT,static,حكم,cycle,2025-09-12 09:41:00+00:00,2025-09-12 12:49:00+00:00,4.643600271428571,4.648377814285714,0.14716886477352822,142.85714285714286,1,4.6375714285714285,4.654428571428571,4.6375714285714285,4.654428571428571,
ATOMUSDT,static,حكم,cycle,2025-09-12 08:17:00+00:00,2025-09-12 14:03:00+00:00,4.660479328571429,4.665213042857143,0.1452906382773398,142.85714285714286,1,4.654428571428571,4.671285714285714,4.654428571428571,4.671285714285714,
ATOMUSDT,static,حكم,cycle,2025-09-12 14:44:00+00:00,2025-09-12 14:56:00+00:00,4.660479328571429,4.665213042857143,0.1452906382773398,142.85714285714286,1,4.654428571428571,4.671285714285714,4.654428571428571,4.671285714285714,
ATOMUSDT,static,حكم,cycle,2025-09-12 15:12:00+00:00,2025-09-12 16:23:00+00:00,4.660479328571429,4.665213042857143,0.1452906382773398,142.85714285714286,1,4.654428571428571,4.671285714285714,4.654428571428571,4.671285714285714,
ATOMUSDT,static,حكم,cycle,2025-09-12 07:32:00+00:00,2025-09-12 17:25:00+00:00,4.677358385714286,4.682048271428571,0.14342596759182144,142.85714285714286,1,4.671285714285714,4.688142857142857,4.671285714285714,4.688142857142857,
ATOMUSDT,static,حكم,cycle,2025-09-12 06:40:00+00:00,2025-09-12 18:17:00+00:00,4.6940944,4.6988835,0.1459335100709995,142.85278971264893,1,4.688,4.705,4.688142857142857,4.705,
ATOMUSDT,static,حكم,cycle,2026-01-11 00:01:00+00:00,2026-01-11 01:27:00+00:00,2.5679053714285716,2.5807834714285716,0.7173629679144388,142.85714285714286,1,2.5645714285714285,2.584142857142857,2.5645714285714285,2.584142857142857,
ATOMUSDT,static,حكم,cycle,2026-01-11 00:00:00+00:00,2026-01-11 02:26:00+00:00,2.5723397,2.6003294571428572,1.547335792075688,142.02001216208745,1,2.569,2.6037142857142856,2.584142857142857,2.6037142857142856,
ATOMUSDT,static,حكم,cycle,2026-01-11 00:00:00+00:00,2026-01-11 05:01:00+00:00,2.5723397,2.619875442857143,2.6081281058456485,140.9524854603314,1,2.569,2.623285714285714,2.6037142857142856,2.623285714285714,
ATOMUSDT,static,حكم,cycle,2026-01-11 06:30:00+00:00,2026-01-11 07:10:00+00:00,2.6070991142857145,2.619875442857143,0.7009946544183259,142.85714285714286,1,2.6037142857142856,2.623285714285714,2.6037142857142856,2.623285714285714,
ATOMUSDT,static,حكم,cycle,2026-01-11 09:40:00+00:00,2026-01-11 11:25:00+00:00,2.6063839000000004,2.619875442857143,0.7402360834600291,142.817952375727,1,2.603,2.623285714285714,2.6037142857142856,2.623285714285714,
ATOMUSDT,static,حكم,cycle,2026-01-11 14:42:00+00:00,2026-01-11 14:59:00+00:00,2.6070991142857145,2.619875442857143,0.7009946544183259,142.85714285714286,1,2.6037142857142856,2.623285714285714,2.6037142857142856,2.623285714285714,
ATOMUSDT,static,حكم,cycle,2026-01-11 16:16:00+00:00,2026-01-11 16:31:00+00:00,2.587502242857143,2.6003294571428572,0.7091168271167122,142.85714285714286,1,2.584142857142857,2.6037142857142856,2.584142857142857,2.6037142857142856,
ATOMUSDT,static,حكم,cycle,2026-01-11 22:12:00+00:00,2026-01-11 22:44:00+00:00,2.5679053714285716,2.5807834714285716,0.7173629679144388,142.85714285714286,1,2.5645714285714285,2.584142857142857,2.5645714285714285,2.584142857142857,
ATOMUSDT,static,حكم,cycle,2026-01-11 23:02:00+00:00,2026-01-11 23:19:00+00:00,2.5679053714285716,2.5807834714285716,0.7173629679144388,142.85714285714286,1,2.5645714285714285,2.584142857142857,2.5645714285714285,2.584142857142857,
ATOMUSDT,static,حكم,cycle,2026-01-12 00:46:00+00:00,2026-01-12 01:00:00+00:00,2.5483085,2.561237485714286,0.7257359368108786,142.85714285714286,1,2.545,2.5645714285714285,2.545,2.5645714285714285,
ATOMUSDT,static,حكم,cycle,2026-01-12 00:11:00+00:00,2026-01-12 01:32:00+00:00,2.5679053714285716,2.5807834714285716,0.7173629679144388,142.85714285714286,1,2.5645714285714285,2.584142857142857,2.5645714285714285,2.584142857142857,
ATOMUSDT,static,حكم,cycle,2026-01-12 01:35:00+00:00,2026-01-12 01:47:00+00:00,2.5679053714285716,2.5807834714285716,0.7173629679144388,142.85714285714286,1,2.5645714285714285,2.584142857142857,2.5645714285714285,2.584142857142857,
ATOMUSDT,static,حكم,cycle,2026-01-11 20:04:00+00:00,2026-01-12 02:15:00+00:00,2.587502242857143,2.6003294571428572,0.7091168271167122,142.85714285714286,1,2.584142857142857,2.6037142857142856,2.584142857142857,2.6037142857142856,
ATOMUSDT,static,حكم,cycle,2026-01-11 15:26:00+00:00,2026-01-12 02:51:00+00:00,2.6070991142857145,2.619875442857143,0.7009946544183259,142.85714285714286,1,2.6037142857142856,2.623285714285714,2.6037142857142856,2.623285714285714,
ATOMUSDT,static,حكم,cycle,2026-01-11 00:00:00+00:00,2026-01-12 03:24:00+00:00,2.5723397,2.6394214285714286,3.6530920095533665,139.90088765452268,1,2.569,2.642857142857143,2.623285714285714,2.642857142857143,
ATOMUSDT,static,حكم,cycle,2026-01-12 05:43:00+00:00,2026-01-12 05:58:00+00:00,2.6070991142857145,2.6205888,0.740134188208365,142.85714285714286,1,2.6037142857142856,2.624,2.6037142857142856,2.623285714285714,
ATOMUSDT,static,حكم,cycle,2026-01-12 03:36:00+00:00,2026-01-12 07:04:00+00:00,2.626695985714286,2.6394214285714286,0.6929936751697767,142.85714285714286,1,2.623285714285714,2.642857142857143,2.623285714285714,2.642857142857143,
ATOMUSDT,static,حكم,cycle,2026-01-12 08:47:00+00:00,2026-01-12 08:58:00+00:00,2.5679053714285716,2.5807834714285716,0.7173629679144388,142.85714285714286,1,2.5645714285714285,2.584142857142857,2.5645714285714285,2.584142857142857,
ATOMUSDT,static,حكم,cycle,2026-01-12 09:53:00+00:00,2026-01-12 10:28:00+00:00,2.5679053714285716,2.5807834714285716,0.7173629679144388,142.85714285714286,1,2.5645714285714285,2.584142857142857,2.5645714285714285,2.584142857142857,
ATOMUSDT,static,حكم,cycle,2026-01-12 08:32:00+00:00,2026-01-12 10:35:00+00:00,2.587502242857143,2.6003294571428572,0.7091168271167122,142.85714285714286,1,2.584142857142857,2.6037142857142856,2.584142857142857,2.6037142857142856,
ATOMUSDT,static,حكم,cycle,2026-01-12 11:42:00+00:00,2026-01-12 12:50:00+00:00,2.5679053714285716,2.5807834714285716,0.7173629679144388,142.85714285714286,1,2.5645714285714285,2.584142857142857,2.5645714285714285,2.584142857142857,
ATOMUSDT,static,حكم,cycle,2026-01-12 10:43:00+00:00,2026-01-12 13:04:00+00:00,2.587502242857143,2.6006148000000002,0.7248912124969427,142.85714285714286,1,2.584142857142857,2.604,2.584142857142857,2.6037142857142856,
ATOMUSDT,static,حكم,cycle,2026-01-12 13:52:00+00:00,2026-01-12 14:32:00+00:00,2.5679053714285716,2.5807834714285716,0.7173629679144388,142.85714285714286,1,2.5645714285714285,2.584142857142857,2.5645714285714285,2.584142857142857,
ATOMUSDT,static,حكم,flatten,2026-01-12 17:25:00+00:00,2026-01-12 23:23:00+00:00,2.5483085,2.49085767,-3.2248571428571466,142.85714285714286,1,2.545,2.4941,2.545,2.5645714285714285,
ATOMUSDT,static,حكم,flatten,2026-01-12 16:38:00+00:00,2026-01-12 23:23:00+00:00,2.5679053714285716,2.49085767,-4.291872851413299,142.85714285714286,1,2.5645714285714285,2.4941,2.5645714285714285,2.584142857142857,
ATOMUSDT,static,حكم,flatten,2026-01-12 13:09:00+00:00,2026-01-12 23:23:00+00:00,2.587502242857143,2.49085767,-5.342726124005916,142.85714285714286,1,2.584142857142857,2.4941,2.584142857142857,2.6037142857142856,
ATOMUSDT,static,حكم,flatten,2026-01-12 07:45:00+00:00,2026-01-12 23:23:00+00:00,2.6070991142857145,2.49085767,-6.377781426847058,142.85714285714286,1,2.6037142857142856,2.4941,2.6037142857142856,2.623285714285714,
ATOMUSDT,static,حكم,flatten,2026-01-12 07:13:00+00:00,2026-01-12 23:23:00+00:00,2.626695985714286,2.49085767,-7.397392349522733,142.85714285714286,1,2.623285714285714,2.4941,2.623285714285714,2.642857142857143,
ATOMUSDT,static,حكم,flatten,2026-01-11 00:00:00+00:00,2026-01-12 23:23:00+00:00,2.5723397,2.49085767,-4.404434054054059,138.86486486486487,1,2.569,2.4941,2.642857142857143,2.6624285714285714,
ATOMUSDT,static,حكم,flatten,2026-01-11 00:00:00+00:00,2026-01-12 23:23:00+00:00,2.5723397,2.49085767,-4.372057198046901,137.84407361699846,1,2.569,2.4941,2.6624285714285714,2.682,
ATOMUSDT,static,حكم,flatten,2026-02-22 00:02:00+00:00,2026-02-22 13:56:00+00:00,2.3089978,2.256942156,-3.224857142857154,142.85714285714286,1,2.306,2.25988,2.306,2.321285714285714,
ATOMUSDT,static,حكم,flatten,2026-02-22 00:00:00+00:00,2026-02-22 13:56:00+00:00,2.3170082,2.256942156,-3.6965994215028646,142.40876361622256,1,2.314,2.25988,2.321285714285714,2.3365714285714287,
ATOMUSDT,static,حكم,flatten,2026-02-22 00:00:00+00:00,2026-02-22 13:56:00+00:00,2.3170082,2.256942156,-3.67241648324774,141.47713377353875,1,2.314,2.25988,2.3365714285714287,2.351857142857143,
ATOMUSDT,static,حكم,flatten,2026-02-22 00:00:00+00:00,2026-02-22 13:56:00+00:00,2.3170082,2.256942156,-3.6485478952803283,140.55761404361297,1,2.314,2.25988,2.351857142857143,2.367142857142857,
ATOMUSDT,static,حكم,flatten,2026-02-22 00:00:00+00:00,2026-02-22 13:56:00+00:00,2.3170082,2.256942156,-3.6249875678937866,139.64996982498494,1,2.314,2.25988,2.367142857142857,2.382428571428571,
ATOMUSDT,static,حكم,flatten,2026-02-22 00:00:00+00:00,2026-02-22 13:56:00+00:00,2.3170082,2.256942156,-3.6017295676680487,138.75397253702707,1,2.314,2.25988,2.382428571428571,2.3977142857142857,
ATOMUSDT,static,حكم,flatten,2026-02-22 00:00:00+00:00,2026-02-22 13:56:00+00:00,2.3170082,2.256942156,-3.5787681124880866,137.8693994280267,1,2.314,2.25988,2.3977142857142857,2.413,
ATOMUSDT,static,حكم,cycle,2026-06-20 01:24:00+00:00,2026-06-20 01:38:00+00:00,1.7973335000000001,1.8010841142857144,0.2984969586720426,142.85714285714286,1,1.795,1.8034285714285714,1.795,1.8034285714285714,
ATOMUSDT,static,حكم,cycle,2026-06-20 01:56:00+00:00,2026-06-20 05:09:00+00:00,1.7973335000000001,1.8016548000000001,0.3439156386788677,142.85714285714286,1,1.795,1.804,1.795,1.8034285714285714,
ATOMUSDT,static,حكم,cycle,2026-06-20 01:07:00+00:00,2026-06-20 05:11:00+00:00,1.8057730285714286,1.8095017285714285,0.2953659695817426,142.85714285714286,1,1.8034285714285714,1.8118571428571428,1.8034285714285714,1.8118571428571428,
ATOMUSDT,static,حكم,cycle,2026-06-20 09:02:00+00:00,2026-06-20 10:10:00+00:00,1.7973335000000001,1.8010841142857144,0.2984969586720426,142.85714285714286,1,1.795,1.8034285714285714,1.795,1.8034285714285714,
ATOMUSDT,static,حكم,cycle,2026-06-20 10:22:00+00:00,2026-06-20 19:09:00+00:00,1.7973335000000001,1.8010841142857144,0.2984969586720426,142.85714285714286,1,1.795,1.8034285714285714,1.795,1.8034285714285714,
ATOMUSDT,static,حكم,flatten,2026-06-21 01:00:00+00:00,2026-06-21 21:09:00+00:00,1.7973335000000001,1.75681317,-3.2248571428571515,142.85714285714286,1,1.795,1.7590999999999999,1.795,1.8034285714285714,
ATOMUSDT,static,حكم,flatten,2026-06-20 05:33:00+00:00,2026-06-21 21:09:00+00:00,1.8057730285714286,1.75681317,-3.8783157930472587,142.85714285714286,1,1.8034285714285714,1.7590999999999999,1.8034285714285714,1.8118571428571428,
ATOMUSDT,static,حكم,flatten,2026-06-20 00:00:00+00:00,2026-06-21 21:09:00+00:00,1.8142125571428573,1.75681317,-4.525694799562983,142.85714285714286,1,1.8118571428571428,1.7590999999999999,1.8118571428571428,1.8202857142857143,
ATOMUSDT,static,حكم,flatten,2026-06-20 00:00:00+00:00,2026-06-21 21:09:00+00:00,1.8133543,1.75681317,-4.437382671480148,142.1283942866112,1,1.811,1.7590999999999999,1.8202857142857143,1.8287142857142857,
ATOMUSDT,static,حكم,flatten,2026-06-20 00:00:00+00:00,2026-06-21 21:09:00+00:00,1.8133543,1.75681317,-4.416930708538399,141.47332239668776,1,1.811,1.7590999999999999,1.8287142857142857,1.8371428571428572,
ATOMUSDT,static,حكم,flatten,2026-06-20 00:00:00+00:00,2026-06-21 21:09:00+00:00,1.8133543,1.75681317,-4.396666407465012,140.82426127527214,1,1.811,1.7590999999999999,1.8371428571428572,1.8455714285714286,
ATOMUSDT,static,حكم,flatten,2026-06-20 00:00:00+00:00,2026-06-21 21:09:00+00:00,1.8133543,1.75681317,-4.376587197151486,140.18112857032276,1,1.811,1.7590999999999999,1.8455714285714286,1.854,
BNBUSDT,static,اختيار,cycle,2021-10-10 00:05:00+00:00,2021-10-10 00:20:00+00:00,420.83208571428577,421.16605714285714,0.1135185005341176,142.85714285714286,1,420.2857142857143,421.7142857142857,420.2857142857143,421.7142857142857,
BNBUSDT,static,اختيار,cycle,2021-10-10 01:06:00+00:00,2021-10-10 04:06:00+00:00,416.54080000000005,416.8859142857143,0.11851452119308377,142.85714285714286,1,416.0,417.42857142857144,416.0,417.42857142857144,
BNBUSDT,static,اختيار,cycle,2021-10-10 01:02:00+00:00,2021-10-10 04:11:00+00:00,417.97122857142864,418.31262857142855,0.11683778234083085,142.85714285714286,1,417.42857142857144,418.85714285714283,417.42857142857144,418.85714285714283,
BNBUSDT,static,اختيار,cycle,2021-10-10 04:36:00+00:00,2021-10-10 04:47:00+00:00,417.97122857142864,418.31262857142855,0.11683778234083085,142.85714285714286,1,417.42857142857144,418.85714285714283,417.42857142857144,418.85714285714283,
BNBUSDT,static,اختيار,cycle,2021-10-10 00:49:00+00:00,2021-10-10 04:47:00+00:00,419.4016571428572,419.73934285714284,0.11517248099784082,142.85714285714286,1,418.85714285714283,420.2857142857143,418.85714285714283,420.2857142857143,
BNBUSDT,static,اختيار,cycle,2021-10-10 04:51:00+00:00,2021-10-10 04:56:00+00:00,419.4016571428572,419.73934285714284,0.11517248099784082,142.85714285714286,1,418.85714285714283,420.2857142857143,418.85714285714283,420.2857142857143,
BNBUSDT,static,اختيار,cycle,2021-10-10 05:30:00+00:00,2021-10-10 06:14:00+00:00,419.4016571428572,419.73934285714284,0.11517248099784082,142.85714285714286,1,418.85714285714283,420.2857142857143,418.85714285714283,420.2857142857143,
BNBUSDT,static,اختيار,cycle,2021-10-10 00:36:00+00:00,2021-10-10 07:01:00+00:00,420.83208571428577,421.16605714285714,0.1135185005341176,142.85714285714286,1,420.2857142857143,421.7142857142857,420.2857142857143,421.7142857142857,
BNBUSDT,static,اختيار,cycle,2021-10-10 07:25:00+00:00,2021-10-10 08:33:00+00:00,420.83208571428577,421.16605714285714,0.1135185005341176,142.85714285714286,1,420.2857142857143,421.7142857142857,420.2857142857143,421.7142857142857,
BNBUSDT,static,اختيار,cycle,2021-10-10 08:34:00+00:00,2021-10-10 08:45:00+00:00,420.83208571428577,421.16605714285714,0.1135185005341176,142.85714285714286,1,420.2857142857143,421.7142857142857,420.2857142857143,421.7142857142857,
BNBUSDT,static,اختيار,cycle,2021-10-10 09:15:00+00:00,2021-10-10 09:18:00+00:00,417.97122857142864,418.31262857142855,0.11683778234083085,142.85714285714286,1,417.42857142857144,418.85714285714283,417.42857142857144,418.85714285714283,
BNBUSDT,static,اختيار,cycle,2021-10-10 09:12:00+00:00,2021-10-10 09:22:00+00:00,419.4016571428572,419.73934285714284,0.11517248099784082,142.85714285714286,1,418.85714285714283,420.2857142857143,418.85714285714283,420.2857142857143,
BNBUSDT,static,اختيار,cycle,2021-10-10 10:03:00+00:00,2021-10-10 10:41:00+00:00,417.97122857142864,418.31262857142855,0.11683778234083085,142.85714285714286,1,417.42857142857144,418.85714285714283,417.42857142857144,418.85714285714283,
BNBUSDT,static,اختيار,cycle,2021-10-10 11:08:00+00:00,2021-10-10 11:35:00+00:00,417.97122857142864,418.31262857142855,0.11683778234083085,142.85714285714286,1,417.42857142857144,418.85714285714283,417.42857142857144,418.85714285714283,
BNBUSDT,static,اختيار,cycle,2021-10-10 12:16:00+00:00,2021-10-10 13:00:00+00:00,417.97122857142864,418.31262857142855,0.11683778234083085,142.85714285714286,1,417.42857142857144,418.85714285714283,417.42857142857144,418.85714285714283,
BNBUSDT,static,اختيار,cycle,2021-10-10 13:11:00+00:00,2021-10-10 13:12:00+00:00,417.97122857142864,418.31262857142855,0.11683778234083085,142.85714285714286,1,417.42857142857144,418.85714285714283,417.42857142857144,418.85714285714283,
BNBUSDT,static,اختيار,cycle,2021-10-10 09:31:00+00:00,2021-10-10 13:18:00+00:00,419.4016571428572,419.73934285714284,0.11517248099784082,142.85714285714286,1,418.85714285714283,420.2857142857143,418.85714285714283,420.2857142857143,
BNBUSDT,static,اختيار,cycle,2021-10-10 13:37:00+00:00,2021-10-10 14:17:00+00:00,419.4016571428572,419.73934285714284,0.11517248099784082,142.85714285714286,1,418.85714285714283,420.2857142857143,418.85714285714283,420.2857142857143,
BNBUSDT,static,اختيار,cycle,2021-10-10 15:03:00+00:00,2021-10-10 15:37:00+00:00,417.97122857142864,418.31262857142855,0.11683778234083085,142.85714285714286,1,417.42857142857144,418.85714285714283,417.42857142857144,418.85714285714283,
BNBUSDT,static,اختيار,cycle,2021-10-10 14:40:00+00:00,2021-10-10 16:02:00+00:00,419.4016571428572,419.73934285714284,0.11517248099784082,142.85714285714286,1,418.85714285714283,420.2857142857143,418.85714285714283,420.2857142857143,
BNBUSDT,static,اختيار,cycle,2021-10-10 17:06:00+00:00,2021-10-10 20:22:00+00:00,416.54080000000005,416.8859142857143,0.11851452119308377,142.85714285714286,1,416.0,417.42857142857144,416.0,417.42857142857144,
BNBUSDT,static,اختيار,cycle,2021-10-10 16:29:00+00:00,2021-10-10 20:26:00+00:00,417.97122857142864,418.31262857142855,0.11683778234083085,142.85714285714286,1,417.42857142857144,418.85714285714283,417.42857142857144,418.85714285714283,
BNBUSDT,static,اختيار,cycle,2021-10-10 20:28:00+00:00,2021-10-10 20:31:00+00:00,417.97122857142864,418.31262857142855,0.11683778234083085,142.85714285714286,1,417.42857142857144,418.85714285714283,417.42857142857144,418.85714285714283,
BNBUSDT,static,اختيار,flatten,2021-10-10 20:35:00+00:00,2021-10-10 21:04:00+00:00,416.54080000000005,407.150016,-3.2248571428571613,142.85714285714286,1,416.0,407.68,416.0,417.42857142857144,
BNBUSDT,static,اختيار,flatten,2021-10-10 20:33:00+00:00,2021-10-10 21:04:00+00:00,417.97122857142864,407.150016,-3.703358169551213,142.85714285714286,1,417.42857142857144,407.68,417.42857142857144,418.85714285714283,
BNBUSDT,static,اختيار,flatten,2021-10-10 16:09:00+00:00,2021-10-10 21:04:00+00:00,419.4016571428572,407.150016,-4.178595205612954,142.85714285714286,1,418.85714285714283,407.68,418.85714285714283,420.2857142857143,
BNBUSDT,static,اختيار,flatten,2021-10-10 09:12:00+00:00,2021-10-10 21:04:00+00:00,420.83208571428577,407.150016,-4.6506015344275236,142.85714285714286,1,420.2857142857143,407.68,420.2857142857143,421.7142857142857,
BNBUSDT,static,اختيار,flatten,2021-10-10 00:00:00+00:00,2021-10-10 21:04:00+00:00,422.2625142857143,407.150016,-5.119409988385606,142.85714285714286,1,421.7142857142857,407.68,421.7142857142857,423.14285714285717,
BNBUSDT,static,اختيار,flatten,2021-10-10 00:00:00+00:00,2021-10-10 21:04:00+00:00,422.44847,407.150016,-5.164906819716405,142.4375422012154,1,421.9,407.68,423.14285714285717,424.57142857142856,
BNBUSDT,static,اختيار,flatten,2021-10-10 00:00:00+00:00,2021-10-10 21:04:00+00:00,422.44847,407.150016,-5.147528263795422,141.95827725437417,1,421.9,407.68,424.57142857142856,426.0,
BNBUSDT,static,اختيار,cycle,2021-12-15 00:00:00+00:00,2021-12-15 00:24:00+00:00,529.0297028571429,531.3797357142857,0.635418791137486,142.85714285714286,1,528.3428571428572,532.0714285714286,528.3428571428572,532.0714285714286,
BNBUSDT,static,اختيار,cycle,2021-12-15 02:06:00+00:00,2021-12-15 03:53:00+00:00,525.2962842857143,527.6560114285714,0.6425747196190933,142.85714285714286,1,524.6142857142856,528.3428571428572,524.6142857142856,528.3428571428572,
BNBUSDT,static,اختيار,cycle,2021-12-15 00:42:00+00:00,2021-12-15 07:45:00+00:00,529.0297028571429,531.3797357142857,0.635418791137486,142.85714285714286,1,528.3428571428572,532.0714285714286,528.3428571428572,532.0714285714286,
BNBUSDT,static,اختيار,cycle,2021-12-15 13:00:00+00:00,2021-12-15 13:27:00+00:00,517.8294471428571,520.2085628571429,0.657196131125029,142.85714285714286,1,517.1571428571428,520.8857142857142,517.1571428571428,520.8857142857142,
BNBUSDT,static,اختيار,cycle,2021-12-15 15:45:00+00:00,2021-12-15 18:22:00+00:00,510.36261,512.7611142857144,0.6722453784339115,142.85714285714286,1,509.7,513.4285714285714,509.7,513.4285714285714,
BNBUSDT,static,اختيار,cycle,2021-12-15 15:06:00+00:00,2021-12-15 18:37:00+00:00,514.0960285714286,516.4848385714286,0.6646661101836174,142.85714285714286,1,513.4285714285714,517.1571428571428,513.4285714285714,517.1571428571428,
BNBUSDT,static,اختيار,cycle,2021-12-15 14:44:00+00:00,2021-12-15 18:45:00+00:00,517.8294471428571,520.2085628571429,0.657196131125029,142.85714285714286,1,517.1571428571428,520.8857142857142,517.1571428571428,520.8857142857142,
BNBUSDT,static,اختيار,cycle,2021-12-15 19:01:00+00:00,2021-12-15 19:02:00+00:00,517.8294471428571,520.2085628571429,0.657196131125029,142.85714285714286,1,517.1571428571428,520.8857142857142,517.1571428571428,520.8857142857142,
BNBUSDT,static,اختيار,cycle,2021-12-15 12:38:00+00:00,2021-12-15 19:03:00+00:00,521.5628657142857,523.932287142857,0.6498330943369224,142.85714285714286,1,520.8857142857142,524.6142857142856,520.8857142857142,524.6142857142856,
BNBUSDT,static,اختيار,cycle,2021-12-15 12:35:00+00:00,2021-12-15 19:03:00+00:00,525.2962842857143,527.6560114285714,0.6425747196190933,142.85714285714286,1,524.6142857142856,528.3428571428572,524.6142857142856,528.3428571428572,
BNBUSDT,static,اختيار,cycle,2021-12-15 09:27:00+00:00,2021-12-15 19:05:00+00:00,529.0297028571429,531.3797357142857,0.635418791137486,142.85714285714286,1,528.3428571428572,532.0714285714286,528.3428571428572,532.0714285714286,
BNBUSDT,static,اختيار,cycle,2021-12-15 00:00:00+00:00,2021-12-15 19:09:00+00:00,528.6864,535.1034599999999,1.7229319371727423,141.76399516713653,1,528.0,535.8,532.0714285714286,535.8,
BNBUSDT,static,اختيار,cycle,2021-12-15 19:29:00+00:00,2021-12-15 19:31:00+00:00,525.2962842857143,527.6560114285714,0.6425747196190933,142.85714285714286,1,524.6142857142856,528.3428571428572,524.6142857142856,528.3428571428572,
BNBUSDT,static,اختيار,cycle,2021-12-15 19:23:00+00:00,2021-12-15 19:31:00+00:00,529.0297028571429,531.3797357142857,0.635418791137486,142.85714285714286,1,528.3428571428572,532.0714285714286,528.3428571428572,532.0714285714286,
BNBUSDT,static,اختيار,cycle,2021-12-15 19:21:00+00:00,2021-12-15 19:41:00+00:00,532.7631214285715,535.1034599999999,0.6283631551694044,142.85714285714286,1,532.0714285714286,535.8,532.0714285714286,535.8,
BNBUSDT,static,اختيار,cycle,2021-12-16 04:15:00+00:00,2021-12-16 07:03:00+00:00,532.7631214285715,535.1034599999999,0.6283631551694044,142.85714285714286,1,532.0714285714286,535.8,532.0714285714286,535.8,
BNBUSDT,static,اختيار,cycle,2021-12-16 07:53:00+00:00,2021-12-16 09:34:00+00:00,532.7631214285715,535.1034599999999,0.6283631551694044,142.85714285714286,1,532.0714285714286,535.8,532.0714285714286,535.8,
BNBUSDT,static,اختيار,cycle,2021-12-16 19:28:00+00:00,2021-12-16 20:27:00+00:00,532.7631214285715,535.1034599999999,0.6283631551694044,142.85714285714286,1,532.0714285714286,535.8,532.0714285714286,535.8,
BNBUSDT,static,اختيار,cycle,2021-12-16 22:08:00+00:00,2021-12-16 22:36:00+00:00,529.0297028571429,531.3797357142857,0.635418791137486,142.85714285714286,1,528.3428571428572,532.0714285714286,528.3428571428572,532.0714285714286,
BNBUSDT,static,اختيار,cycle,2021-12-17 00:03:00+00:00,2021-12-17 00:10:00+00:00,525.2962842857143,527.6560114285714,0.6425747196190933,142.85714285714286,1,524.6142857142856,528.3428571428572,524.6142857142856,528.3428571428572,
BNBUSDT,static,اختيار,cycle,2021-12-16 23:31:00+00:00,2021-12-17 01:18:00+00:00,529.0297028571429,531.3797357142857,0.635418791137486,142.85714285714286,1,528.3428571428572,532.0714285714286,528.3428571428572,532.0714285714286,
BNBUSDT,static,اختيار,cycle,2021-12-17 02:18:00+00:00,2021-12-17 02:54:00+00:00,529.0297028571429,531.3797357142857,0.635418791137486,142.85714285714286,1,528.3428571428572,532.0714285714286,528.3428571428572,532.0714285714286,
BNBUSDT,static,اختيار,cycle,2021-12-17 07:07:00+00:00,2021-12-17 08:24:00+00:00,525.2962842857143,527.6560114285714,0.6425747196190933,142.85714285714286,1,524.6142857142856,528.3428571428572,524.6142857142856,528.3428571428572,
BNBUSDT,static,اختيار,cycle,2021-12-17 11:50:00+00:00,2021-12-17 12:23:00+00:00,525.2962842857143,527.6560114285714,0.6425747196190933,142.85714285714286,1,524.6142857142856,528.3428571428572,524.6142857142856,528.3428571428572,
BNBUSDT,static,اختيار,cycle,2021-12-17 06:59:00+00:00,2021-12-17 13:33:00+00:00,529.0297028571429,531.3797357142857,0.635418791137486,142.85714285714286,1,528.3428571428572,532.0714285714286,528.3428571428572,532.0714285714286,
BNBUSDT,static,اختيار,cycle,2021-12-16 22:02:00+00:00,2021-12-17 14:00:00+00:00,532.7631214285715,535.1034599999999,0.6283631551694044,142.85714285714286,1,532.0714285714286,535.8,532.0714285714286,535.8,
BNBUSDT,static,اختيار,cycle,2021-12-17 14:45:00+00:00,2021-12-17 14:50:00+00:00,514.0960285714286,516.4848385714286,0.6646661101836174,142.85714285714286,1,513.4285714285714,517.1571428571428,513.4285714285714,517.1571428571428,
BNBUSDT,static,اختيار,cycle,2021-12-17 15:01:00+00:00,2021-12-17 15:27:00+00:00,514.0960285714286,516.4848385714286,0.6646661101836174,142.85714285714286,1,513.4285714285714,517.1571428571428,513.4285714285714,517.1571428571428,
BNBUSDT,static,اختيار,cycle,2021-12-17 14:37:00+00:00,2021-12-17 15:33:00+00:00,517.8294471428571,520.2085628571429,0.657196131125029,142.85714285714286,1,517.1571428571428,520.8857142857142,517.1571428571428,520.8857142857142,
BNBUSDT,static,اختيار,cycle,2021-12-17 14:36:00+00:00,2021-12-17 15:37:00+00:00,521.5628657142857,523.932287142857,0.6498330943369224,142.85714285714286,1,520.8857142857142,524.6142857142856,520.8857142857142,524.6142857142856,
BNBUSDT,static,اختيار,cycle,2021-12-17 14:31:00+00:00,2021-12-17 16:12:00+00:00,525.2962842857143,527.6560114285714,0.6425747196190933,142.85714285714286,1,524.6142857142856,528.3428571428572,524.6142857142856,528.3428571428572,
BNBUSDT,static,اختيار,cycle,2021-12-17 14:05:00+00:00,2021-12-17 16:28:00+00:00,529.0297028571429,531.3797357142857,0.635418791137486,142.85714285714286,1,528.3428571428572,532.0714285714286,528.3428571428572,532.0714285714286,
BNBUSDT,static,اختيار,cycle,2021-12-17 17:22:00+00:00,2021-12-17 19:05:00+00:00,525.2962842857143,527.6560114285714,0.6425747196190933,142.85714285714286,1,524.6142857142856,528.3428571428572,524.6142857142856,528.3428571428572,
BNBUSDT,static,اختيار,cycle,2021-12-17 19:38:00+00:00,2021-12-17 21:39:00+00:00,525.2962842857143,527.6560114285714,0.6425747196190933,142.85714285714286,1,524.6142857142856,528.3428571428572,524.6142857142856,528.3428571428572,
BNBUSDT,static,اختيار,cycle,2021-12-17 22:17:00+00:00,2021-12-17 22:34:00+00:00,521.5628657142857,523.932287142857,0.6498330943369224,142.85714285714286,1,520.8857142857142,524.6142857142856,520.8857142857142,524.6142857142856,
BNBUSDT,static,اختيار,cycle,2021-12-17 22:07:00+00:00,2021-12-17 22:56:00+00:00,525.2962842857143,527.6560114285714,0.6425747196190933,142.85714285714286,1,524.6142857142856,528.3428571428572,524.6142857142856,528.3428571428572,
BNBUSDT,static,اختيار,cycle,2021-12-18 00:11:00+00:00,2021-12-18 00:37:00+00:00,521.5628657142857,523.932287142857,0.6498330943369224,142.85714285714286,1,520.8857142857142,524.6142857142856,520.8857142857142,524.6142857142856,
BNBUSDT,static,اختيار,cycle,2021-12-18 00:07:00+00:00,2021-12-18 01:00:00+00:00,525.2962842857143,527.6560114285714,0.6425747196190933,142.85714285714286,1,524.6142857142856,528.3428571428572,524.6142857142856,528.3428571428572,
BNBUSDT,static,اختيار,cycle,2021-12-18 02:03:00+00:00,2021-12-18 02:09:00+00:00,517.8294471428571,520.2085628571429,0.657196131125029,142.85714285714286,1,517.1571428571428,520.8857142857142,517.1571428571428,520.8857142857142,
BNBUSDT,static,اختيار,cycle,2021-12-18 01:24:00+00:00,2021-12-18 03:37:00+00:00,521.5628657142857,523.932287142857,0.6498330943369224,142.85714285714286,1,520.8857142857142,524.6142857142856,520.8857142857142,524.6142857142856,
BNBUSDT,static,اختيار,cycle,2021-12-18 01:10:00+00:00,2021-12-18 05:24:00+00:00,525.2962842857143,527.6560114285714,0.6425747196190933,142.85714285714286,1,524.6142857142856,528.3428571428572,524.6142857142856,528.3428571428572,
BNBUSDT,static,اختيار,cycle,2021-12-18 06:41:00+00:00,2021-12-18 08:17:00+00:00,525.2962842857143,527.6560114285714,0.6425747196190933,142.85714285714286,1,524.6142857142856,528.3428571428572,524.6142857142856,528.3428571428572,
BNBUSDT,static,اختيار,cycle,2021-12-17 16:44:00+00:00,2021-12-18 09:57:00+00:00,529.0297028571429,531.3797357142857,0.635418791137486,142.85714285714286,1,528.3428571428572,532.0714285714286,528.3428571428572,532.0714285714286,
BNBUSDT,static,اختيار,cycle,2021-12-18 13:58:00+00:00,2021-12-18 14:45:00+00:00,529.0297028571429,531.3797357142857,0.635418791137486,142.85714285714286,1,528.3428571428572,532.0714285714286,528.3428571428572,532.0714285714286,
BNBUSDT,static,اختيار,cycle,2021-12-17 14:03:00+00:00,2021-12-18 19:45:00+00:00,532.7631214285715,535.1034599999999,0.6283631551694044,142.85714285714286,1,532.0714285714286,535.8,532.0714285714286,535.8,
BNBUSDT,static,اختيار,cycle,2021-12-19 00:36:00+00:00,2021-12-19 03:12:00+00:00,532.7631214285715,535.1034599999999,0.6283631551694044,142.85714285714286,1,532.0714285714286,535.8,532.0714285714286,535.8,
BNBUSDT,static,اختيار,cycle,2021-12-19 12:14:00+00:00,2021-12-19 13:09:00+00:00,532.7631214285715,535.1034599999999,0.6283631551694044,142.85714285714286,1,532.0714285714286,535.8,532.0714285714286,535.8,
BNBUSDT,static,اختيار,cycle,2021-12-19 13:35:00+00:00,2021-12-19 13:57:00+00:00,532.7631214285715,535.1034599999999,0.6283631551694044,142.85714285714286,1,532.0714285714286,535.8,532.0714285714286,535.8,
BNBUSDT,static,اختيار,cycle,2021-12-19 19:23:00+00:00,2021-12-19 22:13:00+00:00,529.0297028571429,531.3797357142857,0.635418791137486,142.85714285714286,1,528.3428571428572,532.0714285714286,528.3428571428572,532.0714285714286,
BNBUSDT,static,اختيار,cycle,2021-12-20 00:02:00+00:00,2021-12-20 00:58:00+00:00,529.0297028571429,531.3797357142857,0.635418791137486,142.85714285714286,1,528.3428571428572,532.0714285714286,528.3428571428572,532.0714285714286,
BNBUSDT,static,اختيار,cycle,2021-12-20 13:01:00+00:00,2021-12-20 14:47:00+00:00,510.36261,512.7611142857144,0.6722453784339115,142.85714285714286,1,509.7,513.4285714285714,509.7,513.4285714285714,
BNBUSDT,static,اختيار,cycle,2021-12-20 09:13:00+00:00,2021-12-20 17:24:00+00:00,514.0960285714286,516.4848385714286,0.6646661101836174,142.85714285714286,1,513.4285714285714,517.1571428571428,513.4285714285714,517.1571428571428,
BNBUSDT,static,اختيار,cycle,2021-12-20 09:05:00+00:00,2021-12-20 20:14:00+00:00,517.8294471428571,520.2085628571429,0.657196131125029,142.85714285714286,1,517.1571428571428,520.8857142857142,517.1571428571428,520.8857142857142,
BNBUSDT,static,اختيار,cycle,2021-12-20 05:56:00+00:00,2021-12-20 20:55:00+00:00,521.5628657142857,523.932287142857,0.6498330943369224,142.85714285714286,1,520.8857142857142,524.6142857142856,520.8857142857142,524.6142857142856,
BNBUSDT,static,اختيار,cycle,2021-12-20 22:28:00+00:00,2021-12-20 23:28:00+00:00,521.5628657142857,523.932287142857,0.6498330943369224,142.85714285714286,1,520.8857142857142,524.6142857142856,520.8857142857142,524.6142857142856,
BNBUSDT,static,اختيار,cycle,2021-12-21 00:12:00+00:00,2021-12-21 00:13:00+00:00,514.0960285714286,522.71958,2.3994300023848965,142.85714285714286,1,513.4285714285714,523.4,513.4285714285714,517.1571428571428,
BNBUSDT,static,اختيار,cycle,2021-12-21 00:12:00+00:00,2021-12-21 00:13:00+00:00,517.8294471428571,522.71958,1.3508281144561798,142.85714285714286,1,517.1571428571428,523.4,517.1571428571428,520.8857142857142,
BNBUSDT,static,اختيار,cycle,2021-12-21 00:12:00+00:00,2021-12-21 03:34:00+00:00,521.5628657142857,523.932287142857,0.6498330943369224,142.85714285714286,1,520.8857142857142,524.6142857142856,520.8857142857142,524.6142857142856,
BNBUSDT,static,اختيار,cycle,2021-12-20 05:36:00+00:00,2021-12-21 03:56:00+00:00,525.2962842857143,527.6560114285714,0.6425747196190933,142.85714285714286,1,524.6142857142856,528.3428571428572,524.6142857142856,528.3428571428572,
BNBUSDT,static,اختيار,cycle,2021-12-20 01:40:00+00:00,2021-12-21 04:25:00+00:00,529.0297028571429,531.3797357142857,0.635418791137486,142.85714285714286,1,528.3428571428572,532.0714285714286,528.3428571428572,532.0714285714286,
BNBUSDT,static,اختيار,cycle,2021-12-21 05:33:00+00:00,2021-12-21 08:24:00+00:00,529.0297028571429,531.3797357142857,0.635418791137486,142.85714285714286,1,528.3428571428572,532.0714285714286,528.3428571428572,532.0714285714286,
BNBUSDT,static,اختيار,cycle,2021-12-21 15:29:00+00:00,2021-12-21 16:09:00+00:00,525.2962842857143,527.6560114285714,0.6425747196190933,142.85714285714286,1,524.6142857142856,528.3428571428572,524.6142857142856,528.3428571428572,
BNBUSDT,static,اختيار,cycle,2021-12-21 14:16:00+00:00,2021-12-22 02:21:00+00:00,529.0297028571429,531.3797357142857,0.635418791137486,142.85714285714286,1,528.3428571428572,532.0714285714286,528.3428571428572,532.0714285714286,
BNBUSDT,static,اختيار,cycle,2021-12-19 17:05:00+00:00,2021-12-22 04:07:00+00:00,532.7631214285715,535.1034599999999,0.6283631551694044,142.85714285714286,1,532.0714285714286,535.8,532.0714285714286,535.8,
BNBUSDT,static,اختيار,cycle,2021-12-22 05:50:00+00:00,2021-12-22 08:29:00+00:00,532.7631214285715,535.1034599999999,0.6283631551694044,142.85714285714286,1,532.0714285714286,535.8,532.0714285714286,535.8,
BNBUSDT,static,اختيار,cycle,2021-12-22 09:40:00+00:00,2021-12-22 11:02:00+00:00,532.7631214285715,535.1034599999999,0.6283631551694044,142.85714285714286,1,532.0714285714286,535.8,532.0714285714286,535.8,
BNBUSDT,static,اختيار,cycle,2021-12-22 12:53:00+00:00,2021-12-22 13:07:00+00:00,529.0297028571429,531.3797357142857,0.635418791137486,142.85714285714286,1,528.3428571428572,532.0714285714286,528.3428571428572,532.0714285714286,
BNBUSDT,static,اختيار,cycle,2021-12-22 12:31:00+00:00,2021-12-22 14:48:00+00:00,532.7631214285715,535.1034599999999,0.6283631551694044,142.85714285714286,1,532.0714285714286,535.8,532.0714285714286,535.8,
BNBUSDT,static,اختيار,cycle,2021-12-22 23:43:00+00:00,2021-12-23 02:09:00+00:00,532.7631214285715,535.1034599999999,0.6283631551694044,142.85714285714286,1,532.0714285714286,535.8,532.0714285714286,535.8,
BNBUSDT,static,اختيار,cycle,2021-12-23 07:55:00+00:00,2021-12-23 11:00:00+00:00,525.2962842857143,527.6560114285714,0.6425747196190933,142.85714285714286,1,524.6142857142856,528.3428571428572,524.6142857142856,528.3428571428572,
BNBUSDT,static,اختيار,cycle,2021-12-23 07:43:00+00:00,2021-12-23 16:30:00+00:00,529.0297028571429,531.3797357142857,0.635418791137486,142.85714285714286,1,528.3428571428572,532.0714285714286,528.3428571428572,532.0714285714286,
BNBUSDT,static,اختيار,cycle,2021-12-23 03:09:00+00:00,2021-12-23 17:14:00+00:00,532.7631214285715,535.1034599999999,0.6283631551694044,142.85714285714286,1,532.0714285714286,535.8,532.0714285714286,535.8,
BNBUSDT,static,اختيار,cycle,2022-03-26 01:32:00+00:00,2022-03-26 03:55:00+00:00,408.31583571428575,409.5383357142857,0.42827115081449224,142.85714285714286,1,407.7857142857143,410.07142857142856,407.7857142857143,410.07142857142856,
BNBUSDT,static,اختيار,cycle,2022-03-26 00:02:00+00:00,2022-03-26 05:47:00+00:00,410.60452142857145,411.8210785714286,0.4238136710876646,142.85714285714286,1,410.07142857142856,412.35714285714283,410.07142857142856,412.35714285714283,
BNBUSDT,static,اختيار,cycle,2022-03-26 00:00:00+00:00,2022-03-26 08:26:00+00:00,410.83339000000007,414.10382142857145,1.13300932914304,142.14446561579769,1,410.3,414.64285714285717,412.35714285714283,414.64285714285717,
BNBUSDT,static,اختيار,cycle,2022-03-26 12:31:00+00:00,2022-03-26 17:13:00+00:00,412.89320714285714,414.10382142857145,0.41940560738413796,142.85714285714286,1,412.35714285714283,414.64285714285717,412.35714285714283,414.64285714285717,
BNBUSDT,static,اختيار,cycle,2022-03-26 00:00:00+00:00,2022-03-27 00:39:00+00:00,410.83339000000007,416.3865642857143,1.9132383413313518,141.36089577950042,1,410.3,416.92857142857144,414.64285714285717,416.92857142857144,
BNBUSDT,static,اختيار,cycle,2022-03-27 12:58:00+00:00,2022-03-27 14:09:00+00:00,412.89320714285714,414.10382142857145,0.41940560738413796,142.85714285714286,1,412.35714285714283,414.64285714285717,412.35714285714283,414.64285714285717,
BNBUSDT,static,اختيار,cycle,2022-03-27 10:00:00+00:00,2022-03-27 15:21:00+00:00,415.18189285714294,416.3865642857143,0.4150461424879839,142.85714285714286,1,414.64285714285717,416.92857142857144,414.64285714285717,416.92857142857144,
BNBUSDT,static,اختيار,cycle,2022-03-26 00:00:00+00:00,2022-03-27 15:31:00+00:00,410.83339000000007,418.6693071428572,2.6849125039770816,140.5859174233339,1,410.3,419.2142857142857,416.92857142857144,419.2142857142857,
BNBUSDT,static,اختيار,cycle,2022-03-27 16:00:00+00:00,2022-03-27 20:35:00+00:00,417.47057857142863,418.6693071428572,0.41073447710417893,142.85714285714286,1,416.92857142857144,419.2142857142857,416.92857142857144,419.2142857142857,
BNBUSDT,static,اختيار,cycle,2022-03-26 00:00:00+00:00,2022-03-27 20:38:00+00:00,410.83339000000007,420.95205,3.4481717498721824,139.81939001533482,1,410.3,421.5,419.2142857142857,421.5,
BNBUSDT,static,اختيار,cycle,2022-04-22 00:00:00+00:00,2022-04-22 00:34:00+00:00,405.2690228571429,407.75494285714285,0.8774248199915166,142.85714285714286,1,404.74285714285713,408.2857142857143,404.74285714285713,408.2857142857143,
BNBUSDT,static,اختيار,cycle,2022-04-22 00:00:00+00:00,2022-04-22 11:49:00+00:00,405.42637,411.29319428571426,2.052772668199526,141.67249825052482,1,404.9,411.8285714285714,408.2857142857143,411.8285714285714,
BNBUSDT,static,اختيار,cycle,2022-04-23 04:22:00+00:00,2022-04-23 08:32:00+00:00,401.72156,404.21669142857144,0.888453008321972,142.85714285714286,1,401.2,404.74285714285713,401.2,404.74285714285713,
BNBUSDT,static,اختيار,flatten,2022-04-23 23:34:00+00:00,2022-04-23 23:59:00+00:00,401.72156,400.57857,-0.40698974505056174,142.85714285714286,1,401.2,401.1,401.2,404.74285714285713,
BNBUSDT,static,اختيار,flatten,2022-04-23 02:04:00+00:00,2022-04-23 23:59:00+00:00,405.2690228571429,400.57857,-1.6555318569613415,142.85714285714286,1,404.74285714285713,401.1,404.74285714285713,408.2857142857143,
BNBUSDT,static,اختيار,flatten,2022-04-22 14:23:00+00:00,2022-04-23 23:59:00+00:00,408.81648571428576,400.57857,-2.882405778266532,142.85714285714286,1,408.2857142857143,401.1,408.2857142857143,411.8285714285714,
BNBUSDT,static,اختيار,flatten,2022-04-22 00:00:00+00:00,2022-04-23 23:59:00+00:00,405.42637,400.57857,-1.6816289718329425,140.4537255446094,1,404.9,401.1,411.8285714285714,415.37142857142857,
BNBUSDT,static,اختيار,flatten,2022-04-22 00:00:00+00:00,2022-04-23 23:59:00+00:00,405.42637,400.57857,-1.667285733938646,139.2557435685789,1,404.9,401.1,415.37142857142857,418.9142857142857,
BNBUSDT,static,اختيار,flatten,2022-04-22 00:00:00+00:00,2022-04-23 23:59:00+00:00,405.42637,400.57857,-1.6531851043513868,138.07802482608102,1,404.9,401.1,418.9142857142857,422.45714285714286,
BNBUSDT,static,اختيار,flatten,2022-04-22 00:00:00+00:00,2022-04-23 23:59:00+00:00,405.42637,400.57857,-1.63932097930475,136.92005951575814,1,404.9,401.1,422.45714285714286,426.0,
BNBUSDT,static,اختيار,cycle,2022-10-05 14:15:00+00:00,2022-10-05 15:18:00+00:00,290.07661,291.02117999999996,0.4657872676167178,142.85714285714286,1,289.7,291.4,289.7,291.4,
BNBUSDT,static,اختيار,cycle,2022-10-05 09:35:00+00:00,2022-10-05 15:40:00+00:00,291.77882,292.71897,0.4609030297088033,142.85714285714286,1,291.4,293.1,291.4,293.1,
BNBUSDT,static,اختيار,cycle,2022-10-05 08:12:00+00:00,2022-10-05 16:49:00+00:00,293.48103000000003,294.41676,0.4560754496271278,142.85714285714286,1,293.1,294.8,293.1,294.8,
BNBUSDT,static,اختيار,cycle,2022-10-05 17:35:00+00:00,2022-10-05 19:01:00+00:00,293.48103000000003,294.41676,0.4560754496271278,142.85714285714286,1,293.1,294.8,293.1,294.8,
BNBUSDT,static,اختيار,cycle,2022-10-05 19:54:00+00:00,2022-10-06 00:11:00+00:00,293.48103000000003,294.41676,0.4560754496271278,142.85714285714286,1,293.1,294.8,293.1,294.8,
BNBUSDT,static,اختيار,cycle,2022-10-05 02:00:00+00:00,2022-10-06 00:48:00+00:00,295.18324,296.11455,0.4513035471990678,142.85714285714286,1,294.8,296.5,294.8,296.5,
BNBUSDT,static,اختيار,cycle,2022-10-06 13:01:00+00:00,2022-10-06 13:39:00+00:00,293.48103000000003,294.41676,0.4560754496271278,142.85714285714286,1,293.1,294.8,293.1,294.8,
BNBUSDT,static,اختيار,cycle,2022-10-06 14:01:00+00:00,2022-10-06 17:21:00+00:00,293.48103000000003,294.41676,0.4560754496271278,142.85714285714286,1,293.1,294.8,293.1,294.8,
BNBUSDT,static,اختيار,cycle,2022-10-06 20:19:00+00:00,2022-10-06 20:20:00+00:00,288.37440000000004,289.32339,0.4707291666666571,142.85714285714286,1,288.0,289.7,288.0,289.7,
BNBUSDT,static,اختيار,flatten,2022-10-06 21:18:00+00:00,2022-10-06 21:52:00+00:00,286.67219000000006,280.2092538,-3.224857142857172,142.85714285714286,1,286.3,280.574,286.3,288.0,
BNBUSDT,static,اختيار,flatten,2022-10-06 21:00:00+00:00,2022-10-06 21:52:00+00:00,288.37440000000004,280.2092538,-4.050171726190495,142.85714285714286,1,288.0,280.574,288.0,289.7,
BNBUSDT,static,اختيار,flatten,2022-10-06 20:19:00+00:00,2022-10-06 21:52:00+00:00,290.07661,280.2092538,-4.865800187385974,142.85714285714286,1,289.7,280.574,289.7,291.4,
BNBUSDT,static,اختيار,flatten,2022-10-06 20:18:00+00:00,2022-10-06 21:52:00+00:00,291.77882,280.2092538,-5.671912050200999,142.85714285714286,1,291.4,280.574,291.4,293.1,
BNBUSDT,static,اختيار,flatten,2022-10-06 17:37:00+00:00,2022-10-06 21:52:00+00:00,293.48103000000003,280.2092538,-6.468672905395542,142.85714285714286,1,293.1,280.574,293.1,294.8,
BNBUSDT,static,اختيار,flatten,2022-10-06 06:22:00+00:00,2022-10-06 21:52:00+00:00,295.18324,280.2092538,-7.2562445241325895,142.85714285714286,1,294.8,280.574,294.8,296.5,
BNBUSDT,static,اختيار,flatten,2022-10-05 00:00:00+00:00,2022-10-06 21:52:00+00:00,296.68519000000003,280.2092538,-7.9382973741267335,142.7607805348109,1,296.3,280.574,296.5,298.2,
BNBUSDT,static,اختيار,cycle,2022-10-29 00:23:00+00:00,2022-10-29 03:15:00+00:00,297.08571,298.51143,0.6864654051711746,142.85714285714286,1,296.7,298.90000000000003,296.7,298.90000000000003,
BNBUSDT,static,اختيار,cycle,2022-10-29 00:00:00+00:00,2022-10-29 03:42:00+00:00,298.28727,300.70857,1.1572432251589306,142.37919992352911,1,297.9,301.1,298.90000000000003,301.1,
BNBUSDT,static,اختيار,cycle,2022-11-30 00:00:00+00:00,2022-11-30 00:36:00+00:00,296.3704957142857,297.9264771428572,0.7509925327339637,142.85714285714286,1,295.98571428571427,298.31428571428575,295.98571428571427,298.31428571428575,
BNBUSDT,static,اختيار,cycle,2022-11-30 00:00:00+00:00,2022-11-30 00:40:00+00:00,295.78402,300.2520214285715,2.1396424808789782,141.46154582894357,1,295.4,300.64285714285717,298.31428571428575,300.64285714285717,
BNBUSDT,static,اختيار,cycle,2022-11-30 00:00:00+00:00,2022-11-30 00:49:00+00:00,295.78402,302.57756571428575,3.2281044021315064,140.36588263245423,1,295.4,302.9714285714286,300.64285714285717,302.9714285714286,
BNBUSDT,static,اختيار,cycle,2022-11-30 00:00:00+00:00,2022-11-30 01:01:00+00:00,295.78402,304.90311,4.299834967936641,139.28706148623158,1,295.4,305.3,302.9714285714286,305.3,
BNBUSDT,static,اختيار,cycle,2022-11-30 03:54:00+00:00,2022-11-30 04:28:00+00:00,296.3704957142857,297.9264771428572,0.7509925327339637,142.85714285714286,1,295.98571428571427,298.31428571428575,295.98571428571427,298.31428571428575,
BNBUSDT,static,اختيار,cycle,2022-11-30 03:45:00+00:00,2022-11-30 07:34:00+00:00,298.70209428571434,300.2520214285715,0.7422311765430242,142.85714285714286,1,298.31428571428575,300.64285714285717,298.31428571428575,300.64285714285717,
BNBUSDT,static,اختيار,cycle,2022-11-30 03:33:00+00:00,2022-11-30 08:16:00+00:00,301.0336928571429,302.57756571428575,0.7336055391507931,142.85714285714286,1,300.64285714285717,302.9714285714286,300.64285714285717,302.9714285714286,
BNBUSDT,static,اختيار,cycle,2022-11-30 12:58:00+00:00,2022-11-30 13:23:00+00:00,298.70209428571434,300.2520214285715,0.7422311765430242,142.85714285714286,1,298.31428571428575,300.64285714285717,298.31428571428575,300.64285714285717,
BNBUSDT,static,اختيار,cycle,2022-11-30 17:35:00+00:00,2022-11-30 18:12:00+00:00,294.03889714285714,295.6009328571428,0.7598928362938727,142.85714285714286,1,293.65714285714284,295.98571428571427,293.65714285714284,295.98571428571427,
BNBUSDT,static,اختيار,cycle,2022-11-30 17:24:00+00:00,2022-11-30 18:38:00+00:00,296.3704957142857,297.9264771428572,0.7509925327339637,142.85714285714286,1,295.98571428571427,298.31428571428575,295.98571428571427,298.31428571428575,
BNBUSDT,static,اختيار,cycle,2022-11-30 13:33:00+00:00,2022-11-30 19:18:00+00:00,298.70209428571434,300.2520214285715,0.7422311765430242,142.85714285714286,1,298.31428571428575,300.64285714285717,298.31428571428575,300.64285714285717,
BNBUSDT,static,اختيار,cycle,2022-11-30 19:39:00+00:00,2022-11-30 20:59:00+00:00,298.70209428571434,300.2520214285715,0.7422311765430242,142.85714285714286,1,298.31428571428575,300.64285714285717,298.31428571428575,300.64285714285717,
BNBUSDT,static,اختيار,cycle,2022-12-01 01:28:00+00:00,2022-12-01 03:05:00+00:00,296.3704957142857,297.9264771428572,0.7509925327339637,142.85714285714286,1,295.98571428571427,298.31428571428575,295.98571428571427,298.31428571428575,
BNBUSDT,static,اختيار,cycle,2022-12-01 04:48:00+00:00,2022-12-01 06:04:00+00:00,296.3704957142857,297.9264771428572,0.7509925327339637,142.85714285714286,1,295.98571428571427,298.31428571428575,295.98571428571427,298.31428571428575,
BNBUSDT,static,اختيار,cycle,2022-12-01 00:13:00+00:00,2022-12-01 10:43:00+00:00,298.70209428571434,300.2520214285715,0.7422311765430242,142.85714285714286,1,298.31428571428575,300.64285714285717,298.31428571428575,300.64285714285717,
BNBUSDT,static,اختيار,cycle,2022-12-01 15:13:00+00:00,2022-12-02 00:42:00+00:00,291.70729857142857,293.27538857142855,0.7689354190163212,142.85714285714286,1,291.3285714285714,293.65714285714284,291.3285714285714,293.65714285714284,
BNBUSDT,static,اختيار,cycle,2022-12-02 01:45:00+00:00,2022-12-02 11:29:00+00:00,289.3757,290.9498442857143,0.7781237200762645,142.85714285714286,1,289.0,291.3285714285714,289.0,291.3285714285714,
BNBUSDT,static,اختيار,cycle,2022-12-02 13:30:00+00:00,2022-12-02 20:59:00+00:00,289.3757,290.9498442857143,0.7781237200762645,142.85714285714286,1,289.0,291.3285714285714,289.0,291.3285714285714,
BNBUSDT,static,اختيار,cycle,2022-12-02 01:42:00+00:00,2022-12-02 23:56:00+00:00,291.70729857142857,293.27538857142855,0.7689354190163212,142.85714285714286,1,291.3285714285714,293.65714285714284,291.3285714285714,293.65714285714284,
BNBUSDT,static,اختيار,cycle,2022-12-03 11:08:00+00:00,2022-12-03 12:10:00+00:00,289.3757,290.9498442857143,0.7781237200762645,142.85714285714286,1,289.0,291.3285714285714,289.0,291.3285714285714,
BNBUSDT,static,اختيار,cycle,2022-12-04 11:35:00+00:00,2022-12-04 18:30:00+00:00,289.3757,290.9498442857143,0.7781237200762645,142.85714285714286,1,289.0,291.3285714285714,289.0,291.3285714285714,
BNBUSDT,static,اختيار,cycle,2022-12-03 00:51:00+00:00,2022-12-05 00:32:00+00:00,291.70729857142857,293.27538857142855,0.7689354190163212,142.85714285714286,1,291.3285714285714,293.65714285714284,291.3285714285714,293.65714285714284,
BNBUSDT,static,اختيار,cycle,2022-12-01 13:45:00+00:00,2022-12-05 01:48:00+00:00,294.03889714285714,295.6009328571428,0.7598928362938727,142.85714285714286,1,293.65714285714284,295.98571428571427,293.65714285714284,295.98571428571427,
BNBUSDT,static,اختيار,flatten,2022-12-05 16:22:00+00:00,2022-12-07 07:13:00+00:00,289.3757,282.851814,-3.2248571428571453,142.85714285714286,1,289.0,283.21999999999997,289.0,291.3285714285714,
BNBUSDT,static,اختيار,flatten,2022-12-05 15:01:00+00:00,2022-12-07 07:13:00+00:00,291.70729857142857,282.851814,-4.342413853493148,142.85714285714286,1,291.3285714285714,283.21999999999997,291.3285714285714,293.65714285714284,
BNBUSDT,static,اختيار,flatten,2022-12-05 13:50:00+00:00,2022-12-07 07:13:00+00:00,294.03889714285714,282.851814,-5.442247101993164,142.85714285714286,1,293.65714285714284,283.21999999999997,293.65714285714284,295.98571428571427,
BNBUSDT,static,اختيار,flatten,2022-12-01 12:28:00+00:00,2022-12-07 07:13:00+00:00,296.3704957142857,282.851814,-6.524775189094899,142.85714285714286,1,295.98571428571427,283.21999999999997,295.98571428571427,298.31428571428575,
BNBUSDT,static,اختيار,flatten,2022-12-01 12:25:00+00:00,2022-12-07 07:13:00+00:00,298.70209428571434,282.851814,-7.590403354905826,142.85714285714286,1,298.31428571428575,283.21999999999997,298.31428571428575,300.64285714285717,
BNBUSDT,static,اختيار,flatten,2022-11-30 08:36:00+00:00,2022-12-07 07:13:00+00:00,301.0336928571429,282.851814,-8.639524284696089,142.85714285714286,1,300.64285714285717,283.21999999999997,300.64285714285717,302.9714285714286,
BNBUSDT,static,اختيار,flatten,2022-11-30 01:16:00+00:00,2022-12-07 07:13:00+00:00,303.3652914285715,282.851814,-9.672518591367167,142.85714285714286,1,302.9714285714286,283.21999999999997,302.9714285714286,305.3,
BNBUSDT,static,اختيار,cycle,2023-01-13 01:36:00+00:00,2023-01-13 02:43:00+00:00,286.0857142857143,286.78383857142865,0.3490621428571785,142.85714285714286,1,285.7142857142857,287.1571428571429,285.7142857142857,287.1571428571429,
BNBUSDT,static,اختيار,cycle,2023-01-13 00:07:00+00:00,2023-01-13 03:09:00+00:00,287.5304471428572,288.22482,0.34544194674036593,142.85714285714286,1,287.1571428571429,288.6,287.1571428571429,288.6,
BNBUSDT,static,اختيار,cycle,2023-01-13 12:54:00+00:00,2023-01-13 14:51:00+00:00,286.0857142857143,286.78383857142865,0.3490621428571785,142.85714285714286,1,285.7142857142857,287.1571428571429,285.7142857142857,287.1571428571429,
BNBUSDT,static,اختيار,cycle,2023-01-13 08:44:00+00:00,2023-01-13 15:27:00+00:00,287.5304471428572,288.22482,0.34544194674036593,142.85714285714286,1,287.1571428571429,288.6,287.1571428571429,288.6,
BNBUSDT,static,اختيار,cycle,2023-01-13 16:10:00+00:00,2023-01-13 17:21:00+00:00,287.5304471428572,288.22482,0.34544194674036593,142.85714285714286,1,287.1571428571429,288.6,287.1571428571429,288.6,
BNBUSDT,static,اختيار,cycle,2023-01-13 17:47:00+00:00,2023-01-13 19:48:00+00:00,287.5304471428572,288.22482,0.34544194674036593,142.85714285714286,1,287.1571428571429,288.6,287.1571428571429,288.6,
BNBUSDT,static,اختيار,cycle,2023-03-05 00:22:00+00:00,2023-03-05 01:09:00+00:00,289.4329171428572,289.4945957142857,0.03048263883982481,142.85714285714286,1,289.0571428571429,289.87142857142857,289.0571428571429,289.87142857142857,
BNBUSDT,static,اختيار,cycle,2023-03-05 00:00:00+00:00,2023-03-05 01:16:00+00:00,289.97648000000004,290.30782285714287,0.16329547934691685,142.7233748952738,1,289.6,290.6857142857143,289.87142857142857,290.6857142857143,
BNBUSDT,static,اختيار,cycle,2023-03-05 00:00:00+00:00,2023-03-05 01:18:00+00:00,289.97648000000004,291.12105,0.5624975427560386,142.32356988401807,1,289.6,291.5,290.6857142857143,291.5,
BNBUSDT,static,اختيار,cycle,2023-03-05 01:23:00+00:00,2023-03-05 01:29:00+00:00,291.06360571428576,291.12105,0.028230924766202335,142.85714285714286,1,290.6857142857143,291.5,290.6857142857143,291.5,
BNBUSDT,static,اختيار,cycle,2023-03-05 02:36:00+00:00,2023-03-05 02:40:00+00:00,288.6175728571429,288.6813685714286,0.031618037510894446,142.85714285714286,1,288.24285714285713,289.0571428571429,288.24285714285713,289.0571428571429,
BNBUSDT,static,اختيار,cycle,2023-03-05 02:35:00+00:00,2023-03-05 02:47:00+00:00,289.4329171428572,289.4945957142857,0.03048263883982481,142.85714285714286,1,289.0571428571429,289.87142857142857,289.0571428571429,289.87142857142857,
BNBUSDT,static,اختيار,cycle,2023-03-05 02:35:00+00:00,2023-03-05 03:08:00+00:00,290.2482614285714,290.30782285714287,0.029353619127417015,142.85714285714286,1,289.87142857142857,290.6857142857143,289.87142857142857,290.6857142857143,
BNBUSDT,static,اختيار,cycle,2023-03-05 02:33:00+00:00,2023-03-05 04:55:00+00:00,291.06360571428576,291.12105,0.028230924766202335,142.85714285714286,1,290.6857142857143,291.5,290.6857142857143,291.5,
BNBUSDT,static,اختيار,cycle,2023-03-05 09:04:00+00:00,2023-03-05 09:22:00+00:00,290.2482614285714,290.30782285714287,0.029353619127417015,142.85714285714286,1,289.87142857142857,290.6857142857143,289.87142857142857,290.6857142857143,
BNBUSDT,static,اختيار,cycle,2023-03-05 05:29:00+00:00,2023-03-05 12:44:00+00:00,291.06360571428576,291.12105,0.028230924766202335,142.85714285714286,1,290.6857142857143,291.5,290.6857142857143,291.5,
BNBUSDT,static,اختيار,cycle,2023-03-05 18:56:00+00:00,2023-03-05 21:15:00+00:00,290.2482614285714,290.30782285714287,0.029353619127417015,142.85714285714286,1,289.87142857142857,290.6857142857143,289.87142857142857,290.6857142857143,
BNBUSDT,static,اختيار,cycle,2023-03-05 21:42:00+00:00,2023-03-05 21:55:00+00:00,289.4329171428572,289.4945957142857,0.03048263883982481,142.85714285714286,1,289.0571428571429,289.87142857142857,289.0571428571429,289.87142857142857,
BNBUSDT,static,اختيار,cycle,2023-03-05 22:32:00+00:00,2023-03-05 22:44:00+00:00,288.6175728571429,288.6813685714286,0.031618037510894446,142.85714285714286,1,288.24285714285713,289.0571428571429,288.24285714285713,289.0571428571429,
BNBUSDT,static,اختيار,cycle,2023-03-05 23:25:00+00:00,2023-03-05 23:33:00+00:00,287.8022285714286,287.86814142857145,0.032759869355292355,142.85714285714286,1,287.42857142857144,288.24285714285713,287.42857142857144,288.24285714285713,
BNBUSDT,static,اختيار,cycle,2023-03-05 23:02:00+00:00,2023-03-06 00:27:00+00:00,288.6175728571429,288.6813685714286,0.031618037510894446,142.85714285714286,1,288.24285714285713,289.0571428571429,288.24285714285713,289.0571428571429,
BNBUSDT,static,اختيار,cycle,2023-03-06 01:23:00+00:00,2023-03-06 01:24:00+00:00,286.17154000000005,286.42716,0.1277716684994326,142.85714285714286,1,285.8,286.8,285.8,286.6142857142857,
BNBUSDT,static,اختيار,cycle,2023-03-06 01:20:00+00:00,2023-03-06 01:24:00+00:00,286.98688428571427,287.0549142857143,0.033908189204018134,142.85714285714286,1,286.6142857142857,287.42857142857144,286.6142857142857,287.42857142857144,
BNBUSDT,static,اختيار,cycle,2023-03-06 01:19:00+00:00,2023-03-06 01:24:00+00:00,287.8022285714286,287.86814142857145,0.032759869355292355,142.85714285714286,1,287.42857142857144,288.24285714285713,287.42857142857144,288.24285714285713,
BNBUSDT,static,اختيار,cycle,2023-03-06 02:03:00+00:00,2023-03-06 02:08:00+00:00,286.17154000000005,286.24168714285713,0.03506305251278678,142.85714285714286,1,285.8,286.6142857142857,285.8,286.6142857142857,
BNBUSDT,static,اختيار,cycle,2023-03-06 02:10:00+00:00,2023-03-06 02:40:00+00:00,286.17154000000005,286.24168714285713,0.03506305251278678,142.85714285714286,1,285.8,286.6142857142857,285.8,286.6142857142857,
BNBUSDT,static,اختيار,cycle,2023-03-06 04:32:00+00:00,2023-03-06 14:33:00+00:00,286.17154000000005,286.24168714285713,0.03506305251278678,142.85714285714286,1,285.8,286.6142857142857,285.8,286.6142857142857,
BNBUSDT,static,اختيار,cycle,2023-03-06 01:54:00+00:00,2023-03-06 15:52:00+00:00,286.98688428571427,287.0549142857143,0.033908189204018134,142.85714285714286,1,286.6142857142857,287.42857142857144,286.6142857142857,287.42857142857144,
BNBUSDT,static,اختيار,cycle,2023-03-06 01:36:00+00:00,2023-03-06 16:00:00+00:00,287.8022285714286,287.86814142857145,0.032759869355292355,142.85714285714286,1,287.42857142857144,288.24285714285713,287.42857142857144,288.24285714285713,
BNBUSDT,static,اختيار,cycle,2023-03-06 16:32:00+00:00,2023-03-06 16:53:00+00:00,287.8022285714286,287.86814142857145,0.032759869355292355,142.85714285714286,1,287.42857142857144,288.24285714285713,287.42857142857144,288.24285714285713,
BNBUSDT,static,اختيار,cycle,2023-03-06 01:14:00+00:00,2023-03-06 19:15:00+00:00,288.6175728571429,288.6813685714286,0.031618037510894446,142.85714285714286,1,288.24285714285713,289.0571428571429,288.24285714285713,289.0571428571429,
BNBUSDT,static,اختيار,cycle,2023-03-06 19:18:00+00:00,2023-03-06 19:54:00+00:00,287.8022285714286,287.86814142857145,0.032759869355292355,142.85714285714286,1,287.42857142857144,288.24285714285713,287.42857142857144,288.24285714285713,
BNBUSDT,static,اختيار,cycle,2023-03-06 20:17:00+00:00,2023-03-06 20:23:00+00:00,287.8022285714286,287.86814142857145,0.032759869355292355,142.85714285714286,1,287.42857142857144,288.24285714285713,287.42857142857144,288.24285714285713,
BNBUSDT,static,اختيار,cycle,2023-03-06 21:00:00+00:00,2023-03-06 21:32:00+00:00,286.98688428571427,287.0549142857143,0.033908189204018134,142.85714285714286,1,286.6142857142857,287.42857142857144,286.6142857142857,287.42857142857144,
BNBUSDT,static,اختيار,cycle,2023-03-06 20:38:00+00:00,2023-03-06 23:16:00+00:00,287.8022285714286,287.86814142857145,0.032759869355292355,142.85714285714286,1,287.42857142857144,288.24285714285713,287.42857142857144,288.24285714285713,
BNBUSDT,static,اختيار,cycle,2023-03-07 00:27:00+00:00,2023-03-07 01:13:00+00:00,287.8022285714286,287.86814142857145,0.032759869355292355,142.85714285714286,1,287.42857142857144,288.24285714285713,287.42857142857144,288.24285714285713,
BNBUSDT,static,اختيار,cycle,2023-03-06 19:17:00+00:00,2023-03-07 01:22:00+00:00,288.6175728571429,288.6813685714286,0.031618037510894446,142.85714285714286,1,288.24285714285713,289.0571428571429,288.24285714285713,289.0571428571429,
BNBUSDT,static,اختيار,cycle,2023-03-07 01:38:00+00:00,2023-03-07 02:32:00+00:00,288.6175728571429,288.6813685714286,0.031618037510894446,142.85714285714286,1,288.24285714285713,289.0571428571429,288.24285714285713,289.0571428571429,
BNBUSDT,static,اختيار,cycle,2023-03-07 10:54:00+00:00,2023-03-07 12:53:00+00:00,286.17154000000005,286.24168714285713,0.03506305251278678,142.85714285714286,1,285.8,286.6142857142857,285.8,286.6142857142857,
BNBUSDT,static,اختيار,cycle,2023-03-07 13:58:00+00:00,2023-03-07 14:35:00+00:00,286.17154000000005,286.24168714285713,0.03506305251278678,142.85714285714286,1,285.8,286.6142857142857,285.8,286.6142857142857,
BNBUSDT,static,اختيار,cycle,2023-03-07 15:00:00+00:00,2023-03-07 15:22:00+00:00,286.17154000000005,286.24168714285713,0.03506305251278678,142.85714285714286,1,285.8,286.6142857142857,285.8,286.6142857142857,
BNBUSDT,static,اختيار,cycle,2023-03-07 09:20:00+00:00,2023-03-07 15:23:00+00:00,286.98688428571427,287.0549142857143,0.033908189204018134,142.85714285714286,1,286.6142857142857,287.42857142857144,286.6142857142857,287.42857142857144,
BNBUSDT,static,اختيار,cycle,2023-03-07 15:24:00+00:00,2023-03-07 15:31:00+00:00,286.98688428571427,287.0549142857143,0.033908189204018134,142.85714285714286,1,286.6142857142857,287.42857142857144,286.6142857142857,287.42857142857144,
BNBUSDT,static,اختيار,cycle,2023-03-07 06:13:00+00:00,2023-03-07 15:37:00+00:00,287.8022285714286,287.86814142857145,0.032759869355292355,142.85714285714286,1,287.42857142857144,288.24285714285713,287.42857142857144,288.24285714285713,
BNBUSDT,static,اختيار,cycle,2023-03-07 15:41:00+00:00,2023-03-07 15:49:00+00:00,287.8022285714286,287.86814142857145,0.032759869355292355,142.85714285714286,1,287.42857142857144,288.24285714285713,287.42857142857144,288.24285714285713,
BNBUSDT,static,اختيار,cycle,2023-03-07 16:35:00+00:00,2023-03-07 16:44:00+00:00,286.17154000000005,286.24168714285713,0.03506305251278678,142.85714285714286,1,285.8,286.6142857142857,285.8,286.6142857142857,
BNBUSDT,static,اختيار,cycle,2023-03-07 16:27:00+00:00,2023-03-07 17:00:00+00:00,286.98688428571427,287.0549142857143,0.033908189204018134,142.85714285714286,1,286.6142857142857,287.42857142857144,286.6142857142857,287.42857142857144,
BNBUSDT,static,اختيار,cycle,2023-03-07 15:53:00+00:00,2023-03-07 17:24:00+00:00,287.8022285714286,287.86814142857145,0.032759869355292355,142.85714285714286,1,287.42857142857144,288.24285714285713,287.42857142857144,288.24285714285713,
BNBUSDT,static,اختيار,cycle,2023-03-07 03:24:00+00:00,2023-03-07 17:37:00+00:00,288.6175728571429,288.6813685714286,0.031618037510894446,142.85714285714286,1,288.24285714285713,289.0571428571429,288.24285714285713,289.0571428571429,
BNBUSDT,static,اختيار,cycle,2023-03-05 22:27:00+00:00,2023-03-07 18:00:00+00:00,289.4329171428572,289.4945957142857,0.03048263883982481,142.85714285714286,1,289.0571428571429,289.87142857142857,289.0571428571429,289.87142857142857,
BNBUSDT,static,اختيار,cycle,2023-03-07 20:07:00+00:00,2023-03-07 20:41:00+00:00,286.98688428571427,287.0549142857143,0.033908189204018134,142.85714285714286,1,286.6142857142857,287.42857142857144,286.6142857142857,287.42857142857144,
BNBUSDT,static,اختيار,cycle,2023-03-07 21:10:00+00:00,2023-03-07 21:56:00+00:00,286.98688428571427,287.0549142857143,0.033908189204018134,142.85714285714286,1,286.6142857142857,287.42857142857144,286.6142857142857,287.42857142857144,
BNBUSDT,static,اختيار,cycle,2023-03-07 22:08:00+00:00,2023-03-07 22:28:00+00:00,286.17154000000005,286.24168714285713,0.03506305251278678,142.85714285714286,1,285.8,286.6142857142857,285.8,286.6142857142857,
BNBUSDT,static,اختيار,cycle,2023-03-07 22:04:00+00:00,2023-03-07 22:51:00+00:00,286.98688428571427,287.0549142857143,0.033908189204018134,142.85714285714286,1,286.6142857142857,287.42857142857144,286.6142857142857,287.42857142857144,
BNBUSDT,static,اختيار,cycle,2023-03-07 19:57:00+00:00,2023-03-07 23:18:00+00:00,287.8022285714286,287.86814142857145,0.032759869355292355,142.85714285714286,1,287.42857142857144,288.24285714285713,287.42857142857144,288.24285714285713,
BNBUSDT,static,اختيار,cycle,2023-03-07 18:41:00+00:00,2023-03-07 23:39:00+00:00,288.6175728571429,288.6813685714286,0.031618037510894446,142.85714285714286,1,288.24285714285713,289.0571428571429,288.24285714285713,289.0571428571429,
BNBUSDT,static,اختيار,cycle,2023-03-07 18:33:00+00:00,2023-03-08 00:03:00+00:00,289.4329171428572,289.4945957142857,0.03048263883982481,142.85714285714286,1,289.0571428571429,289.87142857142857,289.0571428571429,289.87142857142857,
BNBUSDT,static,اختيار,cycle,2023-03-08 00:49:00+00:00,2023-03-08 01:34:00+00:00,289.4329171428572,289.4945957142857,0.03048263883982481,142.85714285714286,1,289.0571428571429,289.87142857142857,289.0571428571429,289.87142857142857,
BNBUSDT,static,اختيار,cycle,2023-03-08 01:48:00+00:00,2023-03-08 02:37:00+00:00,289.4329171428572,289.4945957142857,0.03048263883982481,142.85714285714286,1,289.0571428571429,289.87142857142857,289.0571428571429,289.87142857142857,
BNBUSDT,static,اختيار,cycle,2023-03-05 21:41:00+00:00,2023-03-08 03:07:00+00:00,290.2482614285714,290.30782285714287,0.029353619127417015,142.85714285714286,1,289.87142857142857,290.6857142857143,289.87142857142857,290.6857142857143,
BNBUSDT,static,اختيار,cycle,2023-03-08 05:40:00+00:00,2023-03-08 05:41:00+00:00,286.17154000000005,286.24168714285713,0.03506305251278678,142.85714285714286,1,285.8,286.6142857142857,285.8,286.6142857142857,
BNBUSDT,static,اختيار,cycle,2023-03-08 05:46:00+00:00,2023-03-08 05:50:00+00:00,286.17154000000005,286.24168714285713,0.03506305251278678,142.85714285714286,1,285.8,286.6142857142857,285.8,286.6142857142857,
BNBUSDT,static,اختيار,cycle,2023-03-08 05:56:00+00:00,2023-03-08 06:33:00+00:00,286.17154000000005,286.24168714285713,0.03506305251278678,142.85714285714286,1,285.8,286.6142857142857,285.8,286.6142857142857,
BNBUSDT,static,اختيار,cycle,2023-03-08 07:31:00+00:00,2023-03-08 08:30:00+00:00,286.17154000000005,286.24168714285713,0.03506305251278678,142.85714285714286,1,285.8,286.6142857142857,285.8,286.6142857142857,
BNBUSDT,static,اختيار,cycle,2023-03-08 05:37:00+00:00,2023-03-08 10:18:00+00:00,286.98688428571427,287.0549142857143,0.033908189204018134,142.85714285714286,1,286.6142857142857,287.42857142857144,286.6142857142857,287.42857142857144,
BNBUSDT,static,اختيار,cycle,2023-03-08 05:27:00+00:00,2023-03-08 12:59:00+00:00,287.8022285714286,287.86814142857145,0.032759869355292355,142.85714285714286,1,287.42857142857144,288.24285714285713,287.42857142857144,288.24285714285713,
BNBUSDT,static,اختيار,cycle,2023-03-08 14:02:00+00:00,2023-03-08 14:15:00+00:00,286.17154000000005,286.24168714285713,0.03506305251278678,142.85714285714286,1,285.8,286.6142857142857,285.8,286.6142857142857,
BNBUSDT,static,اختيار,cycle,2023-03-08 13:49:00+00:00,2023-03-08 14:17:00+00:00,286.98688428571427,287.0549142857143,0.033908189204018134,142.85714285714286,1,286.6142857142857,287.42857142857144,286.6142857142857,287.42857142857144,
BNBUSDT,static,اختيار,cycle,2023-03-08 13:11:00+00:00,2023-03-08 15:02:00+00:00,287.8022285714286,287.86814142857145,0.032759869355292355,142.85714285714286,1,287.42857142857144,288.24285714285713,287.42857142857144,288.24285714285713,
BNBUSDT,static,اختيار,cycle,2023-03-08 05:15:00+00:00,2023-03-08 15:12:00+00:00,288.6175728571429,288.6813685714286,0.031618037510894446,142.85714285714286,1,288.24285714285713,289.0571428571429,288.24285714285713,289.0571428571429,
BNBUSDT,static,اختيار,cycle,2023-03-08 04:39:00+00:00,2023-03-08 15:27:00+00:00,289.4329171428572,289.4945957142857,0.03048263883982481,142.85714285714286,1,289.0571428571429,289.87142857142857,289.0571428571429,289.87142857142857,
BNBUSDT,static,اختيار,cycle,2023-03-08 03:16:00+00:00,2023-03-08 15:34:00+00:00,290.2482614285714,290.30782285714287,0.029353619127417015,142.85714285714286,1,289.87142857142857,290.6857142857143,289.87142857142857,290.6857142857143,
BNBUSDT,static,اختيار,cycle,2023-03-05 17:46:00+00:00,2023-03-08 15:43:00+00:00,291.06360571428576,291.12105,0.028230924766202335,142.85714285714286,1,290.6857142857143,291.5,290.6857142857143,291.5,
BNBUSDT,static,اختيار,cycle,2023-03-08 15:50:00+00:00,2023-03-08 15:55:00+00:00,291.06360571428576,291.12105,0.028230924766202335,142.85714285714286,1,290.6857142857143,291.5,290.6857142857143,291.5,
BNBUSDT,static,اختيار,cycle,2023-03-08 18:43:00+00:00,2023-03-08 18:54:00+00:00,289.4329171428572,289.4945957142857,0.03048263883982481,142.85714285714286,1,289.0571428571429,289.87142857142857,289.0571428571429,289.87142857142857,
BNBUSDT,static,اختيار,cycle,2023-03-08 18:37:00+00:00,2023-03-08 20:33:00+00:00,290.2482614285714,290.30782285714287,0.029353619127417015,142.85714285714286,1,289.87142857142857,290.6857142857143,289.87142857142857,290.6857142857143,
BNBUSDT,static,اختيار,cycle,2023-03-08 18:23:00+00:00,2023-03-08 20:46:00+00:00,291.06360571428576,291.12105,0.028230924766202335,142.85714285714286,1,290.6857142857143,291.5,290.6857142857143,291.5,
BNBUSDT,static,اختيار,cycle,2023-03-08 22:56:00+00:00,2023-03-08 23:00:00+00:00,286.98688428571427,287.0549142857143,0.033908189204018134,142.85714285714286,1,286.6142857142857,287.42857142857144,286.6142857142857,287.42857142857144,
BNBUSDT,static,اختيار,cycle,2023-03-08 23:09:00+00:00,2023-03-08 23:10:00+00:00,286.98688428571427,287.0549142857143,0.033908189204018134,142.85714285714286,1,286.6142857142857,287.42857142857144,286.6142857142857,287.42857142857144,
BNBUSDT,static,اختيار,cycle,2023-03-08 22:48:00+00:00,2023-03-08 23:12:00+00:00,287.8022285714286,287.86814142857145,0.032759869355292355,142.85714285714286,1,287.42857142857144,288.24285714285713,287.42857142857144,288.24285714285713,
BNBUSDT,static,اختيار,cycle,2023-03-08 23:41:00+00:00,2023-03-09 00:14:00+00:00,286.98688428571427,287.0549142857143,0.033908189204018134,142.85714285714286,1,286.6142857142857,287.42857142857144,286.6142857142857,287.42857142857144,
BNBUSDT,static,اختيار,cycle,2023-03-09 00:17:00+00:00,2023-03-09 00:23:00+00:00,286.98688428571427,287.0549142857143,0.033908189204018134,142.85714285714286,1,286.6142857142857,287.42857142857144,286.6142857142857,287.42857142857144,
BNBUSDT,static,اختيار,cycle,2023-03-08 23:34:00+00:00,2023-03-09 00:28:00+00:00,287.8022285714286,287.86814142857145,0.032759869355292355,142.85714285714286,1,287.42857142857144,288.24285714285713,287.42857142857144,288.24285714285713,
BNBUSDT,static,اختيار,cycle,2023-03-08 22:35:00+00:00,2023-03-09 01:12:00+00:00,288.6175728571429,288.6813685714286,0.031618037510894446,142.85714285714286,1,288.24285714285713,289.0571428571429,288.24285714285713,289.0571428571429,
BNBUSDT,static,اختيار,cycle,2023-03-08 22:28:00+00:00,2023-03-09 01:19:00+00:00,289.4329171428572,289.4945957142857,0.03048263883982481,142.85714285714286,1,289.0571428571429,289.87142857142857,289.0571428571429,289.87142857142857,
BNBUSDT,static,اختيار,cycle,2023-03-08 21:47:00+00:00,2023-03-09 02:20:00+00:00,290.2482614285714,290.30782285714287,0.029353619127417015,142.85714285714286,1,289.87142857142857,290.6857142857143,289.87142857142857,290.6857142857143,
BNBUSDT,static,اختيار,cycle,2023-03-09 05:56:00+00:00,2023-03-09 06:43:00+00:00,289.4329171428572,289.4945957142857,0.03048263883982481,142.85714285714286,1,289.0571428571429,289.87142857142857,289.0571428571429,289.87142857142857,
BNBUSDT,static,اختيار,cycle,2023-03-09 08:47:00+00:00,2023-03-09 08:48:00+00:00,287.8022285714286,288.22482,0.210035501278043,142.85714285714286,1,287.42857142857144,288.6,287.42857142857144,288.24285714285713,
BNBUSDT,static,اختيار,cycle,2023-03-09 09:30:00+00:00,2023-03-09 10:12:00+00:00,287.8022285714286,287.86814142857145,0.032759869355292355,142.85714285714286,1,287.42857142857144,288.24285714285713,287.42857142857144,288.24285714285713,
BNBUSDT,static,اختيار,cycle,2023-03-09 10:47:00+00:00,2023-03-09 10:50:00+00:00,287.8022285714286,287.86814142857145,0.032759869355292355,142.85714285714286,1,287.42857142857144,288.24285714285713,287.42857142857144,288.24285714285713,
BNBUSDT,static,اختيار,cycle,2023-03-09 08:25:00+00:00,2023-03-09 11:46:00+00:00,288.6175728571429,288.6813685714286,0.031618037510894446,142.85714285714286,1,288.24285714285713,289.0571428571429,288.24285714285713,289.0571428571429,
BNBUSDT,static,اختيار,cycle,2023-03-09 13:24:00+00:00,2023-03-09 13:30:00+00:00,288.6175728571429,288.6813685714286,0.031618037510894446,142.85714285714286,1,288.24285714285713,289.0571428571429,288.24285714285713,289.0571428571429,
BNBUSDT,static,اختيار,cycle,2023-03-09 07:45:00+00:00,2023-03-09 13:40:00+00:00,289.4329171428572,289.4945957142857,0.03048263883982481,142.85714285714286,1,289.0571428571429,289.87142857142857,289.0571428571429,289.87142857142857,
BNBUSDT,static,اختيار,cycle,2023-03-09 03:12:00+00:00,2023-03-09 14:16:00+00:00,290.2482614285714,290.30782285714287,0.029353619127417015,142.85714285714286,1,289.87142857142857,290.6857142857143,289.87142857142857,290.6857142857143,
BNBUSDT,static,اختيار,cycle,2023-03-09 14:32:00+00:00,2023-03-09 14:35:00+00:00,290.2482614285714,290.30782285714287,0.029353619127417015,142.85714285714286,1,289.87142857142857,290.6857142857143,289.87142857142857,290.6857142857143,
BNBUSDT,static,اختيار,cycle,2023-03-09 15:18:00+00:00,2023-03-09 15:30:00+00:00,289.4329171428572,289.4945957142857,0.03048263883982481,142.85714285714286,1,289.0571428571429,289.87142857142857,289.0571428571429,289.87142857142857,
BNBUSDT,static,اختيار,cycle,2023-03-09 16:09:00+00:00,2023-03-09 16:15:00+00:00,289.4329171428572,289.4945957142857,0.03048263883982481,142.85714285714286,1,289.0571428571429,289.87142857142857,289.0571428571429,289.87142857142857,
BNBUSDT,static,اختيار,cycle,2023-03-09 17:02:00+00:00,2023-03-09 17:07:00+00:00,287.8022285714286,287.86814142857145,0.032759869355292355,142.85714285714286,1,287.42857142857144,288.24285714285713,287.42857142857144,288.24285714285713,
BNBUSDT,static,اختيار,flatten,2023-03-09 18:30:00+00:00,2023-03-09 19:48:00+00:00,286.17154000000005,279.71989080000003,-3.224857142857153,142.85714285714286,1,285.8,280.084,285.8,286.6142857142857,
BNBUSDT,static,اختيار,flatten,2023-03-09 18:28:00+00:00,2023-03-09 19:48:00+00:00,286.98688428571427,279.71989080000003,-3.6220871682770466,142.85714285714286,1,286.6142857142857,280.084,286.6142857142857,287.42857142857144,
BNBUSDT,static,اختيار,flatten,2023-03-09 17:37:00+00:00,2023-03-09 19:48:00+00:00,287.8022285714286,279.71989080000003,-4.0170664867935235,142.85714285714286,1,287.42857142857144,280.084,287.42857142857144,288.24285714285713,
BNBUSDT,static,اختيار,flatten,2023-03-09 16:45:00+00:00,2023-03-09 19:48:00+00:00,288.6175728571429,279.71989080000003,-4.409814173139141,142.85714285714286,1,288.24285714285713,280.084,288.24285714285713,289.0571428571429,
BNBUSDT,static,اختيار,flatten,2023-03-09 16:40:00+00:00,2023-03-09 19:48:00+00:00,289.4329171428572,279.71989080000003,-4.800349087109407,142.85714285714286,1,289.0571428571429,280.084,289.0571428571429,289.87142857142857,
BNBUSDT,static,اختيار,flatten,2023-03-09 14:52:00+00:00,2023-03-09 19:48:00+00:00,290.2482614285714,279.71989080000003,-5.188689876581438,142.85714285714286,1,289.87142857142857,280.084,289.87142857142857,290.6857142857143,
BNBUSDT,static,اختيار,flatten,2023-03-08 21:39:00+00:00,2023-03-09 19:48:00+00:00,291.06360571428576,279.71989080000003,-5.574854980482468,142.85714285714286,1,290.6857142857143,280.084,290.6857142857143,291.5,
BNBUSDT,static,اختيار,cycle,2023-05-11 00:44:00+00:00,2023-05-11 01:27:00+00:00,313.37829142857146,313.80580714285713,0.19514137040609622,142.85714285714286,1,312.9714285714286,314.2142857142857,312.9714285714286,314.2142857142857,
BNBUSDT,static,اختيار,cycle,2023-05-11 08:02:00+00:00,2023-05-11 09:15:00+00:00,310.8893457142857,311.32332428571425,0.1996772666920742,142.85714285714286,1,310.48571428571427,311.7285714285714,310.48571428571427,311.7285714285714,
BNBUSDT,static,اختيار,cycle,2023-05-11 04:00:00+00:00,2023-05-11 12:30:00+00:00,312.13381857142855,312.5645657142857,0.19740027627385165,142.85714285714286,1,311.7285714285714,312.9714285714286,311.7285714285714,312.9714285714286,
BNBUSDT,static,اختيار,cycle,2023-05-11 15:13:00+00:00,2023-05-11 15:23:00+00:00,308.40040000000005,308.8408414285714,0.20428637688839316,142.85714285714286,1,308.0,309.24285714285713,308.0,309.24285714285713,
BNBUSDT,static,اختيار,flatten,2023-05-11 16:56:00+00:00,2023-05-12 05:51:00+00:00,308.40040000000005,301.447608,-3.224857142857164,142.85714285714286,1,308.0,301.84,308.0,309.24285714285713,
BNBUSDT,static,اختيار,flatten,2023-05-11 14:04:00+00:00,2023-05-12 05:51:00+00:00,309.6448728571429,301.447608,-3.786790251371044,142.85714285714286,1,309.24285714285713,301.84,309.24285714285713,310.48571428571427,
BNBUSDT,static,اختيار,flatten,2023-05-11 13:50:00+00:00,2023-05-12 05:51:00+00:00,310.8893457142857,301.447608,-4.344224585573615,142.85714285714286,1,310.48571428571427,301.84,310.48571428571427,311.7285714285714,
BNBUSDT,static,اختيار,flatten,2023-05-11 12:42:00+00:00,2023-05-12 05:51:00+00:00,312.13381857142855,301.447608,-4.897213955102218,142.85714285714286,1,311.7285714285714,301.84,311.7285714285714,312.9714285714286,
BNBUSDT,static,اختيار,flatten,2023-05-11 02:28:00+00:00,2023-05-12 05:51:00+00:00,313.37829142857146,301.447608,-5.445811314849122,142.85714285714286,1,312.9714285714286,301.84,312.9714285714286,314.2142857142857,
BNBUSDT,static,اختيار,flatten,2023-05-11 00:00:00+00:00,2023-05-12 05:51:00+00:00,314.6227642857143,301.447608,-5.990068781866019,142.85714285714286,1,314.2142857142857,301.84,314.2142857142857,315.45714285714286,
BNBUSDT,static,اختيار,flatten,2023-05-11 00:00:00+00:00,2023-05-12 05:51:00+00:00,314.70859,301.447608,-6.0053355674304925,142.33312199981887,1,314.3,301.84,315.45714285714286,316.7,
BNBUSDT,static,اختيار,cycle,2023-12-11 00:00:00+00:00,2023-12-11 00:31:00+00:00,240.11174000000003,240.42989142857147,0.1893082402543377,142.68713554682853,1,239.8,240.74285714285716,240.0857142857143,240.74285714285716,
BNBUSDT,static,اختيار,cycle,2023-12-11 00:00:00+00:00,2023-12-11 00:35:00+00:00,240.11174000000003,241.08618,0.5782340375029593,142.2976501305483,1,239.8,241.4,240.74285714285716,241.4,
BNBUSDT,static,اختيار,cycle,2023-12-11 01:08:00+00:00,2023-12-11 01:13:00+00:00,238.42383428571432,238.4610257142857,0.022313072097066178,142.85714285714286,1,238.11428571428573,238.77142857142857,238.11428571428573,238.77142857142857,
BNBUSDT,static,اختيار,cycle,2023-12-11 01:03:00+00:00,2023-12-11 01:50:00+00:00,239.08183142857146,239.11731428571431,0.021229422725172135,142.85714285714286,1,238.77142857142857,239.42857142857144,238.77142857142857,239.42857142857144,
BNBUSDT,static,اختيار,cycle,2023-12-11 00:56:00+00:00,2023-12-11 01:53:00+00:00,239.7398285714286,239.77360285714286,0.020151721786550517,142.85714285714286,1,239.42857142857144,240.0857142857143,239.42857142857144,240.0857142857143,
BNBUSDT,static,اختيار,flatten,2023-12-11 02:11:00+00:00,2023-12-11 02:12:00+00:00,237.10784000000004,231.7623168,-3.2248571428571613,142.85714285714286,1,236.8,232.064,236.8,237.45714285714286,
BNBUSDT,static,اختيار,flatten,2023-12-11 02:07:00+00:00,2023-12-11 02:12:00+00:00,237.76583714285715,231.7623168,-3.6117918077590807,142.85714285714286,1,237.45714285714286,232.064,237.45714285714286,238.11428571428573,
BNBUSDT,static,اختيار,flatten,2023-12-11 02:07:00+00:00,2023-12-11 02:12:00+00:00,238.42383428571432,231.7623168,-3.9965907641674545,142.85714285714286,1,238.11428571428573,232.064,238.11428571428573,238.77142857142857,
BNBUSDT,static,اختيار,flatten,2023-12-11 02:04:00+00:00,2023-12-11 02:12:00+00:00,239.08183142857146,231.7623168,-4.3792716456691725,142.85714285714286,1,238.77142857142857,232.064,238.77142857142857,239.42857142857144,
BNBUSDT,static,اختيار,flatten,2023-12-11 02:02:00+00:00,2023-12-11 02:12:00+00:00,239.7398285714286,231.7623168,-4.759851892260498,142.85714285714286,1,239.42857142857144,232.064,239.42857142857144,240.0857142857143,
BNBUSDT,static,اختيار,flatten,2023-12-11 00:45:00+00:00,2023-12-11 02:12:00+00:00,240.39782571428574,231.7623168,-5.138348752996392,142.85714285714286,1,240.0857142857143,232.064,240.0857142857143,240.74285714285716,
BNBUSDT,static,اختيار,flatten,2023-12-11 00:42:00+00:00,2023-12-11 02:12:00+00:00,241.05582285714289,231.7623168,-5.514779288596532,142.85714285714286,1,240.74285714285716,232.064,240.74285714285716,241.4,
BNBUSDT,static,حكم,cycle,2024-06-20 00:02:00+00:00,2024-06-20 01:18:00+00:00,598.4054885714286,599.6052128571429,0.2867821116112006,142.85714285714286,1,597.6285714285714,600.3857142857142,597.6285714285714,600.3857142857142,
BNBUSDT,static,حكم,cycle,2024-06-20 01:55:00+00:00,2024-06-20 04:33:00+00:00,598.4054885714286,599.6052128571429,0.2867821116112006,142.85714285714286,1,597.6285714285714,600.3857142857142,597.6285714285714,600.3857142857142,
BNBUSDT,static,حكم,cycle,2024-06-20 00:00:00+00:00,2024-06-20 05:56:00+00:00,600.07909,602.3587714285715,0.5424325858546905,142.59880552977847,1,599.3,603.1428571428571,600.3857142857142,603.1428571428571,
BNBUSDT,static,حكم,cycle,2024-06-20 00:00:00+00:00,2024-06-20 07:19:00+00:00,600.07909,605.11233,1.1921459024159384,141.94694457603032,1,599.3,605.9,603.1428571428571,605.9,
BNBUSDT,static,حكم,cycle,2024-06-20 08:43:00+00:00,2024-06-20 10:59:00+00:00,603.9269428571429,605.11233,0.2807643635379362,142.85714285714286,1,603.1428571428571,605.9,603.1428571428571,605.9,
BNBUSDT,static,حكم,cycle,2024-06-20 13:28:00+00:00,2024-06-20 13:41:00+00:00,598.4054885714286,599.6052128571429,0.2867821116112006,142.85714285714286,1,597.6285714285714,600.3857142857142,597.6285714285714,600.3857142857142,
BNBUSDT,static,حكم,cycle,2024-06-20 14:08:00+00:00,2024-06-20 15:12:00+00:00,595.6447614285715,596.8516542857143,0.289832822733063,142.85714285714286,1,594.8714285714286,597.6285714285714,594.8714285714286,597.6285714285714,
BNBUSDT,static,حكم,cycle,2024-06-20 16:08:00+00:00,2024-06-20 16:35:00+00:00,592.8840342857144,594.0980957142858,0.2929119447431544,142.85714285714286,1,592.1142857142858,594.8714285714286,592.1142857142858,594.8714285714286,
BNBUSDT,static,حكم,cycle,2024-06-20 17:56:00+00:00,2024-06-20 18:24:00+00:00,592.8840342857144,594.0980957142858,0.2929119447431544,142.85714285714286,1,592.1142857142858,594.8714285714286,592.1142857142858,594.8714285714286,
BNBUSDT,static,حكم,cycle,2024-06-20 23:11:00+00:00,2024-06-22 22:27:00+00:00,587.3625800000001,588.5909785714286,0.2991570238733029,142.85714285714286,1,586.6,589.3571428571429,586.6,589.3571428571429,
BNBUSDT,static,حكم,cycle,2024-06-20 23:07:00+00:00,2024-06-23 00:17:00+00:00,590.1233071428572,591.3445371428572,0.29601987637861865,142.85714285714286,1,589.3571428571429,592.1142857142858,589.3571428571429,592.1142857142858,
BNBUSDT,static,حكم,cycle,2024-06-23 01:15:00+00:00,2024-06-23 01:35:00+00:00,587.3625800000001,588.5909785714286,0.2991570238733029,142.85714285714286,1,586.6,589.3571428571429,586.6,589.3571428571429,
BNBUSDT,static,حكم,cycle,2024-06-23 01:08:00+00:00,2024-06-23 03:00:00+00:00,590.1233071428572,591.3445371428572,0.29601987637861865,142.85714285714286,1,589.3571428571429,592.1142857142858,589.3571428571429,592.1142857142858,
BNBUSDT,static,حكم,flatten,2024-06-23 14:54:00+00:00,2024-06-24 02:54:00+00:00,587.3625800000001,574.1206716,-3.224857142857157,142.85714285714286,1,586.6,574.868,586.6,589.3571428571429,
BNBUSDT,static,حكم,flatten,2024-06-23 09:32:00+00:00,2024-06-24 02:54:00+00:00,590.1233071428572,574.1206716,-3.8789566217082063,142.85714285714286,1,589.3571428571429,574.868,589.3571428571429,592.1142857142858,
BNBUSDT,static,حكم,flatten,2024-06-20 19:00:00+00:00,2024-06-24 02:54:00+00:00,592.8840342857144,574.1206716,-4.526964554553743,142.85714285714286,1,592.1142857142858,574.868,592.1142857142858,594.8714285714286,
BNBUSDT,static,حكم,flatten,2024-06-20 16:04:00+00:00,2024-06-24 02:54:00+00:00,595.6447614285715,574.1206716,-5.168965641692443,142.85714285714286,1,594.8714285714286,574.868,594.8714285714286,597.6285714285714,
BNBUSDT,static,حكم,flatten,2024-06-20 14:01:00+00:00,2024-06-24 02:54:00+00:00,598.4054885714286,574.1206716,-5.8050430203730325,142.85714285714286,1,597.6285714285714,574.868,597.6285714285714,600.3857142857142,
BNBUSDT,static,حكم,flatten,2024-06-20 13:16:00+00:00,2024-06-24 02:54:00+00:00,601.1662157142857,574.1206716,-6.435278300684248,142.85714285714286,1,600.3857142857142,574.868,600.3857142857142,603.1428571428571,
BNBUSDT,static,حكم,flatten,2024-06-20 11:52:00+00:00,2024-06-24 02:54:00+00:00,603.9269428571429,574.1206716,-7.059751600460171,142.85714285714286,1,603.1428571428571,574.868,603.1428571428571,605.9,
BNBUSDT,static,حكم,cycle,2024-08-04 01:34:00+00:00,2024-08-04 02:31:00+00:00,528.8437471428572,530.8946528571429,0.554733632924645,142.85714285714286,1,528.1571428571428,531.5857142857143,528.1571428571428,531.5857142857143,
BNBUSDT,static,حكم,cycle,2024-08-04 08:10:00+00:00,2024-08-04 08:20:00+00:00,521.97769,524.0464242857142,0.5669163042158849,142.85714285714286,1,521.3,524.7285714285714,521.3,524.7285714285714,
BNBUSDT,static,حكم,cycle,2024-08-04 07:35:00+00:00,2024-08-04 11:31:00+00:00,525.4107185714286,527.4705385714286,0.5607851678418935,142.85714285714286,1,524.7285714285714,528.1571428571428,524.7285714285714,528.1571428571428,
BNBUSDT,static,حكم,flatten,2024-08-04 14:11:00+00:00,2024-08-04 14:39:00+00:00,521.97769,510.2098638,-3.224857142857159,142.85714285714286,1,521.3,510.87399999999997,521.3,524.7285714285714,
BNBUSDT,static,حكم,flatten,2024-08-04 14:04:00+00:00,2024-08-04 14:39:00+00:00,525.4107185714286,510.2098638,-4.138426607342182,142.85714285714286,1,524.7285714285714,510.87399999999997,524.7285714285714,528.1571428571428,
BNBUSDT,static,حكم,flatten,2024-08-04 03:12:00+00:00,2024-08-04 14:39:00+00:00,528.8437471428572,510.2098638,-5.040135063389465,142.85714285714286,1,528.1571428571428,510.87399999999997,528.1571428571428,531.5857142857143,
BNBUSDT,static,حكم,flatten,2024-08-04 00:00:00+00:00,2024-08-04 14:39:00+00:00,530.3886100000001,510.2098638,-5.422790626427694,142.35038026390046,1,529.7,510.87399999999997,531.5857142857143,535.0142857142856,
BNBUSDT,static,حكم,flatten,2024-08-04 00:00:00+00:00,2024-08-04 14:39:00+00:00,530.3886100000001,510.2098638,-5.388039358094602,141.43814584390273,1,529.7,510.87399999999997,535.0142857142856,538.4428571428571,
BNBUSDT,static,حكم,flatten,2024-08-04 00:00:00+00:00,2024-08-04 14:39:00+00:00,530.3886100000001,510.2098638,-5.3537306518797845,140.5375288530419,1,529.7,510.87399999999997,538.4428571428571,541.8714285714285,
BNBUSDT,static,حكم,flatten,2024-08-04 00:00:00+00:00,2024-08-04 14:39:00+00:00,530.3886100000001,510.2098638,-5.31985610714194,139.64830877118982,1,529.7,510.87399999999997,541.8714285714285,545.3,
BNBUSDT,static,حكم,cycle,2024-09-02 05:30:00+00:00,2024-09-02 08:26:00+00:00,508.36001000000005,510.67811142857147,0.6522697398833462,142.85714285714286,1,507.7,511.34285714285716,507.7,511.34285714285716,
BNBUSDT,static,حكم,cycle,2024-09-02 04:34:00+00:00,2024-09-02 09:52:00+00:00,512.007602857143,514.3162328571428,0.6449768117561268,142.85714285714286,1,511.34285714285716,514.9857142857143,511.34285714285716,514.9857142857143,
BNBUSDT,static,حكم,cycle,2024-09-02 00:00:00+00:00,2024-09-02 10:23:00+00:00,512.96599,517.9543542857143,1.3837732768493671,142.11212516297263,1,512.3,518.6285714285715,514.9857142857143,518.6285714285715,
BNBUSDT,static,حكم,cycle,2024-09-02 00:00:00+00:00,2024-09-02 10:30:00+00:00,512.96599,521.5924757142858,2.3761805074608207,141.1139268400176,1,512.3,522.2714285714286,518.6285714285715,522.2714285714286,
BNBUSDT,static,حكم,cycle,2024-09-02 10:51:00+00:00,2024-09-02 14:36:00+00:00,519.3027885714287,521.5924757142858,0.6306983095133134,142.85714285714286,1,518.6285714285715,522.2714285714286,518.6285714285715,522.2714285714286,
BNBUSDT,static,حكم,cycle,2024-09-02 00:00:00+00:00,2024-09-02 20:52:00+00:00,512.96599,525.2305971428572,3.35474360427176,140.12965343691016,1,512.3,525.9142857142857,522.2714285714286,525.9142857142857,
BNBUSDT,static,حكم,cycle,2024-09-02 00:00:00+00:00,2024-09-02 20:55:00+00:00,512.96599,528.8687185714286,4.31975025029299,139.1590155918944,1,512.3,529.5571428571429,525.9142857142857,529.5571428571429,
BNBUSDT,static,حكم,cycle,2024-09-02 21:50:00+00:00,2024-09-03 01:01:00+00:00,526.5979742857144,528.8687185714286,0.6168154195996829,142.85714285714286,1,525.9142857142857,529.5571428571429,525.9142857142857,529.5571428571429,
BNBUSDT,static,حكم,cycle,2024-09-02 00:00:00+00:00,2024-09-03 01:58:00+00:00,512.96599,532.50684,5.271480212576539,138.20173190536562,1,512.3,533.2,529.5571428571429,533.2,
BNBUSDT,static,حكم,cycle,2024-09-03 14:52:00+00:00,2024-09-03 20:04:00+00:00,522.9503814285715,525.2305971428572,0.6237084477927858,142.85714285714286,1,522.2714285714286,525.9142857142857,522.2714285714286,525.9142857142857,
BNBUSDT,static,حكم,cycle,2024-09-03 23:54:00+00:00,2024-09-04 00:16:00+00:00,519.3027885714287,521.5924757142858,0.6306983095133134,142.85714285714286,1,518.6285714285715,522.2714285714286,518.6285714285715,522.2714285714286,
BNBUSDT,static,حكم,cycle,2024-09-04 01:02:00+00:00,2024-09-04 01:35:00+00:00,508.36001000000005,510.67811142857147,0.6522697398833462,142.85714285714286,1,507.7,511.34285714285716,507.7,511.34285714285716,
BNBUSDT,static,حكم,flatten,2024-09-04 09:07:00+00:00,2024-09-04 13:04:00+00:00,508.36001000000005,496.8991902,-3.2248571428571497,142.85714285714286,1,507.7,497.546,507.7,511.34285714285716,
BNBUSDT,static,حكم,flatten,2024-09-04 01:01:00+00:00,2024-09-04 13:04:00+00:00,512.007602857143,496.8991902,-4.220934418378202,142.85714285714286,1,511.34285714285716,497.546,511.34285714285716,514.9857142857143,
BNBUSDT,static,حكم,flatten,2024-09-04 00:59:00+00:00,2024-09-04 13:04:00+00:00,515.6551957142857,496.8991902,-5.2029197798234845,142.85714285714286,1,514.9857142857143,497.546,514.9857142857143,518.6285714285715,
BNBUSDT,static,حكم,flatten,2024-09-04 00:55:00+00:00,2024-09-04 13:04:00+00:00,519.3027885714287,496.8991902,-6.171110172826311,142.85714285714286,1,518.6285714285715,497.546,518.6285714285715,522.2714285714286,
BNBUSDT,static,حكم,flatten,2024-09-03 23:07:00+00:00,2024-09-04 13:04:00+00:00,522.9503814285715,496.8991902,-7.125794258204954,142.85714285714286,1,522.2714285714286,497.546,522.2714285714286,525.9142857142857,
BNBUSDT,static,حكم,flatten,2024-09-03 14:10:00+00:00,2024-09-04 13:04:00+00:00,526.5979742857144,496.8991902,-8.067252698895626,142.85714285714286,1,525.9142857142857,497.546,525.9142857142857,529.5571428571429,
BNBUSDT,static,حكم,flatten,2024-09-03 13:38:00+00:00,2024-09-04 13:04:00+00:00,530.2455671428572,496.8991902,-8.995758435042003,142.85714285714283,1,529.5571428571429,497.546,529.5571428571429,533.2,
BNBUSDT,static,حكم,cycle,2025-03-22 00:18:00+00:00,2025-03-22 01:13:00+00:00,634.9443560000001,635.133252,0.042555262185590394,142.85714285714286,1,634.12,635.9599999999999,634.12,635.9599999999999,
BNBUSDT,static,حكم,cycle,2025-03-22 04:05:00+00:00,2025-03-22 05:01:00+00:00,629.4171799999999,629.620428,0.046190627698747905,142.85714285714286,1,628.5999999999999,630.4399999999999,628.5999999999999,630.4399999999999,
BNBUSDT,static,حكم,cycle,2025-03-22 05:16:00+00:00,2025-03-22 06:15:00+00:00,629.4171799999999,629.620428,0.046190627698747905,142.85714285714286,1,628.5999999999999,630.4399999999999,628.5999999999999,630.4399999999999,
BNBUSDT,static,حكم,cycle,2025-03-22 03:08:00+00:00,2025-03-22 06:48:00+00:00,631.2595719999999,631.458036,0.04497176575091732,142.85714285714286,1,630.4399999999999,632.28,630.4399999999999,632.28,
BNBUSDT,static,حكم,cycle,2025-03-22 08:02:00+00:00,2025-03-22 08:46:00+00:00,631.2595719999999,631.458036,0.04497176575091732,142.85714285714286,1,630.4399999999999,632.28,630.4399999999999,632.28,
BNBUSDT,static,حكم,cycle,2025-03-22 11:34:00+00:00,2025-03-22 12:11:00+00:00,627.574788,627.7828199999999,0.047416646152979317,142.85714285714286,1,626.76,628.5999999999999,626.76,628.5999999999999,
BNBUSDT,static,حكم,cycle,2025-03-22 14:44:00+00:00,2025-03-22 17:09:00+00:00,625.732396,625.945212,0.04864988432804548,142.85714285714286,1,624.92,626.76,624.92,626.76,
BNBUSDT,static,حكم,cycle,2025-03-22 14:01:00+00:00,2025-03-22 20:23:00+00:00,627.574788,627.7828199999999,0.047416646152979317,142.85714285714286,1,626.76,628.5999999999999,626.76,628.5999999999999,
BNBUSDT,static,حكم,cycle,2025-03-22 21:03:00+00:00,2025-03-22 21:14:00+00:00,627.574788,627.7828199999999,0.047416646152979317,142.85714285714286,1,626.76,628.5999999999999,626.76,628.5999999999999,
BNBUSDT,static,حكم,cycle,2025-03-22 23:23:00+00:00,2025-03-22 23:57:00+00:00,625.732396,625.945212,0.04864988432804548,142.85714285714286,1,624.92,626.76,624.92,626.76,
BNBUSDT,static,حكم,cycle,2025-03-22 21:37:00+00:00,2025-03-23 01:11:00+00:00,627.574788,627.7828199999999,0.047416646152979317,142.85714285714286,1,626.76,628.5999999999999,626.76,628.5999999999999,
BNBUSDT,static,حكم,flatten,2025-03-23 01:54:00+00:00,2025-03-23 23:59:00+00:00,625.732396,622.979073,-0.6294115361051982,142.85714285714286,1,624.92,623.79,624.92,626.76,
BNBUSDT,static,حكم,flatten,2025-03-23 01:43:00+00:00,2025-03-23 23:59:00+00:00,627.574788,622.979073,-1.0474993845901464,142.85714285714286,1,626.76,623.79,626.76,628.5999999999999,
BNBUSDT,static,حكم,flatten,2025-03-22 10:53:00+00:00,2025-03-23 23:59:00+00:00,629.4171799999999,622.979073,-1.4631396300168051,142.85714285714286,1,628.5999999999999,623.79,628.5999999999999,630.4399999999999,
BNBUSDT,static,حكم,flatten,2025-03-22 10:11:00+00:00,2025-03-23 23:59:00+00:00,631.2595719999999,622.979073,-1.8763537030826463,142.85714285714286,1,630.4399999999999,623.79,630.4399999999999,632.28,
BNBUSDT,static,حكم,flatten,2025-03-22 01:56:00+00:00,2025-03-23 23:59:00+00:00,633.1019640000001,622.979073,-2.287162785022932,142.85714285714286,1,632.28,623.79,632.28,634.12,
BNBUSDT,static,حكم,flatten,2025-03-22 01:36:00+00:00,2025-03-23 23:59:00+00:00,634.9443560000001,622.979073,-2.6955878112299865,142.85714285714286,1,634.12,623.79,634.12,635.9599999999999,
BNBUSDT,static,حكم,flatten,2025-03-22 00:00:00+00:00,2025-03-23 23:59:00+00:00,635.985708,622.979073,-2.9217100356716226,142.67743703557278,1,635.16,623.79,635.9599999999999,637.8,
BNBUSDT,static,حكم,cycle,2025-04-29 01:17:00+00:00,2025-04-29 01:40:00+00:00,606.1798678571429,606.0425477142857,-0.03240402167594129,142.85714285714286,1,605.3928571428571,606.8314285714285,605.3928571428571,606.8314285714285,
BNBUSDT,static,حكم,cycle,2025-04-29 02:49:00+00:00,2025-04-29 03:11:00+00:00,604.7394262857143,604.6058464285715,-0.031596491963175266,142.85714285714286,1,603.9542857142857,605.3928571428571,603.9542857142857,605.3928571428571,
BNBUSDT,static,حكم,cycle,2025-04-29 02:04:00+00:00,2025-04-29 03:45:00+00:00,606.1798678571429,606.0425477142857,-0.03240402167594129,142.85714285714286,1,605.3928571428571,606.8314285714285,605.3928571428571,606.8314285714285,
BNBUSDT,static,حكم,cycle,2025-04-29 04:51:00+00:00,2025-04-29 05:06:00+00:00,606.1798678571429,606.0425477142857,-0.03240402167594129,142.85714285714286,1,605.3928571428571,606.8314285714285,605.3928571428571,606.8314285714285,
BNBUSDT,static,حكم,cycle,2025-04-29 00:00:00+00:00,2025-04-29 06:08:00+00:00,606.9480080000001,607.479249,0.12506203181865264,142.69907858619246,1,606.16,608.27,606.8314285714285,608.27,
BNBUSDT,static,حكم,cycle,2025-04-29 10:58:00+00:00,2025-04-29 11:13:00+00:00,603.2989847142858,603.1691451428571,-0.030785106121392704,142.85714285714286,1,602.5157142857144,603.9542857142857,602.5157142857144,603.9542857142857,
BNBUSDT,static,حكم,cycle,2025-04-29 13:00:00+00:00,2025-04-29 13:09:00+00:00,601.8585431428572,601.7324438571429,-0.029969836463658986,142.85714285714286,1,601.0771428571429,602.5157142857144,601.0771428571429,602.5157142857144,
BNBUSDT,static,حكم,cycle,2025-04-29 13:17:00+00:00,2025-04-29 13:24:00+00:00,601.8585431428572,601.7324438571429,-0.029969836463658986,142.85714285714286,1,601.0771428571429,602.5157142857144,601.0771428571429,602.5157142857144,
BNBUSDT,static,حكم,cycle,2025-04-29 12:31:00+00:00,2025-04-29 14:05:00+00:00,603.2989847142858,603.1691451428571,-0.030785106121392704,142.85714285714286,1,602.5157142857144,603.9542857142857,602.5157142857144,603.9542857142857,
BNBUSDT,static,حكم,cycle,2025-04-29 17:02:00+00:00,2025-04-29 17:49:00+00:00,601.8585431428572,601.7324438571429,-0.029969836463658986,142.85714285714286,1,601.0771428571429,602.5157142857144,601.0771428571429,602.5157142857144,
BNBUSDT,static,حكم,cycle,2025-04-29 14:12:00+00:00,2025-04-29 17:57:00+00:00,603.2989847142858,603.1691451428571,-0.030785106121392704,142.85714285714286,1,602.5157142857144,603.9542857142857,602.5157142857144,603.9542857142857,
BNBUSDT,static,حكم,cycle,2025-04-29 18:07:00+00:00,2025-04-29 18:44:00+00:00,603.2989847142858,603.1691451428571,-0.030785106121392704,142.85714285714286,1,602.5157142857144,603.9542857142857,602.5157142857144,603.9542857142857,
BNBUSDT,static,حكم,cycle,2025-04-29 23:13:00+00:00,2025-04-29 23:38:00+00:00,598.9776600000001,598.8590412857144,-0.02832753362127589,142.85714285714286,1,598.2,599.6385714285715,598.2,599.6385714285715,
BNBUSDT,static,حكم,cycle,2025-04-29 21:16:00+00:00,2025-04-29 23:59:00+00:00,600.4181015714287,600.2957425714286,-0.029150655037456858,142.85714285714286,1,599.6385714285715,601.0771428571429,599.6385714285715,601.0771428571429,
BNBUSDT,static,حكم,cycle,2025-04-29 20:29:00+00:00,2025-04-30 00:12:00+00:00,601.8585431428572,601.7324438571429,-0.029969836463658986,142.85714285714286,1,601.0771428571429,602.5157142857144,601.0771428571429,602.5157142857144,
BNBUSDT,static,حكم,cycle,2025-04-30 00:54:00+00:00,2025-04-30 02:16:00+00:00,601.8585431428572,601.7324438571429,-0.029969836463658986,142.85714285714286,1,601.0771428571429,602.5157142857144,601.0771428571429,602.5157142857144,
BNBUSDT,static,حكم,cycle,2025-04-29 20:02:00+00:00,2025-04-30 04:01:00+00:00,603.2989847142858,603.1691451428571,-0.030785106121392704,142.85714285714286,1,602.5157142857144,603.9542857142857,602.5157142857144,603.9542857142857,
BNBUSDT,static,حكم,cycle,2025-04-30 05:46:00+00:00,2025-04-30 06:21:00+00:00,603.2989847142858,603.1691451428571,-0.030785106121392704,142.85714285714286,1,602.5157142857144,603.9542857142857,602.5157142857144,603.9542857142857,
BNBUSDT,static,حكم,cycle,2025-04-30 13:09:00+00:00,2025-04-30 20:15:00+00:00,598.9776600000001,598.8590412857144,-0.02832753362127589,142.85714285714286,1,598.2,599.6385714285715,598.2,599.6385714285715,
BNBUSDT,static,حكم,cycle,2025-04-30 12:36:00+00:00,2025-05-01 01:03:00+00:00,600.4181015714287,600.2957425714286,-0.029150655037456858,142.85714285714286,1,599.6385714285715,601.0771428571429,599.6385714285715,601.0771428571429,
BNBUSDT,static,حكم,cycle,2025-05-01 03:19:00+00:00,2025-05-01 05:10:00+00:00,600.4181015714287,600.2957425714286,-0.029150655037456858,142.85714285714286,1,599.6385714285715,601.0771428571429,599.6385714285715,601.0771428571429,
BNBUSDT,static,حكم,cycle,2025-05-01 06:20:00+00:00,2025-05-01 08:22:00+00:00,600.4181015714287,600.2957425714286,-0.029150655037456858,142.85714285714286,1,599.6385714285715,601.0771428571429,599.6385714285715,601.0771428571429,
BNBUSDT,static,حكم,cycle,2025-04-30 10:03:00+00:00,2025-05-01 09:34:00+00:00,601.8585431428572,601.7324438571429,-0.029969836463658986,142.85714285714286,1,601.0771428571429,602.5157142857144,601.0771428571429,602.5157142857144,
BNBUSDT,static,حكم,cycle,2025-04-30 07:47:00+00:00,2025-05-01 09:53:00+00:00,603.2989847142858,603.1691451428571,-0.030785106121392704,142.85714285714286,1,602.5157142857144,603.9542857142857,602.5157142857144,603.9542857142857,
BNBUSDT,static,حكم,cycle,2025-05-01 10:48:00+00:00,2025-05-01 10:59:00+00:00,603.2989847142858,603.1691451428571,-0.030785106121392704,142.85714285714286,1,602.5157142857144,603.9542857142857,602.5157142857144,603.9542857142857,
BNBUSDT,static,حكم,cycle,2025-05-01 13:57:00+00:00,2025-05-01 14:00:00+00:00,601.8585431428572,601.7324438571429,-0.029969836463658986,142.85714285714286,1,601.0771428571429,602.5157142857144,601.0771428571429,602.5157142857144,
BNBUSDT,static,حكم,cycle,2025-05-01 13:46:00+00:00,2025-05-01 14:56:00+00:00,603.2989847142858,603.1691451428571,-0.030785106121392704,142.85714285714286,1,602.5157142857144,603.9542857142857,602.5157142857144,603.9542857142857,
BNBUSDT,static,حكم,cycle,2025-05-01 23:10:00+00:00,2025-05-01 23:21:00+00:00,598.9776600000001,598.8590412857144,-0.02832753362127589,142.85714285714286,1,598.2,599.6385714285715,598.2,599.6385714285715,
BNBUSDT,static,حكم,cycle,2025-05-01 20:10:00+00:00,2025-05-02 00:31:00+00:00,600.4181015714287,600.2957425714286,-0.029150655037456858,142.85714285714286,1,599.6385714285715,601.0771428571429,599.6385714285715,601.0771428571429,
BNBUSDT,static,حكم,cycle,2025-05-01 17:40:00+00:00,2025-05-02 01:10:00+00:00,601.8585431428572,601.7324438571429,-0.029969836463658986,142.85714285714286,1,601.0771428571429,602.5157142857144,601.0771428571429,602.5157142857144,
BNBUSDT,static,حكم,cycle,2025-05-02 01:50:00+00:00,2025-05-02 02:21:00+00:00,601.8585431428572,601.7324438571429,-0.029969836463658986,142.85714285714286,1,601.0771428571429,602.5157142857144,601.0771428571429,602.5157142857144,
BNBUSDT,static,حكم,cycle,2025-05-02 06:04:00+00:00,2025-05-02 11:04:00+00:00,598.9776600000001,598.8590412857144,-0.02832753362127589,142.85714285714286,1,598.2,599.6385714285715,598.2,599.6385714285715,
BNBUSDT,static,حكم,cycle,2025-05-02 11:56:00+00:00,2025-05-02 14:05:00+00:00,598.9776600000001,598.8590412857144,-0.02832753362127589,142.85714285714286,1,598.2,599.6385714285715,598.2,599.6385714285715,
BNBUSDT,static,حكم,cycle,2025-05-02 04:43:00+00:00,2025-05-02 16:04:00+00:00,600.4181015714287,600.2957425714286,-0.029150655037456858,142.85714285714286,1,599.6385714285715,601.0771428571429,599.6385714285715,601.0771428571429,
BNBUSDT,static,حكم,cycle,2025-05-02 17:05:00+00:00,2025-05-02 22:28:00+00:00,600.4181015714287,600.2957425714286,-0.029150655037456858,142.85714285714286,1,599.6385714285715,601.0771428571429,599.6385714285715,601.0771428571429,
BNBUSDT,static,حكم,cycle,2025-05-03 01:34:00+00:00,2025-05-03 02:23:00+00:00,598.9776600000001,598.8590412857144,-0.02832753362127589,142.85714285714286,1,598.2,599.6385714285715,598.2,599.6385714285715,
BNBUSDT,static,حكم,cycle,2025-05-03 07:04:00+00:00,2025-05-03 18:06:00+00:00,598.9776600000001,598.8590412857144,-0.02832753362127589,142.85714285714286,1,598.2,599.6385714285715,598.2,599.6385714285715,
BNBUSDT,static,حكم,cycle,2025-05-03 18:44:00+00:00,2025-05-03 19:36:00+00:00,598.9776600000001,598.8590412857144,-0.02832753362127589,142.85714285714286,1,598.2,599.6385714285715,598.2,599.6385714285715,
BNBUSDT,static,حكم,flatten,2025-05-04 04:59:00+00:00,2025-05-04 17:34:00+00:00,598.9776600000001,585.4738932,-3.2248571428571684,142.85714285714286,1,598.2,586.236,598.2,599.6385714285715,
BNBUSDT,static,حكم,flatten,2025-05-03 00:51:00+00:00,2025-05-04 17:34:00+00:00,600.4181015714287,585.4738932,-3.5602895009204727,142.85714285714286,1,599.6385714285715,586.236,599.6385714285715,601.0771428571429,
BNBUSDT,static,حكم,flatten,2025-05-02 04:13:00+00:00,2025-05-04 17:34:00+00:00,601.8585431428572,585.4738932,-3.894116263388395,142.85714285714286,1,601.0771428571429,586.236,601.0771428571429,602.5157142857144,
BNBUSDT,static,حكم,flatten,2025-05-01 15:56:00+00:00,2025-05-04 17:34:00+00:00,603.2989847142858,585.4738932,-4.226348930860311,142.85714285714286,1,602.5157142857144,586.236,602.5157142857144,603.9542857142857,
BNBUSDT,static,حكم,flatten,2025-04-29 10:31:00+00:00,2025-05-04 17:34:00+00:00,604.7394262857143,585.4738932,-4.55699889436152,142.85714285714286,1,603.9542857142857,586.236,603.9542857142857,605.3928571428571,
BNBUSDT,static,حكم,flatten,2025-04-29 10:06:00+00:00,2025-05-04 17:34:00+00:00,606.1798678571429,585.4738932,-4.886077436645121,142.85714285714286,1,605.3928571428571,586.236,605.3928571428571,606.8314285714285,
BNBUSDT,static,حكم,flatten,2025-04-29 09:16:00+00:00,2025-05-04 17:34:00+00:00,607.6203094285714,585.4738932,-5.213595733475386,142.85714285714286,1,606.8314285714285,586.236,606.8314285714285,608.27,
BNBUSDT,static,حكم,cycle,2025-05-09 01:06:00+00:00,2025-05-09 06:27:00+00:00,626.0671162857144,628.511871,0.5585738178034163,142.85714285714286,1,625.2542857142857,629.33,625.2542857142857,629.33,
BNBUSDT,static,حكم,cycle,2025-06-22 00:08:00+00:00,2025-06-22 00:34:00+00:00,629.299884857143,630.9330051428572,0.37121600900904195,142.85714285714286,1,628.4828571428571,631.7542857142857,628.4828571428571,631.7542857142857,
BNBUSDT,static,حكم,cycle,2025-06-22 02:10:00+00:00,2025-06-22 04:10:00+00:00,629.299884857143,630.9330051428572,0.37121600900904195,142.85714285714286,1,628.4828571428571,631.7542857142857,628.4828571428571,631.7542857142857,
BNBUSDT,static,حكم,cycle,2025-06-22 00:00:00+00:00,2025-06-22 06:12:00+00:00,629.797674,634.200180857143,0.9955287447070184,142.22980001266316,1,628.98,635.0257142857143,631.7542857142857,635.0257142857143,
BNBUSDT,static,حكم,flatten,2025-06-22 13:21:00+00:00,2025-06-22 14:42:00+00:00,622.7485220000001,608.7088484400001,-3.224857142857139,142.85714285714286,1,621.94,609.5012,621.94,625.2114285714287,
BNBUSDT,static,حكم,flatten,2025-06-22 13:15:00+00:00,2025-06-22 14:42:00+00:00,626.0242034285716,608.7088484400001,-3.956457013072485,142.85714285714286,1,625.2114285714287,609.5012,625.2114285714287,628.4828571428571,
BNBUSDT,static,حكم,flatten,2025-06-22 09:53:00+00:00,2025-06-22 14:42:00+00:00,629.299884857143,608.7088484400001,-4.680440520514901,142.85714285714286,1,628.4828571428571,609.5012,628.4828571428571,631.7542857142857,
BNBUSDT,static,حكم,flatten,2025-06-22 08:25:00+00:00,2025-06-22 14:42:00+00:00,632.5755662857143,608.7088484400001,-5.396925985173762,142.85714285714286,1,631.7542857142857,609.5012,631.7542857142857,635.0257142857143,
BNBUSDT,static,حكم,flatten,2025-06-22 00:00:00+00:00,2025-06-22 14:42:00+00:00,629.797674,608.7088484400001,-4.744200585803031,141.49708223289045,1,628.98,609.5012,635.0257142857143,638.297142857143,
BNBUSDT,static,حكم,flatten,2025-06-22 00:00:00+00:00,2025-06-22 14:42:00+00:00,629.797674,608.7088484400001,-4.719885400440439,140.77187516785733,1,628.98,609.5012,638.297142857143,641.5685714285714,
BNBUSDT,static,حكم,flatten,2025-06-22 00:00:00+00:00,2025-06-22 14:42:00+00:00,629.797674,608.7088484400001,-4.695818186676386,140.05406392368704,1,628.98,609.5012,641.5685714285714,644.84,
BNBUSDT,static,حكم,cycle,2026-01-27 00:37:00+00:00,2026-01-27 01:29:00+00:00,877.8568751428572,877.9357692857143,0.012855448223576333,142.85714285714286,1,876.7171428571429,879.0785714285714,876.7171428571429,879.0785714285714,
BNBUSDT,static,حكم,cycle,2026-01-27 00:00:00+00:00,2026-01-27 01:48:00+00:00,880.2213735714287,880.2941280000001,0.011823163632609305,142.85714285714286,1,879.0785714285714,881.44,879.0785714285714,881.44,
BNBUSDT,static,حكم,cycle,2026-01-27 10:32:00+00:00,2026-01-27 12:22:00+00:00,880.2213735714287,880.2941280000001,0.011823163632609305,142.85714285714286,1,879.0785714285714,881.44,879.0785714285714,881.44,
BNBUSDT,static,حكم,cycle,2026-05-11 00:53:00+00:00,2026-05-11 01:25:00+00:00,658.1630725714286,659.5671608571429,0.3051596305527819,142.85714285714286,1,657.3085714285714,660.4257142857143,657.3085714285714,660.4257142857143,
BNBUSDT,static,حكم,cycle,2026-05-11 03:26:00+00:00,2026-05-11 10:22:00+00:00,651.9206822857143,653.3409797142857,0.3116382217897928,142.85714285714286,1,651.0742857142857,654.1914285714286,651.0742857142857,654.1914285714286,
BNBUSDT,static,حكم,cycle,2026-05-11 02:32:00+00:00,2026-05-11 15:11:00+00:00,655.0418774285715,656.4540702857144,0.3083834913203272,142.85714285714286,1,654.1914285714286,657.3085714285714,654.1914285714286,657.3085714285714,
BNBUSDT,static,حكم,cycle,2026-05-11 01:37:00+00:00,2026-05-11 15:31:00+00:00,658.1630725714286,659.5671608571429,0.3051596305527819,142.85714285714286,1,657.3085714285714,660.4257142857143,657.3085714285714,660.4257142857143,
BNBUSDT,static,حكم,cycle,2026-05-11 00:17:00+00:00,2026-05-11 19:55:00+00:00,661.2842677142858,662.6802514285714,0.3019662023815047,142.85714285714286,1,660.4257142857143,663.5428571428571,660.4257142857143,663.5428571428571,
BNBUSDT,static,حكم,cycle,2026-05-11 00:06:00+00:00,2026-05-11 22:52:00+00:00,664.4054628571429,665.7933419999999,0.29880277791445475,142.85714285714286,1,663.5428571428571,666.66,663.5428571428571,666.66,
BNBUSDT,static,حكم,cycle,2026-05-12 01:37:00+00:00,2026-05-12 01:51:00+00:00,661.2842677142858,662.6802514285714,0.3019662023815047,142.85714285714286,1,660.4257142857143,663.5428571428571,660.4257142857143,663.5428571428571,
BNBUSDT,static,حكم,cycle,2026-05-12 06:51:00+00:00,2026-05-12 12:14:00+00:00,661.2842677142858,662.6802514285714,0.3019662023815047,142.85714285714286,1,660.4257142857143,663.5428571428571,660.4257142857143,663.5428571428571,
BNBUSDT,static,حكم,cycle,2026-05-12 15:24:00+00:00,2026-05-12 17:16:00+00:00,651.9206822857143,653.3409797142857,0.3116382217897928,142.85714285714286,1,651.0742857142857,654.1914285714286,651.0742857142857,654.1914285714286,
BNBUSDT,static,حكم,cycle,2026-05-12 14:29:00+00:00,2026-05-12 18:14:00+00:00,655.0418774285715,656.4540702857144,0.3083834913203272,142.85714285714286,1,654.1914285714286,657.3085714285714,654.1914285714286,657.3085714285714,
BNBUSDT,static,حكم,cycle,2026-05-12 13:57:00+00:00,2026-05-12 18:50:00+00:00,658.1630725714286,659.5671608571429,0.3051596305527819,142.85714285714286,1,657.3085714285714,660.4257142857143,657.3085714285714,660.4257142857143,
BNBUSDT,static,حكم,cycle,2026-05-12 13:18:00+00:00,2026-05-12 20:02:00+00:00,661.2842677142858,662.6802514285714,0.3019662023815047,142.85714285714286,1,660.4257142857143,663.5428571428571,660.4257142857143,663.5428571428571,
BNBUSDT,static,حكم,cycle,2026-05-12 01:34:00+00:00,2026-05-12 21:29:00+00:00,664.4054628571429,665.7933419999999,0.29880277791445475,142.85714285714286,1,663.5428571428571,666.66,663.5428571428571,666.66,
BNBUSDT,static,حكم,cycle,2026-08-06 02:03:00+00:00,2026-08-06 04:22:00+00:00,594.5204445714286,594.9327235714285,0.09919518603350592,142.85714285714286,1,593.7485714285714,595.7071428571428,593.7485714285714,595.7071428571428,
BNBUSDT,static,حكم,cycle,2026-08-06 00:00:00+00:00,2026-08-06 05:36:00+00:00,594.632018,596.8887488571428,0.5411889488225927,142.41417762802914,1,593.86,597.6657142857142,595.7071428571428,597.6657142857142,
BNBUSDT,static,حكم,cycle,2026-08-06 13:07:00+00:00,2026-08-06 14:42:00+00:00,592.559327,592.9766982857143,0.10075274909638292,142.85714285714286,1,591.79,593.7485714285714,591.79,593.7485714285714,
BNBUSDT,static,حكم,cycle,2026-08-06 16:14:00+00:00,2026-08-06 17:21:00+00:00,592.559327,592.9766982857143,0.10075274909638292,142.85714285714286,1,591.79,593.7485714285714,591.79,593.7485714285714,
BNBUSDT,static,حكم,cycle,2026-08-06 18:06:00+00:00,2026-08-07 01:03:00+00:00,592.559327,592.9766982857143,0.10075274909638292,142.85714285714286,1,591.79,593.7485714285714,591.79,593.7485714285714,
BNBUSDT,static,حكم,cycle,2026-08-07 04:02:00+00:00,2026-08-07 16:12:00+00:00,592.559327,592.9766982857143,0.10075274909638292,142.85714285714286,1,591.79,593.7485714285714,591.79,593.7485714285714,
BNBUSDT,static,حكم,cycle,2026-08-07 17:14:00+00:00,2026-08-08 03:56:00+00:00,592.559327,592.9766982857143,0.10075274909638292,142.85714285714286,1,591.79,593.7485714285714,591.79,593.7485714285714,
BNBUSDT,static,حكم,cycle,2026-08-06 09:45:00+00:00,2026-08-08 10:28:00+00:00,594.5204445714286,594.9327235714285,0.09919518603350592,142.85714285714286,1,593.7485714285714,595.7071428571428,593.7485714285714,595.7071428571428,
BNBUSDT,static,حكم,cycle,2026-08-06 06:14:00+00:00,2026-08-08 13:51:00+00:00,596.4815621428571,596.8887488571428,0.09764786491101136,142.85714285714286,1,595.7071428571428,597.6657142857142,595.7071428571428,597.6657142857142,
BNBUSDT,static,حكم,cycle,2026-08-06 00:00:00+00:00,2026-08-08 14:05:00+00:00,594.632018,598.8447741428572,1.0069547101956633,141.94748139189133,1,593.86,599.6242857142857,597.6657142857142,599.6242857142857,
BNBUSDT,static,حكم,cycle,2026-08-06 00:00:00+00:00,2026-08-08 14:21:00+00:00,594.632018,600.8007994285715,1.469677781222883,141.4838339245766,1,593.86,601.5828571428572,599.6242857142857,601.5828571428572,
BNBUSDT,static,حكم,cycle,2026-08-06 00:00:00+00:00,2026-08-08 14:22:00+00:00,594.632018,602.7568247142857,1.9293878801366116,141.02320544848354,1,593.86,603.5414285714286,601.5828571428572,603.5414285714286,
BNBUSDT,static,حكم,cycle,2026-08-06 00:00:00+00:00,2026-08-08 14:23:00+00:00,594.632018,604.71285,2.3861143394109496,140.5655665725397,1,593.86,605.5,603.5414285714286,605.5,
BNBUSDT,static,حكم,cycle,2026-08-08 14:58:00+00:00,2026-08-08 14:59:00+00:00,602.3649148571429,602.7568247142857,0.09306635284600719,142.85714285714286,1,601.5828571428572,603.5414285714286,601.5828571428572,603.5414285714286,
BNBUSDT,static,حكم,cycle,2026-08-08 14:58:00+00:00,2026-08-08 15:00:00+00:00,604.3260324285715,604.71285,0.0915590056378038,142.85714285714286,1,603.5414285714286,605.5,603.5414285714286,605.5,
BNBUSDT,static,حكم,cycle,2026-08-08 16:33:00+00:00,2026-08-08 16:54:00+00:00,604.3260324285715,604.71285,0.0915590056378038,142.85714285714286,1,603.5414285714286,605.5,603.5414285714286,605.5,
BNBUSDT,static,حكم,cycle,2026-08-08 22:12:00+00:00,2026-08-08 23:39:00+00:00,600.4037972857144,600.8007994285715,0.09458354704424543,142.85714285714286,1,599.6242857142857,601.5828571428572,599.6242857142857,601.5828571428572,
BNBUSDT,static,حكم,cycle,2026-08-08 21:57:00+00:00,2026-08-09 00:47:00+00:00,602.3649148571429,602.7568247142857,0.09306635284600719,142.85714285714286,1,601.5828571428572,603.5414285714286,601.5828571428572,603.5414285714286,
BNBUSDT,static,حكم,cycle,2026-08-09 02:09:00+00:00,2026-08-09 06:57:00+00:00,602.3649148571429,602.7568247142857,0.09306635284600719,142.85714285714286,1,601.5828571428572,603.5414285714286,601.5828571428572,603.5414285714286,
BNBUSDT,static,حكم,cycle,2026-08-09 08:43:00+00:00,2026-08-09 10:08:00+00:00,602.3649148571429,602.7568247142857,0.09306635284600719,142.85714285714286,1,601.5828571428572,603.5414285714286,601.5828571428572,603.5414285714286,
BNBUSDT,static,حكم,cycle,2026-08-08 19:00:00+00:00,2026-08-09 13:18:00+00:00,604.3260324285715,604.71285,0.0915590056378038,142.85714285714286,1,603.5414285714286,605.5,603.5414285714286,605.5,
BNBUSDT,static,حكم,cycle,2026-08-09 22:33:00+00:00,2026-08-09 22:34:00+00:00,604.3260324285715,604.71285,0.0915590056378038,142.85714285714286,1,603.5414285714286,605.5,603.5414285714286,605.5,
BNBUSDT,static,حكم,cycle,2026-08-09 23:23:00+00:00,2026-08-10 00:10:00+00:00,604.3260324285715,604.71285,0.0915590056378038,142.85714285714286,1,603.5414285714286,605.5,603.5414285714286,605.5,
BNBUSDT,static,حكم,cycle,2026-08-10 00:43:00+00:00,2026-08-10 01:49:00+00:00,604.3260324285715,604.71285,0.0915590056378038,142.85714285714286,1,603.5414285714286,605.5,603.5414285714286,605.5,
BNBUSDT,static,حكم,cycle,2026-08-10 03:13:00+00:00,2026-08-10 03:24:00+00:00,602.3649148571429,602.7568247142857,0.09306635284600719,142.85714285714286,1,601.5828571428572,603.5414285714286,601.5828571428572,603.5414285714286,
BNBUSDT,static,حكم,cycle,2026-08-10 04:40:00+00:00,2026-08-10 05:37:00+00:00,602.3649148571429,602.7568247142857,0.09306635284600719,142.85714285714286,1,601.5828571428572,603.5414285714286,601.5828571428572,603.5414285714286,
BNBUSDT,static,حكم,cycle,2026-08-10 02:17:00+00:00,2026-08-10 10:03:00+00:00,604.3260324285715,604.71285,0.0915590056378038,142.85714285714286,1,603.5414285714286,605.5,603.5414285714286,605.5,
BNBUSDT,static,حكم,cycle,2026-08-10 16:54:00+00:00,2026-08-10 17:14:00+00:00,598.4426797142856,598.8447741428572,0.09611068503930977,142.85714285714286,1,597.6657142857142,599.6242857142857,597.6657142857142,599.6242857142857,
BNBUSDT,static,حكم,cycle,2026-08-10 16:54:00+00:00,2026-08-11 07:36:00+00:00,600.4037972857144,600.8007994285715,0.09458354704424543,142.85714285714286,1,599.6242857142857,601.5828571428572,599.6242857142857,601.5828571428572,
BNBUSDT,static,حكم,cycle,2026-08-10 13:34:00+00:00,2026-08-11 08:07:00+00:00,602.3649148571429,602.7568247142857,0.09306635284600719,142.85714285714286,1,601.5828571428572,603.5414285714286,601.5828571428572,603.5414285714286,
BNBUSDT,static,حكم,cycle,2026-08-10 12:40:00+00:00,2026-08-11 08:38:00+00:00,604.3260324285715,604.71285,0.0915590056378038,142.85714285714286,1,603.5414285714286,605.5,603.5414285714286,605.5,
BTCUSDT,static,اختيار,cycle,2021-09-02 00:00:00+00:00,2021-09-02 01:30:00+00:00,48841.69748571429,49092.097200000004,0.7333465543383224,142.85714285714286,1,48778.28571428572,49156.0,48778.28571428572,49156.0,
BTCUSDT,static,اختيار,cycle,2021-11-25 00:00:00+00:00,2021-11-25 00:23:00+00:00,57267.06481428572,57389.154128571434,0.30495721054808855,142.85714285714286,1,57192.71428571428,57463.857142857145,57192.71428571428,57463.857142857145,
BTCUSDT,static,اختيار,cycle,2021-11-25 00:00:00+00:00,2021-11-25 00:37:00+00:00,57212.569777000004,57659.944500000005,1.1121890853132548,142.0477716427966,1,57138.29,57735.0,57463.857142857145,57735.0,
BTCUSDT,static,اختيار,cycle,2021-11-25 02:25:00+00:00,2021-11-25 02:59:00+00:00,57538.56015714286,57659.944500000005,0.3017656883883329,142.85714285714286,1,57463.857142857145,57735.0,57463.857142857145,57735.0,
BTCUSDT,static,اختيار,cycle,2021-11-25 04:37:00+00:00,2021-11-25 07:13:00+00:00,57267.06481428572,57389.154128571434,0.30495721054808855,142.85714285714286,1,57192.71428571428,57463.857142857145,57192.71428571428,57463.857142857145,
BTCUSDT,static,اختيار,cycle,2021-11-25 04:24:00+00:00,2021-11-25 08:03:00+00:00,57538.56015714286,57659.944500000005,0.3017656883883329,142.85714285714286,1,57463.857142857145,57735.0,57463.857142857145,57735.0,
BTCUSDT,static,اختيار,cycle,2021-11-25 09:13:00+00:00,2021-11-25 09:54:00+00:00,57538.56015714286,57659.944500000005,0.3017656883883329,142.85714285714286,1,57463.857142857145,57735.0,57463.857142857145,57735.0,
BTCUSDT,static,اختيار,cycle,2022-02-14 00:03:00+00:00,2022-02-14 00:13:00+00:00,42051.73914285714,42069.524142857146,0.06049731274237531,142.85714285714286,1,41997.142857142855,42124.28571428572,41997.142857142855,42124.28571428572,
BTCUSDT,static,اختيار,cycle,2022-02-14 00:30:00+00:00,2022-02-14 00:37:00+00:00,42051.73914285714,42069.524142857146,0.06049731274237531,142.85714285714286,1,41997.142857142855,42124.28571428572,41997.142857142855,42124.28571428572,
BTCUSDT,static,اختيار,cycle,2022-02-14 00:45:00+00:00,2022-02-14 00:59:00+00:00,42051.73914285714,42069.524142857146,0.06049731274237531,142.85714285714286,1,41997.142857142855,42124.28571428572,41997.142857142855,42124.28571428572,
BTCUSDT,static,اختيار,cycle,2022-02-14 01:28:00+00:00,2022-02-14 05:01:00+00:00,41924.431000000004,41942.54657142857,0.06180890316477284,142.85714285714286,1,41870.0,41997.142857142855,41870.0,41997.142857142855,
BTCUSDT,static,اختيار,cycle,2022-02-14 05:29:00+00:00,2022-02-14 06:48:00+00:00,41924.431000000004,41942.54657142857,0.06180890316477284,142.85714285714286,1,41870.0,41997.142857142855,41870.0,41997.142857142855,
BTCUSDT,static,اختيار,cycle,2022-02-14 01:23:00+00:00,2022-02-14 06:51:00+00:00,42051.73914285714,42069.524142857146,0.06049731274237531,142.85714285714286,1,41997.142857142855,42124.28571428572,41997.142857142855,42124.28571428572,
BTCUSDT,static,اختيار,cycle,2022-02-14 00:00:00+00:00,2022-02-14 06:52:00+00:00,42108.31974500001,42196.50171428572,0.299053716165462,142.6175941940516,1,42053.65,42251.42857142857,42124.28571428572,42251.42857142857,
BTCUSDT,static,اختيار,cycle,2022-02-14 06:53:00+00:00,2022-02-14 07:15:00+00:00,42179.04728571429,42196.50171428572,0.05919363981221949,142.85714285714286,1,42124.28571428572,42251.42857142857,42124.28571428572,42251.42857142857,
BTCUSDT,static,اختيار,cycle,2022-02-14 00:00:00+00:00,2022-02-14 08:06:00+00:00,42108.31974500001,42323.47928571429,0.7274801890528851,142.1884298079524,1,42053.65,42378.57142857143,42251.42857142857,42378.57142857143,
BTCUSDT,static,اختيار,cycle,2022-02-14 09:01:00+00:00,2022-02-14 09:18:00+00:00,42051.73914285714,42069.524142857146,0.06049731274237531,142.85714285714286,1,41997.142857142855,42124.28571428572,41997.142857142855,42124.28571428572,
BTCUSDT,static,اختيار,cycle,2022-02-14 10:01:00+00:00,2022-02-14 10:06:00+00:00,42051.73914285714,42069.524142857146,0.06049731274237531,142.85714285714286,1,41997.142857142855,42124.28571428572,41997.142857142855,42124.28571428572,
BTCUSDT,static,اختيار,cycle,2022-02-14 08:33:00+00:00,2022-02-14 10:48:00+00:00,42179.04728571429,42196.50171428572,0.05919363981221949,142.85714285714286,1,42124.28571428572,42251.42857142857,42124.28571428572,42251.42857142857,
BTCUSDT,static,اختيار,cycle,2022-02-14 11:16:00+00:00,2022-02-14 11:41:00+00:00,42179.04728571429,42196.50171428572,0.05919363981221949,142.85714285714286,1,42124.28571428572,42251.42857142857,42124.28571428572,42251.42857142857,
BTCUSDT,static,اختيار,cycle,2022-02-14 12:14:00+00:00,2022-02-14 12:31:00+00:00,42051.73914285714,42069.524142857146,0.06049731274237531,142.85714285714286,1,41997.142857142855,42124.28571428572,41997.142857142855,42124.28571428572,
BTCUSDT,static,اختيار,cycle,2022-02-14 11:48:00+00:00,2022-02-14 12:39:00+00:00,42179.04728571429,42196.50171428572,0.05919363981221949,142.85714285714286,1,42124.28571428572,42251.42857142857,42124.28571428572,42251.42857142857,
BTCUSDT,static,اختيار,cycle,2022-02-14 08:26:00+00:00,2022-02-14 12:40:00+00:00,42306.355428571434,42323.47928571429,0.0578978128984813,142.85714285714286,1,42251.42857142857,42378.57142857143,42251.42857142857,42378.57142857143,
BTCUSDT,static,اختيار,cycle,2022-02-14 00:00:00+00:00,2022-02-14 12:45:00+00:00,42108.31974500001,42450.45685714285,1.153335958681428,141.76184055284006,1,42053.65,42505.71428571428,42378.57142857143,42505.71428571428,
BTCUSDT,static,اختيار,cycle,2022-02-14 12:48:00+00:00,2022-02-14 12:55:00+00:00,42433.66357142857,42450.45685714285,0.05660976138304568,142.85714285714286,1,42378.57142857143,42505.71428571428,42378.57142857143,42505.71428571428,
BTCUSDT,static,اختيار,cycle,2022-02-14 00:00:00+00:00,2022-02-14 13:01:00+00:00,42108.31974500001,42577.43442857143,1.576644093471212,141.33780332056196,1,42053.65,42632.857142857145,42505.71428571428,42632.857142857145,
BTCUSDT,static,اختيار,cycle,2022-02-14 13:13:00+00:00,2022-02-14 13:30:00+00:00,42560.97171428571,42577.43442857143,0.055329415492776514,142.85714285714286,1,42505.71428571428,42632.857142857145,42505.71428571428,42632.857142857145,
BTCUSDT,static,اختيار,cycle,2022-02-14 13:33:00+00:00,2022-02-14 14:12:00+00:00,42560.97171428571,42577.43442857143,0.055329415492776514,142.85714285714286,1,42505.71428571428,42632.857142857145,42505.71428571428,42632.857142857145,
BTCUSDT,static,اختيار,cycle,2022-02-14 00:00:00+00:00,2022-02-14 14:31:00+00:00,42108.31974500001,42704.412000000004,1.9974273866568237,140.9162952786248,1,42053.65,42760.0,42632.857142857145,42760.0,
BTCUSDT,static,اختيار,cycle,2022-02-14 14:59:00+00:00,2022-02-14 15:12:00+00:00,42560.97171428571,42577.43442857143,0.055329415492776514,142.85714285714286,1,42505.71428571428,42632.857142857145,42505.71428571428,42632.857142857145,
BTCUSDT,static,اختيار,cycle,2022-02-14 15:32:00+00:00,2022-02-14 15:41:00+00:00,42433.66357142857,42450.45685714285,0.05660976138304568,142.85714285714286,1,42378.57142857143,42505.71428571428,42378.57142857143,42505.71428571428,
BTCUSDT,static,اختيار,cycle,2022-02-14 15:15:00+00:00,2022-02-14 15:49:00+00:00,42560.97171428571,42577.43442857143,0.055329415492776514,142.85714285714286,1,42505.71428571428,42632.857142857145,42505.71428571428,42632.857142857145,
BTCUSDT,static,اختيار,cycle,2022-02-14 14:32:00+00:00,2022-02-14 16:18:00+00:00,42688.279857142865,42704.412000000004,0.05405670628669743,142.85714285714286,1,42632.857142857145,42760.0,42632.857142857145,42760.0,
BTCUSDT,static,اختيار,cycle,2022-02-14 16:57:00+00:00,2022-02-14 17:31:00+00:00,42688.279857142865,42704.412000000004,0.05405670628669743,142.85714285714286,1,42632.857142857145,42760.0,42632.857142857145,42760.0,
BTCUSDT,static,اختيار,cycle,2022-02-14 17:34:00+00:00,2022-02-14 17:50:00+00:00,42688.279857142865,42704.412000000004,0.05405670628669743,142.85714285714286,1,42632.857142857145,42760.0,42632.857142857145,42760.0,
BTCUSDT,static,اختيار,cycle,2022-02-14 19:24:00+00:00,2022-02-14 19:29:00+00:00,41924.431000000004,41942.54657142857,0.06180890316477284,142.85714285714286,1,41870.0,41997.142857142855,41870.0,41997.142857142855,
BTCUSDT,static,اختيار,cycle,2022-02-14 19:09:00+00:00,2022-02-14 19:37:00+00:00,42051.73914285714,42069.524142857146,0.06049731274237531,142.85714285714286,1,41997.142857142855,42124.28571428572,41997.142857142855,42124.28571428572,
BTCUSDT,static,اختيار,cycle,2022-02-14 19:49:00+00:00,2022-02-14 19:51:00+00:00,42051.73914285714,42069.524142857146,0.06049731274237531,142.85714285714286,1,41997.142857142855,42124.28571428572,41997.142857142855,42124.28571428572,
BTCUSDT,static,اختيار,cycle,2022-02-14 20:07:00+00:00,2022-02-14 20:09:00+00:00,42051.73914285714,42069.524142857146,0.06049731274237531,142.85714285714286,1,41997.142857142855,42124.28571428572,41997.142857142855,42124.28571428572,
BTCUSDT,static,اختيار,cycle,2022-02-14 19:05:00+00:00,2022-02-14 20:33:00+00:00,42179.04728571429,42196.50171428572,0.05919363981221949,142.85714285714286,1,42124.28571428572,42251.42857142857,42124.28571428572,42251.42857142857,
BTCUSDT,static,اختيار,cycle,2022-02-14 21:46:00+00:00,2022-02-14 21:50:00+00:00,42179.04728571429,42196.50171428572,0.05919363981221949,142.85714285714286,1,42124.28571428572,42251.42857142857,42124.28571428572,42251.42857142857,
BTCUSDT,static,اختيار,cycle,2022-02-14 18:55:00+00:00,2022-02-14 22:10:00+00:00,42306.355428571434,42323.47928571429,0.0578978128984813,142.85714285714286,1,42251.42857142857,42378.57142857143,42251.42857142857,42378.57142857143,
BTCUSDT,static,اختيار,cycle,2022-02-14 18:51:00+00:00,2022-02-14 22:11:00+00:00,42433.66357142857,42450.45685714285,0.05660976138304568,142.85714285714286,1,42378.57142857143,42505.71428571428,42378.57142857143,42505.71428571428,
BTCUSDT,static,اختيار,cycle,2022-02-14 18:24:00+00:00,2022-02-14 22:13:00+00:00,42560.97171428571,42577.43442857143,0.055329415492776514,142.85714285714286,1,42505.71428571428,42632.857142857145,42505.71428571428,42632.857142857145,
BTCUSDT,static,اختيار,cycle,2022-02-14 17:52:00+00:00,2022-02-14 23:04:00+00:00,42688.279857142865,42704.412000000004,0.05405670628669743,142.85714285714286,1,42632.857142857145,42760.0,42632.857142857145,42760.0,
BTCUSDT,static,اختيار,cycle,2022-02-15 00:31:00+00:00,2022-02-15 01:15:00+00:00,42560.97171428571,42577.43442857143,0.055329415492776514,142.85714285714286,1,42505.71428571428,42632.857142857145,42505.71428571428,42632.857142857145,
BTCUSDT,static,اختيار,cycle,2022-02-14 23:37:00+00:00,2022-02-15 01:26:00+00:00,42688.279857142865,42704.412000000004,0.05405670628669743,142.85714285714286,1,42632.857142857145,42760.0,42632.857142857145,42760.0,
BTCUSDT,static,اختيار,cycle,2022-03-24 00:06:00+00:00,2022-03-24 00:13:00+00:00,42899.587057000004,42970.026252,0.23486994628305233,142.85714285714286,1,42843.89,43025.96,42843.89,43025.96,
BTCUSDT,static,اختيار,cycle,2022-03-24 00:30:00+00:00,2022-03-24 00:41:00+00:00,42899.587057000004,42970.026252,0.23486994628305233,142.85714285714286,1,42843.89,43025.96,42843.89,43025.96,
BTCUSDT,static,اختيار,cycle,2022-03-24 02:16:00+00:00,2022-03-24 02:34:00+00:00,42717.280366000006,42788.192943,0.23745747703348102,142.85714285714286,1,42661.82,42843.89,42661.82,42843.89,
BTCUSDT,static,اختيار,cycle,2022-03-24 01:22:00+00:00,2022-03-24 05:52:00+00:00,42899.587057000004,42970.026252,0.23486994628305233,142.85714285714286,1,42843.89,43025.96,42843.89,43025.96,
BTCUSDT,static,اختيار,cycle,2022-03-24 09:35:00+00:00,2022-03-24 09:36:00+00:00,42899.587057000004,42970.026252,0.23486994628305233,142.85714285714286,1,42843.89,43025.96,42843.89,43025.96,
BTCUSDT,static,اختيار,cycle,2022-03-24 13:31:00+00:00,2022-03-24 13:32:00+00:00,42717.280366000006,42788.192943,0.23745747703348102,142.85714285714286,1,42661.82,42843.89,42661.82,42843.89,
BTCUSDT,static,اختيار,cycle,2022-03-24 12:39:00+00:00,2022-03-24 13:55:00+00:00,42899.587057000004,42970.026252,0.23486994628305233,142.85714285714286,1,42843.89,43025.96,42843.89,43025.96,
BTCUSDT,static,اختيار,cycle,2022-08-06 00:07:00+00:00,2022-08-06 00:50:00+00:00,23249.928522857146,23315.95123671429,0.40619813592830895,142.85714285714286,1,23219.742857142857,23346.30142857143,23219.742857142857,23346.30142857143,
BTCUSDT,static,اختيار,cycle,2022-08-06 17:00:00+00:00,2022-08-06 17:19:00+00:00,23123.205425285716,23189.557191428572,0.41045979703013125,142.85714285714286,1,23093.184285714287,23219.742857142857,23093.184285714287,23219.742857142857,
BTCUSDT,static,اختيار,cycle,2022-08-06 18:06:00+00:00,2022-08-06 22:04:00+00:00,23123.205425285716,23189.557191428572,0.41045979703013125,142.85714285714286,1,23093.184285714287,23219.742857142857,23093.184285714287,23219.742857142857,
BTCUSDT,static,اختيار,cycle,2022-08-06 23:34:00+00:00,2022-08-07 12:01:00+00:00,22996.482327714286,23063.16314614286,0.41476842626283444,142.85714285714286,1,22966.625714285714,23093.184285714287,22966.625714285714,23093.184285714287,
BTCUSDT,static,اختيار,cycle,2022-08-06 23:19:00+00:00,2022-08-07 17:13:00+00:00,23123.205425285716,23189.557191428572,0.41045979703013125,142.85714285714286,1,23093.184285714287,23219.742857142857,23093.184285714287,23219.742857142857,
BTCUSDT,static,اختيار,cycle,2022-08-06 01:25:00+00:00,2022-08-07 21:04:00+00:00,23249.928522857146,23315.95123671429,0.40619813592830895,142.85714285714286,1,23219.742857142857,23346.30142857143,23219.742857142857,23346.30142857143,
BTCUSDT,static,اختيار,flatten,2022-08-07 23:19:00+00:00,2022-08-07 23:59:00+00:00,23123.205425285716,23144.263293,0.13026643615307848,142.85714285714286,1,23093.184285714287,23174.39,23093.184285714287,23219.742857142857,
BTCUSDT,static,اختيار,flatten,2022-08-07 22:44:00+00:00,2022-08-07 23:59:00+00:00,23249.928522857146,23144.263293,-0.6500947460790522,142.85714285714286,1,23219.742857142857,23174.39,23219.742857142857,23346.30142857143,
BTCUSDT,static,اختيار,flatten,2022-08-06 00:00:00+00:00,2022-08-07 23:59:00+00:00,23343.867628000004,23144.263293,-1.22138853930429,142.65679647880597,1,23313.56,23174.39,23346.30142857143,23472.86,
BTCUSDT,static,اختيار,cycle,2022-10-30 00:57:00+00:00,2022-10-30 01:59:00+00:00,20732.638866428573,20754.561092571428,0.1512503006784869,142.85714285714286,1,20705.72142857143,20781.577142857142,20705.72142857143,20781.577142857142,
BTCUSDT,static,اختيار,cycle,2022-10-30 00:20:00+00:00,2022-10-30 06:13:00+00:00,20808.593193142857,20830.31819442857,0.14934244840564023,142.85714285714286,1,20781.577142857142,20857.432857142856,20781.577142857142,20857.432857142856,
BTCUSDT,static,اختيار,cycle,2022-10-30 09:46:00+00:00,2022-10-30 11:47:00+00:00,20732.638866428573,20754.561092571428,0.1512503006784869,142.85714285714286,1,20705.72142857143,20781.577142857142,20705.72142857143,20781.577142857142,
BTCUSDT,static,اختيار,cycle,2022-10-30 13:32:00+00:00,2022-10-30 13:34:00+00:00,20656.684539714286,20678.80399071429,0.15317218324115053,142.85714285714286,1,20629.865714285712,20705.72142857143,20629.865714285712,20705.72142857143,
BTCUSDT,static,اختيار,cycle,2022-10-30 13:56:00+00:00,2022-10-30 14:24:00+00:00,20656.684539714286,20678.80399071429,0.15317218324115053,142.85714285714286,1,20629.865714285712,20705.72142857143,20629.865714285712,20705.72142857143,
BTCUSDT,static,اختيار,cycle,2022-10-30 16:57:00+00:00,2022-10-30 17:36:00+00:00,20580.730213,20603.04688885714,0.15510825143221899,142.85714285714286,1,20554.01,20629.865714285712,20554.01,20629.865714285712,
BTCUSDT,static,اختيار,cycle,2022-10-30 16:03:00+00:00,2022-10-30 20:27:00+00:00,20656.684539714286,20678.80399071429,0.15317218324115053,142.85714285714286,1,20629.865714285712,20705.72142857143,20629.865714285712,20705.72142857143,
BTCUSDT,static,اختيار,cycle,2022-10-30 22:23:00+00:00,2022-10-30 23:37:00+00:00,20580.730213,20603.04688885714,0.15510825143221899,142.85714285714286,1,20554.01,20629.865714285712,20554.01,20629.865714285712,
BTCUSDT,static,اختيار,cycle,2022-10-31 00:33:00+00:00,2022-10-31 09:44:00+00:00,20580.730213,20603.04688885714,0.15510825143221899,142.85714285714286,1,20554.01,20629.865714285712,20554.01,20629.865714285712,
BTCUSDT,static,اختيار,cycle,2022-10-30 22:02:00+00:00,2022-10-31 09:48:00+00:00,20656.684539714286,20678.80399071429,0.15317218324115053,142.85714285714286,1,20629.865714285712,20705.72142857143,20629.865714285712,20705.72142857143,
BTCUSDT,static,اختيار,cycle,2022-10-30 12:16:00+00:00,2022-10-31 10:02:00+00:00,20732.638866428573,20754.561092571428,0.1512503006784869,142.85714285714286,1,20705.72142857143,20781.577142857142,20705.72142857143,20781.577142857142,
BTCUSDT,static,اختيار,cycle,2022-10-31 10:20:00+00:00,2022-10-31 10:27:00+00:00,20732.638866428573,20754.561092571428,0.1512503006784869,142.85714285714286,1,20705.72142857143,20781.577142857142,20705.72142857143,20781.577142857142,
BTCUSDT,static,اختيار,cycle,2022-10-31 10:47:00+00:00,2022-10-31 11:03:00+00:00,20732.638866428573,20754.561092571428,0.1512503006784869,142.85714285714286,1,20705.72142857143,20781.577142857142,20705.72142857143,20781.577142857142,
BTCUSDT,static,اختيار,cycle,2022-10-31 13:33:00+00:00,2022-10-31 13:38:00+00:00,20656.684539714286,20678.80399071429,0.15317218324115053,142.85714285714286,1,20629.865714285712,20705.72142857143,20629.865714285712,20705.72142857143,
BTCUSDT,static,اختيار,cycle,2022-10-31 13:52:00+00:00,2022-11-01 06:15:00+00:00,20580.730213,20603.04688885714,0.15510825143221899,142.85714285714286,1,20554.01,20629.865714285712,20554.01,20629.865714285712,
BTCUSDT,static,اختيار,cycle,2022-11-01 09:30:00+00:00,2022-11-01 09:44:00+00:00,20580.730213,20603.04688885714,0.15510825143221899,142.85714285714286,1,20554.01,20629.865714285712,20554.01,20629.865714285712,
BTCUSDT,static,اختيار,cycle,2022-11-01 11:13:00+00:00,2022-11-02 18:01:00+00:00,20580.730213,20603.04688885714,0.15510825143221899,142.85714285714286,1,20554.01,20629.865714285712,20554.01,20629.865714285712,
BTCUSDT,static,اختيار,cycle,2022-10-31 13:47:00+00:00,2022-11-02 18:02:00+00:00,20656.684539714286,20678.80399071429,0.15317218324115053,142.85714285714286,1,20629.865714285712,20705.72142857143,20629.865714285712,20705.72142857143,
BTCUSDT,static,اختيار,cycle,2022-11-02 18:03:00+00:00,2022-11-02 18:06:00+00:00,20656.684539714286,20678.80399071429,0.15317218324115053,142.85714285714286,1,20629.865714285712,20705.72142857143,20629.865714285712,20705.72142857143,
BTCUSDT,static,اختيار,cycle,2022-11-02 18:10:00+00:00,2022-11-02 18:16:00+00:00,20656.684539714286,20678.80399071429,0.15317218324115053,142.85714285714286,1,20629.865714285712,20705.72142857143,20629.865714285712,20705.72142857143,
BTCUSDT,static,اختيار,cycle,2022-11-02 18:18:00+00:00,2022-11-02 18:20:00+00:00,20656.684539714286,20678.80399071429,0.15317218324115053,142.85714285714286,1,20629.865714285712,20705.72142857143,20629.865714285712,20705.72142857143,
BTCUSDT,static,اختيار,cycle,2022-10-31 12:05:00+00:00,2022-11-02 18:30:00+00:00,20732.638866428573,20754.561092571428,0.1512503006784869,142.85714285714286,1,20705.72142857143,20781.577142857142,20705.72142857143,20781.577142857142,
BTCUSDT,static,اختيار,cycle,2022-11-02 18:37:00+00:00,2022-11-02 18:42:00+00:00,20580.730213,20603.04688885714,0.15510825143221899,142.85714285714286,1,20554.01,20629.865714285712,20554.01,20629.865714285712,
BTCUSDT,static,اختيار,flatten,2022-11-02 18:50:00+00:00,2022-11-02 20:18:00+00:00,20580.730213,20116.74399126,-3.2248571428571466,142.85714285714286,1,20554.01,20142.929799999998,20554.01,20629.865714285712,
BTCUSDT,static,اختيار,flatten,2022-11-02 18:36:00+00:00,2022-11-02 20:18:00+00:00,20656.684539714286,20116.74399126,-3.7389658824334684,142.85714285714286,1,20629.865714285712,20142.929799999998,20629.865714285712,20705.72142857143,
BTCUSDT,static,اختيار,flatten,2022-11-02 18:31:00+00:00,2022-11-02 20:18:00+00:00,20732.638866428573,20116.74399126,-4.249307732187031,142.85714285714286,1,20705.72142857143,20142.929799999998,20705.72142857143,20781.577142857142,
BTCUSDT,static,اختيار,flatten,2022-10-30 08:28:00+00:00,2022-11-02 20:18:00+00:00,20808.593193142857,20116.74399126,-4.755923941169723,142.85714285714286,1,20781.577142857142,20142.929799999998,20781.577142857142,20857.432857142856,
BTCUSDT,static,اختيار,flatten,2022-10-30 00:00:00+00:00,2022-11-02 20:18:00+00:00,20836.732584,20116.74399126,-4.931360151225315,142.53007304076527,1,20809.68,20142.929799999998,20857.432857142856,20933.28857142857,
BTCUSDT,static,اختيار,flatten,2022-10-30 00:00:00+00:00,2022-11-02 20:18:00+00:00,20836.732584,20116.74399126,-4.91349043881033,142.01358847309638,1,20809.68,20142.929799999998,20933.28857142857,21009.144285714287,
BTCUSDT,static,اختيار,flatten,2022-10-30 00:00:00+00:00,2022-11-02 20:18:00+00:00,20836.732584,20116.74399126,-4.8957497673292245,141.5008335486024,1,20809.68,20142.929799999998,21009.144285714287,21085.0,
BTCUSDT,static,اختيار,cycle,2023-03-11 00:00:00+00:00,2023-03-11 01:30:00+00:00,20176.885897,20341.301886,1.1598539445696003,142.15075689687978,1,20150.69,20367.78,20250.824285714283,20367.78,
BTCUSDT,static,اختيار,cycle,2023-03-11 07:43:00+00:00,2023-03-11 07:49:00+00:00,19925.827087142858,19990.89087042857,0.46707769855723824,142.85714285714286,1,19899.957142857143,20016.912857142856,19899.957142857143,20016.912857142856,
BTCUSDT,static,اختيار,cycle,2023-03-11 08:04:00+00:00,2023-03-11 08:10:00+00:00,19808.719330428572,19874.08719857143,0.47203488870320437,142.85714285714286,1,19783.001428571428,19899.957142857143,19783.001428571428,19899.957142857143,
BTCUSDT,static,اختيار,cycle,2023-03-11 07:53:00+00:00,2023-03-11 08:26:00+00:00,19925.827087142858,19990.89087042857,0.46707769855723824,142.85714285714286,1,19899.957142857143,20016.912857142856,19899.957142857143,20016.912857142856,
BTCUSDT,static,اختيار,cycle,2023-03-11 07:38:00+00:00,2023-03-11 08:44:00+00:00,20042.934843857143,20107.694542285713,0.46217843659615365,142.85714285714286,1,20016.912857142856,20133.86857142857,20016.912857142856,20133.86857142857,
BTCUSDT,static,اختيار,cycle,2023-03-11 09:36:00+00:00,2023-03-11 09:54:00+00:00,20042.934843857143,20107.694542285713,0.46217843659615365,142.85714285714286,1,20016.912857142856,20133.86857142857,20016.912857142856,20133.86857142857,
BTCUSDT,static,اختيار,cycle,2023-03-11 10:48:00+00:00,2023-03-11 13:42:00+00:00,20042.934843857143,20107.694542285713,0.46217843659615365,142.85714285714286,1,20016.912857142856,20133.86857142857,20016.912857142856,20133.86857142857,
BTCUSDT,static,اختيار,cycle,2023-03-11 16:08:00+00:00,2023-03-11 17:08:00+00:00,20042.934843857143,20107.694542285713,0.46217843659615365,142.85714285714286,1,20016.912857142856,20133.86857142857,20016.912857142856,20133.86857142857,
BTCUSDT,static,اختيار,cycle,2023-03-11 07:18:00+00:00,2023-03-11 17:46:00+00:00,20160.04260057143,20224.498214142855,0.4573360933221159,142.85714285714286,1,20133.86857142857,20250.824285714283,20133.86857142857,20250.824285714283,
BTCUSDT,static,اختيار,cycle,2023-03-11 06:35:00+00:00,2023-03-11 20:35:00+00:00,20277.150357285715,20341.301886,0.45254968255815303,142.85714285714286,1,20250.824285714283,20367.78,20250.824285714283,20367.78,
BTCUSDT,static,اختيار,cycle,2023-05-15 00:16:00+00:00,2023-05-15 01:18:00+00:00,26778.001920714287,26799.703606285715,0.1159261664908496,142.85714285714286,1,26743.235714285714,26834.588571428572,26743.235714285714,26834.588571428572,
BTCUSDT,static,اختيار,cycle,2023-05-15 00:16:00+00:00,2023-05-15 01:24:00+00:00,26869.473536571433,26890.937704714284,0.11426706716710354,142.85714285714286,1,26834.588571428572,26925.941428571427,26834.588571428572,26925.941428571427,
BTCUSDT,static,اختيار,cycle,2023-05-15 00:00:00+00:00,2023-05-15 01:24:00+00:00,26952.602893000003,26982.171803142857,0.1568795665553028,142.81293997997366,1,26917.61,27017.294285714284,26925.941428571427,27017.294285714284,
BTCUSDT,static,اختيار,cycle,2023-05-15 00:00:00+00:00,2023-05-15 01:36:00+00:00,26952.602893000003,27073.40590157143,0.6387602130160819,142.33005039206105,1,26917.61,27108.647142857142,27017.294285714284,27108.647142857142,
BTCUSDT,static,اختيار,cycle,2023-05-15 00:00:00+00:00,2023-05-15 01:53:00+00:00,26952.602893000003,27164.64,1.1173931006621687,141.85041536298408,1,26917.61,27200.0,27108.647142857142,27200.0,
BTCUSDT,static,اختيار,cycle,2023-05-16 00:51:00+00:00,2023-05-16 00:52:00+00:00,27143.888384142858,27164.64,0.10935686076098959,142.85714285714286,1,27108.647142857142,27200.0,27108.647142857142,27200.0,
BTCUSDT,static,اختيار,cycle,2023-05-16 01:26:00+00:00,2023-05-16 01:58:00+00:00,26960.945152428572,26982.171803142857,0.11261922564577749,142.85714285714286,1,26925.941428571427,27017.294285714284,26925.941428571427,27017.294285714284,
BTCUSDT,static,اختيار,cycle,2023-05-16 01:22:00+00:00,2023-05-16 03:15:00+00:00,27052.416768285715,27073.40590157143,0.11098252772967258,142.85714285714286,1,27017.294285714284,27108.647142857142,27017.294285714284,27108.647142857142,
BTCUSDT,static,اختيار,cycle,2023-05-16 06:05:00+00:00,2023-05-16 07:14:00+00:00,27052.416768285715,27073.40590157143,0.11098252772967258,142.85714285714286,1,27017.294285714284,27108.647142857142,27017.294285714284,27108.647142857142,
BTCUSDT,static,اختيار,cycle,2023-05-16 01:18:00+00:00,2023-05-16 07:19:00+00:00,27143.888384142858,27164.64,0.10935686076098959,142.85714285714286,1,27108.647142857142,27200.0,27108.647142857142,27200.0,
BTCUSDT,static,اختيار,cycle,2023-05-16 08:08:00+00:00,2023-05-16 08:09:00+00:00,27143.888384142858,27176.993919,0.17445954043837583,142.85714285714286,1,27108.647142857142,27212.37,27108.647142857142,27200.0,
BTCUSDT,static,اختيار,cycle,2023-05-16 10:20:00+00:00,2023-05-16 11:39:00+00:00,27052.416768285715,27073.40590157143,0.11098252772967258,142.85714285714286,1,27017.294285714284,27108.647142857142,27017.294285714284,27108.647142857142,
BTCUSDT,static,اختيار,cycle,2023-05-16 12:30:00+00:00,2023-05-16 12:42:00+00:00,27052.416768285715,27073.40590157143,0.11098252772967258,142.85714285714286,1,27017.294285714284,27108.647142857142,27017.294285714284,27108.647142857142,
BTCUSDT,static,اختيار,cycle,2023-05-16 13:06:00+00:00,2023-05-16 13:32:00+00:00,27052.416768285715,27073.40590157143,0.11098252772967258,142.85714285714286,1,27017.294285714284,27108.647142857142,27017.294285714284,27108.647142857142,
BTCUSDT,static,اختيار,cycle,2023-05-16 13:39:00+00:00,2023-05-16 13:46:00+00:00,27052.416768285715,27073.40590157143,0.11098252772967258,142.85714285714286,1,27017.294285714284,27108.647142857142,27017.294285714284,27108.647142857142,
BTCUSDT,static,اختيار,cycle,2023-05-16 14:10:00+00:00,2023-05-16 14:30:00+00:00,26960.945152428572,26982.171803142857,0.11261922564577749,142.85714285714286,1,26925.941428571427,27017.294285714284,26925.941428571427,27017.294285714284,
BTCUSDT,static,اختيار,cycle,2023-05-16 13:50:00+00:00,2023-05-16 16:55:00+00:00,27052.416768285715,27073.40590157143,0.11098252772967258,142.85714285714286,1,27017.294285714284,27108.647142857142,27017.294285714284,27108.647142857142,
BTCUSDT,static,اختيار,cycle,2023-05-16 17:07:00+00:00,2023-05-16 18:00:00+00:00,27052.416768285715,27073.40590157143,0.11098252772967258,142.85714285714286,1,27017.294285714284,27108.647142857142,27017.294285714284,27108.647142857142,
BTCUSDT,static,اختيار,cycle,2023-05-16 19:51:00+00:00,2023-05-16 21:26:00+00:00,26960.945152428572,26982.171803142857,0.11261922564577749,142.85714285714286,1,26925.941428571427,27017.294285714284,26925.941428571427,27017.294285714284,
BTCUSDT,static,اختيار,cycle,2023-05-16 18:20:00+00:00,2023-05-17 00:39:00+00:00,27052.416768285715,27073.40590157143,0.11098252772967258,142.85714285714286,1,27017.294285714284,27108.647142857142,27017.294285714284,27108.647142857142,
BTCUSDT,static,اختيار,cycle,2023-05-16 09:34:00+00:00,2023-05-17 01:38:00+00:00,27143.888384142858,27164.64,0.10935686076098959,142.85714285714286,1,27108.647142857142,27200.0,27108.647142857142,27200.0,
BTCUSDT,static,اختيار,cycle,2023-05-17 11:40:00+00:00,2023-05-17 12:16:00+00:00,26686.530304857144,26708.469507857142,0.11759663937974305,142.85714285714286,1,26651.882857142857,26743.235714285714,26651.882857142857,26743.235714285714,
BTCUSDT,static,اختيار,cycle,2023-05-17 12:56:00+00:00,2023-05-17 13:37:00+00:00,26686.530304857144,26708.469507857142,0.11759663937974305,142.85714285714286,1,26651.882857142857,26743.235714285714,26651.882857142857,26743.235714285714,
BTCUSDT,static,اختيار,cycle,2023-05-17 14:38:00+00:00,2023-05-17 14:39:00+00:00,26595.058689,26617.235409428573,0.11927860318929508,142.85714285714286,1,26560.53,26651.882857142857,26560.53,26651.882857142857,
BTCUSDT,static,اختيار,cycle,2023-05-17 13:52:00+00:00,2023-05-17 14:41:00+00:00,26686.530304857144,26708.469507857142,0.11759663937974305,142.85714285714286,1,26651.882857142857,26743.235714285714,26651.882857142857,26743.235714285714,
BTCUSDT,static,اختيار,cycle,2023-05-17 11:23:00+00:00,2023-05-17 15:18:00+00:00,26778.001920714287,26799.703606285715,0.1159261664908496,142.85714285714286,1,26743.235714285714,26834.588571428572,26743.235714285714,26834.588571428572,
BTCUSDT,static,اختيار,cycle,2023-05-17 15:22:00+00:00,2023-05-17 16:33:00+00:00,26778.001920714287,26799.703606285715,0.1159261664908496,142.85714285714286,1,26743.235714285714,26834.588571428572,26743.235714285714,26834.588571428572,
BTCUSDT,static,اختيار,cycle,2023-05-17 07:46:00+00:00,2023-05-17 16:54:00+00:00,26869.473536571433,26890.937704714284,0.11426706716710354,142.85714285714286,1,26834.588571428572,26925.941428571427,26834.588571428572,26925.941428571427,
BTCUSDT,static,اختيار,cycle,2023-05-17 07:45:00+00:00,2023-05-17 17:47:00+00:00,26960.945152428572,26982.171803142857,0.11261922564577749,142.85714285714286,1,26925.941428571427,27017.294285714284,26925.941428571427,27017.294285714284,
BTCUSDT,static,اختيار,cycle,2023-05-17 05:19:00+00:00,2023-05-17 17:52:00+00:00,27052.416768285715,27073.40590157143,0.11098252772967258,142.85714285714286,1,27017.294285714284,27108.647142857142,27017.294285714284,27108.647142857142,
BTCUSDT,static,اختيار,cycle,2023-05-17 02:32:00+00:00,2023-05-17 18:32:00+00:00,27143.888384142858,27164.64,0.10935686076098959,142.85714285714286,1,27108.647142857142,27200.0,27108.647142857142,27200.0,
BTCUSDT,static,اختيار,cycle,2023-05-17 18:43:00+00:00,2023-05-17 19:10:00+00:00,27143.888384142858,27164.64,0.10935686076098959,142.85714285714286,1,27108.647142857142,27200.0,27108.647142857142,27200.0,
BTCUSDT,static,اختيار,cycle,2023-05-18 14:45:00+00:00,2023-05-18 14:48:00+00:00,27143.888384142858,27164.64,0.10935686076098959,142.85714285714286,1,27108.647142857142,27200.0,27108.647142857142,27200.0,
BTCUSDT,static,اختيار,cycle,2023-05-18 16:21:00+00:00,2023-05-18 16:44:00+00:00,27052.416768285715,27073.40590157143,0.11098252772967258,142.85714285714286,1,27017.294285714284,27108.647142857142,27017.294285714284,27108.647142857142,
BTCUSDT,static,اختيار,cycle,2023-05-18 17:42:00+00:00,2023-05-18 17:46:00+00:00,26686.530304857144,26708.469507857142,0.11759663937974305,142.85714285714286,1,26651.882857142857,26743.235714285714,26651.882857142857,26743.235714285714,
BTCUSDT,static,اختيار,cycle,2023-05-18 17:55:00+00:00,2023-05-18 18:39:00+00:00,26595.058689,26617.235409428573,0.11927860318929508,142.85714285714286,1,26560.53,26651.882857142857,26560.53,26651.882857142857,
BTCUSDT,static,اختيار,cycle,2023-05-18 17:49:00+00:00,2023-05-18 19:34:00+00:00,26686.530304857144,26708.469507857142,0.11759663937974305,142.85714285714286,1,26651.882857142857,26743.235714285714,26651.882857142857,26743.235714285714,
BTCUSDT,static,اختيار,cycle,2023-05-18 17:40:00+00:00,2023-05-18 19:45:00+00:00,26778.001920714287,26799.703606285715,0.1159261664908496,142.85714285714286,1,26743.235714285714,26834.588571428572,26743.235714285714,26834.588571428572,
BTCUSDT,static,اختيار,cycle,2023-05-18 19:55:00+00:00,2023-05-18 21:24:00+00:00,26778.001920714287,26799.703606285715,0.1159261664908496,142.85714285714286,1,26743.235714285714,26834.588571428572,26743.235714285714,26834.588571428572,
BTCUSDT,static,اختيار,cycle,2023-05-18 17:39:00+00:00,2023-05-18 21:36:00+00:00,26869.473536571433,26890.937704714284,0.11426706716710354,142.85714285714286,1,26834.588571428572,26925.941428571427,26834.588571428572,26925.941428571427,
BTCUSDT,static,اختيار,cycle,2023-05-18 17:37:00+00:00,2023-05-18 21:38:00+00:00,26960.945152428572,26982.171803142857,0.11261922564577749,142.85714285714286,1,26925.941428571427,27017.294285714284,26925.941428571427,27017.294285714284,
BTCUSDT,static,اختيار,cycle,2023-05-18 23:31:00+00:00,2023-05-19 00:32:00+00:00,26869.473536571433,26890.937704714284,0.11426706716710354,142.85714285714286,1,26834.588571428572,26925.941428571427,26834.588571428572,26925.941428571427,
BTCUSDT,static,اختيار,cycle,2023-05-19 00:46:00+00:00,2023-05-19 06:23:00+00:00,26869.473536571433,26890.937704714284,0.11426706716710354,142.85714285714286,1,26834.588571428572,26925.941428571427,26834.588571428572,26925.941428571427,
BTCUSDT,static,اختيار,cycle,2023-05-19 08:00:00+00:00,2023-05-19 08:39:00+00:00,26869.473536571433,26890.937704714284,0.11426706716710354,142.85714285714286,1,26834.588571428572,26925.941428571427,26834.588571428572,26925.941428571427,
BTCUSDT,static,اختيار,cycle,2023-05-19 09:21:00+00:00,2023-05-19 12:10:00+00:00,26869.473536571433,26890.937704714284,0.11426706716710354,142.85714285714286,1,26834.588571428572,26925.941428571427,26834.588571428572,26925.941428571427,
BTCUSDT,static,اختيار,cycle,2023-05-19 15:08:00+00:00,2023-05-19 15:14:00+00:00,26778.001920714287,26799.703606285715,0.1159261664908496,142.85714285714286,1,26743.235714285714,26834.588571428572,26743.235714285714,26834.588571428572,
BTCUSDT,static,اختيار,cycle,2023-05-19 14:03:00+00:00,2023-05-19 15:14:00+00:00,26869.473536571433,26890.937704714284,0.11426706716710354,142.85714285714286,1,26834.588571428572,26925.941428571427,26834.588571428572,26925.941428571427,
BTCUSDT,static,اختيار,cycle,2023-05-18 21:57:00+00:00,2023-05-19 15:15:00+00:00,26960.945152428572,26982.171803142857,0.11261922564577749,142.85714285714286,1,26925.941428571427,27017.294285714284,26925.941428571427,27017.294285714284,
BTCUSDT,static,اختيار,cycle,2023-05-18 17:17:00+00:00,2023-05-19 15:20:00+00:00,27052.416768285715,27073.40590157143,0.11098252772967258,142.85714285714286,1,27017.294285714284,27108.647142857142,27017.294285714284,27108.647142857142,
BTCUSDT,static,اختيار,cycle,2023-05-19 15:34:00+00:00,2023-05-19 15:35:00+00:00,26686.530304857144,26708.469507857142,0.11759663937974305,142.85714285714286,1,26651.882857142857,26743.235714285714,26651.882857142857,26743.235714285714,
BTCUSDT,static,اختيار,cycle,2023-05-19 15:34:00+00:00,2023-05-19 15:41:00+00:00,26778.001920714287,26799.703606285715,0.1159261664908496,142.85714285714286,1,26743.235714285714,26834.588571428572,26743.235714285714,26834.588571428572,
BTCUSDT,static,اختيار,cycle,2023-05-19 15:33:00+00:00,2023-05-19 15:44:00+00:00,26869.473536571433,26890.937704714284,0.11426706716710354,142.85714285714286,1,26834.588571428572,26925.941428571427,26834.588571428572,26925.941428571427,
BTCUSDT,static,اختيار,cycle,2023-05-19 15:51:00+00:00,2023-05-19 15:55:00+00:00,26869.473536571433,26890.937704714284,0.11426706716710354,142.85714285714286,1,26834.588571428572,26925.941428571427,26834.588571428572,26925.941428571427,
BTCUSDT,static,اختيار,cycle,2023-05-19 16:32:00+00:00,2023-05-19 17:22:00+00:00,26869.473536571433,26890.937704714284,0.11426706716710354,142.85714285714286,1,26834.588571428572,26925.941428571427,26834.588571428572,26925.941428571427,
BTCUSDT,static,اختيار,cycle,2023-05-19 19:16:00+00:00,2023-05-20 12:13:00+00:00,26869.473536571433,26890.937704714284,0.11426706716710354,142.85714285714286,1,26834.588571428572,26925.941428571427,26834.588571428572,26925.941428571427,
BTCUSDT,static,اختيار,cycle,2023-05-19 15:29:00+00:00,2023-05-20 17:44:00+00:00,26960.945152428572,26982.171803142857,0.11261922564577749,142.85714285714286,1,26925.941428571427,27017.294285714284,26925.941428571427,27017.294285714284,
BTCUSDT,static,اختيار,cycle,2023-05-19 15:28:00+00:00,2023-05-20 17:59:00+00:00,27052.416768285715,27073.40590157143,0.11098252772967258,142.85714285714286,1,27017.294285714284,27108.647142857142,27017.294285714284,27108.647142857142,
BTCUSDT,static,اختيار,cycle,2023-05-20 19:02:00+00:00,2023-05-20 23:52:00+00:00,27052.416768285715,27073.40590157143,0.11098252772967258,142.85714285714286,1,27017.294285714284,27108.647142857142,27017.294285714284,27108.647142857142,
BTCUSDT,static,اختيار,cycle,2023-05-18 15:25:00+00:00,2023-05-21 00:49:00+00:00,27143.888384142858,27164.64,0.10935686076098959,142.85714285714286,1,27108.647142857142,27200.0,27108.647142857142,27200.0,
BTCUSDT,static,اختيار,cycle,2023-05-21 11:54:00+00:00,2023-05-21 12:56:00+00:00,26869.473536571433,26890.937704714284,0.11426706716710354,142.85714285714286,1,26834.588571428572,26925.941428571427,26834.588571428572,26925.941428571427,
BTCUSDT,static,اختيار,cycle,2023-05-21 15:44:00+00:00,2023-05-21 17:10:00+00:00,26869.473536571433,26890.937704714284,0.11426706716710354,142.85714285714286,1,26834.588571428572,26925.941428571427,26834.588571428572,26925.941428571427,
BTCUSDT,static,اختيار,cycle,2023-05-21 17:50:00+00:00,2023-05-21 20:01:00+00:00,26869.473536571433,26890.937704714284,0.11426706716710354,142.85714285714286,1,26834.588571428572,26925.941428571427,26834.588571428572,26925.941428571427,
BTCUSDT,static,اختيار,cycle,2023-05-22 00:30:00+00:00,2023-05-22 00:49:00+00:00,26595.058689,26617.235409428573,0.11927860318929508,142.85714285714286,1,26560.53,26651.882857142857,26560.53,26651.882857142857,
BTCUSDT,static,اختيار,cycle,2023-05-22 01:55:00+00:00,2023-05-22 02:17:00+00:00,26595.058689,26617.235409428573,0.11927860318929508,142.85714285714286,1,26560.53,26651.882857142857,26560.53,26651.882857142857,
BTCUSDT,static,اختيار,cycle,2023-05-22 00:30:00+00:00,2023-05-22 05:16:00+00:00,26686.530304857144,26708.469507857142,0.11759663937974305,142.85714285714286,1,26651.882857142857,26743.235714285714,26651.882857142857,26743.235714285714,
BTCUSDT,static,اختيار,cycle,2023-05-21 21:05:00+00:00,2023-05-22 06:18:00+00:00,26778.001920714287,26799.703606285715,0.1159261664908496,142.85714285714286,1,26743.235714285714,26834.588571428572,26743.235714285714,26834.588571428572,
BTCUSDT,static,اختيار,cycle,2023-05-22 12:50:00+00:00,2023-05-22 13:32:00+00:00,26778.001920714287,26799.703606285715,0.1159261664908496,142.85714285714286,1,26743.235714285714,26834.588571428572,26743.235714285714,26834.588571428572,
BTCUSDT,static,اختيار,cycle,2023-05-21 20:54:00+00:00,2023-05-22 13:33:00+00:00,26869.473536571433,26890.937704714284,0.11426706716710354,142.85714285714286,1,26834.588571428572,26925.941428571427,26834.588571428572,26925.941428571427,
BTCUSDT,static,اختيار,cycle,2023-05-21 10:45:00+00:00,2023-05-22 13:42:00+00:00,26960.945152428572,26982.171803142857,0.11261922564577749,142.85714285714286,1,26925.941428571427,27017.294285714284,26925.941428571427,27017.294285714284,
BTCUSDT,static,اختيار,cycle,2023-05-22 14:09:00+00:00,2023-05-22 14:17:00+00:00,26869.473536571433,26890.937704714284,0.11426706716710354,142.85714285714286,1,26834.588571428572,26925.941428571427,26834.588571428572,26925.941428571427,
BTCUSDT,static,اختيار,cycle,2023-05-22 15:17:00+00:00,2023-05-22 18:20:00+00:00,26869.473536571433,26890.937704714284,0.11426706716710354,142.85714285714286,1,26834.588571428572,26925.941428571427,26834.588571428572,26925.941428571427,
BTCUSDT,static,اختيار,cycle,2023-05-22 19:26:00+00:00,2023-05-22 20:54:00+00:00,26869.473536571433,26890.937704714284,0.11426706716710354,142.85714285714286,1,26834.588571428572,26925.941428571427,26834.588571428572,26925.941428571427,
BTCUSDT,static,اختيار,cycle,2023-05-22 23:19:00+00:00,2023-05-23 00:32:00+00:00,26869.473536571433,26890.937704714284,0.11426706716710354,142.85714285714286,1,26834.588571428572,26925.941428571427,26834.588571428572,26925.941428571427,
BTCUSDT,static,اختيار,cycle,2023-05-23 00:55:00+00:00,2023-05-23 01:28:00+00:00,26869.473536571433,26890.937704714284,0.11426706716710354,142.85714285714286,1,26834.588571428572,26925.941428571427,26834.588571428572,26925.941428571427,
BTCUSDT,static,اختيار,cycle,2023-05-22 14:03:00+00:00,2023-05-23 01:30:00+00:00,26960.945152428572,26982.171803142857,0.11261922564577749,142.85714285714286,1,26925.941428571427,27017.294285714284,26925.941428571427,27017.294285714284,
BTCUSDT,static,اختيار,cycle,2023-05-21 10:37:00+00:00,2023-05-23 01:30:00+00:00,27052.416768285715,27073.40590157143,0.11098252772967258,142.85714285714286,1,27017.294285714284,27108.647142857142,27017.294285714284,27108.647142857142,
BTCUSDT,static,اختيار,cycle,2023-05-23 01:34:00+00:00,2023-05-23 02:58:00+00:00,27052.416768285715,27073.40590157143,0.11098252772967258,142.85714285714286,1,27017.294285714284,27108.647142857142,27017.294285714284,27108.647142857142,
BTCUSDT,static,اختيار,cycle,2023-05-21 05:19:00+00:00,2023-05-23 03:10:00+00:00,27143.888384142858,27164.64,0.10935686076098959,142.85714285714286,1,27108.647142857142,27200.0,27108.647142857142,27200.0,
BTCUSDT,static,اختيار,cycle,2023-05-23 19:01:00+00:00,2023-05-23 19:32:00+00:00,27143.888384142858,27164.64,0.10935686076098959,142.85714285714286,1,27108.647142857142,27200.0,27108.647142857142,27200.0,
BTCUSDT,static,اختيار,cycle,2023-05-24 03:36:00+00:00,2023-05-24 03:37:00+00:00,26686.530304857144,26708.469507857142,0.11759663937974305,142.85714285714286,1,26651.882857142857,26743.235714285714,26651.882857142857,26743.235714285714,
BTCUSDT,static,اختيار,cycle,2023-05-24 06:59:00+00:00,2023-05-24 07:01:00+00:00,26686.530304857144,26708.469507857142,0.11759663937974305,142.85714285714286,1,26651.882857142857,26743.235714285714,26651.882857142857,26743.235714285714,
BTCUSDT,static,اختيار,cycle,2023-05-24 07:53:00+00:00,2023-05-24 08:23:00+00:00,26686.530304857144,26708.469507857142,0.11759663937974305,142.85714285714286,1,26651.882857142857,26743.235714285714,26651.882857142857,26743.235714285714,
BTCUSDT,static,اختيار,cycle,2023-05-24 03:36:00+00:00,2023-05-24 09:20:00+00:00,26778.001920714287,26799.703606285715,0.1159261664908496,142.85714285714286,1,26743.235714285714,26834.588571428572,26743.235714285714,26834.588571428572,
BTCUSDT,static,اختيار,flatten,2023-05-24 13:46:00+00:00,2023-05-25 01:26:00+00:00,26595.058689,25995.48128478,-3.224857142857158,142.85714285714286,1,26560.53,26029.319399999997,26560.53,26651.882857142857,
BTCUSDT,static,اختيار,flatten,2023-05-24 13:43:00+00:00,2023-05-25 01:26:00+00:00,26686.530304857144,25995.48128478,-3.704101849449316,142.85714285714286,1,26651.882857142857,26029.319399999997,26651.882857142857,26743.235714285714,
BTCUSDT,static,اختيار,flatten,2023-05-24 09:56:00+00:00,2023-05-25 01:26:00+00:00,26778.001920714287,25995.48128478,-4.1800724291792255,142.85714285714286,1,26743.235714285714,26029.319399999997,26743.235714285714,26834.588571428572,
BTCUSDT,static,اختيار,flatten,2023-05-24 03:32:00+00:00,2023-05-25 01:26:00+00:00,26869.473536571433,25995.48128478,-4.652802320328554,142.85714285714286,1,26834.588571428572,26029.319399999997,26834.588571428572,26925.941428571427,
BTCUSDT,static,اختيار,flatten,2023-05-24 03:24:00+00:00,2023-05-25 01:26:00+00:00,26960.945152428572,25995.48128478,-5.122324507388621,142.85714285714286,1,26925.941428571427,26029.319399999997,26925.941428571427,27017.294285714284,
BTCUSDT,static,اختيار,flatten,2023-05-24 03:24:00+00:00,2023-05-25 01:26:00+00:00,27052.416768285715,25995.48128478,-5.58867152873253,142.85714285714286,1,27017.294285714284,26029.319399999997,27017.294285714284,27108.647142857142,
BTCUSDT,static,اختيار,flatten,2023-05-24 03:09:00+00:00,2023-05-25 01:26:00+00:00,27143.888384142858,25995.48128478,-6.051875484131813,142.85714285714286,1,27108.647142857142,26029.319399999997,27108.647142857142,27200.0,
BTCUSDT,static,اختيار,cycle,2023-08-03 04:37:00+00:00,2023-08-03 14:05:00+00:00,29125.31375,29209.47825,0.41335625268585646,142.85714285714286,1,29087.5,29247.5,29087.5,29247.5,
BTCUSDT,static,اختيار,cycle,2023-08-03 00:00:00+00:00,2023-08-03 14:59:00+00:00,29223.9418,29369.27025,0.7098455301429959,142.5567508822488,1,29186.0,29407.5,29247.5,29407.5,
BTCUSDT,static,اختيار,cycle,2023-08-04 20:45:00+00:00,2023-08-04 21:09:00+00:00,28965.105750000002,29049.686250000002,0.41769695173895344,142.85714285714286,1,28927.5,29087.5,28927.5,29087.5,
BTCUSDT,static,اختيار,cycle,2023-08-07 15:19:00+00:00,2023-08-07 18:05:00+00:00,28965.105750000002,29049.686250000002,0.41769695173895344,142.85714285714286,1,28927.5,29087.5,28927.5,29087.5,
BTCUSDT,static,اختيار,cycle,2023-08-04 18:25:00+00:00,2023-08-07 21:23:00+00:00,29125.31375,29209.47825,0.41335625268585646,142.85714285714286,1,29087.5,29247.5,29087.5,29247.5,
BTCUSDT,static,اختيار,cycle,2023-08-03 15:23:00+00:00,2023-08-08 11:52:00+00:00,29285.521750000004,29369.27025,0.4090630456815497,142.85714285714286,1,29247.5,29407.5,29247.5,29407.5,
BTCUSDT,static,اختيار,cycle,2023-08-03 00:00:00+00:00,2023-08-08 12:45:00+00:00,29223.9418,29529.062250000003,1.4822285374236515,141.78112969237685,1,29186.0,29567.5,29407.5,29567.5,
BTCUSDT,static,اختيار,cycle,2023-08-08 13:36:00+00:00,2023-08-08 15:39:00+00:00,29445.729750000002,29529.062250000003,0.4048165555434131,142.85714285714286,1,29407.5,29567.5,29407.5,29567.5,
BTCUSDT,static,اختيار,cycle,2023-08-03 00:00:00+00:00,2023-08-08 16:37:00+00:00,29223.9418,29688.85425,2.2462522798922553,141.01390281317566,1,29186.0,29727.5,29567.5,29727.5,
BTCUSDT,static,اختيار,cycle,2023-08-03 00:00:00+00:00,2023-08-08 18:14:00+00:00,29223.9418,29848.64625,3.002051731801968,140.25493470451843,1,29186.0,29887.5,29727.5,29887.5,
BTCUSDT,static,اختيار,cycle,2023-08-03 00:00:00+00:00,2023-08-08 21:15:00+00:00,29223.9418,30008.43825,3.7497589771165623,139.50409272868495,1,29186.0,30047.5,29887.5,30047.5,
BTCUSDT,static,اختيار,cycle,2023-08-08 22:37:00+00:00,2023-08-09 11:03:00+00:00,29766.145750000003,29848.64625,0.3964607085791092,142.85714285714286,1,29727.5,29887.5,29727.5,29887.5,
BTCUSDT,static,اختيار,cycle,2023-08-08 21:30:00+00:00,2023-08-09 12:57:00+00:00,29926.353750000002,30008.43825,0.39234988349165184,142.85714285714286,1,29887.5,30047.5,29887.5,30047.5,
BTCUSDT,static,اختيار,cycle,2023-08-09 19:56:00+00:00,2023-08-09 22:17:00+00:00,29445.729750000002,29529.062250000003,0.4048165555434131,142.85714285714286,1,29407.5,29567.5,29407.5,29567.5,
BTCUSDT,static,اختيار,cycle,2023-08-09 16:49:00+00:00,2023-08-10 14:01:00+00:00,29605.93775,29688.85425,0.40061602386790207,142.85714285714286,1,29567.5,29727.5,29567.5,29727.5,
BTCUSDT,static,اختيار,flatten,2023-08-10 14:45:00+00:00,2023-08-10 23:59:00+00:00,29445.729750000002,29417.457525,-0.13734215032608602,142.85714285714286,1,29407.5,29455.75,29407.5,29567.5,
BTCUSDT,static,اختيار,flatten,2023-08-10 14:36:00+00:00,2023-08-10 23:59:00+00:00,29605.93775,29417.457525,-0.9106534684559512,142.85714285714286,1,29567.5,29455.75,29567.5,29727.5,
BTCUSDT,static,اختيار,flatten,2023-08-09 15:05:00+00:00,2023-08-10 23:59:00+00:00,29766.145750000003,29417.457525,-1.6756405204416387,142.85714285714286,1,29727.5,29455.75,29727.5,29887.5,
BTCUSDT,static,اختيار,flatten,2023-08-09 13:39:00+00:00,2023-08-10 23:59:00+00:00,29926.353750000002,29417.457525,-2.4324369958773997,142.85714285714286,1,29887.5,29455.75,29887.5,30047.5,
BTCUSDT,static,اختيار,cycle,2023-08-12 03:32:00+00:00,2023-08-12 10:24:00+00:00,29424.39633828572,29392.515705857146,-0.15498352787515202,142.85714285714286,1,29386.194285714286,29430.775714285715,29386.194285714286,29430.775714285715,
BTCUSDT,static,اختيار,cycle,2023-08-12 00:00:00+00:00,2023-08-12 16:30:00+00:00,29464.273826000004,29437.03917857143,-0.13219712440263928,142.83405859454314,1,29426.02,29475.357142857145,29430.775714285715,29475.357142857145,
BTCUSDT,static,اختيار,cycle,2023-08-13 16:06:00+00:00,2023-08-13 17:18:00+00:00,29379.756953857144,29347.992233142857,-0.15465466288413326,142.85714285714286,1,29341.612857142856,29386.194285714286,29341.612857142856,29386.194285714286,
BTCUSDT,static,اختيار,cycle,2023-08-13 04:19:00+00:00,2023-08-13 19:02:00+00:00,29424.39633828572,29392.515705857146,-0.15498352787515202,142.85714285714286,1,29386.194285714286,29430.775714285715,29386.194285714286,29430.775714285715,
BTCUSDT,static,اختيار,flatten,2023-08-13 22:39:00+00:00,2023-08-13 23:59:00+00:00,29335.117569428574,29265.745008,-0.3382720171676693,142.85714285714286,1,29297.03142857143,29303.84,29297.03142857143,29341.612857142856,
BTCUSDT,static,اختيار,flatten,2023-08-13 22:15:00+00:00,2023-08-13 23:59:00+00:00,29379.756953857144,29265.745008,-0.5550963035343055,142.85714285714286,1,29341.612857142856,29303.84,29341.612857142856,29386.194285714286,
BTCUSDT,static,اختيار,flatten,2023-08-13 21:39:00+00:00,2023-08-13 23:59:00+00:00,29424.39633828572,29265.745008,-0.7712627070637862,142.85714285714286,1,29386.194285714286,29303.84,29386.194285714286,29430.775714285715,
BTCUSDT,static,اختيار,flatten,2023-08-12 17:58:00+00:00,2023-08-13 23:59:00+00:00,29469.03572271429,29265.745008,-0.9867742174180201,142.85714285714286,1,29430.775714285715,29303.84,29430.775714285715,29475.357142857145,
BTCUSDT,static,اختيار,flatten,2023-08-12 00:00:00+00:00,2023-08-13 23:59:00+00:00,29464.273826000004,29265.745008,-0.9622024112151918,142.61802231888623,1,29426.02,29303.84,29475.357142857145,29519.93857142857,
BTCUSDT,static,اختيار,flatten,2023-08-12 00:00:00+00:00,2023-08-13 23:59:00+00:00,29464.273826000004,29265.745008,-0.9607492795305492,142.4026385653048,1,29426.02,29303.84,29519.93857142857,29564.52,
BTCUSDT,static,اختيار,cycle,2023-10-04 00:31:00+00:00,2023-10-04 00:32:00+00:00,27269.62162514286,27272.43397114286,0.014752166811995737,142.85714285714286,1,27234.217142857142,27307.934285714287,27234.217142857142,27307.934285714287,
BTCUSDT,static,اختيار,cycle,2023-10-04 00:40:00+00:00,2023-10-04 00:46:00+00:00,27269.62162514286,27272.43397114286,0.014752166811995737,142.85714285714286,1,27234.217142857142,27307.934285714287,27234.217142857142,27307.934285714287,
BTCUSDT,static,اختيار,cycle,2023-10-04 00:31:00+00:00,2023-10-04 02:08:00+00:00,27343.434600285716,27346.05528171429,0.01370968075825804,142.85714285714286,1,27307.934285714287,27381.65142857143,27307.934285714287,27381.65142857143,
BTCUSDT,static,اختيار,cycle,2023-10-04 00:05:00+00:00,2023-10-04 02:20:00+00:00,27417.247575428573,27419.676592285716,0.012672807886273868,142.85714285714286,1,27381.65142857143,27455.36857142857,27381.65142857143,27455.36857142857,
BTCUSDT,static,اختيار,cycle,2023-10-04 02:45:00+00:00,2023-10-04 03:21:00+00:00,27417.247575428573,27419.676592285716,0.012672807886273868,142.85714285714286,1,27381.65142857143,27455.36857142857,27381.65142857143,27455.36857142857,
BTCUSDT,static,اختيار,cycle,2023-10-04 04:43:00+00:00,2023-10-04 08:03:00+00:00,27417.247575428573,27419.676592285716,0.012672807886273868,142.85714285714286,1,27381.65142857143,27455.36857142857,27381.65142857143,27455.36857142857,
BTCUSDT,static,اختيار,cycle,2023-10-04 00:00:00+00:00,2023-10-04 08:44:00+00:00,27462.104385000002,27493.297902857143,0.16230766762940796,142.70667230421446,1,27426.45,27529.085714285713,27455.36857142857,27529.085714285713,
BTCUSDT,static,اختيار,cycle,2023-10-04 00:00:00+00:00,2023-10-04 09:47:00+00:00,27462.104385000002,27566.919213428573,0.5439173343340279,142.32453363611268,1,27426.45,27602.80285714286,27529.085714285713,27602.80285714286,
BTCUSDT,static,اختيار,cycle,2023-10-04 10:28:00+00:00,2023-10-04 11:43:00+00:00,27564.873525714287,27566.919213428573,0.010615721316498667,142.85714285714286,1,27529.085714285713,27602.80285714286,27529.085714285713,27602.80285714286,
BTCUSDT,static,اختيار,cycle,2023-10-04 14:01:00+00:00,2023-10-04 14:06:00+00:00,27417.247575428573,27419.676592285716,0.012672807886273868,142.85714285714286,1,27381.65142857143,27455.36857142857,27381.65142857143,27455.36857142857,
BTCUSDT,static,اختيار,cycle,2023-10-04 14:24:00+00:00,2023-10-04 15:28:00+00:00,27417.247575428573,27419.676592285716,0.012672807886273868,142.85714285714286,1,27381.65142857143,27455.36857142857,27381.65142857143,27455.36857142857,
BTCUSDT,static,اختيار,cycle,2023-10-04 13:46:00+00:00,2023-10-04 16:35:00+00:00,27491.06055057143,27493.297902857143,0.01164150298220314,142.85714285714286,1,27455.36857142857,27529.085714285713,27455.36857142857,27529.085714285713,
BTCUSDT,static,اختيار,cycle,2023-10-04 13:18:00+00:00,2023-10-04 18:57:00+00:00,27564.873525714287,27566.919213428573,0.010615721316498667,142.85714285714286,1,27529.085714285713,27602.80285714286,27529.085714285713,27602.80285714286,
BTCUSDT,static,اختيار,cycle,2023-10-04 00:00:00+00:00,2023-10-04 19:00:00+00:00,27462.104385000002,27640.540524,0.9234887171395826,141.94443607745424,1,27426.45,27676.52,27602.80285714286,27676.52,
BTCUSDT,static,اختيار,cycle,2023-10-04 19:39:00+00:00,2023-10-04 19:42:00+00:00,27564.873525714287,27566.919213428573,0.010615721316498667,142.85714285714286,1,27529.085714285713,27602.80285714286,27529.085714285713,27602.80285714286,
BTCUSDT,static,اختيار,cycle,2023-10-04 19:38:00+00:00,2023-10-04 20:15:00+00:00,27638.686500857148,27640.540524,0.009595418637363969,142.85714285714286,1,27602.80285714286,27676.52,27602.80285714286,27676.52,
BTCUSDT,static,حكم,cycle,2024-01-23 00:00:00+00:00,2024-01-23 03:02:00+00:00,39619.458426,40024.643091428574,1.4560368412412976,142.1882409938539,1,39568.02,40076.74285714286,39754.16142857143,40076.74285714286,
BTCUSDT,static,حكم,flatten,2024-01-23 08:50:00+00:00,2024-01-23 14:07:00+00:00,39482.841054000004,38592.71256708,-3.2248571428571524,142.85714285714286,1,39431.58,38642.9484,39431.58,39754.16142857143,
BTCUSDT,static,حكم,flatten,2024-01-23 07:42:00+00:00,2024-01-23 14:07:00+00:00,39805.841838428576,38592.71256708,-4.359397240276604,142.85714285714286,1,39754.16142857143,38642.9484,39754.16142857143,40076.74285714286,
BTCUSDT,static,حكم,flatten,2024-01-23 00:00:00+00:00,2024-01-23 14:07:00+00:00,39619.458426,38592.71256708,-3.659927663497019,141.04375462505504,1,39568.02,38642.9484,40076.74285714286,40399.32428571429,
BTCUSDT,static,حكم,flatten,2024-01-23 00:00:00+00:00,2024-01-23 14:07:00+00:00,39619.458426,38592.71256708,-3.6307037911914013,139.9175452969917,1,39568.02,38642.9484,40399.32428571429,40721.90571428571,
BTCUSDT,static,حكم,flatten,2024-01-23 00:00:00+00:00,2024-01-23 14:07:00+00:00,39619.458426,38592.71256708,-3.601942916788823,138.80917866108848,1,39568.02,38642.9484,40721.90571428571,41044.48714285714,
BTCUSDT,static,حكم,flatten,2024-01-23 00:00:00+00:00,2024-01-23 14:07:00+00:00,39619.458426,38592.71256708,-3.573634123754417,137.7182340234939,1,39568.02,38642.9484,41044.48714285714,41367.06857142857,
BTCUSDT,static,حكم,flatten,2024-01-23 00:00:00+00:00,2024-01-23 14:07:00+00:00,39619.458426,38592.71256708,-3.545766836062958,136.64430381268082,1,39568.02,38642.9484,41367.06857142857,41689.65,
BTCUSDT,static,حكم,cycle,2024-04-22 00:34:00+00:00,2024-04-22 01:18:00+00:00,64946.70395485714,64986.08526257143,0.08673596087939707,142.85714285714286,1,64862.38285714285,65070.677142857145,64862.38285714285,65070.677142857145,
BTCUSDT,static,حكم,cycle,2024-04-22 00:00:00+00:00,2024-04-22 01:20:00+00:00,65025.573495000004,65194.108765714285,0.37000486704694124,142.57277702043277,1,64941.15,65278.97142857143,65070.677142857145,65278.97142857143,
BTCUSDT,static,حكم,cycle,2024-04-22 00:00:00+00:00,2024-04-22 01:21:00+00:00,65025.573495000004,65402.132268857145,0.8240649228041523,142.11785112160382,1,64941.15,65487.26571428571,65278.97142857143,65487.26571428571,
BTCUSDT,static,حكم,cycle,2024-04-22 01:30:00+00:00,2024-04-22 01:33:00+00:00,64738.13888657143,64778.06175942857,0.08821201685828584,142.85714285714286,1,64654.08857142857,64862.38285714285,64654.08857142857,64862.38285714285,
BTCUSDT,static,حكم,cycle,2024-04-22 01:38:00+00:00,2024-04-22 01:47:00+00:00,64738.13888657143,64778.06175942857,0.08821201685828584,142.85714285714286,1,64654.08857142857,64862.38285714285,64654.08857142857,64862.38285714285,
BTCUSDT,static,حكم,cycle,2024-04-22 01:52:00+00:00,2024-04-22 02:38:00+00:00,64738.13888657143,64778.06175942857,0.08821201685828584,142.85714285714286,1,64654.08857142857,64862.38285714285,64654.08857142857,64862.38285714285,
BTCUSDT,static,حكم,cycle,2024-04-22 01:30:00+00:00,2024-04-22 03:07:00+00:00,64946.70395485714,64986.08526257143,0.08673596087939707,142.85714285714286,1,64862.38285714285,65070.677142857145,64862.38285714285,65070.677142857145,
BTCUSDT,static,حكم,cycle,2024-04-22 01:29:00+00:00,2024-04-22 03:28:00+00:00,65155.269023142864,65194.108765714285,0.08526935474912638,142.85714285714286,1,65070.677142857145,65278.97142857143,65070.677142857145,65278.97142857143,
BTCUSDT,static,حكم,cycle,2024-04-22 01:29:00+00:00,2024-04-22 03:39:00+00:00,65363.83409142858,65402.132268857145,0.08381210800889151,142.85714285714286,1,65278.97142857143,65487.26571428571,65278.97142857143,65487.26571428571,
BTCUSDT,static,حكم,cycle,2024-04-22 00:00:00+00:00,2024-04-22 03:44:00+00:00,65025.573495000004,65610.155772,1.2752365356265645,141.6658191736557,1,64941.15,65695.56,65487.26571428571,65695.56,
BTCUSDT,static,حكم,cycle,2024-04-29 00:00:00+00:00,2024-04-29 00:07:00+00:00,63089.91040000001,63152.7945,0.14257622614814372,142.85714285714286,1,63008.0,63235.0,63008.0,63235.0,
BTCUSDT,static,حكم,cycle,2024-04-29 02:40:00+00:00,2024-04-29 14:35:00+00:00,62862.615300000005,62926.0896,0.14443473571393167,142.85714285714286,1,62781.0,63008.0,62781.0,63008.0,
BTCUSDT,static,حكم,cycle,2024-04-29 14:39:00+00:00,2024-04-29 15:31:00+00:00,62862.615300000005,62926.0896,0.14443473571393167,142.85714285714286,1,62781.0,63008.0,62781.0,63008.0,
BTCUSDT,static,حكم,cycle,2024-04-29 16:52:00+00:00,2024-04-29 17:04:00+00:00,62862.615300000005,62926.0896,0.14443473571393167,142.85714285714286,1,62781.0,63008.0,62781.0,63008.0,
BTCUSDT,static,حكم,cycle,2024-04-29 18:45:00+00:00,2024-04-29 20:00:00+00:00,62862.615300000005,62926.0896,0.14443473571393167,142.85714285714286,1,62781.0,63008.0,62781.0,63008.0,
BTCUSDT,static,حكم,cycle,2024-04-29 02:35:00+00:00,2024-04-29 22:16:00+00:00,63089.91040000001,63152.7945,0.14257622614814372,142.85714285714286,1,63008.0,63235.0,63008.0,63235.0,
BTCUSDT,static,حكم,cycle,2024-04-29 00:00:00+00:00,2024-04-29 22:29:00+00:00,63200.67420600001,63379.4994,0.4039923505291826,142.59422336183624,1,63118.62,63462.0,63235.0,63462.0,
BTCUSDT,static,حكم,cycle,2024-04-29 00:00:00+00:00,2024-04-29 22:30:00+00:00,63200.67420600001,63606.204300000005,0.9128749577925018,142.0841718553735,1,63118.62,63689.0,63462.0,63689.0,
BTCUSDT,static,حكم,cycle,2024-04-29 00:00:00+00:00,2024-04-29 22:57:00+00:00,63200.67420600001,63832.9092,1.4181300516123916,141.57775619472304,1,63118.62,63916.0,63689.0,63916.0,
BTCUSDT,static,حكم,cycle,2024-04-29 00:00:00+00:00,2024-04-29 23:07:00+00:00,63200.67420600001,64059.6141,1.9197962817268834,141.0749376413686,1,63118.62,64143.0,63916.0,64143.0,
BTCUSDT,static,حكم,cycle,2024-04-30 00:08:00+00:00,2024-04-30 00:23:00+00:00,63771.7957,63832.9092,0.13708018653142498,142.85714285714286,1,63689.0,63916.0,63689.0,63916.0,
BTCUSDT,static,حكم,cycle,2024-04-29 23:42:00+00:00,2024-04-30 00:42:00+00:00,63999.090800000005,64059.6141,0.1352741991721131,142.85714285714286,1,63916.0,64143.0,63916.0,64143.0,
BTCUSDT,static,حكم,cycle,2024-04-29 00:00:00+00:00,2024-04-30 00:47:00+00:00,63200.67420600001,64286.319,2.4179117507533228,140.57567800517148,1,63118.62,64370.0,64143.0,64370.0,
BTCUSDT,static,حكم,cycle,2024-04-30 02:03:00+00:00,2024-04-30 02:04:00+00:00,63089.91040000001,63152.7945,0.14257622614814372,142.85714285714286,1,63008.0,63235.0,63008.0,63235.0,
BTCUSDT,static,حكم,cycle,2024-04-30 02:02:00+00:00,2024-04-30 02:07:00+00:00,63317.205500000004,63379.4994,0.1407310598786769,142.85714285714286,1,63235.0,63462.0,63235.0,63462.0,
BTCUSDT,static,حكم,cycle,2024-04-30 02:01:00+00:00,2024-04-30 02:26:00+00:00,63544.50060000001,63606.204300000005,0.1388990937208728,142.85714285714286,1,63462.0,63689.0,63462.0,63689.0,
BTCUSDT,static,حكم,cycle,2024-04-30 05:35:00+00:00,2024-04-30 06:51:00+00:00,63317.205500000004,63379.4994,0.1407310598786769,142.85714285714286,1,63235.0,63462.0,63235.0,63462.0,
BTCUSDT,static,حكم,flatten,2024-04-30 08:24:00+00:00,2024-04-30 10:01:00+00:00,62862.615300000005,61445.397006,-3.2248571428571564,142.85714285714286,1,62781.0,61525.38,62781.0,63008.0,
BTCUSDT,static,حكم,flatten,2024-04-30 08:12:00+00:00,2024-04-30 10:01:00+00:00,63089.91040000001,61445.397006,-3.7285818444823535,142.85714285714286,1,63008.0,61525.38,63008.0,63235.0,
BTCUSDT,static,حكم,flatten,2024-04-30 07:45:00+00:00,2024-04-30 10:01:00+00:00,63317.205500000004,61445.397006,-4.228690020219373,142.85714285714286,1,63235.0,61525.38,63235.0,63462.0,
BTCUSDT,static,حكم,flatten,2024-04-30 04:45:00+00:00,2024-04-30 10:01:00+00:00,63544.50060000001,61445.397006,-4.725220478396538,142.85714285714286,1,63462.0,61525.38,63462.0,63689.0,
BTCUSDT,static,حكم,flatten,2024-04-30 01:59:00+00:00,2024-04-30 10:01:00+00:00,63771.7957,61445.397006,-5.2182114740603405,142.85714285714286,1,63689.0,61525.38,63689.0,63916.0,
BTCUSDT,static,حكم,flatten,2024-04-30 01:58:00+00:00,2024-04-30 10:01:00+00:00,63999.090800000005,61445.397006,-5.707700718800583,142.85714285714286,1,63916.0,61525.38,63916.0,64143.0,
BTCUSDT,static,حكم,flatten,2024-04-30 01:33:00+00:00,2024-04-30 10:01:00+00:00,64226.38590000001,61445.397006,-6.193725390366635,142.85714285714286,1,64143.0,61525.38,64143.0,64370.0,
BTCUSDT,static,حكم,cycle,2024-06-20 00:00:00+00:00,2024-06-20 01:01:00+00:00,65053.75722914286,65036.28848485714,-0.03841098807752785,142.85714285714286,1,64969.29714285714,65120.94571428571,64969.29714285714,65120.94571428571,
BTCUSDT,static,حكم,cycle,2024-06-20 00:00:00+00:00,2024-06-20 01:29:00+00:00,65058.83668100001,65187.739913142854,0.282777641617362,142.53559673207627,1,64974.37,65272.59428571428,65120.94571428571,65272.59428571428,
BTCUSDT,static,حكم,cycle,2024-06-20 02:05:00+00:00,2024-06-20 02:22:00+00:00,65053.75722914286,65036.28848485714,-0.03841098807752785,142.85714285714286,1,64969.29714285714,65120.94571428571,64969.29714285714,65120.94571428571,
BTCUSDT,static,حكم,cycle,2024-06-20 01:50:00+00:00,2024-06-20 04:50:00+00:00,65205.60294371429,65187.739913142854,-0.03918649341184014,142.85714285714286,1,65120.94571428571,65272.59428571428,65120.94571428571,65272.59428571428,
BTCUSDT,static,حكم,cycle,2024-06-20 00:00:00+00:00,2024-06-20 05:37:00+00:00,65058.83668100001,65339.19134142857,0.613590837223302,142.20444213559244,1,64974.37,65424.24285714285,65272.59428571428,65424.24285714285,
BTCUSDT,static,حكم,cycle,2024-06-20 00:00:00+00:00,2024-06-20 05:56:00+00:00,65058.83668100001,65490.642769714286,0.9428704316339669,141.874822722988,1,64974.37,65575.89142857143,65424.24285714285,65575.89142857143,
BTCUSDT,static,حكم,cycle,2024-06-20 06:51:00+00:00,2024-06-20 07:12:00+00:00,65509.29437285714,65490.642769714286,-0.0407267186952643,142.85714285714286,1,65424.24285714285,65575.89142857143,65424.24285714285,65575.89142857143,
BTCUSDT,static,حكم,cycle,2024-06-20 00:00:00+00:00,2024-06-20 07:17:00+00:00,65058.83668100001,65642.09419799999,1.2706270645108677,141.54672784362128,1,64974.37,65727.54,65575.89142857143,65727.54,
BTCUSDT,static,حكم,cycle,2024-06-20 09:29:00+00:00,2024-06-20 09:31:00+00:00,65661.14008742858,65642.09419799999,-0.04149148852828383,142.85714285714286,1,65575.89142857143,65727.54,65575.89142857143,65727.54,
BTCUSDT,static,حكم,cycle,2024-06-20 13:26:00+00:00,2024-06-20 13:41:00+00:00,65357.44865828571,65339.19134142857,-0.039958395265138384,142.85714285714286,1,65272.59428571428,65424.24285714285,65272.59428571428,65424.24285714285,
BTCUSDT,static,حكم,cycle,2024-06-20 14:21:00+00:00,2024-06-20 14:23:00+00:00,64750.065800000004,64733.385628285716,-0.03684906555948591,142.85714285714286,1,64666.0,64817.64857142857,64666.0,64817.64857142857,
BTCUSDT,static,حكم,cycle,2024-06-20 14:11:00+00:00,2024-06-20 14:27:00+00:00,64901.91151457144,64884.83705657143,-0.03763185396995283,142.85714285714286,1,64817.64857142857,64969.29714285714,64817.64857142857,64969.29714285714,
BTCUSDT,static,حكم,cycle,2024-06-20 14:04:00+00:00,2024-06-20 14:33:00+00:00,65053.75722914286,65036.28848485714,-0.03841098807752785,142.85714285714286,1,64969.29714285714,65120.94571428571,64969.29714285714,65120.94571428571,
BTCUSDT,static,حكم,cycle,2024-06-20 14:47:00+00:00,2024-06-20 14:50:00+00:00,64901.91151457144,64884.83705657143,-0.03763185396995283,142.85714285714286,1,64817.64857142857,64969.29714285714,64817.64857142857,64969.29714285714,
BTCUSDT,static,حكم,cycle,2024-06-20 15:04:00+00:00,2024-06-20 15:14:00+00:00,64901.91151457144,64884.83705657143,-0.03763185396995283,142.85714285714286,1,64817.64857142857,64969.29714285714,64817.64857142857,64969.29714285714,
BTCUSDT,static,حكم,cycle,2024-06-20 15:20:00+00:00,2024-06-20 15:41:00+00:00,64901.91151457144,64884.83705657143,-0.03763185396995283,142.85714285714286,1,64817.64857142857,64969.29714285714,64817.64857142857,64969.29714285714,
BTCUSDT,static,حكم,cycle,2024-06-20 14:34:00+00:00,2024-06-20 15:45:00+00:00,65053.75722914286,65036.28848485714,-0.03841098807752785,142.85714285714286,1,64969.29714285714,65120.94571428571,64969.29714285714,65120.94571428571,
BTCUSDT,static,حكم,cycle,2024-06-20 16:04:00+00:00,2024-06-20 16:12:00+00:00,64750.065800000004,64733.385628285716,-0.03684906555948591,142.85714285714286,1,64666.0,64817.64857142857,64666.0,64817.64857142857,
BTCUSDT,static,حكم,cycle,2024-06-20 16:18:00+00:00,2024-06-20 16:41:00+00:00,64750.065800000004,64733.385628285716,-0.03684906555948591,142.85714285714286,1,64666.0,64817.64857142857,64666.0,64817.64857142857,
BTCUSDT,static,حكم,cycle,2024-06-20 16:00:00+00:00,2024-06-20 17:56:00+00:00,64901.91151457144,64884.83705657143,-0.03763185396995283,142.85714285714286,1,64817.64857142857,64969.29714285714,64817.64857142857,64969.29714285714,
BTCUSDT,static,حكم,cycle,2024-06-20 15:47:00+00:00,2024-06-20 18:21:00+00:00,65053.75722914286,65036.28848485714,-0.03841098807752785,142.85714285714286,1,64969.29714285714,65120.94571428571,64969.29714285714,65120.94571428571,
BTCUSDT,static,حكم,cycle,2024-06-20 19:20:00+00:00,2024-06-20 20:04:00+00:00,65053.75722914286,65036.28848485714,-0.03841098807752785,142.85714285714286,1,64969.29714285714,65120.94571428571,64969.29714285714,65120.94571428571,
BTCUSDT,static,حكم,cycle,2024-06-21 00:18:00+00:00,2024-06-21 00:27:00+00:00,64750.065800000004,64733.385628285716,-0.03684906555948591,142.85714285714286,1,64666.0,64817.64857142857,64666.0,64817.64857142857,
BTCUSDT,static,حكم,cycle,2024-06-21 01:14:00+00:00,2024-06-21 01:23:00+00:00,64750.065800000004,64733.385628285716,-0.03684906555948591,142.85714285714286,1,64666.0,64817.64857142857,64666.0,64817.64857142857,
BTCUSDT,static,حكم,cycle,2024-06-21 00:10:00+00:00,2024-06-21 01:31:00+00:00,64901.91151457144,64884.83705657143,-0.03763185396995283,142.85714285714286,1,64817.64857142857,64969.29714285714,64817.64857142857,64969.29714285714,
BTCUSDT,static,حكم,flatten,2024-06-21 03:32:00+00:00,2024-06-23 23:36:00+00:00,64750.065800000004,63290.295516000006,-3.2248571428571395,142.85714285714286,1,64666.0,63372.68,64666.0,64817.64857142857,
BTCUSDT,static,حكم,flatten,2024-06-21 02:34:00+00:00,2024-06-23 23:36:00+00:00,64901.91151457144,63290.295516000006,-3.5519779259666207,142.85714285714286,1,64817.64857142857,63372.68,64817.64857142857,64969.29714285714,
BTCUSDT,static,حكم,flatten,2024-06-20 23:23:00+00:00,2024-06-23 23:36:00+00:00,65053.75722914286,63290.295516000006,-3.877571606225194,142.85714285714286,1,64969.29714285714,63372.68,64969.29714285714,65120.94571428571,
BTCUSDT,static,حكم,flatten,2024-06-20 14:01:00+00:00,2024-06-23 23:36:00+00:00,65205.60294371429,63290.295516000006,-4.201648852226409,142.85714285714286,1,65120.94571428571,63372.68,65120.94571428571,65272.59428571428,
BTCUSDT,static,حكم,flatten,2024-06-20 13:50:00+00:00,2024-06-23 23:36:00+00:00,65357.44865828571,63290.295516000006,-4.524220233417823,142.85714285714286,1,65272.59428571428,63372.68,65272.59428571428,65424.24285714285,
BTCUSDT,static,حكم,flatten,2024-06-20 13:20:00+00:00,2024-06-23 23:36:00+00:00,65509.29437285714,63290.295516000006,-4.845296221250304,142.85714285714286,1,65424.24285714285,63372.68,65424.24285714285,65575.89142857143,
BTCUSDT,static,حكم,flatten,2024-06-20 13:17:00+00:00,2024-06-23 23:36:00+00:00,65661.14008742858,63290.295516000006,-5.16488719031099,142.85714285714286,1,65575.89142857143,63372.68,65575.89142857143,65727.54,
BTCUSDT,static,حكم,cycle,2025-02-10 00:00:00+00:00,2025-02-10 00:06:00+00:00,96588.15157500001,96824.184714,0.3491400401558099,142.68762662407758,1,96462.75,96950.22,96577.34999999999,96950.22,
BTCUSDT,static,حكم,cycle,2025-02-10 01:44:00+00:00,2025-02-10 01:50:00+00:00,95582.83636200002,95707.028907,0.18585822673602007,142.85714285714286,1,95458.74,95831.61,95458.74,95831.61,
BTCUSDT,static,حكم,cycle,2025-02-10 01:57:00+00:00,2025-02-10 02:44:00+00:00,95582.83636200002,95707.028907,0.18585822673602007,142.85714285714286,1,95458.74,95831.61,95458.74,95831.61,
BTCUSDT,static,حكم,cycle,2025-02-10 01:43:00+00:00,2025-02-10 03:25:00+00:00,95956.191093,96079.414176,0.18368988657739552,142.85714285714286,1,95831.61,96204.48,95831.61,96204.48,
BTCUSDT,static,حكم,cycle,2025-02-10 01:20:00+00:00,2025-02-10 03:31:00+00:00,96329.545824,96451.799445,0.18153835455479267,142.85714285714286,1,96204.48,96577.34999999999,96204.48,96577.34999999999,
BTCUSDT,static,حكم,cycle,2025-02-10 01:05:00+00:00,2025-02-10 03:36:00+00:00,96702.900555,96824.184714,0.17940343598754566,142.85714285714286,1,96577.34999999999,96950.22,96577.34999999999,96950.22,
BTCUSDT,static,حكم,cycle,2025-02-10 00:00:00+00:00,2025-02-10 05:45:00+00:00,96588.15157500001,97196.569983,0.8965107601464857,142.13885081583987,1,96462.75,97323.09,96950.22,97323.09,
BTCUSDT,static,حكم,cycle,2025-02-10 05:59:00+00:00,2025-02-10 07:02:00+00:00,97076.25528600001,97196.569983,0.17728493918982308,142.85714285714286,1,96950.22,97323.09,96950.22,97323.09,
BTCUSDT,static,حكم,cycle,2025-02-10 15:37:00+00:00,2025-02-10 16:11:00+00:00,97076.25528600001,97196.569983,0.17728493918982308,142.85714285714286,1,96950.22,97323.09,96950.22,97323.09,
BTCUSDT,static,حكم,cycle,2025-02-10 16:35:00+00:00,2025-02-10 16:51:00+00:00,97076.25528600001,97196.569983,0.17728493918982308,142.85714285714286,1,96950.22,97323.09,96950.22,97323.09,
BTCUSDT,static,حكم,cycle,2025-02-10 17:11:00+00:00,2025-02-10 17:30:00+00:00,97076.25528600001,97196.569983,0.17728493918982308,142.85714285714286,1,96950.22,97323.09,96950.22,97323.09,
BTCUSDT,static,حكم,cycle,2025-02-11 19:25:00+00:00,2025-02-11 21:01:00+00:00,95209.481631,95334.64363800001,0.18804357276519226,142.85714285714286,1,95085.87,95458.74,95085.87,95458.74,
BTCUSDT,static,حكم,cycle,2025-02-11 18:50:00+00:00,2025-02-11 21:31:00+00:00,95582.83636200002,95707.028907,0.18585822673602007,142.85714285714286,1,95458.74,95831.61,95458.74,95831.61,
BTCUSDT,static,حكم,cycle,2025-02-11 18:07:00+00:00,2025-02-11 21:42:00+00:00,95956.191093,96079.414176,0.18368988657739552,142.85714285714286,1,95831.61,96204.48,95831.61,96204.48,
BTCUSDT,static,حكم,cycle,2025-02-11 22:57:00+00:00,2025-02-11 23:21:00+00:00,95582.83636200002,95707.028907,0.18585822673602007,142.85714285714286,1,95458.74,95831.61,95458.74,95831.61,
BTCUSDT,static,حكم,cycle,2025-02-11 22:35:00+00:00,2025-02-12 01:49:00+00:00,95956.191093,96079.414176,0.18368988657739552,142.85714285714286,1,95831.61,96204.48,95831.61,96204.48,
BTCUSDT,static,حكم,cycle,2025-02-12 02:56:00+00:00,2025-02-12 05:19:00+00:00,95582.83636200002,95707.028907,0.18585822673602007,142.85714285714286,1,95458.74,95831.61,95458.74,95831.61,
BTCUSDT,static,حكم,cycle,2025-02-12 02:47:00+00:00,2025-02-12 08:06:00+00:00,95956.191093,96079.414176,0.18368988657739552,142.85714285714286,1,95831.61,96204.48,95831.61,96204.48,
BTCUSDT,static,حكم,cycle,2025-02-12 13:00:00+00:00,2025-02-12 13:16:00+00:00,95956.191093,96079.414176,0.18368988657739552,142.85714285714286,1,95831.61,96204.48,95831.61,96204.48,
BTCUSDT,static,حكم,cycle,2025-02-11 17:04:00+00:00,2025-02-12 13:23:00+00:00,96329.545824,96451.799445,0.18153835455479267,142.85714285714286,1,96204.48,96577.34999999999,96204.48,96577.34999999999,
BTCUSDT,static,حكم,cycle,2025-02-12 13:35:00+00:00,2025-02-12 13:47:00+00:00,94836.1269,94962.258369,0.1902461255130159,142.85714285714286,1,94713.0,95085.87,94713.0,95085.87,
BTCUSDT,static,حكم,cycle,2025-02-12 13:52:00+00:00,2025-02-12 13:55:00+00:00,94836.1269,94962.258369,0.1902461255130159,142.85714285714286,1,94713.0,95085.87,94713.0,95085.87,
BTCUSDT,static,حكم,cycle,2025-02-12 14:01:00+00:00,2025-02-12 14:04:00+00:00,94836.1269,94962.258369,0.1902461255130159,142.85714285714286,1,94713.0,95085.87,94713.0,95085.87,
BTCUSDT,static,حكم,cycle,2025-02-12 14:20:00+00:00,2025-02-12 14:33:00+00:00,94836.1269,94962.258369,0.1902461255130159,142.85714285714286,1,94713.0,95085.87,94713.0,95085.87,
BTCUSDT,static,حكم,cycle,2025-02-12 13:30:00+00:00,2025-02-12 14:36:00+00:00,95209.481631,95334.64363800001,0.18804357276519226,142.85714285714286,1,95085.87,95458.74,95085.87,95458.74,
BTCUSDT,static,حكم,cycle,2025-02-12 15:11:00+00:00,2025-02-12 15:17:00+00:00,94836.1269,94962.258369,0.1902461255130159,142.85714285714286,1,94713.0,95085.87,94713.0,95085.87,
BTCUSDT,static,حكم,cycle,2025-02-12 15:03:00+00:00,2025-02-12 15:20:00+00:00,95209.481631,95334.64363800001,0.18804357276519226,142.85714285714286,1,95085.87,95458.74,95085.87,95458.74,
BTCUSDT,static,حكم,cycle,2025-02-12 13:30:00+00:00,2025-02-12 15:24:00+00:00,95582.83636200002,95707.028907,0.18585822673602007,142.85714285714286,1,95458.74,95831.61,95458.74,95831.61,
BTCUSDT,static,حكم,cycle,2025-02-12 16:08:00+00:00,2025-02-12 16:41:00+00:00,95582.83636200002,95707.028907,0.18585822673602007,142.85714285714286,1,95458.74,95831.61,95458.74,95831.61,
BTCUSDT,static,حكم,cycle,2025-02-12 13:30:00+00:00,2025-02-12 16:53:00+00:00,95956.191093,96079.414176,0.18368988657739552,142.85714285714286,1,95831.61,96204.48,95831.61,96204.48,
BTCUSDT,static,حكم,cycle,2025-02-12 13:30:00+00:00,2025-02-12 16:55:00+00:00,96329.545824,96451.799445,0.18153835455479267,142.85714285714286,1,96204.48,96577.34999999999,96204.48,96577.34999999999,
BTCUSDT,static,حكم,cycle,2025-02-11 16:27:00+00:00,2025-02-12 16:56:00+00:00,96702.900555,96824.184714,0.17940343598754566,142.85714285714286,1,96577.34999999999,96950.22,96577.34999999999,96950.22,
BTCUSDT,static,حكم,cycle,2025-02-11 13:50:00+00:00,2025-02-12 17:28:00+00:00,97076.25528600001,97196.569983,0.17728493918982308,142.85714285714286,1,96950.22,97323.09,96950.22,97323.09,
BTCUSDT,static,حكم,cycle,2025-02-12 19:08:00+00:00,2025-02-12 19:38:00+00:00,96702.900555,96824.184714,0.17940343598754566,142.85714285714286,1,96577.34999999999,96950.22,96577.34999999999,96950.22,
BTCUSDT,static,حكم,cycle,2025-02-12 18:07:00+00:00,2025-02-12 20:12:00+00:00,97076.25528600001,97196.569983,0.17728493918982308,142.85714285714286,1,96950.22,97323.09,96950.22,97323.09,
BTCUSDT,static,حكم,cycle,2025-02-12 20:55:00+00:00,2025-02-12 21:12:00+00:00,97076.25528600001,97196.569983,0.17728493918982308,142.85714285714286,1,96950.22,97323.09,96950.22,97323.09,
BTCUSDT,static,حكم,cycle,2025-02-13 06:47:00+00:00,2025-02-13 07:08:00+00:00,95956.191093,96079.414176,0.18368988657739552,142.85714285714286,1,95831.61,96204.48,95831.61,96204.48,
BTCUSDT,static,حكم,cycle,2025-02-13 08:48:00+00:00,2025-02-13 09:19:00+00:00,95956.191093,96079.414176,0.18368988657739552,142.85714285714286,1,95831.61,96204.48,95831.61,96204.48,
BTCUSDT,static,حكم,cycle,2025-02-13 11:32:00+00:00,2025-02-13 13:30:00+00:00,95956.191093,96079.414176,0.18368988657739552,142.85714285714286,1,95831.61,96204.48,95831.61,96204.48,
BTCUSDT,static,حكم,cycle,2025-02-13 13:31:00+00:00,2025-02-13 13:34:00+00:00,95956.191093,96079.414176,0.18368988657739552,142.85714285714286,1,95831.61,96204.48,95831.61,96204.48,
BTCUSDT,static,حكم,cycle,2025-02-13 14:36:00+00:00,2025-02-13 14:43:00+00:00,95582.83636200002,95707.028907,0.18585822673602007,142.85714285714286,1,95458.74,95831.61,95458.74,95831.61,
BTCUSDT,static,حكم,cycle,2025-02-13 13:46:00+00:00,2025-02-13 15:17:00+00:00,95956.191093,96079.414176,0.18368988657739552,142.85714285714286,1,95831.61,96204.48,95831.61,96204.48,
BTCUSDT,static,حكم,cycle,2025-02-13 16:26:00+00:00,2025-02-13 17:27:00+00:00,95582.83636200002,95707.028907,0.18585822673602007,142.85714285714286,1,95458.74,95831.61,95458.74,95831.61,
BTCUSDT,static,حكم,cycle,2025-02-13 18:19:00+00:00,2025-02-13 18:39:00+00:00,95582.83636200002,95707.028907,0.18585822673602007,142.85714285714286,1,95458.74,95831.61,95458.74,95831.61,
BTCUSDT,static,حكم,cycle,2025-02-13 18:43:00+00:00,2025-02-13 18:48:00+00:00,95582.83636200002,95707.028907,0.18585822673602007,142.85714285714286,1,95458.74,95831.61,95458.74,95831.61,
BTCUSDT,static,حكم,cycle,2025-02-13 15:55:00+00:00,2025-02-13 19:04:00+00:00,95956.191093,96079.414176,0.18368988657739552,142.85714285714286,1,95831.61,96204.48,95831.61,96204.48,
BTCUSDT,static,حكم,cycle,2025-02-13 19:28:00+00:00,2025-02-13 20:19:00+00:00,95956.191093,96079.414176,0.18368988657739552,142.85714285714286,1,95831.61,96204.48,95831.61,96204.48,
BTCUSDT,static,حكم,cycle,2025-02-13 06:36:00+00:00,2025-02-13 21:32:00+00:00,96329.545824,96451.799445,0.18153835455479267,142.85714285714286,1,96204.48,96577.34999999999,96204.48,96577.34999999999,
BTCUSDT,static,حكم,cycle,2025-02-13 05:07:00+00:00,2025-02-14 00:30:00+00:00,96702.900555,96824.184714,0.17940343598754566,142.85714285714286,1,96577.34999999999,96950.22,96577.34999999999,96950.22,
BTCUSDT,static,حكم,cycle,2025-02-14 00:38:00+00:00,2025-02-14 03:48:00+00:00,96702.900555,96824.184714,0.17940343598754566,142.85714285714286,1,96577.34999999999,96950.22,96577.34999999999,96950.22,
BTCUSDT,static,حكم,cycle,2025-02-14 05:48:00+00:00,2025-02-14 07:11:00+00:00,96702.900555,96824.184714,0.17940343598754566,142.85714285714286,1,96577.34999999999,96950.22,96577.34999999999,96950.22,
BTCUSDT,static,حكم,cycle,2025-02-14 12:46:00+00:00,2025-02-14 13:33:00+00:00,96702.900555,96824.184714,0.17940343598754566,142.85714285714286,1,96577.34999999999,96950.22,96577.34999999999,96950.22,
BTCUSDT,static,حكم,cycle,2025-02-14 14:30:00+00:00,2025-02-14 14:35:00+00:00,96702.900555,96824.184714,0.17940343598754566,142.85714285714286,1,96577.34999999999,96950.22,96577.34999999999,96950.22,
BTCUSDT,static,حكم,cycle,2025-02-13 04:53:00+00:00,2025-02-14 14:47:00+00:00,97076.25528600001,97196.569983,0.17728493918982308,142.85714285714286,1,96950.22,97323.09,96950.22,97323.09,
BTCUSDT,static,حكم,cycle,2025-02-14 15:15:00+00:00,2025-02-14 15:53:00+00:00,96702.900555,96824.184714,0.17940343598754566,142.85714285714286,1,96577.34999999999,96950.22,96577.34999999999,96950.22,
BTCUSDT,static,حكم,cycle,2025-02-14 16:17:00+00:00,2025-02-14 16:55:00+00:00,96702.900555,96824.184714,0.17940343598754566,142.85714285714286,1,96577.34999999999,96950.22,96577.34999999999,96950.22,
BTCUSDT,static,حكم,cycle,2025-02-14 15:09:00+00:00,2025-02-14 16:57:00+00:00,97076.25528600001,97196.569983,0.17728493918982308,142.85714285714286,1,96950.22,97323.09,96950.22,97323.09,
BTCUSDT,static,حكم,cycle,2025-02-14 21:08:00+00:00,2025-02-14 21:37:00+00:00,97076.25528600001,97196.569983,0.17728493918982308,142.85714285714286,1,96950.22,97323.09,96950.22,97323.09,
BTCUSDT,static,حكم,cycle,2025-02-14 22:55:00+00:00,2025-02-14 23:23:00+00:00,97076.25528600001,97196.569983,0.17728493918982308,142.85714285714286,1,96950.22,97323.09,96950.22,97323.09,
BTCUSDT,static,حكم,cycle,2025-02-16 23:27:00+00:00,2025-02-17 02:04:00+00:00,96329.545824,96451.799445,0.18153835455479267,142.85714285714286,1,96204.48,96577.34999999999,96204.48,96577.34999999999,
BTCUSDT,static,حكم,cycle,2025-02-17 05:03:00+00:00,2025-02-17 05:10:00+00:00,95956.191093,96079.414176,0.18368988657739552,142.85714285714286,1,95831.61,96204.48,95831.61,96204.48,
BTCUSDT,static,حكم,cycle,2025-02-17 02:53:00+00:00,2025-02-17 14:07:00+00:00,96329.545824,96451.799445,0.18153835455479267,142.85714285714286,1,96204.48,96577.34999999999,96204.48,96577.34999999999,
BTCUSDT,static,حكم,cycle,2025-02-16 22:35:00+00:00,2025-02-17 14:14:00+00:00,96702.900555,96824.184714,0.17940343598754566,142.85714285714286,1,96577.34999999999,96950.22,96577.34999999999,96950.22,
BTCUSDT,static,حكم,cycle,2025-02-17 16:37:00+00:00,2025-02-17 20:25:00+00:00,95582.83636200002,95707.028907,0.18585822673602007,142.85714285714286,1,95458.74,95831.61,95458.74,95831.61,
BTCUSDT,static,حكم,cycle,2025-02-17 15:47:00+00:00,2025-02-17 20:48:00+00:00,95956.191093,96079.414176,0.18368988657739552,142.85714285714286,1,95831.61,96204.48,95831.61,96204.48,
BTCUSDT,static,حكم,cycle,2025-02-17 22:54:00+00:00,2025-02-18 01:49:00+00:00,95956.191093,96079.414176,0.18368988657739552,142.85714285714286,1,95831.61,96204.48,95831.61,96204.48,
BTCUSDT,static,حكم,cycle,2025-02-18 08:48:00+00:00,2025-02-18 09:15:00+00:00,95209.481631,95334.64363800001,0.18804357276519226,142.85714285714286,1,95085.87,95458.74,95085.87,95458.74,
BTCUSDT,static,حكم,cycle,2025-02-18 06:04:00+00:00,2025-02-18 10:04:00+00:00,95582.83636200002,95707.028907,0.18585822673602007,142.85714285714286,1,95458.74,95831.61,95458.74,95831.61,
BTCUSDT,static,حكم,cycle,2025-02-18 05:20:00+00:00,2025-02-18 12:35:00+00:00,95956.191093,96079.414176,0.18368988657739552,142.85714285714286,1,95831.61,96204.48,95831.61,96204.48,
BTCUSDT,static,حكم,cycle,2025-02-17 15:31:00+00:00,2025-02-18 14:24:00+00:00,96329.545824,96451.799445,0.18153835455479267,142.85714285714286,1,96204.48,96577.34999999999,96204.48,96577.34999999999,
BTCUSDT,static,حكم,cycle,2025-02-18 16:43:00+00:00,2025-02-18 21:08:00+00:00,94836.1269,94962.258369,0.1902461255130159,142.85714285714286,1,94713.0,95085.87,94713.0,95085.87,
BTCUSDT,static,حكم,cycle,2025-02-18 21:48:00+00:00,2025-02-18 22:00:00+00:00,94836.1269,94962.258369,0.1902461255130159,142.85714285714286,1,94713.0,95085.87,94713.0,95085.87,
BTCUSDT,static,حكم,cycle,2025-02-18 16:35:00+00:00,2025-02-18 22:31:00+00:00,95209.481631,95334.64363800001,0.18804357276519226,142.85714285714286,1,95085.87,95458.74,95085.87,95458.74,
BTCUSDT,static,حكم,cycle,2025-02-18 14:50:00+00:00,2025-02-19 00:11:00+00:00,95582.83636200002,95707.028907,0.18585822673602007,142.85714285714286,1,95458.74,95831.61,95458.74,95831.61,
BTCUSDT,static,حكم,cycle,2025-02-19 01:18:00+00:00,2025-02-19 01:58:00+00:00,95209.481631,95334.64363800001,0.18804357276519226,142.85714285714286,1,95085.87,95458.74,95085.87,95458.74,
BTCUSDT,static,حكم,cycle,2025-02-19 00:28:00+00:00,2025-02-19 02:49:00+00:00,95582.83636200002,95707.028907,0.18585822673602007,142.85714285714286,1,95458.74,95831.61,95458.74,95831.61,
BTCUSDT,static,حكم,cycle,2025-02-19 05:19:00+00:00,2025-02-19 06:49:00+00:00,95209.481631,95334.64363800001,0.18804357276519226,142.85714285714286,1,95085.87,95458.74,95085.87,95458.74,
BTCUSDT,static,حكم,cycle,2025-02-19 04:39:00+00:00,2025-02-19 07:49:00+00:00,95582.83636200002,95707.028907,0.18585822673602007,142.85714285714286,1,95458.74,95831.61,95458.74,95831.61,
BTCUSDT,static,حكم,cycle,2025-02-18 14:41:00+00:00,2025-02-19 10:01:00+00:00,95956.191093,96079.414176,0.18368988657739552,142.85714285714286,1,95831.61,96204.48,95831.61,96204.48,
BTCUSDT,static,حكم,cycle,2025-02-18 14:35:00+00:00,2025-02-19 14:32:00+00:00,96329.545824,96451.799445,0.18153835455479267,142.85714285714286,1,96204.48,96577.34999999999,96204.48,96577.34999999999,
BTCUSDT,static,حكم,cycle,2025-02-19 14:57:00+00:00,2025-02-19 15:31:00+00:00,95956.191093,96079.414176,0.18368988657739552,142.85714285714286,1,95831.61,96204.48,95831.61,96204.48,
BTCUSDT,static,حكم,cycle,2025-02-19 19:11:00+00:00,2025-02-19 19:14:00+00:00,95582.83636200002,95707.028907,0.18585822673602007,142.85714285714286,1,95458.74,95831.61,95458.74,95831.61,
BTCUSDT,static,حكم,cycle,2025-02-19 18:50:00+00:00,2025-02-19 19:22:00+00:00,95956.191093,96079.414176,0.18368988657739552,142.85714285714286,1,95831.61,96204.48,95831.61,96204.48,
BTCUSDT,static,حكم,cycle,2025-02-19 14:42:00+00:00,2025-02-19 22:23:00+00:00,96329.545824,96451.799445,0.18153835455479267,142.85714285714286,1,96204.48,96577.34999999999,96204.48,96577.34999999999,
BTCUSDT,static,حكم,cycle,2025-02-17 14:28:00+00:00,2025-02-20 01:03:00+00:00,96702.900555,96824.184714,0.17940343598754566,142.85714285714286,1,96577.34999999999,96950.22,96577.34999999999,96950.22,
BTCUSDT,static,حكم,cycle,2025-02-16 13:43:00+00:00,2025-02-20 03:04:00+00:00,97076.25528600001,97196.569983,0.17728493918982308,142.85714285714286,1,96950.22,97323.09,96950.22,97323.09,
BTCUSDT,static,حكم,cycle,2025-02-20 05:53:00+00:00,2025-02-20 10:55:00+00:00,97076.25528600001,97196.569983,0.17728493918982308,142.85714285714286,1,96950.22,97323.09,96950.22,97323.09,
BTCUSDT,static,حكم,cycle,2025-02-20 14:57:00+00:00,2025-02-20 15:44:00+00:00,97076.25528600001,97196.569983,0.17728493918982308,142.85714285714286,1,96950.22,97323.09,96950.22,97323.09,
BTCUSDT,static,حكم,cycle,2025-02-20 15:51:00+00:00,2025-02-20 16:10:00+00:00,97076.25528600001,97196.569983,0.17728493918982308,142.85714285714286,1,96950.22,97323.09,96950.22,97323.09,
BTCUSDT,static,حكم,cycle,2025-08-26 00:44:00+00:00,2025-08-26 01:49:00+00:00,109416.15633000001,109758.82493657143,0.4479804279479853,142.85714285714286,1,109274.1,109901.69714285714,109274.1,109901.69714285714,
BTCUSDT,static,حكم,cycle,2025-08-26 00:01:00+00:00,2025-08-26 07:36:00+00:00,110044.56934914287,110385.60620314287,0.44330116675178005,142.85714285714286,1,109901.69714285714,110529.29428571429,109901.69714285714,110529.29428571429,
BTCUSDT,static,حكم,cycle,2025-08-26 11:16:00+00:00,2025-08-26 12:41:00+00:00,110044.56934914287,110385.60620314287,0.44330116675178005,142.85714285714286,1,109901.69714285714,110529.29428571429,109901.69714285714,110529.29428571429,
BTCUSDT,static,حكم,cycle,2025-08-26 12:54:00+00:00,2025-08-26 14:26:00+00:00,110044.56934914287,110385.60620314287,0.44330116675178005,142.85714285714286,1,109901.69714285714,110529.29428571429,109901.69714285714,110529.29428571429,
BTCUSDT,static,حكم,cycle,2025-08-26 15:32:00+00:00,2025-08-26 18:35:00+00:00,110044.56934914287,110385.60620314287,0.44330116675178005,142.85714285714286,1,109901.69714285714,110529.29428571429,109901.69714285714,110529.29428571429,
BTCUSDT,static,حكم,cycle,2025-08-26 00:00:00+00:00,2025-08-26 19:57:00+00:00,110255.125574,111012.38746971429,0.9787475032337051,142.317771580814,1,110111.98,111156.89142857143,110529.29428571429,111156.89142857143,
BTCUSDT,static,حكم,cycle,2025-08-26 00:00:00+00:00,2025-08-26 22:06:00+00:00,110255.125574,111639.16873628572,1.7787511796527316,141.51423861336585,1,110111.98,111784.48857142858,111156.89142857143,111784.48857142858,
BTCUSDT,static,حكم,cycle,2025-08-27 08:32:00+00:00,2025-08-27 10:17:00+00:00,110672.98236828572,111012.38746971429,0.4386750442456265,142.85714285714286,1,110529.29428571429,111156.89142857143,110529.29428571429,111156.89142857143,
BTCUSDT,static,حكم,cycle,2025-08-27 01:40:00+00:00,2025-08-27 13:42:00+00:00,111301.39538742858,111639.16873628572,0.43410116035879914,142.85714285714286,1,111156.89142857143,111784.48857142858,111156.89142857143,111784.48857142858,
BTCUSDT,static,حكم,cycle,2025-08-26 00:00:00+00:00,2025-08-27 14:30:00+00:00,110255.125574,112265.95000285715,2.5697718562296106,140.71972827510362,1,110111.98,112412.08571428571,111784.48857142858,112412.08571428571,
BTCUSDT,static,حكم,cycle,2025-08-27 14:45:00+00:00,2025-08-27 17:37:00+00:00,111929.80840657145,112265.95000285715,0.4295786352337244,142.85714285714286,1,111784.48857142858,112412.08571428571,111784.48857142858,112412.08571428571,
BTCUSDT,static,حكم,cycle,2025-08-27 20:21:00+00:00,2025-08-27 20:24:00+00:00,111301.39538742858,111639.16873628572,0.43410116035879914,142.85714285714286,1,111156.89142857143,111784.48857142858,111156.89142857143,111784.48857142858,
BTCUSDT,static,حكم,cycle,2025-08-27 19:07:00+00:00,2025-08-27 20:59:00+00:00,111929.80840657145,112265.95000285715,0.4295786352337244,142.85714285714286,1,111784.48857142858,112412.08571428571,111784.48857142858,112412.08571428571,
BTCUSDT,static,حكم,cycle,2025-08-27 22:05:00+00:00,2025-08-28 03:08:00+00:00,111301.39538742858,111639.16873628572,0.43410116035879914,142.85714285714286,1,111156.89142857143,111784.48857142858,111156.89142857143,111784.48857142858,
BTCUSDT,static,حكم,cycle,2025-08-27 21:23:00+00:00,2025-08-28 04:37:00+00:00,111929.80840657145,112265.95000285715,0.4295786352337244,142.85714285714286,1,111784.48857142858,112412.08571428571,111784.48857142858,112412.08571428571,
BTCUSDT,static,حكم,cycle,2025-08-26 00:00:00+00:00,2025-08-28 04:50:00+00:00,110255.125574,112892.73126942858,3.351959989340971,139.93408944589842,1,110111.98,113039.68285714286,112412.08571428571,113039.68285714286,
BTCUSDT,static,حكم,cycle,2025-08-28 15:49:00+00:00,2025-08-28 16:16:00+00:00,112558.22142571429,112892.73126942858,0.4251066086619154,142.85714285714286,1,112412.08571428571,113039.68285714286,112412.08571428571,113039.68285714286,
BTCUSDT,static,حكم,cycle,2025-08-29 07:58:00+00:00,2025-08-29 12:30:00+00:00,110044.56934914287,110385.60620314287,0.44330116675178005,142.85714285714286,1,109901.69714285714,110529.29428571429,109901.69714285714,110529.29428571429,
BTCUSDT,static,حكم,cycle,2025-08-29 07:16:00+00:00,2025-08-29 12:30:00+00:00,110672.98236828572,111012.38746971429,0.4386750442456265,142.85714285714286,1,110529.29428571429,111156.89142857143,110529.29428571429,111156.89142857143,
BTCUSDT,static,حكم,cycle,2025-08-29 13:45:00+00:00,2025-09-01 09:33:00+00:00,109416.15633000001,109758.82493657143,0.4479804279479853,142.85714285714286,1,109274.1,109901.69714285714,109274.1,109901.69714285714,
BTCUSDT,static,حكم,cycle,2025-09-01 10:08:00+00:00,2025-09-02 02:51:00+00:00,109416.15633000001,109758.82493657143,0.4479804279479853,142.85714285714286,1,109274.1,109901.69714285714,109274.1,109901.69714285714,
BTCUSDT,static,حكم,cycle,2025-08-29 13:39:00+00:00,2025-09-02 03:16:00+00:00,110044.56934914287,110385.60620314287,0.44330116675178005,142.85714285714286,1,109901.69714285714,110529.29428571429,109901.69714285714,110529.29428571429,
BTCUSDT,static,حكم,cycle,2025-09-02 12:38:00+00:00,2025-09-02 13:36:00+00:00,109416.15633000001,109758.82493657143,0.4479804279479853,142.85714285714286,1,109274.1,109901.69714285714,109274.1,109901.69714285714,
BTCUSDT,static,حكم,cycle,2025-09-02 11:21:00+00:00,2025-09-02 13:43:00+00:00,110044.56934914287,110385.60620314287,0.44330116675178005,142.85714285714286,1,109901.69714285714,110529.29428571429,109901.69714285714,110529.29428571429,
BTCUSDT,static,حكم,cycle,2025-08-29 12:35:00+00:00,2025-09-02 13:50:00+00:00,110672.98236828572,111012.38746971429,0.4386750442456265,142.85714285714286,1,110529.29428571429,111156.89142857143,110529.29428571429,111156.89142857143,
BTCUSDT,static,حكم,cycle,2025-09-02 16:29:00+00:00,2025-09-02 20:14:00+00:00,110672.98236828572,111012.38746971429,0.4386750442456265,142.85714285714286,1,110529.29428571429,111156.89142857143,110529.29428571429,111156.89142857143,
BTCUSDT,static,حكم,cycle,2025-09-03 07:22:00+00:00,2025-09-03 08:01:00+00:00,110672.98236828572,111012.38746971429,0.4386750442456265,142.85714285714286,1,110529.29428571429,111156.89142857143,110529.29428571429,111156.89142857143,
BTCUSDT,static,حكم,cycle,2025-08-29 05:44:00+00:00,2025-09-03 12:37:00+00:00,111301.39538742858,111639.16873628572,0.43410116035879914,142.85714285714286,1,111156.89142857143,111784.48857142858,111156.89142857143,111784.48857142858,
BTCUSDT,static,حكم,cycle,2025-09-03 12:50:00+00:00,2025-09-03 13:46:00+00:00,111301.39538742858,111639.16873628572,0.43410116035879914,142.85714285714286,1,111156.89142857143,111784.48857142858,111156.89142857143,111784.48857142858,
BTCUSDT,static,حكم,cycle,2025-09-03 14:16:00+00:00,2025-09-03 14:31:00+00:00,111301.39538742858,111639.16873628572,0.43410116035879914,142.85714285714286,1,111156.89142857143,111784.48857142858,111156.89142857143,111784.48857142858,
BTCUSDT,static,حكم,cycle,2025-08-29 01:18:00+00:00,2025-09-03 14:42:00+00:00,111929.80840657145,112265.95000285715,0.4295786352337244,142.85714285714286,1,111784.48857142858,112412.08571428571,111784.48857142858,112412.08571428571,
BTCUSDT,static,حكم,cycle,2025-09-03 16:44:00+00:00,2025-09-03 17:15:00+00:00,111929.80840657145,112265.95000285715,0.4295786352337244,142.85714285714286,1,111784.48857142858,112412.08571428571,111784.48857142858,112412.08571428571,
BTCUSDT,static,حكم,cycle,2025-09-04 14:05:00+00:00,2025-09-04 21:52:00+00:00,110044.56934914287,110385.60620314287,0.44330116675178005,142.85714285714286,1,109901.69714285714,110529.29428571429,109901.69714285714,110529.29428571429,
BTCUSDT,static,حكم,cycle,2025-09-04 06:21:00+00:00,2025-09-04 22:56:00+00:00,110672.98236828572,111012.38746971429,0.4386750442456265,142.85714285714286,1,110529.29428571429,111156.89142857143,110529.29428571429,111156.89142857143,
BTCUSDT,static,حكم,cycle,2025-09-05 00:55:00+00:00,2025-09-05 02:01:00+00:00,110672.98236828572,111012.38746971429,0.4386750442456265,142.85714285714286,1,110529.29428571429,111156.89142857143,110529.29428571429,111156.89142857143,
BTCUSDT,static,حكم,cycle,2025-09-04 03:51:00+00:00,2025-09-05 06:55:00+00:00,111301.39538742858,111639.16873628572,0.43410116035879914,142.85714285714286,1,111156.89142857143,111784.48857142858,111156.89142857143,111784.48857142858,
BTCUSDT,static,حكم,cycle,2025-09-03 19:16:00+00:00,2025-09-05 07:11:00+00:00,111929.80840657145,112265.95000285715,0.4295786352337244,142.85714285714286,1,111784.48857142858,112412.08571428571,111784.48857142858,112412.08571428571,
BTCUSDT,static,حكم,cycle,2025-08-28 16:59:00+00:00,2025-09-05 12:30:00+00:00,112558.22142571429,112892.73126942858,0.4251066086619154,142.85714285714286,1,112412.08571428571,113039.68285714286,112412.08571428571,113039.68285714286,
BTCUSDT,static,حكم,cycle,2025-09-05 12:31:00+00:00,2025-09-05 12:32:00+00:00,112558.22142571429,112892.73126942858,0.4251066086619154,142.85714285714286,1,112412.08571428571,113039.68285714286,112412.08571428571,113039.68285714286,
BTCUSDT,static,حكم,cycle,2025-09-05 12:42:00+00:00,2025-09-05 12:54:00+00:00,112558.22142571429,112892.73126942858,0.4251066086619154,142.85714285714286,1,112412.08571428571,113039.68285714286,112412.08571428571,113039.68285714286,
BTCUSDT,static,حكم,cycle,2025-09-05 14:50:00+00:00,2025-09-05 18:32:00+00:00,110672.98236828572,111012.38746971429,0.4386750442456265,142.85714285714286,1,110529.29428571429,111156.89142857143,110529.29428571429,111156.89142857143,
BTCUSDT,static,حكم,cycle,2025-09-05 21:16:00+00:00,2025-09-05 21:18:00+00:00,110672.98236828572,111012.38746971429,0.4386750442456265,142.85714285714286,1,110529.29428571429,111156.89142857143,110529.29428571429,111156.89142857143,
BTCUSDT,static,حكم,cycle,2025-09-05 22:04:00+00:00,2025-09-06 02:58:00+00:00,110672.98236828572,111012.38746971429,0.4386750442456265,142.85714285714286,1,110529.29428571429,111156.89142857143,110529.29428571429,111156.89142857143,
BTCUSDT,static,حكم,cycle,2025-09-06 15:47:00+00:00,2025-09-07 08:22:00+00:00,110672.98236828572,111012.38746971429,0.4386750442456265,142.85714285714286,1,110529.29428571429,111156.89142857143,110529.29428571429,111156.89142857143,
BTCUSDT,static,حكم,cycle,2025-09-05 14:19:00+00:00,2025-09-08 08:40:00+00:00,111301.39538742858,111639.16873628572,0.43410116035879914,142.85714285714286,1,111156.89142857143,111784.48857142858,111156.89142857143,111784.48857142858,
BTCUSDT,static,حكم,cycle,2025-09-05 14:17:00+00:00,2025-09-08 14:33:00+00:00,111929.80840657145,112265.95000285715,0.4295786352337244,142.85714285714286,1,111784.48857142858,112412.08571428571,111784.48857142858,112412.08571428571,
BTCUSDT,static,حكم,cycle,2025-09-09 02:23:00+00:00,2025-09-09 04:15:00+00:00,111301.39538742858,111639.16873628572,0.43410116035879914,142.85714285714286,1,111156.89142857143,111784.48857142858,111156.89142857143,111784.48857142858,
BTCUSDT,static,حكم,cycle,2025-09-09 00:23:00+00:00,2025-09-09 06:04:00+00:00,111929.80840657145,112265.95000285715,0.4295786352337244,142.85714285714286,1,111784.48857142858,112412.08571428571,111784.48857142858,112412.08571428571,
BTCUSDT,static,حكم,cycle,2025-09-05 14:11:00+00:00,2025-09-09 06:47:00+00:00,112558.22142571429,112892.73126942858,0.4251066086619154,142.85714285714286,1,112412.08571428571,113039.68285714286,112412.08571428571,113039.68285714286,
BTCUSDT,static,حكم,cycle,2025-09-09 15:31:00+00:00,2025-09-10 06:29:00+00:00,111301.39538742858,111639.16873628572,0.43410116035879914,142.85714285714286,1,111156.89142857143,111784.48857142858,111156.89142857143,111784.48857142858,
BTCUSDT,static,حكم,cycle,2025-09-09 14:34:00+00:00,2025-09-10 07:50:00+00:00,111929.80840657145,112265.95000285715,0.4295786352337244,142.85714285714286,1,111784.48857142858,112412.08571428571,111784.48857142858,112412.08571428571,
BTCUSDT,static,حكم,cycle,2025-09-09 11:59:00+00:00,2025-09-10 12:30:00+00:00,112558.22142571429,112892.73126942858,0.4251066086619154,142.85714285714286,1,112412.08571428571,113039.68285714286,112412.08571428571,113039.68285714286,
BTCUSDT,static,حكم,cycle,2025-08-26 00:00:00+00:00,2025-09-10 13:00:00+00:00,110255.125574,113519.51253600001,4.125462694023841,139.15717436170138,1,110111.98,113667.28,113039.68285714286,113667.28,
BTCUSDT,static,حكم,cycle,2025-09-27 01:44:00+00:00,2025-09-27 03:32:00+00:00,109482.18205200002,109437.57596100001,-0.058279644989035706,142.85714285714286,1,109340.04000000001,109580.03,109340.04000000001,109580.03,
BTCUSDT,static,حكم,cycle,2025-09-27 09:27:00+00:00,2025-09-27 09:48:00+00:00,109241.880065,109197.89794800001,-0.0575908037753188,142.85714285714286,1,109100.05,109340.04000000001,109100.05,109340.04000000001,
BTCUSDT,static,حكم,cycle,2025-09-27 07:47:00+00:00,2025-09-27 22:14:00+00:00,109482.18205200002,109437.57596100001,-0.058279644989035706,142.85714285714286,1,109340.04000000001,109580.03,109340.04000000001,109580.03,
BTCUSDT,static,حكم,cycle,2025-09-28 01:51:00+00:00,2025-09-28 08:03:00+00:00,109482.18205200002,109437.57596100001,-0.058279644989035706,142.85714285714286,1,109340.04000000001,109580.03,109340.04000000001,109580.03,
BTCUSDT,static,حكم,cycle,2025-09-28 09:16:00+00:00,2025-09-28 13:39:00+00:00,109482.18205200002,109437.57596100001,-0.058279644989035706,142.85714285714286,1,109340.04000000001,109580.03,109340.04000000001,109580.03,
BTCUSDT,static,حكم,cycle,2025-09-27 00:03:00+00:00,2025-09-28 14:51:00+00:00,109722.484039,109677.253974,-0.05896546895581522,142.85714285714286,1,109580.03,109820.02,109580.03,109820.02,
BTCUSDT,static,حكم,cycle,2025-09-27 00:00:00+00:00,2025-09-28 16:00:00+00:00,109785.99649800002,109916.931987,0.17032477190534281,142.62746836661864,1,109643.46,110060.01,109820.02,110060.01,
BTCUSDT,static,حكم,cycle,2025-09-27 00:00:00+00:00,2025-09-28 16:07:00+00:00,109785.99649800002,110156.61,0.4810537996498175,142.31646379617294,1,109643.46,110300.0,110060.01,110300.0,
BTCUSDT,static,حكم,cycle,2025-09-28 16:18:00+00:00,2025-09-28 17:04:00+00:00,110203.088013,110156.61,-0.06032814409936117,142.85714285714286,1,110060.01,110300.0,110060.01,110300.0,
BTCUSDT,static,حكم,cycle,2025-10-17 00:01:00+00:00,2025-10-17 00:40:00+00:00,108218.27968357144,108587.21001857144,0.48765189540415943,142.85714285714286,1,108077.77857142857,108728.55714285714,108077.77857142857,108728.55714285714,
BTCUSDT,static,حكم,flatten,2025-10-17 06:36:00+00:00,2025-10-17 08:03:00+00:00,107566.6551,105141.598002,-3.2248571428571493,142.85714285714286,1,107427.0,105278.45999999999,107427.0,108077.77857142857,
BTCUSDT,static,حكم,flatten,2025-10-17 06:19:00+00:00,2025-10-17 08:03:00+00:00,108218.27968357144,105141.598002,-4.066756000353239,142.85714285714286,1,108077.77857142857,105278.45999999999,108077.77857142857,108728.55714285714,
BTCUSDT,static,حكم,flatten,2025-10-17 00:00:00+00:00,2025-10-17 08:03:00+00:00,108334.92255100001,105141.598002,-4.195670698419501,142.15514940942708,1,108194.27,105278.45999999999,108728.55714285714,109379.33571428571,
BTCUSDT,static,حكم,flatten,2025-10-17 00:00:00+00:00,2025-10-17 08:03:00+00:00,108334.92255100001,105141.598002,-4.170707550074602,141.30936327944423,1,108194.27,105278.45999999999,109379.33571428571,110030.11428571428,
BTCUSDT,static,حكم,flatten,2025-10-17 00:00:00+00:00,2025-10-17 08:03:00+00:00,108334.92255100001,105141.598002,-4.146039693289177,140.47358203754092,1,108194.27,105278.45999999999,110030.11428571428,110680.89285714286,
BTCUSDT,static,حكم,flatten,2025-10-17 00:00:00+00:00,2025-10-17 08:03:00+00:00,108334.92255100001,105141.598002,-4.121661919320842,139.64762920429226,1,108194.27,105278.45999999999,110680.89285714286,111331.67142857143,
BTCUSDT,static,حكم,flatten,2025-10-17 00:00:00+00:00,2025-10-17 08:03:00+00:00,108334.92255100001,105141.598002,-4.097569141216024,138.83133242664744,1,108194.27,105278.45999999999,111331.67142857143,111982.45,
BTCUSDT,static,حكم,cycle,2026-01-14 06:01:00+00:00,2026-01-14 14:21:00+00:00,95060.60691657144,95591.66336314286,0.799109472216777,142.85714285714286,1,94937.18857142857,95716.09428571428,94937.18857142857,95716.09428571428,
BTCUSDT,static,حكم,cycle,2026-01-14 00:00:00+00:00,2026-01-14 14:47:00+00:00,95538.02818700002,96369.5565,1.241063583783608,142.40624945803265,1,95413.99,96495.0,95716.09428571428,96495.0,
BTCUSDT,static,حكم,cycle,2026-01-15 14:46:00+00:00,2026-01-15 15:58:00+00:00,95840.52520828572,96369.5565,0.7895840232545568,142.85714285714286,1,95716.09428571428,96495.0,95716.09428571428,96495.0,
BTCUSDT,static,حكم,cycle,2026-01-19 00:02:00+00:00,2026-01-19 16:54:00+00:00,92720.85204142857,93257.98395257143,0.8286472949811582,142.85714285714286,1,92600.47142857143,93379.37714285715,92600.47142857143,93379.37714285715,
BTCUSDT,static,حكم,flatten,2026-01-20 06:17:00+00:00,2026-01-20 22:33:00+00:00,91161.01545800001,89105.81845116001,-3.224857142857138,142.85714285714286,1,91042.66,89221.8068,91042.66,91821.56571428572,
BTCUSDT,static,حكم,flatten,2026-01-20 05:00:00+00:00,2026-01-20 22:33:00+00:00,91940.9337497143,89105.81845116001,-4.410907917670456,142.85714285714286,1,91821.56571428572,89221.8068,91821.56571428572,92600.47142857143,
BTCUSDT,static,حكم,flatten,2026-01-19 22:59:00+00:00,2026-01-20 22:33:00+00:00,92720.85204142857,89105.81845116001,-5.577005841020189,142.85714285714286,1,92600.47142857143,89221.8068,92600.47142857143,93379.37714285715,
BTCUSDT,static,حكم,flatten,2026-01-19 00:00:00+00:00,2026-01-20 22:33:00+00:00,93500.77033314286,89105.81845116001,-6.723650211268508,142.85714285714286,1,93379.37714285715,89221.8068,93379.37714285715,94158.28285714285,
BTCUSDT,static,حكم,flatten,2026-01-18 23:46:00+00:00,2026-01-20 22:33:00+00:00,94280.68862485715,89105.81845116001,-7.851323805390949,142.85714285714286,1,94158.28285714285,89221.8068,94158.28285714285,94937.18857142857,
BTCUSDT,static,حكم,flatten,2026-01-16 15:19:00+00:00,2026-01-20 22:33:00+00:00,95060.60691657144,89105.81845116001,-8.960493556719474,142.85714285714286,1,94937.18857142857,89221.8068,94937.18857142857,95716.09428571428,
BTCUSDT,static,حكم,flatten,2026-01-15 19:01:00+00:00,2026-01-20 22:33:00+00:00,95840.52520828572,89105.81845116001,-10.05161119959391,142.85714285714286,1,95716.09428571428,89221.8068,95716.09428571428,96495.0,
BTCUSDT,static,حكم,cycle,2026-04-14 00:11:00+00:00,2026-04-14 07:09:00+00:00,74377.56386957143,74802.63,0.8174867608972157,142.85714285714286,1,74280.99857142857,74900.0,74280.99857142857,74900.0,
BTCUSDT,static,حكم,cycle,2026-04-14 12:24:00+00:00,2026-04-14 13:37:00+00:00,74377.56386957143,74802.63,0.8174867608972157,142.85714285714286,1,74280.99857142857,74900.0,74280.99857142857,74900.0,
BTCUSDT,static,حكم,cycle,2026-04-15 07:17:00+00:00,2026-04-15 12:36:00+00:00,73757.75773914286,74184.43327328571,0.8274775338561875,142.85714285714286,1,73661.99714285714,74280.99857142857,73661.99714285714,74280.99857142857,
BTCUSDT,static,حكم,cycle,2026-04-15 15:31:00+00:00,2026-04-15 18:04:00+00:00,73757.75773914286,74184.43327328571,0.8274775338561875,142.85714285714286,1,73661.99714285714,74280.99857142857,73661.99714285714,74280.99857142857,
BTCUSDT,static,حكم,cycle,2026-04-14 17:35:00+00:00,2026-04-15 19:34:00+00:00,74377.56386957143,74802.63,0.8174867608972157,142.85714285714286,1,74280.99857142857,74900.0,74280.99857142857,74900.0,
BTCUSDT,static,حكم,cycle,2026-04-16 10:49:00+00:00,2026-04-16 13:18:00+00:00,74377.56386957143,74802.63,0.8174867608972157,142.85714285714286,1,74280.99857142857,74900.0,74280.99857142857,74900.0,
BTCUSDT,static,حكم,cycle,2026-04-16 13:54:00+00:00,2026-04-16 15:09:00+00:00,73757.75773914286,74184.43327328571,0.8274775338561875,142.85714285714286,1,73661.99714285714,74280.99857142857,73661.99714285714,74280.99857142857,
BTCUSDT,static,حكم,cycle,2026-04-16 13:52:00+00:00,2026-04-16 16:08:00+00:00,74377.56386957143,74802.63,0.8174867608972157,142.85714285714286,1,74280.99857142857,74900.0,74280.99857142857,74900.0,
BTCUSDT,static,حكم,cycle,2026-04-16 16:35:00+00:00,2026-04-16 18:52:00+00:00,74377.56386957143,74802.63,0.8174867608972157,142.85714285714286,1,74280.99857142857,74900.0,74280.99857142857,74900.0,
DOGEUSDT,static,اختيار,cycle,2022-03-30 01:41:00+00:00,2022-03-30 02:52:00+00:00,0.14058252000000002,0.14143018714285716,0.8625021803593196,142.85714285714286,1,0.1404,0.14161428571428572,0.1404,0.14161428571428572,
DOGEUSDT,static,اختيار,cycle,2022-03-30 01:22:00+00:00,2022-03-30 05:31:00+00:00,0.1417983842857143,0.14264289428571428,0.8519217189548725,142.85714285714286,1,0.14161428571428572,0.14282857142857142,0.14161428571428572,0.14282857142857142,
DOGEUSDT,static,اختيار,cycle,2022-03-30 00:30:00+00:00,2022-03-30 07:18:00+00:00,0.14301424857142858,0.14385560142857143,0.8415211613751215,142.85714285714286,1,0.14282857142857142,0.14404285714285714,0.14282857142857142,0.14404285714285714,
DOGEUSDT,static,اختيار,cycle,2022-03-30 09:33:00+00:00,2022-03-30 10:37:00+00:00,0.14301424857142858,0.14385560142857143,0.8415211613751215,142.85714285714286,1,0.14282857142857142,0.14404285714285714,0.14282857142857142,0.14404285714285714,
DOGEUSDT,static,اختيار,cycle,2022-03-30 00:01:00+00:00,2022-03-30 10:44:00+00:00,0.14423011285714288,0.14506830857142858,0.831295957835664,142.85714285714286,1,0.14404285714285714,0.14525714285714286,0.14404285714285714,0.14525714285714286,
DOGEUSDT,static,اختيار,cycle,2022-03-30 11:15:00+00:00,2022-03-30 11:18:00+00:00,0.14301424857142858,0.14385560142857143,0.8415211613751215,142.85714285714286,1,0.14282857142857142,0.14404285714285714,0.14282857142857142,0.14404285714285714,
DOGEUSDT,static,اختيار,cycle,2022-03-30 14:02:00+00:00,2022-03-30 14:14:00+00:00,0.14058252000000002,0.14143018714285716,0.8625021803593196,142.85714285714286,1,0.1404,0.14161428571428572,0.1404,0.14161428571428572,
DOGEUSDT,static,اختيار,cycle,2022-03-30 13:35:00+00:00,2022-03-30 16:17:00+00:00,0.1417983842857143,0.14264289428571428,0.8519217189548725,142.85714285714286,1,0.14161428571428572,0.14282857142857142,0.14161428571428572,0.14282857142857142,
DOGEUSDT,static,اختيار,cycle,2022-03-30 12:11:00+00:00,2022-03-30 16:47:00+00:00,0.14301424857142858,0.14385560142857143,0.8415211613751215,142.85714285714286,1,0.14282857142857142,0.14404285714285714,0.14282857142857142,0.14404285714285714,
DOGEUSDT,static,اختيار,cycle,2022-03-30 17:20:00+00:00,2022-03-30 17:40:00+00:00,0.14301424857142858,0.14385560142857143,0.8415211613751215,142.85714285714286,1,0.14282857142857142,0.14404285714285714,0.14282857142857142,0.14404285714285714,
DOGEUSDT,static,اختيار,cycle,2022-03-30 19:01:00+00:00,2022-03-30 19:13:00+00:00,0.1417983842857143,0.14264289428571428,0.8519217189548725,142.85714285714286,1,0.14161428571428572,0.14282857142857142,0.14161428571428572,0.14282857142857142,
DOGEUSDT,static,اختيار,cycle,2022-03-30 18:59:00+00:00,2022-03-31 00:50:00+00:00,0.14301424857142858,0.14385560142857143,0.8415211613751215,142.85714285714286,1,0.14282857142857142,0.14404285714285714,0.14282857142857142,0.14404285714285714,
DOGEUSDT,static,اختيار,cycle,2022-03-30 10:55:00+00:00,2022-03-31 01:53:00+00:00,0.14423011285714288,0.14506830857142858,0.831295957835664,142.85714285714286,1,0.14404285714285714,0.14525714285714286,0.14404285714285714,0.14525714285714286,
DOGEUSDT,static,اختيار,cycle,2022-03-31 05:04:00+00:00,2022-03-31 05:23:00+00:00,0.14423011285714288,0.14506830857142858,0.831295957835664,142.85714285714286,1,0.14404285714285714,0.14525714285714286,0.14404285714285714,0.14525714285714286,
DOGEUSDT,static,اختيار,cycle,2022-03-30 00:00:00+00:00,2022-03-31 06:43:00+00:00,0.14458772,0.14628101571428573,1.6653183657412718,142.01416207710466,1,0.1444,0.14647142857142859,0.14525714285714286,0.14647142857142859,
DOGEUSDT,static,اختيار,cycle,2022-03-30 00:00:00+00:00,2022-03-31 08:00:00+00:00,0.14458772,0.14749372285714285,2.8342951888645733,140.8368282453916,1,0.1444,0.14768571428571428,0.14647142857142859,0.14768571428571428,
DOGEUSDT,static,اختيار,cycle,2022-03-31 14:04:00+00:00,2022-03-31 14:13:00+00:00,0.14058252000000002,0.14143018714285716,0.8625021803593196,142.85714285714286,1,0.1404,0.14161428571428572,0.1404,0.14161428571428572,
DOGEUSDT,static,اختيار,cycle,2022-03-31 14:20:00+00:00,2022-03-31 14:45:00+00:00,0.14058252000000002,0.14143018714285716,0.8625021803593196,142.85714285714286,1,0.1404,0.14161428571428572,0.1404,0.14161428571428572,
DOGEUSDT,static,اختيار,flatten,2022-03-31 16:02:00+00:00,2022-03-31 23:45:00+00:00,0.14058252000000002,0.1374131304,-3.22485714285716,142.85714285714286,1,0.1404,0.137592,0.1404,0.14161428571428572,
DOGEUSDT,static,اختيار,flatten,2022-03-31 14:01:00+00:00,2022-03-31 23:45:00+00:00,0.1417983842857143,0.1374131304,-4.42374042743298,142.85714285714286,1,0.14161428571428572,0.137592,0.14161428571428572,0.14282857142857142,
DOGEUSDT,static,اختيار,flatten,2022-03-31 14:00:00+00:00,2022-03-31 23:45:00+00:00,0.14301424857142858,0.1374131304,-5.602238619152413,142.85714285714286,1,0.14282857142857142,0.137592,0.14282857142857142,0.14404285714285714,
DOGEUSDT,static,اختيار,flatten,2022-03-31 13:34:00+00:00,2022-03-31 23:45:00+00:00,0.14423011285714288,0.1374131304,-6.7608672588940575,142.85714285714286,1,0.14404285714285714,0.137592,0.14404285714285714,0.14525714285714286,
DOGEUSDT,static,اختيار,flatten,2022-03-31 11:29:00+00:00,2022-03-31 23:45:00+00:00,0.14544597714285715,0.1374131304,-7.900124648758013,142.85714285714286,1,0.14525714285714286,0.137592,0.14525714285714286,0.14647142857142859,
DOGEUSDT,static,اختيار,flatten,2022-03-31 08:20:00+00:00,2022-03-31 23:45:00+00:00,0.14666184142857144,0.1374131304,-9.020492566635562,142.85714285714286,1,0.14647142857142859,0.137592,0.14647142857142859,0.14768571428571428,
DOGEUSDT,static,اختيار,flatten,2022-03-30 00:00:00+00:00,2022-03-31 23:45:00+00:00,0.14458772,0.1374131304,-6.940017024569553,139.6788547107758,1,0.1444,0.137592,0.14768571428571428,0.1489,
DOGEUSDT,static,اختيار,cycle,2022-08-14 00:10:00+00:00,2022-08-14 00:26:00+00:00,0.07285744885714286,0.07314906814285715,0.5725434596031971,142.85714285714286,1,0.07276285714285714,0.07324428571428572,0.07276285714285714,0.07324428571428572,
DOGEUSDT,static,اختيار,cycle,2022-08-14 00:00:00+00:00,2022-08-14 01:07:00+00:00,0.073014796,0.07362987085714286,1.1996544969726548,142.22464941194826,1,0.07292,0.07372571428571428,0.07324428571428572,0.07372571428571428,
DOGEUSDT,static,اختيار,cycle,2022-08-14 01:32:00+00:00,2022-08-14 01:35:00+00:00,0.07285744885714286,0.07314906814285715,0.5725434596031971,142.85714285714286,1,0.07276285714285714,0.07324428571428572,0.07276285714285714,0.07324428571428572,
DOGEUSDT,static,اختيار,cycle,2022-08-14 01:28:00+00:00,2022-08-14 01:45:00+00:00,0.0733395032857143,0.07362987085714286,0.5663388102993056,142.85714285714286,1,0.07324428571428572,0.07372571428571428,0.07324428571428572,0.07372571428571428,
DOGEUSDT,static,اختيار,cycle,2022-08-14 00:00:00+00:00,2022-08-14 01:57:00+00:00,0.073014796,0.07411067357142857,2.1234645237726055,141.29592311269573,1,0.07292,0.07420714285714286,0.07372571428571428,0.07420714285714286,
DOGEUSDT,static,اختيار,cycle,2022-08-14 02:08:00+00:00,2022-08-14 03:13:00+00:00,0.07382155771428572,0.07411067357142857,0.560215193657668,142.85714285714286,1,0.07372571428571428,0.07420714285714286,0.07372571428571428,0.07420714285714286,
DOGEUSDT,static,اختيار,cycle,2022-08-14 00:00:00+00:00,2022-08-14 04:07:00+00:00,0.073014796,0.07459147628571429,3.035287873162542,140.37924728077775,1,0.07292,0.07468857142857142,0.07420714285714286,0.07468857142857142,
DOGEUSDT,static,اختيار,cycle,2022-08-14 00:00:00+00:00,2022-08-14 04:13:00+00:00,0.073014796,0.075072279,3.9353563367889506,139.47438889101412,1,0.07292,0.07517,0.07468857142857142,0.07517,
DOGEUSDT,static,اختيار,cycle,2022-12-18 01:26:00+00:00,2022-12-18 02:12:00+00:00,0.07845757671428573,0.07882025742857143,0.661234870801116,142.85714285714286,1,0.07835571428571429,0.07892285714285714,0.07835571428571429,0.07892285714285714,
DOGEUSDT,static,اختيار,cycle,2022-12-18 00:07:00+00:00,2022-12-18 04:04:00+00:00,0.07902545685714286,0.07938666300000001,0.6538141093602172,142.85714285714286,1,0.07892285714285714,0.07949,0.07892285714285714,0.07949,
DOGEUSDT,static,اختيار,cycle,2022-12-18 09:32:00+00:00,2022-12-18 12:44:00+00:00,0.07788969657142858,0.07825385185714287,0.6687638391873402,142.85714285714286,1,0.07778857142857143,0.07835571428571429,0.07778857142857143,0.07835571428571429,
DOGEUSDT,static,اختيار,cycle,2022-12-18 14:02:00+00:00,2022-12-18 18:01:00+00:00,0.07788969657142858,0.07825385185714287,0.6687638391873402,142.85714285714286,1,0.07778857142857143,0.07835571428571429,0.07778857142857143,0.07835571428571429,
DOGEUSDT,static,اختيار,cycle,2022-12-18 09:26:00+00:00,2022-12-18 18:03:00+00:00,0.07845757671428573,0.07882025742857143,0.661234870801116,142.85714285714286,1,0.07835571428571429,0.07892285714285714,0.07835571428571429,0.07892285714285714,
DOGEUSDT,static,اختيار,cycle,2022-12-18 09:07:00+00:00,2022-12-18 18:11:00+00:00,0.07902545685714286,0.07938666300000001,0.6538141093602172,142.85714285714286,1,0.07892285714285714,0.07949,0.07892285714285714,0.07949,
DOGEUSDT,static,اختيار,cycle,2022-12-18 18:50:00+00:00,2022-12-18 20:01:00+00:00,0.07845757671428573,0.07882025742857143,0.661234870801116,142.85714285714286,1,0.07835571428571429,0.07892285714285714,0.07835571428571429,0.07892285714285714,
DOGEUSDT,static,اختيار,cycle,2022-12-18 18:21:00+00:00,2022-12-18 23:14:00+00:00,0.07902545685714286,0.07938666300000001,0.6538141093602172,142.85714285714286,1,0.07892285714285714,0.07949,0.07892285714285714,0.07949,
DOGEUSDT,static,اختيار,cycle,2022-12-18 23:55:00+00:00,2022-12-19 00:19:00+00:00,0.07845757671428573,0.07882025742857143,0.661234870801116,142.85714285714286,1,0.07835571428571429,0.07892285714285714,0.07835571428571429,0.07892285714285714,
DOGEUSDT,static,اختيار,cycle,2022-12-18 23:34:00+00:00,2022-12-19 01:27:00+00:00,0.07902545685714286,0.07938666300000001,0.6538141093602172,142.85714285714286,1,0.07892285714285714,0.07949,0.07892285714285714,0.07949,
DOGEUSDT,static,اختيار,cycle,2022-12-19 03:45:00+00:00,2022-12-19 03:46:00+00:00,0.0767539362857143,0.07712104071428573,0.6841560038977139,142.85714285714286,1,0.07665428571428572,0.07722142857142858,0.07665428571428572,0.07722142857142858,
DOGEUSDT,static,اختيار,cycle,2022-12-19 03:42:00+00:00,2022-12-19 04:22:00+00:00,0.07732181642857144,0.07768744628571429,0.6764033986547942,142.85714285714286,1,0.07722142857142858,0.07778857142857143,0.07722142857142858,0.07778857142857143,
DOGEUSDT,static,اختيار,cycle,2022-12-19 14:07:00+00:00,2022-12-19 14:39:00+00:00,0.0767539362857143,0.07712104071428573,0.6841560038977139,142.85714285714286,1,0.07665428571428572,0.07722142857142858,0.07665428571428572,0.07722142857142858,
DOGEUSDT,static,اختيار,cycle,2022-12-19 14:48:00+00:00,2022-12-19 14:59:00+00:00,0.0767539362857143,0.07712104071428573,0.6841560038977139,142.85714285714286,1,0.07665428571428572,0.07722142857142858,0.07665428571428572,0.07722142857142858,
DOGEUSDT,static,اختيار,flatten,2022-12-19 16:23:00+00:00,2022-12-19 18:39:00+00:00,0.07561817600000001,0.07391338752000001,-3.224857142857137,142.85714285714286,1,0.07552,0.07400960000000001,0.07552,0.07608714285714287,
DOGEUSDT,static,اختيار,flatten,2022-12-19 16:01:00+00:00,2022-12-19 18:39:00+00:00,0.07618605614285716,0.07391338752000001,-4.26704084199911,142.85714285714286,1,0.07608714285714287,0.07400960000000001,0.07608714285714287,0.07665428571428572,
DOGEUSDT,static,اختيار,flatten,2022-12-19 15:39:00+00:00,2022-12-19 18:39:00+00:00,0.0767539362857143,0.07391338752000001,-5.29380291049663,142.85714285714286,1,0.07665428571428572,0.07400960000000001,0.07665428571428572,0.07722142857142858,
DOGEUSDT,static,اختيار,flatten,2022-12-19 11:26:00+00:00,2022-12-19 18:39:00+00:00,0.07732181642857144,0.07391338752000001,-6.305483134902287,142.85714285714286,1,0.07722142857142858,0.07400960000000001,0.07722142857142858,0.07778857142857143,
DOGEUSDT,static,اختيار,flatten,2022-12-19 02:36:00+00:00,2022-12-19 18:39:00+00:00,0.07788969657142858,0.07391338752000001,-7.302411392471474,142.85714285714286,1,0.07778857142857143,0.07400960000000001,0.07778857142857143,0.07835571428571429,
DOGEUSDT,static,اختيار,flatten,2022-12-19 02:31:00+00:00,2022-12-19 18:39:00+00:00,0.07845757671428573,0.07391338752000001,-8.284908009782706,142.85714285714286,1,0.07835571428571429,0.07400960000000001,0.07835571428571429,0.07892285714285714,
DOGEUSDT,static,اختيار,flatten,2022-12-19 01:51:00+00:00,2022-12-19 18:39:00+00:00,0.07902545685714286,0.07391338752000001,-9.253284105895181,142.85714285714286,1,0.07892285714285714,0.07400960000000001,0.07892285714285714,0.07949,
DOGEUSDT,static,اختيار,cycle,2023-02-21 00:16:00+00:00,2023-02-21 00:39:00+00:00,0.08834755985714286,0.088634625,0.46478497297270527,142.85714285714286,1,0.08823285714285714,0.08875,0.08823285714285714,0.08875,
DOGEUSDT,static,اختيار,cycle,2023-02-21 01:19:00+00:00,2023-02-21 02:32:00+00:00,0.08834755985714286,0.088634625,0.46478497297270527,142.85714285714286,1,0.08823285714285714,0.08875,0.08823285714285714,0.08875,
DOGEUSDT,static,اختيار,cycle,2023-02-21 04:36:00+00:00,2023-02-21 06:55:00+00:00,0.08782974471428572,0.08811815442857143,0.4697150116215001,142.85714285714286,1,0.08771571428571429,0.08823285714285714,0.08771571428571429,0.08823285714285714,
DOGEUSDT,static,اختيار,cycle,2023-02-21 08:47:00+00:00,2023-02-21 08:53:00+00:00,0.08627629928571429,0.0865687427142857,0.4848601982449106,142.85714285714286,1,0.08616428571428571,0.08668142857142856,0.08616428571428571,0.08668142857142856,
DOGEUSDT,static,اختيار,cycle,2023-02-21 11:49:00+00:00,2023-02-21 12:32:00+00:00,0.08627629928571429,0.0865687427142857,0.4848601982449106,142.85714285714286,1,0.08616428571428571,0.08668142857142856,0.08616428571428571,0.08668142857142856,
DOGEUSDT,static,اختيار,cycle,2023-02-21 13:56:00+00:00,2023-02-21 14:17:00+00:00,0.08575848414285714,0.08605227214285714,0.4900305239104018,142.85714285714286,1,0.08564714285714285,0.08616428571428571,0.08564714285714285,0.08616428571428571,
DOGEUSDT,static,اختيار,cycle,2023-02-21 15:15:00+00:00,2023-02-21 15:28:00+00:00,0.08575848414285714,0.08605227214285714,0.4900305239104018,142.85714285714286,1,0.08564714285714285,0.08616428571428571,0.08564714285714285,0.08616428571428571,
DOGEUSDT,static,اختيار,cycle,2023-02-21 16:18:00+00:00,2023-02-21 17:40:00+00:00,0.08575848414285714,0.08605227214285714,0.4900305239104018,142.85714285714286,1,0.08564714285714285,0.08616428571428571,0.08564714285714285,0.08616428571428571,
DOGEUSDT,static,اختيار,cycle,2023-02-21 13:26:00+00:00,2023-02-21 18:04:00+00:00,0.08627629928571429,0.0865687427142857,0.4848601982449106,142.85714285714286,1,0.08616428571428571,0.08668142857142856,0.08616428571428571,0.08668142857142856,
DOGEUSDT,static,اختيار,cycle,2023-02-21 21:22:00+00:00,2023-02-22 00:15:00+00:00,0.085240669,0.08553580157142857,0.4952636663733798,142.85714285714286,1,0.08513,0.08564714285714285,0.08513,0.08564714285714285,
DOGEUSDT,static,اختيار,cycle,2023-02-22 00:52:00+00:00,2023-02-22 01:00:00+00:00,0.085240669,0.08553580157142857,0.4952636663733798,142.85714285714286,1,0.08513,0.08564714285714285,0.08513,0.08564714285714285,
DOGEUSDT,static,اختيار,flatten,2023-02-22 01:38:00+00:00,2023-02-22 02:06:00+00:00,0.085240669,0.08331894438,-3.2248571428571586,142.85714285714286,1,0.08513,0.0834274,0.08513,0.08564714285714285,
DOGEUSDT,static,اختيار,flatten,2023-02-21 21:16:00+00:00,2023-02-22 02:06:00+00:00,0.08575848414285714,0.08331894438,-4.069087056289332,142.85714285714286,1,0.08564714285714285,0.0834274,0.08564714285714285,0.08616428571428571,
DOGEUSDT,static,اختيار,flatten,2023-02-21 19:42:00+00:00,2023-02-22 02:06:00+00:00,0.08627629928571429,0.08331894438,-4.903183131417211,142.85714285714286,1,0.08616428571428571,0.0834274,0.08616428571428571,0.08668142857142856,
DOGEUSDT,static,اختيار,flatten,2023-02-21 08:46:00+00:00,2023-02-22 02:06:00+00:00,0.08679411442857142,0.08331894438,-5.727326744188778,142.85714285714286,1,0.08668142857142856,0.0834274,0.08668142857142856,0.08719857142857143,
DOGEUSDT,static,اختيار,flatten,2023-02-21 08:41:00+00:00,2023-02-22 02:06:00+00:00,0.08731192957142858,0.08331894438,-6.5416949678542995,142.85714285714286,1,0.08719857142857143,0.0834274,0.08719857142857143,0.08771571428571429,
DOGEUSDT,static,اختيار,flatten,2023-02-21 08:38:00+00:00,2023-02-22 02:06:00+00:00,0.08782974471428572,0.08331894438,-7.346460699802478,142.85714285714286,1,0.08771571428571429,0.0834274,0.08771571428571429,0.08823285714285714,
DOGEUSDT,static,اختيار,flatten,2023-02-21 02:56:00+00:00,2023-02-22 02:06:00+00:00,0.08834755985714286,0.08331894438,-8.14179278393677,142.85714285714286,1,0.08823285714285714,0.0834274,0.08823285714285714,0.08875,
DOGEUSDT,static,اختيار,cycle,2023-07-19 00:05:00+00:00,2023-07-19 00:31:00+00:00,0.06852897200000001,0.068820417,0.6083430742255728,142.85714285714286,1,0.06844,0.06891,0.06844,0.06891,
DOGEUSDT,static,اختيار,cycle,2023-07-19 00:00:00+00:00,2023-07-19 01:56:00+00:00,0.068759271,0.069289806,1.0998507369861283,142.35959947757945,1,0.06867,0.06938,0.06891,0.06938,
DOGEUSDT,static,اختيار,cycle,2023-07-19 09:01:00+00:00,2023-07-19 10:30:00+00:00,0.06852897200000001,0.068820417,0.6083430742255728,142.85714285714286,1,0.06844,0.06891,0.06844,0.06891,
DOGEUSDT,static,اختيار,cycle,2023-07-19 07:47:00+00:00,2023-07-19 11:50:00+00:00,0.068999583,0.069289806,0.6016605510292768,142.85714285714286,1,0.06891,0.06938,0.06891,0.06938,
DOGEUSDT,static,اختيار,cycle,2023-07-19 12:40:00+00:00,2023-07-19 13:45:00+00:00,0.068999583,0.069289806,0.6016605510292768,142.85714285714286,1,0.06891,0.06938,0.06891,0.06938,
DOGEUSDT,static,اختيار,cycle,2023-07-19 14:36:00+00:00,2023-07-19 15:45:00+00:00,0.06852897200000001,0.068820417,0.6083430742255728,142.85714285714286,1,0.06844,0.06891,0.06844,0.06891,
DOGEUSDT,static,اختيار,cycle,2023-07-19 14:09:00+00:00,2023-07-19 15:45:00+00:00,0.068999583,0.069289806,0.6016605510292768,142.85714285714286,1,0.06891,0.06938,0.06891,0.06938,
DOGEUSDT,static,اختيار,cycle,2023-07-19 00:00:00+00:00,2023-07-19 15:45:00+00:00,0.068759271,0.069759195,2.0588971708602712,141.3952147592966,1,0.06867,0.06985,0.06938,0.06985,
DOGEUSDT,static,اختيار,cycle,2023-07-19 00:00:00+00:00,2023-07-19 15:45:00+00:00,0.068759271,0.070228584,3.0050373248798445,140.4438081603436,1,0.06867,0.07032,0.06985,0.07032,
DOGEUSDT,static,اختيار,cycle,2023-07-19 16:12:00+00:00,2023-07-19 17:04:00+00:00,0.069940805,0.070228584,0.5885652929747457,142.85714285714286,1,0.06985,0.07032,0.06985,0.07032,
DOGEUSDT,static,اختيار,cycle,2023-07-19 17:34:00+00:00,2023-07-19 17:53:00+00:00,0.069940805,0.070228584,0.5885652929747457,142.85714285714286,1,0.06985,0.07032,0.06985,0.07032,
DOGEUSDT,static,اختيار,cycle,2023-07-19 17:58:00+00:00,2023-07-19 18:58:00+00:00,0.069940805,0.070228584,0.5885652929747457,142.85714285714286,1,0.06985,0.07032,0.06985,0.07032,
DOGEUSDT,static,اختيار,cycle,2023-07-19 21:02:00+00:00,2023-07-19 21:55:00+00:00,0.069940805,0.070228584,0.5885652929747457,142.85714285714286,1,0.06985,0.07032,0.06985,0.07032,
DOGEUSDT,static,اختيار,cycle,2023-07-20 00:28:00+00:00,2023-07-20 00:47:00+00:00,0.069940805,0.070228584,0.5885652929747457,142.85714285714286,1,0.06985,0.07032,0.06985,0.07032,
DOGEUSDT,static,حكم,cycle,2024-01-08 00:00:00+00:00,2024-01-08 00:49:00+00:00,0.078321686,0.07882311085714286,0.9149921664620301,142.73462163099217,1,0.07822,0.07892571428571428,0.07828714285714285,0.07892571428571428,
DOGEUSDT,static,حكم,cycle,2024-01-08 01:19:00+00:00,2024-01-08 01:21:00+00:00,0.07774951457142858,0.07818536957142856,0.8018821061927089,142.85714285714286,1,0.07764857142857143,0.07828714285714285,0.07764857142857143,0.07828714285714285,
DOGEUSDT,static,حكم,cycle,2024-01-08 02:17:00+00:00,2024-01-08 02:19:00+00:00,0.07711011300000001,0.07754762828571429,0.8116112670233644,142.85714285714286,1,0.07701,0.07764857142857143,0.07701,0.07764857142857143,
DOGEUSDT,static,حكم,flatten,2024-01-08 02:30:00+00:00,2024-01-08 02:53:00+00:00,0.07711011300000001,0.07537168925999999,-3.224857142857185,142.85714285714286,1,0.07701,0.07546979999999999,0.07701,0.07764857142857143,
DOGEUSDT,static,حكم,flatten,2024-01-08 02:16:00+00:00,2024-01-08 02:53:00+00:00,0.07774951457142858,0.07537168925999999,-4.374701606926061,142.85714285714286,1,0.07764857142857143,0.07546979999999999,0.07764857142857143,0.07828714285714285,
DOGEUSDT,static,حكم,flatten,2024-01-08 00:58:00+00:00,2024-01-08 02:53:00+00:00,0.07838891614285713,0.07537168925999999,-5.505788001783082,142.85714285714286,1,0.07828714285714285,0.07546979999999999,0.07828714285714285,0.07892571428571428,
DOGEUSDT,static,حكم,flatten,2024-01-08 00:00:00+00:00,2024-01-08 02:53:00+00:00,0.078321686,0.07537168925999999,-5.339553902403736,141.57978569359977,1,0.07822,0.07546979999999999,0.07892571428571428,0.07956428571428571,
DOGEUSDT,static,حكم,flatten,2024-01-08 00:00:00+00:00,2024-01-08 02:53:00+00:00,0.078321686,0.07537168925999999,-5.296699416464702,140.4434868480115,1,0.07822,0.07546979999999999,0.07956428571428571,0.08020285714285715,
DOGEUSDT,static,حكم,flatten,2024-01-08 00:00:00+00:00,2024-01-08 02:53:00+00:00,0.078321686,0.07537168925999999,-5.254527341384375,139.32528231983184,1,0.07822,0.07546979999999999,0.08020285714285715,0.08084142857142856,
DOGEUSDT,static,حكم,flatten,2024-01-08 00:00:00+00:00,2024-01-08 02:53:00+00:00,0.078321686,0.07537168925999999,-5.213021505946414,138.22474332467442,1,0.07822,0.07546979999999999,0.08084142857142856,0.08148,
DOGEUSDT,static,حكم,cycle,2024-06-09 03:25:00+00:00,2024-06-09 03:37:00+00:00,0.14519994342857143,0.14557764557142858,0.3720910104200165,142.85714285714286,1,0.14501142857142857,0.14576714285714285,0.14501142857142857,0.14576714285714285,
DOGEUSDT,static,حكم,cycle,2024-06-09 02:31:00+00:00,2024-06-09 06:21:00+00:00,0.14595664014285714,0.14633237742857144,0.3682363120380847,142.85714285714286,1,0.14576714285714285,0.14652285714285715,0.14576714285714285,0.14652285714285715,
DOGEUSDT,static,حكم,cycle,2024-06-09 06:48:00+00:00,2024-06-09 12:40:00+00:00,0.14595664014285714,0.14633237742857144,0.3682363120380847,142.85714285714286,1,0.14576714285714285,0.14652285714285715,0.14576714285714285,0.14652285714285715,
DOGEUSDT,static,حكم,cycle,2024-06-09 00:00:00+00:00,2024-06-09 12:50:00+00:00,0.14608967,0.14708710928571428,0.9724853125931346,142.249868377435,1,0.1459,0.14727857142857143,0.14652285714285715,0.14727857142857143,
DOGEUSDT,static,حكم,cycle,2024-06-09 13:32:00+00:00,2024-06-09 14:04:00+00:00,0.14595664014285714,0.14633237742857144,0.3682363120380847,142.85714285714286,1,0.14576714285714285,0.14652285714285715,0.14576714285714285,0.14652285714285715,
DOGEUSDT,static,حكم,cycle,2024-06-09 13:16:00+00:00,2024-06-09 16:16:00+00:00,0.14671333685714288,0.14708710928571428,0.36442137606165304,142.85714285714286,1,0.14652285714285715,0.14727857142857143,0.14652285714285715,0.14727857142857143,
DOGEUSDT,static,حكم,cycle,2024-06-09 00:00:00+00:00,2024-06-09 18:28:00+00:00,0.14608967,0.14784184114285717,1.699569467827894,141.51995732091763,1,0.1459,0.14803428571428573,0.14727857142857143,0.14803428571428573,
DOGEUSDT,static,حكم,cycle,2024-06-09 00:00:00+00:00,2024-06-09 19:05:00+00:00,0.14608967,0.148596573,2.4192301011348767,140.7974986489616,1,0.1459,0.14879,0.14803428571428573,0.14879,
DOGEUSDT,static,حكم,cycle,2024-06-10 07:05:00+00:00,2024-06-10 07:17:00+00:00,0.14368655,0.14406818185714285,0.3799222072104033,142.85714285714286,1,0.1435,0.14425571428571426,0.1435,0.14425571428571426,
DOGEUSDT,static,حكم,cycle,2024-06-10 07:59:00+00:00,2024-06-10 08:12:00+00:00,0.14368655,0.14406818185714285,0.3799222072104033,142.85714285714286,1,0.1435,0.14425571428571426,0.1435,0.14425571428571426,
DOGEUSDT,static,حكم,cycle,2024-06-10 06:34:00+00:00,2024-06-10 08:34:00+00:00,0.1444432467142857,0.1448229137142857,0.3759860961189953,142.85714285714286,1,0.14425571428571426,0.14501142857142857,0.14425571428571426,0.14501142857142857,
DOGEUSDT,static,حكم,cycle,2024-06-10 09:31:00+00:00,2024-06-10 09:41:00+00:00,0.1444432467142857,0.1448229137142857,0.3759860961189953,142.85714285714286,1,0.14425571428571426,0.14501142857142857,0.14425571428571426,0.14501142857142857,
DOGEUSDT,static,حكم,cycle,2024-06-10 13:03:00+00:00,2024-06-10 14:35:00+00:00,0.1444432467142857,0.1448229137142857,0.3759860961189953,142.85714285714286,1,0.14425571428571426,0.14501142857142857,0.14425571428571426,0.14501142857142857,
DOGEUSDT,static,حكم,cycle,2024-06-10 06:17:00+00:00,2024-06-10 15:15:00+00:00,0.14519994342857143,0.14557764557142858,0.3720910104200165,142.85714285714286,1,0.14501142857142857,0.14576714285714285,0.14501142857142857,0.14576714285714285,
DOGEUSDT,static,حكم,cycle,2024-06-10 03:48:00+00:00,2024-06-10 15:36:00+00:00,0.14595664014285714,0.14633237742857144,0.3682363120380847,142.85714285714286,1,0.14576714285714285,0.14652285714285715,0.14576714285714285,0.14652285714285715,
DOGEUSDT,static,حكم,cycle,2024-06-10 00:02:00+00:00,2024-06-10 15:45:00+00:00,0.14671333685714288,0.14708710928571428,0.36442137606165304,142.85714285714286,1,0.14652285714285715,0.14727857142857143,0.14652285714285715,0.14727857142857143,
DOGEUSDT,static,حكم,cycle,2024-06-10 20:12:00+00:00,2024-06-10 20:33:00+00:00,0.14368655,0.14406818185714285,0.3799222072104033,142.85714285714286,1,0.1435,0.14425571428571426,0.1435,0.14425571428571426,
DOGEUSDT,static,حكم,cycle,2024-06-10 21:28:00+00:00,2024-06-10 22:29:00+00:00,0.14368655,0.14406818185714285,0.3799222072104033,142.85714285714286,1,0.1435,0.14425571428571426,0.1435,0.14425571428571426,
DOGEUSDT,static,حكم,cycle,2024-06-10 20:02:00+00:00,2024-06-11 00:17:00+00:00,0.1444432467142857,0.1448229137142857,0.3759860961189953,142.85714285714286,1,0.14425571428571426,0.14501142857142857,0.14425571428571426,0.14501142857142857,
DOGEUSDT,static,حكم,flatten,2024-06-11 01:52:00+00:00,2024-06-11 04:33:00+00:00,0.14368655,0.14044718099999998,-3.2248571428571626,142.85714285714286,1,0.1435,0.14062999999999998,0.1435,0.14425571428571426,
DOGEUSDT,static,حكم,flatten,2024-06-11 01:51:00+00:00,2024-06-11 04:33:00+00:00,0.1444432467142857,0.14044718099999998,-3.957323517053779,142.85714285714286,1,0.14425571428571426,0.14062999999999998,0.14425571428571426,0.14501142857142857,
DOGEUSDT,static,حكم,flatten,2024-06-10 19:07:00+00:00,2024-06-11 04:33:00+00:00,0.14519994342857143,0.14044718099999998,-4.682155523280382,142.85714285714286,1,0.14501142857142857,0.14062999999999998,0.14501142857142857,0.14576714285714285,
DOGEUSDT,static,حكم,flatten,2024-06-10 16:25:00+00:00,2024-06-11 04:33:00+00:00,0.14595664014285714,0.14044718099999998,-5.399471900249091,142.85714285714286,1,0.14576714285714285,0.14062999999999998,0.14576714285714285,0.14652285714285715,
DOGEUSDT,static,حكم,flatten,2024-06-10 16:05:00+00:00,2024-06-11 04:33:00+00:00,0.14671333685714288,0.14044718099999998,-6.109388937019,142.85714285714286,1,0.14652285714285715,0.14062999999999998,0.14652285714285715,0.14727857142857143,
DOGEUSDT,static,حكم,flatten,2024-06-09 20:36:00+00:00,2024-06-11 04:33:00+00:00,0.14747003357142857,0.14044718099999998,-6.812020535844217,142.85714285714286,1,0.14727857142857143,0.14062999999999998,0.14727857142857143,0.14803428571428573,
DOGEUSDT,static,حكم,flatten,2024-06-09 19:44:00+00:00,2024-06-11 04:33:00+00:00,0.14822673028571431,0.14044718099999998,-7.507478273097291,142.85714285714286,1,0.14803428571428573,0.14062999999999998,0.14803428571428573,0.14879,
DOGEUSDT,static,حكم,cycle,2024-09-26 00:46:00+00:00,2024-09-26 02:02:00+00:00,0.108150413,0.10831757528571428,0.22109366290724938,142.85714285714286,1,0.10801,0.10845857142857142,0.10801,0.10845857142857142,
DOGEUSDT,static,حكم,cycle,2024-09-26 00:36:00+00:00,2024-09-26 03:16:00+00:00,0.10859956757142857,0.10876556357142857,0.2186430631841014,142.85714285714286,1,0.10845857142857142,0.10890714285714286,0.10845857142857142,0.10890714285714286,
DOGEUSDT,static,حكم,cycle,2024-09-26 03:27:00+00:00,2024-09-26 03:46:00+00:00,0.10859956757142857,0.10876556357142857,0.2186430631841014,142.85714285714286,1,0.10845857142857142,0.10890714285714286,0.10845857142857142,0.10890714285714286,
DOGEUSDT,static,حكم,cycle,2024-09-26 00:00:00+00:00,2024-09-26 05:25:00+00:00,0.108651063,0.10921355185714285,0.7378354524074804,142.33619728471174,1,0.10851,0.10935571428571428,0.10890714285714286,0.10935571428571428,
DOGEUSDT,static,حكم,cycle,2024-09-26 00:00:00+00:00,2024-09-26 05:33:00+00:00,0.108651063,0.10966154014285714,1.32003963847619,141.7523416373826,1,0.10851,0.10980428571428572,0.10935571428571428,0.10980428571428572,
DOGEUSDT,static,حكم,cycle,2024-09-26 00:00:00+00:00,2024-09-26 06:08:00+00:00,0.108651063,0.11010952842857143,1.8974869944855397,141.1732563131806,1,0.10851,0.11025285714285714,0.10980428571428572,0.11025285714285714,
DOGEUSDT,static,حكم,cycle,2024-09-26 00:00:00+00:00,2024-09-26 06:28:00+00:00,0.108651063,0.11055751671428572,2.4702355809188186,140.59888308693004,1,0.10851,0.11070142857142858,0.11025285714285714,0.11070142857142858,
DOGEUSDT,static,حكم,cycle,2024-09-26 00:00:00+00:00,2024-09-26 06:30:00+00:00,0.108651063,0.111005505,3.0383425171955434,140.02916467718833,1,0.10851,0.11115,0.11070142857142858,0.11115,
DOGEUSDT,static,حكم,cycle,2024-10-13 00:20:00+00:00,2024-10-13 00:24:00+00:00,0.11151764185714286,0.11163611271428572,0.15196169513329244,142.85714285714286,1,0.11137285714285713,0.11178142857142857,0.11137285714285713,0.11178142857142857,
DOGEUSDT,static,حكم,cycle,2024-10-13 01:18:00+00:00,2024-10-13 02:35:00+00:00,0.11069943671428573,0.11082003214285714,0.1558301936598426,142.85714285714286,1,0.11055571428571428,0.11096428571428571,0.11055571428571428,0.11096428571428571,
DOGEUSDT,static,حكم,cycle,2024-10-13 01:05:00+00:00,2024-10-13 04:18:00+00:00,0.11110853928571429,0.11122807242857143,0.15388882247458502,142.85714285714286,1,0.11096428571428571,0.11137285714285713,0.11096428571428571,0.11137285714285713,
DOGEUSDT,static,حكم,cycle,2024-10-13 01:00:00+00:00,2024-10-13 04:29:00+00:00,0.11151764185714286,0.11163611271428572,0.15196169513329244,142.85714285714286,1,0.11137285714285713,0.11178142857142857,0.11137285714285713,0.11178142857142857,
DOGEUSDT,static,حكم,cycle,2024-10-13 05:15:00+00:00,2024-10-13 05:24:00+00:00,0.11151764185714286,0.11163611271428572,0.15196169513329244,142.85714285714286,1,0.11137285714285713,0.11178142857142857,0.11137285714285713,0.11178142857142857,
DOGEUSDT,static,حكم,cycle,2024-10-13 05:44:00+00:00,2024-10-13 08:05:00+00:00,0.11151764185714286,0.11163611271428572,0.15196169513329244,142.85714285714286,1,0.11137285714285713,0.11178142857142857,0.11137285714285713,0.11178142857142857,
DOGEUSDT,static,حكم,cycle,2024-10-13 11:15:00+00:00,2024-10-13 12:22:00+00:00,0.11110853928571429,0.11122807242857143,0.15388882247458502,142.85714285714286,1,0.11096428571428571,0.11137285714285713,0.11096428571428571,0.11137285714285713,
DOGEUSDT,static,حكم,cycle,2024-10-13 10:45:00+00:00,2024-10-13 12:33:00+00:00,0.11151764185714286,0.11163611271428572,0.15196169513329244,142.85714285714286,1,0.11137285714285713,0.11178142857142857,0.11137285714285713,0.11178142857142857,
DOGEUSDT,static,حكم,cycle,2024-10-13 12:53:00+00:00,2024-10-13 13:19:00+00:00,0.11151764185714286,0.11163611271428572,0.15196169513329244,142.85714285714286,1,0.11137285714285713,0.11178142857142857,0.11137285714285713,0.11178142857142857,
DOGEUSDT,static,حكم,cycle,2024-10-13 14:11:00+00:00,2024-10-13 14:21:00+00:00,0.11110853928571429,0.11122807242857143,0.15388882247458502,142.85714285714286,1,0.11096428571428571,0.11137285714285713,0.11096428571428571,0.11137285714285713,
DOGEUSDT,static,حكم,cycle,2024-10-13 14:03:00+00:00,2024-10-13 14:24:00+00:00,0.11151764185714286,0.11163611271428572,0.15196169513329244,142.85714285714286,1,0.11137285714285713,0.11178142857142857,0.11137285714285713,0.11178142857142857,
DOGEUSDT,static,حكم,cycle,2024-10-13 14:53:00+00:00,2024-10-13 15:04:00+00:00,0.10988123157142857,0.11000395157142857,0.15975630394314633,142.85714285714286,1,0.10973857142857142,0.11014714285714286,0.10973857142857142,0.11014714285714286,
DOGEUSDT,static,حكم,cycle,2024-10-13 15:17:00+00:00,2024-10-13 15:48:00+00:00,0.109472129,0.10959591128571428,0.16174136717705836,142.85714285714286,1,0.10933,0.10973857142857142,0.10933,0.10973857142857142,
DOGEUSDT,static,حكم,cycle,2024-10-13 15:15:00+00:00,2024-10-13 16:19:00+00:00,0.10988123157142857,0.11000395157142857,0.15975630394314633,142.85714285714286,1,0.10973857142857142,0.11014714285714286,0.10973857142857142,0.11014714285714286,
DOGEUSDT,static,حكم,cycle,2024-10-13 14:49:00+00:00,2024-10-13 16:31:00+00:00,0.11029033414285716,0.11041199185714286,0.15778596719413937,142.85714285714286,1,0.11014714285714286,0.11055571428571428,0.11014714285714286,0.11055571428571428,
DOGEUSDT,static,حكم,cycle,2024-10-13 18:10:00+00:00,2024-10-13 18:30:00+00:00,0.109472129,0.10959591128571428,0.16174136717705836,142.85714285714286,1,0.10933,0.10973857142857142,0.10933,0.10973857142857142,
DOGEUSDT,static,حكم,cycle,2024-10-13 18:38:00+00:00,2024-10-13 19:02:00+00:00,0.109472129,0.10959591128571428,0.16174136717705836,142.85714285714286,1,0.10933,0.10973857142857142,0.10933,0.10973857142857142,
DOGEUSDT,static,حكم,cycle,2024-10-13 18:04:00+00:00,2024-10-13 19:36:00+00:00,0.10988123157142857,0.11000395157142857,0.15975630394314633,142.85714285714286,1,0.10973857142857142,0.11014714285714286,0.10973857142857142,0.11014714285714286,
DOGEUSDT,static,حكم,cycle,2024-10-13 20:07:00+00:00,2024-10-13 20:59:00+00:00,0.10988123157142857,0.11000395157142857,0.15975630394314633,142.85714285714286,1,0.10973857142857142,0.11014714285714286,0.10973857142857142,0.11014714285714286,
DOGEUSDT,static,حكم,cycle,2024-10-13 17:39:00+00:00,2024-10-13 21:25:00+00:00,0.11029033414285716,0.11041199185714286,0.15778596719413937,142.85714285714286,1,0.11014714285714286,0.11055571428571428,0.11014714285714286,0.11055571428571428,
DOGEUSDT,static,حكم,cycle,2024-10-13 14:46:00+00:00,2024-10-13 22:03:00+00:00,0.11069943671428573,0.11082003214285714,0.1558301936598426,142.85714285714286,1,0.11055571428571428,0.11096428571428571,0.11055571428571428,0.11096428571428571,
DOGEUSDT,static,حكم,cycle,2024-10-13 14:35:00+00:00,2024-10-13 22:04:00+00:00,0.11110853928571429,0.11122807242857143,0.15388882247458502,142.85714285714286,1,0.11096428571428571,0.11137285714285713,0.11096428571428571,0.11137285714285713,
DOGEUSDT,static,حكم,cycle,2024-10-13 14:29:00+00:00,2024-10-13 22:15:00+00:00,0.11151764185714286,0.11163611271428572,0.15196169513329244,142.85714285714286,1,0.11137285714285713,0.11178142857142857,0.11137285714285713,0.11178142857142857,
DOGEUSDT,static,حكم,cycle,2024-10-13 22:27:00+00:00,2024-10-13 23:33:00+00:00,0.11110853928571429,0.11122807242857143,0.15388882247458502,142.85714285714286,1,0.11096428571428571,0.11137285714285713,0.11096428571428571,0.11137285714285713,
DOGEUSDT,static,حكم,cycle,2024-10-14 00:46:00+00:00,2024-10-14 01:28:00+00:00,0.11029033414285716,0.11041199185714286,0.15778596719413937,142.85714285714286,1,0.11014714285714286,0.11055571428571428,0.11014714285714286,0.11055571428571428,
DOGEUSDT,static,حكم,cycle,2024-10-14 02:06:00+00:00,2024-10-14 02:17:00+00:00,0.109472129,0.10959591128571428,0.16174136717705836,142.85714285714286,1,0.10933,0.10973857142857142,0.10933,0.10973857142857142,
DOGEUSDT,static,حكم,cycle,2024-10-14 02:02:00+00:00,2024-10-14 03:05:00+00:00,0.10988123157142857,0.11000395157142857,0.15975630394314633,142.85714285714286,1,0.10973857142857142,0.11014714285714286,0.10973857142857142,0.11014714285714286,
DOGEUSDT,static,حكم,cycle,2024-10-14 01:51:00+00:00,2024-10-14 03:15:00+00:00,0.11029033414285716,0.11041199185714286,0.15778596719413937,142.85714285714286,1,0.11014714285714286,0.11055571428571428,0.11014714285714286,0.11055571428571428,
DOGEUSDT,static,حكم,cycle,2024-10-14 00:18:00+00:00,2024-10-14 03:22:00+00:00,0.11069943671428573,0.11082003214285714,0.1558301936598426,142.85714285714286,1,0.11055571428571428,0.11096428571428571,0.11055571428571428,0.11096428571428571,
DOGEUSDT,static,حكم,cycle,2024-10-14 00:10:00+00:00,2024-10-14 03:26:00+00:00,0.11110853928571429,0.11122807242857143,0.15388882247458502,142.85714285714286,1,0.11096428571428571,0.11137285714285713,0.11096428571428571,0.11137285714285713,
DOGEUSDT,static,حكم,cycle,2024-10-13 22:18:00+00:00,2024-10-14 03:34:00+00:00,0.11151764185714286,0.11163611271428572,0.15196169513329244,142.85714285714286,1,0.11137285714285713,0.11178142857142857,0.11137285714285713,0.11178142857142857,
DOGEUSDT,static,حكم,cycle,2024-10-13 00:00:00+00:00,2024-10-14 03:38:00+00:00,0.11152479400000001,0.11204415300000001,0.6637430189016793,142.34411542934555,1,0.11138,0.11219,0.11178142857142857,0.11219,
DOGEUSDT,static,حكم,cycle,2024-10-14 05:34:00+00:00,2024-10-14 05:38:00+00:00,0.11151764185714286,0.11163611271428572,0.15196169513329244,142.85714285714286,1,0.11137285714285713,0.11178142857142857,0.11137285714285713,0.11178142857142857,
DOGEUSDT,static,حكم,cycle,2024-10-14 05:40:00+00:00,2024-10-14 05:43:00+00:00,0.11151764185714286,0.11163611271428572,0.15196169513329244,142.85714285714286,1,0.11137285714285713,0.11178142857142857,0.11137285714285713,0.11178142857142857,
DOGEUSDT,static,حكم,cycle,2024-10-14 05:09:00+00:00,2024-10-14 06:26:00+00:00,0.11192674442857144,0.11204415300000001,0.15004865544822232,142.85714285714286,1,0.11178142857142857,0.11219,0.11178142857142857,0.11219,
DOGEUSDT,static,حكم,cycle,2024-10-14 07:08:00+00:00,2024-10-14 07:31:00+00:00,0.11192674442857144,0.11204415300000001,0.15004865544822232,142.85714285714286,1,0.11178142857142857,0.11219,0.11178142857142857,0.11219,
DOGEUSDT,static,حكم,cycle,2024-10-14 07:47:00+00:00,2024-10-14 07:50:00+00:00,0.11192674442857144,0.11204415300000001,0.15004865544822232,142.85714285714286,1,0.11178142857142857,0.11219,0.11178142857142857,0.11219,
DOGEUSDT,static,حكم,cycle,2024-12-26 00:00:00+00:00,2024-12-26 00:08:00+00:00,0.33477464200000007,0.3369941944285714,0.9463791262440182,142.55684749564023,1,0.33434,0.33743285714285715,0.33504428571428574,0.33743285714285715,
DOGEUSDT,static,حكم,cycle,2024-12-26 02:01:00+00:00,2024-12-26 02:16:00+00:00,0.3306964901428572,0.33222326185714285,0.6604055220603531,142.85714285714286,1,0.33026714285714287,0.3326557142857143,0.33026714285714287,0.3326557142857143,
DOGEUSDT,static,حكم,flatten,2024-12-26 04:06:00+00:00,2024-12-26 08:19:00+00:00,0.325913137,0.31856552574,-3.2248571428571418,142.85714285714286,1,0.32549,0.3189802,0.32549,0.3278785714285714,
DOGEUSDT,static,حكم,flatten,2024-12-26 04:00:00+00:00,2024-12-26 08:19:00+00:00,0.3283048135714286,0.31856552574,-4.2434210537126456,142.85714285714286,1,0.3278785714285714,0.3189802,0.3278785714285714,0.33026714285714287,
DOGEUSDT,static,حكم,flatten,2024-12-26 02:53:00+00:00,2024-12-26 08:19:00+00:00,0.3306964901428572,0.31856552574,-5.24725196609548,142.85714285714286,1,0.33026714285714287,0.3189802,0.33026714285714287,0.3326557142857143,
DOGEUSDT,static,حكم,flatten,2024-12-26 00:38:00+00:00,2024-12-26 08:19:00+00:00,0.3330881667142857,0.31856552574,-6.2366672425311815,142.85714285714286,1,0.3326557142857143,0.3189802,0.3326557142857143,0.33504428571428574,
DOGEUSDT,static,حكم,flatten,2024-12-26 00:23:00+00:00,2024-12-26 08:19:00+00:00,0.33547984328571434,0.31856552574,-7.21197519548133,142.85714285714286,1,0.33504428571428574,0.3189802,0.33504428571428574,0.33743285714285715,
DOGEUSDT,static,حكم,flatten,2024-12-26 00:00:00+00:00,2024-12-26 08:19:00+00:00,0.33477464200000007,0.31856552574,-6.8623668031312235,141.54773648090838,1,0.33434,0.3189802,0.33743285714285715,0.3398214285714286,
DOGEUSDT,static,حكم,flatten,2024-12-26 00:00:00+00:00,2024-12-26 08:19:00+00:00,0.33477464200000007,0.31856552574,-6.814131901208636,140.5528113504992,1,0.33434,0.3189802,0.3398214285714286,0.34221,
DOGEUSDT,static,حكم,cycle,2025-07-14 00:01:00+00:00,2025-07-14 00:23:00+00:00,0.1984061645714286,0.19908371142857142,0.4884840070530266,142.85714285714286,1,0.19814857142857142,0.19934285714285713,0.19814857142857142,0.19934285714285713,
DOGEUSDT,static,حكم,cycle,2025-07-14 01:30:00+00:00,2025-07-14 01:43:00+00:00,0.1984061645714286,0.19908371142857142,0.4884840070530266,142.85714285714286,1,0.19814857142857142,0.19934285714285713,0.19814857142857142,0.19934285714285713,
DOGEUSDT,static,حكم,cycle,2025-07-14 00:00:00+00:00,2025-07-14 02:22:00+00:00,0.198808115,0.20027644457142857,1.052264276500331,142.2889494051885,1,0.19855,0.20053714285714286,0.19934285714285713,0.20053714285714286,
DOGEUSDT,static,حكم,cycle,2025-07-14 00:00:00+00:00,2025-07-14 02:26:00+00:00,0.198808115,0.2014691777142857,1.895667859381736,141.44155696130395,1,0.19855,0.20173142857142856,0.20053714285714286,0.20173142857142856,
DOGEUSDT,static,حكم,cycle,2025-07-14 00:00:00+00:00,2025-07-14 03:20:00+00:00,0.198808115,0.20266191085714286,2.7290852456893537,140.60419794351756,1,0.19855,0.2029257142857143,0.20173142857142856,0.2029257142857143,
DOGEUSDT,static,حكم,cycle,2025-07-14 00:00:00+00:00,2025-07-14 03:40:00+00:00,0.198808115,0.203854644,3.5526927517458846,139.776695201622,1,0.19855,0.20412,0.2029257142857143,0.20412,
DOGEUSDT,static,حكم,cycle,2025-09-03 01:10:00+00:00,2025-09-03 01:55:00+00:00,0.21327833042857147,0.21400714285714287,0.4888045208089791,142.85714285714286,1,0.2130014285714286,0.2142857142857143,0.2130014285714286,0.2142857142857143,
DOGEUSDT,static,حكم,cycle,2025-09-03 00:46:00+00:00,2025-09-03 02:00:00+00:00,0.21456428571428574,0.21528975900000002,0.4836488571428599,142.85714285714286,1,0.2142857142857143,0.21557,0.2142857142857143,0.21557,
DOGEUSDT,static,حكم,cycle,2025-09-03 02:05:00+00:00,2025-09-03 02:25:00+00:00,0.21456428571428574,0.21528975900000002,0.4836488571428599,142.85714285714286,1,0.2142857142857143,0.21557,0.2142857142857143,0.21557,
DOGEUSDT,static,حكم,cycle,2025-09-03 05:23:00+00:00,2025-09-03 06:17:00+00:00,0.21456428571428574,0.21528975900000002,0.4836488571428599,142.85714285714286,1,0.2142857142857143,0.21557,0.2142857142857143,0.21557,
DOGEUSDT,static,حكم,cycle,2025-10-01 00:31:00+00:00,2025-10-01 01:41:00+00:00,0.23209847914285714,0.2328683057142857,0.47444598813529837,142.85714285714286,1,0.23179714285714284,0.23317142857142856,0.23179714285714284,0.23317142857142856,
DOGEUSDT,static,حكم,cycle,2025-10-01 04:00:00+00:00,2025-10-01 04:02:00+00:00,0.23072240685714288,0.23149580657142857,0.4794909447758742,142.85714285714286,1,0.23042285714285715,0.23179714285714284,0.23042285714285715,0.23179714285714284,
DOGEUSDT,static,حكم,cycle,2025-10-01 03:43:00+00:00,2025-10-01 04:30:00+00:00,0.23209847914285714,0.2328683057142857,0.47444598813529837,142.85714285714286,1,0.23179714285714284,0.23317142857142856,0.23179714285714284,0.23317142857142856,
DOGEUSDT,static,حكم,cycle,2025-10-01 00:00:00+00:00,2025-10-01 08:20:00+00:00,0.23324282200000002,0.23424080485714285,0.6114341729829907,142.71535351059921,1,0.23294,0.23454571428571427,0.23317142857142856,0.23454571428571427,
DOGEUSDT,static,حكم,cycle,2025-10-01 00:00:00+00:00,2025-10-01 08:30:00+00:00,0.23324282200000002,0.235613304,1.443813572742432,141.87913413163443,1,0.23294,0.23592,0.23454571428571427,0.23592,
DOGEUSDT,static,حكم,cycle,2026-01-12 00:38:00+00:00,2026-01-12 00:57:00+00:00,0.13755716357142858,0.13796327142857145,0.4223031842592142,142.85714285714286,1,0.13737857142857143,0.13814285714285715,0.13737857142857143,0.13814285714285715,
DOGEUSDT,static,حكم,cycle,2026-01-12 00:00:00+00:00,2026-01-12 01:00:00+00:00,0.138189413,0.13872656357142857,0.5554814595951989,142.71975180972075,1,0.13801,0.13890714285714284,0.13814285714285715,0.13890714285714284,
DOGEUSDT,static,حكم,cycle,2026-01-12 00:00:00+00:00,2026-01-12 02:06:00+00:00,0.138189413,0.1394898557142857,1.3374224448868197,141.9344886100684,1,0.13801,0.13967142857142856,0.13890714285714284,0.13967142857142856,
DOGEUSDT,static,حكم,cycle,2026-01-12 00:00:00+00:00,2026-01-12 02:15:00+00:00,0.138189413,0.14025314785714285,2.110805827086878,141.15781937199552,1,0.13801,0.14043571428571427,0.13967142857142856,0.14043571428571427,
DOGEUSDT,static,حكم,cycle,2026-01-12 00:00:00+00:00,2026-01-12 02:47:00+00:00,0.138189413,0.14101644,2.8757713239407785,140.3896037841412,1,0.13801,0.1412,0.14043571428571427,0.1412,
DOGEUSDT,static,حكم,cycle,2026-01-12 03:58:00+00:00,2026-01-12 05:20:00+00:00,0.14061828071428573,0.14101644,0.4050244501442113,142.85714285714286,1,0.14043571428571427,0.1412,0.14043571428571427,0.1412,
DOGEUSDT,static,حكم,cycle,2026-01-12 08:37:00+00:00,2026-01-12 08:52:00+00:00,0.13602660500000002,0.13643668714285714,0.43123417935445724,142.85714285714286,1,0.13585,0.13661428571428572,0.13585,0.13661428571428572,
DOGEUSDT,static,حكم,cycle,2026-01-12 13:14:00+00:00,2026-01-12 14:15:00+00:00,0.13602660500000002,0.13643668714285714,0.43123417935445724,142.85714285714286,1,0.13585,0.13661428571428572,0.13585,0.13661428571428572,
DOGEUSDT,static,حكم,cycle,2026-01-12 14:18:00+00:00,2026-01-12 14:33:00+00:00,0.13602660500000002,0.13643668714285714,0.43123417935445724,142.85714285714286,1,0.13585,0.13661428571428572,0.13585,0.13661428571428572,
DOGEUSDT,static,حكم,cycle,2026-01-12 08:36:00+00:00,2026-01-12 14:52:00+00:00,0.1367918842857143,0.13719997928571429,0.42674369967583103,142.85714285714286,1,0.13661428571428572,0.13737857142857143,0.13661428571428572,0.13737857142857143,
DOGEUSDT,static,حكم,cycle,2026-01-12 14:54:00+00:00,2026-01-12 15:19:00+00:00,0.1367918842857143,0.13719997928571429,0.42674369967583103,142.85714285714286,1,0.13661428571428572,0.13737857142857143,0.13661428571428572,0.13737857142857143,
DOGEUSDT,static,حكم,cycle,2026-01-12 08:35:00+00:00,2026-01-12 15:26:00+00:00,0.13755716357142858,0.13796327142857145,0.4223031842592142,142.85714285714286,1,0.13737857142857143,0.13814285714285715,0.13737857142857143,0.13814285714285715,
DOGEUSDT,static,حكم,cycle,2026-01-12 07:38:00+00:00,2026-01-12 16:04:00+00:00,0.13832244285714287,0.13872656357142857,0.4179118038114725,142.85714285714286,1,0.13814285714285715,0.13890714285714284,0.13814285714285715,0.13890714285714284,
DOGEUSDT,static,حكم,cycle,2026-01-12 07:31:00+00:00,2026-01-12 16:28:00+00:00,0.13908772214285714,0.1394898557142857,0.41356874729117105,142.85714285714286,1,0.13890714285714284,0.13967142857142856,0.13890714285714284,0.13967142857142856,
DOGEUSDT,static,حكم,cycle,2026-01-12 17:33:00+00:00,2026-01-12 18:01:00+00:00,0.13755716357142858,0.13796327142857145,0.4223031842592142,142.85714285714286,1,0.13737857142857143,0.13814285714285715,0.13737857142857143,0.13814285714285715,
DOGEUSDT,static,حكم,cycle,2026-01-12 17:26:00+00:00,2026-01-12 18:11:00+00:00,0.13832244285714287,0.13872656357142857,0.4179118038114725,142.85714285714286,1,0.13814285714285715,0.13890714285714284,0.13814285714285715,0.13890714285714284,
DOGEUSDT,static,حكم,cycle,2026-01-12 18:36:00+00:00,2026-01-12 20:07:00+00:00,0.13832244285714287,0.13872656357142857,0.4179118038114725,142.85714285714286,1,0.13814285714285715,0.13890714285714284,0.13814285714285715,0.13890714285714284,
DOGEUSDT,static,حكم,cycle,2026-01-12 21:54:00+00:00,2026-01-12 22:01:00+00:00,0.13602660500000002,0.13643668714285714,0.43123417935445724,142.85714285714286,1,0.13585,0.13661428571428572,0.13585,0.13661428571428572,
DOGEUSDT,static,حكم,cycle,2026-01-12 21:04:00+00:00,2026-01-13 01:07:00+00:00,0.1367918842857143,0.13719997928571429,0.42674369967583103,142.85714285714286,1,0.13661428571428572,0.13737857142857143,0.13661428571428572,0.13737857142857143,
DOGEUSDT,static,حكم,cycle,2026-01-13 01:31:00+00:00,2026-01-13 03:22:00+00:00,0.1367918842857143,0.13719997928571429,0.42674369967583103,142.85714285714286,1,0.13661428571428572,0.13737857142857143,0.13661428571428572,0.13737857142857143,
DOGEUSDT,static,حكم,cycle,2026-01-12 20:34:00+00:00,2026-01-13 05:01:00+00:00,0.13755716357142858,0.13796327142857145,0.4223031842592142,142.85714285714286,1,0.13737857142857143,0.13814285714285715,0.13737857142857143,0.13814285714285715,
DOGEUSDT,static,حكم,cycle,2026-01-12 20:18:00+00:00,2026-01-13 05:18:00+00:00,0.13832244285714287,0.13872656357142857,0.4179118038114725,142.85714285714286,1,0.13814285714285715,0.13890714285714284,0.13814285714285715,0.13890714285714284,
DOGEUSDT,static,حكم,cycle,2026-01-12 16:48:00+00:00,2026-01-13 08:47:00+00:00,0.13908772214285714,0.1394898557142857,0.41356874729117105,142.85714285714286,1,0.13890714285714284,0.13967142857142856,0.13890714285714284,0.13967142857142856,
DOGEUSDT,static,حكم,cycle,2026-01-13 11:23:00+00:00,2026-01-13 12:43:00+00:00,0.13908772214285714,0.1394898557142857,0.41356874729117105,142.85714285714286,1,0.13890714285714284,0.13967142857142856,0.13890714285714284,0.13967142857142856,
DOGEUSDT,static,حكم,cycle,2026-01-12 06:38:00+00:00,2026-01-13 13:30:00+00:00,0.13985300142857143,0.14025314785714285,0.40927322140883554,142.85714285714286,1,0.13967142857142856,0.14043571428571427,0.13967142857142856,0.14043571428571427,
DOGEUSDT,static,حكم,cycle,2026-01-13 13:38:00+00:00,2026-01-13 14:27:00+00:00,0.13985300142857143,0.14025314785714285,0.40927322140883554,142.85714285714286,1,0.13967142857142856,0.14043571428571427,0.13967142857142856,0.14043571428571427,
DOGEUSDT,static,حكم,cycle,2026-01-12 06:18:00+00:00,2026-01-13 14:31:00+00:00,0.14061828071428573,0.14101644,0.4050244501442113,142.85714285714286,1,0.14043571428571427,0.1412,0.14043571428571427,0.1412,
DOGEUSDT,static,حكم,cycle,2026-01-13 15:18:00+00:00,2026-01-13 15:31:00+00:00,0.13985300142857143,0.14025314785714285,0.40927322140883554,142.85714285714286,1,0.13967142857142856,0.14043571428571427,0.13967142857142856,0.14043571428571427,
DOGEUSDT,static,حكم,cycle,2026-01-13 14:52:00+00:00,2026-01-13 15:36:00+00:00,0.14061828071428573,0.14101644,0.4050244501442113,142.85714285714286,1,0.14043571428571427,0.1412,0.14043571428571427,0.1412,
DOGEUSDT,static,حكم,cycle,2026-04-25 00:01:00+00:00,2026-04-25 01:19:00+00:00,0.09851933742857144,0.09865586614285715,0.1982296865082771,142.85714285714286,1,0.09839142857142857,0.09878428571428571,0.09839142857142857,0.09878428571428571,
DOGEUSDT,static,حكم,cycle,2026-04-25 02:02:00+00:00,2026-04-25 03:48:00+00:00,0.09851933742857144,0.09865586614285715,0.1982296865082771,142.85714285714286,1,0.09839142857142857,0.09878428571428571,0.09839142857142857,0.09878428571428571,
DOGEUSDT,static,حكم,cycle,2026-04-25 05:04:00+00:00,2026-04-25 07:23:00+00:00,0.09851933742857144,0.09865586614285715,0.1982296865082771,142.85714285714286,1,0.09839142857142857,0.09878428571428571,0.09839142857142857,0.09878428571428571,
DOGEUSDT,static,حكم,cycle,2026-04-25 11:45:00+00:00,2026-04-25 13:46:00+00:00,0.09812596957142859,0.09826351971428572,0.20051333526309287,142.85714285714286,1,0.09799857142857143,0.09839142857142857,0.09799857142857143,0.09839142857142857,
DOGEUSDT,static,حكم,cycle,2026-04-25 07:54:00+00:00,2026-04-25 15:30:00+00:00,0.09851933742857144,0.09865586614285715,0.1982296865082771,142.85714285714286,1,0.09839142857142857,0.09878428571428571,0.09839142857142857,0.09878428571428571,
DOGEUSDT,static,حكم,cycle,2026-04-25 16:38:00+00:00,2026-04-25 16:48:00+00:00,0.09773260171428573,0.09787117328571429,0.2028153671163299,142.85714285714286,1,0.0976057142857143,0.09799857142857143,0.0976057142857143,0.09799857142857143,
DOGEUSDT,static,حكم,cycle,2026-04-25 17:33:00+00:00,2026-04-25 21:02:00+00:00,0.09773260171428573,0.09787117328571429,0.2028153671163299,142.85714285714286,1,0.0976057142857143,0.09799857142857143,0.0976057142857143,0.09799857142857143,
DOGEUSDT,static,حكم,cycle,2026-04-26 02:56:00+00:00,2026-04-26 03:10:00+00:00,0.09773260171428573,0.09787117328571429,0.2028153671163299,142.85714285714286,1,0.0976057142857143,0.09799857142857143,0.0976057142857143,0.09799857142857143,
DOGEUSDT,static,حكم,cycle,2026-04-25 16:23:00+00:00,2026-04-26 03:21:00+00:00,0.09812596957142859,0.09826351971428572,0.20051333526309287,142.85714285714286,1,0.09799857142857143,0.09839142857142857,0.09799857142857143,0.09839142857142857,
DOGEUSDT,static,حكم,cycle,2026-04-26 04:26:00+00:00,2026-04-26 04:43:00+00:00,0.09773260171428573,0.09787117328571429,0.2028153671163299,142.85714285714286,1,0.0976057142857143,0.09799857142857143,0.0976057142857143,0.09799857142857143,
DOGEUSDT,static,حكم,cycle,2026-04-26 03:29:00+00:00,2026-04-26 05:11:00+00:00,0.09812596957142859,0.09826351971428572,0.20051333526309287,142.85714285714286,1,0.09799857142857143,0.09839142857142857,0.09799857142857143,0.09839142857142857,
DOGEUSDT,static,حكم,cycle,2026-04-25 15:49:00+00:00,2026-04-26 11:08:00+00:00,0.09851933742857144,0.09865586614285715,0.1982296865082771,142.85714285714286,1,0.09839142857142857,0.09878428571428571,0.09839142857142857,0.09878428571428571,
DOGEUSDT,static,حكم,cycle,2026-04-25 00:00:00+00:00,2026-04-26 11:25:00+00:00,0.098547946,0.09904821257142858,0.7234617585627908,142.33033015661832,1,0.09842,0.09917714285714287,0.09878428571428571,0.09917714285714287,
DOGEUSDT,static,حكم,cycle,2026-04-26 13:18:00+00:00,2026-04-26 14:20:00+00:00,0.09851933742857144,0.09865586614285715,0.1982296865082771,142.85714285714286,1,0.09839142857142857,0.09878428571428571,0.09839142857142857,0.09878428571428571,
DOGEUSDT,static,حكم,cycle,2026-04-26 12:29:00+00:00,2026-04-26 18:15:00+00:00,0.09891270528571429,0.09904821257142858,0.19596420152756003,142.85714285714286,1,0.09878428571428571,0.09917714285714287,0.09878428571428571,0.09917714285714287,
DOGEUSDT,static,حكم,cycle,2026-04-25 00:00:00+00:00,2026-04-26 18:18:00+00:00,0.098547946,0.09944055900000001,1.2857412422217307,141.76653606821847,1,0.09842,0.09957,0.09917714285714287,0.09957,
DOGEUSDT,static,حكم,cycle,2026-04-26 18:52:00+00:00,2026-04-26 19:15:00+00:00,0.09930607314285717,0.09944055900000001,0.19371666447171934,142.85714285714286,1,0.09917714285714287,0.09957,0.09917714285714287,0.09957,
DOGEUSDT,static,حكم,cycle,2026-04-26 19:25:00+00:00,2026-04-26 20:22:00+00:00,0.09930607314285717,0.09944055900000001,0.19371666447171934,142.85714285714286,1,0.09917714285714287,0.09957,0.09917714285714287,0.09957,
DOGEUSDT,static,حكم,cycle,2026-04-26 21:15:00+00:00,2026-04-26 21:16:00+00:00,0.09891270528571429,0.09912097500000001,0.3011897703303371,142.85714285714286,1,0.09878428571428571,0.09925,0.09878428571428571,0.09917714285714287,
DOGEUSDT,static,حكم,cycle,2026-04-26 21:46:00+00:00,2026-04-26 21:55:00+00:00,0.09891270528571429,0.09904821257142858,0.19596420152756003,142.85714285714286,1,0.09878428571428571,0.09917714285714287,0.09878428571428571,0.09917714285714287,
DOGEUSDT,static,حكم,cycle,2026-04-26 20:58:00+00:00,2026-04-26 22:02:00+00:00,0.09930607314285717,0.09944055900000001,0.19371666447171934,142.85714285714286,1,0.09917714285714287,0.09957,0.09917714285714287,0.09957,
DOGEUSDT,static,حكم,cycle,2026-04-26 22:33:00+00:00,2026-04-26 23:49:00+00:00,0.09930607314285717,0.09944055900000001,0.19371666447171934,142.85714285714286,1,0.09917714285714287,0.09957,0.09917714285714287,0.09957,
DOGEUSDT,static,حكم,cycle,2026-04-27 00:13:00+00:00,2026-04-27 00:55:00+00:00,0.09930607314285717,0.09944055900000001,0.19371666447171934,142.85714285714286,1,0.09917714285714287,0.09957,0.09917714285714287,0.09957,
DOGEUSDT,static,حكم,cycle,2026-04-27 06:30:00+00:00,2026-04-27 09:41:00+00:00,0.09812596957142859,0.09826351971428572,0.20051333526309287,142.85714285714286,1,0.09799857142857143,0.09839142857142857,0.09799857142857143,0.09839142857142857,
DOGEUSDT,static,حكم,cycle,2026-04-27 11:04:00+00:00,2026-04-27 11:57:00+00:00,0.09812596957142859,0.09826351971428572,0.20051333526309287,142.85714285714286,1,0.09799857142857143,0.09839142857142857,0.09799857142857143,0.09839142857142857,
DOGEUSDT,static,حكم,cycle,2026-04-27 13:47:00+00:00,2026-04-27 14:06:00+00:00,0.09812596957142859,0.09826351971428572,0.20051333526309287,142.85714285714286,1,0.09799857142857143,0.09839142857142857,0.09799857142857143,0.09839142857142857,
DOGEUSDT,static,حكم,cycle,2026-04-27 05:22:00+00:00,2026-04-27 14:36:00+00:00,0.09851933742857144,0.09865586614285715,0.1982296865082771,142.85714285714286,1,0.09839142857142857,0.09878428571428571,0.09839142857142857,0.09878428571428571,
DOGEUSDT,static,حكم,cycle,2026-04-27 05:16:00+00:00,2026-04-27 14:40:00+00:00,0.09891270528571429,0.09904821257142858,0.19596420152756003,142.85714285714286,1,0.09878428571428571,0.09917714285714287,0.09878428571428571,0.09917714285714287,
DOGEUSDT,static,حكم,cycle,2026-04-27 15:21:00+00:00,2026-04-27 15:31:00+00:00,0.09733923385714287,0.09747882685714288,0.20513600493762923,142.85714285714286,1,0.09721285714285714,0.0976057142857143,0.09721285714285714,0.0976057142857143,
DOGEUSDT,static,حكم,cycle,2026-04-27 15:48:00+00:00,2026-04-27 16:18:00+00:00,0.09733923385714287,0.09747882685714288,0.20513600493762923,142.85714285714286,1,0.09721285714285714,0.0976057142857143,0.09721285714285714,0.0976057142857143,
DOGEUSDT,static,حكم,cycle,2026-04-27 15:18:00+00:00,2026-04-27 17:26:00+00:00,0.09773260171428573,0.09787117328571429,0.2028153671163299,142.85714285714286,1,0.0976057142857143,0.09799857142857143,0.0976057142857143,0.09799857142857143,
DOGEUSDT,static,حكم,cycle,2026-04-27 19:29:00+00:00,2026-04-27 20:04:00+00:00,0.09773260171428573,0.09787117328571429,0.2028153671163299,142.85714285714286,1,0.0976057142857143,0.09799857142857143,0.0976057142857143,0.09799857142857143,
DOGEUSDT,static,حكم,cycle,2026-04-27 15:15:00+00:00,2026-04-27 22:29:00+00:00,0.09812596957142859,0.09826351971428572,0.20051333526309287,142.85714285714286,1,0.09799857142857143,0.09839142857142857,0.09799857142857143,0.09839142857142857,
DOGEUSDT,static,حكم,cycle,2026-04-27 15:04:00+00:00,2026-04-27 23:00:00+00:00,0.09851933742857144,0.09865586614285715,0.1982296865082771,142.85714285714286,1,0.09839142857142857,0.09878428571428571,0.09839142857142857,0.09878428571428571,
DOGEUSDT,static,حكم,cycle,2026-04-27 14:53:00+00:00,2026-04-28 00:56:00+00:00,0.09891270528571429,0.09904821257142858,0.19596420152756003,142.85714285714286,1,0.09878428571428571,0.09917714285714287,0.09878428571428571,0.09917714285714287,
DOGEUSDT,static,حكم,cycle,2026-04-27 05:14:00+00:00,2026-04-28 04:07:00+00:00,0.09930607314285717,0.09944055900000001,0.19371666447171934,142.85714285714286,1,0.09917714285714287,0.09957,0.09917714285714287,0.09957,
DOGEUSDT,static,حكم,cycle,2026-04-28 06:44:00+00:00,2026-04-28 06:51:00+00:00,0.09930607314285717,0.09944055900000001,0.19371666447171934,142.85714285714286,1,0.09917714285714287,0.09957,0.09917714285714287,0.09957,
DOGEUSDT,static,حكم,cycle,2026-04-28 07:16:00+00:00,2026-04-28 07:32:00+00:00,0.09930607314285717,0.09944055900000001,0.19371666447171934,142.85714285714286,1,0.09917714285714287,0.09957,0.09917714285714287,0.09957,
DOGEUSDT,static,حكم,cycle,2026-04-28 12:19:00+00:00,2026-04-28 12:38:00+00:00,0.09851933742857144,0.09865586614285715,0.1982296865082771,142.85714285714286,1,0.09839142857142857,0.09878428571428571,0.09839142857142857,0.09878428571428571,
DOGEUSDT,static,حكم,cycle,2026-04-28 11:39:00+00:00,2026-04-28 13:47:00+00:00,0.09891270528571429,0.09904821257142858,0.19596420152756003,142.85714285714286,1,0.09878428571428571,0.09917714285714287,0.09878428571428571,0.09917714285714287,
DOGEUSDT,static,حكم,cycle,2026-04-28 14:02:00+00:00,2026-04-28 14:58:00+00:00,0.09851933742857144,0.09865586614285715,0.1982296865082771,142.85714285714286,1,0.09839142857142857,0.09878428571428571,0.09839142857142857,0.09878428571428571,
DOGEUSDT,static,حكم,cycle,2026-04-28 13:51:00+00:00,2026-04-28 15:50:00+00:00,0.09891270528571429,0.09904821257142858,0.19596420152756003,142.85714285714286,1,0.09878428571428571,0.09917714285714287,0.09878428571428571,0.09917714285714287,
DOGEUSDT,static,حكم,cycle,2026-04-28 09:48:00+00:00,2026-04-28 16:02:00+00:00,0.09930607314285717,0.09944055900000001,0.19371666447171934,142.85714285714286,1,0.09917714285714287,0.09957,0.09917714285714287,0.09957,
DOGEUSDT,static,حكم,cycle,2026-04-28 21:36:00+00:00,2026-04-28 21:42:00+00:00,0.09930607314285717,0.09944055900000001,0.19371666447171934,142.85714285714286,1,0.09917714285714287,0.09957,0.09917714285714287,0.09957,
DOGEUSDT,static,حكم,cycle,2026-04-28 23:20:00+00:00,2026-04-29 00:16:00+00:00,0.09930607314285717,0.09944055900000001,0.19371666447171934,142.85714285714286,1,0.09917714285714287,0.09957,0.09917714285714287,0.09957,
ETHUSDT,static,اختيار,cycle,2021-10-10 00:02:00+00:00,2021-10-10 00:19:00+00:00,3570.399779285715,3574.957933714286,0.18261580581085662,142.85714285714286,1,3565.764285714286,3579.611428571429,3565.764285714286,3579.611428571429,
ETHUSDT,static,اختيار,cycle,2021-10-10 01:25:00+00:00,2021-10-10 04:48:00+00:00,3542.6694910000006,3547.299650571429,0.18695259487430482,142.85714285714286,1,3538.07,3551.917142857143,3538.07,3551.917142857143,
ETHUSDT,static,اختيار,cycle,2021-10-10 01:05:00+00:00,2021-10-10 04:55:00+00:00,3556.5346351428575,3561.1287921428575,0.18477574686024673,142.85714285714286,1,3551.917142857143,3565.764285714286,3551.917142857143,3565.764285714286,
ETHUSDT,static,اختيار,cycle,2021-10-10 00:53:00+00:00,2021-10-10 05:00:00+00:00,3570.399779285715,3574.957933714286,0.18261580581085662,142.85714285714286,1,3565.764285714286,3579.611428571429,3565.764285714286,3579.611428571429,
ETHUSDT,static,اختيار,cycle,2021-10-10 05:04:00+00:00,2021-10-10 06:10:00+00:00,3570.399779285715,3574.957933714286,0.18261580581085662,142.85714285714286,1,3565.764285714286,3579.611428571429,3565.764285714286,3579.611428571429,
ETHUSDT,static,اختيار,cycle,2021-10-10 00:00:00+00:00,2021-10-10 06:15:00+00:00,3579.477279,3588.7870752857143,0.37154057765703735,142.6663229209236,1,3574.83,3593.4585714285713,3579.611428571429,3593.4585714285713,
ETHUSDT,static,اختيار,cycle,2021-10-10 07:25:00+00:00,2021-10-10 08:21:00+00:00,3584.264923428572,3588.7870752857143,0.18047257552066664,142.85714285714286,1,3579.611428571429,3593.4585714285713,3579.611428571429,3593.4585714285713,
ETHUSDT,static,اختيار,cycle,2021-10-10 09:12:00+00:00,2021-10-10 09:18:00+00:00,3570.399779285715,3574.957933714286,0.18261580581085662,142.85714285714286,1,3565.764285714286,3579.611428571429,3565.764285714286,3579.611428571429,
ETHUSDT,static,اختيار,cycle,2021-10-10 09:36:00+00:00,2021-10-10 10:09:00+00:00,3570.399779285715,3574.957933714286,0.18261580581085662,142.85714285714286,1,3565.764285714286,3579.611428571429,3565.764285714286,3579.611428571429,
ETHUSDT,static,اختيار,cycle,2021-10-10 11:08:00+00:00,2021-10-10 11:29:00+00:00,3556.5346351428575,3561.1287921428575,0.18477574686024673,142.85714285714286,1,3551.917142857143,3565.764285714286,3551.917142857143,3565.764285714286,
ETHUSDT,static,اختيار,cycle,2021-10-10 12:17:00+00:00,2021-10-10 13:13:00+00:00,3542.6694910000006,3547.299650571429,0.18695259487430482,142.85714285714286,1,3538.07,3551.917142857143,3538.07,3551.917142857143,
ETHUSDT,static,اختيار,cycle,2021-10-10 12:14:00+00:00,2021-10-10 14:17:00+00:00,3556.5346351428575,3561.1287921428575,0.18477574686024673,142.85714285714286,1,3551.917142857143,3565.764285714286,3551.917142857143,3565.764285714286,
ETHUSDT,static,اختيار,cycle,2021-10-10 10:51:00+00:00,2021-10-10 14:19:00+00:00,3570.399779285715,3574.957933714286,0.18261580581085662,142.85714285714286,1,3565.764285714286,3579.611428571429,3565.764285714286,3579.611428571429,
ETHUSDT,static,اختيار,cycle,2021-10-10 15:03:00+00:00,2021-10-10 15:15:00+00:00,3542.6694910000006,3547.299650571429,0.18695259487430482,142.85714285714286,1,3538.07,3551.917142857143,3538.07,3551.917142857143,
ETHUSDT,static,اختيار,cycle,2021-10-10 14:39:00+00:00,2021-10-10 15:55:00+00:00,3556.5346351428575,3561.1287921428575,0.18477574686024673,142.85714285714286,1,3551.917142857143,3565.764285714286,3551.917142857143,3565.764285714286,
ETHUSDT,static,اختيار,cycle,2021-10-10 16:25:00+00:00,2021-10-10 20:20:00+00:00,3542.6694910000006,3547.299650571429,0.18695259487430482,142.85714285714286,1,3538.07,3551.917142857143,3538.07,3551.917142857143,
ETHUSDT,static,اختيار,cycle,2021-10-10 16:10:00+00:00,2021-10-10 20:26:00+00:00,3556.5346351428575,3561.1287921428575,0.18477574686024673,142.85714285714286,1,3551.917142857143,3565.764285714286,3551.917142857143,3565.764285714286,
ETHUSDT,static,اختيار,flatten,2021-10-10 20:33:00+00:00,2021-10-10 21:04:00+00:00,3542.6694910000006,3462.8010988200003,-3.224857142857152,142.85714285714286,1,3538.07,3467.3086000000003,3538.07,3551.917142857143,
ETHUSDT,static,اختيار,flatten,2021-10-10 20:28:00+00:00,2021-10-10 21:04:00+00:00,3556.5346351428575,3462.8010988200003,-3.7699373747801856,142.85714285714286,1,3551.917142857143,3467.3086000000003,3551.917142857143,3565.764285714286,
ETHUSDT,static,اختيار,flatten,2021-10-10 14:25:00+00:00,2021-10-10 21:04:00+00:00,3570.399779285715,3462.8010988200003,-4.3107841222464645,142.85714285714286,1,3565.764285714286,3467.3086000000003,3565.764285714286,3579.611428571429,
ETHUSDT,static,اختيار,flatten,2021-10-10 09:12:00+00:00,2021-10-10 21:04:00+00:00,3584.264923428572,3462.8010988200003,-4.847446514887948,142.85714285714286,1,3579.611428571429,3467.3086000000003,3579.611428571429,3593.4585714285713,
ETHUSDT,static,اختيار,flatten,2021-10-10 00:00:00+00:00,2021-10-10 21:04:00+00:00,3579.477279,3462.8010988200003,-4.638435481774218,142.11656816095598,1,3574.83,3467.3086000000003,3593.4585714285713,3607.305714285714,
ETHUSDT,static,اختيار,flatten,2021-10-10 00:00:00+00:00,2021-10-10 21:04:00+00:00,3579.477279,3462.8010988200003,-4.620630204418488,141.57103402064223,1,3574.83,3467.3086000000003,3607.305714285714,3621.152857142857,
ETHUSDT,static,اختيار,flatten,2021-10-10 00:00:00+00:00,2021-10-10 21:04:00+00:00,3579.477279,3462.8010988200003,-4.602961100391464,141.0296720815431,1,3574.83,3467.3086000000003,3621.152857142857,3635.0,
ETHUSDT,static,اختيار,cycle,2022-03-24 02:21:00+00:00,2022-03-24 02:51:00+00:00,3013.5267842857143,3023.4715135714287,0.4720457431998597,142.85714285714286,1,3009.6142857142854,3027.407142857143,3009.6142857142854,3027.407142857143,
ETHUSDT,static,اختيار,cycle,2022-03-24 01:22:00+00:00,2022-03-24 05:48:00+00:00,3031.3427721428575,3041.24124,0.46708842584023347,142.85714285714286,1,3027.407142857143,3045.2,3027.407142857143,3045.2,
ETHUSDT,static,اختيار,cycle,2022-03-24 12:56:00+00:00,2022-03-24 13:42:00+00:00,3013.5267842857143,3023.4715135714287,0.4720457431998597,142.85714285714286,1,3009.6142857142854,3027.407142857143,3009.6142857142854,3027.407142857143,
ETHUSDT,static,اختيار,cycle,2022-03-24 12:40:00+00:00,2022-03-24 14:46:00+00:00,3031.3427721428575,3041.24124,0.46708842584023347,142.85714285714286,1,3027.407142857143,3045.2,3027.407142857143,3045.2,
ETHUSDT,static,اختيار,cycle,2022-09-11 06:30:00+00:00,2022-09-11 08:22:00+00:00,1755.7209024285717,1762.999403142857,0.5929971765145464,142.85714285714286,1,1753.4414285714286,1765.2942857142857,1753.4414285714286,1765.2942857142857,
ETHUSDT,static,اختيار,cycle,2022-09-11 01:25:00+00:00,2022-09-11 11:20:00+00:00,1767.5891682857143,1774.8368515714287,0.5865216552897212,142.85714285714286,1,1765.2942857142857,1777.1471428571429,1765.2942857142857,1777.1471428571429,
ETHUSDT,static,اختيار,cycle,2022-09-11 14:29:00+00:00,2022-09-11 15:09:00+00:00,1755.7209024285717,1762.999403142857,0.5929971765145464,142.85714285714286,1,1753.4414285714286,1765.2942857142857,1753.4414285714286,1765.2942857142857,
ETHUSDT,static,اختيار,cycle,2022-09-11 12:02:00+00:00,2022-09-11 15:40:00+00:00,1767.5891682857143,1774.8368515714287,0.5865216552897212,142.85714285714286,1,1765.2942857142857,1777.1471428571429,1765.2942857142857,1777.1471428571429,
ETHUSDT,static,اختيار,cycle,2022-09-11 00:00:00+00:00,2022-09-11 17:39:00+00:00,1776.426356,1786.6743000000001,0.8237877239846036,142.61380398600323,1,1774.12,1789.0,1777.1471428571429,1789.0,
ETHUSDT,static,اختيار,cycle,2022-09-11 20:35:00+00:00,2022-09-11 21:08:00+00:00,1755.7209024285717,1762.999403142857,0.5929971765145464,142.85714285714286,1,1753.4414285714286,1765.2942857142857,1753.4414285714286,1765.2942857142857,
ETHUSDT,static,اختيار,cycle,2022-09-11 21:50:00+00:00,2022-09-11 22:02:00+00:00,1731.984370714286,1739.3245062857143,0.6062144564965244,142.85714285714286,1,1729.7357142857143,1741.5885714285714,1729.7357142857143,1741.5885714285714,
ETHUSDT,static,اختيار,cycle,2022-09-11 21:50:00+00:00,2022-09-11 22:34:00+00:00,1743.8526365714288,1751.1619547142857,0.5995608395993896,142.85714285714286,1,1741.5885714285714,1753.4414285714286,1741.5885714285714,1753.4414285714286,
ETHUSDT,static,اختيار,cycle,2022-09-11 23:06:00+00:00,2022-09-11 23:24:00+00:00,1743.8526365714288,1751.1619547142857,0.5995608395993896,142.85714285714286,1,1741.5885714285714,1753.4414285714286,1741.5885714285714,1753.4414285714286,
ETHUSDT,static,اختيار,cycle,2022-09-11 21:31:00+00:00,2022-09-11 23:48:00+00:00,1755.7209024285717,1762.999403142857,0.5929971765145464,142.85714285714286,1,1753.4414285714286,1765.2942857142857,1753.4414285714286,1765.2942857142857,
ETHUSDT,static,اختيار,cycle,2022-09-12 00:51:00+00:00,2022-09-12 01:29:00+00:00,1743.8526365714288,1751.1619547142857,0.5995608395993896,142.85714285714286,1,1741.5885714285714,1753.4414285714286,1741.5885714285714,1753.4414285714286,
ETHUSDT,static,اختيار,cycle,2022-09-12 00:36:00+00:00,2022-09-12 01:43:00+00:00,1755.7209024285717,1762.999403142857,0.5929971765145464,142.85714285714286,1,1753.4414285714286,1765.2942857142857,1753.4414285714286,1765.2942857142857,
ETHUSDT,static,اختيار,cycle,2022-09-11 18:58:00+00:00,2022-09-12 01:45:00+00:00,1767.5891682857143,1774.8368515714287,0.5865216552897212,142.85714285714286,1,1765.2942857142857,1777.1471428571429,1765.2942857142857,1777.1471428571429,
ETHUSDT,static,اختيار,cycle,2022-09-12 03:33:00+00:00,2022-09-12 04:09:00+00:00,1720.116104857143,1727.4870578571429,0.6129598891658896,142.85714285714286,1,1717.8828571428571,1729.7357142857143,1717.8828571428571,1729.7357142857143,
ETHUSDT,static,اختيار,cycle,2022-09-12 05:21:00+00:00,2022-09-12 05:32:00+00:00,1720.116104857143,1727.4870578571429,0.6129598891658896,142.85714285714286,1,1717.8828571428571,1729.7357142857143,1717.8828571428571,1729.7357142857143,
ETHUSDT,static,اختيار,cycle,2022-09-12 02:52:00+00:00,2022-09-12 07:13:00+00:00,1731.984370714286,1739.3245062857143,0.6062144564965244,142.85714285714286,1,1729.7357142857143,1741.5885714285714,1729.7357142857143,1741.5885714285714,
ETHUSDT,static,اختيار,cycle,2022-09-12 02:12:00+00:00,2022-09-12 07:47:00+00:00,1743.8526365714288,1751.1619547142857,0.5995608395993896,142.85714285714286,1,1741.5885714285714,1753.4414285714286,1741.5885714285714,1753.4414285714286,
ETHUSDT,static,اختيار,cycle,2022-09-12 02:06:00+00:00,2022-09-12 08:45:00+00:00,1755.7209024285717,1762.999403142857,0.5929971765145464,142.85714285714286,1,1753.4414285714286,1765.2942857142857,1753.4414285714286,1765.2942857142857,
ETHUSDT,static,اختيار,cycle,2022-09-12 10:12:00+00:00,2022-09-12 10:24:00+00:00,1731.984370714286,1739.3245062857143,0.6062144564965244,142.85714285714286,1,1729.7357142857143,1741.5885714285714,1729.7357142857143,1741.5885714285714,
ETHUSDT,static,اختيار,cycle,2022-09-12 10:02:00+00:00,2022-09-12 11:23:00+00:00,1743.8526365714288,1751.1619547142857,0.5995608395993896,142.85714285714286,1,1741.5885714285714,1753.4414285714286,1741.5885714285714,1753.4414285714286,
ETHUSDT,static,اختيار,cycle,2022-09-12 12:17:00+00:00,2022-09-12 13:40:00+00:00,1743.8526365714288,1751.1619547142857,0.5995608395993896,142.85714285714286,1,1741.5885714285714,1753.4414285714286,1741.5885714285714,1753.4414285714286,
ETHUSDT,static,اختيار,cycle,2022-09-12 15:51:00+00:00,2022-09-12 17:19:00+00:00,1708.247839,1715.6496094285715,0.6197990513122239,142.85714285714286,1,1706.03,1717.8828571428571,1706.03,1717.8828571428571,
ETHUSDT,static,اختيار,cycle,2022-09-12 15:45:00+00:00,2022-09-12 17:59:00+00:00,1720.116104857143,1727.4870578571429,0.6129598891658896,142.85714285714286,1,1717.8828571428571,1729.7357142857143,1717.8828571428571,1729.7357142857143,
ETHUSDT,static,اختيار,cycle,2022-09-12 21:18:00+00:00,2022-09-12 21:41:00+00:00,1708.247839,1715.6496094285715,0.6197990513122239,142.85714285714286,1,1706.03,1717.8828571428571,1706.03,1717.8828571428571,
ETHUSDT,static,اختيار,cycle,2022-09-12 22:24:00+00:00,2022-09-13 00:01:00+00:00,1708.247839,1715.6496094285715,0.6197990513122239,142.85714285714286,1,1706.03,1717.8828571428571,1706.03,1717.8828571428571,
ETHUSDT,static,اختيار,cycle,2022-09-13 00:17:00+00:00,2022-09-13 04:23:00+00:00,1708.247839,1715.6496094285715,0.6197990513122239,142.85714285714286,1,1706.03,1717.8828571428571,1706.03,1717.8828571428571,
ETHUSDT,static,اختيار,cycle,2022-09-12 21:07:00+00:00,2022-09-13 06:40:00+00:00,1720.116104857143,1727.4870578571429,0.6129598891658896,142.85714285714286,1,1717.8828571428571,1729.7357142857143,1717.8828571428571,1729.7357142857143,
ETHUSDT,static,اختيار,cycle,2022-09-13 06:43:00+00:00,2022-09-13 07:45:00+00:00,1708.247839,1715.6496094285715,0.6197990513122239,142.85714285714286,1,1706.03,1717.8828571428571,1706.03,1717.8828571428571,
ETHUSDT,static,اختيار,cycle,2022-09-13 06:42:00+00:00,2022-09-13 10:41:00+00:00,1720.116104857143,1727.4870578571429,0.6129598891658896,142.85714285714286,1,1717.8828571428571,1729.7357142857143,1717.8828571428571,1729.7357142857143,
ETHUSDT,static,اختيار,cycle,2022-09-12 15:01:00+00:00,2022-09-13 11:20:00+00:00,1731.984370714286,1739.3245062857143,0.6062144564965244,142.85714285714286,1,1729.7357142857143,1741.5885714285714,1729.7357142857143,1741.5885714285714,
ETHUSDT,static,اختيار,cycle,2022-09-12 14:30:00+00:00,2022-09-13 12:25:00+00:00,1743.8526365714288,1751.1619547142857,0.5995608395993896,142.85714285714286,1,1741.5885714285714,1753.4414285714286,1741.5885714285714,1753.4414285714286,
ETHUSDT,static,اختيار,cycle,2022-09-13 12:26:00+00:00,2022-09-13 12:30:00+00:00,1743.8526365714288,1751.1619547142857,0.5995608395993896,142.85714285714286,1,1741.5885714285714,1753.4414285714286,1741.5885714285714,1753.4414285714286,
ETHUSDT,static,اختيار,flatten,2022-09-13 12:30:00+00:00,2022-09-13 12:31:00+00:00,1708.247839,1669.7359177800001,-3.224857142857141,142.85714285714286,1,1706.03,1671.9094,1706.03,1717.8828571428571,
ETHUSDT,static,اختيار,flatten,2022-09-13 12:30:00+00:00,2022-09-13 12:31:00+00:00,1720.116104857143,1669.7359177800001,-4.189557834239726,142.85714285714286,1,1717.8828571428571,1671.9094,1717.8828571428571,1729.7357142857143,
ETHUSDT,static,اختيار,flatten,2022-09-13 12:30:00+00:00,2022-09-13 12:31:00+00:00,1731.984370714286,1669.7359177800001,-5.141037477590363,142.85714285714286,1,1729.7357142857143,1671.9094,1729.7357142857143,1741.5885714285714,
ETHUSDT,static,اختيار,flatten,2022-09-13 12:31:00+00:00,2022-09-13 12:31:00+00:00,1682.0738570000003,1669.7359177800001,-1.0120431281129363,137.79619920072972,1,1679.89,1671.9094,1741.5885714285714,1753.4414285714286,True
ETHUSDT,static,اختيار,flatten,2022-09-12 08:53:00+00:00,2022-09-13 12:31:00+00:00,1755.7209024285717,1669.7359177800001,-7.005406074794264,142.85714285714286,1,1753.4414285714286,1671.9094,1753.4414285714286,1765.2942857142857,
ETHUSDT,static,اختيار,flatten,2022-09-12 01:57:00+00:00,2022-09-13 12:31:00+00:00,1767.5891682857143,1669.7359177800001,-7.918813253776723,142.85714285714286,1,1765.2942857142857,1671.9094,1765.2942857142857,1777.1471428571429,
ETHUSDT,static,اختيار,flatten,2022-09-11 17:41:00+00:00,2022-09-13 12:31:00+00:00,1779.4574341428572,1669.7359177800001,-8.820036315254631,142.85714285714286,1,1777.1471428571429,1671.9094,1777.1471428571429,1789.0,
ETHUSDT,static,اختيار,cycle,2023-01-11 00:29:00+00:00,2023-01-11 00:46:00+00:00,1336.1862154285716,1337.123762142857,0.1003672685496681,142.85714285714286,1,1334.4514285714286,1338.8642857142856,1334.4514285714286,1338.8642857142856,
ETHUSDT,static,اختيار,cycle,2023-01-11 03:00:00+00:00,2023-01-11 07:23:00+00:00,1331.7676215714287,1332.7166417142857,0.10193261235786716,142.85714285714286,1,1330.0385714285715,1334.4514285714286,1330.0385714285715,1334.4514285714286,
ETHUSDT,static,اختيار,cycle,2023-01-11 13:49:00+00:00,2023-01-11 14:49:00+00:00,1331.7676215714287,1332.7166417142857,0.10193261235786716,142.85714285714286,1,1330.0385714285715,1334.4514285714286,1330.0385714285715,1334.4514285714286,
ETHUSDT,static,اختيار,cycle,2023-01-11 15:38:00+00:00,2023-01-11 15:42:00+00:00,1322.9304338571428,1323.902400857143,0.10509466950823076,142.85714285714286,1,1321.212857142857,1325.6257142857144,1321.212857142857,1325.6257142857144,
ETHUSDT,static,اختيار,cycle,2023-01-11 15:35:00+00:00,2023-01-11 18:03:00+00:00,1327.349027714286,1328.3095212857143,0.103508377868811,142.85714285714286,1,1325.6257142857144,1330.0385714285715,1325.6257142857144,1330.0385714285715,
ETHUSDT,static,اختيار,cycle,2023-01-11 15:34:00+00:00,2023-01-11 18:07:00+00:00,1331.7676215714287,1332.7166417142857,0.10193261235786716,142.85714285714286,1,1330.0385714285715,1334.4514285714286,1330.0385714285715,1334.4514285714286,
ETHUSDT,static,اختيار,cycle,2023-01-11 02:22:00+00:00,2023-01-11 18:09:00+00:00,1336.1862154285716,1337.123762142857,0.1003672685496681,142.85714285714286,1,1334.4514285714286,1338.8642857142856,1334.4514285714286,1338.8642857142856,
ETHUSDT,static,اختيار,cycle,2023-01-11 00:00:00+00:00,2023-01-11 18:11:00+00:00,1337.3663190000002,1341.5308825714287,0.4443599395466858,142.5120437897792,1,1335.63,1343.277142857143,1338.8642857142856,1343.277142857143,
ETHUSDT,static,اختيار,cycle,2023-01-11 18:16:00+00:00,2023-01-11 19:31:00+00:00,1340.6048092857143,1341.5308825714287,0.09881224339546178,142.85714285714286,1,1338.8642857142856,1343.277142857143,1338.8642857142856,1343.277142857143,
ETHUSDT,static,اختيار,cycle,2023-01-11 00:00:00+00:00,2023-01-11 22:02:00+00:00,1337.3663190000002,1345.9380030000002,0.9115961603498486,142.04387138490728,1,1335.63,1347.69,1343.277142857143,1347.69,
ETHUSDT,static,اختيار,cycle,2023-01-11 22:06:00+00:00,2023-01-11 22:19:00+00:00,1345.0234031428574,1345.9380030000002,0.09726743520034961,142.85714285714286,1,1343.277142857143,1347.69,1343.277142857143,1347.69,
ETHUSDT,static,اختيار,cycle,2023-03-11 00:00:00+00:00,2023-03-11 00:50:00+00:00,1428.2843590000002,1437.558741,0.9269774921863665,142.57214164560213,1,1426.43,1439.43,1429.2814285714287,1439.43,
ETHUSDT,static,اختيار,cycle,2023-05-15 00:16:00+00:00,2023-05-15 00:21:00+00:00,1792.146766,1792.3697434285714,0.017797274791504333,142.85714285714286,1,1789.82,1794.702857142857,1789.82,1794.702857142857,
ETHUSDT,static,اختيار,cycle,2023-05-15 00:38:00+00:00,2023-05-15 01:18:00+00:00,1792.146766,1792.3697434285714,0.017797274791504333,142.85714285714286,1,1789.82,1794.702857142857,1789.82,1794.702857142857,
ETHUSDT,static,اختيار,cycle,2023-05-15 00:16:00+00:00,2023-05-15 01:24:00+00:00,1797.035970857143,1797.2462528571427,0.016738306062585702,142.85714285714286,1,1794.702857142857,1799.5857142857142,1794.702857142857,1799.5857142857142,
ETHUSDT,static,اختيار,cycle,2023-05-15 00:00:00+00:00,2023-05-15 01:24:00+00:00,1801.53896,1802.1227622857143,0.04634418125713281,142.8265235649475,1,1799.2,1804.4685714285713,1799.5857142857142,1804.4685714285713,
ETHUSDT,static,اختيار,cycle,2023-05-15 00:00:00+00:00,2023-05-15 01:24:00+00:00,1801.53896,1806.999271714286,0.43228490812378545,142.44003774756004,1,1799.2,1809.3514285714286,1804.4685714285713,1809.3514285714286,
ETHUSDT,static,اختيار,cycle,2023-05-15 00:00:00+00:00,2023-05-15 01:25:00+00:00,1801.53896,1811.8757811428572,0.8161425753866943,142.05563793182404,1,1799.2,1814.2342857142858,1809.3514285714286,1814.2342857142858,
ETHUSDT,static,اختيار,cycle,2023-05-15 01:27:00+00:00,2023-05-15 01:34:00+00:00,1811.7035854285716,1811.8757811428572,0.013595693664946666,142.85714285714286,1,1809.3514285714286,1814.2342857142858,1809.3514285714286,1814.2342857142858,
ETHUSDT,static,اختيار,cycle,2023-05-15 00:00:00+00:00,2023-05-15 01:37:00+00:00,1801.53896,1816.7522905714286,1.197934002178685,141.6733072748519,1,1799.2,1819.1171428571429,1814.2342857142858,1819.1171428571429,
ETHUSDT,static,اختيار,cycle,2023-05-15 00:00:00+00:00,2023-05-15 01:53:00+00:00,1801.53896,1821.6288,1.5776758270495317,141.29302911459405,1,1799.2,1824.0,1819.1171428571429,1824.0,
ETHUSDT,static,اختيار,cycle,2023-05-15 01:57:00+00:00,2023-05-15 01:59:00+00:00,1821.4819951428574,1821.6288,0.01152873663539847,142.85714285714286,1,1819.1171428571429,1824.0,1819.1171428571429,1824.0,
ETHUSDT,static,اختيار,cycle,2023-05-15 14:19:00+00:00,2023-05-15 14:27:00+00:00,1816.5927902857145,1816.7522905714286,0.012559433630725168,142.85714285714286,1,1814.2342857142858,1819.1171428571429,1814.2342857142858,1819.1171428571429,
ETHUSDT,static,اختيار,cycle,2023-05-15 14:09:00+00:00,2023-05-15 14:49:00+00:00,1821.4819951428574,1821.6288,0.01152873663539847,142.85714285714286,1,1819.1171428571429,1824.0,1819.1171428571429,1824.0,
ETHUSDT,static,اختيار,cycle,2023-05-15 23:45:00+00:00,2023-05-16 00:17:00+00:00,1816.5927902857145,1816.7522905714286,0.012559433630725168,142.85714285714286,1,1814.2342857142858,1819.1171428571429,1814.2342857142858,1819.1171428571429,
ETHUSDT,static,اختيار,cycle,2023-05-16 00:51:00+00:00,2023-05-16 00:52:00+00:00,1806.8143805714285,1808.7755310000002,0.1552614167821256,142.85714285714286,1,1804.4685714285713,1811.13,1804.4685714285713,1809.3514285714286,
ETHUSDT,static,اختيار,cycle,2023-05-16 00:51:00+00:00,2023-05-16 00:52:00+00:00,1811.7035854285716,1811.8757811428572,0.013595693664946666,142.85714285714286,1,1809.3514285714286,1814.2342857142858,1809.3514285714286,1814.2342857142858,
ETHUSDT,static,اختيار,cycle,2023-05-16 01:27:00+00:00,2023-05-16 01:46:00+00:00,1801.9251757142858,1802.1227622857143,0.015685083981906447,142.85714285714286,1,1799.5857142857142,1804.4685714285713,1799.5857142857142,1804.4685714285713,
ETHUSDT,static,اختيار,cycle,2023-05-16 01:22:00+00:00,2023-05-16 02:51:00+00:00,1806.8143805714285,1806.999271714286,0.014637561898508752,142.85714285714286,1,1804.4685714285713,1809.3514285714286,1804.4685714285713,1809.3514285714286,
ETHUSDT,static,اختيار,cycle,2023-05-16 01:16:00+00:00,2023-05-16 03:15:00+00:00,1811.7035854285716,1811.8757811428572,0.013595693664946666,142.85714285714286,1,1809.3514285714286,1814.2342857142858,1809.3514285714286,1814.2342857142858,
ETHUSDT,static,اختيار,cycle,2023-05-16 05:48:00+00:00,2023-05-16 07:12:00+00:00,1811.7035854285716,1811.8757811428572,0.013595693664946666,142.85714285714286,1,1809.3514285714286,1814.2342857142858,1809.3514285714286,1814.2342857142858,
ETHUSDT,static,اختيار,cycle,2023-05-16 00:41:00+00:00,2023-05-16 07:19:00+00:00,1816.5927902857145,1816.7522905714286,0.012559433630725168,142.85714285714286,1,1814.2342857142858,1819.1171428571429,1814.2342857142858,1819.1171428571429,
ETHUSDT,static,اختيار,cycle,2023-05-15 23:36:00+00:00,2023-05-16 08:12:00+00:00,1821.4819951428574,1821.6288,0.01152873663539847,142.85714285714286,1,1819.1171428571429,1824.0,1819.1171428571429,1824.0,
ETHUSDT,static,اختيار,cycle,2023-05-16 10:18:00+00:00,2023-05-16 11:38:00+00:00,1816.5927902857145,1816.7522905714286,0.012559433630725168,142.85714285714286,1,1814.2342857142858,1819.1171428571429,1814.2342857142858,1819.1171428571429,
ETHUSDT,static,اختيار,cycle,2023-05-16 12:30:00+00:00,2023-05-16 12:42:00+00:00,1816.5927902857145,1816.7522905714286,0.012559433630725168,142.85714285714286,1,1814.2342857142858,1819.1171428571429,1814.2342857142858,1819.1171428571429,
ETHUSDT,static,اختيار,cycle,2023-05-16 13:40:00+00:00,2023-05-16 13:43:00+00:00,1816.5927902857145,1816.7522905714286,0.012559433630725168,142.85714285714286,1,1814.2342857142858,1819.1171428571429,1814.2342857142858,1819.1171428571429,
ETHUSDT,static,اختيار,cycle,2023-05-16 13:50:00+00:00,2023-05-16 15:03:00+00:00,1816.5927902857145,1816.7522905714286,0.012559433630725168,142.85714285714286,1,1814.2342857142858,1819.1171428571429,1814.2342857142858,1819.1171428571429,
ETHUSDT,static,اختيار,cycle,2023-05-16 08:50:00+00:00,2023-05-16 16:54:00+00:00,1821.4819951428574,1821.6288,0.01152873663539847,142.85714285714286,1,1819.1171428571429,1824.0,1819.1171428571429,1824.0,
ETHUSDT,static,اختيار,cycle,2023-05-16 17:16:00+00:00,2023-05-16 17:42:00+00:00,1821.4819951428574,1821.6288,0.01152873663539847,142.85714285714286,1,1819.1171428571429,1824.0,1819.1171428571429,1824.0,
ETHUSDT,static,اختيار,cycle,2023-05-16 19:50:00+00:00,2023-05-16 21:14:00+00:00,1821.4819951428574,1821.6288,0.01152873663539847,142.85714285714286,1,1819.1171428571429,1824.0,1819.1171428571429,1824.0,
ETHUSDT,static,اختيار,cycle,2023-05-17 00:24:00+00:00,2023-05-17 00:37:00+00:00,1821.4819951428574,1821.6288,0.01152873663539847,142.85714285714286,1,1819.1171428571429,1824.0,1819.1171428571429,1824.0,
ETHUSDT,static,اختيار,cycle,2023-05-17 07:46:00+00:00,2023-05-17 07:47:00+00:00,1806.8143805714285,1806.999271714286,0.014637561898508752,142.85714285714286,1,1804.4685714285713,1809.3514285714286,1804.4685714285713,1809.3514285714286,
ETHUSDT,static,اختيار,cycle,2023-05-17 11:16:00+00:00,2023-05-17 11:17:00+00:00,1797.035970857143,1797.2462528571427,0.016738306062585702,142.85714285714286,1,1794.702857142857,1799.5857142857142,1794.702857142857,1799.5857142857142,
ETHUSDT,static,اختيار,cycle,2023-05-17 11:42:00+00:00,2023-05-17 12:08:00+00:00,1792.146766,1792.3697434285714,0.017797274791504333,142.85714285714286,1,1789.82,1794.702857142857,1789.82,1794.702857142857,
ETHUSDT,static,اختيار,cycle,2023-05-17 11:23:00+00:00,2023-05-17 13:37:00+00:00,1797.035970857143,1797.2462528571427,0.016738306062585702,142.85714285714286,1,1794.702857142857,1799.5857142857142,1794.702857142857,1799.5857142857142,
ETHUSDT,static,اختيار,cycle,2023-05-17 13:53:00+00:00,2023-05-17 14:16:00+00:00,1792.146766,1792.3697434285714,0.017797274791504333,142.85714285714286,1,1789.82,1794.702857142857,1789.82,1794.702857142857,
ETHUSDT,static,اختيار,cycle,2023-05-17 14:33:00+00:00,2023-05-17 14:41:00+00:00,1792.146766,1792.3697434285714,0.017797274791504333,142.85714285714286,1,1789.82,1794.702857142857,1789.82,1794.702857142857,
ETHUSDT,static,اختيار,cycle,2023-05-17 13:49:00+00:00,2023-05-17 14:47:00+00:00,1797.035970857143,1797.2462528571427,0.016738306062585702,142.85714285714286,1,1794.702857142857,1799.5857142857142,1794.702857142857,1799.5857142857142,
ETHUSDT,static,اختيار,cycle,2023-05-17 15:22:00+00:00,2023-05-17 16:08:00+00:00,1797.035970857143,1797.2462528571427,0.016738306062585702,142.85714285714286,1,1794.702857142857,1799.5857142857142,1794.702857142857,1799.5857142857142,
ETHUSDT,static,اختيار,cycle,2023-05-17 16:16:00+00:00,2023-05-17 16:39:00+00:00,1797.035970857143,1797.2462528571427,0.016738306062585702,142.85714285714286,1,1794.702857142857,1799.5857142857142,1794.702857142857,1799.5857142857142,
ETHUSDT,static,اختيار,cycle,2023-05-17 11:16:00+00:00,2023-05-17 16:49:00+00:00,1801.9251757142858,1802.1227622857143,0.015685083981906447,142.85714285714286,1,1799.5857142857142,1804.4685714285713,1799.5857142857142,1804.4685714285713,
ETHUSDT,static,اختيار,cycle,2023-05-17 08:05:00+00:00,2023-05-17 17:46:00+00:00,1806.8143805714285,1806.999271714286,0.014637561898508752,142.85714285714286,1,1804.4685714285713,1809.3514285714286,1804.4685714285713,1809.3514285714286,
ETHUSDT,static,اختيار,cycle,2023-05-17 07:45:00+00:00,2023-05-17 17:48:00+00:00,1811.7035854285716,1811.8757811428572,0.013595693664946666,142.85714285714286,1,1809.3514285714286,1814.2342857142858,1809.3514285714286,1814.2342857142858,
ETHUSDT,static,اختيار,cycle,2023-05-17 07:45:00+00:00,2023-05-17 17:52:00+00:00,1816.5927902857145,1816.7522905714286,0.012559433630725168,142.85714285714286,1,1814.2342857142858,1819.1171428571429,1814.2342857142858,1819.1171428571429,
ETHUSDT,static,اختيار,cycle,2023-05-17 05:41:00+00:00,2023-05-17 18:31:00+00:00,1821.4819951428574,1821.6288,0.01152873663539847,142.85714285714286,1,1819.1171428571429,1824.0,1819.1171428571429,1824.0,
ETHUSDT,static,اختيار,cycle,2023-05-17 18:43:00+00:00,2023-05-17 19:10:00+00:00,1821.4819951428574,1821.6288,0.01152873663539847,142.85714285714286,1,1819.1171428571429,1824.0,1819.1171428571429,1824.0,
ETHUSDT,static,اختيار,cycle,2023-05-18 00:21:00+00:00,2023-05-18 01:05:00+00:00,1821.4819951428574,1821.6288,0.01152873663539847,142.85714285714286,1,1819.1171428571429,1824.0,1819.1171428571429,1824.0,
ETHUSDT,static,اختيار,cycle,2023-05-18 01:42:00+00:00,2023-05-18 02:41:00+00:00,1821.4819951428574,1821.6288,0.01152873663539847,142.85714285714286,1,1819.1171428571429,1824.0,1819.1171428571429,1824.0,
ETHUSDT,static,اختيار,cycle,2023-05-18 05:49:00+00:00,2023-05-18 07:40:00+00:00,1821.4819951428574,1821.6288,0.01152873663539847,142.85714285714286,1,1819.1171428571429,1824.0,1819.1171428571429,1824.0,
ETHUSDT,static,اختيار,cycle,2023-05-18 13:06:00+00:00,2023-05-18 13:37:00+00:00,1816.5927902857145,1816.7522905714286,0.012559433630725168,142.85714285714286,1,1814.2342857142858,1819.1171428571429,1814.2342857142858,1819.1171428571429,
ETHUSDT,static,اختيار,cycle,2023-05-18 14:03:00+00:00,2023-05-18 14:06:00+00:00,1816.5927902857145,1816.7522905714286,0.012559433630725168,142.85714285714286,1,1814.2342857142858,1819.1171428571429,1814.2342857142858,1819.1171428571429,
ETHUSDT,static,اختيار,cycle,2023-05-18 12:39:00+00:00,2023-05-18 14:31:00+00:00,1821.4819951428574,1821.6288,0.01152873663539847,142.85714285714286,1,1819.1171428571429,1824.0,1819.1171428571429,1824.0,
ETHUSDT,static,اختيار,cycle,2023-05-18 14:45:00+00:00,2023-05-18 14:48:00+00:00,1811.7035854285716,1811.8757811428572,0.013595693664946666,142.85714285714286,1,1809.3514285714286,1814.2342857142858,1809.3514285714286,1814.2342857142858,
ETHUSDT,static,اختيار,cycle,2023-05-18 14:44:00+00:00,2023-05-18 15:02:00+00:00,1816.5927902857145,1816.7522905714286,0.012559433630725168,142.85714285714286,1,1814.2342857142858,1819.1171428571429,1814.2342857142858,1819.1171428571429,
ETHUSDT,static,اختيار,cycle,2023-05-18 17:49:00+00:00,2023-05-18 19:34:00+00:00,1792.146766,1792.3697434285714,0.017797274791504333,142.85714285714286,1,1789.82,1794.702857142857,1789.82,1794.702857142857,
ETHUSDT,static,اختيار,cycle,2023-05-18 17:41:00+00:00,2023-05-18 19:45:00+00:00,1797.035970857143,1797.2462528571427,0.016738306062585702,142.85714285714286,1,1794.702857142857,1799.5857142857142,1794.702857142857,1799.5857142857142,
ETHUSDT,static,اختيار,cycle,2023-05-18 19:57:00+00:00,2023-05-18 20:39:00+00:00,1797.035970857143,1797.2462528571427,0.016738306062585702,142.85714285714286,1,1794.702857142857,1799.5857142857142,1794.702857142857,1799.5857142857142,
ETHUSDT,static,اختيار,cycle,2023-05-18 17:39:00+00:00,2023-05-18 21:35:00+00:00,1801.9251757142858,1802.1227622857143,0.015685083981906447,142.85714285714286,1,1799.5857142857142,1804.4685714285713,1799.5857142857142,1804.4685714285713,
ETHUSDT,static,اختيار,cycle,2023-05-18 17:36:00+00:00,2023-05-18 21:35:00+00:00,1806.8143805714285,1806.999271714286,0.014637561898508752,142.85714285714286,1,1804.4685714285713,1809.3514285714286,1804.4685714285713,1809.3514285714286,
ETHUSDT,static,اختيار,cycle,2023-05-18 15:27:00+00:00,2023-05-18 21:36:00+00:00,1811.7035854285716,1811.8757811428572,0.013595693664946666,142.85714285714286,1,1809.3514285714286,1814.2342857142858,1809.3514285714286,1814.2342857142858,
ETHUSDT,static,اختيار,cycle,2023-05-18 15:20:00+00:00,2023-05-18 21:39:00+00:00,1816.5927902857145,1816.7522905714286,0.012559433630725168,142.85714285714286,1,1814.2342857142858,1819.1171428571429,1814.2342857142858,1819.1171428571429,
ETHUSDT,static,اختيار,cycle,2023-05-19 00:00:00+00:00,2023-05-19 00:32:00+00:00,1801.9251757142858,1802.1227622857143,0.015685083981906447,142.85714285714286,1,1799.5857142857142,1804.4685714285713,1799.5857142857142,1804.4685714285713,
ETHUSDT,static,اختيار,cycle,2023-05-19 01:33:00+00:00,2023-05-19 04:55:00+00:00,1801.9251757142858,1802.1227622857143,0.015685083981906447,142.85714285714286,1,1799.5857142857142,1804.4685714285713,1799.5857142857142,1804.4685714285713,
ETHUSDT,static,اختيار,cycle,2023-05-18 23:30:00+00:00,2023-05-19 07:11:00+00:00,1806.8143805714285,1806.999271714286,0.014637561898508752,142.85714285714286,1,1804.4685714285713,1809.3514285714286,1804.4685714285713,1809.3514285714286,
ETHUSDT,static,اختيار,cycle,2023-05-18 22:26:00+00:00,2023-05-19 12:12:00+00:00,1811.7035854285716,1811.8757811428572,0.013595693664946666,142.85714285714286,1,1809.3514285714286,1814.2342857142858,1809.3514285714286,1814.2342857142858,
ETHUSDT,static,اختيار,cycle,2023-05-19 14:10:00+00:00,2023-05-19 15:14:00+00:00,1811.7035854285716,1811.8757811428572,0.013595693664946666,142.85714285714286,1,1809.3514285714286,1814.2342857142858,1809.3514285714286,1814.2342857142858,
ETHUSDT,static,اختيار,cycle,2023-05-18 21:53:00+00:00,2023-05-19 15:18:00+00:00,1816.5927902857145,1816.7522905714286,0.012559433630725168,142.85714285714286,1,1814.2342857142858,1819.1171428571429,1814.2342857142858,1819.1171428571429,
ETHUSDT,static,اختيار,cycle,2023-05-18 14:41:00+00:00,2023-05-19 15:20:00+00:00,1821.4819951428574,1821.6288,0.01152873663539847,142.85714285714286,1,1819.1171428571429,1824.0,1819.1171428571429,1824.0,
ETHUSDT,static,اختيار,cycle,2023-05-19 15:34:00+00:00,2023-05-19 15:40:00+00:00,1806.8143805714285,1806.999271714286,0.014637561898508752,142.85714285714286,1,1804.4685714285713,1809.3514285714286,1804.4685714285713,1809.3514285714286,
ETHUSDT,static,اختيار,cycle,2023-05-19 15:33:00+00:00,2023-05-19 15:43:00+00:00,1811.7035854285716,1811.8757811428572,0.013595693664946666,142.85714285714286,1,1809.3514285714286,1814.2342857142858,1809.3514285714286,1814.2342857142858,
ETHUSDT,static,اختيار,cycle,2023-05-19 15:29:00+00:00,2023-05-19 15:45:00+00:00,1816.5927902857145,1816.7522905714286,0.012559433630725168,142.85714285714286,1,1814.2342857142858,1819.1171428571429,1814.2342857142858,1819.1171428571429,
ETHUSDT,static,اختيار,cycle,2023-05-19 15:50:00+00:00,2023-05-19 17:47:00+00:00,1816.5927902857145,1816.7522905714286,0.012559433630725168,142.85714285714286,1,1814.2342857142858,1819.1171428571429,1814.2342857142858,1819.1171428571429,
ETHUSDT,static,اختيار,cycle,2023-05-19 19:25:00+00:00,2023-05-19 20:13:00+00:00,1811.7035854285716,1811.8757811428572,0.013595693664946666,142.85714285714286,1,1809.3514285714286,1814.2342857142858,1809.3514285714286,1814.2342857142858,
ETHUSDT,static,اختيار,cycle,2023-05-20 00:34:00+00:00,2023-05-20 08:54:00+00:00,1811.7035854285716,1811.8757811428572,0.013595693664946666,142.85714285714286,1,1809.3514285714286,1814.2342857142858,1809.3514285714286,1814.2342857142858,
ETHUSDT,static,اختيار,cycle,2023-05-19 19:06:00+00:00,2023-05-20 14:58:00+00:00,1816.5927902857145,1816.7522905714286,0.012559433630725168,142.85714285714286,1,1814.2342857142858,1819.1171428571429,1814.2342857142858,1819.1171428571429,
ETHUSDT,static,اختيار,cycle,2023-05-20 17:15:00+00:00,2023-05-20 17:44:00+00:00,1816.5927902857145,1816.7522905714286,0.012559433630725168,142.85714285714286,1,1814.2342857142858,1819.1171428571429,1814.2342857142858,1819.1171428571429,
ETHUSDT,static,اختيار,cycle,2023-05-19 15:28:00+00:00,2023-05-20 17:46:00+00:00,1821.4819951428574,1821.6288,0.01152873663539847,142.85714285714286,1,1819.1171428571429,1824.0,1819.1171428571429,1824.0,
ETHUSDT,static,اختيار,cycle,2023-05-20 21:02:00+00:00,2023-05-20 23:31:00+00:00,1816.5927902857145,1816.7522905714286,0.012559433630725168,142.85714285714286,1,1814.2342857142858,1819.1171428571429,1814.2342857142858,1819.1171428571429,
ETHUSDT,static,اختيار,cycle,2023-05-20 19:02:00+00:00,2023-05-21 00:49:00+00:00,1821.4819951428574,1821.6288,0.01152873663539847,142.85714285714286,1,1819.1171428571429,1824.0,1819.1171428571429,1824.0,
ETHUSDT,static,اختيار,cycle,2023-05-21 10:45:00+00:00,2023-05-21 12:58:00+00:00,1811.7035854285716,1811.8757811428572,0.013595693664946666,142.85714285714286,1,1809.3514285714286,1814.2342857142858,1809.3514285714286,1814.2342857142858,
ETHUSDT,static,اختيار,cycle,2023-05-21 15:44:00+00:00,2023-05-21 15:49:00+00:00,1806.8143805714285,1806.999271714286,0.014637561898508752,142.85714285714286,1,1804.4685714285713,1809.3514285714286,1804.4685714285713,1809.3514285714286,
ETHUSDT,static,اختيار,cycle,2023-05-21 15:55:00+00:00,2023-05-21 16:07:00+00:00,1806.8143805714285,1806.999271714286,0.014637561898508752,142.85714285714286,1,1804.4685714285713,1809.3514285714286,1804.4685714285713,1809.3514285714286,
ETHUSDT,static,اختيار,cycle,2023-05-21 16:46:00+00:00,2023-05-21 19:47:00+00:00,1806.8143805714285,1806.999271714286,0.014637561898508752,142.85714285714286,1,1804.4685714285713,1809.3514285714286,1804.4685714285713,1809.3514285714286,
ETHUSDT,static,اختيار,cycle,2023-05-21 21:05:00+00:00,2023-05-21 21:50:00+00:00,1801.9251757142858,1802.1227622857143,0.015685083981906447,142.85714285714286,1,1799.5857142857142,1804.4685714285713,1799.5857142857142,1804.4685714285713,
ETHUSDT,static,اختيار,cycle,2023-05-22 00:30:00+00:00,2023-05-22 00:32:00+00:00,1797.035970857143,1797.2462528571427,0.016738306062585702,142.85714285714286,1,1794.702857142857,1799.5857142857142,1794.702857142857,1799.5857142857142,
ETHUSDT,static,اختيار,cycle,2023-05-22 00:46:00+00:00,2023-05-22 01:01:00+00:00,1797.035970857143,1797.2462528571427,0.016738306062585702,142.85714285714286,1,1794.702857142857,1799.5857142857142,1794.702857142857,1799.5857142857142,
ETHUSDT,static,اختيار,cycle,2023-05-22 01:51:00+00:00,2023-05-22 02:29:00+00:00,1797.035970857143,1797.2462528571427,0.016738306062585702,142.85714285714286,1,1794.702857142857,1799.5857142857142,1794.702857142857,1799.5857142857142,
ETHUSDT,static,اختيار,cycle,2023-05-22 00:30:00+00:00,2023-05-22 04:38:00+00:00,1801.9251757142858,1802.1227622857143,0.015685083981906447,142.85714285714286,1,1799.5857142857142,1804.4685714285713,1799.5857142857142,1804.4685714285713,
ETHUSDT,static,اختيار,cycle,2023-05-21 21:03:00+00:00,2023-05-22 06:19:00+00:00,1806.8143805714285,1806.999271714286,0.014637561898508752,142.85714285714286,1,1804.4685714285713,1809.3514285714286,1804.4685714285713,1809.3514285714286,
ETHUSDT,static,اختيار,cycle,2023-05-21 15:44:00+00:00,2023-05-22 06:22:00+00:00,1811.7035854285716,1811.8757811428572,0.013595693664946666,142.85714285714286,1,1809.3514285714286,1814.2342857142858,1809.3514285714286,1814.2342857142858,
ETHUSDT,static,اختيار,cycle,2023-05-22 06:47:00+00:00,2023-05-22 08:01:00+00:00,1811.7035854285716,1811.8757811428572,0.013595693664946666,142.85714285714286,1,1809.3514285714286,1814.2342857142858,1809.3514285714286,1814.2342857142858,
ETHUSDT,static,اختيار,cycle,2023-05-21 05:27:00+00:00,2023-05-22 10:00:00+00:00,1816.5927902857145,1816.7522905714286,0.012559433630725168,142.85714285714286,1,1814.2342857142858,1819.1171428571429,1814.2342857142858,1819.1171428571429,
ETHUSDT,static,اختيار,cycle,2023-05-22 13:00:00+00:00,2023-05-22 13:24:00+00:00,1811.7035854285716,1811.8757811428572,0.013595693664946666,142.85714285714286,1,1809.3514285714286,1814.2342857142858,1809.3514285714286,1814.2342857142858,
ETHUSDT,static,اختيار,cycle,2023-05-22 11:14:00+00:00,2023-05-22 13:33:00+00:00,1816.5927902857145,1816.7522905714286,0.012559433630725168,142.85714285714286,1,1814.2342857142858,1819.1171428571429,1814.2342857142858,1819.1171428571429,
ETHUSDT,static,اختيار,cycle,2023-05-21 01:49:00+00:00,2023-05-22 13:42:00+00:00,1821.4819951428574,1821.6288,0.01152873663539847,142.85714285714286,1,1819.1171428571429,1824.0,1819.1171428571429,1824.0,
ETHUSDT,static,اختيار,cycle,2023-05-22 14:09:00+00:00,2023-05-22 14:11:00+00:00,1811.7035854285716,1811.8757811428572,0.013595693664946666,142.85714285714286,1,1809.3514285714286,1814.2342857142858,1809.3514285714286,1814.2342857142858,
ETHUSDT,static,اختيار,cycle,2023-05-22 14:08:00+00:00,2023-05-22 14:17:00+00:00,1816.5927902857145,1816.7522905714286,0.012559433630725168,142.85714285714286,1,1814.2342857142858,1819.1171428571429,1814.2342857142858,1819.1171428571429,
ETHUSDT,static,اختيار,cycle,2023-05-22 15:17:00+00:00,2023-05-22 16:11:00+00:00,1816.5927902857145,1816.7522905714286,0.012559433630725168,142.85714285714286,1,1814.2342857142858,1819.1171428571429,1814.2342857142858,1819.1171428571429,
ETHUSDT,static,اختيار,cycle,2023-05-22 16:24:00+00:00,2023-05-22 16:43:00+00:00,1816.5927902857145,1816.7522905714286,0.012559433630725168,142.85714285714286,1,1814.2342857142858,1819.1171428571429,1814.2342857142858,1819.1171428571429,
ETHUSDT,static,اختيار,cycle,2023-05-22 17:14:00+00:00,2023-05-22 17:54:00+00:00,1816.5927902857145,1816.7522905714286,0.012559433630725168,142.85714285714286,1,1814.2342857142858,1819.1171428571429,1814.2342857142858,1819.1171428571429,
ETHUSDT,static,اختيار,cycle,2023-05-22 20:27:00+00:00,2023-05-22 20:54:00+00:00,1816.5927902857145,1816.7522905714286,0.012559433630725168,142.85714285714286,1,1814.2342857142858,1819.1171428571429,1814.2342857142858,1819.1171428571429,
ETHUSDT,static,اختيار,cycle,2023-05-22 14:03:00+00:00,2023-05-22 21:24:00+00:00,1821.4819951428574,1821.6288,0.01152873663539847,142.85714285714286,1,1819.1171428571429,1824.0,1819.1171428571429,1824.0,
ETHUSDT,static,اختيار,cycle,2023-05-22 22:34:00+00:00,2023-05-23 01:28:00+00:00,1821.4819951428574,1821.6288,0.01152873663539847,142.85714285714286,1,1819.1171428571429,1824.0,1819.1171428571429,1824.0,
ETHUSDT,static,اختيار,cycle,2023-06-12 00:48:00+00:00,2023-06-12 00:51:00+00:00,1746.6348201428573,1747.7392671428572,0.09045007726911491,142.85714285714286,1,1744.3671428571429,1750.0142857142857,1744.3671428571429,1750.0142857142857,
ETHUSDT,static,اختيار,cycle,2023-06-12 02:22:00+00:00,2023-06-12 06:28:00+00:00,1740.980336,1742.0994655714287,0.09195020075758767,142.85714285714286,1,1738.72,1744.3671428571429,1738.72,1744.3671428571429,
ETHUSDT,static,اختيار,cycle,2023-06-12 07:48:00+00:00,2023-06-12 08:26:00+00:00,1740.980336,1742.0994655714287,0.09195020075758767,142.85714285714286,1,1738.72,1744.3671428571429,1738.72,1744.3671428571429,
ETHUSDT,static,اختيار,cycle,2023-06-12 01:35:00+00:00,2023-06-12 09:05:00+00:00,1746.6348201428573,1747.7392671428572,0.09045007726911491,142.85714285714286,1,1744.3671428571429,1750.0142857142857,1744.3671428571429,1750.0142857142857,
ETHUSDT,static,اختيار,cycle,2023-06-12 00:18:00+00:00,2023-06-12 09:08:00+00:00,1752.2893042857145,1753.3790687142857,0.08895963531491524,142.85714285714286,1,1750.0142857142857,1755.6614285714286,1750.0142857142857,1755.6614285714286,
ETHUSDT,static,اختيار,cycle,2023-06-12 09:13:00+00:00,2023-06-12 09:21:00+00:00,1752.2893042857145,1753.3790687142857,0.08895963531491524,142.85714285714286,1,1750.0142857142857,1755.6614285714286,1750.0142857142857,1755.6614285714286,
ETHUSDT,static,اختيار,cycle,2023-06-12 13:26:00+00:00,2023-06-12 17:45:00+00:00,1740.980336,1742.0994655714287,0.09195020075758767,142.85714285714286,1,1738.72,1744.3671428571429,1738.72,1744.3671428571429,
ETHUSDT,static,اختيار,cycle,2023-06-12 17:52:00+00:00,2023-06-12 22:00:00+00:00,1740.980336,1742.0994655714287,0.09195020075758767,142.85714285714286,1,1738.72,1744.3671428571429,1738.72,1744.3671428571429,
ETHUSDT,static,اختيار,cycle,2023-06-12 11:31:00+00:00,2023-06-13 00:15:00+00:00,1746.6348201428573,1747.7392671428572,0.09045007726911491,142.85714285714286,1,1744.3671428571429,1750.0142857142857,1744.3671428571429,1750.0142857142857,
ETHUSDT,static,اختيار,cycle,2023-06-13 00:46:00+00:00,2023-06-13 01:29:00+00:00,1740.980336,1742.0994655714287,0.09195020075758767,142.85714285714286,1,1738.72,1744.3671428571429,1738.72,1744.3671428571429,
ETHUSDT,static,اختيار,cycle,2023-06-13 01:46:00+00:00,2023-06-13 02:35:00+00:00,1740.980336,1742.0994655714287,0.09195020075758767,142.85714285714286,1,1738.72,1744.3671428571429,1738.72,1744.3671428571429,
ETHUSDT,static,اختيار,cycle,2023-06-13 00:23:00+00:00,2023-06-13 02:36:00+00:00,1746.6348201428573,1747.7392671428572,0.09045007726911491,142.85714285714286,1,1744.3671428571429,1750.0142857142857,1744.3671428571429,1750.0142857142857,
ETHUSDT,static,اختيار,cycle,2023-06-12 09:32:00+00:00,2023-06-13 02:38:00+00:00,1752.2893042857145,1753.3790687142857,0.08895963531491524,142.85714285714286,1,1750.0142857142857,1755.6614285714286,1750.0142857142857,1755.6614285714286,
ETHUSDT,static,اختيار,cycle,2023-06-13 04:19:00+00:00,2023-06-13 05:13:00+00:00,1746.6348201428573,1747.7392671428572,0.09045007726911491,142.85714285714286,1,1744.3671428571429,1750.0142857142857,1744.3671428571429,1750.0142857142857,
ETHUSDT,static,اختيار,cycle,2023-06-13 02:46:00+00:00,2023-06-13 08:45:00+00:00,1752.2893042857145,1753.3790687142857,0.08895963531491524,142.85714285714286,1,1750.0142857142857,1755.6614285714286,1750.0142857142857,1755.6614285714286,
ETHUSDT,static,اختيار,cycle,2023-06-13 09:14:00+00:00,2023-06-13 12:05:00+00:00,1752.2893042857145,1753.3790687142857,0.08895963531491524,142.85714285714286,1,1750.0142857142857,1755.6614285714286,1750.0142857142857,1755.6614285714286,
ETHUSDT,static,اختيار,cycle,2023-06-13 12:19:00+00:00,2023-06-13 12:30:00+00:00,1752.2893042857145,1753.3790687142857,0.08895963531491524,142.85714285714286,1,1750.0142857142857,1755.6614285714286,1750.0142857142857,1755.6614285714286,
ETHUSDT,static,اختيار,cycle,2023-06-12 00:00:00+00:00,2023-06-13 12:30:00+00:00,1755.0486010000002,1759.0188702857145,0.32305848798655995,142.62186900663406,1,1752.77,1761.3085714285714,1755.6614285714286,1761.3085714285714,
ETHUSDT,static,اختيار,cycle,2023-06-12 00:00:00+00:00,2023-06-13 12:32:00+00:00,1755.0486010000002,1764.658671857143,0.7794586863292207,142.16459191056,1,1752.77,1766.9557142857143,1761.3085714285714,1766.9557142857143,
ETHUSDT,static,اختيار,cycle,2023-06-13 12:34:00+00:00,2023-06-13 12:39:00+00:00,1757.9437884285717,1759.0188702857145,0.08747878147208478,142.85714285714286,1,1755.6614285714286,1761.3085714285714,1755.6614285714286,1761.3085714285714,
ETHUSDT,static,اختيار,cycle,2023-06-13 12:43:00+00:00,2023-06-13 12:47:00+00:00,1746.6348201428573,1747.7392671428572,0.09045007726911491,142.85714285714286,1,1744.3671428571429,1750.0142857142857,1744.3671428571429,1750.0142857142857,
ETHUSDT,static,اختيار,cycle,2023-06-13 12:55:00+00:00,2023-06-13 13:03:00+00:00,1740.980336,1742.0994655714287,0.09195020075758767,142.85714285714286,1,1738.72,1744.3671428571429,1738.72,1744.3671428571429,
ETHUSDT,static,اختيار,cycle,2023-06-13 13:10:00+00:00,2023-06-13 13:29:00+00:00,1740.980336,1742.0994655714287,0.09195020075758767,142.85714285714286,1,1738.72,1744.3671428571429,1738.72,1744.3671428571429,
ETHUSDT,static,اختيار,cycle,2023-06-13 13:48:00+00:00,2023-06-13 18:13:00+00:00,1740.980336,1742.0994655714287,0.09195020075758767,142.85714285714286,1,1738.72,1744.3671428571429,1738.72,1744.3671428571429,
ETHUSDT,static,اختيار,cycle,2023-06-13 12:52:00+00:00,2023-06-13 18:19:00+00:00,1746.6348201428573,1747.7392671428572,0.09045007726911491,142.85714285714286,1,1744.3671428571429,1750.0142857142857,1744.3671428571429,1750.0142857142857,
ETHUSDT,static,اختيار,cycle,2023-06-13 18:42:00+00:00,2023-06-13 19:21:00+00:00,1740.980336,1742.0994655714287,0.09195020075758767,142.85714285714286,1,1738.72,1744.3671428571429,1738.72,1744.3671428571429,
ETHUSDT,static,اختيار,cycle,2023-06-13 20:05:00+00:00,2023-06-13 20:36:00+00:00,1740.980336,1742.0994655714287,0.09195020075758767,142.85714285714286,1,1738.72,1744.3671428571429,1738.72,1744.3671428571429,
ETHUSDT,static,اختيار,cycle,2023-06-13 20:44:00+00:00,2023-06-14 00:42:00+00:00,1740.980336,1742.0994655714287,0.09195020075758767,142.85714285714286,1,1738.72,1744.3671428571429,1738.72,1744.3671428571429,
ETHUSDT,static,اختيار,cycle,2023-06-14 05:34:00+00:00,2023-06-14 08:36:00+00:00,1740.980336,1742.0994655714287,0.09195020075758767,142.85714285714286,1,1738.72,1744.3671428571429,1738.72,1744.3671428571429,
ETHUSDT,static,اختيار,cycle,2023-06-13 18:23:00+00:00,2023-06-14 11:32:00+00:00,1746.6348201428573,1747.7392671428572,0.09045007726911491,142.85714285714286,1,1744.3671428571429,1750.0142857142857,1744.3671428571429,1750.0142857142857,
ETHUSDT,static,اختيار,cycle,2023-06-14 13:31:00+00:00,2023-06-14 17:58:00+00:00,1740.980336,1742.0994655714287,0.09195020075758767,142.85714285714286,1,1738.72,1744.3671428571429,1738.72,1744.3671428571429,
ETHUSDT,static,اختيار,cycle,2023-06-14 18:00:00+00:00,2023-06-14 18:45:00+00:00,1740.980336,1742.0994655714287,0.09195020075758767,142.85714285714286,1,1738.72,1744.3671428571429,1738.72,1744.3671428571429,
ETHUSDT,static,اختيار,flatten,2023-06-14 18:46:00+00:00,2023-06-14 20:05:00+00:00,1740.980336,1701.73047072,-3.224857142857142,142.85714285714286,1,1738.72,1703.9456,1738.72,1744.3671428571429,
ETHUSDT,static,اختيار,flatten,2023-06-14 12:35:00+00:00,2023-06-14 20:05:00+00:00,1746.6348201428573,1701.73047072,-3.677498218580885,142.85714285714286,1,1744.3671428571429,1703.9456,1744.3671428571429,1750.0142857142857,
ETHUSDT,static,اختيار,flatten,2023-06-13 12:41:00+00:00,2023-06-14 20:05:00+00:00,1752.2893042857145,1701.73047072,-4.127218028074416,142.85714285714286,1,1750.0142857142857,1703.9456,1750.0142857142857,1755.6614285714286,
ETHUSDT,static,اختيار,flatten,2023-06-13 12:41:00+00:00,2023-06-14 20:05:00+00:00,1757.9437884285717,1701.73047072,-4.574044760385105,142.85714285714286,1,1755.6614285714286,1703.9456,1755.6614285714286,1761.3085714285714,
ETHUSDT,static,اختيار,flatten,2023-06-13 12:33:00+00:00,2023-06-14 20:05:00+00:00,1761.506986,1701.73047072,-4.848385070840188,142.68774190618015,1,1759.22,1703.9456,1761.3085714285714,1766.9557142857143,
ETHUSDT,static,اختيار,flatten,2023-06-12 00:00:00+00:00,2023-06-14 20:05:00+00:00,1755.0486010000002,1701.73047072,-4.310733819022071,141.71023770504397,1,1752.77,1703.9456,1766.9557142857143,1772.6028571428571,
ETHUSDT,static,اختيار,flatten,2023-06-12 00:00:00+00:00,2023-06-14 20:05:00+00:00,1755.0486010000002,1701.73047072,-4.297000720490136,141.25877845492747,1,1752.77,1703.9456,1772.6028571428571,1778.25,
ETHUSDT,static,اختيار,cycle,2023-07-31 00:00:00+00:00,2023-07-31 00:44:00+00:00,1864.210327,1866.9569395714286,0.2104913003122649,142.68142587162743,1,1861.79,1869.3871428571429,1864.0828571428572,1869.3871428571429,
ETHUSDT,static,اختيار,cycle,2023-07-31 00:00:00+00:00,2023-07-31 00:48:00+00:00,1864.210327,1872.2543297142859,0.6147165659552178,142.27657498141102,1,1861.79,1874.6914285714286,1869.3871428571429,1874.6914285714286,
ETHUSDT,static,اختيار,cycle,2023-07-31 01:12:00+00:00,2023-07-31 02:33:00+00:00,1871.8173461428573,1872.2543297142859,0.0333939519849154,142.85714285714286,1,1869.3871428571429,1874.6914285714286,1869.3871428571429,1874.6914285714286,
ETHUSDT,static,اختيار,cycle,2023-07-31 04:31:00+00:00,2023-07-31 10:16:00+00:00,1866.506164857143,1866.9569395714286,0.03454588271564197,142.85714285714286,1,1864.0828571428572,1869.3871428571429,1864.0828571428572,1869.3871428571429,
ETHUSDT,static,اختيار,cycle,2023-07-31 20:05:00+00:00,2023-07-31 20:11:00+00:00,1855.8838022857144,1856.3621592857144,0.03686952379777591,142.85714285714286,1,1853.4742857142858,1858.7785714285715,1853.4742857142858,1858.7785714285715,
ETHUSDT,static,اختيار,cycle,2023-07-31 20:47:00+00:00,2023-08-01 00:30:00+00:00,1855.8838022857144,1856.3621592857144,0.03686952379777591,142.85714285714286,1,1853.4742857142858,1858.7785714285715,1853.4742857142858,1858.7785714285715,
ETHUSDT,static,اختيار,cycle,2023-07-31 15:17:00+00:00,2023-08-01 01:04:00+00:00,1861.1949835714288,1861.6595494285716,0.035704387838620275,142.85714285714286,1,1858.7785714285715,1864.0828571428572,1858.7785714285715,1864.0828571428572,
ETHUSDT,static,اختيار,cycle,2023-08-01 02:09:00+00:00,2023-08-01 18:59:00+00:00,1850.5726210000003,1851.0647691428574,0.03804134768501538,142.85714285714286,1,1848.17,1853.4742857142858,1848.17,1853.4742857142858,
ETHUSDT,static,اختيار,cycle,2023-08-01 19:42:00+00:00,2023-08-01 23:05:00+00:00,1850.5726210000003,1851.0647691428574,0.03804134768501538,142.85714285714286,1,1848.17,1853.4742857142858,1848.17,1853.4742857142858,
ETHUSDT,static,اختيار,cycle,2023-08-01 01:53:00+00:00,2023-08-01 23:08:00+00:00,1855.8838022857144,1856.3621592857144,0.03686952379777591,142.85714285714286,1,1853.4742857142858,1858.7785714285715,1853.4742857142858,1858.7785714285715,
ETHUSDT,static,اختيار,cycle,2023-08-01 01:26:00+00:00,2023-08-01 23:29:00+00:00,1861.1949835714288,1861.6595494285716,0.035704387838620275,142.85714285714286,1,1858.7785714285715,1864.0828571428572,1858.7785714285715,1864.0828571428572,
ETHUSDT,static,اختيار,cycle,2023-07-31 13:53:00+00:00,2023-08-01 23:30:00+00:00,1866.506164857143,1866.9569395714286,0.03454588271564197,142.85714285714286,1,1864.0828571428572,1869.3871428571429,1864.0828571428572,1869.3871428571429,
ETHUSDT,static,اختيار,cycle,2023-07-31 03:17:00+00:00,2023-08-01 23:58:00+00:00,1871.8173461428573,1872.2543297142859,0.0333939519849154,142.85714285714286,1,1869.3871428571429,1874.6914285714286,1869.3871428571429,1874.6914285714286,
ETHUSDT,static,اختيار,cycle,2023-08-02 00:40:00+00:00,2023-08-02 01:11:00+00:00,1871.8173461428573,1872.2543297142859,0.0333939519849154,142.85714285714286,1,1869.3871428571429,1874.6914285714286,1869.3871428571429,1874.6914285714286,
ETHUSDT,static,اختيار,cycle,2023-08-02 14:08:00+00:00,2023-08-03 17:02:00+00:00,1850.5726210000003,1851.0647691428574,0.03804134768501538,142.85714285714286,1,1848.17,1853.4742857142858,1848.17,1853.4742857142858,
ETHUSDT,static,اختيار,cycle,2023-08-02 13:04:00+00:00,2023-08-03 17:15:00+00:00,1855.8838022857144,1856.3621592857144,0.03686952379777591,142.85714285714286,1,1853.4742857142858,1858.7785714285715,1853.4742857142858,1858.7785714285715,
ETHUSDT,static,اختيار,cycle,2023-08-03 17:48:00+00:00,2023-08-03 20:30:00+00:00,1850.5726210000003,1851.0647691428574,0.03804134768501538,142.85714285714286,1,1848.17,1853.4742857142858,1848.17,1853.4742857142858,
ETHUSDT,static,اختيار,flatten,2023-08-03 20:42:00+00:00,2023-08-07 16:12:00+00:00,1850.5726210000003,1808.85203142,-3.224857142857162,142.85714285714286,1,1848.17,1811.2066,1848.17,1853.4742857142858,
ETHUSDT,static,اختيار,flatten,2023-08-03 17:29:00+00:00,2023-08-07 16:12:00+00:00,1855.8838022857144,1808.85203142,-3.6249892761789755,142.85714285714286,1,1853.4742857142858,1811.2066,1853.4742857142858,1858.7785714285715,
ETHUSDT,static,اختيار,flatten,2023-08-02 06:54:00+00:00,2023-08-07 16:12:00+00:00,1861.1949835714288,1808.85203142,-4.022837743020862,142.85714285714286,1,1858.7785714285715,1811.2066,1858.7785714285715,1864.0828571428572,
ETHUSDT,static,اختيار,flatten,2023-08-02 03:35:00+00:00,2023-08-07 16:12:00+00:00,1866.506164857143,1808.85203142,-4.418422038041147,142.85714285714286,1,1864.0828571428572,1811.2066,1864.0828571428572,1869.3871428571429,
ETHUSDT,static,اختيار,flatten,2023-08-02 01:59:00+00:00,2023-08-07 16:12:00+00:00,1871.8173461428573,1808.85203142,-4.811761434638039,142.85714285714286,1,1869.3871428571429,1811.2066,1869.3871428571429,1874.6914285714286,
ETHUSDT,static,اختيار,flatten,2023-07-31 00:00:00+00:00,2023-08-07 16:12:00+00:00,1864.210327,1808.85203142,-4.218469140826224,141.8740150760049,1,1861.79,1811.2066,1874.6914285714286,1879.9957142857143,
ETHUSDT,static,اختيار,flatten,2023-07-31 00:00:00+00:00,2023-08-07 16:12:00+00:00,1864.210327,1808.85203142,-4.2065670043320775,141.47372676381482,1,1861.79,1811.2066,1879.9957142857143,1885.3,
ETHUSDT,static,اختيار,cycle,2023-10-26 00:07:00+00:00,2023-10-26 00:28:00+00:00,1787.0444272857144,1790.634858857143,0.28739385686853214,142.85714285714286,1,1784.7242857142858,1792.9657142857143,1784.7242857142858,1792.9657142857143,
ETHUSDT,static,اختيار,cycle,2023-10-26 00:46:00+00:00,2023-10-26 00:59:00+00:00,1787.0444272857144,1790.634858857143,0.28739385686853214,142.85714285714286,1,1784.7242857142858,1792.9657142857143,1784.7242857142858,1792.9657142857143,
ETHUSDT,static,اختيار,cycle,2023-10-26 00:00:00+00:00,2023-10-26 03:23:00+00:00,1789.4732950000002,1798.8655735714285,0.7483434127836306,142.3937673893852,1,1787.15,1801.2071428571428,1792.9657142857143,1801.2071428571428,
ETHUSDT,static,اختيار,cycle,2023-10-26 00:00:00+00:00,2023-10-26 03:36:00+00:00,1789.4732950000002,1807.0962882857145,1.3977129056874003,141.74224428855254,1,1787.15,1809.4485714285715,1801.2071428571428,1809.4485714285715,
ETHUSDT,static,اختيار,cycle,2023-10-26 06:04:00+00:00,2023-10-26 06:39:00+00:00,1795.2965697142859,1798.8655735714285,0.2843655569178808,142.85714285714286,1,1792.9657142857143,1801.2071428571428,1792.9657142857143,1801.2071428571428,
ETHUSDT,static,اختيار,cycle,2023-10-26 05:37:00+00:00,2023-10-26 06:54:00+00:00,1803.5487121428573,1807.0962882857145,0.2813649689578992,142.85714285714286,1,1801.2071428571428,1809.4485714285715,1801.2071428571428,1809.4485714285715,
ETHUSDT,static,اختيار,cycle,2023-10-26 00:00:00+00:00,2023-10-26 07:13:00+00:00,1789.4732950000002,1815.327003,2.041167080104899,141.09665612412306,1,1787.15,1817.69,1809.4485714285715,1817.69,
ETHUSDT,static,حكم,cycle,2024-01-30 00:10:00+00:00,2024-01-30 01:35:00+00:00,2312.6940274285716,2319.3209580000002,0.40988348297784993,142.85714285714286,1,2309.691428571429,2322.34,2309.691428571429,2322.34,
ETHUSDT,static,حكم,cycle,2024-01-30 04:28:00+00:00,2024-01-30 12:18:00+00:00,2312.6940274285716,2319.3209580000002,0.40988348297784993,142.85714285714286,1,2309.691428571429,2322.34,2309.691428571429,2322.34,
ETHUSDT,static,حكم,cycle,2024-01-30 13:16:00+00:00,2024-01-30 14:18:00+00:00,2300.0290128571432,2306.688829714286,0.41418574547043,142.85714285714286,1,2297.0428571428574,2309.691428571429,2297.0428571428574,2309.691428571429,
ETHUSDT,static,حكم,cycle,2024-01-30 12:29:00+00:00,2024-01-30 15:36:00+00:00,2312.6940274285716,2319.3209580000002,0.40988348297784993,142.85714285714286,1,2309.691428571429,2322.34,2309.691428571429,2322.34,
ETHUSDT,static,حكم,cycle,2024-04-17 00:00:00+00:00,2024-04-17 04:33:00+00:00,3088.219473,3103.6828174285715,0.715496421143363,142.70788749794673,1,3084.21,3107.7228571428573,3087.4357142857143,3107.7228571428573,
ETHUSDT,static,حكم,cycle,2024-04-17 07:06:00+00:00,2024-04-17 08:00:00+00:00,3071.1358645714286,3083.422047857143,0.5722478060457403,142.85714285714286,1,3067.1485714285714,3087.4357142857143,3067.1485714285714,3087.4357142857143,
ETHUSDT,static,حكم,cycle,2024-04-17 12:28:00+00:00,2024-04-17 13:36:00+00:00,3030.5088322857146,3042.900508714286,0.5848987411779736,142.85714285714286,1,3026.574285714286,3046.861428571429,3026.574285714286,3046.861428571429,
ETHUSDT,static,حكم,cycle,2024-04-17 14:18:00+00:00,2024-04-17 14:46:00+00:00,2989.8818,3002.3789695714286,0.5978934825102123,142.85714285714286,1,2986.0,3006.287142857143,2986.0,3006.287142857143,
ETHUSDT,static,حكم,flatten,2024-04-17 14:51:00+00:00,2024-04-17 16:05:00+00:00,2989.8818,2922.4758359999996,-3.2248571428571666,142.85714285714286,1,2986.0,2926.2799999999997,2986.0,3006.287142857143,
ETHUSDT,static,حكم,flatten,2024-04-17 14:06:00+00:00,2024-04-17 16:05:00+00:00,3010.1953161428573,2922.4758359999996,-4.168382363573184,142.85714285714286,1,3006.287142857143,2926.2799999999997,3006.287142857143,3026.574285714286,
ETHUSDT,static,حكم,flatten,2024-04-17 14:03:00+00:00,2024-04-17 16:05:00+00:00,3030.5088322857146,2922.4758359999996,-5.0992586755660065,142.85714285714286,1,3026.574285714286,2926.2799999999997,3026.574285714286,3046.861428571429,
ETHUSDT,static,حكم,flatten,2024-04-17 11:49:00+00:00,2024-04-17 16:05:00+00:00,3050.822348428572,2922.4758359999996,-6.017738742329796,142.85714285714286,1,3046.861428571429,2926.2799999999997,3046.861428571429,3067.1485714285714,
ETHUSDT,static,حكم,flatten,2024-04-17 08:46:00+00:00,2024-04-17 16:05:00+00:00,3071.1358645714286,2922.4758359999996,-6.924068542556462,142.85714285714286,1,3067.1485714285714,2926.2799999999997,3067.1485714285714,3087.4357142857143,
ETHUSDT,static,حكم,flatten,2024-04-17 05:47:00+00:00,2024-04-17 16:05:00+00:00,3091.449380714286,2922.4758359999996,-7.818487589760627,142.85714285714286,1,3087.4357142857143,2926.2799999999997,3087.4357142857143,3107.7228571428573,
ETHUSDT,static,حكم,flatten,2024-04-17 00:00:00+00:00,2024-04-17 16:05:00+00:00,3088.219473,2922.4758359999996,-7.618974894801269,141.77629371253,1,3084.21,2926.2799999999997,3107.7228571428573,3128.01,
ETHUSDT,static,حكم,cycle,2024-06-25 00:00:00+00:00,2024-06-25 03:09:00+00:00,3356.220278857143,3375.434794285715,0.8189269348120174,142.85714285714286,1,3351.862857142857,3379.8285714285716,3351.862857142857,3379.8285714285716,
ETHUSDT,static,حكم,cycle,2024-06-25 08:33:00+00:00,2024-06-25 09:50:00+00:00,3356.220278857143,3375.434794285715,0.8189269348120174,142.85714285714286,1,3351.862857142857,3379.8285714285716,3351.862857142857,3379.8285714285716,
ETHUSDT,static,حكم,cycle,2024-06-25 00:00:00+00:00,2024-06-25 14:30:00+00:00,3357.098562,3403.364153142857,1.9555341413282548,141.712174751044,1,3352.74,3407.7942857142857,3379.8285714285716,3407.7942857142857,
ETHUSDT,static,حكم,cycle,2024-06-26 15:13:00+00:00,2024-06-26 19:34:00+00:00,3356.220278857143,3375.434794285715,0.8189269348120174,142.85714285714286,1,3351.862857142857,3379.8285714285716,3351.862857142857,3379.8285714285716,
ETHUSDT,static,حكم,cycle,2024-06-26 05:25:00+00:00,2024-06-26 19:54:00+00:00,3384.222348571429,3403.364153142857,0.8090775766914683,142.85714285714286,1,3379.8285714285716,3407.7942857142857,3379.8285714285716,3407.7942857142857,
ETHUSDT,static,حكم,cycle,2024-06-26 20:25:00+00:00,2024-06-27 10:21:00+00:00,3384.222348571429,3403.364153142857,0.8090775766914683,142.85714285714286,1,3379.8285714285716,3407.7942857142857,3379.8285714285716,3407.7942857142857,
ETHUSDT,static,حكم,cycle,2024-06-25 00:00:00+00:00,2024-06-27 12:09:00+00:00,3357.098562,3431.293512,3.110304696460554,140.54922832364127,1,3352.74,3435.76,3407.7942857142857,3435.76,
ETHUSDT,static,حكم,cycle,2024-06-28 16:45:00+00:00,2024-06-29 07:43:00+00:00,3384.222348571429,3403.364153142857,0.8090775766914683,142.85714285714286,1,3379.8285714285716,3407.7942857142857,3379.8285714285716,3407.7942857142857,
ETHUSDT,static,حكم,cycle,2024-06-29 19:33:00+00:00,2024-06-30 17:19:00+00:00,3384.222348571429,3403.364153142857,0.8090775766914683,142.85714285714286,1,3379.8285714285716,3407.7942857142857,3379.8285714285716,3407.7942857142857,
ETHUSDT,static,حكم,cycle,2024-06-28 14:51:00+00:00,2024-06-30 22:26:00+00:00,3412.2244182857144,3431.293512,0.7993898740654126,142.85714285714286,1,3407.7942857142857,3435.76,3407.7942857142857,3435.76,
ETHUSDT,static,حكم,cycle,2024-07-30 00:20:00+00:00,2024-07-30 00:32:00+00:00,3301.935514571429,3313.160142428572,0.48626111320633136,142.85714285714286,1,3297.6485714285714,3317.4728571428573,3297.6485714285714,3317.4728571428573,
ETHUSDT,static,حكم,cycle,2024-07-30 00:00:00+00:00,2024-07-30 01:25:00+00:00,3321.785571857143,3332.9586565714285,0.48113580062815986,142.85714285714286,1,3317.4728571428573,3337.2971428571427,3317.4728571428573,3337.2971428571427,
ETHUSDT,static,حكم,cycle,2024-07-30 01:52:00+00:00,2024-07-30 03:05:00+00:00,3301.935514571429,3313.160142428572,0.48626111320633136,142.85714285714286,1,3297.6485714285714,3317.4728571428573,3297.6485714285714,3317.4728571428573,
ETHUSDT,static,حكم,cycle,2024-07-30 01:41:00+00:00,2024-07-30 07:12:00+00:00,3321.785571857143,3332.9586565714285,0.48113580062815986,142.85714285714286,1,3317.4728571428573,3337.2971428571427,3317.4728571428573,3337.2971428571427,
ETHUSDT,static,حكم,cycle,2024-07-30 00:00:00+00:00,2024-07-30 12:42:00+00:00,3321.9729580000003,3352.757170714286,1.3177564014286063,142.01655060468096,1,3317.66,3357.1214285714286,3337.2971428571427,3357.1214285714286,
ETHUSDT,static,حكم,cycle,2024-07-30 14:58:00+00:00,2024-07-30 15:20:00+00:00,3301.935514571429,3313.160142428572,0.48626111320633136,142.85714285714286,1,3297.6485714285714,3317.4728571428573,3297.6485714285714,3317.4728571428573,
ETHUSDT,static,حكم,cycle,2024-07-30 20:04:00+00:00,2024-07-30 20:42:00+00:00,3262.2354000000005,3273.5631141428576,0.49669885744352693,142.85714285714286,1,3258.0,3277.824285714286,3258.0,3277.824285714286,
ETHUSDT,static,حكم,cycle,2024-07-30 18:04:00+00:00,2024-07-31 02:26:00+00:00,3282.0854572857147,3293.3616282857142,0.4914484215792759,142.85714285714286,1,3277.824285714286,3297.6485714285714,3277.824285714286,3297.6485714285714,
ETHUSDT,static,حكم,cycle,2024-07-31 04:14:00+00:00,2024-07-31 05:51:00+00:00,3282.0854572857147,3293.3616282857142,0.4914484215792759,142.85714285714286,1,3277.824285714286,3297.6485714285714,3277.824285714286,3297.6485714285714,
ETHUSDT,static,حكم,cycle,2024-07-30 17:05:00+00:00,2024-07-31 06:11:00+00:00,3301.935514571429,3313.160142428572,0.48626111320633136,142.85714285714286,1,3297.6485714285714,3317.4728571428573,3297.6485714285714,3317.4728571428573,
ETHUSDT,static,حكم,cycle,2024-07-30 14:25:00+00:00,2024-07-31 13:33:00+00:00,3321.785571857143,3332.9586565714285,0.48113580062815986,142.85714285714286,1,3317.4728571428573,3337.2971428571427,3317.4728571428573,3337.2971428571427,
ETHUSDT,static,حكم,cycle,2024-07-31 16:01:00+00:00,2024-07-31 17:43:00+00:00,3301.935514571429,3313.160142428572,0.48626111320633136,142.85714285714286,1,3297.6485714285714,3317.4728571428573,3297.6485714285714,3317.4728571428573,
ETHUSDT,static,حكم,cycle,2024-07-31 18:00:00+00:00,2024-07-31 18:01:00+00:00,3301.935514571429,3313.160142428572,0.48626111320633136,142.85714285714286,1,3297.6485714285714,3317.4728571428573,3297.6485714285714,3317.4728571428573,
ETHUSDT,static,حكم,cycle,2024-07-31 18:04:00+00:00,2024-07-31 18:41:00+00:00,3301.935514571429,3313.160142428572,0.48626111320633136,142.85714285714286,1,3297.6485714285714,3317.4728571428573,3297.6485714285714,3317.4728571428573,
ETHUSDT,static,حكم,flatten,2024-07-31 19:51:00+00:00,2024-08-01 02:19:00+00:00,3262.2354000000005,3188.6893080000004,-3.224857142857145,142.85714285714286,1,3258.0,3192.84,3258.0,3277.824285714286,
ETHUSDT,static,حكم,flatten,2024-07-31 19:27:00+00:00,2024-08-01 02:19:00+00:00,3282.0854572857147,3188.6893080000004,-4.070476596004853,142.85714285714286,1,3277.824285714286,3192.84,3277.824285714286,3297.6485714285714,
ETHUSDT,static,حكم,flatten,2024-07-31 19:19:00+00:00,2024-08-01 02:19:00+00:00,3301.935514571429,3188.6893080000004,-4.905928924741548,142.85714285714286,1,3297.6485714285714,3192.84,3297.6485714285714,3317.4728571428573,
ETHUSDT,static,حكم,flatten,2024-07-31 14:23:00+00:00,2024-08-01 02:19:00+00:00,3321.785571857143,3188.6893080000004,-5.7313963967039765,142.85714285714286,1,3317.4728571428573,3192.84,3317.4728571428573,3337.2971428571427,
ETHUSDT,static,حكم,flatten,2024-07-30 13:45:00+00:00,2024-08-01 02:19:00+00:00,3341.6356291428574,3188.6893080000004,-6.54705694868803,142.85714285714286,1,3337.2971428571427,3192.84,3337.2971428571427,3357.1214285714286,
ETHUSDT,static,حكم,flatten,2024-07-30 00:00:00+00:00,2024-08-01 02:19:00+00:00,3321.9729580000003,3188.6893080000004,-5.6716808830694605,141.1779224122707,1,3317.66,3192.84,3357.1214285714286,3376.945714285714,
ETHUSDT,static,حكم,flatten,2024-07-30 00:00:00+00:00,2024-08-01 02:19:00+00:00,3321.9729580000003,3188.6893080000004,-5.638385404900957,140.349140516663,1,3317.66,3192.84,3376.945714285714,3396.77,
ETHUSDT,static,حكم,cycle,2024-09-29 00:06:00+00:00,2024-09-29 00:21:00+00:00,2676.768137857143,2677.571768571429,0.042944934913661886,142.85714285714286,1,2673.292857142857,2681.057142857143,2673.292857142857,2681.057142857143,
ETHUSDT,static,حكم,cycle,2024-09-29 00:46:00+00:00,2024-09-29 01:51:00+00:00,2668.9937585714288,2669.8175764285716,0.04415194290828328,142.85714285714286,1,2665.5285714285715,2673.292857142857,2665.5285714285715,2673.292857142857,
ETHUSDT,static,حكم,cycle,2024-09-29 00:34:00+00:00,2024-09-29 02:12:00+00:00,2676.768137857143,2677.571768571429,0.042944934913661886,142.85714285714286,1,2673.292857142857,2681.057142857143,2673.292857142857,2681.057142857143,
ETHUSDT,static,حكم,cycle,2024-09-29 06:48:00+00:00,2024-09-29 12:03:00+00:00,2653.445,2654.3091921428572,0.046587177512510194,142.85714285714286,1,2650.0,2657.7642857142855,2650.0,2657.7642857142855,
ETHUSDT,static,حكم,cycle,2024-09-29 12:34:00+00:00,2024-09-29 13:18:00+00:00,2653.445,2654.3091921428572,0.046587177512510194,142.85714285714286,1,2650.0,2657.7642857142855,2650.0,2657.7642857142855,
ETHUSDT,static,حكم,cycle,2024-09-29 14:35:00+00:00,2024-09-29 15:11:00+00:00,2653.445,2654.3091921428572,0.046587177512510194,142.85714285714286,1,2650.0,2657.7642857142855,2650.0,2657.7642857142855,
ETHUSDT,static,حكم,cycle,2024-09-29 06:20:00+00:00,2024-09-29 15:15:00+00:00,2661.2193792857142,2662.0633842857146,0.045366003112195775,142.85714285714286,1,2657.7642857142855,2665.5285714285715,2657.7642857142855,2665.5285714285715,
ETHUSDT,static,حكم,cycle,2024-09-29 15:27:00+00:00,2024-09-29 15:42:00+00:00,2661.2193792857142,2662.0633842857146,0.045366003112195775,142.85714285714286,1,2657.7642857142855,2665.5285714285715,2657.7642857142855,2665.5285714285715,
ETHUSDT,static,حكم,cycle,2024-09-29 16:33:00+00:00,2024-09-29 16:48:00+00:00,2661.2193792857142,2662.0633842857146,0.045366003112195775,142.85714285714286,1,2657.7642857142855,2665.5285714285715,2657.7642857142855,2665.5285714285715,
ETHUSDT,static,حكم,cycle,2024-09-29 05:43:00+00:00,2024-09-29 20:05:00+00:00,2668.9937585714288,2669.8175764285716,0.04415194290828328,142.85714285714286,1,2665.5285714285715,2673.292857142857,2665.5285714285715,2673.292857142857,
ETHUSDT,static,حكم,cycle,2024-09-29 22:12:00+00:00,2024-09-29 22:15:00+00:00,2661.2193792857142,2662.0633842857146,0.045366003112195775,142.85714285714286,1,2657.7642857142855,2665.5285714285715,2657.7642857142855,2665.5285714285715,
ETHUSDT,static,حكم,cycle,2024-09-29 22:18:00+00:00,2024-09-29 22:34:00+00:00,2661.2193792857142,2662.0633842857146,0.045366003112195775,142.85714285714286,1,2657.7642857142855,2665.5285714285715,2657.7642857142855,2665.5285714285715,
ETHUSDT,static,حكم,cycle,2024-09-29 23:29:00+00:00,2024-09-29 23:46:00+00:00,2653.445,2654.3091921428572,0.046587177512510194,142.85714285714286,1,2650.0,2657.7642857142855,2650.0,2657.7642857142855,
ETHUSDT,static,حكم,flatten,2024-09-30 00:25:00+00:00,2024-09-30 10:13:00+00:00,2653.445,2593.6239,-3.2248571428571493,142.85714285714286,1,2650.0,2597.0,2650.0,2657.7642857142855,
ETHUSDT,static,حكم,flatten,2024-09-29 22:52:00+00:00,2024-09-30 10:13:00+00:00,2661.2193792857142,2593.6239,-3.63331582590707,142.85714285714286,1,2657.7642857142855,2597.0,2657.7642857142855,2665.5285714285715,
ETHUSDT,static,حكم,flatten,2024-09-29 20:07:00+00:00,2024-09-30 10:13:00+00:00,2668.9937585714288,2593.6239,-4.039394950957393,142.85714285714286,1,2665.5285714285715,2597.0,2665.5285714285715,2673.292857142857,
ETHUSDT,static,حكم,flatten,2024-09-29 02:35:00+00:00,2024-09-30 10:13:00+00:00,2676.768137857143,2593.6239,-4.4431152515032455,142.85714285714286,1,2673.292857142857,2597.0,2673.292857142857,2681.057142857143,
ETHUSDT,static,حكم,flatten,2024-09-29 00:00:00+00:00,2024-09-30 10:13:00+00:00,2678.687773,2593.6239,-4.532533702057827,142.54558436437654,1,2675.21,2597.0,2681.057142857143,2688.8214285714284,
ETHUSDT,static,حكم,flatten,2024-09-29 00:00:00+00:00,2024-09-30 10:13:00+00:00,2678.687773,2593.6239,-4.51944548195572,142.13396735160123,1,2675.21,2597.0,2688.8214285714284,2696.5857142857144,
ETHUSDT,static,حكم,flatten,2024-09-29 00:00:00+00:00,2024-09-30 10:13:00+00:00,2678.687773,2593.6239,-4.50643263174067,141.72472067853,1,2675.21,2597.0,2696.5857142857144,2704.35,
ETHUSDT,static,حكم,cycle,2024-10-20 01:06:00+00:00,2024-10-20 02:13:00+00:00,2643.7295291428572,2641.497297857143,-0.1207781421633322,142.85714285714286,1,2640.2971428571427,2644.9357142857143,2640.2971428571427,2644.9357142857143,
ETHUSDT,static,حكم,cycle,2024-10-20 03:08:00+00:00,2024-10-20 03:16:00+00:00,2639.084927571429,2636.8647565714286,-0.12033701525400219,142.85714285714286,1,2635.6585714285716,2640.2971428571427,2635.6585714285716,2640.2971428571427,
ETHUSDT,static,حكم,cycle,2024-10-20 02:42:00+00:00,2024-10-20 04:26:00+00:00,2643.7295291428572,2641.497297857143,-0.1207781421633322,142.85714285714286,1,2640.2971428571427,2644.9357142857143,2640.2971428571427,2644.9357142857143,
ETHUSDT,static,حكم,cycle,2024-10-20 04:57:00+00:00,2024-10-20 05:03:00+00:00,2643.7295291428572,2641.497297857143,-0.1207781421633322,142.85714285714286,1,2640.2971428571427,2644.9357142857143,2640.2971428571427,2644.9357142857143,
ETHUSDT,static,حكم,cycle,2024-10-20 05:55:00+00:00,2024-10-20 06:21:00+00:00,2643.7295291428572,2641.497297857143,-0.1207781421633322,142.85714285714286,1,2640.2971428571427,2644.9357142857143,2640.2971428571427,2644.9357142857143,
ETHUSDT,static,حكم,cycle,2024-10-20 00:34:00+00:00,2024-10-20 06:57:00+00:00,2648.374130714286,2646.129839142857,-0.12121772181495798,142.85714285714286,1,2644.9357142857143,2649.5742857142855,2644.9357142857143,2649.5742857142855,
ETHUSDT,static,حكم,cycle,2024-10-20 08:48:00+00:00,2024-10-20 09:38:00+00:00,2648.374130714286,2646.129839142857,-0.12121772181495798,142.85714285714286,1,2644.9357142857143,2649.5742857142855,2644.9357142857143,2649.5742857142855,
ETHUSDT,static,حكم,cycle,2024-10-20 00:00:00+00:00,2024-10-20 12:03:00+00:00,2651.64266,2650.7623804285713,-0.04746204896682449,142.78304547037746,1,2648.2,2654.212857142857,2649.5742857142855,2654.212857142857,
ETHUSDT,static,حكم,cycle,2024-10-20 12:56:00+00:00,2024-10-20 13:30:00+00:00,2648.374130714286,2646.129839142857,-0.12121772181495798,142.85714285714286,1,2644.9357142857143,2649.5742857142855,2644.9357142857143,2649.5742857142855,
ETHUSDT,static,حكم,cycle,2024-10-20 12:34:00+00:00,2024-10-20 13:37:00+00:00,2653.018732285714,2650.7623804285713,-0.12165576233501758,142.85714285714286,1,2649.5742857142855,2654.212857142857,2649.5742857142855,2654.212857142857,
ETHUSDT,static,حكم,cycle,2024-10-20 00:00:00+00:00,2024-10-20 13:53:00+00:00,2651.64266,2655.3949217142854,0.20195719657995972,142.53351410614607,1,2648.2,2658.851428571428,2654.212857142857,2658.851428571428,
ETHUSDT,static,حكم,cycle,2024-10-20 00:00:00+00:00,2024-10-20 14:00:00+00:00,2651.64266,2660.027463,0.45050617989722314,142.28485339534365,1,2648.2,2663.49,2658.851428571428,2663.49,
ETHUSDT,static,حكم,cycle,2024-12-28 01:24:00+00:00,2024-12-28 03:41:00+00:00,3330.5755554285715,3341.5531834285716,0.4714714461925435,142.85714285714286,1,3326.2514285714283,3345.902857142857,3326.2514285714283,3345.902857142857,
ETHUSDT,static,حكم,cycle,2024-12-28 00:00:00+00:00,2024-12-28 13:23:00+00:00,3337.8435630000004,3361.179065142857,0.9963359086019282,142.3280156711919,1,3333.51,3365.5542857142855,3345.902857142857,3365.5542857142855,
ETHUSDT,static,حكم,cycle,2024-12-28 00:00:00+00:00,2024-12-28 14:15:00+00:00,3337.8435630000004,3380.804946857143,1.8235749686378415,141.4969642020334,1,3333.51,3385.2057142857143,3365.5542857142855,3385.2057142857143,
ETHUSDT,static,حكم,cycle,2024-12-28 14:52:00+00:00,2024-12-28 15:06:00+00:00,3369.9295062857145,3380.804946857143,0.4616280812767203,142.85714285714286,1,3365.5542857142855,3385.2057142857143,3365.5542857142855,3385.2057142857143,
ETHUSDT,static,حكم,cycle,2024-12-28 00:00:00+00:00,2024-12-28 17:20:00+00:00,3337.8435630000004,3400.4308285714283,2.641209631971212,140.67556139234418,1,3333.51,3404.8571428571427,3385.2057142857143,3404.8571428571427,
ETHUSDT,static,حكم,cycle,2024-12-28 18:42:00+00:00,2024-12-28 21:52:00+00:00,3389.606481714286,3400.4308285714283,0.45679211126828523,142.85714285714286,1,3385.2057142857143,3404.8571428571427,3385.2057142857143,3404.8571428571427,
ETHUSDT,static,حكم,cycle,2024-12-28 00:00:00+00:00,2024-12-28 22:52:00+00:00,3337.8435630000004,3420.0567102857144,3.449406196430061,139.86364017789714,1,3333.51,3424.5085714285715,3404.8571428571427,3424.5085714285715,
ETHUSDT,static,حكم,cycle,2024-12-29 01:14:00+00:00,2024-12-29 07:07:00+00:00,3389.606481714286,3400.4308285714283,0.45679211126828523,142.85714285714286,1,3385.2057142857143,3404.8571428571427,3385.2057142857143,3404.8571428571427,
ETHUSDT,static,حكم,cycle,2024-12-29 16:33:00+00:00,2024-12-29 18:47:00+00:00,3350.252530857143,3361.179065142857,0.4665208573092312,142.85714285714286,1,3345.902857142857,3365.5542857142855,3345.902857142857,3365.5542857142855,
ETHUSDT,static,حكم,cycle,2024-12-29 20:21:00+00:00,2024-12-29 21:31:00+00:00,3350.252530857143,3361.179065142857,0.4665208573092312,142.85714285714286,1,3345.902857142857,3365.5542857142855,3345.902857142857,3365.5542857142855,
ETHUSDT,static,حكم,cycle,2024-12-29 23:13:00+00:00,2024-12-29 23:29:00+00:00,3330.5755554285715,3341.5531834285716,0.4714714461925435,142.85714285714286,1,3326.2514285714283,3345.902857142857,3326.2514285714283,3345.902857142857,
ETHUSDT,static,حكم,cycle,2024-12-29 21:51:00+00:00,2024-12-29 23:52:00+00:00,3350.252530857143,3361.179065142857,0.4665208573092312,142.85714285714286,1,3345.902857142857,3365.5542857142855,3345.902857142857,3365.5542857142855,
ETHUSDT,static,حكم,cycle,2024-12-29 14:31:00+00:00,2024-12-30 00:52:00+00:00,3369.9295062857145,3380.804946857143,0.4616280812767203,142.85714285714286,1,3365.5542857142855,3385.2057142857143,3365.5542857142855,3385.2057142857143,
ETHUSDT,static,حكم,cycle,2024-12-29 14:22:00+00:00,2024-12-30 01:18:00+00:00,3389.606481714286,3400.4308285714283,0.45679211126828523,142.85714285714286,1,3385.2057142857143,3404.8571428571427,3385.2057142857143,3404.8571428571427,
ETHUSDT,static,حكم,cycle,2024-12-28 23:07:00+00:00,2024-12-30 01:26:00+00:00,3409.283457142857,3420.0567102857144,0.45201196370132407,142.85714285714286,1,3404.8571428571427,3424.5085714285715,3404.8571428571427,3424.5085714285715,
ETHUSDT,static,حكم,cycle,2024-12-30 02:27:00+00:00,2024-12-30 03:06:00+00:00,3409.283457142857,3420.0567102857144,0.45201196370132407,142.85714285714286,1,3404.8571428571427,3424.5085714285715,3404.8571428571427,3424.5085714285715,
ETHUSDT,static,حكم,cycle,2024-12-30 03:45:00+00:00,2024-12-30 06:16:00+00:00,3409.283457142857,3420.0567102857144,0.45201196370132407,142.85714285714286,1,3404.8571428571427,3424.5085714285715,3404.8571428571427,3424.5085714285715,
ETHUSDT,static,حكم,cycle,2024-12-30 11:03:00+00:00,2024-12-30 11:56:00+00:00,3409.283457142857,3420.0567102857144,0.45201196370132407,142.85714285714286,1,3404.8571428571427,3424.5085714285715,3404.8571428571427,3424.5085714285715,
ETHUSDT,static,حكم,cycle,2024-12-30 15:00:00+00:00,2024-12-30 15:02:00+00:00,3310.89858,3321.9273017142855,0.47648087868788136,142.85714285714286,1,3306.6,3326.2514285714283,3306.6,3326.2514285714283,
ETHUSDT,static,حكم,cycle,2024-12-30 15:33:00+00:00,2024-12-30 15:38:00+00:00,3310.89858,3321.9273017142855,0.47648087868788136,142.85714285714286,1,3306.6,3326.2514285714283,3306.6,3326.2514285714283,
ETHUSDT,static,حكم,cycle,2024-12-30 14:33:00+00:00,2024-12-30 17:22:00+00:00,3330.5755554285715,3341.5531834285716,0.4714714461925435,142.85714285714286,1,3326.2514285714283,3345.902857142857,3326.2514285714283,3345.902857142857,
ETHUSDT,static,حكم,cycle,2024-12-30 13:50:00+00:00,2024-12-30 17:32:00+00:00,3350.252530857143,3361.179065142857,0.4665208573092312,142.85714285714286,1,3345.902857142857,3365.5542857142855,3345.902857142857,3365.5542857142855,
ETHUSDT,static,حكم,cycle,2024-12-30 13:29:00+00:00,2024-12-30 17:38:00+00:00,3369.9295062857145,3380.804946857143,0.4616280812767203,142.85714285714286,1,3365.5542857142855,3385.2057142857143,3365.5542857142855,3385.2057142857143,
ETHUSDT,static,حكم,cycle,2024-12-30 13:15:00+00:00,2024-12-30 17:47:00+00:00,3389.606481714286,3400.4308285714283,0.45679211126828523,142.85714285714286,1,3385.2057142857143,3404.8571428571427,3385.2057142857143,3404.8571428571427,
ETHUSDT,static,حكم,cycle,2024-12-30 17:55:00+00:00,2024-12-30 18:14:00+00:00,3389.606481714286,3400.4308285714283,0.45679211126828523,142.85714285714286,1,3385.2057142857143,3404.8571428571427,3385.2057142857143,3404.8571428571427,
ETHUSDT,static,حكم,cycle,2024-12-30 21:40:00+00:00,2024-12-30 22:10:00+00:00,3330.5755554285715,3341.5531834285716,0.4714714461925435,142.85714285714286,1,3326.2514285714283,3345.902857142857,3326.2514285714283,3345.902857142857,
ETHUSDT,static,حكم,cycle,2024-12-30 21:39:00+00:00,2024-12-30 22:42:00+00:00,3350.252530857143,3361.179065142857,0.4665208573092312,142.85714285714286,1,3345.902857142857,3365.5542857142855,3345.902857142857,3365.5542857142855,
ETHUSDT,static,حكم,cycle,2024-12-31 01:00:00+00:00,2024-12-31 02:18:00+00:00,3330.5755554285715,3341.5531834285716,0.4714714461925435,142.85714285714286,1,3326.2514285714283,3345.902857142857,3326.2514285714283,3345.902857142857,
ETHUSDT,static,حكم,cycle,2024-12-31 00:33:00+00:00,2024-12-31 08:18:00+00:00,3350.252530857143,3361.179065142857,0.4665208573092312,142.85714285714286,1,3345.902857142857,3365.5542857142855,3345.902857142857,3365.5542857142855,
ETHUSDT,static,حكم,cycle,2024-12-30 21:31:00+00:00,2024-12-31 08:24:00+00:00,3369.9295062857145,3380.804946857143,0.4616280812767203,142.85714285714286,1,3365.5542857142855,3385.2057142857143,3365.5542857142855,3385.2057142857143,
ETHUSDT,static,حكم,cycle,2024-12-30 21:22:00+00:00,2024-12-31 08:31:00+00:00,3389.606481714286,3400.4308285714283,0.45679211126828523,142.85714285714286,1,3385.2057142857143,3404.8571428571427,3385.2057142857143,3404.8571428571427,
ETHUSDT,static,حكم,cycle,2024-12-31 08:50:00+00:00,2024-12-31 12:23:00+00:00,3389.606481714286,3400.4308285714283,0.45679211126828523,142.85714285714286,1,3385.2057142857143,3404.8571428571427,3385.2057142857143,3404.8571428571427,
ETHUSDT,static,حكم,cycle,2024-12-30 12:52:00+00:00,2024-12-31 13:27:00+00:00,3409.283457142857,3420.0567102857144,0.45201196370132407,142.85714285714286,1,3404.8571428571427,3424.5085714285715,3404.8571428571427,3424.5085714285715,
ETHUSDT,static,حكم,cycle,2024-12-28 00:00:00+00:00,2024-12-31 14:33:00+00:00,3337.8435630000004,3439.682592,4.2483271426640465,139.06103732923515,1,3333.51,3444.16,3424.5085714285715,3444.16,
ETHUSDT,static,حكم,cycle,2024-12-31 15:08:00+00:00,2024-12-31 15:26:00+00:00,3409.283457142857,3420.0567102857144,0.45201196370132407,142.85714285714286,1,3404.8571428571427,3424.5085714285715,3404.8571428571427,3424.5085714285715,
ETHUSDT,static,حكم,cycle,2024-12-31 17:37:00+00:00,2024-12-31 17:58:00+00:00,3350.252530857143,3361.179065142857,0.4665208573092312,142.85714285714286,1,3345.902857142857,3365.5542857142855,3345.902857142857,3365.5542857142855,
ETHUSDT,static,حكم,cycle,2024-12-31 19:43:00+00:00,2025-01-01 00:59:00+00:00,3350.252530857143,3361.179065142857,0.4665208573092312,142.85714285714286,1,3345.902857142857,3365.5542857142855,3345.902857142857,3365.5542857142855,
ETHUSDT,static,حكم,cycle,2025-01-01 01:52:00+00:00,2025-01-01 02:52:00+00:00,3350.252530857143,3361.179065142857,0.4665208573092312,142.85714285714286,1,3345.902857142857,3365.5542857142855,3345.902857142857,3365.5542857142855,
ETHUSDT,static,حكم,cycle,2025-01-01 09:18:00+00:00,2025-01-01 11:46:00+00:00,3330.5755554285715,3341.5531834285716,0.4714714461925435,142.85714285714286,1,3326.2514285714283,3345.902857142857,3326.2514285714283,3345.902857142857,
ETHUSDT,static,حكم,cycle,2025-01-01 17:18:00+00:00,2025-01-01 18:33:00+00:00,3330.5755554285715,3341.5531834285716,0.4714714461925435,142.85714285714286,1,3326.2514285714283,3345.902857142857,3326.2514285714283,3345.902857142857,
ETHUSDT,static,حكم,cycle,2025-01-01 04:34:00+00:00,2025-01-01 21:22:00+00:00,3350.252530857143,3361.179065142857,0.4665208573092312,142.85714285714286,1,3345.902857142857,3365.5542857142855,3345.902857142857,3365.5542857142855,
ETHUSDT,static,حكم,cycle,2024-12-31 17:32:00+00:00,2025-01-02 00:25:00+00:00,3369.9295062857145,3380.804946857143,0.4616280812767203,142.85714285714286,1,3365.5542857142855,3385.2057142857143,3365.5542857142855,3385.2057142857143,
ETHUSDT,static,حكم,cycle,2024-12-31 17:31:00+00:00,2025-01-02 01:07:00+00:00,3389.606481714286,3400.4308285714283,0.45679211126828523,142.85714285714286,1,3385.2057142857143,3404.8571428571427,3385.2057142857143,3404.8571428571427,
ETHUSDT,static,حكم,cycle,2025-01-02 01:31:00+00:00,2025-01-02 04:38:00+00:00,3389.606481714286,3400.4308285714283,0.45679211126828523,142.85714285714286,1,3385.2057142857143,3404.8571428571427,3385.2057142857143,3404.8571428571427,
ETHUSDT,static,حكم,cycle,2024-12-31 16:06:00+00:00,2025-01-02 04:47:00+00:00,3409.283457142857,3420.0567102857144,0.45201196370132407,142.85714285714286,1,3404.8571428571427,3424.5085714285715,3404.8571428571427,3424.5085714285715,
ETHUSDT,static,حكم,cycle,2025-01-02 05:08:00+00:00,2025-01-02 08:01:00+00:00,3409.283457142857,3420.0567102857144,0.45201196370132407,142.85714285714286,1,3404.8571428571427,3424.5085714285715,3404.8571428571427,3424.5085714285715,
ETHUSDT,static,حكم,cycle,2024-12-31 14:37:00+00:00,2025-01-02 09:16:00+00:00,3428.960432571429,3439.682592,0.44728667757004986,142.85714285714286,1,3424.5085714285715,3444.16,3424.5085714285715,3444.16,
ETHUSDT,static,حكم,cycle,2025-01-02 22:23:00+00:00,2025-01-02 22:56:00+00:00,3428.960432571429,3439.682592,0.44728667757004986,142.85714285714286,1,3424.5085714285715,3444.16,3424.5085714285715,3444.16,
ETHUSDT,static,حكم,cycle,2025-01-03 08:32:00+00:00,2025-01-03 09:17:00+00:00,3428.960432571429,3439.682592,0.44728667757004986,142.85714285714286,1,3424.5085714285715,3444.16,3424.5085714285715,3444.16,
ETHUSDT,static,حكم,cycle,2025-01-13 00:00:00+00:00,2025-01-13 00:11:00+00:00,3271.8865015714287,3274.1637608571427,0.09955897752785568,142.85714285714286,1,3267.638571428571,3278.425714285714,3267.638571428571,3278.425714285714,
ETHUSDT,static,حكم,cycle,2025-01-13 00:00:00+00:00,2025-01-13 00:26:00+00:00,3271.5474900000004,3284.9368804285714,0.5834416356879917,142.37234073148352,1,3267.3,3289.212857142857,3278.425714285714,3289.212857142857,
ETHUSDT,static,حكم,cycle,2025-01-13 00:00:00+00:00,2025-01-13 00:28:00+00:00,3271.5474900000004,3295.71,1.0494265019550773,141.9054233123079,1,3267.3,3300.0,3289.212857142857,3300.0,
ETHUSDT,static,حكم,cycle,2025-01-13 01:16:00+00:00,2025-01-13 01:24:00+00:00,3293.488833857143,3295.71,0.09646972171183263,142.85714285714286,1,3289.212857142857,3300.0,3289.212857142857,3300.0,
ETHUSDT,static,حكم,cycle,2025-01-13 01:49:00+00:00,2025-01-13 02:16:00+00:00,3261.085335428572,3263.390641285714,0.10111895350032327,142.85714285714286,1,3256.8514285714286,3267.638571428571,3256.8514285714286,3267.638571428571,
ETHUSDT,static,حكم,cycle,2025-01-13 02:40:00+00:00,2025-01-13 02:58:00+00:00,3250.2841692857146,3252.617521714286,0.10268929752607173,142.85714285714286,1,3246.0642857142857,3256.8514285714286,3246.0642857142857,3256.8514285714286,
ETHUSDT,static,حكم,cycle,2025-01-13 03:22:00+00:00,2025-01-13 03:27:00+00:00,3250.2841692857146,3252.617521714286,0.10268929752607173,142.85714285714286,1,3246.0642857142857,3256.8514285714286,3246.0642857142857,3256.8514285714286,
ETHUSDT,static,حكم,cycle,2025-01-13 03:45:00+00:00,2025-01-13 04:25:00+00:00,3250.2841692857146,3252.617521714286,0.10268929752607173,142.85714285714286,1,3246.0642857142857,3256.8514285714286,3246.0642857142857,3256.8514285714286,
ETHUSDT,static,حكم,flatten,2025-01-13 05:05:00+00:00,2025-01-13 09:08:00+00:00,3228.681837,3155.8921997400003,-3.224857142857136,142.85714285714286,1,3224.49,3160.0002,3224.49,3235.2771428571427,
ETHUSDT,static,حكم,flatten,2025-01-13 05:01:00+00:00,2025-01-13 09:08:00+00:00,3239.4830031428573,3155.8921997400003,-3.6910418539041965,142.85714285714286,1,3235.2771428571427,3160.0002,3235.2771428571427,3246.0642857142857,
ETHUSDT,static,حكم,flatten,2025-01-13 04:37:00+00:00,2025-01-13 09:08:00+00:00,3250.2841692857146,3155.8921997400003,-4.154128166008259,142.85714285714286,1,3246.0642857142857,3160.0002,3246.0642857142857,3256.8514285714286,
ETHUSDT,static,حكم,flatten,2025-01-13 02:31:00+00:00,2025-01-13 09:08:00+00:00,3261.085335428572,3155.8921997400003,-4.614146866148182,142.85714285714286,1,3256.8514285714286,3160.0002,3256.8514285714286,3267.638571428571,
ETHUSDT,static,حكم,flatten,2025-01-13 01:49:00+00:00,2025-01-13 09:08:00+00:00,3271.8865015714287,3155.8921997400003,-5.071128334766366,142.85714285714286,1,3267.638571428571,3160.0002,3267.638571428571,3278.425714285714,
ETHUSDT,static,حكم,flatten,2025-01-13 01:41:00+00:00,2025-01-13 09:08:00+00:00,3282.687667714286,3155.8921997400003,-5.525102552457045,142.85714285714286,1,3278.425714285714,3160.0002,3278.425714285714,3289.212857142857,
ETHUSDT,static,حكم,flatten,2025-01-13 01:38:00+00:00,2025-01-13 09:08:00+00:00,3293.488833857143,3155.8921997400003,-5.97609910652279,142.85714285714286,1,3289.212857142857,3160.0002,3289.212857142857,3300.0,
ETHUSDT,static,حكم,cycle,2025-09-29 07:07:00+00:00,2025-09-29 08:25:00+00:00,4099.093331428572,4113.970590857143,0.5191600978689246,142.85714285714286,1,4093.7714285714287,4119.325714285715,4093.7714285714287,4119.325714285715,
ETHUSDT,static,حكم,cycle,2025-09-29 12:57:00+00:00,2025-09-29 13:38:00+00:00,4099.093331428572,4113.970590857143,0.5191600978689246,142.85714285714286,1,4093.7714285714287,4119.325714285715,4093.7714285714287,4119.325714285715,
ETHUSDT,static,حكم,cycle,2025-09-29 01:04:00+00:00,2025-09-29 13:44:00+00:00,4124.680837714286,4139.491656,0.5136353205418518,142.85714285714286,1,4119.325714285715,4144.88,4119.325714285715,4144.88,
ETHUSDT,static,حكم,cycle,2026-01-10 00:15:00+00:00,2026-01-10 09:47:00+00:00,3088.3339072857148,3093.1151447142856,0.22145334118428697,142.85714285714286,1,3084.324285714286,3097.1414285714286,3084.324285714286,3097.1414285714286,
ETHUSDT,static,حكم,cycle,2026-01-10 22:04:00+00:00,2026-01-11 02:16:00+00:00,3088.3339072857148,3093.1151447142856,0.22145334118428697,142.85714285714286,1,3084.324285714286,3097.1414285714286,3084.324285714286,3097.1414285714286,
ETHUSDT,static,حكم,cycle,2026-01-10 00:00:00+00:00,2026-01-11 12:18:00+00:00,3092.41492,3105.915625285714,0.6227265458016378,142.4539402462824,1,3088.4,3109.9585714285713,3097.1414285714286,3109.9585714285713,
ETHUSDT,static,حكم,cycle,2026-01-10 00:00:00+00:00,2026-01-11 14:58:00+00:00,3092.41492,3118.716105857143,1.2081550859952948,141.86684158861098,1,3088.4,3122.775714285714,3109.9585714285713,3122.775714285714,
ETHUSDT,static,حكم,cycle,2026-01-10 00:00:00+00:00,2026-01-11 16:31:00+00:00,3092.41492,3131.5165864285714,1.7887779520587321,141.28456231475388,1,3088.4,3135.592857142857,3122.775714285714,3135.592857142857,
ETHUSDT,static,حكم,cycle,2026-01-11 20:06:00+00:00,2026-01-11 21:53:00+00:00,3114.001517571429,3118.716105857143,0.2165664258143055,142.85714285714286,1,3109.9585714285713,3122.775714285714,3109.9585714285713,3122.775714285714,
ETHUSDT,static,حكم,cycle,2026-01-11 23:04:00+00:00,2026-01-11 23:13:00+00:00,3101.1677124285716,3105.915625285714,0.21899977154706424,142.85714285714286,1,3097.1414285714286,3109.9585714285713,3097.1414285714286,3109.9585714285713,
ETHUSDT,static,حكم,cycle,2026-01-11 22:05:00+00:00,2026-01-11 23:19:00+00:00,3114.001517571429,3118.716105857143,0.2165664258143055,142.85714285714286,1,3109.9585714285713,3122.775714285714,3109.9585714285713,3122.775714285714,
ETHUSDT,static,حكم,cycle,2026-01-12 00:10:00+00:00,2026-01-12 00:17:00+00:00,3114.001517571429,3118.716105857143,0.2165664258143055,142.85714285714286,1,3109.9585714285713,3122.775714285714,3109.9585714285713,3122.775714285714,
ETHUSDT,static,حكم,cycle,2026-01-12 00:38:00+00:00,2026-01-12 01:00:00+00:00,3114.001517571429,3118.716105857143,0.2165664258143055,142.85714285714286,1,3109.9585714285713,3122.775714285714,3109.9585714285713,3122.775714285714,
ETHUSDT,static,حكم,cycle,2026-01-11 17:37:00+00:00,2026-01-12 01:04:00+00:00,3126.8353227142857,3131.5165864285714,0.21415305496464027,142.85714285714286,1,3122.775714285714,3135.592857142857,3122.775714285714,3135.592857142857,
ETHUSDT,static,حكم,cycle,2026-01-12 01:15:00+00:00,2026-01-12 02:08:00+00:00,3126.8353227142857,3131.5165864285714,0.21415305496464027,142.85714285714286,1,3122.775714285714,3135.592857142857,3122.775714285714,3135.592857142857,
ETHUSDT,static,حكم,cycle,2026-01-10 00:00:00+00:00,2026-01-12 02:15:00+00:00,3092.41492,3144.317067,2.364654075442547,140.70704332514015,1,3088.4,3148.41,3135.592857142857,3148.41,
ETHUSDT,static,حكم,cycle,2026-01-12 08:37:00+00:00,2026-01-12 09:23:00+00:00,3114.001517571429,3118.716105857143,0.2165664258143055,142.85714285714286,1,3109.9585714285713,3122.775714285714,3109.9585714285713,3122.775714285714,
ETHUSDT,static,حكم,cycle,2026-01-12 14:24:00+00:00,2026-01-12 14:32:00+00:00,3075.5001021428575,3080.3146641428575,0.22392738790403147,142.85714285714286,1,3071.5071428571428,3084.324285714286,3071.5071428571428,3084.324285714286,
ETHUSDT,static,حكم,cycle,2026-01-12 14:21:00+00:00,2026-01-12 14:34:00+00:00,3088.3339072857148,3093.1151447142856,0.22145334118428697,142.85714285714286,1,3084.324285714286,3097.1414285714286,3084.324285714286,3097.1414285714286,
ETHUSDT,static,حكم,cycle,2026-01-12 14:17:00+00:00,2026-01-12 14:39:00+00:00,3101.1677124285716,3105.915625285714,0.21899977154706424,142.85714285714286,1,3097.1414285714286,3109.9585714285713,3097.1414285714286,3109.9585714285713,
ETHUSDT,static,حكم,cycle,2026-01-12 14:46:00+00:00,2026-01-12 14:51:00+00:00,3101.1677124285716,3105.915625285714,0.21899977154706424,142.85714285714286,1,3097.1414285714286,3109.9585714285713,3097.1414285714286,3109.9585714285713,
ETHUSDT,static,حكم,cycle,2026-01-12 14:54:00+00:00,2026-01-12 15:20:00+00:00,3101.1677124285716,3105.915625285714,0.21899977154706424,142.85714285714286,1,3097.1414285714286,3109.9585714285713,3097.1414285714286,3109.9585714285713,
ETHUSDT,static,حكم,cycle,2026-01-12 10:02:00+00:00,2026-01-12 15:20:00+00:00,3114.001517571429,3118.716105857143,0.2165664258143055,142.85714285714286,1,3109.9585714285713,3122.775714285714,3109.9585714285713,3122.775714285714,
ETHUSDT,static,حكم,cycle,2026-01-12 08:35:00+00:00,2026-01-12 16:05:00+00:00,3126.8353227142857,3131.5165864285714,0.21415305496464027,142.85714285714286,1,3122.775714285714,3135.592857142857,3122.775714285714,3135.592857142857,
ETHUSDT,static,حكم,cycle,2026-01-12 16:22:00+00:00,2026-01-12 16:27:00+00:00,3126.8353227142857,3131.5165864285714,0.21415305496464027,142.85714285714286,1,3122.775714285714,3135.592857142857,3122.775714285714,3135.592857142857,
ETHUSDT,static,حكم,cycle,2026-01-12 17:34:00+00:00,2026-01-12 17:37:00+00:00,3088.3339072857148,3093.1151447142856,0.22145334118428697,142.85714285714286,1,3084.324285714286,3097.1414285714286,3084.324285714286,3097.1414285714286,
ETHUSDT,static,حكم,cycle,2026-01-12 17:33:00+00:00,2026-01-12 18:09:00+00:00,3101.1677124285716,3105.915625285714,0.21899977154706424,142.85714285714286,1,3097.1414285714286,3109.9585714285713,3097.1414285714286,3109.9585714285713,
ETHUSDT,static,حكم,cycle,2026-01-12 18:37:00+00:00,2026-01-12 18:51:00+00:00,3101.1677124285716,3105.915625285714,0.21899977154706424,142.85714285714286,1,3097.1414285714286,3109.9585714285713,3097.1414285714286,3109.9585714285713,
ETHUSDT,static,حكم,cycle,2026-01-12 19:04:00+00:00,2026-01-12 19:10:00+00:00,3101.1677124285716,3105.915625285714,0.21899977154706424,142.85714285714286,1,3097.1414285714286,3109.9585714285713,3097.1414285714286,3109.9585714285713,
ETHUSDT,static,حكم,cycle,2026-01-12 17:31:00+00:00,2026-01-12 20:03:00+00:00,3114.001517571429,3118.716105857143,0.2165664258143055,142.85714285714286,1,3109.9585714285713,3122.775714285714,3109.9585714285713,3122.775714285714,
ETHUSDT,static,حكم,cycle,2026-01-12 21:54:00+00:00,2026-01-12 22:00:00+00:00,3088.3339072857148,3093.1151447142856,0.22145334118428697,142.85714285714286,1,3084.324285714286,3097.1414285714286,3084.324285714286,3097.1414285714286,
ETHUSDT,static,حكم,cycle,2026-01-12 21:03:00+00:00,2026-01-13 00:57:00+00:00,3101.1677124285716,3105.915625285714,0.21899977154706424,142.85714285714286,1,3097.1414285714286,3109.9585714285713,3097.1414285714286,3109.9585714285713,
ETHUSDT,static,حكم,cycle,2026-01-13 01:35:00+00:00,2026-01-13 03:13:00+00:00,3101.1677124285716,3105.915625285714,0.21899977154706424,142.85714285714286,1,3097.1414285714286,3109.9585714285713,3097.1414285714286,3109.9585714285713,
ETHUSDT,static,حكم,cycle,2026-01-12 20:28:00+00:00,2026-01-13 04:55:00+00:00,3114.001517571429,3118.716105857143,0.2165664258143055,142.85714285714286,1,3109.9585714285713,3122.775714285714,3109.9585714285713,3122.775714285714,
ETHUSDT,static,حكم,cycle,2026-01-12 17:22:00+00:00,2026-01-13 05:18:00+00:00,3126.8353227142857,3131.5165864285714,0.21415305496464027,142.85714285714286,1,3122.775714285714,3135.592857142857,3122.775714285714,3135.592857142857,
ETHUSDT,static,حكم,cycle,2026-01-13 07:49:00+00:00,2026-01-13 08:50:00+00:00,3126.8353227142857,3131.5165864285714,0.21415305496464027,142.85714285714286,1,3122.775714285714,3135.592857142857,3122.775714285714,3135.592857142857,
ETHUSDT,static,حكم,cycle,2026-01-12 07:53:00+00:00,2026-01-13 13:30:00+00:00,3139.669127857143,3144.317067,0.2117594140482439,142.85714285714286,1,3135.592857142857,3148.41,3135.592857142857,3148.41,
ETHUSDT,static,حكم,cycle,2026-01-13 14:01:00+00:00,2026-01-13 14:20:00+00:00,3139.669127857143,3144.317067,0.2117594140482439,142.85714285714286,1,3135.592857142857,3148.41,3135.592857142857,3148.41,
ETHUSDT,static,حكم,cycle,2026-01-13 15:02:00+00:00,2026-01-13 15:07:00+00:00,3139.669127857143,3144.317067,0.2117594140482439,142.85714285714286,1,3135.592857142857,3148.41,3135.592857142857,3148.41,
ETHUSDT,static,حكم,cycle,2026-01-13 15:18:00+00:00,2026-01-13 15:33:00+00:00,3139.669127857143,3144.317067,0.2117594140482439,142.85714285714286,1,3135.592857142857,3148.41,3135.592857142857,3148.41,
ETHUSDT,static,حكم,flatten,2026-04-12 01:43:00+00:00,2026-04-12 14:41:00+00:00,2231.8977,2181.580254,-3.224857142857144,142.85714285714286,1,2229.0,2184.42,2229.0,2243.4185714285713,
ETHUSDT,static,حكم,flatten,2026-04-12 01:39:00+00:00,2026-04-12 14:41:00+00:00,2246.335015571429,2181.580254,-4.123474924520731,142.85714285714286,1,2243.4185714285713,2184.42,2243.4185714285713,2257.8371428571427,
ETHUSDT,static,حكم,flatten,2026-04-12 01:35:00+00:00,2026-04-12 14:41:00+00:00,2260.772331142857,2181.580254,-5.01061554122322,142.85714285714286,1,2257.8371428571427,2184.42,2257.8371428571427,2272.255714285714,
ETHUSDT,static,حكم,flatten,2026-04-12 01:33:00+00:00,2026-04-12 14:41:00+00:00,2275.2096467142856,2181.580254,-5.886497477603163,142.85714285714286,1,2272.255714285714,2184.42,2272.255714285714,2286.674285714286,
ETHUSDT,static,حكم,flatten,2026-04-12 00:00:00+00:00,2026-04-12 14:41:00+00:00,2287.9705000000004,2181.580254,-6.646598803502553,142.75254393154876,1,2285.0,2184.42,2286.674285714286,2301.092857142857,
ETHUSDT,static,حكم,flatten,2026-04-12 00:00:00+00:00,2026-04-12 14:41:00+00:00,2287.9705000000004,2181.580254,-6.604951436118887,141.85806123177497,1,2285.0,2184.42,2301.092857142857,2315.5114285714285,
ETHUSDT,static,حكم,flatten,2026-04-12 00:00:00+00:00,2026-04-12 14:41:00+00:00,2287.9705000000004,2181.580254,-6.563822740795332,140.9747183281941,1,2285.0,2184.42,2315.5114285714285,2329.93,
ETHUSDT,static,حكم,cycle,2026-07-16 01:17:00+00:00,2026-07-16 01:49:00+00:00,1913.8018551428574,1920.5514617142858,0.5044843101039022,142.85714285714286,1,1911.317142857143,1923.0514285714287,1911.317142857143,1923.0514285714287,
ETHUSDT,static,حكم,cycle,2026-07-16 08:20:00+00:00,2026-07-16 08:28:00+00:00,1878.5532342857146,1885.3943682857143,0.5209196820175274,142.85714285714286,1,1876.1142857142859,1887.8485714285714,1876.1142857142859,1887.8485714285714,
ETHUSDT,static,حكم,cycle,2026-07-16 12:37:00+00:00,2026-07-16 13:36:00+00:00,1878.5532342857146,1885.3943682857143,0.5209196820175274,142.85714285714286,1,1876.1142857142859,1887.8485714285714,1876.1142857142859,1887.8485714285714,
ETHUSDT,static,حكم,cycle,2026-07-16 13:48:00+00:00,2026-07-16 14:08:00+00:00,1878.5532342857146,1885.3943682857143,0.5209196820175274,142.85714285714286,1,1876.1142857142859,1887.8485714285714,1876.1142857142859,1887.8485714285714,
ETHUSDT,static,حكم,cycle,2026-07-16 14:56:00+00:00,2026-07-16 15:26:00+00:00,1878.5532342857146,1885.3943682857143,0.5209196820175274,142.85714285714286,1,1876.1142857142859,1887.8485714285714,1876.1142857142859,1887.8485714285714,
ETHUSDT,static,حكم,cycle,2026-07-16 17:17:00+00:00,2026-07-16 18:16:00+00:00,1866.8036940000002,1873.6753371428574,0.5265360635291424,142.85714285714286,1,1864.38,1876.1142857142859,1864.38,1876.1142857142859,
ETHUSDT,static,حكم,flatten,2026-07-16 23:18:00+00:00,2026-07-17 05:46:00+00:00,1866.8036940000002,1824.71717988,-3.224857142857156,142.85714285714286,1,1864.38,1827.0924,1864.38,1876.1142857142859,
ETHUSDT,static,حكم,flatten,2026-07-16 16:13:00+00:00,2026-07-17 05:46:00+00:00,1878.5532342857146,1824.71717988,-4.099358431234356,142.85714285714286,1,1876.1142857142859,1827.0924,1876.1142857142859,1887.8485714285714,
ETHUSDT,static,حكم,flatten,2026-07-16 08:14:00+00:00,2026-07-17 05:46:00+00:00,1890.3027745714287,1824.71717988,-4.962988457868799,142.85714285714286,1,1887.8485714285714,1827.0924,1887.8485714285714,1899.5828571428572,
ETHUSDT,static,حكم,flatten,2026-07-16 08:10:00+00:00,2026-07-17 05:46:00+00:00,1902.052314857143,1824.71717988,-5.815948687767771,142.85714285714286,1,1899.5828571428572,1827.0924,1899.5828571428572,1911.317142857143,
ETHUSDT,static,حكم,flatten,2026-07-16 07:36:00+00:00,2026-07-17 05:46:00+00:00,1913.8018551428574,1824.71717988,-6.658435638464533,142.85714285714286,1,1911.317142857143,1827.0924,1911.317142857143,1923.0514285714287,
ETHUSDT,static,حكم,flatten,2026-07-16 00:00:00+00:00,2026-07-17 05:46:00+00:00,1920.353218,1824.71717988,-7.104485588380369,142.4714887648796,1,1917.86,1827.0924,1923.0514285714287,1934.7857142857142,
ETHUSDT,static,حكم,flatten,2026-07-16 00:00:00+00:00,2026-07-17 05:46:00+00:00,1920.353218,1824.71717988,-7.061397579650753,141.60741315021966,1,1917.86,1827.0924,1934.7857142857142,1946.52,
FILUSDT,static,اختيار,cycle,2021-09-02 00:05:00+00:00,2021-09-02 00:09:00+00:00,78.38891614285716,78.68757300000001,0.5449843198898909,142.85714285714286,1,78.28714285714287,78.79,78.28714285714287,78.79,
FILUSDT,static,اختيار,cycle,2021-09-02 00:25:00+00:00,2021-09-02 01:36:00+00:00,78.38891614285716,78.68757300000001,0.5449843198898909,142.85714285714286,1,78.28714285714287,78.79,78.28714285714287,78.79,
FILUSDT,static,اختيار,cycle,2021-09-02 06:04:00+00:00,2021-09-02 07:31:00+00:00,78.38891614285716,78.68757300000001,0.5449843198898909,142.85714285714286,1,78.28714285714287,78.79,78.28714285714287,78.79,
FILUSDT,static,اختيار,cycle,2021-09-02 09:44:00+00:00,2021-09-02 10:41:00+00:00,77.8854052857143,78.18536957142858,0.5509087140521988,142.85714285714286,1,77.78428571428572,78.28714285714287,77.78428571428572,78.28714285714287,
FILUSDT,static,اختيار,cycle,2021-09-02 07:48:00+00:00,2021-09-02 12:05:00+00:00,78.38891614285716,78.68757300000001,0.5449843198898909,142.85714285714286,1,78.28714285714287,78.79,78.28714285714287,78.79,
FILUSDT,static,اختيار,cycle,2021-09-02 12:49:00+00:00,2021-09-02 13:38:00+00:00,78.38891614285716,78.68757300000001,0.5449843198898909,142.85714285714286,1,78.28714285714287,78.79,78.28714285714287,78.79,
FILUSDT,static,اختيار,cycle,2021-09-02 15:07:00+00:00,2021-09-02 15:23:00+00:00,77.38189442857144,77.68316614285715,0.5569102062696715,142.85714285714286,1,77.28142857142858,77.78428571428572,77.28142857142858,77.78428571428572,
FILUSDT,static,اختيار,cycle,2021-09-02 17:16:00+00:00,2021-09-02 21:02:00+00:00,77.38189442857144,77.68316614285715,0.5569102062696715,142.85714285714286,1,77.28142857142858,77.78428571428572,77.28142857142858,77.78428571428572,
FILUSDT,static,اختيار,cycle,2021-09-02 14:41:00+00:00,2021-09-02 22:33:00+00:00,77.8854052857143,78.18536957142858,0.5509087140521988,142.85714285714286,1,77.78428571428572,78.28714285714287,77.78428571428572,78.28714285714287,
FILUSDT,static,اختيار,cycle,2021-09-03 01:30:00+00:00,2021-09-03 02:08:00+00:00,75.87136185714286,76.17655585714286,0.5753926208027756,142.85714285714286,1,75.77285714285713,76.27571428571429,75.77285714285713,76.27571428571429,
FILUSDT,static,اختيار,cycle,2021-09-03 00:42:00+00:00,2021-09-03 02:21:00+00:00,76.37487271428571,76.67875928571428,0.5691505842124688,142.85714285714286,1,76.27571428571429,76.77857142857142,76.27571428571429,76.77857142857142,
FILUSDT,static,اختيار,cycle,2021-09-03 00:18:00+00:00,2021-09-03 04:45:00+00:00,76.87838357142857,77.18096271428573,0.5629903113911158,142.85714285714286,1,76.77857142857142,77.28142857142858,76.77857142857142,77.28142857142858,
FILUSDT,static,اختيار,cycle,2021-09-03 05:44:00+00:00,2021-09-03 08:48:00+00:00,76.87838357142857,77.18096271428573,0.5629903113911158,142.85714285714286,1,76.77857142857142,77.28142857142858,76.77857142857142,77.28142857142858,
FILUSDT,static,اختيار,cycle,2021-09-02 23:29:00+00:00,2021-09-03 08:59:00+00:00,77.38189442857144,77.68316614285715,0.5569102062696715,142.85714285714286,1,77.28142857142858,77.78428571428572,77.28142857142858,77.78428571428572,
FILUSDT,static,اختيار,cycle,2021-09-02 23:08:00+00:00,2021-09-03 09:46:00+00:00,77.8854052857143,78.18536957142858,0.5509087140521988,142.85714285714286,1,77.78428571428572,78.28714285714287,77.78428571428572,78.28714285714287,
FILUSDT,static,اختيار,cycle,2021-09-03 11:12:00+00:00,2021-09-03 11:30:00+00:00,76.87838357142857,77.18096271428573,0.5629903113911158,142.85714285714286,1,76.77857142857142,77.28142857142858,76.77857142857142,77.28142857142858,
FILUSDT,static,اختيار,cycle,2021-09-03 10:55:00+00:00,2021-09-03 11:52:00+00:00,77.38189442857144,77.68316614285715,0.5569102062696715,142.85714285714286,1,77.28142857142858,77.78428571428572,77.28142857142858,77.78428571428572,
FILUSDT,static,اختيار,cycle,2021-09-03 12:18:00+00:00,2021-09-03 12:32:00+00:00,77.38189442857144,77.68316614285715,0.5569102062696715,142.85714285714286,1,77.28142857142858,77.78428571428572,77.28142857142858,77.78428571428572,
FILUSDT,static,اختيار,cycle,2021-09-03 09:48:00+00:00,2021-09-03 13:16:00+00:00,77.8854052857143,78.18536957142858,0.5509087140521988,142.85714285714286,1,77.78428571428572,78.28714285714287,77.78428571428572,78.28714285714287,
FILUSDT,static,اختيار,cycle,2021-09-03 13:38:00+00:00,2021-09-03 15:04:00+00:00,77.8854052857143,78.18536957142858,0.5509087140521988,142.85714285714286,1,77.78428571428572,78.28714285714287,77.78428571428572,78.28714285714287,
FILUSDT,static,اختيار,cycle,2021-09-02 14:22:00+00:00,2021-09-03 15:22:00+00:00,78.38891614285716,78.68757300000001,0.5449843198898909,142.85714285714286,1,78.28714285714287,78.79,78.28714285714287,78.79,
FILUSDT,static,اختيار,cycle,2021-09-03 15:36:00+00:00,2021-09-03 16:02:00+00:00,78.38891614285716,78.68757300000001,0.5449843198898909,142.85714285714286,1,78.28714285714287,78.79,78.28714285714287,78.79,
FILUSDT,static,اختيار,cycle,2021-09-03 16:17:00+00:00,2021-09-03 17:15:00+00:00,77.8854052857143,78.18536957142858,0.5509087140521988,142.85714285714286,1,77.78428571428572,78.28714285714287,77.78428571428572,78.28714285714287,
FILUSDT,static,اختيار,cycle,2021-09-03 17:47:00+00:00,2021-09-03 19:13:00+00:00,77.8854052857143,78.18536957142858,0.5509087140521988,142.85714285714286,1,77.78428571428572,78.28714285714287,77.78428571428572,78.28714285714287,
FILUSDT,static,اختيار,cycle,2021-09-03 16:04:00+00:00,2021-09-03 19:24:00+00:00,78.38891614285716,78.68757300000001,0.5449843198898909,142.85714285714286,1,78.28714285714287,78.79,78.28714285714287,78.79,
FILUSDT,static,اختيار,cycle,2021-09-03 22:08:00+00:00,2021-09-04 00:04:00+00:00,77.38189442857144,77.68316614285715,0.5569102062696715,142.85714285714286,1,77.28142857142858,77.78428571428572,77.28142857142858,77.78428571428572,
FILUSDT,static,اختيار,cycle,2021-09-03 20:27:00+00:00,2021-09-04 00:14:00+00:00,77.8854052857143,78.18536957142858,0.5509087140521988,142.85714285714286,1,77.78428571428572,78.28714285714287,77.78428571428572,78.28714285714287,
FILUSDT,static,اختيار,cycle,2021-09-03 19:49:00+00:00,2021-09-04 00:19:00+00:00,78.38891614285716,78.68757300000001,0.5449843198898909,142.85714285714286,1,78.28714285714287,78.79,78.28714285714287,78.79,
FILUSDT,static,اختيار,cycle,2023-04-13 00:17:00+00:00,2023-04-13 00:39:00+00:00,5.948437214285715,5.9795022428571425,0.7470248544289477,142.85714285714286,1,5.940714285714286,5.987285714285714,5.940714285714286,5.987285714285714,
FILUSDT,static,اختيار,cycle,2023-04-13 01:05:00+00:00,2023-04-13 08:31:00+00:00,5.948437214285715,5.9795022428571425,0.7470248544289477,142.85714285714286,1,5.940714285714286,5.987285714285714,5.940714285714286,5.987285714285714,
FILUSDT,static,اختيار,cycle,2023-04-13 00:00:00+00:00,2023-04-13 09:03:00+00:00,5.971753200000001,6.026013128571428,1.2946464787627812,142.30154374746488,1,5.964,6.033857142857142,5.987285714285714,6.033857142857142,
FILUSDT,static,اختيار,cycle,2023-04-13 00:00:00+00:00,2023-04-13 12:45:00+00:00,5.971753200000001,6.072524014285714,2.385842135703609,141.20321045528803,1,5.964,6.0804285714285715,6.033857142857142,6.0804285714285715,
FILUSDT,static,اختيار,cycle,2023-04-13 13:54:00+00:00,2023-04-13 14:48:00+00:00,6.041701157142857,6.072524014285714,0.7297596217263942,142.85714285714286,1,6.033857142857142,6.0804285714285715,6.033857142857142,6.0804285714285715,
FILUSDT,static,اختيار,cycle,2023-04-13 00:00:00+00:00,2023-04-13 17:24:00+00:00,5.971753200000001,6.1190349,3.4603223456992893,140.12170194770107,1,5.964,6.127,6.0804285714285715,6.127,
FILUSDT,static,اختيار,cycle,2023-04-13 20:07:00+00:00,2023-04-13 21:20:00+00:00,6.041701157142857,6.072524014285714,0.7297596217263942,142.85714285714286,1,6.033857142857142,6.0804285714285715,6.033857142857142,6.0804285714285715,
FILUSDT,static,اختيار,cycle,2023-04-13 18:27:00+00:00,2023-04-14 00:32:00+00:00,6.0883331285714295,6.1190349,0.7213253630752167,142.85714285714286,1,6.0804285714285715,6.127,6.0804285714285715,6.127,
FILUSDT,static,اختيار,cycle,2023-07-09 00:00:00+00:00,2023-07-09 01:00:00+00:00,4.3426381,4.368599142857144,0.853869321705805,142.64570451256415,1,4.337,4.3742857142857146,4.343428571428571,4.3742857142857146,
FILUSDT,static,اختيار,cycle,2023-07-09 10:15:00+00:00,2023-07-09 14:35:00+00:00,4.349075028571429,4.368599142857144,0.6421561072791333,142.85714285714286,1,4.343428571428571,4.3742857142857146,4.343428571428571,4.3742857142857146,
FILUSDT,static,اختيار,cycle,2023-07-09 00:00:00+00:00,2023-07-09 14:47:00+00:00,4.3426381,4.399416171428571,1.8542805822524837,141.6394513389941,1,4.337,4.405142857142857,4.3742857142857146,4.405142857142857,
FILUSDT,static,اختيار,cycle,2023-07-10 00:11:00+00:00,2023-07-10 00:12:00+00:00,4.225486,4.245331028571429,0.6718019150788387,142.85714285714286,1,4.22,4.250857142857143,4.22,4.250857142857143,
FILUSDT,static,اختيار,cycle,2023-07-10 00:14:00+00:00,2023-07-10 00:34:00+00:00,4.225486,4.245331028571429,0.6718019150788387,142.85714285714286,1,4.22,4.250857142857143,4.22,4.250857142857143,
FILUSDT,static,اختيار,cycle,2023-07-10 01:04:00+00:00,2023-07-10 03:05:00+00:00,4.225486,4.245331028571429,0.6718019150788387,142.85714285714286,1,4.22,4.250857142857143,4.22,4.250857142857143,
FILUSDT,static,اختيار,cycle,2023-07-10 03:36:00+00:00,2023-07-10 11:56:00+00:00,4.225486,4.245331028571429,0.6718019150788387,142.85714285714286,1,4.22,4.250857142857143,4.22,4.250857142857143,
FILUSDT,static,اختيار,cycle,2023-07-10 12:48:00+00:00,2023-07-10 13:36:00+00:00,4.225486,4.245331028571429,0.6718019150788387,142.85714285714286,1,4.22,4.250857142857143,4.22,4.250857142857143,
FILUSDT,static,اختيار,cycle,2023-07-10 00:10:00+00:00,2023-07-10 16:51:00+00:00,4.256383257142858,4.276148057142857,0.6642290630460758,142.85714285714286,1,4.250857142857143,4.281714285714285,4.250857142857143,4.281714285714285,
FILUSDT,static,اختيار,cycle,2023-07-10 00:07:00+00:00,2023-07-10 17:26:00+00:00,4.287280514285714,4.306965085714285,0.656765361956858,142.8571428571429,1,4.281714285714285,4.312571428571428,4.281714285714285,4.312571428571428,
FILUSDT,static,اختيار,cycle,2023-07-10 00:07:00+00:00,2023-07-10 18:40:00+00:00,4.318177771428571,4.337782114285714,0.6494084688334059,142.85714285714286,1,4.312571428571428,4.343428571428571,4.312571428571428,4.343428571428571,
FILUSDT,static,اختيار,cycle,2023-07-09 16:09:00+00:00,2023-07-10 19:47:00+00:00,4.349075028571429,4.368599142857144,0.6421561072791333,142.85714285714286,1,4.343428571428571,4.3742857142857146,4.343428571428571,4.3742857142857146,
FILUSDT,static,اختيار,cycle,2023-07-09 15:18:00+00:00,2023-07-10 20:04:00+00:00,4.379972285714286,4.399416171428571,0.6350060651301405,142.85714285714286,1,4.3742857142857146,4.405142857142857,4.3742857142857146,4.405142857142857,
FILUSDT,static,اختيار,cycle,2023-07-10 22:15:00+00:00,2023-07-10 22:28:00+00:00,4.287280514285714,4.306965085714285,0.656765361956858,142.8571428571429,1,4.281714285714285,4.312571428571428,4.281714285714285,4.312571428571428,
FILUSDT,static,اختيار,cycle,2023-07-10 21:58:00+00:00,2023-07-11 00:17:00+00:00,4.318177771428571,4.337782114285714,0.6494084688334059,142.85714285714286,1,4.312571428571428,4.343428571428571,4.312571428571428,4.343428571428571,
FILUSDT,static,اختيار,cycle,2023-07-11 00:35:00+00:00,2023-07-11 06:30:00+00:00,4.318177771428571,4.337782114285714,0.6494084688334059,142.85714285714286,1,4.312571428571428,4.343428571428571,4.312571428571428,4.343428571428571,
FILUSDT,static,اختيار,cycle,2023-07-11 13:43:00+00:00,2023-07-11 14:31:00+00:00,4.256383257142858,4.276148057142857,0.6642290630460758,142.85714285714286,1,4.250857142857143,4.281714285714285,4.250857142857143,4.281714285714285,
FILUSDT,static,اختيار,cycle,2023-07-11 12:46:00+00:00,2023-07-11 15:15:00+00:00,4.287280514285714,4.306965085714285,0.656765361956858,142.8571428571429,1,4.281714285714285,4.312571428571428,4.281714285714285,4.312571428571428,
FILUSDT,static,اختيار,cycle,2023-07-11 19:06:00+00:00,2023-07-11 20:50:00+00:00,4.225486,4.245331028571429,0.6718019150788387,142.85714285714286,1,4.22,4.250857142857143,4.22,4.250857142857143,
FILUSDT,static,اختيار,cycle,2023-07-11 18:26:00+00:00,2023-07-11 23:00:00+00:00,4.256383257142858,4.276148057142857,0.6642290630460758,142.85714285714286,1,4.250857142857143,4.281714285714285,4.250857142857143,4.281714285714285,
FILUSDT,static,اختيار,cycle,2023-07-11 15:31:00+00:00,2023-07-12 01:11:00+00:00,4.287280514285714,4.306965085714285,0.656765361956858,142.8571428571429,1,4.281714285714285,4.312571428571428,4.281714285714285,4.312571428571428,
FILUSDT,static,اختيار,cycle,2023-07-12 04:07:00+00:00,2023-07-12 06:35:00+00:00,4.287280514285714,4.306965085714285,0.656765361956858,142.8571428571429,1,4.281714285714285,4.312571428571428,4.281714285714285,4.312571428571428,
FILUSDT,static,اختيار,cycle,2023-07-11 09:00:00+00:00,2023-07-12 12:30:00+00:00,4.318177771428571,4.337782114285714,0.6494084688334059,142.85714285714286,1,4.312571428571428,4.343428571428571,4.312571428571428,4.343428571428571,
FILUSDT,static,اختيار,cycle,2023-07-12 13:38:00+00:00,2023-07-12 14:02:00+00:00,4.287280514285714,4.306965085714285,0.656765361956858,142.8571428571429,1,4.281714285714285,4.312571428571428,4.281714285714285,4.312571428571428,
FILUSDT,static,اختيار,cycle,2023-07-12 12:34:00+00:00,2023-07-12 15:15:00+00:00,4.318177771428571,4.337782114285714,0.6494084688334059,142.85714285714286,1,4.312571428571428,4.343428571428571,4.312571428571428,4.343428571428571,
FILUSDT,static,اختيار,cycle,2023-07-12 16:07:00+00:00,2023-07-12 16:43:00+00:00,4.256383257142858,4.276148057142857,0.6642290630460758,142.85714285714286,1,4.250857142857143,4.281714285714285,4.250857142857143,4.281714285714285,
FILUSDT,static,اختيار,cycle,2023-07-12 19:24:00+00:00,2023-07-13 09:32:00+00:00,4.225486,4.245331028571429,0.6718019150788387,142.85714285714286,1,4.22,4.250857142857143,4.22,4.250857142857143,
FILUSDT,static,اختيار,cycle,2023-07-12 19:23:00+00:00,2023-07-13 15:27:00+00:00,4.256383257142858,4.276148057142857,0.6642290630460758,142.85714285714286,1,4.250857142857143,4.281714285714285,4.250857142857143,4.281714285714285,
FILUSDT,static,اختيار,cycle,2023-07-12 15:40:00+00:00,2023-07-13 15:32:00+00:00,4.287280514285714,4.306965085714285,0.656765361956858,142.8571428571429,1,4.281714285714285,4.312571428571428,4.281714285714285,4.312571428571428,
FILUSDT,static,اختيار,cycle,2023-07-12 15:20:00+00:00,2023-07-13 15:40:00+00:00,4.318177771428571,4.337782114285714,0.6494084688334059,142.85714285714286,1,4.312571428571428,4.343428571428571,4.312571428571428,4.343428571428571,
FILUSDT,static,اختيار,cycle,2023-07-10 21:56:00+00:00,2023-07-13 15:44:00+00:00,4.349075028571429,4.368599142857144,0.6421561072791333,142.85714285714286,1,4.343428571428571,4.3742857142857146,4.343428571428571,4.3742857142857146,
FILUSDT,static,اختيار,cycle,2023-07-10 20:51:00+00:00,2023-07-13 15:45:00+00:00,4.379972285714286,4.399416171428571,0.6350060651301405,142.85714285714286,1,4.3742857142857146,4.405142857142857,4.3742857142857146,4.405142857142857,
FILUSDT,static,اختيار,cycle,2023-07-09 00:00:00+00:00,2023-07-13 15:45:00+00:00,4.3426381,4.4302332,2.840676482033977,140.64729536904917,1,4.337,4.436,4.405142857142857,4.436,
FILUSDT,static,اختيار,cycle,2023-07-13 15:47:00+00:00,2023-07-13 15:48:00+00:00,4.410869542857143,4.4302332,0.6279561922057602,142.85714285714286,1,4.405142857142857,4.436,4.405142857142857,4.436,
FILUSDT,static,اختيار,cycle,2023-07-13 15:54:00+00:00,2023-07-13 15:56:00+00:00,4.410869542857143,4.4302332,0.6279561922057602,142.85714285714286,1,4.405142857142857,4.436,4.405142857142857,4.436,
FILUSDT,static,حكم,cycle,2025-09-14 01:23:00+00:00,2025-09-14 01:42:00+00:00,2.577632285714286,2.5860623142857144,0.46781512605041586,142.85714285714286,1,2.5742857142857143,2.5894285714285714,2.5742857142857143,2.5894285714285714,
FILUSDT,static,حكم,cycle,2025-09-14 01:01:00+00:00,2025-09-14 02:01:00+00:00,2.592794828571429,2.6011854857142858,0.4629072681704136,142.85714285714286,1,2.5894285714285714,2.6045714285714285,2.5894285714285714,2.6045714285714285,
FILUSDT,static,حكم,cycle,2025-09-14 00:48:00+00:00,2025-09-14 02:14:00+00:00,2.6079573714285718,2.616308657142857,0.458056478405295,142.85714285714286,1,2.6045714285714285,2.6197142857142857,2.6045714285714285,2.6197142857142857,
FILUSDT,static,حكم,cycle,2025-09-14 04:18:00+00:00,2025-09-14 04:25:00+00:00,2.562469742857143,2.570939142857143,0.4727810650887614,142.85714285714286,1,2.559142857142857,2.5742857142857143,2.559142857142857,2.5742857142857143,
FILUSDT,static,حكم,cycle,2025-09-14 04:11:00+00:00,2025-09-14 04:46:00+00:00,2.577632285714286,2.5860623142857144,0.46781512605041586,142.85714285714286,1,2.5742857142857143,2.5894285714285714,2.5742857142857143,2.5894285714285714,
FILUSDT,static,حكم,cycle,2025-09-14 03:57:00+00:00,2025-09-14 05:54:00+00:00,2.592794828571429,2.6011854857142858,0.4629072681704136,142.85714285714286,1,2.5894285714285714,2.6045714285714285,2.5894285714285714,2.6045714285714285,
FILUSDT,static,حكم,flatten,2025-09-14 11:32:00+00:00,2025-09-14 13:55:00+00:00,2.5473072,2.489878944,-3.2248571428571497,142.85714285714286,1,2.544,2.49312,2.544,2.559142857142857,
FILUSDT,static,حكم,flatten,2025-09-14 11:26:00+00:00,2025-09-14 13:55:00+00:00,2.562469742857143,2.489878944,-4.052182586644135,142.85714285714286,1,2.559142857142857,2.49312,2.559142857142857,2.5742857142857143,
FILUSDT,static,حكم,flatten,2025-09-14 11:10:00+00:00,2025-09-14 13:55:00+00:00,2.577632285714286,2.489878944,-4.869774789915979,142.85714285714286,1,2.5742857142857143,2.49312,2.5742857142857143,2.5894285714285714,
FILUSDT,static,حكم,flatten,2025-09-14 06:46:00+00:00,2025-09-14 13:55:00+00:00,2.592794828571429,2.489878944,-5.677804511278212,142.85714285714286,1,2.5894285714285714,2.49312,2.5894285714285714,2.6045714285714285,
FILUSDT,static,حكم,flatten,2025-09-14 03:16:00+00:00,2025-09-14 13:55:00+00:00,2.6079573714285718,2.489878944,-6.476438538205999,142.85714285714286,1,2.6045714285714285,2.49312,2.6045714285714285,2.6197142857142857,
FILUSDT,static,حكم,flatten,2025-09-14 00:01:00+00:00,2025-09-14 13:55:00+00:00,2.6231199142857142,2.489878944,-7.2658398018166785,142.85714285714286,1,2.6197142857142857,2.49312,2.6197142857142857,2.634857142857143,
FILUSDT,static,حكم,flatten,2025-09-14 00:00:00+00:00,2025-09-14 13:55:00+00:00,2.623406,2.489878944,-7.239593146822823,142.0516157015832,1,2.62,2.49312,2.634857142857143,2.65,
FILUSDT,static,حكم,cycle,2026-01-11 00:00:00+00:00,2026-01-11 00:48:00+00:00,1.4829253000000002,1.4870643000000001,0.39897821476767814,142.76074802390593,1,1.481,1.489,1.482,1.489,
FILUSDT,static,حكم,cycle,2026-01-11 00:00:00+00:00,2026-01-11 01:44:00+00:00,1.4829253000000002,1.4940552,1.0678211647318243,142.0896095174134,1,1.481,1.496,1.489,1.496,
FILUSDT,static,حكم,cycle,2026-01-11 04:13:00+00:00,2026-01-11 04:58:00+00:00,1.4839266000000002,1.4870643000000001,0.3024580682475333,142.85714285714286,1,1.482,1.489,1.482,1.489,
FILUSDT,static,حكم,cycle,2026-01-11 05:22:00+00:00,2026-01-11 09:50:00+00:00,1.4839266000000002,1.4870643000000001,0.3024580682475333,142.85714285714286,1,1.482,1.489,1.482,1.489,
FILUSDT,static,حكم,cycle,2026-01-11 02:53:00+00:00,2026-01-11 11:56:00+00:00,1.4909357000000003,1.4940552,0.2992900316607234,142.85714285714286,1,1.489,1.496,1.489,1.496,
FILUSDT,static,حكم,cycle,2026-01-11 00:00:00+00:00,2026-01-11 11:57:00+00:00,1.4829253000000002,1.5010461000000002,1.7304048892284127,141.42475171886937,1,1.481,1.5030000000000001,1.496,1.5030000000000001,
FILUSDT,static,حكم,cycle,2026-01-11 14:43:00+00:00,2026-01-11 14:57:00+00:00,1.4909357000000003,1.4940552,0.2992900316607234,142.85714285714286,1,1.489,1.496,1.489,1.496,
FILUSDT,static,حكم,cycle,2026-01-11 15:48:00+00:00,2026-01-11 16:01:00+00:00,1.4769175,1.4800734,0.30565617433412867,142.85714285714286,1,1.475,1.482,1.475,1.482,
FILUSDT,static,حكم,cycle,2026-01-11 15:42:00+00:00,2026-01-11 16:28:00+00:00,1.4839266000000002,1.4870643000000001,0.3024580682475333,142.85714285714286,1,1.482,1.489,1.482,1.489,
FILUSDT,static,حكم,cycle,2026-01-11 15:11:00+00:00,2026-01-11 16:30:00+00:00,1.4909357000000003,1.4940552,0.2992900316607234,142.85714285714286,1,1.489,1.496,1.489,1.496,
FILUSDT,static,حكم,cycle,2026-01-11 13:32:00+00:00,2026-01-11 17:10:00+00:00,1.4979448000000002,1.5010461000000002,0.29615164247516934,142.85714285714286,1,1.496,1.5030000000000001,1.496,1.5030000000000001,
FILUSDT,static,حكم,cycle,2026-01-11 17:36:00+00:00,2026-01-11 17:44:00+00:00,1.4909357000000003,1.4940552,0.2992900316607234,142.85714285714286,1,1.489,1.496,1.489,1.496,
FILUSDT,static,حكم,cycle,2026-01-11 17:16:00+00:00,2026-01-11 17:44:00+00:00,1.4979448000000002,1.5010461000000002,0.29615164247516934,142.85714285714286,1,1.496,1.5030000000000001,1.496,1.5030000000000001,
FILUSDT,static,حكم,cycle,2026-01-11 00:00:00+00:00,2026-01-11 17:49:00+00:00,1.4829253000000002,1.508037,2.386816842505451,140.7660868738713,1,1.481,1.51,1.5030000000000001,1.51,
FILUSDT,static,حكم,cycle,2026-01-11 20:06:00+00:00,2026-01-11 20:07:00+00:00,1.4699084,1.4730825,0.30888478007007286,142.85714285714286,1,1.468,1.475,1.468,1.475,
FILUSDT,static,حكم,cycle,2026-01-11 20:17:00+00:00,2026-01-11 20:35:00+00:00,1.4628993000000001,1.4660916,0.31214432384861784,142.85714285714286,1,1.461,1.468,1.461,1.468,
FILUSDT,static,حكم,cycle,2026-01-11 21:04:00+00:00,2026-01-11 21:50:00+00:00,1.4628993000000001,1.4660916,0.31214432384861784,142.85714285714286,1,1.461,1.468,1.461,1.468,
FILUSDT,static,حكم,cycle,2026-01-11 22:04:00+00:00,2026-01-12 00:20:00+00:00,1.4628993000000001,1.4660916,0.31214432384861784,142.85714285714286,1,1.461,1.468,1.461,1.468,
FILUSDT,static,حكم,cycle,2026-01-12 00:22:00+00:00,2026-01-12 00:30:00+00:00,1.4628993000000001,1.4660916,0.31214432384861784,142.85714285714286,1,1.461,1.468,1.461,1.468,
FILUSDT,static,حكم,cycle,2026-01-12 00:33:00+00:00,2026-01-12 00:59:00+00:00,1.4628993000000001,1.4660916,0.31214432384861784,142.85714285714286,1,1.461,1.468,1.461,1.468,
FILUSDT,static,حكم,cycle,2026-01-11 20:15:00+00:00,2026-01-12 01:00:00+00:00,1.4699084,1.4730825,0.30888478007007286,142.85714285714286,1,1.468,1.475,1.468,1.475,
FILUSDT,static,حكم,cycle,2026-01-12 01:01:00+00:00,2026-01-12 01:03:00+00:00,1.4699084,1.4730825,0.30888478007007286,142.85714285714286,1,1.468,1.475,1.468,1.475,
FILUSDT,static,حكم,cycle,2026-01-11 20:05:00+00:00,2026-01-12 01:04:00+00:00,1.4769175,1.4800734,0.30565617433412867,142.85714285714286,1,1.475,1.482,1.475,1.482,
FILUSDT,static,حكم,cycle,2026-01-11 20:00:00+00:00,2026-01-12 01:23:00+00:00,1.4839266000000002,1.4870643000000001,0.3024580682475333,142.85714285714286,1,1.482,1.489,1.482,1.489,
FILUSDT,static,حكم,cycle,2026-01-11 20:00:00+00:00,2026-01-12 01:27:00+00:00,1.4909357000000003,1.4940552,0.2992900316607234,142.85714285714286,1,1.489,1.496,1.489,1.496,
FILUSDT,static,حكم,cycle,2026-01-11 19:38:00+00:00,2026-01-12 01:29:00+00:00,1.4979448000000002,1.5010461000000002,0.29615164247516934,142.85714285714286,1,1.496,1.5030000000000001,1.496,1.5030000000000001,
FILUSDT,static,حكم,cycle,2026-01-12 01:35:00+00:00,2026-01-12 01:46:00+00:00,1.4839266000000002,1.4870643000000001,0.3024580682475333,142.85714285714286,1,1.482,1.489,1.482,1.489,
FILUSDT,static,حكم,cycle,2026-01-12 01:33:00+00:00,2026-01-12 02:01:00+00:00,1.4909357000000003,1.4940552,0.2992900316607234,142.85714285714286,1,1.489,1.496,1.489,1.496,
FILUSDT,static,حكم,cycle,2026-01-12 01:31:00+00:00,2026-01-12 02:04:00+00:00,1.4979448000000002,1.5010461000000002,0.29615164247516934,142.85714285714286,1,1.496,1.5030000000000001,1.496,1.5030000000000001,
FILUSDT,static,حكم,cycle,2026-01-12 02:19:00+00:00,2026-01-12 02:46:00+00:00,1.4979448000000002,1.5010461000000002,0.29615164247516934,142.85714285714286,1,1.496,1.5030000000000001,1.496,1.5030000000000001,
FILUSDT,static,حكم,cycle,2026-01-12 03:58:00+00:00,2026-01-12 04:34:00+00:00,1.4909357000000003,1.4940552,0.2992900316607234,142.85714285714286,1,1.489,1.496,1.489,1.496,
FILUSDT,static,حكم,cycle,2026-01-12 03:36:00+00:00,2026-01-12 04:37:00+00:00,1.4979448000000002,1.5010461000000002,0.29615164247516934,142.85714285714286,1,1.496,1.5030000000000001,1.496,1.5030000000000001,
FILUSDT,static,حكم,cycle,2026-01-12 08:36:00+00:00,2026-01-12 15:18:00+00:00,1.4628993000000001,1.4660916,0.31214432384861784,142.85714285714286,1,1.461,1.468,1.461,1.468,
FILUSDT,static,حكم,cycle,2026-01-12 08:31:00+00:00,2026-01-12 15:20:00+00:00,1.4699084,1.4730825,0.30888478007007286,142.85714285714286,1,1.468,1.475,1.468,1.475,
FILUSDT,static,حكم,cycle,2026-01-12 15:21:00+00:00,2026-01-12 15:25:00+00:00,1.4699084,1.4730825,0.30888478007007286,142.85714285714286,1,1.468,1.475,1.468,1.475,
FILUSDT,static,حكم,cycle,2026-01-12 07:34:00+00:00,2026-01-12 15:37:00+00:00,1.4769175,1.4800734,0.30565617433412867,142.85714285714286,1,1.475,1.482,1.475,1.482,
FILUSDT,static,حكم,cycle,2026-01-12 07:19:00+00:00,2026-01-12 15:37:00+00:00,1.4839266000000002,1.4870643000000001,0.3024580682475333,142.85714285714286,1,1.482,1.489,1.482,1.489,
FILUSDT,static,حكم,cycle,2026-01-12 16:10:00+00:00,2026-01-12 16:25:00+00:00,1.4839266000000002,1.4870643000000001,0.3024580682475333,142.85714285714286,1,1.482,1.489,1.482,1.489,
FILUSDT,static,حكم,cycle,2026-01-12 06:28:00+00:00,2026-01-12 16:30:00+00:00,1.4909357000000003,1.4940552,0.2992900316607234,142.85714285714286,1,1.489,1.496,1.489,1.496,
FILUSDT,static,حكم,cycle,2026-01-12 17:33:00+00:00,2026-01-12 17:37:00+00:00,1.4628993000000001,1.4660916,0.31214432384861784,142.85714285714286,1,1.461,1.468,1.461,1.468,
FILUSDT,static,حكم,cycle,2026-01-12 18:07:00+00:00,2026-01-12 18:09:00+00:00,1.4628993000000001,1.4660916,0.31214432384861784,142.85714285714286,1,1.461,1.468,1.461,1.468,
FILUSDT,static,حكم,cycle,2026-01-12 18:35:00+00:00,2026-01-12 19:31:00+00:00,1.4628993000000001,1.4660916,0.31214432384861784,142.85714285714286,1,1.461,1.468,1.461,1.468,
FILUSDT,static,حكم,cycle,2026-01-12 19:46:00+00:00,2026-01-12 19:52:00+00:00,1.4628993000000001,1.4660916,0.31214432384861784,142.85714285714286,1,1.461,1.468,1.461,1.468,
FILUSDT,static,حكم,cycle,2026-01-12 17:32:00+00:00,2026-01-12 20:03:00+00:00,1.4699084,1.4730825,0.30888478007007286,142.85714285714286,1,1.468,1.475,1.468,1.475,
FILUSDT,static,حكم,cycle,2026-01-12 17:24:00+00:00,2026-01-12 20:08:00+00:00,1.4769175,1.4800734,0.30565617433412867,142.85714285714286,1,1.475,1.482,1.475,1.482,
FILUSDT,static,حكم,cycle,2026-01-12 20:46:00+00:00,2026-01-12 22:34:00+00:00,1.4628993000000001,1.4660916,0.31214432384861784,142.85714285714286,1,1.461,1.468,1.461,1.468,
FILUSDT,static,حكم,cycle,2026-01-12 23:04:00+00:00,2026-01-12 23:27:00+00:00,1.4628993000000001,1.4660916,0.31214432384861784,142.85714285714286,1,1.461,1.468,1.461,1.468,
FILUSDT,static,حكم,cycle,2026-01-12 23:48:00+00:00,2026-01-13 00:06:00+00:00,1.4628993000000001,1.4660916,0.31214432384861784,142.85714285714286,1,1.461,1.468,1.461,1.468,
FILUSDT,static,حكم,cycle,2026-01-13 00:41:00+00:00,2026-01-13 01:08:00+00:00,1.4628993000000001,1.4660916,0.31214432384861784,142.85714285714286,1,1.461,1.468,1.461,1.468,
FILUSDT,static,حكم,cycle,2026-01-13 01:36:00+00:00,2026-01-13 02:01:00+00:00,1.4628993000000001,1.4660916,0.31214432384861784,142.85714285714286,1,1.461,1.468,1.461,1.468,
FILUSDT,static,حكم,cycle,2026-01-12 20:33:00+00:00,2026-01-13 02:03:00+00:00,1.4699084,1.4730825,0.30888478007007286,142.85714285714286,1,1.468,1.475,1.468,1.475,
FILUSDT,static,حكم,cycle,2026-01-13 02:59:00+00:00,2026-01-13 03:22:00+00:00,1.4628993000000001,1.4660916,0.31214432384861784,142.85714285714286,1,1.461,1.468,1.461,1.468,
FILUSDT,static,حكم,cycle,2026-01-13 02:25:00+00:00,2026-01-13 04:06:00+00:00,1.4699084,1.4730825,0.30888478007007286,142.85714285714286,1,1.468,1.475,1.468,1.475,
FILUSDT,static,حكم,cycle,2026-01-12 20:27:00+00:00,2026-01-13 05:01:00+00:00,1.4769175,1.4800734,0.30565617433412867,142.85714285714286,1,1.475,1.482,1.475,1.482,
FILUSDT,static,حكم,cycle,2026-01-12 16:48:00+00:00,2026-01-13 05:18:00+00:00,1.4839266000000002,1.4870643000000001,0.3024580682475333,142.85714285714286,1,1.482,1.489,1.482,1.489,
FILUSDT,static,حكم,cycle,2026-01-13 05:51:00+00:00,2026-01-13 06:39:00+00:00,1.4839266000000002,1.4870643000000001,0.3024580682475333,142.85714285714286,1,1.482,1.489,1.482,1.489,
FILUSDT,static,حكم,cycle,2026-01-13 07:47:00+00:00,2026-01-13 09:33:00+00:00,1.4839266000000002,1.4870643000000001,0.3024580682475333,142.85714285714286,1,1.482,1.489,1.482,1.489,
FILUSDT,static,حكم,cycle,2026-01-13 09:42:00+00:00,2026-01-13 10:02:00+00:00,1.4839266000000002,1.4870643000000001,0.3024580682475333,142.85714285714286,1,1.482,1.489,1.482,1.489,
FILUSDT,static,حكم,cycle,2026-01-12 16:33:00+00:00,2026-01-13 11:29:00+00:00,1.4909357000000003,1.4940552,0.2992900316607234,142.85714285714286,1,1.489,1.496,1.489,1.496,
FILUSDT,static,حكم,cycle,2026-01-13 12:07:00+00:00,2026-01-13 12:36:00+00:00,1.4909357000000003,1.4940552,0.2992900316607234,142.85714285714286,1,1.489,1.496,1.489,1.496,
FILUSDT,static,حكم,cycle,2026-01-12 06:01:00+00:00,2026-01-13 12:50:00+00:00,1.4979448000000002,1.5010461000000002,0.29615164247516934,142.85714285714286,1,1.496,1.5030000000000001,1.496,1.5030000000000001,
FILUSDT,static,حكم,cycle,2026-01-11 18:03:00+00:00,2026-01-13 12:50:00+00:00,1.5049539000000003,1.508037,0.2930424864556395,142.85714285714286,1,1.5030000000000001,1.51,1.5030000000000001,1.51,
FILUSDT,static,حكم,cycle,2026-04-22 01:19:00+00:00,2026-04-22 02:10:00+00:00,0.9259164142857144,0.9279349714285715,0.3118425989274134,142.85714285714286,1,0.9247142857142857,0.9291428571428572,0.9247142857142857,0.9291428571428572,
FILUSDT,static,حكم,cycle,2026-04-22 00:00:00+00:00,2026-04-22 02:16:00+00:00,0.9282051000000001,0.9323577857142856,0.6384818133895309,142.52767527675277,1,0.927,0.9335714285714285,0.9291428571428572,0.9335714285714285,
FILUSDT,static,حكم,cycle,2026-04-22 00:00:00+00:00,2026-04-22 02:28:00+00:00,0.9282051000000001,0.9367806,1.31224177505736,141.85156847742925,1,0.927,0.938,0.9335714285714285,0.938,
GRAMUSDT,static,حكم,cycle,2024-09-29 01:17:00+00:00,2024-09-29 02:11:00+00:00,5.8215582,5.842823014285714,0.5225026852846312,142.85714285714286,1,5.814,5.850428571428571,5.814,5.850428571428571,
GRAMUSDT,static,حكم,cycle,2024-09-29 04:21:00+00:00,2024-09-29 17:03:00+00:00,5.8215582,5.842823014285714,0.5225026852846312,142.85714285714286,1,5.814,5.850428571428571,5.814,5.850428571428571,
GRAMUSDT,static,حكم,cycle,2024-09-29 00:05:00+00:00,2024-09-29 19:56:00+00:00,5.858034128571429,5.879204228571429,0.5169364881693641,142.85714285714286,1,5.850428571428571,5.886857142857143,5.850428571428571,5.886857142857143,
GRAMUSDT,static,حكم,cycle,2024-09-29 23:35:00+00:00,2024-09-29 23:50:00+00:00,5.8215582,5.842823014285714,0.5225026852846312,142.85714285714286,1,5.814,5.850428571428571,5.814,5.850428571428571,
GRAMUSDT,static,حكم,cycle,2024-09-30 00:27:00+00:00,2024-09-30 00:58:00+00:00,5.8215582,5.842823014285714,0.5225026852846312,142.85714285714286,1,5.814,5.850428571428571,5.814,5.850428571428571,
GRAMUSDT,static,حكم,cycle,2024-09-30 01:49:00+00:00,2024-09-30 17:59:00+00:00,5.8215582,5.842823014285714,0.5225026852846312,142.85714285714286,1,5.814,5.850428571428571,5.814,5.850428571428571,
GRAMUSDT,static,حكم,cycle,2024-09-29 22:18:00+00:00,2024-09-30 17:59:00+00:00,5.858034128571429,5.879204228571429,0.5169364881693641,142.85714285714286,1,5.850428571428571,5.886857142857143,5.850428571428571,5.886857142857143,
GRAMUSDT,static,حكم,cycle,2024-09-30 18:17:00+00:00,2024-09-30 19:38:00+00:00,5.8215582,5.842823014285714,0.5225026852846312,142.85714285714286,1,5.814,5.850428571428571,5.814,5.850428571428571,
GRAMUSDT,static,حكم,flatten,2024-09-30 21:44:00+00:00,2024-09-30 23:41:00+00:00,5.8215582,5.690312964,-3.2248571428571386,142.85714285714286,1,5.814,5.69772,5.814,5.850428571428571,
GRAMUSDT,static,حكم,flatten,2024-09-30 18:00:00+00:00,2024-09-30 23:41:00+00:00,5.858034128571429,5.690312964,-4.095454901263124,142.85714285714286,1,5.850428571428571,5.69772,5.850428571428571,5.886857142857143,
GRAMUSDT,static,حكم,flatten,2024-09-29 00:00:00+00:00,2024-09-30 23:41:00+00:00,5.894510057142858,5.690312964,-4.955277934936362,142.85714285714286,1,5.886857142857143,5.69772,5.886857142857143,5.923285714285714,
GRAMUSDT,static,حكم,flatten,2024-09-29 00:00:00+00:00,2024-09-30 23:41:00+00:00,5.8926505,5.690312964,-4.879954079540794,141.93377227889926,1,5.885,5.69772,5.923285714285714,5.959714285714286,
GRAMUSDT,static,حكم,flatten,2024-09-29 00:00:00+00:00,2024-09-30 23:41:00+00:00,5.8926505,5.690312964,-4.850125509372451,141.0662064336737,1,5.885,5.69772,5.959714285714286,5.996142857142857,
GRAMUSDT,static,حكم,flatten,2024-09-29 00:00:00+00:00,2024-09-30 23:41:00+00:00,5.8926505,5.690312964,-4.820659376265693,140.20918209325043,1,5.885,5.69772,5.996142857142857,6.032571428571429,
GRAMUSDT,static,حكم,flatten,2024-09-29 00:00:00+00:00,2024-09-30 23:41:00+00:00,5.8926505,5.690312964,-4.791549114331722,139.36250828833948,1,5.885,5.69772,6.032571428571429,6.069,
GRAMUSDT,static,حكم,cycle,2024-11-16 00:00:00+00:00,2024-11-16 02:10:00+00:00,5.387995300000001,5.4139527,0.6889272254365771,142.81543606348532,1,5.381,5.421,5.382571428571429,5.421,
GRAMUSDT,static,حكم,cycle,2024-11-16 06:32:00+00:00,2024-11-16 08:04:00+00:00,5.389568771428572,5.4139527,0.6471662129472906,142.85714285714286,1,5.382571428571429,5.421,5.382571428571429,5.421,
GRAMUSDT,static,حكم,cycle,2025-05-17 00:37:00+00:00,2025-05-17 00:54:00+00:00,3.0659806,3.0752826428571427,0.4339853903677636,142.85714285714286,1,3.062,3.079285714285714,3.062,3.079285714285714,
GRAMUSDT,static,حكم,cycle,2025-05-17 01:05:00+00:00,2025-05-17 04:43:00+00:00,3.0659806,3.0752826428571427,0.4339853903677636,142.85714285714286,1,3.062,3.079285714285714,3.062,3.079285714285714,
GRAMUSDT,static,حكم,cycle,2025-05-17 05:45:00+00:00,2025-05-17 06:14:00+00:00,3.0659806,3.0752826428571427,0.4339853903677636,142.85714285714286,1,3.062,3.079285714285714,3.062,3.079285714285714,
GRAMUSDT,static,حكم,cycle,2025-05-17 06:22:00+00:00,2025-05-17 06:44:00+00:00,3.0659806,3.0752826428571427,0.4339853903677636,142.85714285714286,1,3.062,3.079285714285714,3.062,3.079285714285714,
GRAMUSDT,static,حكم,cycle,2025-05-17 00:25:00+00:00,2025-05-17 07:06:00+00:00,3.0832887857142857,3.092545885714286,0.429464161447466,142.85714285714286,1,3.079285714285714,3.0965714285714285,3.079285714285714,3.0965714285714285,
GRAMUSDT,static,حكم,cycle,2025-05-17 07:49:00+00:00,2025-05-17 15:35:00+00:00,3.0659806,3.0752826428571427,0.4339853903677636,142.85714285714286,1,3.062,3.079285714285714,3.062,3.079285714285714,
GRAMUSDT,static,حكم,cycle,2025-05-17 15:51:00+00:00,2025-05-17 16:08:00+00:00,3.0659806,3.0752826428571427,0.4339853903677636,142.85714285714286,1,3.062,3.079285714285714,3.062,3.079285714285714,
GRAMUSDT,static,حكم,cycle,2025-05-17 16:22:00+00:00,2025-05-17 18:18:00+00:00,3.0659806,3.0752826428571427,0.4339853903677636,142.85714285714286,1,3.062,3.079285714285714,3.062,3.079285714285714,
GRAMUSDT,static,حكم,cycle,2025-05-17 18:34:00+00:00,2025-05-17 20:54:00+00:00,3.0659806,3.0752826428571427,0.4339853903677636,142.85714285714286,1,3.062,3.079285714285714,3.062,3.079285714285714,
GRAMUSDT,static,حكم,cycle,2025-05-17 21:20:00+00:00,2025-05-17 21:30:00+00:00,3.0659806,3.0752826428571427,0.4339853903677636,142.85714285714286,1,3.062,3.079285714285714,3.062,3.079285714285714,
GRAMUSDT,static,حكم,cycle,2025-05-17 22:16:00+00:00,2025-05-17 23:21:00+00:00,3.0659806,3.0752826428571427,0.4339853903677636,142.85714285714286,1,3.062,3.079285714285714,3.062,3.079285714285714,
GRAMUSDT,static,حكم,cycle,2025-05-17 07:37:00+00:00,2025-05-18 05:05:00+00:00,3.0832887857142857,3.092545885714286,0.429464161447466,142.85714285714286,1,3.079285714285714,3.0965714285714285,3.079285714285714,3.0965714285714285,
GRAMUSDT,static,حكم,cycle,2025-05-17 00:05:00+00:00,2025-05-18 05:48:00+00:00,3.1005969714285717,3.109809128571429,0.4249934094324216,142.85714285714286,1,3.0965714285714285,3.113857142857143,3.0965714285714285,3.113857142857143,
GRAMUSDT,static,حكم,cycle,2025-05-18 06:34:00+00:00,2025-05-18 07:26:00+00:00,3.1005969714285717,3.109809128571429,0.4249934094324216,142.85714285714286,1,3.0965714285714285,3.113857142857143,3.0965714285714285,3.113857142857143,
GRAMUSDT,static,حكم,cycle,2025-05-17 00:00:00+00:00,2025-05-18 08:08:00+00:00,3.1050313000000003,3.127072371428571,1.0111974780277477,142.2672844886911,1,3.101,3.131142857142857,3.113857142857143,3.131142857142857,
GRAMUSDT,static,حكم,cycle,2025-05-18 12:02:00+00:00,2025-05-18 12:24:00+00:00,3.0832887857142857,3.092545885714286,0.429464161447466,142.85714285714286,1,3.079285714285714,3.0965714285714285,3.079285714285714,3.0965714285714285,
GRAMUSDT,static,حكم,cycle,2025-05-18 09:41:00+00:00,2025-05-18 13:37:00+00:00,3.1005969714285717,3.109809128571429,0.4249934094324216,142.85714285714286,1,3.0965714285714285,3.113857142857143,3.0965714285714285,3.113857142857143,
GRAMUSDT,static,حكم,cycle,2025-05-18 08:17:00+00:00,2025-05-18 14:12:00+00:00,3.1179051571428573,3.127072371428571,0.42057229369701177,142.85714285714286,1,3.113857142857143,3.131142857142857,3.113857142857143,3.131142857142857,
GRAMUSDT,static,حكم,cycle,2025-05-17 00:00:00+00:00,2025-05-18 14:46:00+00:00,3.1050313000000003,3.144335614285714,1.7932436484037735,141.48188703348848,1,3.101,3.148428571428571,3.131142857142857,3.148428571428571,
GRAMUSDT,static,حكم,cycle,2025-05-18 15:03:00+00:00,2025-05-18 15:16:00+00:00,3.135213342857143,3.144335614285714,0.41619999217863174,142.85714285714286,1,3.131142857142857,3.148428571428571,3.131142857142857,3.148428571428571,
GRAMUSDT,static,حكم,cycle,2025-05-17 00:00:00+00:00,2025-05-18 15:42:00+00:00,3.1050313000000003,3.161598857142857,2.56670253381989,140.70511366214438,1,3.101,3.1657142857142855,3.148428571428571,3.1657142857142855,
GRAMUSDT,static,حكم,cycle,2025-05-17 00:00:00+00:00,2025-05-18 16:01:00+00:00,3.1050313000000003,3.1788621,3.3317148014440274,139.93682310469313,1,3.101,3.183,3.1657142857142855,3.183,
GRAMUSDT,static,حكم,cycle,2025-05-18 20:00:00+00:00,2025-05-18 20:47:00+00:00,3.0659806,3.0752826428571427,0.4339853903677636,142.85714285714286,1,3.062,3.079285714285714,3.062,3.079285714285714,
GRAMUSDT,static,حكم,cycle,2025-05-18 19:40:00+00:00,2025-05-18 21:01:00+00:00,3.0832887857142857,3.092545885714286,0.429464161447466,142.85714285714286,1,3.079285714285714,3.0965714285714285,3.079285714285714,3.0965714285714285,
GRAMUSDT,static,حكم,cycle,2025-05-18 19:31:00+00:00,2025-05-18 21:18:00+00:00,3.1005969714285717,3.109809128571429,0.4249934094324216,142.85714285714286,1,3.0965714285714285,3.113857142857143,3.0965714285714285,3.113857142857143,
GRAMUSDT,static,حكم,cycle,2025-05-18 21:52:00+00:00,2025-05-18 22:25:00+00:00,3.1005969714285717,3.109809128571429,0.4249934094324216,142.85714285714286,1,3.0965714285714285,3.113857142857143,3.0965714285714285,3.113857142857143,
GRAMUSDT,static,حكم,cycle,2025-05-18 18:10:00+00:00,2025-05-18 22:59:00+00:00,3.1179051571428573,3.127072371428571,0.42057229369701177,142.85714285714286,1,3.113857142857143,3.131142857142857,3.113857142857143,3.131142857142857,
GRAMUSDT,static,حكم,cycle,2025-05-19 00:46:00+00:00,2025-05-19 00:50:00+00:00,3.0832887857142857,3.092545885714286,0.429464161447466,142.85714285714286,1,3.079285714285714,3.0965714285714285,3.079285714285714,3.0965714285714285,
GRAMUSDT,static,حكم,cycle,2025-05-19 01:17:00+00:00,2025-05-19 01:32:00+00:00,3.0659806,3.0752826428571427,0.4339853903677636,142.85714285714286,1,3.062,3.079285714285714,3.062,3.079285714285714,
GRAMUSDT,static,حكم,cycle,2025-05-19 02:11:00+00:00,2025-05-19 02:31:00+00:00,3.0659806,3.0752826428571427,0.4339853903677636,142.85714285714286,1,3.062,3.079285714285714,3.062,3.079285714285714,
GRAMUSDT,static,حكم,flatten,2025-05-19 03:06:00+00:00,2025-05-19 07:04:00+00:00,3.0659806,2.996859012,-3.224857142857154,142.85714285714286,1,3.062,3.0007599999999996,3.062,3.079285714285714,
GRAMUSDT,static,حكم,flatten,2025-05-19 01:09:00+00:00,2025-05-19 07:04:00+00:00,3.0832887857142857,2.996859012,-4.00973202107566,142.85714285714286,1,3.079285714285714,3.0007599999999996,3.079285714285714,3.0965714285714285,
GRAMUSDT,static,حكم,flatten,2025-05-19 00:30:00+00:00,2025-05-19 07:04:00+00:00,3.1005969714285717,2.996859012,-4.785844225344708,142.85714285714286,1,3.0965714285714285,3.0007599999999996,3.0965714285714285,3.113857142857143,
GRAMUSDT,static,حكم,flatten,2025-05-19 00:23:00+00:00,2025-05-19 07:04:00+00:00,3.1179051571428573,2.996859012,-5.553339686326445,142.85714285714286,1,3.113857142857143,3.0007599999999996,3.113857142857143,3.131142857142857,
GRAMUSDT,static,حكم,flatten,2025-05-18 18:01:00+00:00,2025-05-19 07:04:00+00:00,3.135213342857143,2.996859012,-6.312361112197423,142.85714285714286,1,3.131142857142857,3.0007599999999996,3.131142857142857,3.148428571428571,
GRAMUSDT,static,حكم,flatten,2025-05-18 17:58:00+00:00,2025-05-19 07:04:00+00:00,3.1525215285714285,2.996859012,-7.063048077110065,142.85714285714286,1,3.148428571428571,3.0007599999999996,3.148428571428571,3.1657142857142855,
GRAMUSDT,static,حكم,flatten,2025-05-18 17:51:00+00:00,2025-05-19 07:04:00+00:00,3.169829714285714,2.996859012,-7.805537106756062,142.85714285714286,1,3.1657142857142855,3.0007599999999996,3.1657142857142855,3.183,
GRAMUSDT,static,حكم,cycle,2025-06-07 00:00:00+00:00,2025-06-07 05:08:00+00:00,3.156240642857143,3.174439285714286,0.8247742060794475,142.85714285714286,1,3.152142857142857,3.178571428571429,3.152142857142857,3.178571428571429,
GRAMUSDT,static,حكم,cycle,2025-06-07 00:00:00+00:00,2025-06-07 12:22:00+00:00,3.1560976000000003,3.2008335000000003,2.0106022471910134,141.6629213483146,1,3.152,3.205,3.178571428571429,3.205,
GRAMUSDT,static,حكم,flatten,2025-06-07 15:00:00+00:00,2025-06-07 23:59:00+00:00,3.182703571428572,3.175866,-0.3073065810594156,142.85714285714286,1,3.178571428571429,3.18,3.178571428571429,3.205,
GRAMUSDT,static,حكم,cycle,2025-06-11 01:34:00+00:00,2025-06-11 02:07:00+00:00,3.310726928571429,3.319821471428572,0.39293769095454534,142.85714285714286,1,3.3064285714285715,3.3241428571428573,3.3064285714285715,3.3241428571428573,
GRAMUSDT,static,حكم,cycle,2025-06-11 00:58:00+00:00,2025-06-11 03:23:00+00:00,3.328464242857143,3.3375127285714283,0.38886439959968977,142.85714285714286,1,3.3241428571428573,3.3418571428571426,3.3241428571428573,3.3418571428571426,
GRAMUSDT,static,حكم,cycle,2025-06-11 03:41:00+00:00,2025-06-11 06:15:00+00:00,3.2929896142857147,3.3021302142857145,0.3970548629512112,142.85714285714286,1,3.2887142857142857,3.3064285714285715,3.2887142857142857,3.3064285714285715,
GRAMUSDT,static,حكم,cycle,2025-06-11 07:36:00+00:00,2025-06-11 14:31:00+00:00,3.2752523,3.284438957142857,0.4012166285040467,142.85714285714286,1,3.271,3.2887142857142857,3.271,3.2887142857142857,
GRAMUSDT,static,حكم,cycle,2025-06-11 14:56:00+00:00,2025-06-11 15:37:00+00:00,3.2752523,3.284438957142857,0.4012166285040467,142.85714285714286,1,3.271,3.2887142857142857,3.271,3.2887142857142857,
GRAMUSDT,static,حكم,cycle,2025-06-11 16:10:00+00:00,2025-06-11 16:16:00+00:00,3.2752523,3.284438957142857,0.4012166285040467,142.85714285714286,1,3.271,3.2887142857142857,3.271,3.2887142857142857,
GRAMUSDT,static,حكم,cycle,2025-06-11 07:30:00+00:00,2025-06-11 17:27:00+00:00,3.2929896142857147,3.3021302142857145,0.3970548629512112,142.85714285714286,1,3.2887142857142857,3.3064285714285715,3.2887142857142857,3.3064285714285715,
GRAMUSDT,static,حكم,flatten,2025-06-11 18:02:00+00:00,2025-06-11 22:03:00+00:00,3.2752523,3.201412746,-3.2248571428571466,142.85714285714286,1,3.271,3.20558,3.271,3.2887142857142857,
GRAMUSDT,static,حكم,flatten,2025-06-11 17:47:00+00:00,2025-06-11 22:03:00+00:00,3.2929896142857147,3.201412746,-3.9779709085493575,142.85714285714286,1,3.2887142857142857,3.20558,3.2887142857142857,3.3064285714285715,
GRAMUSDT,static,حكم,flatten,2025-06-11 03:31:00+00:00,2025-06-11 22:03:00+00:00,3.310726928571429,3.201412746,-4.723015017128063,142.85714285714286,1,3.3064285714285715,3.20558,3.3064285714285715,3.3241428571428573,
GRAMUSDT,static,حكم,flatten,2025-06-11 03:31:00+00:00,2025-06-11 22:03:00+00:00,3.328464242857143,3.201412746,-5.460118477680314,142.85714285714286,1,3.3241428571428573,3.20558,3.3241428571428573,3.3418571428571426,
GRAMUSDT,static,حكم,flatten,2025-06-11 00:02:00+00:00,2025-06-11 22:03:00+00:00,3.3462015571428574,3.201412746,-6.189407563923288,142.85714285714286,1,3.3418571428571426,3.20558,3.3418571428571426,3.3595714285714284,
GRAMUSDT,static,حكم,flatten,2025-06-11 00:00:00+00:00,2025-06-11 22:03:00+00:00,3.3533537000000004,3.201412746,-6.460898669047945,142.40762001956034,1,3.349,3.20558,3.3595714285714284,3.3772857142857142,
GRAMUSDT,static,حكم,flatten,2025-06-11 00:00:00+00:00,2025-06-11 22:03:00+00:00,3.3533537000000004,3.201412746,-6.427010447950616,141.6606742523582,1,3.349,3.20558,3.3772857142857142,3.395,
GRAMUSDT,static,حكم,cycle,2025-07-18 00:00:00+00:00,2025-07-18 00:33:00+00:00,3.2008700142857145,3.2169553714285715,0.7188343899028902,142.85714285714286,1,3.1967142857142856,3.221142857142857,3.1967142857142856,3.221142857142857,
GRAMUSDT,static,حكم,cycle,2025-07-18 00:00:00+00:00,2025-07-18 01:12:00+00:00,3.2001548000000004,3.2413521857142857,1.827097113459523,141.74206138016675,1,3.196,3.2455714285714286,3.221142857142857,3.2455714285714286,
GRAMUSDT,static,حكم,cycle,2025-07-18 00:00:00+00:00,2025-07-18 01:41:00+00:00,3.2001548000000004,3.265749,2.8871957392490692,140.67520577490208,1,3.196,3.27,3.2455714285714286,3.27,
GRAMUSDT,static,حكم,cycle,2025-07-18 02:06:00+00:00,2025-07-18 03:27:00+00:00,3.249790671428572,3.265749,0.7024221388013647,142.85714285714286,1,3.2455714285714286,3.27,3.2455714285714286,3.27,
GRAMUSDT,static,حكم,cycle,2026-01-06 00:08:00+00:00,2026-01-06 02:24:00+00:00,1.8914557,1.9005261,0.6859562882855572,142.85714285714286,1,1.889,1.903,1.889,1.903,
GRAMUSDT,static,حكم,cycle,2026-01-06 00:00:00+00:00,2026-01-06 05:13:00+00:00,1.8974635000000002,1.9145079,1.2795135500337698,142.25658734329255,1,1.895,1.917,1.903,1.917,
GRAMUSDT,static,حكم,cycle,2026-01-06 05:39:00+00:00,2026-01-06 06:27:00+00:00,1.9054739000000003,1.9145079,0.6781773140154466,142.85714285714286,1,1.903,1.917,1.903,1.917,
GRAMUSDT,static,حكم,cycle,2026-01-06 07:02:00+00:00,2026-01-06 10:47:00+00:00,1.9054739000000003,1.9145079,0.6781773140154466,142.85714285714286,1,1.903,1.917,1.903,1.917,
GRAMUSDT,static,حكم,cycle,2026-01-06 00:00:00+00:00,2026-01-06 11:23:00+00:00,1.8974635000000002,1.9284897,2.312109695208279,141.21767642894403,1,1.895,1.931,1.917,1.931,
GRAMUSDT,static,حكم,cycle,2026-01-06 14:49:00+00:00,2026-01-06 15:02:00+00:00,1.9194921000000003,1.9284897,0.6705119606527928,142.85714285714286,1,1.917,1.931,1.917,1.931,
GRAMUSDT,static,حكم,cycle,2026-01-06 15:56:00+00:00,2026-01-06 16:01:00+00:00,1.8914557,1.9005261,0.6859562882855572,142.85714285714286,1,1.889,1.903,1.889,1.903,
GRAMUSDT,static,حكم,cycle,2026-01-06 16:09:00+00:00,2026-01-06 16:16:00+00:00,1.8774375,1.8865443000000002,0.6938514285714348,142.85714285714286,1,1.875,1.889,1.875,1.889,
GRAMUSDT,static,حكم,cycle,2026-01-06 16:35:00+00:00,2026-01-06 16:51:00+00:00,1.8634193000000001,1.8725625000000001,0.7018653565671312,142.85714285714286,1,1.861,1.875,1.861,1.875,
GRAMUSDT,static,حكم,cycle,2026-01-06 17:49:00+00:00,2026-01-06 18:48:00+00:00,1.8634193000000001,1.8725625000000001,0.7018653565671312,142.85714285714286,1,1.861,1.875,1.861,1.875,
GRAMUSDT,static,حكم,cycle,2026-01-06 16:25:00+00:00,2026-01-06 19:47:00+00:00,1.8774375,1.8865443000000002,0.6938514285714348,142.85714285714286,1,1.875,1.889,1.875,1.889,
GRAMUSDT,static,حكم,cycle,2026-01-06 16:05:00+00:00,2026-01-06 21:34:00+00:00,1.8914557,1.9005261,0.6859562882855572,142.85714285714286,1,1.889,1.903,1.889,1.903,
GRAMUSDT,static,حكم,cycle,2026-01-06 22:58:00+00:00,2026-01-06 23:08:00+00:00,1.8914557,1.9005261,0.6859562882855572,142.85714285714286,1,1.889,1.903,1.889,1.903,
GRAMUSDT,static,حكم,cycle,2026-01-07 14:18:00+00:00,2026-01-07 14:36:00+00:00,1.8494011000000001,1.8585807,0.7100007734550201,142.85714285714286,1,1.847,1.861,1.847,1.861,
GRAMUSDT,static,حكم,cycle,2026-01-07 09:33:00+00:00,2026-01-07 15:23:00+00:00,1.8634193000000001,1.8725625000000001,0.7018653565671312,142.85714285714286,1,1.861,1.875,1.861,1.875,
GRAMUSDT,static,حكم,cycle,2026-01-07 01:15:00+00:00,2026-01-07 15:31:00+00:00,1.8774375,1.8865443000000002,0.6938514285714348,142.85714285714286,1,1.875,1.889,1.875,1.889,
GRAMUSDT,static,حكم,cycle,2026-01-07 15:37:00+00:00,2026-01-07 16:08:00+00:00,1.8774375,1.8865443000000002,0.6938514285714348,142.85714285714286,1,1.875,1.889,1.875,1.889,
GRAMUSDT,static,حكم,cycle,2026-01-07 00:23:00+00:00,2026-01-07 16:27:00+00:00,1.8914557,1.9005261,0.6859562882855572,142.85714285714286,1,1.889,1.903,1.889,1.903,
GRAMUSDT,static,حكم,cycle,2026-01-07 18:56:00+00:00,2026-01-07 19:57:00+00:00,1.8634193000000001,1.8725625000000001,0.7018653565671312,142.85714285714286,1,1.861,1.875,1.861,1.875,
GRAMUSDT,static,حكم,cycle,2026-01-07 22:57:00+00:00,2026-01-07 23:07:00+00:00,1.8634193000000001,1.8725625000000001,0.7018653565671312,142.85714285714286,1,1.861,1.875,1.861,1.875,
GRAMUSDT,static,حكم,cycle,2026-01-07 17:57:00+00:00,2026-01-07 23:16:00+00:00,1.8774375,1.8865443000000002,0.6938514285714348,142.85714285714286,1,1.875,1.889,1.875,1.889,
GRAMUSDT,static,حكم,cycle,2026-01-07 23:19:00+00:00,2026-01-08 01:14:00+00:00,1.8774375,1.8865443000000002,0.6938514285714348,142.85714285714286,1,1.875,1.889,1.875,1.889,
GRAMUSDT,static,حكم,cycle,2026-01-08 03:44:00+00:00,2026-01-08 04:54:00+00:00,1.8634193000000001,1.8725625000000001,0.7018653565671312,142.85714285714286,1,1.861,1.875,1.861,1.875,
GRAMUSDT,static,حكم,cycle,2026-01-08 07:01:00+00:00,2026-01-08 07:21:00+00:00,1.8353829000000002,1.8445989,0.7182604629413055,142.85714285714286,1,1.833,1.847,1.833,1.847,
GRAMUSDT,static,حكم,cycle,2026-01-08 09:58:00+00:00,2026-01-08 12:02:00+00:00,1.8353829000000002,1.8445989,0.7182604629413055,142.85714285714286,1,1.833,1.847,1.833,1.847,
GRAMUSDT,static,حكم,cycle,2026-01-08 13:33:00+00:00,2026-01-08 14:50:00+00:00,1.8353829000000002,1.8445989,0.7182604629413055,142.85714285714286,1,1.833,1.847,1.833,1.847,
GRAMUSDT,static,حكم,cycle,2026-01-08 06:56:00+00:00,2026-01-08 15:06:00+00:00,1.8494011000000001,1.8585807,0.7100007734550201,142.85714285714286,1,1.847,1.861,1.847,1.861,
GRAMUSDT,static,حكم,cycle,2026-01-08 05:48:00+00:00,2026-01-08 15:40:00+00:00,1.8634193000000001,1.8725625000000001,0.7018653565671312,142.85714285714286,1,1.861,1.875,1.861,1.875,
GRAMUSDT,static,حكم,cycle,2026-01-08 02:07:00+00:00,2026-01-08 15:41:00+00:00,1.8774375,1.8865443000000002,0.6938514285714348,142.85714285714286,1,1.875,1.889,1.875,1.889,
GRAMUSDT,static,حكم,cycle,2026-01-08 17:02:00+00:00,2026-01-08 18:51:00+00:00,1.8634193000000001,1.8725625000000001,0.7018653565671312,142.85714285714286,1,1.861,1.875,1.861,1.875,
GRAMUSDT,static,حكم,cycle,2026-01-08 16:36:00+00:00,2026-01-08 19:38:00+00:00,1.8774375,1.8865443000000002,0.6938514285714348,142.85714285714286,1,1.875,1.889,1.875,1.889,
GRAMUSDT,static,حكم,cycle,2026-01-09 00:26:00+00:00,2026-01-09 01:29:00+00:00,1.8494011000000001,1.8585807,0.7100007734550201,142.85714285714286,1,1.847,1.861,1.847,1.861,
GRAMUSDT,static,حكم,flatten,2026-01-09 03:03:00+00:00,2026-01-09 07:06:00+00:00,1.8353829000000002,1.7940047579999998,-3.2248571428571693,142.85714285714286,1,1.833,1.7963399999999998,1.833,1.847,
GRAMUSDT,static,حكم,flatten,2026-01-09 01:34:00+00:00,2026-01-09 07:06:00+00:00,1.8494011000000001,1.7940047579999998,-4.284657900843091,142.85714285714286,1,1.847,1.7963399999999998,1.847,1.861,
GRAMUSDT,static,حكم,flatten,2026-01-08 23:36:00+00:00,2026-01-09 07:06:00+00:00,1.8634193000000001,1.7940047579999998,-5.328513241728741,142.85714285714286,1,1.861,1.7963399999999998,1.861,1.875,
GRAMUSDT,static,حكم,flatten,2026-01-08 20:02:00+00:00,2026-01-09 07:06:00+00:00,1.8774375,1.7940047579999998,-6.3567803428571645,142.85714285714286,1,1.875,1.7963399999999998,1.875,1.889,
GRAMUSDT,static,حكم,flatten,2026-01-07 16:56:00+00:00,2026-01-09 07:06:00+00:00,1.8914557,1.7940047579999998,-7.36980579293657,142.85714285714286,1,1.889,1.7963399999999998,1.889,1.903,
GRAMUSDT,static,حكم,flatten,2026-01-06 15:45:00+00:00,2026-01-09 07:06:00+00:00,1.9054739000000003,1.7940047579999998,-8.367925981532952,142.85714285714286,1,1.903,1.7963399999999998,1.903,1.917,
GRAMUSDT,static,حكم,flatten,2026-01-06 15:41:00+00:00,2026-01-09 07:06:00+00:00,1.9194921000000003,1.7940047579999998,-9.351467471495674,142.85714285714286,1,1.917,1.7963399999999998,1.917,1.931,
GRAMUSDT,static,حكم,cycle,2026-04-14 00:19:00+00:00,2026-04-14 01:41:00+00:00,1.4312868285714284,1.4367012857142858,0.5411210416607413,142.85714285714286,1,1.4294285714285713,1.4385714285714286,1.4294285714285713,1.4385714285714286,
GRAMUSDT,static,حكم,cycle,2026-04-14 03:11:00+00:00,2026-04-14 03:49:00+00:00,1.4312868285714284,1.4367012857142858,0.5411210416607413,142.85714285714286,1,1.4294285714285713,1.4385714285714286,1.4294285714285713,1.4385714285714286,
GRAMUSDT,static,حكم,cycle,2026-04-14 10:17:00+00:00,2026-04-14 10:55:00+00:00,1.4221320857142856,1.4275703142857141,0.5469954306405659,142.85714285714286,1,1.4202857142857142,1.4294285714285713,1.4202857142857142,1.4294285714285713,
GRAMUSDT,static,حكم,flatten,2026-04-14 16:42:00+00:00,2026-04-14 20:24:00+00:00,1.4038226,1.372173852,-3.2248571428571493,142.85714285714286,1,1.402,1.3739599999999998,1.402,1.411142857142857,
GRAMUSDT,static,حكم,flatten,2026-04-14 15:30:00+00:00,2026-04-14 20:24:00+00:00,1.4129773428571428,1.372173852,-4.130744164521448,142.85714285714286,1,1.411142857142857,1.3739599999999998,1.411142857142857,1.4202857142857142,
GRAMUSDT,static,حكم,flatten,2026-04-14 15:28:00+00:00,2026-04-14 20:24:00+00:00,1.4221320857142856,1.372173852,-5.024968186912659,142.85714285714286,1,1.4202857142857142,1.3739599999999998,1.4202857142857142,1.4294285714285713,
GRAMUSDT,static,حكم,flatten,2026-04-14 09:30:00+00:00,2026-04-14 20:24:00+00:00,1.4312868285714284,1.372173852,-5.907753005339641,142.85714285714286,1,1.4294285714285713,1.3739599999999998,1.4294285714285713,1.4385714285714286,
GRAMUSDT,static,حكم,flatten,2026-04-14 00:00:00+00:00,2026-04-14 20:24:00+00:00,1.4368655000000001,1.372173852,-6.424195431976182,142.50248262164845,1,1.435,1.3739599999999998,1.4385714285714286,1.4477142857142857,
GRAMUSDT,static,حكم,flatten,2026-04-14 00:00:00+00:00,2026-04-14 20:24:00+00:00,1.4368655000000001,1.372173852,-6.383624235247697,141.60252614959543,1,1.435,1.3739599999999998,1.4477142857142857,1.4568571428571429,
GRAMUSDT,static,حكم,flatten,2026-04-14 00:00:00+00:00,2026-04-14 20:24:00+00:00,1.4368655000000001,1.372173852,-6.343562267111214,140.71386546381646,1,1.435,1.3739599999999998,1.4568571428571429,1.466,
HNTUSDT,static,اختيار,cycle,2021-10-20 00:39:00+00:00,2021-10-20 01:17:00+00:00,22.051486857142862,22.161153000000002,0.7113787159907898,142.85714285714286,1,22.022857142857145,22.19,22.022857142857145,22.19,
HNTUSDT,static,اختيار,cycle,2021-10-20 01:54:00+00:00,2021-10-20 02:25:00+00:00,22.051486857142862,22.161153000000002,0.7113787159907898,142.85714285714286,1,22.022857142857145,22.19,22.022857142857145,22.19,
IMXUSDT,static,اختيار,cycle,2022-03-27 00:14:00+00:00,2022-03-27 00:51:00+00:00,2.187983542857143,2.198852057142857,0.7105461745367637,142.85714285714286,1,2.185142857142857,2.2017142857142855,2.185142857142857,2.2017142857142855,
IMXUSDT,static,اختيار,cycle,2022-03-27 00:00:00+00:00,2022-03-27 01:01:00+00:00,2.2038613000000002,2.215401942857143,0.7488089058618438,142.81079678172853,1,2.201,2.2182857142857144,2.2017142857142855,2.2182857142857144,
IMXUSDT,static,اختيار,cycle,2022-03-27 01:07:00+00:00,2022-03-27 02:09:00+00:00,2.2045765142857143,2.215401942857143,0.7024025805494843,142.85714285714286,1,2.2017142857142855,2.2182857142857144,2.2017142857142855,2.2182857142857144,
IMXUSDT,static,اختيار,cycle,2022-03-27 00:00:00+00:00,2022-03-27 03:51:00+00:00,2.2038613000000002,2.231951828571429,1.8090242511223964,141.74394641937144,1,2.201,2.234857142857143,2.2182857142857144,2.234857142857143,
IMXUSDT,static,اختيار,cycle,2022-03-27 00:00:00+00:00,2022-03-27 03:57:00+00:00,2.2038613000000002,2.248501714285714,2.853516638053821,140.69291741242648,1,2.201,2.2514285714285713,2.234857142857143,2.2514285714285713,
IMXUSDT,static,اختيار,cycle,2022-03-27 00:00:00+00:00,2022-03-27 04:03:00+00:00,2.2038613000000002,2.2650516,3.882633248730953,139.65736040609139,1,2.201,2.268,2.2514285714285713,2.268,
IMXUSDT,static,اختيار,cycle,2022-03-27 04:24:00+00:00,2022-03-27 04:34:00+00:00,2.2377624571428574,2.248501714285714,0.6864777002593224,142.85714285714286,1,2.234857142857143,2.2514285714285713,2.234857142857143,2.2514285714285713,
IMXUSDT,static,اختيار,cycle,2022-03-27 04:07:00+00:00,2022-03-27 04:43:00+00:00,2.2543554285714285,2.2650516,0.6786910804931219,142.85714285714286,1,2.2514285714285713,2.268,2.2514285714285713,2.268,
IMXUSDT,static,اختيار,cycle,2023-07-21 00:35:00+00:00,2023-07-21 00:45:00+00:00,0.7359268914285714,0.7382675742857143,0.45496090365863606,142.85714285714286,1,0.7349714285714285,0.7392285714285715,0.7349714285714285,0.7392285714285715,
IMXUSDT,static,اختيار,cycle,2023-07-21 00:00:00+00:00,2023-07-21 01:21:00+00:00,0.7401895685714287,0.7425191828571429,0.45020180993974607,142.85714285714286,1,0.7392285714285715,0.7434857142857143,0.7392285714285715,0.7434857142857143,
IMXUSDT,static,اختيار,cycle,2023-07-21 00:00:00+00:00,2023-07-21 03:10:00+00:00,0.7399607,0.7467707914285715,1.308525752934339,141.99523480132194,1,0.739,0.7477428571428572,0.7434857142857143,0.7477428571428572,
IMXUSDT,static,اختيار,cycle,2023-07-21 05:01:00+00:00,2023-07-21 06:28:00+00:00,0.74016096,0.7425191828571429,0.45573046363833597,142.8516213813628,1,0.7392,0.7434857142857143,0.7392285714285715,0.7434857142857143,
IMXUSDT,static,اختيار,cycle,2023-07-21 03:34:00+00:00,2023-07-21 09:16:00+00:00,0.74436642,0.7467707914285715,0.46198820778024896,142.84067327645838,1,0.7434,0.7477428571428572,0.7434857142857143,0.7477428571428572,
IMXUSDT,static,اختيار,cycle,2023-07-21 09:58:00+00:00,2023-07-21 10:34:00+00:00,0.7444522457142858,0.7467707914285715,0.4454972166408599,142.85714285714286,1,0.7434857142857143,0.7477428571428572,0.7434857142857143,0.7477428571428572,
IMXUSDT,static,اختيار,cycle,2023-07-21 00:00:00+00:00,2023-07-21 11:42:00+00:00,0.7399607,0.7510224,2.113350655305482,141.18680982767185,1,0.739,0.752,0.7477428571428572,0.752,
IMXUSDT,static,اختيار,flatten,2023-07-30 00:00:00+00:00,2023-07-30 00:00:00+00:00,0.7531206428571429,0.7768407924,4.505251575091581,142.85714285714286,1,0.7521428571428571,0.777852,0.7521428571428571,0.7556285714285714,True
IMXUSDT,static,اختيار,flatten,2023-07-30 00:00:00+00:00,2023-07-30 00:00:00+00:00,0.7566108885714287,0.7768407924,3.8246122109447898,142.85714285714286,1,0.7556285714285714,0.777852,0.7556285714285714,0.7591142857142856,True
IMXUSDT,static,اختيار,flatten,2023-07-30 00:00:00+00:00,2023-07-30 00:00:00+00:00,0.7601011342857142,0.7768407924,3.1502235903281632,142.85714285714286,1,0.7591142857142856,0.777852,0.7591142857142856,0.7626,True
IMXUSDT,static,اختيار,cycle,2023-09-29 01:08:00+00:00,2023-09-29 01:46:00+00:00,0.5757045871428572,0.5776766142857143,0.48998115210004395,142.85714285714286,1,0.5749571428571428,0.5784285714285714,0.5749571428571428,0.5784285714285714,
IMXUSDT,static,اختيار,cycle,2023-09-29 00:05:00+00:00,2023-09-29 02:02:00+00:00,0.5791805285714285,0.58114353,0.4848114172811609,142.85714285714286,1,0.5784285714285714,0.5819,0.5784285714285714,0.5819,
IMXUSDT,static,اختيار,cycle,2023-09-29 07:13:00+00:00,2023-09-29 07:33:00+00:00,0.5757045871428572,0.5776766142857143,0.48998115210004395,142.85714285714286,1,0.5749571428571428,0.5784285714285714,0.5749571428571428,0.5784285714285714,
IMXUSDT,static,اختيار,cycle,2023-09-29 13:40:00+00:00,2023-09-29 13:55:00+00:00,0.5618008214285715,0.5638089514285715,0.511299809038828,142.85714285714286,1,0.5610714285714286,0.5645428571428571,0.5610714285714286,0.5645428571428571,
IMXUSDT,static,اختيار,cycle,2023-09-29 14:09:00+00:00,2023-09-29 14:20:00+00:00,0.5618008214285715,0.5638089514285715,0.511299809038828,142.85714285714286,1,0.5610714285714286,0.5645428571428571,0.5610714285714286,0.5645428571428571,
IMXUSDT,static,اختيار,cycle,2023-09-29 12:09:00+00:00,2023-09-29 14:35:00+00:00,0.5652767628571429,0.5672758671428572,0.5058718269432309,142.85714285714286,1,0.5645428571428571,0.5680142857142857,0.5645428571428571,0.5680142857142857,
IMXUSDT,static,اختيار,cycle,2023-09-29 11:13:00+00:00,2023-09-29 16:55:00+00:00,0.5687527042857143,0.57075705,0.504098416610661,142.85714285714286,1,0.5680142857142857,0.5715,0.5680142857142857,0.5714857142857143,
IMXUSDT,static,اختيار,cycle,2023-09-29 10:04:00+00:00,2023-09-29 18:41:00+00:00,0.5722286457142858,0.5742096985714286,0.4952136929164045,142.85714285714286,1,0.5714857142857143,0.5749571428571428,0.5714857142857143,0.5749571428571428,
IMXUSDT,static,اختيار,cycle,2023-09-29 08:30:00+00:00,2023-09-29 19:25:00+00:00,0.5757045871428572,0.5776766142857143,0.48998115210004395,142.85714285714286,1,0.5749571428571428,0.5784285714285714,0.5749571428571428,0.5784285714285714,
IMXUSDT,static,اختيار,cycle,2023-09-29 06:32:00+00:00,2023-09-29 19:40:00+00:00,0.57915192,0.58114353,0.4918770066682938,142.85008644109658,1,0.5784,0.5819,0.5784285714285714,0.5819,
IMXUSDT,static,اختيار,cycle,2023-09-30 03:21:00+00:00,2023-09-30 06:06:00+00:00,0.5791805285714285,0.58114353,0.4848114172811609,142.85714285714286,1,0.5784285714285714,0.5819,0.5784285714285714,0.5819,
IMXUSDT,static,اختيار,cycle,2023-10-26 00:48:00+00:00,2023-10-26 00:54:00+00:00,0.6351531985714286,0.6385830471428572,0.7724362253515719,142.85714285714286,1,0.6343285714285714,0.6394142857142857,0.6343285714285714,0.6394142857142857,
IMXUSDT,static,اختيار,cycle,2023-10-26 02:14:00+00:00,2023-10-26 03:23:00+00:00,0.6351531985714286,0.6385830471428572,0.7724362253515719,142.85714285714286,1,0.6343285714285714,0.6394142857142857,0.6343285714285714,0.6394142857142857,
IMXUSDT,static,اختيار,cycle,2023-10-26 00:02:00+00:00,2023-10-26 03:59:00+00:00,0.6402455242857144,0.6436621499999999,0.763338259184875,142.85714285714286,1,0.6394142857142857,0.6445,0.6394142857142857,0.6445,
IMXUSDT,static,اختيار,cycle,2023-10-26 06:04:00+00:00,2023-10-26 06:36:00+00:00,0.6351531985714286,0.6385830471428572,0.7724362253515719,142.85714285714286,1,0.6343285714285714,0.6394142857142857,0.6343285714285714,0.6394142857142857,
IMXUSDT,static,اختيار,cycle,2023-10-26 05:50:00+00:00,2023-10-26 06:45:00+00:00,0.6402455242857144,0.6436621499999999,0.763338259184875,142.85714285714286,1,0.6394142857142857,0.6445,0.6394142857142857,0.6445,
IMXUSDT,static,حكم,cycle,2024-06-01 00:00:00+00:00,2024-06-01 00:32:00+00:00,2.1738652128571427,2.1808897242857146,0.46222101482314987,142.85714285714283,1,2.171042857142857,2.1837285714285715,2.171042857142857,2.1837285714285715,
IMXUSDT,static,حكم,cycle,2024-06-01 00:00:00+00:00,2024-06-01 00:41:00+00:00,2.17402256,2.193558947142857,1.278049152030726,142.03753737055231,1,2.1712,2.1964142857142854,2.1837285714285715,2.1964142857142854,
IMXUSDT,static,حكم,cycle,2024-06-01 00:00:00+00:00,2024-06-01 00:49:00+00:00,2.17402256,2.2062281699999997,2.0946874451215725,141.2171786483164,1,2.1712,2.2091,2.1964142857142854,2.2091,
IMXUSDT,static,حكم,cycle,2026-08-28 00:00:00+00:00,2026-08-28 01:04:00+00:00,0.13066965000000003,0.13152879,0.9390534484642916,142.63853973111813,1,0.1305,0.1317,0.1307,0.1317,
IMXUSDT,static,حكم,cycle,2026-08-28 00:00:00+00:00,2026-08-28 01:18:00+00:00,0.13066965000000003,0.13252749,2.015229417507291,141.55548324113244,1,0.1305,0.13269999999999998,0.1317,0.13269999999999998,
IMXUSDT,static,حكم,cycle,2026-08-28 00:00:00+00:00,2026-08-28 01:33:00+00:00,0.13066965000000003,0.13352619,3.0751857035202534,140.4887501345678,1,0.1305,0.13369999999999999,0.13269999999999998,0.13369999999999999,
IMXUSDT,static,حكم,cycle,2026-08-28 02:30:00+00:00,2026-08-28 14:00:00+00:00,0.12886731,0.12953139000000002,0.7371295371295497,142.85714285714286,1,0.1287,0.1297,0.1287,0.1297,
IMXUSDT,static,حكم,cycle,2026-08-28 14:01:00+00:00,2026-08-28 14:35:00+00:00,0.12886731,0.12953139000000002,0.7371295371295497,142.85714285714286,1,0.1287,0.1297,0.1287,0.1297,
IMXUSDT,static,حكم,cycle,2026-08-28 15:13:00+00:00,2026-08-28 15:21:00+00:00,0.12886731,0.12953139000000002,0.7371295371295497,142.85714285714286,1,0.1287,0.1297,0.1287,0.1297,
IMXUSDT,static,حكم,flatten,2026-08-28 15:40:00+00:00,2026-08-28 16:01:00+00:00,0.12886731,0.12596203620000002,-3.224857142857139,142.85714285714286,1,0.1287,0.12612600000000002,0.1287,0.1297,
IMXUSDT,static,حكم,flatten,2026-08-28 02:20:00+00:00,2026-08-28 16:01:00+00:00,0.12986861000000002,0.12596203620000002,-4.302867936997474,142.85714285714286,1,0.1297,0.12612600000000002,0.1297,0.1307,
IMXUSDT,static,حكم,flatten,2026-08-28 02:12:00+00:00,2026-08-28 16:01:00+00:00,0.13086991000000003,0.12596203620000002,-5.364382774073688,142.85714285714286,1,0.1307,0.12612600000000002,0.1307,0.1317,
IMXUSDT,static,حكم,flatten,2026-08-28 01:58:00+00:00,2026-08-28 16:01:00+00:00,0.13177108,0.12596203620000002,-6.301164768413056,142.7486712224753,1,0.1316,0.12612600000000002,0.1317,0.13269999999999998,
IMXUSDT,static,حكم,flatten,2026-08-28 01:37:00+00:00,2026-08-28 16:01:00+00:00,0.13287251,0.12596203620000002,-7.439416298848083,142.85714285714286,1,0.13269999999999998,0.12612600000000002,0.13269999999999998,0.13369999999999999,
IMXUSDT,static,حكم,flatten,2026-08-28 00:00:00+00:00,2026-08-28 16:01:00+00:00,0.13066965000000003,0.12596203620000002,-5.030039320440229,139.43797414253663,1,0.1305,0.12612600000000002,0.13369999999999999,0.1347,
IMXUSDT,static,حكم,flatten,2026-08-28 00:00:00+00:00,2026-08-28 16:01:00+00:00,0.13066965000000003,0.12596203620000002,-4.992696786509716,138.40279987273308,1,0.1305,0.12612600000000002,0.1347,0.1357,
LINKUSDT,static,اختيار,cycle,2022-09-12 00:00:00+00:00,2022-09-12 00:14:00+00:00,8.0394377,8.099457,1.0655133235100687,142.53759164906174,1,8.029,8.11,8.047,8.11,
LINKUSDT,static,اختيار,cycle,2022-09-12 00:00:00+00:00,2022-09-12 00:16:00+00:00,8.0394377,8.1623751,2.1655346133521167,141.43033292231814,1,8.029,8.173,8.11,8.173,
LINKUSDT,static,اختيار,cycle,2022-09-12 01:02:00+00:00,2022-09-12 01:25:00+00:00,7.994379200000001,8.0365389,0.7543605067277257,142.85714285714286,1,7.984,8.047,7.984,8.047,
LINKUSDT,static,اختيار,cycle,2022-09-12 00:51:00+00:00,2022-09-12 01:29:00+00:00,8.057461100000001,8.099457,0.745546698858458,142.85714285714286,1,8.047,8.11,8.047,8.11,
LINKUSDT,static,اختيار,cycle,2022-09-12 01:33:00+00:00,2022-09-12 01:43:00+00:00,8.057461100000001,8.099457,0.745546698858458,142.85714285714286,1,8.047,8.11,8.047,8.11,
LINKUSDT,static,اختيار,cycle,2022-09-12 00:18:00+00:00,2022-09-12 01:44:00+00:00,8.120543,8.1623751,0.7368698256121297,142.85714285714286,1,8.11,8.173,8.11,8.173,
LINKUSDT,static,اختيار,cycle,2022-09-12 02:53:00+00:00,2022-09-12 03:14:00+00:00,7.994379200000001,8.0365389,0.7543605067277257,142.85714285714286,1,7.984,8.047,7.984,8.047,
LINKUSDT,static,اختيار,cycle,2022-09-12 03:41:00+00:00,2022-09-12 03:46:00+00:00,7.868215400000001,7.910702700000001,0.7724121004981174,142.85714285714286,1,7.8580000000000005,7.921,7.8580000000000005,7.921,
LINKUSDT,static,اختيار,cycle,2022-09-12 03:23:00+00:00,2022-09-12 07:08:00+00:00,7.931297300000001,7.9736208,0.763314516565356,142.85714285714286,1,7.921,7.984,7.921,7.984,
LINKUSDT,static,اختيار,cycle,2022-09-12 03:21:00+00:00,2022-09-12 08:00:00+00:00,7.994379200000001,8.0365389,0.7543605067277257,142.85714285714286,1,7.984,8.047,7.984,8.047,
LINKUSDT,static,اختيار,cycle,2022-09-12 08:16:00+00:00,2022-09-12 08:37:00+00:00,7.994379200000001,8.0365389,0.7543605067277257,142.85714285714286,1,7.984,8.047,7.984,8.047,
LINKUSDT,static,اختيار,cycle,2022-09-12 02:38:00+00:00,2022-09-12 09:18:00+00:00,8.057461100000001,8.099457,0.745546698858458,142.85714285714286,1,8.047,8.11,8.047,8.11,
LINKUSDT,static,اختيار,cycle,2022-09-12 10:08:00+00:00,2022-09-12 10:32:00+00:00,8.057461100000001,8.099457,0.745546698858458,142.85714285714286,1,8.047,8.11,8.047,8.11,
LINKUSDT,static,اختيار,cycle,2022-09-12 15:45:00+00:00,2022-09-12 17:54:00+00:00,7.742051600000001,7.784866500000001,0.7910520286748904,142.85714285714286,1,7.732,7.795,7.732,7.795,
LINKUSDT,static,اختيار,flatten,2022-09-12 22:00:00+00:00,2022-09-13 00:37:00+00:00,7.742051600000001,7.567509432,-3.2248571428571657,142.85714285714286,1,7.732,7.57736,7.732,7.795,
LINKUSDT,static,اختيار,flatten,2022-09-12 15:02:00+00:00,2022-09-13 00:37:00+00:00,7.8051335,7.567509432,-4.354880747732073,142.85714285714286,1,7.795,7.57736,7.795,7.8580000000000005,
LINKUSDT,static,اختيار,flatten,2022-09-12 14:33:00+00:00,2022-09-13 00:37:00+00:00,7.868215400000001,7.567509432,-5.466784859833503,142.85714285714286,1,7.8580000000000005,7.57736,7.8580000000000005,7.921,
LINKUSDT,static,اختيار,flatten,2022-09-12 14:27:00+00:00,2022-09-13 00:37:00+00:00,7.931297300000001,7.567509432,-6.561001821559346,142.85714285714286,1,7.921,7.57736,7.921,7.984,
LINKUSDT,static,اختيار,flatten,2022-09-12 13:35:00+00:00,2022-09-13 00:37:00+00:00,7.994379200000001,7.567509432,-7.637950329229912,142.85714285714286,1,7.984,7.57736,7.984,8.047,
LINKUSDT,static,اختيار,flatten,2022-09-12 12:14:00+00:00,2022-09-13 00:37:00+00:00,8.057461100000001,7.567509432,-8.698035967263781,142.85714285714286,1,8.047,7.57736,8.047,8.11,
LINKUSDT,static,اختيار,flatten,2022-09-12 02:11:00+00:00,2022-09-13 00:37:00+00:00,8.120543,7.567509432,-9.741651717456405,142.85714285714286,1,8.11,7.57736,8.11,8.173,
LINKUSDT,static,اختيار,cycle,2022-11-02 00:06:00+00:00,2022-11-02 00:37:00+00:00,7.639919000000001,7.661883728571429,0.41124749244389847,142.85714285714286,1,7.63,7.671857142857143,7.63,7.671857142857143,
LINKUSDT,static,اختيار,cycle,2022-11-02 00:03:00+00:00,2022-11-02 01:00:00+00:00,7.681830557142858,7.703686457142857,0.40697726383999727,142.85714285714286,1,7.671857142857143,7.7137142857142855,7.671857142857143,7.7137142857142855,
LINKUSDT,static,اختيار,cycle,2022-11-02 00:00:00+00:00,2022-11-02 01:13:00+00:00,7.6929879,7.745489185714286,0.9723180553056796,142.2883176531595,1,7.683,7.755571428571429,7.7137142857142855,7.755571428571429,
LINKUSDT,static,اختيار,cycle,2022-11-02 00:00:00+00:00,2022-11-02 01:21:00+00:00,7.6929879,7.787291914285714,1.737074071832491,141.52038166110998,1,7.683,7.797428571428571,7.755571428571429,7.797428571428571,
LINKUSDT,static,اختيار,cycle,2022-11-02 01:27:00+00:00,2022-11-02 01:51:00+00:00,7.765653671428573,7.787291914285714,0.39857508624476,142.85714285714286,1,7.755571428571429,7.797428571428571,7.755571428571429,7.797428571428571,
LINKUSDT,static,اختيار,cycle,2022-11-02 02:09:00+00:00,2022-11-02 02:15:00+00:00,7.723742114285715,7.745489185714286,0.4027533785571343,142.85714285714286,1,7.7137142857142855,7.755571428571429,7.7137142857142855,7.755571428571429,
LINKUSDT,static,اختيار,cycle,2022-11-02 02:01:00+00:00,2022-11-02 02:52:00+00:00,7.765653671428573,7.787291914285714,0.39857508624476,142.85714285714286,1,7.755571428571429,7.797428571428571,7.755571428571429,7.797428571428571,
LINKUSDT,static,اختيار,cycle,2022-11-02 00:00:00+00:00,2022-11-02 03:18:00+00:00,7.6929879,7.829094642857143,2.493619560608676,140.7606903374739,1,7.683,7.839285714285714,7.797428571428571,7.839285714285714,
LINKUSDT,static,اختيار,cycle,2022-11-02 04:38:00+00:00,2022-11-02 04:55:00+00:00,7.807565228571429,7.829094642857143,0.3944416526641441,142.85714285714286,1,7.797428571428571,7.839285714285714,7.797428571428571,7.839285714285714,
LINKUSDT,static,اختيار,cycle,2022-11-02 07:22:00+00:00,2022-11-02 07:35:00+00:00,7.639919000000001,7.661883728571429,0.41124749244389847,142.85714285714286,1,7.63,7.671857142857143,7.63,7.671857142857143,
LINKUSDT,static,اختيار,cycle,2022-11-02 07:18:00+00:00,2022-11-02 07:44:00+00:00,7.681830557142858,7.703686457142857,0.40697726383999727,142.85714285714286,1,7.671857142857143,7.7137142857142855,7.671857142857143,7.7137142857142855,
LINKUSDT,static,اختيار,cycle,2022-11-02 08:07:00+00:00,2022-11-02 08:48:00+00:00,7.681830557142858,7.703686457142857,0.40697726383999727,142.85714285714286,1,7.671857142857143,7.7137142857142855,7.671857142857143,7.7137142857142855,
LINKUSDT,static,اختيار,cycle,2022-11-02 07:16:00+00:00,2022-11-02 08:51:00+00:00,7.723742114285715,7.745489185714286,0.4027533785571343,142.85714285714286,1,7.7137142857142855,7.755571428571429,7.7137142857142855,7.755571428571429,
LINKUSDT,static,اختيار,cycle,2022-11-02 06:21:00+00:00,2022-11-02 08:57:00+00:00,7.765653671428573,7.787291914285714,0.39857508624476,142.85714285714286,1,7.755571428571429,7.797428571428571,7.755571428571429,7.797428571428571,
LINKUSDT,static,اختيار,cycle,2022-11-02 05:10:00+00:00,2022-11-02 09:00:00+00:00,7.807565228571429,7.829094642857143,0.3944416526641441,142.85714285714286,1,7.797428571428571,7.839285714285714,7.797428571428571,7.839285714285714,
LINKUSDT,static,اختيار,cycle,2022-11-02 00:00:00+00:00,2022-11-02 09:02:00+00:00,7.6929879,7.870897371428572,3.2420860397006175,140.00911161731207,1,7.683,7.881142857142857,7.839285714285714,7.881142857142857,
LINKUSDT,static,اختيار,cycle,2022-11-02 09:09:00+00:00,2022-11-02 09:20:00+00:00,7.807565228571429,7.829094642857143,0.3944416526641441,142.85714285714286,1,7.797428571428571,7.839285714285714,7.797428571428571,7.839285714285714,
LINKUSDT,static,اختيار,cycle,2022-11-02 09:39:00+00:00,2022-11-02 09:46:00+00:00,7.765653671428573,7.787291914285714,0.39857508624476,142.85714285714286,1,7.755571428571429,7.797428571428571,7.755571428571429,7.797428571428571,
LINKUSDT,static,اختيار,cycle,2022-11-02 10:03:00+00:00,2022-11-02 10:08:00+00:00,7.639919000000001,7.661883728571429,0.41124749244389847,142.85714285714286,1,7.63,7.671857142857143,7.63,7.671857142857143,
LINKUSDT,static,اختيار,cycle,2022-11-02 10:01:00+00:00,2022-11-02 10:10:00+00:00,7.681830557142858,7.703686457142857,0.40697726383999727,142.85714285714286,1,7.671857142857143,7.7137142857142855,7.671857142857143,7.7137142857142855,
LINKUSDT,static,اختيار,cycle,2022-11-02 09:58:00+00:00,2022-11-02 10:18:00+00:00,7.723742114285715,7.745489185714286,0.4027533785571343,142.85714285714286,1,7.7137142857142855,7.755571428571429,7.7137142857142855,7.755571428571429,
LINKUSDT,static,اختيار,cycle,2022-11-02 10:21:00+00:00,2022-11-02 10:36:00+00:00,7.723742114285715,7.745489185714286,0.4027533785571343,142.85714285714286,1,7.7137142857142855,7.755571428571429,7.7137142857142855,7.755571428571429,
LINKUSDT,static,اختيار,cycle,2022-11-02 09:54:00+00:00,2022-11-02 10:56:00+00:00,7.765653671428573,7.787291914285714,0.39857508624476,142.85714285714286,1,7.755571428571429,7.797428571428571,7.755571428571429,7.797428571428571,
LINKUSDT,static,اختيار,cycle,2022-11-02 09:23:00+00:00,2022-11-02 11:05:00+00:00,7.807565228571429,7.829808,0.4075111104131604,142.85714285714286,1,7.797428571428571,7.84,7.797428571428571,7.839285714285714,
LINKUSDT,static,اختيار,cycle,2022-11-02 11:11:00+00:00,2022-11-02 12:04:00+00:00,7.807565228571429,7.829094642857143,0.3944416526641441,142.85714285714286,1,7.797428571428571,7.839285714285714,7.797428571428571,7.839285714285714,
LINKUSDT,static,اختيار,cycle,2022-11-02 12:16:00+00:00,2022-11-02 13:07:00+00:00,7.807565228571429,7.829094642857143,0.3944416526641441,142.85714285714286,1,7.797428571428571,7.839285714285714,7.797428571428571,7.839285714285714,
LINKUSDT,static,اختيار,cycle,2022-11-02 13:33:00+00:00,2022-11-02 13:36:00+00:00,7.765653671428573,7.787291914285714,0.39857508624476,142.85714285714286,1,7.755571428571429,7.797428571428571,7.755571428571429,7.797428571428571,
LINKUSDT,static,اختيار,cycle,2022-11-02 13:29:00+00:00,2022-11-02 14:46:00+00:00,7.807565228571429,7.829094642857143,0.3944416526641441,142.85714285714286,1,7.797428571428571,7.839285714285714,7.797428571428571,7.839285714285714,
LINKUSDT,static,اختيار,cycle,2022-11-02 16:26:00+00:00,2022-11-02 16:43:00+00:00,7.639919000000001,7.661883728571429,0.41124749244389847,142.85714285714286,1,7.63,7.671857142857143,7.63,7.671857142857143,
LINKUSDT,static,اختيار,cycle,2022-11-02 16:13:00+00:00,2022-11-02 16:58:00+00:00,7.681830557142858,7.703686457142857,0.40697726383999727,142.85714285714286,1,7.671857142857143,7.7137142857142855,7.671857142857143,7.7137142857142855,
LINKUSDT,static,اختيار,cycle,2022-11-02 15:49:00+00:00,2022-11-02 17:02:00+00:00,7.723742114285715,7.745489185714286,0.4027533785571343,142.85714285714286,1,7.7137142857142855,7.755571428571429,7.7137142857142855,7.755571428571429,
LINKUSDT,static,اختيار,cycle,2022-11-02 17:11:00+00:00,2022-11-02 17:27:00+00:00,7.681830557142858,7.703686457142857,0.40697726383999727,142.85714285714286,1,7.671857142857143,7.7137142857142855,7.671857142857143,7.7137142857142855,
LINKUSDT,static,اختيار,cycle,2022-11-02 17:55:00+00:00,2022-11-02 17:59:00+00:00,7.639919000000001,7.661883728571429,0.41124749244389847,142.85714285714286,1,7.63,7.671857142857143,7.63,7.671857142857143,
LINKUSDT,static,اختيار,cycle,2022-11-02 17:37:00+00:00,2022-11-02 18:00:00+00:00,7.681830557142858,7.703686457142857,0.40697726383999727,142.85714285714286,1,7.671857142857143,7.7137142857142855,7.671857142857143,7.7137142857142855,
LINKUSDT,static,اختيار,cycle,2022-11-02 17:04:00+00:00,2022-11-02 18:00:00+00:00,7.723742114285715,7.745489185714286,0.4027533785571343,142.85714285714286,1,7.7137142857142855,7.755571428571429,7.7137142857142855,7.755571428571429,
LINKUSDT,static,اختيار,cycle,2022-11-02 18:00:00+00:00,2022-11-02 18:01:00+00:00,7.639919000000001,7.7698860000000005,2.4333832615615,142.85714285714286,1,7.63,7.78,7.63,7.671857142857143,
LINKUSDT,static,اختيار,cycle,2022-11-02 15:28:00+00:00,2022-11-02 18:01:00+00:00,7.765653671428573,7.787291914285714,0.39857508624476,142.85714285714286,1,7.755571428571429,7.797428571428571,7.755571428571429,7.797428571428571,
LINKUSDT,static,اختيار,cycle,2022-11-02 14:55:00+00:00,2022-11-02 18:01:00+00:00,7.807565228571429,7.829094642857143,0.3944416526641441,142.85714285714286,1,7.797428571428571,7.839285714285714,7.797428571428571,7.839285714285714,
LINKUSDT,static,اختيار,cycle,2022-11-02 09:04:00+00:00,2022-11-02 18:02:00+00:00,7.849476785714287,7.870897371428572,0.39035235925804224,142.85714285714286,1,7.839285714285714,7.881142857142857,7.839285714285714,7.881142857142857,
LINKUSDT,static,اختيار,cycle,2022-11-02 18:02:00+00:00,2022-11-02 18:03:00+00:00,7.807565228571429,7.829094642857143,0.3944416526641441,142.85714285714286,1,7.797428571428571,7.839285714285714,7.797428571428571,7.839285714285714,
LINKUSDT,static,اختيار,cycle,2022-11-02 18:03:00+00:00,2022-11-02 18:06:00+00:00,7.849476785714287,7.870897371428572,0.39035235925804224,142.85714285714286,1,7.839285714285714,7.881142857142857,7.839285714285714,7.881142857142857,
LINKUSDT,static,اختيار,cycle,2022-11-02 00:00:00+00:00,2022-11-02 18:06:00+00:00,7.6929879,7.9127001,3.9826022331786546,139.2655162412993,1,7.683,7.923,7.881142857142857,7.923,
LINKUSDT,static,اختيار,cycle,2022-11-02 18:10:00+00:00,2022-11-02 18:12:00+00:00,7.849476785714287,7.870897371428572,0.39035235925804224,142.85714285714286,1,7.839285714285714,7.881142857142857,7.839285714285714,7.881142857142857,
LINKUSDT,static,اختيار,cycle,2022-11-02 18:09:00+00:00,2022-11-02 18:16:00+00:00,7.891388342857143,7.9127001,0.3863065027345128,142.85714285714286,1,7.881142857142857,7.923,7.881142857142857,7.923,
LINKUSDT,static,اختيار,cycle,2022-11-02 18:38:00+00:00,2022-11-02 18:39:00+00:00,7.723742114285715,7.7928561,1.279983437926607,142.85714285714286,1,7.7137142857142855,7.803,7.7137142857142855,7.755571428571429,
LINKUSDT,static,اختيار,cycle,2022-11-02 18:38:00+00:00,2022-11-02 18:39:00+00:00,7.765653671428573,7.787291914285714,0.39857508624476,142.85714285714286,1,7.755571428571429,7.797428571428571,7.755571428571429,7.797428571428571,
LINKUSDT,static,اختيار,cycle,2022-11-02 18:37:00+00:00,2022-11-02 18:40:00+00:00,7.807565228571429,7.829094642857143,0.3944416526641441,142.85714285714286,1,7.797428571428571,7.839285714285714,7.797428571428571,7.839285714285714,
LINKUSDT,static,اختيار,cycle,2022-11-02 18:41:00+00:00,2022-11-02 18:42:00+00:00,7.807565228571429,7.829094642857143,0.3944416526641441,142.85714285714286,1,7.797428571428571,7.839285714285714,7.797428571428571,7.839285714285714,
LINKUSDT,static,اختيار,cycle,2022-11-02 18:36:00+00:00,2022-11-02 18:42:00+00:00,7.849476785714287,7.870897371428572,0.39035235925804224,142.85714285714286,1,7.839285714285714,7.881142857142857,7.839285714285714,7.881142857142857,
LINKUSDT,static,اختيار,cycle,2022-11-02 18:53:00+00:00,2022-11-02 18:54:00+00:00,7.723742114285715,7.745489185714286,0.4027533785571343,142.85714285714286,1,7.7137142857142855,7.755571428571429,7.7137142857142855,7.755571428571429,
LINKUSDT,static,اختيار,cycle,2022-11-02 18:57:00+00:00,2022-11-02 18:58:00+00:00,7.723742114285715,7.745489185714286,0.4027533785571343,142.85714285714286,1,7.7137142857142855,7.755571428571429,7.7137142857142855,7.755571428571429,
LINKUSDT,static,اختيار,cycle,2022-11-02 18:53:00+00:00,2022-11-02 19:04:00+00:00,7.765653671428573,7.787291914285714,0.39857508624476,142.85714285714286,1,7.755571428571429,7.797428571428571,7.755571428571429,7.797428571428571,
LINKUSDT,static,اختيار,cycle,2022-11-02 18:51:00+00:00,2022-11-02 19:08:00+00:00,7.807565228571429,7.829094642857143,0.3944416526641441,142.85714285714286,1,7.797428571428571,7.839285714285714,7.797428571428571,7.839285714285714,
LINKUSDT,static,اختيار,flatten,2022-11-02 19:25:00+00:00,2022-11-02 20:17:00+00:00,7.639919000000001,7.46767938,-3.2248571428571604,142.85714285714286,1,7.63,7.477399999999999,7.63,7.671857142857143,
LINKUSDT,static,اختيار,flatten,2022-11-02 19:24:00+00:00,2022-11-02 20:17:00+00:00,7.681830557142858,7.46767938,-3.987694861420366,142.85714285714286,1,7.671857142857143,7.477399999999999,7.671857142857143,7.7137142857142855,
LINKUSDT,static,اختيار,flatten,2022-11-02 19:21:00+00:00,2022-11-02 20:17:00+00:00,7.723742114285715,7.46767938,-4.742253764829153,142.85714285714286,1,7.7137142857142855,7.477399999999999,7.7137142857142855,7.755571428571429,
LINKUSDT,static,اختيار,flatten,2022-11-02 19:18:00+00:00,2022-11-02 20:17:00+00:00,7.765653671428573,7.46767938,-5.48866789641682,142.85714285714286,1,7.755571428571429,7.477399999999999,7.755571428571429,7.797428571428571,
LINKUSDT,static,اختيار,flatten,2022-11-02 19:15:00+00:00,2022-11-02 20:17:00+00:00,7.807565228571429,7.46767938,-6.227068421300593,142.85714285714286,1,7.797428571428571,7.477399999999999,7.797428571428571,7.839285714285714,
LINKUSDT,static,اختيار,flatten,2022-11-02 18:50:00+00:00,2022-11-02 20:17:00+00:00,7.849476785714287,7.46767938,-6.957583703221626,142.85714285714286,1,7.839285714285714,7.477399999999999,7.839285714285714,7.881142857142857,
LINKUSDT,static,اختيار,flatten,2022-11-02 18:36:00+00:00,2022-11-02 20:17:00+00:00,7.891388342857143,7.46767938,-7.680339378936029,142.85714285714286,1,7.881142857142857,7.477399999999999,7.881142857142857,7.923,
LINKUSDT,static,اختيار,cycle,2022-12-02 00:24:00+00:00,2022-12-02 01:20:00+00:00,7.662948900000001,7.6959822,0.6166265330122566,142.85714285714286,1,7.6530000000000005,7.706,7.6530000000000005,7.706,
LINKUSDT,static,اختيار,cycle,2022-12-02 01:50:00+00:00,2022-12-02 01:59:00+00:00,7.60988,7.643051100000001,0.6235169172932438,142.85714285714286,1,7.6,7.6530000000000005,7.6,7.6530000000000005,
LINKUSDT,static,اختيار,cycle,2022-12-02 02:10:00+00:00,2022-12-02 02:20:00+00:00,7.60988,7.643051100000001,0.6235169172932438,142.85714285714286,1,7.6,7.6530000000000005,7.6,7.6530000000000005,
LINKUSDT,static,اختيار,cycle,2022-12-02 01:31:00+00:00,2022-12-02 02:25:00+00:00,7.662948900000001,7.6959822,0.6166265330122566,142.85714285714286,1,7.6530000000000005,7.706,7.6530000000000005,7.706,
LINKUSDT,static,اختيار,cycle,2022-12-02 02:46:00+00:00,2022-12-02 03:13:00+00:00,7.60988,7.643051100000001,0.6235169172932438,142.85714285714286,1,7.6,7.6530000000000005,7.6,7.6530000000000005,
LINKUSDT,static,اختيار,cycle,2022-12-02 04:07:00+00:00,2022-12-02 04:33:00+00:00,7.5568111,7.59012,0.6305040791989202,142.85714285714286,1,7.547,7.6,7.547,7.6,
LINKUSDT,static,اختيار,cycle,2022-12-02 03:31:00+00:00,2022-12-02 12:39:00+00:00,7.60988,7.643051100000001,0.6235169172932438,142.85714285714286,1,7.6,7.6530000000000005,7.6,7.6530000000000005,
LINKUSDT,static,اختيار,cycle,2022-12-02 13:32:00+00:00,2022-12-02 13:34:00+00:00,7.5037422000000005,7.5371889,0.637590072057643,142.85714285714286,1,7.494,7.547,7.494,7.547,
LINKUSDT,static,اختيار,cycle,2022-12-02 13:30:00+00:00,2022-12-02 14:45:00+00:00,7.5568111,7.59012,0.6305040791989202,142.85714285714286,1,7.547,7.6,7.547,7.6,
LINKUSDT,static,اختيار,cycle,2022-12-02 16:14:00+00:00,2022-12-02 17:14:00+00:00,7.5568111,7.59012,0.6305040791989202,142.85714285714286,1,7.547,7.6,7.547,7.6,
LINKUSDT,static,اختيار,cycle,2022-12-02 18:30:00+00:00,2022-12-02 20:21:00+00:00,7.5568111,7.59012,0.6305040791989202,142.85714285714286,1,7.547,7.6,7.547,7.6,
LINKUSDT,static,اختيار,cycle,2022-12-03 02:44:00+00:00,2022-12-03 03:32:00+00:00,7.4506733,7.4842578,0.6447770076986562,142.85714285714286,1,7.441,7.494,7.441,7.494,
LINKUSDT,static,اختيار,flatten,2022-12-03 06:00:00+00:00,2022-12-03 22:31:00+00:00,7.4506733,7.282700166000001,-3.224857142857133,142.85714285714286,1,7.441,7.29218,7.441,7.494,
LINKUSDT,static,اختيار,flatten,2022-12-03 01:16:00+00:00,2022-12-03 22:31:00+00:00,7.5037422000000005,7.282700166000001,-4.213695413473634,142.85714285714286,1,7.494,7.29218,7.494,7.547,
LINKUSDT,static,اختيار,flatten,2022-12-03 00:17:00+00:00,2022-12-03 22:31:00+00:00,7.5568111,7.282700166000001,-5.188645138087025,142.85714285714286,1,7.547,7.29218,7.547,7.6,
LINKUSDT,static,اختيار,flatten,2022-12-02 13:22:00+00:00,2022-12-03 22:31:00+00:00,7.60988,7.282700166000001,-6.149996879699246,142.85714285714286,1,7.6,7.29218,7.6,7.6530000000000005,
LINKUSDT,static,اختيار,flatten,2022-12-02 02:31:00+00:00,2022-12-03 22:31:00+00:00,7.662948900000001,7.282700166000001,-7.098033152265223,142.85714285714286,1,7.6530000000000005,7.29218,7.6530000000000005,7.706,
LINKUSDT,static,اختيار,flatten,2022-12-02 00:00:00+00:00,2022-12-03 22:31:00+00:00,7.6909853,7.282700166000001,-7.5689654443661665,142.39368210299952,1,7.681,7.29218,7.706,7.759,
LINKUSDT,static,اختيار,flatten,2022-12-02 00:00:00+00:00,2022-12-03 22:31:00+00:00,7.6909853,7.282700166000001,-7.517263528068782,141.42102259127648,1,7.681,7.29218,7.759,7.812,
LINKUSDT,static,اختيار,cycle,2023-07-03 00:01:00+00:00,2023-07-03 00:20:00+00:00,6.540348557142858,6.556465500000001,0.35249093141619803,142.85714285714286,1,6.5318571428571435,6.565,6.5318571428571435,6.565,
LINKUSDT,static,اختيار,cycle,2023-07-03 00:36:00+00:00,2023-07-03 01:30:00+00:00,6.507162614285715,6.523365728571429,0.3561828556354926,142.85714285714286,1,6.498714285714286,6.5318571428571435,6.498714285714286,6.5318571428571435,
LINKUSDT,static,اختيار,cycle,2023-07-03 00:21:00+00:00,2023-07-03 01:34:00+00:00,6.540348557142858,6.556465500000001,0.35249093141619803,142.85714285714286,1,6.5318571428571435,6.565,6.5318571428571435,6.565,
LINKUSDT,static,اختيار,cycle,2023-07-03 01:37:00+00:00,2023-07-03 01:45:00+00:00,6.540348557142858,6.556465500000001,0.35249093141619803,142.85714285714286,1,6.5318571428571435,6.565,6.5318571428571435,6.565,
LINKUSDT,static,اختيار,cycle,2023-07-03 01:59:00+00:00,2023-07-03 02:06:00+00:00,6.540348557142858,6.556465500000001,0.35249093141619803,142.85714285714286,1,6.5318571428571435,6.565,6.5318571428571435,6.565,
LINKUSDT,static,اختيار,cycle,2023-07-04 05:32:00+00:00,2023-07-04 06:43:00+00:00,6.507162614285715,6.523365728571429,0.3561828556354926,142.85714285714286,1,6.498714285714286,6.5318571428571435,6.498714285714286,6.5318571428571435,
LINKUSDT,static,اختيار,cycle,2023-07-04 08:00:00+00:00,2023-07-04 10:05:00+00:00,6.473976671428572,6.490265957142857,0.35991262984788797,142.85714285714286,1,6.465571428571429,6.498714285714286,6.465571428571429,6.498714285714286,
LINKUSDT,static,اختيار,cycle,2023-07-04 07:04:00+00:00,2023-07-04 12:03:00+00:00,6.507162614285715,6.523365728571429,0.3561828556354926,142.85714285714286,1,6.498714285714286,6.5318571428571435,6.498714285714286,6.5318571428571435,
LINKUSDT,static,اختيار,cycle,2023-07-04 12:34:00+00:00,2023-07-04 14:08:00+00:00,6.507162614285715,6.523365728571429,0.3561828556354926,142.85714285714286,1,6.498714285714286,6.5318571428571435,6.498714285714286,6.5318571428571435,
LINKUSDT,static,اختيار,cycle,2023-07-04 15:41:00+00:00,2023-07-04 15:59:00+00:00,6.473976671428572,6.490265957142857,0.35991262984788797,142.85714285714286,1,6.465571428571429,6.498714285714286,6.465571428571429,6.498714285714286,
LINKUSDT,static,اختيار,cycle,2023-07-04 15:27:00+00:00,2023-07-04 16:27:00+00:00,6.507162614285715,6.523365728571429,0.3561828556354926,142.85714285714286,1,6.498714285714286,6.5318571428571435,6.498714285714286,6.5318571428571435,
LINKUSDT,static,اختيار,cycle,2023-07-04 19:14:00+00:00,2023-07-04 19:16:00+00:00,6.407604785714287,6.424066414285715,0.3674880806212367,142.85714285714286,1,6.399285714285715,6.432428571428572,6.399285714285715,6.432428571428572,
LINKUSDT,static,اختيار,cycle,2023-07-04 19:13:00+00:00,2023-07-04 19:53:00+00:00,6.44079072857143,6.457166185714286,0.3636808391155538,142.85714285714286,1,6.432428571428572,6.465571428571429,6.432428571428572,6.465571428571429,
LINKUSDT,static,اختيار,cycle,2023-07-04 17:42:00+00:00,2023-07-04 20:29:00+00:00,6.473976671428572,6.490265957142857,0.35991262984788797,142.85714285714286,1,6.465571428571429,6.498714285714286,6.465571428571429,6.498714285714286,
LINKUSDT,static,اختيار,cycle,2023-07-04 16:47:00+00:00,2023-07-04 20:40:00+00:00,6.507162614285715,6.523365728571429,0.3561828556354926,142.85714285714286,1,6.498714285714286,6.5318571428571435,6.498714285714286,6.5318571428571435,
LINKUSDT,static,اختيار,cycle,2023-07-04 21:17:00+00:00,2023-07-04 22:05:00+00:00,6.507162614285715,6.523365728571429,0.3561828556354926,142.85714285714286,1,6.498714285714286,6.5318571428571435,6.498714285714286,6.5318571428571435,
LINKUSDT,static,اختيار,cycle,2023-07-04 04:44:00+00:00,2023-07-04 22:49:00+00:00,6.540348557142858,6.556465500000001,0.35249093141619803,142.85714285714286,1,6.5318571428571435,6.565,6.5318571428571435,6.565,
LINKUSDT,static,اختيار,cycle,2023-07-04 23:48:00+00:00,2023-07-05 00:24:00+00:00,6.540348557142858,6.556465500000001,0.35249093141619803,142.85714285714286,1,6.5318571428571435,6.565,6.5318571428571435,6.565,
LINKUSDT,static,اختيار,cycle,2023-07-05 00:55:00+00:00,2023-07-05 01:09:00+00:00,6.507162614285715,6.523365728571429,0.3561828556354926,142.85714285714286,1,6.498714285714286,6.5318571428571435,6.498714285714286,6.5318571428571435,
LINKUSDT,static,اختيار,cycle,2023-07-05 00:38:00+00:00,2023-07-05 02:58:00+00:00,6.540348557142858,6.556465500000001,0.35249093141619803,142.85714285714286,1,6.5318571428571435,6.565,6.5318571428571435,6.565,
LINKUSDT,static,اختيار,cycle,2023-07-05 10:37:00+00:00,2023-07-06 06:00:00+00:00,6.3412329000000005,6.3578668714285715,0.3752221115826631,142.85714285714286,1,6.333,6.366142857142857,6.333,6.366142857142857,
LINKUSDT,static,اختيار,cycle,2023-07-05 10:35:00+00:00,2023-07-06 07:40:00+00:00,6.3744188428571436,6.390966642857144,0.3713349639835863,142.85714285714286,1,6.366142857142857,6.399285714285715,6.366142857142857,6.399285714285715,
LINKUSDT,static,اختيار,cycle,2023-07-06 07:57:00+00:00,2023-07-06 08:34:00+00:00,6.3744188428571436,6.390966642857144,0.3713349639835863,142.85714285714286,1,6.366142857142857,6.399285714285715,6.366142857142857,6.399285714285715,
LINKUSDT,static,اختيار,cycle,2023-07-05 10:32:00+00:00,2023-07-06 08:48:00+00:00,6.407604785714287,6.424066414285715,0.3674880806212367,142.85714285714286,1,6.399285714285715,6.432428571428572,6.399285714285715,6.432428571428572,
LINKUSDT,static,اختيار,cycle,2023-07-05 09:26:00+00:00,2023-07-06 08:56:00+00:00,6.44079072857143,6.457166185714286,0.3636808391155538,142.85714285714286,1,6.432428571428572,6.465571428571429,6.432428571428572,6.465571428571429,
LINKUSDT,static,اختيار,cycle,2023-07-05 09:11:00+00:00,2023-07-06 09:01:00+00:00,6.473976671428572,6.490265957142857,0.35991262984788797,142.85714285714286,1,6.465571428571429,6.498714285714286,6.465571428571429,6.498714285714286,
LINKUSDT,static,اختيار,flatten,2023-07-06 11:57:00+00:00,2023-07-06 14:08:00+00:00,6.3412329000000005,6.1979322,-3.232516749001831,142.85714285714286,1,6.333,6.206,6.333,6.366142857142857,
LINKUSDT,static,اختيار,flatten,2023-07-06 11:52:00+00:00,2023-07-06 14:08:00+00:00,6.3744188428571436,6.1979322,-3.960385136932954,142.85714285714286,1,6.366142857142857,6.206,6.366142857142857,6.399285714285715,
LINKUSDT,static,اختيار,flatten,2023-07-06 11:47:00+00:00,2023-07-06 14:08:00+00:00,6.407604785714287,6.1979322,-4.68071404652944,142.85714285714286,1,6.399285714285715,6.206,6.399285714285715,6.432428571428572,
LINKUSDT,static,اختيار,flatten,2023-07-06 10:08:00+00:00,2023-07-06 14:08:00+00:00,6.44079072857143,6.1979322,-5.393620018465128,142.85714285714286,1,6.432428571428572,6.206,6.432428571428572,6.465571428571429,
LINKUSDT,static,اختيار,flatten,2023-07-06 09:40:00+00:00,2023-07-06 14:08:00+00:00,6.473976671428572,6.1979322,-6.09921720383949,142.85714285714286,1,6.465571428571429,6.206,6.465571428571429,6.498714285714286,
LINKUSDT,static,اختيار,flatten,2023-07-05 08:18:00+00:00,2023-07-06 14:08:00+00:00,6.507162614285715,6.1979322,-6.797617425110781,142.85714285714286,1,6.498714285714286,6.206,6.498714285714286,6.5318571428571435,
LINKUSDT,static,اختيار,flatten,2023-07-05 04:06:00+00:00,2023-07-06 14:08:00+00:00,6.540348557142858,6.1979322,-7.488930235173928,142.85714285714286,1,6.5318571428571435,6.206,6.5318571428571435,6.565,
LINKUSDT,static,اختيار,cycle,2023-08-20 01:31:00+00:00,2023-08-20 01:57:00+00:00,6.143404628571429,6.148853228571428,0.1268650461022483,142.85714285714286,1,6.135428571428571,6.156857142857143,6.135428571428571,6.156857142857143,
LINKUSDT,static,اختيار,cycle,2023-08-20 05:59:00+00:00,2023-08-20 08:33:00+00:00,6.143404628571429,6.148853228571428,0.1268650461022483,142.85714285714286,1,6.135428571428571,6.156857142857143,6.135428571428571,6.156857142857143,
LINKUSDT,static,اختيار,cycle,2023-08-20 01:11:00+00:00,2023-08-20 09:47:00+00:00,6.164861057142858,6.170253942857142,0.12513076510011245,142.85714285714286,1,6.156857142857143,6.178285714285714,6.156857142857143,6.178285714285714,
LINKUSDT,static,اختيار,cycle,2023-08-20 00:02:00+00:00,2023-08-20 10:57:00+00:00,6.1863174857142855,6.191654657142858,0.12340851434916288,142.85714285714286,1,6.178285714285714,6.199714285714286,6.178285714285714,6.199714285714286,
LINKUSDT,static,اختيار,cycle,2023-08-20 00:00:00+00:00,2023-08-20 13:06:00+00:00,6.188034,6.213055371428572,0.5765558649839182,142.40287570855799,1,6.18,6.2211428571428575,6.199714285714286,6.2211428571428575,
LINKUSDT,static,اختيار,cycle,2023-08-20 15:08:00+00:00,2023-08-20 15:13:00+00:00,6.143404628571429,6.148853228571428,0.1268650461022483,142.85714285714286,1,6.135428571428571,6.156857142857143,6.135428571428571,6.156857142857143,
LINKUSDT,static,اختيار,cycle,2023-08-20 14:42:00+00:00,2023-08-20 15:19:00+00:00,6.164861057142858,6.170253942857142,0.12513076510011245,142.85714285714286,1,6.156857142857143,6.178285714285714,6.156857142857143,6.178285714285714,
LINKUSDT,static,اختيار,cycle,2023-08-20 15:49:00+00:00,2023-08-20 16:03:00+00:00,6.164861057142858,6.170253942857142,0.12513076510011245,142.85714285714286,1,6.156857142857143,6.178285714285714,6.156857142857143,6.178285714285714,
LINKUSDT,static,اختيار,cycle,2023-08-20 16:52:00+00:00,2023-08-20 17:08:00+00:00,6.164861057142858,6.170253942857142,0.12513076510011245,142.85714285714286,1,6.156857142857143,6.178285714285714,6.156857142857143,6.178285714285714,
LINKUSDT,static,اختيار,cycle,2023-08-20 14:16:00+00:00,2023-08-20 17:36:00+00:00,6.1863174857142855,6.191654657142858,0.12340851434916288,142.85714285714286,1,6.178285714285714,6.199714285714286,6.178285714285714,6.199714285714286,
LINKUSDT,static,اختيار,cycle,2023-08-20 18:59:00+00:00,2023-08-20 20:06:00+00:00,6.1863174857142855,6.191654657142858,0.12340851434916288,142.85714285714286,1,6.178285714285714,6.199714285714286,6.178285714285714,6.199714285714286,
LINKUSDT,static,اختيار,cycle,2023-08-20 13:18:00+00:00,2023-08-20 20:39:00+00:00,6.207773914285715,6.213055371428572,0.1216981691058803,142.85714285714286,1,6.199714285714286,6.2211428571428575,6.199714285714286,6.2211428571428575,
LINKUSDT,static,اختيار,cycle,2023-08-20 21:13:00+00:00,2023-08-21 00:02:00+00:00,6.207773914285715,6.213055371428572,0.1216981691058803,142.85714285714286,1,6.199714285714286,6.2211428571428575,6.199714285714286,6.2211428571428575,
LINKUSDT,static,اختيار,cycle,2023-08-20 00:00:00+00:00,2023-08-21 00:44:00+00:00,6.188034,6.234456085714286,1.0659981104594027,141.9123725544227,1,6.18,6.242571428571429,6.2211428571428575,6.242571428571429,
LINKUSDT,static,اختيار,cycle,2023-08-21 01:11:00+00:00,2023-08-21 01:18:00+00:00,6.229230342857144,6.234456085714286,0.11999960634569391,142.85714285714286,1,6.2211428571428575,6.242571428571429,6.2211428571428575,6.242571428571429,
LINKUSDT,static,اختيار,cycle,2023-08-21 04:38:00+00:00,2023-08-21 05:29:00+00:00,6.1863174857142855,6.191654657142858,0.12340851434916288,142.85714285714286,1,6.178285714285714,6.199714285714286,6.178285714285714,6.199714285714286,
LINKUSDT,static,اختيار,cycle,2023-08-21 03:48:00+00:00,2023-08-21 05:30:00+00:00,6.207773914285715,6.213055371428572,0.1216981691058803,142.85714285714286,1,6.199714285714286,6.2211428571428575,6.199714285714286,6.2211428571428575,
LINKUSDT,static,اختيار,cycle,2023-08-21 02:51:00+00:00,2023-08-21 05:45:00+00:00,6.229230342857144,6.234456085714286,0.11999960634569391,142.85714285714286,1,6.2211428571428575,6.242571428571429,6.2211428571428575,6.242571428571429,
LINKUSDT,static,اختيار,cycle,2023-08-21 07:09:00+00:00,2023-08-21 08:04:00+00:00,6.1863174857142855,6.191940000000001,0.1300063421595251,142.85714285714286,1,6.178285714285714,6.2,6.178285714285714,6.199714285714286,
LINKUSDT,static,اختيار,cycle,2023-08-21 06:46:00+00:00,2023-08-21 08:37:00+00:00,6.207773914285715,6.213055371428572,0.1216981691058803,142.85714285714286,1,6.199714285714286,6.2211428571428575,6.199714285714286,6.2211428571428575,
LINKUSDT,static,اختيار,cycle,2023-08-21 10:53:00+00:00,2023-08-21 11:24:00+00:00,6.143404628571429,6.148853228571428,0.1268650461022483,142.85714285714286,1,6.135428571428571,6.156857142857143,6.135428571428571,6.156857142857143,
LINKUSDT,static,اختيار,cycle,2023-08-21 10:05:00+00:00,2023-08-21 11:38:00+00:00,6.164861057142858,6.170253942857142,0.12513076510011245,142.85714285714286,1,6.156857142857143,6.178285714285714,6.156857142857143,6.178285714285714,
LINKUSDT,static,اختيار,cycle,2023-08-21 09:47:00+00:00,2023-08-21 11:54:00+00:00,6.1863174857142855,6.191654657142858,0.12340851434916288,142.85714285714286,1,6.178285714285714,6.199714285714286,6.178285714285714,6.199714285714286,
LINKUSDT,static,اختيار,cycle,2023-08-21 08:48:00+00:00,2023-08-21 12:04:00+00:00,6.207773914285715,6.213055371428572,0.1216981691058803,142.85714285714286,1,6.199714285714286,6.2211428571428575,6.199714285714286,6.2211428571428575,
LINKUSDT,static,اختيار,cycle,2023-08-21 12:58:00+00:00,2023-08-21 13:04:00+00:00,6.164861057142858,6.170253942857142,0.12513076510011245,142.85714285714286,1,6.156857142857143,6.178285714285714,6.156857142857143,6.178285714285714,
LINKUSDT,static,اختيار,cycle,2023-08-21 13:15:00+00:00,2023-08-21 13:42:00+00:00,6.164861057142858,6.170253942857142,0.12513076510011245,142.85714285714286,1,6.156857142857143,6.178285714285714,6.156857142857143,6.178285714285714,
LINKUSDT,static,اختيار,cycle,2023-08-21 12:51:00+00:00,2023-08-21 13:58:00+00:00,6.1863174857142855,6.191654657142858,0.12340851434916288,142.85714285714286,1,6.178285714285714,6.199714285714286,6.178285714285714,6.199714285714286,
LINKUSDT,static,اختيار,cycle,2023-08-21 12:42:00+00:00,2023-08-21 14:09:00+00:00,6.207773914285715,6.213055371428572,0.1216981691058803,142.85714285714286,1,6.199714285714286,6.2211428571428575,6.199714285714286,6.2211428571428575,
LINKUSDT,static,اختيار,cycle,2023-08-21 15:25:00+00:00,2023-08-21 15:37:00+00:00,6.1219482,6.127452514285714,0.1286114838477049,142.85714285714286,1,6.114,6.135428571428571,6.114,6.135428571428571,
LINKUSDT,static,اختيار,cycle,2023-08-21 15:24:00+00:00,2023-08-21 15:37:00+00:00,6.143404628571429,6.148853228571428,0.1268650461022483,142.85714285714286,1,6.135428571428571,6.156857142857143,6.135428571428571,6.156857142857143,
LINKUSDT,static,اختيار,cycle,2023-08-21 15:46:00+00:00,2023-08-21 15:49:00+00:00,6.1219482,6.127452514285714,0.1286114838477049,142.85714285714286,1,6.114,6.135428571428571,6.114,6.135428571428571,
LINKUSDT,static,اختيار,cycle,2023-08-21 15:53:00+00:00,2023-08-21 17:19:00+00:00,6.1219482,6.127452514285714,0.1286114838477049,142.85714285714286,1,6.114,6.135428571428571,6.114,6.135428571428571,
LINKUSDT,static,اختيار,cycle,2023-08-21 15:39:00+00:00,2023-08-21 17:25:00+00:00,6.143404628571429,6.148853228571428,0.1268650461022483,142.85714285714286,1,6.135428571428571,6.156857142857143,6.135428571428571,6.156857142857143,
LINKUSDT,static,اختيار,cycle,2023-08-21 15:19:00+00:00,2023-08-21 19:42:00+00:00,6.164861057142858,6.170253942857142,0.12513076510011245,142.85714285714286,1,6.156857142857143,6.178285714285714,6.156857142857143,6.178285714285714,
LINKUSDT,static,اختيار,cycle,2023-08-21 15:08:00+00:00,2023-08-21 19:50:00+00:00,6.1863174857142855,6.191654657142858,0.12340851434916288,142.85714285714286,1,6.178285714285714,6.199714285714286,6.178285714285714,6.199714285714286,
LINKUSDT,static,اختيار,cycle,2023-08-21 19:59:00+00:00,2023-08-21 20:02:00+00:00,6.1863174857142855,6.191654657142858,0.12340851434916288,142.85714285714286,1,6.178285714285714,6.199714285714286,6.178285714285714,6.199714285714286,
LINKUSDT,static,اختيار,cycle,2023-08-21 21:12:00+00:00,2023-08-21 21:33:00+00:00,6.164861057142858,6.170253942857142,0.12513076510011245,142.85714285714286,1,6.156857142857143,6.178285714285714,6.156857142857143,6.178285714285714,
LINKUSDT,static,اختيار,cycle,2023-08-21 20:10:00+00:00,2023-08-21 21:56:00+00:00,6.1863174857142855,6.191940000000001,0.1300063421595251,142.85714285714286,1,6.178285714285714,6.2,6.178285714285714,6.199714285714286,
LINKUSDT,static,اختيار,cycle,2023-08-22 00:59:00+00:00,2023-08-22 02:25:00+00:00,6.164861057142858,6.170253942857142,0.12513076510011245,142.85714285714286,1,6.156857142857143,6.178285714285714,6.156857142857143,6.178285714285714,
LINKUSDT,static,اختيار,cycle,2023-08-22 04:10:00+00:00,2023-08-22 05:54:00+00:00,6.143404628571429,6.148853228571428,0.1268650461022483,142.85714285714286,1,6.135428571428571,6.156857142857143,6.135428571428571,6.156857142857143,
LINKUSDT,static,اختيار,cycle,2023-08-22 03:01:00+00:00,2023-08-22 06:21:00+00:00,6.1640028000000004,6.170253942857142,0.14504484795447356,142.8372546289851,1,6.156,6.178285714285714,6.156857142857143,6.178285714285714,
LINKUSDT,static,اختيار,cycle,2023-08-22 06:34:00+00:00,2023-08-22 07:07:00+00:00,6.164861057142858,6.170253942857142,0.12513076510011245,142.85714285714286,1,6.156857142857143,6.178285714285714,6.156857142857143,6.178285714285714,
LINKUSDT,static,اختيار,cycle,2023-08-21 23:37:00+00:00,2023-08-22 08:00:00+00:00,6.1863174857142855,6.191654657142858,0.12340851434916288,142.85714285714286,1,6.178285714285714,6.199714285714286,6.178285714285714,6.199714285714286,
LINKUSDT,static,اختيار,cycle,2023-08-21 14:17:00+00:00,2023-08-22 09:30:00+00:00,6.207773914285715,6.213055371428572,0.1216981691058803,142.85714285714286,1,6.199714285714286,6.2211428571428575,6.199714285714286,6.2211428571428575,
LINKUSDT,static,اختيار,cycle,2023-08-22 11:23:00+00:00,2023-08-22 12:30:00+00:00,6.207773914285715,6.213055371428572,0.1216981691058803,142.85714285714286,1,6.199714285714286,6.2211428571428575,6.199714285714286,6.2211428571428575,
LINKUSDT,static,اختيار,cycle,2023-08-21 06:10:00+00:00,2023-08-22 12:37:00+00:00,6.229230342857144,6.234456085714286,0.11999960634569391,142.85714285714286,1,6.2211428571428575,6.242571428571429,6.2211428571428575,6.242571428571429,
LINKUSDT,static,اختيار,cycle,2023-08-22 13:36:00+00:00,2023-08-22 13:43:00+00:00,6.164861057142858,6.170253942857142,0.12513076510011245,142.85714285714286,1,6.156857142857143,6.178285714285714,6.156857142857143,6.178285714285714,
LINKUSDT,static,اختيار,cycle,2023-08-22 14:40:00+00:00,2023-08-22 15:02:00+00:00,6.143404628571429,6.148853228571428,0.1268650461022483,142.85714285714286,1,6.135428571428571,6.156857142857143,6.135428571428571,6.156857142857143,
LINKUSDT,static,اختيار,cycle,2023-08-22 13:54:00+00:00,2023-08-22 15:29:00+00:00,6.164861057142858,6.170253942857142,0.12513076510011245,142.85714285714286,1,6.156857142857143,6.178285714285714,6.156857142857143,6.178285714285714,
LINKUSDT,static,اختيار,flatten,2023-08-22 15:59:00+00:00,2023-08-22 18:08:00+00:00,6.1219482,5.983930764,-3.2248571428571466,142.85714285714286,1,6.114,5.99172,6.114,6.135428571428571,
LINKUSDT,static,اختيار,flatten,2023-08-22 15:52:00+00:00,2023-08-22 18:08:00+00:00,6.143404628571429,5.983930764,-3.713184888037368,142.85714285714286,1,6.135428571428571,5.99172,6.135428571428571,6.156857142857143,
LINKUSDT,static,اختيار,flatten,2023-08-22 15:46:00+00:00,2023-08-22 18:08:00+00:00,6.164861057142858,5.983930764,-4.1981134424534226,142.85714285714286,1,6.156857142857143,5.99172,6.156857142857143,6.178285714285714,
LINKUSDT,static,اختيار,flatten,2023-08-22 13:20:00+00:00,2023-08-22 18:08:00+00:00,6.1863174857142855,5.983930764,-4.679678175043596,142.85714285714286,1,6.178285714285714,5.99172,6.178285714285714,6.199714285714286,
LINKUSDT,static,اختيار,flatten,2023-08-22 13:12:00+00:00,2023-08-22 18:08:00+00:00,6.207773914285715,5.983930764,-5.157913965752224,142.85714285714286,1,6.199714285714286,5.99172,6.199714285714286,6.2211428571428575,
LINKUSDT,static,اختيار,flatten,2023-08-22 12:59:00+00:00,2023-08-22 18:08:00+00:00,6.229230342857144,5.983930764,-5.632855213951127,142.85714285714286,1,6.2211428571428575,5.99172,6.2211428571428575,6.242571428571429,
LINKUSDT,static,اختيار,flatten,2023-08-20 00:00:00+00:00,2023-08-22 18:08:00+00:00,6.188034,5.983930764,-4.67076836468488,141.4252368529452,1,6.18,5.99172,6.242571428571429,6.264,
LINKUSDT,static,حكم,cycle,2024-01-30 00:26:00+00:00,2024-01-30 01:33:00+00:00,14.98388232857143,15.0613947,0.7399678421071719,142.85714285714286,1,14.964428571428572,15.081,14.964428571428572,15.081,
LINKUSDT,static,حكم,cycle,2024-01-30 03:50:00+00:00,2024-01-30 08:20:00+00:00,14.98388232857143,15.0613947,0.7399678421071719,142.85714285714286,1,14.964428571428572,15.081,14.964428571428572,15.081,
LINKUSDT,static,حكم,cycle,2024-03-24 00:00:00+00:00,2024-03-24 00:07:00+00:00,18.079186714285715,18.114991285714286,0.2832864263673618,142.85714285714286,1,18.055714285714284,18.138571428571428,18.055714285714284,18.138571428571428,
LINKUSDT,static,حكم,cycle,2024-03-24 00:00:00+00:00,2024-03-24 00:35:00+00:00,18.0864819,18.197740714285715,0.8762606464969332,142.26195164212018,1,18.063,18.22142857142857,18.138571428571428,18.22142857142857,
LINKUSDT,static,حكم,cycle,2024-03-24 00:00:00+00:00,2024-03-24 01:25:00+00:00,18.0864819,18.280490142857143,1.5210367922943502,141.61505292042335,1,18.063,18.304285714285715,18.22142857142857,18.304285714285715,
LINKUSDT,static,حكم,cycle,2024-03-24 04:40:00+00:00,2024-03-24 04:46:00+00:00,17.99622185714286,18.032241857142857,0.28630474525075156,142.85714285714286,1,17.972857142857144,18.055714285714284,17.972857142857144,18.055714285714284,
LINKUSDT,static,حكم,cycle,2024-03-24 03:09:00+00:00,2024-03-24 05:34:00+00:00,18.079186714285715,18.114991285714286,0.2832864263673618,142.85714285714286,1,18.055714285714284,18.138571428571428,18.055714285714284,18.138571428571428,
LINKUSDT,static,حكم,cycle,2024-03-24 06:33:00+00:00,2024-03-24 07:59:00+00:00,18.079186714285715,18.114991285714286,0.2832864263673618,142.85714285714286,1,18.055714285714284,18.138571428571428,18.055714285714284,18.138571428571428,
LINKUSDT,static,حكم,cycle,2024-03-24 02:15:00+00:00,2024-03-24 08:15:00+00:00,18.162151571428574,18.197740714285715,0.2802956828947082,142.85714285714286,1,18.138571428571428,18.22142857142857,18.138571428571428,18.22142857142857,
LINKUSDT,static,حكم,cycle,2024-03-24 01:36:00+00:00,2024-03-24 08:58:00+00:00,18.24511642857143,18.280490142857143,0.2773321386571141,142.85714285714286,1,18.22142857142857,18.304285714285715,18.22142857142857,18.304285714285715,
LINKUSDT,static,حكم,cycle,2024-03-24 09:18:00+00:00,2024-03-24 10:27:00+00:00,18.24511642857143,18.280490142857143,0.2773321386571141,142.85714285714286,1,18.22142857142857,18.304285714285715,18.22142857142857,18.304285714285715,
LINKUSDT,static,حكم,cycle,2024-03-24 00:00:00+00:00,2024-03-24 12:07:00+00:00,18.0864819,18.36323957142857,2.159975582834383,140.9740107703114,1,18.063,18.387142857142855,18.304285714285715,18.387142857142855,
LINKUSDT,static,حكم,cycle,2024-03-24 12:14:00+00:00,2024-03-24 12:35:00+00:00,18.328081285714287,18.36323957142857,0.27439542429003033,142.85714285714286,1,18.304285714285715,18.387142857142855,18.304285714285715,18.387142857142855,
LINKUSDT,static,حكم,cycle,2024-03-24 13:22:00+00:00,2024-03-24 14:25:00+00:00,18.328081285714287,18.36323957142857,0.27439542429003033,142.85714285714286,1,18.304285714285715,18.387142857142855,18.304285714285715,18.387142857142855,
LINKUSDT,static,حكم,cycle,2024-03-24 17:06:00+00:00,2024-03-24 17:17:00+00:00,18.079186714285715,18.114991285714286,0.2832864263673618,142.85714285714286,1,18.055714285714284,18.138571428571428,18.055714285714284,18.138571428571428,
LINKUSDT,static,حكم,cycle,2024-03-24 17:26:00+00:00,2024-03-24 17:47:00+00:00,18.079186714285715,18.114991285714286,0.2832864263673618,142.85714285714286,1,18.055714285714284,18.138571428571428,18.055714285714284,18.138571428571428,
LINKUSDT,static,حكم,cycle,2024-03-24 17:03:00+00:00,2024-03-24 18:30:00+00:00,18.162151571428574,18.197740714285715,0.2802956828947082,142.85714285714286,1,18.138571428571428,18.22142857142857,18.138571428571428,18.22142857142857,
LINKUSDT,static,حكم,cycle,2024-03-24 16:23:00+00:00,2024-03-24 20:23:00+00:00,18.24511642857143,18.280490142857143,0.2773321386571141,142.85714285714286,1,18.22142857142857,18.304285714285715,18.22142857142857,18.304285714285715,
LINKUSDT,static,حكم,cycle,2024-03-24 14:55:00+00:00,2024-03-24 21:13:00+00:00,18.328081285714287,18.36323957142857,0.27439542429003033,142.85714285714286,1,18.304285714285715,18.387142857142855,18.304285714285715,18.387142857142855,
LINKUSDT,static,حكم,cycle,2024-03-24 00:00:00+00:00,2024-03-24 22:06:00+00:00,18.0864819,18.445989,2.793155931940035,140.33874601818042,1,18.063,18.47,18.387142857142855,18.47,
LINKUSDT,static,حكم,cycle,2024-03-25 00:41:00+00:00,2024-03-25 01:05:00+00:00,18.411046142857142,18.445989,0.27148517708693143,142.85714285714286,1,18.387142857142855,18.47,18.387142857142855,18.47,
LINKUSDT,static,حكم,cycle,2024-04-05 02:19:00+00:00,2024-04-05 03:51:00+00:00,17.4176135,17.495797285714286,0.6420875104856402,142.85714285714286,1,17.395,17.518571428571427,17.395,17.518571428571427,
LINKUSDT,static,حكم,flatten,2024-04-05 04:38:00+00:00,2024-04-05 10:26:00+00:00,17.4176135,17.024938770000002,-3.224857142857139,142.85714285714286,1,17.395,17.0471,17.395,17.518571428571427,
LINKUSDT,static,حكم,flatten,2024-04-05 01:33:00+00:00,2024-04-05 10:26:00+00:00,17.54134557142857,17.024938770000002,-4.211096806887137,142.85714285714286,1,17.518571428571427,17.0471,17.518571428571427,17.642142857142858,
LINKUSDT,static,حكم,flatten,2024-04-05 01:17:00+00:00,2024-04-05 10:26:00+00:00,17.665077642857145,17.024938770000002,-5.183520570526284,142.85714285714286,1,17.642142857142858,17.0471,17.642142857142858,17.765714285714285,
LINKUSDT,static,حكم,flatten,2024-04-05 00:00:00+00:00,2024-04-05 10:26:00+00:00,17.788809714285716,17.024938770000002,-6.142416727932724,142.85714285714286,1,17.765714285714285,17.0471,17.765714285714285,17.889285714285716,
LINKUSDT,static,حكم,flatten,2024-04-05 00:00:00+00:00,2024-04-05 10:26:00+00:00,17.813127,17.024938770000002,-6.29417632261928,142.06428428828107,1,17.79,17.0471,17.889285714285716,18.012857142857143,
LINKUSDT,static,حكم,flatten,2024-04-05 00:00:00+00:00,2024-04-05 10:26:00+00:00,17.813127,17.024938770000002,-6.250997144896497,141.08969783487984,1,17.79,17.0471,18.012857142857143,18.136428571428574,
LINKUSDT,static,حكم,flatten,2024-04-05 00:00:00+00:00,2024-04-05 10:26:00+00:00,17.813127,17.024938770000002,-6.208406364459842,140.1283919499035,1,17.79,17.0471,18.136428571428574,18.26,
LINKUSDT,static,حكم,cycle,2024-09-26 00:22:00+00:00,2024-09-26 05:33:00+00:00,12.075678000000002,12.115657714285716,0.4735810742207284,142.85714285714286,1,12.06,12.131428571428572,12.06,12.131428571428572,
LINKUSDT,static,حكم,cycle,2024-09-26 00:00:00+00:00,2024-09-26 06:34:00+00:00,12.125743,12.186993428571428,0.7212721216607203,142.60480452190296,1,12.11,12.202857142857143,12.131428571428572,12.202857142857143,
LINKUSDT,static,حكم,cycle,2024-09-26 00:00:00+00:00,2024-09-26 06:52:00+00:00,12.125743,12.258329142857143,1.5521674415493194,141.77007726527745,1,12.11,12.274285714285714,12.202857142857143,12.274285714285714,
LINKUSDT,static,حكم,cycle,2024-09-26 07:11:00+00:00,2024-09-26 07:25:00+00:00,12.218720857142857,12.258329142857143,0.4636886644144864,142.85714285714286,1,12.202857142857143,12.274285714285714,12.202857142857143,12.274285714285714,
LINKUSDT,static,حكم,cycle,2024-09-26 09:11:00+00:00,2024-09-26 09:26:00+00:00,12.14719942857143,12.186993428571428,0.46860574658500675,142.85714285714286,1,12.131428571428572,12.202857142857143,12.131428571428572,12.202857142857143,
LINKUSDT,static,حكم,cycle,2024-09-26 08:04:00+00:00,2024-09-26 10:18:00+00:00,12.218720857142857,12.258329142857143,0.4636886644144864,142.85714285714286,1,12.202857142857143,12.274285714285714,12.202857142857143,12.274285714285714,
LINKUSDT,static,حكم,cycle,2024-09-26 00:00:00+00:00,2024-09-26 10:32:00+00:00,12.125743,12.329664857142859,2.3733921920723833,140.94506517690877,1,12.11,12.345714285714287,12.274285714285714,12.345714285714287,
LINKUSDT,static,حكم,cycle,2024-09-26 11:35:00+00:00,2024-09-26 12:19:00+00:00,12.290242285714287,12.329664857142859,0.45882881085395816,142.85714285714286,1,12.274285714285714,12.345714285714287,12.274285714285714,12.345714285714287,
LINKUSDT,static,حكم,cycle,2024-09-26 13:51:00+00:00,2024-09-26 13:59:00+00:00,12.218720857142857,12.258329142857143,0.4636886644144864,142.85714285714286,1,12.202857142857143,12.274285714285714,12.202857142857143,12.274285714285714,
LINKUSDT,static,حكم,cycle,2024-09-26 12:36:00+00:00,2024-09-26 14:10:00+00:00,12.290242285714287,12.329664857142859,0.45882881085395816,142.85714285714286,1,12.274285714285714,12.345714285714287,12.274285714285714,12.345714285714287,
LINKUSDT,static,حكم,cycle,2024-09-26 00:00:00+00:00,2024-09-26 14:18:00+00:00,12.125743,12.401000571428574,3.1851142262042775,140.12959962971533,1,12.11,12.417142857142858,12.345714285714287,12.417142857142858,
LINKUSDT,static,حكم,cycle,2024-09-26 00:00:00+00:00,2024-09-26 14:23:00+00:00,12.125743,12.472336285714286,3.9874975346788584,139.32351587666818,1,12.11,12.48857142857143,12.417142857142858,12.48857142857143,
LINKUSDT,static,حكم,cycle,2024-09-26 14:28:00+00:00,2024-09-26 14:29:00+00:00,12.361763714285717,12.401000571428574,0.4540251925810803,142.85714285714286,1,12.345714285714287,12.417142857142858,12.345714285714287,12.417142857142858,
LINKUSDT,static,حكم,cycle,2024-09-26 14:24:00+00:00,2024-09-26 14:29:00+00:00,12.433285142857144,12.472336285714286,0.44927683912956556,142.85714285714286,1,12.417142857142858,12.48857142857143,12.417142857142858,12.48857142857143,
LINKUSDT,static,حكم,cycle,2024-09-26 14:57:00+00:00,2024-09-26 15:17:00+00:00,12.433285142857144,12.472336285714286,0.44927683912956556,142.85714285714286,1,12.417142857142858,12.48857142857143,12.417142857142858,12.48857142857143,
LINKUSDT,static,حكم,cycle,2024-09-26 00:00:00+00:00,2024-09-26 15:30:00+00:00,12.125743,12.543672,4.780702356440184,138.52665293983068,1,12.11,12.56,12.48857142857143,12.56,
LINKUSDT,static,حكم,cycle,2024-09-26 20:59:00+00:00,2024-09-26 21:16:00+00:00,12.504806571428572,12.543672,0.44458280223551244,142.85714285714286,1,12.48857142857143,12.56,12.48857142857143,12.56,
LINKUSDT,static,حكم,cycle,2024-09-26 23:15:00+00:00,2024-09-26 23:56:00+00:00,12.504806571428572,12.543672,0.44458280223551244,142.85714285714286,1,12.48857142857143,12.56,12.48857142857143,12.56,
LINKUSDT,static,حكم,cycle,2024-09-27 01:20:00+00:00,2024-09-27 01:29:00+00:00,12.504806571428572,12.543672,0.44458280223551244,142.85714285714286,1,12.48857142857143,12.56,12.48857142857143,12.56,
LINKUSDT,static,حكم,cycle,2024-09-27 01:36:00+00:00,2024-09-27 01:58:00+00:00,12.504806571428572,12.543672,0.44458280223551244,142.85714285714286,1,12.48857142857143,12.56,12.48857142857143,12.56,
LINKUSDT,static,حكم,cycle,2024-09-27 02:20:00+00:00,2024-09-27 03:28:00+00:00,12.504806571428572,12.543672,0.44458280223551244,142.85714285714286,1,12.48857142857143,12.56,12.48857142857143,12.56,
LINKUSDT,static,حكم,cycle,2024-10-22 00:32:00+00:00,2024-10-22 00:45:00+00:00,11.625093,11.664816,0.48877814691768673,142.85714285714286,1,11.61,11.68,11.61,11.68,
LINKUSDT,static,حكم,cycle,2024-10-22 00:30:00+00:00,2024-10-22 00:48:00+00:00,11.695184000000001,11.734725000000001,0.48362279843444017,142.85714285714286,1,11.68,11.75,11.68,11.75,
LINKUSDT,static,حكم,cycle,2024-10-22 00:00:00+00:00,2024-10-22 01:50:00+00:00,11.71521,11.804633999999998,1.08722188449845,142.24924012158056,1,11.7,11.819999999999999,11.75,11.819999999999999,
LINKUSDT,static,حكم,cycle,2024-10-22 00:00:00+00:00,2024-10-22 02:05:00+00:00,11.71521,11.874543,1.9257070340826496,141.4068165337201,1,11.7,11.889999999999999,11.819999999999999,11.889999999999999,
LINKUSDT,static,حكم,cycle,2024-10-22 02:54:00+00:00,2024-10-22 03:07:00+00:00,11.765275,11.804633999999998,0.47852887537990857,142.85714285714286,1,11.75,11.819999999999999,11.75,11.819999999999999,
LINKUSDT,static,حكم,cycle,2024-10-22 02:37:00+00:00,2024-10-22 03:29:00+00:00,11.835365999999999,11.874543,0.47349528643945454,142.85714285714286,1,11.819999999999999,11.889999999999999,11.819999999999999,11.889999999999999,
LINKUSDT,static,حكم,cycle,2024-10-22 00:00:00+00:00,2024-10-22 05:58:00+00:00,11.71521,11.944452,2.7543193560014334,140.57431214706236,1,11.7,11.959999999999999,11.889999999999999,11.959999999999999,
LINKUSDT,static,حكم,cycle,2024-10-22 00:00:00+00:00,2024-10-22 06:31:00+00:00,11.71521,12.014361,3.57323220258001,139.75155279503107,1,11.7,12.03,11.959999999999999,12.03,
LINKUSDT,static,حكم,cycle,2024-10-22 08:35:00+00:00,2024-10-22 08:38:00+00:00,11.975548,12.014361,0.463604873387474,142.85714285714286,1,11.959999999999999,12.03,11.959999999999999,12.03,
LINKUSDT,static,حكم,cycle,2024-10-22 08:58:00+00:00,2024-10-22 09:02:00+00:00,11.975548,12.014361,0.463604873387474,142.85714285714286,1,11.959999999999999,12.03,11.959999999999999,12.03,
LINKUSDT,static,حكم,cycle,2024-10-22 09:22:00+00:00,2024-10-22 09:36:00+00:00,11.905457,11.944452,0.46852096599783605,142.85714285714286,1,11.889999999999999,11.959999999999999,11.889999999999999,11.959999999999999,
LINKUSDT,static,حكم,cycle,2024-10-22 09:39:00+00:00,2024-10-22 09:42:00+00:00,11.905457,11.944452,0.46852096599783605,142.85714285714286,1,11.889999999999999,11.959999999999999,11.889999999999999,11.959999999999999,
LINKUSDT,static,حكم,cycle,2024-10-22 09:17:00+00:00,2024-10-22 09:58:00+00:00,11.975548,12.014361,0.463604873387474,142.85714285714286,1,11.959999999999999,12.03,11.959999999999999,12.03,
LINKUSDT,static,حكم,cycle,2024-11-08 00:00:00+00:00,2024-11-08 00:09:00+00:00,12.633545142857145,12.693477000000001,0.6785762810558975,142.85714285714286,1,12.617142857142857,12.71,12.617142857142857,12.71,
LINKUSDT,static,حكم,cycle,2024-11-08 01:43:00+00:00,2024-11-08 01:46:00+00:00,12.633545142857145,12.693477000000001,0.6785762810558975,142.85714285714286,1,12.617142857142857,12.71,12.617142857142857,12.71,
LINKUSDT,static,حكم,cycle,2024-11-08 03:00:00+00:00,2024-11-08 03:11:00+00:00,12.540567285714289,12.600740571428572,0.6863611921328064,142.85714285714286,1,12.524285714285716,12.617142857142857,12.524285714285716,12.617142857142857,
LINKUSDT,static,حكم,cycle,2024-11-08 03:34:00+00:00,2024-11-08 03:51:00+00:00,12.540567285714289,12.600740571428572,0.6863611921328064,142.85714285714286,1,12.524285714285716,12.617142857142857,12.524285714285716,12.617142857142857,
LINKUSDT,static,حكم,cycle,2024-11-08 02:22:00+00:00,2024-11-08 04:17:00+00:00,12.633545142857145,12.693477000000001,0.6785762810558975,142.85714285714286,1,12.617142857142857,12.71,12.617142857142857,12.71,
LINKUSDT,static,حكم,cycle,2025-04-29 02:23:00+00:00,2025-04-29 03:38:00+00:00,15.005195714285716,15.090357,0.8118330382677179,142.85714285714286,1,14.985714285714286,15.11,14.985714285714286,15.11,
LINKUSDT,static,حكم,cycle,2025-04-29 05:11:00+00:00,2025-04-29 06:05:00+00:00,14.880748428571428,14.966232857142858,0.8217286222381047,142.85714285714286,1,14.86142857142857,14.985714285714286,14.86142857142857,14.985714285714286,
LINKUSDT,static,حكم,cycle,2025-04-29 04:41:00+00:00,2025-04-29 06:18:00+00:00,15.005195714285716,15.090357,0.8118330382677179,142.85714285714286,1,14.985714285714286,15.11,14.985714285714286,15.11,
LINKUSDT,static,حكم,cycle,2025-04-29 13:18:00+00:00,2025-04-29 13:32:00+00:00,14.880748428571428,14.966232857142858,0.8217286222381047,142.85714285714286,1,14.86142857142857,14.985714285714286,14.86142857142857,14.985714285714286,
LINKUSDT,static,حكم,cycle,2025-04-29 15:20:00+00:00,2025-04-29 16:34:00+00:00,14.880748428571428,14.966232857142858,0.8217286222381047,142.85714285714286,1,14.86142857142857,14.985714285714286,14.86142857142857,14.985714285714286,
LINKUSDT,static,حكم,cycle,2025-04-29 16:56:00+00:00,2025-04-29 18:18:00+00:00,14.880748428571428,14.966232857142858,0.8217286222381047,142.85714285714286,1,14.86142857142857,14.985714285714286,14.86142857142857,14.985714285714286,
LINKUSDT,static,حكم,cycle,2025-04-29 23:13:00+00:00,2025-04-29 23:48:00+00:00,14.507406571428573,14.593860428571428,0.8524340085077403,142.85714285714286,1,14.48857142857143,14.612857142857143,14.48857142857143,14.612857142857143,
LINKUSDT,static,حكم,cycle,2025-04-29 21:22:00+00:00,2025-04-30 03:22:00+00:00,14.631853857142858,14.717984571428572,0.84202477549823,142.85714285714286,1,14.612857142857143,14.737142857142857,14.612857142857143,14.737142857142857,
LINKUSDT,static,حكم,cycle,2025-04-30 07:43:00+00:00,2025-04-30 10:53:00+00:00,14.507406571428573,14.593860428571428,0.8524340085077403,142.85714285714286,1,14.48857142857143,14.612857142857143,14.48857142857143,14.612857142857143,
LINKUSDT,static,حكم,flatten,2025-04-30 12:48:00+00:00,2025-04-30 13:57:00+00:00,14.258512000000001,13.93705824,-3.2248571428571497,142.85714285714286,1,14.24,13.9552,14.24,14.364285714285714,
LINKUSDT,static,حكم,flatten,2025-04-30 12:36:00+00:00,2025-04-30 13:57:00+00:00,14.382959285714286,13.93705824,-4.434620046884982,142.85714285714286,1,14.364285714285714,13.9552,14.364285714285714,14.48857142857143,
LINKUSDT,static,حكم,flatten,2025-04-30 12:24:00+00:00,2025-04-30 13:57:00+00:00,14.507406571428573,13.93705824,-5.6236277995323665,142.85714285714286,1,14.48857142857143,13.9552,14.48857142857143,14.612857142857143,
LINKUSDT,static,حكم,flatten,2025-04-30 05:44:00+00:00,2025-04-30 13:57:00+00:00,14.631853857142858,13.93705824,-6.792409982821946,142.85714285714286,1,14.612857142857143,13.9552,14.612857142857143,14.737142857142857,
LINKUSDT,static,حكم,flatten,2025-04-29 21:10:00+00:00,2025-04-30 13:57:00+00:00,14.756301142857144,13.93705824,-7.941478313853652,142.85714285714286,1,14.737142857142857,13.9552,14.737142857142857,14.86142857142857,
LINKUSDT,static,حكم,flatten,2025-04-29 19:43:00+00:00,2025-04-30 13:57:00+00:00,14.880748428571428,13.93705824,-9.071327391823774,142.85714285714286,1,14.86142857142857,13.9552,14.86142857142857,14.985714285714286,
LINKUSDT,static,حكم,flatten,2025-04-29 12:04:00+00:00,2025-04-30 13:57:00+00:00,15.005195714285716,13.93705824,-10.182435407871447,142.85714285714286,1,14.985714285714286,13.9552,14.985714285714286,15.11,
LINKUSDT,static,حكم,cycle,2025-07-12 00:35:00+00:00,2025-07-12 01:03:00+00:00,15.153960285714286,15.238735285714286,0.8002171040211488,142.85714285714286,1,15.134285714285713,15.258571428571429,15.134285714285713,15.258571428571429,
LINKUSDT,static,حكم,cycle,2025-07-12 00:12:00+00:00,2025-07-12 01:33:00+00:00,15.278407571428573,15.36285942857143,0.7906736929393864,142.85714285714286,1,15.258571428571429,15.382857142857143,15.258571428571429,15.382857142857143,
LINKUSDT,static,حكم,cycle,2025-07-12 05:06:00+00:00,2025-07-12 05:46:00+00:00,15.153960285714286,15.238735285714286,0.8002171040211488,142.85714285714286,1,15.134285714285713,15.258571428571429,15.134285714285713,15.258571428571429,
LINKUSDT,static,حكم,cycle,2025-07-12 04:41:00+00:00,2025-07-12 09:38:00+00:00,15.278407571428573,15.36285942857143,0.7906736929393864,142.85714285714286,1,15.258571428571429,15.382857142857143,15.258571428571429,15.382857142857143,
LINKUSDT,static,حكم,cycle,2025-07-12 12:48:00+00:00,2025-07-12 23:50:00+00:00,15.029513000000001,15.114611142857143,0.8099185576962175,142.85714285714286,1,15.01,15.134285714285713,15.01,15.134285714285713,
LINKUSDT,static,حكم,cycle,2025-07-12 12:36:00+00:00,2025-07-13 05:09:00+00:00,15.153960285714286,15.238735285714286,0.8002171040211488,142.85714285714286,1,15.134285714285713,15.258571428571429,15.134285714285713,15.258571428571429,
LINKUSDT,static,حكم,cycle,2025-07-13 05:51:00+00:00,2025-07-13 06:23:00+00:00,15.153960285714286,15.238735285714286,0.8002171040211488,142.85714285714286,1,15.134285714285713,15.258571428571429,15.134285714285713,15.258571428571429,
LINKUSDT,static,حكم,cycle,2025-07-12 11:43:00+00:00,2025-07-13 08:26:00+00:00,15.278407571428573,15.36285942857143,0.7906736929393864,142.85714285714286,1,15.258571428571429,15.382857142857143,15.258571428571429,15.382857142857143,
LINKUSDT,static,حكم,cycle,2025-07-13 09:55:00+00:00,2025-07-13 10:28:00+00:00,15.278407571428573,15.36285942857143,0.7906736929393864,142.85714285714286,1,15.258571428571429,15.382857142857143,15.258571428571429,15.382857142857143,
LINKUSDT,static,حكم,cycle,2025-07-12 00:00:00+00:00,2025-07-13 12:52:00+00:00,15.309877,15.486983571428572,1.6447489917215103,141.99479940564638,1,15.29,15.507142857142858,15.382857142857143,15.507142857142858,
LINKUSDT,static,حكم,cycle,2025-07-12 00:00:00+00:00,2025-07-13 14:09:00+00:00,15.309877,15.611107714285716,2.775041126538142,140.85674804237678,1,15.29,15.631428571428572,15.507142857142858,15.631428571428572,
LINKUSDT,static,حكم,cycle,2025-07-12 00:00:00+00:00,2025-07-13 14:18:00+00:00,15.309877,15.735231857142859,3.887359323184596,139.7367940047523,1,15.29,15.755714285714287,15.631428571428572,15.755714285714287,
LINKUSDT,static,حكم,cycle,2025-07-12 00:00:00+00:00,2025-07-13 15:15:00+00:00,15.309877,15.859356000000002,4.982128932813506,138.63450902167014,1,15.29,15.88,15.755714285714287,15.88,
LINKUSDT,static,حكم,cycle,2025-07-13 16:45:00+00:00,2025-07-13 17:36:00+00:00,15.65174942857143,15.735231857142859,0.7629540172859538,142.85714285714286,1,15.631428571428572,15.755714285714287,15.631428571428572,15.755714285714287,
LINKUSDT,static,حكم,cycle,2025-07-13 15:33:00+00:00,2025-07-13 18:35:00+00:00,15.776196714285717,15.859356000000002,0.7540056733546507,142.85714285714286,1,15.755714285714287,15.88,15.755714285714287,15.88,
LINKUSDT,static,حكم,cycle,2025-07-13 20:01:00+00:00,2025-07-13 20:34:00+00:00,15.776196714285717,15.859356000000002,0.7540056733546507,142.85714285714286,1,15.755714285714287,15.88,15.755714285714287,15.88,
LINKUSDT,static,حكم,cycle,2025-07-13 21:39:00+00:00,2025-07-13 21:45:00+00:00,15.527302142857145,15.611107714285716,0.7720457985128526,142.85714285714286,1,15.507142857142858,15.631428571428572,15.507142857142858,15.631428571428572,
LINKUSDT,static,حكم,cycle,2025-07-13 22:18:00+00:00,2025-07-13 22:40:00+00:00,15.527302142857145,15.611107714285716,0.7720457985128526,142.85714285714286,1,15.507142857142858,15.631428571428572,15.507142857142858,15.631428571428572,
LINKUSDT,static,حكم,cycle,2025-07-13 21:37:00+00:00,2025-07-14 00:24:00+00:00,15.65174942857143,15.735231857142859,0.7629540172859538,142.85714285714286,1,15.631428571428572,15.755714285714287,15.631428571428572,15.755714285714287,
LINKUSDT,static,حكم,cycle,2025-07-13 21:20:00+00:00,2025-07-14 02:26:00+00:00,15.776196714285717,15.859356000000002,0.7540056733546507,142.85714285714286,1,15.755714285714287,15.88,15.755714285714287,15.88,
LINKUSDT,static,حكم,cycle,2025-09-28 00:07:00+00:00,2025-09-28 00:26:00+00:00,20.877105000000004,20.882817,0.03913669064745117,142.85714285714286,1,20.85,20.91,20.85,20.91,
LINKUSDT,static,حكم,cycle,2025-09-28 01:30:00+00:00,2025-09-28 05:03:00+00:00,20.756949000000002,20.762973,0.04151333471157382,142.85714285714286,1,20.73,20.79,20.73,20.79,
LINKUSDT,static,حكم,cycle,2025-09-28 05:06:00+00:00,2025-09-28 05:28:00+00:00,20.756949000000002,20.762973,0.04151333471157382,142.85714285714286,1,20.73,20.79,20.73,20.79,
LINKUSDT,static,حكم,cycle,2025-09-28 05:46:00+00:00,2025-09-28 06:06:00+00:00,20.756949000000002,20.762973,0.04151333471157382,142.85714285714286,1,20.73,20.79,20.73,20.79,
LINKUSDT,static,حكم,cycle,2025-09-28 06:18:00+00:00,2025-09-28 07:19:00+00:00,20.756949000000002,20.762973,0.04151333471157382,142.85714285714286,1,20.73,20.79,20.73,20.79,
LINKUSDT,static,حكم,cycle,2025-09-28 07:39:00+00:00,2025-09-28 08:03:00+00:00,20.756949000000002,20.762973,0.04151333471157382,142.85714285714286,1,20.73,20.79,20.73,20.79,
LINKUSDT,static,حكم,cycle,2025-09-28 08:05:00+00:00,2025-09-28 13:56:00+00:00,20.756949000000002,20.762973,0.04151333471157382,142.85714285714286,1,20.73,20.79,20.73,20.79,
LINKUSDT,static,حكم,cycle,2025-09-28 01:02:00+00:00,2025-09-28 14:17:00+00:00,20.817027,20.822895000000003,0.04032158317874729,142.85714285714286,1,20.79,20.85,20.79,20.85,
LINKUSDT,static,حكم,cycle,2025-09-28 00:35:00+00:00,2025-09-28 14:23:00+00:00,20.877105000000004,20.882817,0.03913669064745117,142.85714285714286,1,20.85,20.91,20.85,20.91,
LINKUSDT,static,حكم,cycle,2025-09-28 00:00:00+00:00,2025-09-28 15:49:00+00:00,20.937183,20.942739,0.037958598073365865,142.85714285714286,1,20.91,20.97,20.91,20.97,
LINKUSDT,static,حكم,cycle,2025-09-28 00:00:00+00:00,2025-09-28 16:02:00+00:00,20.947196,21.002661,0.37785271476257304,142.51652019892364,1,20.92,21.029999999999998,20.97,21.029999999999998,
LINKUSDT,static,حكم,cycle,2025-09-28 00:00:00+00:00,2025-09-28 16:06:00+00:00,20.947196,21.062583,0.7838258270497818,142.10991101148022,1,20.92,21.09,21.029999999999998,21.09,
LINKUSDT,static,حكم,cycle,2025-09-28 00:00:00+00:00,2025-09-28 16:07:00+00:00,20.947196,21.122505,1.1874889927521413,141.70561538982594,1,20.92,21.15,21.09,21.15,
LINKUSDT,static,حكم,cycle,2025-09-28 17:24:00+00:00,2025-09-28 17:27:00+00:00,21.117417000000003,21.122505,0.03446453972767794,142.85714285714286,1,21.09,21.15,21.09,21.15,
LINKUSDT,static,حكم,cycle,2026-04-19 00:15:00+00:00,2026-04-19 13:18:00+00:00,9.272038,9.303603857142857,0.4869771234627701,142.85714285714286,1,9.26,9.315714285714286,9.26,9.315714285714286,
LINKUSDT,static,حكم,cycle,2026-04-19 00:00:00+00:00,2026-04-19 13:22:00+00:00,9.302077,9.359245714285715,0.8766863101627668,142.46281245207788,1,9.29,9.371428571428572,9.315714285714286,9.371428571428572,
LINKUSDT,static,حكم,cycle,2026-04-19 14:05:00+00:00,2026-04-19 14:26:00+00:00,9.272038,9.303603857142857,0.4869771234627701,142.85714285714286,1,9.26,9.315714285714286,9.26,9.315714285714286,
LINKUSDT,static,حكم,flatten,2026-04-19 15:31:00+00:00,2026-04-19 22:00:00+00:00,9.272038,9.06300276,-3.2248571428571493,142.85714285714286,1,9.26,9.0748,9.26,9.315714285714286,
LINKUSDT,static,حكم,flatten,2026-04-19 13:37:00+00:00,2026-04-19 22:00:00+00:00,9.327824714285715,9.06300276,-4.061063552916958,142.85714285714286,1,9.315714285714286,9.0748,9.315714285714286,9.371428571428572,
LINKUSDT,static,حكم,flatten,2026-04-19 00:00:00+00:00,2026-04-19 22:00:00+00:00,9.302077,9.06300276,-3.6444243902439144,141.61585365853657,1,9.29,9.0748,9.371428571428572,9.427142857142858,
LINKUSDT,static,حكم,flatten,2026-04-19 00:00:00+00:00,2026-04-19 22:00:00+00:00,9.302077,9.06300276,-3.6228858918017997,140.77890589483255,1,9.29,9.0748,9.427142857142858,9.482857142857142,
LINKUSDT,static,حكم,flatten,2026-04-19 00:00:00+00:00,2026-04-19 22:00:00+00:00,9.302077,9.06300276,-3.6016004820729255,139.9517927086472,1,9.29,9.0748,9.482857142857142,9.538571428571428,
LINKUSDT,static,حكم,flatten,2026-04-19 00:00:00+00:00,2026-04-19 22:00:00+00:00,9.302077,9.06300276,-3.580563726224364,139.1343417702561,1,9.29,9.0748,9.538571428571428,9.594285714285714,
LINKUSDT,static,حكم,flatten,2026-04-19 00:00:00+00:00,2026-04-19 22:00:00+00:00,9.302077,9.06300276,-3.5597712924359852,138.32638475282906,1,9.29,9.0748,9.594285714285714,9.65,
LINKUSDT,static,حكم,cycle,2026-07-19 00:00:00+00:00,2026-07-19 02:07:00+00:00,8.3598537,8.3671086,0.124059918945254,142.76919919971272,1,8.349,8.378,8.354142857142858,8.378,
LINKUSDT,static,حكم,cycle,2026-07-19 04:12:00+00:00,2026-07-19 04:35:00+00:00,8.341115085714288,8.343282471428573,0.03716877682613236,142.85714285714286,1,8.330285714285715,8.354142857142858,8.330285714285715,8.354142857142858,
LINKUSDT,static,حكم,cycle,2026-07-19 03:11:00+00:00,2026-07-19 07:39:00+00:00,8.365003242857144,8.3671086,0.03600193476044356,142.85714285714286,1,8.354142857142858,8.378,8.354142857142858,8.378,
LINKUSDT,static,حكم,cycle,2026-07-19 08:20:00+00:00,2026-07-19 08:49:00+00:00,8.365003242857144,8.3671086,0.03600193476044356,142.85714285714286,1,8.354142857142858,8.378,8.354142857142858,8.378,
LINKUSDT,static,حكم,cycle,2026-07-19 10:01:00+00:00,2026-07-19 10:44:00+00:00,8.341115085714288,8.343282471428573,0.03716877682613236,142.85714285714286,1,8.330285714285715,8.354142857142858,8.330285714285715,8.354142857142858,
LINKUSDT,static,حكم,cycle,2026-07-19 09:17:00+00:00,2026-07-19 10:48:00+00:00,8.365003242857144,8.3671086,0.03600193476044356,142.85714285714286,1,8.354142857142858,8.378,8.354142857142858,8.378,
LINKUSDT,static,حكم,cycle,2026-07-19 12:09:00+00:00,2026-07-19 12:20:00+00:00,8.341115085714288,8.343282471428573,0.03716877682613236,142.85714285714286,1,8.330285714285715,8.354142857142858,8.330285714285715,8.354142857142858,
LINKUSDT,static,حكم,cycle,2026-07-19 13:03:00+00:00,2026-07-19 14:04:00+00:00,8.341115085714288,8.343282471428573,0.03716877682613236,142.85714285714286,1,8.330285714285715,8.354142857142858,8.330285714285715,8.354142857142858,
LINKUSDT,static,حكم,cycle,2026-07-19 14:26:00+00:00,2026-07-19 14:33:00+00:00,8.341115085714288,8.343282471428573,0.03716877682613236,142.85714285714286,1,8.330285714285715,8.354142857142858,8.330285714285715,8.354142857142858,
LINKUSDT,static,حكم,cycle,2026-07-19 12:00:00+00:00,2026-07-19 14:47:00+00:00,8.365003242857144,8.3671086,0.03600193476044356,142.85714285714286,1,8.354142857142858,8.378,8.354142857142858,8.378,
LINKUSDT,static,حكم,cycle,2026-07-19 15:22:00+00:00,2026-07-19 16:05:00+00:00,8.365003242857144,8.3671086,0.03600193476044356,142.85714285714286,1,8.354142857142858,8.378,8.354142857142858,8.378,
LINKUSDT,static,حكم,cycle,2026-07-19 17:01:00+00:00,2026-07-19 17:02:00+00:00,8.31722692857143,8.319456342857144,0.03834232153607157,142.85714285714286,1,8.306428571428572,8.330285714285715,8.306428571428572,8.330285714285715,
LINKUSDT,static,حكم,cycle,2026-07-19 17:01:00+00:00,2026-07-19 17:06:00+00:00,8.341115085714288,8.343282471428573,0.03716877682613236,142.85714285714286,1,8.330285714285715,8.354142857142858,8.330285714285715,8.354142857142858,
LINKUSDT,static,حكم,cycle,2026-07-19 18:08:00+00:00,2026-07-19 19:58:00+00:00,8.31722692857143,8.319456342857144,0.03834232153607157,142.85714285714286,1,8.306428571428572,8.330285714285715,8.306428571428572,8.330285714285715,
LINKUSDT,static,حكم,cycle,2026-07-19 18:02:00+00:00,2026-07-19 20:02:00+00:00,8.341115085714288,8.343282471428573,0.03716877682613236,142.85714285714286,1,8.330285714285715,8.354142857142858,8.330285714285715,8.354142857142858,
LINKUSDT,static,حكم,cycle,2026-07-19 16:07:00+00:00,2026-07-19 21:04:00+00:00,8.365003242857144,8.3671086,0.03600193476044356,142.85714285714286,1,8.354142857142858,8.378,8.354142857142858,8.378,
LINKUSDT,static,حكم,cycle,2026-07-19 21:56:00+00:00,2026-07-19 22:01:00+00:00,8.341115085714288,8.343282471428573,0.03716877682613236,142.85714285714286,1,8.330285714285715,8.354142857142858,8.330285714285715,8.354142857142858,
LINKUSDT,static,حكم,cycle,2026-07-19 22:06:00+00:00,2026-07-19 22:10:00+00:00,8.341115085714288,8.343282471428573,0.03716877682613236,142.85714285714286,1,8.330285714285715,8.354142857142858,8.330285714285715,8.354142857142858,
LINKUSDT,static,حكم,cycle,2026-07-19 21:20:00+00:00,2026-07-19 22:15:00+00:00,8.365003242857144,8.3671086,0.03600193476044356,142.85714285714286,1,8.354142857142858,8.378,8.354142857142858,8.378,
LINKUSDT,static,حكم,cycle,2026-07-19 23:00:00+00:00,2026-07-19 23:34:00+00:00,8.365003242857144,8.3671086,0.03600193476044356,142.85714285714286,1,8.354142857142858,8.378,8.354142857142858,8.378,
LINKUSDT,static,حكم,cycle,2026-07-20 05:13:00+00:00,2026-07-20 05:14:00+00:00,8.341115085714288,8.353126800000002,0.2059904356858682,142.85714285714286,1,8.330285714285715,8.364,8.330285714285715,8.354142857142858,
LINKUSDT,static,حكم,cycle,2026-07-20 05:12:00+00:00,2026-07-20 05:19:00+00:00,8.365003242857144,8.3671086,0.03600193476044356,142.85714285714286,1,8.354142857142858,8.378,8.354142857142858,8.378,
LINKUSDT,static,حكم,cycle,2026-07-20 05:34:00+00:00,2026-07-20 06:20:00+00:00,8.341115085714288,8.343282471428573,0.03716877682613236,142.85714285714286,1,8.330285714285715,8.354142857142858,8.330285714285715,8.354142857142858,
LINKUSDT,static,حكم,cycle,2026-07-20 06:36:00+00:00,2026-07-20 07:22:00+00:00,8.31722692857143,8.319456342857144,0.03834232153607157,142.85714285714286,1,8.306428571428572,8.330285714285715,8.306428571428572,8.330285714285715,
LINKUSDT,static,حكم,cycle,2026-07-20 06:33:00+00:00,2026-07-20 07:30:00+00:00,8.341115085714288,8.343282471428573,0.03716877682613236,142.85714285714286,1,8.330285714285715,8.354142857142858,8.330285714285715,8.354142857142858,
LINKUSDT,static,حكم,cycle,2026-07-20 05:22:00+00:00,2026-07-20 08:17:00+00:00,8.365003242857144,8.3671086,0.03600193476044356,142.85714285714286,1,8.354142857142858,8.378,8.354142857142858,8.378,
LINKUSDT,static,حكم,cycle,2026-07-20 08:37:00+00:00,2026-07-20 08:49:00+00:00,8.31722692857143,8.319456342857144,0.03834232153607157,142.85714285714286,1,8.306428571428572,8.330285714285715,8.306428571428572,8.330285714285715,
LINKUSDT,static,حكم,cycle,2026-07-20 08:36:00+00:00,2026-07-20 09:25:00+00:00,8.341115085714288,8.343282471428573,0.03716877682613236,142.85714285714286,1,8.330285714285715,8.354142857142858,8.330285714285715,8.354142857142858,
LINKUSDT,static,حكم,cycle,2026-07-20 08:23:00+00:00,2026-07-20 09:33:00+00:00,8.365003242857144,8.3671086,0.03600193476044356,142.85714285714286,1,8.354142857142858,8.378,8.354142857142858,8.378,
LINKUSDT,static,حكم,cycle,2026-07-20 13:57:00+00:00,2026-07-20 14:02:00+00:00,8.365003242857144,8.3671086,0.03600193476044356,142.85714285714286,1,8.354142857142858,8.378,8.354142857142858,8.378,
LINKUSDT,static,حكم,cycle,2026-07-20 14:17:00+00:00,2026-07-20 14:25:00+00:00,8.341115085714288,8.343282471428573,0.03716877682613236,142.85714285714286,1,8.330285714285715,8.354142857142858,8.330285714285715,8.354142857142858,
LINKUSDT,static,حكم,cycle,2026-07-20 14:12:00+00:00,2026-07-20 14:27:00+00:00,8.365003242857144,8.3671086,0.03600193476044356,142.85714285714286,1,8.354142857142858,8.378,8.354142857142858,8.378,
LINKUSDT,static,حكم,cycle,2026-07-20 14:38:00+00:00,2026-07-20 14:46:00+00:00,8.365003242857144,8.3671086,0.03600193476044356,142.85714285714286,1,8.354142857142858,8.378,8.354142857142858,8.378,
LINKUSDT,static,حكم,cycle,2026-07-20 14:48:00+00:00,2026-07-20 15:00:00+00:00,8.365003242857144,8.3671086,0.03600193476044356,142.85714285714286,1,8.354142857142858,8.378,8.354142857142858,8.378,
PEPEUSDT,static,حكم,cycle,2024-06-23 00:01:00+00:00,2024-06-23 00:05:00+00:00,1.1374768e-05,1.1415141e-05,0.5077087525150901,142.85714285714286,1,1.136e-05,1.143e-05,1.136e-05,1.143e-05,
PEPEUSDT,static,حكم,cycle,2024-06-23 00:00:00+00:00,2024-06-23 00:16:00+00:00,1.1444859000000002e-05,1.1485050000000001e-05,0.5023247094113079,142.85714285714286,1,1.143e-05,1.15e-05,1.143e-05,1.15e-05,
PEPEUSDT,static,حكم,cycle,2024-06-23 00:00:00+00:00,2024-06-23 00:21:00+00:00,1.1444859000000002e-05,1.1554959000000002e-05,1.367701863354027,141.98757763975158,1,1.143e-05,1.1570000000000001e-05,1.15e-05,1.1570000000000001e-05,
PEPEUSDT,static,حكم,cycle,2024-06-23 00:00:00+00:00,2024-06-23 00:31:00+00:00,1.1444859000000002e-05,1.1624868e-05,2.222607729349276,141.12853438696135,1,1.143e-05,1.164e-05,1.1570000000000001e-05,1.164e-05,
PEPEUSDT,static,حكم,cycle,2024-06-23 10:11:00+00:00,2024-06-23 10:33:00+00:00,1.151495e-05,1.1554959000000002e-05,0.4970062111801357,142.85714285714286,1,1.15e-05,1.1570000000000001e-05,1.15e-05,1.1570000000000001e-05,
PEPEUSDT,static,حكم,cycle,2024-06-23 10:46:00+00:00,2024-06-23 11:57:00+00:00,1.151495e-05,1.1554959000000002e-05,0.4970062111801357,142.85714285714286,1,1.15e-05,1.1570000000000001e-05,1.15e-05,1.1570000000000001e-05,
PEPEUSDT,static,حكم,cycle,2024-06-23 12:15:00+00:00,2024-06-23 12:29:00+00:00,1.151495e-05,1.1554959000000002e-05,0.4970062111801357,142.85714285714286,1,1.15e-05,1.1570000000000001e-05,1.15e-05,1.1570000000000001e-05,
PEPEUSDT,static,حكم,cycle,2024-06-23 09:45:00+00:00,2024-06-23 13:02:00+00:00,1.1585041000000002e-05,1.1624868e-05,0.49175206815653805,142.85714285714286,1,1.1570000000000001e-05,1.164e-05,1.1570000000000001e-05,1.164e-05,
PEPEUSDT,static,حكم,cycle,2024-06-23 14:16:00+00:00,2024-06-23 14:31:00+00:00,1.1374768e-05,1.1415141e-05,0.5077087525150901,142.85714285714286,1,1.136e-05,1.143e-05,1.136e-05,1.143e-05,
PEPEUSDT,static,حكم,flatten,2024-06-23 16:51:00+00:00,2024-06-23 22:28:00+00:00,1.1164495000000001e-05,1.0912794900000001e-05,-3.2248571428571378,142.85714285714286,1,1.115e-05,1.0927e-05,1.115e-05,1.122e-05,
PEPEUSDT,static,حكم,flatten,2024-06-23 15:47:00+00:00,2024-06-23 22:28:00+00:00,1.1234586000000001e-05,1.0912794900000001e-05,-4.097161955691361,142.85714285714286,1,1.122e-05,1.0927e-05,1.122e-05,1.129e-05,
PEPEUSDT,static,حكم,flatten,2024-06-23 15:02:00+00:00,2024-06-23 22:28:00+00:00,1.1304677e-05,1.0912794900000001e-05,-4.958649879792477,142.85714285714286,1,1.129e-05,1.0927e-05,1.129e-05,1.136e-05,
PEPEUSDT,static,حكم,flatten,2024-06-23 14:49:00+00:00,2024-06-23 22:28:00+00:00,1.1374768e-05,1.0912794900000001e-05,-5.8095208752515015,142.85714285714286,1,1.136e-05,1.0927e-05,1.136e-05,1.143e-05,
PEPEUSDT,static,حكم,flatten,2024-06-23 13:45:00+00:00,2024-06-23 22:28:00+00:00,1.1444859000000002e-05,1.0912794900000001e-05,-6.6499700037495435,142.85714285714286,1,1.143e-05,1.0927e-05,1.143e-05,1.15e-05,
PEPEUSDT,static,حكم,flatten,2024-06-23 13:22:00+00:00,2024-06-23 22:28:00+00:00,1.151495e-05,1.0912794900000001e-05,-7.480187577639743,142.85714285714286,1,1.15e-05,1.0927e-05,1.15e-05,1.1570000000000001e-05,
PEPEUSDT,static,حكم,flatten,2024-06-23 13:13:00+00:00,2024-06-23 22:28:00+00:00,1.1585041000000002e-05,1.0912794900000001e-05,-8.300359303617741,142.85714285714286,1,1.1570000000000001e-05,1.0927e-05,1.1570000000000001e-05,1.164e-05,
PEPEUSDT,static,حكم,cycle,2025-07-13 00:00:00+00:00,2025-07-13 01:39:00+00:00,1.226735542857143e-05,1.2338225142857143e-05,0.8263726012793048,142.85714285714286,1,1.2251428571428571e-05,1.2354285714285714e-05,1.2251428571428571e-05,1.2354285714285714e-05,
PEPEUSDT,static,حكم,cycle,2025-07-13 02:16:00+00:00,2025-07-13 02:55:00+00:00,1.226735542857143e-05,1.2338225142857143e-05,0.8263726012793048,142.85714285714286,1,1.2251428571428571e-05,1.2354285714285714e-05,1.2251428571428571e-05,1.2354285714285714e-05,
PEPEUSDT,static,حكم,cycle,2025-07-13 04:30:00+00:00,2025-07-13 04:48:00+00:00,1.226735542857143e-05,1.2338225142857143e-05,0.8263726012793048,142.85714285714286,1,1.2251428571428571e-05,1.2354285714285714e-05,1.2251428571428571e-05,1.2354285714285714e-05,
PEPEUSDT,static,حكم,cycle,2025-07-13 08:46:00+00:00,2025-07-13 11:09:00+00:00,1.2164364571428574e-05,1.2235501714285714e-05,0.8365139094207538,142.85714285714286,1,1.2148571428571429e-05,1.2251428571428571e-05,1.2148571428571429e-05,1.2251428571428571e-05,
PEPEUSDT,static,حكم,cycle,2025-07-13 06:54:00+00:00,2025-07-13 11:55:00+00:00,1.226735542857143e-05,1.2338225142857143e-05,0.8263726012793048,142.85714285714286,1,1.2251428571428571e-05,1.2354285714285714e-05,1.2251428571428571e-05,1.2354285714285714e-05,
PEPEUSDT,static,حكم,cycle,2025-07-13 00:00:00+00:00,2025-07-13 12:50:00+00:00,1.2255912e-05,1.2440948571428573e-05,2.1396458305801684,141.53561517113783,1,1.224e-05,1.2457142857142858e-05,1.2354285714285714e-05,1.2457142857142858e-05,
PEPEUSDT,static,حكم,cycle,2025-07-13 13:08:00+00:00,2025-07-13 14:18:00+00:00,1.2370346285714286e-05,1.2440948571428573e-05,0.8164001585833389,142.85714285714286,1,1.2354285714285714e-05,1.2457142857142858e-05,1.2354285714285714e-05,1.2457142857142858e-05,
PEPEUSDT,static,حكم,cycle,2025-07-13 00:00:00+00:00,2025-07-13 14:20:00+00:00,1.2255912e-05,1.2543672e-05,3.299999999999997,140.36697247706422,1,1.224e-05,1.256e-05,1.2457142857142858e-05,1.256e-05,
PEPEUSDT,static,حكم,cycle,2025-07-13 14:50:00+00:00,2025-07-13 15:09:00+00:00,1.2370346285714286e-05,1.2440948571428573e-05,0.8164001585833389,142.85714285714286,1,1.2354285714285714e-05,1.2457142857142858e-05,1.2354285714285714e-05,1.2457142857142858e-05,
PEPEUSDT,static,حكم,cycle,2025-07-13 15:37:00+00:00,2025-07-13 16:22:00+00:00,1.2370346285714286e-05,1.2440948571428573e-05,0.8164001585833389,142.85714285714286,1,1.2354285714285714e-05,1.2457142857142858e-05,1.2354285714285714e-05,1.2457142857142858e-05,
PEPEUSDT,static,حكم,cycle,2025-07-13 16:50:00+00:00,2025-07-13 17:33:00+00:00,1.226735542857143e-05,1.2338225142857143e-05,0.8263726012793048,142.85714285714286,1,1.2251428571428571e-05,1.2354285714285714e-05,1.2251428571428571e-05,1.2354285714285714e-05,
PEPEUSDT,static,حكم,cycle,2025-07-13 16:30:00+00:00,2025-07-13 18:20:00+00:00,1.2370346285714286e-05,1.2440948571428573e-05,0.8164001585833389,142.85714285714286,1,1.2354285714285714e-05,1.2457142857142858e-05,1.2354285714285714e-05,1.2457142857142858e-05,
PEPEUSDT,static,حكم,cycle,2025-07-13 14:44:00+00:00,2025-07-13 18:26:00+00:00,1.2473337142857144e-05,1.2543672e-05,0.8065923984272482,142.85714285714286,1,1.2457142857142858e-05,1.256e-05,1.2457142857142858e-05,1.256e-05,
PEPEUSDT,static,حكم,cycle,2025-07-13 20:00:00+00:00,2025-07-13 20:18:00+00:00,1.2473337142857144e-05,1.2543672e-05,0.8065923984272482,142.85714285714286,1,1.2457142857142858e-05,1.256e-05,1.2457142857142858e-05,1.256e-05,
PEPEUSDT,static,حكم,cycle,2025-07-13 21:38:00+00:00,2025-07-13 21:49:00+00:00,1.226735542857143e-05,1.2338225142857143e-05,0.8263726012793048,142.85714285714286,1,1.2251428571428571e-05,1.2354285714285714e-05,1.2251428571428571e-05,1.2354285714285714e-05,
PEPEUSDT,static,حكم,cycle,2025-07-13 22:18:00+00:00,2025-07-13 22:36:00+00:00,1.2164364571428574e-05,1.2235501714285714e-05,0.8365139094207538,142.85714285714286,1,1.2148571428571429e-05,1.2251428571428571e-05,1.2148571428571429e-05,1.2251428571428571e-05,
PEPEUSDT,static,حكم,cycle,2025-07-13 21:59:00+00:00,2025-07-14 00:23:00+00:00,1.226735542857143e-05,1.2338225142857143e-05,0.8263726012793048,142.85714285714286,1,1.2251428571428571e-05,1.2354285714285714e-05,1.2251428571428571e-05,1.2354285714285714e-05,
PEPEUSDT,static,حكم,cycle,2025-07-13 21:34:00+00:00,2025-07-14 00:25:00+00:00,1.2370346285714286e-05,1.2440948571428573e-05,0.8164001585833389,142.85714285714286,1,1.2354285714285714e-05,1.2457142857142858e-05,1.2354285714285714e-05,1.2457142857142858e-05,
PEPEUSDT,static,حكم,cycle,2025-07-14 01:29:00+00:00,2025-07-14 01:38:00+00:00,1.226735542857143e-05,1.2338225142857143e-05,0.8263726012793048,142.85714285714286,1,1.2251428571428571e-05,1.2354285714285714e-05,1.2251428571428571e-05,1.2354285714285714e-05,
PEPEUSDT,static,حكم,cycle,2025-07-14 01:01:00+00:00,2025-07-14 02:12:00+00:00,1.2370346285714286e-05,1.2440948571428573e-05,0.8164001585833389,142.85714285714286,1,1.2354285714285714e-05,1.2457142857142858e-05,1.2354285714285714e-05,1.2457142857142858e-05,
PEPEUSDT,static,حكم,cycle,2025-07-13 21:07:00+00:00,2025-07-14 02:25:00+00:00,1.2473337142857144e-05,1.2543672e-05,0.8065923984272482,142.85714285714286,1,1.2457142857142858e-05,1.256e-05,1.2457142857142858e-05,1.256e-05,
PEPEUSDT,static,حكم,cycle,2025-08-19 00:31:00+00:00,2025-08-19 00:45:00+00:00,1.0648110285714287e-05,1.0704637285714286e-05,0.7593632455668868,142.85714285714286,1,1.0634285714285715e-05,1.0718571428571429e-05,1.0634285714285715e-05,1.0718571428571429e-05,
PEPEUSDT,static,حكم,cycle,2025-08-19 00:00:00+00:00,2025-08-19 00:56:00+00:00,1.0693884e-05,1.0788813428571429e-05,1.2652196264351334,142.34306277489003,1,1.068e-05,1.0802857142857143e-05,1.0718571428571429e-05,1.0802857142857143e-05,
PEPEUSDT,static,حكم,cycle,2025-08-19 03:42:00+00:00,2025-08-19 09:32:00+00:00,1.0563715000000001e-05,1.0620461142857144e-05,0.7683973304961791,142.85714285714286,1,1.055e-05,1.0634285714285715e-05,1.055e-05,1.0634285714285715e-05,
PEPEUSDT,static,حكم,cycle,2025-08-19 03:06:00+00:00,2025-08-19 10:39:00+00:00,1.0648110285714287e-05,1.0704637285714286e-05,0.7593632455668868,142.85714285714286,1,1.0634285714285715e-05,1.0718571428571429e-05,1.0634285714285715e-05,1.0718571428571429e-05,
PEPEUSDT,static,حكم,cycle,2025-08-19 01:33:00+00:00,2025-08-19 13:26:00+00:00,1.0732505571428573e-05,1.0788813428571429e-05,0.7504712400753738,142.85714285714286,1,1.0718571428571429e-05,1.0802857142857143e-05,1.0718571428571429e-05,1.0802857142857143e-05,
PEPEUSDT,static,حكم,cycle,2025-08-19 13:46:00+00:00,2025-08-19 13:53:00+00:00,1.0648110285714287e-05,1.0704637285714286e-05,0.7593632455668868,142.85714285714286,1,1.0634285714285715e-05,1.0718571428571429e-05,1.0634285714285715e-05,1.0718571428571429e-05,
PEPEUSDT,static,حكم,flatten,2025-08-19 14:27:00+00:00,2025-08-19 16:39:00+00:00,1.0563715000000001e-05,1.0325559300000001e-05,-3.2248571428571475,142.85714285714286,1,1.055e-05,1.0339e-05,1.055e-05,1.0634285714285715e-05,
PEPEUSDT,static,حكم,flatten,2025-08-19 14:17:00+00:00,2025-08-19 16:39:00+00:00,1.0648110285714287e-05,1.0325559300000001e-05,-4.333033123512714,142.85714285714286,1,1.0634285714285715e-05,1.0339e-05,1.0634285714285715e-05,1.0718571428571429e-05,
PEPEUSDT,static,حكم,flatten,2025-08-19 13:33:00+00:00,2025-08-19 16:39:00+00:00,1.0732505571428573e-05,1.0325559300000001e-05,-5.423780773404938,142.85714285714286,1,1.0718571428571429e-05,1.0339e-05,1.0718571428571429e-05,1.0802857142857143e-05,
PEPEUSDT,static,حكم,flatten,2025-08-19 00:00:00+00:00,2025-08-19 16:39:00+00:00,1.0693884e-05,1.0325559300000001e-05,-4.870731288019039,141.23247818037555,1,1.068e-05,1.0339e-05,1.0802857142857143e-05,1.0887142857142857e-05,
PEPEUSDT,static,حكم,flatten,2025-08-19 00:00:00+00:00,2025-08-19 16:39:00+00:00,1.0693884e-05,1.0325559300000001e-05,-4.833023225298514,140.1390893583519,1,1.068e-05,1.0339e-05,1.0887142857142857e-05,1.0971428571428572e-05,
PEPEUSDT,static,حكم,flatten,2025-08-19 00:00:00+00:00,2025-08-19 16:39:00+00:00,1.0693884e-05,1.0325559300000001e-05,-4.7958945312499965,139.0625,1,1.068e-05,1.0339e-05,1.0971428571428572e-05,1.1055714285714286e-05,
PEPEUSDT,static,حكم,flatten,2025-08-19 00:00:00+00:00,2025-08-19 16:39:00+00:00,1.0693884e-05,1.0325559300000001e-05,-4.7593319550329465,138.00232588189687,1,1.068e-05,1.0339e-05,1.1055714285714286e-05,1.114e-05,
PEPEUSDT,static,حكم,cycle,2026-08-10 00:00:00+00:00,2026-08-10 00:09:00+00:00,2.878022285714286e-06,2.8876697142857143e-06,0.4794944618006115,142.85714285714286,1,2.874285714285714e-06,2.8914285714285715e-06,2.874285714285714e-06,2.8914285714285715e-06,
PEPEUSDT,static,حكم,cycle,2026-08-10 00:00:00+00:00,2026-08-10 00:10:00+00:00,2.8837440000000004e-06,2.904790285714286e-06,1.0398362507058045,142.29249011857706,1,2.88e-06,2.9085714285714284e-06,2.8914285714285715e-06,2.9085714285714284e-06,
PEPEUSDT,static,حكم,cycle,2026-08-10 00:21:00+00:00,2026-08-10 00:22:00+00:00,2.8951874285714287e-06,2.904790285714286e-06,0.47444946357989903,142.85714285714286,1,2.8914285714285715e-06,2.9085714285714284e-06,2.8914285714285715e-06,2.9085714285714284e-06,
PEPEUSDT,static,حكم,cycle,2026-08-10 00:23:00+00:00,2026-08-10 00:33:00+00:00,2.8951874285714287e-06,2.904790285714286e-06,0.47444946357989903,142.85714285714286,1,2.8914285714285715e-06,2.9085714285714284e-06,2.8914285714285715e-06,2.9085714285714284e-06,
PEPEUSDT,static,حكم,cycle,2026-08-10 00:34:00+00:00,2026-08-10 00:35:00+00:00,2.8951874285714287e-06,2.904790285714286e-06,0.47444946357989903,142.85714285714286,1,2.8914285714285715e-06,2.9085714285714284e-06,2.8914285714285715e-06,2.9085714285714284e-06,
PEPEUSDT,static,حكم,cycle,2026-08-10 00:36:00+00:00,2026-08-10 00:51:00+00:00,2.8951874285714287e-06,2.904790285714286e-06,0.47444946357989903,142.85714285714286,1,2.8914285714285715e-06,2.9085714285714284e-06,2.8914285714285715e-06,2.9085714285714284e-06,
PEPEUSDT,static,حكم,cycle,2026-08-10 00:59:00+00:00,2026-08-10 01:01:00+00:00,2.8951874285714287e-06,2.904790285714286e-06,0.47444946357989903,142.85714285714286,1,2.8914285714285715e-06,2.9085714285714284e-06,2.8914285714285715e-06,2.9085714285714284e-06,
PEPEUSDT,static,حكم,cycle,2026-08-10 01:05:00+00:00,2026-08-10 01:14:00+00:00,2.8951874285714287e-06,2.904790285714286e-06,0.47444946357989903,142.85714285714286,1,2.8914285714285715e-06,2.9085714285714284e-06,2.8914285714285715e-06,2.9085714285714284e-06,
PEPEUSDT,static,حكم,cycle,2026-08-10 01:29:00+00:00,2026-08-10 01:30:00+00:00,2.8951874285714287e-06,2.904790285714286e-06,0.47444946357989903,142.85714285714286,1,2.8914285714285715e-06,2.9085714285714284e-06,2.8914285714285715e-06,2.9085714285714284e-06,
PEPEUSDT,static,حكم,cycle,2026-08-10 01:31:00+00:00,2026-08-10 01:42:00+00:00,2.8951874285714287e-06,2.904790285714286e-06,0.47444946357989903,142.85714285714286,1,2.8914285714285715e-06,2.9085714285714284e-06,2.8914285714285715e-06,2.9085714285714284e-06,
PEPEUSDT,static,حكم,cycle,2026-08-10 00:00:00+00:00,2026-08-10 01:49:00+00:00,2.8837440000000004e-06,2.9219108571428574e-06,1.8746000561324678,141.4538310412574,1,2.88e-06,2.9257142857142858e-06,2.9085714285714284e-06,2.9257142857142858e-06,
PEPEUSDT,static,حكم,cycle,2026-08-10 02:17:00+00:00,2026-08-10 02:43:00+00:00,2.8951874285714287e-06,2.904790285714286e-06,0.47444946357989903,142.85714285714286,1,2.8914285714285715e-06,2.9085714285714284e-06,2.8914285714285715e-06,2.9085714285714284e-06,
PEPEUSDT,static,حكم,cycle,2026-08-10 02:49:00+00:00,2026-08-10 02:52:00+00:00,2.8951874285714287e-06,2.904790285714286e-06,0.47444946357989903,142.85714285714286,1,2.8914285714285715e-06,2.9085714285714284e-06,2.8914285714285715e-06,2.9085714285714284e-06,
PEPEUSDT,static,حكم,cycle,2026-08-10 03:13:00+00:00,2026-08-10 03:18:00+00:00,2.8951874285714287e-06,2.904790285714286e-06,0.47444946357989903,142.85714285714286,1,2.8914285714285715e-06,2.9085714285714284e-06,2.8914285714285715e-06,2.9085714285714284e-06,
PEPEUSDT,static,حكم,cycle,2026-08-10 03:29:00+00:00,2026-08-10 03:34:00+00:00,2.8951874285714287e-06,2.904790285714286e-06,0.47444946357989903,142.85714285714286,1,2.8914285714285715e-06,2.9085714285714284e-06,2.8914285714285715e-06,2.9085714285714284e-06,
PEPEUSDT,static,حكم,cycle,2026-08-10 03:44:00+00:00,2026-08-10 04:14:00+00:00,2.8951874285714287e-06,2.904790285714286e-06,0.47444946357989903,142.85714285714286,1,2.8914285714285715e-06,2.9085714285714284e-06,2.8914285714285715e-06,2.9085714285714284e-06,
PEPEUSDT,static,حكم,cycle,2026-08-10 04:22:00+00:00,2026-08-10 05:37:00+00:00,2.8951874285714287e-06,2.904790285714286e-06,0.47444946357989903,142.85714285714286,1,2.8914285714285715e-06,2.9085714285714284e-06,2.8914285714285715e-06,2.9085714285714284e-06,
PEPEUSDT,static,حكم,cycle,2026-08-10 05:50:00+00:00,2026-08-10 05:53:00+00:00,2.8951874285714287e-06,2.904790285714286e-06,0.47444946357989903,142.85714285714286,1,2.8914285714285715e-06,2.9085714285714284e-06,2.8914285714285715e-06,2.9085714285714284e-06,
PEPEUSDT,static,حكم,cycle,2026-08-10 06:09:00+00:00,2026-08-10 06:10:00+00:00,2.8951874285714287e-06,2.904790285714286e-06,0.47444946357989903,142.85714285714286,1,2.8914285714285715e-06,2.9085714285714284e-06,2.8914285714285715e-06,2.9085714285714284e-06,
PEPEUSDT,static,حكم,cycle,2026-08-10 06:11:00+00:00,2026-08-10 06:12:00+00:00,2.8951874285714287e-06,2.904790285714286e-06,0.47444946357989903,142.85714285714286,1,2.8914285714285715e-06,2.9085714285714284e-06,2.8914285714285715e-06,2.9085714285714284e-06,
PEPEUSDT,static,حكم,cycle,2026-08-10 06:15:00+00:00,2026-08-10 06:16:00+00:00,2.8951874285714287e-06,2.904790285714286e-06,0.47444946357989903,142.85714285714286,1,2.8914285714285715e-06,2.9085714285714284e-06,2.8914285714285715e-06,2.9085714285714284e-06,
PEPEUSDT,static,حكم,cycle,2026-08-10 06:28:00+00:00,2026-08-10 06:30:00+00:00,2.8951874285714287e-06,2.904790285714286e-06,0.47444946357989903,142.85714285714286,1,2.8914285714285715e-06,2.9085714285714284e-06,2.8914285714285715e-06,2.9085714285714284e-06,
PEPEUSDT,static,حكم,cycle,2026-08-10 06:49:00+00:00,2026-08-10 06:50:00+00:00,2.8951874285714287e-06,2.904790285714286e-06,0.47444946357989903,142.85714285714286,1,2.8914285714285715e-06,2.9085714285714284e-06,2.8914285714285715e-06,2.9085714285714284e-06,
PEPEUSDT,static,حكم,cycle,2026-08-10 06:51:00+00:00,2026-08-10 06:53:00+00:00,2.8951874285714287e-06,2.904790285714286e-06,0.47444946357989903,142.85714285714286,1,2.8914285714285715e-06,2.9085714285714284e-06,2.8914285714285715e-06,2.9085714285714284e-06,
PEPEUSDT,static,حكم,cycle,2026-08-10 07:08:00+00:00,2026-08-10 07:09:00+00:00,2.8951874285714287e-06,2.904790285714286e-06,0.47444946357989903,142.85714285714286,1,2.8914285714285715e-06,2.9085714285714284e-06,2.8914285714285715e-06,2.9085714285714284e-06,
PEPEUSDT,static,حكم,cycle,2026-08-10 07:10:00+00:00,2026-08-10 07:19:00+00:00,2.8951874285714287e-06,2.904790285714286e-06,0.47444946357989903,142.85714285714286,1,2.8914285714285715e-06,2.9085714285714284e-06,2.8914285714285715e-06,2.9085714285714284e-06,
PEPEUSDT,static,حكم,cycle,2026-08-10 07:20:00+00:00,2026-08-10 07:21:00+00:00,2.8951874285714287e-06,2.904790285714286e-06,0.47444946357989903,142.85714285714286,1,2.8914285714285715e-06,2.9085714285714284e-06,2.8914285714285715e-06,2.9085714285714284e-06,
PEPEUSDT,static,حكم,cycle,2026-08-10 07:25:00+00:00,2026-08-10 07:28:00+00:00,2.8951874285714287e-06,2.904790285714286e-06,0.47444946357989903,142.85714285714286,1,2.8914285714285715e-06,2.9085714285714284e-06,2.8914285714285715e-06,2.9085714285714284e-06,
PEPEUSDT,static,حكم,cycle,2026-08-10 07:29:00+00:00,2026-08-10 07:30:00+00:00,2.8951874285714287e-06,2.904790285714286e-06,0.47444946357989903,142.85714285714286,1,2.8914285714285715e-06,2.9085714285714284e-06,2.8914285714285715e-06,2.9085714285714284e-06,
PEPEUSDT,static,حكم,cycle,2026-08-10 07:42:00+00:00,2026-08-10 08:52:00+00:00,2.8951874285714287e-06,2.904790285714286e-06,0.47444946357989903,142.85714285714286,1,2.8914285714285715e-06,2.9085714285714284e-06,2.8914285714285715e-06,2.9085714285714284e-06,
PEPEUSDT,static,حكم,cycle,2026-08-10 08:53:00+00:00,2026-08-10 08:56:00+00:00,2.8951874285714287e-06,2.904790285714286e-06,0.47444946357989903,142.85714285714286,1,2.8914285714285715e-06,2.9085714285714284e-06,2.8914285714285715e-06,2.9085714285714284e-06,
PEPEUSDT,static,حكم,cycle,2026-08-10 09:33:00+00:00,2026-08-10 11:57:00+00:00,2.878022285714286e-06,2.8876697142857143e-06,0.4794944618006115,142.85714285714286,1,2.874285714285714e-06,2.8914285714285715e-06,2.874285714285714e-06,2.8914285714285715e-06,
PEPEUSDT,static,حكم,cycle,2026-08-10 09:01:00+00:00,2026-08-10 12:02:00+00:00,2.8951874285714287e-06,2.904790285714286e-06,0.47444946357989903,142.85714285714286,1,2.8914285714285715e-06,2.9085714285714284e-06,2.8914285714285715e-06,2.9085714285714284e-06,
PEPEUSDT,static,حكم,cycle,2026-08-10 12:03:00+00:00,2026-08-10 12:04:00+00:00,2.8951874285714287e-06,2.904790285714286e-06,0.47444946357989903,142.85714285714286,1,2.8914285714285715e-06,2.9085714285714284e-06,2.8914285714285715e-06,2.9085714285714284e-06,
PEPEUSDT,static,حكم,cycle,2026-08-10 12:06:00+00:00,2026-08-10 12:07:00+00:00,2.8951874285714287e-06,2.904790285714286e-06,0.47444946357989903,142.85714285714286,1,2.8914285714285715e-06,2.9085714285714284e-06,2.8914285714285715e-06,2.9085714285714284e-06,
PEPEUSDT,static,حكم,cycle,2026-08-10 12:08:00+00:00,2026-08-10 12:10:00+00:00,2.8951874285714287e-06,2.904790285714286e-06,0.47444946357989903,142.85714285714286,1,2.8914285714285715e-06,2.9085714285714284e-06,2.8914285714285715e-06,2.9085714285714284e-06,
PEPEUSDT,static,حكم,cycle,2026-08-10 12:11:00+00:00,2026-08-10 12:12:00+00:00,2.8951874285714287e-06,2.904790285714286e-06,0.47444946357989903,142.85714285714286,1,2.8914285714285715e-06,2.9085714285714284e-06,2.8914285714285715e-06,2.9085714285714284e-06,
PEPEUSDT,static,حكم,cycle,2026-08-10 12:51:00+00:00,2026-08-10 14:01:00+00:00,2.878022285714286e-06,2.8876697142857143e-06,0.4794944618006115,142.85714285714286,1,2.874285714285714e-06,2.8914285714285715e-06,2.874285714285714e-06,2.8914285714285715e-06,
PEPEUSDT,static,حكم,cycle,2026-08-10 15:25:00+00:00,2026-08-10 15:26:00+00:00,2.843692e-06,2.8534285714285716e-06,0.48976717447542467,142.85714285714286,1,2.84e-06,2.8571428571428573e-06,2.84e-06,2.8571428571428573e-06,
PEPEUSDT,static,حكم,cycle,2026-08-10 15:13:00+00:00,2026-08-10 15:42:00+00:00,2.8608571428571433e-06,2.8705491428571428e-06,0.48459999999997244,142.85714285714286,1,2.8571428571428573e-06,2.874285714285714e-06,2.8571428571428573e-06,2.874285714285714e-06,
PEPEUSDT,static,حكم,cycle,2026-08-10 16:34:00+00:00,2026-08-10 16:39:00+00:00,2.8608571428571433e-06,2.8705491428571428e-06,0.48459999999997244,142.85714285714286,1,2.8571428571428573e-06,2.874285714285714e-06,2.8571428571428573e-06,2.874285714285714e-06,
PEPEUSDT,static,حكم,cycle,2026-08-10 16:58:00+00:00,2026-08-10 17:15:00+00:00,2.8608571428571433e-06,2.8705491428571428e-06,0.48459999999997244,142.85714285714286,1,2.8571428571428573e-06,2.874285714285714e-06,2.8571428571428573e-06,2.874285714285714e-06,
PEPEUSDT,static,حكم,cycle,2026-08-10 18:04:00+00:00,2026-08-10 18:25:00+00:00,2.8608571428571433e-06,2.8705491428571428e-06,0.48459999999997244,142.85714285714286,1,2.8571428571428573e-06,2.874285714285714e-06,2.8571428571428573e-06,2.874285714285714e-06,
PEPEUSDT,static,حكم,cycle,2026-08-10 18:36:00+00:00,2026-08-10 19:25:00+00:00,2.8608571428571433e-06,2.8705491428571428e-06,0.48459999999997244,142.85714285714286,1,2.8571428571428573e-06,2.874285714285714e-06,2.8571428571428573e-06,2.874285714285714e-06,
PEPEUSDT,static,حكم,cycle,2026-08-10 21:20:00+00:00,2026-08-10 21:35:00+00:00,2.8608571428571433e-06,2.8705491428571428e-06,0.48459999999997244,142.85714285714286,1,2.8571428571428573e-06,2.874285714285714e-06,2.8571428571428573e-06,2.874285714285714e-06,
PEPEUSDT,static,حكم,cycle,2026-08-10 14:52:00+00:00,2026-08-11 01:53:00+00:00,2.878022285714286e-06,2.8876697142857143e-06,0.4794944618006115,142.85714285714286,1,2.874285714285714e-06,2.8914285714285715e-06,2.874285714285714e-06,2.8914285714285715e-06,
PEPEUSDT,static,حكم,cycle,2026-08-11 04:57:00+00:00,2026-08-11 06:09:00+00:00,2.8608571428571433e-06,2.8705491428571428e-06,0.48459999999997244,142.85714285714286,1,2.8571428571428573e-06,2.874285714285714e-06,2.8571428571428573e-06,2.874285714285714e-06,
PEPEUSDT,static,حكم,cycle,2026-08-11 07:56:00+00:00,2026-08-11 07:57:00+00:00,2.843692e-06,2.8534285714285716e-06,0.48976717447542467,142.85714285714286,1,2.84e-06,2.8571428571428573e-06,2.84e-06,2.8571428571428573e-06,
PEPEUSDT,static,حكم,cycle,2026-08-11 08:14:00+00:00,2026-08-11 08:15:00+00:00,2.843692e-06,2.8534285714285716e-06,0.48976717447542467,142.85714285714286,1,2.84e-06,2.8571428571428573e-06,2.84e-06,2.8571428571428573e-06,
PEPEUSDT,static,حكم,cycle,2026-08-11 08:20:00+00:00,2026-08-11 08:21:00+00:00,2.843692e-06,2.8562820000000004e-06,0.633299798792769,142.85714285714286,1,2.84e-06,2.86e-06,2.84e-06,2.8571428571428573e-06,
PEPEUSDT,static,حكم,cycle,2026-08-11 10:24:00+00:00,2026-08-11 10:25:00+00:00,2.843692e-06,2.8534285714285716e-06,0.48976717447542467,142.85714285714286,1,2.84e-06,2.8571428571428573e-06,2.84e-06,2.8571428571428573e-06,
PEPEUSDT,static,حكم,cycle,2026-08-11 06:54:00+00:00,2026-08-11 11:05:00+00:00,2.8608571428571433e-06,2.8705491428571428e-06,0.48459999999997244,142.85714285714286,1,2.8571428571428573e-06,2.874285714285714e-06,2.8571428571428573e-06,2.874285714285714e-06,
PEPEUSDT,static,حكم,cycle,2026-08-11 12:30:00+00:00,2026-08-11 12:31:00+00:00,2.843692e-06,2.8534285714285716e-06,0.48976717447542467,142.85714285714286,1,2.84e-06,2.8571428571428573e-06,2.84e-06,2.8571428571428573e-06,
PEPEUSDT,static,حكم,cycle,2026-08-11 12:32:00+00:00,2026-08-11 12:34:00+00:00,2.843692e-06,2.8534285714285716e-06,0.48976717447542467,142.85714285714286,1,2.84e-06,2.8571428571428573e-06,2.84e-06,2.8571428571428573e-06,
PEPEUSDT,static,حكم,cycle,2026-08-11 12:36:00+00:00,2026-08-11 12:37:00+00:00,2.843692e-06,2.8534285714285716e-06,0.48976717447542467,142.85714285714286,1,2.84e-06,2.8571428571428573e-06,2.84e-06,2.8571428571428573e-06,
PEPEUSDT,static,حكم,cycle,2026-08-11 13:20:00+00:00,2026-08-11 13:29:00+00:00,2.843692e-06,2.8534285714285716e-06,0.48976717447542467,142.85714285714286,1,2.84e-06,2.8571428571428573e-06,2.84e-06,2.8571428571428573e-06,
PEPEUSDT,static,حكم,cycle,2026-08-11 13:52:00+00:00,2026-08-11 13:54:00+00:00,2.843692e-06,2.8534285714285716e-06,0.48976717447542467,142.85714285714286,1,2.84e-06,2.8571428571428573e-06,2.84e-06,2.8571428571428573e-06,
PEPEUSDT,static,حكم,cycle,2026-08-11 14:24:00+00:00,2026-08-11 14:26:00+00:00,2.843692e-06,2.8534285714285716e-06,0.48976717447542467,142.85714285714286,1,2.84e-06,2.8571428571428573e-06,2.84e-06,2.8571428571428573e-06,
PEPEUSDT,static,حكم,cycle,2026-08-11 14:27:00+00:00,2026-08-11 14:28:00+00:00,2.843692e-06,2.8534285714285716e-06,0.48976717447542467,142.85714285714286,1,2.84e-06,2.8571428571428573e-06,2.84e-06,2.8571428571428573e-06,
PEPEUSDT,static,حكم,cycle,2026-08-11 14:30:00+00:00,2026-08-11 14:35:00+00:00,2.843692e-06,2.8534285714285716e-06,0.48976717447542467,142.85714285714286,1,2.84e-06,2.8571428571428573e-06,2.84e-06,2.8571428571428573e-06,
PEPEUSDT,static,حكم,flatten,2026-08-11 14:38:00+00:00,2026-08-11 15:16:00+00:00,2.843692e-06,2.77958184e-06,-3.2248571428571617,142.85714285714286,1,2.84e-06,2.7832e-06,2.84e-06,2.8571428571428573e-06,
PEPEUSDT,static,حكم,flatten,2026-08-11 11:36:00+00:00,2026-08-11 15:16:00+00:00,2.8608571428571433e-06,2.77958184e-06,-4.063765142857175,142.85714285714286,1,2.8571428571428573e-06,2.7832e-06,2.8571428571428573e-06,2.874285714285714e-06,
PEPEUSDT,static,حكم,flatten,2026-08-11 03:00:00+00:00,2026-08-11 15:16:00+00:00,2.878022285714286e-06,2.77958184e-06,-4.892666287986392,142.85714285714286,1,2.874285714285714e-06,2.7832e-06,2.874285714285714e-06,2.8914285714285715e-06,
PEPEUSDT,static,حكم,flatten,2026-08-10 12:13:00+00:00,2026-08-11 15:16:00+00:00,2.8951874285714287e-06,2.77958184e-06,-5.711738565782061,142.85714285714286,1,2.8914285714285715e-06,2.7832e-06,2.8914285714285715e-06,2.9085714285714284e-06,
PEPEUSDT,static,حكم,flatten,2026-08-10 02:16:00+00:00,2026-08-11 15:16:00+00:00,2.9123525714285714e-06,2.77958184e-06,-6.521155767611574,142.85714285714286,1,2.9085714285714284e-06,2.7832e-06,2.9085714285714284e-06,2.9257142857142858e-06,
PEPEUSDT,static,حكم,flatten,2026-08-10 00:00:00+00:00,2026-08-11 15:16:00+00:00,2.8837440000000004e-06,2.77958184e-06,-5.086042968750029,140.625,1,2.88e-06,2.7832e-06,2.9257142857142858e-06,2.9428571428571427e-06,
PEPEUSDT,static,حكم,flatten,2026-08-10 00:00:00+00:00,2026-08-11 15:16:00+00:00,2.8837440000000004e-06,2.77958184e-06,-5.056415533980611,139.80582524271847,1,2.88e-06,2.7832e-06,2.9428571428571427e-06,2.96e-06,
RENDERUSDT,static,حكم,cycle,2024-09-25 00:18:00+00:00,2024-09-25 02:43:00+00:00,6.224652971428572,6.260136942857144,0.8154235552112215,142.85714285714286,1,6.216571428571429,6.268285714285715,6.216571428571429,6.268285714285715,
RENDERUSDT,static,حكم,cycle,2024-09-25 03:20:00+00:00,2024-09-25 03:34:00+00:00,6.1728714571428585,6.208489885714286,0.8253795377352645,142.85714285714286,1,6.1648571428571435,6.216571428571429,6.1648571428571435,6.216571428571429,
RENDERUSDT,static,حكم,cycle,2024-09-25 05:02:00+00:00,2024-09-25 05:30:00+00:00,6.121089942857143,6.156842828571429,0.8355039660283784,142.85714285714286,1,6.113142857142857,6.1648571428571435,6.113142857142857,6.1648571428571435,
RENDERUSDT,static,حكم,cycle,2024-09-25 06:56:00+00:00,2024-09-25 09:08:00+00:00,6.069308428571429,6.105195771428572,0.8458011514763719,142.85714285714286,1,6.061428571428571,6.113142857142857,6.061428571428571,6.113142857142857,
RENDERUSDT,static,حكم,cycle,2024-09-25 09:50:00+00:00,2024-09-25 10:16:00+00:00,6.069308428571429,6.105195771428572,0.8458011514763719,142.85714285714286,1,6.061428571428571,6.113142857142857,6.061428571428571,6.113142857142857,
RENDERUSDT,static,حكم,cycle,2024-09-25 06:17:00+00:00,2024-09-25 11:47:00+00:00,6.121089942857143,6.156842828571429,0.8355039660283784,142.85714285714286,1,6.113142857142857,6.1648571428571435,6.113142857142857,6.1648571428571435,
RENDERUSDT,static,حكم,cycle,2024-09-25 12:21:00+00:00,2024-09-25 13:48:00+00:00,6.121089942857143,6.156842828571429,0.8355039660283784,142.85714285714286,1,6.113142857142857,6.1648571428571435,6.113142857142857,6.1648571428571435,
RENDERUSDT,static,حكم,cycle,2024-09-25 04:33:00+00:00,2024-09-25 14:08:00+00:00,6.1728714571428585,6.208489885714286,0.8253795377352645,142.85714285714286,1,6.1648571428571435,6.216571428571429,6.1648571428571435,6.216571428571429,
RENDERUSDT,static,حكم,cycle,2024-09-25 02:49:00+00:00,2024-09-25 15:19:00+00:00,6.224652971428572,6.260136942857144,0.8154235552112215,142.85714285714286,1,6.216571428571429,6.268285714285715,6.216571428571429,6.268285714285715,
RENDERUSDT,static,حكم,cycle,2024-09-25 17:42:00+00:00,2024-09-25 18:14:00+00:00,6.069308428571429,6.105195771428572,0.8458011514763719,142.85714285714286,1,6.061428571428571,6.113142857142857,6.061428571428571,6.113142857142857,
RENDERUSDT,static,حكم,cycle,2024-09-25 20:04:00+00:00,2024-09-25 20:49:00+00:00,6.017526914285715,6.053548714285714,0.8562755538651573,142.85714285714286,1,6.009714285714286,6.061428571428571,6.009714285714286,6.061428571428571,
RENDERUSDT,static,حكم,flatten,2024-09-25 22:46:00+00:00,2024-09-26 00:52:00+00:00,5.9657454,5.831249508000001,-3.2248571428571293,142.85714285714286,1,5.958,5.83884,5.958,6.009714285714286,
RENDERUSDT,static,حكم,flatten,2024-09-25 22:04:00+00:00,2024-09-26 00:52:00+00:00,6.017526914285715,5.831249508000001,-4.428007185645003,142.85714285714286,1,6.009714285714286,5.83884,6.009714285714286,6.061428571428571,
RENDERUSDT,static,حكم,flatten,2024-09-25 19:48:00+00:00,2024-09-26 00:52:00+00:00,6.069308428571429,5.831249508000001,-5.610627399750849,142.85714285714286,1,6.061428571428571,5.83884,6.061428571428571,6.113142857142857,
RENDERUSDT,static,حكم,flatten,2024-09-25 17:27:00+00:00,2024-09-26 00:52:00+00:00,6.121089942857143,5.831249508000001,-6.773238802980515,142.85714285714286,1,6.113142857142857,5.83884,6.113142857142857,6.1648571428571435,
RENDERUSDT,static,حكم,flatten,2024-09-25 15:52:00+00:00,2024-09-26 00:52:00+00:00,6.1728714571428585,5.831249508000001,-7.916344930779477,142.85714285714286,1,6.1648571428571435,5.83884,6.1648571428571435,6.216571428571429,
RENDERUSDT,static,حكم,flatten,2024-09-25 15:34:00+00:00,2024-09-26 00:52:00+00:00,6.224652971428572,5.831249508000001,-9.040432563392114,142.85714285714286,1,6.216571428571429,5.83884,6.216571428571429,6.268285714285715,
RENDERUSDT,static,حكم,flatten,2024-09-25 00:00:00+00:00,2024-09-26 00:52:00+00:00,6.276434485714287,5.831249508000001,-10.145972417026432,142.85714285714286,1,6.268285714285715,5.83884,6.268285714285715,6.32,
RENDERUSDT,static,حكم,cycle,2024-12-26 00:00:00+00:00,2024-12-26 00:09:00+00:00,7.558384571428571,7.598965628571428,0.7679988104250017,142.85714285714286,1,7.548571428571428,7.6088571428571425,7.548571428571428,7.6088571428571425,
RENDERUSDT,static,حكم,cycle,2024-12-26 01:41:00+00:00,2024-12-26 02:20:00+00:00,7.437656400000001,7.478550942857143,0.7864940160231964,142.85714285714286,1,7.428,7.488285714285714,7.428,7.488285714285714,
RENDERUSDT,static,حكم,flatten,2024-12-26 02:55:00+00:00,2024-12-26 08:01:00+00:00,7.437656400000001,7.2699767280000005,-3.2248571428571475,142.85714285714286,1,7.428,7.27944,7.428,7.488285714285714,
RENDERUSDT,static,حكم,flatten,2024-12-26 00:37:00+00:00,2024-12-26 08:01:00+00:00,7.498020485714286,7.2699767280000005,-4.3504856674097745,142.85714285714286,1,7.488285714285714,7.27944,7.488285714285714,7.548571428571428,
RENDERUSDT,static,حكم,flatten,2024-12-26 00:29:00+00:00,2024-12-26 08:01:00+00:00,7.558384571428571,7.2699767280000005,-5.4581348112901376,142.85714285714286,1,7.548571428571428,7.27944,7.548571428571428,7.6088571428571425,
RENDERUSDT,static,حكم,flatten,2024-12-26 00:00:00+00:00,2024-12-26 08:01:00+00:00,7.5578124,7.2699767280000005,-5.404146896474033,141.71454320153205,1,7.548,7.27944,7.6088571428571425,7.669142857142857,
RENDERUSDT,static,حكم,flatten,2024-12-26 00:00:00+00:00,2024-12-26 08:01:00+00:00,7.5578124,7.2699767280000005,-5.361665896729006,140.60055137471127,1,7.548,7.27944,7.669142857142857,7.7294285714285715,
RENDERUSDT,static,حكم,flatten,2024-12-26 00:00:00+00:00,2024-12-26 08:01:00+00:00,7.5578124,7.2699767280000005,-5.319847558496284,139.50393671681516,1,7.548,7.27944,7.7294285714285715,7.789714285714285,
RENDERUSDT,static,حكم,flatten,2024-12-26 00:00:00+00:00,2024-12-26 08:01:00+00:00,7.5578124,7.2699767280000005,-5.278676496478873,138.4242957746479,1,7.548,7.27944,7.789714285714285,7.85,
RENDERUSDT,static,حكم,cycle,2025-01-15 00:04:00+00:00,2025-01-15 00:08:00+00:00,7.002376985714286,7.042261714285715,0.8147555527021587,142.85714285714286,1,6.993285714285714,7.051428571428572,6.993285714285714,7.051428571428572,
RENDERUSDT,static,حكم,cycle,2025-01-15 01:15:00+00:00,2025-01-15 01:34:00+00:00,6.944158542857143,6.984194442857143,0.8247002842664761,142.85714285714286,1,6.935142857142857,6.993285714285714,6.935142857142857,6.993285714285714,
RENDERUSDT,static,حكم,cycle,2025-01-15 03:04:00+00:00,2025-01-15 03:51:00+00:00,6.8859401,6.926127171428572,0.8348131749428098,142.85714285714286,1,6.877,6.935142857142857,6.877,6.935142857142857,
RENDERUSDT,static,حكم,cycle,2025-01-15 02:11:00+00:00,2025-01-15 07:10:00+00:00,6.944158542857143,6.984194442857143,0.8247002842664761,142.85714285714286,1,6.935142857142857,6.993285714285714,6.935142857142857,6.993285714285714,
RENDERUSDT,static,حكم,cycle,2025-01-15 00:36:00+00:00,2025-01-15 07:27:00+00:00,7.002376985714286,7.042261714285715,0.8147555527021587,142.85714285714286,1,6.993285714285714,7.051428571428572,6.993285714285714,7.051428571428572,
RENDERUSDT,static,حكم,cycle,2025-01-15 09:47:00+00:00,2025-01-15 13:30:00+00:00,6.8859401,6.926127171428572,0.8348131749428098,142.85714285714286,1,6.877,6.935142857142857,6.877,6.935142857142857,
RENDERUSDT,static,حكم,cycle,2025-01-15 09:02:00+00:00,2025-01-15 13:30:00+00:00,6.944158542857143,6.984194442857143,0.8247002842664761,142.85714285714286,1,6.935142857142857,6.993285714285714,6.935142857142857,6.993285714285714,
RENDERUSDT,static,حكم,cycle,2025-01-15 07:54:00+00:00,2025-01-15 13:30:00+00:00,7.002376985714286,7.042261714285715,0.8147555527021587,142.85714285714286,1,6.993285714285714,7.051428571428572,6.993285714285714,7.051428571428572,
RENDERUSDT,static,حكم,cycle,2025-01-15 00:00:00+00:00,2025-01-15 13:32:00+00:00,7.060595428571429,7.1003289857142855,0.804974820560298,142.85714285714286,1,7.051428571428572,7.109571428571428,7.051428571428572,7.109571428571428,
RENDERUSDT,static,حكم,cycle,2025-01-15 00:00:00+00:00,2025-01-15 13:33:00+00:00,7.0301273,7.158396257142857,2.5773897792283402,141.0774207808387,1,7.021,7.167714285714285,7.109571428571428,7.167714285714285,
RENDERUSDT,static,حكم,cycle,2025-01-15 13:35:00+00:00,2025-01-15 13:36:00+00:00,7.118813871428571,7.158396257142857,0.7953540642250011,142.85714285714286,1,7.109571428571428,7.167714285714285,7.109571428571428,7.167714285714285,
RENDERUSDT,static,حكم,cycle,2025-01-15 00:00:00+00:00,2025-01-15 13:37:00+00:00,7.0301273,7.2164635285714285,3.713800545530121,139.9330330450034,1,7.021,7.2258571428571425,7.167714285714285,7.2258571428571425,
RENDERUSDT,static,حكم,cycle,2025-01-15 00:00:00+00:00,2025-01-15 13:37:00+00:00,7.0301273,7.2745308,4.831923054111223,138.80706194025424,1,7.021,7.284,7.2258571428571425,7.284,
RENDERUSDT,static,حكم,cycle,2025-01-15 13:38:00+00:00,2025-01-15 13:46:00+00:00,7.177032314285714,7.2164635285714285,0.7858893906348718,142.85714285714286,1,7.167714285714285,7.2258571428571425,7.167714285714285,7.2258571428571425,
RENDERUSDT,static,حكم,cycle,2025-01-15 13:38:00+00:00,2025-01-15 13:59:00+00:00,7.2053548,7.2745308,1.367628160771825,142.26685909728948,1,7.196,7.284,7.2258571428571425,7.284,
RENDERUSDT,static,حكم,cycle,2025-01-15 14:16:00+00:00,2025-01-15 14:57:00+00:00,7.2352507571428575,7.2745308,0.7765770320306534,142.85714285714286,1,7.2258571428571425,7.284,7.2258571428571425,7.284,
RENDERUSDT,static,حكم,cycle,2025-04-19 00:00:00+00:00,2025-04-19 00:34:00+00:00,3.8920531000000005,3.9114798857142863,0.7139838183794259,142.85714285714286,1,3.887,3.916571428571429,3.887,3.916571428571429,
RENDERUSDT,static,حكم,cycle,2025-04-19 00:00:00+00:00,2025-04-19 02:49:00+00:00,3.8920531000000005,3.9410128714285717,1.7858101629913634,141.7785234899329,1,3.887,3.946142857142857,3.916571428571429,3.946142857142857,
RENDERUSDT,static,حكم,cycle,2025-04-19 00:00:00+00:00,2025-04-19 04:30:00+00:00,3.8920531000000005,3.9705458571428576,2.841572499107884,140.71606994171523,1,3.887,3.975714285714286,3.946142857142857,3.975714285714286,
RENDERUSDT,static,حكم,cycle,2025-04-19 04:52:00+00:00,2025-04-19 07:02:00+00:00,3.951272842857143,3.9705458571428576,0.6977161888902178,142.85714285714286,1,3.946142857142857,3.975714285714286,3.946142857142857,3.975714285714286,
RENDERUSDT,static,حكم,cycle,2025-04-19 00:00:00+00:00,2025-04-19 07:21:00+00:00,3.8920531000000005,4.000078842857143,3.881629279811101,139.6694214876033,1,3.887,4.005285714285715,3.975714285714286,4.005285714285715,
RENDERUSDT,static,حكم,cycle,2025-04-19 00:00:00+00:00,2025-04-19 08:03:00+00:00,3.8920531000000005,4.029611828571428,4.906328372202015,138.6382280557834,1,3.887,4.034857142857143,4.005285714285715,4.034857142857143,
RENDERUSDT,static,حكم,cycle,2025-04-19 00:00:00+00:00,2025-04-19 08:41:00+00:00,3.8920531000000005,4.059144814285714,5.916007445323389,137.62214983713358,1,3.887,4.0644285714285715,4.034857142857143,4.0644285714285715,
RENDERUSDT,static,حكم,cycle,2025-04-19 09:53:00+00:00,2025-04-19 12:15:00+00:00,4.010492585714286,4.029611828571428,0.6819289816008232,142.85714285714286,1,4.005285714285715,4.034857142857143,4.005285714285715,4.034857142857143,
RENDERUSDT,static,حكم,cycle,2025-04-19 13:21:00+00:00,2025-04-19 13:42:00+00:00,4.010492585714286,4.029611828571428,0.6819289816008232,142.85714285714286,1,4.005285714285715,4.034857142857143,4.005285714285715,4.034857142857143,
RENDERUSDT,static,حكم,cycle,2025-04-19 09:32:00+00:00,2025-04-19 14:48:00+00:00,4.040102457142857,4.059144814285714,0.6742089343880928,142.85714285714286,1,4.034857142857143,4.0644285714285715,4.034857142857143,4.0644285714285715,
RENDERUSDT,static,حكم,cycle,2025-04-19 00:00:00+00:00,2025-04-19 15:23:00+00:00,3.8920531000000005,4.0886778,6.910994341147926,136.62085691188358,1,3.887,4.094,4.0644285714285715,4.094,
RENDERUSDT,static,حكم,cycle,2025-09-14 01:02:00+00:00,2025-09-14 02:01:00+00:00,4.006344342857143,4.024475657142857,0.6473619782103056,142.85714285714286,1,4.001142857142857,4.029714285714285,4.001142857142857,4.029714285714285,
RENDERUSDT,static,حكم,cycle,2025-09-14 04:14:00+00:00,2025-09-14 05:22:00+00:00,3.9491272000000004,3.9674070857142856,0.6621227801465221,142.85714285714286,1,3.944,3.9725714285714284,3.944,3.9725714285714284,
RENDERUSDT,static,حكم,cycle,2025-09-14 08:18:00+00:00,2025-09-14 09:32:00+00:00,3.9491272000000004,3.9674070857142856,0.6621227801465221,142.85714285714286,1,3.944,3.9725714285714284,3.944,3.9725714285714284,
RENDERUSDT,static,حكم,flatten,2025-09-14 11:24:00+00:00,2025-09-14 13:55:00+00:00,3.9491272000000004,3.860095344,-3.2248571428571617,142.85714285714286,1,3.944,3.8651199999999997,3.944,3.9725714285714284,
RENDERUSDT,static,حكم,flatten,2025-09-14 03:57:00+00:00,2025-09-14 13:55:00+00:00,3.9777357714285717,3.860095344,-4.230452654940011,142.85714285714286,1,3.9725714285714284,3.8651199999999997,3.9725714285714284,4.001142857142857,
RENDERUSDT,static,حكم,flatten,2025-09-14 03:21:00+00:00,2025-09-14 13:55:00+00:00,4.006344342857143,3.860095344,-5.221686620149356,142.85714285714286,1,4.001142857142857,3.8651199999999997,4.001142857142857,4.029714285714285,
RENDERUSDT,static,حكم,flatten,2025-09-14 00:49:00+00:00,2025-09-14 13:55:00+00:00,4.034952914285714,3.860095344,-6.198864516651819,142.85714285714286,1,4.029714285714285,3.8651199999999997,4.029714285714285,4.058285714285715,
RENDERUSDT,static,حكم,flatten,2025-09-14 00:00:00+00:00,2025-09-14 13:55:00+00:00,4.0602715,3.860095344,-7.046471275696985,142.74148127288086,1,4.055,3.8651199999999997,4.058285714285715,4.086857142857143,
RENDERUSDT,static,حكم,flatten,2025-09-14 00:00:00+00:00,2025-09-14 13:55:00+00:00,4.0602715,3.860095344,-6.997209032438476,141.74356823266217,1,4.055,3.8651199999999997,4.086857142857143,4.115428571428572,
RENDERUSDT,static,حكم,flatten,2025-09-14 00:00:00+00:00,2025-09-14 13:55:00+00:00,4.0602715,3.860095344,-6.94863079700083,140.75951124687586,1,4.055,3.8651199999999997,4.115428571428572,4.144,
RENDERUSDT,static,حكم,cycle,2026-05-06 00:00:00+00:00,2026-05-06 01:18:00+00:00,1.8953178571428573,1.9059476142857144,0.8022458221024209,142.85714285714286,1,1.8928571428571428,1.9084285714285714,1.8928571428571428,1.9084285714285714,
RENDERUSDT,static,حكم,cycle,2026-05-06 02:28:00+00:00,2026-05-06 03:22:00+00:00,1.8953178571428573,1.9059476142857144,0.8022458221024209,142.85714285714286,1,1.8928571428571428,1.9084285714285714,1.8928571428571428,1.9084285714285714,
RENDERUSDT,static,حكم,cycle,2026-05-06 00:00:00+00:00,2026-05-06 03:39:00+00:00,1.8944596,1.9214988,2.024043715846989,141.627367317913,1,1.892,1.924,1.9084285714285714,1.924,
RENDERUSDT,static,حكم,cycle,2026-05-06 04:30:00+00:00,2026-05-06 06:38:00+00:00,1.9109095285714286,1.9214988,0.7926694684161506,142.85714285714286,1,1.9084285714285714,1.924,1.9084285714285714,1.924,
RENDERUSDT,static,حكم,cycle,2026-08-27 05:05:00+00:00,2026-08-27 06:50:00+00:00,1.5059552,1.5140292,0.7669072948328186,142.85714285714286,1,1.504,1.516,1.504,1.516,
RENDERUSDT,static,حكم,cycle,2026-08-27 03:13:00+00:00,2026-08-27 08:03:00+00:00,1.5179708,1.5260136,0.7578967206935456,142.85714285714286,1,1.516,1.528,1.516,1.528,
RENDERUSDT,static,حكم,cycle,2026-08-27 02:38:00+00:00,2026-08-27 08:08:00+00:00,1.5299864,1.537998,0.7490276738967742,142.85714285714286,1,1.528,1.54,1.528,1.54,
SHIBUSDT,static,اختيار,cycle,2021-09-30 00:00:00+00:00,2021-09-30 00:19:00+00:00,7.0291260000000005e-06,7.047968571428571e-06,0.3832907125421239,142.79902359641986,1,7.02e-06,7.057142857142857e-06,7.022857142857143e-06,7.057142857142857e-06,
SHIBUSDT,static,اختيار,cycle,2021-09-30 00:00:00+00:00,2021-09-30 00:44:00+00:00,7.0291260000000005e-06,7.082209714285714e-06,1.0745691150954235,142.10526315789474,1,7.02e-06,7.0914285714285715e-06,7.057142857142857e-06,7.0914285714285715e-06,
SHIBUSDT,static,اختيار,cycle,2021-09-30 00:00:00+00:00,2021-09-30 02:27:00+00:00,7.0291260000000005e-06,7.116450857142857e-06,1.7591631173016962,141.41821112006448,1,7.02e-06,7.125714285714285e-06,7.0914285714285715e-06,7.125714285714285e-06,
SHIBUSDT,static,اختيار,cycle,2021-09-30 02:43:00+00:00,2021-09-30 03:00:00+00:00,7.1006474285714295e-06,7.116450857142857e-06,0.3183607689650913,142.85714285714286,1,7.0914285714285715e-06,7.125714285714285e-06,7.0914285714285715e-06,7.125714285714285e-06,
SHIBUSDT,static,اختيار,cycle,2021-09-30 03:11:00+00:00,2021-09-30 03:56:00+00:00,7.1006474285714295e-06,7.116450857142857e-06,0.3183607689650913,142.85714285714286,1,7.0914285714285715e-06,7.125714285714285e-06,7.0914285714285715e-06,7.125714285714285e-06,
SHIBUSDT,static,اختيار,cycle,2021-09-30 05:37:00+00:00,2021-09-30 06:18:00+00:00,7.1006474285714295e-06,7.116450857142857e-06,0.3183607689650913,142.85714285714286,1,7.0914285714285715e-06,7.125714285714285e-06,7.0914285714285715e-06,7.125714285714285e-06,
SHIBUSDT,static,اختيار,cycle,2021-09-30 07:17:00+00:00,2021-09-30 07:41:00+00:00,7.066317142857143e-06,7.082209714285714e-06,0.32171197223828174,142.85714285714286,1,7.057142857142857e-06,7.0914285714285715e-06,7.057142857142857e-06,7.0914285714285715e-06,
SHIBUSDT,static,اختيار,cycle,2021-09-30 08:34:00+00:00,2021-09-30 09:03:00+00:00,7.031986857142858e-06,7.047968571428571e-06,0.32509589678017514,142.85714285714286,1,7.022857142857143e-06,7.057142857142857e-06,7.022857142857143e-06,7.057142857142857e-06,
SHIBUSDT,static,اختيار,cycle,2021-09-30 09:39:00+00:00,2021-09-30 09:57:00+00:00,7.031986857142858e-06,7.047968571428571e-06,0.32509589678017514,142.85714285714286,1,7.022857142857143e-06,7.057142857142857e-06,7.022857142857143e-06,7.057142857142857e-06,
SHIBUSDT,static,اختيار,cycle,2021-09-30 10:38:00+00:00,2021-09-30 12:31:00+00:00,7.031986857142858e-06,7.047968571428571e-06,0.32509589678017514,142.85714285714286,1,7.022857142857143e-06,7.057142857142857e-06,7.022857142857143e-06,7.057142857142857e-06,
SHIBUSDT,static,اختيار,cycle,2021-09-30 08:19:00+00:00,2021-09-30 12:40:00+00:00,7.066317142857143e-06,7.082209714285714e-06,0.32171197223828174,142.85714285714286,1,7.057142857142857e-06,7.0914285714285715e-06,7.057142857142857e-06,7.0914285714285715e-06,
SHIBUSDT,static,اختيار,cycle,2021-09-30 14:08:00+00:00,2021-09-30 15:23:00+00:00,7.066317142857143e-06,7.082209714285714e-06,0.32171197223828174,142.85714285714286,1,7.057142857142857e-06,7.0914285714285715e-06,7.057142857142857e-06,7.0914285714285715e-06,
SHIBUSDT,static,اختيار,cycle,2021-09-30 06:56:00+00:00,2021-09-30 16:20:00+00:00,7.1006474285714295e-06,7.116450857142857e-06,0.3183607689650913,142.85714285714286,1,7.0914285714285715e-06,7.125714285714285e-06,7.0914285714285715e-06,7.125714285714285e-06,
SHIBUSDT,static,اختيار,cycle,2021-09-30 00:00:00+00:00,2021-09-30 16:22:00+00:00,7.0291260000000005e-06,7.150692000000001e-06,2.43716920609463,140.73777064955894,1,7.02e-06,7.16e-06,7.125714285714285e-06,7.16e-06,
SHIBUSDT,static,اختيار,cycle,2023-03-06 00:16:00+00:00,2023-03-06 00:21:00+00:00,1.10143e-05,1.1029928142857144e-05,0.20296289424861383,142.85714285714286,1,1.1e-05,1.1044285714285714e-05,1.1e-05,1.1044285714285714e-05,
SHIBUSDT,static,اختيار,cycle,2023-03-06 00:11:00+00:00,2023-03-06 00:30:00+00:00,1.1058643285714286e-05,1.1074156285714287e-05,0.20065968180055202,142.85714285714286,1,1.1044285714285714e-05,1.1088571428571429e-05,1.1044285714285714e-05,1.1088571428571429e-05,
SHIBUSDT,static,اختيار,cycle,2023-03-06 01:17:00+00:00,2023-03-06 01:24:00+00:00,1.10143e-05,1.1029928142857144e-05,0.20296289424861383,142.85714285714286,1,1.1e-05,1.1044285714285714e-05,1.1e-05,1.1044285714285714e-05,
SHIBUSDT,static,اختيار,cycle,2023-03-06 01:30:00+00:00,2023-03-06 06:26:00+00:00,1.10143e-05,1.1029928142857144e-05,0.20296289424861383,142.85714285714286,1,1.1e-05,1.1044285714285714e-05,1.1e-05,1.1044285714285714e-05,
SHIBUSDT,static,اختيار,cycle,2023-03-06 08:09:00+00:00,2023-03-06 08:40:00+00:00,1.10143e-05,1.1029928142857144e-05,0.20296289424861383,142.85714285714286,1,1.1e-05,1.1044285714285714e-05,1.1e-05,1.1044285714285714e-05,
SHIBUSDT,static,اختيار,cycle,2023-03-06 09:08:00+00:00,2023-03-06 10:12:00+00:00,1.10143e-05,1.1029928142857144e-05,0.20296289424861383,142.85714285714286,1,1.1e-05,1.1044285714285714e-05,1.1e-05,1.1044285714285714e-05,
SHIBUSDT,static,اختيار,cycle,2023-03-06 10:48:00+00:00,2023-03-06 10:57:00+00:00,1.10143e-05,1.1029928142857144e-05,0.20296289424861383,142.85714285714286,1,1.1e-05,1.1044285714285714e-05,1.1e-05,1.1044285714285714e-05,
SHIBUSDT,static,اختيار,cycle,2023-03-06 11:33:00+00:00,2023-03-06 13:38:00+00:00,1.10143e-05,1.1029928142857144e-05,0.20296289424861383,142.85714285714286,1,1.1e-05,1.1044285714285714e-05,1.1e-05,1.1044285714285714e-05,
SHIBUSDT,static,اختيار,cycle,2023-03-06 01:14:00+00:00,2023-03-06 14:28:00+00:00,1.1058643285714286e-05,1.1074156285714287e-05,0.20065968180055202,142.85714285714286,1,1.1044285714285714e-05,1.1088571428571429e-05,1.1044285714285714e-05,1.1088571428571429e-05,
SHIBUSDT,static,اختيار,cycle,2023-03-06 00:00:00+00:00,2023-03-06 15:47:00+00:00,1.1102986571428572e-05,1.1118384428571429e-05,0.19837486656604478,142.85714285714286,1,1.1088571428571429e-05,1.1132857142857143e-05,1.1088571428571429e-05,1.1132857142857143e-05,
SHIBUSDT,static,اختيار,cycle,2023-03-06 00:00:00+00:00,2023-03-06 15:52:00+00:00,1.1114430000000002e-05,1.116261257142857e-05,0.6182801415189066,142.4355190555627,1,1.11e-05,1.1177142857142856e-05,1.1132857142857143e-05,1.1177142857142856e-05,
SHIBUSDT,static,اختيار,cycle,2023-03-06 16:27:00+00:00,2023-03-06 16:53:00+00:00,1.1147329857142858e-05,1.116261257142857e-05,0.1961082289966908,142.85714285714286,1,1.1132857142857143e-05,1.1177142857142856e-05,1.1132857142857143e-05,1.1177142857142856e-05,
SHIBUSDT,static,اختيار,cycle,2023-03-06 00:00:00+00:00,2023-03-06 18:28:00+00:00,1.1114430000000002e-05,1.1206840714285714e-05,1.1811185363715708,141.8711656441718,1,1.11e-05,1.1221428571428571e-05,1.1177142857142856e-05,1.1221428571428571e-05,
SHIBUSDT,static,اختيار,cycle,2023-03-06 21:00:00+00:00,2023-03-06 21:12:00+00:00,1.1058643285714286e-05,1.1074156285714287e-05,0.20065968180055202,142.85714285714286,1,1.1044285714285714e-05,1.1088571428571429e-05,1.1044285714285714e-05,1.1088571428571429e-05,
SHIBUSDT,static,اختيار,cycle,2023-03-06 20:54:00+00:00,2023-03-06 21:33:00+00:00,1.1102986571428572e-05,1.1118384428571429e-05,0.19837486656604478,142.85714285714286,1,1.1088571428571429e-05,1.1132857142857143e-05,1.1088571428571429e-05,1.1132857142857143e-05,
SHIBUSDT,static,اختيار,cycle,2023-03-06 19:18:00+00:00,2023-03-06 22:33:00+00:00,1.1147329857142858e-05,1.116261257142857e-05,0.1961082289966908,142.85714285714286,1,1.1132857142857143e-05,1.1177142857142856e-05,1.1132857142857143e-05,1.1177142857142856e-05,
SHIBUSDT,static,اختيار,cycle,2023-03-06 23:49:00+00:00,2023-03-07 00:01:00+00:00,1.1147329857142858e-05,1.116261257142857e-05,0.1961082289966908,142.85714285714286,1,1.1132857142857143e-05,1.1177142857142856e-05,1.1132857142857143e-05,1.1177142857142856e-05,
SHIBUSDT,static,اختيار,cycle,2023-03-07 00:27:00+00:00,2023-03-07 00:31:00+00:00,1.1147329857142858e-05,1.116261257142857e-05,0.1961082289966908,142.85714285714286,1,1.1132857142857143e-05,1.1177142857142856e-05,1.1132857142857143e-05,1.1177142857142856e-05,
SHIBUSDT,static,اختيار,cycle,2023-03-06 19:17:00+00:00,2023-03-07 01:07:00+00:00,1.1191673142857142e-05,1.1206840714285714e-05,0.19385955302366084,142.85714285714286,1,1.1177142857142856e-05,1.1221428571428571e-05,1.1177142857142856e-05,1.1221428571428571e-05,
SHIBUSDT,static,اختيار,cycle,2023-03-06 00:00:00+00:00,2023-03-07 01:15:00+00:00,1.1114430000000002e-05,1.1251068857142857e-05,1.7395144130217057,141.31126670910248,1,1.11e-05,1.1265714285714286e-05,1.1221428571428571e-05,1.1265714285714286e-05,
SHIBUSDT,static,اختيار,cycle,2023-03-07 09:37:00+00:00,2023-03-07 10:12:00+00:00,1.1058643285714286e-05,1.1074156285714287e-05,0.20065968180055202,142.85714285714286,1,1.1044285714285714e-05,1.1088571428571429e-05,1.1044285714285714e-05,1.1088571428571429e-05,
SHIBUSDT,static,اختيار,flatten,2023-03-07 10:54:00+00:00,2023-03-07 15:04:00+00:00,1.10143e-05,1.0765986e-05,-3.224857142857151,142.85714285714286,1,1.1e-05,1.078e-05,1.1e-05,1.1044285714285714e-05,
SHIBUSDT,static,اختيار,flatten,2023-03-07 10:46:00+00:00,2023-03-07 15:04:00+00:00,1.1058643285714286e-05,1.0765986e-05,-3.7855036310216854,142.85714285714286,1,1.1044285714285714e-05,1.078e-05,1.1044285714285714e-05,1.1088571428571429e-05,
SHIBUSDT,static,اختيار,flatten,2023-03-07 09:20:00+00:00,2023-03-07 15:04:00+00:00,1.1102986571428572e-05,1.0765986e-05,-4.341671881326622,142.85714285714286,1,1.1088571428571429e-05,1.078e-05,1.1088571428571429e-05,1.1132857142857143e-05,
SHIBUSDT,static,اختيار,flatten,2023-03-07 07:08:00+00:00,2023-03-07 15:04:00+00:00,1.1147329857142858e-05,1.0765986e-05,-4.89341533610751,142.85714285714286,1,1.1132857142857143e-05,1.078e-05,1.1132857142857143e-05,1.1177142857142856e-05,
SHIBUSDT,static,اختيار,flatten,2023-03-07 06:17:00+00:00,2023-03-07 15:04:00+00:00,1.1191673142857142e-05,1.0765986e-05,-5.440786590709899,142.85714285714286,1,1.1177142857142856e-05,1.078e-05,1.1177142857142856e-05,1.1221428571428571e-05,
SHIBUSDT,static,اختيار,flatten,2023-03-07 03:13:00+00:00,2023-03-07 15:04:00+00:00,1.1236016428571428e-05,1.0765986e-05,-5.98383741020278,142.85714285714286,1,1.1221428571428571e-05,1.078e-05,1.1221428571428571e-05,1.1265714285714286e-05,
SHIBUSDT,static,اختيار,flatten,2023-03-06 00:00:00+00:00,2023-03-07 15:04:00+00:00,1.1114430000000002e-05,1.0765986e-05,-4.418513821962997,140.75576971848847,1,1.11e-05,1.078e-05,1.1265714285714286e-05,1.131e-05,
SHIBUSDT,static,اختيار,cycle,2023-04-17 00:37:00+00:00,2023-04-17 02:43:00+00:00,1.1414820000000001e-05,1.1453662285714286e-05,0.48674543501609774,142.85714285714286,1,1.14e-05,1.1468571428571429e-05,1.14e-05,1.1468571428571429e-05,
SHIBUSDT,static,اختيار,cycle,2023-04-17 03:26:00+00:00,2023-04-17 05:17:00+00:00,1.1414820000000001e-05,1.1453662285714286e-05,0.48674543501609774,142.85714285714286,1,1.14e-05,1.1468571428571429e-05,1.14e-05,1.1468571428571429e-05,
SHIBUSDT,static,اختيار,cycle,2023-04-17 06:18:00+00:00,2023-04-17 07:19:00+00:00,1.1414820000000001e-05,1.1453662285714286e-05,0.48674543501609774,142.85714285714286,1,1.14e-05,1.1468571428571429e-05,1.14e-05,1.1468571428571429e-05,
SHIBUSDT,static,اختيار,cycle,2023-04-17 00:29:00+00:00,2023-04-17 07:23:00+00:00,1.1483480571428572e-05,1.1522144571428572e-05,0.4816143497757849,142.85714285714286,1,1.1468571428571429e-05,1.1537142857142856e-05,1.1468571428571429e-05,1.1537142857142856e-05,
SHIBUSDT,static,اختيار,cycle,2023-04-17 00:11:00+00:00,2023-04-17 07:26:00+00:00,1.1552141142857143e-05,1.1590626857142858e-05,0.4765442581193094,142.85714285714286,1,1.1537142857142856e-05,1.1605714285714286e-05,1.1537142857142856e-05,1.1605714285714286e-05,
SHIBUSDT,static,اختيار,cycle,2023-04-17 07:28:00+00:00,2023-04-17 07:30:00+00:00,1.1552141142857143e-05,1.1590626857142858e-05,0.4765442581193094,142.85714285714286,1,1.1537142857142856e-05,1.1605714285714286e-05,1.1537142857142856e-05,1.1605714285714286e-05,
SHIBUSDT,static,اختيار,cycle,2023-04-17 00:00:00+00:00,2023-04-17 07:37:00+00:00,1.1585041e-05,1.1659109142857143e-05,0.9117201237954454,142.41752831117677,1,1.157e-05,1.1674285714285713e-05,1.1605714285714286e-05,1.1674285714285713e-05,
SHIBUSDT,static,اختيار,cycle,2023-04-17 07:42:00+00:00,2023-04-17 07:45:00+00:00,1.1620801714285715e-05,1.1659109142857143e-05,0.4715340789195895,142.85714285714286,1,1.1605714285714286e-05,1.1674285714285713e-05,1.1605714285714286e-05,1.1674285714285713e-05,
SHIBUSDT,static,اختيار,cycle,2023-04-17 08:04:00+00:00,2023-04-17 08:56:00+00:00,1.1552141142857143e-05,1.1590626857142858e-05,0.4765442581193094,142.85714285714286,1,1.1537142857142856e-05,1.1605714285714286e-05,1.1537142857142856e-05,1.1605714285714286e-05,
SHIBUSDT,static,اختيار,cycle,2023-04-17 10:09:00+00:00,2023-04-17 10:51:00+00:00,1.1552141142857143e-05,1.1590626857142858e-05,0.4765442581193094,142.85714285714286,1,1.1537142857142856e-05,1.1605714285714286e-05,1.1537142857142856e-05,1.1605714285714286e-05,
SHIBUSDT,static,اختيار,cycle,2023-04-17 11:35:00+00:00,2023-04-17 12:01:00+00:00,1.1483480571428572e-05,1.1522144571428572e-05,0.4816143497757849,142.85714285714286,1,1.1468571428571429e-05,1.1537142857142856e-05,1.1468571428571429e-05,1.1537142857142856e-05,
SHIBUSDT,static,اختيار,cycle,2023-04-17 11:34:00+00:00,2023-04-17 12:58:00+00:00,1.1552141142857143e-05,1.1590626857142858e-05,0.4765442581193094,142.85714285714286,1,1.1537142857142856e-05,1.1605714285714286e-05,1.1537142857142856e-05,1.1605714285714286e-05,
SHIBUSDT,static,اختيار,cycle,2023-04-17 13:30:00+00:00,2023-04-17 13:34:00+00:00,1.1414820000000001e-05,1.1453662285714286e-05,0.48674543501609774,142.85714285714286,1,1.14e-05,1.1468571428571429e-05,1.14e-05,1.1468571428571429e-05,
SHIBUSDT,static,اختيار,cycle,2023-04-17 15:28:00+00:00,2023-04-17 22:38:00+00:00,1.1414820000000001e-05,1.1453662285714286e-05,0.48674543501609774,142.85714285714286,1,1.14e-05,1.1468571428571429e-05,1.14e-05,1.1468571428571429e-05,
SHIBUSDT,static,اختيار,cycle,2023-04-17 23:08:00+00:00,2023-04-18 05:00:00+00:00,1.1414820000000001e-05,1.1453662285714286e-05,0.48674543501609774,142.85714285714286,1,1.14e-05,1.1468571428571429e-05,1.14e-05,1.1468571428571429e-05,
SHIBUSDT,static,اختيار,cycle,2023-04-17 13:23:00+00:00,2023-04-18 06:19:00+00:00,1.1483480571428572e-05,1.1522144571428572e-05,0.4816143497757849,142.85714285714286,1,1.1468571428571429e-05,1.1537142857142856e-05,1.1468571428571429e-05,1.1537142857142856e-05,
SHIBUSDT,static,اختيار,cycle,2023-04-17 13:14:00+00:00,2023-04-18 10:42:00+00:00,1.1552141142857143e-05,1.1590626857142858e-05,0.4765442581193094,142.85714285714286,1,1.1537142857142856e-05,1.1605714285714286e-05,1.1537142857142856e-05,1.1605714285714286e-05,
SHIBUSDT,static,اختيار,cycle,2023-04-17 07:50:00+00:00,2023-04-18 11:29:00+00:00,1.1620801714285715e-05,1.1659109142857143e-05,0.4715340789195895,142.85714285714286,1,1.1605714285714286e-05,1.1674285714285713e-05,1.1605714285714286e-05,1.1674285714285713e-05,
SHIBUSDT,static,اختيار,cycle,2023-04-18 14:25:00+00:00,2023-04-18 15:45:00+00:00,1.1552141142857143e-05,1.1590626857142858e-05,0.4765442581193094,142.85714285714286,1,1.1537142857142856e-05,1.1605714285714286e-05,1.1537142857142856e-05,1.1605714285714286e-05,
SHIBUSDT,static,اختيار,cycle,2023-04-18 17:42:00+00:00,2023-04-18 20:12:00+00:00,1.1483480571428572e-05,1.1522144571428572e-05,0.4816143497757849,142.85714285714286,1,1.1468571428571429e-05,1.1537142857142856e-05,1.1468571428571429e-05,1.1537142857142856e-05,
SHIBUSDT,static,اختيار,cycle,2023-04-19 04:05:00+00:00,2023-04-19 05:08:00+00:00,1.1483480571428572e-05,1.1522144571428572e-05,0.4816143497757849,142.85714285714286,1,1.1468571428571429e-05,1.1537142857142856e-05,1.1468571428571429e-05,1.1537142857142856e-05,
SHIBUSDT,static,اختيار,flatten,2023-04-19 08:04:00+00:00,2023-04-19 08:12:00+00:00,1.1414820000000001e-05,1.11574764e-05,-3.2248571428571515,142.85714285714286,1,1.14e-05,1.1171999999999999e-05,1.14e-05,1.1468571428571429e-05,
SHIBUSDT,static,اختيار,flatten,2023-04-19 06:33:00+00:00,2023-04-19 08:12:00+00:00,1.1483480571428572e-05,1.11574764e-05,-4.0608392056374125,142.85714285714286,1,1.1468571428571429e-05,1.1171999999999999e-05,1.1468571428571429e-05,1.1537142857142856e-05,
SHIBUSDT,static,اختيار,flatten,2023-04-18 16:31:00+00:00,2023-04-19 08:12:00+00:00,1.1552141142857143e-05,1.11574764e-05,-4.886883888770956,142.85714285714286,1,1.1537142857142856e-05,1.1171999999999999e-05,1.1537142857142856e-05,1.1605714285714286e-05,
SHIBUSDT,static,اختيار,flatten,2023-04-18 12:44:00+00:00,2023-04-19 08:12:00+00:00,1.1620801714285715e-05,1.11574764e-05,-5.703167334880783,142.85714285714286,1,1.1605714285714286e-05,1.1171999999999999e-05,1.1605714285714286e-05,1.1674285714285713e-05,
SHIBUSDT,static,اختيار,flatten,2023-04-17 00:00:00+00:00,2023-04-19 08:12:00+00:00,1.1585041e-05,1.11574764e-05,-5.2320680372002,141.58100832109645,1,1.157e-05,1.1171999999999999e-05,1.1674285714285713e-05,1.1742857142857143e-05,
SHIBUSDT,static,اختيار,flatten,2023-04-17 00:00:00+00:00,2023-04-19 08:12:00+00:00,1.1585041e-05,1.11574764e-05,-5.201515815085162,140.75425790754258,1,1.157e-05,1.1171999999999999e-05,1.1742857142857143e-05,1.181142857142857e-05,
SHIBUSDT,static,اختيار,flatten,2023-04-17 00:00:00+00:00,2023-04-19 08:12:00+00:00,1.1585041e-05,1.11574764e-05,-5.171318335752302,139.937106918239,1,1.157e-05,1.1171999999999999e-05,1.181142857142857e-05,1.188e-05,
SHIBUSDT,static,اختيار,cycle,2023-10-29 01:23:00+00:00,2023-10-29 01:27:00+00:00,7.735757714285715e-06,7.781299714285715e-06,0.8421227810650833,142.85714285714286,1,7.725714285714286e-06,7.791428571428572e-06,7.725714285714286e-06,7.791428571428572e-06,
SHIBUSDT,static,اختيار,cycle,2023-10-29 01:23:00+00:00,2023-10-29 02:58:00+00:00,7.80155742857143e-06,7.846928571428573e-06,0.8318874744617398,142.85714285714286,1,7.791428571428572e-06,7.857142857142858e-06,7.791428571428572e-06,7.857142857142858e-06,
SHIBUSDT,static,اختيار,cycle,2023-10-29 00:57:00+00:00,2023-10-29 07:11:00+00:00,7.867357142857144e-06,7.912557428571427e-06,0.8218233766233362,142.85714285714286,1,7.857142857142858e-06,7.922857142857142e-06,7.857142857142858e-06,7.922857142857142e-06,
SHIBUSDT,static,اختيار,cycle,2023-10-29 00:05:00+00:00,2023-10-29 08:03:00+00:00,7.933156857142857e-06,7.978186285714285e-06,0.8119262273968405,142.85714285714286,1,7.922857142857142e-06,7.988571428571428e-06,7.922857142857142e-06,7.988571428571428e-06,
SHIBUSDT,static,اختيار,cycle,2023-10-29 00:00:00+00:00,2023-10-29 08:04:00+00:00,7.980361e-06,8.043815142857143e-06,1.1347307377886713,142.52503576537913,1,7.97e-06,8.054285714285714e-06,7.988571428571428e-06,8.054285714285714e-06,
SHIBUSDT,static,اختيار,cycle,2023-10-29 00:00:00+00:00,2023-10-29 08:07:00+00:00,7.980361e-06,8.109444000000001e-06,2.2895175594182398,141.36218517204682,1,7.97e-06,8.12e-06,8.054285714285714e-06,8.12e-06,
SHIBUSDT,static,اختيار,cycle,2023-10-29 09:55:00+00:00,2023-10-29 21:12:00+00:00,7.99895657142857e-06,8.043815142857143e-06,0.8021919068056574,142.85714285714286,1,7.988571428571428e-06,8.054285714285714e-06,7.988571428571428e-06,8.054285714285714e-06,
SHIBUSDT,static,اختيار,cycle,2023-10-30 03:24:00+00:00,2023-10-30 08:41:00+00:00,7.933156857142857e-06,7.978186285714285e-06,0.8119262273968405,142.85714285714286,1,7.922857142857142e-06,7.988571428571428e-06,7.922857142857142e-06,7.988571428571428e-06,
SHIBUSDT,static,اختيار,cycle,2023-10-30 17:16:00+00:00,2023-10-30 17:32:00+00:00,7.867357142857144e-06,7.912557428571427e-06,0.8218233766233362,142.85714285714286,1,7.857142857142858e-06,7.922857142857142e-06,7.857142857142858e-06,7.922857142857142e-06,
SHIBUSDT,static,اختيار,cycle,2023-10-30 17:12:00+00:00,2023-10-30 19:47:00+00:00,7.933156857142857e-06,7.978186285714285e-06,0.8119262273968405,142.85714285714286,1,7.922857142857142e-06,7.988571428571428e-06,7.922857142857142e-06,7.988571428571428e-06,
SHIBUSDT,static,اختيار,cycle,2023-10-31 08:06:00+00:00,2023-10-31 08:12:00+00:00,7.80155742857143e-06,7.846928571428573e-06,0.8318874744617398,142.85714285714286,1,7.791428571428572e-06,7.857142857142858e-06,7.791428571428572e-06,7.857142857142858e-06,
SHIBUSDT,static,اختيار,cycle,2023-10-31 07:34:00+00:00,2023-10-31 11:19:00+00:00,7.867357142857144e-06,7.912557428571427e-06,0.8218233766233362,142.85714285714286,1,7.857142857142858e-06,7.922857142857142e-06,7.857142857142858e-06,7.922857142857142e-06,
SHIBUSDT,static,اختيار,cycle,2023-10-31 03:41:00+00:00,2023-10-31 11:37:00+00:00,7.933156857142857e-06,7.978186285714285e-06,0.8119262273968405,142.85714285714286,1,7.922857142857142e-06,7.988571428571428e-06,7.922857142857142e-06,7.988571428571428e-06,
SHIBUSDT,static,اختيار,cycle,2023-10-31 13:52:00+00:00,2023-10-31 14:18:00+00:00,7.80155742857143e-06,7.846928571428573e-06,0.8318874744617398,142.85714285714286,1,7.791428571428572e-06,7.857142857142858e-06,7.791428571428572e-06,7.857142857142858e-06,
SHIBUSDT,static,اختيار,cycle,2023-10-31 15:16:00+00:00,2023-10-31 16:39:00+00:00,7.669958e-06,7.715670857142857e-06,0.8525337027761624,142.85714285714286,1,7.66e-06,7.725714285714286e-06,7.66e-06,7.725714285714286e-06,
SHIBUSDT,static,اختيار,cycle,2023-10-31 15:12:00+00:00,2023-10-31 20:22:00+00:00,7.735757714285715e-06,7.781299714285715e-06,0.8421227810650833,142.85714285714286,1,7.725714285714286e-06,7.791428571428572e-06,7.725714285714286e-06,7.791428571428572e-06,
SHIBUSDT,static,اختيار,cycle,2023-10-31 21:50:00+00:00,2023-10-31 23:59:00+00:00,7.735757714285715e-06,7.781299714285715e-06,0.8421227810650833,142.85714285714286,1,7.725714285714286e-06,7.791428571428572e-06,7.725714285714286e-06,7.791428571428572e-06,
SHIBUSDT,static,اختيار,cycle,2023-11-01 05:38:00+00:00,2023-11-01 13:18:00+00:00,7.669958e-06,7.715670857142857e-06,0.8525337027761624,142.85714285714286,1,7.66e-06,7.725714285714286e-06,7.66e-06,7.725714285714286e-06,
SHIBUSDT,static,اختيار,cycle,2023-11-01 13:31:00+00:00,2023-11-01 18:04:00+00:00,7.669958e-06,7.715670857142857e-06,0.8525337027761624,142.85714285714286,1,7.66e-06,7.725714285714286e-06,7.66e-06,7.725714285714286e-06,
SHIBUSDT,static,اختيار,cycle,2023-11-01 03:09:00+00:00,2023-11-01 18:23:00+00:00,7.735757714285715e-06,7.781299714285715e-06,0.8421227810650833,142.85714285714286,1,7.725714285714286e-06,7.791428571428572e-06,7.725714285714286e-06,7.791428571428572e-06,
SHIBUSDT,static,اختيار,cycle,2023-10-31 14:35:00+00:00,2023-11-01 18:37:00+00:00,7.80155742857143e-06,7.846928571428573e-06,0.8318874744617398,142.85714285714286,1,7.791428571428572e-06,7.857142857142858e-06,7.791428571428572e-06,7.857142857142858e-06,
SHIBUSDT,static,اختيار,cycle,2023-11-01 18:39:00+00:00,2023-11-01 19:02:00+00:00,7.80155742857143e-06,7.846928571428573e-06,0.8318874744617398,142.85714285714286,1,7.791428571428572e-06,7.857142857142858e-06,7.791428571428572e-06,7.857142857142858e-06,
SHIBUSDT,static,اختيار,cycle,2023-11-01 19:15:00+00:00,2023-11-01 19:25:00+00:00,7.80155742857143e-06,7.846928571428573e-06,0.8318874744617398,142.85714285714286,1,7.791428571428572e-06,7.857142857142858e-06,7.791428571428572e-06,7.857142857142858e-06,
SHIBUSDT,static,اختيار,cycle,2023-11-01 19:51:00+00:00,2023-11-01 20:01:00+00:00,7.80155742857143e-06,7.846928571428573e-06,0.8318874744617398,142.85714285714286,1,7.791428571428572e-06,7.857142857142858e-06,7.791428571428572e-06,7.857142857142858e-06,
SHIBUSDT,static,اختيار,cycle,2023-10-31 12:47:00+00:00,2023-11-01 20:58:00+00:00,7.867357142857144e-06,7.912557428571427e-06,0.8218233766233362,142.85714285714286,1,7.857142857142858e-06,7.922857142857142e-06,7.857142857142858e-06,7.922857142857142e-06,
SHIBUSDT,static,اختيار,cycle,2023-10-31 12:28:00+00:00,2023-11-02 00:14:00+00:00,7.933156857142857e-06,7.978186285714285e-06,0.8119262273968405,142.85714285714286,1,7.922857142857142e-06,7.988571428571428e-06,7.922857142857142e-06,7.988571428571428e-06,
SHIBUSDT,static,اختيار,cycle,2023-10-30 02:24:00+00:00,2023-11-02 01:21:00+00:00,7.99895657142857e-06,8.043815142857143e-06,0.8021919068056574,142.85714285714286,1,7.988571428571428e-06,8.054285714285714e-06,7.988571428571428e-06,8.054285714285714e-06,
SHIBUSDT,static,اختيار,cycle,2023-11-02 01:58:00+00:00,2023-11-02 03:05:00+00:00,7.99895657142857e-06,8.043815142857143e-06,0.8021919068056574,142.85714285714286,1,7.988571428571428e-06,8.054285714285714e-06,7.988571428571428e-06,8.054285714285714e-06,
SHIBUSDT,static,اختيار,cycle,2023-11-02 05:15:00+00:00,2023-11-02 06:33:00+00:00,7.933156857142857e-06,7.978186285714285e-06,0.8119262273968405,142.85714285714286,1,7.922857142857142e-06,7.988571428571428e-06,7.922857142857142e-06,7.988571428571428e-06,
SHIBUSDT,static,اختيار,cycle,2023-11-02 06:49:00+00:00,2023-11-02 08:53:00+00:00,7.933156857142857e-06,7.978186285714285e-06,0.8119262273968405,142.85714285714286,1,7.922857142857142e-06,7.988571428571428e-06,7.922857142857142e-06,7.988571428571428e-06,
SHIBUSDT,static,اختيار,cycle,2023-11-02 14:37:00+00:00,2023-11-02 14:40:00+00:00,7.80155742857143e-06,7.846928571428573e-06,0.8318874744617398,142.85714285714286,1,7.791428571428572e-06,7.857142857142858e-06,7.791428571428572e-06,7.857142857142858e-06,
SHIBUSDT,static,اختيار,cycle,2023-11-02 16:31:00+00:00,2023-11-02 16:32:00+00:00,7.669958e-06,7.715670857142857e-06,0.8525337027761624,142.85714285714286,1,7.66e-06,7.725714285714286e-06,7.66e-06,7.725714285714286e-06,
SHIBUSDT,static,اختيار,cycle,2023-11-02 16:21:00+00:00,2023-11-02 17:43:00+00:00,7.735757714285715e-06,7.781299714285715e-06,0.8421227810650833,142.85714285714286,1,7.725714285714286e-06,7.791428571428572e-06,7.725714285714286e-06,7.791428571428572e-06,
SHIBUSDT,static,اختيار,cycle,2023-11-02 15:07:00+00:00,2023-11-02 18:12:00+00:00,7.80155742857143e-06,7.846928571428573e-06,0.8318874744617398,142.85714285714286,1,7.791428571428572e-06,7.857142857142858e-06,7.791428571428572e-06,7.857142857142858e-06,
SHIBUSDT,static,اختيار,cycle,2023-11-02 13:44:00+00:00,2023-11-02 20:11:00+00:00,7.867357142857144e-06,7.912557428571427e-06,0.8218233766233362,142.85714285714286,1,7.857142857142858e-06,7.922857142857142e-06,7.857142857142858e-06,7.922857142857142e-06,
SHIBUSDT,static,اختيار,cycle,2023-11-03 01:16:00+00:00,2023-11-03 02:22:00+00:00,7.669958e-06,7.715670857142857e-06,0.8525337027761624,142.85714285714286,1,7.66e-06,7.725714285714286e-06,7.66e-06,7.725714285714286e-06,
SHIBUSDT,static,اختيار,cycle,2023-11-03 00:51:00+00:00,2023-11-03 05:57:00+00:00,7.735757714285715e-06,7.781299714285715e-06,0.8421227810650833,142.85714285714286,1,7.725714285714286e-06,7.791428571428572e-06,7.725714285714286e-06,7.791428571428572e-06,
SHIBUSDT,static,اختيار,cycle,2023-11-03 10:18:00+00:00,2023-11-03 10:45:00+00:00,7.669958e-06,7.715670857142857e-06,0.8525337027761624,142.85714285714286,1,7.66e-06,7.725714285714286e-06,7.66e-06,7.725714285714286e-06,
SHIBUSDT,static,اختيار,cycle,2023-11-03 09:52:00+00:00,2023-11-03 14:25:00+00:00,7.735757714285715e-06,7.781299714285715e-06,0.8421227810650833,142.85714285714286,1,7.725714285714286e-06,7.791428571428572e-06,7.725714285714286e-06,7.791428571428572e-06,
SHIBUSDT,static,اختيار,cycle,2023-11-03 00:26:00+00:00,2023-11-04 01:18:00+00:00,7.80155742857143e-06,7.846928571428573e-06,0.8318874744617398,142.85714285714286,1,7.791428571428572e-06,7.857142857142858e-06,7.791428571428572e-06,7.857142857142858e-06,
SHIBUSDT,static,اختيار,cycle,2023-11-04 15:07:00+00:00,2023-11-04 16:37:00+00:00,7.80155742857143e-06,7.846928571428573e-06,0.8318874744617398,142.85714285714286,1,7.791428571428572e-06,7.857142857142858e-06,7.791428571428572e-06,7.857142857142858e-06,
SHIBUSDT,static,اختيار,cycle,2023-11-02 20:34:00+00:00,2023-11-04 22:29:00+00:00,7.867357142857144e-06,7.912557428571427e-06,0.8218233766233362,142.85714285714286,1,7.857142857142858e-06,7.922857142857142e-06,7.857142857142858e-06,7.922857142857142e-06,
SHIBUSDT,static,اختيار,cycle,2023-11-02 13:13:00+00:00,2023-11-05 01:18:00+00:00,7.933156857142857e-06,7.978186285714285e-06,0.8119262273968405,142.85714285714286,1,7.922857142857142e-06,7.988571428571428e-06,7.922857142857142e-06,7.988571428571428e-06,
SHIBUSDT,static,اختيار,cycle,2023-11-05 02:21:00+00:00,2023-11-05 03:19:00+00:00,7.933156857142857e-06,7.978186285714285e-06,0.8119262273968405,142.85714285714286,1,7.922857142857142e-06,7.988571428571428e-06,7.922857142857142e-06,7.988571428571428e-06,
SHIBUSDT,static,اختيار,cycle,2023-11-02 04:55:00+00:00,2023-11-05 04:16:00+00:00,7.99895657142857e-06,8.043815142857143e-06,0.8021919068056574,142.85714285714286,1,7.988571428571428e-06,8.054285714285714e-06,7.988571428571428e-06,8.054285714285714e-06,
SHIBUSDT,static,اختيار,cycle,2023-11-05 04:47:00+00:00,2023-11-05 07:48:00+00:00,7.99895657142857e-06,8.043815142857143e-06,0.8021919068056574,142.85714285714286,1,7.988571428571428e-06,8.054285714285714e-06,7.988571428571428e-06,8.054285714285714e-06,
SHIBUSDT,static,اختيار,cycle,2023-10-29 08:12:00+00:00,2023-11-05 08:13:00+00:00,8.064756285714287e-06,8.109444000000001e-06,0.792616429331576,142.85714285714286,1,8.054285714285714e-06,8.12e-06,8.054285714285714e-06,8.12e-06,
SHIBUSDT,static,حكم,cycle,2024-01-15 00:00:00+00:00,2024-01-15 00:44:00+00:00,9.582441e-06,9.665989285714286e-06,1.2427232740485763,142.34716644355197,1,9.57e-06,9.678571428571429e-06,9.604285714285715e-06,9.678571428571429e-06,
SHIBUSDT,static,حكم,cycle,2024-01-15 00:00:00+00:00,2024-01-15 04:33:00+00:00,9.582441e-06,9.74017842857143e-06,2.328227727991569,141.25461254612546,1,9.57e-06,9.752857142857143e-06,9.678571428571429e-06,9.752857142857143e-06,
SHIBUSDT,static,حكم,cycle,2024-01-15 14:52:00+00:00,2024-01-15 17:09:00+00:00,9.542389e-06,9.591800142857143e-06,0.740685697153995,142.85714285714286,1,9.53e-06,9.604285714285715e-06,9.53e-06,9.604285714285715e-06,
SHIBUSDT,static,حكم,cycle,2024-01-15 14:35:00+00:00,2024-01-15 18:27:00+00:00,9.616771285714288e-06,9.665989285714286e-06,0.7320838911200162,142.85714285714286,1,9.604285714285715e-06,9.678571428571429e-06,9.604285714285715e-06,9.678571428571429e-06,
SHIBUSDT,static,حكم,cycle,2024-01-15 07:30:00+00:00,2024-01-15 18:50:00+00:00,9.691153571428573e-06,9.74017842857143e-06,0.7236141275698312,142.85714285714286,1,9.678571428571429e-06,9.752857142857143e-06,9.678571428571429e-06,9.752857142857143e-06,
SHIBUSDT,static,حكم,cycle,2024-01-15 22:15:00+00:00,2024-01-15 22:46:00+00:00,9.542389e-06,9.591800142857143e-06,0.740685697153995,142.85714285714286,1,9.53e-06,9.604285714285715e-06,9.53e-06,9.604285714285715e-06,
SHIBUSDT,static,حكم,cycle,2024-01-15 21:24:00+00:00,2024-01-16 05:46:00+00:00,9.616771285714288e-06,9.665989285714286e-06,0.7320838911200162,142.85714285714286,1,9.604285714285715e-06,9.678571428571429e-06,9.604285714285715e-06,9.678571428571429e-06,
SHIBUSDT,static,حكم,cycle,2024-01-16 06:00:00+00:00,2024-01-16 09:00:00+00:00,9.616771285714288e-06,9.665989285714286e-06,0.7320838911200162,142.85714285714286,1,9.604285714285715e-06,9.678571428571429e-06,9.604285714285715e-06,9.678571428571429e-06,
SHIBUSDT,static,حكم,cycle,2024-01-16 14:36:00+00:00,2024-01-16 15:23:00+00:00,9.542389e-06,9.591800142857143e-06,0.740685697153995,142.85714285714286,1,9.53e-06,9.604285714285715e-06,9.53e-06,9.604285714285715e-06,
SHIBUSDT,static,حكم,cycle,2024-01-16 13:53:00+00:00,2024-01-16 15:39:00+00:00,9.616771285714288e-06,9.665989285714286e-06,0.7320838911200162,142.85714285714286,1,9.604285714285715e-06,9.678571428571429e-06,9.604285714285715e-06,9.678571428571429e-06,
SHIBUSDT,static,حكم,cycle,2024-01-16 16:18:00+00:00,2024-01-16 21:21:00+00:00,9.616771285714288e-06,9.665989285714286e-06,0.7320838911200162,142.85714285714286,1,9.604285714285715e-06,9.678571428571429e-06,9.604285714285715e-06,9.678571428571429e-06,
SHIBUSDT,static,حكم,flatten,2024-01-17 07:48:00+00:00,2024-01-17 23:59:00+00:00,9.542389e-06,9.517611e-06,-0.3714285714285712,142.85714285714286,1,9.53e-06,9.53e-06,9.53e-06,9.604285714285715e-06,
SHIBUSDT,static,حكم,flatten,2024-01-17 04:42:00+00:00,2024-01-17 23:59:00+00:00,9.616771285714288e-06,9.517611e-06,-1.474941033977202,142.85714285714286,1,9.604285714285715e-06,9.53e-06,9.604285714285715e-06,9.678571428571429e-06,
SHIBUSDT,static,حكم,flatten,2024-01-15 18:57:00+00:00,2024-01-17 23:59:00+00:00,9.691153571428573e-06,9.517611e-06,-2.5615139694254303,142.85714285714286,1,9.678571428571429e-06,9.53e-06,9.678571428571429e-06,9.752857142857143e-06,
SHIBUSDT,static,حكم,flatten,2024-01-15 00:00:00+00:00,2024-01-17 23:59:00+00:00,9.582441e-06,9.517611e-06,-0.9496118353596045,140.17870221180607,1,9.57e-06,9.53e-06,9.752857142857143e-06,9.827142857142857e-06,
SHIBUSDT,static,حكم,flatten,2024-01-15 00:00:00+00:00,2024-01-17 23:59:00+00:00,9.582441e-06,9.517611e-06,-0.9424334932402993,139.11905800261667,1,9.57e-06,9.53e-06,9.827142857142857e-06,9.901428571428572e-06,
SHIBUSDT,static,حكم,flatten,2024-01-15 00:00:00+00:00,2024-01-17 23:59:00+00:00,9.582441e-06,9.517611e-06,-0.9353628625018062,138.0753138075314,1,9.57e-06,9.53e-06,9.901428571428572e-06,9.975714285714286e-06,
SHIBUSDT,static,حكم,flatten,2024-01-15 00:00:00+00:00,2024-01-17 23:59:00+00:00,9.582441e-06,9.517611e-06,-0.9283975368752713,137.04711442073608,1,9.57e-06,9.53e-06,9.975714285714286e-06,1.005e-05,
SHIBUSDT,static,حكم,cycle,2024-06-10 00:15:00+00:00,2024-06-10 01:32:00+00:00,2.339179842857143e-05,2.3433782142857145e-05,0.25673401997012263,142.85714285714286,1,2.336142857142857e-05,2.3464285714285714e-05,2.336142857142857e-05,2.3464285714285714e-05,
SHIBUSDT,static,حكم,cycle,2024-06-10 04:12:00+00:00,2024-06-10 04:26:00+00:00,2.328880757142857e-05,2.3331058714285716e-05,0.25951196398959075,142.85714285714286,1,2.3258571428571426e-05,2.336142857142857e-05,2.3258571428571426e-05,2.336142857142857e-05,
SHIBUSDT,static,حكم,cycle,2024-06-10 07:05:00+00:00,2024-06-10 08:16:00+00:00,2.2979835000000002e-05,2.3022888428571427e-05,0.2679951980792098,142.85714285714286,1,2.295e-05,2.305285714285714e-05,2.295e-05,2.305285714285714e-05,
SHIBUSDT,static,حكم,cycle,2024-06-10 06:48:00+00:00,2024-06-10 08:54:00+00:00,2.308282585714286e-05,2.3125611857142856e-05,0.26514221974343016,142.85714285714286,1,2.305285714285714e-05,2.3155714285714284e-05,2.305285714285714e-05,2.3155714285714284e-05,
SHIBUSDT,static,حكم,cycle,2024-06-10 09:31:00+00:00,2024-06-10 09:35:00+00:00,2.308282585714286e-05,2.3125611857142856e-05,0.26514221974343016,142.85714285714286,1,2.305285714285714e-05,2.3155714285714284e-05,2.305285714285714e-05,2.3155714285714284e-05,
SHIBUSDT,static,حكم,cycle,2024-06-10 06:17:00+00:00,2024-06-10 09:46:00+00:00,2.3185816714285715e-05,2.3228335285714284e-05,0.2623145871341206,142.85714285714286,1,2.3155714285714284e-05,2.3258571428571426e-05,2.3155714285714284e-05,2.3258571428571426e-05,
SHIBUSDT,static,حكم,cycle,2024-06-10 11:04:00+00:00,2024-06-10 11:41:00+00:00,2.3185816714285715e-05,2.3228335285714284e-05,0.2623145871341206,142.85714285714286,1,2.3155714285714284e-05,2.3258571428571426e-05,2.3155714285714284e-05,2.3258571428571426e-05,
SHIBUSDT,static,حكم,cycle,2024-06-10 13:05:00+00:00,2024-06-10 13:34:00+00:00,2.2979835000000002e-05,2.3022888428571427e-05,0.2679951980792098,142.85714285714286,1,2.295e-05,2.305285714285714e-05,2.295e-05,2.305285714285714e-05,
SHIBUSDT,static,حكم,cycle,2024-06-10 13:48:00+00:00,2024-06-10 14:32:00+00:00,2.2979835000000002e-05,2.3022888428571427e-05,0.2679951980792098,142.85714285714286,1,2.295e-05,2.305285714285714e-05,2.295e-05,2.305285714285714e-05,
SHIBUSDT,static,حكم,cycle,2024-06-10 12:58:00+00:00,2024-06-10 14:35:00+00:00,2.308282585714286e-05,2.3125611857142856e-05,0.26514221974343016,142.85714285714286,1,2.305285714285714e-05,2.3155714285714284e-05,2.305285714285714e-05,2.3155714285714284e-05,
SHIBUSDT,static,حكم,cycle,2024-06-10 12:01:00+00:00,2024-06-10 15:20:00+00:00,2.3185816714285715e-05,2.3228335285714284e-05,0.2623145871341206,142.85714285714286,1,2.3155714285714284e-05,2.3258571428571426e-05,2.3155714285714284e-05,2.3258571428571426e-05,
SHIBUSDT,static,حكم,cycle,2024-06-10 05:26:00+00:00,2024-06-10 15:43:00+00:00,2.328880757142857e-05,2.3331058714285716e-05,0.25951196398959075,142.85714285714286,1,2.3258571428571426e-05,2.336142857142857e-05,2.3258571428571426e-05,2.336142857142857e-05,
SHIBUSDT,static,حكم,cycle,2024-06-10 02:51:00+00:00,2024-06-10 15:45:00+00:00,2.339179842857143e-05,2.3433782142857145e-05,0.25673401997012263,142.85714285714286,1,2.336142857142857e-05,2.3464285714285714e-05,2.336142857142857e-05,2.3464285714285714e-05,
SHIBUSDT,static,حكم,cycle,2024-06-10 00:01:00+00:00,2024-06-10 15:45:00+00:00,2.3494789285714287e-05,2.353650557142857e-05,0.25398043052835945,142.85714285714286,1,2.3464285714285714e-05,2.3567142857142856e-05,2.3464285714285714e-05,2.3567142857142856e-05,
SHIBUSDT,static,حكم,cycle,2024-06-10 16:25:00+00:00,2024-06-10 16:57:00+00:00,2.328880757142857e-05,2.3331058714285716e-05,0.25951196398959075,142.85714285714286,1,2.3258571428571426e-05,2.336142857142857e-05,2.3258571428571426e-05,2.336142857142857e-05,
SHIBUSDT,static,حكم,cycle,2024-06-10 18:26:00+00:00,2024-06-10 18:46:00+00:00,2.3185816714285715e-05,2.3228335285714284e-05,0.2623145871341206,142.85714285714286,1,2.3155714285714284e-05,2.3258571428571426e-05,2.3155714285714284e-05,2.3258571428571426e-05,
SHIBUSDT,static,حكم,flatten,2024-06-10 19:55:00+00:00,2024-06-11 01:52:00+00:00,2.2979835000000002e-05,2.24617617e-05,-3.2248571428571555,142.85714285714286,1,2.295e-05,2.2491e-05,2.295e-05,2.305285714285714e-05,
SHIBUSDT,static,حكم,flatten,2024-06-10 19:09:00+00:00,2024-06-11 01:52:00+00:00,2.308282585714286e-05,2.24617617e-05,-3.848696518205728,142.85714285714286,1,2.305285714285714e-05,2.2491e-05,2.305285714285714e-05,2.3155714285714284e-05,
SHIBUSDT,static,حكم,flatten,2024-06-10 19:06:00+00:00,2024-06-11 01:52:00+00:00,2.3185816714285715e-05,2.24617617e-05,-4.4669937336400425,142.85714285714286,1,2.3155714285714284e-05,2.2491e-05,2.3155714285714284e-05,2.3258571428571426e-05,
SHIBUSDT,static,حكم,flatten,2024-06-10 17:02:00+00:00,2024-06-11 01:52:00+00:00,2.328880757142857e-05,2.24617617e-05,-5.079822316986492,142.85714285714286,1,2.3258571428571426e-05,2.2491e-05,2.3258571428571426e-05,2.336142857142857e-05,
SHIBUSDT,static,حكم,flatten,2024-06-10 16:01:00+00:00,2024-06-11 01:52:00+00:00,2.339179842857143e-05,2.24617617e-05,-5.687254501140037,142.85714285714286,1,2.336142857142857e-05,2.2491e-05,2.336142857142857e-05,2.3464285714285714e-05,
SHIBUSDT,static,حكم,flatten,2024-06-10 15:58:00+00:00,2024-06-11 01:52:00+00:00,2.3494789285714287e-05,2.24617617e-05,-6.289361252446189,142.85714285714286,1,2.3464285714285714e-05,2.2491e-05,2.3464285714285714e-05,2.3567142857142856e-05,
SHIBUSDT,static,حكم,flatten,2024-06-10 00:00:00+00:00,2024-06-11 01:52:00+00:00,2.3520537e-05,2.24617617e-05,-6.417986906710315,142.3895253682488,1,2.349e-05,2.2491e-05,2.3567142857142856e-05,2.367e-05,
SHIBUSDT,static,حكم,cycle,2025-04-28 00:01:00+00:00,2025-04-28 03:20:00+00:00,1.3437446000000002e-05,1.3512411000000001e-05,0.7980093676814921,142.85714285714286,1,1.342e-05,1.3530000000000001e-05,1.342e-05,1.3530000000000001e-05,
SHIBUSDT,static,حكم,cycle,2025-04-28 00:00:00+00:00,2025-04-28 05:12:00+00:00,1.3467485000000002e-05,1.3622268e-05,1.634283602576276,142.0124590856298,1,1.345e-05,1.364e-05,1.3530000000000001e-05,1.364e-05,
SHIBUSDT,static,حكم,cycle,2025-04-28 00:00:00+00:00,2025-04-28 06:37:00+00:00,1.3467485000000002e-05,1.3732125e-05,2.7716799329702404,140.86719731881024,1,1.345e-05,1.375e-05,1.364e-05,1.375e-05,
SHIBUSDT,static,حكم,cycle,2025-04-28 00:00:00+00:00,2025-04-28 07:25:00+00:00,1.3467485000000002e-05,1.3841982e-05,3.890877922077901,139.74025974025975,1,1.345e-05,1.386e-05,1.375e-05,1.386e-05,
SHIBUSDT,static,حكم,cycle,2025-04-28 00:00:00+00:00,2025-04-28 08:02:00+00:00,1.3467485000000002e-05,1.3951839e-05,4.9923108637394265,138.6312100597815,1,1.345e-05,1.397e-05,1.386e-05,1.397e-05,
SHIBUSDT,static,حكم,cycle,2025-04-28 00:00:00+00:00,2025-04-28 10:01:00+00:00,1.3467485000000002e-05,1.4061696e-05,6.076398404744847,137.53962572860212,1,1.345e-05,1.4079999999999999e-05,1.397e-05,1.4079999999999999e-05,
SHIBUSDT,static,حكم,cycle,2025-04-28 10:22:00+00:00,2025-04-28 10:32:00+00:00,1.3988161000000001e-05,1.4061696e-05,0.7519685039370005,142.85714285714286,1,1.397e-05,1.4079999999999999e-05,1.397e-05,1.4079999999999999e-05,
SHIBUSDT,static,حكم,cycle,2025-04-28 00:00:00+00:00,2025-04-28 10:40:00+00:00,1.3467485000000002e-05,1.4171553e-05,7.143547077922058,136.4650974025974,1,1.345e-05,1.419e-05,1.4079999999999999e-05,1.419e-05,
SHIBUSDT,static,حكم,cycle,2025-04-28 13:57:00+00:00,2025-04-28 14:07:00+00:00,1.3547589000000002e-05,1.3622268e-05,0.7885017421602648,142.85714285714286,1,1.3530000000000001e-05,1.364e-05,1.3530000000000001e-05,1.364e-05,
SHIBUSDT,static,حكم,cycle,2025-04-28 15:20:00+00:00,2025-04-28 17:48:00+00:00,1.3437446000000002e-05,1.3512411000000001e-05,0.7980093676814921,142.85714285714286,1,1.342e-05,1.3530000000000001e-05,1.342e-05,1.3530000000000001e-05,
SHIBUSDT,static,حكم,cycle,2025-04-28 14:57:00+00:00,2025-04-28 19:02:00+00:00,1.3547589000000002e-05,1.3622268e-05,0.7885017421602648,142.85714285714286,1,1.3530000000000001e-05,1.364e-05,1.3530000000000001e-05,1.364e-05,
SHIBUSDT,static,حكم,cycle,2025-04-28 13:37:00+00:00,2025-04-28 19:31:00+00:00,1.3657732e-05,1.3732125e-05,0.7791474654377847,142.85714285714286,1,1.364e-05,1.375e-05,1.364e-05,1.375e-05,
SHIBUSDT,static,حكم,cycle,2025-04-28 20:44:00+00:00,2025-04-28 23:40:00+00:00,1.3657732e-05,1.3732125e-05,0.7791474654377847,142.85714285714286,1,1.364e-05,1.375e-05,1.364e-05,1.375e-05,
SHIBUSDT,static,حكم,cycle,2025-04-28 13:10:00+00:00,2025-04-29 01:06:00+00:00,1.3767875000000002e-05,1.3841982e-05,0.769942857142829,142.85714285714286,1,1.375e-05,1.386e-05,1.375e-05,1.386e-05,
SHIBUSDT,static,حكم,cycle,2025-04-29 01:17:00+00:00,2025-04-29 01:52:00+00:00,1.3767875000000002e-05,1.3841982e-05,0.769942857142829,142.85714285714286,1,1.375e-05,1.386e-05,1.375e-05,1.386e-05,
SHIBUSDT,static,حكم,cycle,2025-04-29 04:45:00+00:00,2025-04-29 06:20:00+00:00,1.3657732e-05,1.3732125e-05,0.7791474654377847,142.85714285714286,1,1.364e-05,1.375e-05,1.364e-05,1.375e-05,
SHIBUSDT,static,حكم,cycle,2025-04-29 02:16:00+00:00,2025-04-29 08:14:00+00:00,1.3767875000000002e-05,1.3841982e-05,0.769942857142829,142.85714285714286,1,1.375e-05,1.386e-05,1.375e-05,1.386e-05,
SHIBUSDT,static,حكم,cycle,2025-04-29 10:38:00+00:00,2025-04-29 10:56:00+00:00,1.3657732e-05,1.3732125e-05,0.7791474654377847,142.85714285714286,1,1.364e-05,1.375e-05,1.364e-05,1.375e-05,
SHIBUSDT,static,حكم,cycle,2025-04-29 13:00:00+00:00,2025-04-29 14:05:00+00:00,1.3547589000000002e-05,1.3622268e-05,0.7885017421602648,142.85714285714286,1,1.3530000000000001e-05,1.364e-05,1.3530000000000001e-05,1.364e-05,
SHIBUSDT,static,حكم,cycle,2025-04-29 10:57:00+00:00,2025-04-29 16:34:00+00:00,1.3657732e-05,1.3732125e-05,0.7791474654377847,142.85714285714286,1,1.364e-05,1.375e-05,1.364e-05,1.375e-05,
SHIBUSDT,static,حكم,cycle,2025-04-29 16:58:00+00:00,2025-04-29 18:18:00+00:00,1.3657732e-05,1.3732125e-05,0.7791474654377847,142.85714285714286,1,1.364e-05,1.375e-05,1.364e-05,1.375e-05,
SHIBUSDT,static,حكم,cycle,2025-04-29 21:11:00+00:00,2025-04-30 11:41:00+00:00,1.3437446000000002e-05,1.3512411000000001e-05,0.7980093676814921,142.85714285714286,1,1.342e-05,1.3530000000000001e-05,1.342e-05,1.3530000000000001e-05,
SHIBUSDT,static,حكم,flatten,2025-04-30 12:18:00+00:00,2025-04-30 12:48:00+00:00,1.3437446000000002e-05,1.313450292e-05,-3.2248571428571573,142.85714285714286,1,1.342e-05,1.31516e-05,1.342e-05,1.3530000000000001e-05,
SHIBUSDT,static,حكم,flatten,2025-04-29 20:33:00+00:00,2025-04-30 12:48:00+00:00,1.3547589000000002e-05,1.313450292e-05,-4.361588850174232,142.85714285714286,1,1.3530000000000001e-05,1.31516e-05,1.3530000000000001e-05,1.364e-05,
SHIBUSDT,static,حكم,flatten,2025-04-29 19:38:00+00:00,2025-04-30 12:48:00+00:00,1.3657732e-05,1.313450292e-05,-5.479986175115207,142.85714285714286,1,1.364e-05,1.31516e-05,1.364e-05,1.375e-05,
SHIBUSDT,static,حكم,flatten,2025-04-29 08:53:00+00:00,2025-04-30 12:48:00+00:00,1.3767875000000002e-05,1.313450292e-05,-6.580489142857161,142.85714285714286,1,1.375e-05,1.31516e-05,1.375e-05,1.386e-05,
SHIBUSDT,static,حكم,flatten,2025-04-28 12:02:00+00:00,2025-04-30 12:48:00+00:00,1.3878018000000001e-05,1.313450292e-05,-7.663523809523812,142.85714285714286,1,1.386e-05,1.31516e-05,1.386e-05,1.397e-05,
SHIBUSDT,static,حكم,flatten,2025-04-28 11:36:00+00:00,2025-04-30 12:48:00+00:00,1.3988161000000001e-05,1.313450292e-05,-8.729502812148485,142.85714285714286,1,1.397e-05,1.31516e-05,1.397e-05,1.4079999999999999e-05,
SHIBUSDT,static,حكم,flatten,2025-04-28 10:50:00+00:00,2025-04-30 12:48:00+00:00,1.4098304e-05,1.313450292e-05,-9.778825892857132,142.85714285714286,1,1.4079999999999999e-05,1.31516e-05,1.4079999999999999e-05,1.419e-05,
SHIBUSDT,static,حكم,cycle,2025-07-14 00:00:00+00:00,2025-07-14 00:14:00+00:00,1.3337316e-05,1.3362606e-05,0.2712355212355092,142.85714285714286,1,1.332e-05,1.3379999999999999e-05,1.332e-05,1.3379999999999999e-05,
SHIBUSDT,static,حكم,cycle,2025-07-14 00:00:00+00:00,2025-07-14 00:25:00+00:00,1.3327303e-05,1.3422528e-05,1.0167093743326974,142.10975870168696,1,1.331e-05,1.344e-05,1.3379999999999999e-05,1.344e-05,
SHIBUSDT,static,حكم,cycle,2025-07-14 00:30:00+00:00,2025-07-14 00:36:00+00:00,1.3397394e-05,1.3422528e-05,0.268353619474701,142.85714285714286,1,1.3379999999999999e-05,1.344e-05,1.3379999999999999e-05,1.344e-05,
SHIBUSDT,static,حكم,cycle,2025-07-14 01:03:00+00:00,2025-07-14 01:05:00+00:00,1.3337316e-05,1.3362606e-05,0.2712355212355092,142.85714285714286,1,1.332e-05,1.3379999999999999e-05,1.332e-05,1.3379999999999999e-05,
SHIBUSDT,static,حكم,cycle,2025-07-14 01:06:00+00:00,2025-07-14 01:42:00+00:00,1.3337316e-05,1.3362606e-05,0.2712355212355092,142.85714285714286,1,1.332e-05,1.3379999999999999e-05,1.332e-05,1.3379999999999999e-05,
SHIBUSDT,static,حكم,cycle,2025-07-14 00:58:00+00:00,2025-07-14 02:13:00+00:00,1.3397394e-05,1.3422528e-05,0.268353619474701,142.85714285714286,1,1.3379999999999999e-05,1.344e-05,1.3379999999999999e-05,1.344e-05,
SHIBUSDT,static,حكم,cycle,2025-07-14 00:00:00+00:00,2025-07-14 02:25:00+00:00,1.3327303e-05,1.348245e-05,1.6490965136054403,141.47534013605443,1,1.331e-05,1.35e-05,1.344e-05,1.35e-05,
SHIBUSDT,static,حكم,cycle,2025-08-14 00:00:00+00:00,2025-08-14 00:32:00+00:00,1.3938096000000002e-05,1.4011761e-05,0.7549190407870283,142.65218282434927,1,1.392e-05,1.403e-05,1.394e-05,1.403e-05,
SHIBUSDT,static,حكم,cycle,2025-08-14 00:50:00+00:00,2025-08-14 01:33:00+00:00,1.3868005e-05,1.3921878000000001e-05,0.5556781846312611,142.85714285714286,1,1.385e-05,1.394e-05,1.385e-05,1.394e-05,
SHIBUSDT,static,حكم,cycle,2025-08-14 00:35:00+00:00,2025-08-14 01:41:00+00:00,1.3958122000000001e-05,1.4011761e-05,0.549692559950799,142.85714285714286,1,1.394e-05,1.403e-05,1.394e-05,1.403e-05,
SHIBUSDT,static,حكم,cycle,2025-08-14 02:20:00+00:00,2025-08-14 02:32:00+00:00,1.3958122000000001e-05,1.4011761e-05,0.549692559950799,142.85714285714286,1,1.394e-05,1.403e-05,1.394e-05,1.403e-05,
SHIBUSDT,static,حكم,cycle,2025-08-14 06:22:00+00:00,2025-08-14 06:29:00+00:00,1.3687771e-05,1.3742112000000001e-05,0.5678858814923292,142.85714285714286,1,1.367e-05,1.376e-05,1.367e-05,1.376e-05,
SHIBUSDT,static,حكم,cycle,2025-08-14 06:03:00+00:00,2025-08-14 06:38:00+00:00,1.3777888000000001e-05,1.3831995e-05,0.5617421096345429,142.85714285714286,1,1.376e-05,1.385e-05,1.376e-05,1.385e-05,
SHIBUSDT,static,حكم,cycle,2025-08-14 09:04:00+00:00,2025-08-14 09:15:00+00:00,1.3597654000000001e-05,1.3652229e-05,0.5741110877340562,142.85714285714286,1,1.358e-05,1.367e-05,1.358e-05,1.367e-05,
SHIBUSDT,static,حكم,cycle,2025-08-14 08:07:00+00:00,2025-08-14 09:53:00+00:00,1.3687771e-05,1.3742112000000001e-05,0.5678858814923292,142.85714285714286,1,1.367e-05,1.376e-05,1.367e-05,1.376e-05,
SHIBUSDT,static,حكم,cycle,2025-08-14 10:43:00+00:00,2025-08-14 10:47:00+00:00,1.3507537e-05,1.3562346000000001e-05,0.5804193582548046,142.85714285714286,1,1.349e-05,1.358e-05,1.349e-05,1.358e-05,
SHIBUSDT,static,حكم,flatten,2025-08-14 12:30:00+00:00,2025-08-14 12:34:00+00:00,1.3417420000000001e-05,1.3114928400000002e-05,-3.2248571428571347,142.85714285714286,1,1.34e-05,1.3132e-05,1.34e-05,1.349e-05,
SHIBUSDT,static,حكم,flatten,2025-08-14 12:30:00+00:00,2025-08-14 12:34:00+00:00,1.3507537e-05,1.3114928400000002e-05,-4.157668113946823,142.85714285714286,1,1.349e-05,1.3132e-05,1.349e-05,1.358e-05,
SHIBUSDT,static,حكم,flatten,2025-08-14 10:41:00+00:00,2025-08-14 12:34:00+00:00,1.3597654000000001e-05,1.3114928400000002e-05,-5.078114874815898,142.85714285714286,1,1.358e-05,1.3132e-05,1.358e-05,1.367e-05,
SHIBUSDT,static,حكم,flatten,2025-08-14 10:10:00+00:00,2025-08-14 12:34:00+00:00,1.3687771e-05,1.3114928400000002e-05,-5.986441634444545,142.85714285714286,1,1.367e-05,1.3132e-05,1.367e-05,1.376e-05,
SHIBUSDT,static,حكم,flatten,2025-08-14 07:23:00+00:00,2025-08-14 12:34:00+00:00,1.3777888000000001e-05,1.3114928400000002e-05,-6.882886212624578,142.85714285714286,1,1.376e-05,1.3132e-05,1.376e-05,1.385e-05,
SHIBUSDT,static,حكم,flatten,2025-08-14 05:44:00+00:00,2025-08-14 12:34:00+00:00,1.3868005e-05,1.3114928400000002e-05,-7.767680247550269,142.85714285714286,1,1.385e-05,1.3132e-05,1.385e-05,1.394e-05,
SHIBUSDT,static,حكم,flatten,2025-08-14 05:30:00+00:00,2025-08-14 12:34:00+00:00,1.3958122000000001e-05,1.3114928400000002e-05,-8.641049395367897,142.85714285714286,1,1.394e-05,1.3132e-05,1.394e-05,1.403e-05,
SHIBUSDT,static,حكم,cycle,2025-09-13 00:22:00+00:00,2025-09-13 00:55:00+00:00,1.3833674714285717e-05,1.3901904e-05,0.7055039366589196,142.85714285714286,1,1.3815714285714287e-05,1.392e-05,1.3815714285714287e-05,1.392e-05,
SHIBUSDT,static,حكم,cycle,2026-01-09 01:22:00+00:00,2026-01-09 01:29:00+00:00,8.714170857142858e-06,8.747185285714287e-06,0.5419308695244339,142.85714285714286,1,8.702857142857143e-06,8.75857142857143e-06,8.702857142857143e-06,8.75857142857143e-06,
SHIBUSDT,static,حكم,cycle,2026-01-09 01:34:00+00:00,2026-01-09 02:07:00+00:00,8.714170857142858e-06,8.747185285714287e-06,0.5419308695244339,142.85714285714286,1,8.702857142857143e-06,8.75857142857143e-06,8.702857142857143e-06,8.75857142857143e-06,
SHIBUSDT,static,حكم,cycle,2026-01-09 02:49:00+00:00,2026-01-09 03:20:00+00:00,8.714170857142858e-06,8.747185285714287e-06,0.5419308695244339,142.85714285714286,1,8.702857142857143e-06,8.75857142857143e-06,8.702857142857143e-06,8.75857142857143e-06,
SHIBUSDT,static,حكم,cycle,2026-01-09 03:27:00+00:00,2026-01-09 03:46:00+00:00,8.714170857142858e-06,8.747185285714287e-06,0.5419308695244339,142.85714285714286,1,8.702857142857143e-06,8.75857142857143e-06,8.702857142857143e-06,8.75857142857143e-06,
SHIBUSDT,static,حكم,cycle,2026-01-09 05:37:00+00:00,2026-01-09 06:14:00+00:00,8.714170857142858e-06,8.747185285714287e-06,0.5419308695244339,142.85714285714286,1,8.702857142857143e-06,8.75857142857143e-06,8.702857142857143e-06,8.75857142857143e-06,
SHIBUSDT,static,حكم,cycle,2026-01-09 08:48:00+00:00,2026-01-09 09:01:00+00:00,8.658384142857143e-06,8.69154342857143e-06,0.5478157230181262,142.85714285714286,1,8.647142857142857e-06,8.702857142857143e-06,8.647142857142857e-06,8.702857142857143e-06,
SHIBUSDT,static,حكم,cycle,2026-01-09 08:37:00+00:00,2026-01-09 09:51:00+00:00,8.714170857142858e-06,8.747185285714287e-06,0.5419308695244339,142.85714285714286,1,8.702857142857143e-06,8.75857142857143e-06,8.702857142857143e-06,8.75857142857143e-06,
SHIBUSDT,static,حكم,cycle,2026-01-09 12:17:00+00:00,2026-01-09 13:12:00+00:00,8.658384142857143e-06,8.69154342857143e-06,0.5478157230181262,142.85714285714286,1,8.647142857142857e-06,8.702857142857143e-06,8.647142857142857e-06,8.702857142857143e-06,
SHIBUSDT,static,حكم,cycle,2026-01-09 09:55:00+00:00,2026-01-09 13:30:00+00:00,8.714170857142858e-06,8.747185285714287e-06,0.5419308695244339,142.85714285714286,1,8.702857142857143e-06,8.75857142857143e-06,8.702857142857143e-06,8.75857142857143e-06,
SHIBUSDT,static,حكم,cycle,2026-01-09 13:31:00+00:00,2026-01-09 13:37:00+00:00,8.714170857142858e-06,8.747185285714287e-06,0.5419308695244339,142.85714285714286,1,8.702857142857143e-06,8.75857142857143e-06,8.702857142857143e-06,8.75857142857143e-06,
SHIBUSDT,static,حكم,cycle,2026-01-09 14:48:00+00:00,2026-01-09 15:22:00+00:00,8.658384142857143e-06,8.69154342857143e-06,0.5478157230181262,142.85714285714286,1,8.647142857142857e-06,8.702857142857143e-06,8.647142857142857e-06,8.702857142857143e-06,
SHIBUSDT,static,حكم,cycle,2026-01-09 14:08:00+00:00,2026-01-09 15:24:00+00:00,8.714170857142858e-06,8.747185285714287e-06,0.5419308695244339,142.85714285714286,1,8.702857142857143e-06,8.75857142857143e-06,8.702857142857143e-06,8.75857142857143e-06,
SHIBUSDT,static,حكم,cycle,2026-01-09 00:00:00+00:00,2026-01-09 15:28:00+00:00,8.769957571428574e-06,8.802827142857142e-06,0.5361208844979312,142.85714285714286,1,8.75857142857143e-06,8.814285714285714e-06,8.75857142857143e-06,8.814285714285714e-06,
SHIBUSDT,static,حكم,cycle,2026-01-09 00:00:00+00:00,2026-01-09 15:33:00+00:00,8.761375e-06,8.858469e-06,1.5736466774716324,141.8152350081037,1,8.75e-06,8.87e-06,8.814285714285714e-06,8.87e-06,
SHIBUSDT,static,حكم,cycle,2026-01-09 15:41:00+00:00,2026-01-09 16:05:00+00:00,8.769957571428574e-06,8.802827142857142e-06,0.5361208844979312,142.85714285714286,1,8.75857142857143e-06,8.814285714285714e-06,8.75857142857143e-06,8.814285714285714e-06,
SHIBUSDT,static,حكم,cycle,2026-01-09 15:36:00+00:00,2026-01-09 16:18:00+00:00,8.825744285714286e-06,8.858469e-06,0.5303843482287615,142.85714285714286,1,8.814285714285714e-06,8.87e-06,8.814285714285714e-06,8.87e-06,
SHIBUSDT,static,حكم,cycle,2026-01-09 17:31:00+00:00,2026-01-09 17:49:00+00:00,8.714170857142858e-06,8.747185285714287e-06,0.5419308695244339,142.85714285714286,1,8.702857142857143e-06,8.75857142857143e-06,8.702857142857143e-06,8.75857142857143e-06,
SHIBUSDT,static,حكم,cycle,2026-01-09 18:31:00+00:00,2026-01-09 18:35:00+00:00,8.602597428571429e-06,8.635901571428571e-06,0.5537769015155047,142.85714285714286,1,8.59142857142857e-06,8.647142857142857e-06,8.59142857142857e-06,8.647142857142857e-06,
SHIBUSDT,static,حكم,cycle,2026-01-09 19:13:00+00:00,2026-01-09 21:28:00+00:00,8.602597428571429e-06,8.635901571428571e-06,0.5537769015155047,142.85714285714286,1,8.59142857142857e-06,8.647142857142857e-06,8.59142857142857e-06,8.647142857142857e-06,
SHIBUSDT,static,حكم,cycle,2026-01-09 18:22:00+00:00,2026-01-09 22:55:00+00:00,8.658384142857143e-06,8.69154342857143e-06,0.5478157230181262,142.85714285714286,1,8.647142857142857e-06,8.702857142857143e-06,8.647142857142857e-06,8.702857142857143e-06,
SHIBUSDT,static,حكم,cycle,2026-01-10 05:27:00+00:00,2026-01-10 07:12:00+00:00,8.602597428571429e-06,8.635901571428571e-06,0.5537769015155047,142.85714285714286,1,8.59142857142857e-06,8.647142857142857e-06,8.59142857142857e-06,8.647142857142857e-06,
SHIBUSDT,static,حكم,cycle,2026-01-10 00:13:00+00:00,2026-01-10 13:45:00+00:00,8.658384142857143e-06,8.69154342857143e-06,0.5478157230181262,142.85714285714286,1,8.647142857142857e-06,8.702857142857143e-06,8.647142857142857e-06,8.702857142857143e-06,
SHIBUSDT,static,حكم,cycle,2026-01-10 14:30:00+00:00,2026-01-10 17:06:00+00:00,8.658384142857143e-06,8.69154342857143e-06,0.5478157230181262,142.85714285714286,1,8.647142857142857e-06,8.702857142857143e-06,8.647142857142857e-06,8.702857142857143e-06,
SHIBUSDT,static,حكم,cycle,2026-01-10 17:58:00+00:00,2026-01-10 19:14:00+00:00,8.658384142857143e-06,8.69154342857143e-06,0.5478157230181262,142.85714285714286,1,8.647142857142857e-06,8.702857142857143e-06,8.647142857142857e-06,8.702857142857143e-06,
SHIBUSDT,static,حكم,cycle,2026-01-10 22:49:00+00:00,2026-01-11 10:11:00+00:00,8.658384142857143e-06,8.69154342857143e-06,0.5478157230181262,142.85714285714286,1,8.647142857142857e-06,8.702857142857143e-06,8.647142857142857e-06,8.702857142857143e-06,
SHIBUSDT,static,حكم,cycle,2026-01-11 14:33:00+00:00,2026-01-11 14:59:00+00:00,8.658384142857143e-06,8.69154342857143e-06,0.5478157230181262,142.85714285714286,1,8.647142857142857e-06,8.702857142857143e-06,8.647142857142857e-06,8.702857142857143e-06,
SHIBUSDT,static,حكم,cycle,2026-01-11 15:48:00+00:00,2026-01-11 16:29:00+00:00,8.546810714285715e-06,8.580259714285714e-06,0.5598158995815802,142.85714285714286,1,8.535714285714286e-06,8.59142857142857e-06,8.535714285714286e-06,8.59142857142857e-06,
SHIBUSDT,static,حكم,cycle,2026-01-11 15:31:00+00:00,2026-01-11 16:31:00+00:00,8.602597428571429e-06,8.635901571428571e-06,0.5537769015155047,142.85714285714286,1,8.59142857142857e-06,8.647142857142857e-06,8.59142857142857e-06,8.647142857142857e-06,
SHIBUSDT,static,حكم,cycle,2026-01-11 20:05:00+00:00,2026-01-12 01:03:00+00:00,8.491024000000001e-06,8.524617857142858e-06,0.5659342510589014,142.85714285714286,1,8.48e-06,8.535714285714286e-06,8.48e-06,8.535714285714286e-06,
SHIBUSDT,static,حكم,cycle,2026-01-11 19:46:00+00:00,2026-01-12 01:23:00+00:00,8.541089e-06,8.580259714285714e-06,0.6555768081291082,142.7615062761506,1,8.53e-06,8.59142857142857e-06,8.535714285714286e-06,8.59142857142857e-06,
SHIBUSDT,static,حكم,cycle,2026-01-12 01:35:00+00:00,2026-01-12 02:03:00+00:00,8.546810714285715e-06,8.580259714285714e-06,0.5598158995815802,142.85714285714286,1,8.535714285714286e-06,8.59142857142857e-06,8.535714285714286e-06,8.59142857142857e-06,
SHIBUSDT,static,حكم,cycle,2026-01-11 16:49:00+00:00,2026-01-12 02:14:00+00:00,8.602597428571429e-06,8.635901571428571e-06,0.5537769015155047,142.85714285714286,1,8.59142857142857e-06,8.647142857142857e-06,8.59142857142857e-06,8.647142857142857e-06,
SHIBUSDT,static,حكم,cycle,2026-01-11 15:08:00+00:00,2026-01-12 02:47:00+00:00,8.658384142857143e-06,8.69154342857143e-06,0.5478157230181262,142.85714285714286,1,8.647142857142857e-06,8.702857142857143e-06,8.647142857142857e-06,8.702857142857143e-06,
SHIBUSDT,static,حكم,cycle,2026-01-09 18:15:00+00:00,2026-01-12 02:55:00+00:00,8.714170857142858e-06,8.747185285714287e-06,0.5419308695244339,142.85714285714286,1,8.702857142857143e-06,8.75857142857143e-06,8.702857142857143e-06,8.75857142857143e-06,
SHIBUSDT,static,حكم,flatten,2026-01-12 07:34:00+00:00,2026-01-12 14:23:00+00:00,8.491024000000001e-06,8.29959648e-06,-3.224857142857162,142.85714285714286,1,8.48e-06,8.3104e-06,8.48e-06,8.535714285714286e-06,
SHIBUSDT,static,حكم,flatten,2026-01-12 07:19:00+00:00,2026-01-12 14:23:00+00:00,8.546810714285715e-06,8.29959648e-06,-4.137476724447112,142.85714285714286,1,8.535714285714286e-06,8.3104e-06,8.535714285714286e-06,8.59142857142857e-06,
SHIBUSDT,static,حكم,flatten,2026-01-12 06:18:00+00:00,2026-01-12 14:23:00+00:00,8.602597428571429e-06,8.29959648e-06,-5.038259869827548,142.85714285714286,1,8.59142857142857e-06,8.3104e-06,8.59142857142857e-06,8.647142857142857e-06,
SHIBUSDT,static,حكم,flatten,2026-01-12 03:58:00+00:00,2026-01-12 14:23:00+00:00,8.658384142857143e-06,8.29959648e-06,-5.927435368530357,142.85714285714286,1,8.647142857142857e-06,8.3104e-06,8.647142857142857e-06,8.702857142857143e-06,
SHIBUSDT,static,حكم,flatten,2026-01-12 03:02:00+00:00,2026-01-12 14:23:00+00:00,8.714170857142858e-06,8.29959648e-06,-6.805226151392941,142.85714285714286,1,8.702857142857143e-06,8.3104e-06,8.702857142857143e-06,8.75857142857143e-06,
SHIBUSDT,static,حكم,flatten,2026-01-09 17:16:00+00:00,2026-01-12 14:23:00+00:00,8.769957571428574e-06,8.29959648e-06,-7.671849476897299,142.85714285714286,1,8.75857142857143e-06,8.3104e-06,8.75857142857143e-06,8.814285714285714e-06,
SHIBUSDT,static,حكم,flatten,2026-01-09 16:27:00+00:00,2026-01-12 14:23:00+00:00,8.825744285714286e-06,8.29959648e-06,-8.52751711044223,142.85714285714286,1,8.814285714285714e-06,8.3104e-06,8.814285714285714e-06,8.87e-06,
SHIBUSDT,static,حكم,cycle,2026-04-23 00:15:00+00:00,2026-04-23 00:18:00+00:00,6.077891000000001e-06,6.093496714285715e-06,0.3672796960629335,142.85714285714286,1,6.07e-06,6.101428571428572e-06,6.07e-06,6.101428571428572e-06,
SHIBUSDT,static,حكم,cycle,2026-04-23 01:33:00+00:00,2026-04-23 01:41:00+00:00,6.077891000000001e-06,6.093496714285715e-06,0.3672796960629335,142.85714285714286,1,6.07e-06,6.101428571428572e-06,6.07e-06,6.101428571428572e-06,
SHIBUSDT,static,حكم,cycle,2026-04-23 02:25:00+00:00,2026-04-23 06:06:00+00:00,6.077891000000001e-06,6.093496714285715e-06,0.3672796960629335,142.85714285714286,1,6.07e-06,6.101428571428572e-06,6.07e-06,6.101428571428572e-06,
SHIBUSDT,static,حكم,cycle,2026-04-23 09:04:00+00:00,2026-04-23 11:47:00+00:00,6.077891000000001e-06,6.093496714285715e-06,0.3672796960629335,142.85714285714286,1,6.07e-06,6.101428571428572e-06,6.07e-06,6.101428571428572e-06,
SHIBUSDT,static,حكم,cycle,2026-04-23 00:00:00+00:00,2026-04-23 14:37:00+00:00,6.109360428571429e-06,6.124884428571429e-06,0.36347459611332056,142.85714285714286,1,6.101428571428572e-06,6.132857142857143e-06,6.101428571428572e-06,6.132857142857143e-06,
SHIBUSDT,static,حكم,cycle,2026-04-23 00:00:00+00:00,2026-04-23 15:01:00+00:00,6.107930000000001e-06,6.156272142857143e-06,1.1260690160061049,142.0917773119031,1,6.1e-06,6.1642857142857144e-06,6.132857142857143e-06,6.1642857142857144e-06,
SHIBUSDT,static,حكم,cycle,2026-04-23 00:00:00+00:00,2026-04-23 15:23:00+00:00,6.107930000000001e-06,6.187659857142858e-06,1.8477371296142946,141.3673232908459,1,6.1e-06,6.195714285714286e-06,6.1642857142857144e-06,6.195714285714286e-06,
SHIBUSDT,static,حكم,cycle,2026-04-23 17:39:00+00:00,2026-04-23 18:11:00+00:00,6.077891000000001e-06,6.093496714285715e-06,0.3672796960629335,142.85714285714286,1,6.07e-06,6.101428571428572e-06,6.07e-06,6.101428571428572e-06,
SHIBUSDT,static,حكم,cycle,2026-04-23 19:01:00+00:00,2026-04-23 19:17:00+00:00,6.077891000000001e-06,6.093496714285715e-06,0.3672796960629335,142.85714285714286,1,6.07e-06,6.101428571428572e-06,6.07e-06,6.101428571428572e-06,
SHIBUSDT,static,حكم,cycle,2026-04-23 19:50:00+00:00,2026-04-23 20:02:00+00:00,6.077891000000001e-06,6.093496714285715e-06,0.3672796960629335,142.85714285714286,1,6.07e-06,6.101428571428572e-06,6.07e-06,6.101428571428572e-06,
SHIBUSDT,static,حكم,cycle,2026-04-23 17:31:00+00:00,2026-04-23 20:40:00+00:00,6.109360428571429e-06,6.124884428571429e-06,0.36347459611332056,142.85714285714286,1,6.101428571428572e-06,6.132857142857143e-06,6.101428571428572e-06,6.132857142857143e-06,
SHIBUSDT,static,حكم,cycle,2026-04-23 17:01:00+00:00,2026-04-24 00:20:00+00:00,6.140829857142858e-06,6.156272142857143e-06,0.3597084955575344,142.85714285714286,1,6.132857142857143e-06,6.1642857142857144e-06,6.132857142857143e-06,6.1642857142857144e-06,
SHIBUSDT,static,حكم,cycle,2026-04-24 01:20:00+00:00,2026-04-24 01:51:00+00:00,6.140829857142858e-06,6.156272142857143e-06,0.3597084955575344,142.85714285714286,1,6.132857142857143e-06,6.1642857142857144e-06,6.132857142857143e-06,6.1642857142857144e-06,
SHIBUSDT,static,حكم,cycle,2026-04-24 03:31:00+00:00,2026-04-24 05:53:00+00:00,6.109360428571429e-06,6.124884428571429e-06,0.36347459611332056,142.85714285714286,1,6.101428571428572e-06,6.132857142857143e-06,6.101428571428572e-06,6.132857142857143e-06,
SHIBUSDT,static,حكم,cycle,2026-04-24 03:18:00+00:00,2026-04-24 08:17:00+00:00,6.140829857142858e-06,6.156272142857143e-06,0.3597084955575344,142.85714285714286,1,6.132857142857143e-06,6.1642857142857144e-06,6.132857142857143e-06,6.1642857142857144e-06,
SHIBUSDT,static,حكم,cycle,2026-04-24 09:22:00+00:00,2026-04-24 10:25:00+00:00,6.140829857142858e-06,6.156272142857143e-06,0.3597084955575344,142.85714285714286,1,6.132857142857143e-06,6.1642857142857144e-06,6.132857142857143e-06,6.1642857142857144e-06,
SHIBUSDT,static,حكم,cycle,2026-04-23 16:19:00+00:00,2026-04-24 11:04:00+00:00,6.172299285714286e-06,6.187659857142858e-06,0.3559807978811513,142.85714285714286,1,6.1642857142857144e-06,6.195714285714286e-06,6.1642857142857144e-06,6.195714285714286e-06,
SHIBUSDT,static,حكم,cycle,2026-04-23 00:00:00+00:00,2026-04-24 11:26:00+00:00,6.107930000000001e-06,6.2190475714285715e-06,2.5620837313481832,140.6502190454231,1,6.1e-06,6.227142857142857e-06,6.195714285714286e-06,6.227142857142857e-06,
SHIBUSDT,static,حكم,cycle,2026-04-24 11:52:00+00:00,2026-04-24 13:12:00+00:00,6.203768714285715e-06,6.2190475714285715e-06,0.3522909186732006,142.85714285714286,1,6.195714285714286e-06,6.227142857142857e-06,6.195714285714286e-06,6.227142857142857e-06,
SHIBUSDT,static,حكم,cycle,2026-04-24 13:56:00+00:00,2026-04-24 14:37:00+00:00,6.172299285714286e-06,6.187659857142858e-06,0.3559807978811513,142.85714285714286,1,6.1642857142857144e-06,6.195714285714286e-06,6.1642857142857144e-06,6.195714285714286e-06,
SHIBUSDT,static,حكم,cycle,2026-04-24 15:06:00+00:00,2026-04-24 15:26:00+00:00,6.172299285714286e-06,6.187659857142858e-06,0.3559807978811513,142.85714285714286,1,6.1642857142857144e-06,6.195714285714286e-06,6.1642857142857144e-06,6.195714285714286e-06,
SHIBUSDT,static,حكم,cycle,2026-04-24 13:23:00+00:00,2026-04-24 15:44:00+00:00,6.203768714285715e-06,6.2190475714285715e-06,0.3522909186732006,142.85714285714286,1,6.195714285714286e-06,6.227142857142857e-06,6.195714285714286e-06,6.227142857142857e-06,
SHIBUSDT,static,حكم,cycle,2026-04-23 00:00:00+00:00,2026-04-24 17:53:00+00:00,6.107930000000001e-06,6.250435285714286e-06,3.2692196768590374,139.94035329203948,1,6.1e-06,6.2585714285714285e-06,6.227142857142857e-06,6.2585714285714285e-06,
SHIBUSDT,static,حكم,cycle,2026-04-24 18:16:00+00:00,2026-04-24 18:31:00+00:00,6.235238142857144e-06,6.250435285714286e-06,0.3486382853210046,142.85714285714286,1,6.227142857142857e-06,6.2585714285714285e-06,6.227142857142857e-06,6.2585714285714285e-06,
SHIBUSDT,static,حكم,cycle,2026-04-24 20:23:00+00:00,2026-04-24 20:36:00+00:00,6.235238142857144e-06,6.250435285714286e-06,0.3486382853210046,142.85714285714286,1,6.227142857142857e-06,6.2585714285714285e-06,6.227142857142857e-06,6.2585714285714285e-06,
SHIBUSDT,static,حكم,cycle,2026-04-23 00:00:00+00:00,2026-04-24 21:12:00+00:00,6.107930000000001e-06,6.281823e-06,3.969253595069603,139.2376169824241,1,6.1e-06,6.29e-06,6.2585714285714285e-06,6.29e-06,
SHIBUSDT,static,حكم,cycle,2026-04-24 22:39:00+00:00,2026-04-25 03:49:00+00:00,6.203768714285715e-06,6.2190475714285715e-06,0.3522909186732006,142.85714285714286,1,6.195714285714286e-06,6.227142857142857e-06,6.195714285714286e-06,6.227142857142857e-06,
SHIBUSDT,static,حكم,cycle,2026-04-25 05:02:00+00:00,2026-04-25 06:03:00+00:00,6.203768714285715e-06,6.2190475714285715e-06,0.3522909186732006,142.85714285714286,1,6.195714285714286e-06,6.227142857142857e-06,6.195714285714286e-06,6.227142857142857e-06,
SHIBUSDT,static,حكم,cycle,2026-04-25 17:29:00+00:00,2026-04-25 18:31:00+00:00,6.140829857142858e-06,6.156272142857143e-06,0.3597084955575344,142.85714285714286,1,6.132857142857143e-06,6.1642857142857144e-06,6.132857142857143e-06,6.1642857142857144e-06,
SHIBUSDT,static,حكم,cycle,2026-04-25 19:29:00+00:00,2026-04-25 22:32:00+00:00,6.140829857142858e-06,6.156272142857143e-06,0.3597084955575344,142.85714285714286,1,6.132857142857143e-06,6.1642857142857144e-06,6.132857142857143e-06,6.1642857142857144e-06,
SHIBUSDT,static,حكم,cycle,2026-04-25 15:54:00+00:00,2026-04-26 04:49:00+00:00,6.172299285714286e-06,6.187659857142858e-06,0.3559807978811513,142.85714285714286,1,6.1642857142857144e-06,6.195714285714286e-06,6.1642857142857144e-06,6.195714285714286e-06,
SHIBUSDT,static,حكم,cycle,2026-04-25 11:42:00+00:00,2026-04-26 05:17:00+00:00,6.203768714285715e-06,6.2190475714285715e-06,0.3522909186732006,142.85714285714286,1,6.195714285714286e-06,6.227142857142857e-06,6.195714285714286e-06,6.227142857142857e-06,
SHIBUSDT,static,حكم,cycle,2026-04-26 05:47:00+00:00,2026-04-26 11:25:00+00:00,6.203768714285715e-06,6.2190475714285715e-06,0.3522909186732006,142.85714285714286,1,6.195714285714286e-06,6.227142857142857e-06,6.195714285714286e-06,6.227142857142857e-06,
SHIBUSDT,static,حكم,cycle,2026-04-26 12:46:00+00:00,2026-04-26 19:15:00+00:00,6.203768714285715e-06,6.2190475714285715e-06,0.3522909186732006,142.85714285714286,1,6.195714285714286e-06,6.227142857142857e-06,6.195714285714286e-06,6.227142857142857e-06,
SHIBUSDT,static,حكم,cycle,2026-04-26 21:33:00+00:00,2026-04-26 21:59:00+00:00,6.203768714285715e-06,6.2190475714285715e-06,0.3522909186732006,142.85714285714286,1,6.195714285714286e-06,6.227142857142857e-06,6.195714285714286e-06,6.227142857142857e-06,
SHIBUSDT,static,حكم,cycle,2026-04-26 23:30:00+00:00,2026-04-26 23:46:00+00:00,6.203768714285715e-06,6.2190475714285715e-06,0.3522909186732006,142.85714285714286,1,6.195714285714286e-06,6.227142857142857e-06,6.195714285714286e-06,6.227142857142857e-06,
SHIBUSDT,static,حكم,cycle,2026-04-27 00:30:00+00:00,2026-04-27 00:40:00+00:00,6.203768714285715e-06,6.2190475714285715e-06,0.3522909186732006,142.85714285714286,1,6.195714285714286e-06,6.227142857142857e-06,6.195714285714286e-06,6.227142857142857e-06,
SHIBUSDT,static,حكم,cycle,2026-04-24 22:05:00+00:00,2026-04-27 00:59:00+00:00,6.235238142857144e-06,6.250435285714286e-06,0.3486382853210046,142.85714285714286,1,6.227142857142857e-06,6.2585714285714285e-06,6.227142857142857e-06,6.2585714285714285e-06,
SHIBUSDT,static,حكم,cycle,2026-04-24 21:14:00+00:00,2026-04-27 01:58:00+00:00,6.266707571428572e-06,6.281823e-06,0.345022336713729,142.85714285714286,1,6.2585714285714285e-06,6.29e-06,6.2585714285714285e-06,6.29e-06,
SHIBUSDT,static,حكم,cycle,2026-04-27 06:31:00+00:00,2026-04-27 09:15:00+00:00,6.109360428571429e-06,6.124884428571429e-06,0.36347459611332056,142.85714285714286,1,6.101428571428572e-06,6.132857142857143e-06,6.101428571428572e-06,6.132857142857143e-06,
SHIBUSDT,static,حكم,cycle,2026-04-27 11:03:00+00:00,2026-04-27 12:12:00+00:00,6.109360428571429e-06,6.124884428571429e-06,0.36347459611332056,142.85714285714286,1,6.101428571428572e-06,6.132857142857143e-06,6.101428571428572e-06,6.132857142857143e-06,
SHIBUSDT,static,حكم,cycle,2026-04-27 13:31:00+00:00,2026-04-27 14:06:00+00:00,6.109360428571429e-06,6.124884428571429e-06,0.36347459611332056,142.85714285714286,1,6.101428571428572e-06,6.132857142857143e-06,6.101428571428572e-06,6.132857142857143e-06,
SHIBUSDT,static,حكم,cycle,2026-04-27 05:36:00+00:00,2026-04-27 14:36:00+00:00,6.140829857142858e-06,6.156272142857143e-06,0.3597084955575344,142.85714285714286,1,6.132857142857143e-06,6.1642857142857144e-06,6.132857142857143e-06,6.1642857142857144e-06,
SHIBUSDT,static,حكم,cycle,2026-04-27 15:19:00+00:00,2026-04-27 17:25:00+00:00,6.077891000000001e-06,6.093496714285715e-06,0.3672796960629335,142.85714285714286,1,6.07e-06,6.101428571428572e-06,6.07e-06,6.101428571428572e-06,
SHIBUSDT,static,حكم,cycle,2026-04-27 19:26:00+00:00,2026-04-27 21:36:00+00:00,6.077891000000001e-06,6.093496714285715e-06,0.3672796960629335,142.85714285714286,1,6.07e-06,6.101428571428572e-06,6.07e-06,6.101428571428572e-06,
SHIBUSDT,static,حكم,cycle,2026-04-27 21:57:00+00:00,2026-04-27 22:30:00+00:00,6.077891000000001e-06,6.093496714285715e-06,0.3672796960629335,142.85714285714286,1,6.07e-06,6.101428571428572e-06,6.07e-06,6.101428571428572e-06,
SHIBUSDT,static,حكم,cycle,2026-04-27 15:15:00+00:00,2026-04-27 23:17:00+00:00,6.109360428571429e-06,6.124884428571429e-06,0.36347459611332056,142.85714285714286,1,6.101428571428572e-06,6.132857142857143e-06,6.101428571428572e-06,6.132857142857143e-06,
SHIBUSDT,static,حكم,cycle,2026-04-27 14:56:00+00:00,2026-04-28 04:16:00+00:00,6.140829857142858e-06,6.156272142857143e-06,0.3597084955575344,142.85714285714286,1,6.132857142857143e-06,6.1642857142857144e-06,6.132857142857143e-06,6.1642857142857144e-06,
SHIBUSDT,static,حكم,cycle,2026-04-27 05:22:00+00:00,2026-04-28 05:28:00+00:00,6.172299285714286e-06,6.187659857142858e-06,0.3559807978811513,142.85714285714286,1,6.1642857142857144e-06,6.195714285714286e-06,6.1642857142857144e-06,6.195714285714286e-06,
SHIBUSDT,static,حكم,cycle,2026-04-28 05:43:00+00:00,2026-04-28 06:05:00+00:00,6.172299285714286e-06,6.187659857142858e-06,0.3559807978811513,142.85714285714286,1,6.1642857142857144e-06,6.195714285714286e-06,6.1642857142857144e-06,6.195714285714286e-06,
SHIBUSDT,static,حكم,cycle,2026-04-28 07:17:00+00:00,2026-04-28 07:32:00+00:00,6.109360428571429e-06,6.124884428571429e-06,0.36347459611332056,142.85714285714286,1,6.101428571428572e-06,6.132857142857143e-06,6.101428571428572e-06,6.132857142857143e-06,
SHIBUSDT,static,حكم,cycle,2026-04-28 06:43:00+00:00,2026-04-28 08:30:00+00:00,6.140829857142858e-06,6.156272142857143e-06,0.3597084955575344,142.85714285714286,1,6.132857142857143e-06,6.1642857142857144e-06,6.132857142857143e-06,6.1642857142857144e-06,
SHIBUSDT,static,حكم,cycle,2026-04-28 09:48:00+00:00,2026-04-28 10:03:00+00:00,6.109360428571429e-06,6.124884428571429e-06,0.36347459611332056,142.85714285714286,1,6.101428571428572e-06,6.132857142857143e-06,6.101428571428572e-06,6.132857142857143e-06,
SHIBUSDT,static,حكم,cycle,2026-04-28 11:49:00+00:00,2026-04-28 12:46:00+00:00,6.077891000000001e-06,6.093496714285715e-06,0.3672796960629335,142.85714285714286,1,6.07e-06,6.101428571428572e-06,6.07e-06,6.101428571428572e-06,
SHIBUSDT,static,حكم,cycle,2026-04-28 13:14:00+00:00,2026-04-28 13:35:00+00:00,6.077891000000001e-06,6.093496714285715e-06,0.3672796960629335,142.85714285714286,1,6.07e-06,6.101428571428572e-06,6.07e-06,6.101428571428572e-06,
SHIBUSDT,static,حكم,cycle,2026-04-28 14:23:00+00:00,2026-04-28 14:58:00+00:00,6.077891000000001e-06,6.093496714285715e-06,0.3672796960629335,142.85714285714286,1,6.07e-06,6.101428571428572e-06,6.07e-06,6.101428571428572e-06,
SHIBUSDT,static,حكم,cycle,2026-04-28 11:07:00+00:00,2026-04-28 19:00:00+00:00,6.109360428571429e-06,6.124884428571429e-06,0.36347459611332056,142.85714285714286,1,6.101428571428572e-06,6.132857142857143e-06,6.101428571428572e-06,6.132857142857143e-06,
SHIBUSDT,static,حكم,cycle,2026-04-28 08:42:00+00:00,2026-04-29 02:01:00+00:00,6.140829857142858e-06,6.156272142857143e-06,0.3597084955575344,142.85714285714286,1,6.132857142857143e-06,6.1642857142857144e-06,6.132857142857143e-06,6.1642857142857144e-06,
SHIBUSDT,static,حكم,cycle,2026-04-29 02:32:00+00:00,2026-04-29 03:18:00+00:00,6.140829857142858e-06,6.156272142857143e-06,0.3597084955575344,142.85714285714286,1,6.132857142857143e-06,6.1642857142857144e-06,6.132857142857143e-06,6.1642857142857144e-06,
SHIBUSDT,static,حكم,cycle,2026-04-28 06:24:00+00:00,2026-04-29 04:00:00+00:00,6.172299285714286e-06,6.187659857142858e-06,0.3559807978811513,142.85714285714286,1,6.1642857142857144e-06,6.195714285714286e-06,6.1642857142857144e-06,6.195714285714286e-06,
SHIBUSDT,static,حكم,cycle,2026-04-27 05:15:00+00:00,2026-04-29 04:41:00+00:00,6.203768714285715e-06,6.2190475714285715e-06,0.3522909186732006,142.85714285714286,1,6.195714285714286e-06,6.227142857142857e-06,6.195714285714286e-06,6.227142857142857e-06,
SHIBUSDT,static,حكم,cycle,2026-04-29 06:16:00+00:00,2026-04-29 07:31:00+00:00,6.203768714285715e-06,6.2190475714285715e-06,0.3522909186732006,142.85714285714286,1,6.195714285714286e-06,6.227142857142857e-06,6.195714285714286e-06,6.227142857142857e-06,
SHIBUSDT,static,حكم,cycle,2026-04-27 05:12:00+00:00,2026-04-29 07:42:00+00:00,6.235238142857144e-06,6.250435285714286e-06,0.3486382853210046,142.85714285714286,1,6.227142857142857e-06,6.2585714285714285e-06,6.227142857142857e-06,6.2585714285714285e-06,
SHIBUSDT,static,حكم,cycle,2026-04-29 08:07:00+00:00,2026-04-29 08:23:00+00:00,6.235238142857144e-06,6.250435285714286e-06,0.3486382853210046,142.85714285714286,1,6.227142857142857e-06,6.2585714285714285e-06,6.227142857142857e-06,6.2585714285714285e-06,
SHIBUSDT,static,حكم,cycle,2026-04-29 08:35:00+00:00,2026-04-29 09:04:00+00:00,6.235238142857144e-06,6.250435285714286e-06,0.3486382853210046,142.85714285714286,1,6.227142857142857e-06,6.2585714285714285e-06,6.227142857142857e-06,6.2585714285714285e-06,
SHIBUSDT,static,حكم,cycle,2026-04-27 05:04:00+00:00,2026-04-29 09:15:00+00:00,6.266707571428572e-06,6.281823e-06,0.345022336713729,142.85714285714286,1,6.2585714285714285e-06,6.29e-06,6.2585714285714285e-06,6.29e-06,
SHIBUSDT,static,حكم,cycle,2026-07-31 00:07:00+00:00,2026-07-31 00:33:00+00:00,4.707540428571429e-06,4.719570857142858e-06,0.3655554108608172,142.85714285714286,1,4.7014285714285716e-06,4.725714285714286e-06,4.7014285714285716e-06,4.725714285714286e-06,
SHIBUSDT,static,حكم,cycle,2026-07-31 00:00:00+00:00,2026-07-31 00:38:00+00:00,4.731857714285715e-06,4.743825e-06,0.3617680082915646,142.85714285714286,1,4.725714285714286e-06,4.75e-06,4.725714285714286e-06,4.75e-06,
SHIBUSDT,static,حكم,cycle,2026-07-31 02:22:00+00:00,2026-07-31 02:29:00+00:00,4.731857714285715e-06,4.743825e-06,0.3617680082915646,142.85714285714286,1,4.725714285714286e-06,4.75e-06,4.725714285714286e-06,4.75e-06,
SHIBUSDT,static,حكم,cycle,2026-07-31 02:42:00+00:00,2026-07-31 03:17:00+00:00,4.707540428571429e-06,4.719570857142858e-06,0.3655554108608172,142.85714285714286,1,4.7014285714285716e-06,4.725714285714286e-06,4.7014285714285716e-06,4.725714285714286e-06,
SHIBUSDT,static,حكم,cycle,2026-07-31 02:38:00+00:00,2026-07-31 03:21:00+00:00,4.731857714285715e-06,4.743825e-06,0.3617680082915646,142.85714285714286,1,4.725714285714286e-06,4.75e-06,4.725714285714286e-06,4.75e-06,
SHIBUSDT,static,حكم,cycle,2026-07-31 04:25:00+00:00,2026-07-31 04:35:00+00:00,4.683223142857144e-06,4.7038769999999996e-06,0.6308447508508183,142.85714285714286,1,4.677142857142858e-06,4.71e-06,4.677142857142858e-06,4.7014285714285716e-06,
SHIBUSDT,static,حكم,cycle,2026-07-31 07:12:00+00:00,2026-07-31 07:46:00+00:00,4.683223142857144e-06,4.695316714285714e-06,0.36938214503881023,142.85714285714286,1,4.677142857142858e-06,4.7014285714285716e-06,4.677142857142858e-06,4.7014285714285716e-06,
SHIBUSDT,static,حكم,cycle,2026-07-31 04:17:00+00:00,2026-07-31 07:57:00+00:00,4.707540428571429e-06,4.719570857142858e-06,0.3655554108608172,142.85714285714286,1,4.7014285714285716e-06,4.725714285714286e-06,4.7014285714285716e-06,4.725714285714286e-06,
SHIBUSDT,static,حكم,cycle,2026-07-31 09:16:00+00:00,2026-07-31 10:12:00+00:00,4.634588571428572e-06,4.6468084285714285e-06,0.3771560846560598,142.85714285714286,1,4.628571428571429e-06,4.652857142857143e-06,4.628571428571429e-06,4.652857142857143e-06,
SHIBUSDT,static,حكم,cycle,2026-07-31 08:40:00+00:00,2026-07-31 12:59:00+00:00,4.658905857142857e-06,4.671062571428572e-06,0.3732488267029533,142.85714285714286,1,4.652857142857143e-06,4.677142857142858e-06,4.652857142857143e-06,4.677142857142858e-06,
SHIBUSDT,static,حكم,cycle,2026-07-31 08:37:00+00:00,2026-07-31 13:23:00+00:00,4.683223142857144e-06,4.7038769999999996e-06,0.6308447508508183,142.85714285714286,1,4.677142857142858e-06,4.71e-06,4.677142857142858e-06,4.7014285714285716e-06,
SHIBUSDT,static,حكم,cycle,2026-07-31 14:07:00+00:00,2026-07-31 14:11:00+00:00,4.610271285714286e-06,4.6225542857142865e-06,0.38110456096806944,142.85714285714286,1,4.604285714285714e-06,4.628571428571429e-06,4.604285714285714e-06,4.628571428571429e-06,
SHIBUSDT,static,حكم,cycle,2026-07-31 14:05:00+00:00,2026-07-31 14:12:00+00:00,4.634588571428572e-06,4.6468084285714285e-06,0.3771560846560598,142.85714285714286,1,4.628571428571429e-06,4.652857142857143e-06,4.628571428571429e-06,4.652857142857143e-06,
SHIBUSDT,static,حكم,cycle,2026-07-31 13:50:00+00:00,2026-07-31 14:34:00+00:00,4.658905857142857e-06,4.671062571428572e-06,0.3732488267029533,142.85714285714286,1,4.652857142857143e-06,4.677142857142858e-06,4.652857142857143e-06,4.677142857142858e-06,
SHIBUSDT,static,حكم,cycle,2026-07-31 14:55:00+00:00,2026-07-31 15:04:00+00:00,4.658905857142857e-06,4.671062571428572e-06,0.3732488267029533,142.85714285714286,1,4.652857142857143e-06,4.677142857142858e-06,4.652857142857143e-06,4.677142857142858e-06,
SHIBUSDT,static,حكم,cycle,2026-07-31 15:21:00+00:00,2026-07-31 15:23:00+00:00,4.634588571428572e-06,4.6468084285714285e-06,0.3771560846560598,142.85714285714286,1,4.628571428571429e-06,4.652857142857143e-06,4.628571428571429e-06,4.652857142857143e-06,
SHIBUSDT,static,حكم,cycle,2026-07-31 15:12:00+00:00,2026-07-31 15:25:00+00:00,4.658905857142857e-06,4.671062571428572e-06,0.3732488267029533,142.85714285714286,1,4.652857142857143e-06,4.677142857142858e-06,4.652857142857143e-06,4.677142857142858e-06,
SHIBUSDT,static,حكم,cycle,2026-07-31 15:26:00+00:00,2026-07-31 15:39:00+00:00,4.658905857142857e-06,4.671062571428572e-06,0.3732488267029533,142.85714285714286,1,4.652857142857143e-06,4.677142857142858e-06,4.652857142857143e-06,4.677142857142858e-06,
SHIBUSDT,static,حكم,cycle,2026-07-31 13:47:00+00:00,2026-07-31 15:43:00+00:00,4.683223142857144e-06,4.695316714285714e-06,0.36938214503881023,142.85714285714286,1,4.677142857142858e-06,4.7014285714285716e-06,4.677142857142858e-06,4.7014285714285716e-06,
SHIBUSDT,static,حكم,cycle,2026-07-31 15:58:00+00:00,2026-07-31 16:01:00+00:00,4.658905857142857e-06,4.671062571428572e-06,0.3732488267029533,142.85714285714286,1,4.652857142857143e-06,4.677142857142858e-06,4.652857142857143e-06,4.677142857142858e-06,
SHIBUSDT,static,حكم,cycle,2026-07-31 16:03:00+00:00,2026-07-31 16:08:00+00:00,4.658905857142857e-06,4.671062571428572e-06,0.3732488267029533,142.85714285714286,1,4.652857142857143e-06,4.677142857142858e-06,4.652857142857143e-06,4.677142857142858e-06,
SHIBUSDT,static,حكم,cycle,2026-07-31 15:47:00+00:00,2026-07-31 16:22:00+00:00,4.683223142857144e-06,4.695316714285714e-06,0.36938214503881023,142.85714285714286,1,4.677142857142858e-06,4.7014285714285716e-06,4.677142857142858e-06,4.7014285714285716e-06,
SHIBUSDT,static,حكم,cycle,2026-07-31 08:13:00+00:00,2026-07-31 16:29:00+00:00,4.707540428571429e-06,4.719570857142858e-06,0.3655554108608172,142.85714285714286,1,4.7014285714285716e-06,4.725714285714286e-06,4.7014285714285716e-06,4.725714285714286e-06,
SHIBUSDT,static,حكم,cycle,2026-07-31 04:10:00+00:00,2026-07-31 16:34:00+00:00,4.731857714285715e-06,4.743825e-06,0.3617680082915646,142.85714285714286,1,4.725714285714286e-06,4.75e-06,4.725714285714286e-06,4.75e-06,
SHIBUSDT,static,حكم,cycle,2026-07-31 16:36:00+00:00,2026-07-31 16:54:00+00:00,4.707540428571429e-06,4.719570857142858e-06,0.3655554108608172,142.85714285714286,1,4.7014285714285716e-06,4.725714285714286e-06,4.7014285714285716e-06,4.725714285714286e-06,
SHIBUSDT,static,حكم,cycle,2026-07-31 16:35:00+00:00,2026-07-31 17:28:00+00:00,4.731857714285715e-06,4.743825e-06,0.3617680082915646,142.85714285714286,1,4.725714285714286e-06,4.75e-06,4.725714285714286e-06,4.75e-06,
SHIBUSDT,static,حكم,cycle,2026-07-31 19:32:00+00:00,2026-07-31 19:51:00+00:00,4.731857714285715e-06,4.743825e-06,0.3617680082915646,142.85714285714286,1,4.725714285714286e-06,4.75e-06,4.725714285714286e-06,4.75e-06,
SHIBUSDT,static,حكم,cycle,2026-07-31 20:17:00+00:00,2026-07-31 20:19:00+00:00,4.731857714285715e-06,4.743825e-06,0.3617680082915646,142.85714285714286,1,4.725714285714286e-06,4.75e-06,4.725714285714286e-06,4.75e-06,
SHIBUSDT,static,حكم,cycle,2026-07-31 20:31:00+00:00,2026-07-31 20:44:00+00:00,4.731857714285715e-06,4.743825e-06,0.3617680082915646,142.85714285714286,1,4.725714285714286e-06,4.75e-06,4.725714285714286e-06,4.75e-06,
SHIBUSDT,static,حكم,cycle,2026-07-31 20:47:00+00:00,2026-07-31 21:10:00+00:00,4.731857714285715e-06,4.743825e-06,0.3617680082915646,142.85714285714286,1,4.725714285714286e-06,4.75e-06,4.725714285714286e-06,4.75e-06,
SHIBUSDT,static,حكم,cycle,2026-07-31 21:58:00+00:00,2026-07-31 22:24:00+00:00,4.707540428571429e-06,4.719570857142858e-06,0.3655554108608172,142.85714285714286,1,4.7014285714285716e-06,4.725714285714286e-06,4.7014285714285716e-06,4.725714285714286e-06,
SHIBUSDT,static,حكم,cycle,2026-07-31 22:56:00+00:00,2026-07-31 23:37:00+00:00,4.707540428571429e-06,4.719570857142858e-06,0.3655554108608172,142.85714285714286,1,4.7014285714285716e-06,4.725714285714286e-06,4.7014285714285716e-06,4.725714285714286e-06,
SHIBUSDT,static,حكم,cycle,2026-08-01 00:06:00+00:00,2026-08-01 00:11:00+00:00,4.707540428571429e-06,4.719570857142858e-06,0.3655554108608172,142.85714285714286,1,4.7014285714285716e-06,4.725714285714286e-06,4.7014285714285716e-06,4.725714285714286e-06,
SHIBUSDT,static,حكم,cycle,2026-08-01 00:25:00+00:00,2026-08-01 00:27:00+00:00,4.707540428571429e-06,4.719570857142858e-06,0.3655554108608172,142.85714285714286,1,4.7014285714285716e-06,4.725714285714286e-06,4.7014285714285716e-06,4.725714285714286e-06,
SHIBUSDT,static,حكم,cycle,2026-07-31 21:36:00+00:00,2026-08-01 00:28:00+00:00,4.731857714285715e-06,4.743825e-06,0.3617680082915646,142.85714285714286,1,4.725714285714286e-06,4.75e-06,4.725714285714286e-06,4.75e-06,
SOLUSDT,static,حكم,cycle,2024-10-10 00:19:00+00:00,2024-10-10 01:37:00+00:00,138.840258,139.43278714285714,0.6104645925873476,142.85714285714286,1,138.66,139.6142857142857,138.66,139.6142857142857,
SOLUSDT,static,حكم,cycle,2024-10-10 00:00:00+00:00,2024-10-10 05:50:00+00:00,139.511129,140.3858322857143,0.8950202452821813,142.56625396500567,1,139.33,140.56857142857143,139.6142857142857,140.56857142857143,
SOLUSDT,static,حكم,cycle,2024-10-10 08:55:00+00:00,2024-10-10 10:52:00+00:00,138.840258,139.43278714285714,0.6104645925873476,142.85714285714286,1,138.66,139.6142857142857,138.66,139.6142857142857,
SOLUSDT,static,حكم,cycle,2024-10-10 08:08:00+00:00,2024-10-10 12:01:00+00:00,139.7957842857143,140.3858322857143,0.6037531975851796,142.85714285714286,1,139.6142857142857,140.56857142857143,139.6142857142857,140.56857142857143,
SOLUSDT,static,حكم,cycle,2024-10-10 12:40:00+00:00,2024-10-10 13:18:00+00:00,138.840258,139.43278714285714,0.6104645925873476,142.85714285714286,1,138.66,139.6142857142857,138.66,139.6142857142857,
SOLUSDT,static,حكم,flatten,2024-10-10 13:36:00+00:00,2024-10-10 18:21:00+00:00,138.840258,135.71014716,-3.2248571428571577,142.85714285714286,1,138.66,135.8868,138.66,139.6142857142857,
SOLUSDT,static,حكم,flatten,2024-10-10 12:30:00+00:00,2024-10-10 18:21:00+00:00,139.7957842857143,135.71014716,-4.180535276490638,142.85714285714286,1,139.6142857142857,135.8868,139.6142857142857,140.56857142857143,
SOLUSDT,static,حكم,flatten,2024-10-10 00:00:00+00:00,2024-10-10 18:21:00+00:00,139.511129,135.71014716,-3.8628649362792133,141.59840647167627,1,139.33,135.8868,140.56857142857143,141.52285714285713,
SOLUSDT,static,حكم,flatten,2024-10-10 00:00:00+00:00,2024-10-10 18:21:00+00:00,139.511129,135.71014716,-3.836817717481296,140.64361132982057,1,139.33,135.8868,141.52285714285713,142.47714285714287,
SOLUSDT,static,حكم,flatten,2024-10-10 00:00:00+00:00,2024-10-10 18:21:00+00:00,139.511129,135.71014716,-3.8111194176509717,139.70160627268535,1,139.33,135.8868,142.47714285714287,143.43142857142857,
SOLUSDT,static,حكم,flatten,2024-10-10 00:00:00+00:00,2024-10-10 18:21:00+00:00,139.511129,135.71014716,-3.785763072448776,138.77213601322686,1,139.33,135.8868,143.43142857142857,144.3857142857143,
SOLUSDT,static,حكم,flatten,2024-10-10 00:00:00+00:00,2024-10-10 18:21:00+00:00,139.511129,135.71014716,-3.76074190165234,137.85495201345603,1,139.33,135.8868,144.3857142857143,145.34,
SOLUSDT,static,حكم,cycle,2025-04-24 01:21:00+00:00,2025-04-24 01:51:00+00:00,149.34675585714285,149.96907214285716,0.596048431344934,142.85714285714286,1,149.15285714285713,150.1642857142857,149.15285714285713,150.1642857142857,
SOLUSDT,static,حكم,cycle,2025-04-24 03:51:00+00:00,2025-04-24 06:30:00+00:00,148.33401242857144,148.9589584285714,0.602653834656039,142.85714285714286,1,148.14142857142858,149.15285714285713,148.14142857142858,149.15285714285713,
SOLUSDT,static,حكم,cycle,2025-04-24 07:52:00+00:00,2025-04-24 12:15:00+00:00,147.321269,147.9488447142857,0.609350054165618,142.85714285714286,1,147.13,148.14142857142858,147.13,148.14142857142858,
SOLUSDT,static,حكم,cycle,2025-04-24 06:57:00+00:00,2025-04-24 13:31:00+00:00,148.33401242857144,148.9589584285714,0.602653834656039,142.85714285714286,1,148.14142857142858,149.15285714285713,148.14142857142858,149.15285714285713,
SOLUSDT,static,حكم,cycle,2025-04-24 13:53:00+00:00,2025-04-24 14:01:00+00:00,148.33401242857144,148.9589584285714,0.602653834656039,142.85714285714286,1,148.14142857142858,149.15285714285713,148.14142857142858,149.15285714285713,
SOLUSDT,static,حكم,cycle,2025-04-24 02:48:00+00:00,2025-04-24 14:05:00+00:00,149.34675585714285,149.96907214285716,0.596048431344934,142.85714285714286,1,149.15285714285713,150.1642857142857,149.15285714285713,150.1642857142857,
SOLUSDT,static,حكم,cycle,2025-04-24 14:21:00+00:00,2025-04-24 14:50:00+00:00,149.34675585714285,149.96907214285716,0.596048431344934,142.85714285714286,1,149.15285714285713,150.1642857142857,149.15285714285713,150.1642857142857,
SOLUSDT,static,حكم,cycle,2025-04-24 00:28:00+00:00,2025-04-24 15:10:00+00:00,150.3594992857143,150.97918585714288,0.5895320091600511,142.85714285714286,1,150.1642857142857,151.1757142857143,150.1642857142857,151.1757142857143,
SOLUSDT,static,حكم,cycle,2025-04-24 15:25:00+00:00,2025-04-24 16:33:00+00:00,150.3594992857143,150.97918585714288,0.5895320091600511,142.85714285714286,1,150.1642857142857,151.1757142857143,150.1642857142857,151.1757142857143,
SOLUSDT,static,حكم,cycle,2025-04-24 17:50:00+00:00,2025-04-24 17:54:00+00:00,149.34675585714285,149.96907214285716,0.596048431344934,142.85714285714286,1,149.15285714285713,150.1642857142857,149.15285714285713,150.1642857142857,
SOLUSDT,static,حكم,cycle,2025-04-24 17:14:00+00:00,2025-04-24 18:02:00+00:00,150.3594992857143,150.97918585714288,0.5895320091600511,142.85714285714286,1,150.1642857142857,151.1757142857143,150.1642857142857,151.1757142857143,
SOLUSDT,static,حكم,cycle,2025-04-24 00:00:00+00:00,2025-04-24 18:32:00+00:00,151.29643000000002,151.9892995714286,0.6547438377560529,142.78559481398182,1,151.1,152.18714285714287,151.1757142857143,152.18714285714287,
SOLUSDT,static,حكم,cycle,2025-04-24 19:13:00+00:00,2025-04-24 20:09:00+00:00,151.37224271428573,151.9892995714286,0.5831027821389209,142.85714285714286,1,151.1757142857143,152.18714285714287,151.1757142857143,152.18714285714287,
SOLUSDT,static,حكم,cycle,2025-04-24 21:28:00+00:00,2025-04-24 22:05:00+00:00,150.3594992857143,150.97918585714288,0.5895320091600511,142.85714285714286,1,150.1642857142857,151.1757142857143,150.1642857142857,151.1757142857143,
SOLUSDT,static,حكم,cycle,2025-04-24 21:00:00+00:00,2025-04-24 23:30:00+00:00,151.37224271428573,151.9892995714286,0.5831027821389209,142.85714285714286,1,151.1757142857143,152.18714285714287,151.1757142857143,152.18714285714287,
SOLUSDT,static,حكم,cycle,2025-04-24 00:00:00+00:00,2025-04-25 01:08:00+00:00,151.29643000000002,152.9994132857143,1.5985800243255786,141.83664848729475,1,151.1,153.19857142857143,152.18714285714287,153.19857142857143,
SOLUSDT,static,حكم,cycle,2025-04-24 00:00:00+00:00,2025-04-25 01:12:00+00:00,151.29643000000002,154.00952700000002,2.5299536549203228,140.9002321916467,1,151.1,154.21,153.19857142857143,154.21,
SOLUSDT,static,حكم,cycle,2025-04-25 02:34:00+00:00,2025-04-25 04:12:00+00:00,151.37224271428573,151.9892995714286,0.5831027821389209,142.85714285714286,1,151.1757142857143,152.18714285714287,151.1757142857143,152.18714285714287,
SOLUSDT,static,حكم,cycle,2025-04-25 04:34:00+00:00,2025-04-25 06:07:00+00:00,151.37224271428573,151.9892995714286,0.5831027821389209,142.85714285714286,1,151.1757142857143,152.18714285714287,151.1757142857143,152.18714285714287,
SOLUSDT,static,حكم,cycle,2025-04-25 02:18:00+00:00,2025-04-25 06:51:00+00:00,152.38498614285717,152.9994132857143,0.576759011796683,142.85714285714286,1,152.18714285714287,153.19857142857143,152.18714285714287,153.19857142857143,
SOLUSDT,static,حكم,cycle,2025-04-25 01:17:00+00:00,2025-04-25 07:52:00+00:00,153.39772957142858,154.00952700000002,0.5704990055590181,142.85714285714286,1,153.19857142857143,154.21,153.19857142857143,154.21,
SOLUSDT,static,حكم,cycle,2025-04-25 10:37:00+00:00,2025-04-25 11:15:00+00:00,153.39772957142858,154.00952700000002,0.5704990055590181,142.85714285714286,1,153.19857142857143,154.21,153.19857142857143,154.21,
SOLUSDT,static,حكم,cycle,2025-04-25 12:54:00+00:00,2025-04-25 14:01:00+00:00,153.39772957142858,154.00952700000002,0.5704990055590181,142.85714285714286,1,153.19857142857143,154.21,153.19857142857143,154.21,
SOLUSDT,static,حكم,cycle,2025-04-25 16:14:00+00:00,2025-04-25 17:07:00+00:00,152.38498614285717,152.9994132857143,0.576759011796683,142.85714285714286,1,152.18714285714287,153.19857142857143,152.18714285714287,153.19857142857143,
SOLUSDT,static,حكم,cycle,2025-04-25 17:39:00+00:00,2025-04-25 20:37:00+00:00,151.37224271428573,151.9892995714286,0.5831027821389209,142.85714285714286,1,151.1757142857143,152.18714285714287,151.1757142857143,152.18714285714287,
SOLUSDT,static,حكم,cycle,2025-04-25 21:47:00+00:00,2025-04-25 22:35:00+00:00,150.3594992857143,150.97918585714288,0.5895320091600511,142.85714285714286,1,150.1642857142857,151.1757142857143,150.1642857142857,151.1757142857143,
SOLUSDT,static,حكم,cycle,2025-04-25 21:23:00+00:00,2025-04-26 01:20:00+00:00,151.37224271428573,151.9892995714286,0.5831027821389209,142.85714285714286,1,151.1757142857143,152.18714285714287,151.1757142857143,152.18714285714287,
SOLUSDT,static,حكم,cycle,2025-04-26 05:05:00+00:00,2025-04-26 05:47:00+00:00,150.3594992857143,150.97918585714288,0.5895320091600511,142.85714285714286,1,150.1642857142857,151.1757142857143,150.1642857142857,151.1757142857143,
SOLUSDT,static,حكم,cycle,2025-04-26 03:28:00+00:00,2025-04-26 07:11:00+00:00,151.37224271428573,151.9892995714286,0.5831027821389209,142.85714285714286,1,151.1757142857143,152.18714285714287,151.1757142857143,152.18714285714287,
SOLUSDT,static,حكم,cycle,2025-04-26 08:10:00+00:00,2025-04-26 08:28:00+00:00,151.37224271428573,151.9892995714286,0.5831027821389209,142.85714285714286,1,151.1757142857143,152.18714285714287,151.1757142857143,152.18714285714287,
SOLUSDT,static,حكم,cycle,2025-04-26 11:42:00+00:00,2025-04-26 15:25:00+00:00,148.33401242857144,148.9589584285714,0.602653834656039,142.85714285714286,1,148.14142857142858,149.15285714285713,148.14142857142858,149.15285714285713,
SOLUSDT,static,حكم,cycle,2025-04-26 09:34:00+00:00,2025-04-27 00:19:00+00:00,149.34675585714285,149.96907214285716,0.596048431344934,142.85714285714286,1,149.15285714285713,150.1642857142857,149.15285714285713,150.1642857142857,
SOLUSDT,static,حكم,cycle,2025-04-27 01:34:00+00:00,2025-04-27 08:18:00+00:00,147.321269,147.9488447142857,0.609350054165618,142.85714285714286,1,147.13,148.14142857142858,147.13,148.14142857142858,
SOLUSDT,static,حكم,cycle,2025-04-27 13:07:00+00:00,2025-04-27 13:12:00+00:00,147.321269,147.9488447142857,0.609350054165618,142.85714285714286,1,147.13,148.14142857142858,147.13,148.14142857142858,
SOLUSDT,static,حكم,cycle,2025-04-27 01:31:00+00:00,2025-04-27 13:46:00+00:00,148.33401242857144,148.9589584285714,0.602653834656039,142.85714285714286,1,148.14142857142858,149.15285714285713,148.14142857142858,149.15285714285713,
SOLUSDT,static,حكم,cycle,2025-04-27 01:21:00+00:00,2025-04-27 18:42:00+00:00,149.34675585714285,149.96907214285716,0.596048431344934,142.85714285714286,1,149.15285714285713,150.1642857142857,149.15285714285713,150.1642857142857,
SOLUSDT,static,حكم,cycle,2025-04-28 00:07:00+00:00,2025-04-28 00:31:00+00:00,147.321269,147.9488447142857,0.609350054165618,142.85714285714286,1,147.13,148.14142857142858,147.13,148.14142857142858,
SOLUSDT,static,حكم,cycle,2025-04-28 00:50:00+00:00,2025-04-28 03:31:00+00:00,147.321269,147.9488447142857,0.609350054165618,142.85714285714286,1,147.13,148.14142857142858,147.13,148.14142857142858,
SOLUSDT,static,حكم,cycle,2025-04-27 22:30:00+00:00,2025-04-28 03:32:00+00:00,148.33401242857144,148.9589584285714,0.602653834656039,142.85714285714286,1,148.14142857142858,149.15285714285713,148.14142857142858,149.15285714285713,
SOLUSDT,static,حكم,cycle,2025-04-28 03:43:00+00:00,2025-04-28 04:14:00+00:00,148.33401242857144,148.9589584285714,0.602653834656039,142.85714285714286,1,148.14142857142858,149.15285714285713,148.14142857142858,149.15285714285713,
SOLUSDT,static,حكم,cycle,2025-04-27 20:22:00+00:00,2025-04-28 06:36:00+00:00,149.34675585714285,149.96907214285716,0.596048431344934,142.85714285714286,1,149.15285714285713,150.1642857142857,149.15285714285713,150.1642857142857,
SOLUSDT,static,حكم,cycle,2025-04-26 09:04:00+00:00,2025-04-28 06:44:00+00:00,150.3594992857143,150.97918585714288,0.5895320091600511,142.85714285714286,1,150.1642857142857,151.1757142857143,150.1642857142857,151.1757142857143,
SOLUSDT,static,حكم,cycle,2025-04-28 10:05:00+00:00,2025-04-28 10:06:00+00:00,150.3594992857143,150.97918585714288,0.5895320091600511,142.85714285714286,1,150.1642857142857,151.1757142857143,150.1642857142857,151.1757142857143,
SOLUSDT,static,حكم,cycle,2025-04-26 08:41:00+00:00,2025-04-28 10:06:00+00:00,151.37224271428573,151.9892995714286,0.5831027821389209,142.85714285714286,1,151.1757142857143,152.18714285714287,151.1757142857143,152.18714285714287,
SOLUSDT,static,حكم,cycle,2025-04-28 10:06:00+00:00,2025-04-28 10:07:00+00:00,149.34675585714285,151.313037,1.8832847824927026,142.85714285714286,1,149.15285714285713,151.51,149.15285714285713,150.1642857142857,
SOLUSDT,static,حكم,cycle,2025-04-28 10:07:00+00:00,2025-04-28 10:26:00+00:00,151.37224271428573,151.9892995714286,0.5831027821389209,142.85714285714286,1,151.1757142857143,152.18714285714287,151.1757142857143,152.18714285714287,
SOLUSDT,static,حكم,cycle,2025-04-28 10:27:00+00:00,2025-04-28 10:32:00+00:00,151.37224271428573,151.9892995714286,0.5831027821389209,142.85714285714286,1,151.1757142857143,152.18714285714287,151.1757142857143,152.18714285714287,
SOLUSDT,static,حكم,cycle,2025-04-25 17:30:00+00:00,2025-04-28 10:43:00+00:00,152.38498614285717,152.9994132857143,0.576759011796683,142.85714285714286,1,152.18714285714287,153.19857142857143,152.18714285714287,153.19857142857143,
SOLUSDT,static,حكم,cycle,2025-04-28 14:57:00+00:00,2025-04-28 19:28:00+00:00,147.321269,147.9488447142857,0.609350054165618,142.85714285714286,1,147.13,148.14142857142858,147.13,148.14142857142858,
SOLUSDT,static,حكم,cycle,2025-04-28 20:32:00+00:00,2025-04-28 22:53:00+00:00,147.321269,147.9488447142857,0.609350054165618,142.85714285714286,1,147.13,148.14142857142858,147.13,148.14142857142858,
SOLUSDT,static,حكم,cycle,2025-04-28 13:57:00+00:00,2025-04-29 01:46:00+00:00,148.33401242857144,148.9589584285714,0.602653834656039,142.85714285714286,1,148.14142857142858,149.15285714285713,148.14142857142858,149.15285714285713,
SOLUSDT,static,حكم,cycle,2025-04-29 02:50:00+00:00,2025-04-29 06:36:00+00:00,147.321269,147.9488447142857,0.609350054165618,142.85714285714286,1,147.13,148.14142857142858,147.13,148.14142857142858,
SOLUSDT,static,حكم,cycle,2025-04-29 01:55:00+00:00,2025-04-29 08:10:00+00:00,148.33401242857144,148.9589584285714,0.602653834656039,142.85714285714286,1,148.14142857142858,149.15285714285713,148.14142857142858,149.15285714285713,
SOLUSDT,static,حكم,cycle,2025-04-29 10:43:00+00:00,2025-04-29 12:06:00+00:00,148.33401242857144,148.9589584285714,0.602653834656039,142.85714285714286,1,148.14142857142858,149.15285714285713,148.14142857142858,149.15285714285713,
SOLUSDT,static,حكم,cycle,2025-04-29 13:16:00+00:00,2025-04-29 14:05:00+00:00,147.321269,147.9488447142857,0.609350054165618,142.85714285714286,1,147.13,148.14142857142858,147.13,148.14142857142858,
SOLUSDT,static,حكم,cycle,2025-04-29 14:27:00+00:00,2025-04-29 14:40:00+00:00,147.321269,147.9488447142857,0.609350054165618,142.85714285714286,1,147.13,148.14142857142858,147.13,148.14142857142858,
SOLUSDT,static,حكم,cycle,2025-04-29 12:24:00+00:00,2025-04-29 16:34:00+00:00,148.33401242857144,148.9589584285714,0.602653834656039,142.85714285714286,1,148.14142857142858,149.15285714285713,148.14142857142858,149.15285714285713,
SOLUSDT,static,حكم,cycle,2025-04-29 17:01:00+00:00,2025-04-29 18:16:00+00:00,148.33401242857144,148.9589584285714,0.602653834656039,142.85714285714286,1,148.14142857142858,149.15285714285713,148.14142857142858,149.15285714285713,
SOLUSDT,static,حكم,cycle,2025-04-28 13:34:00+00:00,2025-04-29 18:54:00+00:00,149.34675585714285,149.96907214285716,0.596048431344934,142.85714285714286,1,149.15285714285713,150.1642857142857,149.15285714285713,150.1642857142857,
SOLUSDT,static,حكم,cycle,2025-04-29 21:16:00+00:00,2025-04-30 03:55:00+00:00,147.321269,147.9488447142857,0.609350054165618,142.85714285714286,1,147.13,148.14142857142858,147.13,148.14142857142858,
SOLUSDT,static,حكم,flatten,2025-04-30 05:03:00+00:00,2025-04-30 13:08:00+00:00,147.321269,143.99995638000001,-3.2248571428571298,142.85714285714286,1,147.13,144.1874,147.13,148.14142857142858,
SOLUSDT,static,حكم,flatten,2025-04-29 21:11:00+00:00,2025-04-30 13:08:00+00:00,148.33401242857144,143.99995638000001,-4.179457900820092,142.85714285714286,1,148.14142857142858,144.1874,148.14142857142858,149.15285714285713,
SOLUSDT,static,حكم,flatten,2025-04-29 19:45:00+00:00,2025-04-30 13:08:00+00:00,149.34675585714285,143.99995638000001,-5.121112068293159,142.85714285714286,1,149.15285714285713,144.1874,149.15285714285713,150.1642857142857,
SOLUSDT,static,حكم,flatten,2025-04-28 13:11:00+00:00,2025-04-30 13:08:00+00:00,150.3594992857143,143.99995638000001,-6.050081249787641,142.85714285714286,1,150.1642857142857,144.1874,150.1642857142857,151.1757142857143,
SOLUSDT,static,حكم,flatten,2025-04-28 12:02:00+00:00,2025-04-30 13:08:00+00:00,151.37224271428573,143.99995638000001,-6.966620048841667,142.85714285714286,1,151.1757142857143,144.1874,151.1757142857143,152.18714285714287,
SOLUSDT,static,حكم,flatten,2025-04-28 11:01:00+00:00,2025-04-30 13:08:00+00:00,152.38498614285717,143.99995638000001,-7.870976300660988,142.85714285714286,1,152.18714285714287,144.1874,152.18714285714287,153.19857142857143,
SOLUSDT,static,حكم,flatten,2025-04-25 15:35:00+00:00,2025-04-30 13:08:00+00:00,153.39772957142858,143.99995638000001,-8.763391295544132,142.85714285714286,1,153.19857142857143,144.1874,153.19857142857143,154.21,
SOLUSDT,static,حكم,cycle,2026-01-13 02:44:00+00:00,2026-01-13 05:01:00+00:00,138.519842,139.02474685714287,0.5213912484178332,142.85714285714286,1,138.34,139.2057142857143,138.34,139.2057142857143,
SOLUSDT,static,حكم,cycle,2026-01-13 00:00:00+00:00,2026-01-13 05:19:00+00:00,139.38668171428574,139.88933571428572,0.5158388407700611,142.85714285714286,1,139.2057142857143,140.07142857142858,139.2057142857143,140.07142857142858,
SOLUSDT,static,حكم,cycle,2026-01-13 00:00:00+00:00,2026-01-13 08:37:00+00:00,139.39097300000003,140.7539245714286,1.3900576965105225,141.97858235594086,1,139.21,140.93714285714287,140.07142857142858,140.93714285714287,
SOLUSDT,static,حكم,cycle,2026-01-13 00:00:00+00:00,2026-01-13 08:51:00+00:00,139.39097300000003,141.61851342857142,2.2578864220841988,141.10647096983456,1,139.21,141.80285714285714,140.93714285714287,141.80285714285714,
SOLUSDT,static,حكم,cycle,2026-01-13 00:00:00+00:00,2026-01-13 09:21:00+00:00,139.39097300000003,142.4831022857143,3.115118862922634,140.24500816022248,1,139.21,142.66857142857143,141.80285714285714,142.66857142857143,
SOLUSDT,static,حكم,cycle,2026-01-13 09:35:00+00:00,2026-01-13 13:30:00+00:00,141.98720085714285,142.4831022857143,0.4995883908962576,142.85714285714286,1,141.80285714285714,142.66857142857143,141.80285714285714,142.66857142857143,
SOLUSDT,static,حكم,cycle,2026-01-13 14:01:00+00:00,2026-01-13 14:19:00+00:00,141.98720085714285,142.4831022857143,0.4995883908962576,142.85714285714286,1,141.80285714285714,142.66857142857143,141.80285714285714,142.66857142857143,
SOLUSDT,static,حكم,cycle,2026-01-13 00:00:00+00:00,2026-01-13 14:36:00+00:00,139.39097300000003,143.34769114285714,3.9619479141037304,139.39400008010577,1,139.21,143.53428571428572,142.66857142857143,143.53428571428572,
SOLUSDT,static,حكم,cycle,2026-01-13 15:00:00+00:00,2026-01-13 15:34:00+00:00,141.98720085714285,142.4831022857143,0.4995883908962576,142.85714285714286,1,141.80285714285714,142.66857142857143,141.80285714285714,142.66857142857143,
SOLUSDT,static,حكم,cycle,2026-01-13 14:51:00+00:00,2026-01-13 16:00:00+00:00,142.85404057142858,143.34769114285714,0.4943030514564828,142.85714285714286,1,142.66857142857143,143.53428571428572,142.66857142857143,143.53428571428572,
SOLUSDT,static,حكم,cycle,2026-01-13 00:00:00+00:00,2026-01-13 16:38:00+00:00,139.39097300000003,144.21228000000002,4.79856181698747,138.55325755916954,1,139.21,144.4,143.53428571428572,144.4,
SOLUSDT,static,حكم,cycle,2026-01-13 17:17:00+00:00,2026-01-13 18:18:00+00:00,142.85404057142858,143.34769114285714,0.4943030514564828,142.85714285714286,1,142.66857142857143,143.53428571428572,142.66857142857143,143.53428571428572,
SOLUSDT,static,حكم,cycle,2026-01-13 16:56:00+00:00,2026-01-13 19:53:00+00:00,143.7208802857143,144.21228000000002,0.4890814681268129,142.85714285714286,1,143.53428571428572,144.4,143.53428571428572,144.4,
SOLUSDT,static,حكم,cycle,2026-01-13 20:32:00+00:00,2026-01-13 22:08:00+00:00,143.7208802857143,144.21228000000002,0.4890814681268129,142.85714285714286,1,143.53428571428572,144.4,143.53428571428572,144.4,
SOLUSDT,static,حكم,cycle,2026-05-10 01:07:00+00:00,2026-05-10 03:04:00+00:00,92.9649832857143,93.05458585714285,0.13786919947155313,142.85714285714286,1,92.84428571428572,93.17571428571428,92.84428571428572,93.17571428571428,
SOLUSDT,static,حكم,cycle,2026-05-10 00:00:00+00:00,2026-05-10 03:40:00+00:00,93.24105600000001,93.38558357142857,0.22158988612690972,142.77172163193967,1,93.12,93.50714285714285,93.17571428571428,93.50714285714285,
SOLUSDT,static,حكم,cycle,2026-05-10 00:00:00+00:00,2026-05-10 08:09:00+00:00,93.24105600000001,93.71658128571428,0.726491919202917,142.26567871056452,1,93.12,93.83857142857143,93.50714285714285,93.83857142857143,
SOLUSDT,static,حكم,cycle,2026-05-10 00:00:00+00:00,2026-05-10 09:00:00+00:00,93.24105600000001,94.047579,1.2278274239955917,141.76321037648242,1,93.12,94.17,93.83857142857143,94.17,
SOLUSDT,static,حكم,cycle,2026-05-10 11:22:00+00:00,2026-05-10 11:46:00+00:00,93.29684271428572,93.38558357142857,0.1360576133309604,142.85714285714286,1,93.17571428571428,93.50714285714285,93.17571428571428,93.50714285714285,
SOLUSDT,static,حكم,cycle,2026-05-10 11:21:00+00:00,2026-05-10 13:49:00+00:00,93.62870214285715,93.71658128571428,0.13425886923402838,142.85714285714286,1,93.50714285714285,93.83857142857143,93.50714285714285,93.83857142857143,
SOLUSDT,static,حكم,cycle,2026-05-10 10:14:00+00:00,2026-05-10 15:04:00+00:00,93.96056157142857,94.047579,0.1324728311103087,142.85714285714286,1,93.83857142857143,94.17,93.83857142857143,94.17,
SOLUSDT,static,حكم,cycle,2026-07-06 00:22:00+00:00,2026-07-06 00:39:00+00:00,81.35705542857144,81.53814814285715,0.31839917414324326,142.85714285714286,1,81.25142857142858,81.64428571428572,81.25142857142858,81.64428571428572,
SOLUSDT,static,حكم,cycle,2026-07-06 00:00:00+00:00,2026-07-06 00:45:00+00:00,81.69606700000001,81.93049457142858,0.4101897979537867,142.76215639271405,1,81.59,82.03714285714287,81.64428571428572,82.03714285714287,
SOLUSDT,static,حكم,cycle,2026-07-06 02:07:00+00:00,2026-07-06 02:22:00+00:00,81.35705542857144,81.53814814285715,0.31839917414324326,142.85714285714286,1,81.25142857142858,81.64428571428572,81.25142857142858,81.64428571428572,
SOLUSDT,static,حكم,cycle,2026-07-06 03:24:00+00:00,2026-07-06 04:04:00+00:00,80.57031971428573,80.7534552857143,0.32513505562007766,142.85714285714286,1,80.4657142857143,80.85857142857144,80.4657142857143,80.85857142857144,
SOLUSDT,static,حكم,cycle,2026-07-06 05:25:00+00:00,2026-07-06 07:37:00+00:00,80.57031971428573,80.7534552857143,0.32513505562007766,142.85714285714286,1,80.4657142857143,80.85857142857144,80.4657142857143,80.85857142857144,
SOLUSDT,static,حكم,cycle,2026-07-06 09:45:00+00:00,2026-07-06 10:32:00+00:00,80.17695185714287,80.36110885714287,0.328552568196819,142.85714285714286,1,80.07285714285715,80.4657142857143,80.07285714285715,80.4657142857143,
SOLUSDT,static,حكم,cycle,2026-07-06 08:35:00+00:00,2026-07-06 11:22:00+00:00,80.57031971428573,80.7534552857143,0.32513505562007766,142.85714285714286,1,80.4657142857143,80.85857142857144,80.4657142857143,80.85857142857144,
SOLUSDT,static,حكم,cycle,2026-07-06 12:03:00+00:00,2026-07-06 12:10:00+00:00,79.78358400000002,79.96876242857144,0.33200378042781636,142.85714285714286,1,79.68,80.07285714285715,79.68,80.07285714285715,
SOLUSDT,static,حكم,cycle,2026-07-06 12:03:00+00:00,2026-07-06 12:13:00+00:00,80.17695185714287,80.36110885714287,0.328552568196819,142.85714285714286,1,80.07285714285715,80.4657142857143,80.07285714285715,80.4657142857143,
SOLUSDT,static,حكم,cycle,2026-07-06 12:57:00+00:00,2026-07-06 13:41:00+00:00,79.78358400000002,79.96876242857144,0.33200378042781636,142.85714285714286,1,79.68,80.07285714285715,79.68,80.07285714285715,
SOLUSDT,static,حكم,cycle,2026-07-06 12:43:00+00:00,2026-07-06 13:45:00+00:00,80.17695185714287,80.36110885714287,0.328552568196819,142.85714285714286,1,80.07285714285715,80.4657142857143,80.07285714285715,80.4657142857143,
SOLUSDT,static,حكم,cycle,2026-07-06 11:59:00+00:00,2026-07-06 13:49:00+00:00,80.57031971428573,80.7534552857143,0.32513505562007766,142.85714285714286,1,80.4657142857143,80.85857142857144,80.4657142857143,80.85857142857144,
SOLUSDT,static,حكم,cycle,2026-07-06 14:07:00+00:00,2026-07-06 14:23:00+00:00,80.17695185714287,80.36110885714287,0.328552568196819,142.85714285714286,1,80.07285714285715,80.4657142857143,80.07285714285715,80.4657142857143,
SOLUSDT,static,حكم,cycle,2026-07-06 14:52:00+00:00,2026-07-06 15:03:00+00:00,80.17695185714287,80.36110885714287,0.328552568196819,142.85714285714286,1,80.07285714285715,80.4657142857143,80.07285714285715,80.4657142857143,
SOLUSDT,static,حكم,cycle,2026-07-06 13:54:00+00:00,2026-07-06 15:41:00+00:00,80.57031971428573,80.7534552857143,0.32513505562007766,142.85714285714286,1,80.4657142857143,80.85857142857144,80.4657142857143,80.85857142857144,
SOLUSDT,static,حكم,cycle,2026-07-06 02:56:00+00:00,2026-07-06 15:43:00+00:00,80.9636875714286,81.14580171428572,0.3217507515010881,142.85714285714286,1,80.85857142857144,81.25142857142858,80.85857142857144,81.25142857142858,
SOLUSDT,static,حكم,cycle,2026-07-06 02:40:00+00:00,2026-07-06 16:07:00+00:00,81.35705542857144,81.53814814285715,0.31839917414324326,142.85714285714286,1,81.25142857142858,81.64428571428572,81.25142857142858,81.64428571428572,
SOLUSDT,static,حكم,cycle,2026-07-06 01:49:00+00:00,2026-07-06 16:08:00+00:00,81.75042328571429,81.93049457142858,0.31507985112122483,142.85714285714286,1,81.64428571428572,82.03714285714287,81.64428571428572,82.03714285714287,
SOLUSDT,static,حكم,cycle,2026-07-06 17:36:00+00:00,2026-07-06 18:50:00+00:00,81.75042328571429,81.93049457142858,0.31507985112122483,142.85714285714286,1,81.64428571428572,82.03714285714287,81.64428571428572,82.03714285714287,
SOLUSDT,static,حكم,cycle,2026-07-06 00:00:00+00:00,2026-07-06 21:09:00+00:00,81.69606700000001,82.32284100000001,1.0914463831713812,142.07850102740917,1,81.59,82.43,82.03714285714287,82.43,
SOLUSDT,static,حكم,cycle,2026-07-06 23:20:00+00:00,2026-07-07 00:31:00+00:00,82.14379114285715,82.32284100000001,0.3117923190590623,142.85714285714286,1,82.03714285714287,82.43,82.03714285714287,82.43,
SOLUSDT,static,حكم,cycle,2026-07-07 05:21:00+00:00,2026-07-07 05:31:00+00:00,80.57031971428573,80.7534552857143,0.32513505562007766,142.85714285714286,1,80.4657142857143,80.85857142857144,80.4657142857143,80.85857142857144,
SOLUSDT,static,حكم,cycle,2026-07-07 04:17:00+00:00,2026-07-07 06:34:00+00:00,80.9636875714286,81.14580171428572,0.3217507515010881,142.85714285714286,1,80.85857142857144,81.25142857142858,80.85857142857144,81.25142857142858,
SOLUSDT,static,حكم,cycle,2026-07-07 03:01:00+00:00,2026-07-07 07:01:00+00:00,81.35705542857144,81.53814814285715,0.31839917414324326,142.85714285714286,1,81.25142857142858,81.64428571428572,81.25142857142858,81.64428571428572,
SOLUSDT,static,حكم,cycle,2026-07-07 11:00:00+00:00,2026-07-07 11:45:00+00:00,80.9636875714286,81.14580171428572,0.3217507515010881,142.85714285714286,1,80.85857142857144,81.25142857142858,80.85857142857144,81.25142857142858,
SOLUSDT,static,حكم,cycle,2026-07-07 08:06:00+00:00,2026-07-07 12:05:00+00:00,81.35705542857144,81.53814814285715,0.31839917414324326,142.85714285714286,1,81.25142857142858,81.64428571428572,81.25142857142858,81.64428571428572,
SOLUSDT,static,حكم,cycle,2026-07-07 13:35:00+00:00,2026-07-07 13:46:00+00:00,80.9636875714286,81.14580171428572,0.3217507515010881,142.85714285714286,1,80.85857142857144,81.25142857142858,80.85857142857144,81.25142857142858,
SOLUSDT,static,حكم,cycle,2026-07-07 13:54:00+00:00,2026-07-07 14:30:00+00:00,80.9636875714286,81.14580171428572,0.3217507515010881,142.85714285714286,1,80.85857142857144,81.25142857142858,80.85857142857144,81.25142857142858,
SOLUSDT,static,حكم,cycle,2026-07-07 14:35:00+00:00,2026-07-07 14:47:00+00:00,80.9636875714286,81.14580171428572,0.3217507515010881,142.85714285714286,1,80.85857142857144,81.25142857142858,80.85857142857144,81.25142857142858,
SOLUSDT,static,حكم,cycle,2026-07-07 13:10:00+00:00,2026-07-07 14:53:00+00:00,81.35705542857144,81.53814814285715,0.31839917414324326,142.85714285714286,1,81.25142857142858,81.64428571428572,81.25142857142858,81.64428571428572,
SOLUSDT,static,حكم,cycle,2026-07-07 02:23:00+00:00,2026-07-07 15:28:00+00:00,81.75042328571429,81.93049457142858,0.31507985112122483,142.85714285714286,1,81.64428571428572,82.03714285714287,81.64428571428572,82.03714285714287,
SOLUSDT,static,حكم,cycle,2026-07-07 01:04:00+00:00,2026-07-07 16:25:00+00:00,82.14379114285715,82.32284100000001,0.3117923190590623,142.85714285714286,1,82.03714285714287,82.43,82.03714285714287,82.43,
SOLUSDT,static,حكم,cycle,2026-07-07 19:18:00+00:00,2026-07-07 19:31:00+00:00,80.9636875714286,81.14580171428572,0.3217507515010881,142.85714285714286,1,80.85857142857144,81.25142857142858,80.85857142857144,81.25142857142858,
SOLUSDT,static,حكم,cycle,2026-07-07 22:00:00+00:00,2026-07-07 22:12:00+00:00,80.57031971428573,80.7534552857143,0.32513505562007766,142.85714285714286,1,80.4657142857143,80.85857142857144,80.4657142857143,80.85857142857144,
SOLUSDT,static,حكم,flatten,2026-07-08 01:36:00+00:00,2026-07-08 06:38:00+00:00,79.78358400000002,77.98488768000001,-3.2248571428571515,142.85714285714286,1,79.68,78.08640000000001,79.68,80.07285714285715,
SOLUSDT,static,حكم,flatten,2026-07-08 01:28:00+00:00,2026-07-08 06:38:00+00:00,80.17695185714287,77.98488768000001,-3.910838659690021,142.85714285714286,1,80.07285714285715,78.08640000000001,80.07285714285715,80.4657142857143,
SOLUSDT,static,حكم,flatten,2026-07-08 00:35:00+00:00,2026-07-08 06:38:00+00:00,80.57031971428573,77.98488768000001,-4.590121851872521,142.85714285714286,1,80.4657142857143,78.08640000000001,80.4657142857143,80.85857142857144,
SOLUSDT,static,حكم,flatten,2026-07-07 21:20:00+00:00,2026-07-08 06:38:00+00:00,80.9636875714286,77.98488768000001,-5.262804352270417,142.85714285714286,1,80.85857142857144,78.08640000000001,80.85857142857144,81.25142857142858,
SOLUSDT,static,حكم,flatten,2026-07-07 18:59:00+00:00,2026-07-08 06:38:00+00:00,81.35705542857144,77.98488768000001,-5.928981905498678,142.85714285714286,1,81.25142857142858,78.08640000000001,81.25142857142858,81.64428571428572,
SOLUSDT,static,حكم,flatten,2026-07-07 18:51:00+00:00,2026-07-08 06:38:00+00:00,81.75042328571429,77.98488768000001,-6.588748413351082,142.85714285714286,1,81.64428571428572,78.08640000000001,81.64428571428572,82.03714285714287,
SOLUSDT,static,حكم,flatten,2026-07-07 18:28:00+00:00,2026-07-08 06:38:00+00:00,82.14379114285715,77.98488768000001,-7.242195978924423,142.85714285714286,1,82.03714285714287,78.08640000000001,82.03714285714287,82.43,
SOLUSDT,static,حكم,cycle,2026-07-24 02:47:00+00:00,2026-07-24 03:15:00+00:00,75.52805900000001,75.77564914285715,0.46891184420206955,142.85714285714286,1,75.43,75.87428571428572,75.43,75.87428571428572,
SOLUSDT,static,حكم,cycle,2026-07-24 00:00:00+00:00,2026-07-24 07:10:00+00:00,75.97292228571429,76.2193572857143,0.4639911884320027,142.85714285714286,1,75.87428571428572,76.31857142857143,75.87428571428572,76.31857142857143,
SOLUSDT,static,حكم,flatten,2026-07-24 09:14:00+00:00,2026-07-24 14:17:00+00:00,75.52805900000001,73.82530218000001,-3.2248571428571515,142.85714285714286,1,75.43,73.9214,75.43,75.87428571428572,
SOLUSDT,static,حكم,flatten,2026-07-24 07:42:00+00:00,2026-07-24 14:17:00+00:00,75.97292228571429,73.82530218000001,-4.043568507520488,142.85714285714286,1,75.87428571428572,73.9214,75.87428571428572,76.31857142857143,
SOLUSDT,static,حكم,flatten,2026-07-24 00:00:00+00:00,2026-07-24 14:17:00+00:00,75.978644,73.82530218000001,-4.03073923216591,142.03620163599948,1,75.88,73.9214,76.31857142857143,76.76285714285714,
SOLUSDT,static,حكم,flatten,2026-07-24 00:00:00+00:00,2026-07-24 14:17:00+00:00,75.978644,73.82530218000001,-4.007410243049083,141.21412885696208,1,75.88,73.9214,76.76285714285714,77.20714285714287,
SOLUSDT,static,حكم,flatten,2026-07-24 00:00:00+00:00,2026-07-24 14:17:00+00:00,75.978644,73.82530218000001,-3.984349745582374,140.40151725414003,1,75.88,73.9214,77.20714285714287,77.65142857142858,
SOLUSDT,static,حكم,flatten,2026-07-24 00:00:00+00:00,2026-07-24 14:17:00+00:00,75.978644,73.82530218000001,-3.9615531312090555,139.5982044300537,1,75.88,73.9214,77.65142857142858,78.0957142857143,
SOLUSDT,static,حكم,flatten,2026-07-24 00:00:00+00:00,2026-07-24 14:17:00+00:00,75.978644,73.82530218000001,-3.9390158962445243,138.8040316827336,1,75.88,73.9214,78.0957142857143,78.54,
SOLUSDT,static,حكم,cycle,2026-08-17 00:19:00+00:00,2026-08-17 01:01:00+00:00,74.656928,74.69277299999999,0.06867910790924817,142.85714285714286,1,74.55999999999999,74.78999999999999,74.55999999999999,74.78999999999999,
SOLUSDT,static,حكم,cycle,2026-08-17 00:00:00+00:00,2026-08-17 01:04:00+00:00,74.71700600000001,74.922474,0.39246652531847653,142.5324241208718,1,74.62,75.02,74.78999999999999,75.02,
SOLUSDT,static,حكم,cycle,2026-08-17 00:00:00+00:00,2026-08-17 01:23:00+00:00,74.71700600000001,75.152175,0.8286723540388996,142.09544121567583,1,74.62,75.25,75.02,75.25,
SOLUSDT,static,حكم,cycle,2026-08-17 00:00:00+00:00,2026-08-17 02:52:00+00:00,74.71700600000001,75.38187599999999,1.2622116753677821,141.66112956810633,1,74.62,75.47999999999999,75.25,75.47999999999999,
SOLUSDT,static,حكم,cycle,2026-08-17 00:00:00+00:00,2026-08-17 06:46:00+00:00,74.71700600000001,75.611577,1.6931088651676605,141.22946475887656,1,74.62,75.71,75.47999999999999,75.71,
SOLUSDT,static,حكم,cycle,2026-08-17 08:50:00+00:00,2026-08-17 10:29:00+00:00,75.347825,75.38187599999999,0.06464356905551201,142.85714285714286,1,75.25,75.47999999999999,75.25,75.47999999999999,
SOLUSDT,static,حكم,cycle,2026-08-17 08:20:00+00:00,2026-08-17 10:43:00+00:00,75.578124,75.611577,0.06331478537359832,142.85714285714286,1,75.47999999999999,75.71,75.47999999999999,75.71,
SOLUSDT,static,حكم,cycle,2026-08-17 12:26:00+00:00,2026-08-17 13:34:00+00:00,75.578124,75.611577,0.06331478537359832,142.85714285714286,1,75.47999999999999,75.71,75.47999999999999,75.71,
SOLUSDT,static,حكم,cycle,2026-08-18 02:55:00+00:00,2026-08-18 03:37:00+00:00,75.347825,75.38187599999999,0.06464356905551201,142.85714285714286,1,75.25,75.47999999999999,75.25,75.47999999999999,
SOLUSDT,static,حكم,cycle,2026-08-18 02:14:00+00:00,2026-08-18 04:28:00+00:00,75.578124,75.611577,0.06331478537359832,142.85714285714286,1,75.47999999999999,75.71,75.47999999999999,75.71,
TONUSDT,static,حكم,cycle,2024-09-29 01:17:00+00:00,2024-09-29 02:11:00+00:00,5.8215582,5.842823014285714,0.5225026852846312,142.85714285714286,1,5.814,5.850428571428571,5.814,5.850428571428571,
TONUSDT,static,حكم,cycle,2024-09-29 04:21:00+00:00,2024-09-29 17:03:00+00:00,5.8215582,5.842823014285714,0.5225026852846312,142.85714285714286,1,5.814,5.850428571428571,5.814,5.850428571428571,
TONUSDT,static,حكم,cycle,2024-09-29 00:05:00+00:00,2024-09-29 19:56:00+00:00,5.858034128571429,5.879204228571429,0.5169364881693641,142.85714285714286,1,5.850428571428571,5.886857142857143,5.850428571428571,5.886857142857143,
TONUSDT,static,حكم,cycle,2024-09-29 23:35:00+00:00,2024-09-29 23:50:00+00:00,5.8215582,5.842823014285714,0.5225026852846312,142.85714285714286,1,5.814,5.850428571428571,5.814,5.850428571428571,
TONUSDT,static,حكم,cycle,2024-09-30 00:27:00+00:00,2024-09-30 00:58:00+00:00,5.8215582,5.842823014285714,0.5225026852846312,142.85714285714286,1,5.814,5.850428571428571,5.814,5.850428571428571,
TONUSDT,static,حكم,cycle,2024-09-30 01:49:00+00:00,2024-09-30 17:59:00+00:00,5.8215582,5.842823014285714,0.5225026852846312,142.85714285714286,1,5.814,5.850428571428571,5.814,5.850428571428571,
TONUSDT,static,حكم,cycle,2024-09-29 22:18:00+00:00,2024-09-30 17:59:00+00:00,5.858034128571429,5.879204228571429,0.5169364881693641,142.85714285714286,1,5.850428571428571,5.886857142857143,5.850428571428571,5.886857142857143,
TONUSDT,static,حكم,cycle,2024-09-30 18:17:00+00:00,2024-09-30 19:38:00+00:00,5.8215582,5.842823014285714,0.5225026852846312,142.85714285714286,1,5.814,5.850428571428571,5.814,5.850428571428571,
TONUSDT,static,حكم,flatten,2024-09-30 21:44:00+00:00,2024-09-30 23:41:00+00:00,5.8215582,5.690312964,-3.2248571428571386,142.85714285714286,1,5.814,5.69772,5.814,5.850428571428571,
TONUSDT,static,حكم,flatten,2024-09-30 18:00:00+00:00,2024-09-30 23:41:00+00:00,5.858034128571429,5.690312964,-4.095454901263124,142.85714285714286,1,5.850428571428571,5.69772,5.850428571428571,5.886857142857143,
TONUSDT,static,حكم,flatten,2024-09-29 00:00:00+00:00,2024-09-30 23:41:00+00:00,5.894510057142858,5.690312964,-4.955277934936362,142.85714285714286,1,5.886857142857143,5.69772,5.886857142857143,5.923285714285714,
TONUSDT,static,حكم,flatten,2024-09-29 00:00:00+00:00,2024-09-30 23:41:00+00:00,5.8926505,5.690312964,-4.879954079540794,141.93377227889926,1,5.885,5.69772,5.923285714285714,5.959714285714286,
TONUSDT,static,حكم,flatten,2024-09-29 00:00:00+00:00,2024-09-30 23:41:00+00:00,5.8926505,5.690312964,-4.850125509372451,141.0662064336737,1,5.885,5.69772,5.959714285714286,5.996142857142857,
TONUSDT,static,حكم,flatten,2024-09-29 00:00:00+00:00,2024-09-30 23:41:00+00:00,5.8926505,5.690312964,-4.820659376265693,140.20918209325043,1,5.885,5.69772,5.996142857142857,6.032571428571429,
TONUSDT,static,حكم,flatten,2024-09-29 00:00:00+00:00,2024-09-30 23:41:00+00:00,5.8926505,5.690312964,-4.791549114331722,139.36250828833948,1,5.885,5.69772,6.032571428571429,6.069,
TONUSDT,static,حكم,cycle,2024-11-16 00:00:00+00:00,2024-11-16 02:10:00+00:00,5.387995300000001,5.4139527,0.6889272254365771,142.81543606348532,1,5.381,5.421,5.382571428571429,5.421,
TONUSDT,static,حكم,cycle,2024-11-16 06:32:00+00:00,2024-11-16 08:04:00+00:00,5.389568771428572,5.4139527,0.6471662129472906,142.85714285714286,1,5.382571428571429,5.421,5.382571428571429,5.421,
TONUSDT,static,حكم,cycle,2025-05-17 00:37:00+00:00,2025-05-17 00:54:00+00:00,3.0659806,3.0752826428571427,0.4339853903677636,142.85714285714286,1,3.062,3.079285714285714,3.062,3.079285714285714,
TONUSDT,static,حكم,cycle,2025-05-17 01:05:00+00:00,2025-05-17 04:43:00+00:00,3.0659806,3.0752826428571427,0.4339853903677636,142.85714285714286,1,3.062,3.079285714285714,3.062,3.079285714285714,
TONUSDT,static,حكم,cycle,2025-05-17 05:45:00+00:00,2025-05-17 06:14:00+00:00,3.0659806,3.0752826428571427,0.4339853903677636,142.85714285714286,1,3.062,3.079285714285714,3.062,3.079285714285714,
TONUSDT,static,حكم,cycle,2025-05-17 06:22:00+00:00,2025-05-17 06:44:00+00:00,3.0659806,3.0752826428571427,0.4339853903677636,142.85714285714286,1,3.062,3.079285714285714,3.062,3.079285714285714,
TONUSDT,static,حكم,cycle,2025-05-17 00:25:00+00:00,2025-05-17 07:06:00+00:00,3.0832887857142857,3.092545885714286,0.429464161447466,142.85714285714286,1,3.079285714285714,3.0965714285714285,3.079285714285714,3.0965714285714285,
TONUSDT,static,حكم,cycle,2025-05-17 07:49:00+00:00,2025-05-17 15:35:00+00:00,3.0659806,3.0752826428571427,0.4339853903677636,142.85714285714286,1,3.062,3.079285714285714,3.062,3.079285714285714,
TONUSDT,static,حكم,cycle,2025-05-17 15:51:00+00:00,2025-05-17 16:08:00+00:00,3.0659806,3.0752826428571427,0.4339853903677636,142.85714285714286,1,3.062,3.079285714285714,3.062,3.079285714285714,
TONUSDT,static,حكم,cycle,2025-05-17 16:22:00+00:00,2025-05-17 18:18:00+00:00,3.0659806,3.0752826428571427,0.4339853903677636,142.85714285714286,1,3.062,3.079285714285714,3.062,3.079285714285714,
TONUSDT,static,حكم,cycle,2025-05-17 18:34:00+00:00,2025-05-17 20:54:00+00:00,3.0659806,3.0752826428571427,0.4339853903677636,142.85714285714286,1,3.062,3.079285714285714,3.062,3.079285714285714,
TONUSDT,static,حكم,cycle,2025-05-17 21:20:00+00:00,2025-05-17 21:30:00+00:00,3.0659806,3.0752826428571427,0.4339853903677636,142.85714285714286,1,3.062,3.079285714285714,3.062,3.079285714285714,
TONUSDT,static,حكم,cycle,2025-05-17 22:16:00+00:00,2025-05-17 23:21:00+00:00,3.0659806,3.0752826428571427,0.4339853903677636,142.85714285714286,1,3.062,3.079285714285714,3.062,3.079285714285714,
TONUSDT,static,حكم,cycle,2025-05-17 07:37:00+00:00,2025-05-18 05:05:00+00:00,3.0832887857142857,3.092545885714286,0.429464161447466,142.85714285714286,1,3.079285714285714,3.0965714285714285,3.079285714285714,3.0965714285714285,
TONUSDT,static,حكم,cycle,2025-05-17 00:05:00+00:00,2025-05-18 05:48:00+00:00,3.1005969714285717,3.109809128571429,0.4249934094324216,142.85714285714286,1,3.0965714285714285,3.113857142857143,3.0965714285714285,3.113857142857143,
TONUSDT,static,حكم,cycle,2025-05-18 06:34:00+00:00,2025-05-18 07:26:00+00:00,3.1005969714285717,3.109809128571429,0.4249934094324216,142.85714285714286,1,3.0965714285714285,3.113857142857143,3.0965714285714285,3.113857142857143,
TONUSDT,static,حكم,cycle,2025-05-17 00:00:00+00:00,2025-05-18 08:08:00+00:00,3.1050313000000003,3.127072371428571,1.0111974780277477,142.2672844886911,1,3.101,3.131142857142857,3.113857142857143,3.131142857142857,
TONUSDT,static,حكم,cycle,2025-05-18 12:02:00+00:00,2025-05-18 12:24:00+00:00,3.0832887857142857,3.092545885714286,0.429464161447466,142.85714285714286,1,3.079285714285714,3.0965714285714285,3.079285714285714,3.0965714285714285,
TONUSDT,static,حكم,cycle,2025-05-18 09:41:00+00:00,2025-05-18 13:37:00+00:00,3.1005969714285717,3.109809128571429,0.4249934094324216,142.85714285714286,1,3.0965714285714285,3.113857142857143,3.0965714285714285,3.113857142857143,
TONUSDT,static,حكم,cycle,2025-05-18 08:17:00+00:00,2025-05-18 14:12:00+00:00,3.1179051571428573,3.127072371428571,0.42057229369701177,142.85714285714286,1,3.113857142857143,3.131142857142857,3.113857142857143,3.131142857142857,
TONUSDT,static,حكم,cycle,2025-05-17 00:00:00+00:00,2025-05-18 14:46:00+00:00,3.1050313000000003,3.144335614285714,1.7932436484037735,141.48188703348848,1,3.101,3.148428571428571,3.131142857142857,3.148428571428571,
TONUSDT,static,حكم,cycle,2025-05-18 15:03:00+00:00,2025-05-18 15:16:00+00:00,3.135213342857143,3.144335614285714,0.41619999217863174,142.85714285714286,1,3.131142857142857,3.148428571428571,3.131142857142857,3.148428571428571,
TONUSDT,static,حكم,cycle,2025-05-17 00:00:00+00:00,2025-05-18 15:42:00+00:00,3.1050313000000003,3.161598857142857,2.56670253381989,140.70511366214438,1,3.101,3.1657142857142855,3.148428571428571,3.1657142857142855,
TONUSDT,static,حكم,cycle,2025-05-17 00:00:00+00:00,2025-05-18 16:01:00+00:00,3.1050313000000003,3.1788621,3.3317148014440274,139.93682310469313,1,3.101,3.183,3.1657142857142855,3.183,
TONUSDT,static,حكم,cycle,2025-05-18 20:00:00+00:00,2025-05-18 20:47:00+00:00,3.0659806,3.0752826428571427,0.4339853903677636,142.85714285714286,1,3.062,3.079285714285714,3.062,3.079285714285714,
TONUSDT,static,حكم,cycle,2025-05-18 19:40:00+00:00,2025-05-18 21:01:00+00:00,3.0832887857142857,3.092545885714286,0.429464161447466,142.85714285714286,1,3.079285714285714,3.0965714285714285,3.079285714285714,3.0965714285714285,
TONUSDT,static,حكم,cycle,2025-05-18 19:31:00+00:00,2025-05-18 21:18:00+00:00,3.1005969714285717,3.109809128571429,0.4249934094324216,142.85714285714286,1,3.0965714285714285,3.113857142857143,3.0965714285714285,3.113857142857143,
TONUSDT,static,حكم,cycle,2025-05-18 21:52:00+00:00,2025-05-18 22:25:00+00:00,3.1005969714285717,3.109809128571429,0.4249934094324216,142.85714285714286,1,3.0965714285714285,3.113857142857143,3.0965714285714285,3.113857142857143,
TONUSDT,static,حكم,cycle,2025-05-18 18:10:00+00:00,2025-05-18 22:59:00+00:00,3.1179051571428573,3.127072371428571,0.42057229369701177,142.85714285714286,1,3.113857142857143,3.131142857142857,3.113857142857143,3.131142857142857,
TONUSDT,static,حكم,cycle,2025-05-19 00:46:00+00:00,2025-05-19 00:50:00+00:00,3.0832887857142857,3.092545885714286,0.429464161447466,142.85714285714286,1,3.079285714285714,3.0965714285714285,3.079285714285714,3.0965714285714285,
TONUSDT,static,حكم,cycle,2025-05-19 01:17:00+00:00,2025-05-19 01:32:00+00:00,3.0659806,3.0752826428571427,0.4339853903677636,142.85714285714286,1,3.062,3.079285714285714,3.062,3.079285714285714,
TONUSDT,static,حكم,cycle,2025-05-19 02:11:00+00:00,2025-05-19 02:31:00+00:00,3.0659806,3.0752826428571427,0.4339853903677636,142.85714285714286,1,3.062,3.079285714285714,3.062,3.079285714285714,
TONUSDT,static,حكم,flatten,2025-05-19 03:06:00+00:00,2025-05-19 07:04:00+00:00,3.0659806,2.996859012,-3.224857142857154,142.85714285714286,1,3.062,3.0007599999999996,3.062,3.079285714285714,
TONUSDT,static,حكم,flatten,2025-05-19 01:09:00+00:00,2025-05-19 07:04:00+00:00,3.0832887857142857,2.996859012,-4.00973202107566,142.85714285714286,1,3.079285714285714,3.0007599999999996,3.079285714285714,3.0965714285714285,
TONUSDT,static,حكم,flatten,2025-05-19 00:30:00+00:00,2025-05-19 07:04:00+00:00,3.1005969714285717,2.996859012,-4.785844225344708,142.85714285714286,1,3.0965714285714285,3.0007599999999996,3.0965714285714285,3.113857142857143,
TONUSDT,static,حكم,flatten,2025-05-19 00:23:00+00:00,2025-05-19 07:04:00+00:00,3.1179051571428573,2.996859012,-5.553339686326445,142.85714285714286,1,3.113857142857143,3.0007599999999996,3.113857142857143,3.131142857142857,
TONUSDT,static,حكم,flatten,2025-05-18 18:01:00+00:00,2025-05-19 07:04:00+00:00,3.135213342857143,2.996859012,-6.312361112197423,142.85714285714286,1,3.131142857142857,3.0007599999999996,3.131142857142857,3.148428571428571,
TONUSDT,static,حكم,flatten,2025-05-18 17:58:00+00:00,2025-05-19 07:04:00+00:00,3.1525215285714285,2.996859012,-7.063048077110065,142.85714285714286,1,3.148428571428571,3.0007599999999996,3.148428571428571,3.1657142857142855,
TONUSDT,static,حكم,flatten,2025-05-18 17:51:00+00:00,2025-05-19 07:04:00+00:00,3.169829714285714,2.996859012,-7.805537106756062,142.85714285714286,1,3.1657142857142855,3.0007599999999996,3.1657142857142855,3.183,
TONUSDT,static,حكم,cycle,2025-06-07 00:00:00+00:00,2025-06-07 05:08:00+00:00,3.156240642857143,3.174439285714286,0.8247742060794475,142.85714285714286,1,3.152142857142857,3.178571428571429,3.152142857142857,3.178571428571429,
TONUSDT,static,حكم,cycle,2025-06-07 00:00:00+00:00,2025-06-07 12:22:00+00:00,3.1560976000000003,3.2008335000000003,2.0106022471910134,141.6629213483146,1,3.152,3.205,3.178571428571429,3.205,
TONUSDT,static,حكم,flatten,2025-06-07 15:00:00+00:00,2025-06-07 23:59:00+00:00,3.182703571428572,3.175866,-0.3073065810594156,142.85714285714286,1,3.178571428571429,3.18,3.178571428571429,3.205,
TONUSDT,static,حكم,cycle,2025-06-11 01:34:00+00:00,2025-06-11 02:07:00+00:00,3.310726928571429,3.319821471428572,0.39293769095454534,142.85714285714286,1,3.3064285714285715,3.3241428571428573,3.3064285714285715,3.3241428571428573,
TONUSDT,static,حكم,cycle,2025-06-11 00:58:00+00:00,2025-06-11 03:23:00+00:00,3.328464242857143,3.3375127285714283,0.38886439959968977,142.85714285714286,1,3.3241428571428573,3.3418571428571426,3.3241428571428573,3.3418571428571426,
TONUSDT,static,حكم,cycle,2025-06-11 03:41:00+00:00,2025-06-11 06:15:00+00:00,3.2929896142857147,3.3021302142857145,0.3970548629512112,142.85714285714286,1,3.2887142857142857,3.3064285714285715,3.2887142857142857,3.3064285714285715,
TONUSDT,static,حكم,cycle,2025-06-11 07:36:00+00:00,2025-06-11 14:31:00+00:00,3.2752523,3.284438957142857,0.4012166285040467,142.85714285714286,1,3.271,3.2887142857142857,3.271,3.2887142857142857,
TONUSDT,static,حكم,cycle,2025-06-11 14:56:00+00:00,2025-06-11 15:37:00+00:00,3.2752523,3.284438957142857,0.4012166285040467,142.85714285714286,1,3.271,3.2887142857142857,3.271,3.2887142857142857,
TONUSDT,static,حكم,cycle,2025-06-11 16:10:00+00:00,2025-06-11 16:16:00+00:00,3.2752523,3.284438957142857,0.4012166285040467,142.85714285714286,1,3.271,3.2887142857142857,3.271,3.2887142857142857,
TONUSDT,static,حكم,cycle,2025-06-11 07:30:00+00:00,2025-06-11 17:27:00+00:00,3.2929896142857147,3.3021302142857145,0.3970548629512112,142.85714285714286,1,3.2887142857142857,3.3064285714285715,3.2887142857142857,3.3064285714285715,
TONUSDT,static,حكم,flatten,2025-06-11 18:02:00+00:00,2025-06-11 22:03:00+00:00,3.2752523,3.201412746,-3.2248571428571466,142.85714285714286,1,3.271,3.20558,3.271,3.2887142857142857,
TONUSDT,static,حكم,flatten,2025-06-11 17:47:00+00:00,2025-06-11 22:03:00+00:00,3.2929896142857147,3.201412746,-3.9779709085493575,142.85714285714286,1,3.2887142857142857,3.20558,3.2887142857142857,3.3064285714285715,
TONUSDT,static,حكم,flatten,2025-06-11 03:31:00+00:00,2025-06-11 22:03:00+00:00,3.310726928571429,3.201412746,-4.723015017128063,142.85714285714286,1,3.3064285714285715,3.20558,3.3064285714285715,3.3241428571428573,
TONUSDT,static,حكم,flatten,2025-06-11 03:31:00+00:00,2025-06-11 22:03:00+00:00,3.328464242857143,3.201412746,-5.460118477680314,142.85714285714286,1,3.3241428571428573,3.20558,3.3241428571428573,3.3418571428571426,
TONUSDT,static,حكم,flatten,2025-06-11 00:02:00+00:00,2025-06-11 22:03:00+00:00,3.3462015571428574,3.201412746,-6.189407563923288,142.85714285714286,1,3.3418571428571426,3.20558,3.3418571428571426,3.3595714285714284,
TONUSDT,static,حكم,flatten,2025-06-11 00:00:00+00:00,2025-06-11 22:03:00+00:00,3.3533537000000004,3.201412746,-6.460898669047945,142.40762001956034,1,3.349,3.20558,3.3595714285714284,3.3772857142857142,
TONUSDT,static,حكم,flatten,2025-06-11 00:00:00+00:00,2025-06-11 22:03:00+00:00,3.3533537000000004,3.201412746,-6.427010447950616,141.6606742523582,1,3.349,3.20558,3.3772857142857142,3.395,
TONUSDT,static,حكم,cycle,2025-07-18 00:00:00+00:00,2025-07-18 00:33:00+00:00,3.2008700142857145,3.2169553714285715,0.7188343899028902,142.85714285714286,1,3.1967142857142856,3.221142857142857,3.1967142857142856,3.221142857142857,
TONUSDT,static,حكم,cycle,2025-07-18 00:00:00+00:00,2025-07-18 01:12:00+00:00,3.2001548000000004,3.2413521857142857,1.827097113459523,141.74206138016675,1,3.196,3.2455714285714286,3.221142857142857,3.2455714285714286,
TONUSDT,static,حكم,cycle,2025-07-18 00:00:00+00:00,2025-07-18 01:41:00+00:00,3.2001548000000004,3.265749,2.8871957392490692,140.67520577490208,1,3.196,3.27,3.2455714285714286,3.27,
TONUSDT,static,حكم,cycle,2025-07-18 02:06:00+00:00,2025-07-18 03:27:00+00:00,3.249790671428572,3.265749,0.7024221388013647,142.85714285714286,1,3.2455714285714286,3.27,3.2455714285714286,3.27,
TONUSDT,static,حكم,cycle,2026-01-06 00:08:00+00:00,2026-01-06 02:24:00+00:00,1.8914557,1.9005261,0.6859562882855572,142.85714285714286,1,1.889,1.903,1.889,1.903,
TONUSDT,static,حكم,cycle,2026-01-06 00:00:00+00:00,2026-01-06 05:13:00+00:00,1.8974635000000002,1.9145079,1.2795135500337698,142.25658734329255,1,1.895,1.917,1.903,1.917,
TONUSDT,static,حكم,cycle,2026-01-06 05:39:00+00:00,2026-01-06 06:27:00+00:00,1.9054739000000003,1.9145079,0.6781773140154466,142.85714285714286,1,1.903,1.917,1.903,1.917,
TONUSDT,static,حكم,cycle,2026-01-06 07:02:00+00:00,2026-01-06 10:47:00+00:00,1.9054739000000003,1.9145079,0.6781773140154466,142.85714285714286,1,1.903,1.917,1.903,1.917,
TONUSDT,static,حكم,cycle,2026-01-06 00:00:00+00:00,2026-01-06 11:23:00+00:00,1.8974635000000002,1.9284897,2.312109695208279,141.21767642894403,1,1.895,1.931,1.917,1.931,
TONUSDT,static,حكم,cycle,2026-01-06 14:49:00+00:00,2026-01-06 15:02:00+00:00,1.9194921000000003,1.9284897,0.6705119606527928,142.85714285714286,1,1.917,1.931,1.917,1.931,
TONUSDT,static,حكم,cycle,2026-01-06 15:56:00+00:00,2026-01-06 16:01:00+00:00,1.8914557,1.9005261,0.6859562882855572,142.85714285714286,1,1.889,1.903,1.889,1.903,
TONUSDT,static,حكم,cycle,2026-01-06 16:09:00+00:00,2026-01-06 16:16:00+00:00,1.8774375,1.8865443000000002,0.6938514285714348,142.85714285714286,1,1.875,1.889,1.875,1.889,
TONUSDT,static,حكم,cycle,2026-01-06 16:35:00+00:00,2026-01-06 16:51:00+00:00,1.8634193000000001,1.8725625000000001,0.7018653565671312,142.85714285714286,1,1.861,1.875,1.861,1.875,
TONUSDT,static,حكم,cycle,2026-01-06 17:49:00+00:00,2026-01-06 18:48:00+00:00,1.8634193000000001,1.8725625000000001,0.7018653565671312,142.85714285714286,1,1.861,1.875,1.861,1.875,
TONUSDT,static,حكم,cycle,2026-01-06 16:25:00+00:00,2026-01-06 19:47:00+00:00,1.8774375,1.8865443000000002,0.6938514285714348,142.85714285714286,1,1.875,1.889,1.875,1.889,
TONUSDT,static,حكم,cycle,2026-01-06 16:05:00+00:00,2026-01-06 21:34:00+00:00,1.8914557,1.9005261,0.6859562882855572,142.85714285714286,1,1.889,1.903,1.889,1.903,
TONUSDT,static,حكم,cycle,2026-01-06 22:58:00+00:00,2026-01-06 23:08:00+00:00,1.8914557,1.9005261,0.6859562882855572,142.85714285714286,1,1.889,1.903,1.889,1.903,
TONUSDT,static,حكم,cycle,2026-01-07 14:18:00+00:00,2026-01-07 14:36:00+00:00,1.8494011000000001,1.8585807,0.7100007734550201,142.85714285714286,1,1.847,1.861,1.847,1.861,
TONUSDT,static,حكم,cycle,2026-01-07 09:33:00+00:00,2026-01-07 15:23:00+00:00,1.8634193000000001,1.8725625000000001,0.7018653565671312,142.85714285714286,1,1.861,1.875,1.861,1.875,
TONUSDT,static,حكم,cycle,2026-01-07 01:15:00+00:00,2026-01-07 15:31:00+00:00,1.8774375,1.8865443000000002,0.6938514285714348,142.85714285714286,1,1.875,1.889,1.875,1.889,
TONUSDT,static,حكم,cycle,2026-01-07 15:37:00+00:00,2026-01-07 16:08:00+00:00,1.8774375,1.8865443000000002,0.6938514285714348,142.85714285714286,1,1.875,1.889,1.875,1.889,
TONUSDT,static,حكم,cycle,2026-01-07 00:23:00+00:00,2026-01-07 16:27:00+00:00,1.8914557,1.9005261,0.6859562882855572,142.85714285714286,1,1.889,1.903,1.889,1.903,
TONUSDT,static,حكم,cycle,2026-01-07 18:56:00+00:00,2026-01-07 19:57:00+00:00,1.8634193000000001,1.8725625000000001,0.7018653565671312,142.85714285714286,1,1.861,1.875,1.861,1.875,
TONUSDT,static,حكم,cycle,2026-01-07 22:57:00+00:00,2026-01-07 23:07:00+00:00,1.8634193000000001,1.8725625000000001,0.7018653565671312,142.85714285714286,1,1.861,1.875,1.861,1.875,
TONUSDT,static,حكم,cycle,2026-01-07 17:57:00+00:00,2026-01-07 23:16:00+00:00,1.8774375,1.8865443000000002,0.6938514285714348,142.85714285714286,1,1.875,1.889,1.875,1.889,
TONUSDT,static,حكم,cycle,2026-01-07 23:19:00+00:00,2026-01-08 01:14:00+00:00,1.8774375,1.8865443000000002,0.6938514285714348,142.85714285714286,1,1.875,1.889,1.875,1.889,
TONUSDT,static,حكم,cycle,2026-01-08 03:44:00+00:00,2026-01-08 04:54:00+00:00,1.8634193000000001,1.8725625000000001,0.7018653565671312,142.85714285714286,1,1.861,1.875,1.861,1.875,
TONUSDT,static,حكم,cycle,2026-01-08 07:01:00+00:00,2026-01-08 07:21:00+00:00,1.8353829000000002,1.8445989,0.7182604629413055,142.85714285714286,1,1.833,1.847,1.833,1.847,
TONUSDT,static,حكم,cycle,2026-01-08 09:58:00+00:00,2026-01-08 12:02:00+00:00,1.8353829000000002,1.8445989,0.7182604629413055,142.85714285714286,1,1.833,1.847,1.833,1.847,
TONUSDT,static,حكم,cycle,2026-01-08 13:33:00+00:00,2026-01-08 14:50:00+00:00,1.8353829000000002,1.8445989,0.7182604629413055,142.85714285714286,1,1.833,1.847,1.833,1.847,
TONUSDT,static,حكم,cycle,2026-01-08 06:56:00+00:00,2026-01-08 15:06:00+00:00,1.8494011000000001,1.8585807,0.7100007734550201,142.85714285714286,1,1.847,1.861,1.847,1.861,
TONUSDT,static,حكم,cycle,2026-01-08 05:48:00+00:00,2026-01-08 15:40:00+00:00,1.8634193000000001,1.8725625000000001,0.7018653565671312,142.85714285714286,1,1.861,1.875,1.861,1.875,
TONUSDT,static,حكم,cycle,2026-01-08 02:07:00+00:00,2026-01-08 15:41:00+00:00,1.8774375,1.8865443000000002,0.6938514285714348,142.85714285714286,1,1.875,1.889,1.875,1.889,
TONUSDT,static,حكم,cycle,2026-01-08 17:02:00+00:00,2026-01-08 18:51:00+00:00,1.8634193000000001,1.8725625000000001,0.7018653565671312,142.85714285714286,1,1.861,1.875,1.861,1.875,
TONUSDT,static,حكم,cycle,2026-01-08 16:36:00+00:00,2026-01-08 19:38:00+00:00,1.8774375,1.8865443000000002,0.6938514285714348,142.85714285714286,1,1.875,1.889,1.875,1.889,
TONUSDT,static,حكم,cycle,2026-01-09 00:26:00+00:00,2026-01-09 01:29:00+00:00,1.8494011000000001,1.8585807,0.7100007734550201,142.85714285714286,1,1.847,1.861,1.847,1.861,
TONUSDT,static,حكم,flatten,2026-01-09 03:03:00+00:00,2026-01-09 07:06:00+00:00,1.8353829000000002,1.7940047579999998,-3.2248571428571693,142.85714285714286,1,1.833,1.7963399999999998,1.833,1.847,
TONUSDT,static,حكم,flatten,2026-01-09 01:34:00+00:00,2026-01-09 07:06:00+00:00,1.8494011000000001,1.7940047579999998,-4.284657900843091,142.85714285714286,1,1.847,1.7963399999999998,1.847,1.861,
TONUSDT,static,حكم,flatten,2026-01-08 23:36:00+00:00,2026-01-09 07:06:00+00:00,1.8634193000000001,1.7940047579999998,-5.328513241728741,142.85714285714286,1,1.861,1.7963399999999998,1.861,1.875,
TONUSDT,static,حكم,flatten,2026-01-08 20:02:00+00:00,2026-01-09 07:06:00+00:00,1.8774375,1.7940047579999998,-6.3567803428571645,142.85714285714286,1,1.875,1.7963399999999998,1.875,1.889,
TONUSDT,static,حكم,flatten,2026-01-07 16:56:00+00:00,2026-01-09 07:06:00+00:00,1.8914557,1.7940047579999998,-7.36980579293657,142.85714285714286,1,1.889,1.7963399999999998,1.889,1.903,
TONUSDT,static,حكم,flatten,2026-01-06 15:45:00+00:00,2026-01-09 07:06:00+00:00,1.9054739000000003,1.7940047579999998,-8.367925981532952,142.85714285714286,1,1.903,1.7963399999999998,1.903,1.917,
TONUSDT,static,حكم,flatten,2026-01-06 15:41:00+00:00,2026-01-09 07:06:00+00:00,1.9194921000000003,1.7940047579999998,-9.351467471495674,142.85714285714286,1,1.917,1.7963399999999998,1.917,1.931,
TONUSDT,static,حكم,cycle,2026-04-14 00:19:00+00:00,2026-04-14 01:41:00+00:00,1.4312868285714284,1.4367012857142858,0.5411210416607413,142.85714285714286,1,1.4294285714285713,1.4385714285714286,1.4294285714285713,1.4385714285714286,
TONUSDT,static,حكم,cycle,2026-04-14 03:11:00+00:00,2026-04-14 03:49:00+00:00,1.4312868285714284,1.4367012857142858,0.5411210416607413,142.85714285714286,1,1.4294285714285713,1.4385714285714286,1.4294285714285713,1.4385714285714286,
TONUSDT,static,حكم,cycle,2026-04-14 10:17:00+00:00,2026-04-14 10:55:00+00:00,1.4221320857142856,1.4275703142857141,0.5469954306405659,142.85714285714286,1,1.4202857142857142,1.4294285714285713,1.4202857142857142,1.4294285714285713,
TONUSDT,static,حكم,flatten,2026-04-14 16:42:00+00:00,2026-04-14 20:24:00+00:00,1.4038226,1.372173852,-3.2248571428571493,142.85714285714286,1,1.402,1.3739599999999998,1.402,1.411142857142857,
TONUSDT,static,حكم,flatten,2026-04-14 15:30:00+00:00,2026-04-14 20:24:00+00:00,1.4129773428571428,1.372173852,-4.130744164521448,142.85714285714286,1,1.411142857142857,1.3739599999999998,1.411142857142857,1.4202857142857142,
TONUSDT,static,حكم,flatten,2026-04-14 15:28:00+00:00,2026-04-14 20:24:00+00:00,1.4221320857142856,1.372173852,-5.024968186912659,142.85714285714286,1,1.4202857142857142,1.3739599999999998,1.4202857142857142,1.4294285714285713,
TONUSDT,static,حكم,flatten,2026-04-14 09:30:00+00:00,2026-04-14 20:24:00+00:00,1.4312868285714284,1.372173852,-5.907753005339641,142.85714285714286,1,1.4294285714285713,1.3739599999999998,1.4294285714285713,1.4385714285714286,
TONUSDT,static,حكم,flatten,2026-04-14 00:00:00+00:00,2026-04-14 20:24:00+00:00,1.4368655000000001,1.372173852,-6.424195431976182,142.50248262164845,1,1.435,1.3739599999999998,1.4385714285714286,1.4477142857142857,
TONUSDT,static,حكم,flatten,2026-04-14 00:00:00+00:00,2026-04-14 20:24:00+00:00,1.4368655000000001,1.372173852,-6.383624235247697,141.60252614959543,1,1.435,1.3739599999999998,1.4477142857142857,1.4568571428571429,
TONUSDT,static,حكم,flatten,2026-04-14 00:00:00+00:00,2026-04-14 20:24:00+00:00,1.4368655000000001,1.372173852,-6.343562267111214,140.71386546381646,1,1.435,1.3739599999999998,1.4568571428571429,1.466,
VETUSDT,static,اختيار,cycle,2023-04-08 00:25:00+00:00,2023-04-08 02:27:00+00:00,0.024068391142857144,0.02413429885714286,0.39170161824387484,142.85714285714286,1,0.024037142857142858,0.024165714285714287,0.024037142857142858,0.024165714285714287,
VETUSDT,static,اختيار,cycle,2023-04-08 00:00:00+00:00,2023-04-08 05:09:00+00:00,0.02419712971428572,0.024262703142857143,0.38764145525788724,142.85714285714286,1,0.024165714285714287,0.024294285714285713,0.024165714285714287,0.024294285714285713,
VETUSDT,static,اختيار,cycle,2023-04-08 00:00:00+00:00,2023-04-08 06:02:00+00:00,0.024171382000000005,0.024391107428571427,1.2920465045949778,141.9499000352817,1,0.02414,0.024422857142857142,0.024294285714285713,0.024422857142857142,
VETUSDT,static,اختيار,cycle,2023-04-08 00:00:00+00:00,2023-04-08 08:36:00+00:00,0.024171382000000005,0.024519511714285715,2.036322615148044,141.20262049602246,1,0.02414,0.02455142857142857,0.024422857142857142,0.02455142857142857,
VETUSDT,static,اختيار,cycle,2023-04-08 11:06:00+00:00,2023-04-08 12:09:00+00:00,0.024325868285714286,0.024391107428571427,0.38362426706539443,142.85714285714286,1,0.024294285714285713,0.024422857142857142,0.024294285714285713,0.024422857142857142,
VETUSDT,static,اختيار,cycle,2023-04-08 17:27:00+00:00,2023-04-08 18:22:00+00:00,0.02419712971428572,0.024262703142857143,0.38764145525788724,142.85714285714286,1,0.024165714285714287,0.024294285714285713,0.024165714285714287,0.024294285714285713,
VETUSDT,static,اختيار,cycle,2023-04-08 22:28:00+00:00,2023-04-09 00:03:00+00:00,0.023939652571428573,0.02400589457142857,0.39580544933076967,142.85714285714286,1,0.02390857142857143,0.024037142857142858,0.02390857142857143,0.024037142857142858,
VETUSDT,static,اختيار,cycle,2023-04-08 18:51:00+00:00,2023-04-09 00:10:00+00:00,0.024068391142857144,0.02413429885714286,0.39170161824387484,142.85714285714286,1,0.024037142857142858,0.024165714285714287,0.024037142857142858,0.024165714285714287,
VETUSDT,static,اختيار,cycle,2023-04-09 06:20:00+00:00,2023-04-09 06:33:00+00:00,0.023939652571428573,0.02400589457142857,0.39580544933076967,142.85714285714286,1,0.02390857142857143,0.024037142857142858,0.02390857142857143,0.024037142857142858,
VETUSDT,static,اختيار,cycle,2023-04-09 07:03:00+00:00,2023-04-09 07:30:00+00:00,0.023810914000000002,0.023877490285714287,0.39995365682016293,142.85714285714286,1,0.02378,0.02390857142857143,0.02378,0.02390857142857143,
VETUSDT,static,اختيار,cycle,2023-04-09 08:41:00+00:00,2023-04-09 09:24:00+00:00,0.023810914000000002,0.023877490285714287,0.39995365682016293,142.85714285714286,1,0.02378,0.02390857142857143,0.02378,0.02390857142857143,
VETUSDT,static,اختيار,cycle,2023-04-09 10:53:00+00:00,2023-04-09 12:18:00+00:00,0.023810914000000002,0.023877490285714287,0.39995365682016293,142.85714285714286,1,0.02378,0.02390857142857143,0.02378,0.02390857142857143,
VETUSDT,static,اختيار,cycle,2023-04-09 13:23:00+00:00,2023-04-09 16:30:00+00:00,0.023810914000000002,0.023877490285714287,0.39995365682016293,142.85714285714286,1,0.02378,0.02390857142857143,0.02378,0.02390857142857143,
VETUSDT,static,اختيار,cycle,2023-04-09 06:46:00+00:00,2023-04-09 19:17:00+00:00,0.023939652571428573,0.02400589457142857,0.39580544933076967,142.85714285714286,1,0.02390857142857143,0.024037142857142858,0.02390857142857143,0.024037142857142858,
VETUSDT,static,اختيار,cycle,2023-04-09 06:01:00+00:00,2023-04-09 21:29:00+00:00,0.024068391142857144,0.02413429885714286,0.39170161824387484,142.85714285714286,1,0.024037142857142858,0.024165714285714287,0.024037142857142858,0.024165714285714287,
VETUSDT,static,اختيار,cycle,2023-04-08 18:29:00+00:00,2023-04-09 21:36:00+00:00,0.02419712971428572,0.024262703142857143,0.38764145525788724,142.85714285714286,1,0.024165714285714287,0.024294285714285713,0.024165714285714287,0.024294285714285713,
VETUSDT,static,اختيار,cycle,2023-04-08 13:30:00+00:00,2023-04-09 22:01:00+00:00,0.024325868285714286,0.024391107428571427,0.38362426706539443,142.85714285714286,1,0.024294285714285713,0.024422857142857142,0.024294285714285713,0.024422857142857142,
VETUSDT,static,اختيار,cycle,2023-04-10 01:28:00+00:00,2023-04-10 03:18:00+00:00,0.02419712971428572,0.024262703142857143,0.38764145525788724,142.85714285714286,1,0.024165714285714287,0.024294285714285713,0.024165714285714287,0.024294285714285713,
VETUSDT,static,اختيار,cycle,2023-04-10 01:14:00+00:00,2023-04-10 10:59:00+00:00,0.024325868285714286,0.024391107428571427,0.38362426706539443,142.85714285714286,1,0.024294285714285713,0.024422857142857142,0.024294285714285713,0.024422857142857142,
VETUSDT,static,اختيار,cycle,2023-04-10 13:36:00+00:00,2023-04-10 15:14:00+00:00,0.02419712971428572,0.024262703142857143,0.38764145525788724,142.85714285714286,1,0.024165714285714287,0.024294285714285713,0.024165714285714287,0.024294285714285713,
VETUSDT,static,اختيار,cycle,2023-04-10 12:43:00+00:00,2023-04-10 16:47:00+00:00,0.024325868285714286,0.024391107428571427,0.38362426706539443,142.85714285714286,1,0.024294285714285713,0.024422857142857142,0.024294285714285713,0.024422857142857142,
VETUSDT,static,اختيار,cycle,2023-04-08 09:00:00+00:00,2023-04-10 16:56:00+00:00,0.024454606857142857,0.024519511714285715,0.3796493749582226,142.85714285714286,1,0.024422857142857142,0.02455142857142857,0.024422857142857142,0.02455142857142857,
VETUSDT,static,اختيار,cycle,2023-04-08 00:00:00+00:00,2023-04-10 17:04:00+00:00,0.024171382000000005,0.024647916000000002,2.7728034446642456,140.4631676946352,1,0.02414,0.02468,0.02455142857142857,0.02468,
VETUSDT,static,اختيار,cycle,2023-04-10 17:27:00+00:00,2023-04-10 17:30:00+00:00,0.02458334542857143,0.024647916000000002,0.37571611444531033,142.85714285714286,1,0.02455142857142857,0.02468,0.02455142857142857,0.02468,
VETUSDT,static,اختيار,cycle,2023-09-20 00:00:00+00:00,2023-09-20 01:58:00+00:00,0.017721579571428572,0.017761166142857145,0.31952999780912344,142.85714285714286,1,0.017698571428571428,0.017784285714285714,0.017698571428571428,0.017784285714285714,
VETUSDT,static,اختيار,cycle,2023-09-20 03:52:00+00:00,2023-09-20 07:59:00+00:00,0.017549928142857146,0.017589960428571427,0.326288089610245,142.85714285714286,1,0.01752714285714286,0.017612857142857142,0.01752714285714286,0.017612857142857142,
VETUSDT,static,اختيار,cycle,2023-09-20 12:37:00+00:00,2023-09-20 14:04:00+00:00,0.017378276714285715,0.017418754714285715,0.3331796855708292,142.85714285714286,1,0.017355714285714287,0.017441428571428573,0.017355714285714287,0.017441428571428573,
VETUSDT,static,اختيار,cycle,2023-09-20 10:20:00+00:00,2023-09-20 18:00:00+00:00,0.01746410242857143,0.017504357571428573,0.329716953535443,142.85714285714286,1,0.017441428571428573,0.01752714285714286,0.017441428571428573,0.01752714285714286,
VETUSDT,static,اختيار,cycle,2023-09-20 18:01:00+00:00,2023-09-20 18:07:00+00:00,0.01746410242857143,0.017504357571428573,0.329716953535443,142.85714285714286,1,0.017441428571428573,0.01752714285714286,0.017441428571428573,0.01752714285714286,
VETUSDT,static,اختيار,cycle,2023-09-20 09:47:00+00:00,2023-09-20 18:31:00+00:00,0.017549928142857146,0.017589960428571427,0.326288089610245,142.85714285714286,1,0.01752714285714286,0.017612857142857142,0.01752714285714286,0.017612857142857142,
VETUSDT,static,اختيار,cycle,2023-09-20 19:19:00+00:00,2023-09-20 19:21:00+00:00,0.017378276714285715,0.017418754714285715,0.3331796855708292,142.85714285714286,1,0.017355714285714287,0.017441428571428573,0.017355714285714287,0.017441428571428573,
VETUSDT,static,اختيار,cycle,2023-09-20 19:18:00+00:00,2023-09-20 20:12:00+00:00,0.01746410242857143,0.017504357571428573,0.329716953535443,142.85714285714286,1,0.017441428571428573,0.01752714285714286,0.017441428571428573,0.01752714285714286,
VETUSDT,static,اختيار,cycle,2023-09-20 19:18:00+00:00,2023-09-20 21:10:00+00:00,0.017549928142857146,0.017589960428571427,0.326288089610245,142.85714285714286,1,0.01752714285714286,0.017612857142857142,0.01752714285714286,0.017612857142857142,
VETUSDT,static,اختيار,cycle,2023-09-20 03:21:00+00:00,2023-09-20 21:21:00+00:00,0.017635753857142857,0.017675563285714287,0.3228925993302791,142.85714285714286,1,0.017612857142857142,0.017698571428571428,0.017612857142857142,0.017698571428571428,
VETUSDT,static,اختيار,cycle,2023-09-20 02:22:00+00:00,2023-09-21 00:17:00+00:00,0.017721579571428572,0.017761166142857145,0.31952999780912344,142.85714285714286,1,0.017698571428571428,0.017784285714285714,0.017698571428571428,0.017784285714285714,
VETUSDT,static,اختيار,cycle,2023-09-20 00:00:00+00:00,2023-09-21 00:34:00+00:00,0.017712997,0.017846769000000002,1.0745602056390133,142.09976704956222,1,0.01769,0.01787,0.017784285714285714,0.01787,
VETUSDT,static,اختيار,cycle,2023-09-21 01:40:00+00:00,2023-09-21 01:55:00+00:00,0.017807405285714287,0.017846769000000002,0.31619980950851073,142.85714285714286,1,0.017784285714285714,0.01787,0.017784285714285714,0.01787,
VETUSDT,static,اختيار,cycle,2023-09-21 02:46:00+00:00,2023-09-21 03:02:00+00:00,0.017721579571428572,0.017761166142857145,0.31952999780912344,142.85714285714286,1,0.017698571428571428,0.017784285714285714,0.017698571428571428,0.017784285714285714,
VETUSDT,static,اختيار,cycle,2023-09-21 03:25:00+00:00,2023-09-21 04:00:00+00:00,0.017721579571428572,0.017761166142857145,0.31952999780912344,142.85714285714286,1,0.017698571428571428,0.017784285714285714,0.017698571428571428,0.017784285714285714,
VETUSDT,static,اختيار,cycle,2023-09-21 09:21:00+00:00,2023-09-21 09:24:00+00:00,0.017292451,0.017333151857142858,0.3366767899979969,142.85714285714286,1,0.01727,0.017355714285714287,0.01727,0.017355714285714287,
VETUSDT,static,اختيار,flatten,2023-09-21 09:51:00+00:00,2023-09-23 04:10:00+00:00,0.017292451,0.016902598020000003,-3.224857142857121,142.85714285714286,1,0.01727,0.0169246,0.01727,0.017355714285714287,
VETUSDT,static,اختيار,flatten,2023-09-21 09:20:00+00:00,2023-09-23 04:10:00+00:00,0.017378276714285715,0.016902598020000003,-3.9153732347165398,142.85714285714286,1,0.017355714285714287,0.0169246,0.017355714285714287,0.017441428571428573,
VETUSDT,static,اختيار,flatten,2023-09-21 08:32:00+00:00,2023-09-23 04:10:00+00:00,0.01746410242857143,0.016902598020000003,-4.599102371786612,142.85714285714286,1,0.017441428571428573,0.0169246,0.017441428571428573,0.01752714285714286,
VETUSDT,static,اختيار,flatten,2023-09-21 06:40:00+00:00,2023-09-23 04:10:00+00:00,0.017549928142857146,0.016902598020000003,-5.276144126311375,142.85714285714286,1,0.01752714285714286,0.0169246,0.01752714285714286,0.017612857142857142,
VETUSDT,static,اختيار,flatten,2023-09-21 05:27:00+00:00,2023-09-23 04:10:00+00:00,0.017635753857142857,0.016902598020000003,-5.946596132231765,142.85714285714286,1,0.017612857142857142,0.0169246,0.017612857142857142,0.017698571428571428,
VETUSDT,static,اختيار,flatten,2023-09-21 05:02:00+00:00,2023-09-23 04:10:00+00:00,0.017721579571428572,0.016902598020000003,-6.610554132121797,142.85714285714286,1,0.017698571428571428,0.0169246,0.017698571428571428,0.017784285714285714,
VETUSDT,static,اختيار,flatten,2023-09-21 02:37:00+00:00,2023-09-23 04:10:00+00:00,0.017807405285714287,0.016902598020000003,-7.268112022767165,142.85714285714286,1,0.017784285714285714,0.0169246,0.017784285714285714,0.01787,
VETUSDT,static,حكم,cycle,2024-01-22 00:27:00+00:00,2024-01-22 00:46:00+00:00,0.027956296000000002,0.027997841142857142,0.212572364189213,142.85714285714286,1,0.02792,0.028034285714285713,0.02792,0.028034285714285713,
VETUSDT,static,حكم,flatten,2024-01-22 01:12:00+00:00,2024-01-22 02:54:00+00:00,0.027956296000000002,0.02732602992,-3.2248571428571458,142.85714285714286,1,0.02792,0.0273616,0.02792,0.028034285714285713,
VETUSDT,static,حكم,flatten,2024-01-22 00:00:00+00:00,2024-01-22 02:54:00+00:00,0.028016374000000004,0.02732602992,-3.517856094578079,142.58051365674686,1,0.02798,0.0273616,0.028034285714285713,0.02814857142857143,
VETUSDT,static,حكم,flatten,2024-01-22 00:00:00+00:00,2024-01-22 02:54:00+00:00,0.028016374000000004,0.02732602992,-3.5035732846122722,142.00162403572878,1,0.02798,0.0273616,0.02814857142857143,0.02826285714285714,
VETUSDT,static,حكم,flatten,2024-01-22 00:00:00+00:00,2024-01-22 02:54:00+00:00,0.028016374000000004,0.02732602992,-3.489405984634059,141.4274160938132,1,0.02798,0.0273616,0.02826285714285714,0.028377142857142858,
VETUSDT,static,حكم,flatten,2024-01-22 00:00:00+00:00,2024-01-22 02:54:00+00:00,0.028016374000000004,0.02732602992,-3.4753527990334376,140.85783326621024,1,0.02798,0.0273616,0.028377142857142858,0.02849142857142857,
VETUSDT,static,حكم,flatten,2024-01-22 00:00:00+00:00,2024-01-22 02:54:00+00:00,0.028016374000000004,0.02732602992,-3.4614123545928708,140.292819895708,1,0.02798,0.0273616,0.02849142857142857,0.028605714285714286,
VETUSDT,static,حكم,flatten,2024-01-22 00:00:00+00:00,2024-01-22 02:54:00+00:00,0.028016374000000004,0.02732602992,-3.447583300039963,139.73232121454257,1,0.02798,0.0273616,0.028605714285714286,0.02872,
VETUSDT,static,حكم,cycle,2024-03-25 00:01:00+00:00,2024-03-25 01:39:00+00:00,0.042559541285714285,0.042724386,0.5540440099677955,142.85714285714286,1,0.04250428571428571,0.04278,0.04250428571428571,0.04278,
VETUSDT,static,حكم,cycle,2024-09-26 00:48:00+00:00,2024-09-26 02:01:00+00:00,0.024371642000000002,0.024479563714285717,0.6334177385004949,142.85714285714286,1,0.02434,0.024511428571428573,0.02434,0.024511428571428573,
VETUSDT,static,حكم,cycle,2024-09-26 00:38:00+00:00,2024-09-26 03:40:00+00:00,0.024543293428571433,0.024650769428571428,0.6263900221470756,142.85714285714286,1,0.024511428571428573,0.024682857142857142,0.024511428571428573,0.024682857142857142,
VETUSDT,static,حكم,cycle,2024-09-26 00:00:00+00:00,2024-09-26 05:11:00+00:00,0.024611954000000002,0.024821975142857142,1.2155408198700113,142.26183586063203,1,0.02458,0.024854285714285714,0.024682857142857142,0.024854285714285714,
VETUSDT,static,حكم,cycle,2024-09-26 00:00:00+00:00,2024-09-26 05:28:00+00:00,0.024611954000000002,0.02499318085714286,2.1912108124086593,141.28060696631798,1,0.02458,0.025025714285714287,0.024854285714285714,0.025025714285714287,
VETUSDT,static,حكم,cycle,2024-09-26 00:00:00+00:00,2024-09-26 06:14:00+00:00,0.024611954000000002,0.025164386571428575,3.153513936685541,140.31282109829888,1,0.02458,0.02519714285714286,0.025025714285714287,0.02519714285714286,
VETUSDT,static,حكم,cycle,2024-09-26 00:00:00+00:00,2024-09-26 07:42:00+00:00,0.024611954000000002,0.025335592285714286,4.102723016862933,139.3582038779907,1,0.02458,0.025368571428571428,0.02519714285714286,0.025368571428571428,
VETUSDT,static,حكم,cycle,2024-09-26 09:09:00+00:00,2024-09-26 09:26:00+00:00,0.025058247714285716,0.025164386571428575,0.6058845595550795,142.85714285714286,1,0.025025714285714287,0.02519714285714286,0.025025714285714287,0.02519714285714286,
VETUSDT,static,حكم,cycle,2024-09-26 08:42:00+00:00,2024-09-26 10:32:00+00:00,0.025229899142857146,0.025335592285714286,0.5992354170378714,142.85714285714286,1,0.02519714285714286,0.025368571428571428,0.02519714285714286,0.025368571428571428,
VETUSDT,static,حكم,cycle,2024-09-26 13:29:00+00:00,2024-09-26 14:09:00+00:00,0.025058247714285716,0.025164386571428575,0.6058845595550795,142.85714285714286,1,0.025025714285714287,0.02519714285714286,0.025025714285714287,0.02519714285714286,
VETUSDT,static,حكم,cycle,2024-09-26 14:57:00+00:00,2024-09-26 15:33:00+00:00,0.025058247714285716,0.025164386571428575,0.6058845595550795,142.85714285714286,1,0.025025714285714287,0.02519714285714286,0.025025714285714287,0.02519714285714286,
VETUSDT,static,حكم,cycle,2024-09-26 12:05:00+00:00,2024-09-26 16:26:00+00:00,0.025229899142857146,0.025335592285714286,0.5992354170378714,142.85714285714286,1,0.02519714285714286,0.025368571428571428,0.02519714285714286,0.025368571428571428,
VETUSDT,static,حكم,cycle,2024-09-26 00:00:00+00:00,2024-09-26 17:46:00+00:00,0.024611954000000002,0.025506798,5.039103502646688,138.4164883432819,1,0.02458,0.02554,0.025368571428571428,0.02554,
VETUSDT,static,حكم,cycle,2024-09-26 20:51:00+00:00,2024-09-26 21:15:00+00:00,0.025229899142857146,0.025335592285714286,0.5992354170378714,142.85714285714286,1,0.02519714285714286,0.025368571428571428,0.02519714285714286,0.025368571428571428,
VETUSDT,static,حكم,cycle,2024-09-26 19:59:00+00:00,2024-09-26 22:06:00+00:00,0.025401550571428573,0.025506798,0.5926761379177139,142.85714285714286,1,0.025368571428571428,0.02554,0.025368571428571428,0.02554,
VETUSDT,static,حكم,cycle,2024-09-26 23:15:00+00:00,2024-09-27 00:04:00+00:00,0.025401550571428573,0.025506798,0.5926761379177139,142.85714285714286,1,0.025368571428571428,0.02554,0.025368571428571428,0.02554,
VETUSDT,static,حكم,cycle,2025-01-15 01:15:00+00:00,2025-01-15 01:27:00+00:00,0.04470661457142858,0.044965754142857146,0.8291404985876035,142.85714285714286,1,0.04464857142857143,0.04502428571428572,0.04464857142857143,0.04502428571428572,
VETUSDT,static,حكم,cycle,2025-01-15 00:00:00+00:00,2025-01-15 01:43:00+00:00,0.04508281728571429,0.04534098,0.8191221064368854,142.85714285714286,1,0.04502428571428572,0.0454,0.04502428571428572,0.0454,
VETUSDT,static,حكم,cycle,2025-01-15 01:50:00+00:00,2025-01-15 01:56:00+00:00,0.04508281728571429,0.04534098,0.8191221064368854,142.85714285714286,1,0.04502428571428572,0.0454,0.04502428571428572,0.0454,
VETUSDT,static,حكم,cycle,2025-01-15 02:11:00+00:00,2025-01-15 04:00:00+00:00,0.04508281728571429,0.04534098,0.8191221064368854,142.85714285714286,1,0.04502428571428572,0.0454,0.04502428571428572,0.0454,
VETUSDT,static,حكم,cycle,2025-01-15 04:19:00+00:00,2025-01-15 05:52:00+00:00,0.04508281728571429,0.04534098,0.8191221064368854,142.85714285714286,1,0.04502428571428572,0.0454,0.04502428571428572,0.0454,
VETUSDT,static,حكم,cycle,2025-04-28 00:10:00+00:00,2025-04-28 00:31:00+00:00,0.026274112000000002,0.02641846842857143,0.7859126119960073,142.85714285714286,1,0.02624,0.026452857142857143,0.02624,0.026452857142857143,
VETUSDT,static,حكم,flatten,2025-04-28 01:01:00+00:00,2025-04-28 01:37:00+00:00,0.026274112000000002,0.025681770240000002,-3.2248571428571435,142.85714285714286,1,0.02624,0.0257152,0.02624,0.026452857142857143,
VETUSDT,static,حكم,flatten,2025-04-28 00:00:00+00:00,2025-04-28 01:37:00+00:00,0.02648724585714286,0.025681770240000002,-4.349925026423598,142.85714285714286,1,0.026452857142857143,0.0257152,0.026452857142857143,0.026665714285714286,
VETUSDT,static,حكم,flatten,2025-04-28 00:00:00+00:00,2025-04-28 01:37:00+00:00,0.026474372000000003,0.025681770240000002,-4.246232508303873,141.6479159969999,1,0.02644,0.0257152,0.026665714285714286,0.02687857142857143,
VETUSDT,static,حكم,flatten,2025-04-28 00:00:00+00:00,2025-04-28 01:37:00+00:00,0.026474372000000003,0.025681770240000002,-4.212605686951905,140.52617592346533,1,0.02644,0.0257152,0.02687857142857143,0.027091428571428572,
VETUSDT,static,حكم,flatten,2025-04-28 00:00:00+00:00,2025-04-28 01:37:00+00:00,0.026474372000000003,0.025681770240000002,-4.179507276945796,139.42206285593755,1,0.02644,0.0257152,0.027091428571428572,0.027304285714285715,
VETUSDT,static,حكم,flatten,2025-04-28 00:00:00+00:00,2025-04-28 01:37:00+00:00,0.026474372000000003,0.025681770240000002,-4.146924920211379,138.33516454769006,1,0.02644,0.0257152,0.027304285714285715,0.027517142857142858,
VETUSDT,static,حكم,flatten,2025-04-28 00:00:00+00:00,2025-04-28 01:37:00+00:00,0.026474372000000003,0.025681770240000002,-4.114846641054931,137.2650815076316,1,0.02644,0.0257152,0.027517142857142858,0.02773,
VETUSDT,static,حكم,cycle,2025-09-15 01:08:00+00:00,2025-09-15 01:31:00+00:00,0.024471772000000003,0.024583713857142857,0.654324626741022,142.85714285714286,1,0.02444,0.024615714285714286,0.02444,0.024615714285714286,
VETUSDT,static,حكم,cycle,2025-09-15 00:00:00+00:00,2025-09-15 03:20:00+00:00,0.024647714714285715,0.024759199714285716,0.6470024955023008,142.85714285714286,1,0.024615714285714286,0.024791428571428572,0.024615714285714286,0.024791428571428572,
VETUSDT,static,حكم,cycle,2025-09-15 00:00:00+00:00,2025-09-15 05:41:00+00:00,0.024641993,0.024934685571428573,1.686600042806107,141.81168606661288,1,0.02461,0.024967142857142858,0.024791428571428572,0.024967142857142858,
VETUSDT,static,حكم,cycle,2025-09-15 06:40:00+00:00,2025-09-15 07:19:00+00:00,0.024647714714285715,0.024759199714285716,0.6470024955023008,142.85714285714286,1,0.024615714285714286,0.024791428571428572,0.024615714285714286,0.024791428571428572,
VETUSDT,static,حكم,flatten,2025-09-15 07:37:00+00:00,2025-09-15 15:33:00+00:00,0.024471772000000003,0.02392006344,-3.2248571428571586,142.85714285714286,1,0.02444,0.0239512,0.02444,0.024615714285714286,
VETUSDT,static,حكم,flatten,2025-09-15 07:30:00+00:00,2025-09-15 15:33:00+00:00,0.024647714714285715,0.02392006344,-4.222919588449393,142.85714285714286,1,0.024615714285714286,0.0239512,0.024615714285714286,0.024791428571428572,
VETUSDT,static,حكم,flatten,2025-09-15 06:31:00+00:00,2025-09-15 15:33:00+00:00,0.02482365742857143,0.02392006344,-5.206834093416105,142.85714285714286,1,0.024791428571428572,0.0239512,0.024791428571428572,0.024967142857142858,
VETUSDT,static,حكم,flatten,2025-09-15 00:00:00+00:00,2025-09-15 15:33:00+00:00,0.024641993,0.02392006344,-4.1307407449791205,140.81364078503177,1,0.02461,0.0239512,0.024967142857142858,0.02514285714285714,
VETUSDT,static,حكم,flatten,2025-09-15 00:00:00+00:00,2025-09-15 15:33:00+00:00,0.024641993,0.02392006344,-4.101872500000006,139.82954545454547,1,0.02461,0.0239512,0.02514285714285714,0.025318571428571426,
VETUSDT,static,حكم,flatten,2025-09-15 00:00:00+00:00,2025-09-15 15:33:00+00:00,0.024641993,0.02392006344,-4.0734049540145625,138.85910963155223,1,0.02461,0.0239512,0.025318571428571426,0.025494285714285712,
VETUSDT,static,حكم,flatten,2025-09-15 00:00:00+00:00,2025-09-15 15:33:00+00:00,0.024641993,0.02392006344,-4.045329821808814,137.90205087974897,1,0.02461,0.0239512,0.025494285714285712,0.02567,
XLMUSDT,static,اختيار,cycle,2021-09-02 00:00:00+00:00,2021-09-02 01:27:00+00:00,0.3537163771428572,0.35573694,0.8171153579516357,142.85714285714286,1,0.3532571428571429,0.3562,0.3532571428571429,0.3562,
XLMUSDT,static,اختيار,cycle,2021-11-22 00:08:00+00:00,2021-11-22 01:09:00+00:00,0.33803888000000004,0.33880184142857145,0.32285097688363534,142.85714285714286,1,0.3376,0.3392428571428572,0.3376,0.3392428571428572,
XLMUSDT,static,اختيار,cycle,2021-11-22 01:11:00+00:00,2021-11-22 01:31:00+00:00,0.33803888000000004,0.33880184142857145,0.32285097688363534,142.85714285714286,1,0.3376,0.3392428571428572,0.3376,0.3392428571428572,
XLMUSDT,static,اختيار,cycle,2021-11-22 02:12:00+00:00,2021-11-22 02:39:00+00:00,0.33803888000000004,0.33880184142857145,0.32285097688363534,142.85714285714286,1,0.3376,0.3392428571428572,0.3376,0.3392428571428572,
XLMUSDT,static,اختيار,cycle,2021-11-22 00:08:00+00:00,2021-11-22 02:41:00+00:00,0.3396838728571429,0.34044256285714286,0.3194887775297725,142.85714285714286,1,0.3392428571428572,0.3408857142857143,0.3392428571428572,0.3408857142857143,
XLMUSDT,static,اختيار,cycle,2021-11-22 00:03:00+00:00,2021-11-22 02:44:00+00:00,0.3413288657142857,0.34208328428571433,0.3161589855957613,142.85714285714286,1,0.3408857142857143,0.34252857142857146,0.3408857142857143,0.34252857142857146,
XLMUSDT,static,اختيار,cycle,2021-11-22 03:27:00+00:00,2021-11-22 03:39:00+00:00,0.33803888000000004,0.33880184142857145,0.32285097688363534,142.85714285714286,1,0.3376,0.3392428571428572,0.3376,0.3392428571428572,
XLMUSDT,static,اختيار,cycle,2021-11-22 03:43:00+00:00,2021-11-22 07:30:00+00:00,0.33803888000000004,0.33880184142857145,0.32285097688363534,142.85714285714286,1,0.3376,0.3392428571428572,0.3376,0.3392428571428572,
XLMUSDT,static,اختيار,cycle,2021-11-22 07:37:00+00:00,2021-11-22 08:01:00+00:00,0.33803888000000004,0.33880184142857145,0.32285097688363534,142.85714285714286,1,0.3376,0.3392428571428572,0.3376,0.3392428571428572,
XLMUSDT,static,اختيار,cycle,2021-11-22 03:21:00+00:00,2021-11-22 08:16:00+00:00,0.3396838728571429,0.34044256285714286,0.3194887775297725,142.85714285714286,1,0.3392428571428572,0.3408857142857143,0.3392428571428572,0.3408857142857143,
XLMUSDT,static,اختيار,cycle,2021-11-22 03:15:00+00:00,2021-11-22 08:17:00+00:00,0.3413288657142857,0.34208328428571433,0.3161589855957613,142.85714285714286,1,0.3408857142857143,0.34252857142857146,0.3408857142857143,0.34252857142857146,
XLMUSDT,static,اختيار,cycle,2021-11-22 09:57:00+00:00,2021-11-22 10:16:00+00:00,0.3413288657142857,0.34208328428571433,0.3161589855957613,142.85714285714286,1,0.3408857142857143,0.34252857142857146,0.3408857142857143,0.34252857142857146,
XLMUSDT,static,اختيار,cycle,2021-11-22 00:02:00+00:00,2021-11-22 10:43:00+00:00,0.34297385857142865,0.34372400571428574,0.31286113477795124,142.85714285714286,1,0.34252857142857146,0.3441714285714286,0.34252857142857146,0.3441714285714286,
XLMUSDT,static,اختيار,cycle,2021-11-22 00:00:00+00:00,2021-11-22 10:51:00+00:00,0.3439465500000001,0.34536472714285715,0.5886506487037523,142.57844927776858,1,0.3435,0.34581428571428574,0.3441714285714286,0.34581428571428574,
XLMUSDT,static,اختيار,cycle,2021-11-22 00:00:00+00:00,2021-11-22 10:52:00+00:00,0.3439465500000001,0.34700544857142857,1.2636421578173636,141.90110298673937,1,0.3435,0.34745714285714285,0.34581428571428574,0.34745714285714285,
XLMUSDT,static,اختيار,cycle,2021-11-22 00:00:00+00:00,2021-11-22 10:52:00+00:00,0.3439465500000001,0.34864617000000003,1.9322506372831019,141.23016199325716,1,0.3435,0.3491,0.34745714285714285,0.3491,
XLMUSDT,static,اختيار,cycle,2022-03-26 00:55:00+00:00,2022-03-26 02:29:00+00:00,0.21037313000000002,0.21132492000000003,0.6471680152308478,142.85714285714286,1,0.2101,0.2116,0.2101,0.2116,
XLMUSDT,static,اختيار,cycle,2022-03-26 02:50:00+00:00,2022-03-26 07:44:00+00:00,0.21037313000000002,0.21132492000000003,0.6471680152308478,142.85714285714286,1,0.2101,0.2116,0.2101,0.2116,
XLMUSDT,static,اختيار,cycle,2022-03-26 00:00:00+00:00,2022-03-26 08:57:00+00:00,0.21147456,0.21282297000000003,0.9103497164461397,142.587091547394,1,0.2112,0.2131,0.2116,0.2131,
XLMUSDT,static,اختيار,cycle,2022-03-26 12:26:00+00:00,2022-03-26 15:15:00+00:00,0.21187508000000002,0.21282297000000003,0.6399473399946035,142.85714285714286,1,0.2116,0.2131,0.2116,0.2131,
XLMUSDT,static,اختيار,cycle,2022-03-26 16:09:00+00:00,2022-03-26 16:32:00+00:00,0.21187508000000002,0.21282297000000003,0.6399473399946035,142.85714285714286,1,0.2116,0.2131,0.2116,0.2131,
XLMUSDT,static,اختيار,cycle,2022-03-26 00:00:00+00:00,2022-03-26 23:36:00+00:00,0.21147456,0.21432102000000003,1.9081986994704183,141.58342830327814,1,0.2112,0.2146,0.2131,0.2146,
XLMUSDT,static,اختيار,cycle,2022-03-26 00:00:00+00:00,2022-03-27 00:21:00+00:00,0.21147456,0.21581907,2.892098255891357,140.59379576620955,1,0.2112,0.2161,0.2146,0.2161,
XLMUSDT,static,اختيار,cycle,2022-03-26 00:00:00+00:00,2022-03-27 00:55:00+00:00,0.21147456,0.21731712,3.862338864282407,139.61790176505588,1,0.2112,0.2176,0.2161,0.2176,
XLMUSDT,static,اختيار,cycle,2022-03-27 04:30:00+00:00,2022-03-27 05:26:00+00:00,0.21638093,0.21731712,0.6188867587757013,142.85714285714286,1,0.2161,0.2176,0.2161,0.2176,
XLMUSDT,static,اختيار,cycle,2022-03-26 00:00:00+00:00,2022-03-27 07:10:00+00:00,0.21147456,0.21881517,4.819202993697478,138.65546218487395,1,0.2112,0.2191,0.2176,0.2191,
XLMUSDT,static,اختيار,cycle,2022-03-27 13:02:00+00:00,2022-03-27 13:05:00+00:00,0.21487898000000002,0.21581907,0.6258088137398328,142.85714285714286,1,0.2146,0.2161,0.2146,0.2161,
XLMUSDT,static,اختيار,cycle,2022-03-27 12:58:00+00:00,2022-03-27 13:12:00+00:00,0.21638093,0.21731712,0.6188867587757013,142.85714285714286,1,0.2161,0.2176,0.2161,0.2176,
XLMUSDT,static,اختيار,cycle,2022-03-27 11:53:00+00:00,2022-03-27 13:23:00+00:00,0.21788288,0.21881517,0.6120601365546234,142.85714285714286,1,0.2176,0.2191,0.2176,0.2191,
XLMUSDT,static,اختيار,cycle,2022-03-26 00:00:00+00:00,2022-03-27 13:50:00+00:00,0.21147456,0.22031322,5.762965377844428,137.7062006911391,1,0.2112,0.2206,0.2191,0.2206,
XLMUSDT,static,اختيار,cycle,2022-03-27 14:17:00+00:00,2022-03-27 14:34:00+00:00,0.21938483,0.22031322,0.6053269870248427,142.85714285714286,1,0.2191,0.2206,0.2191,0.2206,
XLMUSDT,static,اختيار,cycle,2022-08-07 01:00:00+00:00,2022-08-07 02:06:00+00:00,0.12039917285714286,0.12079989857142857,0.4760909044620631,142.85714285714286,1,0.12024285714285714,0.12095714285714286,0.12024285714285714,0.12095714285714286,
XLMUSDT,static,اختيار,cycle,2022-08-07 00:54:00+00:00,2022-08-07 02:55:00+00:00,0.12111438714285716,0.12151325571428571,0.4710860652280075,142.85714285714286,1,0.12095714285714286,0.12167142857142857,0.12095714285714286,0.12167142857142857,
XLMUSDT,static,اختيار,cycle,2022-08-07 04:45:00+00:00,2022-08-07 06:03:00+00:00,0.12111438714285716,0.12151325571428571,0.4710860652280075,142.85714285714286,1,0.12095714285714286,0.12167142857142857,0.12095714285714286,0.12167142857142857,
XLMUSDT,static,اختيار,cycle,2022-08-07 00:00:00+00:00,2022-08-07 06:45:00+00:00,0.12182960142857144,0.12222661285714287,0.4661399889297065,142.85714285714286,1,0.12167142857142857,0.12238571428571429,0.12167142857142857,0.12238571428571429,
XLMUSDT,static,اختيار,cycle,2022-08-07 00:00:00+00:00,2022-08-07 07:38:00+00:00,0.12185821000000001,0.12293997000000001,1.2627057312945034,142.05672931014357,1,0.1217,0.1231,0.12238571428571429,0.1231,
XLMUSDT,static,اختيار,cycle,2023-01-17 00:01:00+00:00,2023-01-17 00:13:00+00:00,0.08749931571428572,0.08791413428571429,0.6781405450851209,142.85714285714286,1,0.08738571428571429,0.08802857142857143,0.08738571428571429,0.08802857142857143,
XLMUSDT,static,اختيار,cycle,2023-01-17 06:56:00+00:00,2023-01-17 07:20:00+00:00,0.08621193,0.08663009142857142,0.6938135532958599,142.85714285714286,1,0.0861,0.08674285714285714,0.0861,0.08674285714285714,
XLMUSDT,static,اختيار,cycle,2023-01-17 01:12:00+00:00,2023-01-17 11:43:00+00:00,0.08685562285714285,0.08728638000000001,0.7094155844156136,142.85714285714286,1,0.08674285714285714,0.0874,0.08674285714285714,0.08738571428571429,
XLMUSDT,static,اختيار,cycle,2023-01-17 00:31:00+00:00,2023-01-17 14:12:00+00:00,0.08749931571428572,0.08791413428571429,0.6781405450851209,142.85714285714286,1,0.08738571428571429,0.08802857142857143,0.08738571428571429,0.08802857142857143,
XLMUSDT,static,اختيار,cycle,2023-01-17 14:30:00+00:00,2023-01-17 15:03:00+00:00,0.08749931571428572,0.08791413428571429,0.6781405450851209,142.85714285714286,1,0.08738571428571429,0.08802857142857143,0.08738571428571429,0.08802857142857143,
XLMUSDT,static,اختيار,cycle,2023-01-17 15:39:00+00:00,2023-01-17 20:33:00+00:00,0.08749931571428572,0.08791413428571429,0.6781405450851209,142.85714285714286,1,0.08738571428571429,0.08802857142857143,0.08738571428571429,0.08802857142857143,
XLMUSDT,static,اختيار,cycle,2023-01-17 23:55:00+00:00,2023-01-18 00:04:00+00:00,0.08621193,0.08663009142857142,0.6938135532958599,142.85714285714286,1,0.0861,0.08674285714285714,0.0861,0.08674285714285714,
XLMUSDT,static,اختيار,cycle,2023-01-17 23:35:00+00:00,2023-01-18 01:06:00+00:00,0.08685562285714285,0.08727211285714287,0.6859189723320478,142.85714285714286,1,0.08674285714285714,0.08738571428571429,0.08674285714285714,0.08738571428571429,
XLMUSDT,static,اختيار,cycle,2023-01-17 21:16:00+00:00,2023-01-18 02:44:00+00:00,0.08749931571428572,0.08791413428571429,0.6781405450851209,142.85714285714286,1,0.08738571428571429,0.08802857142857143,0.08738571428571429,0.08802857142857143,
XLMUSDT,static,اختيار,cycle,2023-01-18 09:07:00+00:00,2023-01-18 09:13:00+00:00,0.08685562285714285,0.08727211285714287,0.6859189723320478,142.85714285714286,1,0.08674285714285714,0.08738571428571429,0.08674285714285714,0.08738571428571429,
XLMUSDT,static,اختيار,cycle,2023-01-18 10:59:00+00:00,2023-01-18 12:16:00+00:00,0.08685562285714285,0.08727211285714287,0.6859189723320478,142.85714285714286,1,0.08674285714285714,0.08738571428571429,0.08674285714285714,0.08738571428571429,
XLMUSDT,static,اختيار,cycle,2023-01-18 08:18:00+00:00,2023-01-18 13:46:00+00:00,0.08749931571428572,0.08791413428571429,0.6781405450851209,142.85714285714286,1,0.08738571428571429,0.08802857142857143,0.08738571428571429,0.08802857142857143,
XLMUSDT,static,اختيار,cycle,2023-01-17 00:00:00+00:00,2023-01-18 14:21:00+00:00,0.08791414000000002,0.08855615571428571,1.0418950248063872,142.48620577734502,1,0.0878,0.08867142857142857,0.08802857142857143,0.08867142857142857,
XLMUSDT,static,اختيار,flatten,2023-01-18 15:53:00+00:00,2023-01-18 16:13:00+00:00,0.08621193,0.0842683086,-3.224857142857163,142.85714285714286,1,0.0861,0.084378,0.0861,0.08674285714285714,
XLMUSDT,static,اختيار,flatten,2023-01-18 15:50:00+00:00,2023-01-18 16:13:00+00:00,0.08685562285714285,0.0842683086,-4.261057735742517,142.85714285714286,1,0.08674285714285714,0.084378,0.08674285714285714,0.08738571428571429,
XLMUSDT,static,اختيار,flatten,2023-01-18 15:48:00+00:00,2023-01-18 16:13:00+00:00,0.08749931571428572,0.0842683086,-5.282012611224011,142.85714285714286,1,0.08738571428571429,0.084378,0.08738571428571429,0.08802857142857143,
XLMUSDT,static,اختيار,flatten,2023-01-18 15:38:00+00:00,2023-01-18 16:13:00+00:00,0.08814300857142858,0.0842683086,-6.288055779663398,142.85714285714286,1,0.08802857142857143,0.084378,0.08802857142857143,0.08867142857142857,
XLMUSDT,static,اختيار,flatten,2023-01-17 00:00:00+00:00,2023-01-18 16:13:00+00:00,0.08791414000000002,0.0842683086,-5.8737415820847785,141.45319800225553,1,0.0878,0.084378,0.08867142857142857,0.08931428571428571,
XLMUSDT,static,اختيار,flatten,2023-01-17 00:00:00+00:00,2023-01-18 16:13:00+00:00,0.08791414000000002,0.0842683086,-5.831464171465166,140.43506078055023,1,0.0878,0.084378,0.08931428571428571,0.08995714285714286,
XLMUSDT,static,اختيار,flatten,2023-01-17 00:00:00+00:00,2023-01-18 16:13:00+00:00,0.08791414000000002,0.0842683086,-5.789791011592856,139.43147530570113,1,0.0878,0.084378,0.08995714285714286,0.0906,
XLMUSDT,static,اختيار,cycle,2023-02-19 00:00:00+00:00,2023-02-19 00:45:00+00:00,0.09183351428571429,0.09218000999999999,0.5397129506007824,142.85714285714286,1,0.0917142857142857,0.0923,0.0917142857142857,0.09224285714285714,
XLMUSDT,static,اختيار,cycle,2023-02-19 03:54:00+00:00,2023-02-19 04:31:00+00:00,0.09130425571428573,0.09159505714285714,0.4555873861372517,142.85714285714286,1,0.09118571428571429,0.0917142857142857,0.09118571428571429,0.0917142857142857,
XLMUSDT,static,اختيار,cycle,2023-02-19 01:19:00+00:00,2023-02-19 05:13:00+00:00,0.09183351428571429,0.09212294142857143,0.4508210947930494,142.85714285714286,1,0.0917142857142857,0.09224285714285714,0.0917142857142857,0.09224285714285714,
XLMUSDT,static,اختيار,cycle,2023-02-19 08:25:00+00:00,2023-02-19 09:00:00+00:00,0.09077499714285714,0.09106717285714286,0.460409256674629,142.85714285714286,1,0.09065714285714285,0.09118571428571429,0.09065714285714285,0.09118571428571429,
XLMUSDT,static,اختيار,cycle,2023-02-19 07:25:00+00:00,2023-02-19 10:18:00+00:00,0.09130425571428573,0.09159505714285714,0.4555873861372517,142.85714285714286,1,0.09118571428571429,0.0917142857142857,0.09118571428571429,0.0917142857142857,
XLMUSDT,static,اختيار,cycle,2023-02-19 05:47:00+00:00,2023-02-19 10:40:00+00:00,0.09183351428571429,0.09212294142857143,0.4508210947930494,142.85714285714286,1,0.0917142857142857,0.09224285714285714,0.0917142857142857,0.09224285714285714,
XLMUSDT,static,اختيار,cycle,2023-02-19 00:00:00+00:00,2023-02-19 12:01:00+00:00,0.09191934000000002,0.0926508257142857,1.1328569216132727,142.17128697537558,1,0.0918,0.09277142857142856,0.09224285714285714,0.09277142857142856,
XLMUSDT,static,اختيار,cycle,2023-02-19 00:00:00+00:00,2023-02-19 14:43:00+00:00,0.09191934000000002,0.09317871,1.9392824145364675,141.36125654450265,1,0.0918,0.0933,0.09277142857142856,0.0933,
XLMUSDT,static,اختيار,cycle,2023-02-19 15:25:00+00:00,2023-02-19 15:26:00+00:00,0.09236277285714287,0.0926508257142857,0.44610942719969,142.85714285714286,1,0.09224285714285714,0.09277142857142856,0.09224285714285714,0.09277142857142856,
XLMUSDT,static,اختيار,cycle,2023-02-19 17:09:00+00:00,2023-02-19 17:15:00+00:00,0.09077499714285714,0.09106717285714286,0.460409256674629,142.85714285714286,1,0.09065714285714285,0.09118571428571429,0.09065714285714285,0.09118571428571429,
XLMUSDT,static,اختيار,cycle,2023-02-19 17:52:00+00:00,2023-02-19 18:15:00+00:00,0.09024573857142858,0.09053928857142857,0.4652876842605637,142.85714285714286,1,0.09012857142857143,0.09065714285714285,0.09012857142857143,0.09065714285714285,
XLMUSDT,static,اختيار,cycle,2023-02-19 17:43:00+00:00,2023-02-19 18:56:00+00:00,0.09077499714285714,0.09106717285714286,0.460409256674629,142.85714285714286,1,0.09065714285714285,0.09118571428571429,0.09065714285714285,0.09118571428571429,
XLMUSDT,static,اختيار,cycle,2023-02-19 20:07:00+00:00,2023-02-19 20:55:00+00:00,0.09024573857142858,0.09053928857142857,0.4652876842605637,142.85714285714286,1,0.09012857142857143,0.09065714285714285,0.09012857142857143,0.09065714285714285,
XLMUSDT,static,اختيار,cycle,2023-02-19 19:37:00+00:00,2023-02-19 21:40:00+00:00,0.09077499714285714,0.09106717285714286,0.460409256674629,142.85714285714286,1,0.09065714285714285,0.09118571428571429,0.09065714285714285,0.09118571428571429,
XLMUSDT,static,اختيار,cycle,2023-02-19 23:43:00+00:00,2023-02-20 00:19:00+00:00,0.09071778000000001,0.09106717285714286,0.550571788753304,142.76709738417904,1,0.0906,0.09118571428571429,0.09065714285714285,0.09118571428571429,
XLMUSDT,static,اختيار,cycle,2023-02-20 01:14:00+00:00,2023-02-20 01:32:00+00:00,0.08971648,0.09001140428571429,0.4702236698250758,142.85714285714286,1,0.0896,0.09012857142857143,0.0896,0.09012857142857143,
XLMUSDT,static,اختيار,cycle,2023-02-20 01:11:00+00:00,2023-02-20 02:31:00+00:00,0.09024573857142858,0.09053928857142857,0.4652876842605637,142.85714285714286,1,0.09012857142857143,0.09065714285714285,0.09012857142857143,0.09065714285714285,
XLMUSDT,static,اختيار,cycle,2023-02-20 00:53:00+00:00,2023-02-20 03:08:00+00:00,0.09077499714285714,0.09106717285714286,0.460409256674629,142.85714285714286,1,0.09065714285714285,0.09118571428571429,0.09065714285714285,0.09118571428571429,
XLMUSDT,static,اختيار,cycle,2023-02-19 16:51:00+00:00,2023-02-20 06:54:00+00:00,0.09130425571428573,0.09159505714285714,0.4555873861372517,142.85714285714286,1,0.09118571428571429,0.0917142857142857,0.09118571428571429,0.0917142857142857,
XLMUSDT,static,اختيار,cycle,2023-02-19 16:47:00+00:00,2023-02-20 09:43:00+00:00,0.09183351428571429,0.09212294142857143,0.4508210947930494,142.85714285714286,1,0.0917142857142857,0.09224285714285714,0.0917142857142857,0.09224285714285714,
XLMUSDT,static,اختيار,cycle,2023-02-19 16:38:00+00:00,2023-02-20 11:02:00+00:00,0.09236277285714287,0.0926508257142857,0.44610942719969,142.85714285714286,1,0.09224285714285714,0.09277142857142856,0.09224285714285714,0.09277142857142856,
XLMUSDT,static,اختيار,cycle,2023-02-20 12:42:00+00:00,2023-02-20 13:52:00+00:00,0.09236277285714287,0.0926508257142857,0.44610942719969,142.85714285714286,1,0.09224285714285714,0.09277142857142856,0.09224285714285714,0.09277142857142856,
XLMUSDT,static,اختيار,cycle,2023-02-19 15:25:00+00:00,2023-02-20 14:08:00+00:00,0.09289203142857143,0.09317871,0.4414514496898209,142.85714285714286,1,0.09277142857142856,0.0933,0.09277142857142856,0.0933,
XLMUSDT,static,اختيار,cycle,2023-02-20 16:05:00+00:00,2023-02-20 16:45:00+00:00,0.09289203142857143,0.09317871,0.4414514496898209,142.85714285714286,1,0.09277142857142856,0.0933,0.09277142857142856,0.0933,
XLMUSDT,static,اختيار,cycle,2023-09-15 00:05:00+00:00,2023-09-15 00:32:00+00:00,0.12042778142857144,0.12065722714285713,0.27253321568558597,142.85714285714286,1,0.12027142857142857,0.12081428571428571,0.12027142857142857,0.12081428571428571,
XLMUSDT,static,اختيار,cycle,2023-09-15 00:00:00+00:00,2023-09-15 01:26:00+00:00,0.12055652,0.12119937857142858,0.7601496646902934,142.36726971739387,1,0.1204,0.12135714285714286,0.12081428571428571,0.12135714285714286,
XLMUSDT,static,اختيار,cycle,2023-09-15 00:00:00+00:00,2023-09-15 02:03:00+00:00,0.12055652,0.12174153,1.3949499705709243,141.7304296645085,1,0.1204,0.1219,0.12135714285714286,0.1219,
XLMUSDT,static,اختيار,cycle,2023-09-15 03:48:00+00:00,2023-09-15 04:21:00+00:00,0.11988421857142857,0.12011507571428572,0.27545298038079435,142.85714285714286,1,0.11972857142857142,0.12027142857142857,0.11972857142857142,0.12027142857142857,
XLMUSDT,static,اختيار,cycle,2023-09-15 03:22:00+00:00,2023-09-15 04:47:00+00:00,0.12042778142857144,0.12065722714285713,0.27253321568558597,142.85714285714286,1,0.12027142857142857,0.12081428571428571,0.12027142857142857,0.12081428571428571,
XLMUSDT,static,اختيار,cycle,2023-09-15 02:53:00+00:00,2023-09-15 04:48:00+00:00,0.1209713442857143,0.12119937857142858,0.26963968985962816,142.85714285714286,1,0.12081428571428571,0.12135714285714286,0.12081428571428571,0.12135714285714286,
XLMUSDT,static,اختيار,cycle,2023-09-15 14:47:00+00:00,2023-09-15 16:34:00+00:00,0.11825353000000001,0.11848862142857142,0.28437332596033305,142.85714285714286,1,0.1181,0.11864285714285713,0.1181,0.11864285714285713,
XLMUSDT,static,اختيار,cycle,2023-09-15 17:57:00+00:00,2023-09-15 19:16:00+00:00,0.11825353000000001,0.11854569000000001,0.35340510463287733,142.85714285714286,1,0.1181,0.1187,0.1181,0.11864285714285713,
XLMUSDT,static,اختيار,cycle,2023-09-15 14:12:00+00:00,2023-09-15 19:46:00+00:00,0.11879709285714286,0.11903077285714286,0.2813726670680313,142.85714285714286,1,0.11864285714285713,0.11918571428571428,0.11864285714285713,0.11918571428571428,
XLMUSDT,static,اختيار,cycle,2023-09-15 12:39:00+00:00,2023-09-15 21:13:00+00:00,0.11934065571428572,0.11957292428571428,0.2783993424770046,142.85714285714286,1,0.11918571428571428,0.11972857142857142,0.11918571428571428,0.11972857142857142,
XLMUSDT,static,اختيار,cycle,2023-09-15 21:27:00+00:00,2023-09-15 22:39:00+00:00,0.11934065571428572,0.11957292428571428,0.2783993424770046,142.85714285714286,1,0.11918571428571428,0.11972857142857142,0.11918571428571428,0.11972857142857142,
XLMUSDT,static,اختيار,cycle,2023-09-15 11:14:00+00:00,2023-09-15 22:49:00+00:00,0.11988421857142857,0.12011507571428572,0.27545298038079435,142.85714285714286,1,0.11972857142857142,0.12027142857142857,0.11972857142857142,0.12027142857142857,
XLMUSDT,static,اختيار,cycle,2023-09-15 06:09:00+00:00,2023-09-15 23:05:00+00:00,0.12042778142857144,0.12065722714285713,0.27253321568558597,142.85714285714286,1,0.12027142857142857,0.12081428571428571,0.12027142857142857,0.12081428571428571,
XLMUSDT,static,اختيار,cycle,2023-09-16 00:43:00+00:00,2023-09-16 01:00:00+00:00,0.11988421857142857,0.12011507571428572,0.27545298038079435,142.85714285714286,1,0.11972857142857142,0.12027142857142857,0.11972857142857142,0.12027142857142857,
XLMUSDT,static,اختيار,cycle,2023-09-15 23:12:00+00:00,2023-09-16 02:10:00+00:00,0.12042778142857144,0.12065722714285713,0.27253321568558597,142.85714285714286,1,0.12027142857142857,0.12081428571428571,0.12027142857142857,0.12081428571428571,
XLMUSDT,static,اختيار,cycle,2023-09-15 05:28:00+00:00,2023-09-16 02:51:00+00:00,0.1209713442857143,0.12119937857142858,0.26963968985962816,142.85714285714286,1,0.12081428571428571,0.12135714285714286,0.12081428571428571,0.12135714285714286,
XLMUSDT,static,اختيار,cycle,2023-09-16 04:03:00+00:00,2023-09-16 04:22:00+00:00,0.11988421857142857,0.12011507571428572,0.27545298038079435,142.85714285714286,1,0.11972857142857142,0.12027142857142857,0.11972857142857142,0.12027142857142857,
XLMUSDT,static,اختيار,cycle,2023-09-16 14:48:00+00:00,2023-09-16 15:33:00+00:00,0.11825353000000001,0.11848862142857142,0.28437332596033305,142.85714285714286,1,0.1181,0.11864285714285713,0.1181,0.11864285714285713,
XLMUSDT,static,اختيار,cycle,2023-09-16 14:28:00+00:00,2023-09-16 17:40:00+00:00,0.11879709285714286,0.11904504,0.29855164702846615,142.85714285714286,1,0.11864285714285713,0.1192,0.11864285714285713,0.11918571428571428,
XLMUSDT,static,اختيار,cycle,2023-09-16 19:12:00+00:00,2023-09-16 22:01:00+00:00,0.11879709285714286,0.11904504,0.29855164702846615,142.85714285714286,1,0.11864285714285713,0.1192,0.11864285714285713,0.11918571428571428,
XLMUSDT,static,اختيار,flatten,2023-09-17 00:29:00+00:00,2023-09-17 20:41:00+00:00,0.11825353000000001,0.1155875406,-3.2248571428571586,142.85714285714286,1,0.1181,0.115738,0.1181,0.11864285714285713,
XLMUSDT,static,اختيار,flatten,2023-09-17 00:10:00+00:00,2023-09-17 20:41:00+00:00,0.11879709285714286,0.1155875406,-3.8646023565838257,142.85714285714286,1,0.11864285714285713,0.115738,0.11864285714285713,0.11918571428571428,
XLMUSDT,static,اختيار,flatten,2023-09-16 08:14:00+00:00,2023-09-17 20:41:00+00:00,0.11934065571428572,0.1155875406,-4.498519854112096,142.85714285714286,1,0.11918571428571428,0.115738,0.11918571428571428,0.11972857142857142,
XLMUSDT,static,اختيار,flatten,2023-09-16 06:35:00+00:00,2023-09-17 20:41:00+00:00,0.11988421857142857,0.1155875406,-5.12668890517668,142.85714285714286,1,0.11972857142857142,0.115738,0.11972857142857142,0.12027142857142857,
XLMUSDT,static,اختيار,flatten,2023-09-16 03:48:00+00:00,2023-09-17 20:41:00+00:00,0.12042778142857144,0.1155875406,-5.749187348344749,142.85714285714286,1,0.12027142857142857,0.115738,0.12027142857142857,0.12081428571428571,
XLMUSDT,static,اختيار,flatten,2023-09-16 03:12:00+00:00,2023-09-17 20:41:00+00:00,0.1209713442857143,0.1155875406,-6.366091623169324,142.85714285714286,1,0.12081428571428571,0.115738,0.12081428571428571,0.12135714285714286,
XLMUSDT,static,اختيار,flatten,2023-09-15 02:09:00+00:00,2023-09-17 20:41:00+00:00,0.12151490714285715,0.1155875406,-6.977476801479872,142.85714285714286,1,0.12135714285714286,0.115738,0.12135714285714286,0.1219,
XLMUSDT,static,اختيار,cycle,2023-11-30 00:00:00+00:00,2023-11-30 00:32:00+00:00,0.11875418,0.11874543,-0.010539629005061205,142.85714285714286,1,0.1186,0.11889999999999999,0.1186,0.11889999999999999,
XLMUSDT,static,اختيار,cycle,2023-11-30 00:37:00+00:00,2023-11-30 00:44:00+00:00,0.11875418,0.11874543,-0.010539629005061205,142.85714285714286,1,0.1186,0.11889999999999999,0.1186,0.11889999999999999,
XLMUSDT,static,اختيار,cycle,2023-11-30 00:00:00+00:00,2023-11-30 00:46:00+00:00,0.11865405,0.11904504,0.4697705154391539,142.37654691817855,1,0.1185,0.1192,0.11889999999999999,0.1192,
XLMUSDT,static,اختيار,cycle,2023-11-30 01:07:00+00:00,2023-11-30 01:10:00+00:00,0.11875418,0.11874543,-0.010539629005061205,142.85714285714286,1,0.1186,0.11889999999999999,0.1186,0.11889999999999999,
XLMUSDT,static,اختيار,cycle,2023-11-30 01:01:00+00:00,2023-11-30 01:17:00+00:00,0.11905457,0.11904504,-0.011450198245817266,142.85714285714286,1,0.11889999999999999,0.1192,0.11889999999999999,0.1192,
XLMUSDT,static,اختيار,cycle,2023-11-30 02:01:00+00:00,2023-11-30 02:26:00+00:00,0.11875418,0.11874543,-0.010539629005061205,142.85714285714286,1,0.1186,0.11889999999999999,0.1186,0.11889999999999999,
XLMUSDT,static,اختيار,cycle,2023-11-30 01:40:00+00:00,2023-11-30 02:40:00+00:00,0.11905457,0.11904504,-0.011450198245817266,142.85714285714286,1,0.11889999999999999,0.1192,0.11889999999999999,0.1192,
XLMUSDT,static,اختيار,cycle,2023-11-30 03:09:00+00:00,2023-11-30 03:17:00+00:00,0.11875418,0.11874543,-0.010539629005061205,142.85714285714286,1,0.1186,0.11889999999999999,0.1186,0.11889999999999999,
XLMUSDT,static,اختيار,cycle,2023-11-30 03:20:00+00:00,2023-11-30 03:36:00+00:00,0.11875418,0.11874543,-0.010539629005061205,142.85714285714286,1,0.1186,0.11889999999999999,0.1186,0.11889999999999999,
XLMUSDT,static,اختيار,cycle,2023-11-30 03:04:00+00:00,2023-11-30 03:49:00+00:00,0.11905457,0.11904504,-0.011450198245817266,142.85714285714286,1,0.11889999999999999,0.1192,0.11889999999999999,0.1192,
XLMUSDT,static,اختيار,cycle,2023-11-30 04:46:00+00:00,2023-11-30 05:06:00+00:00,0.11905457,0.11904504,-0.011450198245817266,142.85714285714286,1,0.11889999999999999,0.1192,0.11889999999999999,0.1192,
XLMUSDT,static,اختيار,cycle,2023-11-30 05:10:00+00:00,2023-11-30 05:33:00+00:00,0.11875418,0.11874543,-0.010539629005061205,142.85714285714286,1,0.1186,0.11889999999999999,0.1186,0.11889999999999999,
XLMUSDT,static,اختيار,cycle,2023-11-30 05:44:00+00:00,2023-11-30 06:13:00+00:00,0.11875418,0.11874543,-0.010539629005061205,142.85714285714286,1,0.1186,0.11889999999999999,0.1186,0.11889999999999999,
XLMUSDT,static,اختيار,cycle,2023-11-30 06:24:00+00:00,2023-11-30 06:34:00+00:00,0.11875418,0.11874543,-0.010539629005061205,142.85714285714286,1,0.1186,0.11889999999999999,0.1186,0.11889999999999999,
XLMUSDT,static,اختيار,cycle,2023-11-30 06:37:00+00:00,2023-11-30 06:59:00+00:00,0.11875418,0.11874543,-0.010539629005061205,142.85714285714286,1,0.1186,0.11889999999999999,0.1186,0.11889999999999999,
XLMUSDT,static,اختيار,cycle,2023-11-30 05:07:00+00:00,2023-11-30 07:04:00+00:00,0.11905457,0.11904504,-0.011450198245817266,142.85714285714286,1,0.11889999999999999,0.1192,0.11889999999999999,0.1192,
XLMUSDT,static,اختيار,cycle,2023-11-30 00:00:00+00:00,2023-11-30 07:22:00+00:00,0.11865405,0.11934465,0.8276605944391173,142.0182166826462,1,0.1185,0.1195,0.1192,0.1195,
XLMUSDT,static,اختيار,cycle,2023-11-30 08:38:00+00:00,2023-11-30 08:44:00+00:00,0.1181534,0.11814620999999999,-0.008704600484283311,142.85714285714286,1,0.118,0.11829999999999999,0.118,0.11829999999999999,
XLMUSDT,static,اختيار,cycle,2023-11-30 08:36:00+00:00,2023-11-30 09:00:00+00:00,0.11845379,0.11844582000000001,-0.009624441492568574,142.85714285714286,1,0.11829999999999999,0.1186,0.11829999999999999,0.1186,
XLMUSDT,static,اختيار,cycle,2023-11-30 09:10:00+00:00,2023-11-30 09:17:00+00:00,0.11845379,0.11844582000000001,-0.009624441492568574,142.85714285714286,1,0.11829999999999999,0.1186,0.11829999999999999,0.1186,
XLMUSDT,static,اختيار,cycle,2023-11-30 08:17:00+00:00,2023-11-30 09:41:00+00:00,0.11875418,0.11874543,-0.010539629005061205,142.85714285714286,1,0.1186,0.11889999999999999,0.1186,0.11889999999999999,
XLMUSDT,static,اختيار,cycle,2023-11-30 10:09:00+00:00,2023-11-30 10:14:00+00:00,0.11875418,0.11874543,-0.010539629005061205,142.85714285714286,1,0.1186,0.11889999999999999,0.1186,0.11889999999999999,
XLMUSDT,static,اختيار,cycle,2023-11-30 08:08:00+00:00,2023-11-30 11:17:00+00:00,0.11905457,0.11904504,-0.011450198245817266,142.85714285714286,1,0.11889999999999999,0.1192,0.11889999999999999,0.1192,
XLMUSDT,static,اختيار,cycle,2023-11-30 07:38:00+00:00,2023-11-30 11:23:00+00:00,0.11935496000000001,0.11934465,-0.01235618408438802,142.85714285714286,1,0.1192,0.1195,0.1192,0.1195,
XLMUSDT,static,اختيار,cycle,2023-11-30 12:16:00+00:00,2023-11-30 12:54:00+00:00,0.11935496000000001,0.11934465,-0.01235618408438802,142.85714285714286,1,0.1192,0.1195,0.1192,0.1195,
XLMUSDT,static,اختيار,cycle,2023-11-30 14:01:00+00:00,2023-11-30 14:11:00+00:00,0.11875418,0.11874543,-0.010539629005061205,142.85714285714286,1,0.1186,0.11889999999999999,0.1186,0.11889999999999999,
XLMUSDT,static,اختيار,cycle,2023-11-30 14:39:00+00:00,2023-11-30 14:40:00+00:00,0.11875418,0.11874543,-0.010539629005061205,142.85714285714286,1,0.1186,0.11889999999999999,0.1186,0.11889999999999999,
XLMUSDT,static,اختيار,cycle,2023-11-30 14:46:00+00:00,2023-11-30 14:52:00+00:00,0.11875418,0.11874543,-0.010539629005061205,142.85714285714286,1,0.1186,0.11889999999999999,0.1186,0.11889999999999999,
XLMUSDT,static,اختيار,cycle,2023-11-30 13:51:00+00:00,2023-11-30 15:03:00+00:00,0.11905457,0.11904504,-0.011450198245817266,142.85714285714286,1,0.11889999999999999,0.1192,0.11889999999999999,0.1192,
XLMUSDT,static,اختيار,cycle,2023-11-30 15:09:00+00:00,2023-11-30 15:14:00+00:00,0.11905457,0.11904504,-0.011450198245817266,142.85714285714286,1,0.11889999999999999,0.1192,0.11889999999999999,0.1192,
XLMUSDT,static,اختيار,cycle,2023-11-30 16:21:00+00:00,2023-11-30 16:23:00+00:00,0.11875418,0.11874543,-0.010539629005061205,142.85714285714286,1,0.1186,0.11889999999999999,0.1186,0.11889999999999999,
XLMUSDT,static,اختيار,cycle,2023-11-30 17:32:00+00:00,2023-11-30 17:48:00+00:00,0.1181534,0.11814620999999999,-0.008704600484283311,142.85714285714286,1,0.118,0.11829999999999999,0.118,0.11829999999999999,
XLMUSDT,static,اختيار,cycle,2023-11-30 17:24:00+00:00,2023-11-30 17:52:00+00:00,0.11845379,0.11844582000000001,-0.009624441492568574,142.85714285714286,1,0.11829999999999999,0.1186,0.11829999999999999,0.1186,
XLMUSDT,static,اختيار,cycle,2023-11-30 16:58:00+00:00,2023-11-30 17:58:00+00:00,0.11875418,0.11874543,-0.010539629005061205,142.85714285714286,1,0.1186,0.11889999999999999,0.1186,0.11889999999999999,
XLMUSDT,static,اختيار,cycle,2023-11-30 19:05:00+00:00,2023-11-30 19:25:00+00:00,0.1181534,0.11814621,-0.00870460048426651,142.85714285714286,1,0.118,0.1183,0.118,0.11829999999999999,
XLMUSDT,static,اختيار,cycle,2023-11-30 18:50:00+00:00,2023-11-30 19:31:00+00:00,0.11845379,0.11844582000000001,-0.009624441492568574,142.85714285714286,1,0.11829999999999999,0.1186,0.11829999999999999,0.1186,
XLMUSDT,static,اختيار,cycle,2023-11-30 19:59:00+00:00,2023-11-30 21:26:00+00:00,0.1181534,0.11814620999999999,-0.008704600484283311,142.85714285714286,1,0.118,0.11829999999999999,0.118,0.11829999999999999,
XLMUSDT,static,اختيار,cycle,2023-11-30 23:03:00+00:00,2023-11-30 23:31:00+00:00,0.1181534,0.11814620999999999,-0.008704600484283311,142.85714285714286,1,0.118,0.11829999999999999,0.118,0.11829999999999999,
XLMUSDT,static,اختيار,cycle,2023-12-01 00:12:00+00:00,2023-12-01 01:17:00+00:00,0.1181534,0.11814620999999999,-0.008704600484283311,142.85714285714286,1,0.118,0.11829999999999999,0.118,0.11829999999999999,
XLMUSDT,static,اختيار,cycle,2023-11-30 19:43:00+00:00,2023-12-01 01:22:00+00:00,0.11845379,0.11844582000000001,-0.009624441492568574,142.85714285714286,1,0.11829999999999999,0.1186,0.11829999999999999,0.1186,
XLMUSDT,static,اختيار,cycle,2023-11-30 18:00:00+00:00,2023-12-01 01:29:00+00:00,0.11875418,0.11874543,-0.010539629005061205,142.85714285714286,1,0.1186,0.11889999999999999,0.1186,0.11889999999999999,
XLMUSDT,static,اختيار,cycle,2023-11-30 15:39:00+00:00,2023-12-01 01:53:00+00:00,0.11905457,0.11904504,-0.011450198245817266,142.85714285714286,1,0.11889999999999999,0.1192,0.11889999999999999,0.1192,
XLMUSDT,static,اختيار,cycle,2023-12-01 02:05:00+00:00,2023-12-01 02:40:00+00:00,0.11905457,0.11904504,-0.011450198245817266,142.85714285714286,1,0.11889999999999999,0.1192,0.11889999999999999,0.1192,
XLMUSDT,static,اختيار,cycle,2023-12-01 07:48:00+00:00,2023-12-01 08:06:00+00:00,0.11905457,0.11904504,-0.011450198245817266,142.85714285714286,1,0.11889999999999999,0.1192,0.11889999999999999,0.1192,
XLMUSDT,static,اختيار,cycle,2023-12-01 08:28:00+00:00,2023-12-01 09:16:00+00:00,0.11905457,0.11904504,-0.011450198245817266,142.85714285714286,1,0.11889999999999999,0.1192,0.11889999999999999,0.1192,
XLMUSDT,static,اختيار,cycle,2023-11-30 13:03:00+00:00,2023-12-01 09:17:00+00:00,0.11935496000000001,0.11934465,-0.01235618408438802,142.85714285714286,1,0.1192,0.1195,0.1192,0.1195,
XLMUSDT,static,اختيار,cycle,2023-12-01 09:29:00+00:00,2023-12-01 09:31:00+00:00,0.11935496000000001,0.11934465,-0.01235618408438802,142.85714285714286,1,0.1192,0.1195,0.1192,0.1195,
XLMUSDT,static,اختيار,cycle,2023-12-01 09:36:00+00:00,2023-12-01 09:50:00+00:00,0.11935496000000001,0.11934465,-0.01235618408438802,142.85714285714286,1,0.1192,0.1195,0.1192,0.1195,
XLMUSDT,static,اختيار,cycle,2023-11-30 00:00:00+00:00,2023-12-01 09:59:00+00:00,0.11865405,0.11964426,1.1837537358039514,141.66168559474,1,0.1185,0.1198,0.1195,0.1198,
XLMUSDT,static,اختيار,cycle,2023-12-01 10:21:00+00:00,2023-12-01 10:30:00+00:00,0.11935496000000001,0.11934465,-0.01235618408438802,142.85714285714286,1,0.1192,0.1195,0.1192,0.1195,
XLMUSDT,static,اختيار,cycle,2023-12-01 10:37:00+00:00,2023-12-01 11:07:00+00:00,0.11935496000000001,0.11934465,-0.01235618408438802,142.85714285714286,1,0.1192,0.1195,0.1192,0.1195,
XLMUSDT,static,اختيار,cycle,2023-12-01 11:20:00+00:00,2023-12-01 11:31:00+00:00,0.11935496000000001,0.11934465,-0.01235618408438802,142.85714285714286,1,0.1192,0.1195,0.1192,0.1195,
XLMUSDT,static,اختيار,cycle,2023-12-01 10:04:00+00:00,2023-12-01 11:59:00+00:00,0.11965535000000001,0.11964426,-0.01325762104005411,142.85714285714286,1,0.1195,0.1198,0.1195,0.1198,
XLMUSDT,static,اختيار,cycle,2023-12-01 12:52:00+00:00,2023-12-01 13:03:00+00:00,0.11905457,0.11904504,-0.011450198245817266,142.85714285714286,1,0.11889999999999999,0.1192,0.11889999999999999,0.1192,
XLMUSDT,static,اختيار,cycle,2023-12-01 12:41:00+00:00,2023-12-01 13:31:00+00:00,0.11935496000000001,0.11934465,-0.01235618408438802,142.85714285714286,1,0.1192,0.1195,0.1192,0.1195,
XLMUSDT,static,اختيار,cycle,2023-12-01 13:37:00+00:00,2023-12-01 13:45:00+00:00,0.11935496000000001,0.11934465,-0.01235618408438802,142.85714285714286,1,0.1192,0.1195,0.1192,0.1195,
XLMUSDT,static,اختيار,cycle,2023-12-01 14:49:00+00:00,2023-12-01 15:20:00+00:00,0.11905457,0.11904504,-0.011450198245817266,142.85714285714286,1,0.11889999999999999,0.1192,0.11889999999999999,0.1192,
XLMUSDT,static,اختيار,cycle,2023-12-01 13:48:00+00:00,2023-12-01 15:48:00+00:00,0.11935496000000001,0.11934465,-0.01235618408438802,142.85714285714286,1,0.1192,0.1195,0.1192,0.1195,
XLMUSDT,static,اختيار,cycle,2023-12-01 16:06:00+00:00,2023-12-01 16:10:00+00:00,0.11935496000000001,0.11934465,-0.01235618408438802,142.85714285714286,1,0.1192,0.1195,0.1192,0.1195,
XLMUSDT,static,اختيار,cycle,2023-12-01 12:09:00+00:00,2023-12-01 16:25:00+00:00,0.11965535000000001,0.11964426,-0.01325762104005411,142.85714285714286,1,0.1195,0.1198,0.1195,0.1198,
XLMUSDT,static,اختيار,cycle,2023-12-01 16:44:00+00:00,2023-12-01 16:49:00+00:00,0.11965535000000001,0.11964426,-0.01325762104005411,142.85714285714286,1,0.1195,0.1198,0.1195,0.1198,
XLMUSDT,static,اختيار,cycle,2023-12-01 17:32:00+00:00,2023-12-01 17:43:00+00:00,0.11935496000000001,0.11934465,-0.01235618408438802,142.85714285714286,1,0.1192,0.1195,0.1192,0.1195,
XLMUSDT,static,اختيار,cycle,2023-12-01 17:47:00+00:00,2023-12-01 17:52:00+00:00,0.11935496000000001,0.11934465,-0.01235618408438802,142.85714285714286,1,0.1192,0.1195,0.1192,0.1195,
XLMUSDT,static,اختيار,cycle,2023-12-01 18:23:00+00:00,2023-12-01 18:27:00+00:00,0.11935496000000001,0.11934465,-0.01235618408438802,142.85714285714286,1,0.1192,0.1195,0.1192,0.1195,
XLMUSDT,static,اختيار,cycle,2023-12-01 19:01:00+00:00,2023-12-01 19:09:00+00:00,0.11935496000000001,0.11934465,-0.01235618408438802,142.85714285714286,1,0.1192,0.1195,0.1192,0.1195,
XLMUSDT,static,اختيار,cycle,2023-12-01 17:04:00+00:00,2023-12-01 19:45:00+00:00,0.11965535000000001,0.11964426,-0.01325762104005411,142.85714285714286,1,0.1195,0.1198,0.1195,0.1198,
XLMUSDT,static,اختيار,cycle,2023-12-01 20:27:00+00:00,2023-12-01 21:15:00+00:00,0.11965535000000001,0.11964426,-0.01325762104005411,142.85714285714286,1,0.1195,0.1198,0.1195,0.1198,
XLMUSDT,static,اختيار,cycle,2023-12-01 21:21:00+00:00,2023-12-01 21:41:00+00:00,0.11965535000000001,0.11964426,-0.01325762104005411,142.85714285714286,1,0.1195,0.1198,0.1195,0.1198,
XLMUSDT,static,اختيار,cycle,2023-12-01 21:56:00+00:00,2023-12-01 22:11:00+00:00,0.11965535000000001,0.11964426,-0.01325762104005411,142.85714285714286,1,0.1195,0.1198,0.1195,0.1198,
XLMUSDT,static,اختيار,cycle,2023-12-01 22:34:00+00:00,2023-12-01 23:22:00+00:00,0.11965535000000001,0.11964426,-0.01325762104005411,142.85714285714286,1,0.1195,0.1198,0.1195,0.1198,
XLMUSDT,static,اختيار,flatten,2023-11-30 00:00:00+00:00,2023-12-01 23:59:00+00:00,0.11865405,0.11964426,1.180789410922973,141.30694013832579,1,0.1185,0.1198,0.1198,0.1201,
XLMUSDT,static,حكم,cycle,2024-02-24 00:00:00+00:00,2024-02-24 00:55:00+00:00,0.11494924000000001,0.11534985,0.4976521739130381,142.6086956521739,1,0.1148,0.1155,0.115,0.1155,
XLMUSDT,static,حكم,cycle,2024-02-24 01:46:00+00:00,2024-02-24 02:21:00+00:00,0.11414820000000002,0.11435115000000001,0.2543233082706684,142.85714285714286,1,0.114,0.1145,0.114,0.1145,
XLMUSDT,static,حكم,cycle,2024-02-24 01:42:00+00:00,2024-02-24 03:09:00+00:00,0.11464885000000001,0.11485050000000001,0.25159076731128843,142.85714285714286,1,0.1145,0.115,0.1145,0.115,
XLMUSDT,static,حكم,cycle,2024-02-24 01:13:00+00:00,2024-02-24 04:13:00+00:00,0.11514950000000002,0.11534985,0.2488819875776249,142.85714285714286,1,0.115,0.1155,0.115,0.1155,
XLMUSDT,static,حكم,cycle,2024-02-24 00:00:00+00:00,2024-02-24 04:35:00+00:00,0.11494924000000001,0.11584920000000001,1.113123067408788,141.99134199134198,1,0.1148,0.116,0.1155,0.116,
XLMUSDT,static,حكم,cycle,2024-02-24 00:00:00+00:00,2024-02-24 05:16:00+00:00,0.11494924000000001,0.11634855000000001,1.7232881773399025,141.3793103448276,1,0.1148,0.1165,0.116,0.1165,
XLMUSDT,static,حكم,cycle,2024-02-24 06:26:00+00:00,2024-02-24 07:42:00+00:00,0.11615080000000001,0.11634855000000001,0.24353448275861642,142.85714285714286,1,0.116,0.1165,0.116,0.1165,
XLMUSDT,static,حكم,cycle,2024-02-24 08:58:00+00:00,2024-02-24 09:07:00+00:00,0.11615080000000001,0.11634855000000001,0.24353448275861642,142.85714285714286,1,0.116,0.1165,0.116,0.1165,
XLMUSDT,static,حكم,cycle,2024-02-24 15:37:00+00:00,2024-02-24 16:06:00+00:00,0.11615080000000001,0.11634855000000001,0.24353448275861642,142.85714285714286,1,0.116,0.1165,0.116,0.1165,
XLMUSDT,static,حكم,cycle,2024-02-25 00:16:00+00:00,2024-02-25 01:02:00+00:00,0.11615080000000001,0.11634855000000001,0.24353448275861642,142.85714285714286,1,0.116,0.1165,0.116,0.1165,
XLMUSDT,static,حكم,cycle,2024-02-25 03:21:00+00:00,2024-02-25 03:41:00+00:00,0.11565015000000002,0.11584920000000001,0.24619666048236521,142.85714285714286,1,0.1155,0.116,0.1155,0.116,
XLMUSDT,static,حكم,cycle,2024-02-25 03:04:00+00:00,2024-02-25 04:16:00+00:00,0.11615080000000001,0.11634855000000001,0.24353448275861642,142.85714285714286,1,0.116,0.1165,0.116,0.1165,
XLMUSDT,static,حكم,cycle,2024-02-25 04:24:00+00:00,2024-02-25 06:25:00+00:00,0.11615080000000001,0.11634855000000001,0.24353448275861642,142.85714285714286,1,0.116,0.1165,0.116,0.1165,
XLMUSDT,static,حكم,cycle,2024-02-25 08:52:00+00:00,2024-02-25 09:26:00+00:00,0.11565015000000002,0.11584920000000001,0.24619666048236521,142.85714285714286,1,0.1155,0.116,0.1155,0.116,
XLMUSDT,static,حكم,cycle,2024-02-25 10:12:00+00:00,2024-02-25 11:06:00+00:00,0.11565015000000002,0.11584920000000001,0.24619666048236521,142.85714285714286,1,0.1155,0.116,0.1155,0.116,
XLMUSDT,static,حكم,cycle,2024-02-25 07:01:00+00:00,2024-02-25 11:34:00+00:00,0.11615080000000001,0.11634855000000001,0.24353448275861642,142.85714285714286,1,0.116,0.1165,0.116,0.1165,
XLMUSDT,static,حكم,cycle,2024-02-25 13:53:00+00:00,2024-02-25 14:37:00+00:00,0.11615080000000001,0.11634855000000001,0.24353448275861642,142.85714285714286,1,0.116,0.1165,0.116,0.1165,
XLMUSDT,static,حكم,cycle,2024-02-25 15:45:00+00:00,2024-02-25 16:13:00+00:00,0.11565015000000002,0.11584920000000001,0.24619666048236521,142.85714285714286,1,0.1155,0.116,0.1155,0.116,
XLMUSDT,static,حكم,cycle,2024-02-25 16:28:00+00:00,2024-02-25 17:22:00+00:00,0.11565015000000002,0.11584920000000001,0.24619666048236521,142.85714285714286,1,0.1155,0.116,0.1155,0.116,
XLMUSDT,static,حكم,cycle,2024-02-25 19:17:00+00:00,2024-02-25 19:26:00+00:00,0.11565015000000002,0.11584920000000001,0.24619666048236521,142.85714285714286,1,0.1155,0.116,0.1155,0.116,
XLMUSDT,static,حكم,cycle,2024-02-25 15:41:00+00:00,2024-02-25 20:13:00+00:00,0.11615080000000001,0.11634855000000001,0.24353448275861642,142.85714285714286,1,0.116,0.1165,0.116,0.1165,
XLMUSDT,static,حكم,cycle,2024-02-25 20:36:00+00:00,2024-02-25 22:24:00+00:00,0.11615080000000001,0.11634855000000001,0.24353448275861642,142.85714285714286,1,0.116,0.1165,0.116,0.1165,
XLMUSDT,static,حكم,cycle,2024-02-26 01:58:00+00:00,2024-02-26 05:03:00+00:00,0.11565015000000002,0.11584920000000001,0.24619666048236521,142.85714285714286,1,0.1155,0.116,0.1155,0.116,
XLMUSDT,static,حكم,cycle,2024-02-26 08:16:00+00:00,2024-02-26 08:18:00+00:00,0.11514950000000002,0.11534985,0.2488819875776249,142.85714285714286,1,0.115,0.1155,0.115,0.1155,
XLMUSDT,static,حكم,cycle,2024-02-26 09:57:00+00:00,2024-02-26 10:01:00+00:00,0.11414820000000002,0.11435115000000001,0.2543233082706684,142.85714285714286,1,0.114,0.1145,0.114,0.1145,
XLMUSDT,static,حكم,cycle,2024-02-26 09:32:00+00:00,2024-02-26 10:49:00+00:00,0.11464885000000001,0.11485050000000001,0.25159076731128843,142.85714285714286,1,0.1145,0.115,0.1145,0.115,
XLMUSDT,static,حكم,cycle,2024-02-26 11:07:00+00:00,2024-02-26 11:18:00+00:00,0.11414820000000002,0.11435115000000001,0.2543233082706684,142.85714285714286,1,0.114,0.1145,0.114,0.1145,
XLMUSDT,static,حكم,cycle,2024-02-26 10:53:00+00:00,2024-02-26 13:11:00+00:00,0.11464885000000001,0.11485050000000001,0.25159076731128843,142.85714285714286,1,0.1145,0.115,0.1145,0.115,
XLMUSDT,static,حكم,cycle,2024-02-26 09:20:00+00:00,2024-02-26 14:33:00+00:00,0.11514950000000002,0.11534985,0.2488819875776249,142.85714285714286,1,0.115,0.1155,0.115,0.1155,
XLMUSDT,static,حكم,cycle,2024-02-26 07:34:00+00:00,2024-02-26 15:17:00+00:00,0.11565015000000002,0.11584920000000001,0.24619666048236521,142.85714285714286,1,0.1155,0.116,0.1155,0.116,
XLMUSDT,static,حكم,cycle,2024-02-26 01:02:00+00:00,2024-02-26 15:28:00+00:00,0.11615080000000001,0.11634855000000001,0.24353448275861642,142.85714285714286,1,0.116,0.1165,0.116,0.1165,
XLMUSDT,static,حكم,cycle,2024-02-26 15:48:00+00:00,2024-02-26 15:59:00+00:00,0.11615080000000001,0.11634855000000001,0.24353448275861642,142.85714285714286,1,0.116,0.1165,0.116,0.1165,
XLMUSDT,static,حكم,cycle,2024-04-11 00:04:00+00:00,2024-04-11 00:58:00+00:00,0.12945378571428576,0.1300878085714286,0.7005777426992715,142.85714285714286,1,0.1292857142857143,0.13025714285714288,0.1292857142857143,0.13025714285714288,
XLMUSDT,static,حكم,cycle,2024-04-11 00:00:00+00:00,2024-04-11 07:09:00+00:00,0.12976848,0.1310579742857143,1.4142293109391482,142.1364334283834,1,0.1296,0.13122857142857144,0.13025714285714288,0.13122857142857144,
XLMUSDT,static,حكم,cycle,2024-04-11 11:42:00+00:00,2024-04-11 12:40:00+00:00,0.12945378571428576,0.1300878085714286,0.7005777426992715,142.85714285714286,1,0.1292857142857143,0.13025714285714288,0.1292857142857143,0.13025714285714288,
XLMUSDT,static,حكم,cycle,2024-04-11 16:38:00+00:00,2024-04-11 17:04:00+00:00,0.1284810942857143,0.1291176428571429,0.7086935776314692,142.85714285714286,1,0.12831428571428571,0.1292857142857143,0.12831428571428571,0.1292857142857143,
XLMUSDT,static,حكم,cycle,2024-04-11 13:40:00+00:00,2024-04-11 20:22:00+00:00,0.12945378571428576,0.1300878085714286,0.7005777426992715,142.85714285714286,1,0.1292857142857143,0.13025714285714288,0.1292857142857143,0.13025714285714288,
XLMUSDT,static,حكم,cycle,2024-04-12 13:46:00+00:00,2024-04-12 14:22:00+00:00,0.12556302000000003,0.12620714571428573,0.7337955277804844,142.85714285714286,1,0.1254,0.12637142857142858,0.1254,0.12637142857142858,
XLMUSDT,static,حكم,flatten,2024-04-12 15:10:00+00:00,2024-04-12 17:25:00+00:00,0.12556302000000003,0.12273224040000003,-3.224857142857142,142.85714285714286,1,0.1254,0.12289200000000002,0.1254,0.12637142857142858,
XLMUSDT,static,حكم,flatten,2024-04-12 13:40:00+00:00,2024-04-12 17:25:00+00:00,0.12653571142857145,0.12273224040000003,-4.2996507218759055,142.85714285714286,1,0.12637142857142858,0.12289200000000002,0.12637142857142858,0.12734285714285715,
XLMUSDT,static,حكم,flatten,2024-04-12 13:06:00+00:00,2024-04-12 17:25:00+00:00,0.12750840285714288,0.12273224040000003,-5.358046283534722,142.85714285714286,1,0.12734285714285715,0.12289200000000002,0.12734285714285715,0.12831428571428571,
XLMUSDT,static,حكم,flatten,2024-04-12 12:40:00+00:00,2024-04-12 17:25:00+00:00,0.1284810942857143,0.12273224040000003,-6.400416261093607,142.85714285714286,1,0.12831428571428571,0.12289200000000002,0.12831428571428571,0.1292857142857143,
XLMUSDT,static,حكم,flatten,2024-04-12 12:14:00+00:00,2024-04-12 17:25:00+00:00,0.12945378571428576,0.12273224040000003,-7.427121894238376,142.85714285714286,1,0.1292857142857143,0.12289200000000002,0.1292857142857143,0.13025714285714288,
XLMUSDT,static,حكم,flatten,2024-04-11 09:53:00+00:00,2024-04-12 17:25:00+00:00,0.13042647714285718,0.12273224040000003,-8.438513646476373,142.85714285714286,1,0.13025714285714288,0.12289200000000002,0.13025714285714288,0.13122857142857144,
XLMUSDT,static,حكم,flatten,2024-04-11 00:00:00+00:00,2024-04-12 17:25:00+00:00,0.12976848,0.12273224040000003,-7.659742651861491,141.08425865447418,1,0.1296,0.12289200000000002,0.13122857142857144,0.1322,
XLMUSDT,static,حكم,flatten,2024-07-18 05:14:00+00:00,2024-07-18 08:38:00+00:00,0.1061378,0.103744956,-3.22485714285715,142.85714285714286,1,0.106,0.10388,0.106,0.10692857142857143,
XLMUSDT,static,حكم,flatten,2024-07-18 04:59:00+00:00,2024-07-18 08:38:00+00:00,0.10706757857142858,0.103744956,-4.439041511594633,142.85714285714286,1,0.10692857142857143,0.10388,0.10692857142857143,0.10785714285714286,
XLMUSDT,static,حكم,flatten,2024-07-18 01:53:00+00:00,2024-07-18 08:38:00+00:00,0.10799735714285716,0.103744956,-5.632319394512795,142.85714285714286,1,0.10785714285714286,0.10388,0.10785714285714286,0.10878571428571429,
XLMUSDT,static,حكم,flatten,2024-07-18 01:12:00+00:00,2024-07-18 08:38:00+00:00,0.10892713571428572,0.103744956,-6.805226151392938,142.85714285714286,1,0.10878571428571429,0.10388,0.10878571428571429,0.10971428571428571,
XLMUSDT,static,حكم,flatten,2024-07-18 01:02:00+00:00,2024-07-18 08:38:00+00:00,0.10985691428571429,0.103744956,-7.958279017857144,142.85714285714286,1,0.10971428571428571,0.10388,0.10971428571428571,0.11064285714285714,
XLMUSDT,static,حكم,flatten,2024-07-18 00:00:00+00:00,2024-07-18 08:38:00+00:00,0.11004287,0.103744956,-8.131586830213044,141.89799870884443,1,0.1099,0.10388,0.11064285714285714,0.11157142857142857,
XLMUSDT,static,حكم,flatten,2024-07-18 00:00:00+00:00,2024-07-18 08:38:00+00:00,0.11004287,0.103744956,-8.063910371318824,140.71702944942382,1,0.1099,0.10388,0.11157142857142857,0.1125,
XLMUSDT,static,حكم,cycle,2024-08-16 01:16:00+00:00,2024-08-16 02:31:00+00:00,0.09516641285714286,0.09546145285714286,0.4434691116789365,142.85714285714286,1,0.09504285714285714,0.09558571428571429,0.09504285714285714,0.09558571428571429,
XLMUSDT,static,حكم,cycle,2024-08-16 03:31:00+00:00,2024-08-16 06:38:00+00:00,0.09516641285714286,0.09546145285714286,0.4434691116789365,142.85714285714286,1,0.09504285714285714,0.09558571428571429,0.09504285714285714,0.09558571428571429,
XLMUSDT,static,حكم,cycle,2024-08-16 12:17:00+00:00,2024-08-16 18:03:00+00:00,0.09462285000000001,0.09491930142857143,0.44815030774212794,142.85714285714286,1,0.0945,0.09504285714285714,0.0945,0.09504285714285714,
XLMUSDT,static,حكم,cycle,2024-08-16 18:10:00+00:00,2024-08-16 18:22:00+00:00,0.09462285000000001,0.09491930142857143,0.44815030774212794,142.85714285714286,1,0.0945,0.09504285714285714,0.0945,0.09504285714285714,
XLMUSDT,static,حكم,cycle,2024-08-16 12:00:00+00:00,2024-08-16 19:50:00+00:00,0.09516641285714286,0.09546145285714286,0.4434691116789365,142.85714285714286,1,0.09504285714285714,0.09558571428571429,0.09504285714285714,0.09558571428571429,
XLMUSDT,static,حكم,cycle,2024-08-17 00:02:00+00:00,2024-08-17 01:34:00+00:00,0.09462285000000001,0.09491930142857143,0.44815030774212794,142.85714285714286,1,0.0945,0.09504285714285714,0.0945,0.09504285714285714,
XLMUSDT,static,حكم,cycle,2024-08-16 21:22:00+00:00,2024-08-17 05:15:00+00:00,0.09516641285714286,0.09546145285714286,0.4434691116789365,142.85714285714286,1,0.09504285714285714,0.09558571428571429,0.09504285714285714,0.09558571428571429,
XLMUSDT,static,حكم,cycle,2024-08-17 07:10:00+00:00,2024-08-17 12:33:00+00:00,0.09516641285714286,0.09546145285714286,0.4434691116789365,142.85714285714286,1,0.09504285714285714,0.09558571428571429,0.09504285714285714,0.09558571428571429,
XLMUSDT,static,حكم,cycle,2024-08-16 00:01:00+00:00,2024-08-17 14:55:00+00:00,0.09570997571428573,0.09600360428571428,0.4388410871746338,142.85714285714286,1,0.09558571428571429,0.09612857142857142,0.09558571428571429,0.09612857142857142,
XLMUSDT,static,حكم,flatten,2024-08-17 20:25:00+00:00,2024-08-17 23:59:00+00:00,0.09570997571428573,0.09547572000000001,-0.350105685675858,142.85714285714286,1,0.09558571428571429,0.0956,0.09558571428571429,0.09612857142857142,
XLMUSDT,static,حكم,flatten,2024-08-16 00:00:00+00:00,2024-08-17 23:59:00+00:00,0.09582441,0.09547572000000001,-0.5181899242086266,142.22024074899687,1,0.0957,0.0956,0.09612857142857142,0.09667142857142857,
XLMUSDT,static,حكم,flatten,2024-08-16 00:00:00+00:00,2024-08-17 23:59:00+00:00,0.09582441,0.09547572000000001,-0.5152800354662108,141.42160484705187,1,0.0957,0.0956,0.09667142857142857,0.09721428571428571,
XLMUSDT,static,حكم,flatten,2024-08-16 00:00:00+00:00,2024-08-17 23:59:00+00:00,0.09582441,0.09547572000000001,-0.5124026451138646,140.63188831741365,1,0.0957,0.0956,0.09721428571428571,0.09775714285714286,
XLMUSDT,static,حكم,flatten,2024-08-16 00:00:00+00:00,2024-08-17 23:59:00+00:00,0.09582441,0.09547572000000001,-0.5095572117492106,139.85094256904864,1,0.0957,0.0956,0.09775714285714286,0.0983,
XLMUSDT,static,حكم,flatten,2024-08-27 08:17:00+00:00,2024-08-27 21:47:00+00:00,0.09662545000000002,0.094447059,-3.224857142857166,142.85714285714286,1,0.0965,0.09457,0.0965,0.09717142857142858,
XLMUSDT,static,حكم,flatten,2024-08-27 00:00:00+00:00,2024-08-27 21:47:00+00:00,0.09722623000000001,0.094447059,-4.085814466333447,142.75213172596295,1,0.0971,0.09457,0.09717142857142858,0.09784285714285715,
XLMUSDT,static,حكم,flatten,2024-08-27 00:00:00+00:00,2024-08-27 21:47:00+00:00,0.09722623000000001,0.094447059,-4.057776317710631,141.77252153599068,1,0.0971,0.09457,0.09784285714285715,0.09851428571428572,
XLMUSDT,static,حكم,flatten,2024-08-27 00:00:00+00:00,2024-08-27 21:47:00+00:00,0.09722623000000001,0.094447059,-4.030120359628786,140.8062645011601,1,0.0971,0.09457,0.09851428571428572,0.09918571428571428,
XLMUSDT,static,حكم,flatten,2024-08-27 00:00:00+00:00,2024-08-27 21:47:00+00:00,0.09722623000000001,0.094447059,-4.002838830476755,139.85308944260407,1,0.0971,0.09457,0.09918571428571428,0.09985714285714285,
XLMUSDT,static,حكم,flatten,2024-08-27 00:00:00+00:00,2024-08-27 21:47:00+00:00,0.09722623000000001,0.094447059,-3.975924177396296,138.91273247496426,1,0.0971,0.09457,0.09985714285714285,0.10052857142857143,
XLMUSDT,static,حكم,flatten,2024-08-27 00:00:00+00:00,2024-08-27 21:47:00+00:00,0.09722623000000001,0.094447059,-3.9493690493108016,137.9849367628251,1,0.0971,0.09457,0.10052857142857143,0.1012,
XLMUSDT,static,حكم,cycle,2024-09-21 00:12:00+00:00,2024-09-21 00:17:00+00:00,0.09589593142857145,0.09593226857142857,0.05420218206611918,142.85714285714286,1,0.09577142857142858,0.09605714285714285,0.09577142857142858,0.09605714285714285,
XLMUSDT,static,حكم,cycle,2024-09-21 00:00:00+00:00,2024-09-21 00:22:00+00:00,0.09618201714285715,0.09621761142857144,0.05293617744539778,142.85714285714286,1,0.09605714285714285,0.09634285714285715,0.09605714285714285,0.09634285714285715,
XLMUSDT,static,حكم,cycle,2024-09-21 00:00:00+00:00,2024-09-21 01:02:00+00:00,0.09622493000000001,0.09650295428571429,0.41225427893575534,142.49703440094902,1,0.0961,0.09662857142857142,0.09634285714285715,0.09662857142857142,
XLMUSDT,static,حكم,cycle,2024-09-21 01:17:00+00:00,2024-09-21 01:28:00+00:00,0.09646810285714287,0.09650295428571429,0.051677681748838786,142.85714285714286,1,0.09634285714285715,0.09662857142857142,0.09634285714285715,0.09662857142857142,
XLMUSDT,static,حكم,cycle,2024-09-21 01:54:00+00:00,2024-09-21 03:04:00+00:00,0.09618201714285715,0.09621761142857144,0.05293617744539778,142.85714285714286,1,0.09605714285714285,0.09634285714285715,0.09605714285714285,0.09634285714285715,
XLMUSDT,static,حكم,cycle,2024-09-21 01:40:00+00:00,2024-09-21 03:24:00+00:00,0.09646810285714287,0.09650295428571429,0.051677681748838786,142.85714285714286,1,0.09634285714285715,0.09662857142857142,0.09634285714285715,0.09662857142857142,
XLMUSDT,static,حكم,cycle,2024-09-21 04:34:00+00:00,2024-09-21 05:15:00+00:00,0.09589593142857145,0.09593226857142857,0.05420218206611918,142.85714285714286,1,0.09577142857142858,0.09605714285714285,0.09577142857142858,0.09605714285714285,
XLMUSDT,static,حكم,cycle,2024-09-21 04:23:00+00:00,2024-09-21 06:14:00+00:00,0.09618201714285715,0.09621761142857144,0.05293617744539778,142.85714285714286,1,0.09605714285714285,0.09634285714285715,0.09605714285714285,0.09634285714285715,
XLMUSDT,static,حكم,cycle,2024-09-21 03:45:00+00:00,2024-09-21 07:14:00+00:00,0.09646810285714287,0.09650295428571429,0.051677681748838786,142.85714285714286,1,0.09634285714285715,0.09662857142857142,0.09634285714285715,0.09662857142857142,
XLMUSDT,static,حكم,cycle,2024-09-21 00:00:00+00:00,2024-09-21 07:46:00+00:00,0.09622493000000001,0.09678829714285715,0.832890512798844,142.07569485511533,1,0.0961,0.09691428571428572,0.09662857142857142,0.09691428571428572,
XLMUSDT,static,حكم,cycle,2024-09-21 00:00:00+00:00,2024-09-21 08:43:00+00:00,0.09622493000000001,0.09707364,1.2510465801886623,141.6568396226415,1,0.0961,0.0972,0.09691428571428572,0.0972,
XLMUSDT,static,حكم,cycle,2024-09-21 10:52:00+00:00,2024-09-21 11:18:00+00:00,0.09675418857142858,0.09678829714285715,0.050426628368681316,142.85714285714286,1,0.09662857142857142,0.09691428571428572,0.09662857142857142,0.09691428571428572,
XLMUSDT,static,حكم,cycle,2024-09-21 10:20:00+00:00,2024-09-21 11:45:00+00:00,0.0970402742857143,0.09707364,0.049182951482469706,142.85714285714286,1,0.09691428571428572,0.0972,0.09691428571428572,0.0972,
XLMUSDT,static,حكم,cycle,2024-09-22 06:48:00+00:00,2024-09-22 07:44:00+00:00,0.09646810285714287,0.09650295428571429,0.051677681748838786,142.85714285714286,1,0.09634285714285715,0.09662857142857142,0.09634285714285715,0.09662857142857142,
XLMUSDT,static,حكم,cycle,2024-09-22 06:35:00+00:00,2024-09-22 08:03:00+00:00,0.09675418857142858,0.09678829714285715,0.050426628368681316,142.85714285714286,1,0.09662857142857142,0.09691428571428572,0.09662857142857142,0.09691428571428572,
XLMUSDT,static,حكم,cycle,2024-09-22 05:14:00+00:00,2024-09-22 08:26:00+00:00,0.0970402742857143,0.09707364,0.049182951482469706,142.85714285714286,1,0.09691428571428572,0.0972,0.09691428571428572,0.0972,
XLMUSDT,static,حكم,cycle,2024-09-22 09:30:00+00:00,2024-09-22 11:22:00+00:00,0.09646810285714287,0.09650295428571429,0.051677681748838786,142.85714285714286,1,0.09634285714285715,0.09662857142857142,0.09634285714285715,0.09662857142857142,
XLMUSDT,static,حكم,cycle,2024-09-22 12:30:00+00:00,2024-09-22 12:53:00+00:00,0.09646810285714287,0.09650295428571429,0.051677681748838786,142.85714285714286,1,0.09634285714285715,0.09662857142857142,0.09634285714285715,0.09662857142857142,
XLMUSDT,static,حكم,cycle,2024-09-22 14:30:00+00:00,2024-09-22 15:33:00+00:00,0.09560984571428573,0.09564692571428572,0.05547576301615035,142.85714285714286,1,0.09548571428571428,0.09577142857142858,0.09548571428571428,0.09577142857142858,
XLMUSDT,static,حكم,cycle,2024-09-22 16:16:00+00:00,2024-09-22 16:22:00+00:00,0.09532376000000002,0.09536158285714286,0.056756988509657456,142.85714285714286,1,0.0952,0.09548571428571428,0.0952,0.09548571428571428,
XLMUSDT,static,حكم,cycle,2024-09-22 16:12:00+00:00,2024-09-22 16:37:00+00:00,0.09560984571428573,0.09564692571428572,0.05547576301615035,142.85714285714286,1,0.09548571428571428,0.09577142857142858,0.09548571428571428,0.09577142857142858,
XLMUSDT,static,حكم,cycle,2024-09-22 13:45:00+00:00,2024-09-22 16:43:00+00:00,0.09589593142857145,0.09593226857142857,0.05420218206611918,142.85714285714286,1,0.09577142857142858,0.09605714285714285,0.09577142857142858,0.09605714285714285,
XLMUSDT,static,حكم,cycle,2024-09-22 19:18:00+00:00,2024-09-22 19:54:00+00:00,0.09589593142857145,0.09593226857142857,0.05420218206611918,142.85714285714286,1,0.09577142857142858,0.09605714285714285,0.09577142857142858,0.09605714285714285,
XLMUSDT,static,حكم,cycle,2024-09-22 13:35:00+00:00,2024-09-22 20:09:00+00:00,0.09618201714285715,0.09621761142857144,0.05293617744539778,142.85714285714286,1,0.09605714285714285,0.09634285714285715,0.09605714285714285,0.09634285714285715,
XLMUSDT,static,حكم,cycle,2024-09-22 22:01:00+00:00,2024-09-22 22:25:00+00:00,0.09532376000000002,0.09536158285714286,0.056756988509657456,142.85714285714286,1,0.0952,0.09548571428571428,0.0952,0.09548571428571428,
XLMUSDT,static,حكم,cycle,2024-09-22 21:58:00+00:00,2024-09-22 22:33:00+00:00,0.09560984571428573,0.09564692571428572,0.05547576301615035,142.85714285714286,1,0.09548571428571428,0.09577142857142858,0.09548571428571428,0.09577142857142858,
XLMUSDT,static,حكم,cycle,2024-09-22 21:56:00+00:00,2024-09-22 22:38:00+00:00,0.09589593142857145,0.09593226857142857,0.05420218206611918,142.85714285714286,1,0.09577142857142858,0.09605714285714285,0.09577142857142858,0.09605714285714285,
XLMUSDT,static,حكم,cycle,2024-09-22 21:37:00+00:00,2024-09-22 22:40:00+00:00,0.09618201714285715,0.09621761142857144,0.05293617744539778,142.85714285714286,1,0.09605714285714285,0.09634285714285715,0.09605714285714285,0.09634285714285715,
XLMUSDT,static,حكم,cycle,2024-09-22 22:46:00+00:00,2024-09-22 22:53:00+00:00,0.09618201714285715,0.09621761142857144,0.05293617744539778,142.85714285714286,1,0.09605714285714285,0.09634285714285715,0.09605714285714285,0.09634285714285715,
XLMUSDT,static,حكم,cycle,2024-09-23 00:14:00+00:00,2024-09-23 00:20:00+00:00,0.09532376000000002,0.09536158285714286,0.056756988509657456,142.85714285714286,1,0.0952,0.09548571428571428,0.0952,0.09548571428571428,
XLMUSDT,static,حكم,cycle,2024-09-23 00:11:00+00:00,2024-09-23 00:25:00+00:00,0.09560984571428573,0.09564692571428572,0.05547576301615035,142.85714285714286,1,0.09548571428571428,0.09577142857142858,0.09548571428571428,0.09577142857142858,
XLMUSDT,static,حكم,cycle,2024-09-23 00:05:00+00:00,2024-09-23 00:36:00+00:00,0.09589593142857145,0.09593226857142857,0.05420218206611918,142.85714285714286,1,0.09577142857142858,0.09605714285714285,0.09577142857142858,0.09605714285714285,
XLMUSDT,static,حكم,cycle,2024-09-22 23:07:00+00:00,2024-09-23 00:51:00+00:00,0.09618201714285715,0.09621761142857144,0.05293617744539778,142.85714285714286,1,0.09605714285714285,0.09634285714285715,0.09605714285714285,0.09634285714285715,
XLMUSDT,static,حكم,cycle,2024-09-23 02:20:00+00:00,2024-09-23 02:54:00+00:00,0.09589593142857145,0.09593226857142857,0.05420218206611918,142.85714285714286,1,0.09577142857142858,0.09605714285714285,0.09577142857142858,0.09605714285714285,
XLMUSDT,static,حكم,cycle,2024-09-23 01:28:00+00:00,2024-09-23 03:08:00+00:00,0.09618201714285715,0.09621761142857144,0.05293617744539778,142.85714285714286,1,0.09605714285714285,0.09634285714285715,0.09605714285714285,0.09634285714285715,
XLMUSDT,static,حكم,cycle,2024-09-22 13:09:00+00:00,2024-09-23 03:26:00+00:00,0.09646810285714287,0.09650295428571429,0.051677681748838786,142.85714285714286,1,0.09634285714285715,0.09662857142857142,0.09634285714285715,0.09662857142857142,
XLMUSDT,static,حكم,cycle,2024-09-23 04:34:00+00:00,2024-09-23 05:41:00+00:00,0.09618201714285715,0.09621761142857144,0.05293617744539778,142.85714285714286,1,0.09605714285714285,0.09634285714285715,0.09605714285714285,0.09634285714285715,
XLMUSDT,static,حكم,cycle,2024-09-23 08:40:00+00:00,2024-09-23 08:50:00+00:00,0.09560984571428573,0.09564692571428572,0.05547576301615035,142.85714285714286,1,0.09548571428571428,0.09577142857142858,0.09548571428571428,0.09577142857142858,
XLMUSDT,static,حكم,cycle,2024-09-23 07:16:00+00:00,2024-09-23 09:16:00+00:00,0.09589593142857145,0.09593226857142857,0.05420218206611918,142.85714285714286,1,0.09577142857142858,0.09605714285714285,0.09577142857142858,0.09605714285714285,
XLMUSDT,static,حكم,cycle,2024-09-23 06:06:00+00:00,2024-09-23 09:35:00+00:00,0.09618201714285715,0.09621761142857144,0.05293617744539778,142.85714285714286,1,0.09605714285714285,0.09634285714285715,0.09605714285714285,0.09634285714285715,
XLMUSDT,static,حكم,cycle,2024-09-23 10:17:00+00:00,2024-09-23 10:27:00+00:00,0.09589593142857145,0.09593226857142857,0.05420218206611918,142.85714285714286,1,0.09577142857142858,0.09605714285714285,0.09577142857142858,0.09605714285714285,
XLMUSDT,static,حكم,cycle,2024-09-23 11:13:00+00:00,2024-09-23 11:37:00+00:00,0.09589593142857145,0.09593226857142857,0.05420218206611918,142.85714285714286,1,0.09577142857142858,0.09605714285714285,0.09577142857142858,0.09605714285714285,
XLMUSDT,static,حكم,cycle,2024-09-23 10:08:00+00:00,2024-09-23 12:30:00+00:00,0.09618201714285715,0.09621761142857144,0.05293617744539778,142.85714285714286,1,0.09605714285714285,0.09634285714285715,0.09605714285714285,0.09634285714285715,
XLMUSDT,static,حكم,cycle,2024-09-23 13:17:00+00:00,2024-09-23 13:26:00+00:00,0.09589593142857145,0.09593226857142857,0.05420218206611918,142.85714285714286,1,0.09577142857142858,0.09605714285714285,0.09577142857142858,0.09605714285714285,
XLMUSDT,static,حكم,cycle,2024-09-23 12:40:00+00:00,2024-09-23 14:10:00+00:00,0.09618201714285715,0.09621761142857144,0.05293617744539778,142.85714285714286,1,0.09605714285714285,0.09634285714285715,0.09605714285714285,0.09634285714285715,
XLMUSDT,static,حكم,cycle,2024-09-23 14:38:00+00:00,2024-09-23 15:24:00+00:00,0.09618201714285715,0.09621761142857144,0.05293617744539778,142.85714285714286,1,0.09605714285714285,0.09634285714285715,0.09605714285714285,0.09634285714285715,
XLMUSDT,static,حكم,cycle,2024-09-23 16:22:00+00:00,2024-09-23 17:31:00+00:00,0.09618201714285715,0.09621761142857144,0.05293617744539778,142.85714285714286,1,0.09605714285714285,0.09634285714285715,0.09605714285714285,0.09634285714285715,
XLMUSDT,static,حكم,cycle,2024-09-23 03:46:00+00:00,2024-09-23 18:39:00+00:00,0.09646810285714287,0.09650295428571429,0.051677681748838786,142.85714285714286,1,0.09634285714285715,0.09662857142857142,0.09634285714285715,0.09662857142857142,
XLMUSDT,static,حكم,cycle,2024-09-23 21:17:00+00:00,2024-09-23 21:56:00+00:00,0.09618201714285715,0.09621761142857144,0.05293617744539778,142.85714285714286,1,0.09605714285714285,0.09634285714285715,0.09605714285714285,0.09634285714285715,
XLMUSDT,static,حكم,cycle,2024-09-23 22:47:00+00:00,2024-09-23 23:46:00+00:00,0.09618201714285715,0.09621761142857144,0.05293617744539778,142.85714285714286,1,0.09605714285714285,0.09634285714285715,0.09605714285714285,0.09634285714285715,
XLMUSDT,static,حكم,cycle,2024-09-24 00:42:00+00:00,2024-09-24 00:43:00+00:00,0.09589593142857145,0.09597507000000001,0.11804679509033952,142.85714285714286,1,0.09577142857142858,0.0961,0.09577142857142858,0.09605714285714285,
XLMUSDT,static,حكم,cycle,2024-09-24 00:54:00+00:00,2024-09-24 01:05:00+00:00,0.09589593142857145,0.09593226857142857,0.05420218206611918,142.85714285714286,1,0.09577142857142858,0.09605714285714285,0.09577142857142858,0.09605714285714285,
XLMUSDT,static,حكم,cycle,2024-09-24 01:33:00+00:00,2024-09-24 01:37:00+00:00,0.09560984571428573,0.09564692571428572,0.05547576301615035,142.85714285714286,1,0.09548571428571428,0.09577142857142858,0.09548571428571428,0.09577142857142858,
XLMUSDT,static,حكم,cycle,2024-09-24 01:24:00+00:00,2024-09-24 02:57:00+00:00,0.09589593142857145,0.09593226857142857,0.05420218206611918,142.85714285714286,1,0.09577142857142858,0.09605714285714285,0.09577142857142858,0.09605714285714285,
XLMUSDT,static,حكم,cycle,2024-09-24 04:54:00+00:00,2024-09-24 05:02:00+00:00,0.09532376000000002,0.09536158285714286,0.056756988509657456,142.85714285714286,1,0.0952,0.09548571428571428,0.0952,0.09548571428571428,
XLMUSDT,static,حكم,cycle,2024-09-24 04:45:00+00:00,2024-09-24 05:31:00+00:00,0.09560984571428573,0.09564692571428572,0.05547576301615035,142.85714285714286,1,0.09548571428571428,0.09577142857142858,0.09548571428571428,0.09577142857142858,
XLMUSDT,static,حكم,cycle,2024-09-24 04:17:00+00:00,2024-09-24 06:18:00+00:00,0.09589593142857145,0.09593226857142857,0.05420218206611918,142.85714285714286,1,0.09577142857142858,0.09605714285714285,0.09577142857142858,0.09605714285714285,
XLMUSDT,static,حكم,cycle,2024-09-24 00:40:00+00:00,2024-09-24 07:20:00+00:00,0.09618201714285715,0.09621761142857144,0.05293617744539778,142.85714285714286,1,0.09605714285714285,0.09634285714285715,0.09605714285714285,0.09634285714285715,
XLMUSDT,static,حكم,cycle,2024-09-24 07:41:00+00:00,2024-09-24 07:45:00+00:00,0.09618201714285715,0.09621761142857144,0.05293617744539778,142.85714285714286,1,0.09605714285714285,0.09634285714285715,0.09605714285714285,0.09634285714285715,
XLMUSDT,static,حكم,cycle,2024-09-23 19:40:00+00:00,2024-09-24 08:55:00+00:00,0.09646810285714287,0.09650295428571429,0.051677681748838786,142.85714285714286,1,0.09634285714285715,0.09662857142857142,0.09634285714285715,0.09662857142857142,
XLMUSDT,static,حكم,cycle,2024-09-24 09:20:00+00:00,2024-09-24 10:23:00+00:00,0.09618201714285715,0.09621761142857144,0.05293617744539778,142.85714285714286,1,0.09605714285714285,0.09634285714285715,0.09605714285714285,0.09634285714285715,
XLMUSDT,static,حكم,cycle,2024-09-24 11:08:00+00:00,2024-09-24 11:34:00+00:00,0.09618201714285715,0.09621761142857144,0.05293617744539778,142.85714285714286,1,0.09605714285714285,0.09634285714285715,0.09605714285714285,0.09634285714285715,
XLMUSDT,static,حكم,cycle,2024-09-24 12:11:00+00:00,2024-09-24 12:24:00+00:00,0.09618201714285715,0.09621761142857144,0.05293617744539778,142.85714285714286,1,0.09605714285714285,0.09634285714285715,0.09605714285714285,0.09634285714285715,
XLMUSDT,static,حكم,cycle,2024-09-24 12:55:00+00:00,2024-09-24 13:13:00+00:00,0.09618201714285715,0.09621761142857144,0.05293617744539778,142.85714285714286,1,0.09605714285714285,0.09634285714285715,0.09605714285714285,0.09634285714285715,
XLMUSDT,static,حكم,cycle,2024-09-24 14:02:00+00:00,2024-09-24 14:08:00+00:00,0.09589593142857145,0.09593226857142857,0.05420218206611918,142.85714285714286,1,0.09577142857142858,0.09605714285714285,0.09577142857142858,0.09605714285714285,
XLMUSDT,static,حكم,cycle,2024-09-24 14:19:00+00:00,2024-09-24 14:21:00+00:00,0.09560984571428573,0.09564692571428572,0.05547576301615035,142.85714285714286,1,0.09548571428571428,0.09577142857142858,0.09548571428571428,0.09577142857142858,
XLMUSDT,static,حكم,cycle,2024-09-24 14:26:00+00:00,2024-09-24 14:46:00+00:00,0.09532376000000002,0.09536158285714286,0.056756988509657456,142.85714285714286,1,0.0952,0.09548571428571428,0.0952,0.09548571428571428,
XLMUSDT,static,حكم,cycle,2024-09-24 14:23:00+00:00,2024-09-24 15:10:00+00:00,0.09560984571428573,0.09564692571428572,0.05547576301615035,142.85714285714286,1,0.09548571428571428,0.09577142857142858,0.09548571428571428,0.09577142857142858,
XLMUSDT,static,حكم,cycle,2024-09-24 15:41:00+00:00,2024-09-24 15:46:00+00:00,0.09532376000000002,0.09536158285714286,0.056756988509657456,142.85714285714286,1,0.0952,0.09548571428571428,0.0952,0.09548571428571428,
XLMUSDT,static,حكم,cycle,2024-09-24 15:59:00+00:00,2024-09-24 16:04:00+00:00,0.09532376000000002,0.09536158285714286,0.056756988509657456,142.85714285714286,1,0.0952,0.09548571428571428,0.0952,0.09548571428571428,
XLMUSDT,static,حكم,cycle,2024-09-24 16:08:00+00:00,2024-09-24 16:19:00+00:00,0.09532376000000002,0.09536158285714286,0.056756988509657456,142.85714285714286,1,0.0952,0.09548571428571428,0.0952,0.09548571428571428,
XLMUSDT,static,حكم,cycle,2024-09-24 16:26:00+00:00,2024-09-24 17:16:00+00:00,0.09532376000000002,0.09536158285714286,0.056756988509657456,142.85714285714286,1,0.0952,0.09548571428571428,0.0952,0.09548571428571428,
XLMUSDT,static,حكم,cycle,2024-09-24 15:26:00+00:00,2024-09-24 17:34:00+00:00,0.09560984571428573,0.09564692571428572,0.05547576301615035,142.85714285714286,1,0.09548571428571428,0.09577142857142858,0.09548571428571428,0.09577142857142858,
XLMUSDT,static,حكم,cycle,2024-09-24 14:11:00+00:00,2024-09-24 17:52:00+00:00,0.09589593142857145,0.09593226857142857,0.05420218206611918,142.85714285714286,1,0.09577142857142858,0.09605714285714285,0.09577142857142858,0.09605714285714285,
XLMUSDT,static,حكم,cycle,2024-09-24 18:10:00+00:00,2024-09-24 19:50:00+00:00,0.09589593142857145,0.09593226857142857,0.05420218206611918,142.85714285714286,1,0.09577142857142858,0.09605714285714285,0.09577142857142858,0.09605714285714285,
XLMUSDT,static,حكم,cycle,2024-09-24 14:00:00+00:00,2024-09-24 21:10:00+00:00,0.09618201714285715,0.09621761142857144,0.05293617744539778,142.85714285714286,1,0.09605714285714285,0.09634285714285715,0.09605714285714285,0.09634285714285715,
XLMUSDT,static,حكم,cycle,2024-09-24 21:24:00+00:00,2024-09-24 21:58:00+00:00,0.09618201714285715,0.09621761142857144,0.05293617744539778,142.85714285714286,1,0.09605714285714285,0.09634285714285715,0.09605714285714285,0.09634285714285715,
XLMUSDT,static,حكم,cycle,2024-09-24 09:10:00+00:00,2024-09-24 22:15:00+00:00,0.09646810285714287,0.09650295428571429,0.051677681748838786,142.85714285714286,1,0.09634285714285715,0.09662857142857142,0.09634285714285715,0.09662857142857142,
XLMUSDT,static,حكم,cycle,2024-09-22 09:08:00+00:00,2024-09-25 00:33:00+00:00,0.09675418857142858,0.09678829714285715,0.050426628368681316,142.85714285714286,1,0.09662857142857142,0.09691428571428572,0.09662857142857142,0.09691428571428572,
XLMUSDT,static,حكم,cycle,2024-09-25 00:53:00+00:00,2024-09-25 01:13:00+00:00,0.09675418857142858,0.09678829714285715,0.050426628368681316,142.85714285714286,1,0.09662857142857142,0.09691428571428572,0.09662857142857142,0.09691428571428572,
XLMUSDT,static,حكم,cycle,2024-09-25 02:01:00+00:00,2024-09-25 02:31:00+00:00,0.09675418857142858,0.09678829714285715,0.050426628368681316,142.85714285714286,1,0.09662857142857142,0.09691428571428572,0.09662857142857142,0.09691428571428572,
XLMUSDT,static,حكم,cycle,2024-09-25 03:35:00+00:00,2024-09-25 03:55:00+00:00,0.09675418857142858,0.09687390000000001,0.17698318830786045,142.85714285714286,1,0.09662857142857142,0.097,0.09662857142857142,0.09691428571428572,
XLMUSDT,static,حكم,cycle,2024-09-25 04:32:00+00:00,2024-09-25 05:39:00+00:00,0.09675418857142858,0.09678829714285715,0.050426628368681316,142.85714285714286,1,0.09662857142857142,0.09691428571428572,0.09662857142857142,0.09691428571428572,
XLMUSDT,static,حكم,cycle,2024-09-25 06:23:00+00:00,2024-09-25 06:52:00+00:00,0.09646810285714287,0.09650295428571429,0.051677681748838786,142.85714285714286,1,0.09634285714285715,0.09662857142857142,0.09634285714285715,0.09662857142857142,
XLMUSDT,static,حكم,cycle,2024-09-25 07:13:00+00:00,2024-09-25 07:31:00+00:00,0.09646810285714287,0.09650295428571429,0.051677681748838786,142.85714285714286,1,0.09634285714285715,0.09662857142857142,0.09634285714285715,0.09662857142857142,
XLMUSDT,static,حكم,cycle,2024-09-25 06:04:00+00:00,2024-09-25 07:41:00+00:00,0.09675418857142858,0.09678829714285715,0.050426628368681316,142.85714285714286,1,0.09662857142857142,0.09691428571428572,0.09662857142857142,0.09691428571428572,
XLMUSDT,static,حكم,cycle,2024-09-25 07:54:00+00:00,2024-09-25 08:04:00+00:00,0.09646810285714287,0.09650295428571429,0.051677681748838786,142.85714285714286,1,0.09634285714285715,0.09662857142857142,0.09634285714285715,0.09662857142857142,
XLMUSDT,static,حكم,cycle,2024-09-25 07:46:00+00:00,2024-09-25 09:03:00+00:00,0.09675418857142858,0.09678829714285715,0.050426628368681316,142.85714285714286,1,0.09662857142857142,0.09691428571428572,0.09662857142857142,0.09691428571428572,
XLMUSDT,static,حكم,cycle,2024-09-22 08:35:00+00:00,2024-09-25 09:13:00+00:00,0.0970402742857143,0.09707364,0.049182951482469706,142.85714285714286,1,0.09691428571428572,0.0972,0.09691428571428572,0.0972,
XLMUSDT,static,حكم,cycle,2024-09-25 10:05:00+00:00,2024-09-25 10:41:00+00:00,0.09646810285714287,0.09650295428571429,0.051677681748838786,142.85714285714286,1,0.09634285714285715,0.09662857142857142,0.09634285714285715,0.09662857142857142,
XLMUSDT,static,حكم,cycle,2024-09-25 11:11:00+00:00,2024-09-25 11:16:00+00:00,0.09618201714285715,0.09621761142857144,0.05293617744539778,142.85714285714286,1,0.09605714285714285,0.09634285714285715,0.09605714285714285,0.09634285714285715,
XLMUSDT,static,حكم,cycle,2024-09-25 11:24:00+00:00,2024-09-25 11:31:00+00:00,0.09618201714285715,0.09621761142857144,0.05293617744539778,142.85714285714286,1,0.09605714285714285,0.09634285714285715,0.09605714285714285,0.09634285714285715,
XLMUSDT,static,حكم,cycle,2024-09-25 10:46:00+00:00,2024-09-25 11:52:00+00:00,0.09646810285714287,0.09650295428571429,0.051677681748838786,142.85714285714286,1,0.09634285714285715,0.09662857142857142,0.09634285714285715,0.09662857142857142,
XLMUSDT,static,حكم,cycle,2024-09-25 09:32:00+00:00,2024-09-25 12:18:00+00:00,0.09675418857142858,0.09678829714285715,0.050426628368681316,142.85714285714286,1,0.09662857142857142,0.09691428571428572,0.09662857142857142,0.09691428571428572,
XLMUSDT,static,حكم,cycle,2024-09-25 13:01:00+00:00,2024-09-25 13:11:00+00:00,0.09646810285714287,0.09650295428571429,0.051677681748838786,142.85714285714286,1,0.09634285714285715,0.09662857142857142,0.09634285714285715,0.09662857142857142,
XLMUSDT,static,حكم,cycle,2024-09-25 13:40:00+00:00,2024-09-25 13:50:00+00:00,0.09646810285714287,0.09650295428571429,0.051677681748838786,142.85714285714286,1,0.09634285714285715,0.09662857142857142,0.09634285714285715,0.09662857142857142,
XLMUSDT,static,حكم,cycle,2024-09-25 12:27:00+00:00,2024-09-25 14:34:00+00:00,0.09675418857142858,0.09678829714285715,0.050426628368681316,142.85714285714286,1,0.09662857142857142,0.09691428571428572,0.09662857142857142,0.09691428571428572,
XLMUSDT,static,حكم,cycle,2024-09-25 09:17:00+00:00,2024-09-25 15:00:00+00:00,0.0970402742857143,0.09707364,0.049182951482469706,142.85714285714286,1,0.09691428571428572,0.0972,0.09691428571428572,0.0972,
XLMUSDT,static,حكم,cycle,2024-09-25 15:55:00+00:00,2024-09-25 16:34:00+00:00,0.09646810285714287,0.09650295428571429,0.051677681748838786,142.85714285714286,1,0.09634285714285715,0.09662857142857142,0.09634285714285715,0.09662857142857142,
XLMUSDT,static,حكم,cycle,2024-09-25 17:27:00+00:00,2024-09-25 20:47:00+00:00,0.09618201714285715,0.09621761142857144,0.05293617744539778,142.85714285714286,1,0.09605714285714285,0.09634285714285715,0.09605714285714285,0.09634285714285715,
XLMUSDT,static,حكم,cycle,2024-09-25 22:14:00+00:00,2024-09-25 22:56:00+00:00,0.09589593142857145,0.09593226857142857,0.05420218206611918,142.85714285714286,1,0.09577142857142858,0.09605714285714285,0.09577142857142858,0.09605714285714285,
XLMUSDT,static,حكم,cycle,2024-09-25 23:23:00+00:00,2024-09-25 23:55:00+00:00,0.09589593142857145,0.09593226857142857,0.05420218206611918,142.85714285714286,1,0.09577142857142858,0.09605714285714285,0.09577142857142858,0.09605714285714285,
XLMUSDT,static,حكم,cycle,2024-09-26 00:48:00+00:00,2024-09-26 02:00:00+00:00,0.09532376000000002,0.09536158285714286,0.056756988509657456,142.85714285714286,1,0.0952,0.09548571428571428,0.0952,0.09548571428571428,
XLMUSDT,static,حكم,cycle,2024-09-26 00:45:00+00:00,2024-09-26 02:48:00+00:00,0.09560984571428573,0.09564692571428572,0.05547576301615035,142.85714285714286,1,0.09548571428571428,0.09577142857142858,0.09548571428571428,0.09577142857142858,
XLMUSDT,static,حكم,cycle,2024-09-26 03:23:00+00:00,2024-09-26 03:43:00+00:00,0.09560984571428573,0.09564692571428572,0.05547576301615035,142.85714285714286,1,0.09548571428571428,0.09577142857142858,0.09548571428571428,0.09577142857142858,
XLMUSDT,static,حكم,cycle,2024-09-26 04:49:00+00:00,2024-09-26 05:08:00+00:00,0.09560984571428573,0.09564692571428572,0.05547576301615035,142.85714285714286,1,0.09548571428571428,0.09577142857142858,0.09548571428571428,0.09577142857142858,
XLMUSDT,static,حكم,cycle,2024-09-26 00:23:00+00:00,2024-09-26 05:29:00+00:00,0.09589593142857145,0.09593226857142857,0.05420218206611918,142.85714285714286,1,0.09577142857142858,0.09605714285714285,0.09577142857142858,0.09605714285714285,
XLMUSDT,static,حكم,cycle,2024-09-25 22:01:00+00:00,2024-09-26 05:43:00+00:00,0.09618201714285715,0.09621761142857144,0.05293617744539778,142.85714285714286,1,0.09605714285714285,0.09634285714285715,0.09605714285714285,0.09634285714285715,
XLMUSDT,static,حكم,cycle,2024-09-26 05:49:00+00:00,2024-09-26 05:58:00+00:00,0.09618201714285715,0.09621761142857144,0.05293617744539778,142.85714285714286,1,0.09605714285714285,0.09634285714285715,0.09605714285714285,0.09634285714285715,
XLMUSDT,static,حكم,cycle,2024-09-26 06:03:00+00:00,2024-09-26 06:14:00+00:00,0.09618201714285715,0.09621761142857144,0.05293617744539778,142.85714285714286,1,0.09605714285714285,0.09634285714285715,0.09605714285714285,0.09634285714285715,
XLMUSDT,static,حكم,cycle,2024-09-25 17:08:00+00:00,2024-09-26 07:21:00+00:00,0.09646810285714287,0.09650295428571429,0.051677681748838786,142.85714285714286,1,0.09634285714285715,0.09662857142857142,0.09634285714285715,0.09662857142857142,
XLMUSDT,static,حكم,cycle,2024-09-25 15:48:00+00:00,2024-09-26 07:34:00+00:00,0.09675418857142858,0.09678829714285715,0.050426628368681316,142.85714285714286,1,0.09662857142857142,0.09691428571428572,0.09662857142857142,0.09691428571428572,
XLMUSDT,static,حكم,cycle,2024-09-25 15:29:00+00:00,2024-09-26 07:49:00+00:00,0.0970402742857143,0.09707364,0.049182951482469706,142.85714285714286,1,0.09691428571428572,0.0972,0.09691428571428572,0.0972,
XLMUSDT,static,حكم,cycle,2024-09-26 08:59:00+00:00,2024-09-26 09:23:00+00:00,0.09675418857142858,0.09687390000000001,0.17698318830786045,142.85714285714286,1,0.09662857142857142,0.097,0.09662857142857142,0.09691428571428572,
XLMUSDT,static,حكم,cycle,2024-09-26 08:40:00+00:00,2024-09-26 09:28:00+00:00,0.0970402742857143,0.09707364,0.049182951482469706,142.85714285714286,1,0.09691428571428572,0.0972,0.09691428571428572,0.0972,
XLMUSDT,static,حكم,cycle,2024-09-26 09:54:00+00:00,2024-09-26 10:02:00+00:00,0.0970402742857143,0.09707364,0.049182951482469706,142.85714285714286,1,0.09691428571428572,0.0972,0.09691428571428572,0.0972,
XLMUSDT,static,حكم,cycle,2024-10-22 00:33:00+00:00,2024-10-22 00:45:00+00:00,0.09482311000000002,0.09499063714285715,0.25271857423009436,142.85714285714286,1,0.0947,0.09511428571428572,0.0947,0.09511428571428572,
XLMUSDT,static,حكم,cycle,2024-10-22 00:31:00+00:00,2024-10-22 00:49:00+00:00,0.0952379342857143,0.0954043842857143,0.2499999999999978,142.85714285714286,1,0.09511428571428572,0.09552857142857143,0.09511428571428572,0.09552857142857143,
XLMUSDT,static,حكم,cycle,2024-10-22 01:38:00+00:00,2024-10-22 01:54:00+00:00,0.0952379342857143,0.0954043842857143,0.2499999999999978,142.85714285714286,1,0.09511428571428572,0.09552857142857143,0.09511428571428572,0.09552857142857143,
XLMUSDT,static,حكم,cycle,2024-10-22 00:00:00+00:00,2024-10-22 04:28:00+00:00,0.09542389,0.09581813142857144,0.5895639727403106,142.51532824884103,1,0.0953,0.09594285714285715,0.09552857142857143,0.09594285714285715,
XLMUSDT,static,حكم,cycle,2024-10-22 00:00:00+00:00,2024-10-22 05:53:00+00:00,0.09542389,0.09623187857142858,1.2030800646643547,141.89994044073853,1,0.0953,0.09635714285714286,0.09594285714285715,0.09635714285714286,
XLMUSDT,static,حكم,cycle,2024-10-22 09:04:00+00:00,2024-10-22 10:28:00+00:00,0.0952379342857143,0.0954043842857143,0.2499999999999978,142.85714285714286,1,0.09511428571428572,0.09552857142857143,0.09511428571428572,0.09552857142857143,
XLMUSDT,static,حكم,cycle,2024-10-22 12:44:00+00:00,2024-10-22 12:54:00+00:00,0.0952379342857143,0.0954043842857143,0.2499999999999978,142.85714285714286,1,0.09511428571428572,0.09552857142857143,0.09511428571428572,0.09552857142857143,
XLMUSDT,static,حكم,cycle,2024-10-22 13:46:00+00:00,2024-10-22 14:08:00+00:00,0.0952379342857143,0.0954043842857143,0.2499999999999978,142.85714285714286,1,0.09511428571428572,0.09552857142857143,0.09511428571428572,0.09552857142857143,
XLMUSDT,static,حكم,cycle,2024-10-22 08:29:00+00:00,2024-10-22 14:11:00+00:00,0.09565275857142859,0.09581813142857144,0.2473050054476651,142.85714285714286,1,0.09552857142857143,0.09594285714285715,0.09552857142857143,0.09594285714285715,
XLMUSDT,static,حكم,cycle,2024-10-22 14:29:00+00:00,2024-10-22 14:34:00+00:00,0.09562415,0.09581813142857144,0.29008737635926135,142.8144160311051,1,0.0955,0.09594285714285715,0.09552857142857143,0.09594285714285715,
XLMUSDT,static,حكم,cycle,2024-10-22 16:20:00+00:00,2024-10-22 19:24:00+00:00,0.0952379342857143,0.0954043842857143,0.2499999999999978,142.85714285714286,1,0.09511428571428572,0.09552857142857143,0.09511428571428572,0.09552857142857143,
XLMUSDT,static,حكم,cycle,2024-10-22 15:19:00+00:00,2024-10-22 20:06:00+00:00,0.09565275857142859,0.09581813142857144,0.2473050054476651,142.85714285714286,1,0.09552857142857143,0.09594285714285715,0.09552857142857143,0.09594285714285715,
XLMUSDT,static,حكم,cycle,2024-10-22 08:02:00+00:00,2024-10-22 20:06:00+00:00,0.09606758285714287,0.09623187857142858,0.2446332851186849,142.85714285714286,1,0.09594285714285715,0.09635714285714286,0.09594285714285715,0.09635714285714286,
XLMUSDT,static,حكم,cycle,2024-10-22 00:00:00+00:00,2024-10-22 20:06:00+00:00,0.09542389,0.09664562571428573,1.81132055490842,141.28984432913268,1,0.0953,0.09677142857142858,0.09635714285714286,0.09677142857142858,
XLMUSDT,static,حكم,cycle,2024-10-22 00:00:00+00:00,2024-10-22 20:06:00+00:00,0.09542389,0.09705937285714286,2.4143531992070626,140.68497195157954,1,0.0953,0.09718571428571429,0.09677142857142858,0.09718571428571429,
XLMUSDT,static,حكم,cycle,2024-10-22 20:08:00+00:00,2024-10-22 20:09:00+00:00,0.09648240714285716,0.09664562571428573,0.24198453881180707,142.85714285714286,1,0.09635714285714286,0.09677142857142858,0.09635714285714286,0.09677142857142858,
XLMUSDT,static,حكم,cycle,2024-10-22 20:10:00+00:00,2024-10-22 20:12:00+00:00,0.09648240714285716,0.09664562571428573,0.24198453881180707,142.85714285714286,1,0.09635714285714286,0.09677142857142858,0.09635714285714286,0.09677142857142858,
XLMUSDT,static,حكم,cycle,2024-10-22 23:18:00+00:00,2024-10-23 06:17:00+00:00,0.0952379342857143,0.0954043842857143,0.2499999999999978,142.85714285714286,1,0.09511428571428572,0.09552857142857143,0.09511428571428572,0.09552857142857143,
XLMUSDT,static,حكم,cycle,2024-10-23 07:41:00+00:00,2024-10-23 08:09:00+00:00,0.0952379342857143,0.0954043842857143,0.2499999999999978,142.85714285714286,1,0.09511428571428572,0.09552857142857143,0.09511428571428572,0.09552857142857143,
XLMUSDT,static,حكم,flatten,2024-10-23 09:10:00+00:00,2024-10-23 18:04:00+00:00,0.09482311000000002,0.0926853522,-3.224857142857165,142.85714285714286,1,0.0947,0.092806,0.0947,0.09511428571428572,
XLMUSDT,static,حكم,flatten,2024-10-23 08:47:00+00:00,2024-10-23 18:04:00+00:00,0.0952379342857143,0.0926853522,-3.833857142857156,142.85714285714286,1,0.09511428571428572,0.092806,0.09511428571428572,0.09552857142857143,
XLMUSDT,static,حكم,flatten,2024-10-22 21:03:00+00:00,2024-10-23 18:04:00+00:00,0.09565275857142859,0.0926853522,-4.437574953534601,142.85714285714286,1,0.09552857142857143,0.092806,0.09552857142857143,0.09594285714285715,
XLMUSDT,static,حكم,flatten,2024-10-22 20:16:00+00:00,2024-10-23 18:04:00+00:00,0.09606758285714287,0.0926853522,-5.036079001106117,142.85714285714286,1,0.09594285714285715,0.092806,0.09594285714285715,0.09635714285714286,
XLMUSDT,static,حكم,flatten,2024-10-22 20:15:00+00:00,2024-10-23 18:04:00+00:00,0.09648240714285716,0.0926853522,-5.629436534999497,142.85714285714286,1,0.09635714285714286,0.092806,0.09635714285714286,0.09677142857142858,
XLMUSDT,static,حكم,flatten,2024-10-22 20:07:00+00:00,2024-10-23 18:04:00+00:00,0.09689723142857144,0.0926853522,-6.217713653043166,142.85714285714286,1,0.09677142857142858,0.092806,0.09677142857142858,0.09718571428571429,
XLMUSDT,static,حكم,flatten,2024-10-22 00:00:00+00:00,2024-10-23 18:04:00+00:00,0.09542389,0.0926853522,-4.025485521093629,140.0852565044833,1,0.0953,0.092806,0.09718571428571429,0.0976,
XLMUSDT,static,حكم,cycle,2024-11-09 02:13:00+00:00,2024-11-09 03:00:00+00:00,0.10085951857142858,0.10111124142857143,0.35700305934314647,142.85714285714286,1,0.10072857142857143,0.10124285714285715,0.10072857142857143,0.10124285714285715,
XLMUSDT,static,حكم,cycle,2024-11-09 00:00:00+00:00,2024-11-09 06:02:00+00:00,0.10137447285714286,0.10162485857142857,0.35330282811585406,142.85714285714286,1,0.10124285714285715,0.10175714285714285,0.10124285714285715,0.10175714285714285,
XLMUSDT,static,حكم,cycle,2024-11-09 07:12:00+00:00,2024-11-09 08:36:00+00:00,0.10085951857142858,0.10111124142857143,0.35700305934314647,142.85714285714286,1,0.10072857142857143,0.10124285714285715,0.10072857142857143,0.10124285714285715,
XLMUSDT,static,حكم,cycle,2024-11-09 08:50:00+00:00,2024-11-09 09:20:00+00:00,0.10085951857142858,0.10111124142857143,0.35700305934314647,142.85714285714286,1,0.10072857142857143,0.10124285714285715,0.10072857142857143,0.10124285714285715,
XLMUSDT,static,حكم,cycle,2024-11-09 09:38:00+00:00,2024-11-09 11:46:00+00:00,0.10085951857142858,0.10111124142857143,0.35700305934314647,142.85714285714286,1,0.10072857142857143,0.10124285714285715,0.10072857142857143,0.10124285714285715,
XLMUSDT,static,حكم,cycle,2024-11-09 13:25:00+00:00,2024-11-09 13:50:00+00:00,0.1003445642857143,0.1005976242857143,0.36074126870990647,142.85714285714286,1,0.10021428571428571,0.10072857142857143,0.10021428571428571,0.10072857142857143,
XLMUSDT,static,حكم,cycle,2024-11-09 14:07:00+00:00,2024-11-09 15:52:00+00:00,0.1003445642857143,0.1005976242857143,0.36074126870990647,142.85714285714286,1,0.10021428571428571,0.10072857142857143,0.10021428571428571,0.10072857142857143,
XLMUSDT,static,حكم,cycle,2024-11-09 17:15:00+00:00,2024-11-09 17:30:00+00:00,0.09982961,0.10008400714285715,0.3645180439277063,142.85714285714286,1,0.0997,0.10021428571428571,0.0997,0.10021428571428571,
XLMUSDT,static,حكم,cycle,2024-11-09 16:18:00+00:00,2024-11-09 19:01:00+00:00,0.1003445642857143,0.1005976242857143,0.36074126870990647,142.85714285714286,1,0.10021428571428571,0.10072857142857143,0.10021428571428571,0.10072857142857143,
XLMUSDT,static,حكم,cycle,2024-11-09 19:37:00+00:00,2024-11-09 20:15:00+00:00,0.1003445642857143,0.1005976242857143,0.36074126870990647,142.85714285714286,1,0.10021428571428571,0.10072857142857143,0.10021428571428571,0.10072857142857143,
XLMUSDT,static,حكم,cycle,2024-11-09 12:53:00+00:00,2024-11-09 22:54:00+00:00,0.10085951857142858,0.10111124142857143,0.35700305934314647,142.85714285714286,1,0.10072857142857143,0.10124285714285715,0.10072857142857143,0.10124285714285715,
XLMUSDT,static,حكم,cycle,2024-11-09 06:36:00+00:00,2024-11-09 23:08:00+00:00,0.10137447285714286,0.10162485857142857,0.35330282811585406,142.85714285714286,1,0.10124285714285715,0.10175714285714285,0.10124285714285715,0.10175714285714285,
XLMUSDT,static,حكم,cycle,2024-11-09 00:00:00+00:00,2024-11-09 23:26:00+00:00,0.10133156,0.10213847571428572,1.1328312709332011,142.07496841218588,1,0.1012,0.10227142857142857,0.10175714285714285,0.10227142857142857,
XLMUSDT,static,حكم,cycle,2024-11-10 00:06:00+00:00,2024-11-10 00:26:00+00:00,0.10188942714285715,0.10213847571428572,0.3496399991977718,142.85714285714286,1,0.10175714285714285,0.10227142857142857,0.10175714285714285,0.10227142857142857,
XLMUSDT,static,حكم,cycle,2024-11-10 00:35:00+00:00,2024-11-10 00:46:00+00:00,0.10188942714285715,0.10213847571428572,0.3496399991977718,142.85714285714286,1,0.10175714285714285,0.10227142857142857,0.10175714285714285,0.10227142857142857,
XLMUSDT,static,حكم,cycle,2024-11-09 00:00:00+00:00,2024-11-10 01:13:00+00:00,0.10133156,0.10265209285714286,1.844577255402788,141.36052521301858,1,0.1012,0.10278571428571429,0.10227142857142857,0.10278571428571429,
XLMUSDT,static,حكم,cycle,2024-11-09 00:00:00+00:00,2024-11-10 01:15:00+00:00,0.10133156,0.10316571000000001,2.549200833912449,140.6532314107019,1,0.1012,0.1033,0.10278571428571429,0.1033,
XLMUSDT,static,حكم,cycle,2024-11-10 01:18:00+00:00,2024-11-10 01:34:00+00:00,0.10240438142857143,0.10265209285714286,0.34601400834114543,142.85714285714286,1,0.10227142857142857,0.10278571428571429,0.10227142857142857,0.10278571428571429,
XLMUSDT,static,حكم,cycle,2024-11-10 01:16:00+00:00,2024-11-10 01:55:00+00:00,0.10291933571428573,0.10316571000000001,0.3424243025910761,142.85714285714286,1,0.10278571428571429,0.1033,0.10278571428571429,0.1033,
XLMUSDT,static,حكم,cycle,2025-04-29 13:16:00+00:00,2025-04-29 13:32:00+00:00,0.27866179,0.2802209528571429,0.800350524687059,142.85714285714286,1,0.2783,0.28058571428571427,0.2783,0.28058571428571427,
XLMUSDT,static,حكم,cycle,2025-04-29 20:19:00+00:00,2025-04-30 02:42:00+00:00,0.27866179,0.2802209528571429,0.800350524687059,142.85714285714286,1,0.2783,0.28058571428571427,0.2783,0.28058571428571427,
XLMUSDT,static,حكم,flatten,2025-04-30 06:41:00+00:00,2025-04-30 12:46:00+00:00,0.27866179,0.2723794458,-3.2248571428571493,142.85714285714286,1,0.2783,0.272734,0.2783,0.28058571428571427,
XLMUSDT,static,حكم,flatten,2025-04-29 02:47:00+00:00,2025-04-30 12:46:00+00:00,0.2809504757142857,0.2723794458,-4.3638459927120365,142.85714285714286,1,0.28058571428571427,0.272734,0.28058571428571427,0.28287142857142855,
XLMUSDT,static,حكم,flatten,2025-04-29 00:00:00+00:00,2025-04-30 12:46:00+00:00,0.28276712,0.2723794458,-5.2460351497399,142.61905964345235,1,0.2824,0.272734,0.28287142857142855,0.28515714285714283,
XLMUSDT,static,حكم,flatten,2025-04-29 00:00:00+00:00,2025-04-30 12:46:00+00:00,0.28276712,0.2723794458,-5.203984870497457,141.47587796202595,1,0.2824,0.272734,0.28515714285714283,0.28744285714285717,
XLMUSDT,static,حكم,flatten,2025-04-29 00:00:00+00:00,2025-04-30 12:46:00+00:00,0.28276712,0.2723794458,-5.162603349734096,140.35087719298244,1,0.2824,0.272734,0.28744285714285717,0.28972857142857145,
XLMUSDT,static,حكم,flatten,2025-04-29 00:00:00+00:00,2025-04-30 12:46:00+00:00,0.28276712,0.2723794458,-5.121874759627224,139.24362704008678,1,0.2824,0.272734,0.28972857142857145,0.2920142857142857,
XLMUSDT,static,حكم,flatten,2025-04-29 00:00:00+00:00,2025-04-30 12:46:00+00:00,0.28276712,0.2723794458,-5.0817837679174085,138.15371067951665,1,0.2824,0.272734,0.2920142857142857,0.2943,
XLMUSDT,static,حكم,cycle,2025-06-02 02:05:00+00:00,2025-06-02 02:30:00+00:00,0.26578793285714286,0.26598234428571427,0.10462915266745926,142.85714285714286,1,0.26544285714285715,0.2663285714285714,0.26544285714285715,0.2663285714285714,
XLMUSDT,static,حكم,cycle,2025-06-02 03:05:00+00:00,2025-06-02 04:29:00+00:00,0.26490106714285716,0.26509778142857143,0.10622295248894231,142.85714285714286,1,0.2645571428571429,0.26544285714285715,0.2645571428571429,0.26544285714285715,
XLMUSDT,static,حكم,cycle,2025-06-02 02:48:00+00:00,2025-06-02 05:09:00+00:00,0.26574502000000005,0.26598234428571427,0.1277241729262221,142.83407782143053,1,0.2654,0.2663285714285714,0.26544285714285715,0.2663285714285714,
XLMUSDT,static,حكم,cycle,2025-06-02 05:34:00+00:00,2025-06-02 06:04:00+00:00,0.26578793285714286,0.26598234428571427,0.10462915266745926,142.85714285714286,1,0.26544285714285715,0.2663285714285714,0.26544285714285715,0.2663285714285714,
XLMUSDT,static,حكم,cycle,2025-06-02 06:11:00+00:00,2025-06-02 06:43:00+00:00,0.26574502000000005,0.26598234428571427,0.1277241729262221,142.83407782143053,1,0.2654,0.2663285714285714,0.26544285714285715,0.2663285714285714,
XLMUSDT,static,حكم,cycle,2025-06-02 01:30:00+00:00,2025-06-02 07:16:00+00:00,0.26667479857142856,0.26686690714285716,0.10304595367086589,142.85714285714286,1,0.2663285714285714,0.26721428571428574,0.2663285714285714,0.26721428571428574,
XLMUSDT,static,حكم,cycle,2025-06-02 07:35:00+00:00,2025-06-02 08:24:00+00:00,0.26667479857142856,0.26686690714285716,0.10304595367086589,142.85714285714286,1,0.2663285714285714,0.26721428571428574,0.2663285714285714,0.26721428571428574,
XLMUSDT,static,حكم,cycle,2025-06-02 10:36:00+00:00,2025-06-02 10:43:00+00:00,0.2640142014285715,0.2642132185714286,0.107827459964828,142.85714285714286,1,0.2636714285714286,0.2645571428571429,0.2636714285714286,0.2645571428571429,
XLMUSDT,static,حكم,cycle,2025-06-02 09:08:00+00:00,2025-06-02 12:42:00+00:00,0.26490106714285716,0.26509778142857143,0.10622295248894231,142.85714285714286,1,0.2645571428571429,0.26544285714285715,0.2645571428571429,0.26544285714285715,
XLMUSDT,static,حكم,cycle,2025-06-02 13:08:00+00:00,2025-06-02 13:32:00+00:00,0.26490106714285716,0.26509778142857143,0.10622295248894231,142.85714285714286,1,0.2645571428571429,0.26544285714285715,0.2645571428571429,0.26544285714285715,
XLMUSDT,static,حكم,cycle,2025-06-02 09:03:00+00:00,2025-06-02 13:36:00+00:00,0.26578793285714286,0.26598234428571427,0.10462915266745926,142.85714285714286,1,0.26544285714285715,0.2663285714285714,0.26544285714285715,0.2663285714285714,
XLMUSDT,static,حكم,cycle,2025-06-02 13:50:00+00:00,2025-06-02 14:22:00+00:00,0.26578793285714286,0.26598234428571427,0.10462915266745926,142.85714285714286,1,0.26544285714285715,0.2663285714285714,0.26544285714285715,0.2663285714285714,
XLMUSDT,static,حكم,cycle,2025-06-02 14:46:00+00:00,2025-06-02 15:25:00+00:00,0.26578793285714286,0.26598234428571427,0.10462915266745926,142.85714285714286,1,0.26544285714285715,0.2663285714285714,0.26544285714285715,0.2663285714285714,
XLMUSDT,static,حكم,cycle,2025-06-02 16:26:00+00:00,2025-06-02 16:54:00+00:00,0.26490106714285716,0.26509778142857143,0.10622295248894231,142.85714285714286,1,0.2645571428571429,0.26544285714285715,0.2645571428571429,0.26544285714285715,
XLMUSDT,static,حكم,cycle,2025-06-02 15:56:00+00:00,2025-06-02 18:21:00+00:00,0.26578793285714286,0.26598234428571427,0.10462915266745926,142.85714285714286,1,0.26544285714285715,0.2663285714285714,0.26544285714285715,0.2663285714285714,
XLMUSDT,static,حكم,cycle,2025-06-02 18:57:00+00:00,2025-06-02 19:05:00+00:00,0.26578793285714286,0.26598234428571427,0.10462915266745926,142.85714285714286,1,0.26544285714285715,0.2663285714285714,0.26544285714285715,0.2663285714285714,
XLMUSDT,static,حكم,cycle,2025-06-02 19:35:00+00:00,2025-06-02 20:01:00+00:00,0.26490106714285716,0.26509778142857143,0.10622295248894231,142.85714285714286,1,0.2645571428571429,0.26544285714285715,0.2645571428571429,0.26544285714285715,
XLMUSDT,static,حكم,cycle,2025-06-02 19:12:00+00:00,2025-06-02 20:06:00+00:00,0.26574502000000005,0.26598234428571427,0.1277241729262221,142.83407782143053,1,0.2654,0.2663285714285714,0.26544285714285715,0.2663285714285714,
XLMUSDT,static,حكم,cycle,2025-06-02 08:44:00+00:00,2025-06-02 20:13:00+00:00,0.26667479857142856,0.26686690714285716,0.10304595367086589,142.85714285714286,1,0.2663285714285714,0.26721428571428574,0.2663285714285714,0.26721428571428574,
XLMUSDT,static,حكم,cycle,2025-06-02 00:00:00+00:00,2025-06-02 20:18:00+00:00,0.2675616642857143,0.26775147,0.10147325008589868,142.85714285714286,1,0.26721428571428574,0.2681,0.26721428571428574,0.2681,
XLMUSDT,static,حكم,cycle,2025-08-31 00:00:00+00:00,2025-08-31 00:53:00+00:00,0.360468,0.36202875,0.6176784866233971,142.47269273389267,1,0.36,0.3625,0.36097142857142855,0.3625,
XLMUSDT,static,حكم,cycle,2025-08-31 07:32:00+00:00,2025-08-31 08:58:00+00:00,0.35991013285714285,0.3605021657142857,0.23529782486502002,142.85714285714286,1,0.3594428571428571,0.36097142857142855,0.3594428571428571,0.36097142857142855,
XLMUSDT,static,حكم,cycle,2025-08-31 10:18:00+00:00,2025-08-31 11:13:00+00:00,0.35837957428571426,0.35897558142857144,0.23788901686644054,142.85714285714286,1,0.3579142857142857,0.3594428571428571,0.3579142857142857,0.3594428571428571,
XLMUSDT,static,حكم,cycle,2025-08-31 14:05:00+00:00,2025-08-31 15:06:00+00:00,0.35837957428571426,0.35903265,0.2606672444662508,142.85714285714286,1,0.3579142857142857,0.3595,0.3579142857142857,0.3594428571428571,
XLMUSDT,static,حكم,cycle,2025-08-31 17:10:00+00:00,2025-08-31 18:37:00+00:00,0.3568490157142858,0.3574489971428571,0.2405024365941062,142.85714285714286,1,0.3563857142857143,0.3579142857142857,0.3563857142857143,0.3579142857142857,
XLMUSDT,static,حكم,cycle,2025-08-31 19:18:00+00:00,2025-08-31 20:13:00+00:00,0.3568490157142858,0.3574489971428571,0.2405024365941062,142.85714285714286,1,0.3563857142857143,0.3579142857142857,0.3563857142857143,0.3579142857142857,
XLMUSDT,static,حكم,cycle,2025-08-31 16:16:00+00:00,2025-08-31 21:40:00+00:00,0.35837957428571426,0.35897558142857144,0.23788901686644054,142.85714285714286,1,0.3579142857142857,0.3594428571428571,0.3579142857142857,0.3594428571428571,
XLMUSDT,static,حكم,cycle,2025-09-01 00:04:00+00:00,2025-09-01 01:46:00+00:00,0.35225734000000003,0.3528692442857143,0.248478959520134,142.85714285714286,1,0.3518,0.35332857142857144,0.3518,0.35332857142857144,
XLMUSDT,static,حكم,flatten,2025-09-01 01:49:00+00:00,2025-09-01 05:17:00+00:00,0.35225734000000003,0.3443158068,-3.2248571428571497,142.85714285714286,1,0.3518,0.344764,0.3518,0.35332857142857144,
XLMUSDT,static,حكم,flatten,2025-08-31 23:28:00+00:00,2025-09-01 05:17:00+00:00,0.3537878985714286,0.3443158068,-3.8297383137624244,142.85714285714286,1,0.35332857142857144,0.344764,0.35332857142857144,0.35485714285714287,
XLMUSDT,static,حكم,flatten,2025-08-31 23:15:00+00:00,2025-09-01 05:17:00+00:00,0.3553184571428572,0.3443158068,-4.42940835058663,142.85714285714286,1,0.35485714285714287,0.344764,0.35485714285714287,0.3563857142857143,
XLMUSDT,static,حكم,flatten,2025-08-31 22:40:00+00:00,2025-09-01 05:17:00+00:00,0.3568490157142858,0.3443158068,-5.023934306443971,142.85714285714286,1,0.3563857142857143,0.344764,0.3563857142857143,0.3579142857142857,
XLMUSDT,static,حكم,flatten,2025-08-31 22:02:00+00:00,2025-09-01 05:17:00+00:00,0.35837957428571426,0.3443158068,-5.613382088973518,142.85714285714286,1,0.3579142857142857,0.344764,0.3579142857142857,0.3594428571428571,
XLMUSDT,static,حكم,flatten,2025-08-31 09:55:00+00:00,2025-09-01 05:17:00+00:00,0.35991013285714285,0.3443158068,-6.197816484695696,142.85714285714286,1,0.3594428571428571,0.344764,0.3594428571428571,0.36097142857142855,
XLMUSDT,static,حكم,flatten,2025-08-31 05:23:00+00:00,2025-09-01 05:17:00+00:00,0.36144069142857144,0.3443158068,-6.777301182749496,142.85714285714286,1,0.36097142857142855,0.344764,0.36097142857142855,0.3625,
XLMUSDT,static,حكم,cycle,2025-09-24 01:02:00+00:00,2025-09-24 01:18:00+00:00,0.36360063857142866,0.36458256857142857,0.3862976513631176,142.85714285714286,1,0.36312857142857147,0.36505714285714286,0.36312857142857147,0.36505714285714286,
XLMUSDT,static,حكم,cycle,2025-09-24 00:00:00+00:00,2025-09-24 01:57:00+00:00,0.36507398,0.3665086328571429,0.5614200740169417,142.67824998043358,1,0.3646,0.3669857142857143,0.36505714285714286,0.3669857142857143,
XLMUSDT,static,حكم,cycle,2025-09-24 03:29:00+00:00,2025-09-24 03:31:00+00:00,0.36166956000000006,0.36265650428571433,0.3903434131127492,142.85714285714286,1,0.3612,0.36312857142857147,0.3612,0.36312857142857147,
XLMUSDT,static,حكم,cycle,2025-09-24 03:48:00+00:00,2025-09-24 04:33:00+00:00,0.36166956000000006,0.36272784,0.4185571903179746,142.85714285714286,1,0.3612,0.3632,0.3612,0.36312857142857147,
XLMUSDT,static,حكم,cycle,2025-09-24 03:21:00+00:00,2025-09-24 05:37:00+00:00,0.36360063857142866,0.36458256857142857,0.3862976513631176,142.85714285714286,1,0.36312857142857147,0.36505714285714286,0.36312857142857147,0.36505714285714286,
XLMUSDT,static,حكم,cycle,2025-09-24 02:13:00+00:00,2025-09-24 06:02:00+00:00,0.36553171714285715,0.3665086328571429,0.38229463656795976,142.85714285714286,1,0.36505714285714286,0.3669857142857143,0.36505714285714286,0.3669857142857143,
XLMUSDT,static,حكم,cycle,2025-09-24 00:00:00+00:00,2025-09-24 08:49:00+00:00,0.36507398,0.36843469714285715,1.308231983672828,141.92845186655765,1,0.3646,0.3689142857142857,0.3669857142857143,0.3689142857142857,
XLMUSDT,static,حكم,cycle,2025-09-24 00:00:00+00:00,2025-09-24 11:15:00+00:00,0.36507398,0.37036076142857144,2.047235683306776,141.18649318463446,1,0.3646,0.37084285714285714,0.3689142857142857,0.37084285714285714,
XLMUSDT,static,حكم,cycle,2025-09-24 13:07:00+00:00,2025-09-24 14:16:00+00:00,0.3693938742857143,0.37036076142857144,0.37441416622411033,142.85714285714286,1,0.3689142857142857,0.37084285714285714,0.3689142857142857,0.37084285714285714,
XLMUSDT,static,حكم,cycle,2025-09-24 00:00:00+00:00,2025-09-24 14:43:00+00:00,0.36507398,0.3722868257142857,2.778552992906373,140.45225162756654,1,0.3646,0.37277142857142853,0.37084285714285714,0.37277142857142853,
XLMUSDT,static,حكم,cycle,2025-09-24 00:00:00+00:00,2025-09-24 14:52:00+00:00,0.36507398,0.37421288999999996,3.5023032114662165,139.72560741933012,1,0.3646,0.3747,0.37277142857142853,0.3747,
XLMUSDT,static,حكم,cycle,2025-09-24 15:07:00+00:00,2025-09-24 15:25:00+00:00,0.37325603142857144,0.37421288999999996,0.36669677758431846,142.85714285714286,1,0.37277142857142853,0.3747,0.37277142857142853,0.3747,
XLMUSDT,static,حكم,cycle,2025-09-25 01:41:00+00:00,2025-09-25 02:06:00+00:00,0.3693938742857143,0.37036076142857144,0.37441416622411033,142.85714285714286,1,0.3689142857142857,0.37084285714285714,0.3689142857142857,0.37084285714285714,
XLMUSDT,static,حكم,cycle,2025-09-25 02:09:00+00:00,2025-09-25 02:32:00+00:00,0.3693938742857143,0.37036076142857144,0.37441416622411033,142.85714285714286,1,0.3689142857142857,0.37084285714285714,0.3689142857142857,0.37084285714285714,
XLMUSDT,static,حكم,cycle,2025-09-25 04:19:00+00:00,2025-09-25 04:26:00+00:00,0.36360063857142866,0.36458256857142857,0.3862976513631176,142.85714285714286,1,0.36312857142857147,0.36505714285714286,0.36312857142857147,0.36505714285714286,
XLMUSDT,static,حكم,cycle,2025-09-25 04:53:00+00:00,2025-09-25 05:07:00+00:00,0.36166956000000006,0.36265650428571433,0.3903434131127492,142.85714285714286,1,0.3612,0.36312857142857147,0.3612,0.36312857142857147,
XLMUSDT,static,حكم,cycle,2025-09-25 04:38:00+00:00,2025-09-25 05:23:00+00:00,0.36360063857142866,0.36458256857142857,0.3862976513631176,142.85714285714286,1,0.36312857142857147,0.36505714285714286,0.36312857142857147,0.36505714285714286,
XLMUSDT,static,حكم,cycle,2025-09-25 06:18:00+00:00,2025-09-25 09:07:00+00:00,0.36166956000000006,0.36265650428571433,0.3903434131127492,142.85714285714286,1,0.3612,0.36312857142857147,0.3612,0.36312857142857147,
XLMUSDT,static,حكم,flatten,2025-09-25 09:52:00+00:00,2025-09-25 12:29:00+00:00,0.36166956000000006,0.3535158312,-3.2248571428571577,142.85714285714286,1,0.3612,0.353976,0.3612,0.36312857142857147,
XLMUSDT,static,حكم,flatten,2025-09-25 05:47:00+00:00,2025-09-25 12:29:00+00:00,0.36360063857142866,0.3535158312,-3.9674288411930596,142.85714285714286,1,0.36312857142857147,0.353976,0.36312857142857147,0.36505714285714286,
XLMUSDT,static,حكم,flatten,2025-09-25 04:13:00+00:00,2025-09-25 12:29:00+00:00,0.36553171714285715,0.3535158312,-4.7021546305303,142.85714285714286,1,0.36505714285714286,0.353976,0.36505714285714286,0.3669857142857143,
XLMUSDT,static,حكم,flatten,2025-09-25 03:23:00+00:00,2025-09-25 12:29:00+00:00,0.36746279571428575,0.3535158312,-5.4291582055688155,142.85714285714286,1,0.3669857142857143,0.353976,0.3669857142857143,0.3689142857142857,
XLMUSDT,static,حكم,flatten,2025-09-25 03:14:00+00:00,2025-09-25 12:29:00+00:00,0.3693938742857143,0.3535158312,-6.148560674455653,142.85714285714286,1,0.3689142857142857,0.353976,0.3689142857142857,0.37084285714285714,
XLMUSDT,static,حكم,flatten,2025-09-25 00:47:00+00:00,2025-09-25 12:29:00+00:00,0.3713249528571429,0.3535158312,-6.860480626042174,142.85714285714286,1,0.37084285714285714,0.353976,0.37084285714285714,0.37277142857142853,
XLMUSDT,static,حكم,flatten,2025-09-25 00:24:00+00:00,2025-09-25 12:29:00+00:00,0.37325603142857144,0.3535158312,-7.565034195053049,142.85714285714286,1,0.37277142857142853,0.353976,0.37277142857142853,0.3747,
XLMUSDT,static,حكم,flatten,2026-07-07 03:43:00+00:00,2026-07-07 14:14:00+00:00,0.19625480000000003,0.191830296,-3.22485714285716,142.85714285714286,1,0.196,0.19208,0.196,0.19765714285714286,
XLMUSDT,static,حكم,flatten,2026-07-07 02:22:00+00:00,2026-07-07 14:14:00+00:00,0.19791409714285715,0.191830296,-4.397080906950811,142.85714285714286,1,0.19765714285714286,0.19208,0.19765714285714286,0.19931428571428572,
XLMUSDT,static,حكم,flatten,2026-07-07 00:09:00+00:00,2026-07-07 14:14:00+00:00,0.1995733942857143,0.191830296,-5.549812418086503,142.85714285714286,1,0.19931428571428572,0.19208,0.19931428571428572,0.20097142857142858,
XLMUSDT,static,حكم,flatten,2026-07-07 00:00:00+00:00,2026-07-07 14:14:00+00:00,0.20036013000000003,0.191830296,-6.0632883139039055,142.23770258743247,1,0.2001,0.19208,0.20097142857142858,0.20262857142857144,
XLMUSDT,static,حكم,flatten,2026-07-07 00:00:00+00:00,2026-07-07 14:14:00+00:00,0.20036013000000003,0.191830296,-6.013701353637912,141.07445008460238,1,0.2001,0.19208,0.20262857142857144,0.2042857142857143,
XLMUSDT,static,حكم,flatten,2026-07-07 00:00:00+00:00,2026-07-07 14:14:00+00:00,0.20036013000000003,0.191830296,-5.964918881118891,139.93006993006992,1,0.2001,0.19208,0.2042857142857143,0.20594285714285715,
XLMUSDT,static,حكم,flatten,2026-07-07 00:00:00+00:00,2026-07-07 14:14:00+00:00,0.20036013000000003,0.191830296,-5.9169214761376345,138.8041065482797,1,0.2001,0.19208,0.20594285714285715,0.2076,
XLMUSDT,static,حكم,cycle,2026-08-25 00:05:00+00:00,2026-08-25 00:08:00+00:00,0.19319368285714286,0.19393327285714287,0.5476010661928122,142.85714285714286,1,0.19294285714285714,0.1941857142857143,0.19294285714285714,0.1941857142857143,
XLMUSDT,static,حكم,cycle,2026-08-25 00:00:00+00:00,2026-08-25 00:43:00+00:00,0.19395181000000003,0.19517451428571428,0.8995102521255417,142.4998160818068,1,0.1937,0.19542857142857142,0.1941857142857143,0.19542857142857142,
XLMUSDT,static,حكم,cycle,2026-08-25 00:00:00+00:00,2026-08-25 00:47:00+00:00,0.19395181000000003,0.19641575571428574,1.8011299081035888,141.59356725146202,1,0.1937,0.19667142857142858,0.19542857142857142,0.19667142857142858,
XLMUSDT,static,حكم,cycle,2026-08-25 00:00:00+00:00,2026-08-25 02:17:00+00:00,0.19395181000000003,0.19765699714285714,2.6913540661415807,140.69877242681775,1,0.1937,0.1979142857142857,0.19667142857142858,0.1979142857142857,
XLMUSDT,static,حكم,cycle,2026-08-25 00:00:00+00:00,2026-08-25 02:20:00+00:00,0.19395181000000003,0.19889823857142858,3.5703974097217746,139.81521582214526,1,0.1937,0.19915714285714287,0.1979142857142857,0.19915714285714287,
XLMUSDT,static,حكم,cycle,2026-08-25 02:50:00+00:00,2026-08-25 03:06:00+00:00,0.1981715742857143,0.19889823857142858,0.5245158695786586,142.85714285714286,1,0.1979142857142857,0.19915714285714287,0.1979142857142857,0.19915714285714287,
XLMUSDT,static,حكم,cycle,2026-08-25 03:49:00+00:00,2026-08-25 05:22:00+00:00,0.1981715742857143,0.19889823857142858,0.5245158695786586,142.85714285714286,1,0.1979142857142857,0.19915714285714287,0.1979142857142857,0.19915714285714287,
XLMUSDT,static,حكم,cycle,2026-08-25 07:51:00+00:00,2026-08-25 07:53:00+00:00,0.19319368285714286,0.19393327285714287,0.5476010661928122,142.85714285714286,1,0.19294285714285714,0.1941857142857143,0.19294285714285714,0.1941857142857143,
XLMUSDT,static,حكم,cycle,2026-08-25 08:04:00+00:00,2026-08-25 08:23:00+00:00,0.19319368285714286,0.19393327285714287,0.5476010661928122,142.85714285714286,1,0.19294285714285714,0.1941857142857143,0.19294285714285714,0.1941857142857143,
XLMUSDT,static,حكم,cycle,2026-08-25 08:54:00+00:00,2026-08-25 09:15:00+00:00,0.19319368285714286,0.19393327285714287,0.5476010661928122,142.85714285714286,1,0.19294285714285714,0.1941857142857143,0.19294285714285714,0.1941857142857143,
XLMUSDT,static,حكم,cycle,2026-08-25 09:53:00+00:00,2026-08-25 10:19:00+00:00,0.19194921000000004,0.19269203142857144,0.5535594519497766,142.85714285714286,1,0.1917,0.19294285714285714,0.1917,0.19294285714285714,
XLMUSDT,static,حكم,cycle,2026-08-25 09:52:00+00:00,2026-08-25 11:08:00+00:00,0.19319368285714286,0.19393327285714287,0.5476010661928122,142.85714285714286,1,0.19294285714285714,0.1941857142857143,0.19294285714285714,0.1941857142857143,
XLMUSDT,static,حكم,cycle,2026-08-25 12:06:00+00:00,2026-08-25 12:51:00+00:00,0.19194921000000004,0.19269203142857144,0.5535594519497766,142.85714285714286,1,0.1917,0.19294285714285714,0.1917,0.19294285714285714,
XLMUSDT,static,حكم,flatten,2026-08-25 13:11:00+00:00,2026-08-25 20:03:00+00:00,0.19194921000000004,0.1876217742,-3.2248571428571644,142.85714285714286,1,0.1917,0.187866,0.1917,0.19294285714285714,
XLMUSDT,static,حكم,flatten,2026-08-25 11:59:00+00:00,2026-08-25 20:03:00+00:00,0.19319368285714286,0.1876217742,-4.125506187726088,142.85714285714286,1,0.19294285714285714,0.187866,0.19294285714285714,0.1941857142857143,
XLMUSDT,static,حكم,flatten,2026-08-25 07:49:00+00:00,2026-08-25 20:03:00+00:00,0.19443815571428574,0.1876217742,-5.014626288741069,142.85714285714286,1,0.1941857142857143,0.187866,0.1941857142857143,0.19542857142857142,
XLMUSDT,static,حكم,flatten,2026-08-25 07:39:00+00:00,2026-08-25 20:03:00+00:00,0.19568262857142857,0.1876217742,-5.892437406015031,142.85714285714286,1,0.19542857142857142,0.187866,0.19542857142857142,0.19667142857142858,
XLMUSDT,static,حكم,flatten,2026-08-25 06:50:00+00:00,2026-08-25 20:03:00+00:00,0.19692710142857145,0.1876217742,-6.759153939544884,142.85714285714286,1,0.19667142857142858,0.187866,0.19667142857142858,0.1979142857142857,
XLMUSDT,static,حكم,flatten,2026-08-25 06:31:00+00:00,2026-08-25 20:03:00+00:00,0.1981715742857143,0.1876217742,-7.61498490379262,142.85714285714286,1,0.1979142857142857,0.187866,0.1979142857142857,0.19915714285714287,
XLMUSDT,static,حكم,flatten,2026-08-25 00:00:00+00:00,2026-08-25 20:03:00+00:00,0.19395181000000003,0.1876217742,-4.540589484255091,138.94268703823255,1,0.1937,0.187866,0.19915714285714287,0.2004,
